Gene.names	logFC_APMS	padj_APMS	logFC_TbID	padj_TbID	significant	Mutant	perturbed	direction
ABCB11	NA	NA	0.621175631366686	0.256740546040862	TbID	BrafG469A	no	-
ACSL4	0.816755558422649	0.00149864100711548	0.996623270754326	0.00067504430201253	congruent	BrafG469A	no	-
ACTBL2	1.30114154595476	0.00248250471427837	0.128143898457207	0.559020984612965	AP-MS	BrafG469A	yes	gain
ACTL8	-0.521073071203553	0.112049219902124	-0.315038839419413	0.0737100455410833	nsig	BrafG469A	no	-
ADAMTS1	1.09403967262371	0.000559242963288184	0.472976457560133	0.00453059746470759	congruent	BrafG469A	yes	gain
ADIPOR2	0.7172830383672	0.0690014226659818	0.907366043190277	0.000649257421324587	TbID	BrafG469A	no	-
ADPRHL1	-0.775581600765128	0.0388649605355205	-1.25429932660444	0.0573185020292899	AP-MS	BrafG469A	no	-
AEN	NA	NA	-0.600215793485939	0.00276631297948218	TbID	BrafG469A	no	-
AIDA	0.937205901387154	0.0472099234320139	0.497708078127237	0.0618109249867214	AP-MS	BrafG469A	no	-
AIP	-0.609958376870071	0.00258391355359038	-0.135269551124555	0.201346655221455	AP-MS	BrafG469A	no	-
AMFR	0.494642484325622	0.0107740319889418	0.860733245395466	0.000618928274127183	congruent	BrafG469A	no	-
ANGPT2	1.94418461945863	0.000851859685672695	2.06152446980582	0.000581238704561969	congruent	BrafG469A	yes	gain
ANKH	NA	NA	-0.193714576832064	0.143432671272093	TbID	BrafG469A	no	-
ANKRD22	NA	NA	2.18912785203719	0.000477348335351694	TbID	BrafG469A	yes	gain
ANXA2	0.738220025563388	0.00163085120355801	0.164093363632094	0.068645052795461	AP-MS	BrafG469A	no	-
AP3M1	-0.355181355627326	0.0281113586838493	-0.50503672527879	0.00245948311196769	congruent	BrafG469A	no	-
APOBEC3B	NA	NA	1.33778366045884	0.000585347753713839	TbID	BrafG469A	yes	gain
ARC	3.08356613117965	0.000189270797652797	3.67206442350043	0.000185016533293718	congruent	BrafG469A	yes	gain
AREG	NA	NA	1.80044464212673	0.00060681348835924	TbID	BrafG469A	yes	gain
ARF1	NA	NA	-0.144895458605902	0.437558765356092	TbID	BrafG469A	no	-
ARF4	0.144492222711651	0.480417888855502	0.210905055518384	0.191654678459939	nsig	BrafG469A	no	-
ARHGAP42	1.05361178542265	0.00127849183856601	0.0976566231645322	0.285199890888329	AP-MS	BrafG469A	yes	gain
ARL6IP1	0.318150289094848	0.259493552962175	0.684281138175474	0.00241448633035987	TbID	BrafG469A	no	-
ARMCX3	-0.646417066246527	0.0283951290183949	0.53956809546629	0.00162787132862726	opposite	BrafG469A	no	-
ASB3	-0.0785078265020132	0.665356496704962	0.543737676084079	0.00208970440040369	TbID	BrafG469A	no	-
ASB6	-0.0634832997038182	0.629721193978867	0.139362687169789	0.202230109952832	nsig	BrafG469A	no	-
ASPHD1	0.757310892225799	0.0647767030684857	2.07763208840856	0.000551370028512907	TbID	BrafG469A	yes	gain
ASPM	0.0492713092488607	0.89240566674766	0.25841250464179	0.11212617180596	nsig	BrafG469A	no	-
ATP6V0A1	0.212682510109944	0.150011977746979	0.622537107054548	0.00827811878506156	TbID	BrafG469A	no	-
ATP6V0D1	0.500240474389902	0.019779326336062	0.569980113626485	0.00720329580792011	congruent	BrafG469A	no	-
ATP6V1C1	0.802151558668157	0.112988479991977	0.317063041633388	0.0102221944448267	TbID	BrafG469A	no	-
ATP9B	-0.560897347022813	0.377298024960008	-0.14916346624201	0.129821843911984	nsig	BrafG469A	no	-
BAG3	1.32889504718309	0.000333451508575244	0.0318218510293392	0.782843114448764	AP-MS	BrafG469A	yes	gain
BAIAP2	0.9961593448455	0.00318884840041824	0.554981370949189	0.00357912872751348	congruent	BrafG469A	no	-
BAMBI	-1.4600551849841	0.0024407892862519	-0.250634148114675	0.343096228978264	AP-MS	BrafG469A	yes	loss
BCKDK	-0.319932837186163	0.0351155034343404	0.511084133993698	0.0307351185470827	opposite	BrafG469A	no	-
BHLHE40	0.830420714841903	0.114823432144997	NA	NA	AP-MS	BrafG469A	no	-
BRAF	-0.227084778564393	0.208258674168424	-0.58493889989455	0.00730325832480678	TbID	BrafG469A	no	-
BTBD1	-0.475618505895141	0.127763528327538	0.406670184700354	0.243445779802203	nsig	BrafG469A	no	-
BTBD6	NA	NA	0.0638381518836058	0.825031896052121	TbID	BrafG469A	no	-
BTBD9	-0.11850408884059	0.69917982024809	0.401242716623183	0.208201089583913	nsig	BrafG469A	no	-
BTG3	-0.184891049039563	0.40660278889227	0.725134972366021	0.00402819083552599	TbID	BrafG469A	no	-
BZW1	0.590977432957329	0.00242032610667877	0.612186919015272	0.00208970440040369	congruent	BrafG469A	no	-
C11orf96	2.50902425880101	0.000504964410881224	2.92742935326138	0.000352559612475028	congruent	BrafG469A	yes	gain
C17orf100	NA	NA	0.12805234827108	0.354759230786286	TbID	BrafG469A	no	-
C2CD4C	1.3992066647715	0.000207239179899673	1.00783469434401	0.000356477187257481	congruent	BrafG469A	yes	gain
C4A;C4B	NA	NA	-0.509358036622139	0.00389519908165209	TbID	BrafG469A	no	-
CALCOCO2	0.0124444931862722	0.970716786631223	0.684006388549981	0.0241128967921715	TbID	BrafG469A	no	-
CAVIN1	1.22633210077066	0.00101474961738062	1.06305267744596	0.00990249930800355	congruent	BrafG469A	yes	gain
CCDC51	-0.888581101734531	0.011435608863662	0.447266018905607	0.0618313137436296	AP-MS	BrafG469A	no	-
CCDC68	0.613492086339617	0.137349518751455	NA	NA	AP-MS	BrafG469A	no	-
CCN1	0.875729502402687	0.0163192284556238	1.12615225020065	0.000551370028512907	congruent	BrafG469A	yes	gain
CCNB2	0.0824554563803501	0.613701520568285	0.578468467980548	0.0014629791394005	TbID	BrafG469A	no	-
CCNB3	NA	NA	2.60955259874636	0.000551370028512907	TbID	BrafG469A	yes	gain
CCSAP	0.339619711828633	0.277818760254208	0.485519569481425	0.0100680743325792	TbID	BrafG469A	no	-
CD44	1.3993035733514	0.0028689501548955	1.8483678821685	0.000837335101525383	congruent	BrafG469A	yes	gain
CD59	-0.328248370190079	0.281836726500968	0.829504742323242	0.0469873032730126	TbID	BrafG469A	no	-
CDC123	-0.0972270765399503	0.723759791112312	-0.255040056010602	0.0139161872441499	TbID	BrafG469A	no	-
CDC37	-0.626507032192012	0.00189864326097183	-1.3190970472175	0.000516692976457628	congruent	BrafG469A	yes	loss
CDC6	0.360379618791252	0.11555227324597	0.769989608020901	0.00287758125226192	TbID	BrafG469A	no	-
CDK17	0.91901158663632	0.000897200275471916	1.05316915034115	0.000516692976457628	congruent	BrafG469A	yes	gain
CDKN1A	2.18533323551673	0.00310899100574093	1.50688074419041	0.000924709343720688	congruent	BrafG469A	yes	gain
CENPI	-0.368458716651066	0.48174305391177	-0.0450162839559397	0.715496497564543	nsig	BrafG469A	no	-
CERS5	0.465443753731352	0.0520526531996308	0.859598152763948	0.00379930021328052	TbID	BrafG469A	no	-
CERS6	0.219081009137168	0.50252826433297	0.599517323294872	0.00748386669109758	TbID	BrafG469A	no	-
CHAF1A	0.0630099762039897	0.565993770888565	-0.301067637554957	0.135120299156058	nsig	BrafG469A	no	-
CHAF1B	0.409321351962479	0.0350306113542622	-0.240395406099158	0.230789725599584	AP-MS	BrafG469A	no	-
CHPF2	0.301930025618422	0.0123694386159334	0.571384023282287	0.00105817304414333	congruent	BrafG469A	no	-
CLK1	0.185379958204075	0.688020719846933	0.809653496643486	0.00684914870323006	TbID	BrafG469A	no	-
CLK3	0.19592901663469	0.588411682451471	0.91718439894199	0.000457448367462239	TbID	BrafG469A	no	-
CLK4	NA	NA	0.48640690317222	0.0355365825717059	TbID	BrafG469A	no	-
CLN8	NA	NA	0.499627187160865	0.035775739581551	TbID	BrafG469A	no	-
CLTB	0.0223862065148671	0.9029514585445	0.348823340178872	0.100164967688227	nsig	BrafG469A	no	-
CLU	0.495716751252282	0.00545141417502009	1.07107795303395	0.000909081378613054	congruent	BrafG469A	yes	gain
CMTR2	0.339105288787171	0.0709787793099743	0.537053552875524	0.00552025174932339	TbID	BrafG469A	no	-
CORO1A	-0.0508320039014791	0.876235178228415	0.646575221183294	0.0150258785604039	TbID	BrafG469A	no	-
CORO2B	0.560506545235252	0.0613660025060957	1.13461406345586	0.00044525380235883	TbID	BrafG469A	yes	gain
CPM	NA	NA	1.22076251047287	0.02016793393573	TbID	BrafG469A	yes	gain
CRABP2	0.170195336798835	0.768665838570157	0.573563554976178	0.0399792351432965	TbID	BrafG469A	no	-
CSNK1G3	0.114068074714542	0.443488946621459	0.533022466395374	0.00911847902961541	TbID	BrafG469A	no	-
CSPG4	2.30449999203421	1.73057422591657e-05	2.42466629067062	0.000781132875036568	congruent	BrafG469A	yes	gain
CSRP1	0.15974319841938	0.65234982944823	-0.0292181459148538	0.890715581428502	nsig	BrafG469A	no	-
CXCR4	1.03278397071345	0.00509770372853342	1.70285163453639	0.000516692976457628	congruent	BrafG469A	yes	gain
CYBA	0.596521163936901	0.0326633038685943	0.593424373075254	0.0118960603505497	congruent	BrafG469A	no	-
CYP51A1	0.48413333262344	0.00759804947494985	0.41614241762399	0.0158140116166069	congruent	BrafG469A	no	-
DAD1	0.901449418238002	0.0664038561167122	0.553290146747212	0.00451553129453648	TbID	BrafG469A	no	-
DCAF15	0.0113958208152041	0.972082663451642	0.540947050533365	0.00157042467045422	TbID	BrafG469A	no	-
DCUN1D3	NA	NA	0.898486440785826	0.00911330395040181	TbID	BrafG469A	no	-
DERL1	0.174188313415643	0.306003797066868	0.461912749144391	0.0158358100192849	TbID	BrafG469A	no	-
DHCR24	-0.0589417937019709	0.620197674065967	0.570931577133651	0.00239546412417252	TbID	BrafG469A	no	-
DHDDS	0.146350846226957	0.399448835813542	0.463207647854325	0.00493050868452044	TbID	BrafG469A	no	-
DHFR2	NA	NA	-0.708990853496851	0.0251004451921339	TbID	BrafG469A	no	-
DKK2	NA	NA	0.543570133730979	0.208237547037348	TbID	BrafG469A	no	-
DNAJA1	0.026759577506446	0.862094217984658	0.356811286280088	0.0050418246422014	TbID	BrafG469A	no	-
DNAJB12	-0.0155179567371403	0.898857896817745	0.667385328788122	0.0013469701942086	TbID	BrafG469A	no	-
DNAJC1	0.524434305175158	0.00242631820204733	0.807973885018939	0.00379930021328052	congruent	BrafG469A	no	-
DNAJC18	0.55869581066143	0.00486233510439335	0.797374611339211	0.000516692976457628	congruent	BrafG469A	no	-
DNAJC30	-0.437818724602731	0.016145945100724	0.358629926482715	0.00876422248549176	opposite	BrafG469A	no	-
DOLK	-0.694827520012599	0.140027497203139	0.354611869212982	0.0511579265837336	nsig	BrafG469A	no	-
DOLPP1	NA	NA	0.56032876410622	0.00894038727475401	TbID	BrafG469A	no	-
DRG2	-0.0210564263153673	0.927064735724804	-0.14957398051885	0.284388398753342	nsig	BrafG469A	no	-
DTWD2	-0.443041524077055	0.0109299233470748	-0.45046950541973	0.00591654259768836	congruent	BrafG469A	no	-
DUSP1	2.10084332450167	0.000559242963288184	2.33312429664792	0.000412243153645913	congruent	BrafG469A	yes	gain
DUSP11	0.0340034668909509	0.873684387866578	0.273753661995176	0.0745167628839816	nsig	BrafG469A	no	-
DUSP5	1.36446325420123	0.00279500743834621	1.17656683465806	0.00785158846686183	congruent	BrafG469A	yes	gain
EDIL3	-0.848133483244643	0.0901013206147982	-0.694008736145989	0.00226158663548612	TbID	BrafG469A	no	-
EEF1B2	0.0272393722662365	0.878081868005599	-0.576956729013486	0.0200198084009303	TbID	BrafG469A	no	-
EEF1D	0.222819585999687	0.0780348188576532	-0.322499806177435	0.191514944027114	nsig	BrafG469A	no	-
EEF1G	0.155805680192029	0.224982761790895	-0.206117616674444	0.281784787525876	nsig	BrafG469A	no	-
EEF2KMT	-0.788670409851547	0.122335752666357	NA	NA	AP-MS	BrafG469A	no	-
EGFLAM	-0.5821659235796	0.00278980016952954	-0.194215672848311	0.282978794106263	AP-MS	BrafG469A	no	-
EGR1	3.55819949684123	0.000171918400938634	2.92704693242362	0.00170333602241583	congruent	BrafG469A	yes	gain
EHD4	0.499641196495444	0.00936773432929705	0.372021471089802	0.00651856590744872	congruent	BrafG469A	no	-
EID2	-0.550264882955808	0.0800115513976634	-0.513572874877073	0.0281249754829196	TbID	BrafG469A	no	-
EIF3L	0.0604535815146777	0.681248924898195	0.36273271793798	0.0109927486639562	TbID	BrafG469A	no	-
ELFN2	0.86404443720446	0.0464990606827573	1.39347340872047	0.00074743240639187	congruent	BrafG469A	yes	gain
ELOVL1	0.0389488174394278	0.942759604842973	0.470915735840176	0.00384658157013002	TbID	BrafG469A	no	-
ELOVL7	NA	NA	0.450034794534189	0.00959590267744803	TbID	BrafG469A	no	-
EMC6	0.591636394416402	0.0834740019255592	0.808444163106984	0.0012276523172395	TbID	BrafG469A	no	-
EMILIN2	-0.109019080897439	0.794605085931132	-0.0491716312939705	0.621055931251779	nsig	BrafG469A	no	-
ENC1	1.0266255266872	0.0013129151587232	0.742854040379695	0.000809297336735283	congruent	BrafG469A	yes	gain
EPCAM	0.535875658406955	0.00633101349223667	0.669225998721814	0.00984468169292698	congruent	BrafG469A	no	-
EPHA2	1.31978845441016	0.000590963845336498	1.2318938193407	0.000875288325105299	congruent	BrafG469A	yes	gain
EPHX4	0.574448446560255	0.00742256863750442	0.924318138306094	0.00113256418033612	congruent	BrafG469A	no	-
ESRRG	NA	NA	-0.695093871227684	0.0281080115195643	TbID	BrafG469A	no	-
ETV4	2.2542117180842	0.000559242963288184	NA	NA	AP-MS	BrafG469A	yes	gain
EXT1	-0.137217649135861	0.38534544309707	0.28924602067775	0.0229999971988768	TbID	BrafG469A	no	-
EYA2	-0.144304374855672	0.902958501798806	-0.165851471363531	0.245292786910257	nsig	BrafG469A	no	-
F2RL1	0.368390044746835	0.0865441874399872	0.959781042244921	0.000968513223830013	TbID	BrafG469A	no	-
FAAH2	0.417376655074007	0.267852177807258	0.721442779962893	0.00376491063310558	TbID	BrafG469A	no	-
FADS2	-0.692677260452928	0.00149864100711548	-0.1437834920524	0.287562373239415	AP-MS	BrafG469A	no	-
FADS3	0.440464862774814	0.198023985563941	2.06670185790247	0.000311384162174339	TbID	BrafG469A	yes	gain
FAM111B	0.740318995956673	0.00528337949966143	0.628511186305725	0.00389390496799621	congruent	BrafG469A	no	-
FAM241B	NA	NA	0.527771985680997	0.124847242939951	TbID	BrafG469A	no	-
FAM43A	0.857845240409368	0.0308714066761422	NA	NA	AP-MS	BrafG469A	no	-
FAM98A	0.123081098445307	0.31480066334982	0.0668906423711995	0.475913769367803	nsig	BrafG469A	no	-
FAR1	-0.151349623026917	0.277585102519897	0.373481510887696	0.0179804582620734	TbID	BrafG469A	no	-
FAR2	0.371980857618342	0.0167321448010594	0.793080406140767	0.000954722427860914	congruent	BrafG469A	no	-
FBH1	0.0977843071982167	0.631130154727647	-0.28751941716087	0.0971116603137568	nsig	BrafG469A	no	-
FBXL3	0.051677482899014	0.940342508089781	-0.375691400691017	0.00813662267023248	TbID	BrafG469A	no	-
FBXL6	-0.11990513821059	0.879517795195783	0.633060673535202	0.00453791236393679	TbID	BrafG469A	no	-
FBXO3	0.527186204088201	0.0276361801272351	0.526264940368574	0.00275005877024535	congruent	BrafG469A	no	-
FBXO32	NA	NA	1.294397427242	0.0040883514150626	TbID	BrafG469A	yes	gain
FBXO8	0.0522741876215156	0.894635915408941	0.171567611547135	0.0701710198925831	nsig	BrafG469A	no	-
FDFT1	-0.124107631001226	0.376644334712501	0.476169178059721	0.0049037818294657	TbID	BrafG469A	no	-
FEM1C	-0.714602389098137	0.0688942559344594	NA	NA	AP-MS	BrafG469A	no	-
FITM2	0.25004266609931	0.418650436879556	0.587693121294402	0.00860830167504054	TbID	BrafG469A	no	-
FKBP5	-0.00815370510811546	0.966947976633277	0.393296535121194	0.00370201465359322	TbID	BrafG469A	no	-
FLT1	NA	NA	0.445282069638971	0.0264660927983644	TbID	BrafG469A	no	-
FOS	0.386586804480278	0.249674006849078	1.52562313020278	0.000922881413702039	TbID	BrafG469A	yes	gain
FOSB	0.965306321824935	0.039925130197319	2.35965697188553	0.000649257421324587	congruent	BrafG469A	yes	gain
FOSL1	2.00775552196855	0.000760879643892316	1.54673036387917	0.000805810363495368	congruent	BrafG469A	yes	gain
FOXC2	2.37858783661662	0.000559242963288184	2.46114098246402	0.000649257421324587	congruent	BrafG469A	yes	gain
FOXRED2	-0.744244403173037	0.00157257335077023	-0.38912493389147	0.00714633930771449	congruent	BrafG469A	no	-
FRMD4A	0.39818140720633	0.0290185546648452	0.200021264215138	0.291263952780237	AP-MS	BrafG469A	no	-
GABRB3	-0.14875191839669	0.737183140418568	-0.569317831835865	0.0533413812221442	nsig	BrafG469A	no	-
GADD45B	1.48822782318999	0.00394101950044975	1.90419511464529	0.000570736303091111	congruent	BrafG469A	yes	gain
GALNT3	0.248729428869414	0.0467150737910193	0.658718739914937	0.000781132875036568	congruent	BrafG469A	no	-
GATD1	-0.352185669388861	0.0406568426490796	-0.376005705939131	0.00749467992020343	congruent	BrafG469A	no	-
GBE1	0.0821683404016534	0.854568206060328	0.565329040016063	0.0025466265923697	TbID	BrafG469A	no	-
GDF15	0.584839770715183	0.0884394496265385	2.36618053032969	0.000127643285673693	TbID	BrafG469A	yes	gain
GNG12	0.365266895236363	0.103222938528055	0.620019323399316	0.0715363569376467	nsig	BrafG469A	no	-
GNL1	0.00488757179417417	0.99565741878052	0.735042960595512	0.00098693868418122	TbID	BrafG469A	no	-
GNL3L	-0.00578207056870681	0.983014349804017	0.440541003884743	0.00539320052062871	TbID	BrafG469A	no	-
GOLIM4	0.280527583202696	0.124522415260275	0.70449712783794	0.0026038232575368	TbID	BrafG469A	no	-
GOSR2	0.642319624007712	0.00604956737618893	0.698017102528608	0.00230240856752864	congruent	BrafG469A	no	-
GPAM	-0.322280464906318	0.239201467995815	-0.307460215332423	0.00754289450962983	TbID	BrafG469A	no	-
GPAT3	-0.0558892371557471	0.792903499883425	0.620836637141033	0.00247767185875126	TbID	BrafG469A	no	-
GPC1	2.16643409237114	3.94632508798005e-05	2.71335579192134	8.93041827019701e-05	congruent	BrafG469A	yes	gain
GPC6	-1.38911838287322	0.00258766734125251	-1.09854627326535	0.000525580239942946	congruent	BrafG469A	yes	loss
GPRC5A	0.757595042637126	0.10703403555003	1.20105202541135	0.000649257421324587	TbID	BrafG469A	yes	gain
GPRC5C	0.397217420846333	0.219484713178461	1.22809727849941	0.000185016533293718	TbID	BrafG469A	yes	gain
GRB7	0.885536172942831	0.0110409047723237	0.767016591526368	0.0132984062323099	congruent	BrafG469A	no	-
GUCD1	-0.134820875086936	0.719878387799279	0.215774041968733	0.0381378511966047	TbID	BrafG469A	no	-
HCK	0.599231578506872	0.163443078683897	0.918249372779215	0.02238621144906	TbID	BrafG469A	no	-
HECTD2	0.286802203466662	0.386752855620093	0.212299359681318	0.294999902075414	nsig	BrafG469A	no	-
HES7	1.17124581766335	0.00349038916388706	NA	NA	AP-MS	BrafG469A	yes	gain
HIVEP3	0.657178791539569	0.00422738370018906	NA	NA	AP-MS	BrafG469A	no	-
HLA-A	0.864949453185949	0.000377987991307096	1.06925094292887	0.00448411507846788	congruent	BrafG469A	yes	gain
HLA-B	0.0427493728847595	0.734626343748215	0.839577431437796	0.00313931138560358	TbID	BrafG469A	no	-
HOMER1	1.53537602934772	6.30207054797683e-05	0.661053425484476	0.0013469701942086	congruent	BrafG469A	yes	gain
HOMER3	1.31672901868244	0.0111246096323548	0.519324673360948	0.328014025455138	AP-MS	BrafG469A	yes	gain
HPF1	-0.000917495123992887	0.998174788178291	-0.539568325217297	0.00174228642172254	TbID	BrafG469A	no	-
HRAS	-0.422934237706154	0.533185109551758	-0.599331244764695	0.0678431085716082	nsig	BrafG469A	no	-
HSP90AA1	-0.599398296977889	0.00157257335077023	-0.0502969990120838	0.811188838325483	AP-MS	BrafG469A	no	-
HSP90AA2P	-0.343322778090419	0.34380761270387	NA	NA	AP-MS	BrafG469A	no	-
HSP90AA4P	-0.614800235391918	0.211652212950871	-0.0153176773671924	0.94571929716784	nsig	BrafG469A	no	-
HSP90AA5P	-0.828902939483385	0.0903329963631159	-0.0686939841828529	0.776439471774263	nsig	BrafG469A	no	-
HSP90AB1	-0.513505443765888	0.00449299337736165	0.0506227385029895	0.776143449260129	AP-MS	BrafG469A	no	-
HSP90AB2P	-0.774688131893282	0.0284577718256152	NA	NA	AP-MS	BrafG469A	no	-
HSP90AB3P	-0.795304103630261	0.0268556965522519	NA	NA	AP-MS	BrafG469A	no	-
HSP90AB4P	-0.71140879421705	0.00974425393476753	NA	NA	AP-MS	BrafG469A	no	-
HSPA4L	-0.417368014157415	0.00458307881871092	-0.412400747698761	0.0182014678940722	congruent	BrafG469A	no	-
HSPA5	-0.367381517983395	0.0093476690086035	-0.474378561089023	0.0162856210397061	congruent	BrafG469A	no	-
HSPA9	0.627931470531847	0.0110036368955584	-0.281730927497861	0.0297224022317466	opposite	BrafG469A	no	-
HSPB8	2.28808075820323	0.00127849183856601	NA	NA	AP-MS	BrafG469A	yes	gain
HYCC2	-0.775809601553914	0.0426572989053162	0.233795284261912	0.094962861707265	AP-MS	BrafG469A	no	-
ID3	-1.06436525896664	0.0125508616934001	-1.20212193841189	0.00832850834339751	congruent	BrafG469A	yes	loss
IDI1	0.0762748034621743	0.841679382017565	0.0109554314968681	0.926580705844527	nsig	BrafG469A	no	-
ILDR2	0.73823832130025	0.00778822183262099	0.771223996279038	0.000948824263589886	congruent	BrafG469A	no	-
INPP1	0.317351297281936	0.440121959396195	0.55279896231463	0.00098693868418122	TbID	BrafG469A	no	-
INTS15	NA	NA	0.611529857191749	0.00153361939885759	TbID	BrafG469A	no	-
ISCA1	0.64444008499333	0.00483359816365711	0.464020692710655	0.00377294711040489	congruent	BrafG469A	no	-
ITM2C	-0.0654931310900545	0.713418341627296	0.357819844531116	0.0189158302338381	TbID	BrafG469A	no	-
ITPRIP	0.544966200507708	0.00768968622365731	0.993966187982491	0.000477348335351694	congruent	BrafG469A	no	-
IVNS1ABP	1.08562049169755	0.000207239179899673	-0.0738103289707393	0.351940525690785	AP-MS	BrafG469A	yes	gain
JAGN1	NA	NA	0.693953349825134	0.00463210367022858	TbID	BrafG469A	no	-
JMJD1C	1.0682763390438	0.000438346213857608	0.25912991387671	0.0211438860616517	congruent	BrafG469A	yes	gain
JUN	2.71539567672972	2.18741420930852e-05	1.31896852536568	0.000857487299703614	congruent	BrafG469A	yes	gain
JUNB	4.72468985408963	3.2011348286649e-05	4.01763172095915	4.92775816316635e-06	congruent	BrafG469A	yes	gain
JUND	0.913002505331505	0.00110308820124045	-0.133874965169146	0.640736332327968	AP-MS	BrafG469A	no	-
KCTD10	0.00116107096950996	0.996582265729153	0.462458499581298	0.0654354318528751	nsig	BrafG469A	no	-
KCTD12	0.767113403987592	0.00216191808661681	0.596860148170247	0.00425704603324356	congruent	BrafG469A	no	-
KCTD13	-0.227210080040769	0.740167248874973	0.564637063556679	0.016588344735963	TbID	BrafG469A	no	-
KCTD16	0.726456755602581	0.011896714504709	NA	NA	AP-MS	BrafG469A	no	-
KDM2A	0.715209310828698	0.0482863766178904	0.498483364953207	0.00585765204004855	congruent	BrafG469A	no	-
KDM6B	1.42961713427847	0.00209775141162557	1.23456830597177	0.0138538777628408	congruent	BrafG469A	yes	gain
KEAP1	-0.399551333238734	0.00936773432929705	-0.0155999112889054	0.954019434014185	AP-MS	BrafG469A	no	-
KIAA1217	0.91109188040076	0.000595221860112339	0.365697213486799	0.00492006999466723	congruent	BrafG469A	no	-
KLHL15	-0.94521998422373	0.000462943951890293	-0.784191280699004	0.00131657096124705	congruent	BrafG469A	no	-
KLHL21	0.935986542620705	0.00226468790548725	0.954745913521566	0.0044475497465151	congruent	BrafG469A	no	-
KMT5A	0.460073637504194	0.216820974116207	-0.185516002758519	0.482850930103469	nsig	BrafG469A	no	-
KPNA2	0.813643592256066	0.00311263082691828	0.943553843101251	0.000353157577372543	congruent	BrafG469A	no	-
KRAS	-1.02004430914332	0.00127849183856601	-1.09202019094501	0.00681628047338952	congruent	BrafG469A	yes	loss
KRT18	0.700339632169161	0.0284332053165316	0.564437931553692	0.00552025174932339	congruent	BrafG469A	no	-
LAMB3	3.65399727477102	1.14126153000266e-05	1.53407323887663	0.00080705630003119	congruent	BrafG469A	yes	gain
LAMC2	2.0405130033282	0.00278266160308947	0.96347954212415	0.0150214364573431	congruent	BrafG469A	yes	gain
LANCL3	NA	NA	1.06747133625503	0.106551954055967	TbID	BrafG469A	no	-
LCLAT1	-0.247146222117455	0.13974683055756	0.459977531667657	0.0243820877998663	TbID	BrafG469A	no	-
LCMT2	0.484240116503636	0.0161445800751081	0.428691831900686	0.00745870266672258	congruent	BrafG469A	no	-
LCN1P1	1.04202334120734	0.13197633622779	NA	NA	AP-MS	BrafG469A	no	-
LEPROTL1	NA	NA	0.673173529369336	0.00274408025495934	TbID	BrafG469A	no	-
LGALS3BP	-0.577036198722069	0.00442264106786003	-0.276122490141111	0.0210298051467322	congruent	BrafG469A	no	-
LGALS8	0.768624755840434	0.0361010121121743	1.03242046907942	0.00574228272085406	congruent	BrafG469A	yes	gain
LHX5	1.0613250044421	0.00682078564801756	NA	NA	AP-MS	BrafG469A	yes	gain
LIG4	0.06502950293622	0.879517795195783	0.1660465310263	0.0579403259666238	nsig	BrafG469A	no	-
LIPG	1.16208849688032	0.0389783900514995	1.8335435175332	0.000649257421324587	congruent	BrafG469A	yes	gain
LMO1	-0.185125346502876	0.514072186363956	NA	NA	AP-MS	BrafG469A	no	-
LRP10	0.562236097658073	0.0986944098720346	1.45534867773448	0.00167700268873648	TbID	BrafG469A	yes	gain
LSAMP	NA	NA	0.453951117914264	0.0791144602324017	TbID	BrafG469A	no	-
LSR	0.822317312294112	0.00516902076715793	0.607529803859414	0.0402855922571431	congruent	BrafG469A	no	-
LYN	0.288238170455705	0.16037773963451	0.745412595771813	0.00832850834339751	TbID	BrafG469A	no	-
MAMLD1	0.975350247414859	0.010746331802634	0.300395048843633	0.0248901177977503	congruent	BrafG469A	no	-
MAN1A2	0.408604421518306	0.0370955702272679	0.751195013675122	0.000706016313037489	congruent	BrafG469A	no	-
MAP2K1	-2.62911418428769	8.02456943029831e-06	-0.359474636214721	0.0101485552006618	congruent	BrafG469A	yes	loss
MAP2K2	-2.17157540980786	0.000377987991307096	-0.596005809157677	0.000910803397588459	congruent	BrafG469A	yes	loss
MAPK8	1.01234118394414	0.014605123875185	NA	NA	AP-MS	BrafG469A	yes	gain
MARCHF6	-0.849342849365553	0.0381423706930391	-0.0127179337733301	0.935437902998234	AP-MS	BrafG469A	no	-
MAT2A	-0.154574015359679	0.235308168767239	-0.296964183993555	0.0102499469201923	TbID	BrafG469A	no	-
MED19	0.829763684743104	0.00576455568073191	0.734465189169197	0.00906186784351987	congruent	BrafG469A	no	-
MEST	NA	NA	1.40726705454999	0.000905291882834443	TbID	BrafG469A	yes	gain
METAP2	0.241591939164322	0.481444297410987	-0.209206650558522	0.177606856418629	nsig	BrafG469A	no	-
METTL9	0.203992055242039	0.302778066874094	0.392203069427001	0.00471512188071067	TbID	BrafG469A	no	-
MFGE8	0.371354155123516	0.0319169706842435	0.982125510494012	0.00105612061738654	congruent	BrafG469A	no	-
MFSD5	NA	NA	0.3429825223334	0.0184626643459013	TbID	BrafG469A	no	-
MGAT1	-0.0653837184249998	0.774161417380317	0.354950369665041	0.034576369161555	TbID	BrafG469A	no	-
MICALL2	0.93676443550613	0.00180134535650188	0.336526150957154	0.0802292484978681	AP-MS	BrafG469A	no	-
MRTO4	0.0688705841013729	0.930352669790229	0.00447717748783858	0.983499019435308	nsig	BrafG469A	no	-
MYH9	0.534939552455561	0.0168758958401301	0.3430729071895	0.222450854390797	AP-MS	BrafG469A	no	-
NAA15	-0.0392407290848809	0.704131675021699	-0.0640613528919448	0.619691594869183	nsig	BrafG469A	no	-
NAA60	NA	NA	0.932716139845687	0.00290474556952687	TbID	BrafG469A	no	-
NAB1	1.62785558121534	0.000559242963288184	0.693032890397065	0.000818543291117791	congruent	BrafG469A	yes	gain
NAB2	1.69778206370602	0.000773891896615667	1.03681077591943	0.0748721865973652	AP-MS	BrafG469A	yes	gain
NEFL	-0.328192355346077	0.0851333247980772	-0.287927497805922	0.23849143321471	nsig	BrafG469A	no	-
NLRP10	0.487958844136653	0.132826927108162	NA	NA	AP-MS	BrafG469A	no	-
NPPC	1.04508477336336	0.00165421116414061	NA	NA	AP-MS	BrafG469A	yes	gain
NPTX2	1.19508753290729	0.0212825214365019	-0.46747630466765	0.0486579071239173	opposite	BrafG469A	yes	opposite
NR2F1	-1.26063287870917	0.0182218030566656	-0.443783826686764	0.0135579893405564	congruent	BrafG469A	yes	loss
NRAS	0.719963461976895	0.0235376134385688	-0.180083712014261	0.176647949072839	AP-MS	BrafG469A	no	-
NRGN	1.10958337863396	0.00193065187579604	NA	NA	AP-MS	BrafG469A	yes	gain
NTN1	0.40609218966396	0.371748132746946	0.484825037761286	0.0175545665452486	TbID	BrafG469A	no	-
NTS	NA	NA	1.24415824416052	0.0012276523172395	TbID	BrafG469A	yes	gain
NUDT4B	0.204906444558036	0.373402667364551	-0.079236733840473	0.532024748046739	nsig	BrafG469A	no	-
NUS1	-0.00611721344614282	0.977059639693846	0.361910274006349	0.0142636941412271	TbID	BrafG469A	no	-
OCC1	-0.16348988628501	0.782032643672802	0.902302015258702	0.0137199239889169	TbID	BrafG469A	no	-
OCIAD2	-0.0953652769988593	0.516835899088113	0.827888344417566	0.00280248715946384	TbID	BrafG469A	no	-
OGDH	-0.449823761470478	0.00662132566120927	0.301023626012582	0.0153054695477039	opposite	BrafG469A	no	-
ORMDL2	NA	NA	0.332784964144728	0.109146482116182	TbID	BrafG469A	no	-
OS9	-0.0828061114434059	0.776169642224558	0.488892355649555	0.38280565707152	nsig	BrafG469A	no	-
PAQR9	NA	NA	1.18572050448239	0.000418976276788263	TbID	BrafG469A	yes	gain
PCDHB2	NA	NA	1.2255941242182	0.00944965190637696	TbID	BrafG469A	yes	gain
PCLAF	-0.562773844300411	0.325132619496528	-0.0988624541887246	0.339202380518395	nsig	BrafG469A	no	-
PEDS1	NA	NA	0.56288090633086	0.00134910341719273	TbID	BrafG469A	no	-
PEX13	0.379335253454016	0.435673880003403	0.656561260747584	0.000995572671867626	TbID	BrafG469A	no	-
PFKP	0.585194140115511	0.00406299507962206	0.597583642814786	0.00496214084981338	congruent	BrafG469A	no	-
PGAP6	0.0657743034831252	0.859455675138545	0.76103184522771	0.00168690184592846	TbID	BrafG469A	no	-
PGM2L1	0.169652726167612	0.433122119346358	0.565503900014324	0.000839677957011793	TbID	BrafG469A	no	-
PHLDA1	2.8241473040712	0.00657171122727619	NA	NA	AP-MS	BrafG469A	yes	gain
PHLDA2	2.07843118554447	0.000773891896615667	1.3981301953173	0.00906186784351987	congruent	BrafG469A	yes	gain
PIGB	0.426287165005274	0.266907709343742	0.459267934805578	0.00904314040176762	TbID	BrafG469A	no	-
PIGL	0.0975196323321977	0.836028647391377	0.593023157642422	0.00636828686868735	TbID	BrafG469A	no	-
PIGW	-0.212491960798997	0.396743407085707	0.533529517157484	0.0130532933595998	TbID	BrafG469A	no	-
PKM	-0.140670591580126	0.616246374819795	0.699721019752625	0.00170333602241583	TbID	BrafG469A	no	-
PLAUR	2.60124287569794	0.00311263082691828	2.25603042915534	0.00552313229623794	congruent	BrafG469A	yes	gain
PLEKHA4	1.13099977184135	0.000334340039247429	0.739159891765546	0.00585614994803611	congruent	BrafG469A	yes	gain
PLEKHB2	NA	NA	1.1397481745454	0.0766499078676379	TbID	BrafG469A	no	-
PLEKHN1	1.46852997047921	0.001462001371087	0.760930626427207	0.025292766066206	congruent	BrafG469A	yes	gain
PLEKHO1	0.397759660937993	0.274172393175967	0.546687521468219	0.023098757654397	TbID	BrafG469A	no	-
PLOD2	-0.419640564360042	0.0889702750742624	0.0957624650250208	0.387193244958892	nsig	BrafG469A	no	-
PNPLA2	0.568899816841204	0.00303443577605515	0.708324677898153	0.000722741699023883	congruent	BrafG469A	no	-
PNPLA8	0.609008486952236	0.00486233510439335	0.914722578187158	0.00357532842948704	congruent	BrafG469A	no	-
POLR2G	0.152635055868802	0.627847422797701	-0.407367627480541	0.0821898070330288	nsig	BrafG469A	no	-
POLR2L	-0.180935152129413	0.519362429247612	-0.642389402958755	0.0687773200722823	nsig	BrafG469A	no	-
POTEE	0.0752783597171753	0.852840854299411	0.147097122397356	0.495427092772581	nsig	BrafG469A	no	-
PPP2CB	0.096898101358414	0.641657989561152	0.596242622580042	0.0300580667040474	TbID	BrafG469A	no	-
PPP2R1B	0.646558872782957	0.00732016603700719	0.56414253368188	0.0160719673603128	congruent	BrafG469A	no	-
PPP2R5E	-0.0557073003783456	0.874003093239352	0.390961866186724	0.00674020562940649	TbID	BrafG469A	no	-
PRKCD	0.854160516442882	0.000525662546496564	0.738661172866404	0.00116830116800818	congruent	BrafG469A	no	-
PRKCI	0.25684072324688	0.072343270253516	0.533242961316245	0.0313908784712148	TbID	BrafG469A	no	-
PROCR	0.246611400723919	0.450658028331065	0.765919139492432	0.00864561282103738	TbID	BrafG469A	no	-
PRR11	0.133735566614496	0.59525680636492	0.398030682554877	0.100066919524074	nsig	BrafG469A	no	-
PSMB4	-0.46115405020056	0.0112816567969326	-0.595276109105707	0.00466429372025803	congruent	BrafG469A	no	-
PSMC5	0.174929737292983	0.289451823342901	-0.47142653004384	0.00457385445736417	TbID	BrafG469A	no	-
PSMD11	0.0516155554443186	0.653898126478631	0.233907214589608	0.0605216940743573	nsig	BrafG469A	no	-
PSMD12	0.0304907675793391	0.87384492841807	0.354137942313037	0.0079318939220639	TbID	BrafG469A	no	-
PSMD6	-0.0518582321690758	0.756638904498365	0.428302599454848	0.016639201433658	TbID	BrafG469A	no	-
PSME4	0.876016884035251	0.0625422502785954	0.677566426053785	0.00152194325562941	TbID	BrafG469A	no	-
PTPRZ1	-1.05629562161709	0.0189859599435291	-0.647668664004258	0.153110578188585	AP-MS	BrafG469A	yes	loss
PTRH2	0.0285524300675524	0.923919142782949	0.503820814902304	0.0184687741418412	TbID	BrafG469A	no	-
PVR	0.878382365892769	0.0430423956761521	0.381492508407933	0.100350679888451	AP-MS	BrafG469A	no	-
RAB18	0.400154901936018	0.0101835922349315	0.534215313896378	0.00597636264286817	congruent	BrafG469A	no	-
RAB30	NA	NA	0.508937590390919	0.00808375940776439	TbID	BrafG469A	no	-
RAB31	NA	NA	0.473161652719753	0.0208741821272197	TbID	BrafG469A	no	-
RAB32	0.510511156982212	0.103222938528055	-0.329769187495978	0.0218165992817953	TbID	BrafG469A	no	-
RAB43	NA	NA	0.638472024640759	0.003619718579051	TbID	BrafG469A	no	-
RAC2	0.667347363034026	0.0414323296916643	1.12744759959711	0.00119676977180554	congruent	BrafG469A	yes	gain
RACK1	-0.144528943807277	0.262839001916641	0.303614803689608	0.0101825529301404	TbID	BrafG469A	no	-
RALB	0.136135644936327	0.599222274000346	0.804951392273164	0.00832850834339751	TbID	BrafG469A	no	-
RAMAC	0.800808829732111	0.0813137908549392	0.0621285741432607	0.5966197493594	nsig	BrafG469A	no	-
RANBP6	0.204376335789041	0.261408132177277	0.433668962538009	0.00323822293838564	TbID	BrafG469A	no	-
RAP2C	-0.173129920643035	0.610042745285311	0.396530988780891	0.0139294731479831	TbID	BrafG469A	no	-
RCE1	-0.242710929272854	0.351274108035208	0.505391820207167	0.00305312248185196	TbID	BrafG469A	no	-
REEP3	1.44600351330568	0.00279082876471173	1.4610706541309	0.000649257421324587	congruent	BrafG469A	yes	gain
RGPD5	0.492390235111761	0.0744102395336035	0.587636747598673	0.00435050012631831	TbID	BrafG469A	no	-
RGS20	NA	NA	0.960818802093147	0.0219136719876458	TbID	BrafG469A	no	-
RND1	NA	NA	0.579664683723103	0.0244501558924485	TbID	BrafG469A	no	-
RNF122	NA	NA	1.31078448130903	0.00153720808213781	TbID	BrafG469A	yes	gain
RNF181	NA	NA	0.477734065920912	0.0185774386786379	TbID	BrafG469A	no	-
RNF41	0.113374997418887	0.752064858198314	0.526654986768012	0.00289161184187122	TbID	BrafG469A	no	-
RNF44	1.34163650507	0.0137777565147397	NA	NA	AP-MS	BrafG469A	yes	gain
RNF5	0.352468310983507	0.0791068740832892	0.576588948930928	0.00148101695404899	TbID	BrafG469A	no	-
RNFT1	0.288893175510851	0.528003155626853	0.372974864126087	0.00713432798543422	TbID	BrafG469A	no	-
RP9	-1.42647873390134	0.00157257335077023	-0.945305016395109	0.00217753278384624	congruent	BrafG469A	yes	loss
RPA1	-0.431407890461024	0.00431910906669005	-0.628969546378387	0.00137665458187109	congruent	BrafG469A	no	-
RPA2	-0.2436077945569	0.165006630506005	-0.594618499067356	0.00418025625097602	TbID	BrafG469A	no	-
RPA3	-0.382781957001272	0.0349630850235437	-0.503667161675325	0.00503533698924428	congruent	BrafG469A	no	-
RPTOR	-0.424523332922601	0.0137077925727671	-0.194267798573544	0.0582618701984746	AP-MS	BrafG469A	no	-
RUNX1	0.516948907310655	0.118709811910376	0.934040773463239	0.000824690580545312	TbID	BrafG469A	no	-
S100A10	1.41816403752749	0.000773891896615667	0.438281849811071	0.00588847937941583	congruent	BrafG469A	yes	gain
S100A16	NA	NA	0.855325584089194	0.0148149667944842	TbID	BrafG469A	no	-
SARAF	-0.0724806081525675	0.84561429583213	0.284649572466636	0.204777105465479	nsig	BrafG469A	no	-
SC5D	NA	NA	-0.0201880135677639	0.917539948319306	TbID	BrafG469A	no	-
SDC2	0.596246292925995	0.015218031330902	0.296108761400752	0.265545139667545	AP-MS	BrafG469A	no	-
SDHC	NA	NA	0.0432903554609322	0.834963761362278	TbID	BrafG469A	no	-
SELENOK	-0.147164764024914	0.396743407085707	0.526696861448701	0.00935893201466242	TbID	BrafG469A	no	-
SELENOS	0.321075556424913	0.201162251452804	0.397861979531695	0.0606694027535332	nsig	BrafG469A	no	-
SEMA7A	-0.150766802033676	0.789946928925161	2.05103937976365	0.00854275184663107	TbID	BrafG469A	yes	gain
SERF1A	0.533335162345572	0.00991403080876624	0.529797547183433	0.00468529363863557	congruent	BrafG469A	no	-
SERF2	-0.162560438067547	0.447724954656297	0.00800477153035205	0.968554100077842	nsig	BrafG469A	no	-
SERINC1	-0.24657110966731	0.582488128348316	0.346719383144491	0.0182427679911123	TbID	BrafG469A	no	-
SERINC3	NA	NA	0.465691077504723	0.00468529363863557	TbID	BrafG469A	no	-
SESN3	-0.558129468519939	0.00652893575533658	-0.325372682670327	0.02016793393573	congruent	BrafG469A	no	-
SFN	0.637145674917002	0.0674298209485861	-0.444489481966035	0.246247895349701	nsig	BrafG469A	no	-
SFXN5	0.408388787687393	0.0821129775743103	0.801796492177961	0.00860466514785032	TbID	BrafG469A	no	-
SGK1	NA	NA	1.62627625435184	0.0368210795354595	TbID	BrafG469A	yes	gain
SGMS2	NA	NA	0.35692681858812	0.025500386891326	TbID	BrafG469A	no	-
SGPL1	0.165522858752824	0.387384430362294	0.541660191784796	0.0065341819736362	TbID	BrafG469A	no	-
SH2B3	1.54623591407602	0.000451555118037748	NA	NA	AP-MS	BrafG469A	yes	gain
SH3BGRL3	1.0333900795449	0.0547640832896734	NA	NA	AP-MS	BrafG469A	no	-
SHKBP1	1.22585527168689	0.000462943951890293	0.22938670475725	0.031271660706967	congruent	BrafG469A	yes	gain
SIRT2	-0.353817869514951	0.29919378959377	-1.0938965913639	0.000618928274127183	TbID	BrafG469A	yes	loss
SIVA1	-1.52090582929278	0.00022440541245673	-1.03308893736881	0.00143429360394355	congruent	BrafG469A	yes	loss
SKOR2	0.715064852077436	0.0285617406258176	NA	NA	AP-MS	BrafG469A	no	-
SLC16A7	-0.122472708103407	0.756259898182019	0.517879612395159	0.107413065288689	nsig	BrafG469A	no	-
SLC20A1	0.0316234199687112	0.943368456683198	0.450563437521534	0.00864561282103738	TbID	BrafG469A	no	-
SLC25A25	0.403560230572214	0.0210148502645845	0.732079706203048	0.00236027653853164	congruent	BrafG469A	no	-
SLC25A29	0.443766428868246	0.0228266227432978	0.592562471395684	0.00505488484993974	congruent	BrafG469A	no	-
SLC25A32	0.0479132144523213	0.746073402670351	0.708406974635316	0.0012491176115688	TbID	BrafG469A	no	-
SLC27A6	-0.475569500599108	0.0287584317121529	-0.0617236923038354	0.530053428330592	AP-MS	BrafG469A	no	-
SLC2A1	-0.373586620632151	0.00961769363383298	0.212442345536754	0.0628904798448	AP-MS	BrafG469A	no	-
SLC2A14	-0.435905227207408	0.572105013803925	3.62137397241488	0.0138143540552556	TbID	BrafG469A	yes	gain
SLC35B2	-0.322724921674303	0.0870931591555585	0.439318533433023	0.02238621144906	TbID	BrafG469A	no	-
SLC35G2	0.695781974157105	0.0357640612951661	0.735520792851819	0.000922881413702039	congruent	BrafG469A	no	-
SLC49A4	0.170832159163888	0.680773796775392	0.221787403708852	0.0466606511748992	TbID	BrafG469A	no	-
SLIT2	-0.429790619266816	0.0264298125412094	-0.452712311705698	0.0557234313155152	AP-MS	BrafG469A	no	-
SMIM26	-0.780937180969548	0.0140425496705351	0.18064964442149	0.246257799613195	AP-MS	BrafG469A	no	-
SMTN	1.22090463238314	0.000538143477761904	0.966109432805315	0.000551370028512907	congruent	BrafG469A	yes	gain
SPCS1	0.870557377197709	0.0167317929273315	0.699373762050659	0.0130679873997586	congruent	BrafG469A	no	-
SPHK1	1.92574989299545	0.00127849183856601	NA	NA	AP-MS	BrafG469A	yes	gain
SPOCK1	-0.0154641187849524	0.972530378396813	-0.087816602846814	0.607063772056103	nsig	BrafG469A	no	-
SPON1	-0.616755508331947	0.0665514852913873	-0.719779428345509	0.00587154107442163	TbID	BrafG469A	no	-
SPOP	-0.301378136074796	0.552609040042887	0.405405239256759	0.0521488979420456	nsig	BrafG469A	no	-
SPRED1	0.579055248146982	0.157902975064816	0.854070484642825	0.00399865678972201	TbID	BrafG469A	no	-
SPRED2	1.15650932632366	0.00478142947874768	0.868419546597037	0.000551370028512907	congruent	BrafG469A	yes	gain
SPRING1	NA	NA	0.742805686911972	0.0677932559049462	TbID	BrafG469A	no	-
SPRY1	NA	NA	0.649274635045797	0.00377178836115233	TbID	BrafG469A	no	-
SPRY2	0.596899764076663	0.189697848981368	1.32882246663836	0.000441265154431511	TbID	BrafG469A	yes	gain
SPRY4	1.4533561533423	0.00245370109154107	1.26163758941329	0.00167572603039061	congruent	BrafG469A	yes	gain
SPTAN1	0.00644881717928054	0.978480197555505	-0.0322638790346876	0.906268266771396	nsig	BrafG469A	no	-
SPTBN1	-0.0473149304438415	0.808299567041963	-0.0157582003980673	0.954938465012982	nsig	BrafG469A	no	-
SQOR	-0.155458563247722	0.287096161184484	-0.0780689734392149	0.5928065648547	nsig	BrafG469A	no	-
SQSTM1	0.43319705370293	0.00690673235083947	0.495542187127047	0.0516833832025342	AP-MS	BrafG469A	no	-
SRD5A1	NA	NA	0.59929671919179	0.00182125297216912	TbID	BrafG469A	no	-
SREBF1	-0.412407299446772	0.422939926799765	0.0831020445717771	0.749195781873992	nsig	BrafG469A	no	-
SRPX2	NA	NA	2.33342757532623	0.000581238704561969	TbID	BrafG469A	yes	gain
SRRD	NA	NA	0.0582746075564481	0.61830552214295	TbID	BrafG469A	no	-
SSBP2	-0.852604778021636	0.00242032610667877	NA	NA	AP-MS	BrafG469A	no	-
STARD3	-0.495875137010159	0.00461050442146755	0.291708785849118	0.0335625620350077	opposite	BrafG469A	no	-
STX11	NA	NA	1.56676032655662	0.00292529856223443	TbID	BrafG469A	yes	gain
SYNPO	1.86938181344526	0.000559242963288184	0.969018775842544	0.00478549158139814	congruent	BrafG469A	yes	gain
TAC1	NA	NA	0.750118888894769	0.0027570006843466	TbID	BrafG469A	no	-
TAOK2	-0.856640280255779	0.000495326071762105	-0.330290298128067	0.0126052574963395	congruent	BrafG469A	no	-
TCAF2	0.773886587335733	0.0483914811389775	0.790403458286426	0.00715157185654526	congruent	BrafG469A	no	-
TDG	0.287063638956709	0.296100086336337	0.197061039650768	0.240317702822359	nsig	BrafG469A	no	-
TFPI	NA	NA	0.885037186829583	0.00797107270630122	TbID	BrafG469A	no	-
TFPI2	1.63869789122634	0.00481496683867906	3.68212290712856	4.92775816316635e-06	congruent	BrafG469A	yes	gain
TFRC	0.288196623534373	0.0610974712754219	0.364210281158357	0.0162167340049601	TbID	BrafG469A	no	-
TGFB1	2.98652179360537	0.000125336656423808	1.79355568569669	0.000185016533293718	congruent	BrafG469A	yes	gain
THBD	NA	NA	1.2622686913893	0.00719916440748026	TbID	BrafG469A	yes	gain
THBS1	NA	NA	-0.979421159528638	0.000558470219981026	TbID	BrafG469A	no	-
TIMP1	2.35636028084695	0.00124360281922976	1.82847402771118	0.00233580425991362	congruent	BrafG469A	yes	gain
TK1	1.1031029337576	0.000504964410881224	0.72187306970983	0.000941602157482353	congruent	BrafG469A	yes	gain
TMEM138	NA	NA	0.292569223752808	0.124381455045101	TbID	BrafG469A	no	-
TMEM147	0.676182198033635	0.121675820785432	0.360516700239447	0.21888927146028	nsig	BrafG469A	no	-
TMEM185B	0.243917491096112	0.407511477129871	0.843334682723811	0.0126302773190106	TbID	BrafG469A	no	-
TMEM200A	NA	NA	0.761106856799953	0.030832309184624	TbID	BrafG469A	no	-
TMEM201	0.251840735614044	0.0543547059803057	0.580819929683855	0.000853900483858063	TbID	BrafG469A	no	-
TMEM205	0.312096344985063	0.40660278889227	0.520728945403247	0.00158657599124121	TbID	BrafG469A	no	-
TMEM33	-0.0143522330941558	0.947419778521739	0.453661726501938	0.00892017819693717	TbID	BrafG469A	no	-
TMEM39A	NA	NA	0.554732573817536	0.00316381552245866	TbID	BrafG469A	no	-
TMEM41B	-0.0652337547897417	0.908016617662031	0.902553104919928	0.00170333602241583	TbID	BrafG469A	no	-
TMEM59	0.32945326525997	0.0778691596645539	0.727012039759537	0.0245854897347808	TbID	BrafG469A	no	-
TMPPE	-0.220793503848272	0.396774627883767	0.601665013406069	0.000853900483858063	TbID	BrafG469A	no	-
TNFAIP1	0.017447806958982	0.956320520753616	0.678521775640343	0.00734775417329282	TbID	BrafG469A	no	-
TNFRSF10D	0.585679843529488	0.122541906026719	0.653787130877432	0.0715425449179637	nsig	BrafG469A	no	-
TOR1B	0.177307912619448	0.617125042614456	0.649272764850466	0.00287758125226192	TbID	BrafG469A	no	-
TPT1	0.528503708015639	0.0786894622151166	0.37207854130402	0.0326765999249025	TbID	BrafG469A	no	-
TRIB1	1.44686154088768	0.00266450713480164	2.50582180697738	0.00035801853362154	congruent	BrafG469A	yes	gain
TRIB3	1.99872614392903	2.18741420930852e-05	-0.160440544338537	0.496694985579386	AP-MS	BrafG469A	yes	gain
TUG1	0.155761009178985	0.404815588552261	0.696982251855173	0.00420568691743676	TbID	BrafG469A	no	-
TUSC3	0.289153053433887	0.346674568761812	0.830116273962293	0.00159217264610246	TbID	BrafG469A	no	-
UBE2D1	-0.283078268937549	0.66018905569112	0.445564492070273	0.0409762876732843	TbID	BrafG469A	no	-
UBE2S	0.170223814942065	0.698765709340506	0.647925512129286	0.00172049668827805	TbID	BrafG469A	no	-
UBIAD1	-0.263286912825492	0.130360451357803	0.606711945258074	0.00832850834339751	TbID	BrafG469A	no	-
UBL5	-0.0187857529620232	0.960841823570968	-0.228673684450049	0.169816866913392	nsig	BrafG469A	no	-
UGDH	0.716768388907906	0.00141467938625289	0.656664533688209	0.00218389714414763	congruent	BrafG469A	no	-
UGGT2	0.566463618922376	0.0057374942067391	0.384589083064686	0.00743903188285361	congruent	BrafG469A	no	-
UGT8	0.241216149696671	0.330966950282717	0.589863843524912	0.00456854971233343	TbID	BrafG469A	no	-
ULBP2	NA	NA	1.05038680857637	0.00869354060391094	TbID	BrafG469A	yes	gain
UPP1	2.59146936333573	9.41052952950414e-06	1.65578433045998	0.000185016533293718	congruent	BrafG469A	yes	gain
USP17L5;USP17L15;USP17L11;USP17L22;USP17L17;USP17L19;USP17L20;USP17L24	1.12118721046043	0.00976306617790354	NA	NA	AP-MS	BrafG469A	yes	gain
USP17L7	0.910997465201821	0.292506326300151	NA	NA	AP-MS	BrafG469A	no	-
USP2	NA	NA	0.852513210910029	0.00682865165307452	TbID	BrafG469A	no	-
UTP6	-0.158413885700607	0.262839001916641	0.10602677870336	0.426500810014571	nsig	BrafG469A	no	-
VCAN	-2.06848041036545	0.000240611053887037	-1.12927524128561	0.000328443952939719	congruent	BrafG469A	yes	loss
VEGFA	NA	NA	1.03508652831568	0.00738912732954792	TbID	BrafG469A	yes	gain
VGF	0.233262120560825	0.562421392460899	1.30217115401801	0.00681628047338952	TbID	BrafG469A	yes	gain
VMP1	0.702289981414461	0.0993157547562115	0.871441033963166	0.00199161672877948	TbID	BrafG469A	no	-
VRK1	0.0197714684704569	0.972774756263878	0.192354591557262	0.211294264557849	nsig	BrafG469A	no	-
VRK2	-0.131075322480434	0.414345793740504	0.375914837609104	0.0543044726127123	nsig	BrafG469A	no	-
WDR87	-0.412128034243153	0.614513491524021	NA	NA	AP-MS	BrafG469A	no	-
WSB1	0.197163139043176	0.604640968519999	-0.451540981803773	0.232377680418874	nsig	BrafG469A	no	-
WSB2	0.743058543701656	0.0480119055834133	1.40791787264518	0.00128961220720177	congruent	BrafG469A	yes	gain
XPNPEP3	-0.132484803654511	0.78646478456748	-0.334643367653352	0.194161607581062	nsig	BrafG469A	no	-
YES1	0.700538528406813	0.00278980016952954	0.792814606311059	0.0195522188064519	congruent	BrafG469A	no	-
YPEL3	0.851873976976587	0.579601786218696	0.423881629189675	0.104032177287721	nsig	BrafG469A	no	-
YPEL5	1.08533290259201	0.000773891896615667	0.438014718709947	0.0318170276857739	congruent	BrafG469A	yes	gain
YWHAB	-0.630675985329493	0.00941757165326797	-0.48491597042809	0.0830180136706023	AP-MS	BrafG469A	no	-
YWHAE	-0.708701044452064	0.00458307881871092	-0.725585293821817	0.00783725520103939	congruent	BrafG469A	no	-
YWHAG	-0.74398011479655	0.00170371925266995	-0.7437048940542	0.0293812416460019	congruent	BrafG469A	no	-
YWHAH	-1.01500215144646	0.000377987991307096	-0.909923824682322	0.00894830084290111	congruent	BrafG469A	yes	loss
YWHAQ	-0.873212100433756	0.00258766734125251	-0.603623380233928	0.0148754577502445	congruent	BrafG469A	no	-
YWHAZ	-0.573880954560809	0.00426564402415878	0.0606454197685125	0.819282829274693	AP-MS	BrafG469A	no	-
ZBTB39	-0.919626543851006	0.0851333247980772	-0.693048976171499	0.102338432965547	nsig	BrafG469A	no	-
ZDHHC16	NA	NA	0.555749159786299	0.00616014955184317	TbID	BrafG469A	no	-
ZDHHC21	0.0151959324519188	0.959908858808121	0.735333052739971	0.00106933118451533	TbID	BrafG469A	no	-
ZFP36	2.87435434477507	7.27617155109797e-06	1.35105680060366	0.000987230538299494	congruent	BrafG469A	yes	gain
ZNF225	0.0642597371015351	0.899412263500395	0.644503093162079	0.00276525900576273	TbID	BrafG469A	no	-
ZNF267	0.442438143808965	0.206269578082199	0.511938065269831	0.0873241550675096	nsig	BrafG469A	no	-
ZNF444	NA	NA	0.459066473944474	0.0106012549995698	TbID	BrafG469A	no	-
ZNF480	NA	NA	-0.818385983525454	0.0013469701942086	TbID	BrafG469A	no	-
ZNF525	NA	NA	0.397565663738059	0.00572233127395768	TbID	BrafG469A	no	-
ZNF562	NA	NA	0.58876264827209	0.0247476319367914	TbID	BrafG469A	no	-
ZNF66	NA	NA	0.0828376179631757	0.561381935965361	TbID	BrafG469A	no	-
ZNF697	NA	NA	1.25371975042077	0.000186611784481483	TbID	BrafG469A	yes	gain
ZNF791	-0.387584659788246	0.307285845838368	0.390354722133986	0.0132102122918072	TbID	BrafG469A	no	-
ZSWIM6	0.221687723689301	0.48391355858666	0.467939853369172	0.00276525900576273	TbID	BrafG469A	no	-
ACBD4	NA	NA	0.286454398400772	0.722422244628793	TbID	KrasS17N	no	-
ACVR1	-0.0704018154474113	0.823746765147195	-0.389783172049336	0.121328069808349	nsig	KrasS17N	no	-
ADAMTS17	0.0497509606055191	0.727654481617599	-0.43417186609415	0.310817720487075	nsig	KrasS17N	no	-
ADPRHL1	NA	NA	-0.0592615741693159	0.77940293368777	TbID	KrasS17N	no	-
AGPAT3	-0.0797234473568373	0.606742055205027	-0.152473652676646	0.0559197703616731	nsig	KrasS17N	no	-
AHCYL1	0.12740101856534	0.145162170048442	0.87530227806932	1.25811284107347e-05	TbID	KrasS17N	no	-
AHCYL2	0.205565574524615	0.116431011740252	0.920915670271825	5.60024708008194e-05	TbID	KrasS17N	no	-
AK6	-0.161950382328667	0.474457068596005	-0.257547144985368	0.153372163861436	nsig	KrasS17N	no	-
AKT1S1	0.0564966542763514	0.649348461636998	0.0357833878200644	0.803395881228943	nsig	KrasS17N	no	-
AMZ1	0.27551223793375	0.633826363756562	NA	NA	AP-MS	KrasS17N	no	-
ANAPC13	-0.26355336474974	0.506579423412271	NA	NA	AP-MS	KrasS17N	no	-
ANP32A	0.103921164646026	0.429329795921575	-0.0323877349496318	0.933605867302391	nsig	KrasS17N	no	-
ANP32B	0.0716300252109168	0.638094857445023	NA	NA	AP-MS	KrasS17N	no	-
ANXA2	0.0374828806361176	0.862931581646223	-0.322314021809545	0.0216043784430164	TbID	KrasS17N	no	-
ANXA6	NA	NA	-1.55118634168518	0.00546022077625334	TbID	KrasS17N	yes	loss
AP3B1	0.134545136469386	0.381488051952853	0.310637478274174	0.00076573038094214	TbID	KrasS17N	no	-
ARIH1	0.120921687664826	0.361111069512305	-0.130864089552313	0.254201186403046	nsig	KrasS17N	no	-
ARIH2	0.0483738647343088	0.666751959947677	-0.280650425867808	0.19758420189996	nsig	KrasS17N	no	-
ARL6IP1	-0.0468683309572553	0.890025173165313	-0.251253837324914	0.0874795991061522	nsig	KrasS17N	no	-
ARL6IP6	-0.070211299486326	0.744373327947281	-0.133282522110848	0.289709555904694	nsig	KrasS17N	no	-
ARSB	-0.00526300550337844	0.988631221892932	0.505472190455158	0.429298689784219	nsig	KrasS17N	no	-
ARV1	-0.283299243500654	0.086927842628594	-0.231943406551087	0.0705064122213663	nsig	KrasS17N	no	-
ATG3	0.160440355630934	0.20185043462871	0.0634522788431706	0.503021165454932	nsig	KrasS17N	no	-
ATP5F1E;ATP5F1EP2	-0.295426508631422	0.312269657819579	-0.235442402075766	0.0693394868632915	nsig	KrasS17N	no	-
BCL2L12	NA	NA	-0.0461013695466157	0.913383723743337	TbID	KrasS17N	no	-
BHLHE41	0.101482684662101	0.797139330125069	NA	NA	AP-MS	KrasS17N	no	-
BMP1	NA	NA	0.0107678639490896	0.975810806970298	TbID	KrasS17N	no	-
BRAF	-1.46099551634524	3.77583780269688e-05	-1.16291037196321	8.27153319068133e-05	congruent	KrasS17N	yes	loss
C19orf53	-0.177538912173635	0.198377774950118	-0.330119542802779	0.118793421549044	nsig	KrasS17N	no	-
C1GALT1	0.0855846656428998	0.651686989172122	0.0755082809532741	0.832991534330403	nsig	KrasS17N	no	-
C1orf21	NA	NA	0.0470535484743237	0.68119627466918	TbID	KrasS17N	no	-
C7orf50	-0.0976863863728408	0.416470763900504	-0.187569854957324	0.0288794446663487	TbID	KrasS17N	no	-
CALM1;CALM2;CALM3	0.583479498980372	0.0503132687243934	0.270971694087898	0.456830594886385	nsig	KrasS17N	no	-
CAMKV	0.0957038395308762	0.62642360514954	-0.440322738228108	0.103105475017067	nsig	KrasS17N	no	-
CCDC137	-0.0848871518379237	0.616399835177712	-0.24270312790526	0.0216862360342129	TbID	KrasS17N	no	-
CCNYL1	-0.0800126643320036	0.745136187988274	-0.198866128560962	0.0620239804574118	nsig	KrasS17N	no	-
CD59	-0.133490255753832	0.604048588053516	-0.108235240049854	0.592495551019538	nsig	KrasS17N	no	-
CDC34	0.10594659033964	0.41427289962624	-0.171566997758912	0.154562042899345	nsig	KrasS17N	no	-
CFAP90	-0.0866968968067656	0.836350686379812	NA	NA	AP-MS	KrasS17N	no	-
CHGA	NA	NA	-0.0473847884026952	0.904456363017397	TbID	KrasS17N	no	-
CHMP1B	0.0993937194913421	0.721582101721508	-0.557544442684136	0.0117236732004352	TbID	KrasS17N	no	-
CHPT1	-0.173745507274257	0.399870477125083	-0.17707696264341	0.2043211521828	nsig	KrasS17N	no	-
CLK3	-0.11375450379697	0.558276250014856	-0.124139318077004	0.36704232952162	nsig	KrasS17N	no	-
CLSTN1	-0.0306298206481905	0.866476187190233	0.177634606023006	0.575369826531731	nsig	KrasS17N	no	-
CNTFR	NA	NA	0.0121369518487917	0.973612214736938	TbID	KrasS17N	no	-
COL5A1	NA	NA	0.374702471289987	0.00608552168846023	TbID	KrasS17N	no	-
COL5A2	NA	NA	1.82030583354051	0.0626595896903215	TbID	KrasS17N	no	-
COPS2	0.0755282004846869	0.539656163622415	-0.219536550381692	0.019330034633647	TbID	KrasS17N	no	-
COPS3	0.0981964970867217	0.379390326616107	-0.143771874773513	0.0938999014397655	nsig	KrasS17N	no	-
COPS4	0.0436688113146726	0.813904171302942	-0.115723024652235	0.0726975790914139	nsig	KrasS17N	no	-
COPS5	0.0208829295913873	0.901216961459014	-0.180234012188004	0.0514578828912584	nsig	KrasS17N	no	-
COPS6	0.0818276275673515	0.468433073897891	-0.0675653129298475	0.34370104952148	nsig	KrasS17N	no	-
COPS7A	-0.0309143960777565	0.865335489172242	-0.186158860199523	0.0658173321607468	nsig	KrasS17N	no	-
COPS7B	0.00665626003099717	0.9726440247233	-0.236442010690462	0.276972545120445	nsig	KrasS17N	no	-
COPS8	-0.0117183597950756	0.9479747021082	-0.119945028151111	0.301325873398874	nsig	KrasS17N	no	-
CPNE5	NA	NA	-0.282577875629439	0.132117812379683	TbID	KrasS17N	no	-
CRTAP	-0.156639124791997	0.25272427856095	-0.272950928312129	0.0298126255516357	TbID	KrasS17N	no	-
CSPG4	0.14506168988836	0.186416236064893	0.312706471793312	0.00238803642615441	TbID	KrasS17N	no	-
CSPG5	0.229096425874808	0.123040800139218	0.360986458863451	0.00265496242340283	TbID	KrasS17N	no	-
CTDSP2	NA	NA	0.411252801869967	0.0121707164605239	TbID	KrasS17N	no	-
CTSH	1.11527929288165	0.244748736621826	NA	NA	AP-MS	KrasS17N	no	-
CYP2C19	NA	NA	0.0125741829247161	0.973510210301536	TbID	KrasS17N	no	-
DAD1	-0.067417590939737	0.68903274296642	-0.417989802997583	0.0450555889372954	TbID	KrasS17N	no	-
DCAF16	0.143554665507631	0.370316683799509	-0.0190664797961446	0.910360836267292	nsig	KrasS17N	no	-
DCD	-0.646860115477002	0.13087903561372	-0.840777083079011	0.0594759373583256	nsig	KrasS17N	no	-
DCXR	-0.128078734326294	0.20185043462871	-0.275186620126211	0.0185243497378051	TbID	KrasS17N	no	-
DGKA	0.363651618571397	0.555331104260812	0.269108502578113	0.0955313592304461	nsig	KrasS17N	no	-
DHCR24	-0.31959077256059	0.0192466690637762	-0.40162021112508	0.000693768981664929	congruent	KrasS17N	no	-
DLX6	0.00742798947139534	0.979288869322433	-0.136935074904438	0.25121046759088	nsig	KrasS17N	no	-
DNAJB12	-0.147022062550864	0.348124031293299	-0.305128283982313	0.00670859728234511	TbID	KrasS17N	no	-
DNMT3B	-0.1023399791781	0.564675327093026	-0.279036067306105	0.0489946320344313	TbID	KrasS17N	no	-
DPAGT1	NA	NA	-0.323805955053272	0.0133049797040482	TbID	KrasS17N	no	-
DPM1	-0.0920013699221105	0.362710077365556	-0.270534507772537	0.00351413973977449	TbID	KrasS17N	no	-
DPM3	-0.220341159389825	0.327942345160624	-0.127579091446808	0.375297299902126	nsig	KrasS17N	no	-
DR1	-0.255751308171417	0.20072279123063	0.036363778598032	0.79164573492294	nsig	KrasS17N	no	-
DYNLL2	-0.00566518466584043	0.981204070496014	0.0447025794988924	0.773173387492264	nsig	KrasS17N	no	-
EAPP	-0.0210910784659184	0.955686955610856	0.152914482714328	0.221222018481025	nsig	KrasS17N	no	-
EDEM1	0.0138131866075248	0.9726440247233	-0.13616287288778	0.680010889130323	nsig	KrasS17N	no	-
EEF1AKMT2	-0.134274552692507	0.37263019772321	-0.0826661923197793	0.826956253695831	nsig	KrasS17N	no	-
EEF2K	0.195696423930213	0.123040800139218	0.411862857469425	0.0007057310628293	TbID	KrasS17N	no	-
EIF4G2	0.0386278678253351	0.622877035520455	0.391905810575389	0.000333150000528772	TbID	KrasS17N	no	-
ELOVL7	NA	NA	-0.170624228391128	0.183124540619858	TbID	KrasS17N	no	-
EMC9	NA	NA	-0.45461924445272	0.10729038315145	TbID	KrasS17N	no	-
FADS3	NA	NA	-0.277883624806245	0.0370195975691741	TbID	KrasS17N	no	-
FAM200B	-0.0853618011114801	0.731559915786047	-0.0220549955211284	0.957603085488153	nsig	KrasS17N	no	-
FANCM	0.108490594992773	0.683421487520977	0.254083047914339	0.0159945143162936	TbID	KrasS17N	no	-
FBN1	NA	NA	-0.393937352301391	0.29426925333437	TbID	KrasS17N	no	-
FNDC10	0.141404269152426	0.412522148952895	0.158785319502805	0.171728090125775	nsig	KrasS17N	no	-
FOXC2	0.154926112078009	0.683421487520977	0.0269156508613371	0.938841452043021	nsig	KrasS17N	no	-
FRG1	-0.390580931904605	0.0638251014982423	-0.226220746017253	0.0141513903722291	TbID	KrasS17N	no	-
FUT11	-0.0151625676946665	0.954159413679103	-0.349789482477705	0.283236620754532	nsig	KrasS17N	no	-
GALNT12	-0.0824117494553462	0.698718705447339	0.0156269576344226	0.966895602432445	nsig	KrasS17N	no	-
GAS6	-0.00965926022042574	0.981204070496014	NA	NA	AP-MS	KrasS17N	no	-
GDPD1	0.16678730497366	0.305471376744061	-0.555736484903238	0.390508854551302	nsig	KrasS17N	no	-
GET1	-0.114445862236837	0.379390326616107	-0.221763430445993	0.0280761320941145	TbID	KrasS17N	no	-
GNA11	-0.0606476217206726	0.620705402780356	-0.244941000438928	0.0305143228024732	TbID	KrasS17N	no	-
GNAI1	-0.0882646034827541	0.54544268880528	-0.118983083114184	0.306342653120247	nsig	KrasS17N	no	-
GNAI2	0.0133441383493	0.939551757174085	-0.113811072714494	0.214485109559648	nsig	KrasS17N	no	-
GNAI3	-0.0748109162232122	0.760620001803246	-0.106923039985839	0.441000950385059	nsig	KrasS17N	no	-
GNAO1	NA	NA	-0.084543959246016	0.289083496053897	TbID	KrasS17N	no	-
GNG10	-0.0761396512094379	0.651361974036135	-0.129920628112956	0.55867839604876	nsig	KrasS17N	no	-
GNG4	NA	NA	-0.5387264987278	0.435828921807153	TbID	KrasS17N	no	-
GNG7	NA	NA	0.0766345559750032	0.695168418831659	TbID	KrasS17N	no	-
GNL1	-0.0750920502547014	0.900747565493923	-0.232654364858796	0.076975592408083	nsig	KrasS17N	no	-
GPM6B	NA	NA	0.803715366757576	0.274674229834304	TbID	KrasS17N	no	-
GPS1	0.110334376494594	0.459964583805378	-0.230501519765465	0.00440700003822927	TbID	KrasS17N	no	-
GRIK1	NA	NA	-0.972193630038143	0.155910767057913	TbID	KrasS17N	no	-
GTF2A1	-0.0840127929790739	0.633596402300364	0.181114157142424	0.159180663112199	nsig	KrasS17N	no	-
GUCD1	-0.264037606022042	0.105803020094879	-0.464304314673775	0.00263780856360281	TbID	KrasS17N	no	-
H1-0	NA	NA	0.2275954139517	0.152819853155681	TbID	KrasS17N	no	-
H1-4	-0.0177728206313787	0.964600733733244	-0.106092107299386	0.443444306596008	nsig	KrasS17N	no	-
H2BC11;H2BC17;H2BC3;H2BC21	0.168273509835293	0.465552005979771	NA	NA	AP-MS	KrasS17N	no	-
HDGFL2	-0.162878699338188	0.594597893376568	-0.00255065271757537	0.974851967954154	nsig	KrasS17N	no	-
HLA-DQB1	-0.203325819332044	0.405799222601408	-0.257883711289022	0.11425371803406	nsig	KrasS17N	no	-
HMGN1	-0.383225323646169	0.410306577214742	-0.186840678446304	0.117890128611873	nsig	KrasS17N	no	-
HRAS	0.530682993521584	0.416859811696009	0.0194409672125637	0.95894513792515	nsig	KrasS17N	no	-
HSPB1	0.0632022555330796	0.745774606291306	0.317769665176248	0.267092115926269	nsig	KrasS17N	no	-
IFITM1	NA	NA	-0.15702748066108	0.440032776019042	TbID	KrasS17N	no	-
IFRD2	-0.337500261170607	0.272360107067021	-0.102748335318065	0.155684331361455	nsig	KrasS17N	no	-
IPO9	0.130808673625811	0.319735571487459	-0.130879348985133	0.0884188423389037	nsig	KrasS17N	no	-
ITGA1	NA	NA	0.121712840152459	0.712974801955792	TbID	KrasS17N	no	-
ITGA2	NA	NA	0.312332046891629	0.0129961155976657	TbID	KrasS17N	no	-
ITGA4	-0.102793773609861	0.451132507733518	0.190412497235897	0.550290318604521	nsig	KrasS17N	no	-
KANK1	0.104289369866736	0.201798366618211	-0.0584164111436412	0.262947227825892	nsig	KrasS17N	no	-
KCTD10	-0.0250506667019632	0.87497775052622	-0.485057487025088	0.000697040674922477	TbID	KrasS17N	no	-
KCTD16	-0.134994603308835	0.713297527832116	NA	NA	AP-MS	KrasS17N	no	-
KIF26A	-0.189988655666431	0.235343456676208	0.50803835944292	0.56656945682308	nsig	KrasS17N	no	-
KLHL12	-0.188500726603246	0.324984772027261	0.404967869751577	0.0187982996100503	TbID	KrasS17N	no	-
KLHL17	-0.0253108599616159	0.902814947513528	0.569287938218983	0.287955983854793	nsig	KrasS17N	no	-
KPRP	-0.384107530234727	0.497688454947144	-0.347493302661769	0.229780572997173	nsig	KrasS17N	no	-
KRAS	0.137090093289668	0.281372977856917	0.0351930624209249	0.801904065950989	nsig	KrasS17N	no	-
LCLAT1	-0.31937285169793	0.109371926801707	-0.292735139939269	0.00857273622098329	TbID	KrasS17N	no	-
LGALS7	-0.167575240907546	0.729476459230867	-1.72299677977234	0.356477554242564	nsig	KrasS17N	no	-
LGALS8	NA	NA	-0.409690750432189	0.00181448119596604	TbID	KrasS17N	no	-
LOXL1	0.154869271032063	0.262057563647783	0.273690301670714	0.0128586811496822	TbID	KrasS17N	no	-
LTBP4	-0.0553080627091074	0.742889699454919	-0.171448694898054	0.627225781206917	nsig	KrasS17N	no	-
LYN	-0.0472630465158055	0.68326882624235	-0.0500566608670177	0.639244563846324	nsig	KrasS17N	no	-
LZTR1	-3.59342012732375	1.64972178215526e-07	-1.12213127495298	3.76596332524461e-05	congruent	KrasS17N	yes	loss
MAD2L1	0.137505488474819	0.207192890636656	0.497090422611864	0.000697040674922477	TbID	KrasS17N	no	-
MAGT1	-0.130269750263757	0.397684361817072	-0.303411845147989	0.00818243711139928	TbID	KrasS17N	no	-
MAP3K12	2.14009003995064	0.000285436181448922	NA	NA	AP-MS	KrasS17N	yes	gain
MAP4K1	NA	NA	0.238275421145257	0.852899287249179	TbID	KrasS17N	no	-
MAPK14	0.00922388916276162	0.962363287441367	-0.302942672781713	0.0118353188063739	TbID	KrasS17N	no	-
MDK	-0.000666619041531646	0.998173732921101	-0.0311496277750711	0.865154271182893	nsig	KrasS17N	no	-
MEGF8	0.0248112700906535	0.897246062392981	0.655968912401125	0.245816785453698	nsig	KrasS17N	no	-
MFAP2	NA	NA	0.301465704252093	0.369752420706449	TbID	KrasS17N	no	-
MOK	-0.0708992624604505	0.813904171302942	-0.247245115136523	0.290971904891933	nsig	KrasS17N	no	-
MOXD1	0.140656271658386	0.447291028178368	0.133767937922521	0.208342756379596	nsig	KrasS17N	no	-
MRAP2	NA	NA	0.297791812547736	0.375525880274147	TbID	KrasS17N	no	-
MSANTD2	0.905566187267144	0.213056283445916	NA	NA	AP-MS	KrasS17N	no	-
MTHFR	-0.0519226000624879	0.651361974036135	NA	NA	AP-MS	KrasS17N	no	-
MYO1C	0.201810091053588	0.0646044755728602	-0.261132066492639	0.018749103355358	TbID	KrasS17N	no	-
N4BP2L1	NA	NA	0.176209897932945	0.623731436171611	TbID	KrasS17N	no	-
NFU1	-0.0986380867971928	0.653616446344212	NA	NA	AP-MS	KrasS17N	no	-
NID1	0.128713510841701	0.177222813970976	0.268218896426852	0.00521162226891369	TbID	KrasS17N	no	-
NR2F2	-0.122135038814571	0.32409269765042	-0.044380465124279	0.628687510323888	nsig	KrasS17N	no	-
NRAS	-0.160054035165885	0.629894165521887	-0.455765416186999	0.0175643780459	TbID	KrasS17N	no	-
NT5C2	0.195772161785346	0.157923745160604	0.0150653032167094	0.869412408422141	nsig	KrasS17N	no	-
NUCKS1	-0.357871854820599	0.591930830513654	0.0899211789889698	0.5190566083019	nsig	KrasS17N	no	-
NUTF2	0.00104725740776601	0.997413309447497	-0.0137476745907126	0.96235841904733	nsig	KrasS17N	no	-
OCLN	-0.0879322798730264	0.542560756875126	-0.068268259031397	0.58064788116091	nsig	KrasS17N	no	-
OLA1	0.00096631945760528	0.995041702747638	0.00881987350897795	0.929491962578388	nsig	KrasS17N	no	-
OTULINL	0.0091531546307273	0.951161193840709	-0.107388927945298	0.39712547087286	nsig	KrasS17N	no	-
P3H4	-0.144246294568878	0.266223081807481	-0.0715488902790664	0.462271055007919	nsig	KrasS17N	no	-
PADI2	0.0901231266892371	0.706577303595583	1.37114573395027	0.0449104487342874	TbID	KrasS17N	yes	gain
PAQR7	NA	NA	-0.225948379638103	0.540236648664974	TbID	KrasS17N	no	-
PAQR9	NA	NA	-0.150818005326419	0.4519345052523	TbID	KrasS17N	no	-
PEX11A	NA	NA	-0.107602539826507	0.746272172245455	TbID	KrasS17N	no	-
PEX14	0.00342359042723039	0.98780912315862	0.191263308157103	0.0593695324179787	nsig	KrasS17N	no	-
PIGB	-0.126099521949889	0.358900313591186	-0.293298298307466	0.0103645080854653	TbID	KrasS17N	no	-
PIGS	-0.182578755605775	0.0985479434326992	-0.138364261421131	0.150238606527095	nsig	KrasS17N	no	-
PLEKHF1	-0.00287840429118624	0.986422169588379	-0.0922139540691056	0.795837050636888	nsig	KrasS17N	no	-
PLGRKT	-0.176756754568938	0.241018149831595	0.0340629275160573	0.928302173304572	nsig	KrasS17N	no	-
PNMA2	0.304650135226307	0.0559011296405326	0.457135339678766	0.00384306180762185	TbID	KrasS17N	no	-
PPIB	-0.194378150602915	0.54544268880528	-0.0653373511895126	0.313501257478371	nsig	KrasS17N	no	-
PPM1G	-0.00450415113884794	0.974235855777728	0.243311819350996	0.00323365954653272	TbID	KrasS17N	no	-
PPP1R12A	0.172107218453483	0.166357031983683	0.198333913324477	0.00384306180762185	TbID	KrasS17N	no	-
PPP1R14C	0.10297454951459	0.768098884316284	-0.0581000332092838	0.690743243135686	nsig	KrasS17N	no	-
PRRT4	0.111776529189425	0.672105717583851	0.0561764533838609	0.874265911035355	nsig	KrasS17N	no	-
PSMD1	0.0533035139304232	0.620437203838638	-0.123318556136654	0.0410124877363507	TbID	KrasS17N	no	-
PSMD11	0.0442971980257862	0.675013168142581	-0.284461251721002	0.0121175507243139	TbID	KrasS17N	no	-
PSMD12	0.0392512492004489	0.80783639799241	-0.219474722915333	0.058318990274016	nsig	KrasS17N	no	-
PSMD13	0.0266646035299267	0.814030696461445	-0.163874882935401	0.0823641711837786	nsig	KrasS17N	no	-
PSMD2	0.138406929994206	0.194411513678203	-0.0973378209141167	0.144574438351312	nsig	KrasS17N	no	-
PSMD4	0.0493911915617584	0.621636856328819	-0.0706972312329608	0.248856831945488	nsig	KrasS17N	no	-
PSMD7	0.114940785850026	0.403996462089414	-0.0856728481104003	0.213694788565047	nsig	KrasS17N	no	-
PTMA	0.0894950100034873	0.792912190886907	0.167884306203346	0.316058679724936	nsig	KrasS17N	no	-
PTX3	0.154014498587109	0.545968024100286	0.297381623597441	0.109463228325671	nsig	KrasS17N	no	-
PVR	-0.135511083226426	0.468433073897891	0.178829155538449	0.272408384424605	nsig	KrasS17N	no	-
PXMP2	-0.0629398052222516	0.721582101721508	-0.309305339666553	0.0146575214958189	TbID	KrasS17N	no	-
RABAC1	NA	NA	0.0875575976631602	0.647383430808714	TbID	KrasS17N	no	-
RAF1	-1.64198593180905	1.64972178215526e-07	-0.859896768308953	0.000528765211530715	congruent	KrasS17N	yes	loss
RALGDS	-0.0524899365272447	0.594499748584493	-0.640601594816113	0.129311767251001	nsig	KrasS17N	no	-
RAP1B	-0.0204936334821753	0.933876506018773	0.013067072462583	0.946613552184558	nsig	KrasS17N	no	-
RAP1GDS1	1.68851394538732	1.87857730074559e-06	0.473991531515873	0.000586277195168196	congruent	KrasS17N	yes	gain
RASGRF2	3.51793925416242	1.64972178215526e-07	0.429542359186764	0.0024638966582923	congruent	KrasS17N	yes	gain
RBM15B	0.149700855312711	0.474306357948929	-0.162541943786987	0.0374724911740008	TbID	KrasS17N	no	-
RBM4	-0.102878156485657	0.279441540896975	-0.102289807310159	0.505250913937317	nsig	KrasS17N	no	-
RBM4B	NA	NA	-0.228037736646383	0.0804476040089075	TbID	KrasS17N	no	-
RBPMS2	0.0803383335774051	0.615667568889141	0.189538014724006	0.409375128068509	nsig	KrasS17N	no	-
RDH11	-0.12446741585482	0.32790390337463	-0.46410610409203	0.0114934820130518	TbID	KrasS17N	no	-
REEP4	-0.317539581666141	0.122250665544231	-0.297503962670259	0.0125057347212418	TbID	KrasS17N	no	-
RFT1	-0.0299746336427251	0.865335489172242	-0.218510055141859	0.0216696146008429	TbID	KrasS17N	no	-
RGL1	-1.40756424665414	0.00665722775046747	-0.389884664941269	0.124441673490264	AP-MS	KrasS17N	yes	loss
RGS16	0.12612632360714	0.648934003024524	NA	NA	AP-MS	KrasS17N	no	-
RIOK1	-0.483584778937217	0.166775908077549	-0.0777558825244977	0.247270412454227	nsig	KrasS17N	no	-
RNF11	-0.0494824195269228	0.836938823180601	-0.204681315476975	0.541890422704429	nsig	KrasS17N	no	-
RNH1	0.12563760787449	0.324796080381071	0.143369820481112	0.126460024426017	nsig	KrasS17N	no	-
RP2	-0.185597834788865	0.248505091318316	-0.0678272929437718	0.509463870988723	nsig	KrasS17N	no	-
RPL39;RPL39P5	NA	NA	-0.271677196820569	0.140065055347229	TbID	KrasS17N	no	-
RPN1	-0.205201480505313	0.138194959159633	-0.276219821112674	0.0940342215506564	nsig	KrasS17N	no	-
RPN2	-0.300657985619059	0.088994674941777	-0.376170455111641	0.0721595631839079	nsig	KrasS17N	no	-
RRAS2	-0.178914913489965	0.248531491968857	-0.0919726427900525	0.465648639514313	nsig	KrasS17N	no	-
RTN4RL2	NA	NA	0.232715271197331	0.434410130606682	TbID	KrasS17N	no	-
S100A10	0.295074136903465	0.145162170048442	-0.237412960065548	0.171728090125775	nsig	KrasS17N	no	-
SCD	-0.296354067709531	0.116724383307542	-0.324359681194331	0.0471822704422546	TbID	KrasS17N	no	-
SCD5	-0.0619565108957598	0.6316117649486	-0.00892584019883813	0.946549835262507	nsig	KrasS17N	no	-
SDR39U1	-0.141825912753848	0.392268990272267	-0.36553550507251	0.245552737988281	nsig	KrasS17N	no	-
SERINC3	NA	NA	-0.77304305998109	0.301303845693882	TbID	KrasS17N	no	-
SETD4	-0.0108172954745598	0.978407965986245	-0.0197983904300987	0.938608758368755	nsig	KrasS17N	no	-
SHOC2	-0.664668618705633	0.0162295961397218	-1.3300114329422	1.25811284107347e-05	congruent	KrasS17N	yes	loss
SIRT1	0.0105739085020176	0.960918403517661	0.241441046093732	0.012645886398426	TbID	KrasS17N	no	-
SIX2	-0.0195582540600441	0.93110182192398	0.0742915753068765	0.719799121500976	nsig	KrasS17N	no	-
SLC19A2	NA	NA	-0.181930742637475	0.229837096214056	TbID	KrasS17N	no	-
SLC26A2	0.0524245355642545	0.736668467819035	-0.158801707198695	0.335303907646742	nsig	KrasS17N	no	-
SLC30A7	-0.101795385730393	0.672419892047306	-0.289809050623992	0.0216862360342129	TbID	KrasS17N	no	-
SLC35B2	-0.230066305697266	0.212403235817935	-0.244379551102712	0.01228172225806	TbID	KrasS17N	no	-
SLC35F1	NA	NA	0.017921484367891	0.947166756230151	TbID	KrasS17N	no	-
SMAP	0.177746180846551	0.187353136816466	0.216221866760902	0.0722012233830527	nsig	KrasS17N	no	-
SMIM26	-0.341101133950859	0.0510014697927581	-0.569533558674525	0.0291789450132146	TbID	KrasS17N	no	-
SNAP91	0.28526411980177	0.193239485730938	0.0177258543292567	0.907690102967909	nsig	KrasS17N	no	-
SOAT1	-0.289138464780745	0.177222813970976	-0.496550466279668	0.116091623035536	nsig	KrasS17N	no	-
SOS1	0.836795825358939	0.000167617304116765	0.156826857007133	0.0734503066869823	AP-MS	KrasS17N	no	-
SOWAHD	0.116731930906847	0.522001060142946	0.252218581584593	0.475840012787941	nsig	KrasS17N	no	-
SOX18	-0.104465281024766	0.78904826107525	NA	NA	AP-MS	KrasS17N	no	-
SPRR1B;SPRR1A	0.0671558486085004	0.87521732540382	NA	NA	AP-MS	KrasS17N	no	-
SRI	-0.0524900271653408	0.647126245264502	-0.353005818155925	0.0643271568815604	nsig	KrasS17N	no	-
SRPX	0.219183496556891	0.5320527170318	0.274418818755652	0.0332535796267504	TbID	KrasS17N	no	-
SRRD	NA	NA	-0.326175138055138	0.0308401994437802	TbID	KrasS17N	no	-
SSU72	0.0140730827533915	0.917722639117732	0.0573278022545356	0.545503927850514	nsig	KrasS17N	no	-
STT3A	-0.405692099495433	0.0300858382590462	-0.311113900102818	0.018159602885712	congruent	KrasS17N	no	-
STT3B	-0.119388188791399	0.301711567498084	-0.363835948616153	0.0141513903722291	TbID	KrasS17N	no	-
SULF1	NA	NA	0.284182801185516	0.025347535123595	TbID	KrasS17N	no	-
SULF2	-0.00680456341022229	0.960443812415451	0.179589519098377	0.0134101201813457	TbID	KrasS17N	no	-
SULT2A1	NA	NA	1.2860668771908	0.539783942388713	TbID	KrasS17N	no	-
SUN2	-0.0169060728573935	0.887028645412435	-0.0425057368690123	0.571924641671202	nsig	KrasS17N	no	-
TAF1A	0.0834989411571341	0.622002573942506	-0.297127937912087	0.00281506109140744	TbID	KrasS17N	no	-
TCOF1	0.0472208333433652	0.862993207501662	0.402377211926609	0.00323838387388951	TbID	KrasS17N	no	-
THAP1	-0.138512616624443	0.73338213389326	NA	NA	AP-MS	KrasS17N	no	-
THRA	-0.336417311787594	0.389418235364713	NA	NA	AP-MS	KrasS17N	no	-
TLCD2	NA	NA	-0.0346481640275762	0.898142935201728	TbID	KrasS17N	no	-
TLCD4	NA	NA	-0.152698580824017	0.647294523451204	TbID	KrasS17N	no	-
TMEM128	NA	NA	-0.0855500993091542	0.746272172245455	TbID	KrasS17N	no	-
TMEM161A	-0.269781996917665	0.20185043462871	-0.248768945755419	0.0313063027712581	TbID	KrasS17N	no	-
TMEM214	-0.0943999278742229	0.478267300862413	-0.271600306129336	0.00449620631644418	TbID	KrasS17N	no	-
TMEM256	NA	NA	-0.317283998611668	0.463075681520883	TbID	KrasS17N	no	-
TMEM38A	NA	NA	-0.297859879812126	0.0943698629225915	TbID	KrasS17N	no	-
TMT1A	0.19290968898	0.416626775637068	-0.00275847306778232	0.988310025701112	nsig	KrasS17N	no	-
TNPO1	-0.118028283670885	0.350348786471869	-0.0929975468075224	0.120149041453633	nsig	KrasS17N	no	-
TP53	0.124200196767291	0.273016603141094	0.223390082054582	0.0804476040089075	nsig	KrasS17N	no	-
TPM1	0.361138127550491	0.357195477339209	NA	NA	AP-MS	KrasS17N	no	-
TRAF7	-2.4091619109101	1.64972178215526e-07	-0.09905475191308	0.186458370425998	AP-MS	KrasS17N	yes	loss
TTC39B	NA	NA	0.0752632053313818	0.840120993518286	TbID	KrasS17N	no	-
TTL	NA	NA	0.418865761586012	0.539278031236137	TbID	KrasS17N	no	-
TUBG2	NA	NA	0.254496991082902	0.416806204964091	TbID	KrasS17N	no	-
TUSC3	NA	NA	-0.295501652918956	0.0494634607046743	TbID	KrasS17N	no	-
TXNL1	0.0390735109779854	0.781304060196264	-0.038188615094608	0.751672007891915	nsig	KrasS17N	no	-
UBE2R2	0.177144713321489	0.252383115356328	NA	NA	AP-MS	KrasS17N	no	-
UBP1	-0.131663002910203	0.661248403668764	-0.0233414090544013	0.818886344212072	nsig	KrasS17N	no	-
UBTD1	-0.151062240778231	0.622246137261283	-0.167523906309633	0.378617716412762	nsig	KrasS17N	no	-
UBXN7	0.0200099994607346	0.899098432355236	0.0460538782924846	0.616645870089023	nsig	KrasS17N	no	-
ULBP1	NA	NA	0.258239557127801	0.421760686024006	TbID	KrasS17N	no	-
UQCRFS1P1	NA	NA	-0.172318123062073	0.0621898681420647	TbID	KrasS17N	no	-
USP25	-0.427511594610648	0.682645576770075	-1.06917034738085	0.0723712052285157	nsig	KrasS17N	no	-
USP47	-0.101589846843053	0.364401125861233	0.0739088673709407	0.134179505857828	nsig	KrasS17N	no	-
USP7	0.125924485891289	0.201798366618211	0.296750226426404	0.000978057022067428	TbID	KrasS17N	no	-
VCAN	-0.0517566183795211	0.64140300227562	0.0426702058329269	0.380164896490578	nsig	KrasS17N	no	-
WNT11	NA	NA	0.257147508248263	0.177465646645849	TbID	KrasS17N	no	-
XXYLT1	-0.0699607579744779	0.454411030692355	-0.0318935886366045	0.765144827890236	nsig	KrasS17N	no	-
YES1	-0.0735107405171611	0.577533897191517	-0.0727181165527711	0.413379531310453	nsig	KrasS17N	no	-
ZBTB10	-0.0220037642656283	0.855136294948682	0.0578984925658759	0.323478309733359	nsig	KrasS17N	no	-
ZBTB43	-0.140105570882454	0.752815210559974	0.0505945722499295	0.687707531129809	nsig	KrasS17N	no	-
ZDHHC6	0.0746810838382714	0.811469838436735	-0.222700432517378	0.01228172225806	TbID	KrasS17N	no	-
ZFTRAF1	-0.10729759850624	0.732695882752539	0.0918713047456468	0.878302268270155	nsig	KrasS17N	no	-
ZIC2	-0.0478381737780111	0.797299222829537	-0.317306180929123	0.0092749368288307	TbID	KrasS17N	no	-
ZIC5	0.327712007032735	0.461505597694792	NA	NA	AP-MS	KrasS17N	no	-
ZNF117	1.03406202185047	0.195766635132357	-0.523259006555313	0.463883565543244	nsig	KrasS17N	no	-
ZNF594	NA	NA	-0.166167743634057	0.0143186680418682	TbID	KrasS17N	no	-
ZNF596	NA	NA	-0.0455294370743413	0.90757598466079	TbID	KrasS17N	no	-
ZNF630	NA	NA	-0.186716671848047	0.488491341678412	TbID	KrasS17N	no	-
ZNF723	NA	NA	-0.593432370935421	0.149048044607919	TbID	KrasS17N	no	-
ZNF83	NA	NA	-0.747104841409531	0.121961416759152	TbID	KrasS17N	no	-
ABHD3	0.377825652866318	0.187109168409652	1.23140975733565	0.000233941313549474	TbID	ERK2AA	yes	gain
ACTL8	0.589941994423676	0.0949764891102495	1.26193500139753	0.00111009279800977	TbID	ERK2AA	yes	gain
ADAM17	-0.514820122680831	0.131702083209837	-0.114570413027996	0.445858675498961	nsig	ERK2AA	no	-
ADGRL1	-0.196738675108139	0.46228107643241	0.268841398765659	0.113747100481025	nsig	ERK2AA	no	-
ADGRL2	-0.903565365091035	0.00147199519408055	0.0231498194218953	0.796234363210334	AP-MS	ERK2AA	no	-
ADGRL3	-0.692662054823196	0.0601005652563947	-0.428373010720559	0.217010497946978	nsig	ERK2AA	no	-
ADRM1	0.548929543911049	0.0160456222645972	0.103941353376195	0.383303779874692	AP-MS	ERK2AA	no	-
AGO1	0.114359207456189	0.295107329356063	-0.587588701275927	0.00259414011064266	TbID	ERK2AA	no	-
AGO2	0.48587563336371	0.00463731595067206	-0.790847322783183	0.00188374286018894	opposite	ERK2AA	no	-
AGO3	0.225719196646662	0.12450390886142	-0.811408691635266	0.000997202760309677	TbID	ERK2AA	no	-
ANKRD34A	NA	NA	0.584930071075169	0.0101903123980034	TbID	ERK2AA	no	-
ANO8	-0.524032934507841	0.0114700071056911	-0.195941131863024	0.187603376779328	AP-MS	ERK2AA	no	-
ARC	-1.16677586165134	0.16091625078789	0.207305496961379	0.484993715124676	nsig	ERK2AA	no	-
ARHGAP29	-0.253382127379086	0.224609251683724	-0.552274476016123	0.00291287431198782	TbID	ERK2AA	no	-
ARHGAP31	0.026213725994704	0.921262305370233	-0.223910904304197	0.0693696948959616	nsig	ERK2AA	no	-
ARHGEF26	-0.0476303995806194	0.766810707123861	-0.312822237992162	0.0191671391106708	TbID	ERK2AA	no	-
ASPM	0.464060554731751	0.112518298903949	0.559659693198904	0.0107226409414217	TbID	ERK2AA	no	-
ATXN7L1	-0.105992927194556	0.797504001369202	-0.247457697595696	0.182380122385576	nsig	ERK2AA	no	-
AUNIP	0.28954488296295	0.0613549442705255	-0.33788194461996	0.0250176755284202	TbID	ERK2AA	no	-
BACH1	-0.566392373068424	0.00903273055453194	-0.0277422965288846	0.822397811755577	AP-MS	ERK2AA	no	-
BTBD6	NA	NA	-0.37414817230722	0.102561263968028	TbID	ERK2AA	no	-
C15orf39	0.299894461604678	0.0153586204683244	-0.768147367836537	0.00126969194802819	opposite	ERK2AA	no	-
C4A;C4B	NA	NA	0.611861337046714	0.00409779041262967	TbID	ERK2AA	no	-
CAMSAP2	-0.261262360028905	0.0640951362503756	-0.399984790245826	0.00707109729467669	TbID	ERK2AA	no	-
CCAR2	0.333257856007669	0.0146054069742213	-0.308654934915467	0.113497030179216	AP-MS	ERK2AA	no	-
CCDC138	-0.130518461456412	0.366105735498393	-0.305361272797907	0.00892092253033554	TbID	ERK2AA	no	-
CDC123	0.102983504392938	0.585232887425301	-0.345638794469423	0.0116361978992854	TbID	ERK2AA	no	-
CDC37	-0.246694844020434	0.0620967053012684	-0.309122547784766	0.0140180149014496	TbID	ERK2AA	no	-
CDC42EP3	-0.202890850136587	0.535851380974957	-0.50240951376763	0.0397305622948504	TbID	ERK2AA	no	-
CDCA3	-0.11269972861838	0.727219136122385	-0.310529053114572	0.022280668250821	TbID	ERK2AA	no	-
CENPI	0.16378081178022	0.695394731441678	0.147659521787835	0.271820127302992	nsig	ERK2AA	no	-
CFL2	NA	NA	0.776732678425449	0.00391578880882219	TbID	ERK2AA	no	-
CHAF1A	-0.37060950431432	0.019543497504976	-0.461902419388481	0.0107811599588468	congruent	ERK2AA	no	-
CHAF1B	0.256303883890062	0.0833595035096882	-0.386615062720847	0.0129123730041709	TbID	ERK2AA	no	-
CHAMP1	0.126616845974819	0.320078483523034	-0.273897133612032	0.0417574364831642	TbID	ERK2AA	no	-
CHD8	0.400457991627221	0.0613549101748473	0.195904902296252	0.156963511607861	nsig	ERK2AA	no	-
CHERP	0.123774193849097	0.575956059414148	-0.441379982659921	0.0068497535482565	TbID	ERK2AA	no	-
CHGA	NA	NA	0.860958402976705	0.00914186213270379	TbID	ERK2AA	no	-
CKAP2	0.236863720958107	0.388550317297541	-0.536699530748924	0.00247617480179434	TbID	ERK2AA	no	-
CKAP2L	0.513331408392863	0.113021819535867	0.245662258114781	0.279096782496991	nsig	ERK2AA	no	-
CLSPN	0.173197283125636	0.288519256596614	-0.20905456597996	0.145822643703418	nsig	ERK2AA	no	-
CNOT4	-0.0904243732117413	0.591451406669653	-0.624024722566651	0.00111009279800977	TbID	ERK2AA	no	-
COPRS	-0.804629372213874	0.0289782609977915	-0.595585824121604	0.0652675822804011	AP-MS	ERK2AA	no	-
CORO2A	1.1773836179603	0.00117309305025528	0.599565098844241	0.00303566978187432	congruent	ERK2AA	yes	gain
CRIP2	1.06744856814329	0.00381739356719609	0.860240200714536	0.00111009279800977	congruent	ERK2AA	yes	gain
CRMP1	0.258511956095382	0.149352600715071	0.194709580284844	0.072960412922932	nsig	ERK2AA	no	-
CSPG4	0.915588328077139	0.000983424058439064	1.25577202339964	0.0114005410086463	congruent	ERK2AA	yes	gain
CSRP1	4.74501894586559	5.51201602843339e-05	3.57660977296876	0.00247617480179434	congruent	ERK2AA	yes	gain
CTBP2	-0.251074208563806	0.116649921673351	0.002430114125875	0.976772390584369	nsig	ERK2AA	no	-
CYP2S1	0.653625137062751	0.054300346738673	0.597780351477633	0.00402156222721821	TbID	ERK2AA	no	-
DCAF8L1;DCAF8L2	-0.929292125417492	0.0233557611177457	NA	NA	AP-MS	ERK2AA	no	-
DERPC	2.11216546657441	1.18680624446045e-06	NA	NA	AP-MS	ERK2AA	yes	gain
DHCR24	0.0197248450528653	0.877431802961328	0.663770718615736	0.0028932562278478	TbID	ERK2AA	no	-
DHPS	-2.9598012623524	7.09929088271728e-05	-0.654895735676832	0.00212424006972028	congruent	ERK2AA	yes	loss
DIAPH3	-0.0572176821805913	0.612187338027847	-0.34888006475591	0.0388957354900377	TbID	ERK2AA	no	-
DNAJC18	0.309050841388296	0.0174806976135751	0.61357684763062	0.00167697107302028	congruent	ERK2AA	no	-
DNAJC22	NA	NA	1.48741512835521	0.000905291287838862	TbID	ERK2AA	yes	gain
DNMT3B	1.60382201190078	0.030861250743635	0.892684756052117	0.000763748678734085	congruent	ERK2AA	yes	gain
DNTTIP1	0.240604854374613	0.155744992247215	0.23211041086567	0.123226218055596	nsig	ERK2AA	no	-
DPF3	0.690438843630764	0.052923427528411	0.670336642319237	0.15855983045442	nsig	ERK2AA	no	-
DUSP1	-1.3776026251422	0.00384227994221436	0.303364215465292	0.634725785227197	AP-MS	ERK2AA	yes	loss
DUSP16	-1.1755516021735	0.00383813078110103	-0.20625515159005	0.119770917516689	AP-MS	ERK2AA	yes	loss
DUSP4	-0.993132137553503	0.0160456222645972	NA	NA	AP-MS	ERK2AA	no	-
DUSP5	-0.348736876331753	0.293048823560914	-0.198595034472028	0.335296565341367	nsig	ERK2AA	no	-
DUSP6	-1.0753064086734	0.105790395904199	-0.0116165009598107	0.953033835057397	nsig	ERK2AA	no	-
DUSP7	-1.21735039985128	0.00467766150529093	-0.501209513394775	0.0291575394099945	congruent	ERK2AA	yes	loss
DUSP9	-0.621108659260737	0.108783750458298	1.07101669428757	0.00186279214558577	TbID	ERK2AA	yes	gain
ECHDC1	-0.14372770582084	0.398190746326886	-0.308618948509033	0.0106044978019789	TbID	ERK2AA	no	-
EEF1B2	0.479014382522284	0.00966716297271111	0.369498644482978	0.0585824546165745	AP-MS	ERK2AA	no	-
EEF1D	0.320666087730582	0.0178235302706609	0.241536620955865	0.220953747651086	AP-MS	ERK2AA	no	-
EEF1G	0.317756502228192	0.0640951362503756	0.304698067140206	0.130812664351261	nsig	ERK2AA	no	-
EIF4EBP2	0.70790108277666	0.020295147798072	NA	NA	AP-MS	ERK2AA	no	-
EMILIN2	0.535446640294266	0.410976199361247	1.07344762510203	0.00111009279800977	TbID	ERK2AA	yes	gain
EMX1	1.1842840208949	0.0174806976135751	NA	NA	AP-MS	ERK2AA	yes	gain
ERF	-2.01746491806323	0.000332609898385582	-0.64925750295193	0.00301157377048795	congruent	ERK2AA	yes	loss
ERRFI1	0.453693059826141	0.197688197147275	-0.500203294885025	0.0153039280780384	TbID	ERK2AA	no	-
ETV3	-0.786318999881296	0.00232190962611084	-0.642960919252843	0.00411799361699508	congruent	ERK2AA	no	-
EYA3	-1.83658729805289	0.000723991104436226	-1.42485992949974	0.000233941313549474	congruent	ERK2AA	yes	loss
F5	1.47761363583124	0.0520361874078121	NA	NA	AP-MS	ERK2AA	no	-
FADS2	0.569413962899018	0.00432099156298424	0.877789457696738	0.000889264204506024	congruent	ERK2AA	no	-
FAM83D	-0.471268981620356	0.0707491216238675	-0.0820802633186136	0.459385373506587	nsig	ERK2AA	no	-
FBH1	-0.364553074978521	0.182984630789211	0.215850242073366	0.231014385866142	nsig	ERK2AA	no	-
FBRS	-0.279425020371169	0.03744392149808	-1.02297047148286	0.00130237333106027	congruent	ERK2AA	yes	loss
FGFR1	-0.55605306973562	0.0136287503248327	0.0545028734084738	0.681788615253536	AP-MS	ERK2AA	no	-
FIGN	-0.596756088077122	0.16974712229801	-0.439610254345402	0.0369427173534887	TbID	ERK2AA	no	-
FKBP5	-0.176572943589008	0.356554805472749	-0.0275232138199979	0.752909225704434	nsig	ERK2AA	no	-
FNDC10	0.706061159581782	0.0665812787367	1.07779655351811	0.0187269990123684	TbID	ERK2AA	yes	gain
FOXG1	1.01393924309178	0.00209993172763307	NA	NA	AP-MS	ERK2AA	yes	gain
FOXRED2	0.145119411685516	0.271092217274312	0.38628366630686	0.0181246910949212	TbID	ERK2AA	no	-
FRMD4A	-0.165248098163851	0.354997142519342	-0.371776699619967	0.0313021465011362	TbID	ERK2AA	no	-
FRS2	-0.756401856432037	0.0232429906043055	0.275578000414376	0.0275433699092621	opposite	ERK2AA	no	-
FRS3	NA	NA	0.140407734824835	0.45726821189646	TbID	ERK2AA	no	-
FSCN1	0.691370783365003	0.0382035834601226	0.422799998252282	0.00712040529662567	congruent	ERK2AA	no	-
GAB1	-0.320160593190374	0.316887459589771	-0.199235656131245	0.0905693847187282	nsig	ERK2AA	no	-
GABRB3	0.259287213575621	0.446441889117296	0.351118268910721	0.0712850425649252	nsig	ERK2AA	no	-
GDAP1L1	0.362931634772334	0.282241262022699	0.440423880120758	0.0484906398214035	TbID	ERK2AA	no	-
GDF15	0.0273780602445226	0.941435441641312	1.3142688967986	0.00347129285056799	TbID	ERK2AA	yes	gain
GPAM	0.357985483605717	0.04080525619429	0.658060933419967	0.00216291021872287	congruent	ERK2AA	no	-
GPC6	0.0286950459237249	0.924525353129306	0.61515134959646	0.00440046105182035	TbID	ERK2AA	no	-
GRIP1	-0.423479050178881	0.0244738890664536	-0.592069976785088	0.00302121728262816	congruent	ERK2AA	no	-
GRSF1	-2.42317187900163	1.09553978373398e-05	-0.275745478499754	0.0632515883502648	AP-MS	ERK2AA	yes	loss
GTSE1	0.241310095065701	0.0433698594072472	-0.479824174312847	0.00948775607956982	opposite	ERK2AA	no	-
HCN4	0.942626102205388	0.00147447847234058	NA	NA	AP-MS	ERK2AA	no	-
HIVEP1	0.125824961716406	0.774626146409334	-0.0744979358284914	0.640482034246394	nsig	ERK2AA	no	-
HMGN2	1.00691240887134	0.00501492825817493	0.0722821499910926	0.796899137566902	AP-MS	ERK2AA	yes	gain
HMMR	-0.305865757525979	0.155995216171596	0.0613243239401412	0.525116037977656	nsig	ERK2AA	no	-
HPS4	-0.432419746271856	0.296152245704066	-0.269910456037934	0.156963511607861	nsig	ERK2AA	no	-
HSP90AA1	-0.184395201060293	0.14688211451893	0.247895905791728	0.0747312186820136	nsig	ERK2AA	no	-
HSP90AA4P	-0.962867439210635	0.391757761035936	-0.0516227634795345	0.769815031139702	nsig	ERK2AA	no	-
HSP90AA5P	-1.05949469143527	0.108013729219919	0.0880736958159573	0.723130829651103	nsig	ERK2AA	no	-
HSP90AB1	-0.292197878842463	0.0177609597070712	0.163195590776539	0.147846943994384	AP-MS	ERK2AA	no	-
HSP90AB4P	0.0596956018496322	0.780085046842337	NA	NA	AP-MS	ERK2AA	no	-
ID3	0.240644169344709	0.376294064075224	-0.0835022028690258	0.608996462130962	nsig	ERK2AA	no	-
ILK	-0.0382457930506327	0.848139409395141	0.42674303819367	0.00587569167253096	TbID	ERK2AA	no	-
IPP	-0.732624728527206	0.0148527873066597	0.220466407276532	0.232455104509639	AP-MS	ERK2AA	no	-
KATNAL1	-1.28825710107221	0.00147447847234058	-0.466297894685903	0.00409779041262967	congruent	ERK2AA	yes	loss
KATNIP	-0.627964376620085	0.00207944177040264	-0.799571934656656	0.000763748678734085	congruent	ERK2AA	no	-
KCTD10	0.720973227559681	0.0302881806118402	0.453622687978377	0.0451804616018015	congruent	ERK2AA	no	-
KCTD12	0.515438045889277	0.00326953561490385	0.427623790407462	0.00564265627818335	congruent	ERK2AA	no	-
KCTD20	-0.843153774137816	0.0255025959395294	-0.0751396540004992	0.690362894474641	AP-MS	ERK2AA	no	-
KDM8	-3.5407996118472	0.0197009132007571	-0.208922172881867	0.250634355278659	AP-MS	ERK2AA	yes	loss
KIDINS220	-1.14563547326998	0.000105442462193484	-0.0582061564048602	0.559337313091315	AP-MS	ERK2AA	yes	loss
KIF14	-0.00970308108916343	0.943822222836435	0.148547758483541	0.217010497946978	nsig	ERK2AA	no	-
KIF16B	0.142651520998499	0.697364648996847	-0.313054690201395	0.0390244205088092	TbID	ERK2AA	no	-
KIF7	-0.0825603679932671	0.428666701627853	-0.241157405193006	0.0222300235171114	TbID	ERK2AA	no	-
KLHL15	-0.00372550169536753	0.983315377773348	0.172445070785608	0.0587072244462887	nsig	ERK2AA	no	-
KMT5A	0.58538965108844	0.195891702005849	0.337598827188604	0.196892307274429	nsig	ERK2AA	no	-
LCP1	0.733861331004039	0.097423625209954	0.117290199936007	0.328296035259616	nsig	ERK2AA	no	-
LEMD2	-1.13969503189912	0.000233285231404407	0.097984034493355	0.528570338005605	AP-MS	ERK2AA	yes	loss
LEMD3	-0.257599490369216	0.0484110680154154	-0.346950676451923	0.00801448655342516	congruent	ERK2AA	no	-
LHX4	-0.530255017861095	0.241389554656617	NA	NA	AP-MS	ERK2AA	no	-
LIMS1	-0.244726924476518	0.155744992247215	0.389075368159139	0.00540268260873648	TbID	ERK2AA	no	-
LMBRD2	-1.23445963176178	0.000358667032378845	0.0561440381616324	0.501901400956234	AP-MS	ERK2AA	yes	loss
LMO1	-0.678426082511725	0.108676595538977	NA	NA	AP-MS	ERK2AA	no	-
LSAMP	NA	NA	0.220546361356136	0.287577046390173	TbID	ERK2AA	no	-
LZTS2	0.133878340850936	0.172555518850233	0.161083084126493	0.104108852051196	nsig	ERK2AA	no	-
MAP2K2	-1.06698667231852	0.00868582733375089	-0.204796184338553	0.0667194431845404	AP-MS	ERK2AA	yes	loss
MAPK1	0.0532744068277393	0.832075297220071	-0.343878052556559	0.0117354313980081	TbID	ERK2AA	no	-
MCTP2	0.780300433476914	0.0568875137420217	0.218598156122595	0.315849279597623	nsig	ERK2AA	no	-
MED12L	0.647868835346269	0.000736385681473689	0.209567895644243	0.221329244931142	AP-MS	ERK2AA	no	-
MEST	NA	NA	1.54168395754076	0.00600925304062764	TbID	ERK2AA	yes	gain
MIDEAS	-0.0131235626549692	0.927567625888541	0.0331685326283288	0.734894133379446	nsig	ERK2AA	no	-
MKNK1	-0.573757380517777	0.0656099426995663	-0.129794065015438	0.357142206482653	nsig	ERK2AA	no	-
MKNK2	-1.64810625365207	0.00149809496506482	-0.911526529319071	0.00391578880882219	congruent	ERK2AA	yes	loss
MRTFA	-0.300780407026341	0.0286259816642094	-0.296227716478972	0.022500712283985	congruent	ERK2AA	no	-
MRTFB	-1.07454567184927	0.00298059410409789	-0.749674744746464	0.00177404080045436	congruent	ERK2AA	yes	loss
MSANTD7	NA	NA	0.637017531778278	0.00120826241023179	TbID	ERK2AA	no	-
MYH9	-0.276674257504504	0.0217500940375024	0.567134555988745	0.0208584216943216	opposite	ERK2AA	no	-
MZT1	-1.99210810194585	0.000464586071744691	0.174344488939348	0.329749465308123	AP-MS	ERK2AA	yes	loss
MZT2B	-1.62185791110804	0.00054947169879494	-0.391169923825092	0.033359561623379	congruent	ERK2AA	yes	loss
N4BP3	0.689827064745154	0.00404805213384468	0.210677182008564	0.2035991312427	AP-MS	ERK2AA	no	-
NCKAP5L	0.249521697725829	0.0703707127905157	-0.119628216011241	0.278241987667975	nsig	ERK2AA	no	-
NDRG2	NA	NA	0.713775532759907	0.0969212918570699	TbID	ERK2AA	no	-
NECAP1	0.134415570965915	0.428125477069402	-0.349346257530893	0.026088726188354	TbID	ERK2AA	no	-
NEFL	-0.571464990936559	0.0205234430574633	0.24205590427201	0.199398635415152	AP-MS	ERK2AA	no	-
NEK3	-0.289582927543455	0.0774698408666403	-0.177370114247922	0.126186295035951	nsig	ERK2AA	no	-
NEO1	-0.676003396789114	0.00615526335176071	-0.377127641188653	0.0283067711180741	congruent	ERK2AA	no	-
NFE2L1	0.0913975080474652	0.765246336077005	-0.242668807657762	0.342127320431522	nsig	ERK2AA	no	-
NLGN4Y	-0.0164478991400976	0.962441988376577	NA	NA	AP-MS	ERK2AA	no	-
NOTCH1	-0.687717489847118	0.00640590857350426	0.0679519067711085	0.693495013076037	AP-MS	ERK2AA	no	-
NOTCH3	0.570544262886115	0.00580114530904215	0.933637731470059	0.140225721381511	AP-MS	ERK2AA	no	-
NTS	NA	NA	0.215086777740406	0.227647005455442	TbID	ERK2AA	no	-
NUP58	-0.658605493681484	0.00201788899001733	-0.635836799677204	0.00122078432407143	congruent	ERK2AA	no	-
OCIAD2	-0.423503745703736	0.0242697274971481	0.344284957997722	0.0730773310681831	AP-MS	ERK2AA	no	-
ORMDL2	NA	NA	0.935693925917044	0.0136013098901827	TbID	ERK2AA	no	-
OS9	-0.61839416093222	0.00554671565404914	0.60156738654729	0.152864823048501	AP-MS	ERK2AA	no	-
OTUD5	-0.44051789004922	0.01303442540454	-0.516321404359153	0.00336204565804136	congruent	ERK2AA	no	-
PAIP2	0.0763648268398194	0.744836748692596	-0.403218810756436	0.0374526022958825	TbID	ERK2AA	no	-
PALMD	0.982628947210095	0.0283868551479134	-0.527751739176503	0.0342795509808844	opposite	ERK2AA	no	-
PARVA	-0.347455068678281	0.115507665847452	0.185440804391735	0.0843225930453526	nsig	ERK2AA	no	-
PARVB	-0.310361142021853	0.128135848132432	0.211722893788728	0.231014385866142	nsig	ERK2AA	no	-
PBDC1	0.676974265290541	0.00173443328737549	0.16431745118741	0.155759974985012	AP-MS	ERK2AA	no	-
PCDH19	-0.647827464656921	0.105580111066167	-0.427856715766343	0.0148498167459278	TbID	ERK2AA	no	-
PCLAF	0.657611746538348	0.202148468118926	-0.181195004338375	0.123188402043446	nsig	ERK2AA	no	-
PCNT	-0.0525734568058587	0.680707940980533	0.278798703186748	0.0373569268337403	TbID	ERK2AA	no	-
PDCD6IP	-1.85221611253585	1.88068307662469e-06	0.124230111739745	0.179320737579732	AP-MS	ERK2AA	yes	loss
PEA15	NA	NA	0.330615381168763	0.0253123642558506	TbID	ERK2AA	no	-
PEDS1	NA	NA	0.614224399619164	0.00440046105182035	TbID	ERK2AA	no	-
PEG10	0.0568398224885617	0.772923232777092	-0.470235041654688	0.00489359889244344	TbID	ERK2AA	no	-
PIK3R3	-0.515152475094541	0.00579333974968186	-0.223175235787574	0.0576076704270201	AP-MS	ERK2AA	no	-
PINX1	0.395816467523783	0.192244029724015	-0.598985547264762	0.00212424006972028	TbID	ERK2AA	no	-
PKHD1L1	-0.849447998968112	0.15643155637399	NA	NA	AP-MS	ERK2AA	no	-
PKM	0.777106214586326	0.00332613211157169	0.647719993868446	0.00523397833352201	congruent	ERK2AA	no	-
PLEKHN1	1.29064909661044	0.00591263324330816	0.533776998136908	0.178628719467332	AP-MS	ERK2AA	yes	gain
PNMA2	-0.381046396974443	0.0404629073871604	0.32927179205225	0.0138619819453621	opposite	ERK2AA	no	-
POM121	-0.0655816804815375	0.670236442178276	0.101523007655171	0.600956890022543	nsig	ERK2AA	no	-
PPM1L	-0.836002261776039	0.00548188800826925	-0.228103680785396	0.272616241801876	AP-MS	ERK2AA	no	-
PPP2R1B	1.13197428620846	0.00030614491074145	1.09649303076479	0.00147066148029346	congruent	ERK2AA	yes	gain
PRCC	0.510251333699952	0.113725106451676	-0.642510490700495	0.00534495390221794	TbID	ERK2AA	no	-
PRMT2	-0.631575341009107	0.205936424889215	0.466185123261255	0.00578344162772236	TbID	ERK2AA	no	-
PRRC2B	0.123621932901231	0.355219498619581	-0.373481613835922	0.0105771033962015	TbID	ERK2AA	no	-
PSMA6	1.18094634742785	0.000649494124831082	1.00848625625303	0.000433052250346642	congruent	ERK2AA	yes	gain
PSMB5	1.08792336092169	0.00133340029953624	1.1240757617868	0.000451241702948042	congruent	ERK2AA	yes	gain
PSMC2	-0.466683588356263	0.00977526941673357	-0.534459563158688	0.0025879795899674	congruent	ERK2AA	no	-
PSMC5	-0.385521689019568	0.00835264762779908	-0.0351258645310013	0.730214813062638	AP-MS	ERK2AA	no	-
PSMD3	-0.699552922293142	0.000755822614406074	0.242217147516356	0.207751442116827	AP-MS	ERK2AA	no	-
PTPDC1	-0.156158511488045	0.645159011687678	0.189613769599015	0.260887926828765	nsig	ERK2AA	no	-
PTPRZ1	-0.0843499126609589	0.808434864626192	0.214590662408434	0.340481148723257	nsig	ERK2AA	no	-
RAC2	1.33407968316473	0.0154068539699921	1.33156518455759	0.000763748678734085	congruent	ERK2AA	yes	gain
RAI2	0.196641909905171	0.481932778029641	-0.485109566061834	0.0307719295133031	TbID	ERK2AA	no	-
RAP1GAP	-0.494718151347501	0.0448647396991456	0.0785296486335564	0.503100085875187	AP-MS	ERK2AA	no	-
RAP1GAP2	0.303124028253149	0.430942947307442	0.297195078400917	0.0190283646289806	TbID	ERK2AA	no	-
RAVER1	-0.117465554517162	0.356723685918526	-1.26190118538078	0.000186817365815508	TbID	ERK2AA	yes	loss
RHBDF1	-1.05639213769221	0.0066499207910412	-0.0585383984997918	0.773339451446396	AP-MS	ERK2AA	yes	loss
RHBDF2	-0.824692266435095	0.00147447847234058	0.011937577384672	0.937641898401158	AP-MS	ERK2AA	no	-
RP9	0.587050966771435	0.0109216815254149	0.536592883340204	0.00942114390104405	congruent	ERK2AA	no	-
RPA1	0.328857229703857	0.0155200797371764	0.115613660373196	0.342688841192308	AP-MS	ERK2AA	no	-
RPA2	0.102541653513143	0.501120786022415	0.19355712891866	0.238698406773933	nsig	ERK2AA	no	-
RPA3	0.0745992482764919	0.690433118030693	0.138531362958588	0.275730992484725	nsig	ERK2AA	no	-
RPS6KA1	-1.14052930231982	7.09929088271728e-05	-0.0612170961308144	0.550683937463669	AP-MS	ERK2AA	yes	loss
RPS6KA2	-1.1111062016444	0.00124549828022825	0.11612187891942	0.436010966829962	AP-MS	ERK2AA	yes	loss
RPS6KA3	-2.57121065113329	1.18680624446045e-06	-0.5622631212027	0.00433240219952975	congruent	ERK2AA	yes	loss
RPS6KA4	-0.294420872646399	0.0176218371560669	0.0475038265579667	0.558736483953818	AP-MS	ERK2AA	no	-
RPS6KA5	-0.918532365262203	0.000821681180433832	0.195235796001786	0.304909389096963	AP-MS	ERK2AA	no	-
RPS6KA6	-1.21122400646812	0.00709322015720174	-0.162086409256222	0.130107502719783	AP-MS	ERK2AA	yes	loss
RSU1	-0.354837987454505	0.0481842923120274	0.156746864894255	0.138038203800482	AP-MS	ERK2AA	no	-
RTKN2	-0.0729865820649909	0.811444223741295	-0.470047836349133	0.00391578880882219	TbID	ERK2AA	no	-
SC5D	NA	NA	1.04421809328462	0.00210692227888508	TbID	ERK2AA	yes	gain
SCRN3	-1.16333042576313	0.00494499022099357	-0.121221139528765	0.484292038064967	AP-MS	ERK2AA	yes	loss
SEC13	-0.438122653259894	0.00966716297271111	-0.149602935927188	0.318067993963807	AP-MS	ERK2AA	no	-
SEC16A	-0.504360615464625	0.010091693724992	-0.139815646240339	0.291373092396052	AP-MS	ERK2AA	no	-
SELENOK	-0.582696193118182	0.0239382632371817	-0.110518793734633	0.311610581767969	AP-MS	ERK2AA	no	-
SENP6	-0.302167908291425	0.0327913152690226	-0.458442119723566	0.0028932562278478	congruent	ERK2AA	no	-
SERF2	0.586926616509918	0.0198313468246786	0.142756052975342	0.339425539372261	AP-MS	ERK2AA	no	-
SERINC1	-1.79187666929448	0.0033914781248766	0.296028411871689	0.0414526669809259	opposite	ERK2AA	yes	opposite
SFRP5	NA	NA	1.94260210465296	0.0012674754913793	TbID	ERK2AA	yes	gain
SGK1	NA	NA	0.56943653563704	0.37169125262284	TbID	ERK2AA	no	-
SIVA1	-0.52461756129981	0.0224113937811123	0.0620403034263746	0.682894199018798	AP-MS	ERK2AA	no	-
SLC16A7	1.31161910963019	0.00579333974968186	1.53813066321508	0.000763748678734085	congruent	ERK2AA	yes	gain
SLC30A4	-0.973449612171511	0.0274970016571017	0.111843984949077	0.676039928976528	AP-MS	ERK2AA	no	-
SLIT2	-0.10771890365813	0.454007890536081	0.391985172452835	0.0637584025657085	nsig	ERK2AA	no	-
SLITRK5	1.98482673656747	0.000849122691987595	0.378196657038283	0.0211940421987628	congruent	ERK2AA	yes	gain
SOWAHB	NA	NA	0.0662132699819555	0.722006865847182	TbID	ERK2AA	no	-
SOX7	NA	NA	-0.224631761248085	0.166463744663696	TbID	ERK2AA	no	-
SPART	-0.433303949855708	0.00486210899368431	-1.50603188282796	0.000478566395162121	congruent	ERK2AA	yes	loss
SPRED1	-1.52518681967577	0.00803332333886842	-0.065668753939502	0.82442075003472	AP-MS	ERK2AA	yes	loss
SPRED2	-0.704979032539757	0.0497693510051018	0.067730374995654	0.534722898739164	AP-MS	ERK2AA	no	-
SPRYD3	-0.396980042338862	0.261719474356405	0.0981626421179825	0.615330133466107	nsig	ERK2AA	no	-
SPRYD4	0.883641506628955	0.00149809496506482	0.161566213630156	0.371865943558769	AP-MS	ERK2AA	no	-
STMN3	-0.326396132111572	0.136381420443439	-0.826960733906731	0.0028932562278478	TbID	ERK2AA	no	-
STRA6	NA	NA	2.31469660843223	0.000433052250346642	TbID	ERK2AA	yes	gain
SULT1C4	NA	NA	1.58010260224819	0.00107890657460657	TbID	ERK2AA	yes	gain
SULT2A1	NA	NA	0.951980534362648	0.00917400831255355	TbID	ERK2AA	no	-
SUPT20H	0.00862854871847177	0.967459527877586	-0.118638540634177	0.392202123395828	nsig	ERK2AA	no	-
SUSD5	0.690540633945444	0.0516447044710969	0.994932376996624	0.00866202964510158	TbID	ERK2AA	no	-
SYDE2	0.395283545854158	0.229551830148062	-0.598805364190409	0.00111009279800977	TbID	ERK2AA	no	-
SYNPO	0.910773922729477	0.0524556769885211	0.707960778735152	0.0121649258423315	TbID	ERK2AA	no	-
SYT14	NA	NA	-0.76806618096131	0.209600896314055	TbID	ERK2AA	no	-
SYT6	NA	NA	1.37142150937607	0.0757460343843063	TbID	ERK2AA	no	-
TAF7	0.0316509536860923	0.940724135477359	-0.913111468469474	0.00111009279800977	TbID	ERK2AA	no	-
TCF3	-0.265648777442525	0.182115886483811	-0.729331365588046	0.00180764212458126	TbID	ERK2AA	no	-
TDRP	0.00434299681900579	0.979340613898466	-0.722229935588108	0.00108143422998962	TbID	ERK2AA	no	-
TFPI2	0.291309729426484	0.450696066276403	0.689623337967005	0.00816810470272406	TbID	ERK2AA	no	-
THBS1	NA	NA	1.36744610545362	0.000478566395162121	TbID	ERK2AA	yes	gain
TIMP1	-0.997225575047996	0.00802684190092643	-0.325677062118742	0.272600699181391	AP-MS	ERK2AA	no	-
TMEM201	-0.478250218243918	0.00269302599839309	0.0652876410761823	0.575262217261015	AP-MS	ERK2AA	no	-
TMEM33	-0.55460834243049	0.0211626229263947	0.371894207393585	0.026637083076124	opposite	ERK2AA	no	-
TNRC6A	-0.898056629441158	0.000204619889857088	-1.32707683154456	0.000417081863667589	congruent	ERK2AA	yes	loss
TNRC6B	-0.156680434622283	0.131509437676361	-0.601318633734208	0.00391712632128226	TbID	ERK2AA	no	-
TNRC6C	0.226762963494306	0.0325786986246185	-0.495958889491211	0.0195160726682994	opposite	ERK2AA	no	-
TOB1	NA	NA	-0.648932652569658	0.00388944016644662	TbID	ERK2AA	no	-
TOB2	0.396186664358986	0.645133658473869	-0.603096644363166	0.00300910051071664	TbID	ERK2AA	no	-
TP73	0.0214374070161053	0.918857440627907	-0.00532395341977849	0.971131065508564	nsig	ERK2AA	no	-
TRERF1	0.0981915402999127	0.832512834182913	0.532144254922849	0.0365138170963456	TbID	ERK2AA	no	-
TRIP12	-0.34072715410544	0.0282441666671239	-0.863280777847077	0.00111009279800977	congruent	ERK2AA	no	-
TRPS1	-0.794382862368629	0.00159637819851701	-0.627399756225463	0.00293317471844328	congruent	ERK2AA	no	-
TTLL4	-0.452480304508743	0.0227482974499798	-0.529885431877348	0.0059430277084446	congruent	ERK2AA	no	-
TUBG1	-1.71375201323101	1.6764309057205e-05	0.280086763858055	0.0642529971134896	AP-MS	ERK2AA	yes	loss
TUBG2	-1.92042163994695	0.000163268361693694	1.03071450459739	0.0330470915730257	opposite	ERK2AA	yes	opposite
TUBGCP2	-2.1763404284608	1.68824018172253e-05	0.187763873261332	0.234866369309792	AP-MS	ERK2AA	yes	loss
TUBGCP3	-1.88725705600304	6.46084722195669e-06	0.165571900594734	0.337919648209622	AP-MS	ERK2AA	yes	loss
TUBGCP4	-1.44732926491966	6.07470700916595e-05	0.142342411487573	0.409704754447928	AP-MS	ERK2AA	yes	loss
TUBGCP5	-1.57488920179317	0.000464586071744691	0.352101631847201	0.0200064729259322	opposite	ERK2AA	yes	opposite
TUBGCP6	-1.98523258500669	5.47177458061248e-05	0.0675879302880071	0.679386734091281	AP-MS	ERK2AA	yes	loss
TUG1	-0.446078380546993	0.036424153640076	1.00694270925016	0.0299817326846371	opposite	ERK2AA	yes	opposite
UBAC2	-0.155261871539064	0.223802986269224	0.469436835891823	0.0151849178422381	TbID	ERK2AA	no	-
UBAP2	-0.276727071717681	0.0544321186573602	-0.774097035877678	0.000763748678734085	TbID	ERK2AA	no	-
UBL5	-0.230874580769209	0.471801029934922	-0.443492043666271	0.0235063499882026	TbID	ERK2AA	no	-
UBR5	-0.941118707568982	9.73641629184804e-05	-0.151424979170751	0.251862742119145	AP-MS	ERK2AA	no	-
UCHL3	-0.466228782169101	0.526524895115059	-0.125581891540269	0.230556030784401	nsig	ERK2AA	no	-
USP24	-2.12452227075055	1.18680624446045e-06	-0.0636277482435253	0.574515064523481	AP-MS	ERK2AA	yes	loss
USP47	-0.890585103896065	0.00212561170900629	-0.114299604455305	0.275020774064583	AP-MS	ERK2AA	no	-
USPL1	0.431883919326107	0.790328241586653	-0.223102250111892	0.393235872551031	nsig	ERK2AA	no	-
WRNIP1	-0.663925934051638	0.00147998893232309	-0.180392356336676	0.201667681433002	AP-MS	ERK2AA	no	-
WWTR1	0.60683431002734	0.160437066769479	0.138094661553795	0.50596159828982	nsig	ERK2AA	no	-
XPR1	-1.048587331083	0.000579354818923126	0.0472150336139462	0.610215219861305	AP-MS	ERK2AA	yes	loss
YAP1	-0.113054655628521	0.698992880607439	0.0732202403299537	0.555119414184265	nsig	ERK2AA	no	-
YY1AP1	NA	NA	-0.351200094158107	0.0780147425409785	TbID	ERK2AA	no	-
ZBED1	-0.113571137473311	0.493601737674409	-1.03067523409903	0.000763748678734085	TbID	ERK2AA	yes	loss
ZBTB21	-0.244260801275931	0.359067773838175	-0.136666581373171	0.185926620757377	nsig	ERK2AA	no	-
ZCCHC12	0.0258794251372563	0.938745722524725	-0.82637233178508	0.00152763138758823	TbID	ERK2AA	no	-
ZCCHC2	-0.116693256862561	0.412087848553089	-0.335395830977974	0.0187269990123684	TbID	ERK2AA	no	-
ZFP1	-1.80519077820255	0.136992952071908	-0.213146451174145	0.0319561957187557	TbID	ERK2AA	no	-
ZFYVE16	-0.339459354248195	0.0323122344934023	-0.0560609271325318	0.704580752830871	AP-MS	ERK2AA	no	-
ZMAT2	0.46615424504412	0.323635235687961	-0.828497467234273	0.00129552675064689	TbID	ERK2AA	no	-
ZNF318	-0.652843176614386	0.000723991104436226	-0.192912713004166	0.0905693847187282	AP-MS	ERK2AA	no	-
ZXDC	-0.0262526178072516	0.975894879206174	0.0172449134781924	0.952451433625763	nsig	ERK2AA	no	-
ABHD3	0.91943756209685	0.252254110600642	0.314831529185332	0.0138198582498952	TbID	NrasQ61K	no	-
ACTL8	0.173668804285637	0.579671893294203	0.452388579536457	0.00584930191823828	TbID	NrasQ61K	no	-
AEN	NA	NA	0.302837641505068	0.0430179307725213	TbID	NrasQ61K	no	-
AFDN	1.25370714491478	0.00154939277417202	1.71144151345093	4.91853806929139e-05	congruent	NrasQ61K	yes	gain
ALDH1L1	-1.15172933648365	0.192780547726835	NA	NA	AP-MS	NrasQ61K	no	-
ANKRD49	NA	NA	2.01537448724995	0.000799896291474911	TbID	NrasQ61K	yes	gain
ARAF	2.29713983998681	0.00455223015474193	0.234528221585316	0.0321914000436355	congruent	NrasQ61K	yes	gain
ARHGAP28	1.57998601868836	0.000959257886420245	1.25071449680927	0.0022367142512329	congruent	NrasQ61K	yes	gain
ASB6	-0.27210231992432	0.0728355394995674	-0.192660185910919	0.0689654918126688	nsig	NrasQ61K	no	-
ASPM	0.412099005298417	0.0806140728212102	0.713282401477761	0.0113270912001819	TbID	NrasQ61K	no	-
ATOX1	-0.811607400154283	0.00943038484242495	0.190254010508598	0.102946657796553	AP-MS	NrasQ61K	no	-
B3GALT1	NA	NA	0.631064110209967	0.0536443284336025	TbID	NrasQ61K	no	-
BRAF	2.00086637570703	0.000167227241416437	2.20711460002508	4.91853806929139e-05	congruent	NrasQ61K	yes	gain
C12orf56	NA	NA	0.361379358096216	0.555656572864992	TbID	NrasQ61K	no	-
C4A;C4B	NA	NA	0.263521048674148	0.0982409794492885	TbID	NrasQ61K	no	-
CACNB2	0.203767157797333	0.646332191345406	0.554021223625391	0.00363445506801815	TbID	NrasQ61K	no	-
CBARP	2.55160655868027	0.00129362086423387	2.15381466794379	0.000155402014100101	congruent	NrasQ61K	yes	gain
CCNG1	-0.0179735484830826	0.965720381502216	0.262671932416991	0.0367741736032589	TbID	NrasQ61K	no	-
CDC6	0.234762593998646	0.235215034190583	0.118365310629886	0.380543025713433	nsig	NrasQ61K	no	-
CENPI	0.243603691165232	0.587089532062211	-0.122445668916992	0.331940954047829	nsig	NrasQ61K	no	-
CEP104	0.708985677619794	0.00442832151597775	2.19202747891232	1.24115023711125e-05	congruent	NrasQ61K	yes	gain
CEP68	0.034199853009875	0.944749482394644	0.0345758407628492	0.832572131987583	nsig	NrasQ61K	no	-
CHGA	NA	NA	0.918671404423397	0.00675116644002778	TbID	NrasQ61K	no	-
CORO2A	0.230194973003625	0.0991501249140219	0.105954095164577	0.324933296932338	nsig	NrasQ61K	no	-
CRIP2	1.66665852246172	0.00139731358481131	1.07567972025475	0.000189906091277529	congruent	NrasQ61K	yes	gain
CRMP1	0.503934945683007	0.0144674505513349	0.850753590906585	0.00125926002577784	congruent	NrasQ61K	no	-
CSRP1	0.681018605276275	0.0721579615218538	0.0683642771098341	0.685991894456271	nsig	NrasQ61K	no	-
CYBA	-0.928864732936032	0.0151011363697308	-0.686243512139938	0.00424580963905305	congruent	NrasQ61K	no	-
DERPC	0.657801262987297	0.00644935729177978	NA	NA	AP-MS	NrasQ61K	no	-
DHCR24	0.247643595276385	0.101522499859511	0.254825896104943	0.0215869828784004	TbID	NrasQ61K	no	-
DHFR2	NA	NA	-1.06986614458057	0.0372271435219483	TbID	NrasQ61K	yes	loss
DNAJC18	0.490640477300716	0.0119230504059034	0.177130612037978	0.0771942159286599	AP-MS	NrasQ61K	no	-
DNAJC30	-0.157105520004457	0.25427441146003	-0.219366530138705	0.0378642294000447	TbID	NrasQ61K	no	-
DRG2	0.324717428272523	0.0349960695335819	0.680230563291559	0.00890305337417698	congruent	NrasQ61K	no	-
DSCAM	-1.02297592199777	0.0323241292594751	NA	NA	AP-MS	NrasQ61K	yes	loss
DZIP3	-0.0899072266206666	0.901987093467036	-0.261732287914413	0.208471873339635	nsig	NrasQ61K	no	-
ECPAS	-0.119719459744085	0.252394551812297	0.366654243434948	0.0209072696635357	TbID	NrasQ61K	no	-
EEF1B2	0.436576823089061	0.0248564367654398	0.594208644374741	0.0354704013036921	congruent	NrasQ61K	no	-
EEF1G	-0.0361158580810136	0.83806541628962	0.363933634090499	0.0455296007164667	TbID	NrasQ61K	no	-
FADS2	-0.0904859331831303	0.475659074883135	-0.12094867472754	0.129814211586658	nsig	NrasQ61K	no	-
FAR2	-0.353867952786959	0.0278482418949407	-0.415717872804479	0.00812039059135697	congruent	NrasQ61K	no	-
FBH1	0.0694657376782346	0.825811790346138	0.0129359397603348	0.934470883401384	nsig	NrasQ61K	no	-
FIS1	-0.185645881156188	0.603429446913573	NA	NA	AP-MS	NrasQ61K	no	-
FNDC10	0.503792839924824	0.0678047676537814	0.363140185821797	0.35995503244021	nsig	NrasQ61K	no	-
FSCN1	1.25416495483511	0.00459999479492161	0.699097634223731	0.000799896291474911	congruent	NrasQ61K	yes	gain
GABRB3	0.733026074480365	0.0932587805922132	0.280003508772482	0.226629030347354	nsig	NrasQ61K	no	-
GDF15	0.775491030242546	0.031268809846889	1.98011649371336	0.000541037253876295	congruent	NrasQ61K	yes	gain
GPC6	0.588330880560585	0.0235401755791068	0.692789265761717	0.00595828284714329	congruent	NrasQ61K	no	-
HCN4	0.402004569810746	0.0406683044992789	NA	NA	AP-MS	NrasQ61K	no	-
HECTD2	0.534740659935456	0.210646634804642	0.444203651111418	0.0708165946540273	nsig	NrasQ61K	no	-
HMGCS2	-0.661355975411004	0.127674539400055	0.0899686922438441	0.629299609880404	nsig	NrasQ61K	no	-
HRAS	0.688984966434037	0.328257603716367	0.219993839293072	0.494673173136318	nsig	NrasQ61K	no	-
ID3	0.402748913740031	0.134526585121121	0.748730674600799	0.128875545236088	nsig	NrasQ61K	no	-
IDI1	0.257842694122125	0.217742625909385	-0.138997187995955	0.0752897049662723	nsig	NrasQ61K	no	-
KCTD10	0.656112805946577	0.0115405724383409	-0.223744731554034	0.337799046589409	AP-MS	NrasQ61K	no	-
KDM2A	0.480370749863905	0.0870682948082738	0.437303821816359	0.047975246201566	TbID	NrasQ61K	no	-
KMT5A	0.581803051913081	0.0941359352437494	0.669053071509595	0.0353333548833044	TbID	NrasQ61K	no	-
KRAS	0.0876135851966425	0.933880365625273	-0.148523237026536	0.800439778412558	nsig	NrasQ61K	no	-
LACTB	0.561698793181143	0.111960440056453	-0.607940829310852	0.0662934186975526	nsig	NrasQ61K	no	-
LMO1	0.556813802412626	0.118605542011217	NA	NA	AP-MS	NrasQ61K	no	-
LSAMP	NA	NA	-1.9063938261541	0.00160349686079088	TbID	NrasQ61K	yes	loss
LZTR1	-2.9433200132971	0.00141257779835298	-1.19170738584428	0.000749349952775397	congruent	NrasQ61K	yes	loss
LZTS1	-0.10497374522628	0.660469121521722	0.9608210185326	0.254311315936568	nsig	NrasQ61K	no	-
MAT2A	-0.200858216730388	0.0911320685772668	-0.0910643815073531	0.379156325167969	nsig	NrasQ61K	no	-
MEST	NA	NA	0.512357505655552	0.038982701090335	TbID	NrasQ61K	no	-
MYPN	NA	NA	2.01544398323183	0.00116785642770388	TbID	NrasQ61K	yes	gain
NDRG2	NA	NA	1.10573430217002	0.0275299496455509	TbID	NrasQ61K	yes	gain
NFE2L1	0.375134195457328	0.170593580442149	0.577439116116696	0.0514169226496357	nsig	NrasQ61K	no	-
NKAPL	-1.01011115124476	0.0127395633249229	NA	NA	AP-MS	NrasQ61K	yes	loss
NRAS	0.590089492364999	0.0142690234768473	0.27841305615916	0.0689805546626657	AP-MS	NrasQ61K	no	-
NTS	NA	NA	-0.247012720209586	0.163047836353341	TbID	NrasQ61K	no	-
ORMDL2	NA	NA	0.202257064047037	0.272956058549414	TbID	NrasQ61K	no	-
OS9	0.146590084499649	0.295935696630704	-0.642106712407335	0.134186225991836	nsig	NrasQ61K	no	-
PADI2	1.19926277328647	0.0169204960476239	NA	NA	AP-MS	NrasQ61K	yes	gain
PCLAF	0.402791941345244	0.494602560213185	0.0526561378817333	0.680634129045032	nsig	NrasQ61K	no	-
PDE7A	1.1838283129687	0.00728827456128462	NA	NA	AP-MS	NrasQ61K	yes	gain
PDGFD	0.0665743642074554	0.879013070812773	-0.00842702693301223	0.967128560986378	nsig	NrasQ61K	no	-
PFKP	-0.187811287853176	0.31344653655037	-0.535766044760697	0.0162228697706817	TbID	NrasQ61K	no	-
PHYH	-0.164427086677014	0.549440781710087	NA	NA	AP-MS	NrasQ61K	no	-
PIK3CA	1.53802521508653	0.000286728975595449	1.24560224018319	0.000196876588757309	congruent	NrasQ61K	yes	gain
PKM	-0.753121167807823	0.0499119613065779	0.453557160770942	0.0080720418293933	opposite	NrasQ61K	no	-
PLAUR	1.94484072076236	0.024375240781495	-0.366649476919647	0.0909281443369383	AP-MS	NrasQ61K	yes	gain
PLCE1	0.95687910515043	0.012718595632185	1.29758484436989	0.00218747684494445	congruent	NrasQ61K	yes	gain
PPP1CA	1.13912036064714	0.000286728975595449	0.358051666288807	0.0294488700240994	congruent	NrasQ61K	yes	gain
PPP1CB	1.00267125139355	0.00475638241478612	0.243125474121049	0.0211940866280232	congruent	NrasQ61K	yes	gain
PPP1CC	1.7435802586488	0.000633605876801558	0.507370324196644	0.00355533074543095	congruent	NrasQ61K	yes	gain
PSMB5	1.49570030668665	0.000690341043477805	1.29969747245591	0.000149768390630836	congruent	NrasQ61K	yes	gain
PSMC5	0.0488724829936862	0.738031345014685	0.168308608833599	0.0887772033317267	nsig	NrasQ61K	no	-
PTPRZ1	0.557060748846156	0.184737119481206	0.948752871457381	0.0107299997758081	TbID	NrasQ61K	no	-
RAB32	0.325068056198555	0.251569766690156	-0.683183874788093	0.00478424835614752	TbID	NrasQ61K	no	-
RADIL	1.88749236681897	0.00158125066794832	0.511973491803993	0.0145567839191375	congruent	NrasQ61K	yes	gain
RAF1	2.54976037925009	0.000167227241416437	2.26770044924639	1.24115023711125e-05	congruent	NrasQ61K	yes	gain
RALGDS	0.466833645270743	0.0115405724383409	1.51003109906806	0.0114252112211731	congruent	NrasQ61K	yes	gain
RAP1B	-0.180086739119974	0.581793769470138	0.377226307565696	0.0766765781559449	nsig	NrasQ61K	no	-
RAP1GDS1	0.346556193994745	0.0547131247279554	-0.0440699105775439	0.657363300350762	nsig	NrasQ61K	no	-
RAPGEF2	-0.0636895018279449	0.626708026307678	1.08340749492575	0.000181841271056897	TbID	NrasQ61K	yes	gain
RASA1	-0.128553779289463	0.375165276344193	2.39518208286077	1.24115023711125e-05	TbID	NrasQ61K	yes	gain
RASSF5	2.11556566218425	0.000690341043477805	1.2798079332337	0.00146009390872624	congruent	NrasQ61K	yes	gain
RGL1	2.62817204511842	0.000827406385562366	0.87305274024599	0.0156883656822486	congruent	NrasQ61K	yes	gain
RGL2	2.60984823935021	0.000282563374684333	2.00380563202103	0.000121450859530323	congruent	NrasQ61K	yes	gain
RNF41	-0.187058238485364	0.314568669865812	-0.589111516649937	0.0267694130614952	TbID	NrasQ61K	no	-
RP9	0.590202761051845	0.0284123752132706	0.584614243975806	0.0114247864736184	congruent	NrasQ61K	no	-
RPA1	0.525978920336277	0.00864155329670899	0.0847648514630903	0.485237093258136	AP-MS	NrasQ61K	no	-
RPA2	0.407420459766699	0.0549573982398121	0.0162041910512881	0.914093240290889	nsig	NrasQ61K	no	-
RPA3	0.363714508954517	0.0312168469076935	0.0158122861616932	0.88564712069845	AP-MS	NrasQ61K	no	-
SC5D	NA	NA	0.396418980915148	0.0323286039145452	TbID	NrasQ61K	no	-
SCML1	-0.81920752328112	0.00626390258619367	-0.648468776844011	0.0126685070609853	congruent	NrasQ61K	no	-
SCRIB	0.718722586771083	0.0027977457158362	2.50479240215462	4.02096975978745e-05	congruent	NrasQ61K	yes	gain
SELENOS	-0.212001002536586	0.144332766194151	-0.42920424800815	0.0451602080218324	TbID	NrasQ61K	no	-
SERF2	0.601949696333055	0.0231258999389035	0.19463902675572	0.190545419467668	AP-MS	NrasQ61K	no	-
SESN3	0.00968209673939756	0.964794786232171	-0.00481955013812471	0.961369362399004	nsig	NrasQ61K	no	-
SFRP5	NA	NA	0.719602402922822	0.0220211112375114	TbID	NrasQ61K	no	-
SGK1	NA	NA	1.5395481402625	0.0338001047027657	TbID	NrasQ61K	yes	gain
SHOC2	3.45867593241556	0.000413383274228277	3.16192813043867	1.24115023711125e-05	congruent	NrasQ61K	yes	gain
SIVA1	0.0641464556324657	0.739846317676904	-0.150706841956736	0.454614180738284	nsig	NrasQ61K	no	-
SKOR2	0.541214977054857	0.0845141400177028	NA	NA	AP-MS	NrasQ61K	no	-
SLC27A6	0.296154032137126	0.0530423380312269	0.446395200504564	0.00464579199976743	TbID	NrasQ61K	no	-
SLC44A5	NA	NA	0.782865967359266	0.186692006613511	TbID	NrasQ61K	no	-
SLIT2	0.342623319012687	0.0207232272281739	0.785020682231512	0.0182521845173281	congruent	NrasQ61K	no	-
SLITRK5	1.09963050430739	0.00721311815633969	0.228183421583912	0.253986964334804	AP-MS	NrasQ61K	yes	gain
SMIM26	-0.931000804850824	0.048873537315212	-0.393449869529921	0.0174735551417828	congruent	NrasQ61K	no	-
SNX33	0.895095035335767	0.0229289135611113	0.138191544543936	0.247959074868589	AP-MS	NrasQ61K	no	-
SOD1	-0.71548915492721	0.0209364618555547	-0.108408454883512	0.201795659507553	AP-MS	NrasQ61K	no	-
SP6	3.68557901233318	0.027242016043274	NA	NA	AP-MS	NrasQ61K	yes	gain
SQOR	-0.0787866903520157	0.626287475013909	-0.214707573639957	0.192917045860551	nsig	NrasQ61K	no	-
SULT1C4	NA	NA	2.00331533083941	0.00355533074543095	TbID	NrasQ61K	yes	gain
TELO2	-0.80235087709957	0.00475638241478612	-0.650977700086181	0.000941731641580129	congruent	NrasQ61K	no	-
TFPI2	0.761954555774843	0.0272293980841715	-0.281242489440073	0.0892450693722771	AP-MS	NrasQ61K	no	-
THBS1	NA	NA	0.814925383320582	0.00478424835614752	TbID	NrasQ61K	no	-
TNFAIP1	0.176597811327525	0.368674994285361	-0.185981323993634	0.413703281247371	nsig	NrasQ61K	no	-
TPRA1	-2.86854795357906	0.000286640596748407	NA	NA	AP-MS	NrasQ61K	yes	loss
TRAF7	-2.08827898266127	4.46543475795011e-05	0.06735357410793	0.621607404512537	AP-MS	NrasQ61K	yes	loss
TUG1	0.438224119268903	0.0828507494939818	0.262324585925774	0.125579568317163	nsig	NrasQ61K	no	-
TWNK	0.0717449285971128	0.579484470286459	-0.418363649103608	0.0696937741895869	nsig	NrasQ61K	no	-
UBL5	0.179379859443619	0.432648015060101	-0.287997353844447	0.0296728774309462	TbID	NrasQ61K	no	-
VCAN	1.26074901338783	0.000695177470443225	0.284612682697366	0.0190456238834536	congruent	NrasQ61K	yes	gain
YWHAB	1.5885169563466	0.000236779746121738	0.351334740869457	0.0562195597866328	AP-MS	NrasQ61K	yes	gain
YWHAE	1.35913509716689	0.000633605876801558	0.184967216887264	0.190847461486822	AP-MS	NrasQ61K	yes	gain
YWHAG	1.98802598160278	0.000167227241416437	0.55100493058001	0.0235167820678937	congruent	NrasQ61K	yes	gain
YWHAH	1.88578113594841	0.000143258211735184	0.473803012382018	0.0182698051776839	congruent	NrasQ61K	yes	gain
YWHAQ	1.21255624744067	0.000286728975595449	0.193165631021497	0.152795285540868	AP-MS	NrasQ61K	yes	gain
YWHAZ	1.53870910051244	0.000167227241416437	0.37184152228534	0.067291638206671	AP-MS	NrasQ61K	yes	gain
ZIC2	1.16308767166444	0.00456588112969491	0.836532458020823	0.000799896291474911	congruent	NrasQ61K	yes	gain
ZNF492	NA	NA	0.691576300539363	0.0396630066535072	TbID	NrasQ61K	no	-
ZNF66	NA	NA	0.334258762363407	0.02315537084702	TbID	NrasQ61K	no	-
ZNF91	1.05201297428998	0.0880108867960509	0.438572758421193	0.0414748452349942	TbID	NrasQ61K	no	-
ABHD17C	-0.0483071594569014	0.869105340406563	0.269261881872969	0.188304506058876	nsig	ArafD447A	no	-
ABR	-1.1837185909392	0.000137800689998715	-1.2973047091283	7.26807565242805e-05	congruent	ArafD447A	yes	loss
ACAP3	-0.543324876972221	0.0602331870311922	-0.3950825293714	0.145629655915526	nsig	ArafD447A	no	-
ACTL8	0.019167107805989	0.9423837077827	0.379618199285804	0.0100312243589309	TbID	ArafD447A	no	-
ADAMTS19	-0.651643698908565	0.0887572195929138	NA	NA	AP-MS	ArafD447A	no	-
ADPRHL1	0.497242709631009	0.409342899877889	-0.282461767172608	0.169652928954063	nsig	ArafD447A	no	-
AEN	NA	NA	0.732174347507113	0.00394850479742357	TbID	ArafD447A	no	-
AFG2B	0.189239208962155	0.175496362516994	0.261163158154043	0.034579211345843	TbID	ArafD447A	no	-
AIP	0.46064271999879	0.00585326252006959	0.396814327465097	0.0044395149605558	congruent	ArafD447A	no	-
AKAP11	-0.475755601208216	0.0104305610047749	-0.209549888049673	0.0516596390337697	AP-MS	ArafD447A	no	-
AKAP8L	-0.346815313169112	0.0162081560829814	0.197138372180189	0.0406385140712099	opposite	ArafD447A	no	-
ALG11	0.0707641759256981	0.666650931867048	0.127046686852748	0.112546183505837	nsig	ArafD447A	no	-
ALPP;ALPG	-0.533814358564914	0.401290248233077	NA	NA	AP-MS	ArafD447A	no	-
AMER1	-0.308051242589093	0.182020072455724	-0.15276292095675	0.359297380472663	nsig	ArafD447A	no	-
AMH	-0.312022368902556	0.0611259742810675	-0.376017483664313	0.0725916588805196	nsig	ArafD447A	no	-
ANKMY2	-0.315557466144693	0.0191603967011972	-0.339811155927827	0.039663316963558	congruent	ArafD447A	no	-
ANKRD10	-0.842526350878933	0.0193292393619892	-0.150975401579224	0.518687499373214	AP-MS	ArafD447A	no	-
ANKRD28	-0.238562356120171	0.0181921401728476	-0.102497287536515	0.366277129676087	AP-MS	ArafD447A	no	-
ANKRD40	-0.030880522762407	0.922398106673034	0.299790155509282	0.179668581789447	nsig	ArafD447A	no	-
ANKRD49	NA	NA	-0.0149973535518644	0.958351974222111	TbID	ArafD447A	no	-
ANKRD52	-0.290280862066488	0.0274038314869411	-0.245739799014835	0.0134270452363615	congruent	ArafD447A	no	-
ANXA5	1.93858751290257	0.00322338910417255	0.309252030306611	0.0164324834561946	congruent	ArafD447A	yes	gain
AP3M1	0.318955360030092	0.0344445985775831	-0.033414335689266	0.752236804577081	AP-MS	ArafD447A	no	-
APBA1	-0.559887010117196	0.0360649538997287	-0.399759795587176	0.223916433990236	AP-MS	ArafD447A	no	-
APBA2	-0.589680629053778	0.00387813872094419	-0.195781011371681	0.0465765477581395	congruent	ArafD447A	no	-
AQR	0.340263581695455	0.0154270013447236	0.106515926832208	0.208387052184289	AP-MS	ArafD447A	no	-
ARAF	0.214690481952381	0.348188399653113	-0.313945514360234	0.0246480514869665	TbID	ArafD447A	no	-
ARF1	NA	NA	0.378601653063025	0.0342322696399334	TbID	ArafD447A	no	-
ARMCX5	-0.0595177685598	0.640742619712767	0.214157351687171	0.0718791738562958	nsig	ArafD447A	no	-
ARPIN	0.618849296025513	0.404629171608167	-0.0279230735135183	0.825829301028262	nsig	ArafD447A	no	-
ASB6	-0.383123212906412	0.00572070334886839	0.139574643592981	0.0864890064784281	AP-MS	ArafD447A	no	-
ASDURF	-0.722770394557083	0.00142339510131041	-0.411649379576433	0.0311754792727864	congruent	ArafD447A	no	-
ASPM	-0.0802682738137331	0.411220708705949	1.41826054208394	8.33118215220542e-05	TbID	ArafD447A	yes	gain
ATAT1	-0.142831353907906	0.268991582998639	-0.354238796943213	0.0148922344531306	TbID	ArafD447A	no	-
ATXN7L1	0.730515721181073	0.0180546068007271	0.286169063156716	0.175369097748329	AP-MS	ArafD447A	no	-
B3GALT1	NA	NA	-1.05165921264232	0.00828079365827315	TbID	ArafD447A	yes	loss
BAG2	-0.423473356656161	0.0302035139631783	-0.295688378698907	0.0165109759311184	congruent	ArafD447A	no	-
BAG5	0.237759137471658	0.039177965301944	-0.0290255023756474	0.702702160647029	AP-MS	ArafD447A	no	-
BAMBI	1.6262300419327	0.000513579131054378	0.63321941782727	0.0705020013065228	AP-MS	ArafD447A	yes	gain
BCR	-0.375394923073745	0.00503497158780332	-0.412008139474945	0.0057818811308944	congruent	ArafD447A	no	-
BTG3	-0.355080558969556	0.0475132003330256	-0.700011042281674	0.00389470172215869	congruent	ArafD447A	no	-
BUD31	1.19481551791457	0.0543512427878447	0.686460480899921	0.00167574927763932	TbID	ArafD447A	no	-
C12orf56	NA	NA	-1.20070429079772	0.08866188772186	TbID	ArafD447A	no	-
C17orf75	-0.434786620974999	0.0159141214870581	-0.274268651724014	0.0102786495651813	congruent	ArafD447A	no	-
CACYBP	-0.595116743889727	0.00305993207633591	-0.467141611387882	0.00387248310724852	congruent	ArafD447A	no	-
CAMK1	-1.00044327695179	0.000449749887146619	-0.0983873627686375	0.314627062178473	AP-MS	ArafD447A	yes	loss
CCDC85B	-0.52010670095293	0.00980003718650743	-0.314175315054528	0.0299405237045726	congruent	ArafD447A	no	-
CCN1	0.171454585784962	0.555528615708582	0.78571857671513	0.000928552719817114	TbID	ArafD447A	no	-
CCT2	-0.257750566989741	0.0265589722017682	0.0690417065294457	0.723505967404847	AP-MS	ArafD447A	no	-
CCT3	-0.286275364706464	0.0193267860760609	0.034263713520017	0.77801113350627	AP-MS	ArafD447A	no	-
CCT6A	-0.318275318042842	0.00746647790909301	0.0569302515215937	0.737477328939897	AP-MS	ArafD447A	no	-
CCT6B	-0.0721461674227406	0.575425136586066	0.0629970584007963	0.725805712686042	nsig	ArafD447A	no	-
CCT7	-0.26163910771448	0.0121213748030449	0.0932828091690909	0.613070049975713	AP-MS	ArafD447A	no	-
CCT8	-0.395111595039178	0.00319121629763011	-0.554438563624955	0.0051671469113141	congruent	ArafD447A	no	-
CDC123	0.0286619492513646	0.846076228425421	0.0719335565397987	0.381910170890162	nsig	ArafD447A	no	-
CDC16	-0.291593214852943	0.0199018779102256	0.0388272777112251	0.736545534722013	AP-MS	ArafD447A	no	-
CDC37	0.170775681814242	0.347671129968798	0.131673878601098	0.274757370268229	nsig	ArafD447A	no	-
CDC42BPG	-0.674046665895711	0.0162943670438282	-0.327866652650656	0.108481474231702	AP-MS	ArafD447A	no	-
CDK5RAP2	-0.0397361920760778	0.742864807443877	0.0964223240926867	0.21928974051712	nsig	ArafD447A	no	-
CELSR2	-0.911783059762823	0.00366189550915665	-0.472041035619255	0.00568890744079453	congruent	ArafD447A	no	-
CENPI	0.487991833572446	0.0688935755286763	0.212426103960931	0.0574682886007445	nsig	ArafD447A	no	-
CHAF1A	0.339652353801515	0.00837240286664461	0.871297840514999	0.00252446994168031	congruent	ArafD447A	no	-
CHAF1B	-0.235454598161148	0.0552755957967168	0.801862011158075	0.0030113593136015	TbID	ArafD447A	no	-
CHGA	NA	NA	0.36971842713252	0.15021600250199	TbID	ArafD447A	no	-
CHORDC1	-0.0693716851462775	0.45378331727419	-0.0851061440438202	0.266415675988092	nsig	ArafD447A	no	-
CHSY3	-0.843352786814992	0.0366041637909589	-1.20407461841341	0.000749976403835993	congruent	ArafD447A	yes	loss
CLK1	0.201214445671805	0.566632940274467	0.454597255191614	0.0418384002153807	TbID	ArafD447A	no	-
CLK4	NA	NA	0.43140418767322	0.0711570127381532	TbID	ArafD447A	no	-
CNTN1	-0.0248743868632529	0.938619104994935	-0.350341551506386	0.149594084428505	nsig	ArafD447A	no	-
COL11A1	1.664327375655	0.00387813872094419	NA	NA	AP-MS	ArafD447A	yes	gain
COL5A1	0.734499608720779	0.0132212568856925	-0.627071764986249	0.00539795048684096	opposite	ArafD447A	no	-
CORO2A	-0.755459294671455	0.00172151410983492	-0.275024016456182	0.0152443361446115	congruent	ArafD447A	no	-
CPNE8	1.93423930956753	0.00698604219884888	-0.0871725407922287	0.206411547258732	AP-MS	ArafD447A	yes	gain
CPTP	-0.830840745609495	0.0053784710720391	0.244424812808318	0.207757748829664	AP-MS	ArafD447A	no	-
CRTAP	-0.134666107037729	0.246988803299571	0.173317845258713	0.108811493912777	nsig	ArafD447A	no	-
CSNK2B	-2.03241609997242	0.000100013972764149	0.0713164744638581	0.610108575311518	AP-MS	ArafD447A	yes	loss
CSRP1	-2.58113568943463	0.0108278891155658	-2.32058717295835	0.0432930860679576	congruent	ArafD447A	yes	loss
CUL7	-0.463012832356312	0.00406979380189135	-0.179581855222681	0.112030335872695	AP-MS	ArafD447A	no	-
DACH2	-0.817636623788893	0.0307768865372002	NA	NA	AP-MS	ArafD447A	no	-
DBF4	-1.17863292109332	0.282860861600007	-1.18774117546884	0.0558837973829833	nsig	ArafD447A	no	-
DBT	0.605094256847813	0.000920516044053716	0.857733086096725	0.0259958586970871	congruent	ArafD447A	no	-
DCAF1	-0.192992559116181	0.0853460701265928	0.110424159808842	0.395102560714589	nsig	ArafD447A	no	-
DCAF8	-0.439378630365485	0.0163399636621903	0.0730985590075382	0.515201388059714	AP-MS	ArafD447A	no	-
DCAF8L1;DCAF8L2	0.338117880840327	0.261012971727471	NA	NA	AP-MS	ArafD447A	no	-
DDB1	0.200993333637971	0.116289293271781	0.183509502016568	0.302354560559294	nsig	ArafD447A	no	-
DFFB	0.0253751287464786	0.931088009248749	0.496158580773556	0.00623631724608643	TbID	ArafD447A	no	-
DHCR24	0.0271757053703706	0.864687724541669	0.337394386185893	0.0131805312197001	TbID	ArafD447A	no	-
DHFR2	NA	NA	-1.72328455487828	0.00106522140080801	TbID	ArafD447A	yes	loss
DICER1	-0.0709970711086712	0.597034500759676	-0.0283132665249289	0.761459907564894	nsig	ArafD447A	no	-
DISP1	-0.267723132620301	0.382762240473855	-0.0779092044117938	0.717478065872397	nsig	ArafD447A	no	-
DLGAP2	NA	NA	0.496887520674607	0.0987926585668492	TbID	ArafD447A	no	-
DNAAF10	-0.740016856194734	0.00136000935753234	-0.110571932870076	0.259315455036085	AP-MS	ArafD447A	no	-
DNAJA1	-0.137494418662099	0.18752985802191	0.0934803360702362	0.205541710069598	nsig	ArafD447A	no	-
DNAJB6	0.416666595223053	0.0363016857190823	0.349507394191176	0.00568890744079453	congruent	ArafD447A	no	-
DNAJC18	0.0628889911581987	0.621089958543174	0.230136791612841	0.0392236624341674	TbID	ArafD447A	no	-
DNAJC7	0.0300032385259647	0.786588789666937	-0.107324561937724	0.366838096145308	nsig	ArafD447A	no	-
DNMT3B	-2.1761555702959	0.101931540056123	-0.710587668966834	0.000365591475322523	TbID	ArafD447A	no	-
DPCD	-0.723470941758786	0.00303500569452856	0.0551923326774498	0.73357854779782	AP-MS	ArafD447A	no	-
DRG2	0.24988904412065	0.0366786373319866	0.37759154488098	0.0543204478482852	AP-MS	ArafD447A	no	-
DTWD2	-0.353581462134938	0.0102404277909318	-0.22328603942072	0.037256546483439	congruent	ArafD447A	no	-
DUSP9	-1.07364736554979	0.00837240286664461	-0.385384805002547	0.038424797432544	congruent	ArafD447A	yes	loss
ECHDC1	-0.411054909784817	0.0028444903692659	-0.712257782038271	0.000541294979604851	congruent	ArafD447A	no	-
EDIL3	-0.265338059794251	0.541971086141573	0.522069816914827	0.00394323186197791	TbID	ArafD447A	no	-
EEF1B2	0.208470585211407	0.186223389168158	0.243153020195551	0.329087719987976	nsig	ArafD447A	no	-
EEF1D	0.198188681916187	0.0697522258084175	0.414806144927929	0.0890286633600087	nsig	ArafD447A	no	-
EEF1G	0.135348003936614	0.364568119052826	0.358385392101584	0.0615557422729341	nsig	ArafD447A	no	-
EGFL7	-0.875696154160487	0.00343907655702671	-0.507145778821698	0.00521946250993207	congruent	ArafD447A	no	-
EGFLAM	0.112321237838226	0.292961423310472	0.0343588792530106	0.842130530657775	nsig	ArafD447A	no	-
EID2	0.993444382745205	0.0030432977760801	0.430934819161562	0.084286824962666	AP-MS	ArafD447A	no	-
EIF2AK1	-0.527730270940957	0.00322165791830463	0.00772019257502237	0.973078119403866	AP-MS	ArafD447A	no	-
EIF3L	0.413724425516855	0.00586025855364943	0.674756042111132	0.00568890744079453	congruent	ArafD447A	no	-
ELOVL2	-1.63388948533539	0.0210111877917014	0.17018004677691	0.204535233801326	AP-MS	ArafD447A	yes	loss
EMILIN2	-0.582586506344969	0.120236124183609	-0.899321774090129	0.000749976403835993	TbID	ArafD447A	no	-
EMILIN3	-0.390550339479556	0.0148140461688439	-0.488123101315283	0.00181917027133596	congruent	ArafD447A	no	-
ENTR1	-0.347867649263685	0.0187321917889213	0.0600345317373529	0.664990090434279	AP-MS	ArafD447A	no	-
EPHB4	-0.451475632817626	0.0860102443796869	0.51289761905988	0.00402192048604127	TbID	ArafD447A	no	-
ESRRA	0.260981339984754	0.307774632575666	-0.443664278178647	0.224645894296759	nsig	ArafD447A	no	-
ESRRG	NA	NA	-0.800999406498514	0.0373155155163356	TbID	ArafD447A	no	-
EYA2	0.287498315354956	0.565187607740279	-0.219160948622532	0.0401249674113904	TbID	ArafD447A	no	-
FADS2	-0.526387357723364	0.0124379335835125	-0.526628445242745	0.00223263116396189	congruent	ArafD447A	no	-
FAM171A1	-0.237118535516382	0.252583521430279	0.158182867798214	0.178832874300588	nsig	ArafD447A	no	-
FAM89A	-0.468299335421413	0.0351877336513152	-0.206055954765848	0.144939595047843	AP-MS	ArafD447A	no	-
FAM91A1	-0.512621421106474	0.00586025855364943	-0.0571567359344952	0.453935967511502	AP-MS	ArafD447A	no	-
FBH1	-0.120772613544062	0.479480994445505	-0.290644222319937	0.070694749624893	nsig	ArafD447A	no	-
FBN2	-0.976176232308881	0.000265529141315166	-0.479545487795013	0.00481361344211972	congruent	ArafD447A	no	-
FBXL12	-0.325176051030888	0.11511780302949	0.701181573504303	0.00130983120270832	TbID	ArafD447A	no	-
FBXL3	-0.1866367431157	0.348037369847538	0.322652753710034	0.00568890744079453	TbID	ArafD447A	no	-
FBXO8	-0.632167961955961	0.0279520591665443	0.184115015587439	0.132858250803266	AP-MS	ArafD447A	no	-
FBXW5	-1.05824723029389	0.00315728606013092	-0.577792453122813	0.180756893670468	AP-MS	ArafD447A	yes	loss
FGF12	NA	NA	-1.14275120734335	0.0130115848531841	TbID	ArafD447A	yes	loss
FGF13	1.80712314780359	0.0108636443674895	-0.669193845221404	0.0227468225603344	opposite	ArafD447A	yes	opposite
FKBP4	-0.560224694154887	0.00769420599031608	-0.436906527063586	0.00389470172215869	congruent	ArafD447A	no	-
FKBP5	-0.099278838822686	0.364739560869916	-0.00511407054636194	0.954746217823673	nsig	ArafD447A	no	-
FKBP8	-0.972638824167602	0.00172151410983492	-0.38076887541391	0.00389470172215869	congruent	ArafD447A	no	-
FKBPL	0.174611547951358	0.417740877521545	0.215452704262276	0.365314075585732	nsig	ArafD447A	no	-
FLII	0.0569450442361013	0.565741229694493	-0.0483803444824636	0.629653553801593	nsig	ArafD447A	no	-
FOXN3	-1.33641462179098	0.155209847733533	0.476484364151912	0.0442141229258588	TbID	ArafD447A	no	-
FSCN1	-0.976218798082038	0.00301430901330252	-0.55465131210496	0.00244528350816675	congruent	ArafD447A	no	-
FSTL4	-0.677638518594954	0.171481118498902	NA	NA	AP-MS	ArafD447A	no	-
FTSJ1	-0.0074503330588202	0.970408877719478	0.182454786292279	0.0368583218451947	TbID	ArafD447A	no	-
GABRB3	-0.18802024079895	0.639698863851724	-0.638281219173499	0.0165749289971591	TbID	ArafD447A	no	-
GAPDHS	NA	NA	-1.21617275406284	0.089367851058023	TbID	ArafD447A	no	-
GATD1	-0.0240181198511325	0.85992134110457	0.45568372758236	0.00266654619372756	TbID	ArafD447A	no	-
GCNT1	-1.08375054307688	0.0639027273900795	NA	NA	AP-MS	ArafD447A	no	-
GDAP1L1	0.144848898964187	0.60135424698418	-0.172900483663336	0.324782354761805	nsig	ArafD447A	no	-
GDI1	0.450470803916677	0.0610368055601852	0.206187263821	0.393257567314522	nsig	ArafD447A	no	-
GDI2	0.604362642020253	0.00132370600711182	0.179393581655154	0.218862471957129	AP-MS	ArafD447A	no	-
GET4	0.191489589290839	0.184966016352791	0.131273890821825	0.17988985138483	nsig	ArafD447A	no	-
GLMN	0.216335783062392	0.0639648458334148	-0.0263768598137115	0.862136641224231	nsig	ArafD447A	no	-
GPC6	-0.0845935592286756	0.572340822436833	-0.171719894690451	0.261690857966387	nsig	ArafD447A	no	-
GPI	2.59021177600707	9.49417972851288e-05	0.833046142734181	0.000819477907447693	congruent	ArafD447A	yes	gain
GPN1	-0.205062754054365	0.105686225541446	-0.173192664951409	0.0443513236667309	TbID	ArafD447A	no	-
GPN2	-0.131061448677547	0.307068651875991	0.157331928407486	0.271158613240066	nsig	ArafD447A	no	-
GPRASP2	-0.436818715337713	0.00406682582361701	-0.511771367964451	0.0348684298882191	congruent	ArafD447A	no	-
GREB1	-0.549136247898367	0.0445011716388442	NA	NA	AP-MS	ArafD447A	no	-
HAPLN3	-0.538862129936853	0.00304897681609567	-1.30245632587478	0.000177345544772099	congruent	ArafD447A	yes	loss
HDHD3	0.252716886619894	0.390827966784672	NA	NA	AP-MS	ArafD447A	no	-
HECTD1	-0.370591867931582	0.0047914167369404	-0.0999903111882938	0.195451939527997	AP-MS	ArafD447A	no	-
HECTD2	0.651803539911922	0.0303501748243477	-0.100431829701535	0.733052391788397	AP-MS	ArafD447A	no	-
HERC1	-0.236771146004897	0.0241838595692443	-0.0306729805343436	0.700944055827882	AP-MS	ArafD447A	no	-
HERC2	-0.180246670389266	0.0368831856048943	-0.132948143255464	0.182538263134071	AP-MS	ArafD447A	no	-
HERC5	0.36089742491841	0.136238578700846	0.201866676864005	0.0735121137270863	nsig	ArafD447A	no	-
HGH1	0.331497278393678	0.0413829177933727	0.243404043506992	0.0255085656915342	congruent	ArafD447A	no	-
HNF4G	NA	NA	-0.86465055501107	0.015266981533215	TbID	ArafD447A	no	-
HRAS	-1.22050327273069	0.00725128691296406	-0.352870408123743	0.044012594482253	congruent	ArafD447A	yes	loss
HSP90AA1	0.0936070811171239	0.568596287958898	0.0955809008117296	0.416703688585493	nsig	ArafD447A	no	-
HSP90AA2P	0.460014610508596	0.392360191129482	NA	NA	AP-MS	ArafD447A	no	-
HSP90AA4P	-0.428895355028413	0.202218669695008	0.332915691315981	0.0880038216818549	nsig	ArafD447A	no	-
HSP90AA5P	-0.708684835622597	0.0335807925682229	0.381837910061331	0.0852540962356982	AP-MS	ArafD447A	no	-
HSP90AB1	0.116305113387049	0.495628873347817	0.10702109362105	0.440370815026346	nsig	ArafD447A	no	-
HSP90AB2P	0.190995291930961	0.684811710405859	NA	NA	AP-MS	ArafD447A	no	-
HSP90AB3P	0.596281257627582	0.560604462943293	NA	NA	AP-MS	ArafD447A	no	-
HSP90AB4P	0.301169795185693	0.296225632922658	NA	NA	AP-MS	ArafD447A	no	-
HSPA6	-0.382210553387904	0.0618950997534886	-0.350413291640717	0.110739890819487	nsig	ArafD447A	no	-
HSPA8	-0.414257258746327	0.0138610095539898	-0.225990603712384	0.0507678644391599	AP-MS	ArafD447A	no	-
HSPBP1	-0.468199325940553	0.00509059265094613	0.110769399285439	0.278822348283655	AP-MS	ArafD447A	no	-
HUWE1	-0.349290254980136	0.00306939691225369	-0.134896532117796	0.24007619424532	AP-MS	ArafD447A	no	-
HYI	-0.0805270715739821	0.717262048824884	NA	NA	AP-MS	ArafD447A	no	-
IDI1	-0.0315971005812224	0.865548430125694	-0.379027141416636	0.00380507515251673	TbID	ArafD447A	no	-
IPO5	-0.119294715316052	0.141164156582836	0.141498085314989	0.353582290943997	nsig	ArafD447A	no	-
IRS2	-1.01873137914806	0.000304742443004992	-0.915741245995735	0.000365591475322523	congruent	ArafD447A	yes	loss
IRS4	-0.471247367546405	0.00366375136815379	-0.232628934281753	0.0261442169805123	congruent	ArafD447A	no	-
ITPR2	-0.601766983410103	0.00138121990346608	-0.0949945319448297	0.486516779175308	AP-MS	ArafD447A	no	-
ITPR3	-0.64171722948302	0.000995364449443987	-0.235841743207032	0.0683816794206523	AP-MS	ArafD447A	no	-
JAG2	-1.63676355238258	9.49417972851288e-05	-0.949027113160477	0.000491174980479643	congruent	ArafD447A	yes	loss
KCNQ2	NA	NA	-1.23364976606854	0.0827521524470784	TbID	ArafD447A	no	-
KCTD10	0.714200411071684	0.012998248571825	-0.167973728861495	0.563875443527046	AP-MS	ArafD447A	no	-
KCTD12	-0.359694749908046	0.0104525501006246	-0.258759387537989	0.0192705065602507	congruent	ArafD447A	no	-
KDM2A	0.640927768707552	0.0225906741775769	0.559487115828996	0.00638309632826444	congruent	ArafD447A	no	-
KEAP1	-0.0493887961024413	0.537565792864309	-0.351491243570536	0.117481511996191	nsig	ArafD447A	no	-
KIAA0232	-0.276969315272725	0.212857977283648	0.0359653632742062	0.856059374223467	nsig	ArafD447A	no	-
KIF13A	-0.13952565029093	0.578667716247725	-0.172345303706686	0.0392110247026947	TbID	ArafD447A	no	-
KIFBP	-0.0483978562970783	0.696955449805478	0.191638556711137	0.0245586296981882	TbID	ArafD447A	no	-
KITLG	NA	NA	0.704004437800125	0.123068061509807	TbID	ArafD447A	no	-
KLHDC3	-0.0786778609078624	0.306607573920608	0.406517901355344	0.00438449871368295	TbID	ArafD447A	no	-
KLHL12	0.249003393484196	0.057357347016735	-0.657678543487418	0.0778712824694382	nsig	ArafD447A	no	-
KLHL15	0.218496068746002	0.0352058665830984	0.153410687465036	0.07110193879183	AP-MS	ArafD447A	no	-
KLHL18	-0.809086691313075	0.13963581488434	NA	NA	AP-MS	ArafD447A	no	-
KLHL26	0.474964988722263	0.00885056795387016	-0.0221121120084768	0.857953330124095	AP-MS	ArafD447A	no	-
KMT5A	-0.141089827325341	0.540845813186502	0.554631239394303	0.0314791738156596	TbID	ArafD447A	no	-
KRAS	-1.71978950954532	0.00233038923775294	-0.497719515674521	0.117111658761982	AP-MS	ArafD447A	yes	loss
LACTB	-0.3588880222303	0.190037989140736	-0.627315313714808	0.0662133898569668	nsig	ArafD447A	no	-
LARGE2	-0.617915190644717	0.168381261120946	NA	NA	AP-MS	ArafD447A	no	-
LDLRAD3	NA	NA	-1.23533371812801	0.00671614413746046	TbID	ArafD447A	yes	loss
LGALS3BP	0.471790645125689	0.00309064736523752	0.48661395271288	0.00205870461619708	congruent	ArafD447A	no	-
LIG4	0.680876624377656	0.0255751081634462	0.286859682237602	0.00539795048684096	congruent	ArafD447A	no	-
LRP2	-0.32361451506291	0.153964146442151	-0.231848864235673	0.0575198614256029	nsig	ArafD447A	no	-
LRRC1	-0.474851275905431	0.00585801984668739	-0.123275602906281	0.158719411966883	AP-MS	ArafD447A	no	-
LSAMP	NA	NA	0.488307920677097	0.287294092406212	TbID	ArafD447A	no	-
LSS	-0.0474201540341432	0.742520688698906	-0.305929954190602	0.00521946250993207	TbID	ArafD447A	no	-
MAGED4	-0.886749982006247	0.00216591254877773	-0.404861368820992	0.130785147534286	AP-MS	ArafD447A	no	-
MAN2C1	0.245542067130064	0.0536158204300963	0.282009508463033	0.0447623619538055	TbID	ArafD447A	no	-
MAP2K1	-3.65630327232317	1.56871077470876e-05	-0.864593282419091	0.00055963022400882	congruent	ArafD447A	yes	loss
MAP2K2	-2.18810706608153	9.49417972851288e-05	-0.669969022401747	0.000579196826125288	congruent	ArafD447A	yes	loss
MAPK4	-1.07671539632263	0.0118222560691213	0.100286306492475	0.723627772162699	AP-MS	ArafD447A	yes	loss
MAPK6	-1.1210161164363	0.00594545716686328	-0.602255415611373	0.000777907370343597	congruent	ArafD447A	yes	loss
MAPK8IP2	-0.195768974989687	0.448271269251564	NA	NA	AP-MS	ArafD447A	no	-
MAPK8IP3	0.0991509568055072	0.797864509429818	NA	NA	AP-MS	ArafD447A	no	-
MARCHF7	-0.0426024695761034	0.692361748806603	0.000826574137491104	0.994117933904024	nsig	ArafD447A	no	-
MARK3	-0.394272563388396	0.00364632027918791	0.00928696183269619	0.947808040888012	AP-MS	ArafD447A	no	-
MAT2A	-0.0201654545812487	0.838271896634047	-0.0492871103392497	0.635660441565433	nsig	ArafD447A	no	-
MB21D2	0.176713938459193	0.571427387959256	-1.42698062549998	7.26807565242805e-05	TbID	ArafD447A	yes	loss
MCM4	0.353070051027168	0.00930738103986874	-0.0990138760542278	0.409023613830332	AP-MS	ArafD447A	no	-
MCMBP	-0.0393262910896863	0.741076419959482	0.0235948227871309	0.774172132173736	nsig	ArafD447A	no	-
METAP2	0.227380040727853	0.106128059487937	0.553930137507641	0.00296495557532071	TbID	ArafD447A	no	-
MFSD8	-0.780935539447578	0.201632177779052	0.151705584862636	0.466604936185217	nsig	ArafD447A	no	-
MLH3	-0.703996402499669	0.00145160383832267	-0.148918850439171	0.0715793524129266	AP-MS	ArafD447A	no	-
MTCL1	-0.452637039137862	0.0466926655469055	0.0437524728061068	0.721505760090996	AP-MS	ArafD447A	no	-
MTCL2	-1.27975537279265	0.000213207184486606	-0.778175438341234	0.000365591475322523	congruent	ArafD447A	yes	loss
MTHFD2L	-1.39771676831922	0.00439216937606077	NA	NA	AP-MS	ArafD447A	yes	loss
MTR	0.290328952036379	0.0595058736320416	0.323586428591497	0.00828079365827315	TbID	ArafD447A	no	-
MYO1B	0.0782678812619128	0.403319759654336	-0.928217367486263	0.00181917027133596	TbID	ArafD447A	no	-
MYO1C	-0.200982751415895	0.171047656527497	-0.770805704062596	0.000365591475322523	TbID	ArafD447A	no	-
MZT1	-0.0953130551286881	0.764328808176609	0.144820147716681	0.209982373593293	nsig	ArafD447A	no	-
NAA15	-0.134757821847588	0.137078856280396	0.117158045100814	0.439217188224532	nsig	ArafD447A	no	-
NAA20	0.063715409321789	0.839628358083344	0.125059630038227	0.287694537987344	nsig	ArafD447A	no	-
NAMPT	0.340081546609193	0.0931539978929995	0.49030987194626	0.00167574927763932	TbID	ArafD447A	no	-
NANS	-0.198850589082675	0.405987923402816	0.277044674101802	0.0134029078559261	TbID	ArafD447A	no	-
NAT9	NA	NA	0.961564874442391	0.00351403746953179	TbID	ArafD447A	no	-
NEFL	-0.45686826465926	0.00796219257489218	-0.0149561184811186	0.926212572677594	AP-MS	ArafD447A	no	-
NEK8	0.522484785092461	0.189619633451006	-0.829316963537682	0.0284475848462765	TbID	ArafD447A	no	-
NISCH	-0.704139503207601	0.000620329360121887	-0.165296995935702	0.089367851058023	AP-MS	ArafD447A	no	-
NMU	0.483846064313669	0.00580387403551529	-0.509662207540016	0.0163796402255012	opposite	ArafD447A	no	-
NR2F1	-0.192973930121794	0.555352671960932	-0.167512153198609	0.139114410981318	nsig	ArafD447A	no	-
NRAS	-0.946010323582044	0.190974632465398	-0.648735582981747	0.00417711925347037	TbID	ArafD447A	no	-
NRBP1	-0.444267197869127	0.00774245139431747	-0.0108164268219111	0.931558387044607	AP-MS	ArafD447A	no	-
NRBP2	-0.545451656765468	0.147053732115245	-0.282412004257071	0.135135451415395	nsig	ArafD447A	no	-
NT5C	-0.277897393351373	0.306372754295896	NA	NA	AP-MS	ArafD447A	no	-
NTN1	-0.148035922746887	0.608490310028568	0.542792026512112	0.00478322521174708	TbID	ArafD447A	no	-
NTS	NA	NA	0.817776786449914	0.00582822496287082	TbID	ArafD447A	no	-
NUDC	0.282314838160237	0.0114706455754248	-0.534455566768588	0.0113585973242139	opposite	ArafD447A	no	-
NUDCD2	-0.587918216294833	0.00449928250559396	-0.479055183797463	0.00341315552330891	congruent	ArafD447A	no	-
NUDCD3	-0.18194728830441	0.173287736725358	-0.272766894691448	0.0579390418922038	nsig	ArafD447A	no	-
NUS1	-0.348010040957597	0.0189981935510269	-0.313718701590011	0.0115174833105052	congruent	ArafD447A	no	-
OBI1	-0.800784306801466	0.000678960814215724	-0.236477048166084	0.0152662624654664	congruent	ArafD447A	no	-
OS9	-0.276169290782684	0.112132540269315	-0.270053281511979	0.147382298179083	nsig	ArafD447A	no	-
OVCA2	-0.339425838711506	0.153358502563855	0.55937733838265	0.00339223802290331	TbID	ArafD447A	no	-
P3H1	-0.375386224152583	0.0199842625736163	0.0838837466157946	0.753971815406135	AP-MS	ArafD447A	no	-
P3H2	-0.372655475703336	0.164383859840969	-0.00393200178415627	0.974793190213514	nsig	ArafD447A	no	-
P3H3	-1.02985369407456	0.00361339567167633	-0.232686897038995	0.246211332756696	AP-MS	ArafD447A	yes	loss
P3H4	-0.764834661781383	0.00307820734799868	-0.309203340406567	0.215061561678279	AP-MS	ArafD447A	no	-
P4HA1	-0.278170882739731	0.103304267095006	-0.306586252837838	0.0468791171234978	TbID	ArafD447A	no	-
P4HA2	-0.380783251350383	0.0134295637918427	-0.437498650732758	0.00357584403765039	congruent	ArafD447A	no	-
P4HB	-0.329000637603907	0.0444675520828365	-0.0330388289618923	0.702018651580021	AP-MS	ArafD447A	no	-
PADI2	-0.806423917665985	0.0616834034389346	NA	NA	AP-MS	ArafD447A	no	-
PAFAH1B2	1.12520777685478	0.0139480383666332	0.191585639913667	0.194935409473639	AP-MS	ArafD447A	yes	gain
PASK	-0.2017777576369	0.141392997718262	0.0778709882423598	0.331915896003633	nsig	ArafD447A	no	-
PBK	-0.402596890300572	0.0113404209722065	-0.194573437765133	0.0429456488272682	congruent	ArafD447A	no	-
PCDH18	-0.29598395513121	0.737750846085691	-1.12872390892879	0.0362925814962814	TbID	ArafD447A	yes	loss
PDCD2	-0.84493616960296	0.00411313924966614	-0.310911758832612	0.0131280490922089	congruent	ArafD447A	no	-
PDE3B	0.8681647161026	0.000395323580833904	0.273427064517654	0.104820021903305	AP-MS	ArafD447A	no	-
PDRG1	-0.795199175797015	0.00250623352456034	-0.45742122086518	0.0137147186122849	congruent	ArafD447A	no	-
PDZRN3	-0.688122159952856	0.0127998623501493	-0.138850664631148	0.141052930189848	AP-MS	ArafD447A	no	-
PELI2	0.236745309864447	0.173287736725358	1.5053863688611	0.0101056125928547	TbID	ArafD447A	yes	gain
PER1	-0.0217537464805003	0.938619104994935	NA	NA	AP-MS	ArafD447A	no	-
PFDN2	-0.630229219862423	0.00319111524127881	-0.613002814514448	0.0041887868588629	congruent	ArafD447A	no	-
PFDN6	-0.664117273539397	0.00111443939687348	-0.290356248013826	0.0539986590880055	AP-MS	ArafD447A	no	-
PIK3R1	0.086312777242521	0.286169171641677	0.211679604527663	0.0372294700517248	TbID	ArafD447A	no	-
PIK3R2	-0.460814735358124	0.00216591254877773	-0.132306372070384	0.108340245691028	AP-MS	ArafD447A	no	-
PIK3R3	0.288255439412346	0.0469470187915079	0.285469383515882	0.0125534161963117	congruent	ArafD447A	no	-
PJA1	-0.500047495730351	0.00550148528903651	-0.301836818988533	0.0402551463237229	congruent	ArafD447A	no	-
PJA2	-0.80250904213375	0.00315728606013092	-0.269011520968321	0.020218866300058	congruent	ArafD447A	no	-
PKM	-0.459994373047306	0.0375578293541377	0.269591425875303	0.127332829834491	AP-MS	ArafD447A	no	-
PLCB1	0.706183719642348	0.0707241664201666	0.454281446296643	0.0217069075819386	TbID	ArafD447A	no	-
PLCB4	0.939090368778369	0.0133202662708857	0.610531902249013	0.00341315552330891	congruent	ArafD447A	no	-
PNMA2	-0.868663556686527	0.00132370600711182	-0.172751952591749	0.182070275867243	AP-MS	ArafD447A	no	-
POLR1D	-0.0756503967688768	0.424730743077473	-0.628013559783925	0.0697246891000513	nsig	ArafD447A	no	-
POLR2L	-0.276955389193554	0.386140862739555	-0.340803340365907	0.292255482786016	nsig	ArafD447A	no	-
PPID	-0.498020273738805	0.00638633382549216	-0.353423974980909	0.00721624939180589	congruent	ArafD447A	no	-
PPM1G	-0.455869486359373	0.0130215651343894	0.0642098489244171	0.506640106787842	AP-MS	ArafD447A	no	-
PPP1R15B	-0.0896745664016775	0.470874122134797	-0.21623481899612	0.0437673645060594	TbID	ArafD447A	no	-
PPP4R3B	-0.471933421029021	0.0935355995494942	-0.252074779941069	0.232078480319573	nsig	ArafD447A	no	-
PPP4R4	-0.11265430253482	0.922110268266445	-0.479147613623092	0.0114619202978783	TbID	ArafD447A	no	-
PPP5C	-0.0292840901428176	0.789028039361752	-0.084534770787351	0.36339246605585	nsig	ArafD447A	no	-
PPP6C	0.0103339969676521	0.936286611960699	0.266244743121144	0.0334073599901813	TbID	ArafD447A	no	-
PPP6R1	-0.146981099127347	0.109383900053311	-0.168161890077589	0.0711570127381532	nsig	ArafD447A	no	-
PPP6R2	-0.297409985631222	0.0111160538239426	-0.199984056857825	0.0450111454281138	congruent	ArafD447A	no	-
PPP6R3	-0.0950004848619391	0.223123552838005	-0.247620128924516	0.0178807706809489	TbID	ArafD447A	no	-
PRDM6	-1.08179206387355	0.00271975508926843	-0.0705731474307806	0.617671308052795	AP-MS	ArafD447A	yes	loss
PREX2	0.818398676205184	0.150309654372769	-0.337409344791764	0.181123727215615	nsig	ArafD447A	no	-
PRKACA	-0.944193525144938	0.00114077566042069	0.517034006117954	0.0108805635990446	opposite	ArafD447A	no	-
PRKACB	-0.606384868250996	0.00625070100321693	0.275569298445661	0.0107122150635266	opposite	ArafD447A	no	-
PRKAR1A	-0.760182136513227	0.000712634379785022	0.159748543564494	0.265610295225888	AP-MS	ArafD447A	no	-
PRKAR1B	-0.41059554551427	0.0572168965626013	0.0908957057156982	0.653689784635528	nsig	ArafD447A	no	-
PRMT2	-0.617199457681676	0.0360649538997287	-0.178991794120269	0.120481767677389	AP-MS	ArafD447A	no	-
PSMB4	0.082382195279768	0.553104374495001	-0.0895280758819915	0.496722159163059	nsig	ArafD447A	no	-
PSMB5	0.675391110573833	0.00107871302339098	0.538858211476555	0.00477050764778802	congruent	ArafD447A	no	-
PSMC2	0.774696560485409	0.00070421047293687	0.544089117530289	0.000991778944081881	congruent	ArafD447A	no	-
PTPRZ1	-0.778800277972009	0.0110539445107521	-1.37620513937696	0.0030829182812992	congruent	ArafD447A	yes	loss
RAB11FIP3	-1.67153905079488	0.00528989337534242	NA	NA	AP-MS	ArafD447A	yes	loss
RAB32	-0.200726882162357	0.451283127207998	-1.84213155775359	8.33118215220542e-05	TbID	ArafD447A	yes	loss
RABIF	1.09356650693741	0.316117271392044	0.47299842091154	0.14760549034905	nsig	ArafD447A	no	-
RAPGEF6	-0.73420488679671	0.000449749887146619	-0.615662912038076	0.00135227058252251	congruent	ArafD447A	no	-
RBBP4	0.495148417930604	0.0128462488280713	0.729200623824686	0.000749976403835993	congruent	ArafD447A	no	-
RERG	NA	NA	0.157787834913978	0.504187063737616	TbID	ArafD447A	no	-
RHBDD1	0.950517773971854	0.00637416262945974	0.0101526296280716	0.914340254663653	AP-MS	ArafD447A	no	-
RIPK4	-0.863975745911785	0.00107359651991504	-0.571798106667155	0.00308619627892368	congruent	ArafD447A	no	-
RIT1	-0.988234332191457	0.0318181702173774	-0.875417952930265	0.00145482497052425	congruent	ArafD447A	no	-
RPA1	0.427024632022088	0.0055832528742428	-0.0346711702798162	0.792186457196523	AP-MS	ArafD447A	no	-
RPA2	0.307965381322638	0.0347012779591971	-0.00308155850117133	0.983400504822509	AP-MS	ArafD447A	no	-
RPA3	0.228951387586079	0.0652746618267837	-0.0783624547130643	0.567547738293577	nsig	ArafD447A	no	-
RPAP1	-0.299508206746963	0.012560220750793	-0.0443281722885826	0.610108575311518	AP-MS	ArafD447A	no	-
RPAP2	-0.399697152866245	0.005522186356345	0.0840740956439427	0.299531617177343	AP-MS	ArafD447A	no	-
RPAP3	-1.02531497449613	0.000406366624520703	-0.633129313161313	0.00230296546052657	congruent	ArafD447A	yes	loss
RPS6KA4	-0.453233595593339	0.0118222560691213	0.0667307703144664	0.438454924167218	AP-MS	ArafD447A	no	-
RUNDC1	0.566241799161406	0.0466971471084088	0.121245880954915	0.149615461007935	AP-MS	ArafD447A	no	-
RUVBL1	-0.725157609965382	0.00250623352456034	-0.0545926210105983	0.689151841059473	AP-MS	ArafD447A	no	-
RUVBL2	-0.722661479172419	0.00132370600711182	-0.000906655228816416	0.994372604614694	AP-MS	ArafD447A	no	-
SC5D	NA	NA	0.278391966167139	0.0294397484459551	TbID	ArafD447A	no	-
SCD5	-0.503048904826791	0.00553159962096367	-0.2418131917111	0.0280471180582562	congruent	ArafD447A	no	-
SCML1	-1.31898701972398	0.000933835111159858	-1.07201774260021	0.00146389574127634	congruent	ArafD447A	yes	loss
SEC13	-0.195563360458783	0.190680951713784	-0.202400469473158	0.138623801141828	nsig	ArafD447A	no	-
SEC16A	-0.221529706206454	0.0360105697596585	-0.234437613519066	0.051596467026627	AP-MS	ArafD447A	no	-
SEL1L	-0.636244246659243	0.00229540641762577	-0.300685278963941	0.164197599844463	AP-MS	ArafD447A	no	-
SELENOK	-0.00949573919934013	0.95949930172484	0.510554618632192	0.00774487336455474	TbID	ArafD447A	no	-
SELENOS	-0.101400035401175	0.397919444771938	-0.275960860253072	0.0886822091502268	nsig	ArafD447A	no	-
SERF2	0.927721302954143	0.00602572122662501	0.290555426600993	0.0450111454281138	congruent	ArafD447A	no	-
SGK1	NA	NA	1.29598284469153	0.0420241169100338	TbID	ArafD447A	yes	gain
SGTA	0.207788437516207	0.414537512618367	0.112493524415026	0.423902587317933	nsig	ArafD447A	no	-
SH3GLB2	-1.42356801525736	9.49417972851288e-05	-0.380933009838725	0.0107872972680692	congruent	ArafD447A	yes	loss
SIRT1	-0.0274964593438367	0.769558925688811	0.176806720212734	0.180066049530264	nsig	ArafD447A	no	-
SIRT2	0.633614151576075	0.0175100747666214	0.17084281527371	0.105769847549361	AP-MS	ArafD447A	no	-
SKAP2	0.731189722739061	0.0363016857190823	0.57498268090823	0.0261737352044703	congruent	ArafD447A	no	-
SLC19A1	-0.311190284883096	0.0744357677982374	0.0117964814374218	0.930510090089163	nsig	ArafD447A	no	-
SLC27A6	-1.5880378084835	9.49417972851288e-05	-1.017298547247	0.000365591475322523	congruent	ArafD447A	yes	loss
SLC35E1	-0.0598382816643359	0.498426689802121	0.346084644215786	0.00629333305793111	TbID	ArafD447A	no	-
SLIT2	0.634058377921663	0.000395323580833904	0.244385563938125	0.260133769334527	AP-MS	ArafD447A	no	-
SMYD2	-0.149960224937909	0.239483719768727	0.300271467948966	0.020218866300058	TbID	ArafD447A	no	-
SMYD3	-0.217080000620286	0.234094363289795	0.169388181788801	0.151519486449525	nsig	ArafD447A	no	-
SMYD4	-0.275333408022799	0.201230919765081	0.111707304978319	0.167936783085447	nsig	ArafD447A	no	-
SNX18	0.191575516811695	0.111800222634421	0.296067572025644	0.305182262831145	nsig	ArafD447A	no	-
SNX22	-0.579704022652748	0.0287786908761477	NA	NA	AP-MS	ArafD447A	no	-
SNX33	-0.286592578863708	0.227489096920374	0.110492942962124	0.39322135229159	nsig	ArafD447A	no	-
SORL1	-0.649726637748927	0.012784776666658	NA	NA	AP-MS	ArafD447A	no	-
SOWAHD	-1.37018102087425	0.00202142088036253	NA	NA	AP-MS	ArafD447A	yes	loss
SPAG1	-0.250923644372434	0.0515599848316235	0.0992272138790145	0.233127813214547	nsig	ArafD447A	no	-
SPOCK1	-0.214087007091543	0.476933010904671	-0.860482120815799	0.00115292807842604	TbID	ArafD447A	no	-
SRRD	NA	NA	0.292634638714632	0.0328916352919865	TbID	ArafD447A	no	-
STIP1	-0.310074665669051	0.00383370162972086	-0.105719894949765	0.464288441230118	AP-MS	ArafD447A	no	-
STUB1	-0.242289981922472	0.0381327819214897	-0.240337454771518	0.0337444816777915	congruent	ArafD447A	no	-
SUGT1	-0.412021241988248	0.00488740961978881	-0.325117966415581	0.00502125424254693	congruent	ArafD447A	no	-
SYNGR3	-1.4868727251037	0.000395323580833904	-0.140551436501705	0.453570455341778	AP-MS	ArafD447A	yes	loss
SYT3	-0.602957965419205	0.135006975926728	-1.03518005453255	0.00133372441020875	TbID	ArafD447A	yes	loss
TANGO6	-0.297198248924105	0.00700229849897925	0.0587461781821722	0.434014138940447	AP-MS	ArafD447A	no	-
TARBP2	-0.065363155315159	0.758688474988156	0.11417611692166	0.347972214373346	nsig	ArafD447A	no	-
TBC1D4	-0.168480970086347	0.0618950997534886	-0.03445792125179	0.724327252433891	nsig	ArafD447A	no	-
TCEAL7	-1.28143096078894	0.0748515211841005	NA	NA	AP-MS	ArafD447A	no	-
TCP1	-0.433318276309632	0.00374966645623757	-0.0282218815400406	0.862927059749451	AP-MS	ArafD447A	no	-
TECPR1	0.359049597971509	0.157459181469079	-0.284616857126719	0.170092767512603	nsig	ArafD447A	no	-
TENT2	-0.0574061733627587	0.517903537569205	-0.78162059168634	0.000749976403835993	TbID	ArafD447A	no	-
THBS1	NA	NA	1.08400640254751	0.000261671707811635	TbID	ArafD447A	yes	gain
TMA7	0.674685064476123	0.0217998732549378	0.169756342602536	0.233577086847574	AP-MS	ArafD447A	no	-
TMEFF2	NA	NA	0.958481720307717	0.00435393234901684	TbID	ArafD447A	no	-
TNFRSF10D	-0.40591895380575	0.0785493296915043	-0.575047864252488	0.0347548642835435	TbID	ArafD447A	no	-
TOMM34	-0.429097720779778	0.0390617452699114	-0.135644393306483	0.267276553855603	AP-MS	ArafD447A	no	-
TOMM70	-0.882485656457345	0.00129532916499852	-0.319269884482279	0.0299405237045726	congruent	ArafD447A	no	-
TP53	-0.137861659509887	0.203970412812188	-0.521537920679915	0.107774464985865	nsig	ArafD447A	no	-
TRAK2	0.229731436008938	0.316251985895916	0.00141549350856308	0.994372604614694	nsig	ArafD447A	no	-
TRAPPC6B	-0.377036360847122	0.0445235155298489	-0.312887996434308	0.0356335827361654	congruent	ArafD447A	no	-
TRIM27	0.395075617760593	0.00540245172563811	-0.25478129879581	0.259890786671975	AP-MS	ArafD447A	no	-
TRIM37	-0.0649035579726646	0.769199865229716	0.284470690564518	0.164984731262845	nsig	ArafD447A	no	-
TSC22D3	-0.612854126772336	0.329208394019797	-1.29238738581509	0.0874085033029559	nsig	ArafD447A	no	-
TSPYL2	-1.05318783713006	0.000792435220628393	-0.0342768709568498	0.913912133576722	AP-MS	ArafD447A	yes	loss
TTC1	-0.032356315418004	0.791731811249703	0.0108493599840637	0.927916825305878	nsig	ArafD447A	no	-
TTC38	0.287233912826011	0.185551497605264	0.0365756521246451	0.777345058301265	nsig	ArafD447A	no	-
TTC4	-0.17749490037235	0.308185814523953	0.119153151158183	0.26525931128785	nsig	ArafD447A	no	-
TTC9C	-0.388607005889408	0.0359878576382088	-0.0695921040955309	0.401347337598202	AP-MS	ArafD447A	no	-
TUBG1	-0.135304255310727	0.150825549230828	0.216182400699641	0.0348684298882191	TbID	ArafD447A	no	-
TUBGCP2	-0.265524276325182	0.0124143596424227	0.396895081300722	0.0115145365726249	opposite	ArafD447A	no	-
TUBGCP3	0.0102488328170905	0.928783733765401	0.2890570345745	0.0109325276944857	TbID	ArafD447A	no	-
TUBGCP6	-0.104785065681833	0.220081691942347	0.315640035347086	0.0613460107274064	nsig	ArafD447A	no	-
TUG1	-0.493871988592177	0.0402837602119841	0.681396307370242	0.00787585089537232	opposite	ArafD447A	no	-
TXNDC11	-0.518775738386641	0.671148045908424	0.0982696116661506	0.346627458791032	nsig	ArafD447A	no	-
UBAC2	-0.280648316203132	0.0398561192814673	0.446595980128015	0.00523114825449191	opposite	ArafD447A	no	-
UBE4A	-0.454948392671623	0.00283303741888898	-0.121786350023209	0.185481636816812	AP-MS	ArafD447A	no	-
UBIAD1	0.229203371274652	0.3206138934429	0.493493992076336	0.00347970329991446	TbID	ArafD447A	no	-
UBL4A	0.345295684656994	0.0685407406617546	-0.100147231481451	0.403104736153598	nsig	ArafD447A	no	-
UBL5	0.635701074488701	0.0318938760040465	0.46922998592894	0.0107161625947891	congruent	ArafD447A	no	-
UBR4	0.169115584881218	0.0334616170961099	0.124315738051356	0.21998493847617	AP-MS	ArafD447A	no	-
UBR5	-0.287577074618667	0.00999835248312757	-0.301902847622934	0.0516596390337697	AP-MS	ArafD447A	no	-
UBXN4	-0.481231010404768	0.085538692497467	-0.352834607227887	0.0193189882431031	TbID	ArafD447A	no	-
UCK2	-0.518478955928469	0.00225267924457858	-0.562260100086471	0.0041887868588629	congruent	ArafD447A	no	-
UNC45A	-0.58765779825517	0.00421634084780662	0.0527419376391518	0.717801674325455	AP-MS	ArafD447A	no	-
URI1	-0.662050015195048	0.00508514743377319	-0.224892965987886	0.0426296865316493	congruent	ArafD447A	no	-
USP19	-0.0522518593794448	0.555987733567355	0.112262507920063	0.165090759246576	nsig	ArafD447A	no	-
USP34	-0.179009964586163	0.0955477889039978	0.149998348966554	0.108904329177309	nsig	ArafD447A	no	-
USP9X	-0.267611856247935	0.00484466741502932	-0.0613221493904772	0.683987094646295	AP-MS	ArafD447A	no	-
USP9Y	-0.73511867961471	0.0168911283824424	0.0719345940925842	0.841339942057955	AP-MS	ArafD447A	no	-
UXT	-0.920348608707004	0.00107871302339098	-0.354071043825445	0.0200907512384509	congruent	ArafD447A	no	-
VCAN	0.242937100831721	0.13514185944075	-1.26739327262769	0.000154864008624083	TbID	ArafD447A	yes	loss
WDR11	-0.568461958587965	0.00421449255560351	0.0181795843039153	0.839920466477271	AP-MS	ArafD447A	no	-
WDR6	0.258503882387717	0.036423640427605	0.162184283309366	0.130899659912466	AP-MS	ArafD447A	no	-
WDR87	-3.2746800418978	0.00312057322167713	NA	NA	AP-MS	ArafD447A	yes	loss
WDTC1	-0.469715154408448	0.0041524695121504	-0.117028141246638	0.250261327551434	AP-MS	ArafD447A	no	-
WNT11	-0.43884477458116	0.0675550379686051	-0.620392675257563	0.00539232784290611	TbID	ArafD447A	no	-
WSB1	0.236858768785841	0.330587307355587	0.734922992005649	0.0170297360329312	TbID	ArafD447A	no	-
XPNPEP3	-0.20116519929571	0.443274166208027	-0.0458592891187639	0.867278714508802	nsig	ArafD447A	no	-
YWHAB	-2.04048326344276	9.49417972851288e-05	-0.39872866620603	0.0255143049933264	congruent	ArafD447A	yes	loss
YWHAE	-1.83683916193423	0.000440937745947573	-0.572114472802862	0.00896208526641922	congruent	ArafD447A	yes	loss
YWHAG	-1.85045990531237	0.00032792786361268	-0.463197385085491	0.0211960627437662	congruent	ArafD447A	yes	loss
YWHAH	-2.45475339111336	0.000137800689998715	-0.491990044760288	0.0114757023767659	congruent	ArafD447A	yes	loss
YWHAQ	-1.22272226678923	0.000635866159409247	-0.265684753959975	0.067516059321238	AP-MS	ArafD447A	yes	loss
YWHAZ	-2.08850068034448	9.9703704312737e-05	-0.369511842567591	0.0223221731112927	congruent	ArafD447A	yes	loss
ZIK1	NA	NA	0.242880572232569	0.452158958391444	TbID	ArafD447A	no	-
ZNF100	-1.33333357111755	0.0037915702169918	0.0258062460930308	0.769107872617815	AP-MS	ArafD447A	yes	loss
ZNF254	NA	NA	0.81302398079357	0.000479099870138787	TbID	ArafD447A	no	-
ZNF256	NA	NA	0.507246876568983	0.00221334196835394	TbID	ArafD447A	no	-
ZNF324	-0.0122286150555956	0.961653258705664	0.592704848589051	0.00731863129378045	TbID	ArafD447A	no	-
ZNF395	-1.42619063480513	0.00762215347829023	-0.613639916397025	0.0419802165840064	congruent	ArafD447A	yes	loss
ZNF480	NA	NA	0.22877993879236	0.0316413340239732	TbID	ArafD447A	no	-
ZNF507	-0.554433018581644	0.00598880203948586	-0.115333547669566	0.13446123238603	AP-MS	ArafD447A	no	-
ZNF525	NA	NA	0.366460517641258	0.00354542242333112	TbID	ArafD447A	no	-
ZNF776	0.775464455961648	0.0296441213423144	0.364022221393095	0.0513105319094409	AP-MS	ArafD447A	no	-
ZNF816	-0.737843669269079	0.0173072453353576	0.329190877528106	0.256797507352882	AP-MS	ArafD447A	no	-
ZNF835	-0.625116250076764	0.023062683728124	NA	NA	AP-MS	ArafD447A	no	-
ZNF91	1.85708765281608	0.00113045674108213	-0.145229276581663	0.304241956675893	AP-MS	ArafD447A	yes	gain
ZNHIT2	-0.298483761218701	0.0313570223166241	0.279475861501086	0.0144850637927014	opposite	ArafD447A	no	-
ZSWIM8	-0.239203996415125	0.0615593463242952	0.0665543133383846	0.461739395227342	nsig	ArafD447A	no	-
ABCB11	NA	NA	0.550394287091565	0.612933239698623	TbID	BrafD594N	no	-
ACTL8	0.323379311300294	0.480525231120365	-0.184423617244791	0.446838388758895	nsig	BrafD594N	no	-
ADPRHL1	0.357140734320759	0.464819866217773	-1.78458513789479	0.00884476707915932	TbID	BrafD594N	yes	loss
AEN	NA	NA	-0.0136964822469629	0.956558181728196	TbID	BrafD594N	no	-
AIP	0.736366675213036	0.00995841970181919	0.492065256965102	0.0446646321251654	congruent	BrafD594N	no	-
ANKH	NA	NA	-0.234126578446082	0.24553776552191	TbID	BrafD594N	no	-
AP3M1	-0.292683068751811	0.111613684891483	-0.499403061191682	0.0340160604931239	TbID	BrafD594N	no	-
APBA1	1.77763622514593	0.00795332348925596	0.19360058537459	0.856024233888165	AP-MS	BrafD594N	yes	gain
ARAF	1.56561988206566	0.00118795495205216	0.105390752413083	0.480026971713217	AP-MS	BrafD594N	yes	gain
ARF1	NA	NA	-0.325954885555241	0.239595287434037	TbID	BrafD594N	no	-
ARMCX3	0.379133854695702	0.23918584467253	0.110608812469918	0.506403668829943	nsig	BrafD594N	no	-
ASB6	-0.146343664069059	0.38199349046066	-0.222736478586198	0.258044519968258	nsig	BrafD594N	no	-
ASPHD1	-0.207190660006776	0.778504159882125	1.21935960819162	0.0194074428919955	TbID	BrafD594N	yes	gain
ASPM	0.00930640569311705	0.977493873359015	-0.0937162014978697	0.823385102297031	nsig	BrafD594N	no	-
ATP5PD	0.840464320498178	0.00699681852509821	0.342367460641526	0.0959497053781338	AP-MS	BrafD594N	no	-
ATP9B	-0.563783007315765	0.289612347441434	-0.105704573443919	0.487204763341895	nsig	BrafD594N	no	-
BAMBI	-1.35268663413728	0.187893598281313	0.378439942465292	0.401543906947645	nsig	BrafD594N	no	-
BRAF	-0.225266718251888	0.534748575776147	-0.0878081455695922	0.731049621209763	nsig	BrafD594N	no	-
BRI3BP	1.01799314400947	0.111314860945735	0.144674545054534	0.748359813185212	nsig	BrafD594N	no	-
BTBD6	NA	NA	0.0185578845199995	0.97516983625923	TbID	BrafD594N	no	-
BTBD9	-0.275200841515396	0.462888724654237	-0.210523813429034	0.712404443660581	nsig	BrafD594N	no	-
C4A;C4B	NA	NA	-0.38057341905462	0.249621487831664	TbID	BrafD594N	no	-
CCDC51	-0.0385833300474114	0.924844281126271	0.224197416372969	0.529568689093822	nsig	BrafD594N	no	-
CD44	-0.19798445266441	0.604921543288508	0.48547784593839	0.283533390244915	nsig	BrafD594N	no	-
CDC123	-0.0532109451373075	0.843388253502327	-0.106694544080638	0.413270100446673	nsig	BrafD594N	no	-
CDC37	0.49062924817204	0.0824076382434591	-0.0263619376365668	0.933443948798554	nsig	BrafD594N	no	-
CENPI	-0.0598859005986694	0.919514930878469	-0.193175857977863	0.277866786166827	nsig	BrafD594N	no	-
CHAF1A	-0.212108067842621	0.115943987748369	-0.103024612019323	0.805159384349558	nsig	BrafD594N	no	-
CHAF1B	0.133472955525307	0.375543660182421	-0.0644040790276849	0.890827774031253	nsig	BrafD594N	no	-
CNNM3	1.68424545623616	0.0011250918646785	0.285543971797845	0.250133537601557	AP-MS	BrafD594N	yes	gain
CPNE8	0.809733327212702	0.188737724464167	0.119320558832194	0.376568271392563	nsig	BrafD594N	no	-
CRMP1	0.0107595576391475	0.961833573940736	0.231796891818191	0.194336706822527	nsig	BrafD594N	no	-
CSRP1	-1.07949840332075	0.0254016494717663	-0.82100559685902	0.035205701263994	congruent	BrafD594N	yes	loss
CUL7	0.240446279758487	0.0789705529686033	-0.0243389449521252	0.918574584241436	nsig	BrafD594N	no	-
DCAF8L1;DCAF8L2	0.426850985984111	0.310044119126166	NA	NA	AP-MS	BrafD594N	no	-
DELE1	2.01158401761489	0.00203488617720767	-0.0389542294553141	0.920183850404564	AP-MS	BrafD594N	yes	gain
DHFR2	NA	NA	-0.437633466993455	0.277866786166827	TbID	BrafD594N	no	-
DNAJA1	0.279567898768218	0.0942048200659928	-0.146072907076019	0.304088320633215	nsig	BrafD594N	no	-
DNAJB11	0.800185568536163	0.0019771097642456	-0.137369555939308	0.347284345112125	AP-MS	BrafD594N	no	-
DNAJC18	0.328049543282431	0.046518945166361	0.0486960428777295	0.780195793808573	AP-MS	BrafD594N	no	-
DRG2	0.0463909542621178	0.853865111508165	-0.453943653705761	0.105254084065876	nsig	BrafD594N	no	-
DTWD2	-0.182232794449577	0.26666643594197	-0.220939348949107	0.339480913484661	nsig	BrafD594N	no	-
EDIL3	0.0446015121860428	0.955325404216752	-0.326821627051723	0.186853636887845	nsig	BrafD594N	no	-
EEF1B2	-0.197863079768394	0.229865580423299	-0.328673835230584	0.339951237541047	nsig	BrafD594N	no	-
EEF1D	-0.00363631398906968	0.985983469754657	-0.219002304225981	0.615071233089699	nsig	BrafD594N	no	-
EEF1G	0.180572725706359	0.303883943770892	-0.237840941044064	0.567350479648478	nsig	BrafD594N	no	-
EEF2KMT	-0.192749938906983	0.842685191188183	NA	NA	AP-MS	BrafD594N	no	-
EGFLAM	-0.660034974095162	0.010509379258744	-0.559643461118786	0.114243361623439	AP-MS	BrafD594N	no	-
EID2	0.215675253401239	0.525598817827132	0.18616908315124	0.529223687649267	nsig	BrafD594N	no	-
EMILIN2	-1.17030452882962	0.0246255984632133	-0.749740571597372	0.0126409149508472	congruent	BrafD594N	yes	loss
EPB41L4B	0.329209891550885	0.204340191920524	0.401516127167065	0.190419476969409	nsig	BrafD594N	no	-
ESRRG	NA	NA	0.375189192076488	0.300868194694716	TbID	BrafD594N	no	-
ETV4	1.80224882618548	0.00608225045997593	NA	NA	AP-MS	BrafD594N	yes	gain
EYA2	0.0968957811797496	0.896477486995271	-0.15859298654223	0.425186309926355	nsig	BrafD594N	no	-
FADS2	-0.00735950898974704	0.973212272515978	-0.00512361611859866	0.985468039413237	nsig	BrafD594N	no	-
FAM111B	0.0759052114297489	0.683174492177015	-0.0415280028939834	0.919209652558356	nsig	BrafD594N	no	-
FBH1	0.220165635267468	0.278162833943347	-0.221228453636915	0.494438990055087	nsig	BrafD594N	no	-
FBXL3	0.147697764330372	0.667706264710172	-0.343729719841776	0.0717605546151929	nsig	BrafD594N	no	-
FBXO8	0.402665054754532	0.57971744147156	-0.317209728857445	0.061276900386176	nsig	BrafD594N	no	-
FEM1C	-0.744645677275285	0.458619776261946	NA	NA	AP-MS	BrafD594N	no	-
FKBP4	0.425993265919962	0.0234793118226756	-0.193751409064908	0.287095218519814	AP-MS	BrafD594N	no	-
FKBP5	0.640017330931202	0.0109427752641701	0.123500380607991	0.359803206503376	AP-MS	BrafD594N	no	-
FOSL1	0.545267393026127	0.158758859998296	0.415029732611178	0.230914848651681	nsig	BrafD594N	no	-
FOXN3	1.11104224158211	0.39409654234107	-0.0537952827552795	0.876683849193456	nsig	BrafD594N	no	-
FOXRED2	0.221428330657677	0.1279281842128	-0.136291090875105	0.450577932736594	nsig	BrafD594N	no	-
FRMD4A	0.0982659148696497	0.598695854488263	0.0261178371522103	0.96247127473206	nsig	BrafD594N	no	-
FTSJ1	1.03823240696854	0.00203488617720767	0.0681220226223672	0.714708634001219	AP-MS	BrafD594N	yes	gain
GABRB3	-0.0599841289405647	0.902347265464391	-0.200755644960827	0.609340207601615	nsig	BrafD594N	no	-
GATD1	-0.0286869278351566	0.886548847914879	-0.159059071006582	0.331273150659301	nsig	BrafD594N	no	-
GGA3	0.175100746637528	0.665352439512988	1.05073280171139	0.0126409149508472	TbID	BrafD594N	yes	gain
GPAM	0.380870359244961	0.0322684515469631	-0.161363543662365	0.292836471711902	AP-MS	BrafD594N	no	-
GPC6	-0.504860555564621	0.0669192430253126	-0.490329154906134	0.130531490099292	nsig	BrafD594N	no	-
GPR176	NA	NA	1.04252561611147	0.39180278879864	TbID	BrafD594N	no	-
GUCD1	0.0668047864662717	0.88792748855272	-0.0733622103192051	0.627338220313888	nsig	BrafD594N	no	-
HCN4	0.198994322708296	0.329515687906971	NA	NA	AP-MS	BrafD594N	no	-
HECTD2	-0.520223793097803	0.1971400706116	-0.293946084280104	0.360026506433663	nsig	BrafD594N	no	-
HPF1	-0.170357007209422	0.68288947619021	-0.383074541872185	0.10493720336241	nsig	BrafD594N	no	-
HRAS	-0.33166594939411	0.44427672610167	-0.318153896745889	0.194958100595598	nsig	BrafD594N	no	-
HSP90AA1	0.637316321347441	0.015954414020739	0.384677215263197	0.206225136906085	AP-MS	BrafD594N	no	-
HSP90AA2P	0.309509889164059	0.415664897656698	NA	NA	AP-MS	BrafD594N	no	-
HSP90AA4P	0.435608026795827	0.46017162575269	0.479299728799936	0.177869299657459	nsig	BrafD594N	no	-
HSP90AA5P	0.576936053201063	0.283267574626286	0.15109221898054	0.620750516786692	nsig	BrafD594N	no	-
HSP90AB1	0.453181408599875	0.0843241788454854	0.217206738802766	0.424698720750551	nsig	BrafD594N	no	-
HSP90AB2P	-0.565800445795891	0.51734549606962	NA	NA	AP-MS	BrafD594N	no	-
HSP90AB3P	0.196580488597442	0.735601771525588	NA	NA	AP-MS	BrafD594N	no	-
HSP90AB4P	0.613553375660852	0.0673870537795996	NA	NA	AP-MS	BrafD594N	no	-
HSPA4L	-0.0456839245631516	0.790008826897581	-0.152571690159682	0.521598392350685	nsig	BrafD594N	no	-
HSPA5	-0.275622983563068	0.139260958448926	-0.567969615285323	0.0514056080340336	nsig	BrafD594N	no	-
HYCC2	-0.768481420487332	0.230037204225803	0.0240171246668391	0.918764038210538	nsig	BrafD594N	no	-
ID3	-0.189385254648342	0.688954927275878	0.157210233175808	0.599980235448723	nsig	BrafD594N	no	-
IDI1	-0.101985442357698	0.83666467842729	-0.101466159731911	0.46502242471371	nsig	BrafD594N	no	-
KCTD10	-0.318475453280352	0.233656297543844	-0.216464620465816	0.595740361480332	nsig	BrafD594N	no	-
KCTD12	-0.125674823397004	0.474917460841644	-0.186692992930662	0.347284345112125	nsig	BrafD594N	no	-
KDM2A	0.151496529900775	0.71812355155344	-0.00287332267292213	0.99064104941053	nsig	BrafD594N	no	-
KEAP1	0.410608164896554	0.016178385188	-0.232896794339092	0.578350942144477	AP-MS	BrafD594N	no	-
KLHL15	-0.19187153722019	0.283640769058849	-0.342137352598497	0.193334840518389	nsig	BrafD594N	no	-
KMT5A	-0.0857626478170818	0.91264017211426	-0.234359309200212	0.558859514965544	nsig	BrafD594N	no	-
KRAS	0.128825517326103	0.543107652054533	-0.786385565079842	0.0571068728628933	nsig	BrafD594N	no	-
KSR1	0.241060670232773	0.0673870537795996	0.7009989137561	0.0465979234409343	TbID	BrafD594N	no	-
KSR2	0.69414892150238	0.0974990574256011	0.384164029063021	0.300868194694716	nsig	BrafD594N	no	-
LCMT2	0.338288750455113	0.0463880894889201	0.248950796121246	0.219882635695237	AP-MS	BrafD594N	no	-
LDLRAD3	NA	NA	0.320183244424557	0.731049621209763	TbID	BrafD594N	no	-
LETM2	1.58468285543629	0.0152018297385132	0.0595302041141975	0.887299426702357	AP-MS	BrafD594N	yes	gain
LGALS3BP	-0.1318191064065	0.439030704128939	-0.00716648326845269	0.975832012833588	nsig	BrafD594N	no	-
LGALS8	-0.188735611707978	0.665121628772128	-0.0657487731984619	0.891655268916821	nsig	BrafD594N	no	-
LMO1	-0.42459647573916	0.260973494416089	NA	NA	AP-MS	BrafD594N	no	-
LSAMP	NA	NA	-1.43921717544408	0.148856133815646	TbID	BrafD594N	no	-
MAP2K1	-1.87174953458226	0.000752284311455034	0.387089490754798	0.0799171250147053	AP-MS	BrafD594N	yes	loss
MAP2K2	-0.413079632630657	0.0942048200659928	0.629644310266139	0.0126409149508472	TbID	BrafD594N	no	-
MARCHF6	0.116841911525479	0.778960983353928	-0.155241915154852	0.56477504346002	nsig	BrafD594N	no	-
MAT2A	-0.146438103154989	0.266645105750826	-0.111444133414289	0.480026971713217	nsig	BrafD594N	no	-
MEST	NA	NA	-0.379737224971535	0.258087660413741	TbID	BrafD594N	no	-
METAP2	0.333842625954504	0.189051612325979	-0.177430034467374	0.35792588232832	nsig	BrafD594N	no	-
NAA15	-0.365653928971145	0.0140802175642545	-0.340821105670021	0.168371646161728	AP-MS	BrafD594N	no	-
NEFL	0.456266936844256	0.0377045104685054	-0.0034776518699039	0.996714533207956	AP-MS	BrafD594N	no	-
NR2F1	-0.8266902556636	0.0655075768692028	-0.264755259356451	0.269143644085056	nsig	BrafD594N	no	-
NRAS	-0.00247299727826213	0.995175585065548	-0.223657437140805	0.33953863153789	nsig	BrafD594N	no	-
NT5C	0.805166733710308	0.0865978893665514	NA	NA	AP-MS	BrafD594N	no	-
NTS	NA	NA	0.29397500726845	0.387378492120427	TbID	BrafD594N	no	-
NUDT4B	-0.312844543077482	0.259275594394484	-0.0192832422163937	0.935796277199198	nsig	BrafD594N	no	-
OAS3	0.967239848647152	0.0246255984632133	0.864413485379844	0.0175824127011152	congruent	BrafD594N	no	-
OCIAD1	0.439315544990266	0.0556669468504808	-0.0189618812384188	0.935796277199198	nsig	BrafD594N	no	-
OGDH	-1.14726694839439	0.000752284311455034	-0.0526801276629674	0.726509941316603	AP-MS	BrafD594N	yes	loss
OPHN1	0.664887414705663	0.417251272182146	0.0696704886383685	0.615978467281099	nsig	BrafD594N	no	-
ORC1	NA	NA	0.129722305095414	0.671093565834687	TbID	BrafD594N	no	-
ORMDL2	NA	NA	0.2090319718077	0.548276138222728	TbID	BrafD594N	no	-
OS9	0.0969439745983166	0.727230314567026	-0.16787589859955	0.931422273745159	nsig	BrafD594N	no	-
P3H3	0.972583714215183	0.0246255984632133	-0.0299982096891087	0.935796277199198	AP-MS	BrafD594N	no	-
P3H4	1.48438738406858	0.0011250918646785	0.00145642973919181	0.997984443678423	AP-MS	BrafD594N	yes	gain
PCLAF	-0.162324426557237	0.827809363545316	-0.0913451317594882	0.582413460257918	nsig	BrafD594N	no	-
PELI2	0.323158051704817	0.375543660182421	0.852745439156955	0.587035678659884	nsig	BrafD594N	no	-
PKN2	0.168217701830277	0.160617343174603	0.897370384819751	0.0126409149508472	TbID	BrafD594N	no	-
PLOD1	1.40235354249651	0.000241650811663421	-0.430136876003451	0.187150363326043	AP-MS	BrafD594N	yes	gain
PLOD2	2.41182984942753	0.000112315098989114	0.258221579365572	0.139033244301627	AP-MS	BrafD594N	yes	gain
POLR2G	0.112532294615435	0.821410499276588	-0.230151452251859	0.591581003925911	nsig	BrafD594N	no	-
POLR2L	-0.0565547761469649	0.90340558104231	-0.510609430443921	0.347284345112125	nsig	BrafD594N	no	-
PPP5C	0.470003862023752	0.0234793118226756	0.0852630106609253	0.674041455086852	AP-MS	BrafD594N	no	-
PRR35	1.20211621380326	0.0119266904949493	NA	NA	AP-MS	BrafD594N	yes	gain
PSMB4	0.223522467699598	0.218944697902568	-0.257300249674884	0.292836471711902	nsig	BrafD594N	no	-
PSMC5	0.325918412993066	0.089156418735388	0.0878113098357163	0.576340616894672	nsig	BrafD594N	no	-
PTPRZ1	-1.47722542966449	0.0449267412086313	-0.979542060198376	0.141863612667997	AP-MS	BrafD594N	yes	loss
RAB32	0.318546459490011	0.384252962706065	-0.686948555492242	0.0250178444941312	TbID	BrafD594N	no	-
RADX	0.714565001605498	0.00203488617720767	0.665599191081031	0.0126409149508472	congruent	BrafD594N	no	-
RAF1	0.751515186908995	0.00666422603195954	0.379489714044974	0.0490125029016265	congruent	BrafD594N	no	-
RP9	-0.380764874970014	0.239029707613698	-0.0314117321454476	0.937231620569629	nsig	BrafD594N	no	-
RPA1	-0.307380468935743	0.0629648392518467	-0.208306983808698	0.339480913484661	nsig	BrafD594N	no	-
RPA2	-0.385133953968726	0.196092430951844	-0.21192724999795	0.399368752560218	nsig	BrafD594N	no	-
RPA3	-0.195495120997425	0.375543660182421	-0.244923730800575	0.232328506828022	nsig	BrafD594N	no	-
RPTOR	0.590235771558009	0.0179295262814053	0.0356042450965648	0.880996496586186	AP-MS	BrafD594N	no	-
RPUSD1	0.318318365495662	0.439825566737451	0.228952462047979	0.548644625116303	nsig	BrafD594N	no	-
SARAF	-0.247897545794766	0.476826938619091	-0.229076470425141	0.353681494868125	nsig	BrafD594N	no	-
SC5D	NA	NA	-0.17044636069253	0.670092449626258	TbID	BrafD594N	no	-
SDF2	0.646735468460129	0.0351734237037977	-0.145382139447114	0.477402184748573	AP-MS	BrafD594N	no	-
SDF2L1	0.999597868208277	0.00869660924036975	0.132554316311932	0.411905579066955	AP-MS	BrafD594N	no	-
SDHC	NA	NA	-0.383008002945967	0.320990892867322	TbID	BrafD594N	no	-
SELENOF	0.893687371674622	0.0179295262814053	-0.0619123277174903	0.804972413555782	AP-MS	BrafD594N	no	-
SELENOS	0.0736164202247213	0.766430362184156	0.113090347383761	0.75916417347853	nsig	BrafD594N	no	-
SERF2	-0.428368751564288	0.10319557194227	-0.155960821980477	0.748148577524114	nsig	BrafD594N	no	-
SESN3	-0.00131501511003343	0.995855135560994	-0.233921158337461	0.290998849070945	nsig	BrafD594N	no	-
SFN	0.615166130215048	0.186033538336085	-0.382591398808532	0.526298324299954	nsig	BrafD594N	no	-
SGK1	NA	NA	0.241468526159304	0.834536434654223	TbID	BrafD594N	no	-
SH3GLB2	1.44939437540221	0.000241650811663421	0.312256346895847	0.308709106845736	AP-MS	BrafD594N	yes	gain
SIRT2	0.21113336694901	0.512007290054299	0.296057737889587	0.179749187730561	nsig	BrafD594N	no	-
SIVA1	-0.247776708408266	0.129377967195767	-0.325215930906473	0.378593689700361	nsig	BrafD594N	no	-
SLC25A51	0.541793352136702	0.170785922809085	-0.0599705420581279	0.733483899989882	nsig	BrafD594N	no	-
SLC25A52	0.292972528443266	0.2060242500708	NA	NA	AP-MS	BrafD594N	no	-
SLC27A6	-0.089130258994093	0.616608729827536	-0.345295646798407	0.0889402101421994	nsig	BrafD594N	no	-
SLIT2	-0.574672009423952	0.0427393632238538	-0.542802436154951	0.194072271330842	AP-MS	BrafD594N	no	-
SPOCK1	-0.535114059389187	0.21947363247601	-0.705397563962317	0.075562319044203	nsig	BrafD594N	no	-
SPON1	-0.0317362339586982	0.943340666616809	-0.225380574495028	0.574699339923573	nsig	BrafD594N	no	-
SPRY4	0.579628272530839	0.136395706561624	0.647295548812492	0.0864239376991356	nsig	BrafD594N	no	-
SPTAN1	0.189393664008166	0.337480029610952	-0.19598302999178	0.778417085397809	nsig	BrafD594N	no	-
SPTBN1	0.14696970863963	0.400391257677848	-0.217958855888294	0.748106223778753	nsig	BrafD594N	no	-
SQOR	0.133096632445498	0.313406153221846	-0.000424976270688738	0.998931534697422	nsig	BrafD594N	no	-
SREBF1	-1.22770199131196	0.0207720656493101	0.0801493508989227	0.829719993100939	AP-MS	BrafD594N	yes	loss
SRRD	NA	NA	-0.0665545583609397	0.75571801750336	TbID	BrafD594N	no	-
SSBP2	-0.81901336294977	0.0329147925028843	NA	NA	AP-MS	BrafD594N	no	-
SUGT1	0.555844814144793	0.00974332954627116	-0.224227527738157	0.170265509901413	AP-MS	BrafD594N	no	-
TAOK2	-0.35311899399093	0.0242779999696094	-0.447066210321058	0.0575671312634819	AP-MS	BrafD594N	no	-
TFPI2	0.395512354210497	0.395020306525143	0.519675192461354	0.0393861358229663	TbID	BrafD594N	no	-
TGFB1	1.54662802944449	0.00469608150224991	0.893363976860996	0.0213871862613203	congruent	BrafD594N	yes	gain
THBS1	NA	NA	-0.9868486415288	0.0126409149508472	TbID	BrafD594N	no	-
TMEFF2	NA	NA	0.123962795178523	0.719481332961685	TbID	BrafD594N	no	-
TNFAIP1	-0.172518089194131	0.374491677489591	-0.141444262412451	0.689016622299296	nsig	BrafD594N	no	-
TRIB3	1.07892406108561	0.00187056522086425	-0.53473264504101	0.29325174942715	AP-MS	BrafD594N	yes	gain
TUG1	-0.156572092316209	0.473872733697286	-0.157783475587201	0.717120265889561	nsig	BrafD594N	no	-
TWNK	0.361566782487012	0.0349616871790838	0.245275113986242	0.561139543806554	AP-MS	BrafD594N	no	-
UBL5	-0.0262775928734943	0.951142567929343	-0.252444851538654	0.320990892867322	nsig	BrafD594N	no	-
UGGT2	0.864733729051745	0.00469608150224991	-0.0236356546279511	0.897170815093211	AP-MS	BrafD594N	no	-
UROD	NA	NA	0.177221231081835	0.670667816697573	TbID	BrafD594N	no	-
USP6NL	0.216040679364383	0.645928136225196	0.468904813729867	0.064764747159517	nsig	BrafD594N	no	-
UTP6	0.118553096378888	0.39409654234107	-0.161027688518915	0.551589696888981	nsig	BrafD594N	no	-
VAMP8	0.375326247643907	0.292098049614441	0.0559800939183647	0.818891684926177	nsig	BrafD594N	no	-
VCAN	-1.78034406725705	0.0011250918646785	-0.968467746835994	0.0118096040857839	congruent	BrafD594N	yes	loss
VTI1B	0.802094699166381	0.00469608150224991	0.108545734764482	0.610016211381079	AP-MS	BrafD594N	no	-
WDR6	0.990004632997837	0.00203488617720767	-0.0470525275153679	0.826961422750771	AP-MS	BrafD594N	no	-
WDR87	-1.4212755196848	0.157435412752392	NA	NA	AP-MS	BrafD594N	no	-
WSB1	0.180380902990472	0.63013531496212	-0.128516483224819	0.715253273432819	nsig	BrafD594N	no	-
XPNPEP3	0.237481220910531	0.68442525252313	0.0303492217470675	0.95371728134508	nsig	BrafD594N	no	-
YWHAB	-0.0598020947040653	0.824053700214598	0.826542047897799	0.108377068774043	nsig	BrafD594N	no	-
YWHAE	-0.178024383646477	0.421988955946438	0.714983322351914	0.0967138773463616	nsig	BrafD594N	no	-
YWHAG	-0.215229638099695	0.219451690252003	0.601343542043671	0.281428516042091	nsig	BrafD594N	no	-
YWHAH	-0.332266290837418	0.156024897978412	0.626360769648655	0.184080370441499	nsig	BrafD594N	no	-
YWHAQ	0.11212138279082	0.644678022994095	0.370643491040432	0.278787141527061	nsig	BrafD594N	no	-
YWHAZ	-0.0726675288157331	0.666445295554108	1.00682611347178	0.0635701821708728	nsig	BrafD594N	no	-
ZBTB39	0.497681339944438	0.490424546798283	-0.486746532614528	0.611482722687203	nsig	BrafD594N	no	-
ZNF480	NA	NA	-0.0665663990732329	0.75916417347853	TbID	BrafD594N	no	-
ZNF510	2.37784734198621	0.0345206627783866	NA	NA	AP-MS	BrafD594N	yes	gain
ABHD17C	-0.114615071762536	0.701515772996117	-0.0346571024125926	0.900096311459753	nsig	ERK1DD	no	-
ADGRL1	-0.547237617005326	0.018397718398646	-0.131484638156386	0.380430672204573	AP-MS	ERK1DD	no	-
ADGRL2	-0.992024519518641	0.001225404645302	-0.193307144817153	0.0362735873814795	congruent	ERK1DD	no	-
ADGRL3	-0.195353292107557	0.491930992035057	-0.110816754116678	0.552562880520851	nsig	ERK1DD	no	-
AMOT	0.301960831495789	0.221002930118335	0.124925303989934	0.251726731928147	nsig	ERK1DD	no	-
ANKRD10	-0.652960119422152	0.0333502730440711	-0.304214221916054	0.102326402868988	AP-MS	ERK1DD	no	-
ANKRD34A	NA	NA	-0.539318073050142	0.0447341400707688	TbID	ERK1DD	no	-
ARHGAP31	-0.215007239215997	0.167169757913729	-0.317180181565514	0.0206921538421395	TbID	ERK1DD	no	-
ARHGEF26	-0.241223549141494	0.0596799729218069	0.0935024332715559	0.266030019069906	nsig	ERK1DD	no	-
ARRDC4	-1.45746948921874	0.0356447421317306	-0.197614220747581	0.304958791859891	AP-MS	ERK1DD	yes	loss
ATXN7	0.50485618944467	0.0165134345803422	-0.00900438957127212	0.953426983800989	AP-MS	ERK1DD	no	-
ATXN7L1	-0.193264475852338	0.510033220707023	0.144413885777842	0.329578807767938	nsig	ERK1DD	no	-
ATXN7L2	0.632659686858843	0.119143511213099	0.233819693389368	0.146546298390106	nsig	ERK1DD	no	-
ATXN7L3	0.607397933757946	0.0739382758222394	0.131279429819726	0.172536443216394	nsig	ERK1DD	no	-
B3GALT1	NA	NA	0.873714758314996	0.0140845309527964	TbID	ERK1DD	no	-
BEND4	NA	NA	0.0659211267788581	0.753321688155487	TbID	ERK1DD	no	-
BMP8B;BMP8A	-1.00512143951959	0.0114074096855544	NA	NA	AP-MS	ERK1DD	yes	loss
BTBD6	NA	NA	0.327742714161295	0.150265855095315	TbID	ERK1DD	no	-
C15orf39	-0.246209111456703	0.0653638044139054	-0.625450375845282	0.00518362378583571	TbID	ERK1DD	no	-
C4A;C4B	NA	NA	0.224172035396112	0.0887266581642253	TbID	ERK1DD	no	-
CAMSAP2	-0.267598017525826	0.0511656705313499	-0.317902267952002	0.00970727807678227	TbID	ERK1DD	no	-
CCDC138	-0.351874009177946	0.0720454110535858	-0.216958409883737	0.0702205271790507	nsig	ERK1DD	no	-
CCP110	-0.266663231473863	0.0250481557621408	-0.145203461436835	0.0973782640614985	AP-MS	ERK1DD	no	-
CDC37	-0.932605488931535	0.000931766438724497	-0.0717176658095395	0.363295058237889	AP-MS	ERK1DD	no	-
CEMIP	0.0185326202650908	0.960347188907463	-0.930979784388989	0.0442793344888888	TbID	ERK1DD	no	-
CFLAR	0.429044742139548	0.457746726222785	NA	NA	AP-MS	ERK1DD	no	-
CHERP	0.285867423261307	0.196993436180755	-0.171581588994525	0.0976459752321018	nsig	ERK1DD	no	-
CHST7	0.252081594896914	0.356381142885032	-0.0055006289412358	0.973065294642977	nsig	ERK1DD	no	-
CKAP2	0.301306463259575	0.255668779784698	-0.395451189527721	0.00467271254312946	TbID	ERK1DD	no	-
CRMP1	-0.311469415107149	0.0872784768488995	-0.0835559592881066	0.419845946124259	nsig	ERK1DD	no	-
CSPG4	-0.617003855391514	0.00589595279336158	-0.381397176872616	0.257149336123297	AP-MS	ERK1DD	no	-
CSRP1	0.355975313842123	0.30099922249008	-0.302754310137397	0.123076097195522	nsig	ERK1DD	no	-
CTDSP1	0.0601576773146601	0.820855695113845	-0.052993687567669	0.903496684949629	nsig	ERK1DD	no	-
DACH2	-2.1835393298137	0.000854082959496334	NA	NA	AP-MS	ERK1DD	yes	loss
DCLK1	-0.0659040552764374	0.624753586991311	-0.155492764856943	0.126163984037214	nsig	ERK1DD	no	-
DEPTOR	0.572978582584748	0.0638486173274638	NA	NA	AP-MS	ERK1DD	no	-
DHFR2	NA	NA	-1.97516700165201	0.000364676315283061	TbID	ERK1DD	yes	loss
DHPS	-4.47257372318116	7.98253989962774e-06	-0.263781926823652	0.0448264230111054	congruent	ERK1DD	yes	loss
DNTTIP1	-0.199314981386588	0.211302447780751	0.00492444478891796	0.967229035132262	nsig	ERK1DD	no	-
DPYSL4	0.231036205222079	0.158545148420468	0.159503555423653	0.0908253064165179	nsig	ERK1DD	no	-
DUSP6	-1.26610317161296	0.0076192362163928	-0.705400433302864	0.124111437925457	AP-MS	ERK1DD	yes	loss
DUSP7	-1.27776775492979	0.00784735458189205	0.183992824763736	0.233982826176682	AP-MS	ERK1DD	yes	loss
DUSP9	-1.64639110439889	0.00691348396443623	1.4610955745575	0.000582999720763564	opposite	ERK1DD	yes	opposite
EIF4EBP1	-0.509531901945031	0.0438496094184754	-0.455332862555105	0.176167725347611	AP-MS	ERK1DD	no	-
ENAH	-0.246009731199142	0.0908098363446144	0.0780452391323659	0.41863766102502	nsig	ERK1DD	no	-
ENGASE	0.0952995776189662	0.417905903434491	0.0250087856648111	0.809446968744889	nsig	ERK1DD	no	-
ERF	-1.35669211106437	0.00232728824463114	-0.233156281584268	0.112051502670798	AP-MS	ERK1DD	yes	loss
ERICH1	0.429813842114958	0.404540235572513	-0.475850843714489	0.0247545424130202	TbID	ERK1DD	no	-
ETV3	-0.437020430834726	0.0379674957721518	-0.140223962281894	0.466561826968268	AP-MS	ERK1DD	no	-
EYA3	-0.98673122499755	0.00714354691858775	-1.01326447732251	0.000257957062987089	congruent	ERK1DD	yes	loss
FAM83D	-0.546055883468578	0.0146261700330876	0.0182478671076119	0.881586570925661	AP-MS	ERK1DD	no	-
FBH1	0.107056089816804	0.570914592377148	0.504958038501846	0.0153369409363227	TbID	ERK1DD	no	-
FBXL14	0.587152135562027	0.194797812094527	0.137953260606182	0.167448286677324	nsig	ERK1DD	no	-
FKBP5	-1.58453832761459	0.00160880906584348	-0.123640882932424	0.181917260439894	AP-MS	ERK1DD	yes	loss
FLYWCH2	-0.31131439841582	0.0961949610423565	0.138130135395447	0.348665810681446	nsig	ERK1DD	no	-
FNDC10	0.234553096660928	0.305623881386575	0.457539592439918	0.166566470559279	nsig	ERK1DD	no	-
FOXN3	-0.299538159999438	0.363009336367235	0.363861452668896	0.0861182065256829	nsig	ERK1DD	no	-
FRAT2	-0.512092014937819	0.358697219856013	NA	NA	AP-MS	ERK1DD	no	-
FRS2	-0.859924063595943	0.0318639873003118	0.0405818651681723	0.685658964476591	AP-MS	ERK1DD	no	-
FRS3	NA	NA	0.38337387756809	0.518947815778406	TbID	ERK1DD	no	-
GAB1	-0.545053207205169	0.0926746672564638	0.136303970768782	0.224699163287317	nsig	ERK1DD	no	-
GRIP1	-0.191239185414506	0.168487770023786	-0.283355243708919	0.0304508874082978	TbID	ERK1DD	no	-
GRSF1	-1.55580543188235	3.51577178968524e-05	-0.200736744438614	0.0796345720359993	AP-MS	ERK1DD	yes	loss
HCN4	0.047587207917192	0.770548060483898	NA	NA	AP-MS	ERK1DD	no	-
HIVEP1	-0.108700155964066	0.613131381030476	0.198510440131471	0.0663997266262772	nsig	ERK1DD	no	-
HMMR	-0.73592407362001	0.00410213070101172	-0.0857467043801676	0.286832346292921	AP-MS	ERK1DD	no	-
HSP90AA1	-0.877135540431094	0.000833690618227163	-0.109054348051494	0.555853847754813	AP-MS	ERK1DD	no	-
HSP90AA4P	-0.91074084262945	0.0114941283947331	-0.084672316778658	0.786370535283063	AP-MS	ERK1DD	no	-
HSP90AB1	-0.759361845388002	0.000311967468797764	-0.129975794010605	0.362261851921178	AP-MS	ERK1DD	no	-
HSP90AB2P	-2.51058743348754	0.158629298977783	NA	NA	AP-MS	ERK1DD	no	-
HSP90AB4P	-0.471762118697744	0.0292955218657558	NA	NA	AP-MS	ERK1DD	no	-
ID3	0.730760677872692	0.0193533886315251	0.700347492468017	0.0695115500265293	AP-MS	ERK1DD	no	-
IFI16	NA	NA	1.4144392214247	0.000638031326140298	TbID	ERK1DD	yes	gain
ILK	-0.428881290395889	0.0246774558751204	0.0443404039069239	0.686452931288523	AP-MS	ERK1DD	no	-
IPP	-0.886200951991083	0.0115628012058894	-0.103625969250176	0.559082021093798	AP-MS	ERK1DD	no	-
IRS2	0.0221780914798456	0.908939272436222	-0.216315762714143	0.0713580240568547	nsig	ERK1DD	no	-
ITPKC	-0.880096148926502	0.00452857933641495	-0.230962171591244	0.0835279580191532	AP-MS	ERK1DD	no	-
KIF16B	-0.437179269017949	0.108258967340453	-1.26223202426936	0.000104135622953563	TbID	ERK1DD	yes	loss
LIMS1	-0.502123271520025	0.0229113968370794	0.0256824750488439	0.815631016671605	AP-MS	ERK1DD	no	-
LONP1	-1.25285771740805	0.001225404645302	-0.146837434740311	0.350819346478918	AP-MS	ERK1DD	yes	loss
LSAMP	NA	NA	-0.108868113167664	0.488696374326095	TbID	ERK1DD	no	-
LTBP4	0.511122742034396	0.0182912418591774	0.140831122087523	0.234162669565092	AP-MS	ERK1DD	no	-
MAP2K2	-1.35866930824536	0.0404197343652401	-0.515749906379222	0.00135020823937026	congruent	ERK1DD	yes	loss
MAPK1	-0.64454452578818	0.20570084601183	-0.160424020670999	0.177210818128256	nsig	ERK1DD	no	-
MAPK3	-0.603992307397178	0.0546374059443515	-0.430530457617418	0.00587420378457949	TbID	ERK1DD	no	-
MAPK4	-1.41455443637631	0.00372477860058814	0.335668722215452	0.0719276899444524	AP-MS	ERK1DD	yes	loss
MAPK8	0.864502617212936	0.0778529911433522	NA	NA	AP-MS	ERK1DD	no	-
MEF2A	0.316325326374578	0.0480534889044423	0.129341046742339	0.481452143753493	AP-MS	ERK1DD	no	-
MEST	NA	NA	0.0840296615992198	0.740740539426167	TbID	ERK1DD	no	-
MIDEAS	-0.0570380263003429	0.770760814762336	0.186074652588423	0.0768055183081282	nsig	ERK1DD	no	-
MKNK1	-0.63267237891028	0.0585983487617955	-0.173643979577198	0.130618305693892	nsig	ERK1DD	no	-
MKNK2	-1.18405852814606	0.00694499933544582	-0.0431718073602419	0.803979766055689	AP-MS	ERK1DD	yes	loss
MRTFB	-0.346424940261539	0.0373034483267085	-0.347291840463927	0.0418689154204278	congruent	ERK1DD	no	-
MZT1	-2.06139441320932	0.000212194456134581	-0.126074651615908	0.210654226705757	AP-MS	ERK1DD	yes	loss
MZT2B	-1.97711449071549	2.78434163951117e-05	-0.284059190758052	0.0836962226489516	AP-MS	ERK1DD	yes	loss
NCKAP5L	-0.186121402994702	0.211852180747418	-0.309980327535039	0.0151531559726639	TbID	ERK1DD	no	-
NEDD1	-0.325535702590863	0.086926687371645	-0.205758425268602	0.0383640643379743	TbID	ERK1DD	no	-
NELFA	0.0927122477023203	0.448732408861608	0.102881416098655	0.219230346648508	nsig	ERK1DD	no	-
NEO1	-0.674489833880319	0.0076192362163928	0.027562770336714	0.854763591602237	AP-MS	ERK1DD	no	-
NKAPL	0.39459628703366	0.211425142151036	NA	NA	AP-MS	ERK1DD	no	-
NOTCH1	-0.446243759353888	0.0691646301676254	-0.208476042999723	0.124983210516542	nsig	ERK1DD	no	-
NUDT8	0.308931566542155	0.194797812094527	0.0408419514006848	0.785130549026735	nsig	ERK1DD	no	-
OCIAD2	-0.209443908715482	0.0862155673702392	0.143970236189143	0.321142946007487	nsig	ERK1DD	no	-
OGFR	-0.308227703747299	0.121914250459827	-0.000149676941439776	0.998514103426894	nsig	ERK1DD	no	-
PARVA	-0.0730622857393586	0.702387026794893	0.195205074432966	0.0854144971401844	nsig	ERK1DD	no	-
PARVB	-0.502438686704898	0.0660587338114105	-0.0539908088649416	0.760633329189196	nsig	ERK1DD	no	-
PCDH10	NA	NA	1.28963541346424	0.00629877206664945	TbID	ERK1DD	yes	gain
PCDH19	-2.49689080920885	0.000212194456134581	-0.704227720818427	0.0143735183850223	congruent	ERK1DD	yes	loss
PDCD4	0.735990672968747	0.00175374638939394	0.234739751990876	0.0199421073111714	congruent	ERK1DD	no	-
PDCD6IP	-0.976486236872995	0.000169035768060395	-0.0102631494496335	0.945542092510453	AP-MS	ERK1DD	no	-
PEA15	NA	NA	-0.350728690508911	0.0243169179257207	TbID	ERK1DD	no	-
PHYH	0.92199171773716	0.119143511213099	NA	NA	AP-MS	ERK1DD	no	-
PIK3R3	-0.565202566382893	0.0109087401849999	-0.625877754367228	0.00116617534891286	congruent	ERK1DD	no	-
PINX1	0.400181280111932	0.149191962101107	-0.27823103406566	0.0466755496479375	TbID	ERK1DD	no	-
PPM1L	-0.295512116141049	0.0885571259754652	-0.335419781528365	0.136431337210751	nsig	ERK1DD	no	-
PRPF39	-0.245155521110693	0.315151233194383	-0.0865071848260797	0.437172447578171	nsig	ERK1DD	no	-
PTPDC1	-0.867527777586237	0.0171276342238047	-0.144382543141719	0.369976883221486	AP-MS	ERK1DD	no	-
PTPRZ1	-0.038077601831512	0.903772703317993	0.445178491384173	0.0657249359931358	nsig	ERK1DD	no	-
RAI2	0.349160844046835	0.127727263842399	0.0676022939007765	0.744385760022529	nsig	ERK1DD	no	-
RAP1GAP	-0.265777567530702	0.113414523250366	-1.04809128829932	0.000104224497634853	TbID	ERK1DD	yes	loss
RHBDF2	-0.586958026926336	0.0109729213699111	0.13763712143845	0.197146910193984	AP-MS	ERK1DD	no	-
RPA1	0.420992806593788	0.0234006804490767	0.291167058633745	0.0265493368151203	congruent	ERK1DD	no	-
RPA2	0.200732198470651	0.141639420678299	0.359832333870508	0.0295989255803693	TbID	ERK1DD	no	-
RPA3	0.384682436439793	0.0421385558502086	0.26765280988289	0.0241272843048846	congruent	ERK1DD	no	-
RPS6KA1	-1.31164664047598	6.80916910560017e-05	-0.57881647397498	0.00151293508002834	congruent	ERK1DD	yes	loss
RPS6KA2	-1.21889278815568	0.000778484854332944	-0.40727227956658	0.014700132073429	congruent	ERK1DD	yes	loss
RPS6KA3	-1.84224338321036	2.95790705528087e-05	-1.06808498852877	0.000129171404254617	congruent	ERK1DD	yes	loss
RPS6KA4	-0.0891977144941843	0.401317489910147	0.0877588047636341	0.310195321180801	nsig	ERK1DD	no	-
RPS6KA5	-1.57045485001146	0.000212194456134581	0.359988918001752	0.0326146171036053	opposite	ERK1DD	yes	opposite
RPS6KA6	-0.840570348096539	0.0269062486251836	0.0631119402083088	0.542262148501281	AP-MS	ERK1DD	no	-
RSU1	-0.510613507097334	0.0264773861585817	-0.105305400055818	0.204843146277102	AP-MS	ERK1DD	no	-
SAYSD1	-1.30153417775902	0.0114941283947331	0.621133478094004	0.0140914892153755	opposite	ERK1DD	yes	opposite
SCARF2	-0.389879124801862	0.155669192779784	-0.125471586102026	0.47447453069991	nsig	ERK1DD	no	-
SCML1	-0.466701165842975	0.0544538698402375	-0.368228193768845	0.0427746391380507	TbID	ERK1DD	no	-
SCRN3	-0.370528047611213	0.119143511213099	-0.0314721753083531	0.772059489584694	nsig	ERK1DD	no	-
SHANK3	-0.0811883093294358	0.727460705479644	-0.139639473540035	0.488525997727336	nsig	ERK1DD	no	-
SLC16A7	1.59122432799958	0.00589595279336158	0.857954259175577	0.00255218657448955	congruent	ERK1DD	yes	gain
SLC1A1	0.135454574751954	0.823509003228848	0.21924808649429	0.512972897669977	nsig	ERK1DD	no	-
SLC22A23	-1.59814093408339	0.116885709367562	NA	NA	AP-MS	ERK1DD	no	-
SOD1	-0.23519871183502	0.284566289719491	0.00458434603266529	0.976217166381806	nsig	ERK1DD	no	-
SOX7	NA	NA	-0.328402400309937	0.126773667968962	TbID	ERK1DD	no	-
SPRED2	-0.809004182534424	0.0159796785354253	-0.058675799420672	0.443765927009049	AP-MS	ERK1DD	no	-
ST6GAL1	1.12954079116229	0.0922669658305511	NA	NA	AP-MS	ERK1DD	no	-
STMN3	0.0465712035182075	0.818715801671022	0.50373917282887	0.0480539755147765	TbID	ERK1DD	no	-
SUPT20H	0.0810329084365082	0.604409434521495	0.0310213863833458	0.766080733721764	nsig	ERK1DD	no	-
SUPT3H	0.295188346281428	0.115896712666816	0.126327876057208	0.34135540684452	nsig	ERK1DD	no	-
SUPT7L	0.0151140722889608	0.918459261345985	0.0421100460372744	0.787880509982332	nsig	ERK1DD	no	-
TADA1	0.00687424131298169	0.958104111234588	0.080838666086734	0.517186185063311	nsig	ERK1DD	no	-
TADA2B	0.260159823247883	0.0467292506227093	0.120257272264745	0.291923591951691	AP-MS	ERK1DD	no	-
TAF5L	0.00771244759993751	0.956152943779199	0.0855649660033106	0.460608858174676	nsig	ERK1DD	no	-
TAF9B	0.0247203281048022	0.923850925537468	0.0104093127360036	0.955951462323702	nsig	ERK1DD	no	-
TCF3	-0.112676591602244	0.469608653916809	-0.264952034689321	0.0581733210782995	nsig	ERK1DD	no	-
TCTN3	1.42335238946149	0.0177882106245741	NA	NA	AP-MS	ERK1DD	yes	gain
TDRP	0.0546533545167159	0.625719625780404	-0.334693753752966	0.0186047556723186	TbID	ERK1DD	no	-
TGFB1	0.474615016593325	0.0230593365853795	0.280062193557315	0.0519526919743882	AP-MS	ERK1DD	no	-
THRB	0.175836206991011	0.482425610252194	-0.632433479377431	0.106426625512628	nsig	ERK1DD	no	-
TIMP1	-0.222754356345478	0.332039348691	-0.23654636027318	0.467905380612213	nsig	ERK1DD	no	-
TMEM33	-0.46973361704122	0.0301852851160946	-0.159483524547176	0.0903306511052152	AP-MS	ERK1DD	no	-
TNRC6A	0.0542791738687786	0.684386472114268	-0.149305336779981	0.207528637837046	nsig	ERK1DD	no	-
TRERF1	-0.867561384228611	0.027474601939011	-0.338787750969191	0.0637739146806365	AP-MS	ERK1DD	no	-
TRPS1	-0.34730456600293	0.0496108900596538	-0.271695631537634	0.0242351213669521	congruent	ERK1DD	no	-
TUBG1	-1.82319171818304	2.72748226958161e-05	-0.0224623676125889	0.838785660414241	AP-MS	ERK1DD	yes	loss
TUBG2	-1.47107904428532	0.00372477860058814	0.308292446328571	0.552241930598403	AP-MS	ERK1DD	yes	loss
TUBGCP2	-2.26481969965281	2.73171229663672e-05	-0.0385406994889899	0.739682737061109	AP-MS	ERK1DD	yes	loss
TUBGCP3	-2.0384017800786	1.72322147892709e-05	-0.175088090708648	0.123417170915062	AP-MS	ERK1DD	yes	loss
TUBGCP4	-1.31470766666213	0.000212194456134581	0.048699253267099	0.654456066271054	AP-MS	ERK1DD	yes	loss
TUBGCP5	-1.32818584986068	0.000854082959496334	-0.0480855755343368	0.601489993409764	AP-MS	ERK1DD	yes	loss
TUBGCP6	-1.79766180745077	7.99772589500222e-05	-0.0964692790724391	0.450305238776642	AP-MS	ERK1DD	yes	loss
UCHL3	-0.563304256609725	0.0546374059443515	-0.343241304754905	0.00800356779058402	TbID	ERK1DD	no	-
USP4	0.598758053049356	0.0114941283947331	0.0768403017686435	0.339493255002268	AP-MS	ERK1DD	no	-
WASH3P	NA	NA	0.262254256943965	0.0480539755147765	TbID	ERK1DD	no	-
WASH6P	NA	NA	0.341980207746075	0.0239502155356943	TbID	ERK1DD	no	-
WDR87	1.96981605640372	0.0356175986643847	NA	NA	AP-MS	ERK1DD	yes	gain
XPNPEP3	0.396917941509988	0.357940953321377	-0.498570285429127	0.224451848975344	nsig	ERK1DD	no	-
ZBTB21	-0.267535881728036	0.220419614969063	-0.443982320116593	0.00279817315431599	TbID	ERK1DD	no	-
ZCCHC12	-0.622116288583151	0.115545447631336	-0.0628252830914429	0.674012074789865	nsig	ERK1DD	no	-
ZNF318	-0.351813487616317	0.0156130072851888	0.108063174320272	0.168638764750975	AP-MS	ERK1DD	no	-
ZNF395	-0.178342334492098	0.492269236985479	-0.283265168862401	0.0941767912665499	nsig	ERK1DD	no	-
ZXDC	0.380836977173981	0.675196215040659	-0.481221358895054	0.014700132073429	TbID	ERK1DD	no	-
ABHD17C	-0.358155180973675	0.265495724257826	-0.235792555439623	0.18435623190494	nsig	Raf1D486A	no	-
ACTA1	0.465138856933371	0.0172724478077	1.5930919183023	0.000754336390394138	congruent	Raf1D486A	yes	gain
ACTBL2	-0.247042415344316	0.351618018848984	1.55767487390542	0.00142271275109991	TbID	Raf1D486A	yes	gain
ACTN1	0.506624105266163	0.18551984812808	1.13940462616112	0.00124651516183485	TbID	Raf1D486A	yes	gain
ADAMTS1	-0.261920376059715	0.0472210080011404	1.06148513608832	0.000644807265203923	opposite	Raf1D486A	yes	opposite
AEN	NA	NA	-0.298196592970456	0.0508496184803961	TbID	Raf1D486A	no	-
AIP	1.08024575717486	0.000874571697076331	1.26264122458216	0.000197736092806745	congruent	Raf1D486A	yes	gain
ALDH16A1	0.327989957384298	0.147824924804804	0.503993624739069	0.00177746455975833	TbID	Raf1D486A	no	-
ALOX12B	0.521753675765304	0.190869639537001	-1.99174294521648	0.0248743750177313	TbID	Raf1D486A	yes	loss
AMER1	-0.524238543141987	0.0628030735056329	0.222441665921662	0.29143854169451	nsig	Raf1D486A	no	-
AMH	0.488948296407062	0.0207582506647099	0.0988135896347213	0.647792193862042	AP-MS	Raf1D486A	no	-
ANKMY2	1.10199492451972	0.000800540871765379	0.383912891886947	0.00290389333628236	congruent	Raf1D486A	yes	gain
ANKRD49	NA	NA	0.470712197043851	0.103269541601501	TbID	Raf1D486A	no	-
ANXA7	-0.281288495643482	0.211483504514173	0.422313943524093	0.00543580988690087	TbID	Raf1D486A	no	-
ANXA8L1	NA	NA	0.492790835526095	0.13949248332369	TbID	Raf1D486A	no	-
APMAP	-0.455333130410508	0.00894468035741855	1.62701531055665	0.0253619452693751	opposite	Raf1D486A	yes	opposite
APRT	0.153305151213211	0.419235968531877	1.23488529014391	0.000261959868608402	TbID	Raf1D486A	yes	gain
AREG	NA	NA	0.71870869915215	0.0277328989284997	TbID	Raf1D486A	no	-
ARF1	NA	NA	0.2176572934325	0.361961468282035	TbID	Raf1D486A	no	-
ARL8B	0.0917753683187763	0.746570483001756	0.915015295185172	0.00326088309282731	TbID	Raf1D486A	no	-
ARMC5	0.220066240374168	0.0894298815318157	-0.389837742646829	0.00452019599543074	TbID	Raf1D486A	no	-
ARV1	-0.344150261993582	0.197560224204124	-0.0930607055413053	0.445578477758396	nsig	Raf1D486A	no	-
ASB6	-0.523532361267856	0.00506271113996811	-0.368617052688718	0.00238619783270664	congruent	Raf1D486A	no	-
ASDURF	1.35571661522652	0.000494271891195711	0.897719388450598	0.00101825598528308	congruent	Raf1D486A	yes	gain
ASNS	0.824954087381304	0.00052421084659247	1.56123381618679	3.94334079177947e-05	congruent	Raf1D486A	yes	gain
ASPM	-0.0839675516152471	0.663057302346673	0.38142313425657	0.00703057842748299	TbID	Raf1D486A	no	-
ATG4B	0.705055836478756	0.00269139839990563	0.673710975367386	0.000749897262525531	congruent	Raf1D486A	no	-
BAG2	0.415893550535669	0.0155497465894217	0.0824460543300236	0.312782762338468	AP-MS	Raf1D486A	no	-
BAMBI	0.497695796040361	0.442675303969791	0.150228001464708	0.571127373908405	nsig	Raf1D486A	no	-
BCKDK	0.0162663004117987	0.909975810834631	0.460518418611987	0.00393996996332472	TbID	Raf1D486A	no	-
BTBD6	NA	NA	-0.474044977234672	0.105192531583621	TbID	Raf1D486A	no	-
BTBD9	0.55943655749673	0.021806693129144	-1.055215467531	0.00580271431545858	opposite	Raf1D486A	yes	opposite
C4A;C4B	NA	NA	1.29684246306505	0.00131374968897774	TbID	Raf1D486A	yes	gain
C6orf136	-0.212031776316299	0.45989119492223	0.73078379533602	0.00226942947123385	TbID	Raf1D486A	no	-
CCN1	-0.0923138256769971	0.772387548204706	0.369144041640446	0.0124131270759829	TbID	Raf1D486A	no	-
CCNG1	-0.0668556862310736	0.850458523061901	-0.225692581585903	0.0950668908225971	nsig	Raf1D486A	no	-
CCT2	0.0798240393220946	0.597574246271686	-0.307023743407412	0.0419170278168845	TbID	Raf1D486A	no	-
CCT6A	0.15507291417467	0.295147289985304	-0.301829840400454	0.0324607900126782	TbID	Raf1D486A	no	-
CCT6B	0.230701686563888	0.288825472367814	-0.324335612046984	0.0147142194811495	TbID	Raf1D486A	no	-
CCT7	0.159996051265553	0.27102690608734	-0.319279351224552	0.0352921409218036	TbID	Raf1D486A	no	-
CCT8	0.138317966003607	0.323887886347162	-0.359712418253581	0.0110007700641307	TbID	Raf1D486A	no	-
CD44	0.649449457581388	0.093315151845793	0.545093991424403	0.0222485481817322	TbID	Raf1D486A	no	-
CDC123	0.0389913284755938	0.887764231619098	0.0432101877791614	0.631777160081649	nsig	Raf1D486A	no	-
CDC37	0.776248334646937	0.00200392737117725	0.509138249063668	0.000979584299976068	congruent	Raf1D486A	no	-
CDC6	-0.125371283708388	0.497811994007033	-0.74351404398771	0.00114643719280347	TbID	Raf1D486A	no	-
CENPI	0.0154998613294581	0.962791671136032	-0.28574541042618	0.0260055892365635	TbID	Raf1D486A	no	-
CFAP410	0.494794989484369	0.11144833204849	0.661234918642142	0.000732319627319186	TbID	Raf1D486A	no	-
CHAF1A	0.00866732255925838	0.954361705741817	0.433407943588845	0.0179128481600869	TbID	Raf1D486A	no	-
CHAF1B	-0.0114422201762908	0.938057865746232	0.362533494712491	0.0255148738738786	TbID	Raf1D486A	no	-
CHGA	NA	NA	0.586346563573391	0.065214011999892	TbID	Raf1D486A	no	-
CHORDC1	0.257173823504908	0.0896268435028477	0.810571917710159	0.000275788169406385	TbID	Raf1D486A	no	-
CHST13	NA	NA	1.46962663285558	0.00306901722392703	TbID	Raf1D486A	yes	gain
CHSY3	-0.184525762184328	0.477626440535748	-0.416766257500502	0.0019342559329901	TbID	Raf1D486A	no	-
CNPY2	-0.0786470426316802	0.827417253296856	1.18324962688133	0.00101825598528308	TbID	Raf1D486A	yes	gain
CORO1A	0.249184749064454	0.354707394259531	0.914232869138389	0.00118763599518413	TbID	Raf1D486A	no	-
CORO1B	0.251324559208336	0.0916187555966487	1.29380260102144	0.000572621844672584	TbID	Raf1D486A	yes	gain
CORO1C	-0.287394796708455	0.137308903793851	1.04779346761548	0.00307442828680741	TbID	Raf1D486A	yes	gain
CPNE8	1.87451851335761	0.0441151481815945	0.0790660243837436	0.297026308327767	AP-MS	Raf1D486A	yes	gain
CPTP	-0.810824206674382	0.0606087849219014	-0.257491036105224	0.133809824983769	nsig	Raf1D486A	no	-
CSRP1	1.70304833343072	0.0031705182079351	0.307442471868729	0.161420057699314	AP-MS	Raf1D486A	yes	gain
CUL7	-0.345262057372203	0.0315215029904677	0.151451718443305	0.247791314906731	AP-MS	Raf1D486A	no	-
CUL9	0.384751133620636	0.222301180771771	0.89989368941626	0.0011885215619286	TbID	Raf1D486A	no	-
CYP27B1	NA	NA	0.451056123801323	0.0648115901210111	TbID	Raf1D486A	no	-
DCAF8L1;DCAF8L2	0.283829824212499	0.247223641519406	NA	NA	AP-MS	Raf1D486A	no	-
DCAKD	-0.0764773998024121	0.803817804981748	0.759164012367397	0.000473157009653484	TbID	Raf1D486A	no	-
DFFB	-0.167168636947932	0.581759299621959	0.271249449621073	0.0544533523647203	nsig	Raf1D486A	no	-
DHCR24	0.131238151117536	0.399777914853193	0.366828295631354	0.00407029272661857	TbID	Raf1D486A	no	-
DLGAP2	NA	NA	0.89981969139562	0.015611943075833	TbID	Raf1D486A	no	-
DNAAF10	1.35371112587821	0.000261904309493312	0.708677942728921	0.000605349021798429	congruent	Raf1D486A	yes	gain
DNAJA1	-0.114859172926719	0.455712224887163	-0.179434207937541	0.144385441833104	nsig	Raf1D486A	no	-
DNAJC18	-0.287294208224251	0.0327190953939114	-0.167918025727056	0.0898150637578308	AP-MS	Raf1D486A	no	-
DNAJC30	0.435587360076045	0.0216423574764595	-0.121777178700726	0.29179686109506	AP-MS	Raf1D486A	no	-
DRG2	0.252687879805213	0.275032490750195	0.552127765065152	0.00550759788872787	TbID	Raf1D486A	no	-
DSG2	0.123273650639638	0.168474982534389	0.751942666405348	0.0233886410725425	TbID	Raf1D486A	no	-
DZIP3	0.606626905828639	0.456364823957766	-0.0979102826680171	0.323915605217074	nsig	Raf1D486A	no	-
EDIL3	1.15850219540853	0.00804547210976863	0.288871687976678	0.0519070193817775	AP-MS	Raf1D486A	yes	gain
EEF1B2	0.0224564393769152	0.911271757187415	0.228589648869201	0.125599053220752	nsig	Raf1D486A	no	-
EEF1D	0.221562862865843	0.0572056735780163	0.318261309150185	0.0790189715811364	nsig	Raf1D486A	no	-
EID2	-0.258153580547956	0.394181223229539	-0.0975580878630869	0.67016982001797	nsig	Raf1D486A	no	-
EIF3L	0.125662812344498	0.334840625876419	0.647584013231433	0.000473157009653484	TbID	Raf1D486A	no	-
EIF4A2	-0.0984880835999272	0.526572657109328	0.216225274253677	0.0342554171313555	TbID	Raf1D486A	no	-
ELOF1	1.21654027708255	0.20650537120167	0.549382870634626	0.0228783509029555	TbID	Raf1D486A	no	-
ELOVL7	NA	NA	0.287865035986308	0.0376046918730126	TbID	Raf1D486A	no	-
EMILIN3	0.172559269068563	0.166582164401367	0.402511036415794	0.00910064493641797	TbID	Raf1D486A	no	-
ENTR1	-0.465485815107155	0.0185967843251043	0.934695912382884	0.00291795487985153	opposite	Raf1D486A	no	-
ESRRG	NA	NA	-0.721371028775484	0.0050981329599518	TbID	Raf1D486A	no	-
EYA2	-0.917326288089413	0.263067022122634	-0.292942509322101	0.0458295176126523	TbID	Raf1D486A	no	-
F13A1	NA	NA	1.32319350788138	0.0603581949523865	TbID	Raf1D486A	no	-
FAAH	-0.0098263354868192	0.962617666073853	0.552624072053948	0.00280997290205257	TbID	Raf1D486A	no	-
FADS2	-1.21471077254569	0.000874571697076331	-1.01963649779065	0.000275788169406385	congruent	Raf1D486A	yes	loss
FBH1	0.0782060448297514	0.653208140078886	-0.402146333751178	0.0113266829486803	TbID	Raf1D486A	no	-
FBXL12	-0.236383714305183	0.0966199970206525	0.431502549736478	0.00513167222693078	TbID	Raf1D486A	no	-
FBXW8	-0.0175847417276973	0.929554991442983	0.0748294272669287	0.484272256507545	nsig	Raf1D486A	no	-
FGG	NA	NA	1.35588067652303	0.00262431184247832	TbID	Raf1D486A	yes	gain
FKBP4	0.862044463473693	0.00180470676820271	0.716032332087898	0.000636793981169441	congruent	Raf1D486A	no	-
FKBP5	1.96087144735259	0.000143217401013108	0.259065323005978	0.00831217063333645	congruent	Raf1D486A	yes	gain
FKBP8	-0.194469994899527	0.276890016041634	0.240412045684962	0.0388579321720958	TbID	Raf1D486A	no	-
FN1	-0.123747560998917	0.838641327323087	0.995125969871249	0.000401476330098585	TbID	Raf1D486A	no	-
FOXRED2	0.233619408744414	0.108611496979718	0.368183775252804	0.00395838584540205	TbID	Raf1D486A	no	-
FTSJ1	-1.34008418361979	0.000580360924955531	0.00879138026793581	0.914119124274021	AP-MS	Raf1D486A	yes	loss
FUT8	0.00736444180823333	0.983694429768147	0.690385531029918	0.126301733568877	nsig	Raf1D486A	no	-
GABRB3	0.485771503766238	0.221275071702056	0.132834235714664	0.494439222780898	nsig	Raf1D486A	no	-
GATD1	0.235349037433588	0.179457237150833	0.340852753388371	0.0180103037328161	TbID	Raf1D486A	no	-
GBE1	0.525751489729023	0.111014170933731	0.412517552936036	0.00841002655734976	TbID	Raf1D486A	no	-
GCA	NA	NA	0.57087453276908	0.00197705502871496	TbID	Raf1D486A	no	-
GDI2	0.0318274096499215	0.837087102695335	0.457438834302537	0.0031730403458105	TbID	Raf1D486A	no	-
GET3	0.339747410989455	0.0981892319161751	0.862945788831263	0.000636793981169441	TbID	Raf1D486A	no	-
GFUS	NA	NA	0.959945031719353	0.0626048044682516	TbID	Raf1D486A	no	-
GLMN	0.189295693757886	0.171393584669456	0.128546654796994	0.0973824599013082	nsig	Raf1D486A	no	-
GPAM	0.202465733540261	0.146340464342725	-0.212553589602379	0.0310455683520286	TbID	Raf1D486A	no	-
GUCD1	1.40474368664168	0.00759915805384161	0.497005423694934	0.00130296072768961	congruent	Raf1D486A	yes	gain
H1-4	1.47256648286845	0.0185786000142522	0.855033178510679	0.00683459787615852	congruent	Raf1D486A	yes	gain
H2AC4;H2AC25	NA	NA	2.64719413588623	0.000873543652387888	TbID	Raf1D486A	yes	gain
HABP2	NA	NA	0.888760403245108	0.00614108245769237	TbID	Raf1D486A	no	-
HACD1	-0.163886431598944	0.532015636267455	0.112486249601382	0.184051759130916	nsig	Raf1D486A	no	-
HCN4	1.11187986427644	0.000985164284861916	NA	NA	AP-MS	Raf1D486A	yes	gain
HDAC7	0.988701949552303	0.00086991906970467	-0.460242293733416	0.166205287181111	AP-MS	Raf1D486A	no	-
HECTD2	-0.0201766996335657	0.966429959836357	-0.142949291358112	0.412307060113833	nsig	Raf1D486A	no	-
HERC2	0.0632673257668213	0.609651393166085	-0.0307084236455645	0.757319811301286	nsig	Raf1D486A	no	-
HGH1	0.275614162419969	0.0786055164930825	0.319707958799889	0.0736519309802109	nsig	Raf1D486A	no	-
HMGCR	1.06951077898099	0.00250525738660381	0.930456532141058	0.000652203369321658	congruent	Raf1D486A	yes	gain
HMGCS2	1.20925077796787	0.0416589167287798	0.40781633906693	0.0407421570575986	congruent	Raf1D486A	yes	gain
HMGN2	1.03371006767056	0.00984347619305653	1.83385712184863	0.0010106660217611	congruent	Raf1D486A	yes	gain
HNRNPA1L3	1.84155804501409	0.00578208992265569	NA	NA	AP-MS	Raf1D486A	yes	gain
HPF1	0.265755457319883	0.425460507568751	0.282807115124155	0.0181701034704312	TbID	Raf1D486A	no	-
HRAS	0.0710258580136734	0.922887907441119	-0.218854954163266	0.314135602497764	nsig	Raf1D486A	no	-
HSP90AA1	0.787922483408207	0.00136786948903671	0.582711642455113	0.00133893834577405	congruent	Raf1D486A	no	-
HSP90AA2P	-0.102861445420928	0.937772739355878	NA	NA	AP-MS	Raf1D486A	no	-
HSP90AA4P	0.829705954346164	0.0542594953513608	0.286463292594933	0.0371752104753197	TbID	Raf1D486A	no	-
HSP90AA5P	0.747899988097545	0.0403412137887967	0.847805667550349	0.00484002159999751	congruent	Raf1D486A	no	-
HSP90AB1	0.785651759659821	0.00235281791029393	0.541777500470517	0.0028594244428829	congruent	Raf1D486A	no	-
HSP90AB2P	0.294904895637918	0.292336960921512	NA	NA	AP-MS	Raf1D486A	no	-
HSP90AB3P	0.484004454429676	0.122344741874566	NA	NA	AP-MS	Raf1D486A	no	-
HSP90AB4P	0.396419590369518	0.163776743469398	NA	NA	AP-MS	Raf1D486A	no	-
HTRA1	NA	NA	1.40623244521292	0.0013788248941155	TbID	Raf1D486A	yes	gain
HUWE1	0.297041664156427	0.0163952975552762	0.010048476950854	0.915317313053812	AP-MS	Raf1D486A	no	-
HYCC2	-1.22627649118607	0.00759915805384161	-0.111449721115505	0.341309080961021	AP-MS	Raf1D486A	yes	loss
IDI1	0.0463780724587802	0.784975191414722	-0.480117137094675	0.00334382790984336	TbID	Raf1D486A	no	-
IPPK	-0.117307325326744	0.661881699217571	-1.35498028315835	0.00376816887337436	TbID	Raf1D486A	yes	loss
IRS4	0.549344852318978	0.00207684969753943	0.189790434119593	0.0144548175162058	congruent	Raf1D486A	no	-
ITIH2	0.533475622059154	0.105578792758778	1.1425212385398	0.000473157009653484	TbID	Raf1D486A	yes	gain
KCTD10	0.168848665930472	0.396819386416328	-0.958986535367937	0.00382043505221711	TbID	Raf1D486A	no	-
KHDRBS3	1.24153325297524	0.0320856966701566	0.348178601495358	0.00994188396415035	congruent	Raf1D486A	yes	gain
KIFBP	0.680653406284846	0.00301806474996614	-0.0081102722108253	0.908396147011995	AP-MS	Raf1D486A	no	-
KLC3	0.24784289425907	0.443786029645758	0.182460533378234	0.305729566676404	nsig	Raf1D486A	no	-
KLHL18	-0.582263826066484	0.147434944735116	NA	NA	AP-MS	Raf1D486A	no	-
KLHL21	-0.421292708648669	0.0388112014232207	-0.354973583826636	0.0200505122907196	congruent	Raf1D486A	no	-
KLHL25	-0.729383621625157	0.0326280340225915	NA	NA	AP-MS	Raf1D486A	no	-
KLHL4	0.276048682897747	0.509102989028795	1.44737058892222	0.000785013182696769	TbID	Raf1D486A	yes	gain
KMT5A	0.277571368921122	0.568635835849065	0.362450165480223	0.131641986263293	nsig	Raf1D486A	no	-
KRAS	-1.23792937672576	0.0469901912669225	-0.277974822978569	0.186732149845979	AP-MS	Raf1D486A	yes	loss
KRT18	0.0499759282844983	0.785417770339839	0.476708384098428	0.010635705071761	TbID	Raf1D486A	no	-
LACTB	0.496328519746405	0.314721515819325	-2.92483510213412	0.00011290593311781	TbID	Raf1D486A	yes	loss
LAMC2	0.751903451659885	0.330931363622843	1.04187458364397	0.118231848197534	nsig	Raf1D486A	no	-
LANCL2	0.35582757345155	0.022806800428688	0.722819598754913	0.00129051860589121	congruent	Raf1D486A	no	-
LCMT2	0.128494001969084	0.388384620818374	0.495074011473493	0.00433596680169626	TbID	Raf1D486A	no	-
LGALS3BP	-0.104211039446111	0.356440865197312	-0.0813351263745622	0.306054032487179	nsig	Raf1D486A	no	-
LLPH	0.32542124314952	0.293031010101314	1.29701326090501	0.0017614300959667	TbID	Raf1D486A	yes	gain
LONP1	0.0342080651207259	0.882991953584817	-0.50365236789428	0.00361126830335466	TbID	Raf1D486A	no	-
LRP5	-0.542142722545872	0.0095365522035465	0.189930987809601	0.312483949214678	AP-MS	Raf1D486A	no	-
LRP6	-0.422708994837387	0.0424929651938378	0.0599155138092313	0.457742983025917	AP-MS	Raf1D486A	no	-
LSAMP	NA	NA	1.15957573475336	0.157162296611891	TbID	Raf1D486A	no	-
LYPLA2	-0.378417741773227	0.0553303721153608	-1.69764032103664	0.000161805347740416	TbID	Raf1D486A	yes	loss
MACROD1	0.831273380623654	0.0358243269344436	1.17467364756979	0.000161805347740416	congruent	Raf1D486A	yes	gain
MAP2K1	-3.87313182851681	0.000128196376276523	-0.653463735554133	0.000518638603280179	congruent	Raf1D486A	yes	loss
MAP2K2	-2.00710017761939	0.00449031067872327	-0.638653248672382	0.000732319627319186	congruent	Raf1D486A	yes	loss
MAPK8IP3	0.256573621404246	0.496761497959609	NA	NA	AP-MS	Raf1D486A	no	-
MAT2A	-0.441377753253773	0.0057066610338611	-0.638923505374312	0.000640478567116675	congruent	Raf1D486A	no	-
MCM4	-0.111357737668934	0.364786785523257	-0.340009302677383	0.00444978640204825	TbID	Raf1D486A	no	-
MEMO1	0.159725915589871	0.336330326811256	0.629506348649569	0.00322970803776506	TbID	Raf1D486A	no	-
MEST	NA	NA	0.227535316644689	0.220468214790141	TbID	Raf1D486A	no	-
METAP2	0.499867312405544	0.0844257983708893	0.519595395126089	0.00368189459613385	TbID	Raf1D486A	no	-
MPLKIP	0.0597807897961873	0.814655143607932	-0.496759984640999	0.00636488562969853	TbID	Raf1D486A	no	-
MPO	NA	NA	1.43122280274092	0.00996246958769664	TbID	Raf1D486A	yes	gain
MTR	0.341101207408059	0.0219964065258753	0.354047780664744	0.00540535807186436	congruent	Raf1D486A	no	-
MYH10	0.0509983758293508	0.604921068798222	1.17070960512811	0.00342138005245844	TbID	Raf1D486A	yes	gain
MYH14	0.0852703919159813	0.766068984646309	1.00145670713288	0.00155288260736167	TbID	Raf1D486A	yes	gain
MYH9	0.165323326202304	0.0588436196006293	1.19032659639527	0.00327203963155207	TbID	Raf1D486A	yes	gain
MYL1;MYL3	NA	NA	0.700005890493904	0.123775534104224	TbID	Raf1D486A	no	-
MYL6	0.164964674718297	0.280925297955001	0.970348413978793	0.00285014517885225	TbID	Raf1D486A	no	-
MYO1D	0.834020951693485	0.00468976088692199	0.453155485170529	0.0144663239778514	congruent	Raf1D486A	no	-
NEFL	-0.470617161424887	0.0285465220378141	0.965263447391388	0.00383701337920027	opposite	Raf1D486A	no	-
NISCH	0.362705984400775	0.0107314805166604	0.270982336248708	0.00752863788385158	congruent	Raf1D486A	no	-
NLE1	0.105080993566035	0.457636572129249	1.40457255369761	0.00182881708745892	TbID	Raf1D486A	yes	gain
NPTN	-0.38004622162695	0.302325434834969	1.68185312032815	0.0115429671508923	TbID	Raf1D486A	yes	gain
NRAS	1.32560498597565	0.000985164284861916	0.00595220691772301	0.973364431911614	AP-MS	Raf1D486A	yes	gain
NRP1	0.636056663893715	0.0428551761483402	0.356175456328609	0.0746838711664081	AP-MS	Raf1D486A	no	-
NT5C	-0.566801198598549	0.131454830145132	NA	NA	AP-MS	Raf1D486A	no	-
NTN1	-0.0171364694989465	0.963347864670139	0.443002181420626	0.00409998147024737	TbID	Raf1D486A	no	-
NTS	NA	NA	-0.336429946218123	0.101304605747349	TbID	Raf1D486A	no	-
NUDCD2	0.0848243688005889	0.678280363095999	1.3651340729028	0.000161805347740416	TbID	Raf1D486A	yes	gain
OAS3	1.07271018129785	0.00587720099017747	0.588334959962789	0.00097575739126772	congruent	Raf1D486A	yes	gain
OCIAD1	-0.314409437832804	0.0232477748740863	0.621853055807293	0.000794125646870244	opposite	Raf1D486A	no	-
ORMDL1	-0.872633928416361	0.00809479108808151	0.309951175694536	0.246405359142621	AP-MS	Raf1D486A	no	-
ORMDL2	NA	NA	0.392391558798306	0.0596238914446786	TbID	Raf1D486A	no	-
OS9	-0.690610832888831	0.00256731683918108	0.098287505734299	0.878963910547027	AP-MS	Raf1D486A	no	-
OXNAD1	0.641750240332999	0.0361167266088604	0.719737106473052	0.0010106660217611	congruent	Raf1D486A	no	-
PAFAH1B2	0.201108280309571	0.574129022546563	0.575606608785986	0.00280744258369363	TbID	Raf1D486A	no	-
PCK2	1.3746762440061	0.000304954085185811	0.537830365698932	0.0016216911037699	congruent	Raf1D486A	yes	gain
PCLAF	0.750669787534773	0.273781532109214	-0.352019746787838	0.00675718363571481	TbID	Raf1D486A	no	-
PDCD2	0.735184029853296	0.00602062853383977	0.520156936068526	0.00198476677390291	congruent	Raf1D486A	no	-
PDRG1	0.977025399342213	0.0016181130533954	0.359684257551668	0.0125078227587005	congruent	Raf1D486A	no	-
PFDN2	0.566320374045757	0.00662385351186503	0.210306587259409	0.0378659637002828	congruent	Raf1D486A	no	-
PFDN6	0.774907789891454	0.000825496564065265	0.192121361686626	0.121010689474948	AP-MS	Raf1D486A	no	-
PFKP	0.000877299010169521	0.996982870916491	-0.51760021816467	0.00502149846544639	TbID	Raf1D486A	no	-
PFN1	0.180333520903409	0.480384032756955	1.49912958984791	0.000572621844672584	TbID	Raf1D486A	yes	gain
PGGT1B	NA	NA	0.60295560142518	0.0111059923191832	TbID	Raf1D486A	no	-
PHPT1	NA	NA	1.48551723735483	0.0022490914785936	TbID	Raf1D486A	yes	gain
PHTF2	NA	NA	-0.510612756670425	0.0529411551367141	TbID	Raf1D486A	no	-
PHYH	0.302395942257093	0.4603964427656	NA	NA	AP-MS	Raf1D486A	no	-
PIGB	0.381097418032571	0.274122605378968	0.308002777467496	0.00668067886895647	TbID	Raf1D486A	no	-
PIGQ	0.314476827180291	0.11750046734246	0.452147171911258	0.00124488793915639	TbID	Raf1D486A	no	-
PIK3CA	0.751019644734405	0.00532116306665174	0.468951561588507	0.00230247125374371	congruent	Raf1D486A	no	-
PIK3R1	0.931723190513928	0.000767991246756168	0.450994592404746	0.00131374968897774	congruent	Raf1D486A	no	-
PIK3R2	0.61848899666703	0.00532116306665174	0.262289352774042	0.00742335837436111	congruent	Raf1D486A	no	-
PIK3R3	0.813782194396298	0.011369931419341	0.377561582156222	0.00361079829425951	congruent	Raf1D486A	no	-
PKM	0.250346021908172	0.14009290662685	0.56554753922275	0.0019342559329901	TbID	Raf1D486A	no	-
PLA2G3	NA	NA	-0.454104562242176	0.205880724122523	TbID	Raf1D486A	no	-
PLCB1	1.01658000812552	0.0424961290566496	0.212844485912737	0.12196081642081	AP-MS	Raf1D486A	yes	gain
PNMA1	0.173789087059942	0.760024694275366	-0.367710564681523	0.111890656495093	nsig	Raf1D486A	no	-
PNMA2	-0.42514821916349	0.0451104013550745	-0.215848283370325	0.074040564984162	AP-MS	Raf1D486A	no	-
POLR2G	0.128637222149303	0.686041494042482	0.716988698706778	0.000594836166387418	TbID	Raf1D486A	no	-
POTEE	-0.938479287954172	0.019678467855853	1.47530106215645	0.00186876468436046	opposite	Raf1D486A	yes	opposite
PPCS	NA	NA	0.574819810930272	0.00452019599543074	TbID	Raf1D486A	no	-
PPP1R15B	0.698200044040729	0.019678467855853	0.202030328733496	0.018361165130897	congruent	Raf1D486A	no	-
PPP5C	1.10382898605293	0.000494271891195711	0.0800934491736136	0.282692881917166	AP-MS	Raf1D486A	yes	gain
PRKCSH	-0.377879013756234	0.140609724402646	1.35228137067509	0.000794125646870244	TbID	Raf1D486A	yes	gain
PTDSS1	-0.0564800023086658	0.678977370403546	0.349527761423576	0.00909851614095389	TbID	Raf1D486A	no	-
PTPRZ1	-0.924207482080469	0.0904686603496173	-0.99455969776302	0.00420015914130585	TbID	Raf1D486A	no	-
RAB14	-0.0784722428611043	0.413294728778615	0.815680300600632	0.00236607891834289	TbID	Raf1D486A	no	-
RAB1A	-0.430127071404767	0.339544105675398	0.713891730892232	0.006291535266752	TbID	Raf1D486A	no	-
RAB1B	NA	NA	0.682315869972366	0.00362426406056273	TbID	Raf1D486A	no	-
RAB2A	0.214294739353999	0.339359696736041	0.854171024207522	0.00166349157683605	TbID	Raf1D486A	no	-
RAB31	NA	NA	0.854046015816526	0.0202581836691139	TbID	Raf1D486A	no	-
RAB32	-0.0845235394316079	0.850016426814085	0.903522725694718	0.000785013182696769	TbID	Raf1D486A	no	-
RAB7A	-0.240556006574316	0.165736520380935	0.894870433905995	0.000401476330098585	TbID	Raf1D486A	no	-
RABGGTA	-0.118088401108702	0.637159938017442	0.463644662782576	0.0302215496727874	TbID	Raf1D486A	no	-
RAF1	-0.181091353668282	0.282994252874035	-0.589943087184462	0.00072349222095279	TbID	Raf1D486A	no	-
RAP1B	0.482493594549396	0.193417307135926	0.825592266455581	0.00181133208716006	TbID	Raf1D486A	no	-
RGN	NA	NA	0.881331426422481	0.0687342157589147	TbID	Raf1D486A	no	-
RHBDD1	-1.50495806466327	0.120565626486147	0.411039995690346	0.00325815411389524	TbID	Raf1D486A	no	-
RNF181	NA	NA	0.325596278439472	0.0318970126212689	TbID	Raf1D486A	no	-
RNF41	0.183074671894629	0.16021397815123	-1.75658475966859	0.000135158367311373	TbID	Raf1D486A	yes	loss
ROBO1	-0.0912968765198319	0.57661801029845	0.923115952141771	0.00197309605388106	TbID	Raf1D486A	no	-
RP9	0.838308337129791	0.00987848189543432	0.764548998820988	0.00275955890522982	congruent	Raf1D486A	no	-
RPA1	0.293673418873284	0.0452964833596199	-0.678705998918714	0.0057650809304412	opposite	Raf1D486A	no	-
RPA2	0.280715291300201	0.106527452413246	-0.650880179957977	0.00708092129777661	TbID	Raf1D486A	no	-
RPA3	0.269387487482876	0.0912631156483348	-0.706898556322827	0.00771487125815457	TbID	Raf1D486A	no	-
RPAP3	1.38171633101418	0.000128196376276523	1.20215200233904	6.8532730616189e-05	congruent	Raf1D486A	yes	gain
RRAS2	-1.03913858204256	0.00154607364651763	0.33175359671308	0.0205316939440358	opposite	Raf1D486A	yes	opposite
RUFY3	1.67272177339479	0.000128196376276523	0.567303964568735	0.0016570556563235	congruent	Raf1D486A	yes	gain
SAR1A	-0.0436732518385134	0.85743608110867	0.620094790313536	0.013017845153514	TbID	Raf1D486A	no	-
SARAF	-0.472719397670106	0.0749436392792334	-0.521259082365654	0.00385406457296509	TbID	Raf1D486A	no	-
SCD	-0.425454619432993	0.304097730209124	-0.282414301110872	0.0270119986149049	TbID	Raf1D486A	no	-
SCD5	-0.71454306220415	0.0130698099548458	-0.717934935805877	0.000925483013166287	congruent	Raf1D486A	no	-
SELENOS	0.125516077265997	0.644113284262046	-0.619667637573243	0.010520521230739	TbID	Raf1D486A	no	-
SENP3	-0.330649589525971	0.138568201447609	-0.29340942346456	0.0590770945564996	nsig	Raf1D486A	no	-
SERF1A	0.334720534579153	0.132044871404073	-0.216383679648892	0.101839591418787	nsig	Raf1D486A	no	-
SERF2	0.481726306191887	0.0265915780860308	-0.270407729002652	0.148725449127144	AP-MS	Raf1D486A	no	-
SERPINF2	NA	NA	1.09156180262366	0.0109761926402876	TbID	Raf1D486A	yes	gain
SESN2	0.550599665640182	0.029306509985548	0.745144210915912	0.000704936058896261	congruent	Raf1D486A	no	-
SESN3	0.145465438913318	0.32039787766368	0.278230597984043	0.00612508290091823	TbID	Raf1D486A	no	-
SFRP5	NA	NA	0.76210644732291	0.0179792380950075	TbID	Raf1D486A	no	-
SGK1	NA	NA	-0.674023369757155	0.450111022722096	TbID	Raf1D486A	no	-
SGPL1	0.3850484368126	0.0115404161112856	1.01413914025947	0.000275788169406385	congruent	Raf1D486A	yes	gain
SIRT1	-0.0563391975506842	0.721342713713292	0.171691802663139	0.101839591418787	nsig	Raf1D486A	no	-
SIRT2	0.905011590385443	0.00834308248584885	-0.364856443588129	0.0025514322886234	opposite	Raf1D486A	no	-
SIVA1	-0.0384947518177959	0.76261110580189	-0.515158192085562	0.0265171766762225	TbID	Raf1D486A	no	-
SLC16A7	0.0108688587259088	0.972094971286876	-0.515817968056877	0.0509454727074673	nsig	Raf1D486A	no	-
SLC25A16	0.159301022489092	0.118657524944942	0.704655674199964	0.00093466973070552	TbID	Raf1D486A	no	-
SLC35E1	-0.208948429227865	0.24863004065439	0.321375674312188	0.00607778037761715	TbID	Raf1D486A	no	-
SLC6A9	NA	NA	0.816672077266145	0.00460184049379419	TbID	Raf1D486A	no	-
SLIT2	-0.0805002837614332	0.519656506162741	0.0815134743531547	0.718992490111207	nsig	Raf1D486A	no	-
SMIM26	-1.24899708662982	0.0071984874151772	-0.740080157633832	0.00217292099052412	congruent	Raf1D486A	yes	loss
SMYD2	0.727242234305133	0.00473616369789357	-0.066938124719087	0.448671351859116	AP-MS	Raf1D486A	no	-
SMYD4	0.397799244631032	0.123096759537502	0.407082238383988	0.00561984756256602	TbID	Raf1D486A	no	-
SPAG1	0.989139804524013	0.00159408638435409	0.704116376069255	0.000473157009653484	congruent	Raf1D486A	no	-
SPON1	-0.0283616033066441	0.923378230148159	0.709296533211047	0.00708092129777661	TbID	Raf1D486A	no	-
SPR	-0.179921875969484	0.70194740291228	2.46228088207066	0.0252460636096016	TbID	Raf1D486A	yes	gain
SPRYD4	0.799638275038109	0.00508239033266851	0.858097487023264	0.0488380067764236	congruent	Raf1D486A	no	-
SPTAN1	0.381235619133426	0.046507683044064	1.23943548446081	0.00628376362549445	congruent	Raf1D486A	yes	gain
SPTBN1	0.556747147244138	0.00350359980553896	1.26587188525652	0.00807073504594323	congruent	Raf1D486A	yes	gain
SPTBN2	0.248805094478752	0.557687675569084	0.946835640240384	0.00285403764966079	TbID	Raf1D486A	no	-
SQOR	0.0684214065049566	0.751941639874233	0.00920500269788923	0.937322328514337	nsig	Raf1D486A	no	-
SQSTM1	0.209547592117831	0.30108316249136	-0.269558388848583	0.134677108173597	nsig	Raf1D486A	no	-
ST13	0.190049076537196	0.462101380257844	0.743992084539965	0.00318862397591384	TbID	Raf1D486A	no	-
STIP1	0.382276163319819	0.048221621225438	0.473549641573918	0.0221697801366922	congruent	Raf1D486A	no	-
STUB1	1.44552386523597	0.000767991246756168	0.237737039240207	0.0182570560288862	congruent	Raf1D486A	yes	gain
SUGT1	0.248828045563799	0.0791884723241167	0.485542481229379	0.00101825598528308	TbID	Raf1D486A	no	-
SUSD5	0.269016216739026	0.494220244967291	0.358644853890194	0.164046992905845	nsig	Raf1D486A	no	-
SYNCRIP	0.334722449435519	0.0800573579748817	0.563559424161478	0.012808765085646	TbID	Raf1D486A	no	-
TCP1	0.144964567648984	0.318723646142243	-0.46721629844843	0.00489198152855097	TbID	Raf1D486A	no	-
TELO2	-0.503568216582781	0.00581361839514361	-0.757582248288181	0.000308399667638802	congruent	Raf1D486A	no	-
TFPI2	0.0911169888694436	0.860548147691583	0.260238571275524	0.121439791614108	nsig	Raf1D486A	no	-
THAP7	0.675524364215025	0.13101103191112	0.0358344671597366	0.785490930514303	nsig	Raf1D486A	no	-
THBS1	NA	NA	0.719867706735616	0.0032634421953366	TbID	Raf1D486A	no	-
THBS4	NA	NA	0.862433405906667	0.0515866070173817	TbID	Raf1D486A	no	-
THSD1	-0.25892196299599	0.466949946736214	-1.08693393798555	0.00258402463630326	TbID	Raf1D486A	yes	loss
TLCD3A	-0.277859644451703	0.259592192071015	0.865684036002437	0.000754336390394138	TbID	Raf1D486A	no	-
TMEFF2	NA	NA	0.115671580698776	0.469980688987001	TbID	Raf1D486A	no	-
TMEM183A	0.659667398367246	0.0386097875572447	0.127719836724689	0.318021864157896	AP-MS	Raf1D486A	no	-
TMEM62	-0.108157032705125	0.591619229500829	0.420949985615867	0.00277508050872927	TbID	Raf1D486A	no	-
TNFAIP1	0.044884214327156	0.776603865656911	-0.920058130695989	0.00417914541290086	TbID	Raf1D486A	no	-
TOMM40	0.825082685995643	0.00283953759290494	-0.281553822450485	0.0382903348198896	opposite	Raf1D486A	no	-
TP53	-0.190722369477388	0.166638289568679	0.563431160672642	0.131396635153699	nsig	Raf1D486A	no	-
TPM1	NA	NA	1.15200920134513	0.0032478997585622	TbID	Raf1D486A	yes	gain
TPRKB	NA	NA	0.62321145862906	0.0176205543175315	TbID	Raf1D486A	no	-
TRAF7	-0.388595276484161	0.026285471409509	1.37000785883436	0.000644807265203923	opposite	Raf1D486A	yes	opposite
TRIB1	0.25365835813362	0.393367459111486	-1.23076381387996	0.0303521881821446	TbID	Raf1D486A	yes	loss
TRIB3	1.24541043455482	0.000706193876561066	-0.0288352940485204	0.908981513501746	AP-MS	Raf1D486A	yes	gain
TRIM41	0.0382824703211299	0.898004064418828	0.2987507615385	0.0370764922301116	TbID	Raf1D486A	no	-
TTC1	0.403293894057699	0.029306509985548	0.968908626726418	0.000199147389248002	congruent	Raf1D486A	no	-
TTC4	0.604531094908069	0.00849759386696907	0.748174559405972	0.000394268196289068	congruent	Raf1D486A	no	-
TTC9C	0.447533716249328	0.0222526943509384	0.616915527301228	0.000875763970544158	congruent	Raf1D486A	no	-
TUBGCP2	-0.382587216500898	0.0111140970912727	-0.15904294201456	0.174579508878449	AP-MS	Raf1D486A	no	-
TUG1	-0.573853204446613	0.0553730651679127	0.438451295056273	0.0414851984315131	TbID	Raf1D486A	no	-
U2AF1	0.844756607525281	0.10251032413162	0.806223484163293	0.00256162516916254	TbID	Raf1D486A	no	-
UBAC2	-0.365071198318672	0.0126522947300063	0.583437732805299	0.00276155825155352	opposite	Raf1D486A	no	-
UBE2A	0.257675171013243	0.222881818317537	0.347836850165226	0.0575100001211423	nsig	Raf1D486A	no	-
UBIAD1	-0.850081974128426	0.00306093750940492	-0.133480315063007	0.144639347992864	AP-MS	Raf1D486A	no	-
UBL5	0.0962905700710442	0.728175854450822	-0.163511020498286	0.17205616514236	nsig	Raf1D486A	no	-
UBQLN1	NA	NA	0.786538381794838	0.0112173911765912	TbID	Raf1D486A	no	-
UBQLN2	0.230077356057431	0.489872064248784	0.545236136049946	0.0184288445746772	TbID	Raf1D486A	no	-
UBR5	-0.521330645956883	0.00124179352721751	-0.0384565437313186	0.717077251587687	AP-MS	Raf1D486A	no	-
UCK2	-0.878029383029501	0.00201781427198537	-0.927315993188647	0.000432945726136836	congruent	Raf1D486A	no	-
UGCG	0.354693133734968	0.154434934299076	0.379433681073161	0.00840238481229658	TbID	Raf1D486A	no	-
URI1	1.2483385270384	0.000563965088953346	0.665733585985059	0.000473157009653484	congruent	Raf1D486A	yes	gain
USP11	0.350603551007559	0.00853358331925023	0.265781309748996	0.0114598189875342	congruent	Raf1D486A	no	-
USP9X	0.206116548281436	0.0757528894358743	-0.283538938660809	0.0174133068389196	TbID	Raf1D486A	no	-
USP9Y	0.198293250926685	0.597859920059449	-0.31817739828871	0.0854156686295118	nsig	Raf1D486A	no	-
UXT	1.18181349990171	0.000681529357185009	0.510151337844208	0.00190821360612343	congruent	Raf1D486A	yes	gain
VPS26A	0.150568229657737	0.204634935699392	0.421605847997643	0.00888582665742202	TbID	Raf1D486A	no	-
VRK2	0.0684459334567284	0.529399666741755	0.529713217429482	0.0105751754427329	TbID	Raf1D486A	no	-
WDR6	-0.752274846778251	0.00318209719234045	0.252237520776441	0.00907340356497185	opposite	Raf1D486A	no	-
WDTC1	-0.217717442218494	0.0911899107895903	0.0219519919364256	0.851156663653561	nsig	Raf1D486A	no	-
XPNPEP3	-0.0624329250162848	0.826997215130109	-0.102657724764197	0.586127278414911	nsig	Raf1D486A	no	-
YWHAB	-0.94333552569309	0.00497167495182869	-0.258182075128116	0.136832908861969	AP-MS	Raf1D486A	no	-
YWHAE	-0.924689134215425	0.00778545798489439	-0.333621646781676	0.0402570221636816	congruent	Raf1D486A	no	-
YWHAG	-0.861124924828572	0.00366548310252766	-0.38687904810793	0.0695652762264879	AP-MS	Raf1D486A	no	-
YWHAH	-1.08899538222751	0.00197120482260838	-0.216542323295545	0.129021870599761	AP-MS	Raf1D486A	yes	loss
YWHAQ	-0.861032488760822	0.00580391609706513	-0.344158382564656	0.0159906056192992	congruent	Raf1D486A	no	-
YWHAZ	-1.10561557306502	0.000681529357185009	-0.04293756337061	0.751215876870217	AP-MS	Raf1D486A	yes	loss
ZDHHC9	NA	NA	0.466592942474441	0.102629968897082	TbID	Raf1D486A	no	-
ZFAND3	0.194498654406883	0.681643079439162	-0.175780546254198	0.724213539195873	nsig	Raf1D486A	no	-
ZIK1	NA	NA	0.297916474894462	0.277765591182662	TbID	Raf1D486A	no	-
ZNF131	1.40467333006656	0.125058503206336	0.270697377717142	0.448830551697263	nsig	Raf1D486A	no	-
ZNF215	NA	NA	0.414044119363265	0.140661134633008	TbID	Raf1D486A	no	-
ZNF256	NA	NA	0.269095362551795	0.0106211466646754	TbID	Raf1D486A	no	-
ZNF28	NA	NA	0.402536979649008	0.102282605507012	TbID	Raf1D486A	no	-
ZNF324	0.298708283561015	0.2799538096505	0.206436039717659	0.149569563159125	nsig	Raf1D486A	no	-
ZNF326	0.0601127937305024	0.693538298071464	0.997758484679477	0.0140913515323834	TbID	Raf1D486A	no	-
ZNF480	NA	NA	-0.136531608489306	0.106069642596931	TbID	Raf1D486A	no	-
ZNF582	NA	NA	-0.0663034350609526	0.717568375250211	TbID	Raf1D486A	no	-
ZNF66	NA	NA	0.0762772831439035	0.257124456305165	TbID	Raf1D486A	no	-
ZNF737	NA	NA	0.471803337371833	0.00133118089756249	TbID	Raf1D486A	no	-
ZNF749	0.816013031109539	0.167908413040983	-0.166568461797757	0.0741653594577617	nsig	Raf1D486A	no	-
ZNF836	NA	NA	0.365108998694602	0.144385441833104	TbID	Raf1D486A	no	-
ZNF91	0.90862677845917	0.177976486789053	0.0822771377685927	0.56602800191469	nsig	Raf1D486A	no	-
ZSWIM8	-0.0507829419274132	0.774272011622136	0.653365902286575	0.00248173903815539	TbID	Raf1D486A	no	-
AAK1	0.134286580855051	0.882461134266676	0.456486997769173	0.00196867606517663	TbID	MEK2AA	no	-
AHCYL1	-0.049529019290779	0.74475645876906	0.562247569129909	0.00506862632310004	TbID	MEK2AA	no	-
AKAP13	0.0121919630275746	0.922446953364452	0.100059049243664	0.132351218512041	nsig	MEK2AA	no	-
ALG6	0.53677525167414	0.166998597132161	-0.342987071586265	0.0417205170000776	TbID	MEK2AA	no	-
ANKRA2	NA	NA	0.814412977591642	0.00591057600989772	TbID	MEK2AA	no	-
ANKRD52	0.148381254402215	0.191718336504426	0.355162856451635	0.00704142306935574	TbID	MEK2AA	no	-
ARAF	-0.35585132741045	0.0476856083299629	-0.319669365969486	0.00797688612636131	congruent	MEK2AA	no	-
ARF1	NA	NA	-0.509015512427029	0.0325494325486871	TbID	MEK2AA	no	-
ARFIP2	0.156597308453199	0.484311117059955	0.257471132696428	0.0314221608328449	TbID	MEK2AA	no	-
ARHGAP17	0.241198905534648	0.19500044980318	0.429228743245334	0.00258585746074353	TbID	MEK2AA	no	-
ATP9B	-1.54545554430331	0.096900442637979	-0.0706211571656899	0.248099707652191	nsig	MEK2AA	no	-
AZI2	-0.100150749996535	0.695720914608633	0.301013094344238	0.0050514041734287	TbID	MEK2AA	no	-
BCAR1	-0.0903562190448811	0.627165920943706	0.241093804877158	0.0375136078527272	TbID	MEK2AA	no	-
BRAF	0.340325264889432	0.0669551497989336	0.243417602377212	0.0342409462855993	TbID	MEK2AA	no	-
BTBD6	NA	NA	-0.0138088623528031	0.940909207090588	TbID	MEK2AA	no	-
BUB1	-0.109997118686228	0.325473860301917	0.205267410456791	0.0283584530075673	TbID	MEK2AA	no	-
C4A;C4B	NA	NA	-0.141365872425886	0.227305008359994	TbID	MEK2AA	no	-
CAMSAP2	-0.0834288570082074	0.720928927219175	0.284903934498558	0.0046805854539569	TbID	MEK2AA	no	-
CAPZA1	-0.0741241249503579	0.622359149155313	0.357302213021581	0.0049514994779383	TbID	MEK2AA	no	-
CARMIL2	-0.444080245924802	0.0742257821856779	-0.0514422404001432	0.504752441570733	nsig	MEK2AA	no	-
CCDC22	-0.273789353449862	0.0903837381858219	-0.120522621812158	0.070824289022724	nsig	MEK2AA	no	-
CCNB1	-0.180480693374293	0.291429389555002	0.204261053438099	0.0387448186146005	TbID	MEK2AA	no	-
CD2AP	0.0528765158802415	0.796659476763056	0.430429664279509	0.00322508054170565	TbID	MEK2AA	no	-
CDC123	-0.243827983961307	0.250077832681151	0.190102820084055	0.0467454152125369	TbID	MEK2AA	no	-
CDC25C	0.00636090101462675	0.97060258965837	0.283528975731913	0.0103962465956689	TbID	MEK2AA	no	-
CDC37	-0.258456588770752	0.0793349922568774	0.185265362013985	0.0294577049276186	TbID	MEK2AA	no	-
CENPI	-0.305243288869245	0.452042972590192	-0.498842959224553	0.00266511643201452	TbID	MEK2AA	no	-
CEP85	-0.0245131946468366	0.899548271275634	0.434874529558198	0.00304742980106707	TbID	MEK2AA	no	-
CIP2A	-0.0512406213064531	0.707711725221464	0.144754218242066	0.120238679748895	nsig	MEK2AA	no	-
CLUH	0.118729874121039	0.312994930317049	0.278971401872495	0.00810513256222323	TbID	MEK2AA	no	-
CMTM6	0.343120674918734	0.49508245120402	NA	NA	AP-MS	MEK2AA	no	-
COBLL1	0.107523506809696	0.713889407857407	0.277390857149626	0.00621652136711771	TbID	MEK2AA	no	-
COMMD8	0.123392024297936	0.647021618576462	0.345541844198221	0.00553805076534948	TbID	MEK2AA	no	-
COPRS	-0.116834431652463	0.789320690319391	-0.103194985933016	0.401473286831111	nsig	MEK2AA	no	-
CRMP1	0.188448456457085	0.360063632172868	1.14074555094942	0.00014213020191851	TbID	MEK2AA	yes	gain
CSDE1	0.0521620746427309	0.768123765171684	0.338454210962522	0.0066588744707894	TbID	MEK2AA	no	-
CSRP1	2.37550980862349	0.00393099469558528	1.68686968542469	0.000704493870980588	congruent	MEK2AA	yes	gain
CTDSP1	-0.0195405978106827	0.981380036705512	0.601727183616395	0.0646254675362876	nsig	MEK2AA	no	-
DCTN2	0.0725763721814584	0.627165920943706	0.392045964836809	0.0114430234894481	TbID	MEK2AA	no	-
DDRGK1	-0.0538494340596501	0.818025593746549	0.0514215136697276	0.469874497147109	nsig	MEK2AA	no	-
DDT	NA	NA	0.260192279629969	0.0142513055025532	TbID	MEK2AA	no	-
DLGAP5	-0.0480294591380029	0.707421320517388	0.293566811816147	0.0067806047737791	TbID	MEK2AA	no	-
DMXL1	-0.0182733516112518	0.875435976700554	0.147551103112209	0.090231641361039	nsig	MEK2AA	no	-
DPYSL4	-0.725560444339495	0.0055182277412269	-0.209524296048195	0.0184688532906398	congruent	MEK2AA	no	-
ECD	-0.162511937740985	0.242436543678009	0.0180088586868276	0.80066932009568	nsig	MEK2AA	no	-
EEF1B2	0.384690527806025	0.0547439674617523	-0.518396762232812	0.0255862672241804	TbID	MEK2AA	no	-
EEF1D	-0.297653761656082	0.0591992488428955	-0.752285804677775	0.00300766393844808	TbID	MEK2AA	no	-
EEF1G	0.526095169367397	0.0591992488428955	-0.426945122593745	0.0437416293924445	TbID	MEK2AA	no	-
EFHD1	-1.11550848420673	0.271290521604525	0.086545089477219	0.372221586185468	nsig	MEK2AA	no	-
EID2	-0.13526095757815	0.771237538891062	0.0781170076643478	0.743307669606723	nsig	MEK2AA	no	-
EIF4B	0.0872321872495928	0.865406433046021	0.322805698731862	0.0049514994779383	TbID	MEK2AA	no	-
EIF4E	-0.0966266358958534	0.697663025526401	0.235729385714636	0.0283584530075673	TbID	MEK2AA	no	-
ERCC6L	-0.334897056182472	0.0415457972839634	-0.217268319567928	0.0328154033745155	congruent	MEK2AA	no	-
ERRFI1	-0.232510088832607	0.728283098514181	0.430631680707456	0.0049514994779383	TbID	MEK2AA	no	-
FAM107B	0.612458272618813	0.489825953701028	0.162514282900552	0.105796115143187	nsig	MEK2AA	no	-
FAM98A	0.123793447538567	0.4768358155619	1.09492439713704	0.000118619148647091	TbID	MEK2AA	yes	gain
FASN	-0.0803938888692108	0.290189212163176	0.188083679436412	0.168037297804227	nsig	MEK2AA	no	-
FBH1	-0.0830374486207322	0.730748468572544	-0.282036622469016	0.0266024171443848	TbID	MEK2AA	no	-
FBLIM1	-0.239037768338681	0.430588786625635	-0.164726003679956	0.160286678344301	nsig	MEK2AA	no	-
FBXL6	-1.99945566492717	0.00546287402270319	-0.791131410865283	0.00214719773081133	congruent	MEK2AA	yes	loss
FERMT2	0.497226216183924	0.0539938862179641	0.341532028618904	0.00591757928100348	TbID	MEK2AA	no	-
FHIP2A	0.40669131428889	0.343338375103142	0.561938467931563	0.00103915081120893	TbID	MEK2AA	no	-
FKBP5	0.317661787659007	0.100009151368035	0.0498781454663053	0.384884731788344	nsig	MEK2AA	no	-
FNBP1L	0.0988584215086713	0.609520903823599	0.35337130151447	0.00332363266943516	TbID	MEK2AA	no	-
FNDC10	0.804501372974121	0.181915292613298	0.453844142590684	0.121801054099655	nsig	MEK2AA	no	-
FTH1	0.736568231099138	0.169860726217034	-0.135463638913539	0.239371197400601	nsig	MEK2AA	no	-
GLB1L2	0.804784495993476	0.0137647980864334	-0.316125200016834	0.0572983666500671	AP-MS	MEK2AA	no	-
GLO1	-0.0930755305204854	0.627345393581083	0.259080711382427	0.0152024148796834	TbID	MEK2AA	no	-
GPR176	NA	NA	1.60766815831729	0.0113195104298924	TbID	MEK2AA	yes	gain
HECTD2	0.879063569488203	0.0876088305150527	0.464772407066966	0.0295832727778072	TbID	MEK2AA	no	-
HSP90AA1	-0.108294059775209	0.272151058709146	-0.02552685128348	0.8924568517848	nsig	MEK2AA	no	-
HSP90AA4P	0.952833544796169	0.442540068264555	0.0227511292020323	0.932268176154574	nsig	MEK2AA	no	-
HSP90AB1	-0.0384243045116252	0.770986219950582	0.0421942461191978	0.802558220103682	nsig	MEK2AA	no	-
HSP90AB2P	0.221856310125243	0.678389977033574	NA	NA	AP-MS	MEK2AA	no	-
HSP90AB3P	-1.81381201368713	0.164184324325973	NA	NA	AP-MS	MEK2AA	no	-
HSP90AB4P	-0.00731528583350985	0.982970748771432	NA	NA	AP-MS	MEK2AA	no	-
HSPA1A;HSPA1B	0.23960353080015	0.116633403406486	0.212618109303291	0.0290565090316258	TbID	MEK2AA	no	-
HSPA1L	0.176835583249172	0.504271643757695	0.10760202433433	0.298949693631036	nsig	MEK2AA	no	-
HSPA2	0.29353896883471	0.0450561820080273	0.101670579864238	0.206826800324276	AP-MS	MEK2AA	no	-
HSPA4	0.64100470846122	0.00713480094885268	0.101730818913751	0.20674205172755	AP-MS	MEK2AA	no	-
HSPA4L	0.376329267450755	0.0138601307528311	0.249341272092408	0.0151512020436231	congruent	MEK2AA	no	-
HSPA5	0.108440006880087	0.287970386546362	-0.0276596248981897	0.842803518047934	nsig	MEK2AA	no	-
HSPA6	0.282481190087246	0.352086534746704	0.0445583922318494	0.785827209512931	nsig	MEK2AA	no	-
HSPA8	0.0585551517758788	0.7767403959346	0.0735051536175415	0.494703034542617	nsig	MEK2AA	no	-
HSPA9	-0.026438993434722	0.925047623538096	-0.121537476215523	0.374758436118684	nsig	MEK2AA	no	-
HSPBP1	0.143418148496126	0.446032880009219	0.038625763525366	0.645118992205502	nsig	MEK2AA	no	-
HSPH1	-0.0829603718023694	0.470372176034073	-0.0751375835108918	0.350715290814905	nsig	MEK2AA	no	-
ID1	0.125168512582835	0.820124323829758	NA	NA	AP-MS	MEK2AA	no	-
IDI1	0.194114112538901	0.446032880009219	0.193589703781616	0.0250601402943153	TbID	MEK2AA	no	-
IPPK	-0.0857541360830095	0.877207157041103	-0.764691889374983	0.037224999741723	TbID	MEK2AA	no	-
ITGA7	1.68880877766413	0.0614626842054211	0.63777407424123	0.230830341821312	nsig	MEK2AA	no	-
JPT1	NA	NA	0.393722317709107	0.00389960514376838	TbID	MEK2AA	no	-
JUNB	-1.16424366358777	0.202026632554133	0.142430157785902	0.159050359368768	nsig	MEK2AA	no	-
KANK2	0.274306527985346	0.0879909487617167	0.215015324750639	0.0896217702287312	nsig	MEK2AA	no	-
KCTD10	-0.126931381469954	0.706058191191121	-0.329089182225706	0.102882361213549	nsig	MEK2AA	no	-
KCTD3	-0.00531256775296954	0.966804950002406	0.236642059534803	0.0118470451368287	TbID	MEK2AA	no	-
KEAP1	-0.1112473752152	0.407720519407696	-0.263295865466281	0.0489339958748927	TbID	MEK2AA	no	-
KLHL13	-0.17834602082974	0.344185514343913	0.112904150042986	0.215834204606243	nsig	MEK2AA	no	-
KLHL9	0.420188742600831	0.356539334386307	0.145803398087138	0.297381367675307	nsig	MEK2AA	no	-
KNSTRN	-0.0139522645601965	0.962193859579369	0.185349291488754	0.0814694105193261	nsig	MEK2AA	no	-
KSR1	-0.572935155655197	0.0141747795991812	-0.0668561603736948	0.349566087663123	AP-MS	MEK2AA	no	-
KSR2	-0.0429102921353676	0.950966227309892	0.119962681201576	0.317001509617668	nsig	MEK2AA	no	-
LRCH3	-0.242919440831078	0.173169645139232	0.185502907169862	0.0433811891438339	TbID	MEK2AA	no	-
LSAMP	NA	NA	-1.52581185438215	0.00130200705634377	TbID	MEK2AA	yes	loss
LUZP1	0.0177699826074758	0.950590220058268	0.251867082650774	0.0127726901833213	TbID	MEK2AA	no	-
MAGED1	0.142692269910852	0.325747208412257	0.213881414323212	0.0606528429795105	nsig	MEK2AA	no	-
MAP2K1	-0.680420648508408	0.383413321592199	-0.0775887253251521	0.365909288679043	nsig	MEK2AA	no	-
MAP2K2	-0.135069688580499	0.771237538891062	0.0350754232788316	0.750510398627251	nsig	MEK2AA	no	-
MAPK1	0.0476622417283553	0.787354362254396	-0.136910887355141	0.107449102932795	nsig	MEK2AA	no	-
MAT2A	-0.153158790542759	0.19022160555254	-0.131027288735485	0.195642315754322	nsig	MEK2AA	no	-
MB21D2	0.371516131121133	0.402399921318492	0.434390116160043	0.00254487584242395	TbID	MEK2AA	no	-
MDH1	0.398187633426736	0.379117114960868	0.128082430881752	0.522416361331887	nsig	MEK2AA	no	-
MEST	NA	NA	0.475011617548668	0.156118159748068	TbID	MEK2AA	no	-
MFAP3	-1.04435081818503	0.51176102425938	-0.349174924631148	0.505714906579432	nsig	MEK2AA	no	-
MFSD14CP	0.941991726003912	0.232705999296214	NA	NA	AP-MS	MEK2AA	no	-
MGST1	0.542390900406978	0.295966519510032	-0.144119735939559	0.233787800959007	nsig	MEK2AA	no	-
MKNK2	0.171286962986665	0.782247896452935	0.447749734300332	0.0221631951087643	TbID	MEK2AA	no	-
MTRR	0.402496277146635	0.658369383878639	0.392300631385299	0.0035720886002105	TbID	MEK2AA	no	-
MYPN	NA	NA	-1.26075346832883	0.0930612813069371	TbID	MEK2AA	no	-
NCK1	0.0168505762584725	0.970253253843831	0.335500572693866	0.00472526022797166	TbID	MEK2AA	no	-
NDRG2	NA	NA	0.0896499557125998	0.5443631853491	TbID	MEK2AA	no	-
NEDD9	NA	NA	0.182540503324057	0.254837263520778	TbID	MEK2AA	no	-
NTS	NA	NA	-0.170703596835214	0.259044334489956	TbID	MEK2AA	no	-
NUDT5	0.0576298197515931	0.82485333816738	0.383054053991907	0.0117347956735361	TbID	MEK2AA	no	-
OCIAD1	0.368015567548003	0.0697244895440101	0.398858131990168	0.00265895661023657	TbID	MEK2AA	no	-
OSER1	-0.294551122463766	0.229472039161787	0.0411520103667421	0.705694350088903	nsig	MEK2AA	no	-
OTUD3	0.0805876255153009	0.868702629392892	0.196329748247536	0.0717059402125935	nsig	MEK2AA	no	-
PAIP2	-0.0396728922104912	0.892114600130834	0.259881122375514	0.0653870808721523	nsig	MEK2AA	no	-
PCLAF	-0.0872803430842131	0.911864939645176	-0.061901009413005	0.499431417008037	nsig	MEK2AA	no	-
PCNX1	1.33545791573949	0.09957111698832	NA	NA	AP-MS	MEK2AA	no	-
PDGFD	0.484232596491187	0.4619311284572	-0.0109215029081824	0.942964662484358	nsig	MEK2AA	no	-
PDLIM5	0.0668122574570255	0.527688722897311	0.393527281420587	0.00499805537297101	TbID	MEK2AA	no	-
PDZRN3	-0.464450092531879	0.297510898792815	-0.0275806743610524	0.722561409683026	nsig	MEK2AA	no	-
PEG10	-0.0794996951873353	0.704907693043904	0.312547527704787	0.0159368242280757	TbID	MEK2AA	no	-
PELI2	-0.216946646965906	0.396138609434096	0.744465222295276	0.408832871922043	nsig	MEK2AA	no	-
PGAM1	0.457759667024062	0.139796137762809	0.390253429555308	0.00211407872663494	TbID	MEK2AA	no	-
PIH1D2	NA	NA	0.139891460873984	0.313731642098389	TbID	MEK2AA	no	-
POLR2I	-0.0980928359594697	0.77229729445314	0.442808086497255	0.00997979581453376	TbID	MEK2AA	no	-
POMP	-0.124560379561449	0.688350820198761	0.346287305147096	0.0357781223858641	TbID	MEK2AA	no	-
PPP1R12A	-0.0919035430346864	0.597460425339912	0.3610138464439	0.00493377864908573	TbID	MEK2AA	no	-
PPP3CA	0.122120904614099	0.481590665322571	0.384080815742035	0.0155681232905809	TbID	MEK2AA	no	-
PPT2	0.559155318197987	0.454435117345265	NA	NA	AP-MS	MEK2AA	no	-
PRAG1	-0.00222807056710493	0.99350870281135	0.278248721911572	0.00438831265583571	TbID	MEK2AA	no	-
PSMB4	0.199071929779127	0.307408469374328	0.140983789544015	0.237557184101336	nsig	MEK2AA	no	-
PSMC2	0.0190283905849013	0.898379186164598	0.197511500540183	0.051918501757085	nsig	MEK2AA	no	-
PSMC4	0.0647499746976724	0.630650759952403	0.134555995879385	0.106290378810378	nsig	MEK2AA	no	-
PSMC5	0.00836239779195377	0.960482822139997	0.104464029915569	0.24746785083794	nsig	MEK2AA	no	-
Q6ZSR9	-0.0815073416349915	0.885657829231366	0.448632685487791	0.00332363266943516	TbID	MEK2AA	no	-
RAB32	0.113154853552645	0.843011559225416	1.23665444084856	0.000118619148647091	TbID	MEK2AA	yes	gain
RAF1	-0.140541512650326	0.440510832310703	0.125141017278566	0.145389926021068	nsig	MEK2AA	no	-
RCBTB2	0.018886052434148	0.955203257974877	0.442606051715105	0.507274607175295	nsig	MEK2AA	no	-
RIMKLA	-0.911100991802262	0.319342639668153	0.165598869526794	0.0401585988566426	TbID	MEK2AA	no	-
RIMKLB	-0.000701090703509805	0.999136586231733	0.138112333624539	0.144615523236939	nsig	MEK2AA	no	-
RIPK1	0.150897151676051	0.37351681582524	0.573478804543076	0.000850337713538136	TbID	MEK2AA	no	-
RPA1	0.157550777093592	0.242261540959294	-0.0682533586399957	0.568740105458462	nsig	MEK2AA	no	-
RTN1	-0.0176597316667856	0.982212628662103	0.213496973789282	0.0356773852025466	TbID	MEK2AA	no	-
SAR1A	0.494060511131952	0.132157919406543	0.0803467409689936	0.697379413533021	nsig	MEK2AA	no	-
SCIN	0.12691377560462	0.79142699250863	0.360937363019822	0.0101151020085526	TbID	MEK2AA	no	-
SCML1	-1.14278630917315	0.00437780980447744	-0.877960630810967	0.00158793516017278	congruent	MEK2AA	yes	loss
SCRIB	-0.45572947634573	0.00546287402270319	-0.269064889669953	0.0305918895751346	congruent	MEK2AA	no	-
SEC23IP	0.00399455394657929	0.973074130787795	0.29450279630184	0.0136546663713573	TbID	MEK2AA	no	-
SESN3	0.172170468433057	0.395621515702367	0.0933203085583415	0.24068432375099	nsig	MEK2AA	no	-
SGK1	NA	NA	-0.764436993929878	0.281319720426378	TbID	MEK2AA	no	-
SLC16A7	0.327253135308206	0.451500584060658	0.0854906142874954	0.570269378732829	nsig	MEK2AA	no	-
SLC25A6	-0.759003131812991	0.00437780980447744	-0.837102109747852	0.000520256199984422	congruent	MEK2AA	no	-
SLC35A2	-0.199912085541037	0.489692665982335	-0.448874536279426	0.0085910610360203	TbID	MEK2AA	no	-
SMAP1	-0.269451293637765	0.268561043860143	0.387692655875618	0.00570876831242743	TbID	MEK2AA	no	-
SNAP29	0.38801096970346	0.185336380305461	0.417802405337877	0.00404617298535878	TbID	MEK2AA	no	-
SNF8	0.542910828313791	0.299860846903488	0.405719004998242	0.00996636695736016	TbID	MEK2AA	no	-
SNX17	0.313614840978137	0.477292179257358	0.164834455839265	0.0931862913037538	nsig	MEK2AA	no	-
SNX3	0.250008102641005	0.578173263599358	0.259589209872012	0.0105468092219382	TbID	MEK2AA	no	-
SOD1	-0.158719559830039	0.486938640112661	-0.0400960883208483	0.694651501874474	nsig	MEK2AA	no	-
SPAG5	0.234574440048662	0.174690140475409	0.256989208670349	0.0152007235213401	TbID	MEK2AA	no	-
SPART	0.233922071997258	0.0699576574143233	0.485337909896373	0.00533492185927378	TbID	MEK2AA	no	-
SQOR	0.101266369106206	0.512347207193775	-0.356757663610971	0.00654589787064758	TbID	MEK2AA	no	-
STAM	-0.00861176844869167	0.986351444986368	0.179012302037441	0.0409232183980012	TbID	MEK2AA	no	-
STOM	0.263201066662888	0.272151058709146	0.38350864474515	0.00258201594345961	TbID	MEK2AA	no	-
TAX1BP3	NA	NA	0.0440431399319615	0.870989797203614	TbID	MEK2AA	no	-
TIMM10	0.0580139769554718	0.927592578986343	0.3617384455298	0.0431386779456793	TbID	MEK2AA	no	-
TMEFF2	NA	NA	0.0845308031459315	0.6413914126243	TbID	MEK2AA	no	-
TMEM102	-0.243670204670723	0.785036885308024	0.473570896725295	0.00186988005429984	TbID	MEK2AA	no	-
TMOD3	0.0894656465688836	0.680625353448585	0.394897933856935	0.00579331050395989	TbID	MEK2AA	no	-
TNRC6A	0.221882801604723	0.0625560684601486	0.808767051046587	0.000520256199984422	TbID	MEK2AA	no	-
TNRC6B	0.081731356638492	0.528704040433304	0.601321628483984	0.000850337713538136	TbID	MEK2AA	no	-
TNRC6C	-0.0149916253581951	0.918380698988129	0.469486623112034	0.00115568305900239	TbID	MEK2AA	no	-
TOB1	NA	NA	0.272620618499645	0.0161476762782841	TbID	MEK2AA	no	-
TOB2	-0.218530406719611	0.640504117415753	0.171503657442709	0.0468198050599985	TbID	MEK2AA	no	-
TP53BP2	-0.112656926899159	0.437988615631911	0.280819751586085	0.0103760108251244	TbID	MEK2AA	no	-
TPRA1	0.563010918351213	0.256879593189392	NA	NA	AP-MS	MEK2AA	no	-
TPRN	-0.0224460626508784	0.944883797712259	0.355851854853875	0.00472526022797166	TbID	MEK2AA	no	-
TRIM26	-0.0609269869312584	0.750410805116725	0.320017981748795	0.0157063121955971	TbID	MEK2AA	no	-
TTK	0.122567152009033	0.264091955195247	0.344040434545387	0.00455138861058496	TbID	MEK2AA	no	-
TUG1	0.303536100842434	0.222662498584441	-0.151893123662205	0.420893710007379	nsig	MEK2AA	no	-
TXLNA	-0.0685828236930301	0.7767403959346	0.0551483146454304	0.591416685883109	nsig	MEK2AA	no	-
TXLNB	-0.243278216450475	0.854673275512983	NA	NA	AP-MS	MEK2AA	no	-
UBAP2	-0.0869075527322369	0.51176102425938	0.366242437353661	0.00265895661023657	TbID	MEK2AA	no	-
UBAP2L	-0.00757498093732344	0.964118891010633	0.332829386596021	0.00675460255293728	TbID	MEK2AA	no	-
UBL5	0.220090788796124	0.710331812362107	0.120505479731831	0.278629544833009	nsig	MEK2AA	no	-
UBXN8	0.273907481312175	0.155474926876324	0.350106838856976	0.0126579927896259	TbID	MEK2AA	no	-
UNC13A	1.99728593674271	0.147183941285158	NA	NA	AP-MS	MEK2AA	no	-
USP16	0.126015918729069	0.681040328921607	0.495944164858453	0.00158793516017278	TbID	MEK2AA	no	-
VAMP1	NA	NA	-0.2851931229585	0.0779934892035915	TbID	MEK2AA	no	-
WASHC2A	0.148738036052387	0.840764548804478	0.229942047902134	0.0216959074262927	TbID	MEK2AA	no	-
WDR37	0.302252281514559	0.173401820660545	0.238198734456988	0.098173437430674	nsig	MEK2AA	no	-
WDR7	-0.0405042996853709	0.689407094022352	0.0739054047932308	0.499321194646177	nsig	MEK2AA	no	-
WSB1	0.510046035863715	0.484508089841441	0.51765023474107	0.0238729925492604	TbID	MEK2AA	no	-
WWTR1	0.213550966006881	0.651669587853312	0.899267322999923	0.00316091448843048	TbID	MEK2AA	no	-
YAP1	0.890614516499712	0.152329517504749	0.697095724858451	0.000955605014561643	TbID	MEK2AA	no	-
YKT6	0.265808938939344	0.596678779821153	0.0557299653746177	0.364962044029936	nsig	MEK2AA	no	-
YWHAB	-0.0731206143523253	0.773918872724982	0.217340571675135	0.129736103988152	nsig	MEK2AA	no	-
YWHAE	-0.266793451905923	0.249652696727045	0.150956119365399	0.186446170684931	nsig	MEK2AA	no	-
YWHAG	-0.225873406749204	0.120878250311753	0.250039502178873	0.110959466542628	nsig	MEK2AA	no	-
YWHAH	-0.262198994200605	0.153936013456628	0.256729026271248	0.0430929098320635	TbID	MEK2AA	no	-
YWHAQ	-0.460156437612157	0.0673765874244776	-0.0107442788877091	0.909774572162175	nsig	MEK2AA	no	-
YWHAZ	-0.249302012293326	0.205386396962266	0.148385570085759	0.26327980349611	nsig	MEK2AA	no	-
ZFYVE16	0.26306911857879	0.0739255610674745	0.325202008567394	0.0119612699094138	TbID	MEK2AA	no	-
ZNRF1	0.525677806631695	0.516064958353268	-0.0161038965673157	0.94386885944939	nsig	MEK2AA	no	-
AAMDC	0.889647625651341	0.000682803547826393	-0.0146903206845318	0.845222467655102	AP-MS	NrasQ61R	no	-
ABHD14B	0.917709074646876	0.000420428998296379	0.361672055860055	0.000616400438445169	congruent	NrasQ61R	no	-
ABHD17C	0.43897281673427	0.0815120607168757	-0.131827605028556	0.400510098392034	nsig	NrasQ61R	no	-
ABHD18	0.64700326499439	0.000221448924047887	0.213019595360657	0.0213893560801833	congruent	NrasQ61R	no	-
ACAN	NA	NA	1.56522333313842	7.47576090057431e-05	TbID	NrasQ61R	yes	gain
ACOT1	0.362456954538994	0.0184585703148013	0.959548467828948	5.98827374454175e-05	congruent	NrasQ61R	no	-
ACY1	1.16835739804237	0.00110312988276939	0.211927466888396	0.0237721700854509	congruent	NrasQ61R	yes	gain
ADAMTS17	0.937492246220725	0.0205143636337079	NA	NA	AP-MS	NrasQ61R	no	-
ADGRL1	0.430578865257807	0.0334999065687418	0.239898939851828	0.0261997599405597	congruent	NrasQ61R	no	-
AFDN	2.12054984309436	4.9747674923244e-05	2.15115885753734	1.45728802383615e-06	congruent	NrasQ61R	yes	gain
AGO2	0.519124307519732	0.00257150429754369	-0.298195853420753	0.00760397134648328	opposite	NrasQ61R	no	-
AGO3	0.498745991805643	0.00525000532847848	-0.179263038873892	0.0199703630623411	opposite	NrasQ61R	no	-
AGPAT4	0.681771710728424	0.00114181333947533	0.0248143884048829	0.769054247606276	AP-MS	NrasQ61R	no	-
AIG1	1.1261596801927	0.00088736621866271	-0.164735296394477	0.0979569308981194	AP-MS	NrasQ61R	yes	gain
AK5	NA	NA	0.938231979686655	0.0005120184983474	TbID	NrasQ61R	no	-
AKT3	0.767542171716797	0.0143135803922182	1.02532615291953	2.37665249205889e-05	congruent	NrasQ61R	yes	gain
ALDH1L1	-1.56497477045467	0.0117174249816131	NA	NA	AP-MS	NrasQ61R	yes	loss
ANKRD10	0.879269460590693	0.00375672530225019	0.978109563039062	0.000232266058420075	congruent	NrasQ61R	no	-
ARAF	2.7016818806961	0.000288524844919767	0.139416007066503	0.0774680072263013	AP-MS	NrasQ61R	yes	gain
ARAP3	0.899927927065208	0.000173793467142329	0.721216112428553	0.00013552455791602	congruent	NrasQ61R	no	-
ARHGAP18	NA	NA	0.745269132913984	0.00013559375136082	TbID	NrasQ61R	no	-
ARHGAP28	3.02978115433007	1.33470715659756e-05	1.44482631374106	9.81115327313884e-05	congruent	NrasQ61R	yes	gain
ARHGEF17	1.21203645121458	0.00099584774878884	0.759137433441639	7.21097372988379e-05	congruent	NrasQ61R	yes	gain
ARHGEF40	1.27896574685988	0.000592352957833866	0.566541018647061	0.000188480653010309	congruent	NrasQ61R	yes	gain
ARHGEF6	0.169000791327825	0.239102991564718	0.457971563888497	0.00113186481370454	TbID	NrasQ61R	no	-
ARHGEF7	0.498602642390535	0.00198151547135832	1.40274380031084	9.80672119304676e-06	congruent	NrasQ61R	yes	gain
ARID3A	0.588760454320513	0.00201148496184195	0.808850204269229	0.000523454218775483	congruent	NrasQ61R	no	-
ARL15	1.10769025996089	0.000967844250894521	0.707573844364942	7.48742302085132e-05	congruent	NrasQ61R	yes	gain
ASB6	-0.675744589554169	0.00201259221493421	-1.14945234710304	1.18225091061908e-05	congruent	NrasQ61R	yes	loss
ASPH	1.14110762389458	3.56669371917279e-05	0.139904108474263	0.0814892118181354	AP-MS	NrasQ61R	yes	gain
ATM	1.23079833079192	0.00124012555756904	0.241898002339036	0.00460998602212489	congruent	NrasQ61R	yes	gain
ATOX1	-0.178460923311779	0.458077072299278	-0.0510172762733245	0.529229370401681	nsig	NrasQ61R	no	-
ATP1B1	1.09281665485329	0.000436375589596616	0.127426906494589	0.240578175780198	AP-MS	NrasQ61R	yes	gain
ATXN7L2	0.715081928380176	0.0398795268529952	0.52194053285965	0.00423741544607703	congruent	NrasQ61R	no	-
BAHCC1	0.437479724312392	0.0079189787360814	0.325374217349516	0.0198140257019522	congruent	NrasQ61R	no	-
BCL2L11	0.853892807051592	0.00156599626972669	0.50846155763043	0.00645831978427482	congruent	NrasQ61R	no	-
BCL2L2	1.00960269328109	0.0210694193831104	-0.115856901559908	0.36345106342326	AP-MS	NrasQ61R	yes	gain
BRAF	2.61339969138287	2.2101401461226e-05	1.43075857372032	4.38136681451102e-05	congruent	NrasQ61R	yes	gain
BRSK2	0.821506989999633	0.0022187544466792	1.02798348702456	1.18225091061908e-05	congruent	NrasQ61R	yes	gain
C22orf39	1.21398512584282	0.000420546933942844	0.824254838992537	0.00171969880585614	congruent	NrasQ61R	yes	gain
CACNB2	0.437137052691752	0.186092235600036	1.04719951324262	2.66162932736746e-05	TbID	NrasQ61R	yes	gain
CBARP	3.59401858665945	2.20811376402664e-05	2.27179580546382	9.80672119304676e-06	congruent	NrasQ61R	yes	gain
CCDC88A	0.823686564233369	0.000136546062797602	1.09400603080667	9.80672119304676e-06	congruent	NrasQ61R	yes	gain
CCM2	1.45034742150325	0.000460087380461863	0.568351988429318	0.000248445839390171	congruent	NrasQ61R	yes	gain
CCNT2	0.766562948189837	0.00238460090634258	0.57971254612208	0.00013552455791602	congruent	NrasQ61R	no	-
CD99	0.863401839917133	0.0156040849030532	0.287475213763916	0.106501883477172	AP-MS	NrasQ61R	no	-
CDKN1A	1.36709527980685	0.0250010448755613	1.36531608211925	0.000861651288323834	congruent	NrasQ61R	yes	gain
CDKN1B	NA	NA	2.4103448283827	3.08707835068198e-05	TbID	NrasQ61R	yes	gain
CDS2	1.04270154625125	0.00165042288748928	0.134373605917487	0.067803532977683	AP-MS	NrasQ61R	yes	gain
CENPI	-0.372722662947943	0.171774356614174	-0.873324413464365	7.92679069569634e-05	TbID	NrasQ61R	no	-
CEP104	2.3838265574404	2.46832089176721e-05	3.15223786420418	2.41304572835517e-06	congruent	NrasQ61R	yes	gain
CEP68	0.090438144846349	0.927381943108548	0.167717519637865	0.338982501001657	nsig	NrasQ61R	no	-
CERS1	0.963707849043595	0.000628470477071997	-0.0353145167687687	0.671071282602937	AP-MS	NrasQ61R	no	-
CHCHD2	NA	NA	0.991251148320146	7.6989815342122e-05	TbID	NrasQ61R	no	-
CHD1L	1.36968587852939	1.02059317238697e-05	0.719086445686995	0.000145041891833784	congruent	NrasQ61R	yes	gain
CHGA	NA	NA	0.869844652114701	0.00168311306889548	TbID	NrasQ61R	no	-
CKAP2	1.08907699012167	0.0033342338570168	1.10902977192843	1.27370412872259e-05	congruent	NrasQ61R	yes	gain
CKMT1A	0.612228949013922	0.000560236397258217	-0.213077494247361	0.025300720137541	opposite	NrasQ61R	no	-
CMC4	0.672398005518058	0.0075658160351896	NA	NA	AP-MS	NrasQ61R	no	-
CNPY3	0.876760234932196	0.0308961785883142	NA	NA	AP-MS	NrasQ61R	no	-
COL2A1	NA	NA	1.14900329341654	0.000298648443263727	TbID	NrasQ61R	yes	gain
COL5A1	0.221591567945348	0.47015532732406	1.05307680230756	2.37665249205889e-05	TbID	NrasQ61R	yes	gain
COMTD1	1.40711594443447	0.000928127711245253	0.34402692248825	0.00480323386855525	congruent	NrasQ61R	yes	gain
CORO2A	0.381564819692247	0.0141580047871083	0.14685634641331	0.0934027833736427	AP-MS	NrasQ61R	no	-
CORO2B	0.525408919486479	0.0278791055789247	0.129159011309725	0.083231053031999	AP-MS	NrasQ61R	no	-
CPLX1	NA	NA	1.27450352955461	7.10695405699774e-05	TbID	NrasQ61R	yes	gain
CPLX2	NA	NA	3.13291980986713	7.48742302085132e-05	TbID	NrasQ61R	yes	gain
CPVL	0.736372003683458	0.000174137294966505	1.32368666954239	3.28136396085764e-05	congruent	NrasQ61R	yes	gain
CRIP2	1.76496849946407	0.000418261204728612	2.70766884655105	5.88059623964218e-07	congruent	NrasQ61R	yes	gain
CRMP1	1.82995459045626	2.20811376402664e-05	2.48096752650802	1.45728802383615e-06	congruent	NrasQ61R	yes	gain
CRTC1	0.406760904950669	0.059361502632968	0.801423695688711	8.33195777576532e-05	TbID	NrasQ61R	no	-
CSPG4	0.417754069575514	0.00844976344759385	0.157206685589578	0.622631914847149	AP-MS	NrasQ61R	no	-
CSPG5	0.586226825143413	0.00817360539150669	0.440477649932174	0.12802446571979	AP-MS	NrasQ61R	no	-
CSRP1	-0.303076902273173	0.287851801912771	-0.0916251216791155	0.461925713073928	nsig	NrasQ61R	no	-
CTDSP1	1.53439938981029	0.00112157325464345	1.26901267685212	0.00112810279668713	congruent	NrasQ61R	yes	gain
CTSB	0.815110437668068	0.000212634431909794	0.182512146816765	0.0134217205189947	congruent	NrasQ61R	no	-
CXCR4	0.978346779035383	0.00182324514401177	0.0719050632100717	0.599100301365292	AP-MS	NrasQ61R	no	-
CYBA	-1.0708578733023	0.000281642400391571	-1.50066093005604	1.81749278334781e-05	congruent	NrasQ61R	yes	loss
CYP27C1	1.47088675637128	0.000622026437378675	0.511294790008853	0.000746065038141752	congruent	NrasQ61R	yes	gain
CYP2S1	0.767969606822453	0.0104813116660003	0.081726834382195	0.310186668124649	AP-MS	NrasQ61R	no	-
CYTH3	0.908752092940979	0.00478397900311155	0.958624581496559	0.0459724353593256	congruent	NrasQ61R	no	-
DCLK1	0.269466936422384	0.0214284866357177	0.340560796320518	0.000442635336794136	congruent	NrasQ61R	no	-
DEPDC5	1.23184174908619	5.03679975704058e-05	0.750462889075037	0.00320220280949094	congruent	NrasQ61R	yes	gain
DEPTOR	0.724809737010826	0.00497234692964293	NA	NA	AP-MS	NrasQ61R	no	-
DHFR2	NA	NA	-1.51077886589004	0.00122291662673936	TbID	NrasQ61R	yes	loss
DNAJC18	0.526200299845887	0.00438965141074347	-0.230761956907126	0.0124079202839703	opposite	NrasQ61R	no	-
DNAJC30	-0.251934127393528	0.0575152033621061	-0.864572264336492	2.78977913106382e-05	TbID	NrasQ61R	no	-
DOCK1	0.646716243260961	0.000545821337346208	0.86187069129645	7.5004894230343e-05	congruent	NrasQ61R	no	-
DPYSL4	0.876028986109106	0.000380285771613872	1.18686468800247	7.66078244101808e-06	congruent	NrasQ61R	yes	gain
DPYSL5	0.700391970552406	0.000693675083734409	0.785141366495048	1.99375043352226e-05	congruent	NrasQ61R	no	-
DSCAM	-1.37493625753738	0.00435864972877812	NA	NA	AP-MS	NrasQ61R	yes	loss
DUSP9	1.3823840933044	0.00160400511242041	0.437947425219588	0.000946707891883676	congruent	NrasQ61R	yes	gain
DZIP3	-0.441220509856486	0.573249454100388	-0.297819963546694	0.0219867750279923	TbID	NrasQ61R	no	-
EAPP	0.758891580797609	0.0436150198070027	0.970371820514519	0.000344614861918783	congruent	NrasQ61R	no	-
ECPAS	0.170924646180011	0.0876636420018325	0.65259035791095	0.00010232351811686	TbID	NrasQ61R	no	-
EEIG2	NA	NA	2.00607197174192	1.15400738224403e-05	TbID	NrasQ61R	yes	gain
EGFLAM	0.58262236094789	0.00114684117263019	0.430893997287075	0.00509867933958927	congruent	NrasQ61R	no	-
EIF4E3	0.364248461166621	0.191815680296138	NA	NA	AP-MS	NrasQ61R	no	-
EIF4ENIF1	0.93904284801769	0.000101638163451193	0.632343073107016	4.36486325001988e-05	congruent	NrasQ61R	no	-
ELFN1	1.60742152448762	0.000344990245725831	2.04947772734855	1.11317541256637e-05	congruent	NrasQ61R	yes	gain
EMILIN2	-0.252860033654882	0.448737973063839	1.64973188107097	9.80672119304676e-06	TbID	NrasQ61R	yes	gain
EMX1	0.878041312526944	0.00158797773648378	NA	NA	AP-MS	NrasQ61R	no	-
F5	1.57611187259942	0.000394212917776534	NA	NA	AP-MS	NrasQ61R	yes	gain
FADS2	-0.0664836310701391	0.517360737131239	-0.562583526519785	5.39533501911305e-05	TbID	NrasQ61R	no	-
FAM210B	0.468041920370227	0.0512509112596225	NA	NA	AP-MS	NrasQ61R	no	-
FAR2	-0.564147377909564	0.00099584774878884	-0.937399853287737	2.66162932736746e-05	congruent	NrasQ61R	no	-
FBH1	-0.0961135612407898	0.467948451659241	-0.225745927301909	0.033648039989958	TbID	NrasQ61R	no	-
FBN2	-0.13470075039256	0.147428887296837	1.55071006117256	7.6989815342122e-05	TbID	NrasQ61R	yes	gain
FIS1	1.10435208630721	0.00313489415346462	NA	NA	AP-MS	NrasQ61R	yes	gain
FMNL2	0.667813622522388	0.000753619496034085	-0.169020949400004	0.0491673745260178	opposite	NrasQ61R	no	-
FMNL3	0.632029665949256	0.000510491950214625	0.114709868863071	0.122290544972485	AP-MS	NrasQ61R	no	-
FNDC10	0.926038168180446	0.004232575691002	0.829286506633271	0.0239163424271535	congruent	NrasQ61R	no	-
FOXE1	0.604775466285048	0.0177825128307936	NA	NA	AP-MS	NrasQ61R	no	-
FRMD4A	0.243223190003939	0.021611002904735	0.0791054222054343	0.336109368426317	AP-MS	NrasQ61R	no	-
FSCN1	1.01126528010384	0.000963441118182018	0.444531120731761	0.00019807066325932	congruent	NrasQ61R	yes	gain
GAMT	0.797014236902353	0.00360004334777693	1.61315701345616	5.37887897614822e-05	congruent	NrasQ61R	yes	gain
GAS1	NA	NA	0.93503841996439	2.33533497993163e-05	TbID	NrasQ61R	no	-
GDAP1L1	0.969562977692021	0.0106492232318952	2.01475418759244	5.10792643716244e-05	congruent	NrasQ61R	yes	gain
GDF15	0.528803807517151	0.0346400486610589	1.46683203055495	5.39533501911305e-05	congruent	NrasQ61R	yes	gain
GIGYF1	0.744955327174662	0.000353316579950185	0.916787967190692	1.28820235935557e-05	congruent	NrasQ61R	no	-
GIT1	0.137488047078209	0.107155593348469	1.08940366046644	3.08707835068198e-05	TbID	NrasQ61R	yes	gain
GIT2	-0.0718375001173954	0.415081699663473	0.629801939821842	0.000159218514859613	TbID	NrasQ61R	no	-
GNAO1	2.00999489195817	0.000226744424409421	0.390304411899913	0.00716313176293075	congruent	NrasQ61R	yes	gain
GNAZ	1.12855049854539	0.011020783913622	-0.0996831770489405	0.539091712934976	AP-MS	NrasQ61R	yes	gain
GNG4	1.15641880156773	0.00211979486436416	0.472067710587932	0.0219389016635738	congruent	NrasQ61R	yes	gain
GPC1	0.965937715167319	0.00020537458492217	0.825348205279223	3.33836694483752e-05	congruent	NrasQ61R	no	-
GPC6	1.6628401504556	5.68046665748679e-05	1.42568185904614	1.15400738224403e-05	congruent	NrasQ61R	yes	gain
GPRIN1	0.728456647119872	0.0079673304549161	1.31644855758035	9.80672119304676e-06	congruent	NrasQ61R	yes	gain
HAPLN3	0.00831942979837073	0.94859665522498	2.16714294121276	5.07357073041261e-06	TbID	NrasQ61R	yes	gain
HCN4	1.2183301701915	0.000104352135303561	NA	NA	AP-MS	NrasQ61R	yes	gain
HDAC5	0.692557945740049	0.000847900738239712	1.00965053037381	2.3153705745479e-05	congruent	NrasQ61R	yes	gain
HDAC6	0.670842124848162	0.000327253136343118	0.358648149748896	0.00187491849688559	congruent	NrasQ61R	no	-
HMGCL	1.02273173685304	8.34872677103261e-05	0.924906890727069	4.08723443033105e-05	congruent	NrasQ61R	yes	gain
HMGCS2	-0.535977915715666	0.104939047063047	0.320270033826612	0.0471045500339192	TbID	NrasQ61R	no	-
HOMEZ	0.897797654151893	0.116220665465794	1.15961681034086	0.000122533719777397	TbID	NrasQ61R	yes	gain
HRAS	1.1959339046645	0.120198468732114	-0.29759377476075	0.251449185894662	nsig	NrasQ61R	no	-
HTRA1	NA	NA	0.975604681333946	0.000977412553219862	TbID	NrasQ61R	no	-
ID3	0.242972052582356	0.22547295334434	0.894346603778359	0.0189390375880754	TbID	NrasQ61R	no	-
IDI1	0.198435292919333	0.196795028543871	0.0613947234621895	0.334985307618316	nsig	NrasQ61R	no	-
INSM1	0.820219718095697	0.00284676522813104	0.350163179027685	0.056760715205578	AP-MS	NrasQ61R	no	-
IPO9	1.29582406360371	0.000347803864435942	0.186606999962184	0.141949187097309	AP-MS	NrasQ61R	yes	gain
IRS2	1.69592819928938	1.02059317238697e-05	1.5696788491184	6.96228608239029e-06	congruent	NrasQ61R	yes	gain
ITIH2	0.583071630417877	0.0688970903408884	1.65922437446976	4.93166294692825e-05	TbID	NrasQ61R	yes	gain
JUND	0.913397140882314	0.000681428066437625	1.67460684714313	2.19752386724971e-05	congruent	NrasQ61R	yes	gain
KCNA5	1.7479475422503	0.000670898685774964	NA	NA	AP-MS	NrasQ61R	yes	gain
KCNQ2	NA	NA	1.21799598884327	0.0684949159626291	TbID	NrasQ61R	no	-
KCTD10	0.522525054719307	0.00257343931419594	-1.02642199379999	0.000486198303631505	opposite	NrasQ61R	yes	opposite
KIFC1	0.739883052370887	0.00034112876152692	0.995747978984455	9.7216399591262e-06	congruent	NrasQ61R	no	-
KRAS	-0.0358076134510832	0.914647988032479	1.16658553226774	0.0545041130156837	nsig	NrasQ61R	no	-
KRIT1	1.18080427134089	0.000190624811257578	0.542995428326567	6.9098828388703e-05	congruent	NrasQ61R	yes	gain
LACTB	-0.182235049139676	0.510292330323691	-0.247713199262398	0.221622094550038	nsig	NrasQ61R	no	-
LAMA1	0.00143796533972012	0.995603026862007	0.878930137396902	0.000921753523679033	TbID	NrasQ61R	no	-
LHX4	0.140839021836354	0.532317165183229	NA	NA	AP-MS	NrasQ61R	no	-
LHX5	1.88398532850407	0.000112717841731437	NA	NA	AP-MS	NrasQ61R	yes	gain
LIPT2	1.18438024087377	0.0010358783585156	NA	NA	AP-MS	NrasQ61R	yes	gain
LLGL1	0.372128527921195	0.00969907294990478	1.09345606103022	1.92269641894184e-05	congruent	NrasQ61R	yes	gain
LMO1	0.981388419131767	0.0101279333774588	NA	NA	AP-MS	NrasQ61R	no	-
LOXL4	NA	NA	1.13205330488129	0.00109111070290003	TbID	NrasQ61R	yes	gain
LSAMP	NA	NA	-0.0332913409101867	0.837633796361579	TbID	NrasQ61R	no	-
LTBP4	1.22623941251331	5.25135932861109e-05	0.692346013639448	0.00037403127499524	congruent	NrasQ61R	yes	gain
LZTR1	-2.55664268880822	0.000168693999895332	-1.06281926513531	5.36620446651949e-05	congruent	NrasQ61R	yes	loss
MAT2A	-0.809743156020528	0.000115550751318671	-0.82715274973344	8.5443936749295e-05	congruent	NrasQ61R	no	-
MATK	0.559156566034367	0.000915569206513006	0.0669691844243219	0.441528889728345	AP-MS	NrasQ61R	no	-
MBD5	0.570086097743949	0.00362236348573671	NA	NA	AP-MS	NrasQ61R	no	-
MDK	1.04789238744232	0.0038695881531673	1.02407720138413	3.28136396085764e-05	congruent	NrasQ61R	yes	gain
MFAP2	0.936259047377315	0.00869193751490404	3.29046949346496	1.72942779498777e-05	congruent	NrasQ61R	yes	gain
MFSD13A	NA	NA	1.02571587398439	0.000243330728561152	TbID	NrasQ61R	yes	gain
MGMT	0.871393936111114	0.00282107555127228	0.687962506131665	7.18343976596609e-05	congruent	NrasQ61R	no	-
MGST3	1.26210892804316	0.000359824137973602	-0.156959598531098	0.208823805187057	AP-MS	NrasQ61R	yes	gain
MITD1	0.350271024473664	0.0645074879263722	0.3157619012125	0.140043042776346	nsig	NrasQ61R	no	-
MMAA	0.738182498131804	0.0115322235902762	0.370001423706134	0.0266118412683025	congruent	NrasQ61R	no	-
MN1	0.922594670757797	0.00295726395521895	NA	NA	AP-MS	NrasQ61R	no	-
MSANTD7	NA	NA	0.542272582040563	0.000539684276922315	TbID	NrasQ61R	no	-
MSH3	0.730112986198853	0.00227883794792762	0.881179620915361	1.72176632549726e-05	congruent	NrasQ61R	no	-
MSRB2	0.684609204617587	0.00265733587213399	-0.332916488136589	0.0288438710794035	opposite	NrasQ61R	no	-
MTFR1L	0.977185279891172	0.000281173573397663	0.372247174681885	0.003444307533753	congruent	NrasQ61R	no	-
MYO19	0.764021864075084	0.000455404090648268	0.369445675744357	0.000587245102359755	congruent	NrasQ61R	no	-
N4BP2L1	NA	NA	1.37883887574739	0.000218113923617044	TbID	NrasQ61R	yes	gain
NDRG2	NA	NA	1.07162906193663	0.00501255801067058	TbID	NrasQ61R	yes	gain
NEMP1	1.08678842010441	0.000230362989029812	0.482793627057549	0.00062862358664143	congruent	NrasQ61R	yes	gain
NKAPL	-0.420736541015502	0.0439268026326222	NA	NA	AP-MS	NrasQ61R	no	-
NOTCH3	1.77267374303061	2.20811376402664e-05	0.59676919158112	0.100827739073369	AP-MS	NrasQ61R	yes	gain
NRAS	0.298527388715583	0.108536689989341	0.248635816367869	0.015393454792493	TbID	NrasQ61R	no	-
NTS	NA	NA	-2.18625875732374	3.37372608786891e-05	TbID	NrasQ61R	yes	loss
NUCKS1	0.348908198845116	0.64980058725314	1.271192278354	4.16934922038309e-05	TbID	NrasQ61R	yes	gain
NUDT8	0.77730164491298	0.00088249851637098	0.376212087336293	0.0107989931464968	congruent	NrasQ61R	no	-
ORMDL2	NA	NA	-0.558295058592411	0.00511902257701997	TbID	NrasQ61R	no	-
OS9	0.451322304281789	0.00280950857581212	-1.27791555466984	0.00181859330715462	opposite	NrasQ61R	yes	opposite
PAPLN	0.771176486015859	0.000140136059527624	NA	NA	AP-MS	NrasQ61R	no	-
PARD3B	1.26846008577396	0.000389751241504316	0.641255160991898	0.00166763928935622	congruent	NrasQ61R	yes	gain
PARP16	1.21319534304678	0.000178971382191872	0.372761138974546	0.00500725370385972	congruent	NrasQ61R	yes	gain
PATZ1	0.714308912824532	0.00924928562373735	0.466829327027401	0.0154888113524788	congruent	NrasQ61R	no	-
PCLAF	-0.252770601248981	0.63045440325486	-0.151451954387536	0.0854234255759511	nsig	NrasQ61R	no	-
PDCD4	1.15573931522973	0.000148727036535832	0.897565526996445	3.28136396085764e-05	congruent	NrasQ61R	yes	gain
PDGFD	-0.372817922892897	0.491138577873789	-0.275000795634559	0.219311365270868	nsig	NrasQ61R	no	-
PFKP	-0.28854544512168	0.0188071709006172	-0.390959258582869	0.00816370766104008	congruent	NrasQ61R	no	-
PHYH	-0.016464076123201	0.946603106995626	NA	NA	AP-MS	NrasQ61R	no	-
PIK3CA	2.46793456648056	7.34207945370399e-06	4.04378398710705	4.03979259467391e-07	congruent	NrasQ61R	yes	gain
PIK3CD	3.25413639560789	0.000407650825331571	2.73333807414144	9.80672119304676e-06	congruent	NrasQ61R	yes	gain
PIK3R1	1.26322772155984	5.68046665748679e-05	2.55283571654783	1.41030173317236e-06	congruent	NrasQ61R	yes	gain
PIK3R2	1.20633036874082	6.57979986409377e-05	2.42483275107311	5.07357073041261e-06	congruent	NrasQ61R	yes	gain
PIK3R3	0.601474174466601	0.00753260117580853	0.641021633653055	0.000452846577061363	congruent	NrasQ61R	no	-
PLCE1	1.10232752484161	0.00131206240736859	1.23565163949936	9.15785025084495e-05	congruent	NrasQ61R	yes	gain
POMP	1.07288187773682	0.000230618250521525	0.377611538945867	0.00418764415071854	congruent	NrasQ61R	yes	gain
PPP1CA	1.83365075902409	1.97438604205248e-05	0.496198086837051	0.000520632712607953	congruent	NrasQ61R	yes	gain
PPP1CB	2.01901555395273	5.66421939561558e-05	0.65083178105583	7.09944113312475e-05	congruent	NrasQ61R	yes	gain
PPP1CC	2.1932766627247	8.11316836766409e-05	0.65635954481805	3.53993606977877e-05	congruent	NrasQ61R	yes	gain
PPP1R3E	1.04976431816048	0.000889275814959117	0.766222742046421	0.00637974272937693	congruent	NrasQ61R	yes	gain
PRDX5	1.14989838580969	8.34872677103261e-05	0.741339413398478	4.03738480115885e-05	congruent	NrasQ61R	yes	gain
PREX2	0.326824795403912	0.440363885598458	0.314552801517431	0.0476689808222562	TbID	NrasQ61R	no	-
PRKAG2	1.10100704005398	0.000261197793048788	1.63945637506032	5.07357073041261e-06	congruent	NrasQ61R	yes	gain
PRR35	0.691409828525729	0.0217249438818254	NA	NA	AP-MS	NrasQ61R	no	-
PSMB5	1.40073751191564	3.79513382244753e-05	1.00428851911242	2.3153705745479e-05	congruent	NrasQ61R	yes	gain
PTMS	NA	NA	1.89811788971592	0.000132167320155202	TbID	NrasQ61R	yes	gain
PTPRZ1	0.487486972669292	0.107278259826621	0.539171757588619	0.0079132819198561	TbID	NrasQ61R	no	-
PTX3	0.373741259687787	0.28337365415996	2.10179803423174	5.58210089652184e-05	TbID	NrasQ61R	yes	gain
PYGO1	0.5324554167375	0.015370204295945	NA	NA	AP-MS	NrasQ61R	no	-
RAB32	-0.496529081374645	0.106913656207021	-0.352596703907825	0.00482036965090208	TbID	NrasQ61R	no	-
RAC2	1.92788658048084	0.000102865736514951	1.42884385562284	3.39286642200015e-05	congruent	NrasQ61R	yes	gain
RAC3	0.987320471648641	0.000380692862264816	0.515357135326731	0.00095550653733857	congruent	NrasQ61R	no	-
RADIL	3.78751813714512	4.46449249628968e-05	0.762025675121579	0.000133033598787562	congruent	NrasQ61R	yes	gain
RAF1	2.72321461142151	1.70535495265442e-05	1.74807324477852	1.18225091061908e-05	congruent	NrasQ61R	yes	gain
RALGDS	1.3245042985514	6.82984711387442e-05	2.09766808311693	0.000303759311221209	congruent	NrasQ61R	yes	gain
RAP1GDS1	0.216867488188761	0.0583431484541955	-0.353990499424805	0.0017461656425896	TbID	NrasQ61R	no	-
RAPGEF2	0.509708781533208	0.00073539724010605	1.38347198341383	7.41990163024514e-06	congruent	NrasQ61R	yes	gain
RAPGEF6	0.593840175473491	0.0011432099769465	1.50503811205024	1.05683078444835e-05	congruent	NrasQ61R	yes	gain
RASA1	0.140898159416033	0.246523767580539	3.42243988929741	3.68789904012472e-07	TbID	NrasQ61R	yes	gain
RASA3	0.894104506111329	0.00238547981066163	1.22570839334155	6.1540887713047e-06	congruent	NrasQ61R	yes	gain
RASGRP2	NA	NA	1.51619852222856	0.00012064468478028	TbID	NrasQ61R	yes	gain
RASSF5	2.82786277832489	4.46449249628968e-05	1.33546256819893	4.88741488926176e-05	congruent	NrasQ61R	yes	gain
RB1	0.639319959290914	0.000847523629592225	0.75469530727307	2.66162932736746e-05	congruent	NrasQ61R	no	-
RGL1	2.82004362518447	0.000213445179155528	0.660341797877919	0.00762340940326439	congruent	NrasQ61R	yes	gain
RGL2	3.80243709593072	1.02059317238697e-05	2.1798471680402	1.72942779498777e-05	congruent	NrasQ61R	yes	gain
RNF41	-0.0111668472705356	0.93926338122988	-0.47992632946889	0.00707700710170309	TbID	NrasQ61R	no	-
RP9	0.114491439251591	0.504235817280841	1.11782565370684	1.32947522893142e-05	TbID	NrasQ61R	yes	gain
RPA1	-0.229194206410963	0.0227199255173646	-0.0849125942884983	0.399930864004436	AP-MS	NrasQ61R	no	-
RPA2	-0.0443912472852064	0.666001286219399	-0.0986552111765129	0.391900643329507	nsig	NrasQ61R	no	-
RPA3	-0.0214672860447718	0.830197422885825	-0.124628521196869	0.0771399716813441	nsig	NrasQ61R	no	-
RPP25	NA	NA	1.06223869441216	0.000511913816034148	TbID	NrasQ61R	yes	gain
RPUSD3	0.69012525612286	0.00104254965765197	0.24555144144995	0.011121401034433	congruent	NrasQ61R	no	-
SCARF2	1.49530070068028	0.000263751896189607	0.673471775932653	0.0075867874760444	congruent	NrasQ61R	yes	gain
SCML1	-1.03181508398312	0.000323212061876578	-0.931342204642043	0.0001286814956454	congruent	NrasQ61R	yes	loss
SCRIB	1.78582099550681	1.02059317238697e-05	2.39785700371068	3.42836053196412e-06	congruent	NrasQ61R	yes	gain
SELENOS	-1.31379519210737	4.46449249628968e-05	-1.20656246079506	8.58080763181908e-05	congruent	NrasQ61R	yes	loss
SEPHS1	-0.0103937030290053	0.922284120716589	1.04646375448729	7.18343976596609e-05	TbID	NrasQ61R	yes	gain
SERF2	-0.17173069701076	0.26076896776446	-0.037747001110881	0.68415941572261	nsig	NrasQ61R	no	-
SESN3	-0.00834355083153225	0.94608503630565	-0.267890117699695	0.00357736599555777	TbID	NrasQ61R	no	-
SETD5	0.733665169067424	0.000226895605886587	0.942680526331427	2.3153705745479e-05	congruent	NrasQ61R	no	-
SFRP5	NA	NA	2.49118996864392	1.96331485401044e-05	TbID	NrasQ61R	yes	gain
SFXN3	1.10249559571477	9.34644379022925e-05	0.267636472755874	0.0117098190785014	congruent	NrasQ61R	yes	gain
SGK1	NA	NA	0.729758873201126	0.372982078678537	TbID	NrasQ61R	no	-
SHANK2	NA	NA	1.46950410328689	5.36620446651949e-05	TbID	NrasQ61R	yes	gain
SHOC2	4.44513091680993	5.01224634531045e-05	3.07707156572698	3.42836053196412e-06	congruent	NrasQ61R	yes	gain
SIVA1	0.657476797477755	0.000961095159879154	0.523496019520034	0.00748124938499884	congruent	NrasQ61R	no	-
SLC22A18	1.31813618788103	0.00157678898852894	0.243169584897834	0.0840376630843446	AP-MS	NrasQ61R	yes	gain
SLC25A1	1.05863183688797	9.15351187663773e-05	0.360679174695709	0.0134966044548392	congruent	NrasQ61R	yes	gain
SLC25A21	1.36954997207179	4.13972138236743e-05	0.437579405819147	0.00143662325352653	congruent	NrasQ61R	yes	gain
SLC25A40	1.26069882842052	0.000146375265036486	0.542890069072326	0.00143621240756014	congruent	NrasQ61R	yes	gain
SLC25A42	1.02766560921062	0.00152786995335135	0.214876366736598	0.0190420170316107	congruent	NrasQ61R	yes	gain
SLC27A6	1.10727052789671	0.000157541887536723	0.427796377148419	0.00017966232016604	congruent	NrasQ61R	yes	gain
SLC38A10	0.787574017225279	0.000128211782357453	0.312497753483021	0.00678567391220296	congruent	NrasQ61R	no	-
SLC43A1	1.06418624409677	0.0168806287346983	0.4430240672789	0.00946721579699293	congruent	NrasQ61R	yes	gain
SLC6A15	1.77627556370944	0.000288524844919767	0.507051230402065	0.000852923630853777	congruent	NrasQ61R	yes	gain
SMIM26	-0.255348751812484	0.24645693107078	-0.816550570506866	7.1967053091875e-05	TbID	NrasQ61R	no	-
SMOC1	1.82192598959473	0.00262384269634562	0.749784023371472	7.59249532003643e-05	congruent	NrasQ61R	yes	gain
SNCB	NA	NA	1.25283616194286	3.14396491937393e-05	TbID	NrasQ61R	yes	gain
SOD1	-2.21106266885507	4.31389515514873e-05	-0.737462488282036	4.95303096777407e-05	congruent	NrasQ61R	yes	loss
SQOR	-0.0659379231813396	0.610878653713329	-0.246835324371685	0.00987826143650968	TbID	NrasQ61R	no	-
SS18L1	0.955723414200332	0.0038394057252326	-0.0844238816241139	0.694264999193903	AP-MS	NrasQ61R	no	-
SSBP2	0.924924146754831	0.000389184183764735	NA	NA	AP-MS	NrasQ61R	no	-
SSBP4	0.580221776214945	0.00270112561848075	NA	NA	AP-MS	NrasQ61R	no	-
SULT1C4	NA	NA	2.07113882827411	7.6989815342122e-05	TbID	NrasQ61R	yes	gain
SUSD5	0.526637973290671	0.0466451813946395	0.201416117880636	0.32535129761756	AP-MS	NrasQ61R	no	-
SYT6	NA	NA	2.71839054351429	9.80672119304676e-06	TbID	NrasQ61R	yes	gain
TCEA2	0.979975736855656	0.00130918943422216	NA	NA	AP-MS	NrasQ61R	no	-
TELO2	-0.0891700360610868	0.536896212659699	-0.634807414666538	5.8679952461068e-05	TbID	NrasQ61R	no	-
TFPI2	0.315180004176596	0.202288195479289	-1.03391302310559	3.85343069358939e-05	TbID	NrasQ61R	yes	loss
THSD4	1.55062448535966	0.000177453867007121	0.961000721790877	9.7164958681956e-05	congruent	NrasQ61R	yes	gain
TIMM9	0.863839040189439	0.00452423754271016	NA	NA	AP-MS	NrasQ61R	no	-
TMEFF1	NA	NA	0.986104973293848	0.000237127636662867	TbID	NrasQ61R	no	-
TMEM120B	0.717675255745569	0.00159392179654409	0.243376748362511	0.0110099544400929	congruent	NrasQ61R	no	-
TMEM94	0.567020696497618	0.0267143035093713	0.00496451601604072	0.989014962603822	AP-MS	NrasQ61R	no	-
TMT1A	1.53978042403896	0.000165233888449144	0.859074760969909	5.58440944099203e-05	congruent	NrasQ61R	yes	gain
TMTC4	1.48107847218951	0.000165233888449144	0.209551048727966	0.14072221818364	AP-MS	NrasQ61R	yes	gain
TNFAIP1	-0.0717513376667482	0.68939172249599	-0.902234876965566	0.00144181515916114	TbID	NrasQ61R	no	-
TNS1	0.413810678799329	0.00473016037635328	NA	NA	AP-MS	NrasQ61R	no	-
TPRA1	-0.897734535572184	0.297878892943167	NA	NA	AP-MS	NrasQ61R	no	-
TRAF7	-2.08972179894889	1.02059317238697e-05	0.0451058195184674	0.618572036663633	AP-MS	NrasQ61R	yes	loss
TUT4	0.734708075459345	0.00073539724010605	0.794619152125038	2.3153705745479e-05	congruent	NrasQ61R	no	-
TWNK	-0.400413050615613	0.00286732924458099	-0.766679170328484	0.000845369135435957	congruent	NrasQ61R	no	-
TXNIP	1.59317171727561	0.000250238881244653	1.70773608392165	0.0132651745401114	congruent	NrasQ61R	yes	gain
UBAC2	1.3561593497324	9.68354887615941e-05	0.265856545093881	0.00878961317039957	congruent	NrasQ61R	yes	gain
UBL5	-0.333777415603433	0.204595575151409	-0.85777122619593	3.08707835068198e-05	TbID	NrasQ61R	no	-
USP43	0.515056490127506	0.00900180717667777	0.250575297895881	0.0136292166545066	congruent	NrasQ61R	no	-
VANGL2	NA	NA	0.954389616771511	0.000130231425901476	TbID	NrasQ61R	no	-
VCAN	0.749909668945215	0.00223856664572279	1.30175096158361	1.28820235935557e-05	congruent	NrasQ61R	yes	gain
VGF	0.193886021671528	0.474257265223399	1.07096118510966	0.000309485745795922	TbID	NrasQ61R	yes	gain
VKORC1L1	1.76577447812368	0.000222355258828695	0.0106249404033247	0.92507482970777	AP-MS	NrasQ61R	yes	gain
WNT11	0.987029101514081	0.00162066424321596	0.684134686065001	0.000593207297504511	congruent	NrasQ61R	no	-
YWHAB	1.71423229339364	2.63792461013767e-05	0.135880857654176	0.165592337123701	AP-MS	NrasQ61R	yes	gain
YWHAE	1.41339938680378	5.68046665748679e-05	-0.141106493155026	0.154930764953868	AP-MS	NrasQ61R	yes	gain
YWHAG	2.14897340561419	1.97438604205248e-05	0.350208463656091	0.0139483372837744	congruent	NrasQ61R	yes	gain
YWHAH	2.43127848279938	1.02059317238697e-05	0.542039450299625	0.000947076426500734	congruent	NrasQ61R	yes	gain
YWHAQ	1.14693729560157	2.73966981560995e-05	-0.0553411411455109	0.482613900574454	AP-MS	NrasQ61R	yes	gain
YWHAZ	1.81068860121313	1.02059317238697e-05	0.17801482418177	0.164910118565234	AP-MS	NrasQ61R	yes	gain
ZNF219	0.323756136209742	0.155225929985916	0.688463197565249	5.79110035269643e-05	TbID	NrasQ61R	no	-
ZNF93	NA	NA	0.863092524512537	0.000734440808915321	TbID	NrasQ61R	no	-
ZSWIM8	0.58702824205625	0.00222132647150005	0.362324257464885	0.00152585718789321	congruent	NrasQ61R	no	-
ABCB11	NA	NA	0.67053602214804	0.274776899023705	TbID	BrafV600E	no	-
ABHD13	NA	NA	0.478848723402222	0.0148625288652222	TbID	BrafV600E	no	-
ACAN	NA	NA	0.863446132617872	0.0183221768450183	TbID	BrafV600E	no	-
ACTL8	-0.0301200490310241	0.956491628030839	-0.28572390321221	0.0767100824318614	nsig	BrafV600E	no	-
ADPRHL1	-0.491715192026938	0.44182270416933	-1.2076469380615	0.002346977153275	TbID	BrafV600E	yes	loss
AEN	NA	NA	0.0259078843353191	0.834049548466795	TbID	BrafV600E	no	-
AGAP2	NA	NA	0.897422476058492	0.0296246005893015	TbID	BrafV600E	no	-
AIP	1.73089914750514	8.11283667624926e-05	0.964564674628572	0.00111974110135279	congruent	BrafV600E	yes	gain
ALG11	0.209671356768365	0.35617552846043	0.267792560934258	0.070323083404362	nsig	BrafV600E	no	-
ANGPT2	2.04147601452734	0.000805329900946139	2.05402782906355	0.000549818781282494	congruent	BrafV600E	yes	gain
ANKH	NA	NA	-0.0355373781559602	0.776872830309522	TbID	BrafV600E	no	-
ANKRD18A	NA	NA	0.523087114930065	0.0855969621039813	TbID	BrafV600E	no	-
AP3M1	-0.218308045832002	0.294820541662164	-0.377312409974146	0.0153608268367307	TbID	BrafV600E	no	-
APOBEC3B	NA	NA	1.88198931687359	0.000103476232427142	TbID	BrafV600E	yes	gain
ARAF	1.46820915590942	5.20926468682956e-05	0.439284736177395	0.00435078959832755	congruent	BrafV600E	yes	gain
ARAP3	1.07390837533464	0.000438612932115419	0.588753405447223	0.0037224662476779	congruent	BrafV600E	yes	gain
ARC	4.16150519647695	3.03604218928839e-05	4.59063512718242	6.49870991646846e-05	congruent	BrafV600E	yes	gain
AREG	NA	NA	1.47921495441605	0.0018584801107512	TbID	BrafV600E	yes	gain
ARF1	NA	NA	-0.309407766881684	0.17043600467855	TbID	BrafV600E	no	-
ARL5B	0.13259755567602	0.540615295152373	0.470238772220497	0.00543080386258343	TbID	BrafV600E	no	-
ARL6IP1	0.179130984734433	0.562842920306027	0.345142643764321	0.0240660684083741	TbID	BrafV600E	no	-
ARMC5	0.197559865247266	0.261627251323931	0.204387449263264	0.119609113924017	nsig	BrafV600E	no	-
ARMCX3	-0.128824554773345	0.687405273443252	0.292638114704061	0.0636602795187402	nsig	BrafV600E	no	-
ASB3	0.0688098667496306	0.785215125546319	0.321778057665017	0.0218894213571433	TbID	BrafV600E	no	-
ASB6	-0.309821901161316	0.0445108409646558	-0.179531157359874	0.126682181071953	AP-MS	BrafV600E	no	-
ASPHD1	0.229708259362343	0.741574367967426	1.36604603030608	0.0033216789220279	TbID	BrafV600E	yes	gain
ASPM	-0.0526020845179965	0.858192927431677	0.459132439658983	0.0678351307331601	nsig	BrafV600E	no	-
ATP9B	-0.818271680251408	0.0779000097554758	-0.0324766591471686	0.73684679863075	nsig	BrafV600E	no	-
BAIAP2	1.06495666836922	0.0123442418629037	0.803072412738248	0.00101341253411813	congruent	BrafV600E	yes	gain
BAMBI	-1.29925596944341	0.0529325136514878	-0.195968324145089	0.419568423342141	nsig	BrafV600E	no	-
BRAF	-0.0836631876733254	0.847849264807966	-0.287831455867926	0.0671928939015549	nsig	BrafV600E	no	-
BTBD1	-0.135163729500786	0.758464297269192	0.381631274866674	0.122705534869107	nsig	BrafV600E	no	-
BTBD6	NA	NA	0.393196562438195	0.154949186995363	TbID	BrafV600E	no	-
BTBD9	0.163687440624068	0.631061476358573	0.253414619800344	0.409973767586252	nsig	BrafV600E	no	-
C11orf42	1.66661705290966	0.0152013585042405	NA	NA	AP-MS	BrafV600E	yes	gain
C11orf52	NA	NA	0.463996227392798	0.055254572718194	TbID	BrafV600E	no	-
C11orf96	3.85020150173213	0.000198852198207848	3.89331096974832	0.000103476232427142	congruent	BrafV600E	yes	gain
C4A;C4B	NA	NA	-0.196433070555811	0.157875872304124	TbID	BrafV600E	no	-
CALCOCO2	-0.159799291020894	0.347924767610485	0.480188954908512	0.0872149411960041	nsig	BrafV600E	no	-
CARD6	1.4439779251202	8.11283667624926e-05	0.770040027515573	0.000891687547130193	congruent	BrafV600E	yes	gain
CCDC51	-0.784997661651853	0.0331015357301479	-0.105216771863065	0.594782603470306	AP-MS	BrafV600E	no	-
CCDC68	0.505337817819705	0.121189271574872	NA	NA	AP-MS	BrafV600E	no	-
CCN1	0.534074841083717	0.0970666868221034	0.637140556876079	0.00469387746694411	TbID	BrafV600E	no	-
CD44	1.48796552205456	0.00416226423295064	2.07249227414921	0.000827543959956591	congruent	BrafV600E	yes	gain
CDC123	-0.20471864843565	0.544052071319582	-0.313275805843373	0.0160276234077938	TbID	BrafV600E	no	-
CDC37	1.67407818473894	0.000198852198207848	0.799371406608412	0.00187857753714979	congruent	BrafV600E	yes	gain
CDC6	0.507518804327233	0.0330459602709986	0.709560898249914	0.00625207291247691	congruent	BrafV600E	no	-
CDK17	0.958185118110864	0.000564000793412369	0.753978957461412	0.00208391403380884	congruent	BrafV600E	no	-
CDKN1A	2.56496654031003	0.00319644298165203	1.77210134828301	0.000613959133185073	congruent	BrafV600E	yes	gain
CEMIP	1.31943364527753	0.0315154693564024	1.69158534117426	0.0148354429394141	congruent	BrafV600E	yes	gain
CENPI	-0.154989330314147	0.785074200750603	-0.242439866195025	0.0748483607097457	nsig	BrafV600E	no	-
CHAF1A	-0.0914518592438538	0.422262736643002	-0.401392870767122	0.0737439458786636	nsig	BrafV600E	no	-
CHAF1B	0.0506440720614092	0.747653936868942	-0.370455523035562	0.0940818583184084	nsig	BrafV600E	no	-
CHGA	NA	NA	0.604162495014279	0.0801384128092746	TbID	BrafV600E	no	-
CHGB	NA	NA	1.25010302609507	0.0349510806300843	TbID	BrafV600E	yes	gain
CLK1	0.327583457512045	0.504508604253324	0.810569549573467	0.0117441863700107	TbID	BrafV600E	no	-
CMTR2	0.590536451215676	0.00354014069008281	0.487334722510433	0.0166771500514196	congruent	BrafV600E	no	-
COLGALT1	-0.0496985598738666	0.755866933623134	0.0535331401661828	0.846864591053573	nsig	BrafV600E	no	-
CORO1A	0.0844677983643097	0.806038176146722	0.967282019360271	0.0196934094423088	TbID	BrafV600E	no	-
CORO2B	0.732834786803713	0.0259583158750311	0.984769591525073	0.000707196057767015	congruent	BrafV600E	no	-
CRACDL	1.31345540106782	0.0192124184177513	NA	NA	AP-MS	BrafV600E	yes	gain
CSPG4	1.48480903150959	0.00012983270570086	1.62220303304611	0.0063059538516894	congruent	BrafV600E	yes	gain
CSRP1	-4.06556889618021	0.000178731760297652	-3.94461479257136	7.29896221193157e-05	congruent	BrafV600E	yes	loss
DCAF15	0.268936626515838	0.263539518685916	0.398183440157428	0.011172318493529	TbID	BrafV600E	no	-
DCUN1D3	NA	NA	0.591632759187654	0.0399477781728776	TbID	BrafV600E	no	-
DELE1	1.43826771147956	0.00316597253403989	0.243220810856249	0.250863736997553	AP-MS	BrafV600E	yes	gain
DHCR24	0.0834964469806247	0.631278811618755	0.325098821396088	0.0120590209511085	TbID	BrafV600E	no	-
DHFR2	NA	NA	-0.580946212364995	0.0638045039163389	TbID	BrafV600E	no	-
DKK2	NA	NA	0.543394984799228	0.171577921985234	TbID	BrafV600E	no	-
DLGAP4	NA	NA	0.903236571665236	0.0120590209511085	TbID	BrafV600E	no	-
DNAJA1	0.189794129806064	0.215183402333507	0.231566416240439	0.0414466744692898	TbID	BrafV600E	no	-
DNAJC18	0.39701122434713	0.0327516530799626	0.453195453297585	0.00527183890933889	congruent	BrafV600E	no	-
DOCK9	0.339877168400388	0.0188618819579355	0.508368167616162	0.0170426942842484	congruent	BrafV600E	no	-
DOT1L	0.920180273866295	0.000867280929545387	-0.0842147854173701	0.717614984183208	AP-MS	BrafV600E	no	-
DPYSL4	0.830790159855247	0.0012695260901489	0.193121407365207	0.0650845101885434	AP-MS	BrafV600E	no	-
DRG2	0.0592624857798914	0.872389173605203	-0.242694090994715	0.0748429467158416	nsig	BrafV600E	no	-
DTWD2	-0.365960763539892	0.0594102661120032	-0.352402930895409	0.0513960693919619	nsig	BrafV600E	no	-
DUSP1	2.23607729128865	0.000740317418482888	2.56480853484181	0.000424064494670844	congruent	BrafV600E	yes	gain
DUSP11	0.230587079780764	0.536536481569726	0.376604989000975	0.0705663621074802	nsig	BrafV600E	no	-
DUSP5	2.13351687841489	0.000704945256319962	1.47068196779309	0.00776532150079612	congruent	BrafV600E	yes	gain
EDIL3	-0.945509413363165	0.065716828813955	-0.458870278475817	0.0124311163220058	TbID	BrafV600E	no	-
EEF1B2	-0.268520875331811	0.0897314874326597	-0.60988927626271	0.0238824806144411	TbID	BrafV600E	no	-
EEF1D	0.00888552852519138	0.961484380947985	-0.413426431149609	0.126782011131785	nsig	BrafV600E	no	-
EEF1G	-0.164374421691503	0.279023838182656	-0.40442206732241	0.0809994004471094	nsig	BrafV600E	no	-
EEF2KMT	-1.14688915696639	0.0508969669435346	NA	NA	AP-MS	BrafV600E	no	-
EGFLAM	-0.187584190653169	0.308237036455479	-0.0537187389871415	0.800388565073751	nsig	BrafV600E	no	-
EGR1	3.49159442796032	0.000138923750462392	2.82429598082313	0.00348706898074942	congruent	BrafV600E	yes	gain
EID2	-0.0619139378697787	0.895939954776278	0.028416215266924	0.890394700380788	nsig	BrafV600E	no	-
ELFN1	0.775866394826867	0.0897035017838848	1.13895803615194	0.0018584801107512	TbID	BrafV600E	yes	gain
ELFN2	0.333916046811448	0.566925579195845	1.00066505745968	0.00338004263716288	TbID	BrafV600E	yes	gain
EMILIN2	-0.076193515142499	0.931941147130018	-0.211249504904037	0.0571463149770144	nsig	BrafV600E	no	-
ENC1	0.652532637805572	0.00794684995930242	0.505453966443783	0.00443413137538599	congruent	BrafV600E	no	-
EPHA2	1.2989154914517	0.000984384606896379	0.943929181016826	0.00292885264652796	congruent	BrafV600E	yes	gain
EPHX4	0.511930551844602	0.0239839021598858	0.645112533987849	0.00528780723373578	congruent	BrafV600E	no	-
ERRFI1	-0.0372508236768843	0.940604847568025	0.694764437129729	0.00244700534751618	TbID	BrafV600E	no	-
ESRRG	NA	NA	-0.570745309036905	0.0517180618435297	TbID	BrafV600E	no	-
ETS2	0.754715623238043	0.0572837213009391	2.08999523508549	0.00130605046675125	TbID	BrafV600E	yes	gain
ETV4	1.79538237793423	0.00372401245817022	NA	NA	AP-MS	BrafV600E	yes	gain
EYA2	-0.525283208271478	0.774198832507516	-0.162862448170145	0.212894266916962	nsig	BrafV600E	no	-
F2RL1	0.675927566172062	0.0513106109019742	0.956041977156981	0.00138897963955327	TbID	BrafV600E	no	-
FAAH2	0.406754673770708	0.31008468379013	0.577393218321228	0.0102363395345943	TbID	BrafV600E	no	-
FADS2	-0.69268891380015	0.00193745521268576	-0.255333945217184	0.0760169246802725	AP-MS	BrafV600E	no	-
FADS3	-0.415618597003948	0.482673472758395	1.5529952635134	0.00068817851696327	TbID	BrafV600E	yes	gain
FAM111B	0.713645460714324	0.0113136395802352	0.565520938621224	0.0118708728014472	congruent	BrafV600E	no	-
FAM43A	0.967356462539658	0.0323580384781356	NA	NA	AP-MS	BrafV600E	no	-
FAR2	0.647824677031552	0.00395542551454637	0.644895409154412	0.0020496745573966	congruent	BrafV600E	no	-
FBH1	0.257189477349486	0.212726941258661	-0.0494646198647663	0.790139837752372	nsig	BrafV600E	no	-
FBXL3	0.5182512537214	0.101670934859052	0.248171876943139	0.0552120237379395	nsig	BrafV600E	no	-
FBXL6	0.229063279329731	0.789927085481198	0.477614074885313	0.014261887332442	TbID	BrafV600E	no	-
FBXO11	NA	NA	0.368093279931556	0.372296052262549	TbID	BrafV600E	no	-
FBXO3	0.844717716260534	0.000448894576046982	0.56383444964584	0.00261838339337903	congruent	BrafV600E	no	-
FBXO8	0.153181893483751	0.721942721207426	0.0440886695018686	0.741596962288338	nsig	BrafV600E	no	-
FEM1C	0.427603380350282	0.537826996362457	NA	NA	AP-MS	BrafV600E	no	-
FKBP4	0.871698185441874	0.00134936919932089	-0.301699271881209	0.0207319087739482	opposite	BrafV600E	no	-
FKBP5	2.5900814384015	1.67599340824975e-05	0.58141052949013	0.00130501703277782	congruent	BrafV600E	yes	gain
FOS	0.484971108026367	0.207831799527667	1.97316717667349	0.000974719045648146	TbID	BrafV600E	yes	gain
FOSB	1.46576938255187	0.00448993313237978	3.63227086471059	0.0002911776633919	congruent	BrafV600E	yes	gain
FOSL1	2.0262581930502	0.000947188596821694	2.10073427486935	0.000459003858381175	congruent	BrafV600E	yes	gain
FOXC2	2.40611766357498	0.00182410146862941	2.36635286319368	0.00109164672977768	congruent	BrafV600E	yes	gain
FOXRED2	-0.161692192542908	0.24305415232972	-0.218412017083113	0.126614470834895	nsig	BrafV600E	no	-
FRMD4A	0.332409017778699	0.117795075166106	0.0921118308592626	0.622983280860086	nsig	BrafV600E	no	-
FSCN1	0.749954121865305	0.0362980252333454	0.604196495417753	0.00130501703277782	congruent	BrafV600E	no	-
FTSJ1	2.34016048870617	3.17083064408218e-05	0.09516459560632	0.326460621089976	AP-MS	BrafV600E	yes	gain
GABBR2	0.2087188411786	0.681442365496781	0.844491298201436	0.0391953601234831	TbID	BrafV600E	no	-
GABRB3	-0.332191223385006	0.317054409866244	-0.262446381656064	0.253698565648874	nsig	BrafV600E	no	-
GADD45B	1.65594451844726	0.00488672469123674	1.91904824708408	0.00102422403900179	congruent	BrafV600E	yes	gain
GATD1	-0.44301581416654	0.0467903949029451	-0.363761193560489	0.0182880245996705	congruent	BrafV600E	no	-
GBE1	0.198962699895124	0.699443761975432	0.53949395448857	0.00482622864353819	TbID	BrafV600E	no	-
GDF15	1.31283663768331	0.00357560094025561	2.94072250667935	6.54951456662378e-06	congruent	BrafV600E	yes	gain
GFRA2	NA	NA	0.852270952153172	0.00698947151739897	TbID	BrafV600E	no	-
GNL1	0.216979532042734	0.84549018137199	0.693326182427751	0.00238393007448166	TbID	BrafV600E	no	-
GNL3L	0.102457697060318	0.687161306769805	0.507667776107303	0.00955006745631701	TbID	BrafV600E	no	-
GPAM	0.00546869412656622	0.980680749280307	-0.0274771536099257	0.773122141993792	nsig	BrafV600E	no	-
GPC1	2.22986045580502	8.96678518921754e-06	2.75561298542556	1.86557047856677e-05	congruent	BrafV600E	yes	gain
GPC6	-1.00964771892609	0.002757071327163	-0.871195992318699	0.00138308220074274	congruent	BrafV600E	yes	loss
GPRC5C	0.721976851563793	0.084115426688595	1.07289739726705	0.0002911776633919	TbID	BrafV600E	yes	gain
GUCD1	0.216428883198316	0.668706496880223	0.294208585799626	0.0258184786452796	TbID	BrafV600E	no	-
HCN4	0.640399890530544	0.0118395731225219	NA	NA	AP-MS	BrafV600E	no	-
HECTD2	-0.529870447275119	0.155838306621003	-0.205486645366773	0.386862379485263	nsig	BrafV600E	no	-
HIVEP3	0.777559483658842	0.0082124926526964	NA	NA	AP-MS	BrafV600E	no	-
HMGCS2	1.73652775455604	0.00156550132676312	0.476164528834041	0.0932240468147327	AP-MS	BrafV600E	yes	gain
HOMER1	0.733984654457486	0.00200728427616957	0.866838596276607	0.000720659358007272	congruent	BrafV600E	no	-
HPF1	-0.427639688177278	0.248813389124481	-0.45272762019324	0.00361462234629482	TbID	BrafV600E	no	-
HRAS	0.141853298216592	0.896674749676518	-0.713880751394831	0.00601742354739492	TbID	BrafV600E	no	-
HSP90AA1	1.40336098185102	0.000228815181764406	1.04533675223552	0.00188088720020867	congruent	BrafV600E	yes	gain
HSP90AA2P	-2.09592749358847	0.451328509438341	NA	NA	AP-MS	BrafV600E	no	-
HSP90AA4P	1.65936740872436	0.0323580384781356	1.224182297195	0.000805873177528693	congruent	BrafV600E	yes	gain
HSP90AA5P	1.54723371572696	0.00701057017972137	0.332026841875929	0.124821385785948	AP-MS	BrafV600E	yes	gain
HSP90AB1	1.52265009200316	0.000245949863991397	1.05122745711342	0.00198041171225269	congruent	BrafV600E	yes	gain
HSP90AB2P	0.857458324427536	0.118360196625883	NA	NA	AP-MS	BrafV600E	no	-
HSP90AB3P	1.37246890657854	0.00963294931789306	NA	NA	AP-MS	BrafV600E	yes	gain
HSP90AB4P	1.55871950233426	0.00860971354656007	NA	NA	AP-MS	BrafV600E	yes	gain
HSPA4L	-0.140077210724606	0.364194792156684	-0.34291748377135	0.0369445606016306	TbID	BrafV600E	no	-
HSPA5	-0.420920042235177	0.0411244258860804	-0.342996002149957	0.0587223455517109	AP-MS	BrafV600E	no	-
HSPH1	0.689067678448899	0.00586908809032706	0.44439716571853	0.0129566242094446	congruent	BrafV600E	no	-
HYCC2	0.325249341480834	0.366751051667444	0.223374021411049	0.0638956883163864	nsig	BrafV600E	no	-
ID3	-1.08191289861951	0.025768022103126	-1.1871203309184	0.0360477853768063	congruent	BrafV600E	yes	loss
IDI1	-0.0189879937886895	0.970016579305138	-0.3445449897287	0.0128332399319909	TbID	BrafV600E	no	-
ILDR2	0.719961890704753	0.00140020146488139	0.630837670258417	0.0020064685133596	congruent	BrafV600E	no	-
INPP1	0.221840635310997	0.522577669467354	0.631670414647368	0.00132573444573081	TbID	BrafV600E	no	-
IRS2	1.53649536682101	5.20926468682956e-05	1.02634508857498	0.0002911776633919	congruent	BrafV600E	yes	gain
JUN	1.85403454030677	0.000233891842701651	0.908465010098146	0.0034852186338242	congruent	BrafV600E	yes	gain
JUNB	3.9490008529224	8.11283667624926e-05	4.33453142920753	3.72521012458406e-06	congruent	BrafV600E	yes	gain
JUND	0.87292757505125	0.00178263759998268	0.298998086574433	0.157699668124649	AP-MS	BrafV600E	no	-
KCTD10	0.097917458036472	0.644798386946092	0.382080639203227	0.154600302739927	nsig	BrafV600E	no	-
KCTD12	0.575662476663998	0.00659471253448848	0.596758788892533	0.00337181395131029	congruent	BrafV600E	no	-
KCTD16	0.598660206930132	0.0230561804568328	NA	NA	AP-MS	BrafV600E	no	-
KDM2A	0.393733658542392	0.331064299402834	0.267460251022264	0.0255250413248785	TbID	BrafV600E	no	-
KDM6B	1.31118963328676	0.00314426526839567	1.15516709341693	0.0191509940645811	congruent	BrafV600E	yes	gain
KEAP1	0.0999043306201911	0.472630001490062	-0.165407781038584	0.435737454740259	nsig	BrafV600E	no	-
KIAA1217	1.00909089707271	0.00103381773958197	0.719751929839845	0.00102422403900179	congruent	BrafV600E	yes	gain
KLHL15	-0.344836915115234	0.0288983090810462	-0.38413216115883	0.0221282888572148	congruent	BrafV600E	no	-
KLHL18	0.90847504539121	0.171957000896557	NA	NA	AP-MS	BrafV600E	no	-
KLHL21	1.72376643348783	0.000281504562453096	1.12812985464366	0.00507463955700875	congruent	BrafV600E	yes	gain
KLHL4	3.19471100663789	8.11283667624926e-05	1.54707468575211	0.00801908299662044	congruent	BrafV600E	yes	gain
KLHL5	1.57884163450541	0.0330878541726553	-0.0158119808494018	0.940891577586345	AP-MS	BrafV600E	yes	gain
KMT5A	-0.125626195447704	0.80381471716802	-0.0851569958335279	0.727727961916268	nsig	BrafV600E	no	-
KPNA2	0.541641378167369	0.0707061524745937	0.58725676725924	0.00163857875728041	TbID	BrafV600E	no	-
KRAS	-0.91002870792962	0.00620498706102814	-1.1337862382788	0.00338004263716288	congruent	BrafV600E	yes	loss
KRT18	1.04461445752528	0.0126143773641399	0.792646772276796	0.0033216789220279	congruent	BrafV600E	yes	gain
KSR2	0.208258344321404	0.516910953907373	0.222737183980748	0.140159344383507	nsig	BrafV600E	no	-
LAMB3	3.0260219744049	8.21858444684279e-06	1.26042092554679	0.00252370999517728	congruent	BrafV600E	yes	gain
LAMC2	1.45600626518902	0.0226048726930595	0.606235251113637	0.0801384128092746	AP-MS	BrafV600E	yes	gain
LCMT2	0.697907846668474	0.0050533259723774	0.489915017508454	0.0105716535435382	congruent	BrafV600E	no	-
LETM2	1.75057165853984	0.00559267258348697	0.237166299123213	0.317779540256976	AP-MS	BrafV600E	yes	gain
LGALS3BP	-0.637793753478046	0.00444841097902829	-0.299779725074259	0.0305210981751082	congruent	BrafV600E	no	-
LGALS8	0.412364957107782	0.388879589224563	0.823830242132421	0.0245023779702881	TbID	BrafV600E	no	-
LHX5	1.88642443108544	0.000905725742681905	NA	NA	AP-MS	BrafV600E	yes	gain
LIG4	0.804472145373443	0.0758226497780114	0.297289720985695	0.0168835677860567	TbID	BrafV600E	no	-
LIPG	0.711934628608179	0.0939813597242334	1.37523668749843	0.00264224082867152	TbID	BrafV600E	yes	gain
LMO1	0.683903798658543	0.0640163758190394	NA	NA	AP-MS	BrafV600E	no	-
LRP10	0.423495420663977	0.20018507294408	0.812843446968656	0.00980167888048251	TbID	BrafV600E	no	-
LRR1	0.517904724588944	0.0276939410968031	0.204272833712028	0.226475782612616	AP-MS	BrafV600E	no	-
LSAMP	NA	NA	-2.0955742105703	0.00102422403900179	TbID	BrafV600E	yes	loss
LSR	0.525671023632929	0.072680836780116	0.404833987712095	0.141328062286568	nsig	BrafV600E	no	-
LYN	0.191333560006274	0.274037945330327	0.438802045861257	0.0745424915503193	nsig	BrafV600E	no	-
MAMLD1	0.919314557004935	0.0205035340633584	1.18114884121909	0.000424064494670844	congruent	BrafV600E	yes	gain
MAP2K1	-3.65050832052602	8.11283667624926e-05	-0.738580277571137	0.00111338651918718	congruent	BrafV600E	yes	loss
MAP2K2	-2.07816614745653	0.147996281353944	-0.898920766577802	0.00101341253411813	TbID	BrafV600E	no	-
MAPK8IP3	0.783009251039747	0.115790377215567	NA	NA	AP-MS	BrafV600E	no	-
MARCHF6	0.0810779285824335	0.892393082851137	0.189967677021487	0.231289435271085	nsig	BrafV600E	no	-
MAT2A	-0.14090390764573	0.212655894279867	-0.0513761724882208	0.673473595531592	nsig	BrafV600E	no	-
MEST	NA	NA	0.420015273223611	0.109218719954451	TbID	BrafV600E	no	-
METAP2	0.560212315709661	0.124193735019738	-0.0673389885655534	0.539836152690617	nsig	BrafV600E	no	-
MIDN	0.543412619442406	0.151309507749357	-0.159764724810831	0.434708998363656	nsig	BrafV600E	no	-
MTUS2	1.15359762889303	0.00959376850668103	NA	NA	AP-MS	BrafV600E	yes	gain
MYO10	0.598625381633162	0.00152293111263015	0.621113593157947	0.00360891509500227	congruent	BrafV600E	no	-
MZT1	-0.0479462290364777	0.90687600367018	0.348254415614625	0.0176469605869326	TbID	BrafV600E	no	-
N4BP3	0.786879681876964	0.00690359025061873	0.515037948444305	0.0352747975539238	congruent	BrafV600E	no	-
NAA15	-0.202964031615255	0.0602021808899564	-0.110251261900607	0.428224034740647	nsig	BrafV600E	no	-
NAB1	1.60953695339163	0.000184230170373355	1.68042098914594	7.41776066843745e-05	congruent	BrafV600E	yes	gain
NEFL	-0.43057161586536	0.0306827938212154	-0.490834504567078	0.143992575756156	AP-MS	BrafV600E	no	-
NLRP10	0.665883181798525	0.0991009261890949	NA	NA	AP-MS	BrafV600E	no	-
NPPC	1.06700788913255	0.000564000793412369	NA	NA	AP-MS	BrafV600E	yes	gain
NR2F1	-1.32355727084957	0.0130000582883483	-0.535819465906471	0.012152980799813	congruent	BrafV600E	yes	loss
NRAS	1.07326517869243	0.610809976306968	-0.383370433651142	0.0264010037721516	TbID	BrafV600E	no	-
NTN1	0.202403919418386	0.643386278112871	0.261569344248146	0.129106008750217	nsig	BrafV600E	no	-
NTS	NA	NA	0.392617583915095	0.0729382790236459	TbID	BrafV600E	no	-
NUDT4B	0.0382355950285112	0.923184555458664	0.068706883117628	0.702341322969934	nsig	BrafV600E	no	-
OGDH	-0.916948114735835	0.000198852198207848	0.0703693330809497	0.431779161453312	AP-MS	BrafV600E	no	-
ORC1	NA	NA	0.321278723416207	0.100260668761067	TbID	BrafV600E	no	-
ORMDL2	NA	NA	0.206750938009477	0.263044047703184	TbID	BrafV600E	no	-
OS9	0.103984008990244	0.675377423169644	-0.00103572106438648	0.99910250014422	nsig	BrafV600E	no	-
PCLAF	-0.074162290707357	0.935597978708961	0.0779141759990261	0.380313003576981	nsig	BrafV600E	no	-
PEDS1	NA	NA	0.344581901607595	0.0129488769877406	TbID	BrafV600E	no	-
PELI2	0.530094588478383	0.0215399552872135	0.815502924021291	0.192331754734199	AP-MS	BrafV600E	no	-
PHLDA1	2.83291289290785	0.0160715532865358	NA	NA	AP-MS	BrafV600E	yes	gain
PHLDA2	2.60314525403338	0.000221380092423448	1.65281186774139	0.00904349978093735	congruent	BrafV600E	yes	gain
PIK3CA	0.969704604150429	0.0276939410968031	0.869807337941394	0.000519946012514011	congruent	BrafV600E	no	-
PKM	-0.660779552440453	0.0008652955746447	0.22813693145024	0.0424310254852184	opposite	BrafV600E	no	-
PLAUR	1.7181158253513	0.151406710870214	1.69056036678592	0.0246837469579651	TbID	BrafV600E	yes	gain
PLEKHN1	0.83188317809727	0.0163649438619476	0.499408752446943	0.0823371907261541	AP-MS	BrafV600E	no	-
PLOD2	1.32304173594591	0.000233891842701651	0.0689799973898806	0.439583483262231	AP-MS	BrafV600E	yes	gain
PLOD3	0.221682721587802	0.0976553361659568	0.276621018247107	0.312302516775631	nsig	BrafV600E	no	-
PNMA1	0.275868233618911	0.429542525922324	0.325839841151482	0.125613454719677	nsig	BrafV600E	no	-
POLR2G	-0.015445149260995	0.979986045938814	-0.591702264060706	0.0337395923054772	TbID	BrafV600E	no	-
POLR2L	0.00307166722629928	0.994423874650126	-0.58510273976635	0.0932240468147327	nsig	BrafV600E	no	-
PPP2R5E	-0.181501441129538	0.608117868446745	0.25437391204303	0.0705663621074802	nsig	BrafV600E	no	-
PPP5C	1.45982069900882	5.39016599271091e-05	0.16848195715098	0.15158531880844	AP-MS	BrafV600E	yes	gain
PRKCD	0.460079320873234	0.00628379724953231	0.894929710191361	0.0021392916629695	congruent	BrafV600E	no	-
PSMB4	-0.0736700445129164	0.681442365496781	-0.430628383074656	0.0125845958102447	TbID	BrafV600E	no	-
PSMC5	0.347488396922161	0.060967233379579	-0.0707680693620496	0.464194222320856	nsig	BrafV600E	no	-
PTPRZ1	-1.28170445298753	0.019713990360132	-1.37757725562588	0.0605264485277898	AP-MS	BrafV600E	yes	loss
RAB32	-0.359032065606855	0.32035090508886	-1.09860502283914	0.00068817851696327	TbID	BrafV600E	yes	loss
RAC2	1.38156308896341	0.00527549819909026	1.94068669803934	0.000207001049915173	congruent	BrafV600E	yes	gain
RAF1	0.578981847051481	0.0134257424140923	0.10547574061758	0.289598939412935	AP-MS	BrafV600E	no	-
REEP3	0.469314537787923	0.257807008632772	0.635255140208197	0.007829909037079	TbID	BrafV600E	no	-
RGPD5	0.0459233991302089	0.885603244176956	0.648099637403375	0.00682978015036668	TbID	BrafV600E	no	-
RND1	NA	NA	0.496640744800869	0.0822432984181476	TbID	BrafV600E	no	-
RNF44	1.10181457188955	0.0574895133709092	NA	NA	AP-MS	BrafV600E	no	-
RNFT1	0.517396028360399	0.492662129984304	0.506501688788993	0.00424249077559864	TbID	BrafV600E	no	-
RP9	-0.870941198553927	0.0161835505861547	-0.674281087617768	0.0224055935605066	congruent	BrafV600E	no	-
RPA1	-0.578813841673642	0.00416226423295064	-0.0861837635917292	0.49298876954815	AP-MS	BrafV600E	no	-
RPA2	-0.280848234967176	0.199321497931533	-0.0366289321440887	0.815682391275887	nsig	BrafV600E	no	-
RPA3	-0.444147550124386	0.0327516530799626	-0.0626769351857121	0.560786219851725	AP-MS	BrafV600E	no	-
RPAP3	1.27306035830845	8.11283667624926e-05	0.420841513526219	0.0115302315325762	congruent	BrafV600E	yes	gain
RPTOR	0.225881629460543	0.266226743499302	-0.0422370101996353	0.67549363697605	nsig	BrafV600E	no	-
RUNX1	0.897638357990901	0.0203926643350621	0.726828414431072	0.00261838339337903	congruent	BrafV600E	no	-
S100A13	1.08770898844	0.0790293778140067	0.697455690851335	0.0614170519351357	nsig	BrafV600E	no	-
S100A16	NA	NA	1.46676847894248	0.00293319424963674	TbID	BrafV600E	yes	gain
SARAF	0.394229576757902	0.221270207459966	0.375107813400572	0.0605953671910336	nsig	BrafV600E	no	-
SC5D	NA	NA	-0.0550379143797345	0.774761466974423	TbID	BrafV600E	no	-
SDC4	1.08444503976972	0.0028298016592924	0.648620383601461	0.0325020249837723	congruent	BrafV600E	yes	gain
SDHC	NA	NA	0.0570476102707765	0.829993841538731	TbID	BrafV600E	no	-
SELENOF	1.1276725168999	0.00373603625889856	0.201608477095351	0.162718484921289	AP-MS	BrafV600E	yes	gain
SELENOK	0.237204667492258	0.389137511172781	0.472208331873618	0.0169403911607789	TbID	BrafV600E	no	-
SELENOS	0.347935905564288	0.141530198167254	0.331946376396641	0.134550538063091	nsig	BrafV600E	no	-
SEMA7A	0.297754122897682	0.673268716154428	2.11939300407354	0.0107486257365826	TbID	BrafV600E	yes	gain
SERF1A	0.302845270285191	0.232018272027233	0.380217471341366	0.0355980034360852	TbID	BrafV600E	no	-
SERF2	-0.334782452377758	0.0576305068774974	0.0663493173193201	0.611179193115933	nsig	BrafV600E	no	-
SESN3	-0.675713769054269	0.00624287288095418	-0.562156969964756	0.00433332763532318	congruent	BrafV600E	no	-
SFN	0.937478278552798	0.0292429187640258	-0.382777647664897	0.258944299940822	AP-MS	BrafV600E	no	-
SFXN5	0.816075364279288	0.0117093120841324	0.705230836563866	0.0146837832420909	congruent	BrafV600E	no	-
SGK1	NA	NA	1.35390396492096	0.0787859718834585	TbID	BrafV600E	no	-
SH2B3	2.20462386181516	8.11283667624926e-05	NA	NA	AP-MS	BrafV600E	yes	gain
SH2D2A	NA	NA	1.72797145966058	0.00100091289118664	TbID	BrafV600E	yes	gain
SHROOM1	0.610852116597528	0.0133876879706606	0.503013809668925	0.00758675769689072	congruent	BrafV600E	no	-
SIRT2	-0.129710883651927	0.7214146367043	-0.512028761487929	0.00742816927071741	TbID	BrafV600E	no	-
SIVA1	-0.923852156517032	0.00156550132676312	-0.413833515759135	0.0620151758413319	AP-MS	BrafV600E	no	-
SKOR2	0.814045396100146	0.0293474980152364	NA	NA	AP-MS	BrafV600E	no	-
SLC16A7	-0.334376365460209	0.460734984727376	0.671390877719792	0.0615100050376924	nsig	BrafV600E	no	-
SLC25A29	0.736555973305234	0.00287324986940218	0.565851571702238	0.00474281940324987	congruent	BrafV600E	no	-
SLC25A32	0.0453701488734043	0.813992977576886	0.52659923056899	0.00979804077728071	TbID	BrafV600E	no	-
SLC27A6	-0.281451698288028	0.167907330762573	-0.213086472540555	0.067852603925934	nsig	BrafV600E	no	-
SLC29A3	0.107657985093202	0.811256424404988	0.501338067403638	0.0346702854927871	TbID	BrafV600E	no	-
SLC2A14	-0.67470304867655	0.427403236887365	3.22632203941032	0.0325020249837723	TbID	BrafV600E	yes	gain
SLC35G2	0.808459151963071	0.0392653756582386	0.514892716933233	0.0018584801107512	congruent	BrafV600E	no	-
SLC44A5	NA	NA	1.88196009279934	0.00098856654972113	TbID	BrafV600E	yes	gain
SLIT2	-0.585089549361263	0.0142560642389786	-0.681413605961478	0.0200238502396513	congruent	BrafV600E	no	-
SMIM26	-0.0143289497647379	0.967030427744539	0.180532221625546	0.209470568331146	nsig	BrafV600E	no	-
SMTN	1.17122602003831	0.000975739468293871	0.842625046530699	0.00163857875728041	congruent	BrafV600E	yes	gain
SPHK1	1.3718672189652	0.00505150393802302	NA	NA	AP-MS	BrafV600E	yes	gain
SPOCK1	-0.0235963092990943	0.965635854784392	-0.893239536423652	0.00518874922300058	TbID	BrafV600E	no	-
SPON1	-0.645898897208855	0.117624920440583	-0.506861170910962	0.0294858678855653	TbID	BrafV600E	no	-
SPOP	0.193957865210693	0.793816378804188	0.382718970699011	0.0168171575704957	TbID	BrafV600E	no	-
SPRED1	0.832107026650588	0.0275352607414513	0.742495970305024	0.0100140023535546	congruent	BrafV600E	no	-
SPRED2	0.804953804619357	0.039101291188556	0.69273645856072	0.000949157767739929	congruent	BrafV600E	no	-
SPRY2	1.32550163400091	0.0408165650707864	1.61601790024003	0.000861475393193161	congruent	BrafV600E	yes	gain
SPRY4	1.09096224279039	0.0117756187122542	1.08005456893973	0.00337181395131029	congruent	BrafV600E	yes	gain
SPTAN1	-0.0333271056355545	0.885742138214014	-0.211303364050326	0.584040501710001	nsig	BrafV600E	no	-
SPTBN1	-0.153006911658099	0.539144237957683	-0.231027906133609	0.559809746520361	nsig	BrafV600E	no	-
SQOR	-0.386345808308252	0.0411244258860804	-0.456420120074916	0.0276670498129375	congruent	BrafV600E	no	-
SREBF1	0.792346112899892	0.396848022821166	0.115734625448157	0.650565068250682	nsig	BrafV600E	no	-
SRRD	NA	NA	-0.031149782581629	0.831450481771155	TbID	BrafV600E	no	-
SSBP2	-0.798224569099966	0.0114918782833328	NA	NA	AP-MS	BrafV600E	no	-
STARD3	0.22354477588152	0.255535657098638	0.334906022965806	0.0313283647644023	TbID	BrafV600E	no	-
STRA6	NA	NA	2.25015841036787	0.00100651246582207	TbID	BrafV600E	yes	gain
STX11	NA	NA	1.32506532078681	0.00773775287947027	TbID	BrafV600E	yes	gain
SUGT1	1.49463970008452	9.34321935469229e-05	0.0135311807415519	0.891240001158215	AP-MS	BrafV600E	yes	gain
SYNPO	1.23611569221298	0.00362426031724434	1.11655187588475	0.00433462781005182	congruent	BrafV600E	yes	gain
TAC1	NA	NA	0.758975629140037	0.0181391932847792	TbID	BrafV600E	no	-
TAOK2	-0.658387869572337	0.00149763541812687	-0.251765473676728	0.0342483639682879	congruent	BrafV600E	no	-
TBX21	1.13229866212511	0.0146642122341517	NA	NA	AP-MS	BrafV600E	yes	gain
TDG	0.573080135593702	0.134043503212041	0.248547613255309	0.142898301655383	nsig	BrafV600E	no	-
TFPI2	2.13293781429127	0.00182428124992167	3.72604613397686	6.54951456662378e-06	congruent	BrafV600E	yes	gain
TGFB1	3.72909636109401	1.28425556527514e-05	2.27871923829133	3.20949376363256e-05	congruent	BrafV600E	yes	gain
THBS1	NA	NA	-0.815393130092402	0.00190844999889686	TbID	BrafV600E	no	-
TIMP1	2.43409957187764	0.00180010083226245	1.63520628305239	0.00588216448382182	congruent	BrafV600E	yes	gain
TMEM185B	0.464917116860085	0.188272875662487	0.769378478693883	0.0174939762240408	TbID	BrafV600E	no	-
TMEM201	0.538436085040967	0.00674133607555896	0.362480741086681	0.0340106592908797	congruent	BrafV600E	no	-
TMEM39A	NA	NA	0.482492046624891	0.00695724531103796	TbID	BrafV600E	no	-
TNFAIP1	0.125058029973359	0.602012993539453	0.409261256899196	0.0968427190097984	nsig	BrafV600E	no	-
TNS2	1.02526776221942	0.000118138355703544	0.479888366479018	0.0420479669013725	congruent	BrafV600E	yes	gain
TPT1	0.892678666262364	0.00665298502091819	0.401607333304166	0.0178324366766762	congruent	BrafV600E	no	-
TRIB1	2.96526734147716	0.000123319718240763	3.86326059646232	7.41776066843745e-05	congruent	BrafV600E	yes	gain
TRIB3	1.38490336335944	0.000198852198207848	-0.556872147827543	0.0745654662637774	AP-MS	BrafV600E	yes	gain
TTC27	-0.00257596955534175	0.991377244370275	0.261565368010312	0.0853060746259597	nsig	BrafV600E	no	-
TTC4	1.37264827140863	0.000233891842701651	0.149709658410032	0.207233497879394	AP-MS	BrafV600E	yes	gain
TUBB3	0.828638785949706	0.00245929456639683	0.744355505499186	0.00318882790819406	congruent	BrafV600E	no	-
TUBG1	-0.0331950159327897	0.828612503652705	0.176197330634585	0.162192836713888	nsig	BrafV600E	no	-
TUBGCP2	-0.0784090238957487	0.565620133578071	0.110836338556793	0.418563212713508	nsig	BrafV600E	no	-
TUBGCP3	0.108430233177579	0.421337308129423	0.323427866508652	0.0320099400088966	TbID	BrafV600E	no	-
TUG1	0.430930165771716	0.116264901752485	0.618435398819277	0.0210987650394333	TbID	BrafV600E	no	-
TWNK	0.286329429190198	0.0815089024000868	0.0859208695652288	0.742309731757453	nsig	BrafV600E	no	-
UBE2D1	0.0844780337068933	0.917388021585434	0.452650196106203	0.0295969381215388	TbID	BrafV600E	no	-
UBE2S	0.0788802388399408	0.938680036905987	0.56672292135258	0.00695724531103796	TbID	BrafV600E	no	-
UBIAD1	-0.0422437083604488	0.891443206086883	0.490333570546225	0.0245129802520904	TbID	BrafV600E	no	-
UBL5	-0.168689567409552	0.649249762250723	-0.105945092697655	0.514545300999922	nsig	BrafV600E	no	-
UGDH	0.768719395078627	0.00178263759998268	0.60981180396519	0.00821185059696481	congruent	BrafV600E	no	-
UGGT2	1.84312233044457	0.000178731760297652	0.437960186216104	0.00471725106445351	congruent	BrafV600E	yes	gain
ULBP2	NA	NA	0.707961451499163	0.0251464007514734	TbID	BrafV600E	no	-
UNC13A	1.86974549510587	0.333526552437749	NA	NA	AP-MS	BrafV600E	no	-
UPP1	2.25192387927409	2.4141019237673e-05	1.65340812115127	0.000103476232427142	congruent	BrafV600E	yes	gain
UROD	NA	NA	0.120562136775094	0.682068639388734	TbID	BrafV600E	no	-
USP17L5;USP17L15;USP17L11;USP17L22;USP17L17;USP17L19;USP17L20;USP17L24	0.859557820902665	0.0298360610261025	NA	NA	AP-MS	BrafV600E	no	-
USP17L7	1.43814443755502	0.105350484689493	NA	NA	AP-MS	BrafV600E	no	-
UTP6	-0.168515605893967	0.144829660479317	0.00327306370495481	0.983815553040249	nsig	BrafV600E	no	-
VAMP8	0.249831480589252	0.456688895195761	0.166784364410999	0.16513441445147	nsig	BrafV600E	no	-
VCAN	-1.89191280539601	0.00011271294335705	-1.124325316395	0.000461840769528832	congruent	BrafV600E	yes	loss
VGF	0.135411592186289	0.774202004041708	1.79695085767572	0.00316287714364692	TbID	BrafV600E	yes	gain
VRK1	0.0291072009543742	0.973197482786447	0.30913910527058	0.0708274218893576	nsig	BrafV600E	no	-
WDR6	2.33507321999	1.53846649982783e-05	-0.447776794198658	0.00668976051224951	opposite	BrafV600E	yes	opposite
WDR87	-1.56275532932184	0.206804951708213	NA	NA	AP-MS	BrafV600E	no	-
WSB1	0.36328542448708	0.275672538627248	-0.15761688398251	0.428165437928986	nsig	BrafV600E	no	-
WSB2	0.268602398872279	0.434946083027597	0.932465797846635	0.00654545228804322	TbID	BrafV600E	no	-
XPNPEP3	0.0844266190142146	0.913648533246457	-0.189744111244235	0.539514483697694	nsig	BrafV600E	no	-
YPEL2	NA	NA	0.285808258715611	0.196072672405523	TbID	BrafV600E	no	-
YPEL3	0.188340784565767	0.956406575796284	0.493424302853149	0.0682001089778549	nsig	BrafV600E	no	-
YPEL5	0.815261074543049	0.00455945057489298	0.429578369468403	0.0402637145587846	congruent	BrafV600E	no	-
YWHAB	-0.66245262374754	0.00669369543369619	0.183802544998772	0.434060383539409	AP-MS	BrafV600E	no	-
YWHAE	-0.76288682584178	0.00474603865423064	-0.0428941179325188	0.84151586857175	AP-MS	BrafV600E	no	-
YWHAG	-0.717152845740889	0.0123573240725987	-0.123785964912084	0.663874039034883	AP-MS	BrafV600E	no	-
YWHAH	-0.943120776275491	0.00245929456639683	-0.361748034896645	0.148919264127328	AP-MS	BrafV600E	no	-
YWHAQ	-0.696907499300599	0.0133460382785377	-0.270375074002944	0.17646963390476	AP-MS	BrafV600E	no	-
YWHAZ	-0.324795628063933	0.112918533867335	0.526069982728079	0.0582754591869161	nsig	BrafV600E	no	-
ZBTB39	-0.270939167624156	0.845483294422427	-0.519132457302597	0.317779540256976	nsig	BrafV600E	no	-
ZCCHC12	0.0162857099920501	0.976561435690931	1.45387218974072	0.000309832426430545	TbID	BrafV600E	yes	gain
ZFP36	2.04432025817627	9.83185620755728e-05	1.10176488235985	0.00476337453764252	congruent	BrafV600E	yes	gain
ZFPM1	1.2526351185564	0.000138923750462392	0.652741433834417	0.0889967131983503	AP-MS	BrafV600E	yes	gain
ZNF215	NA	NA	0.561327262185639	0.0628946700910368	TbID	BrafV600E	no	-
ZNF225	0.186277842733271	0.713657834942417	0.642102594181302	0.00754863820119821	TbID	BrafV600E	no	-
ZNF256	NA	NA	0.149600189821734	0.417929029636854	TbID	BrafV600E	no	-
ZNF267	-0.0160381612990437	0.970844474057322	0.502753717632915	0.113666639004584	nsig	BrafV600E	no	-
ZNF324	0.420033207612251	0.263539518685916	0.362559875805135	0.0664715775844994	nsig	BrafV600E	no	-
ZNF444	NA	NA	0.459985045770561	0.00523055145184301	TbID	BrafV600E	no	-
ZNF480	NA	NA	-0.520999524359289	0.0085106416297409	TbID	BrafV600E	no	-
ZNF557	NA	NA	0.165520575260828	0.241821761922439	TbID	BrafV600E	no	-
ZNF578	NA	NA	0.648496977450305	0.166010363293077	TbID	BrafV600E	no	-
ZNF66	NA	NA	0.086768899817406	0.517319792652063	TbID	BrafV600E	no	-
ZNF669	NA	NA	0.54359458215269	0.0402637145587846	TbID	BrafV600E	no	-
ZNF684	NA	NA	0.418732181250191	0.0165360916180447	TbID	BrafV600E	no	-
ZNF765	NA	NA	0.138496020168598	0.14636806707784	TbID	BrafV600E	no	-
ZNF789	NA	NA	0.549206604839195	0.00363731771314108	TbID	BrafV600E	no	-
ZSWIM6	0.551111792915199	0.152941795622095	0.660628902033282	0.00259290269929596	TbID	BrafV600E	no	-
ACBD7	0.488857402880395	0.0747628337641715	0.198944568009391	0.291593243837792	nsig	NrasS17N	no	-
ACTA1	0.116870237545544	0.440276431572098	0.851759849391654	0.0147608077813944	TbID	NrasS17N	no	-
ACTL8	0.449738760840992	0.153759927901074	0.776847362359924	0.00547616443803841	TbID	NrasS17N	no	-
ALDH1L1	-0.465560647098019	0.504620932272204	NA	NA	AP-MS	NrasS17N	no	-
APTX	0.534547558884643	0.113004413234784	0.419720561526291	0.0452652193972596	TbID	NrasS17N	no	-
ARAF	-1.7609514732541	0.00958594496435445	-0.27572127419903	0.0283147313252592	congruent	NrasS17N	yes	loss
ASB6	-0.643243199975852	0.00640329210644099	-0.446273102240907	0.00731906950843709	congruent	NrasS17N	no	-
ATOX1	-0.999908145269613	0.00640329210644099	0.171926213484007	0.163497758062131	AP-MS	NrasS17N	no	-
ATXN7L1	0.519623186004447	0.31591284815286	0.358432040394918	0.101911145777698	nsig	NrasS17N	no	-
ATXN7L3	0.283978857302218	0.306326993732254	0.401764693749763	0.0643972498326957	nsig	NrasS17N	no	-
BAHCC1	0.442022054049136	0.0189864099133589	0.0183147194918446	0.928194775774402	AP-MS	NrasS17N	no	-
BCL7C	0.544657924973471	0.0351598354570357	0.271365736538697	0.130097493807646	AP-MS	NrasS17N	no	-
BRAF	0.441850783323966	0.582172624870028	-0.883543448158128	0.00675682425688828	TbID	NrasS17N	no	-
C4A;C4B	NA	NA	0.681392264446681	0.00507422914649499	TbID	NrasS17N	no	-
CD44	0.205058856798503	0.461151464250246	0.213462914103813	0.344483586073631	nsig	NrasS17N	no	-
CENPI	-0.0886160475660432	0.748876083434578	-0.0542124536141703	0.689524900149672	nsig	NrasS17N	no	-
CEP68	-0.0677405161179116	0.865011689993023	0.452129158505874	0.051915257161487	nsig	NrasS17N	no	-
CNTN1	0.446388909171609	0.129362723587707	0.341762868629806	0.182497639262498	nsig	NrasS17N	no	-
CORO2A	-0.698100496229985	0.00887083612932655	0.254946453014532	0.0230108034627117	opposite	NrasS17N	no	-
CRIP2	1.86181146677911	0.00113909469973207	1.33654851644174	0.00115780272726457	congruent	NrasS17N	yes	gain
CRMP1	0.977005899753748	0.00499740994856676	1.07931304766384	0.00321059540631867	congruent	NrasS17N	yes	gain
CSPG4	0.558894286925872	0.0213036010425379	0.478647718149558	0.276654758580225	AP-MS	NrasS17N	no	-
CSRP1	0.201946773927022	0.560537104473159	-0.268148563676657	0.109794272682598	nsig	NrasS17N	no	-
CYBA	-0.668391365732217	0.0495592842574633	-0.583341384688027	0.0190831666117954	congruent	NrasS17N	no	-
DEPTOR	0.173097820731274	0.484425983484657	NA	NA	AP-MS	NrasS17N	no	-
DHCR24	0.262611021550933	0.0613996868606342	0.27124640279116	0.017749868815314	TbID	NrasS17N	no	-
DHFR2	NA	NA	-1.33761568721425	0.014789118702463	TbID	NrasS17N	yes	loss
DNAJC18	0.306015570484861	0.0523169981284638	0.161951976062728	0.0653326355719905	nsig	NrasS17N	no	-
DNAJC30	0.0670759096954788	0.641388980401493	-0.162387365620154	0.133806109778485	nsig	NrasS17N	no	-
DPYSL4	0.469967675410255	0.0276545389679409	0.589406489966922	0.00346177073600259	congruent	NrasS17N	no	-
DSCAM	-1.31300249813594	0.0169918004993247	NA	NA	AP-MS	NrasS17N	yes	loss
DZIP3	0.0401708172804035	0.953033750684583	-0.345236201853998	0.0686613794065295	nsig	NrasS17N	no	-
EEF1A2	0.443531562062601	0.0308702703002262	0.446382053296753	0.0121147295187744	congruent	NrasS17N	no	-
EEF1B2	-0.2027547547014	0.262723404483776	0.585779232347281	0.0412544837812276	TbID	NrasS17N	no	-
EEF1D	-0.0283883374413676	0.831604673814129	0.669118429197792	0.0328476163209782	TbID	NrasS17N	no	-
EMILIN3	0.637337878569099	0.00796591176645684	0.524850349122114	0.00790654525583639	congruent	NrasS17N	no	-
EPB41L4B	-0.445729734181628	0.034294632953201	0.531394428234533	0.0402574404632576	opposite	NrasS17N	no	-
FADS2	-0.169554179168004	0.218714680709953	-0.278612718890482	0.0125612523482957	TbID	NrasS17N	no	-
FAR2	-0.211087376362591	0.0812949298572769	-0.537901875182588	0.00493461650069215	TbID	NrasS17N	no	-
FBH1	-0.167174322060815	0.316242085257185	-0.0612841830619663	0.713151323791682	nsig	NrasS17N	no	-
FIS1	-0.0485944883141649	0.883071155556061	NA	NA	AP-MS	NrasS17N	no	-
FNDC10	1.17264030630248	0.0374096857518377	1.20371289470582	0.0275359847387645	congruent	NrasS17N	yes	gain
GABRB3	0.288243915270152	0.316533577843127	0.277334663426197	0.181894765886637	nsig	NrasS17N	no	-
GALC	0.759754827964902	0.0081217809150308	0.39282567429433	0.00817739176641958	congruent	NrasS17N	no	-
GAS7	1.22429660933162	0.00897361585128155	0.347504052592953	0.138296752580401	AP-MS	NrasS17N	yes	gain
GDAP1L1	0.139954933312871	0.81399275094968	1.16792523187124	0.00665028890842005	TbID	NrasS17N	yes	gain
GPAM	0.485286057542683	0.0168630396548321	0.153018671459418	0.0789071080204141	AP-MS	NrasS17N	no	-
GPC6	0.718384968735443	0.0117812439979437	0.820811856911296	0.00555289414023878	congruent	NrasS17N	no	-
HADHA	0.458015350150166	0.0119165032186353	0.108876013011247	0.253150703383366	AP-MS	NrasS17N	no	-
HADHB	0.424425067416135	0.0203812453008159	0.273288542368479	0.0281872184606535	congruent	NrasS17N	no	-
HCN4	1.24544973991524	0.00325183138266112	NA	NA	AP-MS	NrasS17N	yes	gain
HDAC7	0.6253813620034	0.0131610565644272	0.21196931870275	0.421574763083119	AP-MS	NrasS17N	no	-
HMGCL	0.579868752137641	0.0133841817322802	0.242903936339832	0.0586546584787022	AP-MS	NrasS17N	no	-
HMGCS2	-1.4461327840876	0.00791449134429127	0.0655656196099804	0.80926899636296	AP-MS	NrasS17N	yes	loss
HTRA1	NA	NA	0.784892592638128	0.0193034631290143	TbID	NrasS17N	no	-
IBA57	0.55933025903461	0.00887083612932655	0.187892676070342	0.130062655657384	AP-MS	NrasS17N	no	-
ID3	0.407579075532783	0.127333348827229	1.0176396756722	0.0571897800246038	nsig	NrasS17N	no	-
IDI1	0.0467988178126767	0.877967152672909	-0.291722861448818	0.0113883501595232	TbID	NrasS17N	no	-
IGSF21	NA	NA	1.2143127441683	0.00790654525583639	TbID	NrasS17N	yes	gain
IRS2	0.175905338931547	0.28295359128643	0.15527063979318	0.160897797098118	nsig	NrasS17N	no	-
KCTD10	0.291831845676617	0.292891849055124	-0.452946384844576	0.0732813606241416	nsig	NrasS17N	no	-
KCTD12	0.607752395140917	0.00640329210644099	0.671978077439223	0.00480647793559212	congruent	NrasS17N	no	-
KMT5A	0.311815503632765	0.223788745820282	0.65487109033539	0.0459712859696253	TbID	NrasS17N	no	-
KRAS	-0.7142734894058	0.177361643754151	-0.632608010233301	0.254745389005933	nsig	NrasS17N	no	-
LACTB	-0.0620043755829919	0.873792327939759	-0.51625563161809	0.0865109189580905	nsig	NrasS17N	no	-
LMO1	0.555798746790207	0.217808250627139	NA	NA	AP-MS	NrasS17N	no	-
LSAMP	NA	NA	0.558972631779608	0.0347795781658574	TbID	NrasS17N	no	-
LTBP4	1.47730911497272	0.000445311483908884	0.418149716134608	0.018284058396308	congruent	NrasS17N	yes	gain
LZTR1	-3.4392959672063	0.000792450423596342	-1.88107119949058	0.000511272139433731	congruent	NrasS17N	yes	loss
MAT2A	-0.509633499434269	0.00791449134429127	-0.529968644407581	0.00553071520140966	congruent	NrasS17N	no	-
MEST	NA	NA	0.677675773625592	0.0110005042780535	TbID	NrasS17N	no	-
MPLKIP	-0.220871485282316	0.564170455434713	0.304183369405416	0.0688186132116714	nsig	NrasS17N	no	-
MSANTD7	NA	NA	0.262049291086429	0.0300156829575294	TbID	NrasS17N	no	-
NDRG2	NA	NA	0.668855033490668	0.179277732683216	TbID	NrasS17N	no	-
NEFL	-0.14890517799905	0.561368889932212	0.85508360086514	0.0173062210884402	TbID	NrasS17N	no	-
NKAPL	-0.730427173550024	0.0297812647683235	NA	NA	AP-MS	NrasS17N	no	-
NRAS	0.349378738429194	0.0683377232456281	-0.198735385837833	0.149874320215621	nsig	NrasS17N	no	-
NTS	NA	NA	-0.528385036911956	0.0195371511421277	TbID	NrasS17N	no	-
OAS3	0.602488546578257	0.0351188169840896	0.282506261503941	0.0155732445187489	congruent	NrasS17N	no	-
ORMDL2	NA	NA	0.0577507541116469	0.782236310501652	TbID	NrasS17N	no	-
OS9	0.203318333554112	0.19041653859305	-1.31648995882556	0.00915969800432557	TbID	NrasS17N	yes	loss
PCLAF	-0.0960860887282833	0.883747187793267	-0.187053173943896	0.0563621082029111	nsig	NrasS17N	no	-
PDGFD	0.1520965384298	0.682931017998523	0.660906150237701	0.0128005778767471	TbID	NrasS17N	no	-
PFKP	0.207513141675191	0.16005442820362	-0.646148942728393	0.0089500776335712	TbID	NrasS17N	no	-
PHYH	0.197593816184917	0.47983108437987	NA	NA	AP-MS	NrasS17N	no	-
PLEKHA2	0.292192595893807	0.0440113787299603	0.358827838432024	0.0594857248230038	AP-MS	NrasS17N	no	-
RAB32	0.319919158354602	0.610296915607902	-0.19274218433876	0.129516530560271	nsig	NrasS17N	no	-
RADIL	-1.37451592864593	0.00887083612932655	-0.195115420901083	0.0988954755143024	AP-MS	NrasS17N	yes	loss
RAF1	-2.47713220957967	0.000110055699245866	-0.97123093646169	0.00237178372610995	congruent	NrasS17N	yes	loss
RAP1B	-0.0932657520567513	0.776192393410622	0.459769101401507	0.0170299800068776	TbID	NrasS17N	no	-
RAP1GDS1	1.19146767813334	0.00640329210644099	0.167217861704463	0.107674071460879	AP-MS	NrasS17N	yes	gain
RASGRF2	4.26760336829422	3.46317802795946e-05	0.251186913239671	0.128100052768123	AP-MS	NrasS17N	yes	gain
RGL2	-0.940782841608571	0.0107217661478369	-0.326206409969462	0.019663042668058	congruent	NrasS17N	no	-
RNF41	-0.143499161298125	0.327796374416108	-0.832149336433831	0.00552668494763283	TbID	NrasS17N	no	-
RP9	0.317113684841494	0.171611487933639	0.837435058097819	0.00346177073600259	TbID	NrasS17N	no	-
RPA1	0.586567894953832	0.00796591176645684	0.0550603327140735	0.676452880869726	AP-MS	NrasS17N	no	-
RPA2	0.555651024992579	0.0123363945909433	0.112355402580792	0.421509548860044	AP-MS	NrasS17N	no	-
RPA3	0.500435514106063	0.0470002009558955	-0.0520111867994065	0.588929462360857	AP-MS	NrasS17N	no	-
SCARF2	1.00262815462055	0.0123363945909433	0.318450474247827	0.206291488817698	AP-MS	NrasS17N	yes	gain
SCML1	-1.63922354736242	0.000792450423596342	-1.32153328881327	0.00209027044958153	congruent	NrasS17N	yes	loss
SDC1	0.337303530308609	0.0761031322651624	0.0448653985277658	0.825131182961929	nsig	NrasS17N	no	-
SELENOS	-0.464528781499807	0.0253936454513903	-0.51442927116817	0.025730591505126	congruent	NrasS17N	no	-
SERF2	0.0407783910235345	0.858945738155044	0.0131325107389219	0.912574682305721	nsig	NrasS17N	no	-
SESN3	0.108615634185655	0.560175811663944	0.193629282724587	0.0872080455064975	nsig	NrasS17N	no	-
SFRP5	NA	NA	1.45144839235509	0.00327725545276293	TbID	NrasS17N	yes	gain
SHOC2	-0.655659277021643	0.214129668492153	-0.966224071092144	0.00341511486831127	TbID	NrasS17N	no	-
SIVA1	0.0488200223352357	0.774280310330238	-0.353799952952317	0.128901390398824	nsig	NrasS17N	no	-
SLC16A7	1.05384461153494	0.0700201589410175	0.904199105019592	0.0204168169521202	TbID	NrasS17N	no	-
SLC25A46	0.900317050387469	0.00887083612932655	0.654757973416848	0.00502866017157569	congruent	NrasS17N	no	-
SLC27A6	0.249283851012848	0.100226446156798	0.318572137692669	0.00931271486420869	TbID	NrasS17N	no	-
SLC38A10	0.677191027652213	0.00640329210644099	0.335492552444619	0.0321907905341129	congruent	NrasS17N	no	-
SMARCA2	0.56419719707837	0.00971407396588272	0.67035960270499	0.0254367960159448	congruent	NrasS17N	no	-
SMIM26	0.0848050990638846	0.781960512030719	-0.144451014863821	0.193950771311897	nsig	NrasS17N	no	-
SOD1	-0.822488862265085	0.0148802509844986	-0.168160691056095	0.12669552042832	AP-MS	NrasS17N	no	-
SPTAN1	0.209090567132052	0.353144210213158	0.66872524874714	0.0517424347963747	nsig	NrasS17N	no	-
SPTBN1	0.00751142554087286	0.976455616926644	0.667869436910247	0.061918279359212	nsig	NrasS17N	no	-
SQOR	0.747996922023496	0.00791449134429127	0.0450322547767029	0.750627876731471	AP-MS	NrasS17N	no	-
SS18L1	0.987140481778646	0.0203812453008159	-0.145656829241801	0.59025866819366	AP-MS	NrasS17N	no	-
SUSD5	-0.164831862157625	0.679548252255866	0.37266216662644	0.239788778288141	nsig	NrasS17N	no	-
TELO2	-0.640107096057731	0.00929597607191805	-0.633266071538407	0.00237178372610995	congruent	NrasS17N	no	-
TFPI2	0.415625516916437	0.212149955351958	0.0964272735204496	0.543086485336808	nsig	NrasS17N	no	-
TGFB1	0.296383874663229	0.0486868293399078	0.263225070490096	0.0563621082029111	AP-MS	NrasS17N	no	-
THBS1	NA	NA	0.708114748749437	0.00623756727555408	TbID	NrasS17N	no	-
TMEFF2	NA	NA	0.643639223302974	0.0196329831956029	TbID	NrasS17N	no	-
TNFAIP1	-0.00364277329195482	0.984911890746724	-0.353887897295884	0.142494572582354	nsig	NrasS17N	no	-
TPRA1	-1.18698145759038	0.190982594012881	NA	NA	AP-MS	NrasS17N	no	-
TRAF7	-1.79386608152309	0.000207136981807063	0.330530878370443	0.113824467547458	AP-MS	NrasS17N	yes	loss
TUG1	0.0237440275499958	0.962064771884168	0.301164940053734	0.106919956534764	nsig	NrasS17N	no	-
TWNK	0.0435192031898443	0.75593952662962	-0.377790805267605	0.0884512571747027	nsig	NrasS17N	no	-
TXNDC5	0.362807259653388	0.0796956030508139	-0.0796805886766698	0.494609057371253	nsig	NrasS17N	no	-
UBL5	0.0869934493109208	0.739754484434982	-0.306182604354272	0.0377277441419392	TbID	NrasS17N	no	-
ZNF214	NA	NA	0.853771186006292	0.0111084833793705	TbID	NrasS17N	no	-
ZNF578	NA	NA	0.764023085291567	0.0223362479178676	TbID	NrasS17N	no	-
ACTL8	0.301596055849603	0.316847869366954	0.661667727699219	0.0047989406827139	TbID	MEK1AA	no	-
ADIPOR2	1.234276035055	0.0504945778625075	0.126882014009192	0.340928358476376	nsig	MEK1AA	no	-
AHCYL1	-0.078209261929865	0.520897040525078	-0.499280168426149	0.00538102116891107	TbID	MEK1AA	no	-
AKAP13	-0.0154077774268223	0.902079056748187	0.0592312076000419	0.459189362088797	nsig	MEK1AA	no	-
ANKRD52	-0.0928102512836383	0.395843143567468	-0.182344194450371	0.0778266076900532	nsig	MEK1AA	no	-
ANXA7	0.660882865909926	0.0788686665698064	0.17956507398983	0.0638162152587964	nsig	MEK1AA	no	-
ARAF	-1.17637983023849	0.0119713880861406	-0.172486384816288	0.0407159759508932	congruent	MEK1AA	yes	loss
ARFIP2	-0.0700257802492226	0.580949264837367	-0.184350498715927	0.039355030647471	TbID	MEK1AA	no	-
ATG3	0.115472614064618	0.762625041629872	-0.173488421405768	0.0244056558512191	TbID	MEK1AA	no	-
B4GALT7	-0.401986398203326	0.239013018306609	0.0850717393653448	0.536804142241304	nsig	MEK1AA	no	-
BFSP1	NA	NA	0.481458346241314	0.0494522603066078	TbID	MEK1AA	no	-
BTBD6	NA	NA	-0.990218214538527	0.182085140201269	TbID	MEK1AA	no	-
C4A;C4B	NA	NA	-0.0138084966039122	0.943109464405958	TbID	MEK1AA	no	-
CA5B	-0.614628970223407	0.18130605874481	NA	NA	AP-MS	MEK1AA	no	-
CARMIL2	0.56495151920416	0.0178991592601958	0.57240594892837	0.00258015133632381	congruent	MEK1AA	no	-
CCDC102B	NA	NA	-0.096061971659092	0.691003249733256	TbID	MEK1AA	no	-
CD44	0.305312122263324	0.311648807139078	0.334074875467214	0.101536548977556	nsig	MEK1AA	no	-
CDC123	-0.049415714929168	0.868198803003805	-0.198723342407842	0.0353923032361752	TbID	MEK1AA	no	-
CDC37	-0.553001168569249	0.0318022270365697	-0.0371948646483772	0.597898547862552	AP-MS	MEK1AA	no	-
CENPI	-0.0954951976468408	0.761680463497025	0.0696508222710022	0.357564330782386	nsig	MEK1AA	no	-
CHST7	0.448657075535602	0.168453067635408	0.345186753974446	0.0414069099559128	TbID	MEK1AA	no	-
CORO2A	-0.39048303312048	0.0377785536106358	0.119742079470932	0.1245655304414	AP-MS	MEK1AA	no	-
CRMP1	-0.429574471286006	0.0625445968192594	-0.680516649198525	0.00258015133632381	TbID	MEK1AA	no	-
CSDE1	0.00065924286133245	0.995203088300717	-0.276755812142693	0.0110507017921271	TbID	MEK1AA	no	-
CSRP1	-0.457610342582114	0.243073527262643	-0.579162987560282	0.0111224236745064	TbID	MEK1AA	no	-
DDRGK1	0.151415937962264	0.576355122915795	-0.196265691457193	0.053345632692271	nsig	MEK1AA	no	-
DLGAP5	-0.167862783257481	0.233317371182081	-0.171510924807332	0.0236549509713185	TbID	MEK1AA	no	-
DNAJC5	NA	NA	-0.868984399584355	0.0529671545801337	TbID	MEK1AA	no	-
ECD	-0.0644097872667013	0.612193439082411	-0.0356419008666157	0.661155009440767	nsig	MEK1AA	no	-
EDIL3	-0.200916642707826	0.72571794383718	0.455900708097713	0.00947821727919655	TbID	MEK1AA	no	-
EID2	-0.0323069122139727	0.924509529607837	-0.139229385614264	0.477386250607898	nsig	MEK1AA	no	-
ELAPOR2	NA	NA	1.21927524617619	0.0151664679193325	TbID	MEK1AA	yes	gain
ELMO1	-0.363348341114457	0.451251940682601	0.386734260815215	0.00767692282000913	TbID	MEK1AA	no	-
ERAP2	2.11233812326158	0.068165667185579	0.17521781207284	0.154899243044018	nsig	MEK1AA	no	-
FAM193B	0.0653528113947639	0.852020540406347	-0.334307502324048	0.00973045545295838	TbID	MEK1AA	no	-
FASN	-0.325205581433859	0.0471854499272252	-0.127037086753204	0.306641390461206	AP-MS	MEK1AA	no	-
FBH1	0.122711122557798	0.683556213362159	-0.0846394561048049	0.482991848471555	nsig	MEK1AA	no	-
GPR176	NA	NA	0.866091128297197	0.256594807549142	TbID	MEK1AA	no	-
GRPEL2	0.392036407736925	0.0364920041465235	-0.0467352290221892	0.643997024855699	AP-MS	MEK1AA	no	-
HGS	0.299584057276156	0.126430626946653	-0.106296293236863	0.184151468220564	nsig	MEK1AA	no	-
HSP90AA1	-0.43112736130106	0.0200164398320675	0.00899750245770174	0.944243714775999	AP-MS	MEK1AA	no	-
HSP90AB1	-0.473858524665186	0.0124247013260729	-0.101684668909471	0.255353864471742	AP-MS	MEK1AA	no	-
HSP90AB2P	-0.29286849396312	0.455090071905064	NA	NA	AP-MS	MEK1AA	no	-
HSP90AB4P	-0.316710773363035	0.212054000652192	NA	NA	AP-MS	MEK1AA	no	-
ID3	-0.268961092570779	0.5593085302006	-0.189554285292946	0.444869794670603	nsig	MEK1AA	no	-
IDI1	-0.316394417197633	0.229888475691193	-0.48401725462014	0.00442865897096114	TbID	MEK1AA	no	-
ITGA4	-0.0535912538329036	0.952228963337574	-0.059505730865619	0.709693753104417	nsig	MEK1AA	no	-
KCTD10	-0.18894289422202	0.220270146122519	-0.101665856853869	0.532745593504897	nsig	MEK1AA	no	-
KDM8	-0.0872295646678487	0.911412087771059	-0.27245049035482	0.188029753315502	nsig	MEK1AA	no	-
KEAP1	-0.0663446412792311	0.581404927394437	0.247972620470867	0.0730477464736842	nsig	MEK1AA	no	-
KLHL13	-0.166694416439716	0.415207278904337	-0.150103762283535	0.115049503554931	nsig	MEK1AA	no	-
KLHL36	0.552073328413585	0.0311959889278532	0.120860287879165	0.510314908885838	AP-MS	MEK1AA	no	-
KMT5A	-0.0256219673741046	0.955717073294083	0.365668124254055	0.092862354795592	nsig	MEK1AA	no	-
KNSTRN	-0.236116739308429	0.176168983421733	-0.231493175312781	0.089712625304646	nsig	MEK1AA	no	-
KSR1	-0.737454837283114	0.0119713880861406	-0.121715580627511	0.126304399999226	AP-MS	MEK1AA	no	-
LAMB3	0.513408095290151	0.0308829760206582	0.0481639899093498	0.834134369244185	AP-MS	MEK1AA	no	-
LRCH3	0.0673456627148544	0.661900618783097	0.0830204335549371	0.247866727892201	nsig	MEK1AA	no	-
LSAMP	NA	NA	-1.66907840585727	0.00258015133632381	TbID	MEK1AA	yes	loss
MAGED1	-0.283545377792849	0.138114616888771	-0.330681712674055	0.00973045545295838	TbID	MEK1AA	no	-
MAP2K1	-0.240173376641791	0.322389107300304	-0.0703884121353271	0.36091872670389	nsig	MEK1AA	no	-
MAP3K8	-0.636525125916686	0.106780783371228	NA	NA	AP-MS	MEK1AA	no	-
MAT2A	-0.200126341106493	0.0785201009634832	-0.373885254827352	0.00392296730922609	TbID	MEK1AA	no	-
MB21D2	-0.366286540966868	0.286300077395517	-0.1542624657551	0.0590765093613595	nsig	MEK1AA	no	-
MDH1	0.309384316793716	0.200925649644372	-0.0454900509372657	0.701101273299929	nsig	MEK1AA	no	-
MEA1	-0.0564339252625629	0.859602498498204	-0.379295522542667	0.0302691699260277	TbID	MEK1AA	no	-
MEST	NA	NA	-0.462776940137572	0.0312977397596477	TbID	MEK1AA	no	-
MGST1	0.656708218411578	0.116888622970668	-0.00621524527809438	0.956269152895139	nsig	MEK1AA	no	-
MGST3	0.869400661163085	0.0200164398320675	0.538891461953437	0.00698961023534531	congruent	MEK1AA	no	-
MKNK2	-0.0471431148511472	0.894433786565544	-0.225808663054591	0.130429859683167	nsig	MEK1AA	no	-
MTRR	0.14546690330193	0.681149328926584	-0.252693920102083	0.00930632527152496	TbID	MEK1AA	no	-
NDRG2	NA	NA	0.0470900515508608	0.79328237074419	TbID	MEK1AA	no	-
NEDD9	NA	NA	-0.21891169450016	0.129019250811447	TbID	MEK1AA	no	-
NEFL	-0.114251619684385	0.556767876913307	0.32233031299509	0.0819587163545791	nsig	MEK1AA	no	-
NTMT1	0.355489348285649	0.0691888482031787	0.283328874836123	0.0111083567118398	TbID	MEK1AA	no	-
NTS	NA	NA	0.343938195095776	0.0523097451725816	TbID	MEK1AA	no	-
OPHN1	0.433170393331805	0.268803561070764	-0.0331384273848931	0.67169113989799	nsig	MEK1AA	no	-
ORMDL2	NA	NA	-0.230320577442761	0.254357464123703	TbID	MEK1AA	no	-
OSER1	-0.205857743404577	0.371162004366512	-0.435853263768194	0.00864911954646884	TbID	MEK1AA	no	-
OTUD3	-0.312203007265103	0.503252556451047	-0.159851755559136	0.119800711408481	nsig	MEK1AA	no	-
OTUD4	-0.204561081630785	0.229888475691193	-0.266696002719512	0.0076171927625268	TbID	MEK1AA	no	-
PAIP2	-0.364980889781622	0.166988890422016	-0.515837431797175	0.00930069266372174	TbID	MEK1AA	no	-
PCLAF	-0.30249493999841	0.68953014077593	-0.0857414062914747	0.2538898101147	nsig	MEK1AA	no	-
PEG10	-0.0168424046609656	0.898129109662196	-0.496064151037271	0.00463274401001808	TbID	MEK1AA	no	-
PELI2	0.393310352334073	0.403483252573993	0.440926515188013	0.448413038390245	nsig	MEK1AA	no	-
PGAM1	0.120530400233802	0.544158183625878	-0.0608577707801753	0.487735611346746	nsig	MEK1AA	no	-
PIH1D2	NA	NA	-0.579090064483033	0.077250634236766	TbID	MEK1AA	no	-
PIN1	-0.107008789159285	0.472405502776609	0.0963171094086765	0.274013156339668	nsig	MEK1AA	no	-
POLR2I	0.0812234142605795	0.671585444446049	-0.252237250721304	0.0956109787489614	nsig	MEK1AA	no	-
POMP	-0.155613896861514	0.290072232019531	-0.28030061634979	0.0359411257371563	TbID	MEK1AA	no	-
PREX2	-0.130187425548265	0.811238352501218	-0.157849205076975	0.297609016859656	nsig	MEK1AA	no	-
PRKAR1B	0.0612828610626457	0.74345465610544	0.0592996849794711	0.724007863671648	nsig	MEK1AA	no	-
PRKCB	0.978841198529727	0.0473162819655935	0.165774190162885	0.0466833088287049	congruent	MEK1AA	no	-
PSMC2	-0.228299255326722	0.0741840749017348	-0.208277263235561	0.0181859437972593	TbID	MEK1AA	no	-
PSMC5	-0.128272976343111	0.231782814866617	-0.512855898221029	0.00792866765873755	TbID	MEK1AA	no	-
PTPRE	1.76798456830953	0.0559567181890783	NA	NA	AP-MS	MEK1AA	no	-
Q6ZSR9	0.662477829789462	0.0636847692866821	0.0144154844563393	0.838780332893584	nsig	MEK1AA	no	-
RAB32	0.0914308202871034	0.824705250928015	-0.754266128505139	0.00258015133632381	TbID	MEK1AA	no	-
RAB3C	NA	NA	-1.37359044700094	0.00258015133632381	TbID	MEK1AA	yes	loss
RAF1	-0.402863924633051	0.154719504853336	-0.207146921990143	0.0368529919027287	TbID	MEK1AA	no	-
RCBTB2	-0.238041379064925	0.234227182951138	1.3118504774094	0.0610655933743148	nsig	MEK1AA	no	-
RIMKLB	0.0530807438513375	0.939259878500555	-0.349553025886905	0.0203570884160449	TbID	MEK1AA	no	-
RPA1	0.172524027101583	0.137333664666997	-0.0859247030550696	0.387473711250955	nsig	MEK1AA	no	-
RPA2	0.242210398904166	0.130806091952085	-0.158506854375607	0.147255381363911	nsig	MEK1AA	no	-
RPA3	0.207547258064103	0.214301837302031	-0.137187946781484	0.135231784045567	nsig	MEK1AA	no	-
RRM2	-0.192524782430164	0.147790846136881	-0.37709413292837	0.0138057532933768	TbID	MEK1AA	no	-
RTN1	-0.117043165752305	0.811566068845726	0.495427113504346	0.00607927320099207	TbID	MEK1AA	no	-
SCIN	0.763255649022179	0.0468723545133815	0.608939364638312	0.0027617004927405	congruent	MEK1AA	no	-
SCRIB	0.110524235069327	0.239013018306609	-0.0870380977651326	0.389767568215128	nsig	MEK1AA	no	-
SESN3	0.264719704496207	0.146248403933164	0.0736254799919497	0.302233338684956	nsig	MEK1AA	no	-
SGK1	NA	NA	-0.608023179383212	0.148778869859801	TbID	MEK1AA	no	-
SNF8	0.277013779652632	0.6165762521395	-0.282690814465447	0.0248553828663458	TbID	MEK1AA	no	-
SNX17	-0.0236510459247632	0.943098993652979	-0.199012737601391	0.0274119045310162	TbID	MEK1AA	no	-
SPAG5	-0.0190730878538428	0.902669449392165	-0.158697126090159	0.0912757956969173	nsig	MEK1AA	no	-
SPRYD4	-0.579178473907003	0.0298082671082495	0.0350710138179617	0.827275132277414	AP-MS	MEK1AA	no	-
STAM	0.262250012742127	0.229888475691193	-0.054867433592172	0.50167827293211	nsig	MEK1AA	no	-
TAX1BP3	NA	NA	-0.0115406886032478	0.965649020239528	TbID	MEK1AA	no	-
TFPI2	-0.32844821740337	0.612684920857076	0.268493362552539	0.0274092799443755	TbID	MEK1AA	no	-
THBS1	NA	NA	-0.698033509403652	0.00258015133632381	TbID	MEK1AA	no	-
TMEFF2	NA	NA	0.576837765524266	0.00949301008237525	TbID	MEK1AA	no	-
TNRC6A	-0.236220398029526	0.0606320273822287	-0.216779075677337	0.041979322824038	TbID	MEK1AA	no	-
TNRC6C	-0.631444251835416	0.0119713880861406	-0.362827215275128	0.00420065096706567	congruent	MEK1AA	no	-
TOB1	NA	NA	-0.331744789148271	0.00914289813469086	TbID	MEK1AA	no	-
TRIM26	-0.306153834881284	0.101392290750083	-0.370116626828251	0.00930069266372174	TbID	MEK1AA	no	-
TTK	-0.15253004155897	0.128954850838642	-0.32643867244845	0.00607927320099207	TbID	MEK1AA	no	-
TTLL4	-0.21003616571685	0.253928314485924	-0.259625077275663	0.017357474445662	TbID	MEK1AA	no	-
TUG1	-0.0867900416376467	0.797491244538973	0.031407327014746	0.854859177195494	nsig	MEK1AA	no	-
TUSC3	1.49256299965716	0.12822286884473	0.0419598787095	0.691446633608292	nsig	MEK1AA	no	-
TXLNA	-0.0701889474308129	0.626451063650636	-0.253880592684379	0.042660278951895	TbID	MEK1AA	no	-
TXLNG	-0.10395653339919	0.581404927394437	-0.243782530473979	0.0359411257371563	TbID	MEK1AA	no	-
UBAP2	-0.0813155190681474	0.530480063804861	-0.238463976517249	0.0140251394986402	TbID	MEK1AA	no	-
UBAP2L	-0.239350449325014	0.06525732027364	-0.306902881157613	0.00517064074897784	TbID	MEK1AA	no	-
UBE2D1	1.03267172866347	0.177657222980018	0.0162907872806093	0.891545023520934	nsig	MEK1AA	no	-
UBE2N	0.520270326712946	0.069651233645532	-0.284644811620618	0.0221812724045657	TbID	MEK1AA	no	-
UBL5	-0.260454824964932	0.457449352016857	-0.0915243633731828	0.363200831447672	nsig	MEK1AA	no	-
UBXN8	-0.0467495352092226	0.791071566905982	-0.283082920966845	0.121652214763104	nsig	MEK1AA	no	-
USP16	0.0392171978879551	0.920082565199261	-0.101333288428829	0.0859688648590137	nsig	MEK1AA	no	-
USP9X	0.141715509949218	0.377021317513827	-0.110968850487799	0.202864942725996	nsig	MEK1AA	no	-
USP9Y	0.174458242888487	0.444734525160757	-0.0140059071427604	0.949940285855498	nsig	MEK1AA	no	-
WASHC2A	0.47555867574376	0.197883902536912	0.083796676432014	0.365329093673869	nsig	MEK1AA	no	-
WDR37	0.0569490660935756	0.701773025810437	0.0446932149559496	0.743717218575014	nsig	MEK1AA	no	-
WDR87	1.70287134311786	0.0877418106351276	NA	NA	AP-MS	MEK1AA	no	-
WWTR1	0.299033761458587	0.462563831467746	-0.362277859804606	0.0432512319090861	TbID	MEK1AA	no	-
XPNPEP3	0.237052206687152	0.672701815103707	-1.28340202202705	0.0447691782872379	TbID	MEK1AA	yes	loss
YKT6	0.693439956739208	0.0558246177261522	-0.115820666292249	0.105107039418329	nsig	MEK1AA	no	-
ZCCHC2	-0.18450075740842	0.186025945335877	-0.112806448251079	0.159165792044951	nsig	MEK1AA	no	-
ZFYVE16	-0.0554426978347826	0.74345465610544	-0.219601765251886	0.0391730270284838	TbID	MEK1AA	no	-
ZNRF1	0.259113869101837	0.664081181138091	0.221132336728499	0.0599464200966829	nsig	MEK1AA	no	-
ACBD4	NA	NA	0.577674580820744	0.367074350103541	TbID	KrasG12D	no	-
ACVR1	-0.0942128135005618	0.753059408330142	-0.116366081855501	0.673643790504916	nsig	KrasG12D	no	-
ADAMTS17	-0.078520989399478	0.550325437434467	-0.00276513626643826	0.99307562819276	nsig	KrasG12D	no	-
ADPRHL1	NA	NA	0.03193050473371	0.886968849442897	TbID	KrasG12D	no	-
AFDN	2.28609433429438	4.94627402761639e-08	2.20907505610192	4.65201329787539e-08	congruent	KrasG12D	yes	gain
AGPAT3	0.00834432366019655	0.976059442713715	-0.145564411961267	0.0455135368936469	TbID	KrasG12D	no	-
AHCYL1	0.115020632013747	0.295204455539674	1.02188742551478	1.3908747855475e-05	TbID	KrasG12D	yes	gain
AHCYL2	0.301542948416298	0.0804941380203986	1.01887470069102	4.94806123052548e-05	TbID	KrasG12D	yes	gain
AK6	-0.0110528437975361	0.974998290787202	-0.213650476149002	0.231198342502195	nsig	KrasG12D	no	-
AKT1S1	0.0809291713980205	0.596152310819556	0.114952290488052	0.364535126332834	nsig	KrasG12D	no	-
ANAPC13	-0.284157426892656	0.433606116670115	NA	NA	AP-MS	KrasG12D	no	-
ANP32A	0.118658290088131	0.469512273821236	-0.884829144026821	0.340287947540481	nsig	KrasG12D	no	-
ANP32B	0.0626979537122789	0.693855513167134	NA	NA	AP-MS	KrasG12D	no	-
ANXA2	-0.197941054380568	0.253245611327098	-0.791313649558917	0.0043245079435409	TbID	KrasG12D	no	-
ANXA6	NA	NA	-1.82211698690115	0.00392623136948001	TbID	KrasG12D	yes	loss
AP3B1	0.122112996228443	0.421289381611941	0.477617645247046	0.000302397197756713	TbID	KrasG12D	no	-
ARAF	1.87175448415962	2.21162793516439e-07	0.206274489328385	0.0210425429461443	congruent	KrasG12D	yes	gain
ARHGAP28	1.06638196119976	2.5825499441316e-05	1.57473773051573	3.59764103784811e-05	congruent	KrasG12D	yes	gain
ARHGEF17	0.781535081114023	7.21940411091283e-05	1.29837570128085	1.00941806859837e-05	congruent	KrasG12D	yes	gain
ARIH1	0.108538605178753	0.385425887412538	-0.0334972148872641	0.845965849970076	nsig	KrasG12D	no	-
ARIH2	0.0299884078821666	0.854996044384898	-0.0822400058030368	0.807931766328726	nsig	KrasG12D	no	-
ARL6IP1	-0.120242901119809	0.682704280023225	-0.292064495390949	0.0742302927045817	nsig	KrasG12D	no	-
ARL6IP6	-0.0715883069045855	0.727277042721409	-0.0924577537215079	0.480182617699437	nsig	KrasG12D	no	-
ARV1	-0.131878872209807	0.329221569143717	-0.395413104303001	0.0123692889849736	TbID	KrasG12D	no	-
ASIC1	-0.0519465290651953	0.689280426032489	0.266361755490848	0.2087506517983	nsig	KrasG12D	no	-
ATG3	0.106165246977424	0.401200101035933	0.148814496937325	0.189345905848992	nsig	KrasG12D	no	-
ATP5F1E;ATP5F1EP2	-0.120370929922716	0.737397668117705	-0.273225173892813	0.0669017648829019	nsig	KrasG12D	no	-
BCL2L12	NA	NA	-0.296214182445997	0.663576214114346	TbID	KrasG12D	no	-
BHLHE41	0.19731066687965	0.59282820089364	NA	NA	AP-MS	KrasG12D	no	-
BMP1	NA	NA	0.0463789191000945	0.896894148634448	TbID	KrasG12D	no	-
BRAF	2.8608058589801	2.24501050919829e-07	2.49647033947542	4.65201329787539e-08	congruent	KrasG12D	yes	gain
C19orf53	-0.12417124497092	0.421289381611941	-0.426272111863712	0.0358783542105941	TbID	KrasG12D	no	-
C1GALT1	0.0578059909487196	0.824953591861988	-0.62695477647453	0.366518021364141	nsig	KrasG12D	no	-
C1orf21	NA	NA	-0.0307721796410245	0.861067042250177	TbID	KrasG12D	no	-
C7orf50	0.0436381245358088	0.753362074600556	-0.198903418369907	0.0455055984753885	TbID	KrasG12D	no	-
CA8	0.0649344022286886	0.766392056767925	NA	NA	AP-MS	KrasG12D	no	-
CADM1	0.127251086003811	0.712611391335117	2.61434355400312	0.342210940236951	nsig	KrasG12D	no	-
CAMKV	0.0534251350189443	0.829626475118562	-0.171988609613517	0.435459597474302	nsig	KrasG12D	no	-
CCDC137	-0.158897690745839	0.293056135934296	-0.29855042828906	0.0198000975484474	TbID	KrasG12D	no	-
CCDC61	NA	NA	0.583997997665362	0.41424184585012	TbID	KrasG12D	no	-
CCNYL1	-0.0610516296093468	0.763848829285803	-0.293263556632656	0.0484781067060158	TbID	KrasG12D	no	-
CD59	-0.210923754949661	0.412982917542362	-0.199367194969422	0.211951978171497	nsig	KrasG12D	no	-
CD99	0.172171227066326	0.465859065866096	0.920781321794942	0.00690604118928312	TbID	KrasG12D	no	-
CDC34	0.127895998281334	0.333986369337823	-0.150915048510576	0.217446190326716	nsig	KrasG12D	no	-
CDC37	0.613685565554029	0.000898866351470912	0.598096040026402	0.000110706993115313	congruent	KrasG12D	no	-
CEP104	0.854116829780395	5.82186985660031e-05	2.2944860168403	4.65201329787539e-08	congruent	KrasG12D	yes	gain
CFAP90	-1.0146694319554	0.434499053706373	NA	NA	AP-MS	KrasG12D	no	-
CHGA	NA	NA	-0.554702293217995	0.363256753847376	TbID	KrasG12D	no	-
CHMP1B	0.11909932060032	0.643577597576208	-0.403131006891142	0.0361125076597792	TbID	KrasG12D	no	-
CHPT1	-0.191133513248912	0.3648791426033	-0.419272900880873	0.0234808407728331	TbID	KrasG12D	no	-
CLK3	-0.207718791042598	0.302182444484663	-0.216157424893549	0.231136504625675	nsig	KrasG12D	no	-
CNTFR	NA	NA	0.0995894215980009	0.767326118544217	TbID	KrasG12D	no	-
COL18A1	0.142925263081723	0.618211468125679	0.386937638978027	0.00755324131614183	TbID	KrasG12D	no	-
COL5A1	NA	NA	0.402345776273926	0.0126866534489153	TbID	KrasG12D	no	-
COL5A2	NA	NA	1.64132531600192	0.101067915094883	TbID	KrasG12D	no	-
COPS2	0.108713594219948	0.443106386989691	-0.159253180064297	0.0653942184696122	nsig	KrasG12D	no	-
COPS3	0.101362253611478	0.441977490924464	-0.112857300444047	0.189667756267639	nsig	KrasG12D	no	-
COPS4	0.146507206132986	0.395049506618601	-0.0652570485388839	0.317324496253812	nsig	KrasG12D	no	-
COPS5	0.113843505598785	0.376139702797869	-0.0719904909231186	0.507674883721837	nsig	KrasG12D	no	-
COPS6	0.153381691815516	0.35643703912397	-0.0151008426538422	0.852363995929602	nsig	KrasG12D	no	-
COPS7A	0.16479569416556	0.359944932293203	-0.138557828286926	0.118474325729592	nsig	KrasG12D	no	-
COPS7B	0.0865862482513649	0.577865854517713	-0.376661006706076	0.0659747894246286	nsig	KrasG12D	no	-
COPS8	0.116622801855515	0.586236339318154	-0.0234238706978278	0.87086594257816	nsig	KrasG12D	no	-
CPNE5	NA	NA	-0.330522558053435	0.140905392713948	TbID	KrasG12D	no	-
CRTAP	-0.102681694464774	0.394254689978474	-0.108450284804228	0.361326948703398	nsig	KrasG12D	no	-
CSPG4	-0.020494791747776	0.837717424799953	0.145014701406891	0.195482247256952	nsig	KrasG12D	no	-
CSPG5	0.243540540944108	0.118785725137516	0.262503596952792	0.062892045234958	nsig	KrasG12D	no	-
CSRP1	0.126635189027898	0.421383866958817	0.175059438353529	0.309965179171896	nsig	KrasG12D	no	-
CTDSP2	NA	NA	0.365269401041793	0.0187793821833615	TbID	KrasG12D	no	-
CTSB	0.311185676461681	0.0430563187996939	0.372992567194521	0.0123692889849736	congruent	KrasG12D	no	-
CYP2C19	NA	NA	-1.60572195056799	0.0947372140080477	TbID	KrasG12D	no	-
CYP4X1	0.305772174526817	0.0306035246518406	0.32074130958352	0.0915371869979844	AP-MS	KrasG12D	no	-
DAD1	0.044441775313727	0.868632567952087	-0.202457241317866	0.39752649421443	nsig	KrasG12D	no	-
DCAF16	0.119245959304561	0.426537005501487	-0.137951645455084	0.391304658100883	nsig	KrasG12D	no	-
DCD	-0.651522134479897	0.130846214799913	-0.415876882865533	0.288044432457554	nsig	KrasG12D	no	-
DCUN1D4	0.0861303768028403	0.699595677221468	-0.425692752288107	0.145621237434024	nsig	KrasG12D	no	-
DCXR	-0.158041640511732	0.28392804690881	-0.358797990248103	0.0228091980061993	TbID	KrasG12D	no	-
DGKA	0.288931344860463	0.645066092011176	0.0842613169866144	0.593523194726661	nsig	KrasG12D	no	-
DHCR24	-0.211581985377494	0.146895228415732	-0.357318756901661	0.0162415292544687	TbID	KrasG12D	no	-
DLX6	-0.00931624575853718	0.974998290787202	-0.161341492136028	0.243815213683137	nsig	KrasG12D	no	-
DNAJB12	-0.168009543243979	0.304664298627638	-0.276978996122066	0.00995339059983151	TbID	KrasG12D	no	-
DNMT3B	-0.0683102810883796	0.735431407358491	-0.196892987832269	0.114899906813634	nsig	KrasG12D	no	-
DOCK5	0.0771776526616303	0.603423025383862	0.777972627811549	0.000115591983355726	TbID	KrasG12D	no	-
DPAGT1	NA	NA	-0.315953301875087	0.0881319957079526	TbID	KrasG12D	no	-
DPM1	-0.12953607164485	0.215234598759266	-0.192861414846675	0.04638302214563	TbID	KrasG12D	no	-
DPM3	-0.187808015638707	0.399682453776482	-0.221516994915872	0.157110458905974	nsig	KrasG12D	no	-
DR1	-0.313380340351976	0.194229475653848	0.00264201328479174	0.986107555492952	nsig	KrasG12D	no	-
DYNLL2	0.0520574569682513	0.784148498181037	0.0613744754582974	0.519212113170035	nsig	KrasG12D	no	-
EAPP	-0.0259428443686787	0.937825324197381	0.183997330435641	0.130370479289732	nsig	KrasG12D	no	-
ECPAS	0.0721522392682701	0.3932024008123	0.336891072234922	0.00167610562445837	TbID	KrasG12D	no	-
EDEM1	0.0902775568550993	0.743671136592695	-0.151353453610667	0.651991722280836	nsig	KrasG12D	no	-
EEF1AKMT2	-0.148005518377937	0.548896340131642	0.125008398263306	0.744577339129863	nsig	KrasG12D	no	-
EEF2K	0.113112828096972	0.406431955217444	0.417717989777126	0.00215447325122763	TbID	KrasG12D	no	-
EEPD1	0.125740148267036	0.570415196571034	0.131339730590781	0.564736500007425	nsig	KrasG12D	no	-
EIF4G2	0.118907513148228	0.220259271008522	0.418282057187568	0.000562541468379993	TbID	KrasG12D	no	-
EIF5A	0.205436509939878	0.0945469618303883	0.0174632237641195	0.851690505586635	nsig	KrasG12D	no	-
ELOVL7	NA	NA	-0.130007617066846	0.240511036085059	TbID	KrasG12D	no	-
EMC9	NA	NA	-0.395091038748546	0.136997079564983	TbID	KrasG12D	no	-
ERO1B	0.162067751639478	0.28887471705629	0.330695760557155	0.0190815794771854	TbID	KrasG12D	no	-
FADS3	NA	NA	-0.355207378550439	0.00577334425150246	TbID	KrasG12D	no	-
FAM200B	-0.0949377272609215	0.744917023942071	-0.0049128674526866	0.99006998805773	nsig	KrasG12D	no	-
FANCM	0.0704870174189569	0.792827684733305	0.207537950275078	0.0692587200512199	nsig	KrasG12D	no	-
FBN1	NA	NA	-0.390863051551991	0.328510193653323	TbID	KrasG12D	no	-
FNDC10	0.0363799714918773	0.899060000722486	0.105844841310702	0.454567622469053	nsig	KrasG12D	no	-
FOXC2	0.389775921993014	0.204033427923182	0.265889472023812	0.434269219775516	nsig	KrasG12D	no	-
FRG1	-0.434549042826763	0.0434608051838239	-0.210290655609999	0.0128120731611231	congruent	KrasG12D	no	-
FRMPD1	1.96730323524534	0.293056135934296	NA	NA	AP-MS	KrasG12D	no	-
FUT11	0.00462789570011068	0.987337861402544	-0.261907873381313	0.389702137769616	nsig	KrasG12D	no	-
GALNT12	-0.0494441575315303	0.859157695845525	-0.190480898831316	0.561520688846062	nsig	KrasG12D	no	-
GAS6	0.0981716036496518	0.748542147417423	NA	NA	AP-MS	KrasG12D	no	-
GDPD1	0.109666659390165	0.598198388132121	-0.444817401595607	0.522341149485209	nsig	KrasG12D	no	-
GET1	-0.00620815743012848	0.981941334319853	-0.136805739116991	0.15099305890498	nsig	KrasG12D	no	-
GNA11	0.0802449630633042	0.506637404361231	-0.204307595459284	0.048156627865923	TbID	KrasG12D	no	-
GNAI1	0.0554510348835979	0.770690821864907	-0.205460986630447	0.120856261252068	nsig	KrasG12D	no	-
GNAI2	0.0490758132868478	0.713115260822842	-0.234256062659723	0.0632346952958382	nsig	KrasG12D	no	-
GNAI3	0.121142465918576	0.445148184624486	-0.189966067428273	0.123666941825467	nsig	KrasG12D	no	-
GNAO1	NA	NA	0.143593116240645	0.28470259768703	TbID	KrasG12D	no	-
GNG10	-0.146135639652801	0.483277211679263	0.0355610931948434	0.849551157360779	nsig	KrasG12D	no	-
GNG4	NA	NA	-0.560548103927836	0.507018902966921	TbID	KrasG12D	no	-
GNL1	-0.215838983036798	0.591609994179313	-0.0337232596515165	0.873514994150917	nsig	KrasG12D	no	-
GPM6B	NA	NA	0.940181874217172	0.2287136105072	TbID	KrasG12D	no	-
GPS1	0.105946926669082	0.512738946911165	-0.111147873894938	0.108873156337114	nsig	KrasG12D	no	-
GRIK1	NA	NA	-0.106104066521441	0.785761858578803	TbID	KrasG12D	no	-
GRTP1	NA	NA	0.0994744357587933	0.786162887892255	TbID	KrasG12D	no	-
GTF2A1	0.01094493448376	0.975224096179027	0.131585635574368	0.281338112331048	nsig	KrasG12D	no	-
GUCD1	-0.117171094500831	0.442642338261084	-0.348746700371139	0.00990068187251715	TbID	KrasG12D	no	-
H1-4	-0.0183538407347106	0.956658308561159	-0.20551943979363	0.0887916180258198	nsig	KrasG12D	no	-
HDGFL2	-0.245598087660928	0.304105767076436	-0.0298217183237472	0.729293791797369	nsig	KrasG12D	no	-
HLA-DQB1	-0.246814151090888	0.247940865891301	-0.103952220792127	0.493100330813553	nsig	KrasG12D	no	-
HMGN1	-0.426364281090379	0.215110322769208	-0.0561741482534366	0.59710633444556	nsig	KrasG12D	no	-
HRAS	0.589395616347089	0.386168876628081	0.148433898960038	0.642681317736239	nsig	KrasG12D	no	-
IFITM1	NA	NA	-0.101655981394712	0.619706098672817	TbID	KrasG12D	no	-
IFRD2	-0.344665931657024	0.248554526830639	-0.139856577973914	0.0915371869979844	nsig	KrasG12D	no	-
IPO9	0.136026221895571	0.434234122849348	-0.0193779115231791	0.854319221926465	nsig	KrasG12D	no	-
IQGAP2	0.0687493812150901	0.573550286362982	0.0763690823340522	0.376513148150713	nsig	KrasG12D	no	-
ITGA1	NA	NA	0.442049180104978	0.158911014337231	TbID	KrasG12D	no	-
ITGA2	NA	NA	0.458109257766664	0.00656171692313885	TbID	KrasG12D	no	-
ITGA4	0.0359372924751149	0.795758972130103	0.152639398102564	0.641720370000986	nsig	KrasG12D	no	-
KANK1	0.113386536450403	0.327618268787017	-0.0381110615215992	0.568170849685023	nsig	KrasG12D	no	-
KCTD10	0.00427481230097548	0.984870265849327	-0.526591332386722	0.0154771562824214	TbID	KrasG12D	no	-
KCTD16	-0.195808964710997	0.671757120821915	NA	NA	AP-MS	KrasG12D	no	-
KPRP	-0.866672344318342	0.0464864248688836	-0.547091553547867	0.0613099092424202	AP-MS	KrasG12D	no	-
KRAS	-0.0897701386834164	0.40873073646873	-0.0185762563752583	0.911172804763008	nsig	KrasG12D	no	-
LCLAT1	-0.192206858751804	0.284009280638373	-0.317820314136162	0.0148941302196762	TbID	KrasG12D	no	-
LGALS7	-0.472861578494413	0.305757574885831	-3.600176187637	6.37218360604398e-05	TbID	KrasG12D	yes	loss
LGALS8	NA	NA	-0.23386587176477	0.0366244414452	TbID	KrasG12D	no	-
LOXL1	0.0648419659418877	0.684961446692537	0.205740455792883	0.0591054704950256	nsig	KrasG12D	no	-
LTBP4	-0.231061220577375	0.0981885117254128	-0.164484962015262	0.624068495685359	nsig	KrasG12D	no	-
LYN	-0.112199720717932	0.34811530818615	-0.175358036516066	0.239131694738594	nsig	KrasG12D	no	-
LZTR1	-2.28787465555502	7.48860877657534e-07	-0.506444162156441	0.000898213391826626	congruent	KrasG12D	yes	loss
MAGT1	-0.0421668592669402	0.825484486993814	-0.158302918723228	0.161801235969433	nsig	KrasG12D	no	-
MAP2K1	0.718856446155044	0.00158945809422684	0.478826099649684	0.0134014793137007	congruent	KrasG12D	no	-
MAP3K12	2.15746692322116	3.02290822147883e-05	NA	NA	AP-MS	KrasG12D	yes	gain
MAP4K1	NA	NA	0.117998191159641	0.932290013530339	TbID	KrasG12D	no	-
MAPK14	-0.0398708604209546	0.801106887449147	-0.162838807210161	0.191719966599605	nsig	KrasG12D	no	-
MDK	-0.0813717632468247	0.821708208584618	-0.343941663467908	0.0609645675544041	nsig	KrasG12D	no	-
MEGF8	-0.0414331653293694	0.680195228548089	0.4602889963185	0.434233870802793	nsig	KrasG12D	no	-
MFAP2	NA	NA	0.368619075585563	0.288590174673855	TbID	KrasG12D	no	-
MOK	0.0487629078696097	0.89021340475374	-0.28085767857565	0.256864669261436	nsig	KrasG12D	no	-
MOXD1	0.0640915229330172	0.715051899461628	0.0890112117668664	0.389702137769616	nsig	KrasG12D	no	-
MRAP2	NA	NA	-0.0269061437017726	0.947176477890309	TbID	KrasG12D	no	-
MSANTD2	1.03462476089128	0.178559740267539	NA	NA	AP-MS	KrasG12D	no	-
MTHFR	-0.001177808889544	0.993718636608041	NA	NA	AP-MS	KrasG12D	no	-
MYO1C	0.0427844899172243	0.655125380328895	-0.270556630898135	0.0122201790244247	TbID	KrasG12D	no	-
N4BP2L1	NA	NA	0.229450965250023	0.49313562095322	TbID	KrasG12D	no	-
NFU1	0.188336251673231	0.220454967751472	NA	NA	AP-MS	KrasG12D	no	-
NR2F2	-0.0617230678703073	0.734903180087615	-0.0761209225622554	0.408244993450443	nsig	KrasG12D	no	-
NRAS	0.0549425633910268	0.919059733985946	-0.394064980968615	0.00656592445076566	TbID	KrasG12D	no	-
NUCKS1	-0.313352914190299	0.502427703627134	0.0744591789622664	0.591228700812749	nsig	KrasG12D	no	-
NUTF2	0.069595391899826	0.736384193413112	0.0956510671029944	0.709081087076584	nsig	KrasG12D	no	-
OCLN	-0.0783415096324944	0.599660903395096	0.00998914375588278	0.933062204093869	nsig	KrasG12D	no	-
OLA1	0.16225539434779	0.187887981910307	-0.00734828453759384	0.944567888141114	nsig	KrasG12D	no	-
OTULINL	-0.126159360279033	0.282749861357421	-0.35518979252921	0.0476400549689341	TbID	KrasG12D	no	-
P3H4	-0.165967608002545	0.234547584643922	-0.120647175299601	0.276307686455073	nsig	KrasG12D	no	-
PADI2	-0.0579765568697743	0.855460235551472	1.78174171115045	0.00253522660205722	TbID	KrasG12D	yes	gain
PAQR7	NA	NA	-0.119831082605801	0.769907406378528	TbID	KrasG12D	no	-
PAQR9	NA	NA	-0.239683346357005	0.178304284817617	TbID	KrasG12D	no	-
PDCL	0.231062468607826	0.204033427923182	0.323888348706644	0.0171533514595326	TbID	KrasG12D	no	-
PEX11A	NA	NA	-0.100034283642417	0.764352748490434	TbID	KrasG12D	no	-
PEX14	0.0882410653677432	0.639721956478184	0.186163455725636	0.0785962472652091	nsig	KrasG12D	no	-
PFN2	0.153162493078266	0.334808296764537	-0.0671702846197739	0.60261533842076	nsig	KrasG12D	no	-
PIGB	-0.128554475569471	0.411181612875471	-0.329674107471373	0.00810908790834793	TbID	KrasG12D	no	-
PIGS	-0.0640387333702552	0.565782948373025	-0.0714472304481539	0.37133829649733	nsig	KrasG12D	no	-
PIK3CA	1.78654237241502	5.68791644981454e-08	1.71822034386497	1.16514254201608e-06	congruent	KrasG12D	yes	gain
PIK3CD	0.566381214334991	0.0759860033665075	0.815262740301258	0.00356388206081926	TbID	KrasG12D	no	-
PIK3R1	0.901946778419765	6.43799616408754e-06	0.421411906780119	0.00439647478729259	congruent	KrasG12D	no	-
PIK3R2	0.712286360550939	0.000387062312567478	0.381568706324511	0.00743630250863585	congruent	KrasG12D	no	-
PLCE1	1.42507457054818	2.29395409787984e-07	2.00993612883224	4.65201329787539e-08	congruent	KrasG12D	yes	gain
PLEKHF1	0.100011041081096	0.445148184624486	-0.135766988142407	0.689115628596509	nsig	KrasG12D	no	-
PLGRKT	-0.0040581688813468	0.987337861402544	-0.00916060874735081	0.980222339618596	nsig	KrasG12D	no	-
PPIB	-0.36819293610697	0.173664172550529	-0.1087781410147	0.265502647395121	nsig	KrasG12D	no	-
PPM1G	0.0303907043397356	0.831001218467319	0.261336541642534	0.00462064386407046	TbID	KrasG12D	no	-
PPP1R12A	0.11007780586935	0.338912955380067	0.187466914846029	0.0152834478039368	TbID	KrasG12D	no	-
PPP1R14C	0.21510756215136	0.578844948317983	-0.0583249250593241	0.694762870094849	nsig	KrasG12D	no	-
PPP1R2	0.227247326401046	0.185136959916862	0.288285418965611	0.0153805927772661	TbID	KrasG12D	no	-
PRRT4	0.138680352043972	0.626251469785029	0.00623291104474255	0.987335868813059	nsig	KrasG12D	no	-
PSMD1	0.10336589584271	0.439675969281801	-0.142932304443626	0.0357797200339129	TbID	KrasG12D	no	-
PSMD11	0.00111468347756194	0.995440356394853	-0.200273875729438	0.0559694259900518	nsig	KrasG12D	no	-
PSMD12	0.0484442093923558	0.650799461842752	-0.144490057789298	0.25232174100554	nsig	KrasG12D	no	-
PSMD13	-0.0714808383433265	0.572629030090901	-0.135362744797096	0.201007777513629	nsig	KrasG12D	no	-
PSMD2	0.154749346772592	0.251625399306493	-0.0185529061735785	0.813622095376946	nsig	KrasG12D	no	-
PSMD4	0.042491171115806	0.68670762999092	-0.0525431492750759	0.417711636190294	nsig	KrasG12D	no	-
PSMD7	0.0621800249190052	0.643577597576208	-0.0820062253670617	0.351321903265279	nsig	KrasG12D	no	-
PTMA	0.111468502599244	0.753059408330142	0.247203674616271	0.158691081113241	nsig	KrasG12D	no	-
PXMP2	-0.0648202298325149	0.801106887449147	-0.221764278038968	0.157114327775101	nsig	KrasG12D	no	-
RADIL	2.24208235409082	2.88914382302512e-07	0.587539202476682	0.00255072237040865	congruent	KrasG12D	yes	gain
RAF1	2.50215007513317	2.88381811528681e-08	1.80425556624897	2.12374981050286e-05	congruent	KrasG12D	yes	gain
RALGDS	0.615147206007521	0.000544700035568872	1.97284336994042	0.0010601502496709	congruent	KrasG12D	yes	gain
RAP1B	0.0904860717417133	0.70078523231099	0.0473384863439179	0.788390850233523	nsig	KrasG12D	no	-
RAP1GDS1	0.137459926757831	0.28113361421406	-0.0804216490333776	0.357802758326949	nsig	KrasG12D	no	-
RAPGEF4	0.723014839884367	0.000898866351470912	NA	NA	AP-MS	KrasG12D	no	-
RASSF5	2.04328912881961	2.44559800161421e-07	1.57939312851663	9.49718067877603e-05	congruent	KrasG12D	yes	gain
RBM15B	0.0384883584546341	0.790843116013284	-0.185100568530657	0.0458471605471999	TbID	KrasG12D	no	-
RBM4	-0.0420215296732227	0.671953104550677	-0.110727702624347	0.357912490289685	nsig	KrasG12D	no	-
RBM4B	NA	NA	-0.180868481034732	0.125055375088712	TbID	KrasG12D	no	-
RDH11	-0.13472736454489	0.284289316953483	-0.352977243870532	0.206152749588419	nsig	KrasG12D	no	-
REEP4	-0.166012647392824	0.395334733803328	-0.23406726760288	0.0471359663603343	TbID	KrasG12D	no	-
RFT1	0.0356828950964765	0.86903785332206	-0.215615157537025	0.0472528718405345	TbID	KrasG12D	no	-
RGL1	2.76995320404996	3.49798950238264e-06	1.92648371618454	8.83577051091941e-05	congruent	KrasG12D	yes	gain
RGL2	2.50375238502532	4.9949125864046e-08	1.31937015546307	0.000141502957018285	congruent	KrasG12D	yes	gain
RIOK1	-0.344382548430051	0.232343660533088	-0.0720129252708688	0.386078379003902	nsig	KrasG12D	no	-
RNF11	-0.0242026641135906	0.946531441820943	-0.0650971496450268	0.874632491662689	nsig	KrasG12D	no	-
RNH1	0.145089912546716	0.220259271008522	0.0418416737092659	0.744785322143189	nsig	KrasG12D	no	-
RP2	-0.131640187771245	0.426755395523668	-0.0806267528049585	0.54567391075619	nsig	KrasG12D	no	-
RPL39;RPL39P5	NA	NA	-0.125343423735901	0.600499623905795	TbID	KrasG12D	no	-
RPN1	0.000139900830518513	0.999699985608292	-0.12150478910176	0.554782397816454	nsig	KrasG12D	no	-
RPN2	0.0280051714789042	0.934106480571973	-0.0722715099435387	0.803274634642677	nsig	KrasG12D	no	-
RRAS2	-0.00559756853783888	0.976060846300689	-0.165005423432124	0.225216691378923	nsig	KrasG12D	no	-
RTN4RL2	NA	NA	0.0536098809356371	0.822351112217268	TbID	KrasG12D	no	-
S100A10	0.0870686585843528	0.652703343213772	-0.682186310135242	0.0155202580470479	TbID	KrasG12D	no	-
SCD	-0.141709099567173	0.413807587558688	-0.179426294540702	0.185665242808063	nsig	KrasG12D	no	-
SCD5	0.0102205210899289	0.966757880696576	-0.0446972611561272	0.639081035856159	nsig	KrasG12D	no	-
SCRIB	-0.188964193938533	0.0667135654608393	0.565969742163073	0.000100639748620769	TbID	KrasG12D	no	-
SDR39U1	-0.136546817031231	0.412982917542362	-0.707878143706585	0.110632606815797	nsig	KrasG12D	no	-
SERINC3	NA	NA	-0.159642265075393	0.676160199862895	TbID	KrasG12D	no	-
SETD4	-0.120224648085919	0.701012081456856	-0.139118800318566	0.329549446102584	nsig	KrasG12D	no	-
SETSIP	0.258466900314325	0.581962886306732	NA	NA	AP-MS	KrasG12D	no	-
SHANK2	NA	NA	1.36379883908247	0.00608501308044083	TbID	KrasG12D	yes	gain
SHOC2	-0.365895645863814	0.0836812490796941	0.709333203058833	0.000270062550137982	TbID	KrasG12D	no	-
SIRT1	0.0407132542863646	0.827568482501831	0.216002538148196	0.028321689459937	TbID	KrasG12D	no	-
SLC19A2	NA	NA	-0.257999833593798	0.117066164918678	TbID	KrasG12D	no	-
SLC26A2	0.0788298531955709	0.59282820089364	-0.117857989579148	0.494345140607442	nsig	KrasG12D	no	-
SLC30A7	-0.220834699140937	0.27697641010963	-0.233561565845472	0.130993375612465	nsig	KrasG12D	no	-
SLC35B2	-0.0669219900240829	0.671757120821915	-0.267920489296886	0.015558986513711	TbID	KrasG12D	no	-
SLC35F1	NA	NA	-0.0162859421298958	0.94361584420431	TbID	KrasG12D	no	-
SMAP	0.136095259370935	0.491746401072388	0.082701654806673	0.507209757649534	nsig	KrasG12D	no	-
SMIM26	-0.0970680767166048	0.61684296902218	-0.337027764606367	0.110093501225053	nsig	KrasG12D	no	-
SOAT1	-0.124980465618295	0.620358031406826	0.00873579854678219	0.987335868813059	nsig	KrasG12D	no	-
SOWAHD	0.185960981657685	0.296459124351915	0.364571430204033	0.257383903109465	nsig	KrasG12D	no	-
SOX18	-0.0477182254843154	0.922979228632058	NA	NA	AP-MS	KrasG12D	no	-
SPRR1B;SPRR1A	-0.559713480905618	0.326101959410921	NA	NA	AP-MS	KrasG12D	no	-
SRI	0.0274594403388644	0.848959172985023	-0.296551726422537	0.124934472142767	nsig	KrasG12D	no	-
SRPX	0.0708609376976925	0.867611909547697	0.201850664057398	0.103647126595043	nsig	KrasG12D	no	-
SRRD	NA	NA	-0.221038281941626	0.163539547959006	TbID	KrasG12D	no	-
SSU72	0.0840405401913245	0.445639926326562	-0.0366578062217418	0.78150740421936	nsig	KrasG12D	no	-
STT3A	-0.0472989377692645	0.891522828662336	-0.170108093447169	0.248339304821902	nsig	KrasG12D	no	-
STT3B	-0.0582091350860132	0.689255447537388	-0.176368079172505	0.32554993530262	nsig	KrasG12D	no	-
SULF1	NA	NA	0.193068799314373	0.129031481169114	TbID	KrasG12D	no	-
SULF2	-0.148835086642139	0.181121452531943	0.0758695423960791	0.515428610619072	nsig	KrasG12D	no	-
SUN2	-0.0596417017436863	0.645046119866897	-0.0823655669811565	0.297782255213434	nsig	KrasG12D	no	-
TAF1A	0.0427089221462005	0.80368430405966	-0.232375776766734	0.0085487024253	TbID	KrasG12D	no	-
TCOF1	-0.108590542255794	0.537335569936037	0.0485132564370634	0.547037307553636	nsig	KrasG12D	no	-
THAP1	-0.0326989618948428	0.951082714694935	NA	NA	AP-MS	KrasG12D	no	-
THRA	-0.435952271146361	0.220555827947231	NA	NA	AP-MS	KrasG12D	no	-
THUMPD1	0.115460296436147	0.335196165348941	0.0702793098025936	0.403082031161897	nsig	KrasG12D	no	-
TLCD2	NA	NA	-0.339149505174751	0.127414136648626	TbID	KrasG12D	no	-
TLCD4	NA	NA	-0.215949255412385	0.489922160384915	TbID	KrasG12D	no	-
TMEM128	NA	NA	-0.326952399982715	0.275593806272832	TbID	KrasG12D	no	-
TMEM161A	-0.192686708214536	0.439675969281801	-0.315197644334507	0.0193618737789156	TbID	KrasG12D	no	-
TMEM214	-0.0993264362500046	0.452046971156662	-0.307760639568096	0.00632365439236041	TbID	KrasG12D	no	-
TMEM256	NA	NA	-0.345775136244703	0.37559935417467	TbID	KrasG12D	no	-
TMEM38A	NA	NA	-0.396416595658084	0.0274228695620556	TbID	KrasG12D	no	-
TMT1A	0.0940930947364533	0.714958020900826	-0.126778399357415	0.502140395914589	nsig	KrasG12D	no	-
TNPO1	0.0319936136976366	0.874763182860009	-0.139257515667166	0.0647016156367267	nsig	KrasG12D	no	-
TPM1	0.394570615909396	0.366047842743848	NA	NA	AP-MS	KrasG12D	no	-
TRAF7	-1.99230945592797	2.29395409787984e-07	-0.00110337572131769	0.991585873305148	AP-MS	KrasG12D	yes	loss
TTC39B	NA	NA	0.0796462321895133	0.834969503535815	TbID	KrasG12D	no	-
TTL	NA	NA	0.505000188223272	0.469677236073345	TbID	KrasG12D	no	-
TUSC3	NA	NA	-0.265987593675538	0.096056488740741	TbID	KrasG12D	no	-
TXNL1	0.0851932951424939	0.521393197386656	0.122025085257828	0.277523536558853	nsig	KrasG12D	no	-
UBE2R2	0.185605294617083	0.281998656075697	NA	NA	AP-MS	KrasG12D	no	-
UBP1	-0.217118420162679	0.46600993340281	-0.100187487006044	0.4440919273647	nsig	KrasG12D	no	-
UBTD1	-0.0202063933219172	0.951082714694935	-0.259409267847904	0.265940024220296	nsig	KrasG12D	no	-
UBXN7	-0.00211205165677342	0.992006152859843	-0.0565169860523191	0.494292936402969	nsig	KrasG12D	no	-
UQCRFS1P1	NA	NA	-0.122149787272573	0.180999450401027	TbID	KrasG12D	no	-
USP15	0.183968538112749	0.0667135654608393	0.20065362908668	0.0087930578238453	TbID	KrasG12D	no	-
USP25	-0.192870791938184	0.872967636094882	-1.18889392629764	0.0551627114101803	nsig	KrasG12D	no	-
USP47	0.0767756324365454	0.500460340542749	0.128897314042888	0.0434584873663649	TbID	KrasG12D	no	-
USP7	0.0693408599756129	0.570429127662881	0.246583874482058	0.00608501308044083	TbID	KrasG12D	no	-
VCAN	0.0190948625250549	0.89117384604495	0.0818230215603641	0.576960789957923	nsig	KrasG12D	no	-
WNT11	NA	NA	0.262932165394655	0.163620068249235	TbID	KrasG12D	no	-
XXYLT1	-0.0413622090914725	0.707096147989463	-0.0965450104519263	0.299359432361427	nsig	KrasG12D	no	-
YES1	-0.0440647222105994	0.777285203619211	-0.172413037052534	0.141121046770288	nsig	KrasG12D	no	-
YWHAB	1.16179645959841	3.02290822147883e-05	0.189839679626623	0.0327103034352485	congruent	KrasG12D	yes	gain
YWHAE	1.15282283661339	3.49798950238264e-06	0.312095992995046	0.00474571663885895	congruent	KrasG12D	yes	gain
YWHAG	1.39962427522689	9.23341014549346e-06	0.332933556473392	0.00511488267005163	congruent	KrasG12D	yes	gain
YWHAH	1.39101968534221	7.77014575910571e-07	0.316411241077367	0.00608501308044083	congruent	KrasG12D	yes	gain
YWHAQ	0.755952920492602	3.57031197367615e-05	-0.0659360683342332	0.431242675431843	AP-MS	KrasG12D	no	-
YWHAZ	0.791675385333605	0.000456007423849266	0.0246508898910047	0.80281022936864	AP-MS	KrasG12D	no	-
ZBTB10	-0.0652234557146318	0.57240362132797	-0.0694346895445648	0.291713563902842	nsig	KrasG12D	no	-
ZBTB43	-0.334674539699225	0.302064688208221	0.127755520419333	0.266386949097762	nsig	KrasG12D	no	-
ZDHHC6	-0.112697498065721	0.792246189245867	-0.0757171662457043	0.328993177662091	nsig	KrasG12D	no	-
ZFTRAF1	0.0395633983957211	0.916221355296152	-1.51975151492472	0.344978721357274	nsig	KrasG12D	no	-
ZIC2	0.0149621585125512	0.946531441820943	-0.145895163365642	0.15189633443901	nsig	KrasG12D	no	-
ZIC5	0.382686255319705	0.395334733803328	NA	NA	AP-MS	KrasG12D	no	-
ZNF117	0.870733518539875	0.257547105621159	-1.21136983242568	0.0872809676032476	nsig	KrasG12D	no	-
ZNF594	NA	NA	-0.239975140263493	0.0114138241612163	TbID	KrasG12D	no	-
ZNF596	NA	NA	0.218846025526181	0.512175000835411	TbID	KrasG12D	no	-
ZNF630	NA	NA	-0.467124956245764	0.142904560803573	TbID	KrasG12D	no	-
ZNF723	NA	NA	-0.768518374012269	0.0780974432511002	TbID	KrasG12D	no	-
ZNF83	NA	NA	-0.950233121263411	0.028321689459937	TbID	KrasG12D	no	-
ABCB11	NA	NA	0.842618168236057	0.0506202582528772	TbID	Raf1S259F	no	-
ABHD15	0.823968637947648	0.0367731813060722	0.0735803528855253	0.384313192209699	AP-MS	Raf1S259F	no	-
ABHD17C	-0.100672672075006	0.720145407690336	0.0436015627914482	0.787924678520553	nsig	Raf1S259F	no	-
ACAN	NA	NA	1.48910464394363	0.000721632880410348	TbID	Raf1S259F	yes	gain
ACTL8	0.625343209649647	0.0339170911182662	1.29398409887676	0.000152355495405595	congruent	Raf1S259F	yes	gain
ADAMTS1	1.42658433091797	0.00295816456991909	1.07572591286538	0.000202893311403233	congruent	Raf1S259F	yes	gain
ADGRV1	0.835610475757447	0.0160836176244976	-0.375325446349912	0.00711497208225875	opposite	Raf1S259F	no	-
ADIPOR2	-0.0367953541895413	0.914531171674598	0.719263848190182	0.000559633495585077	TbID	Raf1S259F	no	-
ADPRHL1	0.617794749233844	0.182616305306649	0.544848210616014	0.0119252092101905	TbID	Raf1S259F	no	-
AEN	NA	NA	-0.264115201494435	0.0272576318911458	TbID	Raf1S259F	no	-
AIDA	0.762194903231125	0.273229237576652	0.391145517273143	0.011238205465563	TbID	Raf1S259F	no	-
AIP	0.375871204415599	0.164793333525151	0.610869005580748	0.00171453115727344	TbID	Raf1S259F	no	-
AKAP11	0.923138991221695	0.0235228517955902	-0.299745970621379	0.00286594793211237	opposite	Raf1S259F	no	-
AKAP8L	0.229292108516014	0.551187494733199	0.0266629729382004	0.705206421720965	nsig	Raf1S259F	no	-
ALG11	-0.0295807911407318	0.931565591913115	0.213454892221822	0.00653030197041632	TbID	Raf1S259F	no	-
ALOX12B	0.195019749509139	0.61318196345616	-2.35359553141643	0.00619513580381849	TbID	Raf1S259F	yes	loss
AMER1	0.407523632361947	0.17032212226572	-0.182618305474357	0.335063506352685	nsig	Raf1S259F	no	-
ANGPT2	-0.0437222511658825	0.920742447206209	0.733855672105626	0.119456439882265	nsig	Raf1S259F	no	-
ANKMY2	0.503974135093257	0.0476488663412672	0.0250585566296753	0.756038256955005	AP-MS	Raf1S259F	no	-
ANKRD18A	NA	NA	0.363530054733931	0.298704349330034	TbID	Raf1S259F	no	-
ANKRD28	0.933565985715974	0.0101080811038779	0.084220308763701	0.317885535402489	AP-MS	Raf1S259F	no	-
ANKRD49	NA	NA	-0.184224440393919	0.586682438474403	TbID	Raf1S259F	no	-
ANXA5	1.3338333799888	0.00629113864175919	0.195204455940947	0.156935799120167	AP-MS	Raf1S259F	yes	gain
APOBEC3B	NA	NA	1.01023692258111	0.000228855015564847	TbID	Raf1S259F	yes	gain
APOLD1	NA	NA	0.653418716244355	0.00338274078405551	TbID	Raf1S259F	no	-
ARC	1.58190502158199	0.00797472223970873	2.21121160430795	0.000211342607836818	congruent	Raf1S259F	yes	gain
AREG	NA	NA	0.992386538461102	0.00531223342258684	TbID	Raf1S259F	no	-
ARF1	NA	NA	0.250319720530783	0.126483065018634	TbID	Raf1S259F	no	-
ARL6IP1	0.835829725736262	0.117578588740343	0.511571905253066	0.00064845167701877	TbID	Raf1S259F	no	-
ARMC5	-0.10293269615143	0.61318196345616	-0.264356243096049	0.00931870254777668	TbID	Raf1S259F	no	-
ARMCX3	0.555002448874442	0.0122029478229605	0.532922084783504	0.000382944983650407	congruent	Raf1S259F	no	-
ARSB	0.428554220067871	0.3138994074545	0.367330574754206	0.0736684886447427	nsig	Raf1S259F	no	-
ARV1	-0.382252111392287	0.0965726851734201	-0.483151132291682	0.00235677886043479	TbID	Raf1S259F	no	-
ASB6	0.21190358486849	0.130829994042908	0.248186465154144	0.00390075126790918	TbID	Raf1S259F	no	-
ASDURF	1.31996039137056	0.00694689079787461	0.408876990949557	0.0110738317681653	congruent	Raf1S259F	yes	gain
ASPHD1	0.926407937537269	0.0471976377342466	1.41547524013192	0.00398284057669506	congruent	Raf1S259F	yes	gain
ASPM	0.547214399688178	0.00877001868175067	-0.171814183127866	0.0938742236589834	AP-MS	Raf1S259F	no	-
ATAT1	0.118450474223102	0.586889177901339	0.230355011595162	0.0281450455741334	TbID	Raf1S259F	no	-
ATG9A	1.1511977409366	0.0159229913126284	-0.0691242810958791	0.343266593902989	AP-MS	Raf1S259F	yes	gain
ATP6V0A1	0.337535336120458	0.0632703254805697	0.487495262844089	0.00302808431992311	TbID	Raf1S259F	no	-
B3GALT1	NA	NA	0.483854584080737	0.0242723783803945	TbID	Raf1S259F	no	-
BAG2	1.1706452059408	0.0124157185229863	0.399384902689437	0.000520337946940217	congruent	Raf1S259F	yes	gain
BAMBI	0.511080669346607	0.363682704803052	0.0583568151851607	0.820247460162978	nsig	Raf1S259F	no	-
BCR	0.6686499250225	0.0267846172677057	0.169186129728839	0.0211794797376452	congruent	Raf1S259F	no	-
BHLHE40	1.45134968005611	0.0171980339446264	NA	NA	AP-MS	Raf1S259F	yes	gain
BTBD6	NA	NA	0.310802427396003	0.167371788002042	TbID	Raf1S259F	no	-
BTBD9	0.275361507511002	0.239655660558038	0.284484456051986	0.215946026803328	nsig	Raf1S259F	no	-
BTG3	0.0205091651725952	0.947270828462654	0.169295555888093	0.140333982396575	nsig	Raf1S259F	no	-
C11orf96	1.82134592534608	0.00701847405452669	2.55830250123429	0.000202893311403233	congruent	Raf1S259F	yes	gain
CALCOCO2	0.0275705985979216	0.853166512586426	0.88708939997157	0.000923180752143457	TbID	Raf1S259F	no	-
CARD10	1.19747595052019	0.00629113864175919	0.159869960108497	0.150626142391425	AP-MS	Raf1S259F	yes	gain
CBARP	1.04857958774306	0.0431946891064685	0.643990269214422	0.00286393666617863	congruent	Raf1S259F	yes	gain
CCDC125	1.13109373852755	0.0103550726257377	0.752367240707101	0.00210696730273918	congruent	Raf1S259F	yes	gain
CCN1	0.649831392672148	0.0805890084491617	0.815413880223982	0.000267937833058796	TbID	Raf1S259F	no	-
CCNG1	-0.0883858863225674	0.77635461111072	-0.560495526294818	0.00823430248722615	TbID	Raf1S259F	no	-
CCP110	1.21728281409171	0.00295816456991909	0.502025870088576	0.000609792518800791	congruent	Raf1S259F	yes	gain
CCT2	1.06904829042271	0.0101080811038779	0.139175845970378	0.275229367829062	AP-MS	Raf1S259F	yes	gain
CCT3	1.14019618881405	0.00517336750297317	0.0968398920622363	0.249774521709051	AP-MS	Raf1S259F	yes	gain
CCT4	1.10890782379669	0.00554290144132972	0.142701255527439	0.158533487628741	AP-MS	Raf1S259F	yes	gain
CCT5	1.12584655780008	0.0100921212169897	0.141833707916115	0.205291857501707	AP-MS	Raf1S259F	yes	gain
CCT6A	1.12475916011882	0.0145956404593007	0.118553354393265	0.292233137019835	AP-MS	Raf1S259F	yes	gain
CCT6B	1.26784320884429	0.0158266837335857	0.0536158880221671	0.654591172964757	AP-MS	Raf1S259F	yes	gain
CCT7	1.19557356857627	0.0103273323094622	0.117925136924971	0.348059791084931	AP-MS	Raf1S259F	yes	gain
CCT8	1.20683749634387	0.00797421874459968	0.368177105366236	0.00723936917234934	congruent	Raf1S259F	yes	gain
CD44	1.02873581660392	0.0357171761946152	1.47163055171892	0.000264752634315694	congruent	Raf1S259F	yes	gain
CD47	NA	NA	0.443557959248346	0.00171945196248661	TbID	Raf1S259F	no	-
CDC123	0.485117419087049	0.210729625043317	0.0458077817664036	0.604427638472757	nsig	Raf1S259F	no	-
CDC37	0.0160274886074537	0.971767174494112	0.000688248043782007	0.995601650754272	nsig	Raf1S259F	no	-
CDC6	0.414071755696444	0.174033549311507	0.101536918054573	0.28275921645698	nsig	Raf1S259F	no	-
CDK5RAP2	0.443587296269291	0.110270043880935	0.0249887233775484	0.743099265490546	nsig	Raf1S259F	no	-
CDKN1A	2.30569667265061	0.00629113864175919	1.77794734494882	0.000975320038973177	congruent	Raf1S259F	yes	gain
CENPB	0.819125768104012	0.0284826579272959	0.195554611423341	0.0150733098702299	congruent	Raf1S259F	no	-
CENPI	0.0602150693879906	0.885972102458435	-0.357264507241356	0.00378035524796981	TbID	Raf1S259F	no	-
CEP97	0.967685198124931	0.00656392849078369	0.340950465733204	0.00170873948928409	congruent	Raf1S259F	no	-
CHGA	NA	NA	0.706874797491456	0.024456531037466	TbID	Raf1S259F	no	-
CHGB	NA	NA	1.17167249597484	0.00064845167701877	TbID	Raf1S259F	yes	gain
CHST3	NA	NA	0.649749767193294	0.0402132379862628	TbID	Raf1S259F	no	-
CHSY3	-0.0216707657369779	0.934561996029863	-0.197537444582673	0.0127954126634489	TbID	Raf1S259F	no	-
CLK1	0.407810040901832	0.462869021875524	0.532734460458806	0.00578433322217656	TbID	Raf1S259F	no	-
CLN8	NA	NA	0.465798113759131	0.00463845023078672	TbID	Raf1S259F	no	-
CLSPN	0.779665098010175	0.0110126619132312	0.194323732406671	0.0618849517009419	AP-MS	Raf1S259F	no	-
CLU	-0.461495249187429	0.0206610580607319	0.403173699426895	0.00975339144294591	opposite	Raf1S259F	no	-
COL6A3	0.746759225311466	0.150536393218815	NA	NA	AP-MS	Raf1S259F	no	-
COPS2	0.65079391637887	0.017616331089235	0.390425633759435	0.00327878467243105	congruent	Raf1S259F	no	-
CORO1A	0.464784350740295	0.0868643133977358	1.17019139503883	0.000178320704676276	TbID	Raf1S259F	yes	gain
CPTP	-0.293511961503558	0.23680318806744	-0.0254377129258196	0.853131011097391	nsig	Raf1S259F	no	-
CRABP2	0.690182141142501	0.0381443102280954	1.31508930061093	0.00398284057669506	congruent	Raf1S259F	yes	gain
CRACDL	1.15083969950419	0.0143612048858345	NA	NA	AP-MS	Raf1S259F	yes	gain
CRIP2	1.53047154896422	0.0159229913126284	1.68722581601389	2.4454311475238e-05	congruent	Raf1S259F	yes	gain
CSPG4	2.03522339567838	0.00124106704283742	2.47468876449194	0.000205657027220264	congruent	Raf1S259F	yes	gain
CSRNP1	1.18248583398909	0.00897510755369203	NA	NA	AP-MS	Raf1S259F	yes	gain
CSRP1	0.827073606110303	0.16251412786554	0.428792221300653	0.0205879624602904	TbID	Raf1S259F	no	-
CTSV	0.27691378368527	0.587375093577693	0.171235394190908	0.476323648703881	nsig	Raf1S259F	no	-
CUL3	-0.201564181578586	0.323624233540919	0.118934262240318	0.582636817866813	nsig	Raf1S259F	no	-
CUL7	-0.0707562114103519	0.856516690291648	-0.403357649139839	0.008124049905154	TbID	Raf1S259F	no	-
CXCR4	0.528365356128086	0.0237008091821157	0.799493573468132	0.00153592295868272	congruent	Raf1S259F	no	-
CYP26A1	NA	NA	0.25419082088026	0.248134750737369	TbID	Raf1S259F	no	-
DCAF1	1.15768643772773	0.00654664244947619	0.0803574490896144	0.498167576897181	AP-MS	Raf1S259F	yes	gain
DCAF5	0.586297281287364	0.0390200302989453	0.0343841611406541	0.700108081278879	AP-MS	Raf1S259F	no	-
DCAF8L1;DCAF8L2	0.235896296975245	0.554628942166892	NA	NA	AP-MS	Raf1S259F	no	-
DCBLD2	NA	NA	0.555426599425444	0.0509637240482781	TbID	Raf1S259F	no	-
DCUN1D3	NA	NA	0.710294619049841	0.00489044441891853	TbID	Raf1S259F	no	-
DHCR24	0.14361788342086	0.517316042891974	0.326151905556898	0.00247525713374119	TbID	Raf1S259F	no	-
DHDDS	0.143033387716955	0.36864597327682	0.239825178527528	0.00368168440742435	TbID	Raf1S259F	no	-
DICER1	0.472209422565119	0.193022983207844	-0.136743853741573	0.106983414774759	nsig	Raf1S259F	no	-
DLGAP4	NA	NA	0.900837010558845	0.0011830414326223	TbID	Raf1S259F	no	-
DMTN	1.93047179327773	0.00928548290521246	0.288839755584024	0.0035523326292429	congruent	Raf1S259F	yes	gain
DNAAF10	0.971914314212345	0.0176989252105464	0.125990113432025	0.117667464912838	AP-MS	Raf1S259F	no	-
DNAJA1	0.0652857359402721	0.815669430591703	0.303829311521693	0.00400140127117022	TbID	Raf1S259F	no	-
DNAJA3	0.316233265169419	0.289015939925379	0.303189023169816	0.0188766073327339	TbID	Raf1S259F	no	-
DNAJC16	0.461533774274086	0.0810016708729688	-0.0593624622751689	0.360958773091717	nsig	Raf1S259F	no	-
DNAJC18	0.218211311440152	0.330375441278352	0.343824649244792	0.00558940557367248	TbID	Raf1S259F	no	-
DNAJC30	-0.442526059094637	0.0417886766587467	-0.477479822574753	0.00129254636795217	congruent	Raf1S259F	no	-
DNMT3B	1.58470860926706	0.0863112640729481	0.652429954012755	0.000159200371173388	TbID	Raf1S259F	no	-
DPYSL4	0.482199468783782	0.0381443102280954	0.274723100078916	0.0134724231704179	congruent	Raf1S259F	no	-
DUSP1	0.917668751528976	0.0856835898981143	1.60258991343719	0.000176690501035905	TbID	Raf1S259F	yes	gain
DUSP11	0.807904593356432	0.0692215686864319	0.201966703773447	0.00920197247911124	TbID	Raf1S259F	no	-
DUSP22	-0.0453768360882488	0.890923720203714	0.191789607501839	0.302280623356067	nsig	Raf1S259F	no	-
DZIP3	0.535803802396506	0.514211079692287	0.0481324210490109	0.749830412953123	nsig	Raf1S259F	no	-
EDIL3	0.600068293874506	0.0725444592499751	0.1853588702234	0.124906683922047	nsig	Raf1S259F	no	-
EEF1A2	0.688172860590875	0.0192636060562338	0.63001207659847	0.00154871886189518	congruent	Raf1S259F	no	-
EEF1B2	-0.178484367669095	0.193820872294503	0.373365310790449	0.0404422936293032	TbID	Raf1S259F	no	-
EEF1D	-0.115682802492528	0.322632790427588	0.364205761395118	0.0556426172770605	nsig	Raf1S259F	no	-
EEF1G	-0.348348842660779	0.0723526883273995	0.324868061128027	0.0531075983955406	nsig	Raf1S259F	no	-
EGR1	2.8854588937994	0.00295816456991909	2.53213422657051	8.73356577023837e-05	congruent	Raf1S259F	yes	gain
EID2	-0.547424899857266	0.104117216959539	-0.540066392917018	0.0490567679784568	TbID	Raf1S259F	no	-
ELFN1	0.910178649628106	0.174773563655371	1.48822491258148	0.000181620443290232	TbID	Raf1S259F	yes	gain
ELFN2	1.14227969583966	0.00897510755369203	1.89502249578917	8.73356577023837e-05	congruent	Raf1S259F	yes	gain
EMILIN2	1.39886555211253	0.0182606254286287	1.14733565947231	8.73356577023837e-05	congruent	Raf1S259F	yes	gain
ENC1	0.898124610490368	0.00771648033590567	0.475639602730761	0.00660436313122033	congruent	Raf1S259F	no	-
ENTR1	0.424359622043811	0.135170823462732	-0.232253955900251	0.192325565286859	nsig	Raf1S259F	no	-
EPCAM	1.06613629602712	0.0095290718838835	1.40867461203863	0.000339571040138565	congruent	Raf1S259F	yes	gain
EPHA2	1.75023764084498	0.00295816456991909	1.97590258565417	9.78611490774218e-05	congruent	Raf1S259F	yes	gain
EPHX4	0.204330362880881	0.441721147725237	0.267793932185342	0.00812573271486441	TbID	Raf1S259F	no	-
ERRFI1	1.32983142834979	0.00625609631748587	1.32212855423747	0.000102740712566727	congruent	Raf1S259F	yes	gain
ESRRG	NA	NA	-0.0890535506441613	0.547403522773313	TbID	Raf1S259F	no	-
ETS2	1.03435758956081	0.0102438566698931	1.50857892789934	0.00604921822706669	congruent	Raf1S259F	yes	gain
ETV4	0.822588935114872	0.155727612558822	NA	NA	AP-MS	Raf1S259F	no	-
EYA2	-0.125105216978727	0.773333124519564	-0.0676053499098795	0.481185495299298	nsig	Raf1S259F	no	-
EYA4	0.339870602689492	0.131702367284197	0.33573362495663	0.0194390705915645	TbID	Raf1S259F	no	-
F2RL1	0.918233761836853	0.0138978279810099	1.02417905320088	0.000142461283447878	congruent	Raf1S259F	yes	gain
FADS2	-0.894571685853313	0.00626434509510599	-0.689610152806727	0.000199863583308033	congruent	Raf1S259F	no	-
FADS3	0.548757929980227	0.236851493231347	1.53422810924658	3.01765837450458e-05	TbID	Raf1S259F	yes	gain
FAM111B	0.24504333189865	0.236620320128726	0.397023105896031	0.0103392840345489	TbID	Raf1S259F	no	-
FAM241B	NA	NA	0.45147816597905	0.0723437438896565	TbID	Raf1S259F	no	-
FAR2	0.366721444236464	0.133535845808249	0.385341194606491	0.00113688809703158	TbID	Raf1S259F	no	-
FBH1	-0.00658409941649324	0.970788636674108	-0.303370321819874	0.00906004775709954	TbID	Raf1S259F	no	-
FBXO8	0.296973765183578	0.524528655945094	0.193473874664557	0.0930025189931912	nsig	Raf1S259F	no	-
FBXW4	0.702681287709026	0.354432761218177	-0.176047059576047	0.405284848814761	nsig	Raf1S259F	no	-
FBXW8	-0.0283281037066742	0.928946413172509	-0.363352600691445	0.0046980172020912	TbID	Raf1S259F	no	-
FEM1B	0.764983404023586	0.0115357570183525	0.233810896876558	0.0135946444268159	congruent	Raf1S259F	no	-
FEZ2	0.365536070597597	0.128582341597857	-0.669739186835667	0.213190243583233	nsig	Raf1S259F	no	-
FGD6	0.581440302458844	0.126070835618107	-0.0659142989865295	0.323994883607906	nsig	Raf1S259F	no	-
FKBP4	0.653578157061407	0.0361975692292648	0.416675052973396	0.00113688809703158	congruent	Raf1S259F	no	-
FKBP5	1.17490565692422	0.0102438566698931	0.509617344356018	0.00037055509041832	congruent	Raf1S259F	yes	gain
FKBP8	-0.173865891789919	0.625081587896963	0.0556384817844731	0.377893537769714	nsig	Raf1S259F	no	-
FLT1	NA	NA	0.706318392535858	0.00157903856923452	TbID	Raf1S259F	no	-
FOS	0.254643281932678	0.344189982402731	1.55619914959757	0.000253322197104279	TbID	Raf1S259F	yes	gain
FOSB	-0.10777268453449	0.795834034185398	1.97949301491259	0.000137962539821276	TbID	Raf1S259F	yes	gain
FOSL1	2.12998278988809	0.00294705112723485	2.20644907423355	0.000260891342336189	congruent	Raf1S259F	yes	gain
FOXC2	0.707134640633015	0.130461097421365	0.571112246670558	0.0139489204731286	TbID	Raf1S259F	no	-
FOXN3	1.07994594746921	0.417184911681268	0.0286304299041249	0.964535419362102	nsig	Raf1S259F	no	-
FRMD4A	1.05839001223608	0.00328492863439055	0.599907486080314	0.00129844441967864	congruent	Raf1S259F	yes	gain
FSCN1	0.846159261479598	0.0128041228813769	0.719813281303697	0.000137175901466044	congruent	Raf1S259F	no	-
FTSJ1	1.15067888218344	0.0210877598385164	0.501417307375119	0.000416966466910237	congruent	Raf1S259F	yes	gain
GABRB3	-0.0552086313944513	0.914667866716268	0.0770782969813105	0.627162442215175	nsig	Raf1S259F	no	-
GADD45B	1.14039422627106	0.0177723098821438	1.41988009499325	0.000260891342336189	congruent	Raf1S259F	yes	gain
GBE1	0.82116965446714	0.0285642107267206	0.434370850951563	0.00381824642078664	congruent	Raf1S259F	no	-
GDAP1L1	0.500344245621131	0.267921510804199	1.27724618800915	0.000466597363289267	TbID	Raf1S259F	yes	gain
GDF15	1.78369923385063	0.00511349955203618	3.58868796801356	1.60524963467403e-05	congruent	Raf1S259F	yes	gain
GINM1	0.415890130316474	0.20557051177841	0.403601663408314	0.00197904323357007	TbID	Raf1S259F	no	-
GJA1	0.553179911799693	0.0158266837335857	0.588541515795714	0.00086145294196213	congruent	Raf1S259F	no	-
GJA5	NA	NA	0.706578237308031	0.0196335695855262	TbID	Raf1S259F	no	-
GLMN	-0.0793864463486368	0.674887788970679	-0.0502202208418039	0.449351365454413	nsig	Raf1S259F	no	-
GLS	0.552511571220075	0.0095290718838835	0.615606177553174	0.000495504134376994	congruent	Raf1S259F	no	-
GNL1	1.36493765468594	0.227324829570924	0.46418096716287	0.00382052502945048	TbID	Raf1S259F	no	-
GNL3L	0.052671772512247	0.81295383866151	0.0962379473250135	0.263537268202435	nsig	Raf1S259F	no	-
GOPC	0.549951841311997	0.0193601199161666	0.419465595613089	0.00146447493783147	congruent	Raf1S259F	no	-
GPAM	0.317053076297163	0.162913800540623	-0.138965764291069	0.0596724155019321	nsig	Raf1S259F	no	-
GPC1	1.0431436973062	0.00295816456991909	1.5987249321144	8.73356577023837e-05	congruent	Raf1S259F	yes	gain
GPN1	0.729839584060142	0.00928548290521246	0.0161574011625961	0.831852495147153	AP-MS	Raf1S259F	no	-
GPN2	0.846164769980914	0.0569404821983659	0.131437175093587	0.230458545450525	nsig	Raf1S259F	no	-
GPRASP1	2.16635539316865	0.00315971931551649	1.28469184865208	0.00218190428062668	congruent	Raf1S259F	yes	gain
GPRASP2	1.62591618932469	0.00710611987526844	0.241233476155633	0.0510040514775716	AP-MS	Raf1S259F	yes	gain
GPRC5A	1.23998741860552	0.0471657701449647	0.748977743532691	0.00104384957723998	congruent	Raf1S259F	yes	gain
GPRC5C	1.1206214776849	0.0180388880805961	1.5521422661339	2.4454311475238e-05	congruent	Raf1S259F	yes	gain
HCN4	0.996253661801187	0.00633010669689041	NA	NA	AP-MS	Raf1S259F	no	-
HECTD2	0.549844569239709	0.156474181069959	0.108977060901139	0.579770662622242	nsig	Raf1S259F	no	-
HERC2	0.913348800174213	0.0200254025421457	-0.0427907419963387	0.547825214671081	AP-MS	Raf1S259F	no	-
HERC5	0.331223892969775	0.218786676030009	-0.226690107227949	0.00725153694801259	TbID	Raf1S259F	no	-
HGH1	0.559584576427573	0.152777259210386	-0.0834177702243604	0.523455379125428	nsig	Raf1S259F	no	-
HIC2	1.18290992061585	0.00976897819193867	0.586328298381214	0.00051801518996392	congruent	Raf1S259F	yes	gain
HJURP	0.730643258977018	0.00831237764020407	0.386620282875449	0.00818830839985723	congruent	Raf1S259F	no	-
HLA-A	1.04226754343864	0.00599739319492328	0.954661322287891	0.0012996603102301	congruent	Raf1S259F	yes	gain
HLA-B	0.551804310866139	0.0588881648369208	0.737544505704592	0.00135125762502963	TbID	Raf1S259F	no	-
HNF4G	NA	NA	0.614082903268347	0.0199396931564519	TbID	Raf1S259F	no	-
HOMER1	1.42513825738329	0.00201770234690174	1.02726165860077	9.78611490774218e-05	congruent	Raf1S259F	yes	gain
HRAS	-0.483282348362849	0.235197375814087	-0.170689361528549	0.201322304335337	nsig	Raf1S259F	no	-
HSP90AA1	0.0375293013952477	0.924023047638228	0.127508349579526	0.22866961653549	nsig	Raf1S259F	no	-
HSP90AA2P	-2.3590273187202	0.159139294160465	NA	NA	AP-MS	Raf1S259F	no	-
HSP90AA4P	0.223642338652856	0.578175998069255	-0.138686383052604	0.126551211898208	nsig	Raf1S259F	no	-
HSP90AA5P	0.304099389636273	0.377064707601519	0.130263629113835	0.4276928427515	nsig	Raf1S259F	no	-
HSP90AB1	-0.0374350683363422	0.927804005220256	0.153163770425824	0.195403024116721	nsig	Raf1S259F	no	-
HSP90AB2P	-0.522095541559159	0.389940974750702	NA	NA	AP-MS	Raf1S259F	no	-
HSP90AB3P	-0.412094776167134	0.200293988636949	NA	NA	AP-MS	Raf1S259F	no	-
HSP90AB4P	-0.129154596360205	0.84729494084889	NA	NA	AP-MS	Raf1S259F	no	-
HSPA13	NA	NA	0.93127101667273	0.015337737477242	TbID	Raf1S259F	no	-
HSPB8	2.05380647806884	0.00315971931551649	NA	NA	AP-MS	Raf1S259F	yes	gain
HUWE1	0.85617019514922	0.0189481438941579	-0.121827244069572	0.112784257233868	AP-MS	Raf1S259F	no	-
HYCC2	-0.248427899813671	0.365379393301304	0.125809395818299	0.157845496736719	nsig	Raf1S259F	no	-
IDI1	-0.0734943683712183	0.63656788758784	-0.28540422512691	0.00448669023374697	TbID	Raf1S259F	no	-
IER2	2.06397013417916	0.006039920242583	NA	NA	AP-MS	Raf1S259F	yes	gain
IGSF21	NA	NA	1.29491961708298	0.000421823302597084	TbID	Raf1S259F	yes	gain
ILDR2	0.528195574640765	0.0236728077319121	0.566745815097615	0.00284206933039044	congruent	Raf1S259F	no	-
INAVA	0.482381251567179	0.288923084661993	0.838765603298629	0.0616865002374673	nsig	Raf1S259F	no	-
INPP1	0.0399352588951877	0.901401592947352	0.351813111147552	0.0012996603102301	TbID	Raf1S259F	no	-
IPO5	0.270747768337632	0.0690784600245833	0.143403220191068	0.287183917772185	nsig	Raf1S259F	no	-
IPPK	0.149245526366578	0.508599940034268	-1.18476926900224	0.00280483098137129	TbID	Raf1S259F	yes	loss
IQCB1	0.416183446229353	0.0860576770292342	0.0299113182699697	0.674561628814844	nsig	Raf1S259F	no	-
IRS2	0.942814698070362	0.00488141503206954	0.524479988037373	0.000427046268760165	congruent	Raf1S259F	no	-
IRS4	-0.405771007836269	0.196610539095447	-0.605123420432932	0.000281554268657788	TbID	Raf1S259F	no	-
ISCA1	-0.185141826983355	0.186121850598233	0.167074096403467	0.0593428575629845	nsig	Raf1S259F	no	-
ITM2B	0.309269477220079	0.16699775553549	0.496441467335004	0.00443297541194382	TbID	Raf1S259F	no	-
ITM2C	0.0799981008439053	0.713131887961044	0.805933197654671	0.000296647869545542	TbID	Raf1S259F	no	-
ITPRIPL2	0.8485156497989	0.0114356412936981	0.437016534999	0.00234270978428986	congruent	Raf1S259F	no	-
JUN	1.4147801550234	0.002070766722398	1.2483780726383	9.12419107375018e-05	congruent	Raf1S259F	yes	gain
JUNB	3.36199082581779	0.0046137235736488	3.68022027455615	5.27202653125357e-06	congruent	Raf1S259F	yes	gain
KCNQ2	NA	NA	2.47799405378385	0.000137466949615234	TbID	Raf1S259F	yes	gain
KCT2	-0.234082568445375	0.244460414016871	0.510341214500084	0.00556350451141964	TbID	Raf1S259F	no	-
KCTD10	0.0202507568719947	0.886849866321987	0.308531874688872	0.126974029052415	nsig	Raf1S259F	no	-
KCTD12	1.00525673191664	0.00328492863439055	1.32871177066641	0.000102740712566727	congruent	Raf1S259F	yes	gain
KCTD13	0.630885514223107	0.100031404921035	0.997580302915269	0.00113688809703158	TbID	Raf1S259F	no	-
KCTD16	0.958019410819253	0.00629113864175919	NA	NA	AP-MS	Raf1S259F	no	-
KDM2A	-0.033397562538573	0.923579054145299	0.438881410085784	0.00164305481092084	TbID	Raf1S259F	no	-
KIAA0232	0.804613250527247	0.0285656429905227	0.356502268066526	0.0541018412510005	AP-MS	Raf1S259F	no	-
KIFBP	0.713087151143803	0.0184860990772617	-0.0609470970414114	0.274985665606461	AP-MS	Raf1S259F	no	-
KLC3	0.981350976079054	0.0184860990772617	0.424677985890911	0.0313285704236731	congruent	Raf1S259F	no	-
KLHL12	0.518805047409393	0.0394339795114037	0.722173895103294	0.0233423536332102	congruent	Raf1S259F	no	-
KLHL18	0.257094307623005	0.585044030658371	NA	NA	AP-MS	Raf1S259F	no	-
KLHL21	0.948062334175021	0.0198593840434399	0.421815854202566	0.00492065527544345	congruent	Raf1S259F	no	-
KLHL25	-0.779126188858567	0.019189369824125	NA	NA	AP-MS	Raf1S259F	no	-
KLHL28	1.02660779392041	0.0310868711986331	NA	NA	AP-MS	Raf1S259F	yes	gain
KPNA2	0.931089042966083	0.0591334406645364	0.6053763230268	0.000260891342336189	TbID	Raf1S259F	no	-
KRAS	-0.492557209441625	0.392362871172697	-0.659382715502879	0.00629251197037458	TbID	Raf1S259F	no	-
KRT18	1.58437389484594	0.00337508858921252	0.984861686401621	0.000102740712566727	congruent	Raf1S259F	yes	gain
LACTB	0.183665708111391	0.44971963763062	-0.392996049722172	0.0472926936761506	TbID	Raf1S259F	no	-
LAMB3	2.46353511410713	0.00184378584857837	1.3716052110605	0.0010550011266265	congruent	Raf1S259F	yes	gain
LAMC2	1.22782790456231	0.0765792394474119	1.49703881968259	0.000842484358748556	TbID	Raf1S259F	yes	gain
LANCL3	NA	NA	0.456218626039748	0.0316440157413332	TbID	Raf1S259F	no	-
LDLRAD3	NA	NA	1.2465966544979	0.0229015564628228	TbID	Raf1S259F	yes	gain
LGALS3BP	-1.2010139994092	0.00629113864175919	-0.782415207884837	0.00020197307336273	congruent	Raf1S259F	yes	loss
LGALS8	1.09801835554038	0.0399524406013328	1.3506850046321	0.000642320001860952	congruent	Raf1S259F	yes	gain
LHX5	1.74058649993281	0.00629113864175919	NA	NA	AP-MS	Raf1S259F	yes	gain
LIG4	0.905657593586174	0.0267839474733385	0.583573220346347	0.000152355495405595	congruent	Raf1S259F	no	-
LIPG	0.51756302356246	0.0752504415505238	0.605384799792499	0.00751984782143099	TbID	Raf1S259F	no	-
LMAN1	1.03937740835054	0.0103967706971665	1.00740411228455	0.000318248421565617	congruent	Raf1S259F	yes	gain
LONP1	1.13094996455901	0.00370437872359642	-0.472178131932014	0.00178678682854146	opposite	Raf1S259F	yes	opposite
LONRF3	0.709801336537475	0.0204984599651628	0.391084698565908	0.0322841704806945	congruent	Raf1S259F	no	-
LOXL4	NA	NA	0.592320475754338	0.0175779113340045	TbID	Raf1S259F	no	-
LPL	0.500778132113534	0.0609944809532778	0.180546793796774	0.0458243394768662	TbID	Raf1S259F	no	-
LRP10	0.282086277612701	0.389677160331254	1.09914599195157	0.000567598537974108	TbID	Raf1S259F	yes	gain
LRP5	0.452399383709805	0.104273624008501	0.112711528676608	0.490876495016355	nsig	Raf1S259F	no	-
LRP6	0.490428083490183	0.104936501551011	0.103940650990475	0.170600860228487	nsig	Raf1S259F	no	-
LSR	1.06080683132215	0.00784664276227871	0.91696676072826	0.00106153558716429	congruent	Raf1S259F	yes	gain
LYN	0.231236520143689	0.134512719901458	0.640153315551717	0.00295264451630302	TbID	Raf1S259F	no	-
LYPLA2	-0.194990085186605	0.355398910020422	-1.44397206940718	0.000106771859533133	TbID	Raf1S259F	yes	loss
LZTS1	0.656587360166343	0.132375048686036	2.03747367328937	0.000253322197104279	TbID	Raf1S259F	yes	gain
MAGED4	1.35575199492208	0.00694689079787461	0.0140438707757051	0.950782302233144	AP-MS	Raf1S259F	yes	gain
MAMLD1	1.19230873440077	0.00694689079787461	1.38946683372955	0.000106771859533133	congruent	Raf1S259F	yes	gain
MAN1A1	0.42378263869011	0.0954139732521078	0.646401364355801	0.000974480510501024	TbID	Raf1S259F	no	-
MAP2K1	-2.73043358109079	0.00201770234690174	0.577347326117646	0.000286387188605581	opposite	Raf1S259F	yes	opposite
MAP2K2	-1.18638486484505	0.08483968839959	-0.111916797796846	0.125507197247236	nsig	Raf1S259F	no	-
MAP9	1.7592493294597	0.0161820009574685	0.353629443227131	0.0256052878968007	congruent	Raf1S259F	yes	gain
MAPK4	1.04128837909935	0.0278360285949223	0.122632125936075	0.578182101334497	AP-MS	Raf1S259F	yes	gain
MAPK6	1.04993270110955	0.0126645260193776	0.331286990736345	0.00150963337372661	congruent	Raf1S259F	yes	gain
MAPK8IP2	0.794225932973412	0.0899546056360618	NA	NA	AP-MS	Raf1S259F	no	-
MAPK8IP3	1.07138857904009	0.0184860990772617	NA	NA	AP-MS	Raf1S259F	yes	gain
MAT2A	-0.561090574114767	0.00852027031293286	-0.35055784542437	0.00115807834221951	congruent	Raf1S259F	no	-
MCM4	-0.35605970339797	0.202343797766243	-0.271959146242412	0.00407464354424404	TbID	Raf1S259F	no	-
MDM2	1.06450735427814	0.0475444646025943	NA	NA	AP-MS	Raf1S259F	yes	gain
MEST	NA	NA	0.27257527304441	0.110328099920486	TbID	Raf1S259F	no	-
MFGE8	0.927300538212668	0.00629113864175919	0.763183584078377	0.000550053709083602	congruent	Raf1S259F	no	-
MFSD10	NA	NA	0.425955434191569	0.0104756198612246	TbID	Raf1S259F	no	-
MIDN	0.320161996063757	0.25869080902639	0.21421983060338	0.34398842582244	nsig	Raf1S259F	no	-
MLX	0.503281310034171	0.0957121100226064	-0.0832701585932381	0.598127588661394	nsig	Raf1S259F	no	-
MLXIP	0.643330615298078	0.0387121275000751	-0.0939101426208276	0.149523367531763	AP-MS	Raf1S259F	no	-
MMADHC	0.914827247107647	0.0137631610670343	0.0445201799502372	0.790235018271298	AP-MS	Raf1S259F	no	-
MPLKIP	-0.940445175251709	0.025313928558866	-1.32634202265286	0.000102740712566727	congruent	Raf1S259F	yes	loss
MSI1	0.937321820294542	0.00426752804832315	0.464711771901409	0.0227185403014644	congruent	Raf1S259F	no	-
MTCL2	0.340530659453013	0.101193577777582	0.127378286294239	0.0435980857836443	TbID	Raf1S259F	no	-
MTUS2	0.811081807371134	0.128606764480164	NA	NA	AP-MS	Raf1S259F	no	-
MYO10	1.29892991231634	0.0117346150920202	0.354471083020402	0.000923180752143457	congruent	Raf1S259F	yes	gain
N4BP3	0.717547940621883	0.0163304213401568	0.604285509634171	0.00778222593400295	congruent	Raf1S259F	no	-
NAA15	0.216723703177272	0.120192691113282	0.449711283188069	0.00302808431992311	TbID	Raf1S259F	no	-
NAA20	0.564125347701586	0.20141508985842	0.213091612105672	0.0920179287292148	nsig	Raf1S259F	no	-
NAA60	NA	NA	0.462244449112145	0.00671281630054482	TbID	Raf1S259F	no	-
NAB1	1.6359723328864	0.00247301919107469	1.8235083936702	3.01765837450458e-05	congruent	Raf1S259F	yes	gain
NAB2	0.921962766637837	0.0206375171463524	0.600174803270404	0.163354741278854	AP-MS	Raf1S259F	no	-
NEURL4	1.03176605972206	0.0138449398442398	0.0815837571650055	0.198736387928372	AP-MS	Raf1S259F	yes	gain
NISCH	0.666111210960369	0.0591064404718464	0.171268065748712	0.0241548079458355	TbID	Raf1S259F	no	-
NMU	-0.514257540065514	0.0267846172677057	0.794998185496695	0.00489657028778051	opposite	Raf1S259F	no	-
NT5C	-0.56181594102366	0.103057698510402	NA	NA	AP-MS	Raf1S259F	no	-
NTN1	0.704880168983898	0.0290576661974528	0.570369185599298	0.0018127836593056	congruent	Raf1S259F	no	-
NTS	NA	NA	0.267903398373746	0.113011141446811	TbID	Raf1S259F	no	-
NUS1	0.181689070725041	0.365928055088595	0.27236383391526	0.0175077972328813	TbID	Raf1S259F	no	-
OBI1	0.663698134787353	0.025945255868919	-0.00171673221311212	0.981213026678584	AP-MS	Raf1S259F	no	-
OCIAD1	-0.0491704783828415	0.727505845458332	1.02260790568095	0.000137962539821276	TbID	Raf1S259F	yes	gain
ODR4	1.35035771944837	0.00370437872359642	1.31862918870116	0.000111393533924608	congruent	Raf1S259F	yes	gain
OGT	0.861513825993897	0.0111132130692421	0.27729339273382	0.00504488694459921	congruent	Raf1S259F	no	-
ORMDL2	NA	NA	-0.264162445606856	0.109735758159108	TbID	Raf1S259F	no	-
OS9	0.154561375196219	0.508283099215681	-0.686540577676241	0.168720110011775	nsig	Raf1S259F	no	-
OSMR	NA	NA	1.19386044357082	0.00296481797036181	TbID	Raf1S259F	yes	gain
P4HA1	0.668793541609577	0.0237998579422084	0.0610291058499602	0.495028903495238	AP-MS	Raf1S259F	no	-
P4HA2	0.755100733631059	0.00568419735049951	0.354410782298571	0.00821319883772753	congruent	Raf1S259F	no	-
PADI2	0.769868800155391	0.0819056035339974	NA	NA	AP-MS	Raf1S259F	no	-
PAFAH1B2	-0.273346088535494	0.341994375219507	0.0313531794307689	0.770976393852852	nsig	Raf1S259F	no	-
PAQR9	NA	NA	0.81782565124756	0.000275428340594805	TbID	Raf1S259F	no	-
PCLAF	0.559211437690914	0.592288099108448	-0.283142471287389	0.0155153965021912	TbID	Raf1S259F	no	-
PCM1	1.57814204816278	0.00294705112723485	0.759994902932303	0.000925857796645844	congruent	Raf1S259F	yes	gain
PDCD2	0.576542253928391	0.126228028610116	0.39970695437417	0.00652555644264837	TbID	Raf1S259F	no	-
PDE10A	0.36426241953067	0.199148543847523	0.527126222959576	0.01541857249919	TbID	Raf1S259F	no	-
PDRG1	0.91790123633081	0.0284452864754	0.328712157088605	0.00940464652015652	congruent	Raf1S259F	no	-
PDZRN3	0.211656973800061	0.406464809288689	-0.242748182485984	0.0244713811536132	TbID	Raf1S259F	no	-
PEDS1	NA	NA	0.540866672309957	0.00037055509041832	TbID	Raf1S259F	no	-
PER1	0.352433276107979	0.285732708662376	NA	NA	AP-MS	Raf1S259F	no	-
PEX13	0.529345870330089	0.19462685684428	0.41721607347769	0.00868718849421407	TbID	Raf1S259F	no	-
PFDN2	0.689381367581676	0.0267839474733385	0.458010004992045	0.00293552930514815	congruent	Raf1S259F	no	-
PFDN6	0.780127038580519	0.0138340359137091	0.231734567995577	0.0548133983267274	AP-MS	Raf1S259F	no	-
PFKP	-0.39093997968105	0.0354641311237824	0.0399049850518824	0.760188459883473	AP-MS	Raf1S259F	no	-
PHLDA2	1.8174479052192	0.002070766722398	0.998073427797617	0.00604809988702135	congruent	Raf1S259F	yes	gain
PHTF2	NA	NA	-0.445519156170001	0.192882174460015	TbID	Raf1S259F	no	-
PIK3CA	0.874304427704913	0.0158266837335857	0.660333032789123	0.000260891342336189	congruent	Raf1S259F	no	-
PIK3R1	0.102680867428944	0.677190689384505	0.116385648483211	0.0907830352037169	nsig	Raf1S259F	no	-
PIK3R3	-0.00931220615269641	0.980969059490897	-0.106121579404578	0.175393825563103	nsig	Raf1S259F	no	-
PIP5K1A	0.567150316045077	0.0237998579422084	0.568875858533011	0.000260891342336189	congruent	Raf1S259F	no	-
PJA1	0.897821115086127	0.00924901147402154	0.315436684084676	0.0129344364818188	congruent	Raf1S259F	no	-
PJA2	1.3177761637305	0.00626434509510599	0.425925289316335	0.00240271542349054	congruent	Raf1S259F	yes	gain
PKM	0.666909805376619	0.00654664244947619	0.417797035066512	0.00185013790830052	congruent	Raf1S259F	no	-
PLA2G3	NA	NA	-0.865106155531898	0.00713417865579958	TbID	Raf1S259F	no	-
PLAUR	1.42093347537611	0.0936062839667408	0.914822451098766	0.00175805751821157	TbID	Raf1S259F	no	-
PLEKHG1	0.742172850003865	0.0148591188290129	0.0458080689675692	0.357764856898019	AP-MS	Raf1S259F	no	-
PLEKHN1	1.38219004695008	0.00629113864175919	0.829548065997123	0.00444127180934087	congruent	Raf1S259F	yes	gain
PLEKHO1	1.0174271823762	0.048693184143046	1.15666523455848	0.00730436991718447	congruent	Raf1S259F	yes	gain
PNMA1	0.890293794869783	0.0314013816201499	-0.256703478868691	0.19417854088488	AP-MS	Raf1S259F	no	-
PNMA2	0.479892692282374	0.154664591992351	0.0459609541917337	0.741897870726116	nsig	Raf1S259F	no	-
POLR1D	0.124680867223028	0.520654456150797	0.409927192770059	0.0757634658296224	nsig	Raf1S259F	no	-
POLR2L	0.240750210343043	0.47242570159361	0.404501732819797	0.0892129586296205	nsig	Raf1S259F	no	-
PPP1R15A	1.36949075699567	0.0131644009120959	NA	NA	AP-MS	Raf1S259F	yes	gain
PPP1R15B	0.990698827044163	0.0366586797999243	0.437102630351458	0.000700564517688312	congruent	Raf1S259F	no	-
PPP2R1B	1.02950284275047	0.00568419735049951	0.541021071593247	0.00581911367558819	congruent	Raf1S259F	yes	gain
PPP5C	0.197174878129523	0.436485345099734	-0.167798085408891	0.023568648883159	TbID	Raf1S259F	no	-
PPP6C	0.762796774059385	0.0596049526885315	-0.172682300012957	0.0334219946600591	TbID	Raf1S259F	no	-
PPP6R1	0.865063241429802	0.0177723098821438	-0.0233719795700555	0.7529826022716	AP-MS	Raf1S259F	no	-
PPP6R3	0.979279935095887	0.0237061057900147	0.0364428531080474	0.539005367012796	AP-MS	Raf1S259F	no	-
PRDM10	NA	NA	0.424699529064451	0.0737858300349859	TbID	Raf1S259F	no	-
PRKACA	1.04989377571922	0.0105431787334969	-0.219067247876651	0.058221505021658	AP-MS	Raf1S259F	yes	gain
PRKACB	0.766731631458364	0.0741694516345903	-0.0245878483587152	0.691050920799907	nsig	Raf1S259F	no	-
PRKAR1A	1.21800283431877	0.0102645047331166	0.112591489675836	0.261659508039066	AP-MS	Raf1S259F	yes	gain
PRKAR1B	1.21826112930214	0.0133914358881008	0.0294171804808679	0.876462457883577	AP-MS	Raf1S259F	yes	gain
PRKCI	0.679433779823753	0.0376520907096293	0.279808803588567	0.0905686135686973	AP-MS	Raf1S259F	no	-
PROCR	0.833932838217993	0.0324112478823989	0.632695437230287	0.00400140127117022	congruent	Raf1S259F	no	-
PRR11	0.759427389758316	0.0232755272519593	0.295680343987778	0.0865200153264215	AP-MS	Raf1S259F	no	-
PSMB4	0.438195683850783	0.0551932149484781	0.189340802149845	0.069958170580827	nsig	Raf1S259F	no	-
PSMC5	0.351758589793351	0.0337692683679243	0.0698987905082431	0.34929461377844	AP-MS	Raf1S259F	no	-
PSMC6	0.699085276965424	0.00631739897180129	0.169965154084801	0.0425039090021239	congruent	Raf1S259F	no	-
PSMD1	0.681503416484754	0.0175675686731658	0.147763072793248	0.0698405293052004	AP-MS	Raf1S259F	no	-
PSMD11	0.709220653733638	0.00960296774284424	-0.0312540772423131	0.70224254563399	AP-MS	Raf1S259F	no	-
PSMD12	1.06932279410897	0.00328492863439055	0.183503362024349	0.0572571064280252	AP-MS	Raf1S259F	yes	gain
PSMD13	0.955530284080805	0.00315971931551649	0.21922471967265	0.0169863852644959	congruent	Raf1S259F	no	-
PSMD14	0.729789244026371	0.010821175296498	0.145954797444186	0.484586295895339	AP-MS	Raf1S259F	no	-
PSMD2	0.698588566511105	0.0116647769871049	0.253797134610907	0.0103146425806869	congruent	Raf1S259F	no	-
PSMD7	1.02704019634243	0.00295816456991909	0.140160364209378	0.0805026677588971	AP-MS	Raf1S259F	yes	gain
PTPRZ1	-0.610080346383306	0.24542285734255	0.0520994153741749	0.789650183016844	nsig	Raf1S259F	no	-
RAB20	NA	NA	0.319405096365286	0.00364714491152997	TbID	Raf1S259F	no	-
RAB32	0.260160202713363	0.489836090778811	1.11959386915856	0.000111298670009884	TbID	Raf1S259F	yes	gain
RAC2	0.68595761492957	0.0611311831072629	0.948205187557336	0.000358857291431675	TbID	Raf1S259F	no	-
RAF1	-0.754214424681433	0.119322232547114	-0.49092175871214	0.00106153558716429	TbID	Raf1S259F	no	-
RANBP9	0.56348835932227	0.0148340492825349	-0.288801738909431	0.0119884962052512	opposite	Raf1S259F	no	-
REEP3	1.08253711399245	0.0597490035149305	0.59524890644261	0.00283972953726144	TbID	Raf1S259F	no	-
RHBDD1	0.0875672043924339	0.810959383561506	0.135734787362283	0.0636005079543694	nsig	Raf1S259F	no	-
RMND5A	0.540016220728333	0.0323723589272964	-0.214690017216702	0.0330817629852629	opposite	Raf1S259F	no	-
RND1	NA	NA	0.541530478183129	0.0636576437800798	TbID	Raf1S259F	no	-
RNF187	0.767211166429988	0.0237008091821157	-0.364429786102305	0.00558940557367248	opposite	Raf1S259F	no	-
RNF41	0.666495211437162	0.0109387730610031	0.314989907643232	0.0600479489661872	AP-MS	Raf1S259F	no	-
RNF44	1.44065713424564	0.0954139732521078	NA	NA	AP-MS	Raf1S259F	no	-
RPA1	-0.374982855372717	0.0200471422808105	-0.251366832986589	0.0392614287354383	congruent	Raf1S259F	no	-
RPA2	-0.240061347521136	0.112980122671362	-0.261325307063496	0.0498364486165314	TbID	Raf1S259F	no	-
RPA3	-0.238842504703768	0.155030343383799	-0.209602877031349	0.0802788182458155	nsig	Raf1S259F	no	-
RPAP3	1.20712340536067	0.00629113864175919	0.977460772828219	0.000230772480739232	congruent	Raf1S259F	yes	gain
RPGR	0.569073778980567	0.0815959899449541	0.210701872088445	0.0197511789246249	TbID	Raf1S259F	no	-
RRAS2	-0.462413793208678	0.0528420567438636	0.378558599437348	0.00571145267751554	TbID	Raf1S259F	no	-
RUSC2	1.28800047687185	0.00629113864175919	0.487299941084073	0.0032255925715396	congruent	Raf1S259F	yes	gain
S100A16	NA	NA	0.818452762323375	0.00288237837822973	TbID	Raf1S259F	no	-
SARAF	0.0777488527715599	0.74103110804406	-0.0743728794070231	0.443589844986877	nsig	Raf1S259F	no	-
SC5D	NA	NA	0.187542048054173	0.0378012641926608	TbID	Raf1S259F	no	-
SCARF2	1.24992420831389	0.00940435643579058	0.271872437902247	0.197010163963015	AP-MS	Raf1S259F	yes	gain
SCD	-0.412857706627765	0.330599811543832	-0.520990281789535	0.000304306882560574	TbID	Raf1S259F	no	-
SCD5	-0.453427063071483	0.0318374018874886	-0.278521313335801	0.00584023509456136	congruent	Raf1S259F	no	-
SCOC	0.444400818848599	0.287608038247841	-0.131838669904732	0.230328749580191	nsig	Raf1S259F	no	-
SDHC	NA	NA	0.220690265172253	0.301346761351982	TbID	Raf1S259F	no	-
SEC16A	0.640337334142669	0.0587486917225154	0.09757089341074	0.150171186528367	nsig	Raf1S259F	no	-
SELENOS	0.554747469201725	0.0882223275889783	0.0327607196629922	0.850434750681133	nsig	Raf1S259F	no	-
SENP3	0.39800788135712	0.116181956178259	-0.141085600867742	0.200076175717924	nsig	Raf1S259F	no	-
SERF1A	-0.171154471013798	0.60911704085214	-0.026433926442993	0.834336712236681	nsig	Raf1S259F	no	-
SERF2	-0.281418862956406	0.434384899208267	-0.0483729673919934	0.490212890854532	nsig	Raf1S259F	no	-
SERINC1	-0.0208397687485062	0.941044474577729	0.817555361210096	0.000178320704676276	TbID	Raf1S259F	no	-
SERINC3	NA	NA	0.211469302319407	0.0672546005298995	TbID	Raf1S259F	no	-
SERTAD4	0.521727285422213	0.260043443790222	NA	NA	AP-MS	Raf1S259F	no	-
SESN3	-0.379886116022325	0.0690248087225213	-0.503739970319847	0.000217783670054093	TbID	Raf1S259F	no	-
SFN	0.156767006811986	0.636629263940235	-0.0579437914897235	0.776919351845713	nsig	Raf1S259F	no	-
SFT2D2	NA	NA	0.469104343184157	0.0139346758513225	TbID	Raf1S259F	no	-
SGK1	NA	NA	1.50700968396476	0.00818276305173861	TbID	Raf1S259F	yes	gain
SH2B3	2.11564073248673	0.00124106704283742	NA	NA	AP-MS	Raf1S259F	yes	gain
SH3BP4	0.213424986820023	0.265892855998191	1.21490042822043	0.000102740712566727	TbID	Raf1S259F	yes	gain
SIRT1	0.631215560390891	0.044815262762613	0.201559222036396	0.0292869835700508	congruent	Raf1S259F	no	-
SIRT2	-0.262606736529973	0.25331007934705	-0.982948977076627	0.000106771859533133	TbID	Raf1S259F	no	-
SIVA1	-0.644493734545298	0.00784664276227871	-0.405903719727698	0.0174127852894002	congruent	Raf1S259F	no	-
SKOR2	0.341449376585454	0.190118246527784	NA	NA	AP-MS	Raf1S259F	no	-
SLC16A7	-0.111743328804216	0.686430982202721	-1.14536312253944	0.00618494277021823	TbID	Raf1S259F	yes	loss
SLC19A1	0.30854609002635	0.202885889749121	0.208870482845225	0.0290240519777144	TbID	Raf1S259F	no	-
SLC20A1	0.269126205166443	0.243540199638954	0.652309549838668	0.00129844441967864	TbID	Raf1S259F	no	-
SLC25A29	0.25039583770388	0.10442370168727	0.222797745273691	0.017599950534968	TbID	Raf1S259F	no	-
SLC25A32	0.218473325071832	0.255630581844475	0.447613478770855	0.00293552930514815	TbID	Raf1S259F	no	-
SLC27A6	0.662196479679397	0.0159186066190684	0.702233054134265	9.78611490774218e-05	congruent	Raf1S259F	no	-
SLC35D3	NA	NA	0.804238551154356	0.00184753097466414	TbID	Raf1S259F	no	-
SLC35G2	0.987710668011366	0.0277926599480055	0.65091455995304	0.000759249005902234	congruent	Raf1S259F	no	-
SLC44A5	NA	NA	0.719991207793598	0.140633228852155	TbID	Raf1S259F	no	-
SMIM26	-0.238636420127623	0.415470117835041	-0.365317821968103	0.00663370563579366	TbID	Raf1S259F	no	-
SMYD4	0.218067889510135	0.370800247063359	-0.0623273730982062	0.398841091965245	nsig	Raf1S259F	no	-
SNX33	0.772323053844183	0.0508793537767913	0.28538249534624	0.00957227395059407	TbID	Raf1S259F	no	-
SPHK1	2.0917465279932	0.0357570117046371	NA	NA	AP-MS	Raf1S259F	yes	gain
SPINT2	0.977728889696325	0.00370437872359642	1.55198407456133	0.000267493943866873	congruent	Raf1S259F	yes	gain
SPOCK1	0.709014530452652	0.10297204427956	1.12781413197498	0.000277189821680296	TbID	Raf1S259F	yes	gain
SPOP	-0.451038890219359	0.283537193041334	0.908819765053119	0.000493909868328109	TbID	Raf1S259F	no	-
SPRED1	0.741384209275058	0.0518496215665126	0.731573152615891	0.00217734540781941	TbID	Raf1S259F	no	-
SPRED2	0.801379467728096	0.0184860990772617	0.529002628444446	0.000814758038171837	congruent	Raf1S259F	no	-
SPRY2	0.166228232727584	0.631537262851256	1.09728288387903	0.000267493943866873	TbID	Raf1S259F	yes	gain
SPRY4	0.868869962964003	0.0992071514933505	1.21920653449824	0.00128978032375676	TbID	Raf1S259F	yes	gain
SQOR	-0.491880211632807	0.053510267776103	-0.210247180839227	0.058112588588409	nsig	Raf1S259F	no	-
SQSTM1	0.521459613521224	0.0143612048858345	0.185217220753506	0.229429879735269	AP-MS	Raf1S259F	no	-
SSX2IP	0.825153663807086	0.0102438566698931	0.703227916909943	0.000106771859533133	congruent	Raf1S259F	no	-
STIP1	1.44347958056852	0.00295816456991909	0.246204593785647	0.0772752408340722	AP-MS	Raf1S259F	yes	gain
STRA6	NA	NA	2.02834128751439	0.000253322197104279	TbID	Raf1S259F	yes	gain
STUB1	0.723141438158072	0.0212417889879186	-0.120091649787976	0.0882228275152629	AP-MS	Raf1S259F	no	-
STX11	NA	NA	1.91959828005305	0.000877097575869814	TbID	Raf1S259F	yes	gain
SUGT1	0.91505001240774	0.020505006325197	0.673981094045455	0.000152355495405595	congruent	Raf1S259F	no	-
SYNPO	1.18677757634327	0.00850798664407154	1.39018427155989	0.00219225481396204	congruent	Raf1S259F	yes	gain
SYT11	0.626724350959482	0.0643454921563348	0.664586954350955	0.0230548824945414	TbID	Raf1S259F	no	-
TAC1	NA	NA	1.94171985498412	0.000431603897422574	TbID	Raf1S259F	yes	gain
TAOK2	0.18936801261328	0.180915777209569	0.247480210072551	0.00871314959155506	TbID	Raf1S259F	no	-
TARBP2	0.442155256603415	0.2211679878634	-0.0487744924863685	0.495740162994143	nsig	Raf1S259F	no	-
TBC1D4	0.51919233454219	0.0753697324314756	-0.078792392984595	0.196632627482533	nsig	Raf1S259F	no	-
TCEAL1	0.966702988158087	0.0268031321130018	0.267829244305438	0.0439353547650793	congruent	Raf1S259F	no	-
TCP1	1.25773212677434	0.00567994515121187	0.113568415449975	0.281722616130115	AP-MS	Raf1S259F	yes	gain
TDRKH	0.322365642688303	0.0810601627292103	1.26681750685181	0.000138345482375006	TbID	Raf1S259F	yes	gain
TELO2	-0.25092026724269	0.366926343650485	-0.269218123684825	0.0146779876714928	TbID	Raf1S259F	no	-
TESK2	0.305897688241653	0.232325676074861	NA	NA	AP-MS	Raf1S259F	no	-
TFPI	NA	NA	1.19076555500526	0.00134252453936716	TbID	Raf1S259F	yes	gain
TFPI2	0.803400865410232	0.116324946624994	1.54339422673281	0.000102740712566727	TbID	Raf1S259F	yes	gain
TFRC	0.763543038049323	0.00467312178654746	0.512738432873511	0.000531864551662368	congruent	Raf1S259F	no	-
TGFB1	1.56137076103352	0.00533104033447843	1.12365338750371	0.000107934964440277	congruent	Raf1S259F	yes	gain
THBD	NA	NA	0.982560500003307	0.00603771792484737	TbID	Raf1S259F	no	-
THSD1	1.16183604260837	0.0119114479845804	-0.30673019157693	0.463915588980525	AP-MS	Raf1S259F	yes	gain
THUMPD3	0.43404214058067	0.193789909127277	-0.217614829430411	0.00599244360010042	TbID	Raf1S259F	no	-
TIMP1	1.73157203179354	0.00645893136567642	1.70465951414654	0.00143490993132962	congruent	Raf1S259F	yes	gain
TJP2	1.11782244585909	0.002070766722398	0.609204509690523	0.000328447986421364	congruent	Raf1S259F	yes	gain
TM9SF2	-0.0247428725298899	0.918066916482037	0.568431231088455	0.00145042627559572	TbID	Raf1S259F	no	-
TMEFF2	NA	NA	-0.644960665869467	0.00815742616797793	TbID	Raf1S259F	no	-
TMEM154	NA	NA	1.81203653589262	0.0613133741852077	TbID	Raf1S259F	no	-
TMEM185B	0.601590132026402	0.0609944809532778	0.394284724148396	0.041972763480852	TbID	Raf1S259F	no	-
TMEM192	0.845217703554438	0.0167917189548201	0.584091598084637	0.00755300070187126	congruent	Raf1S259F	no	-
TMEM200A	NA	NA	0.755450816900822	0.0287292739408719	TbID	Raf1S259F	no	-
TMEM201	-0.109562637617192	0.649381447505542	0.00400677563548968	0.953686105527725	nsig	Raf1S259F	no	-
TMEM30A	0.28628743880419	0.128673464450025	0.848560314602133	0.00110605585929944	TbID	Raf1S259F	no	-
TMEM41B	0.335410989694461	0.312889257615374	0.410666350332789	0.0183449888549769	TbID	Raf1S259F	no	-
TMEM50A	NA	NA	0.453450592375581	0.00581274606443721	TbID	Raf1S259F	no	-
TMEM59	0.517311354207835	0.0476151274699414	1.4123253123307	0.00064845167701877	congruent	Raf1S259F	yes	gain
TNFAIP1	0.327935178907319	0.0615399502727754	0.345902873377735	0.0633543597634635	nsig	Raf1S259F	no	-
TNFRSF10B	1.40500885219447	0.00897510755369203	1.63195259990071	0.00677404111482326	congruent	Raf1S259F	yes	gain
TNFRSF10D	1.43157642250259	0.00370437872359642	1.26979926606189	0.000946178527483085	congruent	Raf1S259F	yes	gain
TNS2	1.02355118721715	0.00315971931551649	0.486053194042475	0.0252785339994957	congruent	Raf1S259F	yes	gain
TOMM40	1.4432383024872	0.0147901120823845	-0.023461584750722	0.801004933835048	AP-MS	Raf1S259F	yes	gain
TOMM40L	0.915971781455049	0.0622096929110454	0.307436671033039	0.00341906316196784	TbID	Raf1S259F	no	-
TOMM70	0.71916057859374	0.023487356203925	0.221222698031138	0.0223890321785341	congruent	Raf1S259F	no	-
TPT1	0.648596666381584	0.0222478340109594	0.493414590250674	0.00160696560056531	congruent	Raf1S259F	no	-
TRAF4	0.340385807573777	0.0400495289882361	0.423215722860404	0.000296867295527202	congruent	Raf1S259F	no	-
TRAK2	1.21129185309555	0.012585761632389	0.469442032710173	0.0467052958209603	congruent	Raf1S259F	yes	gain
TRIB1	0.618316484914573	0.0387893868335996	0.263782038905315	0.197825844315072	AP-MS	Raf1S259F	no	-
TRIM27	0.0761848352344144	0.710343296024045	0.464969937118588	0.0381699259350531	TbID	Raf1S259F	no	-
TRIM37	0.383113759653253	0.255387993353553	-0.645228304077409	0.0937941962621104	nsig	Raf1S259F	no	-
TRIM44	1.09494369194892	0.0112776987065376	NA	NA	AP-MS	Raf1S259F	yes	gain
TSPAN15	NA	NA	0.813604851505108	0.0418843178266458	TbID	Raf1S259F	no	-
TSPYL2	1.08171102329751	0.00629113864175919	0.422737058000709	0.0458455931747124	congruent	Raf1S259F	yes	gain
TTC13	0.421524197423611	0.0178829170155954	0.219843916782044	0.00879221906796046	congruent	Raf1S259F	no	-
TTC4	0.713676400546206	0.0520292462385221	0.411438251281643	0.00220399661589608	TbID	Raf1S259F	no	-
TTC9C	0.357216820346734	0.112633779429253	0.110072267921082	0.136104580926316	nsig	Raf1S259F	no	-
TUBGCP2	0.0306536951303938	0.904243550046945	-0.201722938991407	0.0541213473021791	nsig	Raf1S259F	no	-
TUBGCP6	0.353641565218429	0.17032212226572	-0.177465643110586	0.169845761500001	nsig	Raf1S259F	no	-
TUG1	0.678827426004942	0.0281606567565087	0.416783479710267	0.0175015499339811	congruent	Raf1S259F	no	-
TWNK	0.116823335273091	0.553846947458068	0.155859789986823	0.44655880297968	nsig	Raf1S259F	no	-
UBE2D1	0.746194760901978	0.380905620233872	-0.1029273632316	0.441262424419613	nsig	Raf1S259F	no	-
UBE2S	1.49505196188059	0.211661622746068	0.370016684417042	0.00609047621582391	TbID	Raf1S259F	no	-
UBIAD1	-0.394734430266034	0.0374240195950696	-0.0671085540989306	0.330071786258087	AP-MS	Raf1S259F	no	-
UBL5	-0.108524681379433	0.769330067292698	-0.392519282589586	0.00394487401382396	TbID	Raf1S259F	no	-
UBR5	0.652220730053578	0.0458496731904839	0.342015423750874	0.00167438668207024	congruent	Raf1S259F	no	-
UCK2	0.0324121610997186	0.8891310572892	0.167810743506969	0.126012104959674	nsig	Raf1S259F	no	-
ULBP2	NA	NA	0.885528197513445	0.00275730317386903	TbID	Raf1S259F	no	-
UPP1	1.5808320383099	0.00233633716639973	1.47661997537496	4.17153705177809e-05	congruent	Raf1S259F	yes	gain
URI1	0.902826465349662	0.032157111257559	0.0400882816954885	0.535528544737983	AP-MS	Raf1S259F	no	-
USP11	1.11197396174662	0.0110152712966395	0.626801035434124	0.000188057877857451	congruent	Raf1S259F	yes	gain
USP17L7	1.8222978353286	0.00852027031293286	NA	NA	AP-MS	Raf1S259F	yes	gain
USP2	NA	NA	0.332085919818296	0.0926929097836877	TbID	Raf1S259F	no	-
USP34	1.01287831605547	0.0049043540565547	-0.00544729872070475	0.935937736976088	AP-MS	Raf1S259F	yes	gain
USP9X	0.733950686499163	0.0427758801028383	-0.14853881989837	0.0885490712324605	AP-MS	Raf1S259F	no	-
USP9Y	0.903556045969001	0.0520582718276393	-0.224276267254512	0.145280606969034	nsig	Raf1S259F	no	-
UST	0.00397115611312359	0.987930873604264	0.610549380795236	0.00695795978504877	TbID	Raf1S259F	no	-
UTF1	NA	NA	0.941931531202989	0.17012928315643	TbID	Raf1S259F	no	-
UXT	1.16718015659737	0.0100921212169897	0.316245764213548	0.00637838483783413	congruent	Raf1S259F	yes	gain
VGF	1.5552401403352	0.0198593840434399	1.53588513069144	0.000206741870782348	congruent	Raf1S259F	yes	gain
VWA5B2	1.18263560765858	0.00852027031293286	NA	NA	AP-MS	Raf1S259F	yes	gain
WDR6	1.27174420070903	0.0271858502880933	0.602980433931222	0.000159200371173388	congruent	Raf1S259F	yes	gain
WDTC1	0.116937696943227	0.657350518305074	0.230102948214371	0.0374305615727454	TbID	Raf1S259F	no	-
WSB2	1.0860088880482	0.0245644241299476	0.853617176430977	0.0088997238985355	congruent	Raf1S259F	yes	gain
WT1	0.591519478132618	0.0554980864891184	0.151702951705435	0.363140886524138	nsig	Raf1S259F	no	-
XPNPEP3	0.569904767710429	0.0528967586526849	0.288722567036168	0.0758931914191022	nsig	Raf1S259F	no	-
YPEL2	NA	NA	0.207119629776458	0.184480528915885	TbID	Raf1S259F	no	-
YPEL3	-0.21304072821181	0.340831646936504	0.620871252572448	0.0531416749801352	nsig	Raf1S259F	no	-
YPEL5	0.470261135188262	0.041472310556852	0.178124682305011	0.113405053000597	AP-MS	Raf1S259F	no	-
YWHAB	-2.65874335874572	0.00398414110831916	-0.56566624737162	0.00601469082492191	congruent	Raf1S259F	yes	loss
YWHAE	-2.7736399600309	0.00378701227265966	-0.866856621454473	0.000591030622281404	congruent	Raf1S259F	yes	loss
YWHAG	-2.73076475854422	0.00396702301753278	-0.811637738970995	0.00213511622293477	congruent	Raf1S259F	yes	loss
YWHAH	-2.94251450639245	0.00337508858921252	-0.824187685256193	0.000424206640498259	congruent	Raf1S259F	yes	loss
YWHAQ	-2.24116965257169	0.00603551175800813	-0.601280408186024	0.000814758038171837	congruent	Raf1S259F	yes	loss
YWHAZ	-2.01328621329771	0.00488141503206954	0.131068373730563	0.270624898292934	AP-MS	Raf1S259F	yes	loss
ZBTB1	1.59852293951073	0.00770276538839766	-0.0328520261017654	0.903193852900092	AP-MS	Raf1S259F	yes	gain
ZCCHC12	-0.00430650478763426	0.994214706381683	1.23782961431559	0.000106771859533133	TbID	Raf1S259F	yes	gain
ZCCHC8	1.00506447238811	0.00295816456991909	0.314188434425306	0.00232668978244827	congruent	Raf1S259F	yes	gain
ZFP36	1.47233808399883	0.00301359669520263	1.22208978102551	0.00170873948928409	congruent	Raf1S259F	yes	gain
ZFP36L1	1.24156297464224	0.00850798664407154	0.565468022805836	0.002411415348261	congruent	Raf1S259F	yes	gain
ZFP36L2	0.935410985215904	0.0219359242694362	0.430770508340458	0.000722705410864239	congruent	Raf1S259F	no	-
ZNF480	NA	NA	-0.853385564523842	0.000108889254818006	TbID	Raf1S259F	no	-
ZNF582	NA	NA	-0.692865064228405	0.0139255455062279	TbID	Raf1S259F	no	-
ZNF697	NA	NA	0.808228094347886	9.78611490774218e-05	TbID	Raf1S259F	no	-
ZSWIM8	0.652522102745459	0.0826393725764704	-0.116092190848703	0.251551979226117	nsig	Raf1S259F	no	-
ADAM17	-0.269104338157023	0.333597038525808	-0.569634554649809	0.00246322548740341	TbID	ERK2DD	no	-
ADGRL1	-1.06566888748902	0.00265214585516	0.44037389900581	0.00397049685158059	opposite	ERK2DD	yes	opposite
ADGRL2	-1.63289039457212	5.67930971814816e-05	-0.0602231681954795	0.460717061055412	AP-MS	ERK2DD	yes	loss
ADGRL3	-0.694769545865697	0.0468522860427638	-0.334915538091971	0.0543546073439527	AP-MS	ERK2DD	no	-
AGO1	-0.230577780430065	0.0447289805672648	-0.930856565254986	8.70023371793537e-05	congruent	ERK2DD	no	-
AGO2	-0.038603721410132	0.720436348461717	-1.21186279715924	5.74628899212832e-05	TbID	ERK2DD	yes	loss
AGO3	-0.0458608894687192	0.774955162074404	-1.24451363745998	5.06069241556446e-05	TbID	ERK2DD	yes	loss
ANKRD34A	NA	NA	0.126947652344297	0.498499801948258	TbID	ERK2DD	no	-
ANO8	-0.271760031709858	0.171985819228823	0.0762973087308332	0.413184412980086	nsig	ERK2DD	no	-
ARC	-1.38703364157983	0.0784188594992628	0.126086029304469	0.662269550188017	nsig	ERK2DD	no	-
ARHGAP29	-0.360790507921828	0.0238113535903881	-0.824264263242642	4.35744136323524e-05	congruent	ERK2DD	no	-
ARHGAP31	0.508948001905833	0.0483422383216717	-0.319755011008898	0.00587413086642912	opposite	ERK2DD	no	-
ARHGEF26	-0.434845002044238	0.025266102482884	-0.785074048698412	8.8982588998558e-05	congruent	ERK2DD	no	-
ARL6IP1	-0.314718540493618	0.32998016893279	0.832877308550274	0.000381259707280059	TbID	ERK2DD	no	-
ASPM	0.189365345519793	0.24534098996986	0.352130636499242	0.00830740426996094	TbID	ERK2DD	no	-
ATXN7L1	0.551589366386074	0.116507945991864	-0.0221923426434706	0.906698465282185	nsig	ERK2DD	no	-
AUNIP	0.168483233169911	0.203051928024041	-0.809946569609981	0.000273137232109214	TbID	ERK2DD	no	-
BACH1	-1.34555978512393	8.50587191932656e-05	-1.04360494710111	0.000196551036936922	congruent	ERK2DD	yes	loss
BTBD6	NA	NA	-0.10821033260597	0.611704357657199	TbID	ERK2DD	no	-
C12orf56	NA	NA	1.17858112663213	0.0291767779992283	TbID	ERK2DD	yes	gain
C15orf39	0.215492467931351	0.108332164869846	-1.30375231179132	4.96972520790712e-05	TbID	ERK2DD	yes	loss
C4A;C4B	NA	NA	0.405407099029686	0.0192587184833154	TbID	ERK2DD	no	-
CAMSAP2	-0.208519003934466	0.0892016369749972	-1.06347312211377	3.00387952493003e-05	TbID	ERK2DD	yes	loss
CCAR2	0.0176033153597053	0.878605508938317	-1.11658485010982	9.61245630764465e-05	TbID	ERK2DD	yes	loss
CCDC138	-0.173186179575436	0.162509498485798	-0.945537153056812	4.86677914561028e-05	TbID	ERK2DD	no	-
CDC123	0.532237598252562	0.0478909272836479	-0.29989096414717	0.00744146201523986	opposite	ERK2DD	no	-
CDC37	-2.15009604373778	2.45809926344945e-06	-0.306039557322767	0.00504390906512924	congruent	ERK2DD	yes	loss
CDC42EP3	0.0259581129092763	0.938290595715324	-1.07857754916602	0.00048569004878239	TbID	ERK2DD	yes	loss
CDCA3	-0.00690713604999069	0.983897304703398	-0.956080514591739	6.4177325630199e-05	TbID	ERK2DD	no	-
CENPI	0.233358242311432	0.478326228269344	0.193597116416119	0.0944879139014646	nsig	ERK2DD	no	-
CHAF1A	0.0571885969702704	0.678782344021827	-0.223140739175163	0.0498075357046681	TbID	ERK2DD	no	-
CHAF1B	0.180876267811689	0.184530024331852	-0.245961086519881	0.0452976880729957	TbID	ERK2DD	no	-
CHERP	0.53139262815174	0.0125403468269276	-0.942948715926415	5.45129194507559e-05	opposite	ERK2DD	no	-
CKAP2	0.256713462248235	0.273687255189438	-1.16880305860718	3.69745910368263e-05	TbID	ERK2DD	yes	loss
CLSPN	0.000727655314709231	0.996725335460735	-1.25355562985869	4.34598991235221e-05	TbID	ERK2DD	yes	loss
CNOT4	-0.336313097707923	0.0887155371851966	-1.08404039414403	4.0293105188897e-05	TbID	ERK2DD	yes	loss
COPRS	-1.1705895651008	0.00747889265529694	-0.859525870226215	0.00706396205288205	congruent	ERK2DD	yes	loss
CPTP	0.434414624661301	0.173068062044443	0.609105727635471	0.00497364475712758	TbID	ERK2DD	no	-
CRMP1	0.189599601182552	0.242359077024205	-0.243402332607883	0.0171776963891063	TbID	ERK2DD	no	-
CTBP2	-0.414386329998972	0.0259897583087807	0.0360396405897166	0.590062583338787	AP-MS	ERK2DD	no	-
CYBA	0.202092130412357	0.336105583670584	0.832560565114	0.000969786096556759	TbID	ERK2DD	no	-
DCAF8L1;DCAF8L2	-1.46870725710489	0.00749514894657604	NA	NA	AP-MS	ERK2DD	yes	loss
DCLK1	0.776523572106825	0.000501908196393196	0.452618347537214	0.00318419457419162	congruent	ERK2DD	no	-
DEPTOR	1.13316549545984	0.0033717127325549	NA	NA	AP-MS	ERK2DD	yes	gain
DHPS	-4.05099075110798	3.13181466089791e-06	-0.44879973209754	0.00461885131528447	congruent	ERK2DD	yes	loss
DIAPH3	-0.469894834250587	0.00835583434530083	-1.09868457006155	5.01203053721826e-05	congruent	ERK2DD	yes	loss
DMTN	1.15271097871878	0.0274711962564354	-0.265899015283418	0.00648881584567667	opposite	ERK2DD	yes	opposite
DNAJC30	-0.639176793029072	0.00277000638441096	0.776973940993228	0.000417108309546836	opposite	ERK2DD	no	-
DNAJC5	NA	NA	0.700712505084217	0.0957546995702456	TbID	ERK2DD	no	-
DNTTIP1	-0.00673316560428403	0.974226354252388	-0.490306454383607	0.00580013022895209	TbID	ERK2DD	no	-
DUSP1	-1.4122643049666	0.00295480157527337	-0.932878494840275	0.0507491511420851	AP-MS	ERK2DD	yes	loss
DUSP16	-1.69819582846254	0.000293709577920863	-0.869158240261588	0.00021769075988856	congruent	ERK2DD	yes	loss
DUSP4	-1.38150340502819	0.00205469062798841	NA	NA	AP-MS	ERK2DD	yes	loss
DUSP5	-0.733432278830929	0.0290476434878986	-0.0422059280430372	0.818941300797915	AP-MS	ERK2DD	no	-
DUSP6	-1.17192921962775	0.070813763606025	-0.26924753210766	0.4996561802551	nsig	ERK2DD	no	-
DUSP7	-2.02108886480024	0.000342060071760678	-0.755066287745435	0.001681694626997	congruent	ERK2DD	yes	loss
DUSP9	-2.04394340300221	0.000529291855062772	1.84454727729839	4.0293105188897e-05	opposite	ERK2DD	yes	opposite
ECHDC1	-0.416484582033884	0.0228482610967866	-0.846586324168324	5.01203053721826e-05	congruent	ERK2DD	no	-
EEF1B2	0.260263194529204	0.0823712546077297	-0.130977027282811	0.447113538463275	nsig	ERK2DD	no	-
EMILIN3	1.01261861190104	0.000224835429438591	1.27237759096125	9.94276426985584e-05	congruent	ERK2DD	yes	gain
EMX1	1.03761740945299	0.0121746969774924	NA	NA	AP-MS	ERK2DD	yes	gain
EPB41L4B	0.132820985381419	0.602663549338046	0.919129254420364	0.00221266083106153	TbID	ERK2DD	no	-
ERF	-2.3099399521126	5.65068713560317e-05	-1.04604253376856	9.26681144241234e-05	congruent	ERK2DD	yes	loss
ERRFI1	0.624448722739433	0.0496756677959917	-1.08134983026602	0.000206556238806399	opposite	ERK2DD	yes	opposite
ETV3	-0.954163047082894	0.00107993795128239	-1.15708670173098	8.83102553706295e-05	congruent	ERK2DD	yes	loss
EYA3	-0.721837021794703	0.0151429461042081	-1.4091780854887	4.0293105188897e-05	congruent	ERK2DD	yes	loss
FADS2	0.20025992960599	0.111516653992387	0.770990038316333	0.000154166865137386	TbID	ERK2DD	no	-
FAM83D	-0.876688634597365	0.00193973229293716	-0.225762175239388	0.0168131301774428	congruent	ERK2DD	no	-
FBH1	-0.127861476128128	0.667398121414061	0.351169753546303	0.0145862667026946	TbID	ERK2DD	no	-
FBRS	0.382527479477092	0.0512572451940373	-1.14217680585224	6.13275415993613e-05	TbID	ERK2DD	yes	loss
FGFR1	-1.13868881815481	0.000399124105992928	0.244830929783949	0.072657773295847	AP-MS	ERK2DD	yes	loss
FIGN	-0.786409054179807	0.0346721937099417	-0.885948951829289	0.000883673606580895	congruent	ERK2DD	no	-
FKBP5	-1.1723292367533	0.000992744295021816	-0.0958329549125981	0.187541633039961	AP-MS	ERK2DD	yes	loss
FNDC10	0.969181582438319	0.0216685451123648	1.96194898792257	0.00138037122250299	congruent	ERK2DD	yes	gain
FOXRED2	-0.320061813176126	0.0366717423981742	0.409809578175234	0.00726694359348308	opposite	ERK2DD	no	-
FRMD4A	-0.18820776471931	0.204011556647121	-0.275670559610551	0.0173983802056392	TbID	ERK2DD	no	-
FRS2	-1.9721252605179	0.00024251836581917	-0.410040822503068	0.00295711019299509	congruent	ERK2DD	yes	loss
FRS3	NA	NA	-0.100577726475673	0.513348682020336	TbID	ERK2DD	no	-
GAB1	-0.26732887039783	0.400417527748735	-0.759600915969572	0.000136580818271351	TbID	ERK2DD	no	-
GABRB3	0.233448602166979	0.596656551853119	0.414050539299615	0.030423660052456	TbID	ERK2DD	no	-
GATD1	0.237812538455361	0.125033097932075	0.691752572177607	0.000224761252588345	TbID	ERK2DD	no	-
GPAM	0.0010335225458595	0.995068791602046	0.62139377586495	0.000404983875420381	TbID	ERK2DD	no	-
GRIP1	-0.227980805202417	0.130508235770158	-0.736430419094321	0.000155091524093483	TbID	ERK2DD	no	-
GRSF1	-2.65249599784935	1.71688537431217e-06	-0.391748734287379	0.00250013019039817	congruent	ERK2DD	yes	loss
GTSE1	0.173462943873584	0.208165653216393	-1.31077375567364	2.4519507158908e-05	TbID	ERK2DD	yes	loss
GUCD1	0.661119129043473	0.0402869860103472	0.332273792635452	0.00266687059431303	congruent	ERK2DD	no	-
HCN4	1.01495370291589	0.00135548165932087	NA	NA	AP-MS	ERK2DD	yes	gain
HIVEP1	0.397989226591442	0.24534098996986	-0.00209955182722629	0.987398896401703	nsig	ERK2DD	no	-
HMMR	-1.09920549132859	0.000439411826227291	-0.392497336957876	0.0012974035714394	congruent	ERK2DD	yes	loss
HPS4	-0.500778608720945	0.111607559461206	-0.770160780781	0.00335077226755453	TbID	ERK2DD	no	-
HSP90AA1	-1.81224333072754	3.13181466089791e-06	0.305642380959029	0.006346472034426	opposite	ERK2DD	yes	opposite
HSP90AA4P	-2.17165778643605	0.0243045304259095	0.103976507365641	0.465930249519313	AP-MS	ERK2DD	yes	loss
HSP90AA5P	-0.897732931028161	0.0389991087258697	-0.050161277904926	0.862845889456278	AP-MS	ERK2DD	no	-
HSP90AB1	-1.4613785937346	1.60694608633319e-05	0.351665904784869	0.00151358010936852	opposite	ERK2DD	yes	opposite
HSP90AB4P	-1.19181667523172	0.000913362267864099	NA	NA	AP-MS	ERK2DD	yes	loss
ID3	-0.739838277007962	0.0787627975387424	-1.06384843769675	0.0707260456819079	nsig	ERK2DD	no	-
ILK	-1.65358523334054	2.59650846047848e-05	-0.0464344215644035	0.568123505617799	AP-MS	ERK2DD	yes	loss
IPP	-1.80527594449265	5.45996590332714e-05	-0.0480399030929956	0.74838626348422	AP-MS	ERK2DD	yes	loss
KATNAL1	-1.31456731448574	0.000934374095175133	-0.54051486645006	0.000233595101867143	congruent	ERK2DD	yes	loss
KATNIP	-0.212036375046074	0.114619046068393	-0.835510126627574	6.4177325630199e-05	TbID	ERK2DD	no	-
KCTD10	0.174483257863653	0.696480184145435	0.305860650376042	0.224909840491495	nsig	ERK2DD	no	-
KCTD20	-1.4943987290322	0.00104450904846416	-0.20833593199231	0.437179207494985	AP-MS	ERK2DD	yes	loss
KDM8	-3.24991503082034	0.0121686254714323	0.0712922067406867	0.674577866897566	AP-MS	ERK2DD	yes	loss
KIAA1191	1.13152435332418	0.0143458320242228	-0.799117739739232	0.000859733589213077	opposite	ERK2DD	yes	opposite
KIDINS220	-1.30804596217199	3.15310387010812e-05	-0.441903024481179	0.000592562457358416	congruent	ERK2DD	yes	loss
KIF16B	-0.0805297305489826	0.793199770266165	-1.41134564979558	3.31993779208306e-05	TbID	ERK2DD	yes	loss
KIF7	-0.394372345314618	0.0144350749576747	-0.879356225357661	4.0293105188897e-05	congruent	ERK2DD	no	-
LEMD2	-1.9544390314821	5.25253363129319e-06	0.552082452256624	0.00411103466678515	opposite	ERK2DD	yes	opposite
LEMD3	-0.542678450064138	0.00115229855883947	-0.798576261762394	6.91369142318552e-05	congruent	ERK2DD	no	-
LGALS3BP	-0.0984090049210281	0.387778177061483	0.419677413543035	0.000820649556193297	TbID	ERK2DD	no	-
LHX4	-0.329341739234032	0.496122859689727	NA	NA	AP-MS	ERK2DD	no	-
LIMS1	-1.65205036025644	3.63757710904839e-05	-0.0695554970101959	0.431413744351167	AP-MS	ERK2DD	yes	loss
LMBRD2	-1.37831202211732	9.64066347723521e-05	0.278434726768838	0.00631268391878	opposite	ERK2DD	yes	opposite
LMO1	-0.0787332210552918	0.836481588426479	NA	NA	AP-MS	ERK2DD	no	-
LSAMP	NA	NA	0.636383374206806	0.00580075372971641	TbID	ERK2DD	no	-
MAP2K2	-0.973010387025329	0.00376629162143169	-0.899414348257408	0.000155091524093483	congruent	ERK2DD	no	-
MAPK1	-0.29252739807848	0.137031043689786	-1.20657620989419	7.49377112535139e-05	TbID	ERK2DD	yes	loss
MEST	NA	NA	1.12697572377228	0.00296425306567203	TbID	ERK2DD	yes	gain
MIDEAS	-0.0177104393309898	0.914238460926152	-0.709560627184294	0.000405155538205064	TbID	ERK2DD	no	-
MKNK1	-1.04908399429678	0.00688259437694447	-0.218428640091721	0.0521189442926554	AP-MS	ERK2DD	yes	loss
MKNK2	-2.14843156488907	0.000339173669458882	-1.24553320246392	0.000363596503105964	congruent	ERK2DD	yes	loss
MPLKIP	0.84262966730014	0.0292814853394207	1.0453525904948	0.000326528872217406	congruent	ERK2DD	yes	gain
MRTFA	-0.770181332533695	0.000228317590904164	-0.484581440813149	0.000807978376892651	congruent	ERK2DD	no	-
MRTFB	-0.949807386257918	0.00195116681472072	-0.283812330182746	0.0215635696757658	congruent	ERK2DD	no	-
MYH9	-0.67170761956522	0.00047596937346234	0.461358629193818	0.0141440445266631	opposite	ERK2DD	no	-
MZT1	-2.46682043428203	5.02470739989552e-05	0.293112960086035	0.0454368651700387	opposite	ERK2DD	yes	opposite
MZT2B	-2.07312364836259	5.45996590332714e-05	-0.685369555288324	0.00119380100757973	congruent	ERK2DD	yes	loss
NCKAP5L	-0.152476304682789	0.423904363114388	-1.10413669267311	3.00387952493003e-05	TbID	ERK2DD	yes	loss
NECAP1	-0.495124879867494	0.0463597616242538	-1.00159072309674	7.10886715552797e-05	congruent	ERK2DD	yes	loss
NEK3	-0.997521962228845	0.00043616340607193	-0.455823101895752	0.00259569972759853	congruent	ERK2DD	no	-
NEO1	-1.29813397388548	0.000213093887039917	-0.758875306819657	0.000441751942541909	congruent	ERK2DD	yes	loss
NFE2L1	-0.143615842095774	0.626194967496894	-0.843443804122951	0.0102818032661992	TbID	ERK2DD	no	-
NLGN4Y	-0.954228779336619	0.0762648615728617	NA	NA	AP-MS	ERK2DD	no	-
NOTCH1	-0.72723221271338	0.008296740406183	-0.128598751609627	0.376232428290512	AP-MS	ERK2DD	no	-
NOVA2	NA	NA	2.06339494681403	0.00717869099973021	TbID	ERK2DD	yes	gain
NUP58	-0.446899910234237	0.00848882337515837	-0.622971475047502	0.000787486165585152	congruent	ERK2DD	no	-
OCIAD2	-1.07358542828347	0.000224835429438591	0.71853566874177	0.000670031172431704	opposite	ERK2DD	yes	opposite
ORMDL2	NA	NA	0.576138760371843	0.0295983767105423	TbID	ERK2DD	no	-
OTUD5	-0.844776356182999	0.000678385470605308	-1.16987861585361	6.13275415993613e-05	congruent	ERK2DD	yes	loss
PAIP2	-0.735055108541133	0.0176773405265769	-1.75266860186942	8.05190680512109e-05	congruent	ERK2DD	yes	loss
PALMD	1.33504275688086	0.00432320090404866	-0.727781901376782	0.00431000344786616	opposite	ERK2DD	yes	opposite
PARVA	-1.64777084184058	7.82429538893223e-05	-0.0624154613551665	0.429740551715613	AP-MS	ERK2DD	yes	loss
PARVB	-1.55049510230231	0.000630584343180191	-0.272692658018608	0.188540695231079	AP-MS	ERK2DD	yes	loss
PCDH19	-0.859846112210493	0.0341198324154179	-0.253805794513914	0.0340585844542158	congruent	ERK2DD	no	-
PCLAF	0.909837801794291	0.0331490120969291	-0.0541658977302919	0.545719901586457	AP-MS	ERK2DD	no	-
PDCD6IP	-1.92419475217903	1.55852164246597e-06	0.480002505713612	0.000589855345635885	opposite	ERK2DD	yes	opposite
PEA15	NA	NA	-0.3486057042164	0.00999752173181306	TbID	ERK2DD	no	-
PEG10	-0.136609944265088	0.427622673548544	-1.13524832918954	3.4371458751137e-05	TbID	ERK2DD	yes	loss
PIGW	0.0447516434322102	0.905113179536169	0.978362947188074	0.000234648466688918	TbID	ERK2DD	no	-
PIK3R3	-0.557204953731815	0.00382800348432022	-0.276733724236327	0.00885487649810865	congruent	ERK2DD	no	-
PINX1	0.43482502537398	0.0813008711303335	-1.05325655017246	4.71949051036466e-05	TbID	ERK2DD	yes	loss
PKHD1L1	0.0203933745551916	0.979395387970987	NA	NA	AP-MS	ERK2DD	no	-
PNMA1	0.0055477049061696	0.987568105561705	0.487959462047573	0.0935050810153808	nsig	ERK2DD	no	-
PNMA2	-0.997587426388235	0.000636862118471074	0.320546333791181	0.0481803833611827	opposite	ERK2DD	no	-
POM121	-0.184963827179248	0.251953267391667	-0.0480368639506164	0.813926096704426	nsig	ERK2DD	no	-
PPM1L	-1.22923772415685	0.000136009648774305	0.00253824153565906	0.985990614560994	AP-MS	ERK2DD	yes	loss
PRCC	1.04446409975199	0.00263475978305176	-1.36529939927741	5.01203053721826e-05	opposite	ERK2DD	yes	opposite
PRRC2B	-0.198188000520395	0.142329618021669	-1.11131138812303	4.0293105188897e-05	TbID	ERK2DD	yes	loss
PSMC2	-0.802050939594239	0.000748594924949755	-0.73741893878688	8.05690981790628e-05	congruent	ERK2DD	no	-
PSMC5	-0.514114290165354	0.00293758648816044	-0.585246761089176	0.000124928901932251	congruent	ERK2DD	no	-
PSMD3	-1.35920883633836	2.59650846047848e-05	0.536860301640217	0.00741034586850235	opposite	ERK2DD	yes	opposite
PTPDC1	-0.518731283736069	0.152229835392711	-0.0483825067978891	0.770810174148423	nsig	ERK2DD	no	-
PTPRZ1	-0.429137803402078	0.197423069839925	-0.0150764984585463	0.944405466606433	nsig	ERK2DD	no	-
RAB32	-0.579778473886384	0.0575800126015246	1.82497507451934	2.48424560353357e-05	TbID	ERK2DD	yes	gain
RAI2	1.01313848462804	0.00683032616013925	-0.6305237778387	0.00479771786803163	opposite	ERK2DD	yes	opposite
RAP1GAP	-0.948301607165649	0.00205403574889649	-1.70950371679593	2.37901376606193e-05	congruent	ERK2DD	yes	loss
RAVER1	0.140869365416009	0.298399676840691	-1.41862773897661	2.37901376606193e-05	TbID	ERK2DD	yes	loss
RCOR2	1.09067143568386	0.00216549957100585	NA	NA	AP-MS	ERK2DD	yes	gain
RHBDF1	-1.39345806932816	0.00148538752484896	0.200622908259419	0.30511998034111	AP-MS	ERK2DD	yes	loss
RHBDF2	-1.62803795744711	4.5010389762931e-05	-0.310101841589559	0.041551698890193	congruent	ERK2DD	yes	loss
RP9	0.333262456582541	0.0831654492812965	0.479644135865264	0.00431000344786616	TbID	ERK2DD	no	-
RPA1	-0.0524409895838337	0.634559809695822	0.473149302087385	0.00721863752273485	TbID	ERK2DD	no	-
RPA2	-0.150489528668093	0.317139061176408	0.494578120729113	0.00967451279743006	TbID	ERK2DD	no	-
RPA3	-0.358828725240995	0.0873624324024389	0.434145391495733	0.0116480679048982	TbID	ERK2DD	no	-
RPS6KA1	-2.56245233977336	4.25528852734225e-07	-0.813108466191106	7.18007443128599e-05	congruent	ERK2DD	yes	loss
RPS6KA2	-2.32394879696509	1.60694608633319e-05	-0.818951364404624	0.000429089925953684	congruent	ERK2DD	yes	loss
RPS6KA3	-3.56957195806127	1.57646575878887e-07	-1.18813611876252	3.60342395468533e-05	congruent	ERK2DD	yes	loss
RPS6KA4	-0.448563337081679	0.00777444739658361	0.327472754929698	0.00222929920449866	opposite	ERK2DD	no	-
RPS6KA5	-1.67532438305058	1.60694608633319e-05	-0.0953999347639479	0.571178920983313	AP-MS	ERK2DD	yes	loss
RPS6KA6	-2.36469447469073	0.00018364219936155	-0.393736328373178	0.00191053245725308	congruent	ERK2DD	yes	loss
RSU1	-1.71301265317876	3.68340448725282e-05	-0.197039876403967	0.0568024703534948	AP-MS	ERK2DD	yes	loss
RTKN2	-0.287056520765983	0.165106732476423	-0.935396291061324	4.62001092289904e-05	TbID	ERK2DD	no	-
SCML1	0.634258700152242	0.0187734005208999	0.712814404956761	0.00160366426113066	congruent	ERK2DD	no	-
SCRN3	-1.97295816969146	0.000290603733147622	-0.308241520907741	0.0126841707823125	congruent	ERK2DD	yes	loss
SEC13	-0.496510503577147	0.0157858831403351	-0.607566779719323	0.00358660427377264	congruent	ERK2DD	no	-
SEC16A	-0.836093276791046	0.00202032971644401	-0.525053584306959	0.000527612837430608	congruent	ERK2DD	no	-
SELENOK	-1.12079514872918	0.000477781000528034	0.010625086501305	0.915790405893982	AP-MS	ERK2DD	yes	loss
SENP6	-0.0712396078950626	0.562047496911892	-1.1726174917836	2.4519507158908e-05	TbID	ERK2DD	yes	loss
SERF2	0.325930606524544	0.0744305226756981	0.116603473082759	0.329458079320173	nsig	ERK2DD	no	-
SERINC1	-2.55391733809386	0.000194519298279299	0.231987424318069	0.028965941541634	opposite	ERK2DD	yes	opposite
SESN3	0.425035870122874	0.0251046523449862	1.13604323572135	0.000113162985398931	congruent	ERK2DD	yes	gain
SFRP5	NA	NA	1.43830478046066	0.00258446719474067	TbID	ERK2DD	yes	gain
SGK1	NA	NA	-1.05107776300532	0.110588413426975	TbID	ERK2DD	no	-
SIVA1	-1.15269669701276	0.000181239156439209	0.326132151755095	0.0236989381637911	opposite	ERK2DD	yes	opposite
SKOR2	0.548108913730655	0.00875661667255935	NA	NA	AP-MS	ERK2DD	no	-
SLC16A7	0.832781816878515	0.0238011005803078	1.73922399241506	0.000198577472996277	congruent	ERK2DD	yes	gain
SLC30A4	-1.86289596063989	0.000570252505670425	0.331558347137335	0.231920247900466	AP-MS	ERK2DD	yes	loss
SLIT2	-0.126840821335558	0.367026539240189	0.436013325010327	0.0405127518698947	TbID	ERK2DD	no	-
SOWAHB	NA	NA	-0.0961014560019118	0.529157575319092	TbID	ERK2DD	no	-
SOX7	NA	NA	-0.521768638919323	0.00900406767434725	TbID	ERK2DD	no	-
SPART	-0.561668405474175	0.00114651433116835	-2.20832882999147	2.4519507158908e-05	congruent	ERK2DD	yes	loss
SPRED1	-1.31467998903813	0.00354328881337642	0.0842206722865385	0.725771993434833	AP-MS	ERK2DD	yes	loss
SPRED2	-1.43602877895055	0.00280250723175563	0.150882641509076	0.0659124089028163	AP-MS	ERK2DD	yes	loss
SPRYD3	-0.857673777040236	0.0143099697418393	0.0178366403751252	0.924205451039555	AP-MS	ERK2DD	no	-
STMN3	-0.444984877278584	0.0399709120440203	-1.41906843987074	9.26681144241234e-05	congruent	ERK2DD	yes	loss
SUPT20H	-0.151401614957226	0.448346551144019	-0.28281623702319	0.044900322857821	TbID	ERK2DD	no	-
SYDE2	0.15957995810808	0.626194967496894	-0.946436258549994	4.71949051036466e-05	TbID	ERK2DD	no	-
SYT14	NA	NA	-1.09713791169624	0.0144720189079698	TbID	ERK2DD	yes	loss
TAF7	0.41520872514692	0.0973892201150595	-1.74988941810011	2.4519507158908e-05	TbID	ERK2DD	yes	loss
TCF3	0.102641552988322	0.594282824159391	-1.14060113394443	5.45129194507559e-05	TbID	ERK2DD	yes	loss
TDRP	-0.290064828785724	0.0739256106652474	-1.31217870707854	3.28337071619614e-05	TbID	ERK2DD	yes	loss
TFPI2	0.588863897495964	0.0984256530161527	0.731680299636759	0.00454265066424809	TbID	ERK2DD	no	-
TGFB1	1.29089050747647	0.000126840186824715	0.95169789300265	0.000122364467187221	congruent	ERK2DD	yes	gain
TIMP1	-1.88877362841806	0.000360385559071709	-0.0179274369759222	0.930629996223468	AP-MS	ERK2DD	yes	loss
TMEFF2	NA	NA	0.650987933943444	0.00726899765216682	TbID	ERK2DD	no	-
TMEM201	-1.22473592875892	8.5382318024826e-05	0.0390666265002089	0.572543234318844	AP-MS	ERK2DD	yes	loss
TMEM33	-1.22078784082815	0.000568446961216521	0.551194414915313	0.00118565961256525	opposite	ERK2DD	yes	opposite
TNFAIP1	-0.342403736731249	0.0963805747573504	0.468030587559079	0.0384340237725147	TbID	ERK2DD	no	-
TNRC6A	-0.654162690647355	0.000534697421323992	-1.5416264638912	2.4519507158908e-05	congruent	ERK2DD	yes	loss
TNRC6B	-0.29046855780621	0.0409659493276784	-1.19107184074659	4.20863933734903e-05	congruent	ERK2DD	yes	loss
TNRC6C	-0.273058882881482	0.0356366768390053	-1.13547422323221	8.05690981790628e-05	congruent	ERK2DD	yes	loss
TOB1	NA	NA	-1.32168304090158	4.9892171969155e-05	TbID	ERK2DD	yes	loss
TOB2	0.0227980605760411	0.972195814635011	-1.26221138642898	4.0293105188897e-05	TbID	ERK2DD	yes	loss
TP73	-0.381498105323791	0.0650349359967046	-0.919473819680575	0.000133000937957958	TbID	ERK2DD	no	-
TRERF1	-0.75006758236624	0.0678988021066269	-0.137271360428772	0.452080586301085	nsig	ERK2DD	no	-
TRIP12	-0.0398407475873467	0.771443227867344	-0.941805573136182	6.4177325630199e-05	TbID	ERK2DD	no	-
TRPS1	-0.872373861289381	0.0020347578189699	-1.03108145068809	8.81609188640511e-05	congruent	ERK2DD	yes	loss
TTLL4	-0.728425282313078	0.000978755970900659	-0.920631185169933	0.000136580818271351	congruent	ERK2DD	no	-
TUBG1	-2.09015193871169	2.4595446552672e-06	0.452362322144819	0.00426741311458176	opposite	ERK2DD	yes	opposite
TUBG2	-2.29059493153109	3.48407134651991e-05	0.458330593319328	0.297634940625838	AP-MS	ERK2DD	yes	loss
TUBGCP2	-2.57608782993481	5.25253363129319e-06	0.246811866520611	0.0756531548372335	AP-MS	ERK2DD	yes	loss
TUBGCP3	-2.38065925709823	2.4595446552672e-06	0.131347179068429	0.336416869610454	AP-MS	ERK2DD	yes	loss
TUBGCP4	-1.44092696555948	5.23389639177232e-05	0.299057089885216	0.0660258207354366	AP-MS	ERK2DD	yes	loss
TUBGCP5	-1.86467062672948	2.86749125536667e-05	0.338001324829994	0.01196046274925	opposite	ERK2DD	yes	opposite
TUBGCP6	-2.09053361384717	1.77407061290088e-05	0.197679379368684	0.201702346512829	AP-MS	ERK2DD	yes	loss
TUG1	-1.13029807994544	0.00249690607050874	0.744243317758171	0.0371525721433244	opposite	ERK2DD	yes	opposite
UBAP2	0.205719686192203	0.137293594011373	-1.13431223084872	3.02586698651107e-05	TbID	ERK2DD	yes	loss
UBL5	-0.083112146673841	0.831659494858865	0.238229921079525	0.0548762940938623	nsig	ERK2DD	no	-
UBR5	-1.65286382444161	4.26077899655278e-06	-0.363393347833701	0.00256725307593651	congruent	ERK2DD	yes	loss
UCHL3	-0.522207741857613	0.512012768569177	0.284622410683706	0.013473756639475	TbID	ERK2DD	no	-
USP24	-2.54497417630352	1.32039119280903e-06	0.183272020729349	0.0384679326009457	opposite	ERK2DD	yes	opposite
USP47	-1.39381136251332	0.000502814528796168	-0.590569863993366	0.000342481599159128	congruent	ERK2DD	yes	loss
USPL1	-1.18361439322305	0.023631273994304	-0.760300974793116	0.0040079628251629	congruent	ERK2DD	yes	loss
WRNIP1	-0.722990620459196	0.00242485837710939	-0.258148460918099	0.0308058797073009	congruent	ERK2DD	no	-
WWTR1	-0.111568769343786	0.799871950035712	-0.992678533966281	0.000994364263281614	TbID	ERK2DD	no	-
XPR1	-1.34903503100932	0.000109550629752796	-0.194040027449769	0.0521048015151038	AP-MS	ERK2DD	yes	loss
YAP1	-0.316511700930742	0.294900538654297	-1.08654134787979	4.96201690493397e-05	TbID	ERK2DD	yes	loss
YY1AP1	NA	NA	-1.00652743489034	0.000494958349572173	TbID	ERK2DD	yes	loss
ZBED1	-0.330622323603014	0.110779706907529	-1.10561065346509	5.07515592064945e-05	TbID	ERK2DD	yes	loss
ZBTB21	-1.19343706694694	0.0164621985209839	-1.10188498177251	4.9892171969155e-05	congruent	ERK2DD	yes	loss
ZCCHC12	0.0692643382552102	0.899177285916681	-1.2133769924414	7.48233726801218e-05	TbID	ERK2DD	yes	loss
ZCCHC2	-0.220961927866548	0.130508235770158	-0.774456860603129	0.000235987018400984	TbID	ERK2DD	no	-
ZFP1	-1.64301137434288	0.135172186533137	0.205958133951667	0.0201097426155059	TbID	ERK2DD	no	-
ZFYVE16	-1.01913900694041	0.000243261598282627	-1.00634042831714	6.83025045335662e-05	congruent	ERK2DD	yes	loss
ZMAT2	0.341269403445713	0.179201691297859	-1.52837163665914	4.0293105188897e-05	TbID	ERK2DD	yes	loss
ZNF318	-0.585633381814388	0.000678550380217576	-0.442692831239274	0.000441751942541909	congruent	ERK2DD	no	-
ZXDC	-0.220035872966527	0.773282635963019	-0.371099875241652	0.108280267449851	nsig	ERK2DD	no	-
ABHD13	NA	NA	0.769675514106197	0.000158687696645805	TbID	HrasS17N	no	-
ABHD3	0.20128509757621	0.65827289672558	0.879104066466068	6.09801211031314e-05	TbID	HrasS17N	no	-
ACBD7	0.425212214395875	0.252606430311295	0.136568988087403	0.484636329072558	nsig	HrasS17N	no	-
ACTL8	0.048800481202229	0.918159483135305	1.23561729294304	6.55881025224795e-05	TbID	HrasS17N	yes	gain
AGO2	0.615684768464285	0.00286295015223303	-1.04396412538225	2.45285569564361e-05	opposite	HrasS17N	yes	opposite
ALKBH2	0.88784975888589	0.00277204440456291	0.393166669472413	0.011571262921159	congruent	HrasS17N	no	-
ALOXE3	-1.12372937002345	0.0328857744560577	-0.549282935935373	0.0121887581660368	congruent	HrasS17N	yes	loss
ALPL	NA	NA	0.869045557255553	0.000694403832541668	TbID	HrasS17N	no	-
APEX2	0.367538093455659	0.0349447188973086	0.338741087027875	0.0173909322632187	congruent	HrasS17N	no	-
APOBEC3D	NA	NA	1.37212646801881	0.00161958542024128	TbID	HrasS17N	yes	gain
APOOL	0.3820912289275	0.0455510580193931	0.590482642771741	0.000208989707980221	congruent	HrasS17N	no	-
APTX	0.435086843147678	0.302267080947059	0.756751778071015	0.000310932326824634	TbID	HrasS17N	no	-
AREG	NA	NA	0.734924304348221	0.0571990856388529	TbID	HrasS17N	no	-
ARHGAP8	0.771263194616775	0.00253688877009308	0.480712964541803	0.00155316463247896	congruent	HrasS17N	no	-
ARHGEF17	0.7533119257626	0.0441234058478624	-0.0473050829983424	0.571424422493162	AP-MS	HrasS17N	no	-
ARHGEF6	-0.904940518706027	0.0116076363895147	-0.499966339047364	0.000480155651942634	congruent	HrasS17N	no	-
ASH1L	1.11976359097049	0.0711794647897629	0.0389482233514881	0.878445341248147	nsig	HrasS17N	no	-
ATAT1	0.468535234590942	0.0223278403672962	0.423884571862953	0.00245033332241273	congruent	HrasS17N	no	-
B3GALT1	NA	NA	1.07552473307728	0.000901600662345977	TbID	HrasS17N	yes	gain
BAK1	NA	NA	1.10141267736086	3.718446440909e-05	TbID	HrasS17N	yes	gain
BLVRB	0.456174609545098	0.173103346506374	0.479456313508968	0.00347462819882281	TbID	HrasS17N	no	-
BRAF	-0.123014892599879	0.801374940890022	-1.4058931437341	2.39077248465925e-05	TbID	HrasS17N	yes	loss
BRSK2	1.10225321137429	0.00711549493004963	0.251196435262438	0.00517945322657468	congruent	HrasS17N	yes	gain
C1QL1	NA	NA	2.9971875475468	0.000823825840651734	TbID	HrasS17N	yes	gain
C4A;C4B	NA	NA	0.578946235678312	0.000646167903869177	TbID	HrasS17N	no	-
CA2	NA	NA	-0.181679280030683	0.342610883601863	TbID	HrasS17N	no	-
CAPN5	0.559232073076366	0.166338672055286	1.17900826324379	1.71304555361222e-05	TbID	HrasS17N	yes	gain
CBARP	0.0532376739024592	0.90684663409081	-0.674767463583447	0.00248573334237793	TbID	HrasS17N	no	-
CBLB	-0.208465424646107	0.486683080539844	-1.08040534888536	4.9806071969136e-05	TbID	HrasS17N	yes	loss
CCDC177	NA	NA	0.852330244976209	0.000147820231826715	TbID	HrasS17N	no	-
CCNB1IP1	NA	NA	0.612735644729202	0.000204600866425943	TbID	HrasS17N	no	-
CD99	0.727012753426069	0.090866438798469	0.723746500432604	0.00187389130103339	TbID	HrasS17N	no	-
CENPI	0.462201141832981	0.204926513106934	0.228394192594051	0.0514397796699554	nsig	HrasS17N	no	-
CFL2	NA	NA	0.718276082293152	0.000264756342594676	TbID	HrasS17N	no	-
CHAMP1	0.914110769600112	0.000829537027020625	-0.949483246806342	5.18216642679836e-05	opposite	HrasS17N	no	-
CHGA	NA	NA	0.639269605599256	0.00412701919239994	TbID	HrasS17N	no	-
CHPF	-0.202839221583683	0.2297219633692	0.542306866433649	0.000165952077798716	TbID	HrasS17N	no	-
CHST13	NA	NA	1.36523002865239	0.000107478757271391	TbID	HrasS17N	yes	gain
CHSY3	0.54431327613325	0.294845009563486	0.899626316192082	4.85170899702408e-05	TbID	HrasS17N	no	-
CIAPIN1	-0.695654165706631	0.0020192052569398	-1.58149227757511	1.71304555361222e-05	congruent	HrasS17N	yes	loss
CKMT1A	0.67021360257366	0.00393485153420813	0.556976981672641	0.0105582995935345	congruent	HrasS17N	no	-
CMC4	0.234934010242306	0.448938601658596	NA	NA	AP-MS	HrasS17N	no	-
CNTN1	-0.0490394395751098	0.918257520627731	0.689239364779369	0.00350820617624698	TbID	HrasS17N	no	-
CORO1C	0.402846600334952	0.142510152141397	-0.00248356249781108	0.982213544564337	nsig	HrasS17N	no	-
CORO2A	1.58583489157347	0.000242531286290867	0.90617136469173	2.74871272488086e-05	congruent	HrasS17N	yes	gain
CPT1A	0.866960491271247	0.00113245816006759	0.931987601008882	0.00022458588592573	congruent	HrasS17N	no	-
CRABP2	0.30161363382654	0.581144733525173	1.73308924792465	0.0155350186714794	TbID	HrasS17N	yes	gain
CRIP2	1.29223352998804	0.0250454320250222	0.141143624970602	0.0857650724825057	AP-MS	HrasS17N	yes	gain
CRMP1	1.2031042385495	0.000836225473333311	-0.0372838031640303	0.632734837169422	AP-MS	HrasS17N	yes	gain
CSF1	0.770687009308568	0.0388079720796247	0.873639126108919	0.000992406796112674	congruent	HrasS17N	no	-
CSPG4	1.56553142330691	9.98610258367513e-05	1.91685824694597	0.00038676464859638	congruent	HrasS17N	yes	gain
CSPG5	0.955501700643956	0.00405871703608935	1.17084137269525	0.00198938257825892	congruent	HrasS17N	yes	gain
CSRP1	-0.104860209090569	0.78348632987143	-0.330582875668589	0.0374868095044056	TbID	HrasS17N	no	-
CSTB	0.437645857496974	0.0502810529793289	0.734283085433947	0.0176812809928114	TbID	HrasS17N	no	-
CTDSP2	-0.160309029721896	0.647129981436928	-0.486574937925821	0.00296100134906072	TbID	HrasS17N	no	-
CXorf38	0.337281248856838	0.0782225312162922	0.529335964010862	0.000890101390876013	TbID	HrasS17N	no	-
CYP26A1	NA	NA	1.16601201382937	0.0026560107839607	TbID	HrasS17N	yes	gain
CYP2S1	0.944268943257095	0.0272670745148098	1.00502001056365	2.74871272488086e-05	congruent	HrasS17N	yes	gain
DCD	0.394884707454024	0.347052313767249	0.28980163689401	0.522711164478442	nsig	HrasS17N	no	-
DCLK1	0.489212362134056	0.0395665059584801	0.157679378320875	0.0226799653653486	congruent	HrasS17N	no	-
DEPTOR	0.191601938121508	0.564686690861841	NA	NA	AP-MS	HrasS17N	no	-
DERPC	0.685182719792519	0.00243386423355553	NA	NA	AP-MS	HrasS17N	no	-
DGAT1	1.11071423347184	0.0309882424391508	0.658313954477222	0.00040602654167031	congruent	HrasS17N	yes	gain
DHCR24	-0.42783131438045	0.0152072767830983	0.564270274992065	6.50454696714144e-05	opposite	HrasS17N	no	-
DHCR7	0.283462938089439	0.245942850945852	1.02905705357657	0.000795089731640275	TbID	HrasS17N	yes	gain
DHDDS	-0.154533762553294	0.514491588155892	0.40848214281571	0.000364896851622613	TbID	HrasS17N	no	-
DHFR2	NA	NA	1.58876038739604	0.000173112227911206	TbID	HrasS17N	yes	gain
DNAJC18	-0.937937278184887	0.00291455885489248	0.370100814359794	0.00142371231057886	opposite	HrasS17N	no	-
DNAJC22	NA	NA	0.777844491174806	0.000430263306655981	TbID	HrasS17N	no	-
DNAJC5	NA	NA	1.50307849464175	0.00449569873114738	TbID	HrasS17N	yes	gain
DNMT3B	1.06349344163831	0.342327936814026	0.994629036415723	2.18310105058424e-05	TbID	HrasS17N	no	-
DPYSL4	0.596744959996883	0.00434913097189032	-0.414620365737069	0.00154661125876428	opposite	HrasS17N	no	-
DPYSL5	0.488806483465719	0.0238684736132029	-0.853381548822474	4.30606163721374e-05	opposite	HrasS17N	no	-
DTX3	0.344018268820013	0.0400299602521491	0.472888875234336	0.00128999258748466	congruent	HrasS17N	no	-
DUSP11	0.230356765377401	0.241593927034392	0.508879318815841	0.000825467915338774	TbID	HrasS17N	no	-
DUSP9	1.01802526691163	0.0338921875637311	0.878290426414975	9.04283061596375e-05	congruent	HrasS17N	yes	gain
DZIP3	-1.11129430139298	0.0427104290027994	-0.0517806949087304	0.612154544117174	AP-MS	HrasS17N	yes	loss
EEF1A2	0.724059802027964	0.00471261416114028	0.583976869405233	0.00046963313593392	congruent	HrasS17N	no	-
EEF1AKMT2	NA	NA	0.735469977932669	0.00022458588592573	TbID	HrasS17N	no	-
EGFL7	0.499018831373861	0.0177650354300904	0.910431756365788	2.61615921947822e-05	congruent	HrasS17N	no	-
EIF4EBP1	0.791641071379228	0.0201743780631764	-0.303934986011739	0.120705022480608	AP-MS	HrasS17N	no	-
ELFN1	1.71175743127031	0.00277204440456291	2.08597368219575	5.40481788718178e-05	congruent	HrasS17N	yes	gain
ELFN2	1.44372953109654	0.0134729953013851	1.43656025364736	4.75323479113723e-05	congruent	HrasS17N	yes	gain
ELP1	-1.35262483060694	4.50060379207466e-05	-0.51862931841424	0.000815220079887102	congruent	HrasS17N	yes	loss
ELP2	-1.25622111708561	0.000137406566678955	-0.108235319996362	0.324761060591866	AP-MS	HrasS17N	yes	loss
ELP3	-1.34371975251535	9.98610258367513e-05	0.0107210841334611	0.874613693460494	AP-MS	HrasS17N	yes	loss
ELP4	-0.968658660907317	0.00121326791862693	-1.16848790577702	2.09630385802331e-05	congruent	HrasS17N	yes	loss
ELP5	-1.35971003117691	0.00137044317586841	-1.04256240049069	3.03639616842608e-05	congruent	HrasS17N	yes	loss
EMILIN2	0.86994183147546	0.0287845012886658	0.945691446349876	3.2806552572715e-05	congruent	HrasS17N	no	-
EMILIN3	0.4887253496902	0.0236659697865618	0.777816506774781	0.000333665080757123	congruent	HrasS17N	no	-
EPB41L4B	-0.102633015885056	0.624716544734183	0.84947999297928	0.00090489257025644	TbID	HrasS17N	no	-
ESRRA	0.392570764812309	0.207511431510736	1.00899177502479	0.00426524336368138	TbID	HrasS17N	yes	gain
ESRRG	NA	NA	1.60484466279566	0.000110820963559332	TbID	HrasS17N	yes	gain
EWSR1	0.81707816581581	0.00453954719436125	0.996494297352915	4.95682732067039e-05	congruent	HrasS17N	no	-
EYA2	1.69671179289335	0.0182848040865531	0.451332588610086	0.000702446345206578	congruent	HrasS17N	yes	gain
FADS1	0.633073052972348	0.0338921875637311	0.816948633236139	4.94083412049717e-05	congruent	HrasS17N	no	-
FADS2	0.503909590035727	0.0150083424885216	0.603973593394566	0.000398960204859546	congruent	HrasS17N	no	-
FAR2	-0.0560245709612527	0.705144975133857	0.221216861731983	0.0062311382725493	TbID	HrasS17N	no	-
FBH1	-0.0215227580072372	0.942534047056987	0.509269710441333	0.00137668073790615	TbID	HrasS17N	no	-
FBXL6	0.851075014445676	0.157556439248271	0.595678212240608	0.000271574959473694	TbID	HrasS17N	no	-
FDFT1	-0.449398930858939	0.0087242873354535	0.55506816599921	0.000793806644901738	opposite	HrasS17N	no	-
FGF12	NA	NA	1.39188948361951	0.00116985131581567	TbID	HrasS17N	yes	gain
FGFR3	0.655445740849131	0.135003602887751	1.08864660986851	0.000238833750963612	TbID	HrasS17N	yes	gain
FNDC10	0.814878525653478	0.0698325293624599	1.63879342816399	0.00029882438088399	TbID	HrasS17N	yes	gain
FSCN1	0.832805671712785	0.0217286260416129	0.953692257377494	2.55380593500407e-05	congruent	HrasS17N	no	-
GABRB3	0.592070885912014	0.23433622103412	0.86713351140356	0.000785815922830272	TbID	HrasS17N	no	-
GAS1	NA	NA	1.15821586429295	5.18216642679836e-05	TbID	HrasS17N	yes	gain
GDAP1L1	0.362265768296052	0.332133053567125	1.16805211097618	5.56773291903313e-05	TbID	HrasS17N	yes	gain
GDF15	0.828672448127818	0.166907672470238	1.43734773184604	1.70247520900776e-05	TbID	HrasS17N	yes	gain
GLT8D2	NA	NA	0.286584402370161	0.0136104598422276	TbID	HrasS17N	no	-
GOSR2	0.132696248597615	0.520073063158493	0.427387021903824	0.00123030171717637	TbID	HrasS17N	no	-
GPC2	NA	NA	1.43873628831895	4.28284954072645e-05	TbID	HrasS17N	yes	gain
GPC6	0.402696751512976	0.184345626759252	0.888685708707745	0.000607414496114681	TbID	HrasS17N	no	-
GRAMD4	0.356912830500503	0.278894243504423	0.8223173777529	6.79449196601822e-05	TbID	HrasS17N	no	-
HCN4	1.17903827183241	0.00156737105770472	NA	NA	AP-MS	HrasS17N	yes	gain
HDAC7	0.941066590279429	0.000881332426729839	-0.200282981947456	0.236967150587714	AP-MS	HrasS17N	no	-
HEG1	NA	NA	0.745248214301662	0.095788054461016	TbID	HrasS17N	no	-
HELQ	0.773189875308419	0.0992384084883099	-0.205832592066205	0.55764995289278	nsig	HrasS17N	no	-
HNF4G	NA	NA	0.764484942086072	0.00484255066319403	TbID	HrasS17N	no	-
HRAS	0.0776919481844394	0.843692074607658	0.0837444771136838	0.567869039584369	nsig	HrasS17N	no	-
HSPE1	-0.947609778237663	0.00994132617357347	-1.99543562309337	1.70247520900776e-05	congruent	HrasS17N	yes	loss
HTRA1	NA	NA	1.31403746930031	0.000883940333038967	TbID	HrasS17N	yes	gain
IBA57	0.469483470076694	0.0342581306918692	0.684807080943701	0.00010843077168293	congruent	HrasS17N	no	-
ID3	0.18393639376865	0.609928674653317	-0.422958649260955	0.0257785708138182	TbID	HrasS17N	no	-
IDI1	-0.0630027141529782	0.887827828552553	0.231591103034158	0.00513836479512336	TbID	HrasS17N	no	-
IPO4	-0.0156711245905297	0.929938718959644	0.611579672897641	7.53752025413095e-05	TbID	HrasS17N	no	-
IRS2	1.17075031879154	0.00157563847024995	-0.28754877437807	0.00939333179116431	opposite	HrasS17N	yes	opposite
KCNQ2	NA	NA	1.42591966170866	0.000102989905089867	TbID	HrasS17N	yes	gain
KCTD10	-0.0118247142898445	0.974102974040046	-0.260669228201643	0.0638718598083334	nsig	HrasS17N	no	-
KCTD12	-0.11749648984078	0.352444310203975	0.253790414678443	0.0276954540539252	TbID	HrasS17N	no	-
KCTD16	-0.22851717184103	0.393664803842449	NA	NA	AP-MS	HrasS17N	no	-
KDM2A	0.319482777587722	0.333026503947584	0.629427982830958	0.000566118836860423	TbID	HrasS17N	no	-
KIF11	-0.564570024595677	0.00699548007828276	-0.538179733323472	0.0006332978882968	congruent	HrasS17N	no	-
KLHDC8B	0.654911446561343	0.0177547403869438	NA	NA	AP-MS	HrasS17N	no	-
KRAS	-0.548298504805526	0.362652008136226	-1.47637709456657	0.00450872995286609	TbID	HrasS17N	yes	loss
LACTB	0.41742809070384	0.222926511305556	0.304936638911393	0.113579370005515	nsig	HrasS17N	no	-
LAMA1	0.141237338075791	0.767093993543762	0.991560828850627	3.91167162349466e-05	TbID	HrasS17N	no	-
LHX5	0.66438955807867	0.147123717876251	NA	NA	AP-MS	HrasS17N	no	-
LIN7A	0.930078632549505	0.0110853484485178	0.232913047229299	0.160642583424609	AP-MS	HrasS17N	no	-
LIPT2	0.915910880463503	0.0234012036139186	NA	NA	AP-MS	HrasS17N	no	-
LMO1	1.08938462461085	0.0832008439186522	NA	NA	AP-MS	HrasS17N	no	-
LPL	-0.0790085893167376	0.849904809712041	0.710619777495137	0.000222230687210274	TbID	HrasS17N	no	-
LSAMP	NA	NA	0.555363473077761	0.00495749839393137	TbID	HrasS17N	no	-
LSM11	0.992688256743717	0.0343003916675809	0.202506394298754	0.0795161564744042	AP-MS	HrasS17N	no	-
LZTR1	-5.90522151783766	1.50030686946649e-08	-3.10219088702756	2.17632034377987e-06	congruent	HrasS17N	yes	loss
MAT2A	-0.419491759490699	0.0109409584746906	-0.293817419776921	0.0067195524182058	congruent	HrasS17N	no	-
MATK	0.77456574450202	0.00253256398699548	0.56762364412156	0.000330964914518101	congruent	HrasS17N	no	-
MBD5	0.640766846845071	0.00921396972207545	NA	NA	AP-MS	HrasS17N	no	-
MCTP2	0.760156651853184	0.0642581803709531	0.26129473197644	0.130657250633183	nsig	HrasS17N	no	-
MED11	0.688260475172821	0.0169915574323151	-0.208035899099398	0.064756942749774	AP-MS	HrasS17N	no	-
MED19	0.980118838053462	0.00535334753398594	0.0311968782729908	0.824127751197904	AP-MS	HrasS17N	no	-
MED8	0.386368837882976	0.0501131483200212	-0.838070271025315	9.75339097411406e-05	TbID	HrasS17N	no	-
MERTK	NA	NA	1.02710389010498	0.0278274934513792	TbID	HrasS17N	yes	gain
MEST	NA	NA	0.464816702963587	0.0204767950160546	TbID	HrasS17N	no	-
MFSD13A	NA	NA	1.29315776536721	0.000519619652499209	TbID	HrasS17N	yes	gain
MGST1	0.0793613628393535	0.823772376699793	0.699038617785692	8.02796514784353e-05	TbID	HrasS17N	no	-
MPP2	0.58228024413614	0.00729316376301246	0.489143637392406	0.000122237000018319	congruent	HrasS17N	no	-
MSANTD7	NA	NA	0.716739505488273	0.000134667722124502	TbID	HrasS17N	no	-
MTAP	0.0631735532336575	0.635518782610298	-0.539018379989452	0.00261365293792143	TbID	HrasS17N	no	-
MTF1	0.573331759239552	0.127396913344375	-1.30794174647091	0.000159591396801116	TbID	HrasS17N	yes	loss
MTFP1	0.172596054486376	0.542694532144227	0.784099876712206	0.000190472419784974	TbID	HrasS17N	no	-
MYOM2	0.602592976872134	0.217859576837533	-0.865949818188484	0.0006356306085493	TbID	HrasS17N	no	-
N4BP3	0.944757701879482	0.00125336147295047	0.442013367630838	0.0156126307382222	congruent	HrasS17N	no	-
NBDY	0.582128777105347	0.15006966086303	NA	NA	AP-MS	HrasS17N	no	-
NBN	0.354268687612541	0.126239016427708	0.836475057763508	0.00124580431839825	TbID	HrasS17N	no	-
NDRG2	NA	NA	-0.0552238555158812	0.92586032531481	TbID	HrasS17N	no	-
NEFL	0.300399966324112	0.246145315691434	0.634832564382006	0.00196073006942486	TbID	HrasS17N	no	-
NET1	0.289235832928761	0.150451980000033	0.514883532887364	0.000430263306655981	TbID	HrasS17N	no	-
NFU1	-0.956654786196778	0.00335093967608957	-0.0346838797555682	0.874947647667258	AP-MS	HrasS17N	no	-
NHERF2	0.700731512722071	0.00397644833765868	1.35127125305114	0.000131489486664384	congruent	HrasS17N	yes	gain
NHSL3	0.700204182964025	0.0061345490581597	-0.222582904740126	0.0208048411026726	opposite	HrasS17N	no	-
NOTCH3	0.786143703270457	0.00881992106611879	-0.639701647059356	0.140094021777915	AP-MS	HrasS17N	no	-
NRAS	-0.426920385118208	0.323113715087468	-1.17046193935203	0.0156433708562285	TbID	HrasS17N	yes	loss
NRXN2	NA	NA	1.45667486330641	0.000212248142565969	TbID	HrasS17N	yes	gain
NTS	NA	NA	-0.6833778533765	0.00415150991448178	TbID	HrasS17N	no	-
NUDT8	1.15885641998344	0.00122354960422912	1.33919503944428	3.9709591998881e-05	congruent	HrasS17N	yes	gain
NUS1	0.146344210169792	0.410864599936251	0.311868756920312	0.00875501544951517	TbID	HrasS17N	no	-
OAS3	0.291768592049212	0.328800075181479	0.421766913518552	0.000287145790054138	TbID	HrasS17N	no	-
ORMDL2	NA	NA	0.757882306531208	0.00115357543983269	TbID	HrasS17N	no	-
OS9	-0.476143586322553	0.0492241117779744	0.880097451327506	0.0844884196071112	AP-MS	HrasS17N	no	-
PAICS	-0.509916579522885	0.00620806859298127	-0.544612432086557	0.000268240990786818	congruent	HrasS17N	no	-
PAIP2	0.202813937066455	0.427643028907545	-0.983619533514808	4.12535354472498e-05	TbID	HrasS17N	no	-
PAQR9	NA	NA	0.957041355577018	3.13403904647051e-05	TbID	HrasS17N	no	-
PARP2	0.765139997455946	0.0213614306036767	0.709932191768849	0.000116695887337092	congruent	HrasS17N	no	-
PATZ1	0.726763034739553	0.0692610231247421	0.557572483827569	0.00474347696246367	TbID	HrasS17N	no	-
PBDC1	0.595921057898535	0.00637036201362844	-0.121455356484116	0.152802412311535	AP-MS	HrasS17N	no	-
PCDH10	NA	NA	1.8582178363671	0.000633472561427463	TbID	HrasS17N	yes	gain
PCK2	0.774676637439069	0.00258445239268216	0.9938011215827	0.000226856792193494	congruent	HrasS17N	no	-
PCLAF	-0.506030666136736	0.304730166190299	-0.760402576460645	0.000222797687355922	TbID	HrasS17N	no	-
PEX11A	NA	NA	0.91648799807694	6.09801211031314e-05	TbID	HrasS17N	no	-
PFKFB3	0.313130304995843	0.0785943684888574	0.400954425324891	0.000253147378845802	TbID	HrasS17N	no	-
PFKP	-0.0792629457534182	0.663887683528256	0.565095511944751	0.00255318364315115	TbID	HrasS17N	no	-
PFN2	-1.17164281595857	0.000474740802172371	0.0745034710424194	0.467507297645132	AP-MS	HrasS17N	yes	loss
PHLDB1	0.64600450835091	0.0225542215634066	-0.17394097816183	0.0193250467652394	opposite	HrasS17N	no	-
PHYH	0.64216332938588	0.107898217453349	NA	NA	AP-MS	HrasS17N	no	-
PIH1D2	NA	NA	-1.3777845821484	0.000296409197263139	TbID	HrasS17N	yes	loss
PIK3CA	-0.0120526314035561	0.956330862386105	-0.88637234812591	2.40534020389097e-05	TbID	HrasS17N	no	-
PKM	-0.318055875394519	0.147124958956045	0.681014927403905	4.8406752809254e-05	TbID	HrasS17N	no	-
PLCD1	-0.066937761055709	0.932470149541023	NA	NA	AP-MS	HrasS17N	no	-
PLEKHA2	0.561591723902101	0.0019888480638573	-0.0879877695525546	0.455048800775847	AP-MS	HrasS17N	no	-
PLEKHB1	NA	NA	1.01165074572953	0.000246089776639129	TbID	HrasS17N	yes	gain
PLEKHN1	1.74749197956017	0.00205533612922225	0.745084534833053	0.00183816989996698	congruent	HrasS17N	yes	gain
PLXNB1	1.22771119598707	0.0124882080334392	1.98090888774694	6.00228426378632e-05	congruent	HrasS17N	yes	gain
PLXNB3	1.18162803822085	0.139657817024215	2.26186359836384	0.00131310304163382	TbID	HrasS17N	yes	gain
PNMA2	-0.356244838256241	0.0915348658708619	0.282705273286927	0.0144623998773238	TbID	HrasS17N	no	-
PODXL2	0.932794109896979	0.00366672166358562	1.35065074730633	0.000258473426634272	congruent	HrasS17N	yes	gain
PPM1M	0.840457816912503	0.177038566689652	NA	NA	AP-MS	HrasS17N	no	-
PPP2R1B	0.683672737879439	0.00505808511145475	0.66825064740269	0.000542595688276531	congruent	HrasS17N	no	-
PPP2R5E	-0.118211096049197	0.616637562946095	0.597085309454594	0.000364896851622613	TbID	HrasS17N	no	-
PRKCH	0.439366704045033	0.0297679973843848	0.622945745224304	4.55845571665095e-05	congruent	HrasS17N	no	-
PRKCQ	0.231508311401722	0.36041491683552	0.623441807153869	9.40024327223071e-05	TbID	HrasS17N	no	-
PRMT2	0.181571724139121	0.669516685079701	0.484310552376655	0.000276500814152367	TbID	HrasS17N	no	-
PROCR	-0.585132683037323	0.650461335318369	1.03077350372523	0.000161188552305466	TbID	HrasS17N	yes	gain
PRORP	0.635218036864804	0.00205533612922225	0.779335803816779	4.30606163721374e-05	congruent	HrasS17N	no	-
PRRT4	0.921817307162099	0.0178255378304785	1.68852445192883	0.000272921175430824	congruent	HrasS17N	yes	gain
PSMC5	-0.806489743340757	0.00646310607036309	-0.968296243917367	2.45135447649788e-05	congruent	HrasS17N	no	-
PTPRZ1	1.71729084419737	0.00283040142842711	2.40861717753867	2.40534020389097e-05	congruent	HrasS17N	yes	gain
PXDN	0.401743149810417	0.0807678063568618	0.772607077292224	0.000208548407619841	TbID	HrasS17N	no	-
PXMP4	NA	NA	1.0597108752793	4.12535354472498e-05	TbID	HrasS17N	yes	gain
PYGO1	0.593690577712086	0.133876881762879	NA	NA	AP-MS	HrasS17N	no	-
RAB20	NA	NA	0.659162131576916	9.49938409958987e-05	TbID	HrasS17N	no	-
RAB32	-0.218024098765475	0.575628115665361	0.549513048412565	0.000602130477718678	TbID	HrasS17N	no	-
RAF1	-2.32254040551367	9.98610258367513e-05	-0.986197895840175	8.78056399070423e-05	congruent	HrasS17N	yes	loss
RAP1B	-0.00518533982147962	0.994953792717291	-1.4079065840719	5.93294749655318e-05	TbID	HrasS17N	yes	loss
RAP1GDS1	-1.53463404642527	0.000167405150107229	0.0104453933806257	0.898065498866891	AP-MS	HrasS17N	yes	loss
RASA3	0.85831344564946	0.0318044258500073	0.31205845493376	0.00219345033415427	congruent	HrasS17N	no	-
RASGRF2	3.07701839480999	0.000292264200694474	0.00287340526261528	0.985592920540365	AP-MS	HrasS17N	yes	gain
RASGRP2	NA	NA	1.75905936074776	0.000443889570840648	TbID	HrasS17N	yes	gain
RBPMS2	0.523445514445304	0.030243123639572	0.856018480301898	0.000222569976823185	congruent	HrasS17N	no	-
RCE1	0.310697648132879	0.681000796336607	0.999373419861253	0.000185921514887622	TbID	HrasS17N	no	-
RCOR2	0.773491388377913	0.00580610378288359	NA	NA	AP-MS	HrasS17N	no	-
RGL2	-0.906367031126069	0.0335485137198979	-0.622958569487668	0.000103313152930196	congruent	HrasS17N	no	-
RHOF	0.843788766212738	0.0406764827130337	0.785033389442618	0.000128363716843549	congruent	HrasS17N	no	-
RITA1	0.524625352102174	0.0314651288846692	0.606626304339038	0.00863750157543048	congruent	HrasS17N	no	-
RNF41	0.329899569016313	0.102775824081179	0.219639639878343	0.0564809196034754	nsig	HrasS17N	no	-
RNFT2	NA	NA	0.63606833583705	0.000388251475579722	TbID	HrasS17N	no	-
RP9	0.809422266601128	0.0132818728518306	1.0808693819078	0.000182705278367113	congruent	HrasS17N	yes	gain
RPA1	0.323087263899521	0.0582334458774045	0.677823564053924	0.000366470847667006	TbID	HrasS17N	no	-
RPA2	0.344982913282237	0.0711794647897629	0.595590172128361	0.000602046385817565	TbID	HrasS17N	no	-
RPA3	0.0559412805245344	0.86957875481375	0.625271204337018	0.000859161988406018	TbID	HrasS17N	no	-
RPUSD3	0.455796382757379	0.0184700921935949	0.761061771714032	8.96591742822591e-05	congruent	HrasS17N	no	-
RSAD1	0.809993474822583	0.00205533612922225	0.78549846635714	6.09801211031314e-05	congruent	HrasS17N	no	-
RWDD2B	0.464029047528645	0.0399671475936516	0.226317842088548	0.127871661699026	AP-MS	HrasS17N	no	-
SAPCD2	0.819105126025096	0.00472000068343651	0.754028274214668	0.00100137526674317	congruent	HrasS17N	no	-
SCARF2	1.40976494074678	0.00558841160107527	0.323948080293456	0.0382844470465313	congruent	HrasS17N	yes	gain
SCD5	0.0396830926895278	0.826190118897596	0.573605235793212	0.000443892644539127	TbID	HrasS17N	no	-
SCNM1	0.417125205037217	0.34027867303823	-1.14799924467359	6.88100349266425e-05	TbID	HrasS17N	yes	loss
SDHAF4	1.08316330410995	0.0203171438349286	NA	NA	AP-MS	HrasS17N	yes	gain
SELENOS	-0.461474007023924	0.0379980762671515	-0.273628351842216	0.0729163658265935	AP-MS	HrasS17N	no	-
SFN	0.0962941024536729	0.934149896603492	1.0997022119755	0.120464531625596	nsig	HrasS17N	no	-
SFRP1	0.86265914320441	0.0683880993885089	0.922825263803083	6.09801211031314e-05	TbID	HrasS17N	no	-
SFRP5	NA	NA	1.47553979500881	0.000305178265507884	TbID	HrasS17N	yes	gain
SH3PXD2B	0.479570439501433	0.049668962860876	-0.658097921337323	5.05045027964849e-05	opposite	HrasS17N	no	-
SHOC2	-0.485324787851437	0.352475895251889	-1.52614653935955	1.70247520900776e-05	TbID	HrasS17N	yes	loss
SIRT2	-0.121401403248638	0.776559958001001	-1.37040797553851	2.40534020389097e-05	TbID	HrasS17N	yes	loss
SIVA1	0.380737882671283	0.0916994543560996	0.443563536807768	0.00451845774642751	TbID	HrasS17N	no	-
SLAIN1	0.669245518178233	0.0102189498204416	-0.124741176029319	0.262419720836887	AP-MS	HrasS17N	no	-
SLC16A7	0.142863487370487	0.778287996838373	0.970821132777034	0.000855813740921836	TbID	HrasS17N	no	-
SLC25A22	0.570336767513524	0.00475683734790664	0.883430850731107	4.40049027209496e-05	congruent	HrasS17N	no	-
SLC25A35	0.56257758186184	0.178806740568969	0.872412158500153	0.000118174785120467	TbID	HrasS17N	no	-
SLC27A6	0.173495929045806	0.309229171669054	1.3816284303994	1.70247520900776e-05	TbID	HrasS17N	yes	gain
SLC35G2	-0.183391000213332	0.627338917803176	0.528474181651729	0.000253661649909867	TbID	HrasS17N	no	-
SLCO3A1	1.14182862586005	0.0194997246906227	NA	NA	AP-MS	HrasS17N	yes	gain
SLIT2	0.139730769902527	0.468849575622561	1.05081122895766	0.000254975422439894	TbID	HrasS17N	yes	gain
SLITRK5	1.5780425316718	0.0155731622393168	0.364442192941479	0.0119997796635294	congruent	HrasS17N	yes	gain
SMIM26	-0.757675619380757	0.0142769555585138	0.283226520037769	0.0286067263249029	opposite	HrasS17N	no	-
SNX33	0.363032382714893	0.350537560937906	0.753139684493765	0.000114687848242025	TbID	HrasS17N	no	-
SOWAHD	0.54848044029723	0.165137294936311	NA	NA	AP-MS	HrasS17N	no	-
SPCS1	0.610918171712301	0.142476254312071	0.335616397440782	0.0415810423149623	TbID	HrasS17N	no	-
SPON1	-0.256425892738961	0.532071441445682	0.589523439585378	0.00697497013890573	TbID	HrasS17N	no	-
SPRYD4	0.151750799274456	0.439020550035121	0.237462932560971	0.138917120867235	nsig	HrasS17N	no	-
SQLE	-0.00577815221878161	0.986419770411195	0.740621941299691	0.000148305456371473	TbID	HrasS17N	no	-
SQOR	-0.137631047038357	0.318040875426671	0.301964220764476	0.0105976182815419	TbID	HrasS17N	no	-
SRCIN1	0.654312608100201	0.010831614763135	-0.201294716046059	0.0364094388021966	opposite	HrasS17N	no	-
SREBF1	1.11227116578406	0.07799796037992	0.0857868815569258	0.561757083052358	nsig	HrasS17N	no	-
SS18L1	1.05760424572176	0.0268243695577216	0.264338631554135	0.37714531530396	AP-MS	HrasS17N	yes	gain
STEAP1	0.943211681493569	0.127882481269812	0.646243946798743	0.00010725078973807	TbID	HrasS17N	no	-
STMN3	0.244190677453441	0.24957519787592	-1.60321898306667	1.83399613202594e-05	TbID	HrasS17N	yes	loss
STRA6	NA	NA	1.51032282099603	0.000105899252003925	TbID	HrasS17N	yes	gain
SUSD5	0.860817505808741	0.0344595657468365	1.91670490207582	0.000110496577539092	congruent	HrasS17N	yes	gain
TBL1XR1	0.629137046664917	0.0405716774913276	-0.838774471185165	5.27832743331257e-05	opposite	HrasS17N	no	-
TCEAL1	-0.850820957947094	0.00398949834880068	-0.613910018534768	0.000191197987475146	congruent	HrasS17N	no	-
TDRP	0.768710976685639	0.00517308768317717	-1.0099590149421	3.05142003162774e-05	opposite	HrasS17N	yes	opposite
TEX30	0.576728907738443	0.0240825212273578	0.670341443829103	0.000105899252003925	congruent	HrasS17N	no	-
TFPI2	0.0499107305589866	0.923396760262858	-0.2933908428059	0.0263709977556269	TbID	HrasS17N	no	-
TGFB1	0.465541232011245	0.0276554956721593	0.578246955367424	0.00054949634995893	congruent	HrasS17N	no	-
THEM6	-0.0838584194074396	0.693816921244715	0.961660732512081	2.1470580933858e-05	TbID	HrasS17N	no	-
TMEM177	0.398913091379267	0.05605756468223	0.971825628161262	5.17132270284792e-05	TbID	HrasS17N	no	-
TMEM74	NA	NA	-1.99096479570109	0.00156537331203344	TbID	HrasS17N	yes	loss
TMT1B	-0.234300610484196	0.285146737277435	0.628636364988554	5.03150619527403e-05	TbID	HrasS17N	no	-
TMX2	0.0281573745717075	0.911002130960534	0.850077730697405	0.000204314598168677	TbID	HrasS17N	no	-
TNS1	0.715044469490709	0.00517537187897117	NA	NA	AP-MS	HrasS17N	no	-
TNS3	0.706873587146775	0.000607755062776456	-0.0979906449941188	0.205471187981966	AP-MS	HrasS17N	no	-
TOX4	0.744457747874999	0.00354393110806641	-1.02382904795529	4.54707204846726e-05	opposite	HrasS17N	yes	opposite
TRAF7	-3.57832633662781	5.51217717641841e-08	0.154252759699373	0.0296269939390652	opposite	HrasS17N	yes	opposite
TRIB1	0.937767783594709	0.0285445182285042	-0.12568394749858	0.831029866363563	AP-MS	HrasS17N	no	-
TRIM14	0.295577849978821	0.0738683253675846	0.411498629654258	0.00333182875782959	TbID	HrasS17N	no	-
TRIM27	-0.314041707756443	0.0439013445114936	0.352164928530843	0.0320158271086975	opposite	HrasS17N	no	-
TTC9	0.582355064076549	0.0282490980304432	NA	NA	AP-MS	HrasS17N	no	-
TWNK	0.0362110858098522	0.84923371292547	0.37087680657515	0.0239746740876199	TbID	HrasS17N	no	-
TXNDC5	0.474921585208197	0.0416552960146138	-0.126602678781218	0.210247886132002	AP-MS	HrasS17N	no	-
UBAC2	-0.104060214356857	0.484532103881805	0.862910132677369	2.47591797942883e-05	TbID	HrasS17N	no	-
USP43	0.598751058116297	0.0125019267792645	0.424254936707206	0.000573809031791743	congruent	HrasS17N	no	-
UTF1	NA	NA	1.57209095367964	0.00112591731412856	TbID	HrasS17N	yes	gain
WNT3A	NA	NA	1.13716126210875	0.000631103159380972	TbID	HrasS17N	yes	gain
XPNPEP3	-0.336805685029622	0.507364355277287	-0.964716590436882	0.0245225896637721	TbID	HrasS17N	no	-
ZDHHC16	NA	NA	0.756175332721404	0.000390766567355667	TbID	HrasS17N	no	-
ZDHHC24	NA	NA	1.1968058658446	8.54211369366208e-05	TbID	HrasS17N	yes	gain
ZNF219	0.687727531333577	0.0832008439186522	0.621677472622746	6.50848664562338e-05	TbID	HrasS17N	no	-
ACTBL2	1.61015422270112	0.0101414581142766	0.214530817726695	0.0529319478683435	AP-MS	MEK1DD	yes	gain
ACTL8	-0.0172827814504618	0.969620941844773	0.38135109549705	0.00658642515599353	TbID	MEK1DD	no	-
ADAMTS1	1.67064794772487	0.000252527065890107	1.48233190746726	4.25459174058399e-05	congruent	MEK1DD	yes	gain
AHCYL1	0.495331196768461	0.0144977449082619	-0.560628582388159	0.00302962125183156	opposite	MEK1DD	no	-
ANGPT2	0.578539867118977	0.122895705552165	1.45401128801755	0.000293831185660791	TbID	MEK1DD	yes	gain
ANKRD52	-0.415456394243276	0.0397120813270931	-1.05574286725687	0.000151850172795353	congruent	MEK1DD	yes	loss
APOBEC3B	NA	NA	0.809835882274676	0.000604184749092267	TbID	MEK1DD	no	-
ARAF	3.08936667182843	0.00026156023382762	0.384378711554422	0.00461717020332344	congruent	MEK1DD	yes	gain
ARC	3.10426281631464	0.000714929963249502	4.17381938138198	6.22608029272452e-06	congruent	MEK1DD	yes	gain
AREG	NA	NA	2.17703443073329	0.000181194479376557	TbID	MEK1DD	yes	gain
ARFIP2	-0.34504737501116	0.0811074146757233	-0.760958801790102	0.000464737502024448	TbID	MEK1DD	no	-
ARHGAP19	1.1074103018654	0.0584230505699254	0.601745962067611	0.00332820105806123	TbID	MEK1DD	no	-
ARHGAP31	0.986155461804563	0.0306553122706495	0.428198535114917	0.00327618465584829	congruent	MEK1DD	no	-
ARL5B	0.406518145306771	0.25460730669539	0.822407583265224	0.000202491899119698	TbID	MEK1DD	no	-
ARL6IP1	0.555682613521855	0.230586978771083	0.745982514755314	0.000521727715422808	TbID	MEK1DD	no	-
ASB6	0.0723259684583956	0.737211435413321	0.230254114530292	0.0123266702065305	TbID	MEK1DD	no	-
ASPHD1	0.614728769581324	0.183302472014948	1.86055561878469	0.000572770302632951	TbID	MEK1DD	yes	gain
AURKA	0.654581287843315	0.013820377758241	0.8249163568614	0.00239905194715839	congruent	MEK1DD	no	-
B4GALT7	-0.587093341750253	0.194741731030293	0.324393679139918	0.0382937943885701	TbID	MEK1DD	no	-
BAIAP2	1.5333742019609	0.00486244687421842	0.583682933958101	0.000513372173902183	congruent	MEK1DD	yes	gain
BCKDK	-0.0621412338749703	0.689505855584762	0.851165408438671	0.000235004515249227	TbID	MEK1DD	no	-
BFSP1	NA	NA	-0.727988023846748	0.215364418197773	TbID	MEK1DD	no	-
BHLHE40	0.637419043355106	0.115206598625259	NA	NA	AP-MS	MEK1DD	no	-
BRAF	2.92567426649299	0.00118616365370175	0.570384335392218	0.00500290548245973	congruent	MEK1DD	yes	gain
BTBD1	0.143028706594553	0.717603681875697	0.709532553404329	0.00866914591009029	TbID	MEK1DD	no	-
BTBD6	NA	NA	-0.0955153175549545	0.642165862610869	TbID	MEK1DD	no	-
BTBD9	-0.353866300816216	0.209350451153645	0.771841391028617	0.0199267676796629	TbID	MEK1DD	no	-
BTG3	0.206215767363972	0.349404327139336	1.15025200680606	0.000521727715422808	TbID	MEK1DD	yes	gain
C11orf96	3.67474348838605	0.00070919903503921	3.64717059493633	0.000798417514286505	congruent	MEK1DD	yes	gain
C4A;C4B	NA	NA	-0.169719462266763	0.122308155978016	TbID	MEK1DD	no	-
CA5B	-0.878039993796139	0.181854523214215	NA	NA	AP-MS	MEK1DD	no	-
CACNB2	0.687066029320619	0.183040520295993	-0.00663953150438724	0.950634063817069	nsig	MEK1DD	no	-
CAVIN1	1.58591909166434	0.00311135832401544	0.792598863934547	0.00959875310548756	congruent	MEK1DD	yes	gain
CCDC102B	NA	NA	-2.01720522306139	0.00380398264776205	TbID	MEK1DD	yes	loss
CCN1	0.973766643607683	0.0307606428638033	1.42972694048863	7.94140121587569e-05	congruent	MEK1DD	yes	gain
CCN2	1.85893914107413	0.0132618603817158	0.337992426827899	0.0870495277164189	AP-MS	MEK1DD	yes	gain
CCNA1	NA	NA	1.80835719911377	0.000176214661551554	TbID	MEK1DD	yes	gain
CD44	0.750338948008258	0.101072557819736	1.13061050443822	0.00186561406568789	TbID	MEK1DD	yes	gain
CDC123	0.275140971155669	0.412951868788354	-0.202643509429498	0.0342776896762305	TbID	MEK1DD	no	-
CDC37	-1.16638792584143	0.00257083827437661	-0.248980251079211	0.0599358991420539	AP-MS	MEK1DD	yes	loss
CDC6	0.616394698090505	0.0192663609067922	0.737345111954627	0.000687124805010117	congruent	MEK1DD	no	-
CDCA5	1.2266762034542	0.038524853619274	0.652989061660545	0.00042724916802097	congruent	MEK1DD	yes	gain
CDK17	1.38898280717463	0.00070919903503921	1.04256772517239	9.60039113099911e-05	congruent	MEK1DD	yes	gain
CDKN1A	2.43169494897138	0.003344059351767	1.54370553896225	0.000857869912410298	congruent	MEK1DD	yes	gain
CEMIP	-0.330414992801028	0.378929217871367	2.05181871230807	0.000181194479376557	TbID	MEK1DD	yes	gain
CENPI	0.0789380286316561	0.839269452539196	-0.440129560055803	0.00511194196425335	TbID	MEK1DD	no	-
CENPQ	0.843744337669757	0.100257393015121	0.142842857723741	0.100383619568376	nsig	MEK1DD	no	-
CFAP58	NA	NA	1.1265512049893	0.000153299132712164	TbID	MEK1DD	yes	gain
CHSY3	0.00490985100926172	0.987838155734604	0.534382328418083	0.00157462895879387	TbID	MEK1DD	no	-
CLK1	1.04402656493159	0.0950690973897145	0.756359089085992	0.00479857556004509	TbID	MEK1DD	no	-
CORO1A	0.178368416751047	0.653739638748971	0.561317862852472	0.00150023699809376	TbID	MEK1DD	no	-
CORO2A	-0.702317673494629	0.0192079621842367	-0.00564569947286844	0.952638758124913	AP-MS	MEK1DD	no	-
CPM	NA	NA	1.11369358450748	0.00443255508146808	TbID	MEK1DD	yes	gain
CRACDL	0.999816008770063	0.049242971741042	NA	NA	AP-MS	MEK1DD	no	-
CRCP	0.158769624669892	0.58758595789781	0.589988189104203	0.0102641246278169	TbID	MEK1DD	no	-
CRMP1	-0.0217351487038024	0.920531074838592	-0.629921831942044	0.000397138543949539	TbID	MEK1DD	no	-
CSDE1	-0.0592312286387715	0.745541236067878	-0.550171413522993	0.00263641382824176	TbID	MEK1DD	no	-
CSPG4	1.34789961509978	0.000459854013574514	1.53017638177672	0.00220968309504311	congruent	MEK1DD	yes	gain
CSRP1	1.38355754113414	0.0133995291311399	0.78991032695055	0.00187404974225568	congruent	MEK1DD	yes	gain
CYP51A1	0.361216757857206	0.170323985107525	0.477713862861472	0.00243629731089569	TbID	MEK1DD	no	-
DCUN1D3	NA	NA	0.934209004785201	0.00211794395571166	TbID	MEK1DD	no	-
DDRGK1	0.747263796644208	0.140952098964276	-0.13758112931761	0.197639931282991	nsig	MEK1DD	no	-
DHCR24	0.20353852899235	0.33346627983549	0.602482683523402	0.000406207757737628	TbID	MEK1DD	no	-
DLGAP4	NA	NA	0.765026048071338	0.00118122105579996	TbID	MEK1DD	no	-
DLGAP5	0.364762755489589	0.0616654102628429	-0.305020900753925	0.00466953858091315	TbID	MEK1DD	no	-
DNAJA1	0.0181243582242963	0.925393127413938	0.422220856977055	0.00235268234855225	TbID	MEK1DD	no	-
DNAJC18	0.526558400278012	0.119910240397015	0.785782352816861	0.000252427437800814	TbID	MEK1DD	no	-
DNAJC5	NA	NA	-0.17905404732794	0.739614606843055	TbID	MEK1DD	no	-
DUSP1	2.69970061544563	0.000443528080695967	2.6307724657624	0.000180309960191602	congruent	MEK1DD	yes	gain
DUSP5	1.12861336954391	0.0174234658799691	0.677929318997885	0.0301920223304409	congruent	MEK1DD	yes	gain
ECD	0.440344767695612	0.0537643192967911	0.358687915125468	0.00718320369007504	TbID	MEK1DD	no	-
EGR1	3.99486167540247	0.000623291692873521	3.71673534990644	3.75489858589115e-05	congruent	MEK1DD	yes	gain
EID2	-0.458826940266532	0.222544662151471	-0.693705329228428	0.0039968810211861	TbID	MEK1DD	no	-
EIF3D	0.866947888256889	0.0249665867217082	0.636282971660097	0.00130089964211907	congruent	MEK1DD	no	-
ELF1	1.44350128619744	0.0351017398948509	0.316050074040206	0.0227285415877816	congruent	MEK1DD	yes	gain
ELFN2	0.937120827062876	0.0550730784769589	1.30622700320026	0.000266026030821215	TbID	MEK1DD	yes	gain
ELMO1	-0.183346731258552	0.69312639515209	0.0553245113887168	0.481512866420237	nsig	MEK1DD	no	-
ENC1	1.57283356678331	0.000526717307414138	0.957416562689117	0.000293831185660791	congruent	MEK1DD	yes	gain
EPCAM	0.754557312660505	0.0361685864499603	1.10701706394956	0.000647896021626288	congruent	MEK1DD	yes	gain
EPHA2	1.33644070252174	0.00300574747105879	1.47336071322369	0.000223534737948442	congruent	MEK1DD	yes	gain
EPHX4	0.609236000692519	0.0187997074108471	0.526998330930867	0.0079837560384395	congruent	MEK1DD	no	-
ERRFI1	0.661544726002441	0.0779598378195932	1.099217049261	0.000266026030821215	TbID	MEK1DD	yes	gain
ETS2	0.409102824570201	0.611849854403122	0.969609503616181	0.0262699692494829	TbID	MEK1DD	no	-
ETV4	1.5538145547651	0.0349884206081955	NA	NA	AP-MS	MEK1DD	yes	gain
F2RL1	0.123995163939436	0.718169924139567	0.756889365562879	0.00149292903030638	TbID	MEK1DD	no	-
FADS3	0.220003325942758	0.660901027230643	1.58813018258212	2.24470664050156e-05	TbID	MEK1DD	yes	gain
FAM111B	0.4752122015126	0.040628601528236	0.586962895317409	0.00144217759537606	congruent	MEK1DD	no	-
FAM193B	0.0193088379056832	0.966873439494296	-1.07526929111445	4.90496118061933e-05	TbID	MEK1DD	yes	loss
FAM241B	NA	NA	0.832130192479919	0.0167190547921085	TbID	MEK1DD	no	-
FAM83G	1.5446239677979	0.00761267972358654	0.624445039720725	0.0010657109062368	congruent	MEK1DD	yes	gain
FAR2	0.358690869994072	0.0977774394266835	0.584657241276926	0.00122680253592932	TbID	MEK1DD	no	-
FASN	-0.550729258419602	0.0306028182886148	-0.824292940131319	0.00167640031659161	congruent	MEK1DD	no	-
FBH1	0.339329548897653	0.14324499704675	-0.145624777929241	0.199963187913092	nsig	MEK1DD	no	-
FBXO32	NA	NA	1.12126092391385	0.00120781990349633	TbID	MEK1DD	yes	gain
FIP1L1	1.08509620573547	0.0109633859095026	0.409735430040024	0.010166930023479	congruent	MEK1DD	yes	gain
FOS	0.601332937893771	0.188268921103638	2.17291487894618	0.000132741627114941	TbID	MEK1DD	yes	gain
FOSB	0.386164728968919	0.723038177010973	3.10131561103822	0.000113431929946271	TbID	MEK1DD	yes	gain
FOSL1	2.51840334600017	0.00107877638173867	2.55536986172218	7.94140121587569e-05	congruent	MEK1DD	yes	gain
FOXC2	1.51240964402257	0.0197915043586274	1.91486464600406	0.000177991709666718	congruent	MEK1DD	yes	gain
FRMD4A	0.309455114361616	0.156842712809969	0.0369528995980628	0.788619757939333	nsig	MEK1DD	no	-
GADD45B	2.58662224684435	0.00124223931317283	2.0207745914758	0.000164057922674611	congruent	MEK1DD	yes	gain
GBE1	0.00350108309108113	0.992117433960161	0.596474566457053	0.000302754129253755	TbID	MEK1DD	no	-
GDF15	1.14848087534574	0.110481144505735	3.25516062681277	2.29879884414756e-06	TbID	MEK1DD	yes	gain
GMDS	0.200862217074825	0.202159652483554	0.572780570846067	0.00290234634910761	TbID	MEK1DD	no	-
GPC1	1.69937169042228	0.00140824974679875	2.03109112635433	3.75489858589115e-05	congruent	MEK1DD	yes	gain
GPRC5A	0.75746970230762	0.215639953924042	0.914703894476962	0.000396601668128884	TbID	MEK1DD	no	-
GPRC5C	1.52974346103616	0.0908885897052485	0.72755278410493	0.000238869582122994	TbID	MEK1DD	no	-
GTF2B	1.1372733906447	0.0419430988748444	0.650202063758046	0.000314387347718179	congruent	MEK1DD	yes	gain
HECTD2	0.407781701837412	0.377482766328336	0.128619008816513	0.450437347334792	nsig	MEK1DD	no	-
HEG1	NA	NA	1.45137857264669	0.000513372173902183	TbID	MEK1DD	yes	gain
HES7	0.985749149204959	0.0286395224459828	NA	NA	AP-MS	MEK1DD	no	-
HGS	0.450863798601119	0.0905469129012087	-0.482183121494227	0.00140495459525159	TbID	MEK1DD	no	-
HIVEP3	1.11604130617573	0.00548183993151492	NA	NA	AP-MS	MEK1DD	yes	gain
HMGCS2	1.00145827683326	0.105734951325277	-0.161500416507778	0.386990406176151	nsig	MEK1DD	no	-
HOMER1	1.58817606367127	0.000443528080695967	1.1152784366794	0.000284000352507489	congruent	MEK1DD	yes	gain
HRAS	-0.12096937431985	0.920937664096934	0.333516243394883	0.411421556804937	nsig	MEK1DD	no	-
HSP90AA1	-0.965414300431316	0.0014659378181075	-0.0416424904242469	0.81074773812522	AP-MS	MEK1DD	no	-
HSP90AB1	-0.742275008821703	0.0121691631755651	0.0224010300535051	0.8935603083197	AP-MS	MEK1DD	no	-
HSP90AB2P	-1.85959546760636	0.312761931819754	NA	NA	AP-MS	MEK1DD	no	-
HSP90AB4P	-0.808313081924055	0.0270750284680859	NA	NA	AP-MS	MEK1DD	no	-
ID3	-0.332185722644689	0.455751204402425	-0.601132290371618	0.164736025086619	nsig	MEK1DD	no	-
IDI1	-0.414257092197407	0.133034943928127	-0.270135506142017	0.0183118559125198	TbID	MEK1DD	no	-
IPPK	0.370536173433739	0.0796400472561266	0.661147683190751	0.0916103770784435	nsig	MEK1DD	no	-
IRS2	1.16626891196066	0.00464755249550887	0.219264645218212	0.0297535514790761	congruent	MEK1DD	yes	gain
ITGA4	-0.239388168603184	0.755355351562561	-0.0562723943919572	0.797394598615446	nsig	MEK1DD	no	-
JUN	3.19328478525934	2.19639819399184e-05	1.85188498244345	4.61854087105037e-05	congruent	MEK1DD	yes	gain
JUNB	5.05540284478558	7.31185368878155e-05	4.67901958352154	1.88851480913545e-06	congruent	MEK1DD	yes	gain
KCTD10	0.166841298935691	0.37784431250258	0.857412151327702	0.00242655721413486	TbID	MEK1DD	no	-
KCTD12	0.948216061723267	0.000794759701533826	0.921447564533655	0.000426276852063257	congruent	MEK1DD	no	-
KCTD13	0.712798451382369	0.158509108999523	1.48639188767666	0.000470862701768479	TbID	MEK1DD	yes	gain
KCTD16	0.919637203437731	0.0119974610302334	NA	NA	AP-MS	MEK1DD	no	-
KDM2A	0.471225828660796	0.168220456455392	0.487984073469888	0.00235819764444381	TbID	MEK1DD	no	-
KDM6B	1.81938112569723	0.00435995814599972	1.62639324491442	0.00706153759751897	congruent	MEK1DD	yes	gain
KDM8	-1.02351432725298	0.574002212137666	-0.0586959774519077	0.787778095485016	nsig	MEK1DD	no	-
KEAP1	-0.341245481073543	0.0950690973897145	0.202727211113954	0.220164082432924	nsig	MEK1DD	no	-
KLF4	1.40437736137494	0.0178761412008177	0.536690568005158	0.0142573681900516	congruent	MEK1DD	yes	gain
KLHL13	0.216743389424027	0.498353860112503	-0.365428930935567	0.0102016172944399	TbID	MEK1DD	no	-
KLHL21	1.6958946193679	0.00105798876553189	1.38000474526641	0.000461060978904535	congruent	MEK1DD	yes	gain
KMT5A	0.231822143564667	0.710486542073074	0.363804410709276	0.11840435887075	nsig	MEK1DD	no	-
KNSTRN	0.0499274149465234	0.894311628566473	-0.349757212747996	0.00932006891771941	TbID	MEK1DD	no	-
KPNA2	0.993630584233861	0.0205116357140698	1.04249679416928	0.000113431929946271	congruent	MEK1DD	yes	gain
KRT18	0.251926371406325	0.39304872520836	0.336989873817434	0.0112552063074356	TbID	MEK1DD	no	-
KSR1	2.54562878398666	0.000252527065890107	0.242727121965208	0.0156280343576551	congruent	MEK1DD	yes	gain
LAMB3	1.71240267630849	0.000555206967682624	0.634263393780399	0.0146370768312638	congruent	MEK1DD	yes	gain
LAMC2	1.32168373248007	0.00622477573853735	0.593674927139387	0.0536254961597944	AP-MS	MEK1DD	yes	gain
LGALS8	-0.16867967921414	0.735115013055125	0.837872097804001	0.00541444283493291	TbID	MEK1DD	no	-
LHX5	1.06819282373953	0.0211690430172548	NA	NA	AP-MS	MEK1DD	yes	gain
LIPG	0.454125755983412	0.282122918512626	1.53007478616895	0.000323176429415682	TbID	MEK1DD	yes	gain
LRP10	1.37405965469402	0.0137578082583194	1.60347175454689	0.000206164801337578	congruent	MEK1DD	yes	gain
LRRC8E	0.372882716199866	0.415683145871524	0.513892222659204	0.00129838991143783	TbID	MEK1DD	no	-
LSAMP	NA	NA	-1.66277393169924	0.000365706479034052	TbID	MEK1DD	yes	loss
MAGED1	-0.0971367232968924	0.723865258055792	-0.301808637788823	0.0146845972187485	TbID	MEK1DD	no	-
MAMLD1	0.889375018561944	0.0316546113216561	0.717278545428921	0.000301770426345066	congruent	MEK1DD	no	-
MAP2K1	-0.712437011025179	0.0585822928478938	-0.281830475290771	0.0364069848744112	TbID	MEK1DD	no	-
MAP3K8	-1.53586685803854	0.00738960124506234	NA	NA	AP-MS	MEK1DD	yes	loss
MAT2A	0.161167407519977	0.278355515294161	0.209384697111731	0.0144142468296559	TbID	MEK1DD	no	-
MB21D2	-0.0961113836166465	0.80212148184252	-0.788650988833292	0.00111105130325091	TbID	MEK1DD	no	-
MEA1	-0.0404034571519617	0.903380080656615	-0.299518211690416	0.116110700516335	nsig	MEK1DD	no	-
MEST	NA	NA	-0.522779218669919	0.0246436527444891	TbID	MEK1DD	no	-
MKNK2	-0.139689807765224	0.748473141588052	-1.71459563668865	0.000293831185660791	TbID	MEK1DD	yes	loss
MLF1	0.954847837850988	0.0203740740290293	0.766269491503833	0.00118122105579996	congruent	MEK1DD	no	-
MTRR	0.591111483297542	0.146457252600692	-0.515983392763053	0.00645270612271199	TbID	MEK1DD	no	-
NAA60	NA	NA	0.849772075238722	0.00226579187575944	TbID	MEK1DD	no	-
NAB1	2.39221641039433	4.24314181145679e-05	1.52800384524816	0.000113061803185789	congruent	MEK1DD	yes	gain
NAB2	1.82578280424009	0.00162453997992386	1.43183964541822	0.00750852594701122	congruent	MEK1DD	yes	gain
NDRG1	0.747021153752273	0.003344059351767	0.197718710795031	0.0391067649758257	congruent	MEK1DD	no	-
NDRG2	NA	NA	-1.07592285313364	0.0037806878583681	TbID	MEK1DD	yes	loss
NEDD9	NA	NA	-0.51124867330337	0.0320025601429921	TbID	MEK1DD	no	-
NHSL3	0.851601171778984	0.0243773314093058	0.0706224736751142	0.463709894577067	AP-MS	MEK1DD	no	-
NKAPL	1.34030375344271	0.0161630770187975	NA	NA	AP-MS	MEK1DD	yes	gain
NKIRAS1	0.558734414522014	0.0892519827998884	0.463155247675713	0.00256471424688368	TbID	MEK1DD	no	-
NMU	-0.959457131047127	0.00460472594702551	0.907678077466071	0.00225191277510282	opposite	MEK1DD	no	-
NPPC	1.45206426208407	0.000921544395401013	NA	NA	AP-MS	MEK1DD	yes	gain
NPTX2	0.995834607873205	0.0430703010331735	-0.201293455347739	0.153519479602608	AP-MS	MEK1DD	no	-
NTMT1	-0.441045472142992	0.186298314234733	0.140822655673986	0.144260953702324	nsig	MEK1DD	no	-
NTS	NA	NA	0.653483627535419	0.00448273019501032	TbID	MEK1DD	no	-
OCC1	0.257263961398873	0.581716846706975	0.894906103776501	0.0014782933995888	TbID	MEK1DD	no	-
ORMDL2	NA	NA	0.0257727179645651	0.853171274432643	TbID	MEK1DD	no	-
OS9	0.00603806522621259	0.978826991534436	1.66773050930795	0.00120438739202208	TbID	MEK1DD	yes	gain
OSER1	0.915591785501798	0.0394778120093602	-0.0437438022766642	0.651575845160206	AP-MS	MEK1DD	no	-
OTUD3	0.589569868743407	0.235792946296381	-0.732171364826612	0.000521727715422808	TbID	MEK1DD	no	-
OTUD4	0.30682663774929	0.208586396091062	-0.352068807568272	0.00242010494634838	TbID	MEK1DD	no	-
PAIP2	-0.0576217252506886	0.812623235742267	-0.619784373068515	0.00274590185944183	TbID	MEK1DD	no	-
PAQR9	NA	NA	1.13511504010044	9.60039113099911e-05	TbID	MEK1DD	yes	gain
PARD6B	1.52247278529987	0.0215221563091544	0.288058421935795	0.0653809919853607	AP-MS	MEK1DD	yes	gain
PARD6G	0.912536296930294	0.0760710175151927	-0.223581383350359	0.0235170725298291	TbID	MEK1DD	no	-
PCLAF	0.285451431800276	0.690267508161903	-0.281512679225621	0.0188412379828784	TbID	MEK1DD	no	-
PEDS1	NA	NA	0.52751938150927	0.00310962032155036	TbID	MEK1DD	no	-
PEG10	-0.190200735841418	0.203935162059255	-0.728809169527111	0.000323176429415682	TbID	MEK1DD	no	-
PELI2	0.294317828914001	0.556502169674849	-0.996916218141314	0.164435174544973	nsig	MEK1DD	no	-
PFKP	0.394638931462097	0.0450970156764752	0.83022840473597	0.000406207757737628	congruent	MEK1DD	no	-
PGAM1	-0.430743263073624	0.119885049354334	-0.544098578554274	0.00136779532393216	TbID	MEK1DD	no	-
PHF13	1.18086368875274	0.0174234658799691	NA	NA	AP-MS	MEK1DD	yes	gain
PHLDA1	2.73020038730185	0.00174166015844581	NA	NA	AP-MS	MEK1DD	yes	gain
PHLDA2	2.26605221471455	0.000325006965749179	1.63831941163376	0.000314387347718179	congruent	MEK1DD	yes	gain
PIH1D2	NA	NA	-1.27782580643999	0.00529486370860944	TbID	MEK1DD	yes	loss
PIM1	0.977155231253782	0.0262306787421989	NA	NA	AP-MS	MEK1DD	no	-
PIN1	0.0290922402135832	0.906108596905414	0.0312553467355412	0.755314484776721	nsig	MEK1DD	no	-
PLAUR	2.27437754186123	0.00564191779415147	1.41949345045551	0.0010265772949346	congruent	MEK1DD	yes	gain
PLEKHA4	0.836739242816719	0.00795791334779076	0.61034963258599	0.00400135240254549	congruent	MEK1DD	no	-
PLEKHN1	1.39425577187949	0.0190392594985412	0.621298391763871	0.00951799407565844	congruent	MEK1DD	yes	gain
PLEKHO1	0.788492109093757	0.119861490683906	0.548222061430546	0.0140765938976365	TbID	MEK1DD	no	-
PMAIP1	1.58838719842928	0.0216210561932085	0.888732293965778	0.000657754611019116	congruent	MEK1DD	yes	gain
PNMA1	-0.247745010873194	0.595660693479364	0.606051468134774	0.0128975882562369	TbID	MEK1DD	no	-
POLR2I	-0.670370512639738	0.0187997074108471	-1.35257234478054	0.000232878164256256	congruent	MEK1DD	yes	loss
POMP	-0.443550078084526	0.0316546113216561	-0.652503484680537	0.00120957797322955	congruent	MEK1DD	no	-
PREX2	-0.474932169148811	0.342852517549004	-1.66833418517949	0.176738009152191	nsig	MEK1DD	no	-
PRKCI	0.918724693555794	0.019529218469032	0.673640656478873	0.00350591244445497	congruent	MEK1DD	no	-
PSMC2	0.133872595814466	0.325205441739196	-0.222111814541104	0.0505092233764176	nsig	MEK1DD	no	-
PSMC4	0.825721088430701	0.00547904074873628	0.357403042762345	0.0166997104660611	congruent	MEK1DD	no	-
PSMC5	0.455058809674151	0.0137578082583194	0.225119075744734	0.0640820500205565	AP-MS	MEK1DD	no	-
PTPRE	1.42179710766173	0.0197915043586274	NA	NA	AP-MS	MEK1DD	yes	gain
Q6ZSR9	1.04768889078914	0.0189005380655355	-0.0587285557199754	0.564474676569152	AP-MS	MEK1DD	yes	gain
RAB32	-0.580667992665151	0.160781487131001	-0.176379957061792	0.0613485214361192	nsig	MEK1DD	no	-
RAB3C	NA	NA	-1.85942834896076	0.00649935962128794	TbID	MEK1DD	yes	loss
RAF1	3.657158347959	0.000235135332793731	0.564061128059881	0.00126476736548437	congruent	MEK1DD	yes	gain
REEP2	1.03685075562743	0.127684639504188	0.449332847317508	0.0367891106199223	TbID	MEK1DD	no	-
REEP3	2.04246562688314	0.00289299689733882	1.4830409837264	0.000181194479376557	congruent	MEK1DD	yes	gain
RGPD5	0.61705503007512	0.0521023691628313	0.366703934206349	0.014520477506055	TbID	MEK1DD	no	-
RIMKLB	0.0221361196113447	0.976456430018598	-1.13604452964213	0.000232132635421739	TbID	MEK1DD	yes	loss
RND1	NA	NA	0.531036120062845	0.0199022448495692	TbID	MEK1DD	no	-
RNF41	0.141907519095248	0.489943493306422	0.746874926342982	0.000521727715422808	TbID	MEK1DD	no	-
RPA1	-0.792893067697931	0.00850706223259275	-0.535230906229041	0.00323280200006484	congruent	MEK1DD	no	-
RPA2	-0.526381925925197	0.0419430988748444	-0.521630732097774	0.0040231609135383	congruent	MEK1DD	no	-
RPA3	-0.722192010831319	0.0168401331587828	-0.505824460286874	0.00152653141708085	congruent	MEK1DD	no	-
RRM2	0.195244263604728	0.265326683461588	0.156514041510587	0.205937570723149	nsig	MEK1DD	no	-
RSRP1	NA	NA	1.81163341603618	0.0417119369459869	TbID	MEK1DD	yes	gain
SARAF	0.291185408544033	0.491208866189283	0.245821700241706	0.0594761133378022	nsig	MEK1DD	no	-
SAT1	0.262627475556044	0.569757675520261	1.08533476453398	0.000993467881281175	TbID	MEK1DD	yes	gain
SCRIB	-0.322079275771035	0.0564951500678253	-1.37254674491499	0.000135971396739873	TbID	MEK1DD	yes	loss
SELENOK	0.283039547602649	0.265326683461588	0.586594713587498	0.0020579388966356	TbID	MEK1DD	no	-
SELENOS	0.505702802911761	0.0243773314093058	0.509350580397474	0.0082811499365914	congruent	MEK1DD	no	-
SERF1A	0.168018936172381	0.520201253269041	0.54475287138737	0.00616779619219451	TbID	MEK1DD	no	-
SERF2	-0.165023306797763	0.594207677579033	0.294482191837345	0.0257869516834257	TbID	MEK1DD	no	-
SESN3	-0.109042061946062	0.583567202530671	-0.0957914118557458	0.309102990577903	nsig	MEK1DD	no	-
SGK1	NA	NA	0.790630500078064	0.00362039693799962	TbID	MEK1DD	no	-
SH2B3	1.51551406212124	0.000714929963249502	NA	NA	AP-MS	MEK1DD	yes	gain
SKOR2	0.516288960890121	0.0993116406460431	NA	NA	AP-MS	MEK1DD	no	-
SLC16A7	1.107170853904	0.0243773314093058	1.23865532074446	0.00038896547606896	congruent	MEK1DD	yes	gain
SLC2A14	0.489723243650257	0.336393404146082	0.9193658412615	0.00124784169181723	TbID	MEK1DD	no	-
SLC35G2	0.800452121574033	0.0387173950691958	0.891006848419613	0.000354094620141335	congruent	MEK1DD	no	-
SLIT2	0.0607929719350353	0.742513543676146	0.57289916192607	0.014560961087219	TbID	MEK1DD	no	-
SMIM26	0.0141959872096639	0.972991449436517	0.219781356916452	0.142746909399999	nsig	MEK1DD	no	-
SNF8	0.43086860438486	0.402595251495613	-0.326797082639861	0.0439481543105989	TbID	MEK1DD	no	-
SNX17	-0.38348715471813	0.25460730669539	-0.726170979993525	0.000388998233900944	TbID	MEK1DD	no	-
SPAG5	0.216772333841195	0.163647600241017	-0.364058038850129	0.00718285122873959	TbID	MEK1DD	no	-
SPHK1	1.59922152556675	0.00675190925077025	NA	NA	AP-MS	MEK1DD	yes	gain
SPRED1	1.05236695480107	0.0948717368219588	0.907669821665281	0.00104792764475162	TbID	MEK1DD	no	-
SPRY2	0.224470335168079	0.726766897446327	1.57613256420866	7.94140121587569e-05	TbID	MEK1DD	yes	gain
SPRY4	1.64854644045498	0.00435995814599972	1.19540182240827	0.000670059455839444	congruent	MEK1DD	yes	gain
SPRYD4	-0.636190691909097	0.0316546113216561	-0.018309346666453	0.924495427003824	AP-MS	MEK1DD	no	-
SQSTM1	0.589109197458188	0.0240868969470977	0.910842512816824	0.00104824905642327	congruent	MEK1DD	no	-
STAM	0.1363532267144	0.611849854403122	-0.503611621488902	0.00227336940969239	TbID	MEK1DD	no	-
STK33	1.2063190743556	0.00478642001362305	-0.396102782293809	0.00220968309504311	opposite	MEK1DD	yes	opposite
SYNPO	1.90807225831947	0.0641547550989098	1.34966987463486	0.000323176429415682	TbID	MEK1DD	yes	gain
TAC1	NA	NA	1.25452583297616	0.00074143309930342	TbID	MEK1DD	yes	gain
TAX1BP3	NA	NA	-0.262344384354851	0.255091148325798	TbID	MEK1DD	no	-
TDG	1.40444182046703	0.0243773314093058	0.64236072525409	0.00269283586227825	congruent	MEK1DD	yes	gain
TFPI	NA	NA	0.97750815990054	0.0052245410853473	TbID	MEK1DD	no	-
TFPI2	1.86475673690583	0.0197368245694151	3.04938421776502	4.96871420397363e-06	congruent	MEK1DD	yes	gain
TGFB1	2.24815577750511	0.000107364464815541	1.30444273098073	7.94140121587569e-05	congruent	MEK1DD	yes	gain
THBD	NA	NA	1.69204558449556	0.000361049568840379	TbID	MEK1DD	yes	gain
THBS1	NA	NA	-0.538281839339406	0.00187256087060248	TbID	MEK1DD	no	-
TIMP1	2.31820400476149	0.00124223931317283	2.42628319106729	0.000114649280832001	congruent	MEK1DD	yes	gain
TMEM147	1.03971655876915	0.346333867537582	0.0847557610357219	0.729057184724787	nsig	MEK1DD	no	-
TMEM200A	NA	NA	1.2860393238371	0.000563737337404532	TbID	MEK1DD	yes	gain
TMEM201	0.26677513555529	0.192156214612289	0.401180426296356	0.00269283586227825	TbID	MEK1DD	no	-
TMEM59	0.168702340090551	0.368351078272068	1.05244397312783	0.00256342527611154	TbID	MEK1DD	yes	gain
TNFAIP1	0.637980869064135	0.056419783715761	1.04970039324449	0.0014903917639668	TbID	MEK1DD	yes	gain
TNFRSF10D	0.632778411605264	0.0820405690761816	0.998194166117204	0.00172429621488616	TbID	MEK1DD	no	-
TNFSF9	1.10987065199914	0.0796697141848129	2.11635716485122	0.000215513788740072	TbID	MEK1DD	yes	gain
TNRC6A	0.135885835665068	0.35056891098561	-0.67104513835064	0.000685952029713125	TbID	MEK1DD	no	-
TNRC6C	-0.289152701615741	0.231823176654466	-0.74438454580012	0.000189811878538307	TbID	MEK1DD	no	-
TNS2	0.954602323332878	0.00251675725388226	0.441152971694812	0.0241220456179292	congruent	MEK1DD	no	-
TOB1	NA	NA	-0.897435588123324	0.000446877854568795	TbID	MEK1DD	no	-
TRIB1	2.30551109404149	0.00153439117751084	3.25695465048217	8.72375282100821e-05	congruent	MEK1DD	yes	gain
TRIB3	2.06677519460494	0.000231749268925936	0.559283830170323	0.0428626100423328	congruent	MEK1DD	yes	gain
TRIM26	-0.242418262651223	0.349773817161764	-0.645602743425326	0.00157728252078394	TbID	MEK1DD	no	-
TTK	0.180306492812836	0.168436309580841	-0.327171364506035	0.00350591244445497	TbID	MEK1DD	no	-
TTLL4	0.0695626452661843	0.764027047618013	-0.385263854397147	0.00705736424284863	TbID	MEK1DD	no	-
TUG1	0.437969923548201	0.250052285446984	0.329054504514233	0.0671051107398322	nsig	MEK1DD	no	-
TXLNA	0.0947600806961801	0.597052930128388	-0.608086698639733	0.0020802173120028	TbID	MEK1DD	no	-
TXLNG	0.00611667943391213	0.973634774910155	-0.675583595559302	0.000671394240188754	TbID	MEK1DD	no	-
UBAP2	0.268069045781229	0.0928409796822087	-0.533672198501677	0.00172116437008783	TbID	MEK1DD	no	-
UBAP2L	-0.0712996916227581	0.638237034840046	-0.712480650441745	0.000741716196985188	TbID	MEK1DD	no	-
UBE2D1	0.825600986518559	0.263481067352321	0.396315110591281	0.0369193305640392	TbID	MEK1DD	no	-
UBE2S	2.13923999581774	0.0302154284831652	0.980584884222106	0.000113431929946271	congruent	MEK1DD	yes	gain
UBL5	-0.441923768382966	0.254770181201912	-0.220545108516358	0.0919124610002671	nsig	MEK1DD	no	-
UBXN8	0.173140567968185	0.360999781047312	-0.242901285335863	0.267896695999222	nsig	MEK1DD	no	-
UCK2	0.260388355233333	0.183302472014948	0.65879782907453	0.000909598168911271	TbID	MEK1DD	no	-
UPP1	2.04665449653445	0.000109959046539425	1.62898256520201	2.04985263260016e-05	congruent	MEK1DD	yes	gain
USP16	0.441482569205575	0.309330544050174	-0.847293803475167	0.00021902219685551	TbID	MEK1DD	no	-
USP17L5;USP17L15;USP17L11;USP17L22;USP17L17;USP17L19;USP17L20;USP17L24	0.973605969662076	0.0390146602899163	NA	NA	AP-MS	MEK1DD	no	-
USP17L7	2.23038714436956	0.00119536890354935	NA	NA	AP-MS	MEK1DD	yes	gain
USP9X	-0.540567104728516	0.0228759706139912	0.221081223995607	0.115376594561065	AP-MS	MEK1DD	no	-
USP9Y	-0.653374842735594	0.105170595905612	0.380156346083201	0.0780718634450153	nsig	MEK1DD	no	-
VGF	-0.380171603078881	0.512939224630322	0.858147263952035	0.0854632329701911	nsig	MEK1DD	no	-
WDR33	0.696738242552713	0.0119974610302334	0.00594609075764134	0.958178654197507	AP-MS	MEK1DD	no	-
WSB2	0.79549883446899	0.0455247047017075	1.34641011210215	0.000392541934466539	congruent	MEK1DD	yes	gain
WWTR1	-0.214578305560422	0.663206898508124	-1.24233471209643	0.000413875078280228	TbID	MEK1DD	yes	loss
XPNPEP3	0.379190909720134	0.488725680424483	-1.69592198696817	0.000210562706063843	TbID	MEK1DD	yes	loss
YPEL5	0.692826563919579	0.058662094904763	-0.0180817587905096	0.895200821141796	nsig	MEK1DD	no	-
YWHAB	2.66530433487013	0.00119536890354935	-0.0205920071126322	0.889269203533972	AP-MS	MEK1DD	yes	gain
YWHAE	2.37688614623062	0.000821037700136448	-0.339316119869239	0.0344569090501604	opposite	MEK1DD	yes	opposite
YWHAG	2.76279620557462	0.000231749268925936	-0.0431236272241302	0.768767028636075	AP-MS	MEK1DD	yes	gain
YWHAH	2.79207977327778	0.000475474711100182	-0.27002174861965	0.030050055388177	opposite	MEK1DD	yes	opposite
YWHAQ	1.45941482921376	0.00702694684520854	-0.0174675260127599	0.828659260574358	AP-MS	MEK1DD	yes	gain
YWHAZ	2.90573507089904	0.000576659658460651	0.124395963042137	0.488324539659292	AP-MS	MEK1DD	yes	gain
ZCCHC12	-0.309361347292377	0.381064673199589	1.56604270370834	3.80733233549004e-05	TbID	MEK1DD	yes	gain
ZCCHC2	-0.0943234853390292	0.567737082999415	-0.522757209520353	0.00118197495118337	TbID	MEK1DD	no	-
ZFP36	3.14100921100374	2.19639819399184e-05	2.03755882287671	0.000450020535020503	congruent	MEK1DD	yes	gain
ZFP36L1	1.25558386640501	0.00276611377508008	0.908641162430376	0.000176214661551554	congruent	MEK1DD	yes	gain
ZFYVE16	-0.110803755417816	0.611293495426258	-0.651642080741606	0.00106255883011496	TbID	MEK1DD	no	-
ZNF225	-0.421652516769742	0.365858970437143	0.773366442965853	0.000223534737948442	TbID	MEK1DD	no	-
ZNRF1	-0.58458303008057	0.361790204387053	0.327801973943871	0.0139147133503993	TbID	MEK1DD	no	-
ACVR1	-0.340174016303715	0.0644872284614348	-0.560470657844838	0.0331539282400924	TbID	KrasG12V	no	-
ADAMTS17	0.0180390704648037	0.846661925514437	-0.051524470567184	0.876722421954629	nsig	KrasG12V	no	-
ADPRHL1	NA	NA	-0.0249788866554574	0.903352708774028	TbID	KrasG12V	no	-
AFDN	2.35114785117571	1.45419745575269e-08	2.19506453235549	7.29274775207578e-08	congruent	KrasG12V	yes	gain
AGPAT3	-0.0892317782204568	0.315826625840548	-0.152760542411317	0.0751452573037007	nsig	KrasG12V	no	-
AHCYL1	0.0821473024498118	0.109341689765561	0.772948725676603	9.47248835270703e-05	TbID	KrasG12V	no	-
AHCYL2	0.230556114157615	0.0142564241680105	0.86228209150674	0.000211966687850675	congruent	KrasG12V	no	-
AIDA	NA	NA	0.111944197709674	0.176878264323762	TbID	KrasG12V	no	-
AK6	-0.0704970489563141	0.641651419884621	-0.173129809619999	0.283603276731093	nsig	KrasG12V	no	-
AKT1S1	0.0358405284401311	0.646109441107779	0.0941811882809969	0.522851738376577	nsig	KrasG12V	no	-
ANAPC13	-0.311067533956661	0.166117038087192	NA	NA	AP-MS	KrasG12V	no	-
ANP32A	0.106065185787475	0.239163917719721	0.0730914739204493	0.834771817113945	nsig	KrasG12V	no	-
ANP32B	0.0546717657509284	0.572550384377878	NA	NA	AP-MS	KrasG12V	no	-
ANXA2	0.0388264033025028	0.787001975923016	-0.69721644110143	0.00207291447497963	TbID	KrasG12V	no	-
ANXA6	NA	NA	-1.55001936293744	0.0101115407161228	TbID	KrasG12V	yes	loss
AP3B1	0.155486860972687	0.159276724140145	0.359951439050468	0.00222522782616031	TbID	KrasG12V	no	-
ARAF	1.97679978982899	8.46948241296704e-08	0.148856697615035	0.0421189221974847	congruent	KrasG12V	yes	gain
ARHGAP28	1.28529272158001	8.66613722248649e-07	1.53608124348842	0.000180896102481986	congruent	KrasG12V	yes	gain
ARHGEF17	0.575815548226507	6.14809221968766e-05	0.991995686939506	5.91388919125861e-05	congruent	KrasG12V	no	-
ARIH1	0.102660843726266	0.165645755043593	-0.0463977476585544	0.714308124353039	nsig	KrasG12V	no	-
ARIH2	-0.00361212268124866	0.965861192001116	-0.122069541527258	0.604855780135919	nsig	KrasG12V	no	-
ARL6IP1	-0.10261060835313	0.610569057773074	-0.327824009149873	0.029973121432786	TbID	KrasG12V	no	-
ARL6IP6	-0.038575196542066	0.787001975923016	-0.022155914815686	0.865840833198398	nsig	KrasG12V	no	-
ARV1	-0.229450429132934	0.0328536584102725	-0.211051588395673	0.10521064738254	AP-MS	KrasG12V	no	-
ATG3	0.0890427086678827	0.308574588309735	0.0181432551947207	0.856558924804136	nsig	KrasG12V	no	-
ATP5F1E;ATP5F1EP2	-0.449718271051129	0.0355507514319425	-0.228832584453775	0.0677024663994273	AP-MS	KrasG12V	no	-
BCL2L12	NA	NA	-1.32701509921513	0.0134369771194924	TbID	KrasG12V	yes	loss
BHLHE41	0.314168440431109	0.248681419972262	NA	NA	AP-MS	KrasG12V	no	-
BMP1	NA	NA	-0.032132776521598	0.935692616775768	TbID	KrasG12V	no	-
BRAF	2.94692065086871	1.24706332196095e-08	2.54625904936551	7.09639684230211e-07	congruent	KrasG12V	yes	gain
C19orf53	0.0148548844068497	0.903545398868437	-0.278550008908192	0.107402249830658	nsig	KrasG12V	no	-
C1GALT1	0.020594231070695	0.891262158028163	0.0344765992922458	0.923186708559623	nsig	KrasG12V	no	-
C1orf21	NA	NA	-0.0393062743961448	0.713096483388711	TbID	KrasG12V	no	-
C6orf163	NA	NA	0.453252775413093	0.124207641045982	TbID	KrasG12V	no	-
C7orf50	-0.0916918703192966	0.292245387060598	-0.258563941713382	0.00998988208904391	TbID	KrasG12V	no	-
CAMKV	0.128385964489897	0.282192571144053	-0.37203909545384	0.120109427906251	nsig	KrasG12V	no	-
CCDC137	-0.0636483087657442	0.401099623963581	-0.168001169620361	0.0672106411434178	nsig	KrasG12V	no	-
CCNYL1	0.0289656341844724	0.85367248879429	-0.195461435222972	0.0426825192530124	TbID	KrasG12V	no	-
CD55	NA	NA	0.0661248318570085	0.680235356353974	TbID	KrasG12V	no	-
CD59	-0.245586594045622	0.122867712860252	-0.381318701845972	0.00703305280848223	TbID	KrasG12V	no	-
CDC34	0.160468457418938	0.0472624609055893	-0.154027865712093	0.219024687679984	AP-MS	KrasG12V	no	-
CDC37	0.587347874553448	9.82980097467752e-05	0.502045303907275	0.000632420217811078	congruent	KrasG12V	no	-
CDSN	0.630177680108323	0.289791017478552	NA	NA	AP-MS	KrasG12V	no	-
CEP104	0.732475245748907	3.596341301147e-05	2.00631488215058	1.81387532240468e-07	congruent	KrasG12V	yes	gain
CFAP90	-0.420738391746307	0.0339741603817839	NA	NA	AP-MS	KrasG12V	no	-
CHGA	NA	NA	-0.961707846179208	0.0633984769007522	TbID	KrasG12V	no	-
CHMP1B	0.0037105877865562	0.981891136839472	-0.488097446928281	0.0144610803609447	TbID	KrasG12V	no	-
CHPT1	-0.232902823777216	0.0455503255340052	-0.278609253658916	0.0693069431103984	AP-MS	KrasG12V	no	-
CLK3	-0.286652590039058	0.0343587940760211	-0.148072668650858	0.303060606600991	AP-MS	KrasG12V	no	-
CNTFR	NA	NA	-0.071267944168385	0.823682624917381	TbID	KrasG12V	no	-
CNTN1	NA	NA	0.27653942237797	0.011327086321427	TbID	KrasG12V	no	-
COL5A1	NA	NA	0.40606373932222	0.00858829890605681	TbID	KrasG12V	no	-
COL5A2	NA	NA	1.48515876702754	0.130928676639658	TbID	KrasG12V	no	-
COPS2	0.00521595542278952	0.951035791467946	-0.243352897269794	0.0115041358576903	TbID	KrasG12V	no	-
COPS3	-0.0602292920084935	0.361483664370694	-0.188544306644093	0.0415005328520497	TbID	KrasG12V	no	-
COPS4	0.00273813429467928	0.974729264603161	-0.182405137887276	0.031123838996931	TbID	KrasG12V	no	-
COPS5	-0.0361269345181121	0.54085157994262	-0.1763869206624	0.0704464478099388	nsig	KrasG12V	no	-
COPS6	-0.0656740315751243	0.358244534764306	-0.086127785601974	0.242992659311027	nsig	KrasG12V	no	-
COPS7A	0.0163959417727586	0.868240456810482	-0.292616850568308	0.0140000670302463	TbID	KrasG12V	no	-
COPS7B	0.00623120841732039	0.951917078166743	-0.410932094201794	0.0511437103417107	nsig	KrasG12V	no	-
COPS8	-0.065637093863165	0.446222290164129	-0.112238728007258	0.31920954755882	nsig	KrasG12V	no	-
CPE	0.195918717633442	0.281619281896168	0.658160649624398	0.194540780668617	nsig	KrasG12V	no	-
CPNE5	NA	NA	-0.225312549777314	0.172244886028279	TbID	KrasG12V	no	-
CRTAP	-0.225902245497982	0.0153135044879221	-0.22847767314585	0.0757858795836558	AP-MS	KrasG12V	no	-
CSPG4	0.100332897519237	0.0831814490664242	0.212138044720628	0.042489085220573	TbID	KrasG12V	no	-
CSPG5	0.424513896183775	0.0024844230444615	0.339558548234425	0.00577341865994899	congruent	KrasG12V	no	-
CTDSP2	NA	NA	0.293319350617246	0.0460360909685384	TbID	KrasG12V	no	-
CYP2C19	NA	NA	-1.42253640483621	0.0601475190871939	TbID	KrasG12V	no	-
CYP4X1	0.236019350575225	0.0204414548046308	0.168128859606277	0.311310904667256	AP-MS	KrasG12V	no	-
DAD1	-0.0273136037555926	0.803675386730201	-0.203459574717916	0.248878027783715	nsig	KrasG12V	no	-
DCAF16	-0.00433483804571999	0.970708197590836	-0.138734236389011	0.410900528460811	nsig	KrasG12V	no	-
DCD	-0.244330961417772	0.570096637198918	-0.020665133735438	0.949907512845201	nsig	KrasG12V	no	-
DCUN1D4	0.179777160137068	0.214029200530698	-0.423358652487779	0.127732752937688	nsig	KrasG12V	no	-
DCXR	-0.20777694590458	0.0238189483698302	-0.222073217363706	0.0437534673821351	congruent	KrasG12V	no	-
DGKA	0.303976678460477	0.48683107583055	-0.0542275847849805	0.724160854697562	nsig	KrasG12V	no	-
DHCR24	-0.341744088005058	0.00392725624991794	-0.438404607489975	0.00521359712186239	congruent	KrasG12V	no	-
DLX6	0.0131305163406594	0.928955547817741	-0.128191202971271	0.253411882711951	nsig	KrasG12V	no	-
DNAJB12	-0.242214609465996	0.0325023448665874	-0.297378221674434	0.00636059157051917	congruent	KrasG12V	no	-
DNMT3B	-0.161328961714585	0.184443567979267	-0.343829593343457	0.0217935396508271	TbID	KrasG12V	no	-
DPAGT1	NA	NA	-0.27031891867362	0.0245569369980465	TbID	KrasG12V	no	-
DPM1	-0.144049833408276	0.0546196796823107	-0.245492706692177	0.0169118049823239	TbID	KrasG12V	no	-
DPM3	-0.251919614150331	0.10937844553097	-0.190331755133339	0.183175834486616	nsig	KrasG12V	no	-
DR1	-0.488647460441987	0.00758823684718045	0.13482904798073	0.255285089266828	AP-MS	KrasG12V	no	-
DYNLL2	0.0677425275330013	0.545451605013161	0.0727094011485079	0.398343340131468	nsig	KrasG12V	no	-
EAPP	-0.0801878018701299	0.517610577186798	-0.168691974729349	0.150131530638565	nsig	KrasG12V	no	-
ECPAS	0.180244200971305	0.00756217017641966	0.352370059037121	0.0019314774589882	congruent	KrasG12V	no	-
EDEM1	0.192527444886714	0.181218290897605	-0.109279377578887	0.730803445276481	nsig	KrasG12V	no	-
EDEM2	0.152397568432741	0.294878313035973	NA	NA	AP-MS	KrasG12V	no	-
EEF1AKMT2	-0.200252984215421	0.110951784054422	-0.0562369389825639	0.877479335088368	nsig	KrasG12V	no	-
EEF2K	0.122591555373779	0.109092115438624	0.385976081621351	0.00159908784096235	TbID	KrasG12V	no	-
EIF4G2	-0.0174627364476621	0.684161320917865	0.322341252797781	0.00291735467001487	TbID	KrasG12V	no	-
ELOVL7	NA	NA	-0.123401073040151	0.299412155389162	TbID	KrasG12V	no	-
EMC9	NA	NA	-0.49503110285628	0.051431090958566	TbID	KrasG12V	no	-
FADS3	NA	NA	-0.218900209529419	0.0352563403003611	TbID	KrasG12V	no	-
FAM200B	-0.14805695576358	0.443310337606696	-0.226209700730346	0.490315939588199	nsig	KrasG12V	no	-
FANCM	-0.190827108950085	0.305724058876186	0.262404184159188	0.0206609262680772	TbID	KrasG12V	no	-
FBN1	NA	NA	-0.231413175159604	0.525592487408458	TbID	KrasG12V	no	-
FNDC10	0.287626848183745	0.0313307654152607	0.16913696344799	0.172350614063895	AP-MS	KrasG12V	no	-
FOXC2	0.299291833906613	0.130665419313677	-0.111654322552155	0.850156237467077	nsig	KrasG12V	no	-
FRG1	-0.474255557551794	0.00112749439203189	-0.155591948688963	0.0455485920824051	congruent	KrasG12V	no	-
FRMPD1	2.17578806274008	0.105824368961827	NA	NA	AP-MS	KrasG12V	no	-
FUT11	-0.112860773947594	0.325547305784382	-0.140040740689896	0.64712092609402	nsig	KrasG12V	no	-
FUT8	-0.00181594732805479	0.98258432952948	0.269349039836768	0.375463076275209	nsig	KrasG12V	no	-
GALNT12	-0.0158291262751646	0.918832026763994	-0.00973202330504819	0.976745715455236	nsig	KrasG12V	no	-
GAS6	-0.0535105329003915	0.853626197283034	NA	NA	AP-MS	KrasG12V	no	-
GDPD1	0.147519729069358	0.275620629821199	-0.409574470543433	0.586102804601114	nsig	KrasG12V	no	-
GET1	-0.0513818323076016	0.52660051296104	-0.207715879377421	0.0450754434189218	TbID	KrasG12V	no	-
GNA11	-0.0400727044117968	0.607680383356169	-0.238848848107875	0.0315312895200408	TbID	KrasG12V	no	-
GNAI1	0.0122760298126252	0.922627459894437	-0.16912547042131	0.0510091777034045	nsig	KrasG12V	no	-
GNAI2	0.0479632354563471	0.540901867334329	-0.253850071126669	0.0128974650653331	TbID	KrasG12V	no	-
GNAI3	0.164379449472211	0.122217746340342	-0.155177102011226	0.0727357266568254	nsig	KrasG12V	no	-
GNAO1	NA	NA	-0.025138560942791	0.774465719654722	TbID	KrasG12V	no	-
GNG10	-0.161535512708738	0.155355242377274	0.0461050708207971	0.630751627422143	nsig	KrasG12V	no	-
GNG4	NA	NA	0.277584743696645	0.382433456817893	TbID	KrasG12V	no	-
GNG7	NA	NA	0.122500220875397	0.482875686030293	TbID	KrasG12V	no	-
GNL1	-0.261712729505261	0.407722282451297	-0.256129762347006	0.0769482630119608	nsig	KrasG12V	no	-
GPM6B	NA	NA	0.85343017318767	0.267142253188815	TbID	KrasG12V	no	-
GPS1	0.0326295790157332	0.649343628095727	-0.242640074464665	0.00730828934104783	TbID	KrasG12V	no	-
GRIK1	NA	NA	-0.212490158971496	0.536974359804547	TbID	KrasG12V	no	-
GTF2A1	-0.0494507352714368	0.704300343705848	0.100534435450266	0.355357313414814	nsig	KrasG12V	no	-
GUCD1	-0.257354012579382	0.0174102936302806	-0.40108161554911	0.0049466997798659	congruent	KrasG12V	no	-
H1-0	NA	NA	0.236653669304351	0.370792742167871	TbID	KrasG12V	no	-
H1-4	-0.164600355321658	0.235679445734881	-0.118324806212922	0.426111304173284	nsig	KrasG12V	no	-
H2AC11;H2AC20;H2AC18;H2AC12;H2AC14;H2AJ	NA	NA	1.01552834557413	0.19721001032757	TbID	KrasG12V	no	-
H2AC4;H2AC25	NA	NA	1.54486678523626	0.121940774403249	TbID	KrasG12V	no	-
H2BC11;H2BC21	NA	NA	0.858491181357126	0.236512135501887	TbID	KrasG12V	no	-
H3-3A	0.338395445688503	0.0302296650598545	0.488046125633179	0.274342331372878	AP-MS	KrasG12V	no	-
H4C1	-0.0604548543807812	0.544188459823971	1.02644486201847	0.178845414300608	nsig	KrasG12V	no	-
HAPLN3	0.0972655114174108	0.241040626265952	0.263331836401733	0.0138250560583558	TbID	KrasG12V	no	-
HDGFL2	-0.205811322883322	0.273788117986103	-0.102830314224677	0.156593473812395	nsig	KrasG12V	no	-
HECTD1	0.997643518299965	6.06468593343261e-07	0.0270484195815026	0.599941544039401	AP-MS	KrasG12V	no	-
HLA-DQB1	-0.322119774146909	0.0412378880292956	-0.165846439297923	0.304013574883126	AP-MS	KrasG12V	no	-
HMGA2	-0.381482716102891	0.0821132457680857	0.755513045323331	0.12265465355065	nsig	KrasG12V	no	-
HMGN1	-0.756743497026145	0.00529322676930428	0.238843008619195	0.11330011819345	AP-MS	KrasG12V	no	-
HRAS	0.59589724522794	0.220144212214286	-0.166825604894317	0.575235007925451	nsig	KrasG12V	no	-
IFITM1	NA	NA	-0.0358780564190102	0.866432520357766	TbID	KrasG12V	no	-
IFRD2	-0.380370548489928	0.0613047876223754	-0.0970719504440201	0.143883552737322	nsig	KrasG12V	no	-
IPO9	0.235109531790199	0.00495573248880825	-0.169687083733713	0.0572963303314107	AP-MS	KrasG12V	no	-
IQGAP2	0.0913302623878938	0.150450927022514	0.0514834337824635	0.508705241032362	nsig	KrasG12V	no	-
ITGA1	NA	NA	0.448650184469137	0.153888748090769	TbID	KrasG12V	no	-
ITGA2	NA	NA	0.496500943961992	0.00451157108398794	TbID	KrasG12V	no	-
ITGA4	0.0282193586549049	0.703180831148756	0.190985457740704	0.52531051972166	nsig	KrasG12V	no	-
ITGA5	NA	NA	0.284862444743709	0.0399077488088834	TbID	KrasG12V	no	-
KANK1	0.12656714058495	0.0330883451724664	0.0424535204309358	0.466609601060299	AP-MS	KrasG12V	no	-
KCTD10	-0.00127641417625846	0.98929292694253	-0.473302543173263	0.000890404532457402	TbID	KrasG12V	no	-
KCTD16	-0.42296475109992	0.0524155320363317	NA	NA	AP-MS	KrasG12V	no	-
KIF26A	-0.0714615334708277	0.531591543123511	0.716975756251995	0.4283762972226	nsig	KrasG12V	no	-
KLHL12	-0.217325973444527	0.0809763830455039	0.589884363860094	0.0101104801109591	TbID	KrasG12V	no	-
KLHL17	0.0582923274678109	0.655371696658501	0.150067697501838	0.820587232286366	nsig	KrasG12V	no	-
KPRP	-0.0227260447712272	0.951035791467946	-0.0692139853313503	0.83117867517111	nsig	KrasG12V	no	-
KRAS	0.00704728384091879	0.924616107736367	-0.104746458694617	0.424962744495348	nsig	KrasG12V	no	-
LCLAT1	-0.382579295892144	0.0553893941373581	-0.406542519476814	0.00444122678740494	TbID	KrasG12V	no	-
LGALS7	0.0956204963287508	0.815045207062898	-1.232902156907	0.33682196954451	nsig	KrasG12V	no	-
LGALS8	NA	NA	-0.267740420682854	0.0138250560583558	TbID	KrasG12V	no	-
LOXL1	0.113376340410863	0.282938148347224	0.26595928192725	0.0133208744304634	TbID	KrasG12V	no	-
LTBP4	-0.204741486052047	0.0879148715766317	-0.192856291337041	0.565698357045269	nsig	KrasG12V	no	-
LYN	-0.0863654032044536	0.342242622770747	-0.0884762198234483	0.311420397468007	nsig	KrasG12V	no	-
LZTR1	-2.66664160993994	7.09093085841407e-08	-0.754012720762667	0.000247052588237765	congruent	KrasG12V	yes	loss
MAD2L1	0.210959623856843	0.0116285849746041	0.368721427714208	0.00609533066760118	congruent	KrasG12V	no	-
MAGT1	-0.229503199735902	0.0143271322124447	-0.256370407222251	0.0196915042425818	congruent	KrasG12V	no	-
MAP2K1	0.818288252891161	5.51690960326178e-05	0.348630945624025	0.0146992040661116	congruent	KrasG12V	no	-
MAP4K1	NA	NA	0.180786528115512	0.885598738814279	TbID	KrasG12V	no	-
MAPK14	-0.0691921639907989	0.431901058246435	-0.276835299921268	0.0381154256551526	TbID	KrasG12V	no	-
MDK	-0.148988160322079	0.425866015631506	-0.354148837134165	0.263574098784166	nsig	KrasG12V	no	-
MFAP2	NA	NA	0.352771030205322	0.270612790195558	TbID	KrasG12V	no	-
MOK	-0.0269194029986686	0.90748036164003	-0.421410486562803	0.13876834016911	nsig	KrasG12V	no	-
MOXD1	0.0874162059020929	0.473369526481158	0.114330664656451	0.0856013183550639	nsig	KrasG12V	no	-
MRAP2	NA	NA	0.292080275395312	0.350808640707943	TbID	KrasG12V	no	-
MSANTD2	1.11319341695649	0.0424901873471497	NA	NA	AP-MS	KrasG12V	yes	gain
MTHFR	-0.0424861497342928	0.504983879464311	NA	NA	AP-MS	KrasG12V	no	-
MYO1C	0.190098601332249	0.00936460399036607	-0.263164782525241	0.0121452487142893	opposite	KrasG12V	no	-
NFU1	0.0727146042514502	0.300133672517194	NA	NA	AP-MS	KrasG12V	no	-
NID1	0.194327926048867	0.0317433455277457	0.22780072229118	0.0174228381160942	congruent	KrasG12V	no	-
NR2F2	0.0796248134801694	0.274428204758735	-0.00434612339221552	0.967324856450707	nsig	KrasG12V	no	-
NRAS	0.04264524519904	0.899152109693332	-0.394367145931803	0.0504646914533346	nsig	KrasG12V	no	-
NUCKS1	-0.3427011989364	0.349800271501531	-0.085664667488011	0.454867759166276	nsig	KrasG12V	no	-
NUTF2	-0.097709166054786	0.410756282227597	0.122904939416222	0.662557667565973	nsig	KrasG12V	no	-
OCLN	-0.0462511763788225	0.653217113368292	-0.0148674537263425	0.886516601377343	nsig	KrasG12V	no	-
OLA1	0.0786371364856038	0.271549016650119	0.0386840670650983	0.64943577456525	nsig	KrasG12V	no	-
OTULINL	-0.118239646348686	0.0671411643096526	-0.233518459737237	0.115096966473683	nsig	KrasG12V	no	-
P3H4	-0.25740107901334	0.0189974045686666	-0.0297636569032225	0.745220900302812	AP-MS	KrasG12V	no	-
PADI2	-0.153525387344883	0.448454801768289	1.80229111317787	0.00451157108398794	TbID	KrasG12V	yes	gain
PAQR7	NA	NA	-0.980494036522319	0.0927718974334923	TbID	KrasG12V	no	-
PAQR9	NA	NA	-0.0812064949380158	0.652346469710915	TbID	KrasG12V	no	-
PEX11A	NA	NA	-0.151194671601059	0.621426198591224	TbID	KrasG12V	no	-
PEX14	-0.162235036921516	0.15691531369648	0.2121581394972	0.0447605801326324	TbID	KrasG12V	no	-
PIGB	-0.0937357378236729	0.309324480680296	-0.292170701888775	0.0101104801109591	TbID	KrasG12V	no	-
PIGS	-0.212369736719396	0.0150616704692431	-0.263900658082703	0.0126109035713727	congruent	KrasG12V	no	-
PIK3CA	1.50131543724868	7.09093085841407e-08	1.38860702544186	1.82599505486205e-06	congruent	KrasG12V	yes	gain
PIK3CD	0.531364003093513	0.016014393817363	0.749788120729044	0.00542096959344528	congruent	KrasG12V	no	-
PIK3R1	0.682977465337157	2.99625404090654e-05	0.332652742380141	0.00619937674986704	congruent	KrasG12V	no	-
PIK3R2	0.580705101628951	0.000439742247012348	0.365672678043609	0.00313120842835355	congruent	KrasG12V	no	-
PKD1L3	0.402625715692702	0.276075425552633	NA	NA	AP-MS	KrasG12V	no	-
PLCE1	1.02110894973253	2.88115707008183e-06	1.7669565482798	3.88736210289701e-06	congruent	KrasG12V	yes	gain
PLEKHF1	0.00118808426767814	0.991205429484315	-0.273562941783241	0.391051875104035	nsig	KrasG12V	no	-
PLGRKT	-0.0528348340897136	0.557908706572333	-0.0707567734243284	0.841583162195233	nsig	KrasG12V	no	-
PNMA2	0.213237059690574	0.0352839234127451	0.312436191269017	0.0284751594249492	congruent	KrasG12V	no	-
PPIB	-0.399567155298337	0.0738938465999401	0.178294301451613	0.259427290583305	nsig	KrasG12V	no	-
PPM1G	0.0372079535685259	0.576270279101065	0.170601068097788	0.0241872878498496	TbID	KrasG12V	no	-
PPP1R14C	0.0772930889322172	0.736769044405416	-0.0245565929046414	0.862347593638659	nsig	KrasG12V	no	-
PROCR	-0.227851856448341	0.208980266855993	0.118920919756563	0.287773128588644	nsig	KrasG12V	no	-
PRRT4	0.107349398463874	0.511878362068035	0.0616261243841976	0.84860168216168	nsig	KrasG12V	no	-
PSMD1	-0.0454226678904561	0.508416371306499	-0.162080490848105	0.0394383280010765	TbID	KrasG12V	no	-
PSMD11	0.0358309393167033	0.533107047763086	-0.231172485793186	0.0320560140519428	TbID	KrasG12V	no	-
PSMD12	0.00715061211551138	0.913775764382829	-0.24090848764331	0.04731401263237	TbID	KrasG12V	no	-
PSMD13	-0.0555666583693739	0.382533148978185	-0.191762132020163	0.0568671439024375	nsig	KrasG12V	no	-
PSMD2	0.0187171186417778	0.807106991367236	-0.0591091091924003	0.425467664069025	nsig	KrasG12V	no	-
PSMD7	0.0350351809812732	0.593513844093004	-0.0976247216074757	0.204095198455971	nsig	KrasG12V	no	-
PTMA	0.0353166744274631	0.854780228634734	0.200398710411481	0.374713373238276	nsig	KrasG12V	no	-
PTX3	-0.0921652791782126	0.550411326284891	0.48299259480719	0.0340138516139038	TbID	KrasG12V	no	-
PUM3	-0.0288420207709645	0.885504326052225	0.132183495605165	0.222526113425551	nsig	KrasG12V	no	-
PXMP2	-0.0121567200970745	0.927813305093817	-0.237925155417964	0.0902914257426881	nsig	KrasG12V	no	-
RABAC1	NA	NA	0.0963879770613207	0.528531475869371	TbID	KrasG12V	no	-
RADIL	2.19391609981731	1.5826149719658e-08	0.523459089873235	0.00253109671361598	congruent	KrasG12V	yes	gain
RAF1	2.51446529342674	1.37839996069604e-09	1.74115938157852	9.47248835270703e-05	congruent	KrasG12V	yes	gain
RALGDS	0.665225278427135	9.22176061325238e-06	1.91262837567215	0.00238627999872956	congruent	KrasG12V	yes	gain
RAP1B	0.109610923389967	0.40007029750486	0.0756426659293528	0.60598843671972	nsig	KrasG12V	no	-
RAP1GDS1	0.54142357130733	0.00082000788534824	-0.0158287511137427	0.859268094008003	AP-MS	KrasG12V	no	-
RASSF5	2.13213348227794	1.40050218029908e-07	1.49595864789977	0.000197885780912446	congruent	KrasG12V	yes	gain
RBM15B	0.0428436225255631	0.64108514830479	-0.169987953409334	0.0159587125637357	TbID	KrasG12V	no	-
RBM4	-0.104396904477305	0.0885832700921542	-0.159870550178065	0.202079508448677	nsig	KrasG12V	no	-
RBM4B	NA	NA	-0.238651368470222	0.0431373614836036	TbID	KrasG12V	no	-
RDH11	-0.161139190733394	0.0600398315945066	-0.430767807632135	0.0349679451146142	TbID	KrasG12V	no	-
REEP4	-0.286992422235445	0.0713409273848945	-0.219180925531486	0.0351271058374105	TbID	KrasG12V	no	-
RFT1	-0.0748846719125851	0.585265082148883	-0.177357917496527	0.0463827425006918	TbID	KrasG12V	no	-
RGL1	2.7487958037787	2.88115707008183e-06	1.85034598958721	0.000247052588237765	congruent	KrasG12V	yes	gain
RGL2	2.31281274097735	8.11577562066245e-08	1.12365837084078	0.000890404532457402	congruent	KrasG12V	yes	gain
RGS16	0.209294882741439	0.232230997011805	NA	NA	AP-MS	KrasG12V	no	-
RIOK1	-0.433268642936278	0.0553505433766697	-0.105827956408222	0.21826765221739	nsig	KrasG12V	no	-
RNF11	0.0276948856681196	0.855405800005663	-0.159179763642421	0.635329119938916	nsig	KrasG12V	no	-
RNH1	0.157680165489131	0.0301913238672231	0.162991235947667	0.0681168213202678	AP-MS	KrasG12V	no	-
RP2	-0.23321767245957	0.0538388670633563	-0.0117051506923538	0.881162723554411	nsig	KrasG12V	no	-
RPL39;RPL39P5	NA	NA	-0.121746078395281	0.536227414099449	TbID	KrasG12V	no	-
RPN1	-0.172636812785878	0.0566601325410922	-0.221166004474361	0.22603868258047	nsig	KrasG12V	no	-
RPN2	-0.214906521229581	0.0829318240702341	-0.325898162235124	0.165205939662319	nsig	KrasG12V	no	-
RRAS2	-0.15251462513773	0.0584820290793075	-0.0704301135318293	0.367674955029549	nsig	KrasG12V	no	-
RTN4RL2	NA	NA	0.103992118457684	0.703894929420653	TbID	KrasG12V	no	-
S100A10	0.217305568927447	0.0904544597377591	-0.579175124240214	0.0136276469074	TbID	KrasG12V	no	-
SCD	-0.31568229414288	0.0191237848955986	-0.200193283556464	0.125223862119269	AP-MS	KrasG12V	no	-
SCD5	-0.0977686727892753	0.208072720601431	-0.0718123024502155	0.391248979598765	nsig	KrasG12V	no	-
SDK1	0.188469261366102	0.516039177890954	0.253987843428545	0.077402942485114	nsig	KrasG12V	no	-
SDR39U1	-0.131872961371899	0.227835273425983	-0.177156181524662	0.592303787241668	nsig	KrasG12V	no	-
SERINC3	NA	NA	-0.949678841148369	0.167181484656793	TbID	KrasG12V	no	-
SETD4	0.00939755186019475	0.970075459726369	-0.0507032700248349	0.792591132942472	nsig	KrasG12V	no	-
SETSIP	0.355224178832916	0.180781650617211	NA	NA	AP-MS	KrasG12V	no	-
SHOC2	-0.467487582870209	0.009168500116944	0.0874442794062915	0.264190802119702	AP-MS	KrasG12V	no	-
SIRT1	-0.0533742721142847	0.622954206780001	0.14946706297288	0.0581003080377539	nsig	KrasG12V	no	-
SLC19A2	NA	NA	-0.243269440361233	0.167027565168447	TbID	KrasG12V	no	-
SLC26A2	0.0646787598720246	0.489755138047583	-0.0553391914716013	0.753518758957771	nsig	KrasG12V	no	-
SLC29A2	NA	NA	0.411477926419518	0.0758398251505324	TbID	KrasG12V	no	-
SLC30A7	-0.319971545169052	0.0255848150612876	-0.241236818551965	0.0692627956846274	AP-MS	KrasG12V	no	-
SLC35B2	-0.170918060873349	0.0501734413663565	-0.222280034173828	0.043204580398934	TbID	KrasG12V	no	-
SLC35F1	NA	NA	-0.111118840732159	0.538117356279947	TbID	KrasG12V	no	-
SLC4A4	NA	NA	0.372414449333275	0.198286616886761	TbID	KrasG12V	no	-
SMAP	0.218174872281528	0.0136136325689692	0.0184872750261622	0.888286120735711	AP-MS	KrasG12V	no	-
SMIM26	-0.251392267741062	0.021623978988735	-0.383890616279864	0.0601475190871939	AP-MS	KrasG12V	no	-
SNAP91	0.269703092641974	0.123244675791388	0.123972395001067	0.285703172548293	nsig	KrasG12V	no	-
SOAT1	-0.336360887053447	0.0128228031292291	-0.271062941412451	0.406603243554438	AP-MS	KrasG12V	no	-
SOX18	-0.00269983442078114	0.993140962937759	NA	NA	AP-MS	KrasG12V	no	-
SPRR1B;SPRR1A	0.0859666108905159	0.829127924507414	NA	NA	AP-MS	KrasG12V	no	-
SRI	0.0788265188188362	0.241519090675529	-0.314499002483414	0.0915827333697806	nsig	KrasG12V	no	-
SRPX	-0.054622155372547	0.759525590172883	0.256890319018872	0.0394383280010765	TbID	KrasG12V	no	-
SRRD	NA	NA	-0.297414952057531	0.0470967623994697	TbID	KrasG12V	no	-
SSU72	0.0905786138576605	0.179541588859126	0.0931700811651996	0.298696164553717	nsig	KrasG12V	no	-
STT3A	-0.414038205024831	0.00132494848424415	-0.232882914626986	0.0716927461474604	AP-MS	KrasG12V	no	-
STT3B	-0.0510701848445851	0.433344228052694	-0.306191306967131	0.0566865562665042	nsig	KrasG12V	no	-
SULF1	NA	NA	0.297116915616694	0.0393418895060917	TbID	KrasG12V	no	-
SULF2	-0.0444076792831005	0.453018460721781	0.0984752204267565	0.178867715242214	nsig	KrasG12V	no	-
SUN2	-0.0663898380015393	0.392535276327121	-0.0792061757042237	0.210067493384796	nsig	KrasG12V	no	-
TAF1A	0.166047747534777	0.114532616761523	-0.161640054351057	0.0366713210293359	TbID	KrasG12V	no	-
TCOF1	0.104165845711119	0.256373197407423	0.171801269195253	0.0489951418436268	TbID	KrasG12V	no	-
THAP1	-0.199779202967735	0.520570118433971	NA	NA	AP-MS	KrasG12V	no	-
THRA	-0.628683419364569	0.0301789154222586	NA	NA	AP-MS	KrasG12V	no	-
TIMP3	0.174741683029096	0.0851896653169787	0.177315803856244	0.0357711293980511	TbID	KrasG12V	no	-
TLCD2	NA	NA	-0.170772026000225	0.413003229221634	TbID	KrasG12V	no	-
TLCD4	NA	NA	-0.192115546859389	0.524634252726763	TbID	KrasG12V	no	-
TLX1	0.404342780552136	0.00371556819843392	0.0205219342306684	0.950293779480455	AP-MS	KrasG12V	no	-
TMBIM6	NA	NA	0.280637106188601	0.416286754673852	TbID	KrasG12V	no	-
TMEM128	NA	NA	-0.282102086178272	0.284608601163021	TbID	KrasG12V	no	-
TMEM161A	-0.18847638218954	0.176051002145713	-0.181946176469873	0.124207641045982	nsig	KrasG12V	no	-
TMEM214	-0.123221880466465	0.213059284457874	-0.272814413501886	0.0146774632160674	TbID	KrasG12V	no	-
TMEM256	NA	NA	-0.608543507770218	0.160973268951713	TbID	KrasG12V	no	-
TMEM38A	NA	NA	-0.433281983009825	0.0351271058374105	TbID	KrasG12V	no	-
TMT1A	0.108297246204752	0.476843840818011	0.0276944395226266	0.883814906797561	nsig	KrasG12V	no	-
TNPO1	-0.0355778716397417	0.586167269407055	-0.106818743369431	0.11060365655846	nsig	KrasG12V	no	-
TP53	0.0646606957635569	0.344624032003637	0.254258180347534	0.0927195965698065	nsig	KrasG12V	no	-
TPM1	0.515981343841748	0.031157216307991	NA	NA	AP-MS	KrasG12V	no	-
TRAF7	-1.93793676329626	1.2166305753857e-07	0.00807557807751103	0.925209364304313	AP-MS	KrasG12V	yes	loss
TTC39B	NA	NA	0.0906277700350619	0.812168220114866	TbID	KrasG12V	no	-
TTL	NA	NA	0.363783578696609	0.600641565040203	TbID	KrasG12V	no	-
TUSC3	NA	NA	-0.265096048172166	0.0768448097968435	TbID	KrasG12V	no	-
TXNL1	0.105903885705155	0.197699413051886	0.0689250323123201	0.471537881004772	nsig	KrasG12V	no	-
UBE2R2	0.196248775818143	0.0648435487302762	NA	NA	AP-MS	KrasG12V	no	-
UBP1	-0.207186383669699	0.282938148347224	-0.0415583758243745	0.753293330088521	nsig	KrasG12V	no	-
UBTD1	-0.139575483642027	0.358939862006091	-0.206896763482533	0.292878315780776	nsig	KrasG12V	no	-
UBXN7	0.0646641543322115	0.434964207998185	-0.0819058757126587	0.266871137824487	nsig	KrasG12V	no	-
UHRF1	-0.0980789336957653	0.0888628553352377	0.0541729139834253	0.519633247178436	nsig	KrasG12V	no	-
UQCRFS1P1	NA	NA	-0.147806219906425	0.108872299661132	TbID	KrasG12V	no	-
USP25	0.351382599140273	0.171914119192056	-0.785590142459214	0.199616835850882	nsig	KrasG12V	no	-
USP47	0.12690371108372	0.100185587758677	0.0903881947978213	0.094620599529199	nsig	KrasG12V	no	-
USP7	-0.086539333864371	0.114804864663925	0.235924988862566	0.00574791994362172	TbID	KrasG12V	no	-
VCAN	-0.06849824137859	0.339419598908783	0.112836980159033	0.0745054496752595	nsig	KrasG12V	no	-
WNT11	NA	NA	0.372964429933567	0.0886191555135701	TbID	KrasG12V	no	-
XXYLT1	-0.0316757266390635	0.622828055794191	-0.156374448890173	0.0657449420507751	nsig	KrasG12V	no	-
YES1	-0.055208710041093	0.459726244077802	-0.104518676440195	0.13315588708134	nsig	KrasG12V	no	-
YWHAB	1.12396654443566	9.07631950440191e-06	0.13454344298624	0.0404410176206321	congruent	KrasG12V	yes	gain
YWHAE	1.16808168719718	5.46087632059358e-07	0.293232206037988	0.00549530987404614	congruent	KrasG12V	yes	gain
YWHAG	1.35621425326531	5.13988606006461e-06	0.329979987766119	0.00516018398425514	congruent	KrasG12V	yes	gain
YWHAH	1.42450194773942	5.46087632059358e-07	0.294340178172698	0.0146439601804754	congruent	KrasG12V	yes	gain
YWHAQ	0.79279299896214	8.33068566541162e-06	-0.0675112007528469	0.405552708074788	AP-MS	KrasG12V	no	-
YWHAZ	0.857466700880162	6.63620700558386e-05	0.0223630773123222	0.807440746009359	AP-MS	KrasG12V	no	-
ZBTB10	-0.0569958424441666	0.387789017094667	-0.00881549858111441	0.894900760816317	nsig	KrasG12V	no	-
ZBTB43	-0.353793932985297	0.102339395458186	-0.0178756374588591	0.882511979484105	nsig	KrasG12V	no	-
ZDHHC6	-0.03711655820997	0.854415159813285	-0.20084418415507	0.0320560140519428	TbID	KrasG12V	no	-
ZFTRAF1	-0.0737931556254052	0.699310306882408	-1.19822581396594	0.424151647562688	nsig	KrasG12V	no	-
ZIC2	-0.0424601856150186	0.692264816557094	-0.283745476444411	0.015409749426392	TbID	KrasG12V	no	-
ZIC5	0.324184470896309	0.235530092649202	NA	NA	AP-MS	KrasG12V	no	-
ZNF117	0.953349270680905	0.0840698112162601	-1.06255430199463	0.119237348769532	nsig	KrasG12V	no	-
ZNF594	NA	NA	-0.193852706372123	0.012893910387476	TbID	KrasG12V	no	-
ZNF596	NA	NA	-0.0725135351827824	0.840808877055882	TbID	KrasG12V	no	-
ZNF630	NA	NA	-0.221863170274695	0.395446554278916	TbID	KrasG12V	no	-
ZNF723	NA	NA	-0.780859123317262	0.0778290111297985	TbID	KrasG12V	no	-
ZNF83	NA	NA	-0.58143242303378	0.0732386064179443	TbID	KrasG12V	no	-
ABCB11	NA	NA	0.594204958725501	0.255874178695722	TbID	ArafS214P	no	-
ABHD17C	-0.518160606692172	0.276126301517733	0.303226614533229	0.110481811573016	nsig	ArafS214P	no	-
ABR	-1.29435059647375	0.00465117376975003	-1.10718423928092	0.000266637307792362	congruent	ArafS214P	yes	loss
ACAP3	-0.818975781766975	0.0428225646734378	-0.707951177850424	0.0733749629365537	AP-MS	ArafS214P	no	-
ACTA1	0.348551941300043	0.105038124856259	0.924759210209963	0.023003751613756	TbID	ArafS214P	no	-
ACTBL2	0.715436922663453	0.0566031756311381	0.840809026893622	0.0219438166559886	TbID	ArafS214P	no	-
ACTN1	0.394020713036044	0.324013439197078	0.985385165654798	0.0187571222872337	TbID	ArafS214P	no	-
ADAMTS19	-1.15370411430782	0.0546661322766578	NA	NA	AP-MS	ArafS214P	no	-
ADPRHL1	0.467097526732302	0.738884956973504	-1.90524006956457	0.000722328326586165	TbID	ArafS214P	yes	loss
AEN	NA	NA	0.815066753669808	0.00361259677289371	TbID	ArafS214P	no	-
AHR	0.483775720869691	0.0450992073634492	0.609195723423207	0.00109816397316992	congruent	ArafS214P	no	-
AHRR	0.570481541744225	0.0934431575433784	NA	NA	AP-MS	ArafS214P	no	-
AIDA	1.08746371765474	0.209411579420677	0.853256510775806	0.0120376337909985	TbID	ArafS214P	no	-
AIP	-0.87981030266572	0.0402233222525794	-0.85670032399532	0.00455116417169261	congruent	ArafS214P	no	-
AKAP11	0.496807837428006	0.104014534021384	0.444227370389509	0.00753540235614193	TbID	ArafS214P	no	-
AKAP8L	-0.194890229708084	0.561248505586125	0.0636612946929734	0.478885615290995	nsig	ArafS214P	no	-
ALG11	-0.0456153207595676	0.844817949253998	-0.323045331155068	0.0219387326851855	TbID	ArafS214P	no	-
ALPP;ALPG	-0.921537629510723	0.252718816621962	NA	NA	AP-MS	ArafS214P	no	-
AMER1	0.375174536536629	0.213567665034686	-0.395013233688099	0.0429907485299045	TbID	ArafS214P	no	-
AMH	-0.48726377626403	0.0794961359535833	-0.396025988360017	0.0571667550028065	nsig	ArafS214P	no	-
ANAPC4	0.394028033798726	0.0851038229834055	-0.0221777889982641	0.842025044158712	nsig	ArafS214P	no	-
ANKH	NA	NA	1.05667442273453	0.000267957910237805	TbID	ArafS214P	yes	gain
ANKMY2	-0.987862547531898	0.0547421740022931	-0.628922271947879	0.011870068909198	TbID	ArafS214P	no	-
ANKRD10	-0.937635153581092	0.0449213248187326	-0.483958874595795	0.158040069892987	AP-MS	ArafS214P	no	-
ANKRD18A	NA	NA	0.763475454499792	0.029618443484416	TbID	ArafS214P	no	-
ANKRD28	-0.0558669932849742	0.840246164238736	0.21380661341925	0.141069641263083	nsig	ArafS214P	no	-
ANKRD40	0.116690634448497	0.751288642963914	0.259125880061712	0.322969220645608	nsig	ArafS214P	no	-
ANKRD49	NA	NA	-0.711441433119717	0.0335719679235722	TbID	ArafS214P	no	-
ANKRD52	0.114689512521684	0.699223943840921	0.192952393215239	0.099174370178469	nsig	ArafS214P	no	-
ANKS3	0.366508050539722	0.451338841480439	0.402106702704891	0.514595022847949	nsig	ArafS214P	no	-
ANXA5	2.10174143002719	0.00684652331349464	0.828975107736876	0.00296964339966626	congruent	ArafS214P	yes	gain
AP3M1	-0.0827281212620591	0.770170622514827	-0.685128134685609	0.00133831783173681	TbID	ArafS214P	no	-
APBA1	-0.316973341157571	0.426902856206338	0.980513562314764	0.0195057874851999	TbID	ArafS214P	no	-
APBA2	-0.397314586315756	0.163136048612472	0.00243495650520558	0.98544522896411	nsig	ArafS214P	no	-
APC	0.165278129641633	0.319346060308316	-0.333537491810419	0.0573613073921505	nsig	ArafS214P	no	-
ARAF	0.189655304218121	0.758180814064279	-0.0757543572405607	0.605247922818233	nsig	ArafS214P	no	-
ARC	1.51716460908071	0.0141239562539235	1.774885935596	0.00307574991360557	congruent	ArafS214P	yes	gain
ARF1	NA	NA	0.372792892712231	0.0556047888788443	TbID	ArafS214P	no	-
ARMCX5	-0.488421617713985	0.0747757028186471	0.207220001739954	0.13016608909506	nsig	ArafS214P	no	-
ARRDC4	1.49737128501116	0.0123901427527111	1.17088269789747	0.211146854857529	AP-MS	ArafS214P	yes	gain
ASB3	0.0536536562667244	0.812991250864677	0.30748453748134	0.0217996499387108	TbID	ArafS214P	no	-
ASB6	-0.575174761605457	0.0369932216026612	-0.248567860597254	0.0247510979784589	congruent	ArafS214P	no	-
ASDURF	-1.91684445965565	0.00465117376975003	-1.17931216519609	0.00111379606380851	congruent	ArafS214P	yes	loss
ASPHD1	0.633630364594667	0.136984889796752	0.712332991239567	0.0804646598735635	nsig	ArafS214P	no	-
ASPM	0.0833359587359391	0.596801554241973	0.755280137152195	0.00201740088703651	TbID	ArafS214P	no	-
ATAT1	-0.883794963112743	0.0105749750578924	-0.794862211740576	0.00209404531569028	congruent	ArafS214P	no	-
B3GALT1	NA	NA	-0.880370359069595	0.0499275038167098	TbID	ArafS214P	no	-
BACH1	0.620186196398524	0.0398079775076991	0.450567966955336	0.00877048644570424	congruent	ArafS214P	no	-
BAG2	-0.345879111748154	0.358213160377644	-0.307723044575313	0.0237180968904835	TbID	ArafS214P	no	-
BAG5	-0.0972324570070081	0.788947231055917	0.148038396154201	0.103300611002413	nsig	ArafS214P	no	-
BCR	-0.108180904441479	0.694269611166253	-0.119117368483631	0.279385988185276	nsig	ArafS214P	no	-
BTBD6	NA	NA	0.299392366494928	0.206373925031597	TbID	ArafS214P	no	-
BTG3	-0.343230366932855	0.193992276642183	-0.464669488662301	0.0413020761534426	TbID	ArafS214P	no	-
C11orf96	1.59030835073528	0.0310917031513388	2.70553760277341	0.000142745814183697	congruent	ArafS214P	yes	gain
C12orf56	NA	NA	-1.04232904904033	0.170587410462031	TbID	ArafS214P	no	-
C17orf75	-0.499887708693814	0.202245553785362	-0.157492057322552	0.0862754215622755	nsig	ArafS214P	no	-
C4A;C4B	NA	NA	0.591984823807574	0.00598167007923695	TbID	ArafS214P	no	-
CA2	NA	NA	0.684858691924707	0.0508818164888456	TbID	ArafS214P	no	-
CACYBP	-1.67353043688848	0.00465117376975003	-1.04823431584569	0.00111180328345698	congruent	ArafS214P	yes	loss
CAMK1	-0.350668008430982	0.387466259402869	0.180592558038128	0.104201711064428	nsig	ArafS214P	no	-
CBARP	0.575482761400718	0.116748042348527	0.901126549909949	0.00492059424253955	TbID	ArafS214P	no	-
CCDC125	0.0331201707839899	0.92359934659629	0.478881102613685	0.0323543826019843	TbID	ArafS214P	no	-
CCDC85B	-0.928466160229587	0.0255411792223728	-0.177904272185941	0.231139721228913	AP-MS	ArafS214P	no	-
CCDC88A	0.618162628449925	0.0386804549330723	0.793668026250617	0.00108370790232705	congruent	ArafS214P	no	-
CCN1	0.665248060752722	0.0890225128673672	0.935242759782009	0.00111379606380851	TbID	ArafS214P	no	-
CCP110	0.645154620951873	0.0268974434881834	0.72922104922852	0.00139215177979575	congruent	ArafS214P	no	-
CCT2	0.974291317478518	0.0690536662693534	-0.298582248238065	0.164916971846118	nsig	ArafS214P	no	-
CCT3	0.854174272660242	0.0891508212716657	-0.323525640667464	0.0388823860766797	TbID	ArafS214P	no	-
CCT4	0.823464701590468	0.0868251453993163	-0.308248087530188	0.0923728976316245	nsig	ArafS214P	no	-
CCT5	0.952074029207731	0.0703906075429315	-0.265978484957573	0.16759206353752	nsig	ArafS214P	no	-
CCT6A	1.07794012556731	0.0834740595954857	-0.375449210168408	0.0566670266543607	nsig	ArafS214P	no	-
CCT6B	1.32318792188413	0.0583193917891289	-0.271779894623402	0.180820692475482	nsig	ArafS214P	no	-
CCT7	1.01196524093992	0.0585985407362335	-0.320901331173262	0.138135198541517	nsig	ArafS214P	no	-
CCT8	0.903358724728853	0.0992388174247394	-0.656446924599878	0.00931001940885223	TbID	ArafS214P	no	-
CDC123	-0.136302700356091	0.790124698759251	-0.363218139566091	0.00918562619288078	TbID	ArafS214P	no	-
CDC16	-0.190499105984399	0.46049592382223	-0.256976157083815	0.0289899121233906	TbID	ArafS214P	no	-
CDC37	-0.243986278120594	0.623642354844351	0.0523570359266504	0.758019501172992	nsig	ArafS214P	no	-
CDC42BPG	-0.742865643218004	0.0435744803223616	-0.0929285077622028	0.611496111866319	AP-MS	ArafS214P	no	-
CDK5RAP2	-0.191693063286814	0.229495738160355	0.214883398136256	0.0870589214757788	nsig	ArafS214P	no	-
CELSR2	-0.585058753077737	0.118423261124489	-0.263839217202094	0.0689540869133759	nsig	ArafS214P	no	-
CEMIP2	0.406640578802219	0.151585677913705	0.947397024439392	0.000432798377900858	TbID	ArafS214P	no	-
CENPB	0.346374372391294	0.250672834674592	0.242886916256677	0.219863895989051	nsig	ArafS214P	no	-
CENPI	0.212090557981773	0.596412111570007	-0.391956295967704	0.0115858273397875	TbID	ArafS214P	no	-
CEP152	0.46982481194037	0.176092387123717	0.585992131513071	0.00516420336267662	TbID	ArafS214P	no	-
CEP170B	0.505255596175822	0.0363916806859139	-0.200572352468415	0.0725876612997517	AP-MS	ArafS214P	no	-
CEP97	1.29814592205613	0.014796936694764	0.896539772628538	0.000322246134323531	congruent	ArafS214P	yes	gain
CHAF1A	0.310407503085259	0.103274993709344	0.496669535881708	0.0591125891027671	nsig	ArafS214P	no	-
CHAF1B	0.047488370425897	0.796940535995399	0.487383375035818	0.0484985157362039	TbID	ArafS214P	no	-
CHORDC1	-0.67779648333696	0.0387339292463737	-0.599781513277186	0.00383071221379122	congruent	ArafS214P	no	-
CHSY3	-0.327794559696141	0.424000941627724	-0.611480180138518	0.00123691513133637	TbID	ArafS214P	no	-
CLSPN	0.903210210126726	0.0209681254403564	0.359298026275117	0.0244751655626262	congruent	ArafS214P	no	-
CNPY2	-0.00818884690456246	0.982032847591377	1.18387557089826	0.00158142562800832	TbID	ArafS214P	yes	gain
CNTN1	0.171016735108205	0.639332145601893	-0.750652963656806	0.0247055167437346	TbID	ArafS214P	no	-
COL11A1	0.260714397903725	0.382576545509543	NA	NA	AP-MS	ArafS214P	no	-
COL5A1	-0.325957880600752	0.310592379787956	-0.959532013653175	0.00564723618470178	TbID	ArafS214P	no	-
COL6A3	0.440195732973556	0.514556421720444	NA	NA	AP-MS	ArafS214P	no	-
COLGALT1	-0.0867242000101432	0.648111904798553	0.810226193406871	0.00316967146393523	TbID	ArafS214P	no	-
COPRS	1.13892002467241	0.0300085128363661	0.77192774361597	0.00340777229030431	congruent	ArafS214P	yes	gain
CORO2A	-2.44736771337599	0.00465117376975003	-0.720680784767896	0.000542197863759554	congruent	ArafS214P	yes	loss
CPNE8	1.41616695263671	0.144557819939374	0.338420556932624	0.00715206815472733	TbID	ArafS214P	no	-
CRACDL	1.50065922111131	0.0341549945144387	NA	NA	AP-MS	ArafS214P	yes	gain
CRTAP	0.325912057527674	0.397759662635613	0.0756510100407577	0.468645525851069	nsig	ArafS214P	no	-
CSNK2B	-0.219002411930407	0.481055442011404	0.286023612825008	0.094898982776356	nsig	ArafS214P	no	-
CSRP1	1.53656469610733	0.0428567932799819	0.551265638781255	0.0202002211692238	congruent	ArafS214P	yes	gain
CTDSP1	0.628479744414091	0.0782151379650002	0.190303586959929	0.42340038903318	nsig	ArafS214P	no	-
CTDSP2	0.440482378162087	0.500773430552059	0.909261427591282	0.00296964339966626	TbID	ArafS214P	no	-
CUL7	0.236370561810092	0.446589533413228	0.103593713317197	0.347414388124974	nsig	ArafS214P	no	-
DACH2	-1.26228393568585	0.0591625356377845	NA	NA	AP-MS	ArafS214P	no	-
DBF4	-1.1263054371699	0.4195385121228	-1.11131469880558	0.0653614815096988	nsig	ArafS214P	no	-
DCAF1	0.723988010356911	0.0254025013787765	0.116897825965534	0.273369147511316	AP-MS	ArafS214P	no	-
DCAF5	0.149991516525823	0.523821081504849	0.11463943579354	0.261303783514916	nsig	ArafS214P	no	-
DCAF8	-0.730224986069356	0.0473190898147298	-0.0982722405713622	0.382466482250798	AP-MS	ArafS214P	no	-
DCAF8L1;DCAF8L2	-0.0553700556734327	0.944510055526063	NA	NA	AP-MS	ArafS214P	no	-
DCBLD2	NA	NA	0.822835171368313	0.0338030487041809	TbID	ArafS214P	no	-
DHFR2	NA	NA	-2.39066802351299	0.000119709802790744	TbID	ArafS214P	yes	loss
DICER1	0.12836776721777	0.684088840536183	0.088610689761078	0.394384016365238	nsig	ArafS214P	no	-
DISP1	0.0570558465435553	0.903809906253424	0.196348690017498	0.271329418177346	nsig	ArafS214P	no	-
DLGAP4	NA	NA	0.67181638542596	0.0212026316701317	TbID	ArafS214P	no	-
DNAAF10	-1.78781236342478	0.00855555402592856	-0.478389100121423	0.00846496802622087	congruent	ArafS214P	yes	loss
DNAJA1	-0.0185730191747428	0.965850433284221	0.146051922532053	0.13016608909506	nsig	ArafS214P	no	-
DNAJC18	0.761954137357515	0.03486594923372	0.583444048598987	0.00778050739798606	congruent	ArafS214P	no	-
DNAJC5	NA	NA	0.81039151319585	0.141992866841034	TbID	ArafS214P	no	-
DNAJC7	-0.844562056265132	0.111385326695795	-0.49327059720377	0.00931045731309191	TbID	ArafS214P	no	-
DNMT3B	-2.06333612790849	0.198129230840693	-1.23937742842286	8.91703345830448e-05	TbID	ArafS214P	yes	loss
DPCD	-1.6230138864064	0.0104713596678347	-0.344066811834009	0.0635747153917556	AP-MS	ArafS214P	yes	loss
DSC3	0.886596234240135	0.0112192800243973	0.627281540415627	0.029039056119995	congruent	ArafS214P	no	-
DTWD2	-0.533461735678431	0.0300085128363661	-0.443965460415971	0.00554351822554099	congruent	ArafS214P	no	-
DUSP9	-2.92294763870312	0.0124826873416787	-0.539101186858869	0.00505571716685127	congruent	ArafS214P	yes	loss
DZIP3	0.273363079797944	0.52558133559389	-0.201365967936508	0.34058896168764	nsig	ArafS214P	no	-
ECHDC1	-0.720774884506783	0.0105749750578924	-1.02115038810469	0.000425600482155545	congruent	ArafS214P	yes	loss
EDIL3	-0.383527796595374	0.506047343084691	0.305972475937929	0.0634230895736489	nsig	ArafS214P	no	-
EEF1B2	0.22792472584525	0.361381083602527	-0.528430666014354	0.0729350268846136	nsig	ArafS214P	no	-
EEF1D	0.148746715176389	0.378899278235878	-0.301141311636532	0.206436996666494	nsig	ArafS214P	no	-
EEF1G	-0.436624252631764	0.0611404277372214	-0.555126955133286	0.0266454295613428	TbID	ArafS214P	no	-
EFNB1	-0.378678333788282	0.158291433410096	0.372220588377315	0.0465626005886311	TbID	ArafS214P	no	-
EFNB2	0.127786096923634	0.57027591360303	1.14567690167806	0.000987159376601825	TbID	ArafS214P	yes	gain
EGFL7	-1.46010933134951	0.00465117376975003	-2.0056063825286	2.46061865737519e-05	congruent	ArafS214P	yes	loss
EGFLAM	-0.0772087261736717	0.708121078560536	-0.347901236170193	0.105231709568007	nsig	ArafS214P	no	-
EGR1	3.66292264611818	0.00256711914128166	2.25305762217402	0.000118352640310624	congruent	ArafS214P	yes	gain
EIF2AK1	-0.308805554809658	0.216836526447477	-0.196622637847309	0.286776611434086	nsig	ArafS214P	no	-
ELOVL2	-1.08287091993327	0.0395242405440378	0.203273984928413	0.215320299903376	AP-MS	ArafS214P	yes	loss
EMILIN2	0.222316831154761	0.527233347504922	-0.620830682655544	0.00311121321576148	TbID	ArafS214P	no	-
EMILIN3	-0.877420373868764	0.0117408559341849	-1.21726114806147	0.00142301261356932	congruent	ArafS214P	yes	loss
ENC1	1.40542723496952	0.00532929550553702	1.07404643471016	0.000322246134323531	congruent	ArafS214P	yes	gain
ENTR1	-0.1024809217582	0.746884555072017	-0.0414532240299352	0.868527814702232	nsig	ArafS214P	no	-
EPHA2	0.761580240717635	0.0132440902556509	1.26651342064728	0.000322246134323531	congruent	ArafS214P	yes	gain
EPHB4	-0.277475651924057	0.362763486715549	0.569342693544588	0.00496716340762722	TbID	ArafS214P	no	-
EPPK1	0.355032530935989	0.0973122329872317	0.615692521283964	0.00928117782434696	TbID	ArafS214P	no	-
ERBIN	0.320831414033736	0.111981866390621	0.760136901797496	0.00226595598768004	TbID	ArafS214P	no	-
ESRRA	0.131134788152962	0.750666743415285	-1.27247791091221	0.0122355005386665	TbID	ArafS214P	yes	loss
ESRRG	NA	NA	-1.23541659777741	0.00468255051885567	TbID	ArafS214P	yes	loss
ETV4	1.95321692221716	0.0111013442131513	NA	NA	AP-MS	ArafS214P	yes	gain
EYA2	0.369455310562944	0.405952708158984	-0.497308979025339	0.01261013613161	TbID	ArafS214P	no	-
F2RL1	0.860818924233908	0.014939273474176	0.675698138020689	0.00200236962560163	congruent	ArafS214P	no	-
FADS2	-0.794930126881301	0.0141663071446393	-0.804645288848098	0.000917690291686792	congruent	ArafS214P	no	-
FAM111B	0.413377508287445	0.12103324676845	0.709779372473983	0.00226595598768004	TbID	ArafS214P	no	-
FAM171A1	-0.270680333957037	0.357320554805664	0.170884153574344	0.091345281145979	nsig	ArafS214P	no	-
FAM171A2	-0.0363108610706884	0.894505292901229	0.593322452871503	0.00172896538226613	TbID	ArafS214P	no	-
FAM89A	-0.637933460386516	0.0342744733789435	-0.314255430142669	0.0357807559405307	congruent	ArafS214P	no	-
FAM91A1	-0.458739470571634	0.188863723601544	0.271093866969397	0.0220686459303502	TbID	ArafS214P	no	-
FAR2	0.469070510009912	0.098541580635625	0.416229370654522	0.00918403069483834	TbID	ArafS214P	no	-
FAT1	0.733222958322682	0.0453253702626818	0.386233810600708	0.055468929836842	AP-MS	ArafS214P	no	-
FBH1	-0.786301395092299	0.0205479818345369	-0.768185803555998	0.00383365762094222	congruent	ArafS214P	no	-
FBN2	-0.804757551673183	0.0145352284651079	-0.660433924789152	0.00113122184535999	congruent	ArafS214P	no	-
FBXL3	-0.3420903594518	0.220169109040625	0.0126910916916723	0.925484037246709	nsig	ArafS214P	no	-
FBXW5	-1.36788228419459	0.0208402895784684	-0.486099943847108	0.260840979239454	AP-MS	ArafS214P	yes	loss
FBXW8	0.34830490620395	0.252786637968462	0.0592515559863186	0.674259482819782	nsig	ArafS214P	no	-
FES	0.272389625179616	0.490822809814272	NA	NA	AP-MS	ArafS214P	no	-
FGF12	NA	NA	-1.78511186681294	0.00491893411939266	TbID	ArafS214P	yes	loss
FGF13	1.15189046049391	0.0358058762653054	-0.717847385665293	0.0291487263435045	opposite	ArafS214P	yes	opposite
FKBP4	-1.18242416673578	0.0152207543360074	-0.729543312925805	0.00123691513133637	congruent	ArafS214P	yes	loss
FKBP5	-0.77733008473876	0.185116080904017	-0.125384612067008	0.182048778602174	nsig	ArafS214P	no	-
FKBP8	-1.35111444103229	0.0138455975243045	-0.0656001261440453	0.544885600474366	AP-MS	ArafS214P	yes	loss
FKBPL	-0.439981048313488	0.126204929204724	-0.437497113207836	0.047317144558176	TbID	ArafS214P	no	-
FLII	-0.107886030528266	0.656014039973544	-0.019510641573792	0.850848649194611	nsig	ArafS214P	no	-
FLT1	NA	NA	0.665687486655753	0.0107350290092029	TbID	ArafS214P	no	-
FOSL1	2.01771019178692	0.0183458626444644	1.51200049201027	0.00637549362731462	congruent	ArafS214P	yes	gain
FOXN3	-2.43843344634233	0.0453573285601632	0.253113022158003	0.115939467335812	AP-MS	ArafS214P	yes	loss
FSCN1	-0.65588518450958	0.0450992073634492	-0.26939447548753	0.035378728047178	congruent	ArafS214P	no	-
FSTL4	-0.892085282022737	0.0234599776483678	NA	NA	AP-MS	ArafS214P	no	-
FTSJ1	0.575287261412957	0.147889340659206	0.287678258545873	0.0205759032682213	TbID	ArafS214P	no	-
GABRB3	0.627829025756559	0.289219903043094	-0.554538210772965	0.0225893437344742	TbID	ArafS214P	no	-
GAPDHS	NA	NA	-0.786986216273003	0.503210494229851	TbID	ArafS214P	no	-
GBE1	0.521735816482527	0.0892481278248516	0.659694367639259	0.00297499499923587	TbID	ArafS214P	no	-
GCFC2	0.476229515446526	0.0617391755223978	-0.0593517348312558	0.617897645425736	nsig	ArafS214P	no	-
GCNT1	-0.843548963271268	0.13405684133429	NA	NA	AP-MS	ArafS214P	no	-
GDAP1L1	0.52219177737278	0.18077892962874	-0.519899759779339	0.0138828506763961	TbID	ArafS214P	no	-
GFUS	NA	NA	0.0758117916924267	0.721900090149038	TbID	ArafS214P	no	-
GJA1	0.490925903792165	0.0293138019958061	0.443044203794348	0.0105727974630669	congruent	ArafS214P	no	-
GLMN	-0.661659453466906	0.0948933885125103	-0.798407451513197	0.00234543592042869	TbID	ArafS214P	no	-
GNS	0.0964898106821331	0.664489546342075	0.537729496806757	0.0156582326604686	TbID	ArafS214P	no	-
GPC1	0.845761722312303	0.0101214006595297	0.446457861438953	0.0250867855221987	congruent	ArafS214P	no	-
GPC6	-0.210550501926051	0.400439619159586	-0.760862465818329	0.00539494680428208	TbID	ArafS214P	no	-
GPN1	-0.428324234193386	0.121668917603771	-0.18868598258896	0.0616644671883958	nsig	ArafS214P	no	-
GPN2	-0.447761757754575	0.181411885893924	-0.155694668889473	0.336822400053627	nsig	ArafS214P	no	-
GPRASP2	0.864862809176343	0.0209823620383841	0.515941057366811	0.01418355141873	congruent	ArafS214P	no	-
GPRC5A	2.49378888493551	0.00532929550553702	1.1302349573264	0.000981116719824193	congruent	ArafS214P	yes	gain
GREB1	-0.78806802374364	0.0910225097874547	NA	NA	AP-MS	ArafS214P	no	-
GUCD1	0.757825448594372	0.0690178110772474	0.526978178361118	0.00199547656700477	TbID	ArafS214P	no	-
HAPLN3	-0.925311408168996	0.0113322131358674	-1.74621770089031	8.91703345830448e-05	congruent	ArafS214P	yes	loss
HDHD3	0.253542320663346	0.610695684720679	NA	NA	AP-MS	ArafS214P	no	-
HECTD1	-0.55400831275883	0.0997072630105561	-0.00193920331607282	0.987260486414288	nsig	ArafS214P	no	-
HECTD2	0.410237667212847	0.169260207302185	0.00506707239585568	0.98544522896411	nsig	ArafS214P	no	-
HERC1	-0.0058087420860584	0.982165982344538	-0.0705818685393847	0.431086759783769	nsig	ArafS214P	no	-
HERC2	0.0509689270291524	0.843888084743962	-0.0183407840865205	0.864484510309128	nsig	ArafS214P	no	-
HGH1	-0.157112398393778	0.628778810335726	0.294863863724536	0.0672421590190204	nsig	ArafS214P	no	-
HIVEP2	0.830066986427103	0.0287843040691985	0.147922786693712	0.267847799564505	AP-MS	ArafS214P	no	-
HMGCS2	1.77166089781176	0.0205628033363194	0.72231166182703	0.00717642847625893	congruent	ArafS214P	yes	gain
HNF4G	NA	NA	-0.463346840219051	0.198527942189083	TbID	ArafS214P	no	-
HRAS	-0.718961988524465	0.0514286124588485	-0.415341251177393	0.0407401318417048	TbID	ArafS214P	no	-
HSP90AA1	-0.337193072943254	0.479481210009684	0.0782616709735454	0.559700192152571	nsig	ArafS214P	no	-
HSP90AA2P	1.15631658390032	0.376035585097143	NA	NA	AP-MS	ArafS214P	no	-
HSP90AA4P	-0.73270680911115	0.411934613229022	0.207140493784452	0.288202975911414	nsig	ArafS214P	no	-
HSP90AA5P	-1.10421270003227	0.0920320896071501	0.227401277438287	0.451917158498849	nsig	ArafS214P	no	-
HSP90AB1	-0.427976885726988	0.40263197504577	0.0576188340361524	0.717611423820572	nsig	ArafS214P	no	-
HSP90AB2P	0.509500774397461	0.580805354643653	NA	NA	AP-MS	ArafS214P	no	-
HSP90AB3P	0.0231065774156637	0.989874508499889	NA	NA	AP-MS	ArafS214P	no	-
HSP90AB4P	-0.320928215872902	0.716410340892014	NA	NA	AP-MS	ArafS214P	no	-
HSPA6	-0.157976400569972	0.725529513748349	-0.0642647420300183	0.715362563097445	nsig	ArafS214P	no	-
HSPA8	-0.150716876885277	0.713785054165433	-0.0552989870773654	0.660002282253268	nsig	ArafS214P	no	-
HSPB8	1.23620477118577	0.0145352284651079	NA	NA	AP-MS	ArafS214P	yes	gain
HSPBP1	-1.11264077200927	0.0307020467111241	-0.0678579066745154	0.43832280271666	AP-MS	ArafS214P	yes	loss
HSPH1	0.545743561685679	0.185699617008435	0.386967595550737	0.0271890069294059	TbID	ArafS214P	no	-
HUWE1	-0.376341326817013	0.18433998786448	0.101197525184195	0.396519396276029	nsig	ArafS214P	no	-
HYI	-0.997947289794273	0.0148891903466506	NA	NA	AP-MS	ArafS214P	no	-
IDI1	-0.288646987367203	0.272730112017286	-0.366440697382091	0.00546448016257808	TbID	ArafS214P	no	-
IER2	0.960850186038882	0.058749617483257	NA	NA	AP-MS	ArafS214P	no	-
IGF2R	-0.345604503788607	0.109667089510449	1.02147574192202	0.00108370790232705	TbID	ArafS214P	yes	gain
IQCB1	0.222664537492959	0.287269432630433	-0.376153548898204	0.0107350290092029	TbID	ArafS214P	no	-
IRS2	-0.760292071005534	0.0126968059560221	-0.452049167627809	0.00841088700348403	congruent	ArafS214P	no	-
IRS4	-1.00253545639764	0.014796936694764	-0.4555590632746	0.0109653983454858	congruent	ArafS214P	yes	loss
ITGA7	0.863612829443565	0.280496522928538	2.07332772730252	0.000149682922248337	TbID	ArafS214P	yes	gain
ITM2C	-0.0197774280699676	0.940414771569522	0.696325737431055	0.00315697000765503	TbID	ArafS214P	no	-
ITPR2	0.551371713994896	0.115561083226999	-0.0197262954751682	0.868134037221361	nsig	ArafS214P	no	-
ITPR3	0.937104467390345	0.0351264666250916	0.241614096476433	0.066433604033945	AP-MS	ArafS214P	no	-
ITPRID2	0.675881749783327	0.0424993866588473	0.820840906060232	0.00181121421005929	congruent	ArafS214P	no	-
JAG2	-1.61795438984521	0.00256711914128166	-0.892576205097061	0.00130860917762302	congruent	ArafS214P	yes	loss
JUNB	2.80945148862674	0.00465117376975003	2.95003631515852	0.000628200379451351	congruent	ArafS214P	yes	gain
KCNQ2	NA	NA	-1.27138802625468	0.0308410886218891	TbID	ArafS214P	yes	loss
KCTD10	0.790944874181822	0.0325594791249253	0.195981926176542	0.50944799796545	AP-MS	ArafS214P	no	-
KCTD12	-0.183922549488289	0.292594104685916	-0.0517726282099481	0.604734763280506	nsig	ArafS214P	no	-
KCTD20	0.222097366567372	0.455203327217377	-0.413763104894663	0.0810054166575954	nsig	ArafS214P	no	-
KEAP1	0.0811538580483133	0.721212077551869	0.0484079590662705	0.802615337607185	nsig	ArafS214P	no	-
KIAA0232	-0.00413159441587583	0.991322914365781	0.187073520574961	0.314159270560905	nsig	ArafS214P	no	-
KIF13A	-0.17539704059209	0.603397488925933	0.0584697730055556	0.545162545704926	nsig	ArafS214P	no	-
KIF7	0.66270525619386	0.0407212071372313	0.37820384133822	0.0113403300056377	congruent	ArafS214P	no	-
KIFBP	-1.58350629006707	0.02090066791986	-0.464043240690841	0.00312093721027082	congruent	ArafS214P	yes	loss
KIRREL1	-0.844278436428474	0.0101762326051092	0.450769801149878	0.0184604173360792	opposite	ArafS214P	no	-
KITLG	NA	NA	0.634219688649035	0.157561017687008	TbID	ArafS214P	no	-
KLHL12	-0.0848235150302505	0.655136502544077	-0.960468167513874	0.0255219007541932	TbID	ArafS214P	no	-
KLHL18	-0.247589005254379	0.431105453755227	NA	NA	AP-MS	ArafS214P	no	-
KLHL21	1.04607441448733	0.0121855284593658	0.66183766899743	0.0137880619526764	congruent	ArafS214P	yes	gain
KLHL28	0.543707378974954	0.105222910083027	NA	NA	AP-MS	ArafS214P	no	-
KLHL4	0.960073170065167	0.443133434222988	-0.101352317828418	0.692589011463121	nsig	ArafS214P	no	-
KMT5A	0.447823361891373	0.323660795325098	0.361625959641263	0.157751491238073	nsig	ArafS214P	no	-
KRAS	-1.60034296387934	0.123214008614079	-0.766854426275191	0.0170229632858795	TbID	ArafS214P	no	-
KRT18	0.667475003034307	0.0407467522831506	0.745640984876533	0.0178575386241865	congruent	ArafS214P	no	-
LACTB	-0.912038902250239	0.0690178110772474	-1.20603582772338	0.0182297084476953	TbID	ArafS214P	yes	loss
LAMB3	1.69758933683375	0.00364556770311223	0.572512818932281	0.125568748692919	AP-MS	ArafS214P	yes	gain
LARGE2	-1.21069617641681	0.10081097192774	NA	NA	AP-MS	ArafS214P	no	-
LDLRAD3	NA	NA	-1.49358836000102	0.00133831783173681	TbID	ArafS214P	yes	loss
LGALS8	0.522316908869082	0.114013730154528	0.292894509815884	0.356737500407072	nsig	ArafS214P	no	-
LONP1	0.647954942551435	0.0357054283431904	-0.215655939007562	0.192732562048146	AP-MS	ArafS214P	no	-
LRP10	0.790869233116109	0.0450992073634492	1.01412053397991	0.00262458133093378	congruent	ArafS214P	yes	gain
LRP2	-0.869585107103774	0.0271469663424194	-0.913365628290994	0.00132910288572047	congruent	ArafS214P	no	-
LRRC1	-0.341545548565978	0.181390319416812	0.154510586317365	0.132825514144415	nsig	ArafS214P	no	-
LSAMP	NA	NA	0.877162059835626	0.108102160567446	TbID	ArafS214P	no	-
LSR	0.800528625248295	0.151585677913705	0.550155317171453	0.0213186234384886	TbID	ArafS214P	no	-
LSS	-1.05883386165449	0.00912621258854004	-0.768205103151062	0.000408748902545122	congruent	ArafS214P	yes	loss
LYST	0.524271695996725	0.109286003737071	0.268302721986798	0.0794798058511076	nsig	ArafS214P	no	-
LZTS1	-0.602823764385574	0.107961033582724	1.28129719472431	0.0275677264427381	TbID	ArafS214P	yes	gain
MAGED4	0.0654725511682402	0.791272320761932	0.0500762427123434	0.841605181498606	nsig	ArafS214P	no	-
MAN2C1	0.34060962060414	0.312753345711949	0.437253647598171	0.0255116059533322	TbID	ArafS214P	no	-
MAP1B	0.163182874132944	0.308847460153104	-0.164785287994537	0.395706269546092	nsig	ArafS214P	no	-
MAP2K1	0.362157192959145	0.426841108789525	0.29984067037582	0.0532528999741459	nsig	ArafS214P	no	-
MAP2K2	0.202140742079028	0.32653547957695	0.403659900912453	0.0196901800790506	TbID	ArafS214P	no	-
MAPK4	-1.36354808841929	0.0287843040691985	0.242941994152901	0.427531532464718	AP-MS	ArafS214P	yes	loss
MAPK6	-1.01537500307831	0.0262242489149976	-0.248400047922963	0.0417279546991766	congruent	ArafS214P	yes	loss
MAPK8IP2	-0.517366489347919	0.183342161986061	NA	NA	AP-MS	ArafS214P	no	-
MAPK8IP3	0.588451286351578	0.169194238022673	NA	NA	AP-MS	ArafS214P	no	-
MARCHF7	-0.246792300536868	0.211821391228554	0.0414692872958687	0.735447613462293	nsig	ArafS214P	no	-
MARK3	-0.708569521437198	0.0117408559341849	-0.14770720011516	0.385207947223581	AP-MS	ArafS214P	no	-
MARVELD2	0.0600787871253033	0.912567779121744	1.26390377325096	0.000425600482155545	TbID	ArafS214P	yes	gain
MAT2A	0.0742294930741259	0.678430566396771	0.128557175564649	0.296277221181996	nsig	ArafS214P	no	-
MB21D2	0.141862356649916	0.741928594792009	-0.716296949755437	0.00268838971366873	TbID	ArafS214P	no	-
MCMBP	-0.949734887795138	0.0504253762658411	-0.518501581613351	0.00228321731057555	TbID	ArafS214P	no	-
MDFIC	2.14104647968196	0.079893742246413	0.485551915111691	0.00796718768923012	TbID	ArafS214P	no	-
MDM2	0.597434306912281	0.101796163520336	NA	NA	AP-MS	ArafS214P	no	-
MEST	NA	NA	0.924942789375744	0.0110660351366103	TbID	ArafS214P	no	-
METAP2	0.762094015897871	0.268590993817923	0.593610491806464	0.00155562703300247	TbID	ArafS214P	no	-
MIDN	0.397743665747533	0.227958660840177	0.33559802549891	0.175619475673853	nsig	ArafS214P	no	-
MIF	1.12943697488133	0.111385326695795	1.29207387090744	0.00514875356245645	TbID	ArafS214P	yes	gain
MLH3	-0.757211450507398	0.018766867688626	-0.142842217698692	0.132995613941651	AP-MS	ArafS214P	no	-
MSANTD2	0.913934178044847	0.16077355220032	0.592193394606687	0.302070270014545	nsig	ArafS214P	no	-
MTCL1	-0.169283873464951	0.517031756646875	0.041530825669753	0.768405402388765	nsig	ArafS214P	no	-
MTCL2	-0.639466665062674	0.0338673104695847	-0.223575848839286	0.0340086408447043	congruent	ArafS214P	no	-
MTHFD2L	-1.53374965814239	0.0191932974495075	NA	NA	AP-MS	ArafS214P	yes	loss
MTR	-0.226230453539214	0.399830598883802	0.25940418503802	0.0477523076826011	TbID	ArafS214P	no	-
MYO10	0.438722509456596	0.138556795486151	0.214983373893369	0.0771147993027242	nsig	ArafS214P	no	-
MYO1B	0.0923067500200832	0.70097240643301	-1.03791684467663	0.00209189852111938	TbID	ArafS214P	yes	loss
MYO1C	-0.217540779295812	0.355537125147025	-0.821586307389467	0.00582588082429477	TbID	ArafS214P	no	-
MZT1	-0.0461917687132744	0.918496198556628	-0.144857362491058	0.20741752873252	nsig	ArafS214P	no	-
NAA15	-0.262088901903542	0.116182930995897	-0.259586137199938	0.133826126446889	nsig	ArafS214P	no	-
NAA20	-0.0354469297087598	0.915413362834585	-0.0119586451546591	0.937829164313756	nsig	ArafS214P	no	-
NAB1	1.326046924452	0.00532929550553702	1.37017129573212	0.000432798377900858	congruent	ArafS214P	yes	gain
NANS	-0.634454428536118	0.0409235977824726	0.309591459052958	0.0187258348977183	opposite	ArafS214P	no	-
NECTIN2	-0.326037505029017	0.310034454739711	0.655658820666916	0.00913307713574895	TbID	ArafS214P	no	-
NECTIN3	NA	NA	2.00038295701285	0.00592128231302733	TbID	ArafS214P	yes	gain
NEFL	-0.412552890396942	0.091370454164678	0.363786145931009	0.287275923612096	nsig	ArafS214P	no	-
NEK8	0.770026764540557	0.0518376091472265	-0.875314276060658	0.0248202042541806	TbID	ArafS214P	no	-
NELFCD	0.188654902697881	0.279247490741004	0.440410408173757	0.00414793541598527	TbID	ArafS214P	no	-
NEO1	0.776687417685316	0.0145857342116338	0.601196799618102	0.00918605943039327	congruent	ArafS214P	no	-
NF2	0.463454022166505	0.0605755146479534	0.372885032282875	0.0158046725445104	TbID	ArafS214P	no	-
NFE2L1	0.916128137156475	0.0747757028186471	1.4840557486749	0.00514875356245645	TbID	ArafS214P	yes	gain
NISCH	-0.0162068661198103	0.962502382883089	0.393759752910946	0.00641788991000081	TbID	ArafS214P	no	-
NMU	0.421268423980805	0.0679720276758545	-0.563314871688336	0.0321468083740608	TbID	ArafS214P	no	-
NR2F1	-0.621654280882281	0.159942770351276	-0.636914244264924	0.00570532554981548	TbID	ArafS214P	no	-
NRAS	-1.47292019410703	0.00492324281153239	-0.591343789610398	0.00703130426990105	congruent	ArafS214P	yes	loss
NRBP1	-1.12023493849005	0.00652835147083213	-0.097780652322234	0.399688078112084	AP-MS	ArafS214P	yes	loss
NRBP2	-2.05069616557036	0.00465117376975003	-1.40774074715244	0.00333082409225318	congruent	ArafS214P	yes	loss
NT5C	-1.39678728277791	0.0265624458617991	NA	NA	AP-MS	ArafS214P	yes	loss
NTN1	0.361794524237147	0.22032775065729	0.710187046441736	0.00260795684454294	TbID	ArafS214P	no	-
NTS	NA	NA	0.900447885674802	0.00383365762094222	TbID	ArafS214P	no	-
NUDC	-0.137219409006339	0.607563327023417	-1.07679933027324	0.00354654187355236	TbID	ArafS214P	yes	loss
NUDCD2	-0.854885214124795	0.0371522371560966	-1.20553910225168	0.000443769438306914	congruent	ArafS214P	yes	loss
NUDCD3	-0.510444674802249	0.0793228616225538	-0.672630026214818	0.00377564266617535	TbID	ArafS214P	no	-
NUS1	-0.181808992801262	0.353648990690615	-0.44960594801396	0.0196716844706585	TbID	ArafS214P	no	-
OBI1	-0.592876054010784	0.0245854755763814	-0.130648350600695	0.162419991970782	AP-MS	ArafS214P	no	-
OBSL1	0.642164293836984	0.0425113555936101	0.456335213914665	0.00326984619547396	congruent	ArafS214P	no	-
OS9	0.209285729620459	0.394441906299001	-0.399242596638555	0.0683969367394824	nsig	ArafS214P	no	-
P3H1	0.20986296580969	0.507373713569104	0.040289416926065	0.900630728319899	nsig	ArafS214P	no	-
P3H2	0.0533372553491257	0.91252355764127	-0.159926446043217	0.201940869280045	nsig	ArafS214P	no	-
P3H3	-0.498044427353292	0.176525160357623	-0.192663566727777	0.275503875587777	nsig	ArafS214P	no	-
P3H4	-0.352235558335052	0.342095774799103	-0.675140486489154	0.0288467758785993	TbID	ArafS214P	no	-
P4HA1	-0.487905083529279	0.247915420620858	-0.590007353854962	0.00663874970955776	TbID	ArafS214P	no	-
P4HA2	-0.0260687888704244	0.946290433371421	-0.315999566077849	0.0303587952267384	TbID	ArafS214P	no	-
P4HB	-0.222446276192165	0.551375528950127	0.62312176294402	0.0225411157283577	TbID	ArafS214P	no	-
PADI2	-1.36116913163477	0.0446629378823475	NA	NA	AP-MS	ArafS214P	yes	loss
PASK	-0.056731063497869	0.853163263313177	0.218866397111679	0.0413020761534426	TbID	ArafS214P	no	-
PBK	-0.601965519765537	0.155877290511514	0.215006605684549	0.101675998092604	nsig	ArafS214P	no	-
PCDH18	-0.0738269422780034	0.934971276700288	-0.662721607629139	0.0126015431506777	TbID	ArafS214P	no	-
PCDH7	0.209008910521414	0.247862637967781	0.584955201217047	0.0041008896855979	TbID	ArafS214P	no	-
PCLAF	1.8888799989188	0.141524315348674	0.577585539654632	0.00323747032845605	TbID	ArafS214P	no	-
PCM1	0.709312049274493	0.0153745643494486	0.336562550332305	0.0636406653465891	AP-MS	ArafS214P	no	-
PDCD2	-1.19323998259622	0.0193610439437069	-0.32700415280966	0.0327739126252369	congruent	ArafS214P	yes	loss
PDCL	0.568372007230848	0.156641914061525	-0.0492408962869885	0.664068259284442	nsig	ArafS214P	no	-
PDCL3	1.10432208393684	0.0179911289926639	0.210090033192696	0.0602735074279161	AP-MS	ArafS214P	yes	gain
PDRG1	-1.92249378149501	0.00584436914873742	-1.01746839241724	0.00155422073819617	congruent	ArafS214P	yes	loss
PDZRN3	0.485297386633232	0.221506373365562	0.432101530221036	0.0065767053149294	TbID	ArafS214P	no	-
PELI2	0.124389841538555	0.506380442407412	2.33434871246186	0.000250661978409639	TbID	ArafS214P	yes	gain
PER1	0.0379303939922758	0.936522641417723	NA	NA	AP-MS	ArafS214P	no	-
PFDN2	-1.36052425675625	0.018766867688626	-1.00932338650409	0.001929545905503	congruent	ArafS214P	yes	loss
PFDN6	-1.61687658358126	0.00855555402592856	-0.654708451349626	0.00345715245713535	congruent	ArafS214P	yes	loss
PHLDA2	1.49379072846758	0.00465117376975003	1.14214440830595	0.0212656694488862	congruent	ArafS214P	yes	gain
PIK3CA	0.0952741825211191	0.651283361805645	0.361426291479366	0.00516467037977107	TbID	ArafS214P	no	-
PIK3R1	-0.389240693570441	0.0647847654820829	0.169064664314692	0.131803254179771	nsig	ArafS214P	no	-
PIK3R2	-0.805362870462111	0.011175927607403	-0.118485635036862	0.232282858174146	AP-MS	ArafS214P	no	-
PIK3R3	-0.766389431997443	0.0216290767284658	-0.195152809783088	0.0842511084007604	AP-MS	ArafS214P	no	-
PJA1	0.196205538225888	0.376460936591131	0.161405794934352	0.243394061281489	nsig	ArafS214P	no	-
PJA2	0.298475558268053	0.32874008385527	0.397719931988695	0.00789537207362956	TbID	ArafS214P	no	-
PKM	0.636973331580113	0.0793228616225538	0.0676040400988657	0.655751297733394	nsig	ArafS214P	no	-
PLOD3	0.0154119670523793	0.954778786868727	0.929710794559207	0.00155422073819617	TbID	ArafS214P	no	-
PNMA1	0.44315277070797	0.230269495456909	0.773287312856124	0.0229953383926174	TbID	ArafS214P	no	-
PNMA2	-0.253205290849944	0.573764612804538	-0.550179356351194	0.00507675448800035	TbID	ArafS214P	no	-
POLR1D	-0.0825410302965258	0.642761727549388	-0.654140017578476	0.0750590696910855	nsig	ArafS214P	no	-
POLR2L	0.093594572447321	0.744094299114989	-0.0563077019815412	0.876368247436556	nsig	ArafS214P	no	-
POTEE	-0.657256882830094	0.226822783062547	0.738635495293139	0.0504843327999062	nsig	ArafS214P	no	-
PPIAL4E;PPIAL4D;PPIAL4F	NA	NA	1.0010396723992	0.00579410951551397	TbID	ArafS214P	yes	gain
PPID	-0.939379370763042	0.0152207543360074	-0.838126299339036	0.00147328268398079	congruent	ArafS214P	no	-
PPM1G	-0.117161021435042	0.73711288873217	0.207751480989125	0.104421150357809	nsig	ArafS214P	no	-
PPP1R15B	0.233153145316235	0.415881065300994	0.813564017883048	0.0022884576891317	TbID	ArafS214P	no	-
PPP4R2	0.41501871554236	0.0526302320121833	0.462990779791528	0.00312310494705544	TbID	ArafS214P	no	-
PPP4R3B	0.0913566336171605	0.844218604016467	0.0616334761689898	0.699497350194332	nsig	ArafS214P	no	-
PPP4R4	-1.16759379722627	0.0924205460520419	-0.008951794663163	0.940650918275953	nsig	ArafS214P	no	-
PPP5C	-0.999104392856043	0.0357054283431904	-0.462209988035942	0.00851125908577043	congruent	ArafS214P	no	-
PPP6C	-0.0107433200917458	0.982032847591377	0.135564284524406	0.270085970689058	nsig	ArafS214P	no	-
PPP6R1	-0.241260098866556	0.492436341186929	0.172092077830622	0.0857103498393077	nsig	ArafS214P	no	-
PPP6R2	-0.296387471696872	0.241285070035563	-0.0624089538628188	0.549808411930621	nsig	ArafS214P	no	-
PPP6R3	-0.167004411266263	0.640180521159653	0.040605557946776	0.644244605721158	nsig	ArafS214P	no	-
PRDM6	-0.876895699195192	0.0490935171679732	-0.0540820024677336	0.77960529448858	AP-MS	ArafS214P	no	-
PREX2	0.71166276881609	0.308402427699452	-1.6476091919799	0.234781725500909	nsig	ArafS214P	no	-
PRKACA	0.281719179195835	0.318017011802109	0.47560134170781	0.0149183867885439	TbID	ArafS214P	no	-
PRKACB	0.186358546677896	0.610695684720679	-0.0278118541562555	0.782294588987302	nsig	ArafS214P	no	-
PRKAR1A	0.345836539640232	0.16077355220032	0.76120865578017	0.00455980662854063	TbID	ArafS214P	no	-
PRKAR1B	0.436625971006141	0.213665407034917	0.379761089406752	0.0766358008057066	nsig	ArafS214P	no	-
PRKCSH	0.0532241931026696	0.879732418228671	1.08275234437671	0.00795432483976822	TbID	ArafS214P	yes	gain
PRMT2	-1.02256933188631	0.0301617678791582	-0.773826948468699	0.00377153354385502	congruent	ArafS214P	yes	loss
PSMB4	-0.544686368324177	0.035851115409388	-0.516299141419224	0.012746167212672	congruent	ArafS214P	no	-
PSMC5	0.498488274538611	0.0287272815080242	0.672322839767885	0.00172896538226613	congruent	ArafS214P	no	-
PTPRZ1	-1.1062794053689	0.0246028622651322	-1.83998539482019	0.00170473908013597	congruent	ArafS214P	yes	loss
PTRHD1	0.440340878707516	0.404085152947704	0.987088047812214	0.00118087415539812	TbID	ArafS214P	no	-
RAB11FIP3	-0.813527762281185	0.119313717874263	NA	NA	AP-MS	ArafS214P	no	-
RAB32	-0.50286514929105	0.170667668821201	-0.398909671782961	0.0149761261680795	TbID	ArafS214P	no	-
RALB	0.462502051255688	0.50335802973221	0.941186965503802	0.00103913947202726	TbID	ArafS214P	no	-
RANBP9	0.654073934878854	0.0246260517762319	-0.0732833889730129	0.637056937614916	AP-MS	ArafS214P	no	-
RAPGEF6	-0.521700845541329	0.0183299368622397	-0.213147764354615	0.077997449216075	AP-MS	ArafS214P	no	-
RELL1	0.725980278346341	0.340460690572472	1.18990593459438	0.00275960997978949	TbID	ArafS214P	yes	gain
RHBDD1	1.22134473582739	0.0193610439437069	-0.167370582279654	0.220972990656167	AP-MS	ArafS214P	yes	gain
RIPK4	-1.26766695411629	0.00562451331318223	-0.880596401440196	0.00113980988439489	congruent	ArafS214P	yes	loss
RIT1	-1.36153823550446	0.0710833722414322	-1.53124049195404	0.000293454092278146	TbID	ArafS214P	yes	loss
RMND5A	0.611508828647749	0.0205628033363194	-0.013204897819995	0.935310650521525	AP-MS	ArafS214P	no	-
RNF44	1.27607222252535	0.107850666079209	NA	NA	AP-MS	ArafS214P	no	-
ROBO1	0.328580692531528	0.0850915998675782	0.457349145482821	0.0326595068780249	TbID	ArafS214P	no	-
RPA1	-0.0742950448999917	0.711320635761221	-0.434927377548211	0.0129379075978682	TbID	ArafS214P	no	-
RPA2	-0.285381858032623	0.183342161986061	-0.425640564494601	0.0199547445421783	TbID	ArafS214P	no	-
RPA3	-0.168939942298123	0.387466259402869	-0.320140102731428	0.0239027542619288	TbID	ArafS214P	no	-
RPAP1	-0.290859978309801	0.24366606668947	-0.0712724848840455	0.442956643440961	nsig	ArafS214P	no	-
RPAP2	-0.655920690343682	0.0123901427527111	0.0131628533312553	0.894857058780627	AP-MS	ArafS214P	no	-
RPAP3	-1.00964378897297	0.0314287976758102	-0.196307453785297	0.253135411816155	AP-MS	ArafS214P	yes	loss
RPS6KA4	-0.915419034507428	0.0145857342116338	0.0121855566753588	0.917381322220728	AP-MS	ArafS214P	no	-
RUVBL1	-1.14427464701772	0.0410066198634316	0.0305313670661859	0.85453695452935	AP-MS	ArafS214P	yes	loss
RUVBL2	-1.1769068587119	0.0302352338451249	-0.140941851243309	0.44515935287903	AP-MS	ArafS214P	yes	loss
SARAF	0.0637074718872824	0.830607619073769	0.356005236628469	0.0603446919798044	nsig	ArafS214P	no	-
SCD5	-0.726700709275791	0.0184954446485877	-0.776122789655393	0.00245697632250349	congruent	ArafS214P	no	-
SCML1	-0.0836040723998536	0.800084691184151	-0.357256667873336	0.110479442408178	nsig	ArafS214P	no	-
SEC13	-0.424297144115726	0.0964777851285614	0.170007992846577	0.215932335068098	nsig	ArafS214P	no	-
SEC16A	0.0182082905576572	0.952038470708588	0.451744080931827	0.00809510526210206	TbID	ArafS214P	no	-
SEL1L	1.4748082476177e-05	0.999906515257921	-0.154081525120028	0.425176837994308	nsig	ArafS214P	no	-
SELENOK	0.156763167289096	0.5090044417175	0.426528986659915	0.0535994807065885	nsig	ArafS214P	no	-
SELENOS	0.744359535497115	0.0194521928264871	0.415899351707013	0.0826926052969381	AP-MS	ArafS214P	no	-
SERF2	0.674418709746011	0.0860778669665867	0.264205167661019	0.0404414242030814	TbID	ArafS214P	no	-
SGK1	NA	NA	2.24233259045814	0.0116573555100747	TbID	ArafS214P	yes	gain
SGTA	-0.637664965731992	0.0908856215060502	0.0268780737991647	0.871614817835742	nsig	ArafS214P	no	-
SH3BP4	0.23488536353489	0.209741619624245	1.48347444424365	0.000425600482155545	TbID	ArafS214P	yes	gain
SH3GLB2	0.207333768163368	0.492753484297738	-0.00226522029493344	0.989149296696925	nsig	ArafS214P	no	-
SIRT1	0.00836042428519578	0.979584027868254	0.176384372607266	0.175921125578623	nsig	ArafS214P	no	-
SKAP2	0.200001709742998	0.539594409309382	0.588156746777608	0.0199047395127261	TbID	ArafS214P	no	-
SLC16A7	-0.00605398484019458	0.997268917650006	1.12948367727426	0.00437865008124158	TbID	ArafS214P	yes	gain
SLC19A1	0.0420071182899634	0.886579493400836	-0.0840449151386728	0.474381310119432	nsig	ArafS214P	no	-
SLC27A6	-0.853773896849072	0.0100857384048999	-0.715657603392305	0.00113980988439489	congruent	ArafS214P	no	-
SLC30A1	0.971284165374201	0.0357054283431904	0.554013939671897	0.00553950705311478	congruent	ArafS214P	no	-
SLC4A7	0.0172172057147225	0.982032847591377	1.04185419959286	0.000830288233952011	TbID	ArafS214P	yes	gain
SLIT2	-0.112076437244388	0.564923792507093	-0.642399194573412	0.0284050146613628	TbID	ArafS214P	no	-
SMIM26	-0.621919581654935	0.0707457132297186	0.185359170818694	0.215983748456142	nsig	ArafS214P	no	-
SMYD2	-0.866610702140036	0.0562873850351788	0.0176434179121472	0.874360650221727	nsig	ArafS214P	no	-
SMYD3	-0.963073960930276	0.0173479790307659	-0.267519415125296	0.0491432826596645	congruent	ArafS214P	no	-
SMYD4	-0.637930760760834	0.12772806183403	-0.00931635076670762	0.943772057822374	nsig	ArafS214P	no	-
SNX22	-0.397003404415729	0.257089201734775	NA	NA	AP-MS	ArafS214P	no	-
SNX33	-0.725349601939587	0.0370839083330419	-0.467911590948036	0.0150903922162623	congruent	ArafS214P	no	-
SORL1	-0.792848043895711	0.0277797827288205	NA	NA	AP-MS	ArafS214P	no	-
SOWAHD	-0.978722130817436	0.0416865252573361	NA	NA	AP-MS	ArafS214P	no	-
SPAG1	-0.807829402380971	0.0113322131358674	-0.171956105275367	0.259747918214247	AP-MS	ArafS214P	no	-
SPATA18	0.52010970507332	0.235684333179217	0.448359609229491	0.0316848382183388	TbID	ArafS214P	no	-
SPOCK1	0.37465722522337	0.346608961630911	-1.76145323458125	0.00019148448062601	TbID	ArafS214P	yes	loss
SPRED1	1.30785168478853	0.0124886003845052	1.35081970020504	0.00254620641738849	congruent	ArafS214P	yes	gain
SPRED2	1.41680033979622	0.011712489444606	1.42418847313269	9.36284549420863e-05	congruent	ArafS214P	yes	gain
SPRR3	0.659336139622006	0.15574534024939	0.129945612694522	0.823712356855741	nsig	ArafS214P	no	-
SPRY1	NA	NA	1.02810486017107	0.00170137765887206	TbID	ArafS214P	yes	gain
SPRY2	0.421454896704004	0.441802665421532	1.4848803526204	0.000149682922248337	TbID	ArafS214P	yes	gain
SPRY4	0.687124655072771	0.0791476469463051	2.90958392137644	8.91703345830448e-05	TbID	ArafS214P	yes	gain
SPTAN1	0.286326325959699	0.138666059056987	0.847665475116006	0.0439255987077478	TbID	ArafS214P	no	-
SPTBN1	0.314764266135969	0.218522286645475	0.902736581443776	0.0357656521636816	TbID	ArafS214P	no	-
SQSTM1	0.708624089634148	0.0192101916235232	0.13707252385752	0.505356579897353	AP-MS	ArafS214P	no	-
STIP1	-1.27728091333269	0.0180989059519114	-0.618405808703357	0.0135474221599926	congruent	ArafS214P	yes	loss
STOM	-0.143401468477938	0.491534035072205	0.544871794170001	0.0110715373197228	TbID	ArafS214P	no	-
STUB1	-0.930105220085361	0.0906000249727999	-0.655075307182298	0.00186937276046164	TbID	ArafS214P	no	-
SUGT1	-1.84402925345621	0.00912621258854004	-1.10430180230312	0.000425600482155545	congruent	ArafS214P	yes	loss
SYNGR3	-1.46622281322171	0.00755232795145583	-1.21879654490667	0.16759206353752	AP-MS	ArafS214P	yes	loss
SYT3	-0.510970179623685	0.31687190100947	-1.46109196597344	0.00108370790232705	TbID	ArafS214P	yes	loss
TAC1	NA	NA	0.586251488107159	0.0581483502359286	TbID	ArafS214P	no	-
TAGLN	NA	NA	2.14872579324147	0.00307574991360557	TbID	ArafS214P	yes	gain
TANGO6	-0.206265725498643	0.471134343003567	0.37194819435194	0.00596517302377954	TbID	ArafS214P	no	-
TARBP2	0.270707695829628	0.427805084562855	0.128256526249949	0.412206467462325	nsig	ArafS214P	no	-
TBC1D4	-0.407402464756574	0.147947875361315	-0.2112828539265	0.0622967111063823	nsig	ArafS214P	no	-
TCEAL7	-0.606628076811766	0.368603341170497	NA	NA	AP-MS	ArafS214P	no	-
TCP1	0.853694184081753	0.0973122329872317	-0.423481723013992	0.0367497655563203	TbID	ArafS214P	no	-
TECPR1	-0.30077818716223	0.334432941585206	0.123531329995544	0.547320765733041	nsig	ArafS214P	no	-
TEDC1	0.745064839653946	0.0124826873416787	0.359902622246083	0.0198972747527997	congruent	ArafS214P	no	-
TENT2	-1.32074705643686	0.00465117376975003	-1.63565295877742	8.91703345830448e-05	congruent	ArafS214P	yes	loss
TFPI2	1.40728909271756	0.0123901427527111	2.95409141616896	7.18222741338376e-05	congruent	ArafS214P	yes	gain
TGFB1	1.84128796556182	0.00364556770311223	1.21440662005676	0.000228898890472886	congruent	ArafS214P	yes	gain
THBS1	NA	NA	0.584775928936111	0.0214738915158875	TbID	ArafS214P	no	-
THSD1	-0.403743399288705	0.293955143168857	0.465662935930926	0.22775960895421	nsig	ArafS214P	no	-
TINF2	1.8999320948107	0.0460645132887492	NA	NA	AP-MS	ArafS214P	yes	gain
TMEFF2	NA	NA	0.62078693940581	0.037267431134156	TbID	ArafS214P	no	-
TMEM200A	NA	NA	0.782804355112249	0.02709889411731	TbID	ArafS214P	no	-
TNFAIP1	-0.0790825532824774	0.721647569894774	0.125105585208424	0.644300608060087	nsig	ArafS214P	no	-
TNFRSF10D	0.262877003594288	0.324012634205419	0.155320907952129	0.54437348153195	nsig	ArafS214P	no	-
TOMM34	0.0499960494802558	0.940854590660573	0.0171794531972033	0.921780711744847	nsig	ArafS214P	no	-
TOMM70	-1.13477025747436	0.0105749750578924	-0.497543197053568	0.00365996463156366	congruent	ArafS214P	yes	loss
TP53	0.103891566126822	0.566534915531187	-0.703660314210783	0.0692702157508909	nsig	ArafS214P	no	-
TPM4	0.0274102873008807	0.910199785051205	0.95249089082474	0.00913307713574895	TbID	ArafS214P	no	-
TRAK2	0.294338419461603	0.376660477183276	-0.188830688030664	0.299330109190583	nsig	ArafS214P	no	-
TRAPPC11	0.385357665802886	0.181390319416812	0.773766154919197	0.000894551763195521	TbID	ArafS214P	no	-
TRAPPC6B	-0.221505956224407	0.514556421720444	0.29683473498405	0.0942815228498594	nsig	ArafS214P	no	-
TRIB1	1.16865967918064	0.0592163794193274	1.98687230533788	0.000784373012465689	TbID	ArafS214P	yes	gain
TRIM27	0.462803711077136	0.0385591326302457	-0.561059643807477	0.0667821701729394	AP-MS	ArafS214P	no	-
TRIM37	0.12553482817808	0.669687848321477	0.312527135559517	0.106636140662378	nsig	ArafS214P	no	-
TSC22D3	-1.51363739868665	0.0475128118588441	-0.128324611077514	0.671131287982805	AP-MS	ArafS214P	yes	loss
TSPYL2	0.244561674726937	0.287738907872339	0.194606400193211	0.388475168130358	nsig	ArafS214P	no	-
TTC1	-0.805481449981493	0.0257662144817985	-0.471934897506142	0.0165718293340748	congruent	ArafS214P	no	-
TTC4	-1.22436376144519	0.0186148608979757	-0.621759473574728	0.00437865008124158	congruent	ArafS214P	yes	loss
TTC9C	-1.43990647215271	0.0132455786540051	-1.04740101418125	0.000447551039992262	congruent	ArafS214P	yes	loss
TUBG1	0.198285676622225	0.485072844187026	-0.105565329801348	0.361639405449019	nsig	ArafS214P	no	-
TUBG2	0.554828007655275	0.128013774890169	-0.242589680142208	0.747386455346027	nsig	ArafS214P	no	-
TUBGCP3	0.0392173112357216	0.902774907897235	-0.258826443327573	0.0615367058453728	nsig	ArafS214P	no	-
TUBGCP6	0.114180416808232	0.669544887629833	-0.058696091773051	0.741802796945856	nsig	ArafS214P	no	-
TUG1	0.0144442133120311	0.965850433284221	0.916580431341217	0.00186297665364033	TbID	ArafS214P	no	-
UBE4A	-0.105429920062641	0.767302327061049	0.417189532308662	0.00554351822554099	TbID	ArafS214P	no	-
UBL5	0.559862493936045	0.257342140163883	0.151893752348271	0.21590741811917	nsig	ArafS214P	no	-
UBR4	0.232394442620941	0.323000576018129	0.0484721752728818	0.65258004581972	nsig	ArafS214P	no	-
UBR5	0.719668297012098	0.0485721186639084	-0.054524207511384	0.626387698440075	AP-MS	ArafS214P	no	-
UBXN4	-0.124444460936055	0.755544538670603	0.156393512046444	0.312113352630571	nsig	ArafS214P	no	-
UBXN8	-0.0216579063908988	0.91378449549428	0.67498782441024	0.00750355864270516	TbID	ArafS214P	no	-
UCK2	-0.322225507806267	0.0780492331075125	-0.618255817681372	0.00622487344704959	TbID	ArafS214P	no	-
UGGT2	0.164422528663865	0.551375528950127	0.0191596320438654	0.846332997461387	nsig	ArafS214P	no	-
UNC45A	-1.07343827206055	0.0129430729654501	-0.252778696909543	0.105373719345047	AP-MS	ArafS214P	yes	loss
URI1	-1.73821881722971	0.0101762326051092	-0.774980817400808	0.00158142562800832	congruent	ArafS214P	yes	loss
USP11	0.803884454532415	0.0528068352815229	0.523029917293215	0.00333082409225318	TbID	ArafS214P	no	-
USP19	-0.959365161504314	0.0219152081566746	-0.170246910522159	0.0829228093512711	AP-MS	ArafS214P	no	-
USP34	0.795983235909594	0.0428567932799819	0.0358655484975074	0.676047600785133	AP-MS	ArafS214P	no	-
USP47	0.320362654699057	0.224924908185699	-0.0329542581010818	0.753835904456508	nsig	ArafS214P	no	-
USP9X	0.672996081345036	0.0992388174247394	0.0789649039734784	0.446870735675174	nsig	ArafS214P	no	-
USP9Y	0.293452861742262	0.527979745667652	0.27644424255819	0.156367243377323	nsig	ArafS214P	no	-
UXT	-2.02378723178285	0.00615785488184901	-0.92459786406864	0.000432798377900858	congruent	ArafS214P	yes	loss
VCAN	-1.17253481418943	0.0112867330613891	-2.7963777789438	8.36003467375582e-05	congruent	ArafS214P	yes	loss
WDR11	-0.681658896272612	0.0638746613467538	0.118882983057522	0.170254159549109	nsig	ArafS214P	no	-
WDR6	0.530859365448176	0.107783139670902	0.28235672276879	0.0199146171672528	TbID	ArafS214P	no	-
WDR87	-2.75563339304915	0.0425049377888481	NA	NA	AP-MS	ArafS214P	yes	loss
WDTC1	-1.00339185604511	0.0183299368622397	-0.300768799185875	0.0275686093557262	congruent	ArafS214P	yes	loss
WNT11	-0.742250594865509	0.0782368768745357	-0.981277203347156	0.00111263207253398	TbID	ArafS214P	no	-
XPNPEP3	-0.137042972601761	0.650957068819874	-0.14983208551611	0.58954429701388	nsig	ArafS214P	no	-
YWHAB	-2.56034548493411	0.011175927607403	-0.122256711534509	0.49602101645554	AP-MS	ArafS214P	yes	loss
YWHAE	-2.49857447566343	0.0123901427527111	-0.235848170046877	0.1998354453659	AP-MS	ArafS214P	yes	loss
YWHAG	-2.61682502232838	0.00855555402592856	-0.0563331371664656	0.774340165288259	AP-MS	ArafS214P	yes	loss
YWHAH	-2.91370593917941	0.00855555402592856	-0.187944465437639	0.2602137649613	AP-MS	ArafS214P	yes	loss
YWHAQ	-2.37403989306883	0.0123901427527111	-0.335421260470061	0.0575494531429618	AP-MS	ArafS214P	yes	loss
YWHAZ	-2.35516304974318	0.0101762326051092	0.423411595320594	0.0179451976325662	opposite	ArafS214P	yes	opposite
ZBTB1	1.18818409804323	0.011175927607403	0.077298402678228	0.794239528207916	AP-MS	ArafS214P	yes	gain
ZCCHC12	0.917361517906547	0.0239529656861878	2.31845949845733	8.36003467375582e-05	congruent	ArafS214P	yes	gain
ZFP36	1.02486609506212	0.00855555402592856	0.765961745069827	0.0102511009221098	congruent	ArafS214P	yes	gain
ZFP36L1	0.409544575366088	0.160629978491613	0.640634547441963	0.00234543592042869	TbID	ArafS214P	no	-
ZNF100	-0.323863749176767	0.320127688772319	-0.0460118247609163	0.717611423820572	nsig	ArafS214P	no	-
ZNF256	NA	NA	0.531640521291532	0.00377153354385502	TbID	ArafS214P	no	-
ZNF395	-1.51464501898339	0.00945504663657534	-0.728917659105807	0.0275927720174547	congruent	ArafS214P	yes	loss
ZNF480	NA	NA	-0.397666688763204	0.0122620459496332	TbID	ArafS214P	no	-
ZNF507	-0.750767224935805	0.011175927607403	-0.207794923344384	0.0695380220099087	AP-MS	ArafS214P	no	-
ZNF567	0.165124137789051	0.577319169182576	-0.627505509757584	0.00254620641738849	TbID	ArafS214P	no	-
ZNF749	0.320368307755809	0.426988691337555	-0.216807753281401	0.0932137966448452	nsig	ArafS214P	no	-
ZNF816	-0.0749172945113296	0.812991250864677	0.0423354108219587	0.897088259288108	nsig	ArafS214P	no	-
ZNF835	-0.705633516603836	0.155929573569347	NA	NA	AP-MS	ArafS214P	no	-
ZNF91	1.85509287783705	0.0105749750578924	-0.177548727726753	0.283259382997398	AP-MS	ArafS214P	yes	gain
ZNHIT2	-0.658904592776558	0.0563932635268729	-0.288641064440813	0.0275686093557262	TbID	ArafS214P	no	-
ZSWIM8	-0.463075618581003	0.115125002378471	-0.231510206864273	0.0677884847431922	nsig	ArafS214P	no	-
ACTA1	0.168671717608197	0.591454077344164	1.64078672438119	0.000159293086105884	TbID	HrasQ61R	yes	gain
ACTBL2	0.36460410637257	0.357224460303818	1.52224226513653	0.00019584111298952	TbID	HrasQ61R	yes	gain
ACTL8	0.218285506966493	0.6672114574609	0.34444873777502	0.0119585591076917	TbID	HrasQ61R	no	-
ACTN1	-0.296636114696855	0.532982009652093	1.06502657806182	0.000497384685999476	TbID	HrasQ61R	yes	gain
AFDN	1.78074013036469	0.0010984828832389	0.933041789015497	0.000200038763243783	congruent	HrasQ61R	yes	gain
ALOXE3	-0.831370140499277	0.267801081517927	-0.692841325333785	0.0221614927563143	TbID	HrasQ61R	no	-
ANXA5	0.439259252484437	0.531449460028908	1.03187184349738	0.000560792850576714	TbID	HrasQ61R	yes	gain
ARAF	2.70679366475666	0.0031688296967682	-0.0342530679679276	0.72438298902099	AP-MS	HrasQ61R	yes	gain
ARHGAP18	NA	NA	0.79553216546756	0.000707635722392088	TbID	HrasQ61R	no	-
ARHGAP28	2.01325810925064	0.0161727021109846	1.126347569182	0.000976344235652023	congruent	HrasQ61R	yes	gain
ARHGEF6	-0.623616221747116	0.10476198299874	-0.327892078719792	0.0060643519405349	TbID	HrasQ61R	no	-
ASPM	-0.0783174684255086	0.921282162561853	0.767748261673506	0.000608162895224171	TbID	HrasQ61R	no	-
ATP10D	NA	NA	2.03675718461665	0.0120340665689587	TbID	HrasQ61R	yes	gain
BCAS2	0.200743259953384	0.548948603700033	0.574011530794792	0.00603360464191724	TbID	HrasQ61R	no	-
BRAF	1.95864151827411	0.0138678814295541	1.53973240463137	0.000308534037312567	congruent	HrasQ61R	yes	gain
C4A;C4B	NA	NA	0.519853649390617	0.00168301113842229	TbID	HrasQ61R	no	-
CA2	NA	NA	-0.32402701234262	0.0403611432877306	TbID	HrasQ61R	no	-
CACNB2	0.696763603166883	0.369463997596709	0.368087703082558	0.158137502929277	nsig	HrasQ61R	no	-
CBARP	3.15924882519912	0.0103239223016474	1.5138985189855	0.000239614358698227	congruent	HrasQ61R	yes	gain
CBLB	-0.118442815299162	0.772879334105297	-0.434195928636655	0.00499085695244268	TbID	HrasQ61R	no	-
CBX3	0.433665277501954	0.307487996837253	1.02662190930375	0.00334862176018613	TbID	HrasQ61R	yes	gain
CCAR1	0.507110333233434	0.153483095139469	0.959002791570714	0.00191164694281757	TbID	HrasQ61R	no	-
CCN1	0.657066056826142	0.15721995460912	0.774004917649527	0.000674683793362806	TbID	HrasQ61R	no	-
CDC123	0.159001639111797	0.77700898913931	0.28362541999179	0.00897637597309606	TbID	HrasQ61R	no	-
CDKN1A	0.646903179790197	0.282535287619429	0.325011798184039	0.0450037171449283	TbID	HrasQ61R	no	-
CENPI	0.694927832543283	0.20167832885604	0.160404361782645	0.116934142032397	nsig	HrasQ61R	no	-
CENPL	NA	NA	0.709410804258436	0.0131366674326345	TbID	HrasQ61R	no	-
CEP104	2.20017990455151	0.00556156960089719	2.54185009490587	4.77173027605339e-06	congruent	HrasQ61R	yes	gain
CHAF1A	0.253953582791532	0.309207731286271	1.10642026249267	0.000607360906401489	TbID	HrasQ61R	yes	gain
CHAF1B	-0.026099276511446	0.931303946492175	1.01644543694516	0.00100992131345746	TbID	HrasQ61R	yes	gain
CIAPIN1	-0.466659298640649	0.119302025113326	-0.590311210156767	0.000672279246647085	TbID	HrasQ61R	no	-
CNPY2	0.134476410679801	0.832500673607329	1.32780034838022	0.000168728227055251	TbID	HrasQ61R	yes	gain
CNTN1	0.124329845423739	0.870724386186879	0.487141779244118	0.037212750167849	TbID	HrasQ61R	no	-
COLGALT1	-0.143036869418825	0.574697565670073	1.39534583110378	0.000188585021516023	TbID	HrasQ61R	yes	gain
CORO1B	-0.213891913782292	0.38036249307016	1.07305573728106	0.000308534037312567	TbID	HrasQ61R	yes	gain
CORO1C	-0.641302291143895	0.119165837231842	0.985568029444865	0.00108219477850043	TbID	HrasQ61R	no	-
CORO2A	-1.11024144143921	0.00878239976181657	0.079806231315193	0.379671870246377	AP-MS	HrasQ61R	yes	loss
CRABP2	0.356592676588161	0.499717739090207	2.14371404228977	0.000188585021516023	TbID	HrasQ61R	yes	gain
CSPG4	-0.669324893715822	0.0602811142809429	-0.671619786669396	0.0616010831384357	nsig	HrasQ61R	no	-
CSRP1	0.564098639059745	0.364787656495198	-0.202849785757741	0.156768356958959	nsig	HrasQ61R	no	-
CTDSP2	-0.245268901933773	0.724532612234949	0.587811894741363	0.00379120909644028	TbID	HrasQ61R	no	-
DHFR2	NA	NA	0.767586902005621	0.00442351527608049	TbID	HrasQ61R	no	-
DLGAP4	NA	NA	0.119092289269966	0.551434747789861	TbID	HrasQ61R	no	-
DSG2	0.357276794879112	0.283942411657785	0.873403614960654	0.00499085695244268	TbID	HrasQ61R	no	-
DSP	-0.204394932957541	0.517528294409004	0.802432863110222	0.00134761905264364	TbID	HrasQ61R	no	-
DZIP3	-0.613810561040836	0.62234606195351	-0.311899887459782	0.0205343444876816	TbID	HrasQ61R	no	-
EDIL3	0.0207016929967847	0.973439375176536	0.983571532186609	0.000712707896518139	TbID	HrasQ61R	no	-
EEF1B2	-0.00503822017539098	0.986338939704752	0.755318843465191	0.00384093740942249	TbID	HrasQ61R	no	-
EEF1D	-0.211218456450927	0.309207731286271	0.823192839149862	0.00676323525352428	TbID	HrasQ61R	no	-
EEF1G	-0.154330572114	0.471855181501019	0.621322845816755	0.00533792842887976	TbID	HrasQ61R	no	-
EGFLAM	0.549456690054651	0.155719777486472	0.633548347693194	0.00351978659965004	TbID	HrasQ61R	no	-
ELP1	-1.29617915133759	0.0232009210005174	-0.0930279274880286	0.346765398084291	AP-MS	HrasQ61R	yes	loss
ELP2	-1.13132692006093	0.0511854068702324	0.106238857269389	0.375505999207137	nsig	HrasQ61R	no	-
ELP3	-1.33268806898204	0.0154409463652484	-0.172560162360378	0.073587565373901	AP-MS	HrasQ61R	yes	loss
ELP4	-1.02494127515462	0.0161727021109846	-0.647966649057305	0.00117364772195821	congruent	HrasQ61R	yes	loss
ELP5	-1.11451939095241	0.015678167487952	-0.634898680668574	0.00147251413977624	congruent	HrasQ61R	yes	loss
ENTR1	0.166748877070813	0.474143950349392	1.21364530479379	0.000564801675402293	TbID	HrasQ61R	yes	gain
EPB41L5	-0.0115308299694415	0.975230490055872	1.05291267871201	0.00134761905264364	TbID	HrasQ61R	yes	gain
FAM111B	-0.0437678157610854	0.892851579262494	0.644278468688389	0.00188238011778098	TbID	HrasQ61R	no	-
FBH1	0.124034269108911	0.705936296603056	0.00382809675967802	0.980206051360341	nsig	HrasQ61R	no	-
FGG	NA	NA	1.13679210171475	0.011981829342503	TbID	HrasQ61R	yes	gain
FN1	0.137972223742367	0.802681145050277	1.28100881353162	0.00134761905264364	TbID	HrasQ61R	yes	gain
FRMD4A	0.182830518490652	0.533196045097786	-0.0635006138487907	0.459997962216708	nsig	HrasQ61R	no	-
FSCN1	0.374317205959334	0.393411547232873	0.767042168003822	0.000560792850576714	TbID	HrasQ61R	no	-
GET3	0.175928755318269	0.561729048358299	0.341656379416464	0.00805133260600501	TbID	HrasQ61R	no	-
GFUS	NA	NA	0.405181880302786	0.0159103555300438	TbID	HrasQ61R	no	-
GNA11	-0.0449362838249541	0.894913505887702	0.86642171446815	0.00217081076500333	TbID	HrasQ61R	no	-
GPRASP1	-0.239180366109305	0.575607638689305	1.28702911992459	0.000887583070008944	TbID	HrasQ61R	yes	gain
HEBP2	NA	NA	1.07525550665873	0.00147251413977624	TbID	HrasQ61R	yes	gain
HMGN3	0.876521103849569	0.499717739090207	2.25175413179693	0.00405686557161929	TbID	HrasQ61R	yes	gain
HOXD13	NA	NA	0.975728260084061	0.00101514580855506	TbID	HrasQ61R	no	-
HRAS	-0.211196381842624	0.735930009840375	0.219933122385679	0.149476712293684	nsig	HrasQ61R	no	-
HSPB8	0.907440982703029	0.0829293742979863	NA	NA	AP-MS	HrasQ61R	no	-
HSPE1	-0.240748607793064	0.520002910427734	-0.99715027992745	0.000529203320458734	TbID	HrasQ61R	no	-
ID3	0.527707342834617	0.263283796775814	0.0733916414021285	0.617343914303675	nsig	HrasQ61R	no	-
KCTD10	-0.0593735208106722	0.854379820562629	-0.280156254589225	0.12838770184167	nsig	HrasQ61R	no	-
KCTD12	0.145600204646855	0.610385205542755	0.574089132814336	0.00374918175987198	TbID	HrasQ61R	no	-
KCTD16	0.103521898774601	0.823054069989951	NA	NA	AP-MS	HrasQ61R	no	-
KIF11	-0.0722812330601603	0.885934080914146	0.0143625686318025	0.906653901680804	nsig	HrasQ61R	no	-
KIF14	0.348865077928964	0.134410652197129	0.999446279069747	0.000564801675402293	TbID	HrasQ61R	no	-
KMT5A	0.706678727616823	0.374368600655584	0.784836487581112	0.010319067297532	TbID	HrasQ61R	no	-
KRAS	-0.675313111304004	0.156034496087948	-0.593808428403032	0.176939960601217	nsig	HrasQ61R	no	-
KRT18	0.398821637093754	0.598548451329159	0.890769781007687	0.000607360906401489	TbID	HrasQ61R	no	-
LAMB3	0.170127206520214	0.554407923135147	-0.148768386883567	0.366802761085901	nsig	HrasQ61R	no	-
LGALS8	0.410376279531885	0.41740421581244	0.908963142754393	0.00514500471375489	TbID	HrasQ61R	no	-
LSAMP	NA	NA	-0.403351596765326	0.0887971395788886	TbID	HrasQ61R	no	-
LUC7L3	0.511957393072205	0.621325340324862	0.773503108654789	0.00669062786899	TbID	HrasQ61R	no	-
LZTR1	-4.96144201699817	1.29221566720484e-05	-1.98289727997594	5.86083734388998e-05	congruent	HrasQ61R	yes	loss
MAP2	0.773616481189236	0.21635160598771	0.210766212472799	0.118866525646227	nsig	HrasQ61R	no	-
MAPK1	0.451253622796345	0.270461621971646	-0.063532788175808	0.408374560521794	nsig	HrasQ61R	no	-
MAT2A	-0.414076709293222	0.117417115255089	-0.322805358211533	0.00394808502054999	TbID	HrasQ61R	no	-
MEST	NA	NA	0.0277872984549632	0.892289787419769	TbID	HrasQ61R	no	-
METAP2	0.391020654431633	0.695236197099149	0.445143293184222	0.00830923985424234	TbID	HrasQ61R	no	-
MPND	-0.0455129498071849	0.956406774877741	0.854212151357104	0.00290233399937273	TbID	HrasQ61R	no	-
MTAP	0.115681640322817	0.61714794150205	-0.327296647567905	0.0340493682374792	TbID	HrasQ61R	no	-
MTF1	0.309471187316422	0.452527682757763	-0.258549563334499	0.161082051862788	nsig	HrasQ61R	no	-
MYH9	-0.121502900935249	0.676004983638276	1.23323697176491	0.000952974185863374	TbID	HrasQ61R	yes	gain
MYL6	0.176576561558056	0.442568439837539	1.12408845056122	0.000607360906401489	TbID	HrasQ61R	yes	gain
MYOM2	-0.0598275039255116	0.956156213610622	-0.166698027040735	0.285983378397013	nsig	HrasQ61R	no	-
NDRG2	NA	NA	-0.304884419817126	0.409841283692709	TbID	HrasQ61R	no	-
NEFL	-0.0642251597780251	0.838065381947149	1.60196663276702	0.000937537808479312	TbID	HrasQ61R	yes	gain
NES	NA	NA	1.09961008043952	0.000750578967760663	TbID	HrasQ61R	yes	gain
NFE2L1	0.117029873968885	0.841207374655678	0.092637277797566	0.594697672741129	nsig	HrasQ61R	no	-
NFU1	-0.359009830904235	0.336797955583072	0.146430811429526	0.531256475295827	nsig	HrasQ61R	no	-
NFYB	NA	NA	1.30410920766641	0.0407507800160834	TbID	HrasQ61R	yes	gain
NOVA2	NA	NA	2.59553542797542	9.66005877033325e-05	TbID	HrasQ61R	yes	gain
NRAS	0.0519664141384053	0.948738476373736	0.93852620738979	0.0655694101334189	nsig	HrasQ61R	no	-
NTS	NA	NA	0.0706653568507107	0.615799158012912	TbID	HrasQ61R	no	-
OARD1	NA	NA	0.827230293299693	0.0894284345484129	TbID	HrasQ61R	no	-
PAICS	-0.162627120839966	0.767747401166233	-0.000879031625232713	0.991640412354423	nsig	HrasQ61R	no	-
PAIP2	-0.142694423871434	0.568480524237537	-0.319656709842559	0.0230565547534431	TbID	HrasQ61R	no	-
PAPSS2	0.260565628307641	0.261024646201165	0.456453953611873	0.0024121496793719	TbID	HrasQ61R	no	-
PCBP4	0.392345962789505	0.258439637446519	NA	NA	AP-MS	HrasQ61R	no	-
PCLAF	0.677599895452709	0.633611967238918	0.117134524173834	0.377706762553029	nsig	HrasQ61R	no	-
PELI2	0.00928232409957847	0.979077510845495	1.33080202904019	0.0738523279451077	nsig	HrasQ61R	no	-
PFN1	-0.271186072199326	0.466053428827461	1.48109401160595	0.000854399588155368	TbID	HrasQ61R	yes	gain
PFN2	-0.152926692316229	0.786706005525591	-0.138222966689524	0.187479007619596	nsig	HrasQ61R	no	-
PIH1D2	NA	NA	-0.467289197684862	0.0342922215756385	TbID	HrasQ61R	no	-
PIK3CA	2.29270055914393	0.0161727021109846	1.41275773176543	9.66005877033325e-05	congruent	HrasQ61R	yes	gain
PIK3CD	1.89767145257918	0.0154409463652484	0.72137055090124	0.00219833155467191	congruent	HrasQ61R	yes	gain
PIK3R1	1.42701901852564	0.0144540116644979	0.802974742432896	0.000796457945044489	congruent	HrasQ61R	yes	gain
PIK3R3	1.00473275220605	0.0407945713177687	0.47981624060181	0.00137474131599801	congruent	HrasQ61R	yes	gain
PKM	-0.464673608508988	0.466324332003328	0.302530238627731	0.00797123413741114	TbID	HrasQ61R	no	-
PLCD1	-0.797208809381276	0.414889622177422	NA	NA	AP-MS	HrasQ61R	no	-
PLCE1	0.777543098457783	0.13748374475678	0.626175216138925	0.00603360464191724	TbID	HrasQ61R	no	-
PLOD3	-0.272971169983786	0.309207731286271	1.33674491102108	0.00016206101790218	TbID	HrasQ61R	yes	gain
PNMA2	-0.103814868897031	0.801706756310925	-0.260872853606887	0.041146607184515	TbID	HrasQ61R	no	-
POLR2F	0.0553880270068867	0.921775242137356	0.940100419493473	0.0212917513182639	TbID	HrasQ61R	no	-
POLR2G	-0.285985144574814	0.571508329423438	0.836235784665386	0.0047405967101598	TbID	HrasQ61R	no	-
POLR2H	-0.0476367696953426	0.91694978108686	0.997607835415291	0.00157103878636263	TbID	HrasQ61R	no	-
POLR2L	-0.123566213123078	0.830036338387867	0.715736590067267	0.0208725295279732	TbID	HrasQ61R	no	-
POTEE	-1.08853964026936	0.402617077899809	1.69751944648527	0.000141064931126523	TbID	HrasQ61R	yes	gain
PPIAL4E;PPIAL4D;PPIAL4F	NA	NA	1.43073326462321	0.00030862443166634	TbID	HrasQ61R	yes	gain
PPP1CA	1.56675725401846	0.0154409463652484	0.280646739529995	0.0276936995277874	congruent	HrasQ61R	yes	gain
PPP1CB	1.43023601890549	0.0154409463652484	0.289412175674778	0.017632760564304	congruent	HrasQ61R	yes	gain
PPP1CC	2.00549834413875	0.0154409463652484	0.415882529899949	0.00247660819428486	congruent	HrasQ61R	yes	gain
PRKCSH	-0.05133436249972	0.912460119850336	1.24123385940081	0.000188585021516023	TbID	HrasQ61R	yes	gain
PROM1	NA	NA	1.76787729533699	0.00148029831622066	TbID	HrasQ61R	yes	gain
PSMC5	-0.00973732939726076	0.97487522045115	-0.183583226769063	0.0414603274032487	TbID	HrasQ61R	no	-
PTPRZ1	0.190656665399571	0.723323553399018	0.509642151305894	0.0311011464265993	TbID	HrasQ61R	no	-
RAB32	-0.0628150320665001	0.901411802490012	0.394297699568825	0.0110657214851571	TbID	HrasQ61R	no	-
RABIF	0.322491257520118	0.620667828455954	0.714585091215571	0.39948584214684	nsig	HrasQ61R	no	-
RADIL	1.45202521762268	0.0602811142809429	0.0729212411277243	0.420080074260465	nsig	HrasQ61R	no	-
RAF1	2.13763332197325	0.00819676617725642	1.63519249520963	7.29942513095803e-05	congruent	HrasQ61R	yes	gain
RALGDS	0.665600934163143	0.167546766073012	1.00099261266065	0.000887583070008944	TbID	HrasQ61R	yes	gain
RAP1B	0.152281552679083	0.855454828949959	-0.53730698672473	0.0442751398409572	TbID	HrasQ61R	no	-
RAP1GDS1	0.00702541374830307	0.989248654327649	0.0990245513508825	0.27543484920647	nsig	HrasQ61R	no	-
RAPGEF2	0.495821550528437	0.123753432096327	0.958511808065861	0.000159293086105884	TbID	HrasQ61R	no	-
RAPGEF6	0.472955502868501	0.0908539335441971	0.621309416660293	0.00284226087068432	TbID	HrasQ61R	no	-
RASA1	0.497441409572451	0.135239753574884	2.6146618145005	4.77173027605339e-06	TbID	HrasQ61R	yes	gain
RASGRF2	-1.02806352190558	0.0602811142809429	0.0753267705414251	0.63277710620787	nsig	HrasQ61R	no	-
RASSF5	1.19711701566397	0.237356570499874	0.921566736437614	0.00132682286888901	TbID	HrasQ61R	no	-
RBBP4	0.088338625645655	0.726609722301882	0.637637559320907	0.00371366673262963	TbID	HrasQ61R	no	-
RGL1	2.7078909624077	0.00556156960089719	0.483805628755948	0.0268395344552017	congruent	HrasQ61R	yes	gain
RGL2	2.99260460348534	0.00878239976181657	1.29610198763021	0.000246533897554954	congruent	HrasQ61R	yes	gain
RP9	0.920016394619175	0.105961423928507	0.935208692724105	0.000727009405211443	TbID	HrasQ61R	no	-
RPA1	0.498160256843382	0.0710801761193181	0.228335218300606	0.0718836235007518	nsig	HrasQ61R	no	-
RPA3	0.289064009401286	0.474961206763716	0.147313290028382	0.203326224182046	nsig	HrasQ61R	no	-
S100A7	0.731167851544007	0.458712611431631	1.11732721628785	0.00797490608794141	TbID	HrasQ61R	yes	gain
SAMD12	NA	NA	0.372556320724563	0.0521146077754517	TbID	HrasQ61R	no	-
SCIN	0.188296013142495	0.696024509770108	0.778077485549446	0.000785235724175425	TbID	HrasQ61R	no	-
SCNM1	0.771839029499239	0.539903366972207	-0.292278085532654	0.0420207485624909	TbID	HrasQ61R	no	-
SCRIB	1.58384885507897	0.052713847535089	1.65868893584169	9.66005877033325e-05	TbID	HrasQ61R	yes	gain
SELENOS	-0.0968071302917929	0.721570227906015	-0.390021587324505	0.0162269627803583	TbID	HrasQ61R	no	-
SESN3	0.437327280958559	0.25178507393973	0.431543633363447	0.00349193136253065	TbID	HrasQ61R	no	-
SHOC2	3.83247885692372	0.000313214064535524	2.39239029512892	8.78143618901951e-06	congruent	HrasQ61R	yes	gain
SIRT2	0.0312386515416895	0.952280371411517	-0.0802809744693077	0.442978913580789	nsig	HrasQ61R	no	-
SLC16A7	-0.678598838117556	0.249759479263371	-0.927011286684868	0.00316396416776448	TbID	HrasQ61R	no	-
SLIT2	0.714273062865173	0.0960665486409107	1.23866030514427	0.00101086852341534	TbID	HrasQ61R	yes	gain
SPTAN1	0.327794510722378	0.226304530920966	1.52835828576215	0.000494886516514147	TbID	HrasQ61R	yes	gain
SPTBN1	0.452748126923442	0.18329449438991	1.56238153203538	0.000406360192615127	TbID	HrasQ61R	yes	gain
SPTBN2	0.235311537106944	0.701643567640904	0.873755681044891	0.00100459845344189	TbID	HrasQ61R	no	-
SSBP2	1.00535181683652	0.0520668093065454	NA	NA	AP-MS	HrasQ61R	no	-
STMN3	-0.119448955654202	0.676004983638276	-0.740134100469955	0.000854399588155368	TbID	HrasQ61R	no	-
TAOK1	0.489899910564425	0.35874508763396	1.32241655533652	0.00134761905264364	TbID	HrasQ61R	yes	gain
TAOK2	0.489050834721472	0.0809286660259246	0.840506002780821	0.000707635722392088	TbID	HrasQ61R	no	-
TCEAL1	-0.52310491767877	0.143404293411722	0.00500910852844915	0.957151239452935	nsig	HrasQ61R	no	-
TFPI2	0.348295645153843	0.413756154712758	-0.13381866873011	0.252598196193009	nsig	HrasQ61R	no	-
THBS1	NA	NA	0.57142519836816	0.00195659918201133	TbID	HrasQ61R	no	-
TMEFF2	NA	NA	0.814956509240996	0.00301318070356066	TbID	HrasQ61R	no	-
TMEM74	NA	NA	-1.47249707573317	0.00738009861298718	TbID	HrasQ61R	yes	loss
TMOD2	NA	NA	0.786069214906895	0.00343760300708028	TbID	HrasQ61R	no	-
TNFRSF10D	0.706296273578665	0.166959254360747	0.803538913914357	0.00297355845217795	TbID	HrasQ61R	no	-
TP53	0.00458718001344954	0.985684761796603	0.663778178974167	0.0236918127346779	TbID	HrasQ61R	no	-
TPI1	-0.118106479083388	0.837414549220798	1.37980239153478	0.000200038763243783	TbID	HrasQ61R	yes	gain
TPM4	-0.11565511468732	0.692385596469985	1.18753989868149	0.000677157002929568	TbID	HrasQ61R	yes	gain
TRAF7	-3.80393933248047	4.01459851166243e-06	0.975960867534576	0.00166395330935366	opposite	HrasQ61R	yes	opposite
UBL5	0.471223860311871	0.34358977661576	0.296541207821402	0.0608285869228656	nsig	HrasQ61R	no	-
UCHL1	0.0132217632748603	0.970108787724844	0.993977060294669	0.000564801675402293	TbID	HrasQ61R	no	-
VCAN	1.16234498747005	0.0528793120136587	-0.0369539634854906	0.70308885316087	nsig	HrasQ61R	no	-
VPS72	0.257293703396519	0.300623646953373	0.684285372284553	0.0074553978784498	TbID	HrasQ61R	no	-
WWTR1	0.251452227669109	0.673185525986134	0.169529630856694	0.279078685798252	nsig	HrasQ61R	no	-
XPNPEP3	-0.476051037785056	0.610093193763044	0.107633133896924	0.390983253299191	nsig	HrasQ61R	no	-
YWHAB	1.24429995669578	0.0528793120136587	0.615861012473225	0.00349193136253065	TbID	HrasQ61R	no	-
YWHAE	1.17021177636084	0.0602811142809429	0.490062659373921	0.00455534781988001	TbID	HrasQ61R	no	-
YWHAG	1.51892558450789	0.0103239223016474	0.80375735991565	0.00132682286888901	congruent	HrasQ61R	yes	gain
YWHAH	1.4350017629405	0.0212675131536893	0.515871845865562	0.00621704049572404	congruent	HrasQ61R	yes	gain
YWHAZ	1.15319475279497	0.0602811142809429	0.835844751424583	0.00126596552628315	TbID	HrasQ61R	no	-
ZCCHC17	0.482154433957724	0.10476198299874	1.20003705145238	0.00100459845344189	TbID	HrasQ61R	yes	gain
ZNF384	NA	NA	0.871050877989386	0.00131357700591858	TbID	HrasQ61R	no	-
ZNF578	NA	NA	1.35044075513871	0.00146503653411621	TbID	HrasQ61R	yes	gain
ZNF776	0.0910287888752532	0.961990407015314	0.483388531039986	0.0338764948767921	TbID	HrasQ61R	no	-
AAK1	1.0324558158789	0.114607220609047	1.21990369408621	1.40363923254835e-05	TbID	MEK2DD	yes	gain
ABCB11	NA	NA	1.35737446676499	0.00403285535869234	TbID	MEK2DD	yes	gain
ABCB6	0.974683055085803	0.000885789078899724	-0.0250293117234881	0.721853677279946	AP-MS	MEK2DD	no	-
ABHD3	1.00336897118848	0.022144061504406	0.122711752428642	0.150613137227115	AP-MS	MEK2DD	yes	gain
ABLIM1	-0.160711509888808	0.28247568708866	0.723312165384936	0.000156200989109058	TbID	MEK2DD	no	-
ACSL4	0.759293593033182	0.000280883878498116	-0.264932871112495	0.0612697157706662	AP-MS	MEK2DD	no	-
ACSS3	0.999041079143318	0.147899253251253	NA	NA	AP-MS	MEK2DD	no	-
ACTBL2	2.48525510361279	0.000232192846620759	-0.119894450288032	0.507714870756545	AP-MS	MEK2DD	yes	gain
ACTR1B	0.569271946280629	0.143981508943823	NA	NA	AP-MS	MEK2DD	no	-
ADAMTS1	1.19547552656446	0.000139911775861481	0.549293983749871	0.0027387606287158	congruent	MEK2DD	yes	gain
ADGRB1	0.827119790980331	0.11498131493418	0.204917820268011	0.763663670574479	nsig	MEK2DD	no	-
ADGRE5	1.20903176499203	0.0135710609432205	0.197428829169071	0.0442856300937561	congruent	MEK2DD	yes	gain
AGPAT2	0.934607822810952	0.000654787328016996	-0.0387413702312795	0.747775181331267	AP-MS	MEK2DD	no	-
AGPAT4	0.656147774041965	0.0318934832756943	-0.336714344899467	0.00690116004113688	opposite	MEK2DD	no	-
AHCYL1	-0.0379057800754065	0.773673356962941	0.777322190383855	0.000367475426667774	TbID	MEK2DD	no	-
AIP	0.496862423991077	0.000868261966407234	0.442042255478784	0.000899703238139836	congruent	MEK2DD	no	-
AKAP13	-0.89751377763698	7.83791521764976e-05	0.112894365205594	0.0767535292550783	AP-MS	MEK2DD	no	-
ALG1	1.14866675717015	0.000178720833810754	-0.13686504547482	0.0456771230318154	opposite	MEK2DD	yes	opposite
ALG10;ALG10B	0.777963315954702	0.0321714131219013	NA	NA	AP-MS	MEK2DD	no	-
ALG11	0.8119342408184	0.00327262864163841	0.00513647310826176	0.941998543517476	AP-MS	MEK2DD	no	-
ALG6	0.623095780302154	0.0465632941060687	-0.264454564162492	0.0552465870270109	AP-MS	MEK2DD	no	-
ALG8	1.12308801836011	0.00206137805148228	-0.199917150101564	0.240331943783475	AP-MS	MEK2DD	yes	gain
ANGPT2	0.922956355594042	0.164634126496097	1.72879865033251	0.000204743670499864	TbID	MEK2DD	yes	gain
ANKRA2	NA	NA	0.849108300301841	0.00119498858912696	TbID	MEK2DD	no	-
ANKRD49	NA	NA	0.998413384743729	0.0785910567517056	TbID	MEK2DD	no	-
ANKRD52	0.101697720408431	0.348013580688282	-0.472747397312355	0.000741022635728061	TbID	MEK2DD	no	-
ANKS1A	-0.0187501839434616	0.871911708701891	0.520049336464864	0.000372348452940386	TbID	MEK2DD	no	-
ANKS1B	1.40653999219708	0.134389924376862	NA	NA	AP-MS	MEK2DD	no	-
ANXA1	0.621189960815782	0.341179992225169	0.520171949735166	0.000576110851734776	TbID	MEK2DD	no	-
ANXA2	-0.12172464802799	0.421268784122669	1.09907858019648	3.34066175488983e-05	TbID	MEK2DD	yes	gain
AP3S2	0.10082994095559	0.60851376753763	0.509632009743568	0.000722269949074682	TbID	MEK2DD	no	-
APBA1	-0.324394554585216	0.753571204047486	0.854795129269153	0.00810984513995307	TbID	MEK2DD	no	-
APMAP	1.14207669642062	0.000522207401520835	-0.0183222315753247	0.889054250441034	AP-MS	MEK2DD	yes	gain
APOBEC3B	NA	NA	1.31557252182908	3.14887636655228e-05	TbID	MEK2DD	yes	gain
ARAF	-0.574222487065465	0.00423391380941601	-1.24568825853543	1.79156406956343e-05	congruent	MEK2DD	yes	loss
ARAP3	0.714294644443333	0.00285470285914217	0.626640851034924	0.000169781556919698	congruent	MEK2DD	no	-
ARC	1.95805231543649	0.00120150728853953	3.44871041934907	1.23968608034676e-05	congruent	MEK2DD	yes	gain
ARCN1	0.235061331777341	0.105748859366752	0.580158813558391	0.000196855097547437	TbID	MEK2DD	no	-
AREG	NA	NA	1.5546182410008	7.45895737997434e-05	TbID	MEK2DD	yes	gain
ARF1	NA	NA	-0.41452028328945	0.010088885135357	TbID	MEK2DD	no	-
ARFGAP1	0.513250437524816	0.00710447180663615	0.748561265772969	0.00020040133001906	congruent	MEK2DD	no	-
ARFIP2	-0.0610278460739698	0.758351626673712	0.34152827372582	0.00602058769656458	TbID	MEK2DD	no	-
ARHGAP29	0.0573107478875264	0.712121615278542	0.414905268068863	0.00062664460864497	TbID	MEK2DD	no	-
ARHGAP31	0.678290798575982	0.0180186066289729	1.28203045238137	1.23968608034676e-05	congruent	MEK2DD	yes	gain
ARHGAP42	0.565020853615052	0.0150522735880145	0.925982163137932	0.000104122072716032	congruent	MEK2DD	no	-
ARHGAP45	-0.285006244542977	0.464743884891385	1.26683310417025	0.000226315397608244	TbID	MEK2DD	yes	gain
ARHGEF16	0.558885170366833	0.264356553044568	0.851831427868894	0.000112105147094462	TbID	MEK2DD	no	-
ARHGEF7	-0.04736806408303	0.8025330716337	0.884685758661602	5.48304528288524e-05	TbID	MEK2DD	no	-
ARPC4	-0.245759720469069	0.133866815563424	0.491731009232681	0.00195410987784828	TbID	MEK2DD	no	-
ASAP1	-0.0589056881903665	0.897613129638308	0.154207280626571	0.0185339351608933	TbID	MEK2DD	no	-
ASPHD1	1.38985549195201	0.0342922870148381	0.774585769889852	0.0267414023662615	congruent	MEK2DD	yes	gain
ASPHD2	0.643816992430717	0.122326330836466	0.193587799621424	0.0676554941794314	nsig	MEK2DD	no	-
ASRGL1	-0.311163366868212	0.120848769443143	0.238138504230152	0.029638177125624	TbID	MEK2DD	no	-
ATG101	0.599972883081387	0.0912894187635712	0.691290543205932	0.000144162038524975	TbID	MEK2DD	no	-
ATG13	0.358920058424387	0.0233002155324162	0.796629953683763	0.000115734968947044	congruent	MEK2DD	no	-
ATG2A	0.757954176073326	0.00025272289925076	0.716676890284296	0.000104337205891702	congruent	MEK2DD	no	-
ATP5ME	1.6242034994651	0.000465023134083553	-0.228674949432844	0.372250422486493	AP-MS	MEK2DD	yes	gain
ATP5MK	1.14352652517164	0.000467895154577334	-0.155952304348462	0.226873339673204	AP-MS	MEK2DD	yes	gain
ATP6AP1	1.46236688096844	0.00234486984535238	0.526080997861291	0.00324711127295649	congruent	MEK2DD	yes	gain
ATP9B	-1.41796439299145	0.123627585436927	-0.229562477409974	0.049879472192281	TbID	MEK2DD	no	-
ATPSCKMT	0.579379650059653	0.160947577378102	NA	NA	AP-MS	MEK2DD	no	-
AZI2	0.0234359715475859	0.907565468750684	0.445395220189356	0.00135004583297289	TbID	MEK2DD	no	-
B4GALNT1	0.731472725120825	0.188547315982567	NA	NA	AP-MS	MEK2DD	no	-
BAG2	0.657311723406511	0.00120198100160199	0.242710710228111	0.00718043385412712	congruent	MEK2DD	no	-
BAG3	0.525167634831516	0.00198384518731342	0.689513818912546	0.000131173529014187	congruent	MEK2DD	no	-
BAG5	0.944659876086552	6.59883367664584e-05	0.189960693802975	0.0249021466734243	congruent	MEK2DD	no	-
BAIAP2	0.267567634890313	0.24011958695101	1.10729770129159	3.7271486402974e-05	TbID	MEK2DD	yes	gain
BCAR1	0.315939871703771	0.0425720193953285	0.424957230568685	0.00159614689205285	congruent	MEK2DD	no	-
BCAR3	-0.122857423846706	0.600571674756233	0.851982723186951	4.06470196716199e-05	TbID	MEK2DD	no	-
BCL10	0.462480964789038	0.34932108184949	0.681339943362138	0.000140225140651311	TbID	MEK2DD	no	-
BRAF	-0.575582513999206	0.00744828617157383	-0.966255457508367	4.11388332346219e-05	congruent	MEK2DD	no	-
BRF2	1.03947386266807	0.0205710553840458	0.0924517545772251	0.471550595094475	AP-MS	MEK2DD	yes	gain
BRI3BP	0.300013693419812	0.463305542340951	0.00395463626459164	0.984242962267692	nsig	MEK2DD	no	-
BSG	1.20784953211184	0.000304673684975776	-0.155672947366824	0.167241189971005	AP-MS	MEK2DD	yes	gain
BTBD1	0.852340080723109	0.115979864787433	0.637541869406138	0.00830431122175044	TbID	MEK2DD	no	-
BTBD6	NA	NA	0.056004452980461	0.748565561936609	TbID	MEK2DD	no	-
BTBD9	0.21822523235046	0.37523824523984	0.362584015849949	0.127523362530834	nsig	MEK2DD	no	-
BUB1	-0.15929219015265	0.0780858994381599	0.266752189407038	0.00613477731319464	TbID	MEK2DD	no	-
BUB1B	0.0143080991431037	0.880097490977385	0.394801997396827	0.00168979670020637	TbID	MEK2DD	no	-
C11orf96	2.54114805156898	0.000912242051914512	3.4010166045541	0.000741036434371238	congruent	MEK2DD	yes	gain
C12orf56	NA	NA	0.448533203442054	0.124985862925158	TbID	MEK2DD	no	-
C12orf57	-1.09578780443306	0.000830026751519285	0.578347196540764	0.000663760316941323	opposite	MEK2DD	yes	opposite
C2CD4C	0.760903836294565	0.00582705012698899	1.4972224725163	1.46808051753099e-05	congruent	MEK2DD	yes	gain
C3orf33	0.749654166886422	0.0286774696476659	-0.0207441736920401	0.829755298290052	AP-MS	MEK2DD	no	-
C4A;C4B	NA	NA	-0.934671873203399	0.00954540662392903	TbID	MEK2DD	no	-
CA2	NA	NA	0.35250986721842	0.058417453222615	TbID	MEK2DD	no	-
CALCOCO1	0.735765339689744	0.00389092325962397	1.04594319616573	0.000139679547622726	congruent	MEK2DD	yes	gain
CAMSAP1	0.18625439809421	0.0960831708409945	0.707643725638746	7.41870567056398e-05	TbID	MEK2DD	no	-
CAMSAP2	-0.167635180321545	0.277035656255527	0.452491964570695	0.00040774611028456	TbID	MEK2DD	no	-
CARD19	1.78399992709465	0.0128978182006045	-0.188501496655332	0.143559356656161	AP-MS	MEK2DD	yes	gain
CARD6	0.898660441589023	0.000291079397001138	0.99843946338498	4.57149313280557e-05	congruent	MEK2DD	no	-
CARMIL2	-0.745157903923273	0.00241236269402826	-0.145247460695008	0.0647399803560297	AP-MS	MEK2DD	no	-
CASP8	0.475010706263878	0.00973827372988602	0.608295600352277	0.000276048994315352	congruent	MEK2DD	no	-
CAVIN1	0.197550444872688	0.349198355888061	1.07598596442539	0.00164457077511954	TbID	MEK2DD	yes	gain
CBL	0.102291375279517	0.511157239547657	1.00147376028919	3.41892241792256e-05	TbID	MEK2DD	yes	gain
CCDC22	-0.289769393303043	0.0199450879401266	-0.0392501405446825	0.556926464747483	AP-MS	MEK2DD	no	-
CCDC50	-0.231682519958216	0.713018956548337	0.877228030634786	5.75225271249358e-05	TbID	MEK2DD	no	-
CCN1	0.738419944985758	0.0689361986923478	1.06997766671668	0.000214650661455366	TbID	MEK2DD	yes	gain
CCNA1	NA	NA	2.00558630293595	0.000128078251542776	TbID	MEK2DD	yes	gain
CCNB1	-0.261537660044824	0.11575920192881	0.635817036643902	0.000272986065668883	TbID	MEK2DD	no	-
CD2AP	-0.517723007171467	0.00474452247371167	0.207725897381262	0.0219419176983796	opposite	MEK2DD	no	-
CD44	2.23894535902646	0.00189828439842178	1.76344385633517	0.000228471113502255	congruent	MEK2DD	yes	gain
CDC123	0.0766097581616971	0.683590604396878	0.248439965742125	0.0180089470682316	TbID	MEK2DD	no	-
CDC25C	0.254520240453061	0.0394028124041061	0.575234134625648	0.000314457834186429	congruent	MEK2DD	no	-
CDC37	0.922476049049864	0.000132405280575596	0.315940861802867	0.00273414318230014	congruent	MEK2DD	no	-
CDC6	0.440508444743523	0.106134376312568	0.193093805748616	0.0893301156605939	nsig	MEK2DD	no	-
CDCA3	1.45582123897085	0.00474654986073252	0.82023164705361	4.93888963955735e-05	congruent	MEK2DD	yes	gain
CDIPT	1.25071487753965	0.000970042661778294	0.188520751803849	0.0295696709193006	congruent	MEK2DD	yes	gain
CDK17	0.415726187189832	0.00851196527428738	0.88858305473904	4.7346389304878e-05	congruent	MEK2DD	no	-
CDKN1A	1.64227807043305	0.030145145372681	1.56870417095265	6.37004060159246e-05	congruent	MEK2DD	yes	gain
CDS2	1.17101286552096	0.000195452258628545	-0.101649466157486	0.422655367751428	AP-MS	MEK2DD	yes	gain
CDV3	-0.253851153621239	0.656778065464028	0.657864619292155	0.000204743670499864	TbID	MEK2DD	no	-
CEMIP	0.283379955803255	0.458226564938467	1.13281544337047	0.00245536761734642	TbID	MEK2DD	yes	gain
CEMIP2	1.10382523341477	0.0107963263054637	0.468019620845304	0.000322412638416806	congruent	MEK2DD	yes	gain
CENPE	-0.134958110169435	0.66032429313277	0.392615860282613	0.00157914532286709	TbID	MEK2DD	no	-
CENPI	-0.569293861126978	0.10391498046229	-0.942331193801189	0.000251307694458797	TbID	MEK2DD	no	-
CEP170	0.140844914768421	0.144790424402288	0.549309349682019	0.000417353500543676	TbID	MEK2DD	no	-
CEP85	-0.149344801837977	0.217560169217861	0.62577287926029	0.000187143937229374	TbID	MEK2DD	no	-
CFAP298	-0.396523531324069	0.189583611095573	0.46771372989266	0.00197200193604956	TbID	MEK2DD	no	-
CHKA	0.0523990981976323	0.835176190578277	0.158816411005604	0.28067382615471	nsig	MEK2DD	no	-
CHMP2B	-0.279859864088658	0.460490058473053	0.580146287717571	0.00264626419594824	TbID	MEK2DD	no	-
CHMP4B	0.704329953586695	0.0125398659926439	0.873292634319454	0.00020040133001906	congruent	MEK2DD	no	-
CHORDC1	-0.140096168864861	0.247137008229282	0.432564563242508	0.000812878206253379	TbID	MEK2DD	no	-
CHST11	1.58196905157333	0.000280883878498116	0.234722618660913	0.173801145415121	AP-MS	MEK2DD	yes	gain
CIP2A	0.272287336294285	0.0194237654953017	0.267636975026232	0.0127047017905881	congruent	MEK2DD	no	-
CKAP2	0.196359708374208	0.300330440419699	1.04808796679624	2.46773103970185e-05	TbID	MEK2DD	yes	gain
CLEC16A	0.433675947641026	0.0197189379021671	0.445080698718103	0.00057768626452153	congruent	MEK2DD	no	-
CLINT1	-0.281765420070545	0.0677213647542015	0.489852558791354	0.00122356445231396	TbID	MEK2DD	no	-
CLPTM1L	0.917571472212666	0.00117810769365937	-0.0351185366209317	0.710138110082937	AP-MS	MEK2DD	no	-
CLUH	0.0181298026288063	0.869586773521425	0.364986141320701	0.00163520900101217	TbID	MEK2DD	no	-
CMTM6	0.459630595148679	0.236506363279924	NA	NA	AP-MS	MEK2DD	no	-
CNOT3	2.96702472526885	2.03288935972103e-06	0.643025840065545	0.00043635478164873	congruent	MEK2DD	yes	gain
COA1	1.16158506055453	0.000304673684975776	-0.0644455611731254	0.688153647350932	AP-MS	MEK2DD	yes	gain
COPRS	0.363575277128106	0.089633283657082	0.520117507233011	0.00421207711579461	TbID	MEK2DD	no	-
COPZ1	0.209980293619228	0.405694909033261	0.50686818560532	0.000695708526474718	TbID	MEK2DD	no	-
CORO1A	0.515771495691486	0.182584984235749	0.834440526350323	0.000622054600474608	TbID	MEK2DD	no	-
CORO1C	0.120126927284944	0.510583252588677	0.410608344003592	0.00596731184210822	TbID	MEK2DD	no	-
CPEB3	-1.24073066727602	0.0980312404459083	0.88757390780334	0.000251307694458797	TbID	MEK2DD	no	-
CPLX1	NA	NA	0.663044180681074	0.00355571712640597	TbID	MEK2DD	no	-
CRIP2	0.404545050634117	0.100305895668936	1.56733492148057	2.14478644151456e-05	TbID	MEK2DD	yes	gain
CRMP1	0.216000197989363	0.23198105103708	1.34823546488479	1.23968608034676e-05	TbID	MEK2DD	yes	gain
CRYZ	-0.852345947651942	0.00150931572194198	0.473390475134158	0.000689205002277605	opposite	MEK2DD	no	-
CSDE1	0.00385045838407579	0.981575033744943	0.392729054811826	0.00165133569315693	TbID	MEK2DD	no	-
CSGALNACT2	1.20239822383462	0.000365986342074609	0.0906913801367751	0.66143070916505	AP-MS	MEK2DD	yes	gain
CSPG4	1.44714398539612	5.03747409848692e-05	1.87027179646709	0.000472445115870972	congruent	MEK2DD	yes	gain
CSRP1	2.26067717165444	0.000296270297373772	2.11587024376585	3.34066175488983e-05	congruent	MEK2DD	yes	gain
CTDSP1	0.333125286466728	0.526577429670441	0.12246154815337	0.535305421002115	nsig	MEK2DD	no	-
CTDSP2	1.69170840941605	0.00127946886398598	0.166760220214152	0.233691385764887	AP-MS	MEK2DD	yes	gain
CTTN	-0.517415027087947	0.0331759162690004	0.736155024299377	0.000165137643159664	opposite	MEK2DD	no	-
CTTNBP2NL	0.179223552221919	0.327046513287878	0.603938464893969	0.000199943623005532	TbID	MEK2DD	no	-
CXCR4	1.65954394022228	0.0001850138791581	0.830317990234255	0.00101678457034034	congruent	MEK2DD	yes	gain
CYB5R3	0.88485323170609	0.0252490814788011	-0.0550911333318029	0.396355740004132	AP-MS	MEK2DD	no	-
CYB5R4	0.20708694893146	0.672455457684055	0.620289656998598	0.000387826788244703	TbID	MEK2DD	no	-
CYTH2	0.774137937434894	0.0414873373330762	0.748705267977145	0.000190630753187686	congruent	MEK2DD	no	-
DAD1	1.07351720730689	0.154388547727571	0.0647482627877203	0.688153647350932	nsig	MEK2DD	no	-
DBNL	-0.170134671744282	0.182013959139991	0.661181765529785	0.000226315397608244	TbID	MEK2DD	no	-
DCAF6	1.00922564421531	0.00287589697876291	-0.30123286949445	0.0408779510267037	opposite	MEK2DD	yes	opposite
DDRGK1	0.064665587176748	0.77610266641574	0.349964531816138	0.00319274435351743	TbID	MEK2DD	no	-
DENND1B	-1.22556331209902	0.00662254059262579	0.811092033105678	0.000110484481875293	opposite	MEK2DD	yes	opposite
DHCR24	1.28821642426356	5.09639316778317e-05	0.187907497529621	0.0741691751843539	AP-MS	MEK2DD	yes	gain
DHCR7	1.0391085540743	0.000429680504751917	-0.22609829920876	0.0889065060945675	AP-MS	MEK2DD	yes	gain
DIAPH3	0.360017850854246	0.0306810514198523	1.01831163147365	5.75225271249358e-05	congruent	MEK2DD	yes	gain
DLGAP4	NA	NA	1.04300103105272	0.000171011540009195	TbID	MEK2DD	yes	gain
DLGAP5	-0.18862723878634	0.0974918985881076	0.479746439424097	0.000449980073003213	TbID	MEK2DD	no	-
DMXL1	-0.62907621841684	8.39121568485862e-05	-0.490091522810991	0.000403175240896136	congruent	MEK2DD	no	-
DNAI3	0.910006802670108	0.0174619823145709	1.11067238481057	2.75338600217865e-05	congruent	MEK2DD	yes	gain
DNAJB12	1.46292103980568	3.05612446735511e-05	0.240728435188961	0.0642379501056295	AP-MS	MEK2DD	yes	gain
DNAJC18	1.15534284365309	2.34504487019983e-05	0.256161881505034	0.0354261406390209	congruent	MEK2DD	yes	gain
DPM3	0.559260788907493	0.0161299189695181	-0.199178350737022	0.12212757130092	AP-MS	MEK2DD	no	-
DPYSL3	-0.382838728073931	0.00815694191376088	0.453977057480095	0.000621240775607734	opposite	MEK2DD	no	-
DPYSL4	-0.200394209656949	0.182857100863893	0.270245433135149	0.00792086920544978	TbID	MEK2DD	no	-
DSP	0.170872624806117	0.101045612760061	0.508223616896342	0.0024780783817558	TbID	MEK2DD	no	-
DUSP1	1.90674733437675	0.000836423467761165	1.98259760990097	0.000386908466393951	congruent	MEK2DD	yes	gain
DYM	0.725040374752912	0.0105457161434349	-0.265782643390374	0.0921146335346765	AP-MS	MEK2DD	no	-
DYNC1LI2	0.203733934982288	0.0737952476058896	0.517501800739103	0.000799744242719832	TbID	MEK2DD	no	-
ECD	0.453232679556694	0.0028294741218488	0.493481277927251	0.000368981792291819	congruent	MEK2DD	no	-
ECE1	0.961650259615576	0.0221878736503958	0.0542130688752752	0.437011458631178	AP-MS	MEK2DD	no	-
EEF1B2	0.376993587187201	0.0132901247573826	-0.495465979404358	0.00955378312926332	opposite	MEK2DD	no	-
EEF1D	-0.2501966613193	0.0532443823185507	-0.777214780331602	0.00166353096308236	TbID	MEK2DD	no	-
EEF1G	0.65396791726873	0.00507602939942101	-0.416888454176522	0.0214789746734708	opposite	MEK2DD	no	-
EFNB2	1.42174569098819	0.000106261640383562	1.23606969519509	2.72112169161838e-05	congruent	MEK2DD	yes	gain
EGR1	3.03514160312354	0.00451766935925447	3.70248408760798	1.23968608034676e-05	congruent	MEK2DD	yes	gain
EID2	0.205180119521399	0.579989384298552	0.0171280881588394	0.919427546874035	nsig	MEK2DD	no	-
EIF2B2	0.182499481156633	0.248945383672125	0.413811787530627	0.00107441891994586	TbID	MEK2DD	no	-
EIF4B	-0.271711417132766	0.292379283340845	0.558860884004995	0.000551309400465126	TbID	MEK2DD	no	-
EIF4G1	-0.345146653403027	0.0122854678865817	0.297074949946052	0.00703612429914017	opposite	MEK2DD	no	-
ELK1	1.43048265116603	0.0560391714888129	0.670956184857786	0.0217353626053076	TbID	MEK2DD	no	-
EMC6	1.12072119447845	0.00907365046278642	0.1514340965189	0.28937364087697	AP-MS	MEK2DD	yes	gain
ENC1	1.47801078526257	0.000183175657308258	1.02700871251675	4.06470196716199e-05	congruent	MEK2DD	yes	gain
ENTPD7	1.29501602800347	0.00697376776713095	NA	NA	AP-MS	MEK2DD	yes	gain
EPCAM	1.19697848173732	0.00104972550187294	0.684020046242488	0.00117581895585256	congruent	MEK2DD	yes	gain
EPHA2	1.90538941104898	6.52941944685867e-05	1.37452456371797	0.000165137643159664	congruent	MEK2DD	yes	gain
EPHX4	1.79514146529287	2.95460682336479e-05	0.554070804166653	0.000551309400465126	congruent	MEK2DD	yes	gain
ERCC6L	0.14940560701942	0.122686049806792	-0.170570012172078	0.0562027513511054	nsig	MEK2DD	no	-
ERLEC1	0.815609559132744	0.000829745624508158	0.962555284392286	0.000270610825081843	congruent	MEK2DD	no	-
ERRFI1	-0.402673593055476	0.302451976765809	1.95457951139772	1.23968608034676e-05	TbID	MEK2DD	yes	gain
ETF1	0.161487125688363	0.2511412177322	0.454862238034088	0.000537816363987965	TbID	MEK2DD	no	-
ETS2	0.683518895271135	0.247539476182787	1.64077689796692	0.000804751198628124	TbID	MEK2DD	yes	gain
ETV4	2.25734837709319	0.000646514007679664	NA	NA	AP-MS	MEK2DD	yes	gain
F2R	1.12656892786431	0.0174687932778565	0.0765608786661181	0.543686118343265	AP-MS	MEK2DD	yes	gain
F2RL1	1.04109402393836	0.00319231879329852	1.18938267143027	0.000137236121038714	congruent	MEK2DD	yes	gain
FADS3	1.0087600647606	0.0342210245187943	1.11400393212623	7.45420947212152e-05	congruent	MEK2DD	yes	gain
FAM107B	0.12706199367055	0.759701475578958	0.235850754378367	0.010949946735366	TbID	MEK2DD	no	-
FAM110A	-0.305176635297481	0.250317932046656	0.507784611094999	0.00835441727310515	TbID	MEK2DD	no	-
FAM210A	1.26292815241845	0.00115125594443682	NA	NA	AP-MS	MEK2DD	yes	gain
FAM210B	0.44464341601751	0.246348231260258	NA	NA	AP-MS	MEK2DD	no	-
FAM43A	1.16589489482555	0.0163453941210751	NA	NA	AP-MS	MEK2DD	yes	gain
FAM83B	-0.459936560107004	0.000931857506403344	0.740498090717132	0.000151029513484662	opposite	MEK2DD	no	-
FAM83G	0.794649761318064	0.00115673391933929	1.82977640457682	2.97902576280471e-06	congruent	MEK2DD	yes	gain
FAM83H	0.161369584773146	0.210664650174321	0.669616198151034	0.000186419684471326	TbID	MEK2DD	no	-
FAS	0.567366857688385	0.0232840713481861	NA	NA	AP-MS	MEK2DD	no	-
FASN	-0.933738630138157	1.29517685328198e-05	-0.371617341047964	0.0141744343554199	congruent	MEK2DD	no	-
FBH1	0.321647271909453	0.0785547822173134	-0.680736798538391	0.000406646389041957	TbID	MEK2DD	no	-
FBLIM1	0.530017592746828	0.0132933838135394	1.14671139439054	5.33696853819425e-05	congruent	MEK2DD	yes	gain
FBXL6	0.481443257181878	0.647966649953917	-0.885761793741692	0.00020792850480004	TbID	MEK2DD	no	-
FHL2	0.535117001811051	0.123413721275941	0.774516314338083	4.40906255816571e-05	TbID	MEK2DD	no	-
FKBP4	0.592260658647092	0.00232915389178522	-0.0749863300515062	0.206986386791001	AP-MS	MEK2DD	no	-
FKBP5	1.98427421189266	0.00014558813997191	0.432367251679739	0.000354185584747202	congruent	MEK2DD	yes	gain
FLNA	0.0872975424484821	0.403999934767594	0.546059267889109	0.0020694848490611	TbID	MEK2DD	no	-
FOS	0.62578359362604	0.0982885666541992	1.76180468287392	4.7346389304878e-05	TbID	MEK2DD	yes	gain
FOSB	0.163256107348796	0.77313447262173	3.1152938977671	1.62803958831554e-05	TbID	MEK2DD	yes	gain
FOSL1	2.30158481002679	0.000219171026435885	3.17574130513716	1.46808051753099e-05	congruent	MEK2DD	yes	gain
FOXC2	0.641865596663831	0.102278594495447	1.1765190722606	0.00177661188154	TbID	MEK2DD	yes	gain
FRMD4A	0.737513264579663	0.000948163607192834	1.17380675422065	3.34066175488983e-05	congruent	MEK2DD	yes	gain
FSCN1	0.854636949546476	0.0218080087392272	0.678488849500974	0.000124947694109828	congruent	MEK2DD	no	-
FTH1	0.951641801280256	0.0348180223312932	0.098273074812998	0.286866307768864	AP-MS	MEK2DD	no	-
FUNDC2	0.840708657032153	0.0856125582652047	0.0202847699000997	0.841414520418589	nsig	MEK2DD	no	-
FURIN	1.18822658276297	0.00718903223927323	0.393735387008395	0.0240224433457267	congruent	MEK2DD	yes	gain
FUT8	1.46965730795403	0.0250965664919326	0.691677110297688	0.0966195163021544	AP-MS	MEK2DD	yes	gain
G3BP1	0.134922397561119	0.400180722650249	0.28252219235017	0.00532310598831624	TbID	MEK2DD	no	-
GADD45A	1.39359412921355	0.0049825713199976	NA	NA	AP-MS	MEK2DD	yes	gain
GADD45B	2.60293474172526	0.000367780893566557	1.36820175092779	0.000140225140651311	congruent	MEK2DD	yes	gain
GALNT1	1.44730536231204	0.000118431445379729	-0.199404595882086	0.0492560015655846	opposite	MEK2DD	yes	opposite
GCH1	0.643609809437387	0.00856008730619562	0.899624558560559	5.64398522450787e-05	congruent	MEK2DD	no	-
GDF15	1.20729592892039	0.0209117804059795	3.00066155766205	1.50036898024512e-05	congruent	MEK2DD	yes	gain
GDI1	0.52572331157263	0.220752940903033	0.337541524858261	0.0413650821674714	TbID	MEK2DD	no	-
GLB1L2	0.691948366056737	0.00384039387421571	-0.299732882414978	0.0169767392711141	opposite	MEK2DD	no	-
GLMP	1.23125769414193	0.0061650383236426	NA	NA	AP-MS	MEK2DD	yes	gain
GOLPH3L	0.409786285877638	0.0313817728221691	0.642651168943099	0.00159330814564842	congruent	MEK2DD	no	-
GOLT1B	1.11457224444026	0.0506125449985931	0.12424203222554	0.313500550690769	nsig	MEK2DD	no	-
GOPC	0.0459274197776776	0.708395146534536	0.454636737740466	0.0019054719685299	TbID	MEK2DD	no	-
GPAT3	1.23632631387269	8.35840158570512e-05	0.259745702522787	0.027090366377271	congruent	MEK2DD	yes	gain
GPC1	1.10433698809133	0.000247197929228664	1.42229275079537	7.41870567056398e-05	congruent	MEK2DD	yes	gain
GPN2	0.65259180674412	0.0123847930321501	0.204326376198655	0.0841806721522785	AP-MS	MEK2DD	no	-
GPR108	1.56421460242577	0.00606649346901835	NA	NA	AP-MS	MEK2DD	yes	gain
GPRASP2	0.536752675239815	0.00503872430068381	0.467784410775584	0.000551309400465126	congruent	MEK2DD	no	-
GPRC5C	1.14757313844327	0.0101346771440304	1.06411283511884	3.0012339973984e-05	congruent	MEK2DD	yes	gain
GPRIN1	0.490384829374569	0.22303371976968	0.625488258428015	0.000164123216910031	TbID	MEK2DD	no	-
GRB7	0.947402370078785	0.204439453334356	0.147861490528735	0.352830498308432	nsig	MEK2DD	no	-
GRK2	0.177362480661282	0.477716827518033	0.48615434597969	0.000890324559054289	TbID	MEK2DD	no	-
GSPT1	-0.173236755464608	0.157346371509116	0.364099041175926	0.0304486716829708	TbID	MEK2DD	no	-
GSPT2	0.221842156107846	0.244028444246407	0.742046686654929	0.000903515353127052	TbID	MEK2DD	no	-
GTSE1	-0.123234326325196	0.266343885728759	0.736780753567865	0.000137554652581947	TbID	MEK2DD	no	-
H1-6	NA	NA	0.710423433014603	0.0619851627179187	TbID	MEK2DD	no	-
HECTD2	1.08847683223802	0.015300627981578	0.818845026646614	0.00182156650247663	congruent	MEK2DD	yes	gain
HERC5	0.176093348891473	0.668536559984743	-0.408478980159635	0.000563815296189354	TbID	MEK2DD	no	-
HES7	1.73986286717453	0.00593038524344953	NA	NA	AP-MS	MEK2DD	yes	gain
HGS	0.0910783139816998	0.696191976649421	0.338257857899077	0.00467676711116755	TbID	MEK2DD	no	-
HLA-B	0.947152904903973	0.000228824623253398	0.452451902065544	0.00243684767028773	congruent	MEK2DD	no	-
HLA-DRB1	0.746175242725585	0.00998925467282661	NA	NA	AP-MS	MEK2DD	no	-
HMGCS1	0.466934757332697	0.0344007368299862	0.537018328389281	0.000706695063103641	congruent	MEK2DD	no	-
HOMER1	0.991874623395086	0.000429680504751917	1.88988577521673	8.20418104239389e-06	congruent	MEK2DD	yes	gain
HOOK1	0.918437937628054	0.000147996160917008	0.624072812304224	0.000290037320090222	congruent	MEK2DD	no	-
HSP90AA1	0.827710004569027	0.000120624280786899	0.154630263113889	0.341888775603935	AP-MS	MEK2DD	no	-
HSP90AA2P	0.523933429722327	0.170821526060919	NA	NA	AP-MS	MEK2DD	no	-
HSP90AA4P	1.4308580974604	0.165985904729528	-0.0285419767443433	0.880337757069918	nsig	MEK2DD	no	-
HSP90AA5P	1.67808381793006	0.00585685394781591	0.0450039179206534	0.809776757375083	AP-MS	MEK2DD	yes	gain
HSP90AB1	0.859130278944441	0.000106261640383562	0.250275610267599	0.11350289526881	AP-MS	MEK2DD	no	-
HSP90AB2P	0.703998971800105	0.094711681335652	NA	NA	AP-MS	MEK2DD	no	-
HSP90AB3P	-1.3589126669066	0.280754555048006	NA	NA	AP-MS	MEK2DD	no	-
HSP90AB4P	0.587025211351633	0.0355338674990826	NA	NA	AP-MS	MEK2DD	no	-
HSPA1A;HSPA1B	0.120837299148778	0.415286585146554	0.438283498146207	0.00104100396947021	TbID	MEK2DD	no	-
HSPA1L	0.349432766196513	0.162377324666571	0.438778489904267	0.00138220800027447	TbID	MEK2DD	no	-
HSPA2	0.0417446953570413	0.727551534082207	0.210568781284802	0.0118437246610654	TbID	MEK2DD	no	-
HSPA4	1.02372793456109	0.0014258947126965	0.194130346878966	0.0349054236031902	congruent	MEK2DD	yes	gain
HSPA4L	0.516474887923596	0.00220527258908476	0.242036787502028	0.011092591807512	congruent	MEK2DD	no	-
HSPA5	0.604574193261321	0.000486379254301092	0.846779779703922	0.000460127806116146	congruent	MEK2DD	no	-
HSPA6	0.554730643793341	0.0418221207511621	0.469158927153759	0.0205956796974712	congruent	MEK2DD	no	-
HSPA8	0.202055662604788	0.196348484888876	0.471719097079641	0.000890324559054289	TbID	MEK2DD	no	-
HSPA9	0.103710504746533	0.573741366090897	0.440456272566266	0.0132681242129439	TbID	MEK2DD	no	-
HSPBP1	-0.0998115545423624	0.490397527810217	0.232197419639617	0.0101101002129825	TbID	MEK2DD	no	-
HSPH1	0.428327298821598	0.00407006548590031	0.658997018957625	0.00029574078540586	congruent	MEK2DD	no	-
HYOU1	0.490177858198568	0.0413748063327723	0.346244804067676	0.00942645026110976	congruent	MEK2DD	no	-
IER2	1.29951845693972	0.0135814881810237	NA	NA	AP-MS	MEK2DD	yes	gain
IFNGR1	0.404288902568764	0.241549089033879	0.4482600550709	0.00383949480405733	TbID	MEK2DD	no	-
IFTAP	NA	NA	0.613537572282472	0.00601023684850086	TbID	MEK2DD	no	-
IGBP1	0.731657238054116	0.000560063801762157	0.289380204923648	0.00570838821544833	congruent	MEK2DD	no	-
IL1RAP	0.847548160547231	0.0280455256812763	0.986574999448571	0.165883715291553	AP-MS	MEK2DD	no	-
IL6ST	1.32081456777976	0.231993831929199	0.104932102449102	0.438722469892113	nsig	MEK2DD	no	-
INPP1	1.59758057589969	0.00199130735750407	0.552117603286649	0.000214650661455366	congruent	MEK2DD	yes	gain
IP6K2	-0.409401085108095	0.439098440128196	0.656711858422383	0.0205451073456574	TbID	MEK2DD	no	-
IPPK	0.263310661965828	0.287410731553434	-0.394475917830364	0.0916646567617671	nsig	MEK2DD	no	-
IQCC	-0.199641922684978	0.578020078173187	0.41723177433499	0.000460860916026652	TbID	MEK2DD	no	-
IRAK2	0.476302009277943	0.271510993119904	-0.133557713258717	0.340090050016481	nsig	MEK2DD	no	-
ITGA7	1.98644322295625	0.104509030553476	1.26742302460594	0.0224787047793454	TbID	MEK2DD	yes	gain
ITGAV	1.19195444087709	0.00532625152640563	0.209046861107899	0.0570969484724707	AP-MS	MEK2DD	yes	gain
ITGB5	2.45977877012787	0.0139744744894503	-0.261411768220173	0.187549260549659	AP-MS	MEK2DD	yes	gain
ITM2C	1.39689319913569	0.0001850138791581	0.665801816730771	0.000334893133792411	congruent	MEK2DD	yes	gain
ITPRIP	1.61487943143961	2.77759859702161e-05	0.584149466013329	0.000354115001142588	congruent	MEK2DD	yes	gain
JCAD	0.277801731176221	0.663601724946608	1.47035450208494	8.20418104239389e-06	TbID	MEK2DD	yes	gain
JTB	1.07615070052263	0.0359701214596765	NA	NA	AP-MS	MEK2DD	yes	gain
JUN	2.06619307487773	4.38267938855972e-05	1.6571277660874	2.14478644151456e-05	congruent	MEK2DD	yes	gain
JUNB	2.37432024144163	0.00624507315827763	4.7578329113675	3.04676978927492e-07	congruent	MEK2DD	yes	gain
KCNA5	1.2443406540666	0.0219057700818325	NA	NA	AP-MS	MEK2DD	yes	gain
KCTD10	0.0308342663632571	0.92666208949514	0.119722710124593	0.457893459384621	nsig	MEK2DD	no	-
KCTD12	1.2158883497274	0.000132405280575596	1.4160334494485	2.73819669445808e-05	congruent	MEK2DD	yes	gain
KCTD16	1.22617143839925	0.00238082952475135	NA	NA	AP-MS	MEK2DD	yes	gain
KCTD3	-0.448341605696126	0.00139148677906726	0.0895121958153488	0.200350737407497	AP-MS	MEK2DD	no	-
KCTD5	-0.142640362073213	0.299907452129995	0.532572488898011	0.00350996932965437	TbID	MEK2DD	no	-
KEAP1	-0.275017165075341	0.0316032786033723	-0.190660764163866	0.131364425088373	AP-MS	MEK2DD	no	-
KIAA1217	0.525363034600321	0.00257589121003484	0.800323076457703	4.06470196716199e-05	congruent	MEK2DD	no	-
KIF11	0.22398216834739	0.0258036258987345	0.312038060560902	0.0123792585754641	congruent	MEK2DD	no	-
KIF14	0.136986397677313	0.284311441574043	0.53229704405863	0.000248304565911415	TbID	MEK2DD	no	-
KIF2C	0.383599037620079	0.00979129854219291	0.964531276373853	5.19205115000444e-05	congruent	MEK2DD	no	-
KIFBP	0.608218861324098	0.0023168646010016	-0.17863846774706	0.0225981055961175	opposite	MEK2DD	no	-
KITLG	NA	NA	0.303035092606316	0.200198246867391	TbID	MEK2DD	no	-
KLC2	0.268276803366597	0.0287573762360131	0.288702670923816	0.0124628144794411	congruent	MEK2DD	no	-
KLHL13	0.297881233406885	0.180527907018244	0.439188287408196	0.00271300653824727	TbID	MEK2DD	no	-
KLHL18	1.62009385122339	0.00185229403805226	NA	NA	AP-MS	MEK2DD	yes	gain
KLHL21	0.986975590748414	0.000890320976598517	0.636462991543001	0.00166107023774903	congruent	MEK2DD	no	-
KLHL9	0.532649632476716	0.222503187982939	0.0711499167026692	0.575395738318904	nsig	MEK2DD	no	-
KNSTRN	0.088657983563368	0.676008712603109	0.177898600141909	0.037006514433055	TbID	MEK2DD	no	-
KRT18	1.39656040453261	0.00166741760649013	1.14855663599212	4.73000275861551e-05	congruent	MEK2DD	yes	gain
KSR1	-1.03127094166021	0.000538768540815871	-0.190949613991864	0.00947846709738952	congruent	MEK2DD	yes	loss
KSR2	-1.22406634905893	0.0116258975535434	-0.291333002835132	0.0641977854186895	AP-MS	MEK2DD	yes	loss
LAMB3	2.462506976434	1.29517685328198e-05	0.864450191259603	0.00486299536036332	congruent	MEK2DD	yes	gain
LAMC2	1.50528370290342	0.0574457379787819	0.991456132960587	0.0119999718291696	TbID	MEK2DD	no	-
LASP1	0.0181941971155199	0.903599651880469	0.934063356487243	0.000127659059640953	TbID	MEK2DD	no	-
LEPROT	1.36999530034634	0.00859719611459845	-0.238308733866603	0.396772101971357	AP-MS	MEK2DD	yes	gain
LIG4	1.45745047418059	0.00985862849524393	0.738800813981656	5.75225271249358e-05	congruent	MEK2DD	yes	gain
LINC02872	1.02553849718464	0.0173202517202966	NA	NA	AP-MS	MEK2DD	yes	gain
LMAN1	1.00314788078346	0.0125525103095871	0.349220892024621	0.00658483019734487	congruent	MEK2DD	yes	gain
LMAN2	1.05044349385729	0.000465023134083553	0.137779818641143	0.316548077643422	AP-MS	MEK2DD	yes	gain
LMAN2L	1.19582314110265	0.0114845278665547	0.426730225523969	0.150613137227115	AP-MS	MEK2DD	yes	gain
LMBRD2	0.943111954280168	0.00179484088580986	0.0719878391483723	0.509456180572656	AP-MS	MEK2DD	no	-
LPP	-0.295760106705049	0.0525910241694879	0.751923903871396	8.69981908990899e-05	TbID	MEK2DD	no	-
LRCH3	-1.41301723401529	2.8710408805919e-05	-0.558374730471969	0.000335416692428615	congruent	MEK2DD	yes	loss
LRP10	1.6846931385672	0.00577504408330302	1.23570333503124	0.00020792850480004	congruent	MEK2DD	yes	gain
LRRC8A	0.891065429524651	0.00238082952475135	0.169920196456678	0.0626504575410612	AP-MS	MEK2DD	no	-
LSAMP	NA	NA	0.101449494215035	0.578638313101734	TbID	MEK2DD	no	-
LSM12	-0.917015580294684	0.000652390622238727	0.42231920329324	0.00202165967493255	opposite	MEK2DD	no	-
LSR	0.819371716757486	0.00240744936734837	0.635327435031911	0.00278659687929076	congruent	MEK2DD	no	-
LUZP1	-0.375659466841819	0.0359338136909948	0.325260869961521	0.00200612971788263	opposite	MEK2DD	no	-
LYSMD2	0.0322323388189183	0.903599651880469	1.40233525446784	2.53920882798488e-05	TbID	MEK2DD	yes	gain
MACO1	0.435014776952107	0.00327466385503013	0.399568308378756	0.0011080200337864	congruent	MEK2DD	no	-
MAGED1	0.354733955064406	0.0172823926670792	0.234804639261754	0.0334108476913048	congruent	MEK2DD	no	-
MAGED2	0.683327775073735	0.000228102920283441	1.32880651823711	1.41801358697565e-05	congruent	MEK2DD	yes	gain
MAL2	1.43335632992323	0.0109996329441953	NA	NA	AP-MS	MEK2DD	yes	gain
MAMLD1	1.34670861682595	0.0065720238741591	1.94658281890419	1.23968608034676e-05	congruent	MEK2DD	yes	gain
MAN1A1	0.485363143896165	0.160386680010114	0.118420208515319	0.321086281565033	nsig	MEK2DD	no	-
MAP2K1	-1.52560548770444	0.0489112767655219	-0.0826332962549087	0.392600184145103	AP-MS	MEK2DD	yes	loss
MAP2K2	-0.343273960408333	0.300686194770099	0.1561863405201	0.0645327513634221	nsig	MEK2DD	no	-
MAP3K7	-0.356566008155611	0.0187895482719822	0.436476448699676	0.00162097238093619	opposite	MEK2DD	no	-
MAPK1	-0.767249861667339	0.143631440941377	-0.527615958838754	0.000420229283627836	TbID	MEK2DD	no	-
MAPK14	0.907674163943116	0.00113627817464489	-0.110483213021636	0.188122547157707	AP-MS	MEK2DD	no	-
MARCKSL1	-0.203084543344436	0.412068751101446	0.905513439114897	0.000204743670499864	TbID	MEK2DD	no	-
MAST4	-0.0451337399719583	0.787284215805781	0.41908272039711	0.000535171422039182	TbID	MEK2DD	no	-
MAT2A	-0.248506783344097	0.0249622322425012	-0.0721093467856489	0.267138318258916	AP-MS	MEK2DD	no	-
MB21D2	-0.147847422736126	0.731274362934814	0.68793590608816	0.000110689649280036	TbID	MEK2DD	no	-
MCOLN3	1.7512728813384	0.0362974815647482	NA	NA	AP-MS	MEK2DD	yes	gain
MEA1	0.108613273170877	0.68104199265091	0.647433471014469	0.00615748651922355	TbID	MEK2DD	no	-
MEST	NA	NA	0.360388753525084	0.0252319444288645	TbID	MEK2DD	no	-
METTL2A	-0.375058346436049	0.0573435543311901	0.360669425972026	0.00619260630065165	TbID	MEK2DD	no	-
METTL8	0.954184044134637	0.0853809168816679	-0.405049254330807	0.00376015756278455	TbID	MEK2DD	no	-
MFAP3	-0.602430532237885	0.154540711377216	1.06267133225771	0.0493911999872205	TbID	MEK2DD	yes	gain
MFGE8	1.31026724361607	9.31351801828448e-05	0.43017082228365	0.00395569090993319	congruent	MEK2DD	yes	gain
MFSD14CP	1.24171091430942	0.0541616977720407	NA	NA	AP-MS	MEK2DD	no	-
MGARP	0.505270915049313	0.143013404214868	NA	NA	AP-MS	MEK2DD	no	-
MGST3	0.424614761034665	0.0923720956007313	-0.281537500095143	0.0331281573312418	TbID	MEK2DD	no	-
MICB	1.3658081508921	0.00268453691628799	0.795582509457897	0.00469763383650506	congruent	MEK2DD	yes	gain
MICOS10	0.979305432106765	0.0280701089341048	-0.274739274337134	0.120651605740542	AP-MS	MEK2DD	no	-
MIDN	1.12559770482369	0.0206895975085418	0.438788205203854	0.0126909777923726	congruent	MEK2DD	yes	gain
MKKS	1.54791315557218	0.00025272289925076	NA	NA	AP-MS	MEK2DD	yes	gain
MKNK2	-0.249965787172813	0.554223326334456	-0.728192794944991	0.0012752475185102	TbID	MEK2DD	no	-
MLLT11	1.19000283772457	0.000863160165927357	0.637860315243198	0.0180799264381728	congruent	MEK2DD	yes	gain
MMADHC	-0.0281080676016033	0.963822452815772	0.409157295524233	0.012565760559912	TbID	MEK2DD	no	-
MPC2	0.915948868807521	0.00105912345074611	-0.162487193331496	0.503860435939891	AP-MS	MEK2DD	no	-
MRC2	0.809873060023124	0.0697884786995297	-0.177507093563188	0.349286379489488	nsig	MEK2DD	no	-
MTMR6	0.0144119846534195	0.92666208949514	0.372434948199091	0.00244260400571966	TbID	MEK2DD	no	-
MTRR	0.962944446246963	0.0389555095798159	1.04706658320382	3.41892241792256e-05	congruent	MEK2DD	yes	gain
MTX2	1.17367112084508	0.000129773015930789	0.0763174225575887	0.341731915249134	AP-MS	MEK2DD	yes	gain
MYL6B	0.914738002203676	0.158692623569882	0.0202986520734573	0.792091252616054	nsig	MEK2DD	no	-
MYO1E	-0.0424231390595239	0.927896541887199	0.471795912081964	0.000384354149960995	TbID	MEK2DD	no	-
MYOM2	1.97784929212873	0.033602478308272	-0.659597565701185	0.00450210153786822	opposite	MEK2DD	yes	opposite
MYPN	NA	NA	0.927514656129545	0.00385848290690634	TbID	MEK2DD	no	-
NAA50	0.234185506862485	0.501955744855334	0.569700847374316	0.000302608988777993	TbID	MEK2DD	no	-
NAB1	2.46106325560793	2.04400159469657e-05	2.72834918035108	2.89738024852567e-06	congruent	MEK2DD	yes	gain
NAB2	1.64165257491679	0.00125557633804186	0.297400751686316	0.42156925461949	AP-MS	MEK2DD	yes	gain
NACA	-0.188355112613292	0.641432156387405	0.373470002286526	0.000845270175665345	TbID	MEK2DD	no	-
NAP1L4	0.353029990228638	0.0735998863806996	0.352695209120163	0.00497491704976408	TbID	MEK2DD	no	-
NAT1	1.12678580248615	0.000367473040564579	0.171579254979049	0.0517551208188683	AP-MS	MEK2DD	yes	gain
NCKAP5L	-0.0392331063890238	0.760221796651916	0.804688317875382	4.1882017388853e-05	TbID	MEK2DD	no	-
NCOA4	0.222914449570553	0.127318895342673	0.379964244949141	0.00212306341554874	TbID	MEK2DD	no	-
NDRG2	NA	NA	-0.360921375389888	0.192100498075785	TbID	MEK2DD	no	-
NEDD9	NA	NA	-0.0149420385069243	0.910432721007503	TbID	MEK2DD	no	-
NEO1	0.429981554380502	0.0205390215903987	0.226678960561024	0.0424720471776904	congruent	MEK2DD	no	-
NFATC1	0.346296825138284	0.0180717403256177	0.703544573798308	0.000160557261664004	congruent	MEK2DD	no	-
NHSL2	NA	NA	0.698380949534404	0.00331100075897842	TbID	MEK2DD	no	-
NPTN	1.18554375521629	0.00716486885605397	0.212043194660396	0.225772497852635	AP-MS	MEK2DD	yes	gain
NPTX2	1.54046715957035	0.00549943729235686	-0.290282858902929	0.140581035868151	AP-MS	MEK2DD	yes	gain
NTS	NA	NA	-0.27638534107351	0.0787757625975232	TbID	MEK2DD	no	-
NUDT4B	-0.0557770785560656	0.848105693245327	0.232988539697611	0.0913864513807351	nsig	MEK2DD	no	-
NUDT5	0.309348400273647	0.0719909067802247	0.346828754913521	0.00331535050147907	TbID	MEK2DD	no	-
OAF	1.3486242322282	0.0775723179949683	NA	NA	AP-MS	MEK2DD	no	-
OCRL	0.341918955357636	0.00557968419797395	0.602833558296504	0.000275096229277102	congruent	MEK2DD	no	-
ODR4	1.15697433142097	4.65322723084895e-05	0.566279432132296	0.000335630165245662	congruent	MEK2DD	yes	gain
OS9	0.584379246108069	0.00876727258010261	1.85586667921725	3.98205088172894e-05	congruent	MEK2DD	yes	gain
OSER1	0.178945111229108	0.235896723022215	0.156951417196891	0.1387655025335	nsig	MEK2DD	no	-
OTUD3	-0.377231210271159	0.246348231260258	0.169041705054768	0.0858228093350699	nsig	MEK2DD	no	-
OTUD4	0.0920497204968153	0.435852033112436	0.740653395442334	9.27295563317786e-05	TbID	MEK2DD	no	-
P3H1	1.36308937395151	0.000343916962587052	-0.197573717109884	0.295323802183115	AP-MS	MEK2DD	yes	gain
P3H2	2.36932315101484	0.00131116026942045	0.362962144481218	0.0153186178521789	congruent	MEK2DD	yes	gain
P4HA1	0.918001891287397	0.000494772325391698	0.427246962622242	0.00295143119473413	congruent	MEK2DD	no	-
PACC1	0.968149668898141	0.0165514006930684	0.104519839966273	0.521309819316924	AP-MS	MEK2DD	no	-
PAIP2	0.314134860264421	0.182896831646819	0.481249612269593	0.00933924479161439	TbID	MEK2DD	no	-
PAK2	0.94809611512915	0.00479714091277162	0.86346561843712	0.000187143937229374	congruent	MEK2DD	no	-
PBDC1	0.637704858763574	0.00190841742560785	0.912038672486674	0.000386908466393951	congruent	MEK2DD	no	-
PCLAF	-0.815644718637255	0.116096574482712	-0.0947278064927086	0.238227464614965	nsig	MEK2DD	no	-
PDCD2L	-0.402019768447575	0.0245071926859613	0.722514450062328	0.000755122346216241	opposite	MEK2DD	no	-
PDLIM5	-0.0551643592472403	0.715773221402965	0.399678475253909	0.00191999731474859	TbID	MEK2DD	no	-
PDZRN3	-0.394810374354494	0.25960303081062	-0.235822526213802	0.0262637812050681	TbID	MEK2DD	no	-
PEA15	NA	NA	0.750846019196622	0.000594863979138909	TbID	MEK2DD	no	-
PEAK1	0.261596563180068	0.0253439648101428	0.618172567018973	0.000124947694109828	congruent	MEK2DD	no	-
PEBP1	0.707464199872574	0.112570499746421	-0.0623880034580219	0.68779885453402	nsig	MEK2DD	no	-
PGAM1	-0.301412669829717	0.188464524956894	0.391171283582473	0.0024173289227906	TbID	MEK2DD	no	-
PGPEP1	0.883831217222686	0.0250965664919326	0.312680392085453	0.0370991850701581	congruent	MEK2DD	no	-
PHACTR4	-0.0924292673153947	0.800876630427891	0.44279539320029	0.000354115001142588	TbID	MEK2DD	no	-
PHLDA1	3.36393574586657	0.000312801971941721	NA	NA	AP-MS	MEK2DD	yes	gain
PHLDA2	3.16849675973163	1.29517685328198e-05	1.79765695236982	0.000169781556919698	congruent	MEK2DD	yes	gain
PI4KB	-0.248961136818749	0.0362883382432012	0.372507940208309	0.00212107360439438	opposite	MEK2DD	no	-
PIGL	1.46689231934957	0.00367377981187032	0.24877951959827	0.129069745555926	AP-MS	MEK2DD	yes	gain
PIH1D2	NA	NA	0.28543819557246	0.0508097534327804	TbID	MEK2DD	no	-
PJA2	0.0921618333878516	0.608252103637157	0.256927195690661	0.0201845841078774	TbID	MEK2DD	no	-
PLAUR	2.96720957255126	0.0014555537872346	1.57133795881919	0.00472299610959973	congruent	MEK2DD	yes	gain
PLEKHA6	0.112776841272376	0.685724875951435	0.9739011768177	2.20536545073091e-05	TbID	MEK2DD	no	-
PLEKHG2	0.96471527187256	0.000263763651625462	1.0944438935828	2.73819669445808e-05	congruent	MEK2DD	yes	gain
PLEKHO1	-0.147312166941126	0.773633319498855	0.740821185703078	0.011134864566466	TbID	MEK2DD	no	-
PLIN3	-0.11437259200015	0.822513306987379	1.02544641788213	4.06470196716199e-05	TbID	MEK2DD	yes	gain
PLK1	0.290094131974233	0.0132281699949361	0.370912072307255	0.000874677239404094	congruent	MEK2DD	no	-
POFUT1	0.635097726149482	0.0364317596753034	0.273891174987043	0.0619851627179187	AP-MS	MEK2DD	no	-
POR	0.704170198176167	0.0563121435170644	-0.111075613224722	0.464419329591929	nsig	MEK2DD	no	-
PPP1R12A	-0.184102114766077	0.16866586476268	0.666880996775729	0.00020792850480004	TbID	MEK2DD	no	-
PPP1R18	0.624932561677071	0.00188038674462059	1.64984748532689	1.23968608034676e-05	congruent	MEK2DD	yes	gain
PPP1R2	-0.396913369457179	0.315672001429968	0.828580501362539	0.000561791239352162	TbID	MEK2DD	no	-
PPP1R3F	0.695639580296185	0.0939437752841232	0.456252915935376	0.0126786299146468	TbID	MEK2DD	no	-
PPP3CA	0.512322518675477	0.0066780368741277	0.633385455808797	0.000804751198628124	congruent	MEK2DD	no	-
PPP6R1	0.967854599798555	7.9144572970115e-05	0.448878833040693	0.000700741452848619	congruent	MEK2DD	no	-
PPT2	-0.41436643121825	0.505848823307743	NA	NA	AP-MS	MEK2DD	no	-
PRAG1	-0.158825938960237	0.210746138102668	0.281150967043953	0.00271289857263687	TbID	MEK2DD	no	-
PREP	0.311968417425533	0.104174531284616	0.148450263538603	0.0838504153537817	nsig	MEK2DD	no	-
PRKAR1B	0.172385653554966	0.457760752034022	0.243398456769039	0.130817164814281	nsig	MEK2DD	no	-
PRKCI	0.400307259646007	0.0282552482251161	0.683167521017254	0.000888789157516018	congruent	MEK2DD	no	-
PROCR	1.42787795668045	0.00325783341960743	-0.105335062149719	0.420783562491645	AP-MS	MEK2DD	yes	gain
PROS1	1.29239853290743	0.00355856621928374	0.638887008535701	0.0223475782603044	congruent	MEK2DD	yes	gain
PROSER2	-0.2955117516177	0.0248088290345777	0.40978972707366	0.00119498858912696	opposite	MEK2DD	no	-
PSMC2	0.580898479657526	0.000448884750306084	0.290235974927753	0.00678221258330037	congruent	MEK2DD	no	-
PSMC3	0.645678597712133	0.000372411815269428	0.78663896226311	0.000104122072716032	congruent	MEK2DD	no	-
PSMC4	1.09883558138343	5.03747409848692e-05	0.813559471205748	8.1973097935431e-05	congruent	MEK2DD	yes	gain
PSMC5	0.833969337074458	0.000149930685830788	0.680726826287085	0.000226315397608244	congruent	MEK2DD	no	-
PSMC6	0.835749675000862	0.000137772557770805	0.497142855486903	0.00245110322110208	congruent	MEK2DD	no	-
PSMD1	0.627744933676382	0.000298521244556526	0.248556388188848	0.0131871261802045	congruent	MEK2DD	no	-
PSMD11	0.659809057147563	0.00033727123284692	-0.199258684063856	0.0276659709685264	opposite	MEK2DD	no	-
PSMD12	0.774004380803933	0.000868261966407234	0.324105369830699	0.00152890484949064	congruent	MEK2DD	no	-
PSMD13	0.641052663779549	0.00545578062773916	0.22031171850705	0.0116930527824717	congruent	MEK2DD	no	-
PSMD14	0.937483887228571	0.000439669351743122	0.0438406427154311	0.796469701918782	AP-MS	MEK2DD	no	-
PSMD2	0.676913705947204	0.000209986238899233	0.234739223119697	0.0333350225483648	congruent	MEK2DD	no	-
PSMD7	0.658583413374004	0.00325656020331916	0.115256421879422	0.217291686940098	AP-MS	MEK2DD	no	-
PSMD9	-0.0608471772183461	0.682314886053048	0.779081245303667	0.000238154453726878	TbID	MEK2DD	no	-
PTPN12	0.565107534594725	0.000976466017311413	0.855770181354571	5.75225271249358e-05	congruent	MEK2DD	no	-
PTPRE	1.56727193042334	0.00236971893185262	NA	NA	AP-MS	MEK2DD	yes	gain
PTTG1IP	0.194473079978077	0.594698676597197	0.5971491457266	0.000755122346216241	TbID	MEK2DD	no	-
PVR	1.20659627879382	0.0152707090330147	0.592466230066617	0.0211045688435734	congruent	MEK2DD	yes	gain
PXDC1	1.90305955399832	0.00470822998006959	NA	NA	AP-MS	MEK2DD	yes	gain
PXN	0.520948045784524	0.00698684491935222	0.878212308909222	4.06470196716199e-05	congruent	MEK2DD	no	-
Q6ZSR9	0.465720825502926	0.200047602153486	1.00588778611043	5.75225271249358e-05	TbID	MEK2DD	yes	gain
RAB1A	1.05252420424984	0.0217798997789474	-0.0273483479137963	0.743848187402921	AP-MS	MEK2DD	yes	gain
RAB27A	1.00165721881041	0.021900519289633	0.82873596860044	0.000389714526918566	congruent	MEK2DD	yes	gain
RAB3C	NA	NA	1.15427320569137	0.000169781556919698	TbID	MEK2DD	yes	gain
RAB6A	0.524938935593787	0.140368154894532	-0.0829496056390475	0.397435846060336	nsig	MEK2DD	no	-
RABIF	1.23973007416094	0.00533212991120177	0.132620731021978	0.527653799404509	AP-MS	MEK2DD	yes	gain
RAC2	1.94243877024	0.00104506012684987	1.513512617208	4.53455995147052e-05	congruent	MEK2DD	yes	gain
RAF1	-0.416554218038793	0.0102512469228415	-0.870076641474435	5.75225271249358e-05	congruent	MEK2DD	no	-
RANGAP1	0.010485335160947	0.922742282137652	0.21357394710903	0.0428248840358989	TbID	MEK2DD	no	-
RASSF1	1.03569552157712	0.0237602474424481	0.155379577283177	0.262407294352474	AP-MS	MEK2DD	yes	gain
RCN1	0.612286201381116	0.0783333602951133	2.08558474152167	2.89738024852567e-06	TbID	MEK2DD	yes	gain
RDH10	0.863573387991426	0.00107690934659754	0.025996060587352	0.811934529655677	AP-MS	MEK2DD	no	-
RGL2	0.183252928179394	0.698153415206124	0.883387337728829	0.000146645607341587	TbID	MEK2DD	no	-
RGPD5	0.181303666919766	0.577685392647803	0.54368140401509	0.00128065294458196	TbID	MEK2DD	no	-
RHBDD2	0.934647169829758	0.000958133801306449	-0.0930493993407572	0.299822291696856	AP-MS	MEK2DD	no	-
RHEB	1.30877490971443	0.00966170162220992	0.9340520771833	0.000188999635713147	congruent	MEK2DD	yes	gain
RIPK1	0.468082578699129	0.00810612623497054	0.620267216815985	0.000165137643159664	congruent	MEK2DD	no	-
RND1	NA	NA	0.717001187097738	0.0024173289227906	TbID	MEK2DD	no	-
RNF43	0.126302282655807	0.88067713130884	NA	NA	AP-MS	MEK2DD	no	-
RNF7	0.209373943140951	0.272833810515124	0.499851677966782	0.00678221258330037	TbID	MEK2DD	no	-
RPA1	-0.45189982972392	0.00577504408330302	-0.670402885043092	0.000780800069902688	congruent	MEK2DD	no	-
RPAP3	0.403450195894916	0.00418975330107921	0.677213123637499	0.000165137643159664	congruent	MEK2DD	no	-
RPN1	1.16847935625064	4.38267938855972e-05	0.0946630984071697	0.257097692948666	AP-MS	MEK2DD	yes	gain
RRM2	0.308895281632186	0.0885370276530378	1.09512983434007	2.73819669445808e-05	TbID	MEK2DD	yes	gain
RUNX1	1.51466115133717	0.00355856621928374	0.648006115986867	0.000216627405390436	congruent	MEK2DD	yes	gain
S100A11	0.927100730129212	0.201755713669665	0.636654025279412	0.00132411829717246	TbID	MEK2DD	no	-
S100A13	0.268522054018559	0.492342877471032	1.32193021352928	0.00103303247511622	TbID	MEK2DD	yes	gain
SAR1A	0.543401336275678	0.0405359397935577	-0.136533575547309	0.361748710488455	AP-MS	MEK2DD	no	-
SARDH	1.52259803553573	0.0346858635958311	NA	NA	AP-MS	MEK2DD	yes	gain
SASS6	0.179605822444784	0.175217804383347	0.745706853502479	0.00013121031369574	TbID	MEK2DD	no	-
SCML1	-1.52516117195074	6.59883367664584e-05	-0.974467583889668	0.000834021030913763	congruent	MEK2DD	yes	loss
SCRIB	-0.611773862805706	0.000278821892078665	-0.630614262334814	0.000387826788244703	congruent	MEK2DD	no	-
SDCCAG8	1.54068364188267	0.0607467683549594	0.0680129554152876	0.543682522967672	nsig	MEK2DD	no	-
SDF4	0.786918494281569	0.00150236418377816	0.92483563707261	0.000621240775607734	congruent	MEK2DD	no	-
SEC23B	-0.16879416652202	0.140636276395943	0.621231051854913	0.000146645607341587	TbID	MEK2DD	no	-
SEC24A	-0.401474663036317	0.00507602939942101	0.505907145077926	0.000928643011080331	opposite	MEK2DD	no	-
SEC61A1	0.919281932086884	0.000193928608467191	-0.0745957687567539	0.302839644345858	AP-MS	MEK2DD	no	-
SEL1L3	1.58964869643421	0.00557968419797395	NA	NA	AP-MS	MEK2DD	yes	gain
SELENOK	0.829599814553436	0.00273012868060063	0.118024845423941	0.250527397536903	AP-MS	MEK2DD	no	-
SEMA7A	1.11073662316155	0.0120447913098983	1.67399256789182	0.00113117529659097	congruent	MEK2DD	yes	gain
SEPTIN10	0.317751256525461	0.156250415186476	0.960881699021414	6.49870743071576e-05	TbID	MEK2DD	no	-
SERAC1	0.892359338578012	9.31351801828448e-05	0.213007863244041	0.0545913021436026	AP-MS	MEK2DD	no	-
SERPINE2	0.903336942898702	0.0326452811151058	0.0371592889230928	0.791847620365427	AP-MS	MEK2DD	no	-
SFN	3.77038257407393	0.0222155433245224	-0.447142291433887	0.216884136476357	AP-MS	MEK2DD	yes	gain
SFXN3	0.551133358483298	0.00228929706609871	0.0296806740490217	0.755254663397761	AP-MS	MEK2DD	no	-
SGCB	1.02634286149989	0.00204248848981818	NA	NA	AP-MS	MEK2DD	yes	gain
SGK1	NA	NA	1.18539702842776	0.00018012915935478	TbID	MEK2DD	yes	gain
SH2B3	2.10884626319684	1.29517685328198e-05	NA	NA	AP-MS	MEK2DD	yes	gain
SH2D2A	NA	NA	1.66314086904019	0.000145714356958494	TbID	MEK2DD	yes	gain
SH3BP4	0.186100139142288	0.0640274169694856	0.19715420178883	0.0173329461795078	TbID	MEK2DD	no	-
SH3GL1	-0.251238555300167	0.0651848621208336	0.587703962455403	0.000739083785430675	TbID	MEK2DD	no	-
SH3GL2	-0.404366787183069	0.0215513711728508	0.359504849559831	0.00270427826286615	opposite	MEK2DD	no	-
SH3RF1	0.300848608724867	0.354251415811531	0.69747423830597	0.000165137643159664	TbID	MEK2DD	no	-
SHC1	-0.0246531314873963	0.874573189612971	0.629601357839111	0.000714504121416242	TbID	MEK2DD	no	-
SHC4	-0.178429650440226	0.68099268675055	0.555370475672268	0.00491789502878307	TbID	MEK2DD	no	-
SHROOM1	0.910899057815881	7.2867249562164e-05	1.2402653586441	0.000154135700732344	congruent	MEK2DD	yes	gain
SLC15A4	1.42622795096415	0.0249827057279238	NA	NA	AP-MS	MEK2DD	yes	gain
SLC16A7	0.205832026803974	0.583417848108416	-0.245571606011611	0.102690686660818	nsig	MEK2DD	no	-
SLC18B1	0.481292930772281	0.214737243802535	-0.271222446318872	0.0595747897619961	nsig	MEK2DD	no	-
SLC19A1	1.2039584687049	0.00177038627088118	-0.135882420591665	0.0956068148746547	AP-MS	MEK2DD	yes	gain
SLC1A4	0.681749433807212	0.0633397693054895	-0.0806006808207452	0.624573921775375	nsig	MEK2DD	no	-
SLC20A1	1.48121285351417	0.00184336694585831	0.623790924215931	0.00114382508581209	congruent	MEK2DD	yes	gain
SLC25A26	0.835258394147281	0.00351423405525791	-0.0321363719407515	0.767199787267932	AP-MS	MEK2DD	no	-
SLC25A29	1.15213610705636	0.000237807286677828	0.146111920229257	0.0569080781546706	AP-MS	MEK2DD	yes	gain
SLC25A32	1.43639799486888	7.2867249562164e-05	0.263833348969006	0.0318675074021018	congruent	MEK2DD	yes	gain
SLC25A6	0.163166699644216	0.311640809467822	-0.5782572830429	0.000634514846188595	TbID	MEK2DD	no	-
SLC27A6	1.05704344449417	0.000332631923211615	0.00761270643055604	0.90907433274989	AP-MS	MEK2DD	yes	gain
SLC29A3	0.716800558239525	0.0610141785590658	0.304809889425103	0.136193881842576	nsig	MEK2DD	no	-
SLC2A14	1.62995299227774	0.00204395513315202	0.73833658803161	0.00245289201705845	congruent	MEK2DD	yes	gain
SLC2A3	2.57094653553946	0.000280883878498116	NA	NA	AP-MS	MEK2DD	yes	gain
SLC30A1	0.383937386777241	0.261933287566331	0.348128006468216	0.00282264068021729	TbID	MEK2DD	no	-
SLC31A1	1.26441464915013	0.013503472054489	-0.202327576358133	0.0387645999860328	opposite	MEK2DD	yes	opposite
SLC35A2	0.384978601149844	0.125460781268631	-0.112409017112616	0.332642857694371	nsig	MEK2DD	no	-
SLC35E1	0.955413363760265	0.000559194123034688	-0.192159426307635	0.0434962747156892	opposite	MEK2DD	no	-
SLC35G2	1.60020812795312	0.00158154759425728	0.500217530288701	0.000910547227957298	congruent	MEK2DD	yes	gain
SLC38A1	1.11519823531394	0.00141803064878277	0.46700954279083	0.00168007288023489	congruent	MEK2DD	yes	gain
SLC43A1	1.21840000009463	0.0682829026731666	0.577644721200882	0.0874429266546321	nsig	MEK2DD	no	-
SLC5A6	1.19372126493185	0.00997341150659521	-0.10268938104043	0.332330331713938	AP-MS	MEK2DD	yes	gain
SLCO4A1	1.36670512639485	0.00363740696257433	0.416660659553593	0.0178279044435855	congruent	MEK2DD	yes	gain
SLK	0.18162835655141	0.0830109590420595	0.603646473219338	0.000297816669835341	TbID	MEK2DD	no	-
SMAP1	-0.496826557081501	0.0276295685816085	0.59164290452273	0.000467263466239944	opposite	MEK2DD	no	-
SMAP2	-0.240805040195634	0.136732484304359	0.661550842036245	0.000291559864866041	TbID	MEK2DD	no	-
SMDT1	0.891625086943039	0.0151931179304749	-0.722179988691573	0.00873989140806268	opposite	MEK2DD	no	-
SMPDL3B	2.57258350785757	0.00103835227737331	-0.00563388807217652	0.983709347152301	AP-MS	MEK2DD	yes	gain
SNAP29	0.539960074842635	0.021484095912933	0.274966270473006	0.00486299536036332	congruent	MEK2DD	no	-
SNAPIN	-0.331718159758175	0.29930615589497	0.489631286448647	0.00103522305062539	TbID	MEK2DD	no	-
SNCB	NA	NA	0.987450061792971	3.46405236542357e-05	TbID	MEK2DD	no	-
SNF8	0.682201166581682	0.0840076282623099	0.299511926073679	0.0131687807154029	TbID	MEK2DD	no	-
SNX17	0.0442183190034203	0.904333885980002	-0.125213992131779	0.106373925930866	nsig	MEK2DD	no	-
SNX3	0.59668976548898	0.144637109906844	0.51880423800423	0.000784550915219334	TbID	MEK2DD	no	-
SOD1	-0.77393342017103	0.00424459210368827	0.0419388109042335	0.730128377268497	AP-MS	MEK2DD	no	-
SOWAHC	0.678463814778892	0.0746401275838234	0.911486499322785	8.95905243647416e-05	TbID	MEK2DD	no	-
SPAG5	0.456112023807178	0.00134184720163769	0.296359024896391	0.00447853546734951	congruent	MEK2DD	no	-
SPAG9	0.994298544432008	5.15988169810023e-05	0.284325532267276	0.0201587148688616	congruent	MEK2DD	no	-
SPHK1	1.2875898735717	0.0178548136215324	NA	NA	AP-MS	MEK2DD	yes	gain
SPINT2	0.825078391416625	0.0108228937370378	0.632009030796872	0.00233610524082525	congruent	MEK2DD	no	-
SPOCD1	1.36318366093914	0.0125527160018052	NA	NA	AP-MS	MEK2DD	yes	gain
SPOP	-0.399454386633081	0.64392750195547	0.618190795413612	0.0023098329677842	TbID	MEK2DD	no	-
SPRED1	0.796544511252344	0.16878328122657	0.780711234061455	0.00234261557434922	TbID	MEK2DD	no	-
SPRED2	1.19303726759451	0.0633397693054895	0.545779096751553	0.00197047678006794	TbID	MEK2DD	no	-
SPRY2	0.269673714951598	0.533910043014681	1.34938749265163	0.000140225140651311	TbID	MEK2DD	yes	gain
SPRY4	2.25920683123643	0.000630099026293237	1.39408530178731	0.000165137643159664	congruent	MEK2DD	yes	gain
SPRYD7	1.10718395071058	0.000654787328016996	0.642015097396446	0.015547377544787	congruent	MEK2DD	yes	gain
SQOR	-0.297230204155191	0.0375618871184183	-0.647154058531265	0.000803921742015971	congruent	MEK2DD	no	-
SQSTM1	0.333913567123228	0.018113137976121	0.352902987278448	0.0210353798428449	congruent	MEK2DD	no	-
SRPRA	0.695520013391272	0.000332631923211615	0.777788358270585	0.000146645607341587	congruent	MEK2DD	no	-
SRPX2	NA	NA	1.54090481267996	0.0154100571876709	TbID	MEK2DD	yes	gain
ST3GAL5	1.67985671098326	0.00269398525562917	0.684163892885861	0.120699744402462	AP-MS	MEK2DD	yes	gain
STAM	0.134014719917876	0.712609177627026	0.256574196069392	0.0215367052490988	TbID	MEK2DD	no	-
STIP1	0.901965756297251	9.84596045264661e-05	-0.0454125902470043	0.678079786640386	AP-MS	MEK2DD	no	-
STK11	0.394175622440189	0.293456474597098	-0.16714853084575	0.10577943533123	nsig	MEK2DD	no	-
STK33	1.86774369332181	1.82691574148855e-05	0.0494344761647857	0.499984419401541	AP-MS	MEK2DD	yes	gain
STMN2	NA	NA	0.663598286621401	0.0072241628796923	TbID	MEK2DD	no	-
STOM	0.328981029812757	0.0806481420620783	0.0607543064200892	0.503534091409548	nsig	MEK2DD	no	-
STRAP	0.133475310686345	0.243386032275753	0.457796640083433	0.000460860258122042	TbID	MEK2DD	no	-
SUGT1	0.722112897505256	0.000232192846620759	0.769592012485027	0.000182158938380879	congruent	MEK2DD	no	-
SV2A	1.1195235571622	0.000109025036886007	0.289481962786298	0.0163730853238379	congruent	MEK2DD	yes	gain
SVIL	0.252318613073039	0.209884680447762	1.17762597023263	1.76015298292911e-05	TbID	MEK2DD	yes	gain
SYAP1	0.0863476679593152	0.72730987101483	0.518576279038337	0.000885507746776075	TbID	MEK2DD	no	-
SYN1	NA	NA	0.885616943731717	0.0015278072501657	TbID	MEK2DD	no	-
SYN3	NA	NA	0.843421765288837	0.000994801354735195	TbID	MEK2DD	no	-
SYNGR3	0.88409846890206	0.00456280805457331	0.0802965996587248	0.867741116608562	AP-MS	MEK2DD	no	-
SYNJ1	0.187039059258961	0.107208289118777	0.609947574781208	0.000285243837890498	TbID	MEK2DD	no	-
SYNJ2BP	0.804830472957949	0.239479021770524	NA	NA	AP-MS	MEK2DD	no	-
SYNPO	1.57594275934738	0.0186693464999937	1.85238463023347	0.000250993220003218	congruent	MEK2DD	yes	gain
SYT14	NA	NA	0.159997892459584	0.468863515666326	TbID	MEK2DD	no	-
SYTL2	NA	NA	1.05778833451968	0.000276048994315352	TbID	MEK2DD	yes	gain
SYTL5	0.172874224354454	0.618042853978776	0.180481687578462	0.193131520008073	nsig	MEK2DD	no	-
TAB2	-0.558403489626408	0.00228929706609871	0.373404680791187	0.00153568854443417	opposite	MEK2DD	no	-
TAC1	NA	NA	1.19831078266621	0.000219601674739697	TbID	MEK2DD	yes	gain
TACC3	0.0989650096176461	0.536384297957476	0.557464139877749	0.0002512371046718	TbID	MEK2DD	no	-
TAGLN	NA	NA	1.20222005802505	0.000290037320090222	TbID	MEK2DD	yes	gain
TAGLN2	0.113494780186123	0.300523071380029	0.888363521818734	0.000146410025533236	TbID	MEK2DD	no	-
TAP2	0.97176307238081	0.000591065776475549	0.0922902979954742	0.222718794429862	AP-MS	MEK2DD	no	-
TAX1BP3	NA	NA	0.145113036055378	0.421923458758047	TbID	MEK2DD	no	-
TFPI2	1.73292710006147	0.00105345320730448	2.54543334260938	1.91763735169822e-05	congruent	MEK2DD	yes	gain
TFRC	1.04812595378063	8.35840158570512e-05	0.392458954891821	0.00081921331107793	congruent	MEK2DD	yes	gain
TGFB1	2.79810733868285	1.29517685328198e-05	2.11022591219462	8.20418104239389e-06	congruent	MEK2DD	yes	gain
THSD1	-0.13376191736512	0.795872748291197	0.412164316041249	0.0193405974930035	TbID	MEK2DD	no	-
TIMM10	0.482232576766423	0.245489058762364	0.229373566376529	0.18657141743571	nsig	MEK2DD	no	-
TIMM22	1.56997615996031	0.00815694191376088	0.0691624139362257	0.95671936863631	AP-MS	MEK2DD	yes	gain
TIMP1	2.21156048773775	0.00152038687135263	1.15678070241901	0.00117698741962928	congruent	MEK2DD	yes	gain
TJP1	0.322437712707617	0.0580883796591528	0.834642814726779	5.72403903609513e-05	TbID	MEK2DD	no	-
TJP2	0.403979633119358	0.00698684491935222	0.891364203047172	4.06470196716199e-05	congruent	MEK2DD	no	-
TLCD3A	1.17373527302544	0.000237807286677828	-0.0788291070224167	0.284714524796053	AP-MS	MEK2DD	yes	gain
TM9SF3	0.910443562194207	0.000467845279670887	-0.127553070049768	0.134687767008079	AP-MS	MEK2DD	no	-
TMEM102	0.781307555169043	0.147703077485615	0.605712092561006	0.000281952287589596	TbID	MEK2DD	no	-
TMEM147	0.530715220177087	0.301438045168515	0.0698231836427565	0.583044837862412	nsig	MEK2DD	no	-
TMEM185B	1.00848789946115	0.0131883618762586	0.640959290810205	0.0157181281981728	congruent	MEK2DD	yes	gain
TMEM200A	NA	NA	1.03400990733702	0.0027387606287158	TbID	MEK2DD	yes	gain
TMEM250	1.13544419970763	0.143977225171928	-0.748346221536721	0.000208961697251494	TbID	MEK2DD	no	-
TMEM263	1.12000449613231	0.000537995463806367	0.572618403069743	0.000575418542310903	congruent	MEK2DD	yes	gain
TMEM33	1.05485211169889	0.00042911487110499	0.0673598698836421	0.428468406159771	AP-MS	MEK2DD	yes	gain
TMEM41B	1.43641330092837	0.000769343338056046	0.185756859126031	0.417369932585058	AP-MS	MEK2DD	yes	gain
TMEM59	0.974453994539473	0.00588457161288044	0.8965264704592	0.0110851794053212	congruent	MEK2DD	no	-
TMF1	0.160290235018271	0.784766490307574	0.331292232104344	0.00218348398509008	TbID	MEK2DD	no	-
TMSB10	NA	NA	0.669722365014799	0.000443607355218741	TbID	MEK2DD	no	-
TNFAIP1	0.749364192902741	0.0275820213848913	0.203260660161883	0.196827398294915	AP-MS	MEK2DD	no	-
TNFRSF10B	0.999758829542034	0.0288137717226581	0.675508039391188	0.00276185774129605	congruent	MEK2DD	no	-
TNFSF9	1.35586062713767	0.00936222010437673	1.51575916518932	0.0227040864585811	congruent	MEK2DD	yes	gain
TNIK	0.53839353994486	0.000698206184862823	1.01514551705541	1.76015298292911e-05	congruent	MEK2DD	yes	gain
TNRC6A	0.0319258054993837	0.791015125554273	0.493450615708404	0.000294355639447563	TbID	MEK2DD	no	-
TNRC6B	-0.261232761317283	0.0265215102235815	0.42306666558766	0.000799744242719832	opposite	MEK2DD	no	-
TNRC6C	-0.31229756069352	0.00285470285914217	0.496356792485261	0.000226710186203164	opposite	MEK2DD	no	-
TOB1	NA	NA	0.197766534581912	0.0227631469537851	TbID	MEK2DD	no	-
TOMM70	0.842558716074134	0.000247197929228664	-0.187769136337817	0.0616891491126616	AP-MS	MEK2DD	no	-
TOR1B	0.997830744899338	0.0268764067825839	0.439652031209762	0.00205845217735664	congruent	MEK2DD	no	-
TP53BP2	-0.325148142361074	0.0135435684607962	0.387850879987922	0.00134281712943016	opposite	MEK2DD	no	-
TPD52L2	0.393600039195906	0.194019513843052	0.935039746480482	5.67452963189544e-05	TbID	MEK2DD	no	-
TPRA1	-0.987541597019221	0.15391333627422	NA	NA	AP-MS	MEK2DD	no	-
TPRN	-0.578541955417816	0.0272419681748327	0.329228386957505	0.00263830185690196	opposite	MEK2DD	no	-
TRIB1	1.52799829154119	0.0113004450575041	2.28605200240994	0.000122525343188382	congruent	MEK2DD	yes	gain
TRIB3	1.57520623981706	2.04400159469657e-05	-0.123060179149213	0.596852582089824	AP-MS	MEK2DD	yes	gain
TRIM26	-0.278038775800808	0.0422115946385738	0.284869705857524	0.00956917046342679	opposite	MEK2DD	no	-
TRIM5	0.0769185938758886	0.545392769186284	0.449677019532207	0.00229303298850092	TbID	MEK2DD	no	-
TRIM62	0.852756201144107	0.054910687879816	0.270804126031519	0.0747512350669325	nsig	MEK2DD	no	-
TROAP	-0.106931902359146	0.26090701785896	0.777177914947529	8.54609804716226e-05	TbID	MEK2DD	no	-
TTC1	0.512429297023841	0.00754141428316545	0.521075833909512	0.000416808625579014	congruent	MEK2DD	no	-
TTC39C	1.3304511883298	0.231384207832087	0.153990681003516	0.0303321033340015	TbID	MEK2DD	no	-
TTC4	0.432027657006684	0.00406853438315119	0.508118638775896	0.000570690806754407	congruent	MEK2DD	no	-
TTK	0.156671386146783	0.131550185540908	0.411068124266033	0.00101678457034034	TbID	MEK2DD	no	-
TTLL4	0.175707551869384	0.51597702337335	0.35405214806922	0.00102799005500971	TbID	MEK2DD	no	-
TTPAL	NA	NA	0.920876351501527	0.000596726791270778	TbID	MEK2DD	no	-
TUBA3E	0.541199012931455	0.028039185483336	NA	NA	AP-MS	MEK2DD	no	-
TUBA4A	2.46953755219835	0.0829468275001562	0.576680030834201	0.00332556147581576	TbID	MEK2DD	no	-
TUG1	1.34901144824853	0.000448884750306084	0.248899979750054	0.0576155017658117	AP-MS	MEK2DD	yes	gain
TUSC2	0.6699994621451	0.0972054215517609	0.543447512803745	0.0115855743712211	TbID	MEK2DD	no	-
TUT7	0.31903260268442	0.0458511821051367	0.567034595749018	0.000462262212810373	congruent	MEK2DD	no	-
TXLNB	-2.16942340452933	0.0314016757406228	NA	NA	AP-MS	MEK2DD	yes	loss
TXNDC11	2.82685625987511	0.0026428450849253	0.0243834717207976	0.805329599044523	AP-MS	MEK2DD	yes	gain
TXNDC9	0.149374189902028	0.720967848303407	0.354600454244347	0.0115457956876799	TbID	MEK2DD	no	-
UBALD2	NA	NA	0.662225647566923	0.00372693952496374	TbID	MEK2DD	no	-
UBAP2	-0.224721659882589	0.0873534509002897	0.759776039611132	0.000118731105698932	TbID	MEK2DD	no	-
UBE2D1	1.94735889069591	0.0103997227153835	0.347949974793363	0.0112123643427177	congruent	MEK2DD	yes	gain
UBE2J1	1.31625838268166	0.00128394537783641	0.392555579563745	0.00443265202172095	congruent	MEK2DD	yes	gain
UBE2S	0.539145666159263	0.204677978948076	0.506839231207689	0.000294355639447563	TbID	MEK2DD	no	-
UBXN8	1.17093561503069	8.35840158570512e-05	0.791226461991678	0.000196855097547437	congruent	MEK2DD	yes	gain
UFD1	-0.019275394358967	0.908792613750409	0.59159802253583	0.000361244734349495	TbID	MEK2DD	no	-
UGGT2	1.23791063577755	1.35710182270237e-05	0.262362577378218	0.00550506226857092	congruent	MEK2DD	yes	gain
UPP1	1.68716843048092	2.51595853410134e-05	1.4778513992645	5.10368076836156e-05	congruent	MEK2DD	yes	gain
USP11	0.907429481422851	7.57113276082409e-05	0.526758540708381	0.000354185584747202	congruent	MEK2DD	no	-
USP15	0.276943580015055	0.0272982335537237	0.607485906441064	0.000290037320090222	congruent	MEK2DD	no	-
USP16	-0.245164752997091	0.304426927360788	0.333690956253455	0.00216756327551667	TbID	MEK2DD	no	-
USP17L5;USP17L15;USP17L11;USP17L22;USP17L17;USP17L19;USP17L20;USP17L24	1.15060432561697	0.0108107317760064	NA	NA	AP-MS	MEK2DD	yes	gain
USP17L7	2.59676071415023	0.000551673989872541	NA	NA	AP-MS	MEK2DD	yes	gain
USP33	1.02229843648028	0.000313383445879226	0.438586169280388	0.000279345561477494	congruent	MEK2DD	yes	gain
VAMP1	NA	NA	0.155616275937292	0.253627949471848	TbID	MEK2DD	no	-
VASP	0.89399457681295	0.00132762798316603	1.46161230366096	8.20418104239389e-06	congruent	MEK2DD	yes	gain
VCL	0.562618533708575	0.140864641309534	0.690025067464898	0.000115573424185124	TbID	MEK2DD	no	-
VDAC1	1.00526891789238	0.000291079397001138	-0.224383380583673	0.0171557203920975	opposite	MEK2DD	yes	opposite
VGF	1.44468206995097	0.00710839820027448	0.526218123457599	0.00683639351532126	congruent	MEK2DD	yes	gain
VMP1	1.25291331160947	0.00211539241879978	0.172415278111785	0.129743492582952	AP-MS	MEK2DD	yes	gain
WDR45	0.55739338782972	0.0030882039122481	0.31474039320269	0.00835441727310515	congruent	MEK2DD	no	-
WDR7	-0.613665873160176	0.000194534529731239	-0.401829049942259	0.00326344615653482	congruent	MEK2DD	no	-
WDTC1	1.11460026482821	9.31351801828448e-05	0.0874882336090679	0.220388650291704	AP-MS	MEK2DD	yes	gain
WIPF2	-0.316545907632955	0.154019232336834	0.522200493891382	0.000414847188000545	TbID	MEK2DD	no	-
WSB2	1.17521664046396	0.00819041347894465	2.01251999784736	3.46405236542357e-05	congruent	MEK2DD	yes	gain
WWTR1	0.0615163752934371	0.893927904252734	0.65946016978759	0.00297765551133899	TbID	MEK2DD	no	-
YAP1	0.680147742620633	0.191898534247128	0.313733073568766	0.0043599032023047	TbID	MEK2DD	no	-
YKT6	0.089838824160345	0.817139284035669	0.422920357746383	0.00122356445231396	TbID	MEK2DD	no	-
YTHDF3	0.0644866416761611	0.766518357152061	0.77907520490606	0.000248165935603278	TbID	MEK2DD	no	-
YWHAB	-0.410920815783119	0.0766254038018485	0.0804949840325724	0.512858186232618	nsig	MEK2DD	no	-
YWHAE	-0.809259431598525	0.00367377981187032	-0.141136631662411	0.217978670989333	AP-MS	MEK2DD	no	-
YWHAG	-0.458754506741689	0.00319305025325668	0.229561303172181	0.108489415664868	AP-MS	MEK2DD	no	-
YWHAH	-0.68756057524488	0.00104927200431091	0.0409208804443268	0.676783113978142	AP-MS	MEK2DD	no	-
YWHAQ	-0.676589418221133	0.00499365231693545	-0.161646640531909	0.0658258629592798	AP-MS	MEK2DD	no	-
YWHAZ	-0.0720815297034365	0.675517851736234	0.579709133563669	0.00144924550322012	TbID	MEK2DD	no	-
ZCCHC12	0.220737293296424	0.614317552171177	1.5944549448937	1.67307688835027e-05	TbID	MEK2DD	yes	gain
ZCCHC2	-0.369968212328252	0.010261361604487	0.262027411855581	0.00413999176209903	opposite	MEK2DD	no	-
ZFAND5	NA	NA	0.374241802620219	0.00601451482572286	TbID	MEK2DD	no	-
ZFAND6	0.100451189865452	0.803870575157381	0.716437399239384	0.00422503295748304	TbID	MEK2DD	no	-
ZFP36	2.16992677188895	1.82691574148855e-05	1.36888508416348	0.00025423587301708	congruent	MEK2DD	yes	gain
ZFP36L2	0.457832674051425	0.232448188182688	0.704902249776688	0.000287856480477192	TbID	MEK2DD	no	-
ZFYVE1	NA	NA	0.737654669829183	0.000140225140651311	TbID	MEK2DD	no	-
ZFYVE16	0.647209815791797	0.000328561855964455	0.525974148375863	0.000786818371471134	congruent	MEK2DD	no	-
ZNF214	NA	NA	0.426868127520256	0.123603780182977	TbID	MEK2DD	no	-
ZNF429	NA	NA	0.589152687829679	0.0160985337210089	TbID	MEK2DD	no	-
ZNRF1	0.510267283155282	0.492778693795435	-0.0159792112721441	0.929756658317482	nsig	MEK2DD	no	-
ZSCAN18	0.862724800423733	0.0311333532693394	0.239948467131054	0.0902591117875127	AP-MS	MEK2DD	no	-
ZYX	0.248496051316517	0.534469992328956	0.952354491492652	4.86692161345477e-05	TbID	MEK2DD	no	-
ABCB11	NA	NA	0.890933399296113	0.000450611875897213	TbID	HrasG13R	no	-
ABHD13	NA	NA	0.685564522212521	0.000427058130799736	TbID	HrasG13R	no	-
ACSF2	NA	NA	0.699330547256736	0.106208098439887	TbID	HrasG13R	no	-
ACTA1	0.139552214919359	0.647877523401788	1.55117729895985	8.44457766891037e-06	TbID	HrasG13R	yes	gain
ACTBL2	0.627831739606905	0.325997311255419	1.35431619609511	8.44457766891037e-06	TbID	HrasG13R	yes	gain
ACTL8	0.554358930267846	0.334380641958738	0.273252519949801	0.0131121373249952	TbID	HrasG13R	no	-
ACTN1	-0.0686821395144026	0.914447952485226	1.07177776462936	6.11576021385066e-05	TbID	HrasG13R	yes	gain
AFDN	2.16754565649058	0.00276825655842934	1.02700130796899	4.44351036365443e-05	congruent	HrasG13R	yes	gain
ALG11	0.635488200720461	0.192053008344343	0.954804874810835	5.91221339726409e-05	TbID	HrasG13R	no	-
ALOXE3	0.297900878295252	0.709745936133155	-0.399839373020063	0.0275995964305952	TbID	HrasG13R	no	-
ANKH	NA	NA	0.838386128003482	0.000381700067430289	TbID	HrasG13R	no	-
ANXA5	0.45119741112621	0.54899986318957	1.37163421154633	8.44457766891037e-06	TbID	HrasG13R	yes	gain
APMAP	-0.30669798633573	0.420667245584401	1.16141212987771	0.000189965556742329	TbID	HrasG13R	yes	gain
APOBEC3B	NA	NA	1.25660818265727	2.63248445931645e-05	TbID	HrasG13R	yes	gain
ARAF	2.51901932516643	0.0454819521955903	-0.125262193657116	0.10424767321946	AP-MS	HrasG13R	yes	gain
ARHGAP11A	1.0429685295813	0.139326520047592	-0.317499467100112	0.00612231046694955	TbID	HrasG13R	no	-
ARHGAP28	0.733699104778049	0.209663327945773	0.618577004171975	0.00244493409545774	TbID	HrasG13R	no	-
ARHGEF6	-0.549613492284988	0.197971069355166	-0.624152392918223	0.000326424838154646	TbID	HrasG13R	no	-
ARHGEF7	0.394098506481362	0.281692305039749	0.511683525868254	0.000474205097063562	TbID	HrasG13R	no	-
ARPC4	0.411408413495542	0.325369429203731	0.694408363304931	0.000254094482792697	TbID	HrasG13R	no	-
ARPC5L	-0.0335061616178732	0.930632940794896	0.922595780969446	5.58232556795072e-05	TbID	HrasG13R	no	-
ASPM	0.645950782198845	0.360306622406417	0.700845693736901	0.000411106638123803	TbID	HrasG13R	no	-
ATP5F1B	-0.26956918063183	0.484609738377484	1.05599302155786	0.000160067110903371	TbID	HrasG13R	yes	gain
BCAS2	0.101210882436243	0.780934496501274	0.642879000950347	6.72782050816492e-05	TbID	HrasG13R	no	-
BLVRB	0.280438119841431	0.535788740057849	1.08767404206164	0.000221842648690723	TbID	HrasG13R	yes	gain
BRAF	1.94289052565985	0.0834685777713728	1.6828223806879	4.44477754867483e-05	TbID	HrasG13R	yes	gain
C4A;C4B	NA	NA	0.625738288283092	0.000500561006735237	TbID	HrasG13R	no	-
CA2	NA	NA	0.695977324016952	0.00292366806067849	TbID	HrasG13R	no	-
CANX	-0.492385823870294	0.216676727158779	1.36538034308993	1.47819578411724e-05	TbID	HrasG13R	yes	gain
CBARP	3.9334678738457	0.0162262773268893	1.90439659180377	1.33298857921685e-05	congruent	HrasG13R	yes	gain
CBLB	0.0832146737392888	0.871628110523734	-0.744285880634753	9.89160058342678e-05	TbID	HrasG13R	no	-
CCAR1	0.907176358177163	0.11632120855031	0.965293248184584	1.52410694093764e-05	TbID	HrasG13R	no	-
CCN1	0.397550070507396	0.422400941463217	0.91161059335706	2.27436442544289e-05	TbID	HrasG13R	no	-
CDC123	0.402329829576606	0.55104981898246	0.195777001979171	0.0135873727633097	TbID	HrasG13R	no	-
CENPI	0.794246125540367	0.273209981438224	0.0193160826101247	0.82198088496242	nsig	HrasG13R	no	-
CENPL	NA	NA	0.711768425274243	0.00128503470000439	TbID	HrasG13R	no	-
CEP104	1.09510902070026	0.0733450675797011	1.78007050945373	8.44457766891037e-06	TbID	HrasG13R	yes	gain
CHAF1A	0.206026600712876	0.496230044084066	1.01148977510974	3.50151285631062e-05	TbID	HrasG13R	yes	gain
CHAF1B	0.124478836057278	0.660539241896774	0.892378277197933	3.33710728307632e-05	TbID	HrasG13R	no	-
CHAMP1	1.37370470372892	0.0238141395314876	0.0750235761159275	0.429163008125287	AP-MS	HrasG13R	yes	gain
CIAPIN1	-0.360869648029072	0.276300078717445	-0.395746124775103	0.00164860612953366	TbID	HrasG13R	no	-
CKAP2	1.46835353924343	0.133860410069225	0.649994715244278	3.87911294499657e-05	TbID	HrasG13R	no	-
CLUAP1	1.12892367420571	0.14384635171253	-0.195729533899274	0.0924864000643118	nsig	HrasG13R	no	-
CNPY2	0.458071284290239	0.440358689770839	1.67350714467308	1.33298857921685e-05	TbID	HrasG13R	yes	gain
COLGALT1	-0.403743320929254	0.214490611940931	1.24489821577149	8.44457766891037e-06	TbID	HrasG13R	yes	gain
CORO1A	0.847062303246618	0.207112749578259	0.858135801654109	0.000497714290863854	TbID	HrasG13R	no	-
CORO1B	-0.0943041679626532	0.737576409886628	1.1708298552479	1.33298857921685e-05	TbID	HrasG13R	yes	gain
CORO1C	-0.737377036265337	0.141399619851719	0.864738995241688	0.000261326045708886	TbID	HrasG13R	no	-
CORO2A	-1.4200991653353	0.00876430663733192	0.0695559780761662	0.322823814986535	AP-MS	HrasG13R	yes	loss
CRABP2	0.58428230669589	0.282776492819143	1.59369591406822	3.7756746098744e-05	TbID	HrasG13R	yes	gain
CRACDL	0.863979302893674	0.191133078336601	NA	NA	AP-MS	HrasG13R	no	-
CRIP2	1.75237340224735	0.123000331538813	0.836552884229726	7.96618923313164e-05	TbID	HrasG13R	no	-
CRMP1	0.105521241646104	0.734056095880019	0.249705562225438	0.0141212357976163	TbID	HrasG13R	no	-
CS	-0.252515789085638	0.481689468323217	0.780334687718484	0.000238944518663806	TbID	HrasG13R	no	-
CSPG4	-0.0496170707233208	0.847112511269943	0.0257324471330158	0.932290995156624	nsig	HrasG13R	no	-
CSRP1	1.26642895456014	0.174341399674101	-0.203529224161091	0.144563499596723	nsig	HrasG13R	no	-
CTDSP2	-0.415923270354342	0.430158083749617	0.594058929600096	0.00107881790700095	TbID	HrasG13R	no	-
CTSV	1.12244030001774	0.156864906483039	0.744958350460477	0.0451540953821026	TbID	HrasG13R	no	-
DBT	0.141474995092127	0.726456676734974	1.11446396541815	0.00252175168570391	TbID	HrasG13R	yes	gain
DLAT	-0.24404261263741	0.438693292224846	1.03443604035668	1.90091304195229e-05	TbID	HrasG13R	yes	gain
DLGAP4	NA	NA	0.237458035247368	0.0351606450973411	TbID	HrasG13R	no	-
DLL3	0.966296833843943	0.141399619851719	NA	NA	AP-MS	HrasG13R	no	-
DLST	-0.396360572044118	0.206133007362579	0.826510009178331	0.000862468264125006	TbID	HrasG13R	no	-
DMTN	0.806775587458976	0.530941219557608	0.237758090661855	0.02724285374942	TbID	HrasG13R	no	-
DNAJC22	NA	NA	0.32669207245519	0.031565196529226	TbID	HrasG13R	no	-
DNAJC5	NA	NA	0.931925221279876	0.0141163432084275	TbID	HrasG13R	no	-
DZIP3	-1.36622921529736	0.133860410069225	-0.357095649837344	0.00675643250593268	TbID	HrasG13R	no	-
ECHS1	-0.439723177399762	0.197129899628641	1.18418862197282	1.47819578411724e-05	TbID	HrasG13R	yes	gain
EDIL3	0.319699388353676	0.539994044086381	1.28148121084492	2.74358186750513e-05	TbID	HrasG13R	yes	gain
EEF1B2	0.0397746610097522	0.913822757174568	0.621456273752662	0.000717228812942727	TbID	HrasG13R	no	-
EEF1D	-0.0149276879787287	0.962039478073862	0.755220258472545	0.00245636800056457	TbID	HrasG13R	no	-
EEF1G	-0.15827477628187	0.71060497363177	0.565299320390162	0.000906468595398894	TbID	HrasG13R	no	-
EFNB2	0.553739509766131	0.177929078778925	1.08138512768878	1.33298857921685e-05	TbID	HrasG13R	yes	gain
ELOF1	0.57547794969536	0.638906157593432	0.626948587725578	0.00771331780894929	TbID	HrasG13R	no	-
ELP1	-0.973800742617422	0.125230334543468	-0.187113683568657	0.0446431339980886	TbID	HrasG13R	no	-
ELP2	-0.949110790185132	0.124203169911312	0.0885253541289285	0.456393280480266	nsig	HrasG13R	no	-
ELP3	-0.996403039080825	0.118704835544738	-0.0788673821845314	0.249043756287692	nsig	HrasG13R	no	-
ELP4	-0.66811463721813	0.171225504580141	-0.422824805201934	0.00221627867036176	TbID	HrasG13R	no	-
ELP5	-0.853326499376546	0.153929801705748	-0.401814400267754	0.00256397838523145	TbID	HrasG13R	no	-
EMILIN2	1.94561595136746	0.0454819521955903	0.665633072754496	0.000394459553684518	congruent	HrasG13R	yes	gain
EPHA2	0.0893703114575189	0.786275479446177	0.869438738837422	2.89242784471281e-05	TbID	HrasG13R	no	-
EPHA5	0.40186016344625	0.413442509639394	0.674229203763216	0.000753250317680832	TbID	HrasG13R	no	-
EPHA7	-0.150479669835235	0.660899747034659	0.7453034422032	0.000307449989816914	TbID	HrasG13R	no	-
EPHB4	0.0481489186911954	0.947592310745658	0.780738846374128	0.0001767291137162	TbID	HrasG13R	no	-
ERP44	0.334261333177411	0.29018063303409	1.26780378841872	1.29450290789588e-05	TbID	HrasG13R	yes	gain
ESD	0.0488022225072407	0.920901127936585	0.640491994299687	0.00313791448933329	TbID	HrasG13R	no	-
ETFA	-0.268800102417238	0.363740206615872	1.17734371289377	1.08877553110832e-05	TbID	HrasG13R	yes	gain
F5	2.21995680597003	0.041275097277555	NA	NA	AP-MS	HrasG13R	yes	gain
FBH1	0.186275302234316	0.661661423196424	-0.0263318313143312	0.842505033998311	nsig	HrasG13R	no	-
FKBP1A	-0.0156537485284688	0.982122524909693	1.25872378190452	7.45024584947493e-05	TbID	HrasG13R	yes	gain
FLT1	NA	NA	0.78739896498095	0.000393259639769013	TbID	HrasG13R	no	-
FN1	0.372632599061846	0.542754674818369	1.18845527798677	8.44457766891037e-06	TbID	HrasG13R	yes	gain
FOXC2	1.2131126461119	0.158502835558423	-0.241578930884424	0.0895715466235552	nsig	HrasG13R	no	-
FSCN1	0.470149406686442	0.384669534697053	0.867378038963615	1.72511592148031e-05	TbID	HrasG13R	no	-
GAB2	0.626238524420674	0.317486690037219	-0.318724101842499	0.0314970557668132	TbID	HrasG13R	no	-
GFUS	NA	NA	0.274688625348504	0.0637383940254796	TbID	HrasG13R	no	-
GNA11	-0.303543049572462	0.366987106420345	0.804815438150363	0.000114481440229326	TbID	HrasG13R	no	-
GSN	NA	NA	0.876280701028583	0.001460722216724	TbID	HrasG13R	no	-
GUK1	NA	NA	1.07457856054319	6.23279843419354e-05	TbID	HrasG13R	yes	gain
HCN4	0.826423695043491	0.11632120855031	NA	NA	AP-MS	HrasG13R	no	-
HDAC7	1.00239532433209	0.0810517869993867	-0.419659297271935	0.0117513882722562	TbID	HrasG13R	no	-
HINT2	NA	NA	1.53142019911189	0.000522826955645681	TbID	HrasG13R	yes	gain
HRAS	0.201082269151643	0.836200209288049	0.42819999594088	0.00106076370047954	TbID	HrasG13R	no	-
HSP90B1	-0.156262652831817	0.558769501364969	1.0554997038181	3.50151285631062e-05	TbID	HrasG13R	yes	gain
HSP90B2P	-0.0109609501113705	0.974849619527114	1.15235176400047	6.15067241088999e-05	TbID	HrasG13R	yes	gain
HSPB8	1.31021121763989	0.11632120855031	NA	NA	AP-MS	HrasG13R	no	-
HSPE1	-0.0732554511737023	0.869470672049348	-1.28322382678228	8.60598025847012e-05	TbID	HrasG13R	yes	loss
HSPH1	0.858449633937245	0.0810517869993867	0.853712448478018	7.68423978165332e-05	TbID	HrasG13R	no	-
ID3	0.657432419763604	0.24661591109881	0.0716848995061487	0.602289100623074	nsig	HrasG13R	no	-
IFT70B	1.21701738793785	0.141918513633656	-0.363439472194442	0.00806748826111945	TbID	HrasG13R	no	-
IMPDH2	0.940339468717245	0.11632120855031	-0.0500813730790672	0.472494113801857	nsig	HrasG13R	no	-
ITGA5	NA	NA	0.53099707343951	0.00581051400392913	TbID	HrasG13R	no	-
ITGA7	0.925666599177652	0.373585393936742	1.08063206102445	0.0451154628212286	TbID	HrasG13R	yes	gain
ITM2B	0.641503575515846	0.158115104392644	1.05896969239127	0.000534735542317228	TbID	HrasG13R	yes	gain
ITM2C	0.231435171801667	0.530519600435224	0.950249843856632	0.000327908998883111	TbID	HrasG13R	no	-
JUNB	1.12533065262325	0.161333174228138	0.249408373147252	0.0113428143134926	TbID	HrasG13R	no	-
KCTD10	0.0194324621948584	0.954312106344523	-0.249660407713655	0.142737653418522	nsig	HrasG13R	no	-
KCTD12	0.474595207492663	0.191334160175616	0.796949528424004	0.000373689760956168	TbID	HrasG13R	no	-
KCTD16	0.192311721143975	0.591857258789038	NA	NA	AP-MS	HrasG13R	no	-
KIF11	0.0607004364083893	0.905187015494568	0.184811464027849	0.0563638425852671	nsig	HrasG13R	no	-
KIF14	0.312398496253768	0.247995481576186	0.901018819668663	3.7756746098744e-05	TbID	HrasG13R	no	-
KMT5A	1.07578758712971	0.206133007362579	0.68146199718591	0.00655429070618601	TbID	HrasG13R	no	-
KRAS	-0.0597750272100068	0.932494377707748	-1.05240096458234	0.0574514542954112	nsig	HrasG13R	no	-
KRT18	0.302070770872154	0.494103608659026	0.868622168386333	7.94844019050839e-05	TbID	HrasG13R	no	-
LAMB3	1.22429511370022	0.0454819521955903	0.38238476703606	0.0747632299136298	AP-MS	HrasG13R	yes	gain
LAMC2	0.746055262666282	0.19378417779948	0.228594881266996	0.572780814494425	nsig	HrasG13R	no	-
LGALS1	0.317246960310583	0.341704579376254	0.67582469037234	0.000177106225098562	TbID	HrasG13R	no	-
LMAN2	-0.180521060089913	0.579510305212071	1.02851503576127	2.85864044364293e-05	TbID	HrasG13R	yes	gain
LMO7	1.41396285541624	0.0894966561736848	0.52413354989367	0.000148835651333684	TbID	HrasG13R	no	-
LSAMP	NA	NA	0.355399195222853	0.0424853824273706	TbID	HrasG13R	no	-
LSR	1.10278275449193	0.284955596052258	0.792715719312195	0.000515619530811536	TbID	HrasG13R	no	-
LZTR1	-5.23912068656539	1.3639687147157e-05	-1.96210362318092	8.44457766891037e-06	congruent	HrasG13R	yes	loss
MAP2	0.433705290603307	0.503028124601125	0.0463061805648446	0.708953964525019	nsig	HrasG13R	no	-
MAT2A	-0.62420479343603	0.152498311252241	-0.460836517427957	0.000143900133217164	TbID	HrasG13R	no	-
MBNL2	1.13460009431217	0.0894966561736848	-0.0384253656215534	0.648698310771066	nsig	HrasG13R	no	-
MDH2	-0.41908519238182	0.246683754004089	1.24429124965832	1.0106429157958e-05	TbID	HrasG13R	yes	gain
MDM1	0.930042642239663	0.230209174349646	0.106478666167763	0.144694757245776	nsig	HrasG13R	no	-
MEST	NA	NA	0.0190416183821431	0.938708063549354	TbID	HrasG13R	no	-
METAP2	1.02646352314915	0.331213035167769	0.492503514963538	0.00116757457068485	TbID	HrasG13R	no	-
MPO	NA	NA	0.938831800227753	0.000835650500680106	TbID	HrasG13R	no	-
MTAP	0.116528091975215	0.659623901904618	-0.307478071985553	0.0276708071909511	TbID	HrasG13R	no	-
MTF1	0.476402820784418	0.276841933928793	-0.486445397484431	0.0131542165398459	TbID	HrasG13R	no	-
MYDGF	0.132284968865968	0.8199895206173	1.66245152427855	6.07324379487001e-05	TbID	HrasG13R	yes	gain
MYH9	0.038413758990671	0.910276645934441	1.20696737189323	9.67945986427366e-05	TbID	HrasG13R	yes	gain
MYOM2	0.600038121189142	0.374872440743019	-0.329785022788823	0.0379209721534274	TbID	HrasG13R	no	-
NAA16	0.979740048861718	0.271270591095277	0.89600634432173	0.00231917159335659	TbID	HrasG13R	no	-
NDRG2	NA	NA	-0.251401265695761	0.403029708916428	TbID	HrasG13R	no	-
NEBL	1.0526498356119	0.161333174228138	0.339569557423308	0.00177180288119617	TbID	HrasG13R	no	-
NEFL	0.328381594429666	0.402146786832199	1.18920196363837	1.29450290789588e-05	TbID	HrasG13R	yes	gain
NFE2L1	0.34325884236256	0.59663597893596	0.365045452731877	0.0362517151887115	TbID	HrasG13R	no	-
NFU1	-0.498402303893843	0.317658834872202	0.0837031210881951	0.710045190281993	nsig	HrasG13R	no	-
NHSL3	0.409235600811783	0.271270591095277	0.015373385066956	0.849274598795383	nsig	HrasG13R	no	-
NOVA2	NA	NA	2.66336030375489	1.0106429157958e-05	TbID	HrasG13R	yes	gain
NRAS	-1.11996081165006	0.301923000168046	-1.14777957256094	0.0182641961955484	TbID	HrasG13R	yes	loss
NTS	NA	NA	-0.323960289919966	0.0422221596385352	TbID	HrasG13R	no	-
ORMDL2	NA	NA	0.161504410055648	0.154240389109731	TbID	HrasG13R	no	-
P4HB	-0.110884186600929	0.650277687448847	1.32825558295391	1.24809925248214e-05	TbID	HrasG13R	yes	gain
PAICS	0.00789178703180223	0.992114067230929	0.0229144144018797	0.733160498411762	nsig	HrasG13R	no	-
PAIP2	0.0989347682810437	0.826484107858924	-0.309810326568637	0.00696117784104078	TbID	HrasG13R	no	-
PAK6	1.14704363101544	0.11632120855031	NA	NA	AP-MS	HrasG13R	no	-
PAN3	1.10185341431526	0.11632120855031	0.633246358499418	0.000234032941174309	TbID	HrasG13R	no	-
PCLAF	1.13911758506695	0.396604563663475	0.2713399506879	0.0270694183891322	TbID	HrasG13R	no	-
PDIA3	-0.443660492463016	0.177929078778925	1.37284053806534	8.44457766891037e-06	TbID	HrasG13R	yes	gain
PELI2	-0.126609895514566	0.765440237150059	0.763891891839304	0.247333745113812	nsig	HrasG13R	no	-
PFN1	-0.307319998399276	0.486516943877966	1.41584132181917	3.50151285631062e-05	TbID	HrasG13R	yes	gain
PFN2	-0.426627776908468	0.522430089870534	-0.0536922255858204	0.550442743318631	nsig	HrasG13R	no	-
PHPT1	NA	NA	1.84987052794135	1.33298857921685e-05	TbID	HrasG13R	yes	gain
PIH1D2	NA	NA	-0.361251553112833	0.073275568801969	TbID	HrasG13R	no	-
PIK3CA	2.5461803697284	0.0523946510509282	1.36529720234458	1.48036038860456e-05	TbID	HrasG13R	yes	gain
PIK3CD	1.49850479648615	0.0894966561736848	0.567592979499085	0.00270611744432833	TbID	HrasG13R	no	-
PIK3R1	1.46088661097818	0.0426200115399679	0.712159176912382	6.77185265866877e-05	congruent	HrasG13R	yes	gain
PKM	-0.358062113693832	0.487595574467495	0.755375426865416	5.67998664776994e-05	TbID	HrasG13R	no	-
PLCD1	-0.497082597247162	0.585204448941623	NA	NA	AP-MS	HrasG13R	no	-
PLCE1	1.28216027136815	0.112043484274657	0.815933099526865	0.000894237252502714	TbID	HrasG13R	no	-
PLOD3	-0.4807792643622	0.161333174228138	1.18281453028282	1.3476591160294e-05	TbID	HrasG13R	yes	gain
PNMA2	-0.580360473565923	0.226696063043574	-0.577010787254131	0.000591085093551579	TbID	HrasG13R	no	-
POGLUT2	0.898298105963775	0.183724518827526	0.927346404062767	0.000179922533601451	TbID	HrasG13R	no	-
POLR2G	0.0770042192353284	0.880814512848108	0.892158369473372	9.40095879326627e-05	TbID	HrasG13R	no	-
POMP	0.399351556125108	0.266821118822465	0.744374423693302	0.000198396992976298	TbID	HrasG13R	no	-
POTEE	-0.622570783794163	0.366153927173356	1.54287290657884	8.44457766891037e-06	TbID	HrasG13R	yes	gain
PPIAL4E;PPIAL4D;PPIAL4F	NA	NA	1.4852002645363	1.08877553110832e-05	TbID	HrasG13R	yes	gain
PPIF	0.164967845339984	0.671117036707023	1.00636402541442	2.84195766172553e-05	TbID	HrasG13R	yes	gain
PPP1CA	1.78024349416638	0.0359570340931722	0.428246348833589	0.00242312865284691	congruent	HrasG13R	yes	gain
PPP1CB	1.61349222970982	0.0465413236877193	0.338985254578743	0.00220700783961255	congruent	HrasG13R	yes	gain
PPP1CC	2.13470198567478	0.0359570340931722	0.433942416828866	0.000431450400540293	congruent	HrasG13R	yes	gain
PRKAR1A	-0.0262671043299419	0.941046065603813	0.745929878809064	0.000422223833951012	TbID	HrasG13R	no	-
PRKAR1B	0.204936552854434	0.476819860631926	0.495957360582281	0.0109298221815045	TbID	HrasG13R	no	-
PRKCB	0.9794107083798	0.174608166928191	-0.130538880327899	0.0474483075100669	TbID	HrasG13R	no	-
PRKCSH	0.0951607319781564	0.835332221020821	1.86000593020758	8.44457766891037e-06	TbID	HrasG13R	yes	gain
PSMC5	0.0394298513006858	0.904385787052861	-0.0288913274477442	0.658882973709459	nsig	HrasG13R	no	-
PSPC1	1.278473523756	0.205703087674255	0.466888083362854	0.00120438491894396	TbID	HrasG13R	no	-
PTRHD1	0.844073613567973	0.174950052416665	0.925153169713164	0.000162121121206645	TbID	HrasG13R	no	-
RAB2A	-0.179635431879793	0.615200045516241	1.12488260240494	0.000143900133217164	TbID	HrasG13R	yes	gain
RABIF	0.376896009177645	0.613706023588253	0.798301206753617	0.291506300250873	nsig	HrasG13R	no	-
RADIL	0.929724816676947	0.186610719094794	-0.0150500172543782	0.857069251939529	nsig	HrasG13R	no	-
RAF1	2.19447050469195	0.0839482443564676	1.61108782950726	9.22579106548281e-06	TbID	HrasG13R	yes	gain
RALA	0.72996425894752	0.30891815247125	0.622263038819522	0.000990389154853127	TbID	HrasG13R	no	-
RALB	0.532124320388533	0.491752683776308	0.900417248215693	8.60458224970531e-05	TbID	HrasG13R	no	-
RALGDS	0.337899035600907	0.575632599622835	0.972396883986213	0.000266460245547821	TbID	HrasG13R	no	-
RAP1B	-0.0217168928688117	0.982722070840151	-0.781585154702515	0.0136164581310044	TbID	HrasG13R	no	-
RAP1GDS1	0.160556388666645	0.767891655561293	0.059312047679356	0.491257637617601	nsig	HrasG13R	no	-
RASA1	0.476202802346611	0.407907871239278	0.752062211787388	0.000114457803961122	TbID	HrasG13R	no	-
RASGRF2	-1.00141379852768	0.141399619851719	-0.443286836284658	0.0147326234190507	TbID	HrasG13R	no	-
RASSF5	1.11842275412032	0.264541532753632	1.20591845745548	0.000109507432190629	TbID	HrasG13R	yes	gain
RDH12	NA	NA	0.49972774359351	0.000895214540003757	TbID	HrasG13R	no	-
RGL1	2.41429982408445	0.0839482443564676	0.392349127843555	0.0370890337893887	TbID	HrasG13R	no	-
RGL2	3.19583634612261	0.0396051132218947	1.48493590342807	4.04148981805893e-05	congruent	HrasG13R	yes	gain
RGN	NA	NA	1.07141557584029	0.00038944413667601	TbID	HrasG13R	yes	gain
RIT1	1.46765352922009	0.174608166928191	0.28380860062994	0.0508177730005793	nsig	HrasG13R	no	-
ROBO1	0.091932320020059	0.803771699697353	0.627898403017203	0.00134929265875627	TbID	HrasG13R	no	-
RP9	0.913757742463719	0.144067645590664	1.06349761141101	5.71864561982677e-05	TbID	HrasG13R	yes	gain
SC5D	NA	NA	0.34830822661245	0.00628125389891621	TbID	HrasG13R	no	-
SCNM1	0.756763286387812	0.468141423410947	-0.792028862245802	0.000184279143354765	TbID	HrasG13R	no	-
SCRIB	1.79297643468897	0.103512676570542	1.77312606491309	8.74831099359731e-06	TbID	HrasG13R	yes	gain
SELENOS	-0.26710035396565	0.440254079992437	-0.868694017213617	0.000185292219846307	TbID	HrasG13R	no	-
SENP7	0.965913386952334	0.167128187591254	0.18837333268801	0.1422232027926	nsig	HrasG13R	no	-
SEPHS2	0.0162034801992848	0.964320590444341	1.36513169194952	0.00041110723789351	TbID	HrasG13R	yes	gain
SF3A1	0.319097964126278	0.594536617607141	0.798076480090744	7.57456120711628e-05	TbID	HrasG13R	no	-
SFRP5	NA	NA	0.651054022772792	0.00305231343503958	TbID	HrasG13R	no	-
SH2D5	0.693772059876419	0.258819764073047	-0.20914480778441	0.130287978675264	nsig	HrasG13R	no	-
SHOC2	4.13312897136488	0.00137344035741703	2.40468737211	1.0106429157958e-05	congruent	HrasG13R	yes	gain
SIRT2	0.253358552145858	0.578198962351091	0.0787862734693057	0.417568010806549	nsig	HrasG13R	no	-
SKIDA1	NA	NA	0.270434745525722	0.160297413249494	TbID	HrasG13R	no	-
SLC16A7	-0.274160783951716	0.591857258789038	-0.44763399938872	0.0514266376343912	nsig	HrasG13R	no	-
SP6	1.78295705773759	0.258819764073047	NA	NA	AP-MS	HrasG13R	no	-
SP8	1.1818960580785	0.160970883251434	-0.571186852533987	0.0271092297464538	TbID	HrasG13R	no	-
SPINT2	0.958759373443942	0.0893951468647481	1.68599620300494	4.13327140700712e-05	TbID	HrasG13R	yes	gain
SPTAN1	0.382184615236859	0.253240856442976	1.02377695406759	0.000255181571733859	TbID	HrasG13R	yes	gain
SPTBN1	0.571587571733104	0.174950052416665	1.02176517119841	0.000334663901263475	TbID	HrasG13R	yes	gain
STMN3	0.305962615077159	0.366153927173356	-0.210301922978372	0.0429920657328464	TbID	HrasG13R	no	-
SUCLA2	0.527612561867301	0.208516155511266	1.18312090514733	2.84195766172553e-05	TbID	HrasG13R	yes	gain
SVBP	1.87189540976798	0.112043484274657	NA	NA	AP-MS	HrasG13R	no	-
SYNPO	0.578046971945447	0.357505521072767	0.338885562338587	0.0445648470984852	TbID	HrasG13R	no	-
TAGLN	NA	NA	1.05610814600344	0.000334688812141975	TbID	HrasG13R	yes	gain
TAX1BP3	NA	NA	0.546886895815085	0.0325965562480177	TbID	HrasG13R	no	-
TCEAL1	-0.489957741416079	0.24045872813727	-0.157448338715263	0.0746062998371178	nsig	HrasG13R	no	-
TEX30	1.08063453717456	0.107974446731533	0.576365243782882	0.00017844640566077	TbID	HrasG13R	no	-
TFPI2	0.761898853642438	0.271270591095277	0.140244660085214	0.236312096282538	nsig	HrasG13R	no	-
THBS1	NA	NA	0.556425287874653	0.000234852436085741	TbID	HrasG13R	no	-
TM9SF2	0.360403844296641	0.486938808368076	1.09668311783128	0.000120157755710407	TbID	HrasG13R	yes	gain
TMEM59	0.328390107798867	0.314013414775344	1.29399760270759	0.000232140740010001	TbID	HrasG13R	yes	gain
TMEM74	NA	NA	-0.18544868349509	0.74857694217072	TbID	HrasG13R	no	-
TNFRSF10D	1.02778545354591	0.197454241788009	0.942880938179263	0.000223832940186058	TbID	HrasG13R	no	-
TPT1	0.600963652294673	0.203847161402383	0.855267288495135	0.000157088034742028	TbID	HrasG13R	no	-
TRAF7	-3.35741340798121	0.000468521288030071	0.553400019138929	0.00034693798176724	opposite	HrasG13R	yes	opposite
TTC14	0.804685669992683	0.279155368198783	0.14657042236187	0.065584370694319	nsig	HrasG13R	no	-
U2AF1	1.11643763579958	0.161333174228138	0.882073989953386	4.45042057981421e-05	TbID	HrasG13R	no	-
U2AF2	0.884039170078608	0.292204616409588	1.20303156598064	8.87974666531442e-06	TbID	HrasG13R	yes	gain
UBAC2	0.292108413469358	0.472854508590937	1.10779214825556	2.2612728107621e-05	TbID	HrasG13R	yes	gain
UBL5	0.74209247954115	0.278290122108987	0.221081445999265	0.0590814273773366	nsig	HrasG13R	no	-
UCHL3	-0.0848264288018937	0.854340531455709	0.794331618934302	3.57085788566931e-05	TbID	HrasG13R	no	-
USP47	0.19103477760716	0.647150640185993	0.0622309086331048	0.438732094182136	nsig	HrasG13R	no	-
USP6NL	1.15980722727716	0.217347278368201	0.0746819641073585	0.457859446504572	nsig	HrasG13R	no	-
USP7	0.522289181777779	0.202769408495549	-0.153309654727681	0.0454612700239817	TbID	HrasG13R	no	-
VPS72	0.327181872171964	0.282822597631731	0.654997005274564	0.000213047992297302	TbID	HrasG13R	no	-
WWTR1	0.666369387548615	0.231955418959905	0.598840351869471	0.00369436459621544	TbID	HrasG13R	no	-
XPNPEP3	-0.0362151954282406	0.969988780269667	0.142540492888232	0.310808053823839	nsig	HrasG13R	no	-
YAP1	0.89585995226446	0.161333174228138	0.809811545467083	0.000168787956440066	TbID	HrasG13R	no	-
YWHAB	1.24855328904745	0.111837074369524	0.680039163737413	0.000183567545670218	TbID	HrasG13R	no	-
YWHAE	1.14898526674535	0.111837074369524	0.625771679342392	0.000261326045708886	TbID	HrasG13R	no	-
YWHAG	1.41826024010212	0.11632120855031	0.722127691863238	0.000251117357783175	TbID	HrasG13R	no	-
YWHAH	1.38061105370244	0.111837074369524	0.597219217832169	0.000723048340297202	TbID	HrasG13R	no	-
YWHAZ	1.05987245124684	0.147896426194922	0.838583035053123	0.000149074441222064	TbID	HrasG13R	no	-
ZDHHC20	NA	NA	0.831238044547864	0.000438095869157403	TbID	HrasG13R	no	-
ZIC2	1.0646735010584	0.133860410069225	0.909826828890611	2.84195766172553e-05	TbID	HrasG13R	no	-
ZNF776	1.08296011199704	0.335138333164633	0.519616458686068	0.0103967380807704	TbID	HrasG13R	no	-
ABHD17C	-0.715953575080837	0.0238687786341048	0.093790442420295	0.551333823138168	AP-MS	ERK1AA	no	-
ADGRL1	-1.21482598333451	0.00126833942714957	-0.285894478521848	0.0678829157076318	AP-MS	ERK1AA	yes	loss
ADGRL2	-0.805094038982669	0.00211474078744534	0.0975192322129627	0.214301530026421	AP-MS	ERK1AA	no	-
ADGRL3	-0.730365953863244	0.048670618669843	0.104765212534799	0.487804202548209	AP-MS	ERK1AA	no	-
AEN	NA	NA	0.882775120747828	0.000883929281757652	TbID	ERK1AA	no	-
ANKRD10	-0.496576212970338	0.0772215015524056	-0.18328703893022	0.237465200636461	nsig	ERK1AA	no	-
ANKRD34A	NA	NA	-0.597876591676507	0.0191026572756599	TbID	ERK1AA	no	-
ARHGAP31	0.245065699748996	0.391328264005718	-0.477819766717892	0.000928986546787944	TbID	ERK1AA	no	-
ARHGEF26	-0.232329816646313	0.175736030830749	-0.197124932463988	0.0249944813598773	TbID	ERK1AA	no	-
ARRDC4	-0.413409201777674	0.579019038257294	0.158391163813425	0.356974022617207	nsig	ERK1AA	no	-
ASPM	0.353994312897815	0.183804161178938	0.939107798304538	0.000262291180720766	TbID	ERK1AA	no	-
ATXN7	0.289284689468347	0.218562388548578	-0.416102469773786	0.0103501885105932	TbID	ERK1AA	no	-
ATXN7L2	1.226878151883	0.00974570205318003	0.164817640167032	0.24155583226885	AP-MS	ERK1AA	yes	gain
ATXN7L3	0.436317098766198	0.303119809910158	-0.270952581841076	0.0116058210487511	TbID	ERK1AA	no	-
BCL2L11	0.257768735720105	0.202398824575629	0.887422837581275	0.00345870958141928	TbID	ERK1AA	no	-
BCL7C	0.939894008899686	0.00228969037953352	0.154030948051872	0.375573231973971	AP-MS	ERK1AA	no	-
BMP8B;BMP8A	-0.981240163334838	0.0170410541232396	NA	NA	AP-MS	ERK1AA	no	-
BTBD6	NA	NA	0.296275033316599	0.136181236462492	TbID	ERK1AA	no	-
C15orf39	0.186845310353386	0.0889252075617494	-0.894033655544794	0.000490295962982022	TbID	ERK1AA	no	-
CAMSAP2	-0.328239984248443	0.0765237100738765	-0.330736689424533	0.00311536584319017	TbID	ERK1AA	no	-
CCDC138	-0.455142324916918	0.148140926988329	-0.530394592929659	0.000875732485491216	TbID	ERK1AA	no	-
CCP110	-0.360510996021596	0.00873330576628854	-0.268629945246797	0.00660534942703844	congruent	ERK1AA	no	-
CDC37	-0.100799506113403	0.496875494468962	-0.145462842954455	0.0640479133431506	nsig	ERK1AA	no	-
CDKN1A	2.62725082137408	0.000407685021483061	0.841928007334242	0.00164272763160425	congruent	ERK1AA	yes	gain
CDKN2AIP	0.753844418696335	0.000547165040078951	-0.0902865983110233	0.278679512550381	AP-MS	ERK1AA	no	-
CEMIP	-0.2472699570127	0.507857061194658	-1.18578925445501	0.00516147566539213	TbID	ERK1AA	yes	loss
CFAP119	0.478861065672027	0.23267112792033	0.0917360818132445	0.559443030958784	nsig	ERK1AA	no	-
CHERP	0.0913767029208412	0.797498840527533	-0.581085683676469	0.00073843688821522	TbID	ERK1AA	no	-
CKAP2	0.360573534847281	0.346231391653884	-0.208415731788339	0.0480223248378287	TbID	ERK1AA	no	-
CRMP1	-0.0399380639683627	0.774182799770696	0.151521223963347	0.0805434615384955	nsig	ERK1AA	no	-
CSPG4	-0.817782532456603	0.00318617618182251	-0.936304814864119	0.023679311557004	congruent	ERK1AA	no	-
CSRP1	1.59548087066931	0.00356505238011083	0.747491851050333	0.00237138570419986	congruent	ERK1AA	yes	gain
CTDSP1	-0.0890212248155219	0.831102146321263	-0.436127128668445	0.252121350202266	nsig	ERK1AA	no	-
DACH2	0.0153041452990246	0.961866446794188	NA	NA	AP-MS	ERK1AA	no	-
DCLK1	-0.627469676038491	0.0123757229679877	-0.497777553140049	0.00309427817856759	congruent	ERK1AA	no	-
DHFR2	NA	NA	-1.96071220625997	0.000566547008712033	TbID	ERK1AA	yes	loss
DHPS	-3.41972955128246	0.00012905551214974	-0.454075253156173	0.00284679127507988	congruent	ERK1AA	yes	loss
DNTTIP1	-0.0996842957544219	0.578323362754686	-0.314002434006812	0.00826144330219145	TbID	ERK1AA	no	-
DPYSL4	-0.11295571312898	0.247444341919723	-0.0719464303402672	0.402413365940886	nsig	ERK1AA	no	-
DUSP6	-0.880959478247132	0.046445701773683	-0.448602570472241	0.0119456841099529	congruent	ERK1AA	no	-
DUSP7	-1.90008306411104	0.00107090793917316	-0.46692438618837	0.0115757115837915	congruent	ERK1AA	yes	loss
DUSP9	-2.92115188751651	0.000223965936982742	-0.265495144694223	0.0312487760738801	congruent	ERK1AA	yes	loss
EDIL3	-0.294813596462335	0.631455640318706	0.964692975922297	0.000405415533577733	TbID	ERK1AA	no	-
EIF4EBP1	-0.947378566650544	0.00460656225065796	-0.187482404343364	0.186150393433992	AP-MS	ERK1AA	no	-
ENGASE	0.0158487556685546	0.929405455204082	0.334159197483212	0.00601735460819572	TbID	ERK1AA	no	-
EPB41L3	0.877182205568166	0.0021322706713192	0.127362803448065	0.126473363917115	AP-MS	ERK1AA	no	-
ERF	-2.09041075976625	0.000407685021483061	-0.403219532584011	0.00944469937586158	congruent	ERK1AA	yes	loss
ERICH1	0.102542407232473	0.877169207936242	-1.12036151024247	0.000566547008712033	TbID	ERK1AA	yes	loss
ETV3	-0.167463461765908	0.352766053709899	0.252759415893783	0.113887935953873	nsig	ERK1AA	no	-
EYA3	-0.846030107371604	0.00711678029164362	-1.07991532204664	0.000225063258501012	congruent	ERK1AA	yes	loss
F5	2.18288569818533	0.00137260377637075	NA	NA	AP-MS	ERK1AA	yes	gain
FAM83D	-0.511289214428181	0.0101568624176927	-0.0275399282825869	0.751543225123253	AP-MS	ERK1AA	no	-
FKBP5	-0.796949301721393	0.0335834957616042	-0.13296987796888	0.0784619518096674	AP-MS	ERK1AA	no	-
FLYWCH2	-0.343326051994031	0.0826757671108317	-0.0905128298181206	0.46657299641191	nsig	ERK1AA	no	-
FOXN3	-1.89263851545168	0.102356735485085	0.617899381316564	0.0078854054877132	TbID	ERK1AA	no	-
FRAT2	-0.753141666754215	0.25135787606728	NA	NA	AP-MS	ERK1AA	no	-
FRS2	-0.940754057110934	0.0238892562049286	-0.173090081026572	0.0628256413902399	AP-MS	ERK1AA	no	-
FRS3	NA	NA	0.43869140352862	0.329970560240272	TbID	ERK1AA	no	-
GAB1	-0.610329328348264	0.153952832645321	-0.242358711745943	0.0346793182287872	TbID	ERK1AA	no	-
GDAP1L1	0.257249065097911	0.519269675488659	1.05648200924628	0.000294331257188791	TbID	ERK1AA	yes	gain
GPC6	0.975243984545671	0.00297901372667441	1.11188076770841	0.000255181135346239	congruent	ERK1AA	yes	gain
GPR176	NA	NA	0.612474123491935	0.265355853813455	TbID	ERK1AA	no	-
GRIP1	-0.0895781214942525	0.437272328585429	-0.373063548144729	0.00398842767898808	TbID	ERK1AA	no	-
GRSF1	-1.57350547647172	0.000192493695495348	-0.0817755848853317	0.415009194338448	AP-MS	ERK1AA	yes	loss
H1-3	1.29084629652283	0.0310455315964723	0.557074609481914	0.0522136283541335	AP-MS	ERK1AA	yes	gain
H2BC12;H2BC5;H2BC4;H2BC18;H2BC9;H2BC15;H2BC14;H2BC13	1.43968029013863	0.0472442643191681	NA	NA	AP-MS	ERK1AA	yes	gain
HCN4	0.387998287896825	0.0325837556999856	NA	NA	AP-MS	ERK1AA	no	-
HIVEP1	0.696184910189064	0.072352374311528	-0.133868517766851	0.100036916242969	nsig	ERK1AA	no	-
HMMR	-0.504314215495584	0.00648860432327115	-0.0507585210259176	0.45173395839222	AP-MS	ERK1AA	no	-
HSP90AA1	-0.10233790098708	0.397608061443357	0.0695345420190673	0.575109436160117	nsig	ERK1AA	no	-
HSP90AA4P	-0.230468548726361	0.438236097675682	0.0300162993243271	0.766042373389691	nsig	ERK1AA	no	-
HSP90AB1	-0.161504715822424	0.237868456313155	0.0486358809044064	0.688053472708126	nsig	ERK1AA	no	-
HSP90AB2P	-2.09098873916264	0.179721885058742	NA	NA	AP-MS	ERK1AA	no	-
HSP90AB3P	0.114448427579905	0.753588769112961	NA	NA	AP-MS	ERK1AA	no	-
HSP90AB4P	0.0677395934377273	0.779591275590343	NA	NA	AP-MS	ERK1AA	no	-
ILK	-0.793370187121053	0.00219966913026248	0.00281465095195511	0.979378457936001	AP-MS	ERK1AA	no	-
IPP	-1.53021398505697	0.00128834494365422	-0.182343274974502	0.262171108420548	AP-MS	ERK1AA	yes	loss
IRS2	-0.840096958605672	0.00230226100154579	-0.704728946611623	0.000880135266676562	congruent	ERK1AA	no	-
ITPKC	-1.02624622352293	0.00222365018015943	-0.395174562779523	0.00813525208276597	congruent	ERK1AA	yes	loss
KIF16B	-0.192677699222079	0.608070904168738	-0.560905258993841	0.00126822574996495	TbID	ERK1AA	no	-
KMT5A	0.834310317466233	0.0781551031263194	0.903498201308944	0.00431510473583825	TbID	ERK1AA	no	-
L3MBTL2	1.55642815650567	0.00766998419170894	0.0399248575914542	0.600126717357955	AP-MS	ERK1AA	yes	gain
LIMS1	-0.753426085587772	0.00582358370009932	0.0861583248646089	0.289140163781633	AP-MS	ERK1AA	no	-
LONP1	-0.670602867159813	0.0159576957538154	0.0727169233311275	0.613744516845062	AP-MS	ERK1AA	no	-
LSAMP	NA	NA	0.189469515862548	0.212965684506803	TbID	ERK1AA	no	-
LZTS3	1.29504739910268	0.000623115000114137	0.318524058489718	0.00572417656527605	congruent	ERK1AA	yes	gain
MAP2K2	1.45112274424446	0.300333644744275	0.382396235811045	0.0059126421404707	TbID	ERK1AA	no	-
MAPK1	-0.682337482675899	0.282341421533889	-0.146314405693313	0.0711249988965888	nsig	ERK1AA	no	-
MAPK3	0.0870952034818955	0.85166059183916	-0.103485636794498	0.398222807720118	nsig	ERK1AA	no	-
MAPK4	-1.66705807581384	0.00601747245656129	0.416574557211379	0.112398445720227	AP-MS	ERK1AA	yes	loss
MEST	NA	NA	-0.372413243618035	0.033803848848112	TbID	ERK1AA	no	-
MIDEAS	-0.309370726192598	0.0609944913270342	-0.219654970791998	0.0411510455732443	TbID	ERK1AA	no	-
MKNK1	-1.3695368851464	0.00264130801685768	-0.230326958992601	0.0375624211809122	congruent	ERK1AA	yes	loss
MKNK2	-1.65412404901243	0.00169486609489285	-0.27283784926426	0.126006148383123	AP-MS	ERK1AA	yes	loss
MRTFB	-0.137536623702604	0.593308075365848	-0.448635035971337	0.00961931932109861	TbID	ERK1AA	no	-
MYPN	NA	NA	1.72316710231472	0.000262291180720766	TbID	ERK1AA	yes	gain
MZT1	-2.0865725300108	0.000785397590413141	0.0229001249544626	0.870054101513427	AP-MS	ERK1AA	yes	loss
MZT2B	-2.14061427352315	0.000188240255438728	-0.424580730990064	0.00374588799879591	congruent	ERK1AA	yes	loss
N4BP3	0.651730404305542	0.0196675756340476	0.0165582580886661	0.909945155090104	AP-MS	ERK1AA	no	-
NCKAP5L	-0.0224928958981271	0.886936800252111	-0.320390804019947	0.0060548997901434	TbID	ERK1AA	no	-
NEDD1	-0.615026641319529	0.00490051491362324	-0.389619453671376	0.00235754188356536	congruent	ERK1AA	no	-
NELFA	-0.192418841597796	0.189066191643394	-0.148013735871173	0.119605962604681	nsig	ERK1AA	no	-
NEO1	-0.575451441532371	0.00869626372622849	-0.255250093619509	0.0657382152955542	AP-MS	ERK1AA	no	-
NOTCH1	-0.79351881444342	0.00539146966038494	-0.218182619712526	0.0592821556411876	AP-MS	ERK1AA	no	-
OCIAD2	-0.289817287461817	0.122730556273017	0.29890459094824	0.0526502185771678	nsig	ERK1AA	no	-
OGFR	-0.824207170998467	0.000820456014802271	-0.227171422661529	0.0124958479433355	congruent	ERK1AA	no	-
PARD3B	0.785205367476916	0.00875440802977282	0.0425976856087828	0.779377320992316	AP-MS	ERK1AA	no	-
PARVA	-0.713079751577344	0.00482628828642555	0.00311344066558797	0.968580579004365	AP-MS	ERK1AA	no	-
PARVB	-1.2814840467168	0.0111717069665994	-3.62545657505744	1.45069091604631e-05	congruent	ERK1AA	yes	loss
PCDH19	-2.20026024897989	0.00297901372667441	-0.46476371771942	0.0240616411467644	congruent	ERK1AA	yes	loss
PDCD6IP	-0.995682875944431	0.000223965936982742	-0.00701976680590298	0.936915163938552	AP-MS	ERK1AA	no	-
PEA15	NA	NA	0.875626223633629	0.00102519665804963	TbID	ERK1AA	no	-
PIK3R3	-0.0595199090131535	0.664591730898638	-0.229963361420403	0.0143660422309133	TbID	ERK1AA	no	-
PINX1	0.182674094321749	0.696488074307524	-0.679294424985681	0.000875732485491216	TbID	ERK1AA	no	-
PPM1L	-0.320003748330926	0.0694093068132065	-0.000822076566795584	0.995700188593377	nsig	ERK1AA	no	-
PRPF39	-0.87938221188334	0.0124218765819173	0.0580352731175747	0.548459954569526	AP-MS	ERK1AA	no	-
PRRC2B	1.11935309841032	0.00101596604145531	0.0325076585920262	0.653314584296688	AP-MS	ERK1AA	yes	gain
PTPDC1	-1.15356677468835	0.00765203633823381	-0.470164657935738	0.0264653350331767	congruent	ERK1AA	yes	loss
PTPRZ1	-0.665256345867163	0.199988085606699	-0.901883195512194	0.00538544029669491	TbID	ERK1AA	no	-
RAI2	0.314946690093192	0.222659099340694	0.0118542285327101	0.953919741551043	nsig	ERK1AA	no	-
RAP1GAP	-0.161193612921578	0.455530126017708	0.521635847661144	0.00254132924537922	TbID	ERK1AA	no	-
RHBDF2	-1.05817047597236	0.00126833942714957	-0.280229301986488	0.0291783261736089	congruent	ERK1AA	yes	loss
RP9	0.934195220714643	0.0119339970004521	0.730472774507792	0.00053335372307716	congruent	ERK1AA	no	-
RPA1	0.347670578348534	0.00932182244626205	0.255706969318315	0.0107786277190413	congruent	ERK1AA	no	-
RPS6KA1	-1.36245878556037	0.000251896472975682	-0.170012219232516	0.0770707299445063	AP-MS	ERK1AA	yes	loss
RPS6KA2	-1.63222671835945	0.000477853157721944	-0.288309646498649	0.0159296483179927	congruent	ERK1AA	yes	loss
RPS6KA3	-1.98002194019976	0.000206361348309375	-0.321720081729608	0.0124958479433355	congruent	ERK1AA	yes	loss
RPS6KA4	-0.795471018013595	0.000600613308302597	-0.142131215268571	0.0629154776176773	AP-MS	ERK1AA	no	-
RPS6KA5	-2.29875634077174	0.000188240255438728	-0.0354089333580213	0.791790852606461	AP-MS	ERK1AA	yes	loss
RPS6KA6	-0.96075005243185	0.0137528830268381	0.17936354828419	0.0894654020581852	AP-MS	ERK1AA	no	-
RSU1	-0.743301523203563	0.0031337631084097	-0.120398043278624	0.134180354494472	AP-MS	ERK1AA	no	-
SAYSD1	-1.15890704090595	0.00999409769882491	0.68410692799357	0.0041697798974348	opposite	ERK1AA	yes	opposite
SCARF2	-0.723555996536393	0.166851865778753	-0.83617271537893	0.00493493551913111	TbID	ERK1AA	no	-
SCML1	-3.61995333260117	0.000112528439671293	-2.15749797675025	0.000213221928602803	congruent	ERK1AA	yes	loss
SCRN3	-0.840627160546814	0.0233459150009735	-0.0540952640235619	0.601352761081433	AP-MS	ERK1AA	no	-
SDC1	0.957647689990573	0.00359094552774677	0.415193572940424	0.0261036413213721	congruent	ERK1AA	no	-
SDC2	1.27123294228126	0.00126833942714957	0.673709894355358	0.0122771060769716	congruent	ERK1AA	yes	gain
SERF2	1.25196161602044	0.000432627085548871	0.363898775959815	0.0217345490074765	congruent	ERK1AA	yes	gain
SHANK3	-0.937500717393641	0.0329488850158641	-0.215390300578689	0.21983251698552	AP-MS	ERK1AA	no	-
SLC16A7	0.504706744943894	0.340936503234209	-0.864702918872139	0.00217770835669998	TbID	ERK1AA	no	-
SLC22A23	-1.56173525389924	0.0992486897691604	NA	NA	AP-MS	ERK1AA	no	-
SLIT2	0.973466019804309	0.00110219640425627	1.14610486969456	0.000988381714365312	congruent	ERK1AA	yes	gain
SMARCC1	1.01069011715444	0.00042229865638041	0.185019547883569	0.0376088216864283	congruent	ERK1AA	yes	gain
SOD1	-2.02369577852718	0.000363576228322606	-0.575403323226162	0.00219038539872064	congruent	ERK1AA	yes	loss
SOX7	NA	NA	-0.613240793859477	0.00495458325895981	TbID	ERK1AA	no	-
SPRED2	-0.830982725869366	0.0153651910913109	0.00911808516407396	0.891597256772997	AP-MS	ERK1AA	no	-
STMN3	-0.26082085012495	0.295142541229375	0.183246651868743	0.351223008830912	nsig	ERK1AA	no	-
SUPT20H	0.16292277167329	0.404833616032136	-0.513124266559906	0.0013851201273405	TbID	ERK1AA	no	-
SUPT3H	0.471833221494722	0.0928569026828297	-0.185901602300228	0.127244695342787	nsig	ERK1AA	no	-
SUPT7L	0.268482632489843	0.13457417623371	-0.183324833471092	0.13205752808977	nsig	ERK1AA	no	-
TADA1	0.271477575244236	0.0701694652175835	-0.270678553251096	0.038027023165893	TbID	ERK1AA	no	-
TAF5L	0.325518406948562	0.0771829190615847	-0.111227735675802	0.279556632055271	nsig	ERK1AA	no	-
TAGLN	NA	NA	2.18106276974121	0.00255470993329038	TbID	ERK1AA	yes	gain
TCF3	-0.33822835222083	0.058061531520101	-0.483104174184708	0.00364497276477545	TbID	ERK1AA	no	-
TCTN3	1.24034890735741	0.00631199413847586	NA	NA	AP-MS	ERK1AA	yes	gain
TDRP	-0.302306388812222	0.0430560229747519	-0.711474555755358	0.000480996973134518	congruent	ERK1AA	no	-
THBS1	NA	NA	0.899933587239968	0.000288334994318353	TbID	ERK1AA	no	-
THRB	0.0935001323866893	0.798661723458372	-1.08806226913191	0.00142147197242098	TbID	ERK1AA	yes	loss
TIMP1	-0.79128774417128	0.0318944738820105	0.461224615571668	0.0826510026399653	AP-MS	ERK1AA	no	-
TMEFF2	NA	NA	1.34122068230004	0.000391993238164628	TbID	ERK1AA	yes	gain
TMEM33	-0.669396971781855	0.0116556354845301	0.305362123261858	0.00783698733392604	opposite	ERK1AA	no	-
TNRC6A	-0.274525298347115	0.0335988919975879	-0.697365435647078	0.000405415533577733	congruent	ERK1AA	no	-
TRERF1	-1.01373372238897	0.030574964794402	-0.512691362381273	0.00587872262368859	congruent	ERK1AA	yes	loss
TRIB1	0.479016038905602	0.524676016868726	1.55347261815822	0.00762888995190764	TbID	ERK1AA	yes	gain
TRPS1	-0.581892301728323	0.0409185986837746	-0.470606185483391	0.00150633859198137	congruent	ERK1AA	no	-
TUBG1	-1.85513029166748	0.00012905551214974	0.0694064186497278	0.263761454083631	AP-MS	ERK1AA	yes	loss
TUBG2	-1.66745602476407	0.00107090793917316	-0.782160278466726	0.0951689650203471	AP-MS	ERK1AA	yes	loss
TUBGCP2	-2.56816488660811	6.82732018116949e-05	-0.170045999534883	0.114891348846194	AP-MS	ERK1AA	yes	loss
TUBGCP3	-1.87684207996253	0.00012905551214974	0.00155041391459716	0.98643297534111	AP-MS	ERK1AA	yes	loss
TUBGCP4	-1.40457012098828	0.000334255884543545	-0.0602701431666667	0.519791435822793	AP-MS	ERK1AA	yes	loss
TUBGCP5	-1.64832054805244	0.000223965936982742	-0.0624018331686743	0.455531538728401	AP-MS	ERK1AA	yes	loss
TUBGCP6	-2.14987252541145	0.00012905551214974	-0.183874236059395	0.139181150947103	AP-MS	ERK1AA	yes	loss
UBL5	0.477802395724496	0.21200570283754	0.460442875444651	0.011322451803438	TbID	ERK1AA	no	-
UCHL3	-1.1739879935623	0.17958379820739	-0.269077366067587	0.0258202649379599	TbID	ERK1AA	no	-
VGF	0.587123641977879	0.344490206477313	0.987769964809704	0.000831703773683068	TbID	ERK1AA	no	-
WASH3P	NA	NA	-0.362428642667775	0.00798307095087722	TbID	ERK1AA	no	-
WASH6P	NA	NA	-0.283553756782676	0.0259704409904531	TbID	ERK1AA	no	-
XPNPEP3	-0.151763145864792	0.797498840527533	-1.99104612667931	0.000213221928602803	TbID	ERK1AA	yes	loss
ZBTB21	-1.03703389247139	0.0873373419307676	-2.53006318667623	7.74785725662913e-07	TbID	ERK1AA	yes	loss
ZCCHC12	0.0143586237682807	0.971635183279461	-0.696300066772963	0.00135731064234021	TbID	ERK1AA	no	-
ZNF256	NA	NA	0.892046875040683	0.000325788753484197	TbID	ERK1AA	no	-
ZNF318	-0.779864357307962	0.00051731569526241	-0.29532139327289	0.006027742583256	congruent	ERK1AA	no	-
ZNF395	-1.29459544222459	0.00935267293812451	-0.97013030692567	0.00146233215539729	congruent	ERK1AA	yes	loss
ZXDC	-0.594146997388634	0.534261022518775	-0.563710124889545	0.00203586133230409	TbID	ERK1AA	no	-
ABHD17C	-0.198198199408517	0.629697684502143	-0.249574128076431	0.158133048095546	nsig	Raf1S257L	no	-
ACAN	NA	NA	1.35322862809549	0.00095465235014888	TbID	Raf1S257L	yes	gain
ACTL8	0.489306805002479	0.0795003167820031	0.635843918732316	0.00132913439445542	TbID	Raf1S257L	no	-
AEN	NA	NA	0.407414991160949	0.00361424162190177	TbID	Raf1S257L	no	-
AIP	0.822515922529102	0.000650497152861527	0.848393584879476	0.000141246810797422	congruent	Raf1S257L	no	-
AKAP11	1.00503047730774	0.000560269953354009	-0.173072460347864	0.0208067512577534	opposite	Raf1S257L	yes	opposite
AKAP8L	0.281755546711343	0.0522066389965648	0.0235196941739364	0.67622443902615	nsig	Raf1S257L	no	-
ALOX12B	0.0270194948557872	0.957263512339527	-2.92468927304557	5.88455945363046e-05	TbID	Raf1S257L	yes	loss
AMER1	0.793890404808128	0.0172675395586265	-0.335560745521966	0.099408531139607	AP-MS	Raf1S257L	no	-
ANGPT2	-0.153369867497121	0.771705330173661	1.5581823606927	0.00555325056529895	TbID	Raf1S257L	yes	gain
ANKMY2	0.589312404979052	0.00488011774605657	0.0830117408533294	0.317236205452578	AP-MS	Raf1S257L	no	-
ANKRD18A	NA	NA	0.575774485491992	0.0742559063464318	TbID	Raf1S257L	no	-
ANKRD28	1.08374852226135	0.000195711202640964	-0.0993457662416864	0.256631300388697	AP-MS	Raf1S257L	yes	gain
ANKRD49	NA	NA	-0.0843887393286333	0.717550351351405	TbID	Raf1S257L	no	-
ANKRD52	0.690519201988404	0.00132109255529024	-0.497794074622224	0.00039777778330521	opposite	Raf1S257L	no	-
APEX2	0.664524500747682	0.00294284586473675	0.436216744386864	0.00765582993241397	congruent	Raf1S257L	no	-
APOBEC3B	NA	NA	0.852488563784523	0.000340731270445679	TbID	Raf1S257L	no	-
APOBEC3D	NA	NA	1.09153231450305	0.00204559872037621	TbID	Raf1S257L	yes	gain
APOLD1	NA	NA	0.608838046525804	0.010203702432715	TbID	Raf1S257L	no	-
ARC	1.88920684589171	0.00166472635249668	2.55662030162861	0.000126442431946947	congruent	Raf1S257L	yes	gain
AREG	NA	NA	0.70111471801019	0.0174739473163065	TbID	Raf1S257L	no	-
ARHGEF40	1.27739992555097	0.00221360447344786	0.499836449079593	0.000647589421617968	congruent	Raf1S257L	yes	gain
ARMC5	0.100478049063287	0.354734194157102	-0.116197132757622	0.221960190216293	nsig	Raf1S257L	no	-
ARMC6	0.259073781824554	0.0805088812710772	0.253925233916628	0.0122097157316629	TbID	Raf1S257L	no	-
ARV1	0.364672135005617	0.0990389552349926	0.148538966250182	0.179088386589311	nsig	Raf1S257L	no	-
ASB6	0.14084741883291	0.240196464170548	0.0123497268114054	0.847504603699469	nsig	Raf1S257L	no	-
ASDURF	0.788685804750991	0.00215796242909789	-0.109758352884315	0.243070764370334	AP-MS	Raf1S257L	no	-
ASPHD1	0.306637991672793	0.447780748089586	0.795613248128049	0.0826949068609951	nsig	Raf1S257L	no	-
ASPM	0.429001968472589	0.0088753951108624	-0.0191878492484464	0.842707157352786	AP-MS	Raf1S257L	no	-
BACH1	0.962217822312773	0.000492775222611869	0.460468196218352	0.000472873425125999	congruent	Raf1S257L	no	-
BAG2	1.09642855864669	0.000141088310425042	0.351932633228573	0.00350815503071196	congruent	Raf1S257L	yes	gain
BAMBI	0.749427650644278	0.21234107400561	0.377601498233208	0.120805189216	nsig	Raf1S257L	no	-
BCKDK	0.205048256393721	0.156030023135046	0.514745069559749	0.000728440291222062	TbID	Raf1S257L	no	-
BRSK2	0.969890025069131	0.010410465747588	0.827735137397181	0.000134769648685399	congruent	Raf1S257L	no	-
BTBD1	0.220253615896192	0.642041053194086	0.389279857556462	0.0915622302538841	nsig	Raf1S257L	no	-
BTBD6	NA	NA	-0.709498689911419	0.313481959865568	TbID	Raf1S257L	no	-
BTBD9	0.166861198253908	0.451064792464339	0.089249382375518	0.727384163891577	nsig	Raf1S257L	no	-
BTG3	0.209743048656938	0.387416544410727	0.342751170944214	0.0281060356081763	TbID	Raf1S257L	no	-
C4A;C4B	NA	NA	0.633717816155157	0.00669461015805757	TbID	Raf1S257L	no	-
CA2	NA	NA	0.634438775823539	0.0367368860614008	TbID	Raf1S257L	no	-
CCBE1	NA	NA	0.924285886368618	0.00825059354881461	TbID	Raf1S257L	no	-
CCDC125	0.868416940157116	0.0109127288765668	0.590372132405456	0.00761443158086501	congruent	Raf1S257L	no	-
CCDC8	0.338311135934924	0.0468059538127006	-0.241428642085995	0.00694758592882772	opposite	Raf1S257L	no	-
CCNG1	0.560842050878922	0.138222336190618	-0.0101921453132246	0.949738284403544	nsig	Raf1S257L	no	-
CCP110	1.02279498528919	0.000195711202640964	0.308459042074263	0.00746150374375276	congruent	Raf1S257L	yes	gain
CCT2	1.11887107389931	0.000323726988368213	0.197391226151085	0.118044967049765	AP-MS	Raf1S257L	yes	gain
CCT3	1.1665297043609	0.000258277877109987	0.135926554384898	0.124809294125404	AP-MS	Raf1S257L	yes	gain
CCT4	1.12826163018202	0.000267953313939134	0.193863609588413	0.0933404335748255	AP-MS	Raf1S257L	yes	gain
CCT5	1.11339495052816	0.000351394280756149	0.164077969212945	0.13039485801503	AP-MS	Raf1S257L	yes	gain
CCT6A	1.30603440578532	0.000492775222611869	0.118824137182061	0.241913729020831	AP-MS	Raf1S257L	yes	gain
CCT6B	1.36841431650157	0.000758803765509658	0.147881437852494	0.176321350590566	AP-MS	Raf1S257L	yes	gain
CCT7	1.24286620406753	0.000195711202640964	0.185475277153349	0.136253678272985	AP-MS	Raf1S257L	yes	gain
CCT8	1.29503812504077	0.000247176765457768	0.33465402501931	0.00746166007557721	congruent	Raf1S257L	yes	gain
CDC123	0.0534463504322453	0.806446441745339	0.00151391109409495	0.987704348822008	nsig	Raf1S257L	no	-
CDC37	-0.029411808065133	0.821808441989983	-0.0244383595054356	0.73980034194908	nsig	Raf1S257L	no	-
CDC6	0.356874158425607	0.0707647705005448	0.0304454329150034	0.766620892260339	nsig	Raf1S257L	no	-
CDK5RAP2	0.430906625715917	0.0135342333503948	0.239812844941308	0.0114302367299429	congruent	Raf1S257L	no	-
CDKN1A	2.48532916630968	0.000273695173830321	1.92477055320525	0.000352461785615508	congruent	Raf1S257L	yes	gain
CENPB	0.807842020906205	0.0140736134338946	0.37949641094048	0.00237747476078033	congruent	Raf1S257L	no	-
CENPI	-0.200854142909228	0.54059832454676	0.0437052420318255	0.592668162211008	nsig	Raf1S257L	no	-
CEP170	0.820344753324482	0.000141088310425042	-0.00344548035248148	0.9565294148057	AP-MS	Raf1S257L	no	-
CEP97	0.982613344329393	0.000560269953354009	0.264255269045109	0.0025895590394735	congruent	Raf1S257L	no	-
CFL2	NA	NA	0.439829537377589	0.00486352627574358	TbID	Raf1S257L	no	-
CHGA	NA	NA	1.0768490016672	0.00207199913124264	TbID	Raf1S257L	yes	gain
CHSY3	-0.228740286531714	0.430551490431627	-1.13022410057739	0.000178258786800525	TbID	Raf1S257L	yes	loss
CLSPN	0.776034011348503	0.000494033208283414	0.48100530487591	0.00131535847639043	congruent	Raf1S257L	no	-
COL6A3	0.454528557757346	0.259864659283429	NA	NA	AP-MS	Raf1S257L	no	-
COLGALT1	-0.136526191516326	0.338980391484777	0.845072704554685	0.000353092583157198	TbID	Raf1S257L	no	-
CORO1A	0.128920913290612	0.758790605305764	1.19428436482649	0.000235755260781708	TbID	Raf1S257L	yes	gain
CPTP	-0.451662098809505	0.120252437810453	-0.161525573696279	0.191333259941896	nsig	Raf1S257L	no	-
CRABP2	0.480619370914082	0.252252760183806	0.961711174690817	0.00397059485116817	TbID	Raf1S257L	no	-
CRMP1	0.809089713023754	0.00135884124832946	0.992170387032483	6.01505172690171e-05	congruent	Raf1S257L	no	-
CSPG4	1.09945372500867	0.000145669561905634	1.4292628036742	0.0014422156708688	congruent	Raf1S257L	yes	gain
CSRP1	0.850065885853396	0.0326367531280014	0.328036376403676	0.0675562347802264	AP-MS	Raf1S257L	no	-
CUL7	0.144702872850646	0.281326232827877	-0.395289575140432	0.00479600712020856	TbID	Raf1S257L	no	-
DCAF1	0.685035677554553	0.000894212556724488	0.0761996810471624	0.533204925165396	AP-MS	Raf1S257L	no	-
DCAF5	0.43924675958113	0.0200297192855384	-0.0277214866391343	0.736229968487837	AP-MS	Raf1S257L	no	-
DCAF8L1;DCAF8L2	0.314342214838434	0.252931993000437	NA	NA	AP-MS	Raf1S257L	no	-
DENND4C	0.376981962091081	0.0053184154251127	-0.0893420149875909	0.166868518674682	AP-MS	Raf1S257L	no	-
DHCR24	0.207686172240092	0.125746524002393	0.212177885497564	0.013757728902287	TbID	Raf1S257L	no	-
DICER1	0.43014815931602	0.00448810562367872	0.269517674836848	0.00809494301569209	congruent	Raf1S257L	no	-
DNAAF10	0.84419920245754	0.000562086711313375	-0.0714230272695151	0.321920864237613	AP-MS	Raf1S257L	no	-
DNAJA1	0.426777351039765	0.00904577485962797	0.256957776718875	0.0129014982172865	congruent	Raf1S257L	no	-
DNAJA3	0.628154409507887	0.00233648572341086	0.38988633216471	0.00666099207037618	congruent	Raf1S257L	no	-
DNAJC16	0.552790240576948	0.00194358005673053	-0.0987215591508822	0.264763730017933	AP-MS	Raf1S257L	no	-
DNAJC18	0.72503876944247	0.000722011535862384	0.667795307357239	0.000313536948388007	congruent	Raf1S257L	no	-
DNAJC30	0.227768103554514	0.134638792578759	-0.218462997645495	0.046699214406749	TbID	Raf1S257L	no	-
DNAJC7	0.581603193085903	0.00105938479806643	-0.0579022983738129	0.366041480486083	AP-MS	Raf1S257L	no	-
DNMT3B	2.12401545434412	0.0156699539522761	0.565778970343449	0.00144086458366376	congruent	Raf1S257L	yes	gain
DPYSL4	0.505602800542642	0.00566525251996387	0.404525135402719	0.00123062355925855	congruent	Raf1S257L	no	-
DUSP1	0.58704846791261	0.268164300942479	1.55701087918696	0.00034558987942186	TbID	Raf1S257L	yes	gain
DUSP11	0.30095634795521	0.150064509246929	0.178669020933334	0.0159536160630417	TbID	Raf1S257L	no	-
DUSP5	0.738989042416112	0.0235853239290667	0.555663441192903	0.00884651763530913	congruent	Raf1S257L	no	-
DZIP3	0.665652545713817	0.466176839619602	0.0937795867946741	0.338374457099837	nsig	Raf1S257L	no	-
EAPP	0.826136828523679	0.0188243871043932	0.146182048051671	0.375158246026029	AP-MS	Raf1S257L	no	-
ECD	0.643978127349501	0.00154693427878519	0.26248777110572	0.00198472371423347	congruent	Raf1S257L	no	-
EEF1A2	1.07708237659769	0.00247484068225849	1.07484468251186	0.0003125201980733	congruent	Raf1S257L	yes	gain
EEF1B2	-0.0376450600171844	0.780978214307089	0.461803123959488	0.00643270634612471	TbID	Raf1S257L	no	-
EEF1D	0.15344385089078	0.147524017347954	0.580081379782851	0.00497646245727259	TbID	Raf1S257L	no	-
EEF1G	-0.212965286667497	0.295380237641435	0.465211365289129	0.00855358970629094	TbID	Raf1S257L	no	-
EGFL7	0.559383816205594	0.0225448697339683	0.833967192350993	0.000262701536138242	congruent	Raf1S257L	no	-
EGR1	2.88016804693103	0.000304381477622505	2.68046209657421	0.000134769648685399	congruent	Raf1S257L	yes	gain
EID2	-0.15619029112755	0.645545503594833	-0.282045444493832	0.161162497763442	nsig	Raf1S257L	no	-
ELFN2	0.583117868706768	0.160045317700767	1.10891274927618	0.000454128409200416	TbID	Raf1S257L	yes	gain
EMILIN2	0.515986523094558	0.266501230523464	0.607660134000757	0.00134382594710989	TbID	Raf1S257L	no	-
ENC1	1.8934735283332	9.0328518658213e-05	1.10352428939151	0.000289401631295866	congruent	Raf1S257L	yes	gain
ENTR1	1.09021562453797	0.000435656053156769	0.0574737351637072	0.701051260577141	AP-MS	Raf1S257L	yes	gain
EPHA2	1.23769431329581	0.000280154526696968	0.985355348090192	0.000306963936891554	congruent	Raf1S257L	yes	gain
ERRFI1	1.0752200991411	0.00478401484874417	1.23302098748948	0.000202305293084894	congruent	Raf1S257L	yes	gain
ESRRG	NA	NA	-0.668963217026924	0.0612411408008049	TbID	Raf1S257L	no	-
ETS2	0.839115391179313	0.0272612617262476	2.04075769308134	0.00072276977201826	congruent	Raf1S257L	yes	gain
ETV4	0.718660849533933	0.229454624808572	NA	NA	AP-MS	Raf1S257L	no	-
EYA2	0.0264989723503419	0.962621238456128	-0.118561896577723	0.195953542165964	nsig	Raf1S257L	no	-
F2RL1	0.749836546901876	0.00947324434682832	0.507946148480681	0.00127682088847162	congruent	Raf1S257L	no	-
FADS1	0.326846237019797	0.0615342656424525	0.261858178554509	0.0105432690989009	TbID	Raf1S257L	no	-
FADS2	0.246034287347853	0.12919807881702	0.288770000794998	0.0108765879702947	TbID	Raf1S257L	no	-
FAM111B	0.148410129301155	0.224548718645504	0.466624496653744	0.00208247770723286	TbID	Raf1S257L	no	-
FAM241B	NA	NA	0.56529278274073	0.0625152069394662	TbID	Raf1S257L	no	-
FAM83H	0.874910829245634	0.000315575107677987	0.421880719453946	0.00117319861681988	congruent	Raf1S257L	no	-
FAR1	0.187054572664559	0.0674146808284328	0.196589336650537	0.0252166299860261	TbID	Raf1S257L	no	-
FBH1	-0.104693730882753	0.597377141144798	-0.0668307491205479	0.561346696870399	nsig	Raf1S257L	no	-
FBXL3	0.466082035591046	0.029127279706691	0.129817420299533	0.13224607655826	AP-MS	Raf1S257L	no	-
FBXO11	NA	NA	0.36614774296889	0.157906705159206	TbID	Raf1S257L	no	-
FBXW4	0.262681630069431	0.598221640515228	-0.2059251531503	0.329307761109128	nsig	Raf1S257L	no	-
FBXW8	0.255524145186872	0.191760133955469	-0.224338945107575	0.0308272297665443	TbID	Raf1S257L	no	-
FEM1B	0.973204619578374	0.00055670140576718	0.125701630859322	0.0756848236495472	AP-MS	Raf1S257L	no	-
FEZ2	0.524933326284228	0.00572332795501278	-0.0778156221372205	0.727384163891577	AP-MS	Raf1S257L	no	-
FGG	NA	NA	0.554610548403682	0.0745014209783922	TbID	Raf1S257L	no	-
FKBP4	0.15868263384858	0.267324885040781	0.247287996415704	0.00658444141724253	TbID	Raf1S257L	no	-
FKBP5	0.513550536526429	0.0508970936578945	0.317369418524854	0.00146575949914269	TbID	Raf1S257L	no	-
FKBP8	-0.39007261714916	0.0120798341220577	-0.0213554778398295	0.702053039788261	AP-MS	Raf1S257L	no	-
FLII	0.447589644718264	0.00494578467682841	-0.205674089912389	0.00726729819865689	opposite	Raf1S257L	no	-
FN1	-0.309646311164902	0.631614021459887	0.651858059795428	0.000489954493057103	TbID	Raf1S257L	no	-
FOS	-0.035175977000139	0.93173070933232	1.45761193116989	0.000388711658620694	TbID	Raf1S257L	yes	gain
FOSL1	2.2789611582522	0.000401726552972471	1.9407276266847	0.00030072239870316	congruent	Raf1S257L	yes	gain
FRMD4A	0.460514310478909	0.00990988650645046	0.19678488605887	0.0800065489846658	AP-MS	Raf1S257L	no	-
FSCN1	0.973332020035149	0.00684704880613245	0.923731026260385	9.12602421179986e-05	congruent	Raf1S257L	no	-
FTSJ1	0.00619153146478151	0.977556883096107	0.319048101849614	0.00198241271103383	TbID	Raf1S257L	no	-
G2E3	NA	NA	0.0571825124485589	0.318663073112922	TbID	Raf1S257L	no	-
GABRB3	-0.117840489717246	0.806172811496392	0.0807737971829345	0.687290592805703	nsig	Raf1S257L	no	-
GDAP1L1	0.170176818063545	0.775853983886014	0.669367821804288	0.00615292420920049	TbID	Raf1S257L	no	-
GDF15	1.18446952859021	0.0104832652122911	3.03717826112735	5.88455945363046e-05	congruent	Raf1S257L	yes	gain
GLMN	0.369738819959229	0.051100882090428	0.101845798266849	0.19613573948312	nsig	Raf1S257L	no	-
GPAM	0.711118287429276	0.00218217410332137	-0.0919176238548383	0.232051542304921	AP-MS	Raf1S257L	no	-
GPC1	0.708291880327022	0.00121492810255206	0.584530389059766	0.000310710015051652	congruent	Raf1S257L	no	-
GPN1	0.50172529215861	0.00717402345806923	-0.124589372550344	0.132435007769668	AP-MS	Raf1S257L	no	-
GPN2	0.790521477553912	0.00295033790327019	0.0480045191127638	0.687755282684113	AP-MS	Raf1S257L	no	-
GPRASP2	1.66555233649797	0.000195711202640964	0.293042309749559	0.0196103338698494	congruent	Raf1S257L	yes	gain
GUCD1	0.776417264994231	0.0405738536950623	0.246807158769813	0.0203074276347175	congruent	Raf1S257L	no	-
HECTD1	0.614261851941407	0.00199441719032539	0.111742963833755	0.0913795251704539	AP-MS	Raf1S257L	no	-
HECTD2	0.723370426318701	0.0802303786782153	0.21161003808609	0.295888726509893	nsig	Raf1S257L	no	-
HERC2	0.935658841875589	0.000248515501895211	0.0668278924634841	0.331340397525435	AP-MS	Raf1S257L	no	-
HGH1	0.72405265083619	0.000473525013348934	0.208953485547731	0.143967108915096	AP-MS	Raf1S257L	no	-
HIC2	1.73358220905318	0.00106158557708458	0.488805496344214	0.00149500682667374	congruent	Raf1S257L	yes	gain
HRAS	-0.28249046416479	0.819141404499339	-0.147824314335122	0.6090999083395	nsig	Raf1S257L	no	-
HSP90AA1	0.0591259897357952	0.672217701853886	0.0783450151547808	0.353466136709671	nsig	Raf1S257L	no	-
HSP90AA2P	-2.71327622794536	0.349256726908035	NA	NA	AP-MS	Raf1S257L	no	-
HSP90AA4P	0.164134003260926	0.717878729270682	0.0417276271560872	0.697348167443156	nsig	Raf1S257L	no	-
HSP90AA5P	-0.0876735642902841	0.849804994570632	0.176592459084475	0.348171054085966	nsig	Raf1S257L	no	-
HSP90AB1	-0.0360373512982059	0.832327137717971	-0.0119234829942137	0.901439817489144	nsig	Raf1S257L	no	-
HSP90AB2P	-0.407881597941416	0.41970771857125	NA	NA	AP-MS	Raf1S257L	no	-
HSP90AB3P	-0.245545565201373	0.401087688092042	NA	NA	AP-MS	Raf1S257L	no	-
HSP90AB4P	0.222351871841066	0.434757627239841	NA	NA	AP-MS	Raf1S257L	no	-
HUWE1	0.780904722634453	0.00035365959207722	-0.0556195060354733	0.39770293122658	AP-MS	Raf1S257L	no	-
HYCC2	-0.256393405588689	0.587134474501141	-0.0381551302685955	0.645227544286719	nsig	Raf1S257L	no	-
IDI1	0.314342182287394	0.0922202569764387	0.111393298260947	0.102105686716669	nsig	Raf1S257L	no	-
IER2	1.963146212958	0.00310751798287517	NA	NA	AP-MS	Raf1S257L	yes	gain
IPO5	0.334490697413132	0.00421165387272878	0.112151955871535	0.377489808090177	AP-MS	Raf1S257L	no	-
IPPK	-0.0705610488113119	0.806413887474458	-0.787896281059329	0.0766788440760464	nsig	Raf1S257L	no	-
IQCB1	0.521407000722976	0.00192520382958554	-0.159100253298932	0.0722907879325525	AP-MS	Raf1S257L	no	-
IRS4	0.526274910820876	0.00117361269530068	0.0227004903603326	0.734388758000096	AP-MS	Raf1S257L	no	-
JUNB	2.75008302343888	0.00208110368785713	3.13393932339461	3.2340277999707e-06	congruent	Raf1S257L	yes	gain
KCTD10	0.0823644713133546	0.566715226695104	0.552499745408462	0.0217945677537488	TbID	Raf1S257L	no	-
KCTD12	0.405000406804129	0.0119050563852186	0.759449626786063	0.000244931697742844	congruent	Raf1S257L	no	-
KCTD13	0.333699715427358	0.283373026253973	0.602484756091714	0.0101128594829645	TbID	Raf1S257L	no	-
KDM2A	-0.0888887901848894	0.817842910984036	0.212053785079968	0.0286131364847821	TbID	Raf1S257L	no	-
KEAP1	0.349395892020094	0.0206768981541822	0.229780897686845	0.0740664226656716	AP-MS	Raf1S257L	no	-
KIFBP	0.836815881082774	0.000650497152861527	-0.0140125541651458	0.814751665425759	AP-MS	Raf1S257L	no	-
KLHL15	0.762766563600455	0.00103414239763972	0.32246309423959	0.00224487966551902	congruent	Raf1S257L	no	-
KLHL18	-0.516984923757809	0.233168773830253	NA	NA	AP-MS	Raf1S257L	no	-
KLHL21	0.703621536725176	0.0106083832408935	0.338470352365246	0.0343533087795044	congruent	Raf1S257L	no	-
KLHL25	-0.727348042616713	0.0325194262876051	NA	NA	AP-MS	Raf1S257L	no	-
KMT5A	0.195388822454781	0.747912990885225	0.150450566027864	0.424035435511322	nsig	Raf1S257L	no	-
KRAS	-0.592939313699542	0.595779830283605	-0.868231980370022	0.00322477997352065	TbID	Raf1S257L	no	-
KRT18	1.5234662957993	0.00241766376091153	0.993310487753037	6.97603609811893e-05	congruent	Raf1S257L	yes	gain
LACTB	-0.143074652958351	0.657928665870449	-0.124930756396363	0.554806203736469	nsig	Raf1S257L	no	-
LAMB3	1.0303020072754	0.000899766670610746	0.411436872707374	0.110563237711355	AP-MS	Raf1S257L	yes	gain
LBR	0.3504679998254	0.0339609171095267	0.312340887107917	0.00199669228176532	congruent	Raf1S257L	no	-
LGALS3BP	-0.177653836422699	0.109829917875746	-0.333663431473613	0.00155964579328703	TbID	Raf1S257L	no	-
LGALS8	0.500338150453174	0.292734685328664	0.334642328309354	0.125206630129568	nsig	Raf1S257L	no	-
LHX5	1.04951060303904	0.00567194135133303	NA	NA	AP-MS	Raf1S257L	yes	gain
LIG4	0.871736906534016	0.0380015502539058	0.22787526140795	0.00738091451405336	congruent	Raf1S257L	no	-
LIMD2	1.67569819336457	0.00431853292439369	1.00007617331173	0.000234607994546452	congruent	Raf1S257L	yes	gain
LIPG	0.640778602868599	0.301420059977976	0.596605677194441	0.00897015912024636	TbID	Raf1S257L	no	-
LONP1	0.910608107974848	0.00231851985217218	-0.682814810082587	0.000378943165196409	opposite	Raf1S257L	no	-
LONRF3	0.902466801303771	0.00198835214167997	0.317821234336139	0.0799380726495982	AP-MS	Raf1S257L	no	-
LRIG3	0.833987364607797	0.000509801542511238	0.555287856755717	0.00033499123296592	congruent	Raf1S257L	no	-
LRP10	0.33431117445219	0.380782849259328	0.71504512260268	0.0029376348647812	TbID	Raf1S257L	no	-
LRP5	0.490970105833205	0.0116509826002027	-0.116748181686107	0.52116182889336	AP-MS	Raf1S257L	no	-
LRP6	0.879429499286712	0.00055670140576718	0.0798600507465463	0.318638125576725	AP-MS	Raf1S257L	no	-
LRR1	0.129240801165361	0.422838755528116	0.15090425872293	0.280456563949698	nsig	Raf1S257L	no	-
LSAMP	NA	NA	0.932694740894318	0.227397282038826	TbID	Raf1S257L	no	-
LYPLA2	-0.33105409397761	0.111231548896754	-1.07991451268176	0.000317337380119857	TbID	Raf1S257L	yes	loss
MAGED4	1.16365891282455	0.00316298004103112	0.173792707425588	0.48435199812933	AP-MS	Raf1S257L	yes	gain
MAP2K1	-1.92394132482141	0.000141088310425042	0.349239660745666	0.00335604636058607	opposite	Raf1S257L	yes	opposite
MAP2K2	-0.462947189394165	0.611834013888136	-0.181544145603213	0.0516755529575663	nsig	Raf1S257L	no	-
MAPK8IP2	0.959681285468309	0.0185613561833786	NA	NA	AP-MS	Raf1S257L	no	-
MAPK8IP3	0.559849261899373	0.567414694624575	NA	NA	AP-MS	Raf1S257L	no	-
MAT2A	-0.183311769326554	0.102892638137968	0.053680472690654	0.371774720381905	nsig	Raf1S257L	no	-
MCM4	-0.515591105525553	0.00169372131537885	-0.338836434042089	0.00149500682667374	congruent	Raf1S257L	no	-
MDM2	1.27862982402871	0.0212442154582523	NA	NA	AP-MS	Raf1S257L	yes	gain
MEST	NA	NA	-1.04757734240991	0.00567137580300558	TbID	Raf1S257L	yes	loss
METAP2	0.450505052624524	0.0242094748997103	0.358665760783614	0.00185704954221086	congruent	Raf1S257L	no	-
MIDN	1.23655971091401	0.0029911992633687	0.587318245463102	0.0248551241959114	congruent	Raf1S257L	yes	gain
MIIP	0.71209776819979	0.00230762890760746	0.424500548138478	0.00712708140930585	congruent	Raf1S257L	no	-
MLXIP	0.514881023447817	0.0140999840824361	-0.251320549033951	0.00458691597349018	opposite	Raf1S257L	no	-
MMADHC	0.649975081343612	0.0540618214089903	0.141558967708914	0.402443749515267	nsig	Raf1S257L	no	-
MOV10	0.474077118160564	0.0077247525748216	0.546403767094817	0.00116678064299736	congruent	Raf1S257L	no	-
MPLKIP	-0.384988327452952	0.149659944317343	-0.515717928367274	0.00233960292477379	TbID	Raf1S257L	no	-
MRTO4	0.566120100632628	0.143486423438458	0.436048058540932	0.00258217387973843	TbID	Raf1S257L	no	-
MTCL2	0.19689646514383	0.0965828338224184	-0.109917798059422	0.0814018427569117	nsig	Raf1S257L	no	-
MTHFR	0.826551705665233	0.0121508049220944	NA	NA	AP-MS	Raf1S257L	no	-
MUC5B	-1.05886523088243	0.0549503262442817	0.592423387486889	0.0215052805490141	TbID	Raf1S257L	no	-
MYO10	0.917825054573262	0.000245392151113209	0.0590662958241977	0.306327779487805	AP-MS	Raf1S257L	no	-
N4BP3	0.652060487625866	0.00218217410332137	0.393337361839924	0.0341521477262845	congruent	Raf1S257L	no	-
NAA20	0.597098572679838	0.20490775172108	0.205692592793384	0.114773990629396	nsig	Raf1S257L	no	-
NAA60	NA	NA	0.245276713391392	0.106098042552842	TbID	Raf1S257L	no	-
NAB1	1.09578463312498	0.000951731805877735	1.81976066858712	1.18730397478811e-05	congruent	Raf1S257L	yes	gain
NDRG2	NA	NA	1.44373424059124	0.000396586538408921	TbID	Raf1S257L	yes	gain
NEFL	-0.0621963633650993	0.802392072160081	0.489259189342375	0.00661850832300358	TbID	Raf1S257L	no	-
NEURL4	1.07770886059768	0.000195711202640964	0.0680829753200123	0.31866755160024	AP-MS	Raf1S257L	yes	gain
NFE2L1	0.600290458296992	0.0559225823056846	1.47325589880164	0.000766447401422185	TbID	Raf1S257L	yes	gain
NISCH	0.744115133906549	0.000372392699182993	0.152305409844127	0.0542369873726935	AP-MS	Raf1S257L	no	-
NOL10	0.454867796167278	0.0736529376317186	0.446739695295118	0.00239576132471979	TbID	Raf1S257L	no	-
NOVA2	NA	NA	2.200612539479	0.00030534658519954	TbID	Raf1S257L	yes	gain
NPPC	0.920398231200377	0.00513288711697478	NA	NA	AP-MS	Raf1S257L	no	-
NR2F1	0.214134969197324	0.545525606341041	-0.293122799125969	0.0426230365681143	TbID	Raf1S257L	no	-
NT5C	-0.265439126108275	0.467152146516243	NA	NA	AP-MS	Raf1S257L	no	-
NTN1	0.806545699384845	0.0196089255756979	0.553860156443588	0.000995204292379182	congruent	Raf1S257L	no	-
NTS	NA	NA	0.206566538884382	0.289080070135189	TbID	Raf1S257L	no	-
NUDCD2	-0.0335994453528084	0.902879102707846	0.743716315448375	0.00140568348802759	TbID	Raf1S257L	no	-
OBI1	0.687509647029099	0.00231851985217218	0.108373236070424	0.175127422997079	AP-MS	Raf1S257L	no	-
OBSL1	0.637576928328592	0.0013199976962016	0.241740077981987	0.00272769968774643	congruent	Raf1S257L	no	-
OCIAD1	-0.0523173942827437	0.716427120314537	1.00904612854888	0.000116077499729209	TbID	Raf1S257L	yes	gain
ORMDL2	NA	NA	0.508100103709439	0.0209168344262246	TbID	Raf1S257L	no	-
OS9	-0.0601765864990476	0.71777196455731	-0.104952231192698	0.885691227588123	nsig	Raf1S257L	no	-
PAFAH1B2	0.141431856014945	0.784763443856845	0.088857194857562	0.383898345060496	nsig	Raf1S257L	no	-
PATZ1	1.04451555889668	0.010141810673576	-0.0429170423342128	0.778981952341467	AP-MS	Raf1S257L	yes	gain
PCLAF	0.982701207005097	0.0375650184398253	0.494213311155815	0.00140748436676741	congruent	Raf1S257L	no	-
PCM1	0.950650954392697	0.000195711202640964	0.138583165376645	0.313348204459291	AP-MS	Raf1S257L	no	-
PDCD2	0.392826499979655	0.0465029178827863	0.304515925740056	0.00652539990455157	congruent	Raf1S257L	no	-
PDRG1	0.508458102804597	0.0132115058580464	-0.101983148884204	0.332455078292008	AP-MS	Raf1S257L	no	-
PEDS1	NA	NA	0.347405582728967	0.00392754992342831	TbID	Raf1S257L	no	-
PER1	0.405436712608992	0.135852326767926	NA	NA	AP-MS	Raf1S257L	no	-
PFDN6	0.584170588832722	0.00230762890760746	-0.0449229939994757	0.658625948663962	AP-MS	Raf1S257L	no	-
PFKP	-0.0873350036422666	0.59428031673509	-0.115641156048788	0.269299359500148	nsig	Raf1S257L	no	-
PGAM5	0.417357662178769	0.00250032795723825	-0.519789837627567	0.000317266714990341	opposite	Raf1S257L	no	-
PHLDA2	2.02494320883862	0.000135709687853646	1.1481187889704	0.00403981709145912	congruent	Raf1S257L	yes	gain
PHTF2	NA	NA	0.0269613423489331	0.920720649966411	TbID	Raf1S257L	no	-
PIK3CA	1.28986918002729	0.000141088310425042	0.453793230407379	0.00116240678023278	congruent	Raf1S257L	yes	gain
PIK3R1	0.966061163464984	0.000141088310425042	0.240480634746927	0.00429726583284491	congruent	Raf1S257L	no	-
PIK3R2	0.31905635337237	0.0244301270037475	-0.157415530101369	0.0610936027118057	AP-MS	Raf1S257L	no	-
PIK3R3	0.810971316586597	0.00470545879744824	0.176811893347704	0.0378613603455159	congruent	Raf1S257L	no	-
PJA1	1.03846111704049	0.00075907291993089	0.490562617681456	0.00146575949914269	congruent	Raf1S257L	yes	gain
PJA2	1.14092261323697	0.000560269953354009	0.314172265677409	0.0143841246067457	congruent	Raf1S257L	yes	gain
PKM	1.2415485749421	0.000189454111381028	0.552636023101449	0.000483775979864329	congruent	Raf1S257L	yes	gain
PLA2G3	NA	NA	-0.502952625403253	0.067488448803479	TbID	Raf1S257L	no	-
PLOD3	0.0083134824831313	0.950033255491185	1.08841361420014	0.000451515252817818	TbID	Raf1S257L	yes	gain
PNMA1	1.05999315400425	0.0210608874438661	0.118658919005251	0.612069462739292	AP-MS	Raf1S257L	yes	gain
PNMA2	0.595523935100925	0.00915298726473327	0.00253674759552041	0.984293041959221	AP-MS	Raf1S257L	no	-
POLR1D	0.249135604452585	0.102824971399993	0.413019282472752	0.102105686716669	nsig	Raf1S257L	no	-
POLR2H	0.392958925680728	0.0366226581642265	0.725383256812325	0.0125461278761676	congruent	Raf1S257L	no	-
POLR2L	0.467463151916695	0.0998660651509433	0.697276596840429	0.0126161166488072	TbID	Raf1S257L	no	-
PPP1R15B	1.16596647681316	0.00131849682633901	0.457638447938443	0.000342781125114612	congruent	Raf1S257L	yes	gain
PPP2R1B	0.526125799597329	0.00644698081856158	0.494779788422267	0.00353338735266529	congruent	Raf1S257L	no	-
PPP2R5E	0.596959512403656	0.0350485870377655	0.216573660417736	0.0276519916444522	congruent	Raf1S257L	no	-
PPP5C	-0.0375071125208906	0.844500116176896	-0.319559941342888	0.00273746678605363	TbID	Raf1S257L	no	-
PPP6C	1.01542936717091	0.000258277877109987	-0.0581560848030558	0.366720112338312	AP-MS	Raf1S257L	yes	gain
PPP6R1	0.641111255117152	0.00102822714040105	-0.394557815515563	0.00099390648048195	opposite	Raf1S257L	no	-
PPP6R2	0.715804902680319	0.00312263915440421	-0.200491480428485	0.024279007339443	opposite	Raf1S257L	no	-
PPP6R3	1.2814489559766	9.0328518658213e-05	-0.0351878353754816	0.518344418782505	AP-MS	Raf1S257L	yes	gain
PRDM8	0.736217674458458	0.00191422332311418	0.717337490363298	0.011183800836257	congruent	Raf1S257L	no	-
PRDX4	-0.0973164584105072	0.508787575565824	0.581547987548186	0.00463133256837936	TbID	Raf1S257L	no	-
PRELID1	0.0633930093338224	0.851462176355858	0.15277598061609	0.356987892221489	nsig	Raf1S257L	no	-
PREX2	-0.395811001897169	0.50889420669577	0.142075380149615	0.662127704723248	nsig	Raf1S257L	no	-
PRKACA	1.29787771386472	0.000642681801889126	0.0486260507028934	0.710495930588273	AP-MS	Raf1S257L	yes	gain
PRKACB	1.01456687548938	0.00035365959207722	-0.131042595497261	0.0849455606572059	AP-MS	Raf1S257L	yes	gain
PRKAR1A	1.22312109118105	0.000145669561905634	0.352186579812011	0.0137621224143518	congruent	Raf1S257L	yes	gain
PRKAR1B	1.19918870122465	0.000195711202640964	0.0587364468205468	0.76514151665184	AP-MS	Raf1S257L	yes	gain
PROCR	0.257974145722905	0.473021013155859	0.80309388175768	0.000995122045146894	TbID	Raf1S257L	no	-
PRR11	0.178248218503356	0.471062825255635	0.40688945940535	0.0512192664749564	nsig	Raf1S257L	no	-
PSMA6	0.66123307756191	0.00444945376434886	0.372921000747449	0.002945367096225	congruent	Raf1S257L	no	-
PSMB5	1.2307839991483	0.000515268950480214	0.748693650882656	0.000310710015051652	congruent	Raf1S257L	yes	gain
PSMC5	0.429842248371783	0.00550587899498597	0.193982969267029	0.00922668555777102	congruent	Raf1S257L	no	-
PSMC6	0.629119787869084	0.00064752238203681	0.103540650175941	0.172656324514343	AP-MS	Raf1S257L	no	-
PSMD1	0.711034949040765	0.00055670140576718	0.171860366603549	0.0859927477006636	AP-MS	Raf1S257L	no	-
PSMD11	0.725557250267537	0.000273695173830321	0.100757539525673	0.238718672911145	AP-MS	Raf1S257L	no	-
PSMD12	0.798614321755671	0.000729731039997539	0.254565910349859	0.0407143938270286	congruent	Raf1S257L	no	-
PSMD13	0.678191796402671	0.000904739972023016	0.0496440529321282	0.529475903855308	AP-MS	Raf1S257L	no	-
PSMD14	0.66128720129436	0.000969391627157248	-0.0368414464276845	0.875003345269637	AP-MS	Raf1S257L	no	-
PSMD7	0.787103570977994	0.000820859528816608	-0.0680762129215393	0.293635263200522	AP-MS	Raf1S257L	no	-
PTPRZ1	-0.351363010222476	0.577480965998519	-0.364857567649758	0.107511358451093	nsig	Raf1S257L	no	-
RAB32	0.0465880569770826	0.932472881200216	0.46939125976327	0.00139112531896059	TbID	Raf1S257L	no	-
RABIF	0.00451186650150696	0.992369662359039	1.02327478978696	0.195756872108981	nsig	Raf1S257L	no	-
RAF1	-0.294839604484732	0.0301035021645776	-0.293901965622073	0.00322946353054752	congruent	Raf1S257L	no	-
RANBP9	0.358726210961281	0.0164315591624492	-0.153459124137892	0.145233707562569	AP-MS	Raf1S257L	no	-
RHBDD1	0.0788944258887524	0.84720504595702	0.0237590863103031	0.74428321534844	nsig	Raf1S257L	no	-
RNF187	1.05776872358924	0.00488011774605657	-0.0251460566913512	0.777080761720197	AP-MS	Raf1S257L	yes	gain
RNF41	0.581859938467819	0.00844407010008893	0.0451281270394171	0.735514190033186	AP-MS	Raf1S257L	no	-
RNF44	1.16158722920803	0.158102085614236	NA	NA	AP-MS	Raf1S257L	no	-
RNFT1	0.0947713380970231	0.783306645859444	0.326131709387262	0.00140568348802759	TbID	Raf1S257L	no	-
RP9	0.360697157448743	0.133187691360429	0.727663478487625	0.00189901818453548	TbID	Raf1S257L	no	-
RPA1	0.267813575197857	0.0210650911179931	-0.0728529888810912	0.488471815530534	AP-MS	Raf1S257L	no	-
RPA2	0.224394672771361	0.136538492054157	-0.0905824428121516	0.419498332691354	nsig	Raf1S257L	no	-
RPA3	0.205325512649075	0.122390855150661	-0.0480929086335951	0.67416736385548	nsig	Raf1S257L	no	-
RPAP3	0.517848664346141	0.00239849786002988	0.162991265289184	0.0435277077883095	congruent	Raf1S257L	no	-
RRAS2	-0.732223667528367	0.0128349276260537	0.0765715724372302	0.427607078260432	AP-MS	Raf1S257L	no	-
RUSC2	1.22357560872963	0.000300953714354154	0.541016212746424	0.00268186410243122	congruent	Raf1S257L	yes	gain
SARAF	-0.522815396167639	0.152108106829804	-0.35436027608283	0.00789459860191227	TbID	Raf1S257L	no	-
SC5D	NA	NA	0.127927374989684	0.136117207417649	TbID	Raf1S257L	no	-
SCARF2	1.40036121328645	0.00309422392564324	0.436300327608986	0.0756715213899019	AP-MS	Raf1S257L	yes	gain
SCD	0.080431024726986	0.89260342355181	-0.0806754639491402	0.436874893623477	nsig	Raf1S257L	no	-
SCD5	-0.291716337704703	0.117103568441104	-0.455755110038776	0.00159327510958586	TbID	Raf1S257L	no	-
SCOC	0.709384060337292	0.0766030571591731	0.0441712748985822	0.702230388688308	nsig	Raf1S257L	no	-
SDC4	1.15968817399154	0.000722011535862384	0.972416142013788	0.000846156044804681	congruent	Raf1S257L	yes	gain
SDHC	NA	NA	0.295935797317435	0.175593224210215	TbID	Raf1S257L	no	-
SEC16A	0.429183564970261	0.0104264852518103	-0.0498917938070549	0.410490288850862	AP-MS	Raf1S257L	no	-
SELENOS	0.25099548569559	0.400234918323775	-0.133961902969181	0.240775354419727	nsig	Raf1S257L	no	-
SENP3	0.549932369508818	0.0275622318532538	-0.167324341855669	0.178349158399499	AP-MS	Raf1S257L	no	-
SERF1A	0.533313499321547	0.0197690415375375	0.100355269860167	0.249604653676424	AP-MS	Raf1S257L	no	-
SERF2	0.515979865188177	0.011762960965396	0.0243060252676636	0.86181897676263	AP-MS	Raf1S257L	no	-
SERTAD4	0.633697680475964	0.201227037403942	NA	NA	AP-MS	Raf1S257L	no	-
SESN3	-0.241064308966037	0.160639867004768	-0.496356736837141	0.000350027979892514	TbID	Raf1S257L	no	-
SFN	0.101063424535233	0.801408328839648	0.228313759007784	0.319277531478769	nsig	Raf1S257L	no	-
SFRP5	NA	NA	0.548998227362942	0.0285031843608476	TbID	Raf1S257L	no	-
SGK1	NA	NA	0.846973718496097	0.0424903741515068	TbID	Raf1S257L	no	-
SH2B3	1.42252411380022	0.000195711202640964	NA	NA	AP-MS	Raf1S257L	yes	gain
SH3BP4	-0.0463172521073767	0.688337161627684	0.591086090332216	0.00021938530590325	TbID	Raf1S257L	no	-
SIRT1	0.781833972968755	0.00223840128623542	0.388137083331586	0.00191002943268974	congruent	Raf1S257L	no	-
SIRT2	-0.265605848968203	0.327991991207901	-0.601130675223398	0.00028872706707237	TbID	Raf1S257L	no	-
SIVA1	-0.0752103811298804	0.586742037997133	-0.13828615005496	0.29860414135631	nsig	Raf1S257L	no	-
SLC16A7	-0.561084224013263	0.154235839854322	-1.86569043479984	0.00115769368079075	TbID	Raf1S257L	yes	loss
SLC19A1	0.412842348305079	0.16097563998329	0.446710023681952	0.00103206723923518	TbID	Raf1S257L	no	-
SLC27A6	0.280923231595441	0.112668282898394	0.254422934567761	0.0124688575069412	TbID	Raf1S257L	no	-
SLC35G2	0.211971784143811	0.528484056895662	0.479774675514959	0.000620143992243512	TbID	Raf1S257L	no	-
SMIM26	-0.282294049225386	0.54059832454676	-0.0166294219712105	0.878538560963363	nsig	Raf1S257L	no	-
SNX22	0.580765313734406	0.0728597597189264	NA	NA	AP-MS	Raf1S257L	no	-
SPOP	-0.431638033846344	0.474854298892681	0.409251501505587	0.00530167457505557	TbID	Raf1S257L	no	-
SPRED1	0.704215317104327	0.144119004413768	0.513471234236607	0.0129522942336601	TbID	Raf1S257L	no	-
SPRY2	0.07013863560054	0.860789580338528	0.971158002577877	0.000679728682123678	TbID	Raf1S257L	no	-
SPRY4	0.856825451419473	0.0861018492041207	1.03171474586295	0.00182545058943551	TbID	Raf1S257L	yes	gain
SPTAN1	0.17185076758912	0.382027132910566	0.933780985153059	0.00612998955932914	TbID	Raf1S257L	no	-
SPTBN1	0.346187875035104	0.0180688163662302	1.03244405487485	0.00641210407105235	congruent	Raf1S257L	yes	gain
SQOR	-0.516127862034084	0.0375335175445213	-0.663855701501246	0.000518080841501077	congruent	Raf1S257L	no	-
SQSTM1	0.817088310608537	0.00230632625508142	0.369921375251129	0.0411414771122904	congruent	Raf1S257L	no	-
SRPX	0.983381969903285	0.0334402721130874	0.177135559646729	0.0981182863461406	AP-MS	Raf1S257L	no	-
SSX2IP	0.818261858907909	0.00100866908012166	0.496226763159664	0.000351248644563993	congruent	Raf1S257L	no	-
STIP1	0.956411881446802	0.0001548294151043	0.232425698457783	0.0739452651083371	AP-MS	Raf1S257L	no	-
STUB1	1.2078157804643	0.000255016183791093	0.135469030870997	0.0510012934283913	AP-MS	Raf1S257L	yes	gain
SUGT1	0.972362083990725	0.000195711202640964	0.738329459622255	0.000182421290806992	congruent	Raf1S257L	no	-
SULT1C4	NA	NA	2.45486355104825	0.000323096129842547	TbID	Raf1S257L	yes	gain
SYNPO	0.464278184607987	0.103320073034053	0.457672820993585	0.0809670583630127	nsig	Raf1S257L	no	-
TAC1	NA	NA	1.49924791747034	0.000117530655117655	TbID	Raf1S257L	yes	gain
TARBP2	0.352173303318158	0.0376614432257854	0.423213222196552	0.00357667345710167	congruent	Raf1S257L	no	-
TBC1D4	0.738106099984189	0.00105938479806643	-0.0534345439462026	0.368692825783384	AP-MS	Raf1S257L	no	-
TCP1	1.23439321446961	0.000195711202640964	0.146755618784654	0.184784462424193	AP-MS	Raf1S257L	yes	gain
TCP11L1	0.610444338778611	0.0107724907383068	0.125571078424713	0.126514052320023	AP-MS	Raf1S257L	no	-
TDG	0.998198390387714	0.0547838257738009	0.454149761029292	0.0130877453003222	TbID	Raf1S257L	no	-
TELO2	-0.0865217822983755	0.506991912524206	-0.333617242451001	0.0023492938883031	TbID	Raf1S257L	no	-
TEX30	0.338487312709179	0.0784034407837131	0.325478564015717	0.00179275368000571	TbID	Raf1S257L	no	-
TFPI2	0.270822436319475	0.631928760925617	1.56859196155593	0.000341346116523055	TbID	Raf1S257L	yes	gain
TGFB1	1.62290728900163	0.000145669561905634	1.15805556409978	0.000215044240439302	congruent	Raf1S257L	yes	gain
THBS1	NA	NA	0.585038134742397	0.00376568294055939	TbID	Raf1S257L	no	-
THSD1	0.75633902232211	0.0408729452079334	-0.217642284580011	0.326051047369578	AP-MS	Raf1S257L	no	-
THTPA	0.201071333058529	0.166560844356008	0.264550370852981	0.00346235132107602	TbID	Raf1S257L	no	-
THUMPD3	0.471581972867805	0.00681603343995919	-0.0548787100209813	0.308360761064051	AP-MS	Raf1S257L	no	-
TIMP1	0.475826973046713	0.190862979920661	0.887691770911603	0.0102318017738184	TbID	Raf1S257L	no	-
TMEFF2	NA	NA	-0.727122342194601	0.00457429970723389	TbID	Raf1S257L	no	-
TMX2	0.243752326759747	0.168844277980503	0.273187602239604	0.0443126950357593	TbID	Raf1S257L	no	-
TNFAIP1	0.014461148455925	0.953843161698666	0.335035255302967	0.0885436207814771	nsig	Raf1S257L	no	-
TOMM40	0.955549675323885	0.000473525013348934	-0.536371874749015	0.00147228895485425	opposite	Raf1S257L	no	-
TOMM40L	0.448930961220163	0.158227765197765	-0.0930709394783094	0.155451763126252	nsig	Raf1S257L	no	-
TOMM70	0.245265703666841	0.146120418242365	-0.170379547310831	0.0252241661476608	TbID	Raf1S257L	no	-
TRAK2	0.552887832432136	0.0586008143100714	-0.499726423593612	0.0508222931212012	nsig	Raf1S257L	no	-
TRIB1	1.30525622598635	0.00310751798287517	1.27836739298768	0.000435243631473293	congruent	Raf1S257L	yes	gain
TRIM37	0.580960514499469	0.106791915856821	-0.00489288234839718	0.984057745074762	nsig	Raf1S257L	no	-
TSPYL1	0.654001534106402	0.000736929539901211	0.281469723563889	0.0138945155798399	congruent	Raf1S257L	no	-
TSPYL2	1.04128304123136	0.000722011535862384	0.303924368447098	0.111803481806484	AP-MS	Raf1S257L	yes	gain
TTC4	0.494244997089898	0.00291471469642106	0.350045257998084	0.00456355446247027	congruent	Raf1S257L	no	-
TTC9C	0.235898842063052	0.283470202216629	0.28533778755998	0.0178322986416737	TbID	Raf1S257L	no	-
TUBGCP2	0.196498572511107	0.105507226091303	-0.139282214975719	0.201376044549353	nsig	Raf1S257L	no	-
TUBGCP6	0.615353333240965	0.0024370629389005	-0.046006000226662	0.729717087282166	AP-MS	Raf1S257L	no	-
TUG1	0.363616387337066	0.228413402509642	0.04952421780552	0.874567968811916	nsig	Raf1S257L	no	-
TWNK	0.476797205111417	0.00424308021205823	0.294087726552081	0.106903657070933	AP-MS	Raf1S257L	no	-
U2AF1	0.631147031747495	0.0438233993099961	0.877029169746189	0.000202016998287963	congruent	Raf1S257L	no	-
UBAC2	0.270020236058421	0.0272988228729862	0.424318924919288	0.00180586764772442	congruent	Raf1S257L	no	-
UBIAD1	-0.195290869189836	0.296513876004822	0.145902596795026	0.117977334604088	nsig	Raf1S257L	no	-
UBL5	-0.370223162807234	0.249450256767013	-0.297463609959486	0.03308785336206	TbID	Raf1S257L	no	-
UBR5	0.680225156281115	0.000914330910891791	0.289372281116886	0.00430739425351427	congruent	Raf1S257L	no	-
UCK2	-0.0561563194223535	0.787767783127123	0.0329913375821354	0.800479346150256	nsig	Raf1S257L	no	-
URI1	0.7478582289736	0.00322702601091153	-0.256427643492565	0.0182579357796905	opposite	Raf1S257L	no	-
USP11	0.644836762204707	0.000428302896686945	0.131261856856734	0.0502877361668081	AP-MS	Raf1S257L	no	-
USP34	1.004534423252	0.000650497152861527	-0.0028651018528456	0.96879522511471	AP-MS	Raf1S257L	yes	gain
USP9X	0.954984072312424	0.000145669561905634	-0.108407641530939	0.184472419469916	AP-MS	Raf1S257L	no	-
USP9Y	1.05498539120928	0.0351983006748266	-0.315553840420023	0.106739773465774	AP-MS	Raf1S257L	yes	gain
UTP6	0.545021914952011	0.00116949287964195	0.330699785765846	0.00454076079308743	congruent	Raf1S257L	no	-
UXT	0.726915154361747	0.00693699513986457	-0.201677480059127	0.0306581788430616	opposite	Raf1S257L	no	-
VGF	-0.0619444577034683	0.936960322552515	0.511071837780313	0.0348566545417369	TbID	Raf1S257L	no	-
VPS18	0.950268166230488	0.000231368904982506	-0.12439435587634	0.242006155277492	AP-MS	Raf1S257L	no	-
VPS36	0.613388607345342	0.109653286750066	-0.00541192175584949	0.940376277596635	nsig	Raf1S257L	no	-
VWA5B2	1.14294719162984	0.00494578467682841	NA	NA	AP-MS	Raf1S257L	yes	gain
WDR6	0.2929001033891	0.027630302875718	0.408980647111809	0.00117532146976929	congruent	Raf1S257L	no	-
WDTC1	-0.343850800234331	0.00926914703209086	-0.107172990533598	0.294343818677913	AP-MS	Raf1S257L	no	-
XPNPEP3	-0.100319943089594	0.759595988255545	-0.0165297197833936	0.934805423289686	nsig	Raf1S257L	no	-
YWHAB	-1.62762848995408	0.000393948708271351	-0.383174232775899	0.0227128913878187	congruent	Raf1S257L	yes	loss
YWHAE	-1.69393303689942	0.000428302896686945	-0.505255950715727	0.00382038128183333	congruent	Raf1S257L	yes	loss
YWHAG	-1.81666826229448	1.93447973140313e-05	-0.560923142965849	0.0100427027863287	congruent	Raf1S257L	yes	loss
YWHAH	-2.06463896476662	7.94890121414708e-05	-0.734186871404388	0.000721012788090998	congruent	Raf1S257L	yes	loss
YWHAQ	-1.04844069569622	0.00258799904304227	-0.610817682358082	0.000797371309198891	congruent	Raf1S257L	yes	loss
YWHAZ	-1.64273807462914	0.000108304217197531	0.112508941374794	0.377489808090177	AP-MS	Raf1S257L	yes	loss
ZBTB1	1.60949452581145	0.00117361269530068	-0.0974779310207786	0.723854219359887	AP-MS	Raf1S257L	yes	gain
ZCCHC12	0.140370270228602	0.829308241313288	1.59489782710711	0.000116077499729209	TbID	Raf1S257L	yes	gain
ZFP36	1.14174392148998	0.000195711202640964	0.679641649590564	0.0134309474330099	congruent	Raf1S257L	yes	gain
ZFP36L1	1.03266440709565	0.00105135417142827	0.451355684012746	0.00223007897396722	congruent	Raf1S257L	yes	gain
ZFP36L2	0.856848735801398	0.012009847524372	0.416167006040497	0.00133450260702897	congruent	Raf1S257L	no	-
ZMYM1	0.209837393635634	0.0730768567145641	0.320315104589784	0.0756848236495472	nsig	Raf1S257L	no	-
ZNF480	NA	NA	-0.973741029473832	8.17525589605097e-05	TbID	Raf1S257L	no	-
ZNF582	NA	NA	-1.05890997993192	0.00939521748506696	TbID	Raf1S257L	yes	loss
ZNF791	0.492689494850366	0.283438353695702	-0.55958574391675	0.000240271940803017	TbID	Raf1S257L	no	-
ZSWIM8	0.658456745043077	0.00346158512170237	-0.131032214816432	0.175038437565758	AP-MS	Raf1S257L	no	-
