bait	prey	significant	HCDP	subcell_localization	logFC_APMS	padj_APMS	logFC_TbID	padj_TbID	method
MEK2DD	AAK1	shared	no	plasma_membrane	0.883464519235144	0.00242355102738998	1.68532177266249	6.00256460551129e-11	TbID
MEK2AA	AAK1	TbID	no	plasma_membrane	-0.0147047157887081	0.975858130736682	0.921905076345455	1.37192493625869e-08	TbID
NrasQ61R	AAMDC	shared	no	cytosol	1.1105165628471	5.66886118675869e-05	0.259960963698763	0.000632849489837512	AP-MS
BrafG469A	ABCB11	TbID	yes	NA	NA	NA	1.26595440144882	0.00102099543411951	TbID
HrasG13R	ABCB11	TbID	yes	NA	NA	NA	1.12882574417471	0.00333217582798211	TbID
Raf1S259F	ABCB11	TbID	yes	NA	NA	NA	0.97996570812566	0.0064565268635034	TbID
BrafD594N	ABCB11	TbID	yes	NA	NA	NA	1.19517305717371	0.00291211364509355	TbID
BrafV600E	ABCB11	TbID	yes	NA	NA	NA	1.31531479223018	0.000721798948923604	TbID
ArafS214P	ABCB11	TbID	yes	NA	NA	NA	1.35814120626211	0.000809041727605033	TbID
MEK2DD	ABCB11	TbID	yes	NA	NA	NA	1.12764098414387	0.0031505415156148	TbID
MEK2DD	ABCB6	AP-MS	yes	NA	1.15479642686931	2.70804070428121e-05	-0.0162821644666731	0.877820644568942	AP-MS
HrasG13R	ABHD13	TbID	no	NA	NA	NA	0.85126616906285	4.82782834283215e-07	TbID
BrafV600E	ABHD13	TbID	no	NA	NA	NA	0.99485548687232	1.86532786341961e-08	TbID
HrasS17N	ABHD13	TbID	no	NA	NA	NA	0.935377160956527	4.01333143632523e-08	TbID
NrasQ61R	ABHD14B	shared	no	cytosol	1.03316415529237	2.0304293332595e-05	0.461475381393659	4.98183712280359e-07	AP-MS
Raf1S259F	ABHD15	shared	no	NA	1.25926229510931	0.000433603756030244	0.255558448379119	0.00178040091997493	AP-MS
ERK1WT	ABHD17C	AP-MS	no	NA	1.91822440368345	0.00652079677099336	0.155486593636095	0.152716977843771	AP-MS
ArafD447A	ABHD17C	AP-MS	no	NA	1.88118168352202	0.00372173496718484	0.156979215518269	0.170868259557834	AP-MS
ArafWT	ABHD17C	AP-MS	no	NA	1.92948884297892	0.00278571018609116	-0.1122826663547	0.277040525971449	AP-MS
NrasQ61R	ABHD17C	AP-MS	no	NA	2.03902552241082	0.00283052301646783	-0.103683809382586	0.352534874418289	AP-MS
Raf1WT	ABHD17C	shared	no	NA	1.92937281144332	0.00579208359785189	0.250517569196374	0.0203543163235476	AP-MS
NrasQ61R	ABHD18	shared	no	mitochondrion	1.05673975006819	1.41914236011893e-06	0.513198254468045	4.2913990236449e-06	AP-MS
ERK2AA	ABHD3	shared	no	NA	0.621699103547707	0.00350237111699508	0.859611446035811	1.45859426577982e-07	Both
NrasQ61K	ABHD3	shared	no	NA	1.42298184136587	0.000194852532113571	0.651369358171367	4.58008132904196e-06	Both
MEK2DD	ABHD3	shared	no	NA	1.2842643989278	5.24149998975349e-05	0.176728958709095	0.0252405505382753	Both
HrasS17N	ABHD3	shared	no	NA	0.591099819484449	0.0229901926236953	0.949624205669074	1.03754311964285e-07	Both
MEK2DD	ABLIM1	TbID	no	actin_cytoskeleton	-0.450073665193535	0.000721778136640821	1.06796782312089	1.62698524950262e-09	TbID
ArafWT	ABR	shared	no	cytosol	1.32609533253987	3.51583859092442e-08	0.737894280818942	6.74583670481115e-08	AP-MS
Raf1S259F	ACAN	TbID	yes	NA	NA	NA	1.87570720030863	5.53179382539532e-07	TbID
NrasQ61R	ACAN	TbID	yes	NA	NA	NA	1.74695502893075	3.65340698727406e-06	TbID
Raf1S257L	ACAN	TbID	yes	NA	NA	NA	1.7398311844605	1.63024275102792e-06	TbID
BrafV600E	ACAN	TbID	yes	NA	NA	NA	1.42433383512844	1.24756986336223e-05	TbID
ArafWT	ACAP3	AP-MS	no	NA	1.4885308092715	0.00123155178003584	-0.0690696716643345	0.652449362751352	AP-MS
KrasG12D	ACBD4	TbID	no	NA	NA	NA	1.17947109439706	0.000903224862585362	TbID
KrasS17N	ACBD4	TbID	no	NA	NA	NA	0.888250911977085	0.0399307947714251	TbID
HrasS17N	ACBD7	AP-MS	no	cytosol	1.02431959108686	0.00551930249116898	0.163640128463753	0.123529590376605	AP-MS
NrasS17N	ACBD7	shared	no	cytosol	1.04765522072915	0.00547159591701476	0.236072645472473	0.0268624889955609	AP-MS
NrasQ61R	ACOT1	shared	no	NA	0.587682252865776	0.000170117072088887	0.913700172920272	8.68459811167792e-07	TbID
HrasG13R	ACSF2	TbID	no	mitochondrion	NA	NA	0.94629247878265	0.0179147311864308	TbID
MEK2DD	ACSL4	AP-MS	yes	early_endosome	1.18999815780112	8.94493365463974e-07	0.145430692561112	0.163172881930309	Both
BrafG469A	ACSL4	shared	yes	early_endosome	0.53252361004245	0.000762706258641555	1.04383117404461	1.57754668326608e-07	Both
MEK2DD	ACSS3	AP-MS	no	mitochondrion	1.02116730279221	0.0276396995885294	NA	NA	AP-MS
ArafS214P	ACTA1	TbID	yes	NA	-0.0244681789188799	0.892696430472547	1.15690865371394	3.51922767885738e-05	TbID
NrasS17N	ACTA1	TbID	yes	NA	-0.0238295674575391	0.904601316394779	0.903131878946288	0.000280867191281099	TbID
Raf1D486A	ACTA1	TbID	yes	NA	0.0648360895088213	0.709694946009529	1.49859316364825	1.17970282578382e-06	TbID
HrasG13R	ACTA1	TbID	yes	NA	0.108489503817398	0.494245562537497	1.31492018073085	9.08113209052533e-06	TbID
HrasQ61R	ACTA1	TbID	yes	NA	0.137609006506233	0.455666269662085	1.40452960615218	3.16552898036152e-06	TbID
BrafG469A	ACTBL2	core	no	NA	1.30911713125756	9.96580968472567e-05	1.10451832434688	9.0316860610439e-07	Both
HrasG13R	ACTBL2	TbID	no	NA	0.40699850283652	0.208623083007182	1.28297135853003	1.56789673897763e-06	Both
MEK1DD	ACTBL2	shared	no	NA	1.64326213645526	4.85396074613018e-05	0.572699546263918	0.000844583869924701	Both
Raf1D486A	ACTBL2	TbID	no	NA	0.154133195661393	0.569718074527048	1.77010740120298	1.67556129716499e-07	Both
HrasQ61R	ACTBL2	TbID	no	NA	0.143770869602187	0.620936309662846	1.45089742757144	5.58660093740942e-07	Both
ArafS214P	ACTBL2	shared	no	NA	0.951850034077225	0.00119130559342084	1.15693042866781	8.7548307998136e-06	Both
MEK2DD	ACTBL2	shared	no	NA	2.25394345133093	2.09787797230333e-06	0.347503660857103	0.0427623928036513	Both
NrasS17N	ACTL8	TbID	no	NA	0.197103030639409	0.424155726509587	1.17592194495663	6.48258861510677e-08	TbID
ERK2AA	ACTL8	shared	no	NA	0.686969072633962	0.00693889560945478	1.8746978802046	8.63075784903606e-10	TbID
MEK1AA	ACTL8	TbID	no	NA	0.321492850273522	0.230692464058566	1.16802047937509	5.29858394658138e-09	TbID
NrasQ61K	ACTL8	TbID	no	NA	-0.0789669259159473	0.762053069277594	0.851463162133168	4.79764515232455e-08	TbID
ArafD447A	ACTL8	TbID	no	NA	0.369140641337896	0.0933283022406868	0.971653260881376	9.1289120882925e-09	TbID
MEK1DD	ACTL8	TbID	no	NA	0.002614012973456	0.994585657155952	0.887703847172918	6.49508625155386e-09	TbID
Raf1S259F	ACTL8	shared	no	NA	0.852295778719628	0.000978570296130688	1.8088126464692	9.81941248698482e-11	TbID
Raf1S257L	ACTL8	shared	no	NA	0.716259374072459	0.00255466825400893	1.15067246632476	5.34119670565167e-09	TbID
HrasQ61R	ACTL8	TbID	no	NA	0.0768060356650187	0.785338463247605	0.971185831683372	2.64355301029121e-08	TbID
HrasG13R	ACTL8	TbID	no	NA	0.412879458966372	0.116757122631049	0.899989613858154	5.13999601147228e-08	TbID
BrafWT	ACTL8	TbID	no	NA	0.0388294462035982	0.909188297818129	0.92726197282888	6.07900509214908e-08	TbID
HrasS17N	ACTL8	TbID	no	NA	-0.0926789900992438	0.736539478037813	1.86235438685139	1.38871643520488e-09	TbID
HrasG13R	ACTN1	TbID	yes	plasma_membrane	0.497641148133616	0.224658968854014	0.942073086623627	6.41907534547467e-06	TbID
HrasQ61R	ACTN1	TbID	yes	plasma_membrane	0.269687172951164	0.522843927708113	0.93532190005608	1.64689223048501e-06	TbID
ArafS214P	ACTN1	TbID	yes	plasma_membrane	0.632158916273763	0.072421668197253	1.01166847675972	1.50927372104102e-05	TbID
Raf1D486A	ACTN1	TbID	yes	plasma_membrane	0.315390415332206	0.406154253625455	1.0483012714645	2.18198125167972e-06	TbID
MEK2DD	ACTR1B	AP-MS	no	cytosol	0.998032830145405	0.0274749897591953	NA	NA	AP-MS
KrasWT	ACVR1	TbID	yes	NA	-0.159148906539286	0.370991925669235	0.910506163913191	0.00135117742658272	TbID
KrasG12D	ACVR1	TbID	yes	NA	-0.25336172003985	0.109464747833729	0.794140082057689	0.00388409276042636	TbID
NrasQ61R	ACY1	shared	yes	cytosol	1.65739146093931	4.18137884859575e-06	0.307519306153628	0.00336670495389115	AP-MS
ERK2AA	ADAM17	TbID	yes	ER	-0.0655213076605153	0.802036023942589	0.940666932456307	7.33909238244516e-07	TbID
ERK2WT	ADAM17	shared	yes	ER	0.449298815020317	0.0309311767520538	1.0552373454843	1.15639049110144e-07	TbID
Raf1S259F	ADAMTS1	core	no	early_endosome	1.40189674601739	2.87618822441671e-07	0.986630554680405	2.55455243612334e-08	Both
Raf1D486A	ADAMTS1	TbID	no	early_endosome	-0.286607960960301	0.00909345102257873	0.972389777903352	2.84586265300613e-08	Both
MEK1DD	ADAMTS1	core	no	early_endosome	1.31042640619077	1.18177658311309e-07	1.2161590894883	1.94802454395994e-09	Both
BrafG469A	ADAMTS1	shared	no	early_endosome	0.704910057477975	4.343223796067e-05	0.976175792360593	1.42788589765479e-08	Both
MEK2DD	ADAMTS1	shared	no	early_endosome	1.16656222991396	3.97307199053209e-07	0.362988064557911	0.000396547085600897	Both
KrasWT	ADAMTS17	TbID	yes	NA	-0.0338366733483868	0.689674550169318	1.19820257390769	0.000793531003611451	Both
NrasQ61R	ADAMTS17	AP-MS	yes	NA	1.45274121885503	0.00250924451778147	NA	NA	Both
KrasG12D	ADAMTS17	TbID	yes	NA	-0.112357662747865	0.187939050016884	1.19543743764125	0.000601616963225194	Both
KrasG12V	ADAMTS17	TbID	yes	NA	-0.0157976028835831	0.838842523786339	1.14667810334051	0.000776564708487995	Both
ArafWT	ADAMTS19	AP-MS	no	NA	1.2490533345137	0.00549682719241445	NA	NA	AP-MS
MEK2DD	ADGRB1	AP-MS	yes	NA	1.21899921077556	0.00732633472317501	-0.855842871762523	0.000595243346545644	AP-MS
MEK2DD	ADGRE5	shared	no	recycling_endosome	1.45032141896847	0.000123205281686224	0.177465580009923	0.0125968610532661	AP-MS
ERK1WT	ADGRL1	AP-MS	yes	plasma_membrane	1.71533186861377	6.86985451890893e-06	-0.0183915657327851	0.889002123605345	AP-MS
ERK1DD	ADGRL1	AP-MS	yes	plasma_membrane	1.16809425160845	0.00027385408390746	-0.14987620388917	0.166236272083208	AP-MS
NrasQ61R	ADGRL1	shared	yes	plasma_membrane	1.03470696591859	0.000229921642488034	0.237774617715742	0.0285444345006499	AP-MS
ERK2AA	ADGRL1	AP-MS	yes	plasma_membrane	1.416743898716	3.49673986304946e-05	0.0778484954940087	0.523662368158212	AP-MS
ERK2WT	ADGRL1	AP-MS	yes	plasma_membrane	1.61348257382414	1.89386121604853e-05	-0.19099290327165	0.0786454039404303	AP-MS
ERK2WT	ADGRL2	shared	no	plasma_membrane	1.68103972923239	1.73760658954772e-07	0.143477766786505	0.0110161211800209	AP-MS
ERK1WT	ADGRL2	AP-MS	no	plasma_membrane	1.60456150487296	4.70313905142635e-07	0.0401642633809257	0.437427893578091	AP-MS
ERK1DD	ADGRL3	AP-MS	no	plasma_membrane	1.13966666333241	0.0119104686155141	-0.171685569900657	0.161617573781805	AP-MS
ERK1WT	ADGRL3	AP-MS	no	plasma_membrane	1.33501995543997	0.00687052931960398	-0.0608688157839794	0.652704596718961	AP-MS
ERK2WT	ADGRL3	AP-MS	no	plasma_membrane	1.3601743067752	0.00572902302180991	-0.0672289433186989	0.578440196672603	AP-MS
Raf1S259F	ADGRV1	AP-MS	yes	NA	1.35279974327015	6.3030922540361e-05	-0.44782772746105	4.693384281098e-05	AP-MS
BrafG469A	ADIPOR2	TbID	yes	NA	0.0903558830143316	0.778251488268713	0.984968325069389	1.07382368178203e-07	Both
MEK1AA	ADIPOR2	AP-MS	yes	NA	1.11125689052493	0.0135963339396506	0.00955444022792286	0.93561408353293	Both
Raf1S259F	ADIPOR2	TbID	yes	NA	-0.147887280541871	0.645738267012327	0.985740595843487	1.55442521648924e-07	Both
ArafD447A	ADPRHL1	TbID	no	NA	0.118152347237298	0.854523976210025	1.38983627872534	4.60870313252944e-05	TbID
BrafWT	ADPRHL1	TbID	no	NA	-0.0120674463063071	0.987795467690071	1.12707275290774	0.000437757255944501	TbID
Raf1S259F	ADPRHL1	TbID	no	NA	0.140716203371142	0.82472235078256	1.24254003492044	0.000125363075402792	TbID
KrasG12D	ADPRHL1	TbID	no	NA	NA	NA	0.817744539357556	0.000678760555141932	TbID
ArafWT	ADPRHL1	TbID	no	NA	-0.379090362393712	0.513269004921551	1.67229804589795	1.40177799283278e-05	TbID
KrasWT	ADPRHL1	TbID	no	NA	NA	NA	0.785814034623844	0.00142954190050443	TbID
ERK2AA	ADRM1	shared	no	proteasome	1.0207231594562	6.17144330259991e-05	0.27084768465114	0.025319039251229	AP-MS
NrasQ61K	AEN	TbID	no	NA	NA	NA	0.805058145454681	2.17398550741039e-07	TbID
BrafWT	AEN	TbID	no	NA	NA	NA	1.02066123866061	5.28968259984481e-09	TbID
ArafD447A	AEN	TbID	no	NA	NA	NA	0.868901689377516	2.04912889273091e-08	TbID
ERK1AA	AEN	TbID	no	NA	NA	NA	0.997084670686505	1.36549382842103e-08	TbID
Raf1S257L	AEN	TbID	no	NA	NA	NA	1.40110631558703	1.43112024237617e-10	TbID
BrafD594N	AEN	TbID	no	NA	NA	NA	1.00696475641365	4.38877907680313e-09	TbID
ArafS214P	AEN	TbID	no	NA	NA	NA	0.95179409554021	1.18174856029033e-08	TbID
BrafV600E	AEN	TbID	no	NA	NA	NA	1.04656912299593	1.36655684355691e-09	TbID
Raf1WT	AEN	TbID	no	NA	NA	NA	0.993691324426079	1.0079491030783e-08	TbID
NrasQ61R	AFDN	core	no	plasma_membrane	2.31184550589518	3.35692641143395e-05	1.69049236848152	3.88226115703749e-10	Both
KrasG12D	AFDN	core	no	plasma_membrane	2.89173187171529	2.78376709740821e-11	1.29443943365838	3.3332985923247e-08	Both
HrasG13R	AFDN	core	no	plasma_membrane	2.60425707429724	6.20139531516646e-05	1.22515331764782	3.59969634820356e-08	Both
KrasG12V	AFDN	core	no	plasma_membrane	2.95678538859662	1.56843245605788e-12	1.28042890991195	3.4327162336101e-08	Both
NrasQ61K	AFDN	core	no	plasma_membrane	1.4450028077156	0.00200782019783263	1.25077502439511	3.26874253769604e-08	Both
HrasQ61R	AFDN	core	no	plasma_membrane	2.21745154817136	0.000163729060876312	1.13119379869433	3.84078594783848e-08	Both
ArafD447A	AFG2B	shared	no	nucleus	1.22170663073778	4.52055864535024e-08	0.768009475441565	2.42014799644784e-08	AP-MS
BrafV600E	AGAP2	TbID	yes	NA	NA	NA	0.998419190611778	3.62917554288747e-05	TbID
ERK2WT	AGO1	TbID	yes	stress_granule	0.111398311696904	0.590235394572672	0.990855607925608	1.68709671064378e-08	TbID
NrasQ61R	AGO2	AP-MS	yes	stress_granule	1.36099888021802	8.66018056207754e-06	-0.482788346751629	1.26549243700926e-05	Both
HrasS17N	AGO2	AP-MS	yes	stress_granule	1.32650200689085	4.95064609852873e-06	-0.842470403037605	5.8954522291843e-09	Both
ERK2AA	AGO2	shared	yes	stress_granule	1.1550503351325	3.16826231503466e-05	0.363577471687326	6.84696749052986e-05	Both
ERK2WT	AGO2	shared	yes	stress_granule	0.669174701768789	0.00268167068907449	1.15442479447051	6.28255978176809e-09	Both
ERK2WT	AGO3	shared	no	stress_granule	0.599119625495389	0.000346850410775933	1.13175172615664	1.78792955312765e-09	Both
NrasQ61R	AGO3	AP-MS	no	stress_granule	1.10567520773746	2.06731967463973e-06	-0.47341184315754	5.99272633710103e-07	Both
MEK2DD	AGPAT2	AP-MS	yes	ER	1.46099526927651	5.12690813694131e-06	0.0532102311647341	0.592985962239744	AP-MS
KrasWT	AGPAT3	TbID	no	ER	-0.170673413474928	0.0374744741394376	0.804495156520526	2.9188190488512e-07	TbID
MEK2DD	AGPAT4	AP-MS	no	ER	1.05262649299358	3.40245512068358e-05	-0.57130719983906	2.21956399509974e-06	AP-MS
NrasQ61R	AGPAT4	AP-MS	no	ER	1.00792206860229	8.3920586638332e-05	0.0645475924570786	0.425443082876093	AP-MS
MEK1WT	AHCYL1	TbID	no	cytosol	-0.0371458340633644	0.784618969689691	1.02011791782618	1.080225924129e-06	Both
KrasG12V	AHCYL1	AP-MS	no	cytosol	0.965279091463856	1.45760401610552e-08	-0.402057648072393	2.24808750822563e-05	Both
MEK2AA	AHCYL1	TbID	no	cytosol	-0.0457860888557164	0.711990301680132	1.01181808858701	2.2966368005476e-06	Both
KrasS17N	AHCYL1	AP-MS	no	cytosol	1.01053280757938	3.28980297334516e-07	-0.299704095679676	2.83506867702965e-05	Both
KrasWT	AHCYL1	AP-MS	no	cytosol	0.883131789014049	4.85795057007538e-07	-1.17500637374899	1.26683957420518e-08	Both
MEK2DD	AHCYL1	TbID	no	cytosol	-0.0341628496403426	0.718648568672461	1.22689270984096	1.83282505354962e-07	Both
KrasG12D	AHCYL1	AP-MS	no	cytosol	0.998152421027791	2.03996314229505e-07	-0.153118948234216	0.0132561369172852	Both
KrasG12D	AHCYL2	AP-MS	no	plasma_membrane	0.964843130594044	2.43069006296636e-06	-0.148552243753949	0.0363455293005915	AP-MS
KrasG12V	AHCYL2	AP-MS	no	plasma_membrane	0.893856296335359	3.30529052488018e-07	-0.305144852938223	0.00057090612656826	AP-MS
KrasS17N	AHCYL2	AP-MS	no	plasma_membrane	0.868865756702359	5.1928912890719e-06	-0.246511274173143	0.00173935524156923	AP-MS
ArafS214P	AHR	AP-MS	yes	cytosol	1.24622133025976	7.01818823421522e-08	-0.250657885922079	0.0085367374666366	AP-MS
ArafS214P	AHRR	AP-MS	no	NA	1.38924842813052	8.07596157533946e-06	NA	NA	AP-MS
KrasG12V	AIDA	TbID	no	plasma_membrane	NA	NA	0.801312981789609	2.44795508038334e-06	TbID
ArafS214P	AIDA	TbID	no	plasma_membrane	0.550006979213546	0.408524545380646	1.02875781046092	2.75087806903447e-06	TbID
BrafG469A	AIDA	TbID	no	plasma_membrane	0.192805987742585	0.758238765495661	1.00670146906854	3.45174494557444e-06	TbID
Raf1S259F	AIDA	TbID	no	plasma_membrane	0.14197393051631	0.862703144141632	0.888318049893448	5.50083955223766e-07	TbID
NrasQ61R	AIG1	shared	no	unclassified	1.1898868157722	0.000691657522295666	0.259106736908622	0.00895991935025	AP-MS
MEK2DD	AIP	shared	yes	cytosol	1.12799064106659	2.91636302115379e-06	0.364419800637177	6.43632774917454e-05	Both
ArafD447A	AIP	core	yes	cytosol	5.21055278550127	3.09227077864216e-13	3.03644611844831	1.15009798551164e-13	Both
BrafD594N	AIP	shared	yes	cytosol	3.04307292881123	7.14193509217717e-10	0.767729237057439	1.60968722211964e-07	Both
ArafWT	AIP	core	yes	cytosol	4.74991006550248	6.71371607348812e-13	2.63963179098321	2.07525860074055e-12	Both
Raf1S259F	AIP	core	yes	cytosol	2.60166820312134	4.30780634629313e-08	1.50277079730997	7.22327622363103e-11	Both
BrafV600E	AIP	core	yes	cytosol	4.03760540110333	1.33752063060061e-11	1.24022865472091	5.83059888899309e-10	Both
Raf1WT	AIP	core	yes	cytosol	2.22579699870574	3.63805038613681e-09	0.891901791729225	1.80614003840147e-07	Both
Raf1D486A	AIP	core	yes	cytosol	3.3060427558806	1.09252673666471e-10	2.15454301631138	9.35244163695944e-12	Both
BrafG469A	AIP	shared	yes	cytosol	1.69674787672812	1.09320331812942e-07	0.140394428967782	0.048684445647656	Both
BrafWT	AIP	shared	yes	cytosol	2.30670625359819	5.88823859365432e-09	0.275663980092337	0.00155678993774392	Both
ArafS214P	AIP	core	yes	cytosol	3.87009976283677	1.5700900878336e-09	1.78293146698789	1.27896068202263e-10	Both
Raf1S257L	AIP	core	yes	cytosol	3.04831292123484	9.31287810039673e-11	1.7402953766087	1.66207277955834e-10	Both
NrasQ61R	AK5	TbID	no	NA	NA	NA	0.782908138440921	8.71913799666455e-06	TbID
KrasWT	AK6	TbID	no	cytosol	0.223795512678917	0.0743476121267365	0.857466945924724	4.47161297880264e-05	TbID
Raf1S259F	AKAP11	AP-MS	yes	ER	1.92614692172627	1.03178355311685e-06	-0.499162713369802	3.00306394741141e-07	AP-MS
ArafS214P	AKAP11	shared	yes	ER	1.9387052443728	1.1395127850476e-07	0.210411576041076	0.00100589093769652	AP-MS
ArafWT	AKAP11	AP-MS	yes	ER	1.44189740694479	1.46032670676166e-07	-0.233815794348432	0.0011284331378925	AP-MS
Raf1S257L	AKAP11	AP-MS	yes	ER	2.00803840781231	2.72236251045593e-09	-0.372489203096287	4.68382088355731e-06	AP-MS
MEK2AA	AKAP13	TbID	no	14-3-3_scaffold	0.0952187328172992	0.484246735832794	0.88332640431879	1.86092889791528e-09	TbID
MEK1AA	AKAP13	TbID	no	14-3-3_scaffold	0.0999256271830687	0.488499689964498	0.925722846891377	2.40926169674918e-09	TbID
MEK2DD	AKAP13	TbID	no	14-3-3_scaffold	-0.814487007847253	5.37150448008257e-06	0.89616172028072	2.49350152282757e-09	TbID
Raf1S259F	AKAP8L	shared	no	nucleus	1.23408840145628	0.000610095005960203	0.629691117633955	7.1245952824586e-08	AP-MS
ArafS214P	AKAP8L	shared	no	nucleus	1.1989000002412	0.000136220775530129	0.602521601942278	3.23433978932133e-08	AP-MS
ArafWT	AKAP8L	shared	no	nucleus	1.39379022994928	4.71387037338784e-06	0.538860307249306	1.79217963020686e-07	AP-MS
Raf1S257L	AKAP8L	shared	no	nucleus	1.28655183965161	6.87967143065255e-06	0.626547838869691	2.26336484186222e-08	AP-MS
KrasWT	AKT1S1	AP-MS	no	lysosome	1.16850243098242	5.19919541020716e-05	0.146229850875592	0.120756567565405	AP-MS
KrasG12D	AKT1S1	shared	no	lysosome	1.24943160238043	1.5477975868112e-05	0.261182141363644	0.00969384585129027	AP-MS
KrasS17N	AKT1S1	AP-MS	no	lysosome	1.22499908525877	3.22290172605512e-05	0.182013238695657	0.0550422490697764	AP-MS
KrasG12V	AKT1S1	shared	no	lysosome	1.20434295942255	7.87098818013258e-06	0.240411039156589	0.0343749222492225	AP-MS
NrasQ61R	AKT3	shared	yes	cytosol	0.774459165811076	0.0481806177123205	1.04419123478852	3.53229465397775e-09	TbID
Raf1D486A	ALDH16A1	shared	yes	cytosol	0.700218832946539	0.000142412576951491	1.16113743582624	2.74018509567941e-10	TbID
NrasWT	ALDH1L1	AP-MS	no	mitochondrion	1.20694204631944	0.0289789691979349	NA	NA	AP-MS
MEK2DD	ALG1	AP-MS	yes	ER	1.3271622431233	2.38266348406445e-05	-0.0173924606774882	0.800571376598979	AP-MS
MEK2DD	ALG10;ALG10B	AP-MS	no	ER	1.08758855105915	0.00018222865262801	NA	NA	AP-MS
HrasG13R	ALG11	TbID	yes	ER	0.313259610833343	0.0715448603270769	1.01729543198655	1.04964345202991e-07	Both
BrafV600E	ALG11	shared	yes	ER	0.320329834923657	0.0433028634738774	0.897109400132501	2.43565083815951e-08	Both
Raf1S259F	ALG11	TbID	yes	ER	0.186659227921599	0.363990631835902	0.871415522918957	2.23657900170449e-08	Both
ArafWT	ALG11	TbID	yes	ER	0.0496999823845079	0.739800845021928	0.885471997058721	2.541948062609e-08	Both
ArafD447A	ALG11	TbID	yes	ER	0.120464158310206	0.426357625971998	1.01251868391147	1.10150004757891e-08	Both
MEK2DD	ALG11	AP-MS	yes	ER	1.06804172995447	6.65764207710874e-06	0.0586659723463925	0.492729457881182	Both
MEK2AA	ALG6	AP-MS	yes	ER	1.07349452541696	0.00505333201761208	-0.288470415192919	0.0213011848286968	AP-MS
MEK2DD	ALG6	AP-MS	yes	ER	1.15981505404498	0.000441469220342783	-0.209937907769146	0.0974152003235698	AP-MS
MEK2DD	ALG8	AP-MS	yes	ER	1.19148826607337	0.000524335895532802	-0.23570973805171	0.105288272360334	AP-MS
HrasS17N	ALKBH2	shared	no	nucleus	1.41494965473192	3.28924028156863e-07	0.315350627717648	0.00190454239889271	AP-MS
Raf1WT	ALOX12B	TbID	yes	NA	-0.187936941381197	0.739876524433592	2.89753022057678	3.30154640221403e-09	TbID
HrasWT	ALOXE3	core	yes	NA	1.66230375926082	0.0282306458820436	3.39870958292604	0.000483763548158305	Both
HrasQ61R	ALOXE3	TbID	yes	NA	0.830933618761543	0.256629619076323	2.70586825759225	0.000777260197807602	Both
HrasG13R	ALOXE3	core	yes	NA	1.96020463755607	0.0147701124143406	2.99887020990598	0.00028893979829269	Both
HrasS17N	ALPL	TbID	yes	unclassified	NA	NA	0.872138789167637	8.09646047543652e-06	TbID
ArafWT	ALPP;ALPG	AP-MS	no	NA	1.4914067489876	0.0167309786255608	NA	NA	AP-MS
Raf1WT	AMER1	shared	yes	plasma_membrane	1.31065741500766	0.00239083310697557	0.507247860803155	0.0108118391334098	AP-MS
ArafWT	AMER1	shared	yes	plasma_membrane	1.39874377862703	0.000677837239586997	0.694757952901828	0.00105214185685401	AP-MS
ArafS214P	AMER1	AP-MS	yes	plasma_membrane	1.77391831516366	0.000107085141520683	0.299744719213728	0.0802267067039975	AP-MS
Raf1S257L	AMER1	AP-MS	yes	plasma_membrane	2.10454781981578	1.61254563197075e-05	0.171687115281189	0.330918756468521	AP-MS
Raf1S259F	AMER1	AP-MS	yes	plasma_membrane	1.7181810473696	0.000207740858430448	0.324629555328798	0.056737679370942	AP-MS
BrafG469A	AMFR	TbID	no	ER	-0.0172493798611571	0.938223621904284	0.989835506396408	3.24517952536865e-08	TbID
Raf1D486A	AMH	AP-MS	yes	NA	1.47889523717503	3.12802239802055e-07	0.0630075242159675	0.609908113886255	AP-MS
ArafWT	AMH	AP-MS	yes	NA	1.22737854379992	1.33596197337507e-06	-0.178833534943165	0.101339989099979	AP-MS
ERK1DD	AMOT	AP-MS	no	actin_cytoskeleton	1.14259098412793	0.000133318183903736	-0.0691497595953932	0.426734171496443	AP-MS
KrasS17N	AMZ1	AP-MS	no	NA	1.22620067597283	0.0322457810667706	NA	NA	AP-MS
KrasWT	ANAPC13	AP-MS	no	unclassified	0.837383800593324	0.0053019629690716	NA	NA	AP-MS
ArafS214P	ANAPC4	AP-MS	no	nucleus	1.23882054334519	2.68545128436923e-07	-0.25501671973975	0.000308170433832419	AP-MS
BrafG469A	ANGPT2	core	yes	NA	1.90431605620658	6.3849765686055e-05	1.98718419047189	3.98066385473462e-06	Both
BrafV600E	ANGPT2	core	yes	NA	2.00160745127529	4.99514722568669e-05	1.97968754972962	3.2204381836383e-06	Both
Raf1S259F	ANGPT2	TbID	yes	NA	0.549618532428225	0.0934146540309038	0.841361327084652	0.0132616337722947	Both
MEK1DD	ANGPT2	shared	yes	NA	0.716516942050573	0.0427771680608273	1.31726332723006	0.000193046153606348	Both
MEK2DD	ANGPT2	core	yes	NA	1.37164173399718	0.000588293726775618	1.58399384060567	5.11560801306433e-05	Both
Raf1S257L	ANGPT2	TbID	yes	NA	0.439970916096985	0.208209025290113	1.66568801567173	5.24822389898182e-05	Both
HrasG13R	ANKH	TbID	yes	NA	NA	NA	0.804022195785019	1.81308103970526e-06	TbID
ArafS214P	ANKH	TbID	yes	NA	NA	NA	1.35252252195545	1.53212290513038e-10	TbID
BrafWT	ANKH	TbID	yes	NA	NA	NA	0.931075465605731	4.30463661770432e-08	TbID
BrafV600E	ANKH	TbID	yes	NA	NA	NA	0.895538087449772	1.50320468191179e-08	TbID
ArafS214P	ANKMY2	core	no	cytosol	3.24821118068158	5.4585095876224e-08	0.998840537982533	1.01832765148018e-07	Both
Raf1S257L	ANKMY2	shared	no	cytosol	2.61267028547004	2.91104962023606e-09	0.749053024243736	8.58200038412362e-08	Both
Raf1D486A	ANKMY2	core	no	cytosol	3.1253528050107	1.06182263691311e-09	1.04995417527735	1.1961161634662e-09	Both
Raf1WT	ANKMY2	shared	no	cytosol	2.02335788049099	9.93522383642714e-08	0.666041283390406	1.38466370657619e-07	Both
ArafWT	ANKMY2	core	no	cytosol	4.23607372821348	1.19586013450153e-11	1.62776280993041	1.67923118251669e-09	Both
ArafD447A	ANKMY2	core	no	cytosol	3.92051626206879	4.00984960622044e-11	1.28795165400259	9.11402750839814e-10	Both
Raf1S259F	ANKMY2	shared	no	cytosol	2.52733201558424	5.73439559659931e-08	0.691099840020082	3.25001480268994e-08	Both
MEK2AA	ANKRA2	TbID	no	NA	NA	NA	2.13790675379104	8.7423033833977e-11	TbID
MEK2DD	ANKRA2	TbID	no	NA	NA	NA	2.17260207650123	8.68331038393076e-11	TbID
MEK2WT	ANKRA2	TbID	no	NA	NA	NA	1.32349377619939	1.46708425428512e-08	TbID
ArafWT	ANKRD10	AP-MS	no	NA	1.32639536643653	1.31066412296248e-05	-0.440718770592265	0.00193804400545949	Both
ERK1WT	ANKRD10	shared	no	NA	0.985671358964287	0.000539140872707029	0.570811904500924	0.000716368114107566	Both
NrasQ61R	ANKRD10	shared	no	NA	0.759398114899113	0.00212329403742994	0.781477302850657	1.64788017971008e-05	Both
BrafV600E	ANKRD18A	TbID	no	NA	NA	NA	1.09924061358051	2.29811734686264e-06	TbID
Raf1S259F	ANKRD18A	TbID	no	NA	NA	NA	0.998583859266781	2.68990539349768e-06	TbID
ArafS214P	ANKRD18A	TbID	no	NA	NA	NA	1.16142868448587	3.05729699912006e-07	TbID
Raf1S257L	ANKRD18A	TbID	no	NA	NA	NA	1.21082829002484	2.73719178404671e-07	TbID
BrafG469A	ANKRD22	TbID	no	NA	NA	NA	1.55632990654189	9.78301402615157e-09	TbID
ArafWT	ANKRD28	AP-MS	no	cytosol	1.33650165965764	2.67038785812814e-08	-0.392320162119099	0.000137316811491126	AP-MS
ArafS214P	ANKRD28	AP-MS	no	cytosol	1.28063466637267	2.58001218272198e-06	-0.178513548699851	0.0283790162698694	AP-MS
Raf1S257L	ANKRD28	AP-MS	no	cytosol	1.73459324315692	2.5450451197659e-09	-0.362177702103082	0.000225156527753043	AP-MS
Raf1S259F	ANKRD28	AP-MS	no	cytosol	1.58441070661155	6.07673508831515e-07	-0.178611627097695	0.019405792475806	AP-MS
ERK1WT	ANKRD34A	TbID	no	NA	NA	NA	1.52559149371383	4.71641656528481e-05	TbID
ERK2DD	ANKRD34A	TbID	no	NA	NA	NA	0.988814958322606	0.000687954900898022	TbID
ERK2AA	ANKRD34A	TbID	no	NA	NA	NA	1.44679737705348	2.27739646960727e-05	TbID
ERK1DD	ANKRD34A	TbID	no	NA	NA	NA	0.986273420663685	0.00181210259258734	TbID
ERK2WT	ANKRD34A	TbID	no	NA	NA	NA	0.861867305978309	0.00142885180284865	TbID
ERK1AA	ANKRD34A	TbID	no	NA	NA	NA	0.927714902037321	0.000591473352014132	TbID
ArafWT	ANKRD40	AP-MS	no	Golgi	1.5557893291761	1.17022070170166e-05	0.0614797114299158	0.685736105925249	AP-MS
ArafD447A	ANKRD40	shared	no	Golgi	1.52490880641369	5.23824174881971e-06	0.361269866939198	0.0298048088952892	AP-MS
ArafS214P	ANKRD40	AP-MS	no	Golgi	1.6724799636246	3.49917001521642e-06	0.320605591491627	0.0753850961433212	AP-MS
ArafWT	ANKRD49	TbID	no	cytosol	NA	NA	2.62357766834905	0.00187000374282073	TbID
NrasQ61K	ANKRD49	TbID	no	cytosol	NA	NA	1.58452543967845	0.0465298112632329	TbID
Raf1S259F	ANKRD49	TbID	no	cytosol	NA	NA	1.88924945707337	0.0118584070709876	TbID
ArafS214P	ANKRD49	TbID	no	cytosol	NA	NA	1.91213623522933	0.0112078444209114	TbID
Raf1S257L	ANKRD49	TbID	no	cytosol	NA	NA	1.98908515813866	0.00918926453126676	TbID
MEK2DD	ANKRD49	TbID	no	cytosol	NA	NA	1.88493405585604	0.0117014440549928	TbID
Raf1WT	ANKRD49	TbID	no	cytosol	NA	NA	2.07347389746729	0.0074368219201197	TbID
Raf1D486A	ANKRD49	TbID	no	cytosol	NA	NA	2.54418609451114	0.0017314453477828	TbID
ArafD447A	ANKRD49	TbID	no	cytosol	NA	NA	2.60858031479718	0.00144878683849681	TbID
MEK2WT	ANKRD52	TbID	no	cytosol	-0.0685155329797023	0.686442403646638	1.03798269650756	1.84314022147521e-09	Both
ArafWT	ANKRD52	AP-MS	no	cytosol	1.17233610956439	2.33694849501296e-07	0.099889066585001	0.133130046747507	Both
ArafS214P	ANKRD52	shared	no	cytosol	1.28702562208608	2.82780762276784e-06	0.292841459800238	0.000511090872653941	Both
Raf1S257L	ANKRD52	AP-MS	no	cytosol	1.44708259037278	2.14546450951728e-08	-0.150341201638132	0.0301988333630351	Both
MEK1WT	ANKRD52	TbID	no	cytosol	-0.055294518697905	0.767779372146107	1.0434588639735	2.30466428481878e-09	Both
MEK2AA	ANKRD52	TbID	no	cytosol	0.0798657214225129	0.599490135667321	1.39314555295919	9.78204007682479e-11	Both
MEK2DD	ANKS1A	TbID	no	cytosol	-0.075103581357937	0.426068108771217	0.927358970643309	2.92034426699336e-09	TbID
MEK2DD	ANKS1B	AP-MS	no	NA	1.19135600154497	0.0465285047863336	NA	NA	AP-MS
ArafS214P	ANKS3	AP-MS	no	cytosol	1.25829238806638	0.000758060404795528	0.491887739875152	0.275723291895411	AP-MS
ERK2DD	ANO8	AP-MS	no	NA	1.01869116063496	3.62996204902594e-05	0.0513033989675222	0.484052027206737	AP-MS
ERK2WT	ANO8	AP-MS	no	NA	1.29045119234482	3.40562183214932e-06	-0.0249939097633114	0.778448297363259	AP-MS
KrasG12D	ANP32A	AP-MS	no	cytosol	0.747359771088478	4.28795179023491e-05	-0.559390286246934	0.395763452572085	AP-MS
KrasS17N	ANP32A	AP-MS	no	cytosol	0.732622645646371	3.59878104888279e-05	0.293051122830253	0.242442326193549	AP-MS
KrasG12V	ANP32A	AP-MS	no	cytosol	0.73476666678782	7.55927107785369e-06	0.398530331700337	0.129541908117232	AP-MS
KrasWT	ANP32B	AP-MS	no	cytosol	1.09196404734046	4.49219514876108e-06	NA	NA	AP-MS
KrasG12V	ANP32B	AP-MS	no	cytosol	1.14663581309139	1.19447886330649e-07	NA	NA	AP-MS
KrasG12D	ANP32B	AP-MS	no	cytosol	1.15466200105275	4.77286082099782e-07	NA	NA	AP-MS
KrasS17N	ANP32B	AP-MS	no	cytosol	1.16359407255138	1.62829263234161e-06	NA	NA	AP-MS
MEK2DD	ANXA1	TbID	yes	cytosol	0.856021778363463	0.111669481957233	1.27338047050611	4.97658399981969e-09	TbID
MEK2DD	ANXA2	TbID	yes	actin_cytoskeleton	-0.111823650286777	0.414733523659361	1.50877973661248	2.77929697522918e-11	Both
KrasWT	ANXA2	TbID	yes	actin_cytoskeleton	0.205319743737077	0.0624018745785045	1.03551659796321	8.56148741106011e-07	Both
BrafG469A	ANXA2	shared	yes	actin_cytoskeleton	1.21812732024424	1.05821712891954e-06	0.213957977394316	0.00127356702514864	Both
HrasG13R	ANXA5	TbID	yes	cytosol	-0.030021327110052	0.969635334768905	1.14553407317785	1.80124982052599e-08	Both
ArafD447A	ANXA5	shared	yes	cytosol	1.58511861081236	0.0221160749385734	0.269328061778125	0.00222686033071199	Both
Raf1S259F	ANXA5	AP-MS	yes	cytosol	1.27262237110961	0.04365026739419	0.112647981983428	0.238811607278031	Both
HrasQ61R	ANXA5	TbID	yes	cytosol	-0.0419594857518262	0.965508588279271	0.805771705128912	1.17178580262066e-06	Both
ArafS214P	ANXA5	shared	yes	cytosol	1.74827252793697	0.00823394333216489	0.78905113920839	3.84516524991223e-07	Both
KrasWT	ANXA6	TbID	no	cytosol	NA	NA	2.07976528546265	3.61376035366672e-05	TbID
MEK1AA	ANXA7	shared	no	cytosol	1.02837981284643	0.000268513266704789	0.335656335385743	0.00025803951268343	Both
Raf1D486A	ANXA7	TbID	no	cytosol	-0.385608797292092	0.0333644386779249	0.901334195647975	3.10977465077998e-08	Both
Raf1D486A	ANXA8L1	TbID	no	NA	NA	NA	1.70757207437821	6.56394232599599e-06	TbID
KrasG12V	AP3B1	shared	yes	lysosome	0.321125575354827	0.000160627469863125	0.878590701022416	4.82019527962019e-07	TbID
KrasG12D	AP3B1	shared	yes	lysosome	0.287751710610584	0.000537435065056189	0.99625690721899	1.61016648328802e-07	TbID
KrasS17N	AP3B1	shared	yes	lysosome	0.300183850851527	0.000833627983047396	0.829276740246119	4.7664200222844e-08	TbID
ArafWT	AP3M1	TbID	no	lysosome	-0.148029938601831	0.280074229511479	0.953657613858711	9.1312686310433e-10	TbID
ArafD447A	AP3M1	TbID	no	lysosome	0.170925421428261	0.254106065425943	0.920243278169446	2.93321175404417e-09	TbID
BrafWT	AP3M1	TbID	no	lysosome	-0.0468614464615697	0.809687444049635	0.987725461806124	1.82738651196861e-09	TbID
MEK2DD	AP3S2	TbID	yes	NA	-0.0548223899234858	0.782434400241088	0.955644232777384	7.9646166428497e-08	TbID
BrafD594N	APBA1	AP-MS	no	NA	1.23068579381165	0.00268894602272549	-0.616152011883652	0.0483067211151914	Both
ArafWT	APBA1	AP-MS	no	NA	1.47023202605754	0.00017216653769543	-0.515870637360552	0.0313148184364233	Both
MEK2DD	APBA1	TbID	no	NA	-0.136269602464913	0.801150936603322	1.28876079681694	3.82608640480277e-05	Both
ArafWT	APBA2	AP-MS	no	cytosol	1.49770264486342	1.72445651171035e-07	-0.161962807548879	0.0438682179273602	AP-MS
ArafS214P	APC	shared	yes	actin_cytoskeleton	1.18651431864201	6.15563759424418e-07	0.171405921685818	0.0196574971415631	AP-MS
HrasS17N	APEX2	shared	no	cytosol	0.571904465810653	0.000770176577400726	0.870264576476311	1.38072047672464e-07	TbID
Raf1S257L	APEX2	shared	no	cytosol	0.755226795564291	7.63250764667763e-05	1.17478573968566	6.25323593804602e-09	TbID
MEK2DD	APMAP	AP-MS	no	ER	1.18031147874313	1.1906792104778e-05	0.828766415902611	0.143419117513467	Both
HrasG13R	APMAP	TbID	no	ER	-0.811631954798115	0.00206464197595666	1.63873700105523	0.00873918368780594	Both
Raf1D486A	APMAP	TbID	no	ER	-0.660135609470599	0.00125325400503409	1.71362817276519	0.00515435664513865	Both
BrafG469A	APOBEC3B	TbID	no	NA	NA	NA	1.55452344423983	7.06325608006904e-10	TbID
BrafV600E	APOBEC3B	TbID	no	NA	NA	NA	2.09872910065458	1.043357122396e-11	TbID
Raf1S259F	APOBEC3B	TbID	no	NA	NA	NA	1.0714640325392	1.0184080638006e-08	TbID
Raf1S257L	APOBEC3B	TbID	no	NA	NA	NA	0.91371567374262	5.98061449161873e-08	TbID
MEK1DD	APOBEC3B	TbID	no	NA	NA	NA	0.878553583213949	1.36014496039929e-07	TbID
HrasG13R	APOBEC3B	TbID	no	NA	NA	NA	1.15773888595414	3.59969634820356e-08	TbID
MEK2DD	APOBEC3B	TbID	no	NA	NA	NA	0.929745852915792	3.89994712182021e-08	TbID
HrasS17N	APOBEC3D	TbID	no	NA	NA	NA	1.44381748378803	1.14177779227017e-05	TbID
Raf1S257L	APOBEC3D	TbID	no	NA	NA	NA	1.0412724684911	0.000245809083178615	TbID
Raf1S259F	APOLD1	TbID	no	NA	NA	NA	0.887922632269041	5.91881570894504e-06	TbID
Raf1S257L	APOLD1	TbID	no	NA	NA	NA	0.84334196255049	3.23665749474445e-05	TbID
HrasS17N	APOOL	shared	no	mitochondrion	0.385737414538943	0.00620264157215685	0.869231402459343	6.86339986457845e-08	TbID
Raf1D486A	APRT	TbID	yes	cytosol	-0.0823447482521504	0.688605621264719	1.0398237969527	6.76563983620554e-07	TbID
HrasS17N	APTX	shared	yes	nucleus	0.940155076673191	0.00230190496281248	0.960608058061163	1.08944281327681e-07	TbID
NrasS17N	APTX	TbID	yes	nucleus	0.495089031926737	0.0721711027878744	0.846822901989806	1.91536432890923e-06	TbID
ArafD447A	AQR	AP-MS	no	nucleus	1.2005940817702	5.03783921587098e-08	0.164400049188392	0.186207126760058	AP-MS
MEK2AA	ARAF	core	no	14-3-3_scaffold	5.84197397012577	4.151940971748e-08	2.41357451202131	9.63137997754052e-14	Both
BrafD594N	ARAF	shared	no	14-3-3_scaffold	1.6330944140517	0.00403874245882247	0.669432525937843	4.94833292269659e-08	Both
NrasQ61K	ARAF	shared	no	14-3-3_scaffold	3.77261549796038	7.04813548333352e-06	0.394038948133551	1.34400028515091e-05	Both
ArafS214P	ARAF	core	no	14-3-3_scaffold	7.80604338758026	9.68682485752678e-09	7.11328754070953	9.85063851022423e-18	Both
BrafV600E	ARAF	core	no	14-3-3_scaffold	1.53568368789545	0.00280850058011189	1.00332650970215	2.91651551102473e-10	Both
NrasQ61R	ARAF	shared	no	14-3-3_scaffold	4.17715753866967	8.40964373918599e-07	0.298926733614737	0.000375932339207342	Both
KrasG12D	ARAF	shared	no	14-3-3_scaffold	2.39482186251305	4.62795936917734e-10	0.306900036613767	0.00029431800735841	Both
MEK1WT	ARAF	shared	no	14-3-3_scaffold	1.90572869788402	0.00331943650648787	0.61409615190956	4.86574820852878e-08	Both
ArafWT	ARAF	core	no	14-3-3_scaffold	7.61638808336214	8.49197532270734e-10	7.18904189795009	6.40562232770972e-17	Both
MEK2WT	ARAF	core	no	14-3-3_scaffold	6.19782529753622	2.33802948143062e-08	2.7332438779908	1.70473255865368e-13	Both
MEK2DD	ARAF	core	no	14-3-3_scaffold	5.62360281047075	2.99804912681624e-08	1.48755561945537	3.15555777853519e-11	Both
HrasQ61R	ARAF	shared	no	14-3-3_scaffold	3.57530085708501	2.2738325481429e-05	0.361276774557381	4.69121764348662e-05	Both
KrasG12V	ARAF	shared	no	14-3-3_scaffold	2.49986716818241	5.76558174840758e-11	0.249482244900417	0.000628208497382141	Both
ArafD447A	ARAF	core	no	14-3-3_scaffold	7.83107856531452	5.48381357032818e-10	6.87509638358986	2.25539510493744e-18	Both
NrasWT	ARAF	shared	no	14-3-3_scaffold	1.47547565797357	0.0140797533018014	0.159510726548235	0.0167932370535444	Both
HrasG13R	ARAF	shared	no	14-3-3_scaffold	3.38752651749478	7.95474298109603e-05	0.270267648868194	0.000339406534132948	Both
MEK1DD	ARAF	core	no	14-3-3_scaffold	4.99509536971245	2.81103017329102e-07	0.998474863463981	1.94472922579323e-09	Both
NrasQ61R	ARAP3	shared	no	NA	1.21807939811958	1.30787856172439e-05	0.318065531282524	0.000225173147486449	AP-MS
BrafV600E	ARAP3	shared	no	NA	1.23448261183288	1.13928920911296e-05	0.136213064126577	0.0324508429894942	AP-MS
MEK2DD	ARAP3	shared	no	NA	1.05652227877334	4.5008939651274e-05	0.464764997477205	2.71344042777654e-06	AP-MS
BrafG469A	ARC	core	yes	NA	3.00910994634369	2.9331432127288e-06	3.60551158946955	6.83440575552656e-10	Both
BrafV600E	ARC	core	yes	NA	4.087049011641	1.5443627378352e-07	4.52408229315154	4.49194612219824e-11	Both
MEK2DD	ARC	core	yes	NA	2.62921515384945	8.93887233806616e-06	3.20878665615207	2.96506963888376e-09	Both
Raf1S259F	ARC	core	yes	NA	2.52037712443371	1.01572273755101e-05	2.88053527888906	8.35745293907609e-09	Both
ERK2WT	ARC	AP-MS	yes	NA	1.50726032024658	0.0262652969449631	-0.345849738239919	0.16828308403616	Both
ArafS214P	ARC	core	yes	NA	1.39660240973741	0.00106958857788109	1.7650907741318	1.39168144289279e-06	Both
MEK1DD	ARC	core	yes	NA	3.38236539471121	1.8231285326811e-06	4.00892480700567	4.97551007236604e-10	Both
Raf1S257L	ARC	core	yes	NA	2.82767894874343	2.05965742056783e-06	3.22594397620972	4.82668003124932e-09	Both
MEK2DD	ARCN1	shared	no	ERGIC	0.259924157062243	0.0498690995683396	1.14505394028929	1.16421192090404e-10	TbID
BrafG469A	AREG	TbID	yes	NA	NA	NA	2.13750437210877	1.10072575046245e-08	TbID
Raf1S257L	AREG	TbID	yes	NA	NA	NA	0.99392851811105	5.03233725637667e-05	TbID
BrafV600E	AREG	TbID	yes	NA	NA	NA	1.81627468439809	8.07974442831904e-08	TbID
Raf1D486A	AREG	TbID	yes	NA	NA	NA	1.01152249925301	2.54321899454057e-05	TbID
MEK1DD	AREG	TbID	yes	NA	NA	NA	2.29359173784504	1.12378025594549e-08	TbID
HrasS17N	AREG	TbID	yes	NA	NA	NA	0.854119897324523	0.000404228793284246	TbID
MEK2DD	AREG	TbID	yes	NA	NA	NA	1.38697798723644	6.88201499659754e-07	TbID
Raf1S259F	AREG	TbID	yes	NA	NA	NA	1.28520033856196	2.71621509046407e-06	TbID
Raf1D486A	ARF1	TbID	yes	cytosol	NA	NA	0.975081185514074	6.55710296831651e-06	TbID
Raf1S259F	ARF1	TbID	yes	cytosol	NA	NA	1.00774361261236	1.72299040774917e-07	TbID
BrafG469A	ARF1	TbID	yes	cytosol	NA	NA	0.900416844466115	1.23178772831149e-06	TbID
BrafWT	ARF1	TbID	yes	cytosol	NA	NA	1.04531230307202	6.2730817405261e-07	TbID
MEK2WT	ARF1	TbID	yes	cytosol	NA	NA	0.876251514865935	1.87614065501326e-06	TbID
ArafS214P	ARF1	TbID	yes	cytosol	NA	NA	1.02265730705752	7.43500308734541e-07	TbID
ArafD447A	ARF1	TbID	yes	cytosol	NA	NA	1.02846606740832	4.67616107743441e-07	TbID
BrafG469A	ARF4	TbID	no	ERGIC	-0.264083878453942	0.240828442890056	0.870440138566614	7.26913547734907e-07	TbID
MEK2DD	ARFGAP1	TbID	no	trans-Golgi	0.165627413256289	0.343228322068275	1.00409658032368	2.37719745959952e-07	TbID
MEK2DD	ARFIP2	TbID	no	trans-Golgi	-0.138904404503414	0.153675987440547	1.01882591900873	1.39447557806562e-08	Both
MEK2AA	ARFIP2	TbID	no	trans-Golgi	0.0787207500237546	0.593317691934216	0.934768777979336	3.10189399602363e-08	Both
MEK1WT	ARFIP2	shared	no	trans-Golgi	1.0360877981497	2.33669133578107e-06	0.843993924124647	7.63905551527667e-08	Both
HrasG13R	ARHGAP11A	AP-MS	no	nucleus	1.04845786248534	0.0119827028011827	-0.23533336029982	0.00294487457556444	AP-MS
MEK2AA	ARHGAP17	shared	no	cytosol	0.543936826282442	0.00128036098258631	0.926888106940846	1.55649135599451e-08	TbID
HrasQ61R	ARHGAP18	TbID	yes	cytosol	NA	NA	0.995937083332873	2.42083104068514e-08	TbID
NrasQ61R	ARHGAP18	TbID	yes	cytosol	NA	NA	0.932492570241932	2.67516939642859e-08	TbID
MEK1DD	ARHGAP19	AP-MS	no	unclassified	1.03080744432306	0.0463713271262606	-0.184302225966861	0.0396481029434006	AP-MS
NrasQ61K	ARHGAP28	core	no	NA	2.3611916219793	6.17219776344207e-09	1.2299916981335	1.8143831049262e-07	Both
NrasQ61R	ARHGAP28	core	no	NA	3.81098675762101	2.31496902973453e-10	1.42410351506528	3.74302601529794e-08	Both
KrasG12V	ARHGAP28	core	no	NA	1.30737393679411	1.52974649281618e-09	1.56356662766379	1.35624873538975e-07	Both
HrasG13R	ARHGAP28	shared	no	NA	1.41045627248314	0.000102781438649982	0.759222375774974	6.58353445815317e-06	Both
KrasG12D	ARHGAP28	core	no	NA	1.08846317641386	2.43378632716894e-07	1.6022231146911	3.84372486978212e-08	Both
HrasQ61R	ARHGAP28	core	no	NA	2.69001527695573	4.97179220521159e-07	1.266992940785	1.56721437043661e-07	Both
ERK2WT	ARHGAP29	shared	no	NA	0.473255716827872	0.0114026475972699	0.949049181403112	1.16568527355848e-08	TbID
MEK2DD	ARHGAP29	TbID	no	NA	0.147219536252212	0.365273138438077	0.953054545949873	2.40383887731176e-09	TbID
MEK2DD	ARHGAP31	shared	yes	NA	0.818135004341832	0.00547293161783599	1.50436360118766	5.19121367388698e-12	Both
ERK1DD	ARHGAP31	TbID	yes	NA	-0.0023246178178902	0.995395438447001	0.873534190043529	2.04192473537558e-08	Both
ERK1WT	ARHGAP31	TbID	yes	NA	0.212682621398107	0.508705474866895	1.19071437160904	2.27009015644341e-10	Both
MEK1DD	ARHGAP31	shared	yes	NA	1.00213552090746	0.00330009179459721	0.709022139719698	1.10412605223956e-07	Both
ERK2WT	ARHGAP31	TbID	yes	NA	0.121052632162283	0.730740545865595	1.01038316247065	5.33537801622143e-10	Both
BrafG469A	ARHGAP42	AP-MS	no	NA	1.25374025935083	8.91461213299292e-06	-0.0235852448355262	0.727630281809021	Both
MEK2DD	ARHGAP42	shared	no	NA	0.904824451262244	0.000130344510418158	1.27388826401404	3.9693808277874e-10	Both
MEK2DD	ARHGAP45	TbID	no	NA	-0.077453118922958	0.804912253734058	1.11752173898402	1.16385347712823e-06	TbID
HrasS17N	ARHGAP8	shared	no	unclassified	1.3182771653375	2.42599128175963e-07	0.582356534917948	3.15607088502336e-06	AP-MS
MEK2DD	ARHGEF16	TbID	no	cytosol	0.428374403698481	0.323868873241562	1.14204489833433	8.54565228015266e-10	TbID
NrasQ61R	ARHGEF17	shared	no	NA	1.54928543873006	0.000211950686789573	0.672963558445161	2.13897355923843e-07	Both
HrasS17N	ARHGEF17	AP-MS	no	NA	1.30729684020345	0.000387015191258099	-0.0302127251517946	0.641707808709491	Both
KrasG12D	ARHGEF17	core	no	NA	0.74435600952111	2.8963937081698e-06	1.1980660486729	1.1488518007242e-07	Both
KrasG12V	ARHGEF17	shared	no	NA	0.538636476633594	1.37449380595803e-06	0.891686034331556	3.67610676739849e-07	Both
ERK1DD	ARHGEF26	shared	no	NA	0.532268070091591	0.0426145210885864	1.25879355127513	9.02710220462007e-11	TbID
ERK1WT	ARHGEF26	shared	no	NA	0.773491619233084	0.00639355339134213	1.16529111800357	1.95321851132269e-10	TbID
ERK2AA	ARHGEF26	shared	no	NA	0.813174890418031	0.00317037167292857	1.02190305999561	1.50476750802418e-09	TbID
ERK2WT	ARHGEF26	shared	no	NA	0.860805289998651	0.00329687218347612	1.33472529798777	1.25303497026994e-10	TbID
ERK1AA	ARHGEF26	shared	no	NA	0.54116180258677	0.0336800059528936	0.968166185539589	7.40265769379706e-09	TbID
NrasQ61R	ARHGEF40	shared	no	unclassified	1.2190922946217	0.000176024579602096	0.281369933159287	0.000159984064154491	AP-MS
Raf1S257L	ARHGEF40	shared	no	unclassified	1.40237585374936	2.68785034713511e-05	0.353235259373701	5.89918804400998e-06	AP-MS
NrasQ61R	ARHGEF6	AP-MS	yes	plasma_membrane	1.00586688434194	0.000493777977673806	0.156998300236176	0.0621406468406188	AP-MS
HrasWT	ARHGEF6	AP-MS	yes	plasma_membrane	1.27997166596636	0.000246182514899893	0.0314505569022759	0.742941666499386	AP-MS
MEK2DD	ARHGEF7	TbID	no	plasma_membrane	-0.05197304417702	0.670222415841531	1.22142495089975	2.05159836242852e-09	Both
NrasQ61R	ARHGEF7	shared	no	plasma_membrane	0.773209173066922	2.73367402672425e-05	1.20533292439251	1.79802305755101e-08	Both
HrasG13R	ARHGEF7	shared	no	plasma_membrane	1.02386543059733	6.19861803195404e-05	0.677366833980321	3.3026367913437e-06	Both
NrasQ61R	ARID3A	shared	no	nucleus	1.0675307469585	6.66927067867977e-05	0.226800473356849	0.0208509451505854	AP-MS
KrasG12D	ARIH1	shared	no	cytosol	1.7446044479897	1.73696342113417e-08	0.639695269566168	6.26023588314332e-05	AP-MS
KrasS17N	ARIH1	shared	no	cytosol	1.75698753047577	2.26132248032413e-07	0.542328394901119	4.57254408028776e-06	AP-MS
KrasG12V	ARIH1	shared	no	cytosol	1.73872668653721	4.45258763620257e-09	0.626794736794878	8.71017400790782e-06	AP-MS
KrasWT	ARIH1	shared	no	cytosol	1.63606584281095	1.91758861030237e-07	0.673192484453436	3.74525930665832e-05	AP-MS
KrasS17N	ARIH2	shared	no	cytosol	1.29905957100894	1.41613462598701e-07	0.486377162704887	3.95464961396845e-05	AP-MS
KrasG12D	ARIH2	shared	no	cytosol	1.2806741141568	1.08118022863961e-07	0.684787582769662	0.00164992969645866	AP-MS
KrasG12V	ARIH2	shared	no	cytosol	1.24707358359339	3.66812158095415e-09	0.644958047045437	4.93695071351548e-05	AP-MS
KrasWT	ARIH2	shared	no	cytosol	1.25068570627464	3.01885229350402e-07	0.767027588572695	0.00072241256006955	AP-MS
NrasQ61R	ARL15	shared	no	plasma_membrane	1.46867553779776	9.79950429877801e-06	0.56609476972689	2.22655183668366e-06	AP-MS
BrafV600E	ARL5B	TbID	no	Golgi	-0.325217802575703	0.317227119285752	0.879712312609439	1.57164577410124e-09	TbID
MEK1DD	ARL5B	TbID	no	Golgi	0.364618921360533	0.297255210376593	0.933564656415767	3.68152093517919e-09	TbID
BrafG469A	ARL6IP1	TbID	yes	NA	-0.226663670440021	0.718963049538498	1.35725768665302	1.00481631264504e-09	TbID
Raf1S259F	ARL6IP1	TbID	yes	NA	-0.391243294882193	0.537672698029309	1.19072271804879	2.49176319561644e-09	TbID
BrafV600E	ARL6IP1	TbID	yes	NA	-0.365682974800436	0.571239425193052	1.01811919224187	1.80126055018419e-08	TbID
MEK1DD	ARL6IP1	TbID	yes	NA	0.263269845173438	0.692449775831642	1.19370923575241	6.47386371969236e-09	TbID
ERK2DD	ARL6IP1	TbID	yes	NA	-0.741118848502005	0.19777600884012	1.04903236094892	1.369562013552e-07	TbID
KrasWT	ARL6IP1	TbID	yes	NA	-0.219805304108534	0.201115558928862	0.836224082794084	1.37439633789616e-05	TbID
KrasWT	ARL6IP6	TbID	no	ER	0.177650700588055	0.123765807951561	0.847012706135709	9.56679939380235e-06	TbID
KrasG12V	ARL6IP6	TbID	no	ER	0.139075504045987	0.112994811167671	0.824856791320022	6.36305749283131e-06	TbID
Raf1D486A	ARL8B	TbID	no	lysosome	-0.358082597939998	0.0400673485579737	1.09537631599522	1.13099023371422e-06	TbID
Raf1WT	ARMC5	TbID	yes	cytosol	0.133000693716841	0.371537808754046	0.871410816335362	7.99530424117192e-10	TbID
BrafV600E	ARMC5	shared	yes	cytosol	0.356679845887447	0.0236095448047021	0.937114875688547	1.13999807773991e-09	TbID
Raf1S257L	ARMC6	TbID	no	cytosol	0.0546114522336805	0.709996634065252	0.864815099610069	1.07395553726045e-07	TbID
BrafWT	ARMCX3	AP-MS	no	mitochondrion	1.26923215145821	1.4228652021711e-05	0.144351733110576	0.0720081142972061	Both
Raf1S259F	ARMCX3	shared	no	mitochondrion	0.703235585057914	0.000120995436115759	0.997092129511854	6.0837929722882e-09	Both
BrafD594N	ARMCX3	shared	no	mitochondrion	1.64836600615392	1.32076113608815e-06	0.254960545580495	0.00201667648931732	Both
ArafWT	ARMCX5	shared	no	unclassified	1.19910895436917	2.30620665869152e-05	0.317085593530568	0.00053791924295179	AP-MS
HrasG13R	ARPC4	TbID	no	actin_cytoskeleton	0.291910375483464	0.154392762548097	0.794332443386025	4.61242646660753e-07	TbID
MEK2DD	ARPC4	TbID	no	actin_cytoskeleton	-0.277678243787394	0.0691409722976336	0.872663275512413	4.62070101526851e-08	TbID
HrasG13R	ARPC5L	TbID	no	actin_cytoskeleton	0.0710487944781866	0.730206937232352	0.771320871657706	7.24534318721896e-07	TbID
ArafD447A	ARPIN	AP-MS	no	NA	1.23486232439161	0.0109748043552557	-0.50996972559198	1.82583163189911e-05	AP-MS
ERK1WT	ARRDC4	AP-MS	no	NA	1.36091624387711	0.0126197553229042	0.0971943638847647	0.802640353220023	AP-MS
ArafS214P	ARRDC4	AP-MS	no	NA	1.18459982371947	0.00171984641868958	0.505884053120494	0.114350538032206	AP-MS
Raf1S259F	ARSB	TbID	yes	ER	0.597422946032248	0.100938512452635	1.07863543875399	0.000391779202878974	TbID
KrasS17N	ARSB	shared	yes	ER	0.401908153825067	0.049653567413895	1.23002524999579	0.0451096205159203	TbID
Raf1S257L	ARV1	TbID	yes	ER	-0.00559091140218302	0.979323829554187	1.04612548639495	3.13954768344836e-07	TbID
KrasWT	ARV1	TbID	yes	ER	0.00699086779776259	0.934055720304504	0.926921375201912	4.79141740430264e-06	TbID
Raf1WT	ARV1	TbID	yes	ER	-0.370263046407799	0.0622244632916169	0.897586520144768	1.18060517756303e-06	TbID
MEK2DD	ASAP1	TbID	no	plasma_membrane	0.0630402216246267	0.836397758691327	0.933592644424205	2.32586574874301e-09	TbID
BrafG469A	ASB3	TbID	no	unclassified	0.0908558604237504	0.633596892348943	1.14102454273531	3.1197856764177e-10	TbID
ArafS214P	ASB3	TbID	no	unclassified	0.35353490747901	0.0537712128288465	0.866601244774199	8.12774336528527e-09	TbID
BrafV600E	ASB3	TbID	no	unclassified	0.238173553675396	0.207045057728623	0.919064924316243	2.52595037415826e-09	TbID
NrasWT	ASB6	TbID	no	cytosol	-0.483697172392963	0.00852672166789985	0.808020008233552	1.77233898053926e-07	TbID
Raf1WT	ASB6	TbID	no	cytosol	-0.397562801253296	0.0204793517132458	1.01184211979458	4.17110183375801e-10	TbID
BrafG469A	ASB6	TbID	no	cytosol	-0.561840754095105	0.00114584532755054	1.228682352292	4.21381067741771e-11	TbID
Raf1S257L	ASB6	TbID	no	cytosol	-0.256715382420389	0.0808092746823328	1.02419184660599	6.65239003877526e-10	TbID
ArafD447A	ASB6	TbID	no	cytosol	-0.278496434908754	0.0658660850006506	1.10474919302054	1.43114444174069e-10	TbID
Raf1S259F	ASB6	TbID	no	cytosol	-0.185659216384806	0.22010814545318	1.26002858494873	6.17078831410006e-11	TbID
BrafV600E	ASB6	TbID	no	cytosol	-0.8081793555526	0.000114614610616797	0.909788507762333	8.498833040392e-10	TbID
BrafWT	ASB6	TbID	no	cytosol	-0.498357454391285	0.00546477695354546	1.08931966512221	1.68739092140415e-09	TbID
MEK1DD	ASB6	TbID	no	cytosol	-0.0951639050596077	0.556608240165259	0.972437129132381	6.83483748406228e-10	TbID
BrafD594N	ASB6	TbID	no	cytosol	-0.644701118460344	0.00152836491458656	0.866583186536009	4.39509754159362e-09	TbID
ArafWT	ASB6	TbID	no	cytosol	0.104626777997658	0.480960902554577	0.96517454942756	9.09195042684444e-10	TbID
Raf1D486A	ASDURF	shared	no	unclassified	3.26393236646994	1.06141501645615e-08	0.742822660114095	2.1551740063681e-06	Both
Raf1WT	ASDURF	AP-MS	no	unclassified	1.90821575124342	3.85757334176565e-06	-0.154896728336505	0.0972294254587598	Both
Raf1S259F	ASDURF	shared	no	unclassified	3.22817614261398	8.01963687710019e-08	0.253980262613052	0.0115578438762824	Both
Raf1S257L	ASDURF	AP-MS	no	unclassified	2.69690155599441	3.77713142752866e-08	-0.264655081220818	0.00709663471505041	Both
ArafD447A	ASDURF	core	no	unclassified	4.2953807853908	3.30411281537e-10	1.14259045436172	1.44687522296334e-07	Both
ArafWT	ASDURF	core	no	unclassified	5.01815117994788	4.35116522753867e-11	1.55423983393815	9.74551047178301e-10	Both
ArafS214P	ASDURF	shared	no	unclassified	3.10130672029224	7.85625021577436e-08	0.374927668742064	0.00215432913833979	Both
HrasS17N	ASH1L	AP-MS	yes	nucleus	1.12515927031244	0.0351831621682315	0.0512746418972076	0.789495276370239	AP-MS
KrasG12D	ASIC1	TbID	no	NA	-0.112301358230865	0.119925178835465	0.780718863701898	0.000850936834857475	TbID
Raf1D486A	ASNS	shared	yes	cytosol	0.499061520663565	0.00047266401881586	1.40956161958286	1.41103029044697e-11	TbID
NrasQ61R	ASPH	AP-MS	yes	ER	1.05368689006039	1.47871517561835e-07	0.0530544606932709	0.459740642823399	AP-MS
BrafG469A	ASPHD1	shared	no	NA	1.03475678686735	0.0289427941700799	2.03036641967145	6.55401420996098e-07	Both
Raf1S259F	ASPHD1	shared	no	NA	0.979344381183895	0.0283496134235411	1.70702296711212	1.56122024733544e-06	Both
BrafD594N	ASPHD1	TbID	no	NA	0.0702552346347753	0.932468998629892	1.17209393945451	0.000131174053594471	Both
BrafV600E	ASPHD1	TbID	no	NA	0.507154154003896	0.356883108610719	1.31878036156897	2.93645108326206e-05	Both
ArafS214P	ASPHD1	TbID	no	NA	0.485405588580059	0.278660133677273	0.947155266706546	0.000665785817101114	Both
MEK1DD	ASPHD1	shared	no	NA	1.08900115759436	0.021791058645142	1.5644129774028	2.58182103172689e-05	Both
Raf1S257L	ASPHD1	TbID	no	NA	0.359574435319418	0.423569323924201	1.08716097510826	0.000400538655854866	Both
MEK2DD	ASPHD1	core	no	NA	1.53574575441236	0.0049615408158385	1.30704140369064	2.75491167798168e-05	Both
MEK2DD	ASPHD2	AP-MS	no	NA	1.07045729924687	0.00719107849564851	0.0715357524565581	0.404396232783325	AP-MS
ERK2DD	ASPM	TbID	yes	nucleolus	0.0807109935799317	0.763584223685575	1.07774278873471	7.05654009289717e-08	TbID
ArafS214P	ASPM	shared	yes	nucleolus	0.535746747968514	0.0319472653008447	0.997313352010522	5.22583524192005e-08	TbID
ERK2AA	ASPM	TbID	yes	nucleolus	0.355406202791891	0.236904470317034	1.28527184543437	3.92720607633308e-08	TbID
BrafWT	ASPM	TbID	yes	nucleolus	0.319199177518992	0.266869581349722	1.08747191140907	1.06365436139351e-07	TbID
BrafG469A	ASPM	TbID	yes	nucleolus	0.368470486767852	0.228015814253165	1.34588441605085	1.46625183289442e-09	TbID
HrasQ61R	ASPM	TbID	yes	nucleolus	0.0977685101398423	0.799565080938871	1.19755964450681	4.32651489953739e-08	TbID
Raf1S259F	ASPM	shared	yes	nucleolus	0.732386138439265	0.00624908344470683	1.03887100776796	1.82918874982493e-08	TbID
Raf1D486A	ASPM	TbID	yes	nucleolus	0.101204187135843	0.745375793221076	1.5921083251524	3.85929955252175e-10	TbID
BrafV600E	ASPM	TbID	yes	nucleolus	0.266597093000996	0.325115332725978	1.54660435106805	2.83055110835654e-09	TbID
ERK1AA	ASPM	TbID	yes	nucleolus	0.238370070779349	0.39634020479905	1.25817654080133	3.29307829739018e-08	TbID
NrasQ61K	ASPM	TbID	yes	nucleolus	0.32121004547717	0.23560075216772	1.2859671928018	1.07581937122951e-07	TbID
Raf1WT	ASPM	TbID	yes	nucleolus	0.185171738751088	0.523147031774912	1.21068519089583	7.58297225275636e-09	TbID
Raf1S257L	ASPM	shared	yes	nucleolus	0.614173707223677	0.0163162622737525	1.19149734164738	5.35130073707953e-09	TbID
HrasG13R	ASPM	shared	yes	nucleolus	0.822036760764198	0.0261902376544356	1.13065707657021	9.72066208238943e-08	TbID
ArafD447A	ASPM	TbID	yes	nucleolus	0.372142515418841	0.141037535161644	1.66029375694227	1.43114444174069e-10	TbID
BrafD594N	ASPM	TbID	yes	nucleolus	0.328505583212109	0.266290938530437	0.993755709911197	1.8034448890868e-06	TbID
MEK2DD	ASRGL1	TbID	no	cytosol	-0.0985830127336733	0.52194833319985	0.907696717518555	6.378431816536e-08	TbID
HrasS17N	ATAT1	shared	no	nucleus	1.07272547494758	6.44171361716024e-06	0.705771804612855	1.72691480106446e-07	Both
ArafWT	ATAT1	shared	no	nucleus	0.505334766830528	0.0012193054021601	0.882410632553041	2.06366943367291e-08	Both
Raf1S259F	ATAT1	shared	no	nucleus	0.521023970585942	0.00600476839069389	0.868604720833789	2.35237430704896e-08	Both
MEK2DD	ATG101	core	no	cytosol	0.998876540798969	0.000265057814915682	0.997866978014015	7.76508151477318e-10	Both
MEK2DD	ATG13	TbID	no	cytosol	0.163519286472526	0.15664021880808	1.06223269850048	1.15331447248746e-08	TbID
MEK2DD	ATG2A	shared	no	cytosol	0.724846242237534	6.18894032928149e-06	1.19703198384196	4.41174782998643e-10	TbID
KrasG12V	ATG3	AP-MS	no	cytosol	1.13571493262315	3.34128942931276e-07	-0.586742622775549	3.70101637557393e-06	AP-MS
KrasWT	ATG3	AP-MS	no	cytosol	1.04667222395527	8.04820940625295e-06	-0.60488587797027	1.36487974876693e-05	AP-MS
KrasS17N	ATG3	AP-MS	no	cytosol	1.20711257958621	1.56666644801884e-06	-0.5414335991271	2.4709996301556e-06	AP-MS
KrasG12D	ATG3	AP-MS	no	cytosol	1.1528374709327	4.77286082099782e-07	-0.456071381032945	7.62296717314973e-05	AP-MS
MEK1AA	ATG3	shared	no	cytosol	1.07116851385692	0.000292721343329471	0.497087971380557	8.70280607779937e-07	AP-MS
Raf1D486A	ATG4B	shared	no	cytosol	0.573204206622713	0.000906120202576611	1.06667638659401	3.40828672368512e-10	TbID
Raf1S259F	ATG9A	shared	no	trans-Golgi	1.51824623508711	2.35664294693531e-05	0.391335168712931	9.23684047629035e-05	AP-MS
NrasQ61R	ATM	shared	yes	nucleus	1.08199101270751	0.000698073368171669	0.653899134698828	2.49262575441213e-06	AP-MS
NrasWT	ATOX1	AP-MS	no	cytosol	1.049780426213	0.000501381517325429	-0.197197431298339	0.0612196619051411	AP-MS
HrasQ61R	ATP10D	TbID	no	NA	NA	NA	1.59396183205166	0.039091015488333	TbID
NrasQ61R	ATP1B1	AP-MS	no	plasma_membrane	1.074395752556	0.000153094330807554	0.155029692783942	0.230857351223087	AP-MS
HrasG13R	ATP5F1B	TbID	no	mitochondrion	-0.888275963001197	0.00105965494543633	0.85034390174691	0.000406246636311404	TbID
KrasWT	ATP5F1E;ATP5F1EP2	shared	yes	mitochondrion	0.446902388365091	0.0174389379507102	0.784864328377353	1.63420168728446e-05	TbID
MEK2DD	ATP5ME	AP-MS	no	mitochondrion	1.4793774736007	6.03247021860548e-07	-0.370304591750667	0.0323057753226201	AP-MS
MEK2DD	ATP5MK	AP-MS	no	mitochondrion	1.26318988306481	6.64110184243916e-05	-0.158466262464671	0.129362625804406	AP-MS
BrafD594N	ATP5PD	AP-MS	no	mitochondrion	1.36009349017583	4.28225913308942e-06	0.00815487454091342	0.917903221668961	AP-MS
MEK2DD	ATP6AP1	shared	yes	ER	1.05338670901202	0.00025194029863565	0.581186776116165	5.31963511869303e-05	AP-MS
Raf1S259F	ATP6V0A1	TbID	yes	recycling_endosome	-0.0360826816895422	0.84057112879032	0.991502863244776	5.94824286016305e-07	TbID
BrafG469A	ATP6V0A1	TbID	yes	recycling_endosome	0.150853486482049	0.285411987671085	1.18117485255012	1.14234678905592e-07	TbID
BrafG469A	ATP6V0D1	TbID	no	recycling_endosome	0.0110336805633121	0.94841147412244	0.948090991661359	6.55401420996098e-07	TbID
BrafG469A	ATP6V1C1	TbID	no	early_endosome	0.568041958666021	0.274386576551561	0.894528153829621	2.44717398797899e-09	TbID
BrafWT	ATP9B	shared	no	trans-Golgi	1.61294013202501	0.000169498814829912	0.19900418231405	0.00132797128211222	AP-MS
MEK2WT	ATP9B	AP-MS	no	trans-Golgi	1.50402524326014	0.00203067495285072	-0.0909346268066707	0.0705469909815676	AP-MS
MEK2DD	ATPSCKMT	AP-MS	no	NA	1.01742930219764	0.000985323614534216	NA	NA	AP-MS
ERK1DD	ATXN7	TbID	yes	nucleus	0.193753223796386	0.23415758703988	0.97202109670488	2.35640743719375e-06	TbID
ERK1WT	ATXN7	TbID	yes	nucleus	-0.311102965648284	0.0705659246258792	0.981025486276151	3.31424653228903e-06	TbID
NrasS17N	ATXN7L1	TbID	no	NA	0.172514426199657	0.777463305032413	0.857828568790928	8.84146623549611e-06	TbID
ERK2WT	ATXN7L1	TbID	no	NA	-0.339281716216222	0.481746067746552	0.923064150534813	7.13372933397776e-06	TbID
ArafD447A	ATXN7L1	TbID	no	NA	0.197608827122184	0.666735200958743	0.963184879767322	2.10403549554131e-06	TbID
ERK1DD	ATXN7L1	TbID	no	NA	-0.10351439874375	0.852143215807783	0.967323171242464	6.80021031230613e-06	TbID
ERK2DD	ATXN7L1	TbID	no	NA	0.212307650169852	0.605202056068569	0.900871807891343	7.22851489802784e-06	TbID
NrasQ61R	ATXN7L2	TbID	no	nucleus	0.66901787079977	0.0978876831239303	0.865025161991577	5.83568562142445e-07	Both
ERK1WT	ATXN7L2	TbID	no	nucleus	-0.070501979371954	0.891029200687749	0.850671404568331	3.2377802827927e-06	Both
ERK1AA	ATXN7L2	core	no	nucleus	1.15637617251105	0.00544269268423691	1.01548904473537	3.8065241197258e-08	Both
ERK1DD	ATXN7L2	TbID	no	nucleus	0.56215770748689	0.196297474613824	1.0844910979577	6.03586252763494e-08	Both
ERK1WT	ATXN7L3	TbID	no	nucleus	-0.031002078806948	0.960875204656829	0.894235153837849	5.32137464445687e-06	TbID
ERK1DD	ATXN7L3	TbID	no	nucleus	0.576395854950998	0.211814093000502	1.02551458365758	1.32552795036508e-06	TbID
NrasS17N	ATXN7L3	TbID	no	nucleus	0.62075610816012	0.148154551572054	0.820193281450368	2.06650535248503e-05	TbID
ERK2WT	AUNIP	TbID	no	NA	0.028831109484185	0.889029472440615	0.864392139929062	5.51524213621654e-06	TbID
MEK1DD	AURKA	shared	yes	nucleus	0.907008931939557	0.000194971542632934	1.0458033768454	2.99698992233832e-07	TbID
MEK2DD	AZI2	TbID	no	cytosol	0.0498371170572831	0.753657964471521	1.02733064576571	1.26087682985576e-08	TbID
MEK2AA	AZI2	TbID	no	cytosol	-0.0737496044868386	0.758308966859391	0.882948519920591	3.08025752089272e-08	TbID
ERK1DD	B3GALT1	TbID	no	NA	NA	NA	1.04381670782952	0.000234650049422645	TbID
HrasS17N	B3GALT1	TbID	no	NA	NA	NA	1.53755650916431	2.245776072513e-06	TbID
NrasQ61K	B3GALT1	TbID	no	NA	NA	NA	0.941141716487014	0.00071167215968489	TbID
Raf1S259F	B3GALT1	TbID	no	NA	NA	NA	0.961722832126335	9.71567841740637e-05	TbID
ArafWT	B3GALT1	TbID	no	NA	NA	NA	1.08131848558066	9.29842067346709e-05	TbID
MEK2DD	B4GALNT1	AP-MS	yes	NA	1.15825685601982	0.00798070475582056	NA	NA	AP-MS
MEK1WT	B4GALT7	AP-MS	yes	Golgi	1.44444393336557	0.0167587424867652	0.00658190698965447	0.935777035979177	AP-MS
Raf1S257L	BACH1	AP-MS	no	unclassified	1.25770007730008	5.29364714282206e-08	-0.0285599279748231	0.625239629189781	AP-MS
ERK2WT	BACH1	shared	no	unclassified	1.00659494050732	1.58739165869227e-06	0.400103762722712	6.52447740537199e-05	AP-MS
ArafS214P	BACH1	AP-MS	no	unclassified	1.48893709081732	1.14370574860998e-07	0.0727918491909881	0.27806689314506	AP-MS
Raf1S257L	BAG2	shared	no	unclassified	2.61466420132726	5.27173962076533e-11	0.780570244457968	4.6389633459928e-09	Both
Raf1WT	BAG2	shared	no	unclassified	1.51823564268057	5.03573082350657e-08	0.428637611229394	1.42415562856301e-06	Both
ArafS214P	BAG2	core	no	unclassified	2.98094950036804	9.26779598782175e-09	0.947529438139548	2.41119605208572e-10	Both
MEK2DD	BAG2	shared	no	unclassified	1.35018883689348	2.53231916734441e-07	0.533535376905812	5.00426249983471e-08	Both
ArafWT	BAG2	core	no	unclassified	3.32682861211619	3.17695280822378e-11	1.25525248271486	6.1825295547571e-11	Both
Raf1D486A	BAG2	shared	no	unclassified	1.93412919321623	4.85453587660245e-09	0.511083665559418	2.64076402092015e-07	Both
ArafD447A	BAG2	core	no	unclassified	2.90335525546002	3.51982179569407e-11	0.959564104015954	4.12402793483872e-10	Both
Raf1S259F	BAG2	shared	no	unclassified	2.68888084862137	5.5193329374452e-08	0.828022513918831	1.06906399832688e-09	Both
BrafG469A	BAG3	AP-MS	yes	cytosol	1.35261483046606	1.36745662869922e-05	-0.131533059762598	0.0798093704830415	Both
MEK2DD	BAG3	core	yes	cytosol	1.26948097599872	1.58745984491629e-05	1.25416598773782	8.68331038393076e-11	Both
ArafS214P	BAG5	shared	no	unclassified	1.29418253479833	8.86547410605489e-06	0.386196771534805	5.35963945272135e-07	AP-MS
ArafD447A	BAG5	shared	no	unclassified	1.629174129277	4.48443518226099e-09	0.209132873004959	0.000188842723987748	AP-MS
MEK2DD	BAG5	shared	no	unclassified	1.33316740184431	3.40807637333361e-08	0.285749283756394	7.63166894762829e-06	AP-MS
ArafWT	BAG5	shared	no	unclassified	1.39141499180534	1.17836163238423e-08	0.238158375380605	5.98369720364704e-05	AP-MS
NrasQ61R	BAHCC1	AP-MS	no	NA	1.00876429223657	4.35556695986041e-06	0.119049605350836	0.196744358595001	AP-MS
NrasS17N	BAHCC1	AP-MS	no	NA	1.01330662197332	4.00386196304607e-06	-0.188009892506835	0.0543877185922822	AP-MS
BrafV600E	BAIAP2	core	yes	actin_cytoskeleton	1.39096628292884	0.00321095108943539	0.863367187757221	5.91499720645627e-10	Both
MEK2DD	BAIAP2	TbID	yes	actin_cytoskeleton	0.291413309271176	0.416423499350325	1.66566805164385	5.19121367388698e-12	Both
BrafG469A	BAIAP2	shared	yes	actin_cytoskeleton	1.32216895940512	0.00267765438074673	0.615276145968164	1.37716406207542e-07	Both
MEK1DD	BAIAP2	core	yes	actin_cytoskeleton	1.55893214687761	0.00129369879437308	1.01972195149524	4.84468425271175e-10	Both
HrasS17N	BAK1	TbID	no	mitochondrion	NA	NA	1.1999401745856	2.47509348460058e-08	TbID
Raf1D486A	BAMBI	AP-MS	yes	NA	1.2585905653326	0.0357810456473621	0.203474775383368	0.500700401291102	AP-MS
ArafD447A	BAMBI	shared	yes	NA	1.72842972684105	0.00492240166063486	0.637856892162253	0.0427293195238505	AP-MS
BrafWT	BAMBI	AP-MS	yes	NA	1.67941931631623	0.00977600485759693	-0.152667343084885	0.637768132399659	AP-MS
Raf1S259F	BAMBI	AP-MS	yes	NA	1.27197543863884	0.0266849529647878	0.11160358910382	0.721822699652488	AP-MS
Raf1S257L	BAMBI	AP-MS	yes	NA	1.51032241993651	0.0099342390626793	0.430848272151867	0.156400671952873	AP-MS
MEK2AA	BCAR1	TbID	yes	unclassified	0.0555732320552382	0.775733460809941	0.926309951763709	1.08019668266931e-07	TbID
MEK2DD	BCAR1	shared	yes	unclassified	0.461869322803892	0.00196161220869257	1.11017337745524	1.04393247252719e-08	TbID
MEK2DD	BCAR3	TbID	no	NA	0.168465695838623	0.297197530253879	1.06360027566052	1.38697605009725e-09	TbID
HrasG13R	BCAS2	TbID	no	nucleus	-0.0586649446539797	0.723536918331855	0.8390311357156	7.30491070862706e-07	TbID
HrasQ61R	BCAS2	TbID	no	nucleus	0.0408674328631602	0.814190905347264	0.770163665560045	7.44650825292344e-06	TbID
MEK1DD	BCKDK	TbID	yes	mitochondrion	0.136774586500665	0.208042698904943	1.11467370760043	8.18245307939309e-09	TbID
Raf1D486A	BCKDK	TbID	yes	mitochondrion	0.0901422683733963	0.425725957709279	1.00155058091022	4.70732587551785e-08	TbID
Raf1S257L	BCKDK	shared	yes	mitochondrion	0.278924224355314	0.0153140837104218	1.05577723185798	9.40083668510086e-09	TbID
BrafG469A	BCKDK	TbID	yes	mitochondrion	0.159731173317841	0.175452921643136	1.35969410518502	4.61059350688804e-10	TbID
MEK2DD	BCL10	TbID	yes	cytosol	0.225542983781319	0.458516370058842	0.890873867435908	1.47583879937494e-08	TbID
NrasQ61R	BCL2L11	shared	yes	NA	0.57874066108819	0.00877910205823453	0.793410120362673	7.85869288080925e-06	TbID
ERK1AA	BCL2L11	TbID	yes	NA	0.334216007412039	0.096604339503258	0.859724086728272	9.17389934318512e-06	TbID
KrasS17N	BCL2L12	TbID	no	plasma_membrane	NA	NA	1.04538675051133	0.013512069544442	TbID
KrasWT	BCL2L12	TbID	no	plasma_membrane	NA	NA	1.09148812005795	0.0144422202865071	TbID
NrasQ61R	BCL2L2	AP-MS	no	NA	1.26786127870721	0.00134685164460502	-0.00143667098069148	0.991319425961494	AP-MS
ERK1AA	BCL7C	AP-MS	no	nucleus	0.974812879542884	6.99815741387937e-05	0.0901113442588525	0.495097942484317	AP-MS
NrasS17N	BCL7C	AP-MS	no	nucleus	1.01170965353644	7.24453144099552e-05	0.150328109770326	0.200160202198026	AP-MS
ArafWT	BCR	AP-MS	yes	cytosol	1.25155204356878	6.34051805016038e-10	0.0674941320225933	0.429237265639038	AP-MS
Raf1S259F	BCR	AP-MS	yes	cytosol	1.29972350932211	9.21194875803432e-07	-0.187150553520403	0.0207957163626888	AP-MS
ERK1DD	BEND4	TbID	no	NA	NA	NA	0.889254739548459	0.0206158626817098	TbID
MEK1AA	BFSP1	TbID	yes	NA	NA	NA	1.75015589637126	0.00236093257837749	TbID
MEK1WT	BFSP1	TbID	yes	NA	NA	NA	1.26869755012995	0.0157905500433633	TbID
BrafG469A	BHLHE40	AP-MS	no	NA	1.33101610004765	0.0016638676337219	NA	NA	AP-MS
MEK1DD	BHLHE40	AP-MS	no	NA	1.31118214446209	0.000572584612621009	NA	NA	AP-MS
Raf1S259F	BHLHE40	AP-MS	no	NA	1.76239656032085	5.3709777636922e-05	NA	NA	AP-MS
KrasG12V	BHLHE41	AP-MS	no	NA	1.14238752584324	9.549403376903e-05	NA	NA	AP-MS
KrasG12D	BHLHE41	AP-MS	no	NA	1.02552975229178	0.000212761368512424	NA	NA	AP-MS
KrasS17N	BHLHE41	AP-MS	no	NA	0.929701770074229	0.000606135912954054	NA	NA	AP-MS
KrasWT	BHLHE41	AP-MS	no	NA	0.828219085412128	0.00409785638875685	NA	NA	AP-MS
HrasS17N	BLVRB	shared	no	cytosol	1.20137287705046	0.00113036869461925	0.294713678477926	0.00297338312027996	Both
HrasG13R	BLVRB	shared	no	cytosol	1.02563638734679	0.00791291966085768	0.902931407030597	2.32106409769412e-06	Both
KrasS17N	BMP1	TbID	yes	NA	NA	NA	1.31296188469163	0.0151505629419938	TbID
KrasWT	BMP1	TbID	yes	NA	NA	NA	1.30219402074254	0.0187136665332043	TbID
KrasG12V	BMP1	TbID	yes	NA	NA	NA	1.27006124422094	0.0285592229904411	TbID
KrasG12D	BMP1	TbID	yes	NA	NA	NA	1.34857293984263	0.0156879326533382	TbID
ERK1WT	BMP8B;BMP8A	AP-MS	no	NA	1.66266066695958	8.02703230422295e-05	NA	NA	AP-MS
BrafWT	BRAF	core	yes	cytosol	9.08907647478287	4.94074942583232e-10	7.1363430481615	1.95112546202945e-15	Both
MEK2DD	BRAF	core	yes	cytosol	4.86926561319913	2.72977566178753e-07	1.18113511105229	4.0564390511934e-09	Both
HrasG13R	BRAF	core	yes	cytosol	2.93222994797551	0.000242001276225384	3.16695901851829	1.00100154074893e-10	Both
NrasQ61R	BRAF	core	yes	cytosol	3.96715100397412	2.81660421868034e-06	2.57394259038192	2.06295010829826e-11	Both
NrasWT	BRAF	shared	yes	cytosol	1.35375131259125	0.0154541064791975	1.1431840166616	2.68978728611462e-07	Both
MEK2AA	BRAF	core	yes	cytosol	5.78517339208776	1.02322174600838e-07	2.39080817093787	2.78093222318005e-12	Both
KrasWT	BRAF	core	yes	cytosol	1.32763860761038	7.16224560111088e-07	0.781377574384274	2.20569856049911e-06	Both
MEK1DD	BRAF	core	yes	cytosol	3.85701653738602	9.18090031597428e-06	1.23575981450695	4.57777151120918e-08	Both
BrafG469A	BRAF	core	yes	cytosol	8.86199169621848	4.99403080645484e-10	6.55140414826696	2.64759477872122e-16	Both
MEK2WT	BRAF	core	yes	cytosol	5.44484812719833	2.20824698309938e-07	2.14739056856065	1.09550898136909e-11	Both
HrasWT	BRAF	TbID	yes	cytosol	0.989339422315667	0.0544292827517689	1.48413663783039	1.52448057307006e-08	Both
NrasQ61K	BRAF	core	yes	cytosol	3.35461768829828	3.12626332549383e-05	3.35029861668667	1.85407269272283e-12	Both
KrasG12D	BRAF	core	yes	cytosol	4.18844446659048	4.74960805574033e-10	3.2778479138597	2.2109924055092e-09	Both
BrafD594N	BRAF	core	yes	cytosol	8.86380975653098	1.50416910291429e-09	7.04853490259191	1.02119259856521e-15	Both
KrasG12V	BRAF	core	yes	cytosol	4.27455925847909	2.1543350537608e-12	3.32763662374978	2.73380753135474e-08	Both
BrafV600E	BRAF	core	yes	cytosol	9.00541328710955	8.14895957394804e-10	6.84851159229358	3.18384066765992e-16	Both
HrasQ61R	BRAF	core	yes	cytosol	2.94798094058978	0.000157011291889418	3.02386904246176	2.20686961541745e-11	Both
MEK2DD	BRF2	shared	no	NA	0.991593167473931	0.000501382135367653	0.210753026172713	0.0209862878471357	AP-MS
MEK2DD	BRI3BP	AP-MS	no	ER	1.19991749784477	0.00583716843488094	-0.207118732452294	0.122340331304637	AP-MS
BrafD594N	BRI3BP	AP-MS	no	ER	1.20581537693917	0.00980986324583233	0.0516469197132554	0.704307320049015	AP-MS
NrasQ61R	BRSK2	core	no	cytosol	1.02599727339243	0.000216176194283614	0.830504484939745	1.57320136238594e-07	Both
Raf1S257L	BRSK2	shared	no	cytosol	1.27797430909473	3.12387694968946e-05	0.614380229416147	3.90521707517416e-07	Both
HrasS17N	BRSK2	AP-MS	no	cytosol	1.19434629367722	3.91144662920256e-05	0.134395205121412	0.0527168245691695	Both
MEK2DD	BSG	AP-MS	yes	plasma_membrane	1.0121415104706	0.000816048024210952	0.0262397846890959	0.780723865852629	AP-MS
MEK1DD	BTBD1	TbID	no	unclassified	-0.151302693095317	0.546466011431227	1.12540508145029	4.91844199149704e-06	TbID
Raf1S257L	BTBD1	TbID	no	unclassified	-0.0231571948447864	0.945586048766252	0.971872691195896	3.2666287732135e-05	TbID
BrafG469A	BTBD1	TbID	no	unclassified	-0.411009544554016	0.0655988393326676	0.873233168214607	0.000475847737653783	TbID
BrafV600E	BTBD1	TbID	no	unclassified	-0.0705547681596589	0.812043270194035	0.848194258380925	2.43252619896001e-05	TbID
MEK2DD	BTBD1	TbID	no	unclassified	0.229365063515123	0.296313501171558	0.988426466955449	1.49259277190958e-05	TbID
BrafG469A	BTBD6	TbID	no	NA	NA	NA	1.56226983550278	0.00693797509135166	TbID
ERK2DD	BTBD6	TbID	no	NA	NA	NA	1.88996206721431	0.00230581360843741	TbID
ERK2AA	BTBD6	TbID	no	NA	NA	NA	1.62402422751306	0.00781881775384963	TbID
MEK2WT	BTBD6	TbID	no	NA	NA	NA	1.79024149030276	0.0037992687108175	TbID
Raf1WT	BTBD6	TbID	no	NA	NA	NA	1.72572046137237	0.00426415910287533	TbID
ERK1AA	BTBD6	TbID	no	NA	NA	NA	1.68799225499647	0.00762010159424052	TbID
Raf1S259F	BTBD6	TbID	no	NA	NA	NA	2.03652288876837	0.00101801210280104	TbID
BrafD594N	BTBD6	TbID	no	NA	NA	NA	1.51698956813917	0.0110385936834863	TbID
BrafV600E	BTBD6	TbID	no	NA	NA	NA	1.89162824605737	0.00166241460897544	TbID
ERK1DD	BTBD6	TbID	no	NA	NA	NA	1.71945993584117	0.00930826029467111	TbID
MEK1WT	BTBD6	TbID	no	NA	NA	NA	1.82769692966599	0.00256471341445426	TbID
MEK2AA	BTBD6	TbID	no	NA	NA	NA	1.77643262794996	0.00313733442585999	TbID
ERK2WT	BTBD6	TbID	no	NA	NA	NA	1.99817239982028	0.00188635986019924	TbID
MEK2DD	BTBD6	TbID	no	NA	NA	NA	1.84624594328322	0.00273909368845965	TbID
MEK1DD	BTBD6	TbID	no	NA	NA	NA	1.73218161211103	0.00456091955938902	TbID
ArafS214P	BTBD6	TbID	no	NA	NA	NA	1.61604649912371	0.00652547741346729	TbID
MEK2DD	BTBD9	TbID	yes	plasma_membrane	0.280193001027021	0.0601886016077205	0.994929167514745	0.000718437305349891	TbID
BrafG469A	BTBD9	TbID	yes	plasma_membrane	-0.140954310847386	0.357467384871274	1.38108906421296	3.94309153220853e-05	TbID
BrafV600E	BTBD9	TbID	yes	plasma_membrane	0.141237218617273	0.248006075395711	1.23326096739012	7.28215573400446e-05	TbID
Raf1S259F	BTBD9	shared	yes	plasma_membrane	0.285571695134825	0.0359522460150692	1.42021947810443	2.3095018290387e-05	TbID
Raf1WT	BTBD9	TbID	yes	plasma_membrane	0.010210187623823	0.959685045875271	1.13573502205244	0.00028036973755853	TbID
MEK1DD	BTBD9	TbID	yes	plasma_membrane	-0.34947649062466	0.0257737383255216	1.49243744614099	2.96474951350732e-05	TbID
BrafWT	BTBD9	TbID	yes	plasma_membrane	-0.0224502220067945	0.932895798328439	0.979846347589778	0.00167248426380698	TbID
Raf1S257L	BTBD9	TbID	yes	plasma_membrane	0.177071385877729	0.185719894508389	1.22498440442796	0.000193260598097014	TbID
BrafG469A	BTG3	TbID	no	NA	-0.217269667734232	0.222385108420195	1.0698244854836	5.63578793795418e-08	TbID
ArafWT	BTG3	TbID	no	NA	0.0481136127929057	0.788330481970361	0.905094260286791	9.32416153161182e-07	TbID
Raf1S259F	BTG3	TbID	no	NA	0.106605125564265	0.651346231617765	0.961194811927794	1.52243867807042e-07	TbID
MEK1DD	BTG3	shared	no	NA	0.592591797027993	0.00196039860596534	1.34327858435824	2.13991377422779e-08	TbID
Raf1S257L	BTG3	TbID	no	NA	0.295839009048607	0.0729678847824766	1.13465042698392	8.46702699540087e-08	TbID
MEK2AA	BUB1	TbID	yes	unclassified	0.102892796730609	0.509368647739822	0.923914385273261	3.63688815530628e-08	TbID
MEK2DD	BUB1	TbID	yes	unclassified	0.0535977252641862	0.634279722881326	0.985399164223508	2.1733139092611e-08	TbID
MEK2DD	BUB1B	TbID	yes	unclassified	0.173804520991548	0.0901235413309348	0.959964105556863	8.61902209229722e-08	TbID
ArafD447A	BUD31	TbID	no	nucleus	0.246574397240535	0.72649161985042	0.999509382779093	1.67189982716642e-08	TbID
BrafG469A	BZW1	TbID	no	stress_granule	-0.0547391510336429	0.609608118348663	0.893714971699968	6.48309125036338e-09	TbID
BrafV600E	C11orf42	AP-MS	no	NA	1.3688790520348	0.0357200787499974	NA	NA	AP-MS
BrafV600E	C11orf52	TbID	no	NA	NA	NA	0.840501369205862	2.4596811271605e-06	TbID
BrafG469A	C11orf96	core	no	NA	3.01950864728671	1.0736068639245e-05	1.61858839929912	3.93434246265037e-09	Both
BrafV600E	C11orf96	core	no	NA	4.36068589021784	8.46642903314335e-07	2.58447001578606	2.3512626656835e-11	Both
Raf1S259F	C11orf96	core	no	NA	1.75668924294214	0.00116654960374841	0.947480383436926	1.00686278350076e-06	Both
ArafS214P	C11orf96	core	no	NA	1.37855251514114	0.00572446263109649	0.849646249725308	5.12621614386457e-06	Both
MEK1DD	C11orf96	core	no	NA	3.66796168809921	3.3987771567718e-06	2.33004386419756	1.13031380100748e-10	Both
MEK2DD	C11orf96	core	no	NA	2.51019927628299	5.46158801327594e-05	2.2495987401105	1.07950941200073e-10	Both
NrasQ61K	C12orf56	TbID	no	NA	NA	NA	1.30918820276082	0.000435303869159638	TbID
ERK2DD	C12orf56	TbID	no	NA	NA	NA	1.0034609145736	0.00483254165624114	TbID
ArafWT	C12orf56	TbID	no	NA	NA	NA	1.12127643812643	0.00971392134917325	TbID
MEK2DD	C12orf56	TbID	no	NA	NA	NA	1.14311855365131	0.000788941246356149	TbID
MEK2DD	C12orf57	TbID	yes	cytosol	-1.03170450203166	4.107353925343e-05	1.07302550409231	5.13325182840108e-08	TbID
ERK2WT	C15orf39	TbID	no	unclassified	0.216329945092568	0.224552185121976	1.07522660564275	5.85646654793356e-07	TbID
ERK1WT	C15orf39	TbID	no	unclassified	0.208711165928618	0.241352281729754	0.848862637922988	3.46891494047539e-05	TbID
BrafG469A	C17orf100	TbID	no	NA	NA	NA	0.881580374823302	4.02400342741258e-06	TbID
ArafWT	C17orf75	shared	no	trans-Golgi	1.34163860323101	1.46918378393669e-06	0.497357157364781	3.86272521309331e-06	AP-MS
KrasWT	C19orf53	shared	no	nucleolus	0.318072166167628	0.00408878047937296	0.855155170714841	0.000132647242060792	TbID
KrasG12V	C1GALT1	TbID	no	Golgi	-0.10712855115532	0.291840715993441	1.87769540040461	3.78389813553996e-05	TbID
KrasWT	C1GALT1	TbID	no	Golgi	-0.127722782226015	0.318733848330047	1.84321880111237	4.90903522479443e-05	TbID
KrasG12D	C1GALT1	TbID	no	Golgi	-0.0699167912772944	0.613075543506692	1.21626402463783	0.0268544010501906	TbID
KrasS17N	C1GALT1	TbID	no	Golgi	-0.0421381165831152	0.725579881804495	1.91872708206564	1.3960659592892e-05	TbID
KrasWT	C1orf21	TbID	no	plasma_membrane	NA	NA	0.777604903169751	6.10794511298391e-06	TbID
KrasS17N	C1orf21	TbID	no	plasma_membrane	NA	NA	0.824658451644074	8.00212696079082e-07	TbID
HrasS17N	C1QL1	TbID	no	NA	NA	NA	1.8959021980657	0.000433146051739958	TbID
NrasQ61R	C22orf39	shared	no	NA	1.13999667877366	6.90985307047167e-05	0.586728569647309	0.0333679294990959	AP-MS
BrafG469A	C2CD4C	shared	no	NA	1.49905675036508	2.54105914374192e-06	0.387346641778119	0.000193779272278356	Both
MEK2DD	C2CD4C	shared	no	NA	0.49694335643849	0.0127443850186897	1.25417931687344	2.34043539169172e-09	Both
MEK2DD	C3orf33	AP-MS	no	mitochondrion	1.02546560283684	0.00044419311611901	-0.0702360303210399	0.405572456859776	AP-MS
ERK1DD	C4A;C4B	TbID	yes	NA	NA	NA	0.905905587561112	0.000425664923427205	TbID
Raf1D486A	C4A;C4B	TbID	yes	NA	NA	NA	1.92050023437942	9.07373292574557e-08	TbID
BrafWT	C4A;C4B	TbID	yes	NA	NA	NA	1.22245755980274	2.41321143322606e-05	TbID
ArafS214P	C4A;C4B	TbID	yes	NA	NA	NA	0.859935951685765	0.000180824526940499	TbID
ERK2DD	C4A;C4B	TbID	yes	NA	NA	NA	1.1577448516039	6.08250663203501e-05	TbID
ERK2AA	C4A;C4B	TbID	yes	NA	NA	NA	1.36419908962092	9.11310005634896e-06	TbID
NrasQ61K	C4A;C4B	TbID	yes	NA	NA	NA	0.975361068119447	0.000461734184065554	TbID
BrafD594N	C4A;C4B	TbID	yes	NA	NA	NA	0.84188414074812	0.000339963695777082	TbID
BrafV600E	C4A;C4B	TbID	yes	NA	NA	NA	1.02602448924693	2.9174573281466e-05	TbID
NrasS17N	C4A;C4B	TbID	yes	NA	NA	NA	1.39323228389198	9.08839773566995e-06	TbID
MEK1WT	C4A;C4B	TbID	yes	NA	NA	NA	0.875801861601744	0.000313988942650491	TbID
HrasS17N	C4A;C4B	TbID	yes	NA	NA	NA	1.3442405880314	2.19463257242347e-06	TbID
MEK2WT	C4A;C4B	TbID	yes	NA	NA	NA	0.909045333820237	0.000165642539934599	TbID
HrasG13R	C4A;C4B	TbID	yes	NA	NA	NA	1.39103264063618	5.70067389400744e-06	TbID
HrasQ61R	C4A;C4B	TbID	yes	NA	NA	NA	1.2851480017437	1.63094337969481e-05	TbID
Raf1S257L	C4A;C4B	TbID	yes	NA	NA	NA	1.25737558746953	5.29696101660715e-06	TbID
Raf1D486A	C6orf136	TbID	no	NA	0.0121888891925398	0.971949030672434	0.944269435327944	4.3333794109204e-08	TbID
KrasG12V	C6orf163	TbID	no	NA	NA	NA	0.787957263073093	0.000582457533243931	TbID
KrasWT	C7orf50	shared	no	translation	0.463977250764255	0.00171361583936225	0.789442095371234	6.36581107807197e-07	TbID
Raf1S257L	CA2	TbID	yes	cytosol	NA	NA	0.929918910313009	0.00275622749030951	TbID
MEK2DD	CA2	TbID	yes	cytosol	NA	NA	1.11221164828186	0.000741391305850464	TbID
HrasG13R	CA2	TbID	yes	cytosol	NA	NA	1.70260495221005	3.21682195877392e-05	TbID
HrasWT	CA2	TbID	yes	cytosol	NA	NA	1.00662762819309	0.00542640642764218	TbID
ArafS214P	CA2	TbID	yes	cytosol	NA	NA	1.01993060333594	0.00175835611546465	TbID
MEK1WT	CA5B	AP-MS	no	NA	1.11868091220089	0.0115654408479894	NA	NA	AP-MS
KrasG12D	CA8	AP-MS	yes	cytosol	0.749152502857934	0.000302348546012836	NA	NA	AP-MS
NrasQ61K	CACNB2	TbID	yes	nucleus	0.620458773314884	0.201248324664676	0.77363660523324	0.000310699785321266	Both
NrasQ61R	CACNB2	TbID	yes	nucleus	0.853828668209303	0.0966223387038952	1.26681489485047	2.98214161874327e-06	Both
MEK1DD	CACNB2	shared	yes	nucleus	1.03665494880323	0.0395427854056848	0.379330633533998	0.0229792255775524	Both
HrasQ61R	CACNB2	TbID	yes	nucleus	0.952305565624736	0.0999221675848992	0.770509978002515	0.000152681657227978	Both
ArafD447A	CACYBP	shared	no	cytosol	2.52188226072736	1.35841523941068e-11	0.808013906208915	2.51590246527408e-07	Both
ArafS214P	CACYBP	shared	no	cytosol	1.44346856772861	1.1395127850476e-07	0.22692120175111	0.0203924485529827	Both
ArafWT	CACYBP	core	no	cytosol	3.11699900461709	7.69666341551401e-13	1.2751555175968	2.57088075739368e-09	Both
KrasG12D	CADM1	TbID	yes	plasma_membrane	0.00499858196754843	0.981996070610976	5.35160600929225	0.0143179782543317	TbID
MEK2DD	CALCOCO1	shared	no	cytosol	0.743670998956749	9.93953495553764e-06	1.30641529531983	5.51463944120488e-10	TbID
BrafV600E	CALCOCO2	TbID	no	lysosome	-0.153159211139898	0.301205036830713	0.981015340423707	4.59951096722685e-06	TbID
Raf1S259F	CALCOCO2	TbID	no	lysosome	-0.10564563695869	0.458903206318473	1.26043728067257	1.72412427738515e-08	TbID
BrafG469A	CALCOCO2	TbID	no	lysosome	0.0190845730672667	0.932916040066247	1.18483277406518	7.10088486395416e-07	TbID
KrasS17N	CALM1;CALM2;CALM3	AP-MS	yes	NA	0.843510145843176	3.7872218873677e-05	-0.327212442154179	0.211763405106674	AP-MS
ArafS214P	CAMK1	shared	no	cytosol	3.5115163626252	1.31466812109219e-08	0.529390130625477	1.83458281205844e-06	AP-MS
ArafD447A	CAMK1	shared	no	cytosol	2.86174109410439	1.45614598685343e-10	0.250410209818714	0.000779484856833453	AP-MS
ArafWT	CAMK1	shared	no	cytosol	3.86218437105618	3.6037481363751e-12	0.348797572587351	0.000151590984481991	AP-MS
KrasWT	CAMKV	TbID	no	plasma_membrane	-0.442926090217854	0.0044751095207681	1.24674039817115	5.81229274016266e-05	TbID
KrasG12V	CAMKV	TbID	no	plasma_membrane	-0.314540125727956	0.00505805315666697	0.874701302717312	0.000713463395811478	TbID
KrasG12D	CAMKV	TbID	no	plasma_membrane	-0.389500955198909	0.0074460463139052	1.07475178855763	0.000115227807361942	TbID
KrasS17N	CAMKV	TbID	no	plasma_membrane	-0.347222250686979	0.0104418709500782	0.806417659943043	0.00163340317910955	TbID
MEK2DD	CAMSAP1	TbID	no	nucleus	0.110700812422211	0.687437707837899	1.12888643910423	3.07569153269018e-10	TbID
ERK1WT	CAMSAP2	TbID	no	14-3-3_scaffold	0.488646057796557	0.0542342129520884	0.919680819076338	6.43767263288787e-07	TbID
ERK2WT	CAMSAP2	TbID	no	14-3-3_scaffold	0.409075721004591	0.104905417722212	1.05390948236381	4.01375821828939e-08	TbID
MEK2AA	CAMSAP2	TbID	no	14-3-3_scaffold	-0.243123692039186	0.444700229634059	0.92390120648029	4.62210373302775e-08	TbID
MEK2DD	CAMSAP2	TbID	no	14-3-3_scaffold	-0.327330015352522	0.132160116040896	1.09148923655243	5.6899934945606e-09	TbID
HrasG13R	CANX	TbID	no	ER	-1.00764894346035	0.000608357233823775	1.08778869533128	3.56751236222037e-06	TbID
HrasS17N	CAPN5	TbID	yes	plasma_membrane	0.543369855082074	0.135070096422745	1.03594961470248	4.8460331442551e-09	TbID
MEK2AA	CAPZA1	TbID	no	actin_cytoskeleton	-0.121444171230293	0.469257435638807	0.896517719601439	2.73620639320198e-08	TbID
Raf1S259F	CARD10	shared	yes	NA	1.29980208452216	1.97960893850603e-05	0.431193867100315	1.33846862517017e-05	AP-MS
MEK2DD	CARD19	AP-MS	no	NA	1.35889351839634	0.00079141541026546	-0.301748982608671	0.00563425318834342	AP-MS
MEK2DD	CARD6	core	no	NA	1.01134049365269	4.5986480807002e-05	1.33996800101957	1.23588400679147e-09	Both
BrafV600E	CARD6	core	no	NA	1.22009375359216	1.08929164990482e-05	0.906093477333872	3.46795572099084e-08	Both
MEK1AA	CARMIL2	shared	yes	14-3-3_scaffold	0.674294634016746	0.00703142320395737	0.897617407426974	1.57753670942695e-08	TbID
MEK2AA	CARMIL2	TbID	yes	14-3-3_scaffold	0.403018929910181	0.105983875661009	0.989376854987503	4.63053959934086e-09	TbID
MEK2DD	CARMIL2	TbID	yes	14-3-3_scaffold	0.101941271911709	0.575808541755652	0.895571634692637	1.19916530372922e-08	TbID
MEK2WT	CARMIL2	shared	yes	14-3-3_scaffold	0.847099175834982	0.00403172347225813	1.04081909538764	2.74707580094806e-09	TbID
MEK2DD	CASP8	shared	yes	cytosol	0.548650970259932	0.00103266229963	0.984485136301687	1.17949386224598e-09	TbID
MEK2DD	CAVIN1	TbID	yes	plasma_membrane	0.285726399654597	0.361723333389149	1.054902913856	6.17363746029456e-07	Both
BrafG469A	CAVIN1	shared	yes	plasma_membrane	1.31305773867898	0.000932155266865458	0.689602259686825	0.000317187909746525	Both
MEK1DD	CAVIN1	shared	yes	plasma_membrane	1.61088221698452	0.000386724426485432	0.815101045644116	4.24351334649393e-05	Both
HrasWT	CBARP	TbID	no	NA	0.267231268200703	0.517958689930023	0.790384544251463	0.000152898780929668	Both
NrasQ61K	CBARP	core	no	NA	2.73505437904648	1.04226707279357e-05	2.68462055484284	6.81250791771711e-10	Both
NrasQ61R	CBARP	core	no	NA	3.77746640702567	1.04527111583354e-07	2.80260169236288	9.26131831476384e-11	Both
Raf1S259F	CBARP	shared	no	NA	0.957963615184007	0.00905949942359107	0.862199242039517	4.22099608197754e-06	Both
ArafS214P	CBARP	shared	no	NA	0.809391806210778	0.0176953496944604	1.00935561570778	2.51130905997541e-06	Both
HrasQ61R	CBARP	core	no	NA	3.42648009339982	5.34228848308948e-06	2.30428306323696	1.8901956287025e-09	Both
HrasG13R	CBARP	core	no	NA	4.2006991420464	3.12653091679757e-06	2.69478113605523	7.29743017291528e-10	Both
MEK2DD	CBL	shared	yes	cytosol	0.233880579977549	0.0472757026048767	1.31189084561049	6.66653600532961e-10	TbID
HrasWT	CBLB	TbID	yes	NA	0.26625986203407	0.418702307962545	0.821661119984645	1.52803327696137e-05	TbID
HrasQ61R	CBX3	TbID	no	nucleus	-0.00822443439346427	0.98168465860608	0.843425094573116	5.15617306171498e-05	TbID
HrasQ61R	CCAR1	TbID	no	nucleus	0.346744420059891	0.180715074233705	0.860592824408709	2.27183804941772e-05	TbID
HrasG13R	CCAR1	shared	no	nucleus	0.746810445003621	0.0123686615889273	0.866883281022579	6.64787096094937e-06	TbID
ERK2WT	CCAR2	shared	no	nucleus	0.472758224847466	0.000726179191470228	0.903930259981825	3.73381724936842e-07	TbID
Raf1S257L	CCBE1	TbID	yes	NA	NA	NA	1.64656491071744	4.68711080123653e-06	TbID
MEK1WT	CCDC102B	TbID	no	NA	NA	NA	0.886579499073292	0.00132451673053669	TbID
ArafS214P	CCDC125	shared	no	NA	0.954562310051296	0.000187372808179782	0.871987525381608	6.3068885418483e-07	Both
Raf1S257L	CCDC125	core	no	NA	1.52337859071723	2.77512937622531e-06	1.10178887462828	6.71307192508709e-08	Both
Raf1S259F	CCDC125	core	no	NA	1.78605538908767	2.66660171592857e-06	1.26378398292993	1.17888460670013e-08	Both
KrasWT	CCDC137	shared	no	nucleus	0.450423262006984	0.000224142045261118	0.805511734822602	1.97192979698978e-06	TbID
ERK1WT	CCDC138	shared	no	centrosome	0.41829978655605	0.00913264130137806	0.910779926707293	2.63533821831251e-07	TbID
ERK2AA	CCDC138	TbID	no	centrosome	0.158636816633018	0.241622045322314	0.863885867551743	7.53152267369794e-08	TbID
ERK2WT	CCDC138	shared	no	centrosome	0.289155278089431	0.0310919357635766	1.16924714034965	1.47778322374459e-09	TbID
HrasS17N	CCDC177	TbID	no	NA	NA	NA	0.830574831382143	1.38922305852865e-07	TbID
MEK2WT	CCDC22	shared	yes	early_endosome	0.248887343350263	0.04109501097579	0.877158286374857	6.19384645754028e-10	TbID
MEK2DD	CCDC50	TbID	yes	actin_cytoskeleton	-1.21037416226462	0.144200869690518	1.11829431727526	6.85517608127679e-09	TbID
BrafV600E	CCDC51	AP-MS	no	mitochondrion	3.35390562814559	4.38946080395478e-08	0.0444658844617682	0.743363498812109	AP-MS
BrafD594N	CCDC51	shared	no	mitochondrion	4.10031995975003	6.00073774179953e-09	0.373880072697803	0.0022297953065498	AP-MS
BrafG469A	CCDC51	shared	no	mitochondrion	3.25032218806291	4.73889073855525e-08	0.596948675230441	3.10755579426974e-05	AP-MS
BrafWT	CCDC51	AP-MS	no	mitochondrion	4.13890328979744	6.41618807330968e-09	0.149682656324834	0.310838038305041	AP-MS
KrasG12D	CCDC61	TbID	no	centrosome	NA	NA	1.09342882452853	0.0377416601955647	TbID
BrafG469A	CCDC68	AP-MS	no	NA	1.41580337201621	0.00284736861399589	NA	NA	AP-MS
BrafV600E	CCDC68	AP-MS	no	NA	1.3076491034963	0.00380950970748229	NA	NA	AP-MS
Raf1S257L	CCDC8	AP-MS	yes	plasma_membrane	1.22506434664714	2.53193745824438e-07	0.083634915054345	0.0981727501561466	AP-MS
ArafWT	CCDC85B	AP-MS	no	unclassified	1.26774558887395	2.71492159267343e-06	0.187482805379921	0.0932881251252842	AP-MS
NrasQ61R	CCDC88A	shared	yes	ER	0.615495708147112	0.000102240211075084	0.932941188860547	1.35879177890444e-09	Both
ArafS214P	CCDC88A	core	yes	ER	1.49556276741805	3.23755586937167e-07	1.36461684570509	3.3703534611768e-11	Both
NrasQ61R	CCM2	shared	yes	plasma_membrane	1.21851946415359	0.00456724331960007	0.5005224634524	0.000110815909066783	AP-MS
BrafV600E	CCN1	shared	yes	unclassified	0.476192729672949	0.0183536044882515	1.25860422136151	3.68037162204194e-10	TbID
HrasG13R	CCN1	TbID	yes	unclassified	0.141421042504615	0.53901738380814	0.920188645196835	2.66443429146236e-08	TbID
Raf1D486A	CCN1	TbID	yes	unclassified	-0.217037989413636	0.263426526279507	0.89269874324914	7.06020379453696e-09	TbID
MEK2DD	CCN1	shared	yes	unclassified	0.863188028236169	0.000607587703221812	1.32544954210559	2.49350152282757e-09	TbID
HrasQ61R	CCN1	TbID	yes	unclassified	0.400937028823359	0.0582016171230068	0.782582969489302	1.84263452774903e-07	TbID
MEK1DD	CCN1	shared	yes	unclassified	0.681682873813513	0.00312845885409432	1.51874851189271	3.60164466657759e-11	TbID
Raf1S259F	CCN1	shared	yes	unclassified	0.525107228935507	0.0144574537063815	1.33896858183268	1.56685747941448e-10	TbID
ArafD447A	CCN1	TbID	yes	unclassified	0.116987928698528	0.590261464439496	1.09322930544853	1.38734924124603e-09	TbID
BrafG469A	CCN1	shared	yes	unclassified	0.817847390991918	0.000723106936580332	1.74761591468608	2.25418821102708e-11	TbID
ArafS214P	CCN1	shared	yes	unclassified	0.610781403666289	0.00241618660194084	1.2427534885154	7.87175692233249e-10	TbID
MEK1DD	CCN2	shared	yes	NA	1.82377639275747	0.00870579277227189	0.415298298460224	0.00313878461857983	AP-MS
MEK1DD	CCNA1	TbID	no	NA	NA	NA	1.66454521175501	0.000123890725622283	TbID
MEK2DD	CCNA1	TbID	no	NA	NA	NA	2.15845899111155	1.14290951908625e-05	TbID
MEK2DD	CCNB1	TbID	yes	ER	-0.0267785156740917	0.805131751921886	1.31197819361716	3.61197801008552e-10	TbID
MEK2AA	CCNB1	TbID	yes	ER	0.0542784509964384	0.666413771156231	0.880422210411361	1.3174089924729e-08	TbID
HrasS17N	CCNB1IP1	TbID	no	NA	NA	NA	0.89880455135674	1.42657680341794e-07	TbID
BrafG469A	CCNB2	TbID	yes	ER	-0.105150415788143	0.418887466905581	0.876078075879053	2.3900304217946e-10	TbID
BrafG469A	CCNB3	TbID	no	NA	NA	NA	1.31174623782761	0.0122252323381266	TbID
NrasQ61K	CCNG1	TbID	yes	NA	-0.110933473822413	0.72697169702215	0.780394438418132	6.39682960204484e-05	TbID
Raf1WT	CCNG1	TbID	yes	NA	-0.150482731527054	0.594881594247538	0.912414954711402	6.70909274071221e-06	TbID
Raf1S257L	CCNG1	TbID	yes	NA	0.410359319351869	0.0688033370398839	0.902222809398176	8.56385852640141e-06	TbID
NrasQ61R	CCNT2	shared	no	nucleus	1.05553623541674	0.00877236539806375	0.302684448568036	0.000367847194055415	AP-MS
KrasWT	CCNYL1	TbID	no	plasma_membrane	-0.117203919080966	0.278621799829581	0.846377442748881	6.55200769471138e-07	TbID
Raf1S259F	CCP110	AP-MS	no	centrosome	1.71884491030379	1.09873400784591e-08	-0.196014769878204	0.00623086430759959	Both
Raf1S257L	CCP110	AP-MS	no	centrosome	1.52435708150127	1.57182535644008e-09	-0.389581597892518	8.23554563257758e-05	Both
ERK1WT	CCP110	shared	no	centrosome	0.461160021132833	0.00030958880632227	0.924980192891074	5.71935516954891e-08	Both
ArafS214P	CCP110	AP-MS	no	centrosome	1.43110257234675	6.85754472147162e-08	-0.0135815185783347	0.83891203535028	Both
BrafG469A	CCSAP	TbID	no	nucleus	0.294867705333489	0.446290395342198	0.886895541654995	4.6215007682858e-07	TbID
Raf1S257L	CCT2	shared	yes	actin_cytoskeleton	2.32524348838329	1.45596890184288e-09	0.655466969860354	2.61505699722186e-05	AP-MS
Raf1WT	CCT2	shared	yes	actin_cytoskeleton	1.20637241448398	8.65757948160805e-07	0.458075743709268	0.000416365686620712	AP-MS
Raf1D486A	CCT2	AP-MS	yes	actin_cytoskeleton	1.28619645380608	1.17745922597669e-06	0.151052000301855	0.159773365674187	AP-MS
ArafWT	CCT2	shared	yes	actin_cytoskeleton	1.16848119887828	8.95340074285184e-07	0.399243356416339	0.00417494325318528	AP-MS
Raf1S259F	CCT2	shared	yes	actin_cytoskeleton	2.2754207049067	6.66400684697501e-08	0.597251589679646	4.65963887865294e-05	AP-MS
ArafS214P	CCT2	AP-MS	yes	actin_cytoskeleton	2.14277251635681	1.18141717961314e-06	0.100661108178273	0.338715585610868	AP-MS
ArafS214P	CCT3	shared	no	actin_cytoskeleton	2.03064945872041	9.40029839421468e-07	0.171331126608908	0.0215190773817778	AP-MS
Raf1S257L	CCT3	shared	no	actin_cytoskeleton	2.2046840113743	2.06429612254097e-10	0.657793471080749	5.08870129785577e-07	AP-MS
Raf1S259F	CCT3	shared	no	actin_cytoskeleton	2.17835049582745	5.06541974245625e-09	0.61870680875809	4.37244507791138e-07	AP-MS
ArafWT	CCT3	shared	no	actin_cytoskeleton	1.17647518606017	5.2356370652282e-08	0.494856767276371	1.53092854016622e-05	AP-MS
Raf1S259F	CCT4	shared	no	actin_cytoskeleton	1.70417381124441	2.54313440626089e-07	0.640216002041099	1.97109743014327e-06	AP-MS
ArafS214P	CCT4	AP-MS	no	actin_cytoskeleton	1.61698395517753	8.63394132902809e-06	0.141975825933545	0.087548840063056	AP-MS
Raf1S257L	CCT4	shared	no	actin_cytoskeleton	1.72352761762974	3.42488185946829e-08	0.691378356102072	2.43648748224236e-06	AP-MS
Raf1S257L	CCT5	shared	no	actin_cytoskeleton	2.04803372539392	5.68013741115945e-09	0.494439174779916	8.92839047558115e-05	AP-MS
Raf1S259F	CCT5	shared	no	actin_cytoskeleton	2.06048533266584	1.67865489870714e-07	0.472194913483086	9.34206793897345e-05	AP-MS
ArafS214P	CCT5	AP-MS	no	actin_cytoskeleton	1.95939380545664	2.93746545583046e-06	0.043092382011594	0.647353426380771	AP-MS
ArafD447A	CCT6A	shared	no	actin_cytoskeleton	1.31091556771378	1.37272893242152e-07	0.451203637605718	5.2433704890759e-05	AP-MS
Raf1WT	CCT6A	shared	no	actin_cytoskeleton	1.54219378346849	8.1527875746395e-08	0.439195248737918	3.729869347132e-05	AP-MS
ArafWT	CCT6A	shared	no	actin_cytoskeleton	1.62919088575662	1.13107761249143e-08	0.394273386084125	0.00062667521843597	AP-MS
Raf1S257L	CCT6A	shared	no	actin_cytoskeleton	2.84822818925381	2.33709829253614e-10	0.558019385919981	4.79823931223184e-06	AP-MS
ArafS214P	CCT6A	AP-MS	no	actin_cytoskeleton	2.70713101132393	6.15563759424418e-07	0.0188241759157145	0.805929936902154	AP-MS
Raf1D486A	CCT6A	AP-MS	no	actin_cytoskeleton	1.69726669764316	3.22260159951428e-08	0.137365408337463	0.0720671727074462	AP-MS
Raf1S259F	CCT6A	shared	no	actin_cytoskeleton	2.66695294358731	3.44627087044184e-08	0.557748603131184	3.63353389969092e-06	AP-MS
Raf1S259F	CCT6B	shared	no	NA	2.83161300073137	2.69366094043613e-08	0.466460322644072	6.43500269429274e-05	AP-MS
ArafD447A	CCT6B	shared	no	NA	1.30555229853323	4.09098218152133e-07	0.452466826678524	9.54993007407719e-05	AP-MS
Raf1D486A	CCT6B	AP-MS	no	NA	1.79447147845097	6.64117129084832e-08	0.0885088225749203	0.300837639655609	AP-MS
ArafS214P	CCT6B	AP-MS	no	NA	2.7008863878401	9.40029839421468e-07	0.117689873654324	0.169488101741166	AP-MS
ArafWT	CCT6B	shared	no	NA	1.37769846595597	2.10222636144474e-07	0.389469768277728	0.00197497711881437	AP-MS
Raf1S257L	CCT6B	shared	no	NA	2.93218410838864	1.46757028280437e-10	0.560725872474398	1.34599277948765e-05	AP-MS
Raf1WT	CCT6B	shared	no	NA	1.56376979188708	7.02479293139576e-07	0.412844434621904	0.00011073478068301	AP-MS
ArafWT	CCT7	shared	no	actin_cytoskeleton	1.17923058803507	6.52779466451901e-08	0.389278788365384	0.00602994170973435	AP-MS
Raf1S259F	CCT7	shared	no	actin_cytoskeleton	2.31117150722493	4.88863795924526e-08	0.573722497706721	9.04587863378351e-05	AP-MS
Raf1S257L	CCT7	shared	no	actin_cytoskeleton	2.35846414271619	1.26688248100161e-10	0.641272637935098	4.8661234137789e-05	AP-MS
ArafS214P	CCT7	AP-MS	no	actin_cytoskeleton	2.19119582897499	6.74438339043349e-07	0.0683774571921221	0.536430113321496	AP-MS
Raf1D486A	CCT7	AP-MS	no	actin_cytoskeleton	1.27559398991422	2.13281064421577e-07	0.136518009557197	0.224365614670973	AP-MS
ArafWT	CCT8	AP-MS	no	actin_cytoskeleton	1.24942535608126	6.4475929419936e-06	-0.419568988242965	0.00389812100806162	AP-MS
Raf1S257L	CCT8	AP-MS	no	actin_cytoskeleton	2.36572727877355	1.86279933895662e-08	-0.256349174301927	0.0287445876857435	AP-MS
Raf1S259F	CCT8	AP-MS	no	actin_cytoskeleton	2.27752665007665	2.57712939713896e-07	-0.222826093955003	0.0543774107287579	AP-MS
Raf1D486A	CCT8	AP-MS	no	actin_cytoskeleton	1.20900711973639	1.44994601526429e-05	-0.950715617574819	5.56214954409425e-07	AP-MS
ArafS214P	CCT8	AP-MS	no	actin_cytoskeleton	2.15278408081012	4.0670708104366e-06	-1.07601591284284	3.78392541351938e-07	AP-MS
MEK2AA	CD2AP	TbID	yes	actin_cytoskeleton	0.0684494314223254	0.727961787481844	1.11343153291672	5.54398898696719e-09	TbID
MEK2DD	CD2AP	TbID	yes	actin_cytoskeleton	-0.502150091629379	0.000756624416185671	0.890727766018473	5.21088620761481e-08	TbID
BrafG469A	CD44	core	yes	NA	1.74843979620081	0.000135841251569287	2.43553490867498	1.6810272790906e-09	Both
NrasS17N	CD44	shared	yes	NA	0.836105617158411	0.0266118720236901	1.07637075157801	1.33938053954847e-05	Both
MEK1AA	CD44	shared	yes	NA	0.933003037734267	0.0312580159710771	0.956124658983079	2.12695314645403e-05	Both
BrafD594N	CD44	TbID	yes	NA	0.151151770185	0.767601364605626	1.07264487244487	1.42359874046585e-05	Both
Raf1S259F	CD44	shared	yes	NA	1.10574555219656	0.00379134336839074	2.20612171188595	2.96449381055693e-09	Both
BrafV600E	CD44	core	yes	NA	1.83710174490397	0.000144020102497311	2.65965930065569	3.92489619186098e-10	Both
MEK1DD	CD44	core	yes	NA	1.3780298634792	0.00187869533805037	1.75266028795409	4.72033181779602e-08	Both
Raf1D486A	CD44	shared	yes	NA	0.726459193174032	0.039796447006332	1.27958515159143	1.48399247926782e-06	Both
MEK2DD	CD44	core	yes	NA	2.30610895070985	4.30736589602678e-05	1.76820547047606	5.49340778733742e-08	Both
Raf1S259F	CD47	TbID	no	plasma_membrane	NA	NA	1.01103133160748	1.86472126471083e-07	TbID
KrasG12V	CD55	TbID	yes	unclassified	NA	NA	0.811038347490305	0.000206286775423299	TbID
KrasS17N	CD59	TbID	yes	unclassified	-0.0754572730530407	0.617038946788134	0.944439250175353	6.44809776588676e-05	TbID
KrasWT	CD59	TbID	yes	unclassified	0.0580329827007908	0.691226153717165	1.05267449022521	8.29772214140747e-07	TbID
BrafG469A	CD59	TbID	yes	unclassified	-0.174091852556689	0.745381435784401	1.15762519352967	4.0849761429203e-05	TbID
KrasG12D	CD59	TbID	yes	unclassified	-0.15289077224887	0.301068709409353	0.853307295255785	4.56073942959253e-05	TbID
HrasS17N	CD99	TbID	no	plasma_membrane	0.03615627227694	0.911220280794393	0.808683278699077	2.49183457503424e-06	Both
NrasQ61R	CD99	AP-MS	no	plasma_membrane	1.25111462265924	0.000331349662431906	-0.00360697062302486	0.973143577464493	Both
KrasG12D	CD99	TbID	no	plasma_membrane	-0.173493112745119	0.257014856916978	0.942090271155625	0.000588669447995651	Both
MEK2AA	CDC123	TbID	no	unclassified	-0.215245550646753	0.483855949589711	1.42799061328145	2.76409078020502e-11	TbID
MEK1DD	CDC123	TbID	no	unclassified	0.229107422864768	0.41429131677693	1.09353073221119	1.13193886743184e-10	TbID
MEK2DD	CDC123	TbID	no	unclassified	0.105192191476254	0.6522253344611	1.48632775893952	2.90141324511459e-11	TbID
BrafG469A	CDC123	TbID	no	unclassified	-0.345087812032962	0.194524321979929	0.871127386143416	3.97329134630922e-10	TbID
Raf1D486A	CDC123	TbID	no	unclassified	-0.167016489945423	0.559793959313775	0.910192646445542	4.97925437650852e-10	TbID
MEK1AA	CDC123	TbID	no	unclassified	-0.0954492632200723	0.810311651219657	1.09745089923284	7.41281209672055e-11	TbID
HrasQ61R	CDC123	TbID	no	unclassified	-0.261803485771792	0.428863995087879	0.965300584112224	1.8901956287025e-09	TbID
ArafD447A	CDC123	TbID	no	unclassified	-0.0654101674374805	0.828259122435776	1.05199021438808	5.23943665230032e-11	TbID
Raf1WT	CDC123	TbID	no	unclassified	-0.206007818421019	0.468088637863296	0.866982458666381	4.30812207527588e-09	TbID
HrasG13R	CDC123	TbID	no	unclassified	-0.0184752953069819	0.967829936410296	0.877452166099605	3.52069232684982e-09	TbID
MEK1WT	CDC123	TbID	no	unclassified	-0.0460335482909013	0.923539709452145	1.29617424164068	1.49258980950405e-11	TbID
ERK2WT	CDC123	TbID	no	unclassified	-0.555172188557234	0.0383314002455488	0.997582035007145	8.47018443831873e-10	TbID
BrafD594N	CDC123	TbID	no	unclassified	-0.301071680630319	0.298144629124812	1.01947289807338	9.78021306958407e-11	TbID
MEK2WT	CDC123	TbID	no	unclassified	0.0285824333145538	0.948028048008833	1.2378877931974	2.07046408505742e-11	TbID
BrafWT	CDC123	TbID	no	unclassified	-0.247860735493011	0.359891397246593	1.12616744215402	6.46732998240649e-11	TbID
Raf1S257L	CDC123	TbID	no	unclassified	-0.152561467988776	0.531516923122847	0.868496369760476	7.58190502158865e-10	TbID
ArafWT	CDC123	TbID	no	unclassified	-0.0940721166888455	0.69473130254004	0.980056657848276	3.97979199303369e-10	TbID
Raf1S259F	CDC123	TbID	no	unclassified	0.279109600666029	0.393705997782353	0.912790240432785	1.39498525230738e-09	TbID
ArafWT	CDC16	shared	no	nucleus	1.20447715242212	1.24592305504482e-08	0.398894331697293	3.05768233337435e-06	AP-MS
MEK2AA	CDC25C	TbID	no	14-3-3_scaffold	-0.165956550537732	0.309293180490396	1.04992002913406	1.01589525800604e-08	TbID
MEK2DD	CDC25C	TbID	no	14-3-3_scaffold	0.0822027889007033	0.498673500702523	1.34162518802779	1.58667193625719e-09	TbID
KrasWT	CDC34	shared	no	cytosol	1.05230696739625	7.59229352917444e-06	0.481179887250191	0.000411186784947552	AP-MS
KrasG12V	CDC34	shared	no	cytosol	1.21277542481519	3.2463104153993e-07	0.327152021538094	0.00133092866224666	AP-MS
KrasG12D	CDC34	shared	no	cytosol	1.18020296567758	1.18231446624409e-06	0.330264838739614	0.000734746198912021	AP-MS
KrasS17N	CDC34	shared	no	cytosol	1.15825355773589	5.52331447717878e-06	0.309612889491278	0.000938787238847245	AP-MS
ERK2DD	CDC37	AP-MS	no	cytosol	1.33316200961023	0.00347073998573301	-0.276134459033909	0.000706237329571529	Both
MEK1AA	CDC37	AP-MS	no	cytosol	2.5661242698831	0.00027146378386921	0.088068855061907	0.215000680507691	Both
KrasG12V	CDC37	shared	no	cytosol	0.757271175554122	5.47452664744061e-08	0.121106036853364	0.0272052131839279	Both
Raf1S259F	CDC37	core	no	cytosol	7.28060550453131	8.94973638238288e-09	3.19053203842288	4.8683197001624e-13	Both
MEK1DD	CDC37	AP-MS	no	cytosol	1.95273751261092	0.000469028723023876	-0.123716531368926	0.131398488634472	Both
MEK2DD	CDC37	shared	no	cytosol	4.73430761706588	8.06110921799063e-08	0.508512861905427	1.84484585543436e-06	Both
ERK1DD	CDC37	AP-MS	no	cytosol	2.88359900902404	4.18291435912689e-05	-0.208496826814943	0.00895684094390493	Both
ArafD447A	CDC37	core	no	cytosol	8.44420579336679	1.1614463453054e-10	4.67172031989809	3.06508455626624e-15	Both
BrafWT	CDC37	core	no	cytosol	5.29301558030153	5.03974682781325e-08	2.57221742987667	3.79788911936042e-12	Both
MEK2WT	CDC37	shared	no	cytosol	3.81183156801601	2.69270182298916e-06	0.19257200010256	0.00800458972081971	Both
ArafS214P	CDC37	core	no	cytosol	8.02944383343196	3.01421337323314e-09	4.59240347722365	1.27052197891543e-14	Both
BrafV600E	CDC37	core	no	cytosol	6.96709376504047	1.79857089206419e-09	3.37158883648508	4.68500149947694e-14	Both
BrafG469A	CDC37	core	no	cytosol	4.66650854810952	1.06228780051382e-07	1.25312038265917	2.18832985781784e-09	Both
Raf1D486A	CDC37	core	no	cytosol	8.04082635057079	2.91487959838629e-10	3.69898203944276	2.34019498945166e-14	Both
Raf1WT	CDC37	core	no	cytosol	7.26457801592386	9.26274544729082e-10	3.1898437903791	6.69486141236516e-14	Both
ERK2AA	CDC37	AP-MS	no	cytosol	3.23656320932758	6.94018879943407e-06	-0.279217449495907	0.000939621561417635	Both
ERK1AA	CDC37	AP-MS	no	cytosol	3.71540499184216	3.30168155812853e-06	-0.282242003959857	0.000911496816103558	Both
Raf1S257L	CDC37	core	no	cytosol	7.23516620785872	3.95752436749711e-10	3.16540543087366	7.4677325866798e-14	Both
ERK1WT	CDC37	AP-MS	no	cytosol	3.81620449795557	1.86656591500809e-06	-0.136779161005404	0.068013037986474	Both
MEK1WT	CDC37	AP-MS	no	cytosol	3.11912543845235	4.05839142715108e-05	0.125263719710285	0.0626668596752504	Both
BrafD594N	CDC37	core	no	cytosol	5.78364482847357	3.61857570131244e-08	2.5458554922401	7.11008270934448e-12	Both
ERK2WT	CDC37	AP-MS	no	cytosol	3.48325805334801	3.1888635275825e-06	0.0299050982888587	0.669747126930318	Both
KrasG12D	CDC37	shared	no	cytosol	0.783608866554703	1.99034602903745e-06	0.217156772972491	0.00137259799142242	Both
MEK2AA	CDC37	shared	no	cytosol	3.55337497924526	5.18826259437309e-06	0.377837362116546	4.43419399380598e-05	Both
ArafWT	CDC37	core	no	cytosol	8.27343011155255	1.2612720474872e-10	4.540046441297	6.36155257530211e-15	Both
ArafWT	CDC42BPG	AP-MS	no	NA	1.30038803358436	7.08707278975033e-05	0.191004481477832	0.0616690984741021	AP-MS
ERK2WT	CDC42EP3	TbID	no	unclassified	0.286837726912275	0.666980242748925	0.870246054145939	3.07172114290787e-06	TbID
BrafV600E	CDC6	TbID	yes	nucleus	0.339355444992431	0.197458144020898	1.27451185464549	5.67468360047988e-10	TbID
MEK2DD	CDC6	shared	yes	nucleus	0.500154254141018	0.046238696805265	0.992127631823983	6.50661181076021e-09	TbID
MEK1DD	CDC6	shared	yes	nucleus	0.655391847738383	0.0161669222656235	1.47387279777615	1.21690841245562e-10	TbID
Raf1S259F	CDC6	TbID	yes	nucleus	0.52927701209166	0.0545835312441924	1.07390583676283	1.88474393259939e-09	TbID
BrafG469A	CDC6	TbID	yes	nucleus	0.192216259456449	0.479918289793586	1.33494056441648	5.03539986975095e-10	TbID
Raf1WT	CDC6	TbID	yes	nucleus	0.115205256395218	0.717067379500805	0.972368918708252	2.06039950785286e-09	TbID
Raf1S257L	CDC6	TbID	yes	nucleus	0.472079414820823	0.0547160536628454	1.00281435162325	6.63011311834795e-09	TbID
NrasQ61K	CDC6	TbID	yes	nucleus	0.0342468407302185	0.913550790566092	0.783715873354016	5.27111155599244e-07	TbID
ERK2WT	CDCA3	TbID	no	plasma_membrane	-0.384558423606027	0.0678223270705468	0.912210004720703	3.63241777962723e-07	Both
MEK2DD	CDCA3	core	no	plasma_membrane	1.08948915669962	9.09209057577937e-05	1.34043162289114	1.69962209838171e-09	Both
MEK1DD	CDCA5	AP-MS	yes	nucleus	1.07884076143047	0.0494827335879674	0.072330789072163	0.443619952687076	AP-MS
MEK2DD	CDIPT	shared	no	ER	1.51257959481736	4.05488441891472e-05	0.235206848432693	0.0154219506102562	AP-MS
MEK2DD	CDK17	shared	no	unclassified	0.443409281960572	0.00326744458973722	1.00231092540815	4.41174782998643e-10	Both
BrafV600E	CDK17	core	no	unclassified	1.16287494225775	1.35921231794472e-06	0.960626815191433	6.7788182998422e-10	Both
BrafG469A	CDK17	shared	no	unclassified	1.1237014107832	3.05704731531015e-06	1.25981700807117	2.08163641480047e-10	Both
MEK1DD	CDK17	core	no	unclassified	1.50897685173657	2.94394186178728e-07	1.34839239761194	5.59274895344536e-11	Both
Raf1S257L	CDK5RAP2	shared	yes	centrosome	1.16172284139715	1.2973020094892e-06	0.310518883207944	0.000116839636369226	AP-MS
ArafWT	CDK5RAP2	AP-MS	yes	centrosome	1.18485842590431	1.06752504528378e-06	0.0222058527383222	0.759579960179942	AP-MS
Raf1S259F	CDK5RAP2	AP-MS	yes	centrosome	1.17440351195053	3.39324777146597e-05	0.0956947616441844	0.119257745318148	AP-MS
BrafG469A	CDKN1A	shared	yes	NA	1.67798889371478	0.00129741790539377	0.722103233017667	2.97610038782957e-05	Both
Raf1S259F	CDKN1A	shared	yes	NA	1.26596407379464	0.0136148639029827	0.417256262789004	0.00166849755686894	Both
Raf1S257L	CDKN1A	shared	yes	NA	1.4455965674537	0.00313620725867126	0.564079471045435	0.000227796895888124	Both
MEK1DD	CDKN1A	core	yes	NA	2.03529240189268	0.00060713075939857	0.949969518106171	1.23212969010341e-06	Both
NrasQ61R	CDKN1A	TbID	yes	NA	0.83941636467633	0.0691939258152382	0.823235820118965	3.59144681728409e-05	Both
ERK1AA	CDKN1A	shared	yes	NA	1.30004403545345	0.00800323120586828	0.45537158542709	0.000716650419016202	Both
BrafV600E	CDKN1A	core	yes	NA	2.05762219850808	0.000460939750756789	0.987323837110271	5.07472587860463e-07	Both
HrasQ61R	CDKN1A	TbID	yes	NA	0.949593902938647	0.0505770117157552	0.891186936387466	2.55301952926373e-06	Both
MEK2DD	CDKN1A	core	yes	NA	1.36832391206499	0.00599137600345251	1.01884399659438	1.1966320003638e-07	Both
NrasQ61R	CDKN1B	TbID	yes	unclassified	NA	NA	2.12887751269699	1.31548743260131e-08	TbID
ERK1AA	CDKN2AIP	AP-MS	no	nucleus	1.12348211560785	4.46221555244201e-06	-0.36117417112504	0.000830611949751958	AP-MS
NrasQ61R	CDS2	AP-MS	no	ER	1.04466279986032	3.37008884136054e-05	0.123765121486382	0.218659266877954	AP-MS
MEK2DD	CDS2	AP-MS	no	ER	1.28764739192266	4.79509175911651e-06	-0.47752999367609	0.000698674606192593	AP-MS
KrasG12V	CDSN	AP-MS	yes	NA	0.970367965758124	0.0287196919532939	NA	NA	AP-MS
MEK2DD	CDV3	TbID	no	unclassified	-1.27467537271438	0.13280466860339	1.00648676467266	1.3869984262125e-07	TbID
ArafWT	CELSR2	AP-MS	yes	plasma_membrane	1.21057185025894	6.57598313261671e-06	0.104918823103689	0.136713867626703	AP-MS
BrafV600E	CEMIP	TbID	no	NA	0.190579739512915	0.796298101908373	1.60514360063894	0.000263601440171665	TbID
ERK1WT	CEMIP	TbID	no	NA	-0.382354087794798	0.5906661329851	0.932230207848067	0.0190888756651696	TbID
MEK1DD	CEMIP	TbID	no	NA	-0.201119534878799	0.765527448555814	1.18150405575855	0.00401807139396048	TbID
MEK2DD	CEMIP	TbID	no	NA	0.773072342767984	0.16212797084677	0.951594106129576	0.0108232289138217	TbID
MEK2DD	CEMIP2	shared	no	recycling_endosome	1.11859751224192	3.9101446444164e-05	0.844524440787664	2.81323350951135e-10	Both
ArafS214P	CEMIP2	TbID	no	recycling_endosome	0.0431302654379714	0.831571285648735	1.05722093767345	1.07095981015354e-10	Both
Raf1S257L	CENPB	shared	no	nucleus	1.44410400879175	2.26759915750859e-06	0.439064800186311	5.40624551948505e-06	AP-MS
ArafS214P	CENPB	AP-MS	no	nucleus	1.29120947603782	1.15460311965524e-05	0.188430204403625	0.0529180558524447	AP-MS
Raf1S259F	CENPB	shared	no	nucleus	1.45538775598956	1.41946606670501e-05	0.255123000669173	0.000468280944979495	AP-MS
MEK2DD	CENPE	TbID	yes	translation	0.225627640752823	0.132356813675364	0.952617513294081	1.6371441067412e-10	TbID
BrafG469A	CENPI	TbID	no	NA	-0.224037141126104	0.692929015120991	1.07525134393407	3.9424581706031e-09	TbID
NrasS17N	CENPI	TbID	no	NA	0.276543075901606	0.605251371229594	0.939749385810862	1.49198872989095e-07	TbID
MEK1WT	CENPI	TbID	no	NA	0.0398395541818052	0.963307294404638	0.934801709267623	1.03428860550279e-08	TbID
ERK2AA	CENPI	TbID	no	NA	0.394365394327251	0.443423090228799	1.13581187431121	2.75101182349234e-08	TbID
HrasS17N	CENPI	TbID	no	NA	0.382546988055464	0.398716428694708	1.00701249966292	2.30158551031554e-08	TbID
MEK2WT	CENPI	TbID	no	NA	0.38130520077208	0.570917974989108	1.31420516695419	3.20853850957321e-10	TbID
NrasQ61K	CENPI	TbID	no	NA	0.608762814632881	0.247287208971961	0.87151617050804	3.31235912563693e-07	TbID
ArafD447A	CENPI	TbID	no	NA	0.559444884454108	0.245282128283801	1.29200286082482	4.07378710663058e-10	TbID
ArafWT	CENPI	TbID	no	NA	0.0714530508816612	0.886319999524976	1.07957675686389	5.76256864342084e-09	TbID
Raf1D486A	CENPI	TbID	no	NA	0.242267204009962	0.643404055623622	0.923697040029201	2.77839649745595e-08	TbID
BrafD594N	CENPI	TbID	no	NA	0.084535674926294	0.908428211450969	0.927091769912143	4.03783230081787e-08	TbID
Raf1S257L	CENPI	TbID	no	NA	0.0259131997712731	0.964363920995743	1.25314769248721	1.51598074783924e-09	TbID
BrafV600E	CENPI	TbID	no	NA	-0.010567754789184	0.986269740453839	0.877827761694981	3.13563355661172e-08	TbID
ERK2DD	CENPI	TbID	no	NA	0.463942824858463	0.332095831647202	1.18174946893949	9.01890449993658e-09	TbID
HrasWT	CENPI	TbID	no	NA	-0.0796541537775184	0.90720426675648	0.778618307068868	2.62429353465068e-06	TbID
Raf1S259F	CENPI	TbID	no	NA	0.286982412068493	0.577679805256233	0.852177943214027	2.89679226096889e-08	TbID
HrasQ61R	CENPI	TbID	no	NA	0.615273678765762	0.23090966401167	0.939022668851513	1.46325979378541e-07	TbID
MEK1AA	CENPI	TbID	no	NA	-0.0556556434650357	0.940139516539474	1.00445253153863	7.58889433117826e-09	TbID
Raf1WT	CENPI	TbID	no	NA	0.226767342680502	0.693981926533793	1.20944245045538	1.14072020366821e-09	TbID
NrasWT	CENPI	TbID	no	NA	0.36515912346765	0.518001818345979	0.993961839425033	2.22057640017394e-07	TbID
HrasG13R	CENPI	TbID	no	NA	0.714591971762849	0.168761634507781	0.797934389678994	2.70920147639354e-07	TbID
BrafWT	CENPI	TbID	no	NA	0.144421575524964	0.835222549593683	1.12026762789001	4.49587813166335e-09	TbID
ERK2WT	CENPI	TbID	no	NA	0.230584582547033	0.689119678092626	0.988152352523374	7.16699535517214e-08	TbID
HrasQ61R	CENPL	TbID	no	nucleus	NA	NA	0.855168433581395	0.00807858318198393	TbID
HrasG13R	CENPL	TbID	no	nucleus	NA	NA	0.857526054597203	0.00876259693311061	TbID
MEK1DD	CENPQ	AP-MS	no	nucleus	1.06788967888864	0.0282257629298634	-0.21902572168842	0.00485523322143384	AP-MS
NrasQ61K	CEP104	shared	yes	NA	0.698314642608258	0.000290951894904571	2.33062104622194	1.27857467896939e-13	Both
NrasQ61R	CEP104	core	yes	NA	2.37315552242887	1.04975112517051e-08	3.2908314315138	8.18225021959714e-14	Both
KrasG12D	CEP104	core	yes	NA	0.82961293998375	1.69369927895469e-06	2.15461945767535	1.80960907759519e-08	Both
HrasQ61R	CEP104	core	yes	NA	2.17950930011361	8.02488319300347e-07	2.960255812053	5.01085187163632e-14	Both
KrasG12V	CEP104	shared	yes	NA	0.707971355952258	5.06617959876727e-07	1.86644832298563	5.35930005177514e-08	Both
HrasG13R	CEP104	core	yes	NA	1.07443841626236	3.99337097983185e-05	2.19847622660086	1.84537105269833e-12	Both
ArafS214P	CEP152	shared	yes	centrosome	1.17497334455	0.0109165707863575	0.375993960483942	0.000139336310106875	AP-MS
MEK2DD	CEP170	TbID	no	14-3-3_scaffold	0.0889613926192921	0.57412177484766	0.900391835748699	1.84721416874319e-08	Both
Raf1S257L	CEP170	AP-MS	no	14-3-3_scaffold	1.16782284679474	3.10895439629466e-06	-0.803991583282662	7.48753608923608e-08	Both
ArafS214P	CEP170B	AP-MS	no	14-3-3_scaffold	1.54743617277476	3.19109473725157e-06	-0.54459569815321	2.6437722348989e-06	AP-MS
NrasWT	CEP68	AP-MS	no	centrosome	1.35916250976787	0.000179362526103421	-0.389493246035376	0.003397744164259	AP-MS
NrasS17N	CEP68	AP-MS	no	centrosome	1.29142199364995	0.000219183251212217	0.062635912470499	0.584333432880658	AP-MS
NrasQ61R	CEP68	AP-MS	no	centrosome	1.44960065461422	0.0409719358400069	-0.221775726397511	0.101596482022624	AP-MS
NrasQ61K	CEP68	AP-MS	no	centrosome	1.39336236277774	0.000753660035498823	-0.354917405272526	0.00262493028949253	AP-MS
MEK2DD	CEP85	TbID	no	unclassified	-0.203811774273643	0.134525998691812	1.11440589995309	8.20809409064761e-09	TbID
MEK2AA	CEP85	TbID	no	unclassified	-0.0789801670825042	0.715014381390458	0.923507550250997	1.02418695985483e-07	TbID
Raf1S257L	CEP97	shared	no	centrosome	1.91621944431626	6.40264171705372e-10	0.211332149648738	0.00852351178060541	AP-MS
Raf1S259F	CEP97	shared	no	centrosome	1.9012912981118	2.72337028596365e-08	0.288027346336834	0.00056780236404009	AP-MS
ArafS214P	CEP97	shared	no	centrosome	2.23774515178781	5.38361244114643e-08	0.290283412715086	0.00068695533718174	AP-MS
NrasQ61R	CERS1	AP-MS	yes	ER	1.12811263718781	5.3308503541706e-05	0.140046018203474	0.187963938674045	AP-MS
BrafG469A	CERS5	TbID	no	NA	0.0366603623428036	0.894293691235612	1.05634262197538	9.53574200611878e-08	TbID
BrafG469A	CERS6	TbID	no	ER	-0.258966765182074	0.395298380351237	0.974822068465414	5.92021195522412e-08	TbID
ERK1AA	CFAP119	TbID	no	NA	0.30210962513933	0.361550051293844	0.882522508524384	0.000132889693745537	TbID
MEK2DD	CFAP298	TbID	yes	unclassified	-0.235414434540144	0.415250362963602	1.0939547986805	5.40583680571895e-07	TbID
Raf1D486A	CFAP410	shared	yes	14-3-3_scaffold	1.2037184489031	0.0186604848999229	0.508701271364525	9.81310345416452e-05	AP-MS
MEK1DD	CFAP58	TbID	no	NA	NA	NA	0.946093062795653	1.81306161719469e-07	TbID
KrasG12V	CFAP90	AP-MS	no	NA	0.789152648361339	0.00034542952960203	NA	NA	AP-MS
KrasWT	CFAP90	AP-MS	no	NA	1.20989104010765	0.000144719194798987	NA	NA	AP-MS
KrasS17N	CFAP90	AP-MS	no	NA	1.12319414330088	0.000977439801193275	NA	NA	AP-MS
Raf1S257L	CFL2	TbID	yes	actin_cytoskeleton	NA	NA	0.92544790479183	1.21042542469357e-08	TbID
HrasS17N	CFL2	TbID	yes	actin_cytoskeleton	NA	NA	0.832935140577259	1.28381199278035e-07	TbID
ERK2AA	CFL2	TbID	yes	actin_cytoskeleton	NA	NA	0.887514880291917	4.29846534605172e-07	TbID
ERK1DD	CFLAR	AP-MS	no	NA	1.06005102850865	0.00468546257064787	NA	NA	AP-MS
BrafWT	CHAF1A	TbID	yes	nucleus	0.180753647908874	0.0770962762976649	1.59404653625942	2.56226903644138e-07	TbID
BrafG469A	CHAF1A	shared	yes	nucleus	0.243763624112864	0.0164313014845262	1.29297889870446	4.45708739039454e-07	TbID
HrasQ61R	CHAF1A	shared	yes	nucleus	0.235223005744854	0.0359954903140261	1.45829333920561	7.83570844521712e-07	TbID
ArafS214P	CHAF1A	TbID	yes	nucleus	-0.10290242037811	0.305935106387754	1.24977511634721	2.84037532152861e-06	TbID
BrafV600E	CHAF1A	TbID	yes	nucleus	0.0893017886650203	0.386196941937538	1.19265366549229	9.00452502298992e-07	TbID
Raf1D486A	CHAF1A	TbID	yes	nucleus	-0.0494449497047313	0.686530248787615	1.27194377913535	1.13310799502803e-06	TbID
HrasG13R	CHAF1A	TbID	yes	nucleus	0.187296023666198	0.181614110253008	1.36336285182268	2.39156053432485e-06	TbID
ERK2WT	CHAF1A	shared	yes	nucleus	0.288668615941121	0.0234496236392027	1.28760618806722	2.23598747845404e-06	TbID
BrafD594N	CHAF1A	TbID	yes	nucleus	-0.0313544199337474	0.835255989886587	1.49102192424009	1.43260638377647e-06	TbID
ArafD447A	CHAF1A	TbID	yes	nucleus	-0.0736575696618538	0.478120488465032	1.6244034209805	6.35044317276975e-08	TbID
BrafG469A	CHAF1B	shared	no	nucleus	0.501122066361957	0.0014120020178636	1.19939340568211	1.66157794624539e-07	TbID
Raf1D486A	CHAF1B	TbID	no	nucleus	0.0572418775453358	0.681685251261857	1.11165163877937	7.64275258310739e-07	TbID
ArafS214P	CHAF1B	TbID	no	nucleus	-0.025305824460489	0.857653346329042	1.15984219024776	9.83797764919161e-07	TbID
ERK2WT	CHAF1B	TbID	no	nucleus	0.0459564446644083	0.763832475791341	1.20242392522317	7.16668936343957e-07	TbID
HrasG13R	CHAF1B	TbID	no	nucleus	0.230914708457776	0.0865648582812001	1.2356979002837	6.78942472992164e-07	TbID
BrafD594N	CHAF1B	TbID	no	nucleus	0.225273669924789	0.0911656731029065	1.37538473275358	6.13666449293102e-07	TbID
HrasQ61R	CHAF1B	TbID	no	nucleus	0.0803365958890521	0.522942025150608	1.35976506003093	3.18336638288193e-07	TbID
BrafV600E	CHAF1B	TbID	no	nucleus	0.142444786460888	0.227005839300307	1.06933328874571	4.49389208455659e-07	TbID
BrafWT	CHAF1B	TbID	no	nucleus	0.0918007143994792	0.489720239094483	1.43978881178127	1.46224977154925e-07	TbID
ArafD447A	CHAF1B	TbID	no	nucleus	-0.308248793047534	0.0122438678939827	1.47432082637002	2.26757789014717e-08	TbID
HrasS17N	CHAMP1	AP-MS	yes	nucleus	1.06697310490571	4.42594689302553e-06	-1.14503766696806	7.41683296095204e-09	AP-MS
HrasG13R	CHAMP1	AP-MS	yes	nucleus	1.52656703903451	5.1098835840515e-06	-0.120530844045792	0.138372913412811	AP-MS
ERK2AA	CHAMP1	AP-MS	yes	nucleus	1.05118603118656	1.13685956643767e-05	-0.143276877936456	0.113354742343556	AP-MS
NrasQ61R	CHCHD2	TbID	yes	mitochondrion	NA	NA	0.857964293339667	2.55587131969543e-07	TbID
NrasQ61R	CHD1L	shared	yes	ER	0.794573925413068	1.75517091770787e-05	0.813532981640788	5.06691604708276e-08	TbID
ERK2AA	CHD8	TbID	yes	nucleus	0.391997642897916	0.348489272864683	0.931887192395477	5.72811116746005e-08	TbID
ERK1WT	CHERP	TbID	no	nucleus	-0.112933114210563	0.818959909374711	0.853777533100089	3.33979327546139e-07	TbID
ERK2WT	CHERP	TbID	no	nucleus	-0.143050658059708	0.76208046065527	0.963418219769074	1.61302348559297e-08	TbID
Raf1D486A	CHGA	TbID	yes	NA	NA	NA	1.40955216766781	0.000635570045287626	TbID
KrasWT	CHGA	TbID	yes	NA	NA	NA	1.03545122884212	0.0110466402853629	TbID
ERK2AA	CHGA	TbID	yes	NA	NA	NA	1.36968556482789	0.00150779676073137	TbID
HrasS17N	CHGA	TbID	yes	NA	NA	NA	1.23208671734082	0.00191143455329568	TbID
NrasQ61K	CHGA	TbID	yes	NA	NA	NA	1.32703216068264	0.00193400862766612	TbID
ArafD447A	CHGA	TbID	yes	NA	NA	NA	1.12267248251378	0.00353576123374233	TbID
Raf1S259F	CHGA	TbID	yes	NA	NA	NA	1.53008040158587	0.000335328599666626	TbID
NrasQ61R	CHGA	TbID	yes	NA	NA	NA	1.27820540837395	0.0027573711935785	TbID
KrasS17N	CHGA	TbID	yes	NA	NA	NA	0.988066440439423	0.0123033247513175	TbID
Raf1S257L	CHGA	TbID	yes	NA	NA	NA	1.90005460576162	5.05974534389515e-05	TbID
BrafV600E	CHGA	TbID	yes	NA	NA	NA	1.27729045777465	0.00121187268925841	TbID
Raf1S259F	CHGB	TbID	no	NA	NA	NA	1.30296872900336	0.000126488965768814	TbID
BrafV600E	CHGB	TbID	no	NA	NA	NA	0.985543636304306	0.00635906983674797	TbID
MEK2DD	CHKA	TbID	no	cytosol	0.233662012149579	0.1128202392787	1.02883611883434	1.59190484464679e-07	TbID
KrasWT	CHMP1B	TbID	no	NA	-0.0845282408654437	0.562471757997677	0.878612259511421	7.97321104285434e-05	TbID
MEK2DD	CHMP2B	TbID	yes	early_endosome	-0.531351697559264	0.213210280342074	1.03968088855942	9.24913429766797e-08	TbID
MEK2DD	CHMP4B	shared	yes	early_endosome	0.574033078321121	0.0459300545340716	0.914515518409441	3.01701948144719e-07	TbID
ArafD447A	CHORDC1	core	no	cytosol	1.50948364696765	3.84874925016187e-08	1.33350687446781	1.80907110221759e-11	Both
MEK2DD	CHORDC1	TbID	no	cytosol	-0.0521615258929543	0.698097317281832	0.892183881338066	2.7868169244793e-09	Both
ArafWT	CHORDC1	core	no	cytosol	1.57885533211393	3.15733499843392e-08	1.41861301851163	2.82227649721642e-11	Both
Raf1D486A	CHORDC1	TbID	no	cytosol	0.252734840177615	0.0812695680831019	0.925842193223224	1.06919891999757e-09	Both
HrasS17N	CHPF	TbID	no	Golgi	-0.303395519778499	0.0132056842523678	0.813389294099689	5.73618416850172e-09	TbID
BrafG469A	CHPF2	TbID	no	Golgi	0.141850119592211	0.19148144636252	0.864656176813098	1.37266828300742e-08	TbID
KrasWT	CHPT1	TbID	no	ERGIC	-0.114833387486989	0.203062287253929	0.838294236521545	3.16232417630426e-05	TbID
MEK2DD	CHST11	shared	no	NA	1.28758032804449	2.31288953746645e-05	0.496077629883768	0.000720312861626938	AP-MS
Raf1D486A	CHST13	TbID	no	NA	NA	NA	1.14314988652587	0.000151517391239661	TbID
HrasS17N	CHST13	TbID	no	NA	NA	NA	1.53137364506579	2.38993872994964e-05	TbID
Raf1S259F	CHST3	TbID	yes	NA	NA	NA	0.939185319914196	0.000367465789116957	TbID
ERK1DD	CHST7	AP-MS	no	NA	0.988074074241921	0.0196526369275195	-0.0377862484062227	0.720611897901847	AP-MS
MEK1AA	CHST7	AP-MS	no	NA	1.02224149727833	0.0267378827817211	0.00448816044739859	0.968076069497242	AP-MS
MEK1DD	CHSY3	shared	no	NA	0.512260673452915	0.0269256992399185	1.00326617637347	3.45034693517985e-09	TbID
ArafWT	CHSY3	shared	no	NA	0.925898608511129	0.00132149539789625	1.08725477742564	3.79588334677379e-10	TbID
HrasS17N	CHSY3	shared	no	NA	0.574034940392885	0.0185050726265123	0.97235370388682	4.04794147750878e-09	TbID
Raf1WT	CHSY3	shared	no	NA	0.523469290712847	0.0353437554343198	0.905734435234604	2.57510611479856e-09	TbID
HrasWT	CIAPIN1	shared	no	cytosol	0.793164584899347	5.10819401420326e-05	1.11342606939052	2.85987345515414e-08	TbID
MEK2AA	CIP2A	TbID	no	cytosol	-0.0211688289173685	0.887668345448149	0.909260877861769	3.35437494005876e-08	TbID
MEK2DD	CIP2A	shared	no	cytosol	0.302359128683371	0.0031138542762792	1.03214363464593	9.11402499992656e-09	TbID
NrasQ61R	CKAP2	shared	no	translation	0.96909259084257	0.0261712794935506	0.804233821464912	6.57576003031777e-08	Both
ERK2WT	CKAP2	TbID	no	translation	0.0231818482334504	0.964172881341246	1.35119645988955	6.45169462244683e-10	Both
MEK2DD	CKAP2	TbID	no	translation	-0.0454668506002618	0.909898015144828	1.3350822612443	1.71835655465069e-10	Both
HrasG13R	CKAP2	core	no	translation	1.43074785399325	0.00884183617661942	0.810170410402043	1.21492238933636e-07	Both
ERK1WT	CKAP2	TbID	no	translation	-0.0435607673977786	0.934366773524141	0.917478331088836	2.09743147625417e-07	Both
ERK2AA	CKAP2L	AP-MS	yes	nucleus	1.24995827037763	0.00422439035162349	0.252738701303582	0.0806784544066919	AP-MS
HrasS17N	CKMT1A	shared	no	mitochondrion	1.12304710065751	3.12074371116339e-07	0.563970151906345	0.000105559550044687	AP-MS
NrasQ61R	CKMT1A	AP-MS	no	mitochondrion	1.03835488441176	3.58076298764245e-07	-0.139569789130003	0.0779974885923307	AP-MS
MEK2DD	CLEC16A	shared	yes	Golgi	0.562286706410384	0.000332543090045489	0.878295987790896	5.13053325030321e-10	TbID
MEK2DD	CLINT1	TbID	no	early_endosome	-0.85399503465244	0.000545389885821645	0.936729876280686	5.16133089269383e-07	TbID
Raf1S259F	CLK1	TbID	no	nucleus	0.350183193027368	0.408289887583684	1.17827941292425	4.39990570541607e-08	Both
BrafG469A	CLK1	TbID	no	nucleus	0.325698157133349	0.302565799121097	1.38407933289392	1.48823891226248e-08	Both
ArafD447A	CLK1	TbID	no	nucleus	0.0637181078496492	0.885746921174743	0.87594313230644	7.41583867248817e-06	Both
MEK1DD	CLK1	core	no	nucleus	1.07696415562032	0.00435568742000857	1.21701093810054	1.33872609374828e-07	Both
BrafV600E	CLK1	TbID	no	nucleus	0.467901656441319	0.15920654184828	1.3849953858239	1.48587388315329e-08	Both
BrafG469A	CLK3	TbID	no	unclassified	0.241181290136487	0.614675974407818	0.906711611292822	4.26575741173304e-09	TbID
KrasWT	CLK3	shared	no	unclassified	0.480938786700266	0.00573854571340198	0.790879431923745	3.30933762325656e-05	TbID
BrafG469A	CLK4	TbID	no	nucleus	NA	NA	1.14398652754112	9.49533438942377e-08	TbID
ArafD447A	CLK4	TbID	no	nucleus	NA	NA	0.853195602920682	6.37058949227729e-06	TbID
BrafG469A	CLN8	TbID	yes	ER	NA	NA	1.14165320280235	2.63365917687804e-07	TbID
Raf1S259F	CLN8	TbID	yes	ER	NA	NA	0.888284793698824	1.4153742546649e-06	TbID
MEK2DD	CLPTM1L	AP-MS	yes	ER	1.14275372559057	3.4195070013871e-05	-0.0013791491776366	0.986197191618777	AP-MS
ArafS214P	CLSPN	AP-MS	no	cytosol	1.36967076079684	0.000988785285767483	-0.674020450736055	1.17945499771302e-06	Both
ERK2WT	CLSPN	TbID	no	cytosol	0.182157161067566	0.664152282520754	1.08480183063233	1.16568527355848e-08	Both
Raf1S259F	CLSPN	AP-MS	no	cytosol	1.17630530777687	0.00318524839492483	-0.576066660105663	4.91705254273426e-06	Both
Raf1S257L	CLSPN	AP-MS	no	cytosol	1.17267422111519	0.00205703744421426	-0.289385087636425	0.000829329265389163	Both
ERK2AA	CLSPN	TbID	no	cytosol	0.3553544441932	0.326307474769164	0.875747264652367	6.057554974075e-07	Both
KrasS17N	CLSTN1	shared	no	Golgi	0.31165163555434	0.00147902577255127	0.897607179636435	0.0302112473663903	TbID
BrafG469A	CLTB	shared	no	early_endosome	0.52430465566664	0.000984578951536186	0.929352505673266	9.26840525123892e-07	TbID
BrafG469A	CLU	TbID	yes	NA	0.164522063922464	0.217294803932769	0.994050145725206	2.00570720560326e-08	TbID
Raf1S259F	CLU	TbID	yes	NA	-0.0548387552007701	0.73740522077233	0.853306563040856	9.53361996821541e-08	TbID
HrasG13R	CLUAP1	AP-MS	no	unclassified	1.13778784150109	0.0146987467832628	-0.361452060461748	0.000124474498457107	AP-MS
MEK2AA	CLUH	TbID	no	stress_granule	0.00959368228382488	0.969019705308529	0.953659458409445	3.17489658010857e-10	TbID
MEK2DD	CLUH	TbID	no	stress_granule	-0.0910063892084088	0.489667499556071	1.03967419785765	3.33056456035987e-10	TbID
NrasQ61R	CMC4	AP-MS	no	mitochondrion	1.54858688642024	2.39539223805176e-05	NA	NA	AP-MS
HrasS17N	CMC4	AP-MS	no	mitochondrion	1.16069999274379	0.000192845809178608	NA	NA	AP-MS
MEK2DD	CMTM6	AP-MS	no	plasma_membrane	1.23930319681043	0.00101593062496971	NA	NA	AP-MS
MEK2AA	CMTM6	AP-MS	no	plasma_membrane	1.12279327658048	0.0120460747684141	NA	NA	AP-MS
BrafG469A	CMTR2	TbID	no	NA	0.166944696673256	0.3123025560578	0.915758003591516	6.57940164865813e-09	TbID
BrafV600E	CMTR2	shared	no	NA	0.418375859101761	0.00816240941105771	0.866039173226424	1.9309669470528e-08	TbID
BrafD594N	CNNM3	shared	no	plasma_membrane	2.08571308314566	6.10537665676988e-07	0.522846353643877	4.91857770027759e-05	AP-MS
MEK2DD	CNOT3	core	yes	stress_granule	3.21504856501691	6.35680279526419e-10	1.05638733777376	3.92488196828564e-09	Both
ERK2WT	CNOT4	TbID	no	stress_granule	0.122686786972695	0.531428294820609	0.964621014376286	1.21687308363488e-08	TbID
Raf1D486A	CNPY2	TbID	no	ER	-0.376792897961567	0.175455907575551	1.12686415533018	8.73817239996211e-07	TbID
HrasG13R	CNPY2	TbID	no	ER	0.221430773351965	0.512171531345468	1.48615600664224	2.73695401677349e-08	TbID
ArafS214P	CNPY2	TbID	no	ER	-0.0325493474740774	0.921483238482629	0.990817127697741	1.06435937389162e-06	TbID
HrasQ61R	CNPY2	TbID	no	ER	-0.102164100258473	0.805611445619546	1.14044921034938	2.07907203748262e-07	TbID
NrasQ61R	CNPY3	AP-MS	yes	ER	1.0953078285988	0.038074976911215	NA	NA	AP-MS
KrasWT	CNTFR	TbID	no	plasma_membrane	NA	NA	1.16209878572538	0.00499266452505645	TbID
KrasG12D	CNTFR	TbID	no	plasma_membrane	NA	NA	1.26168820732338	0.00280332081423807	TbID
KrasS17N	CNTFR	TbID	no	plasma_membrane	NA	NA	1.17423573757417	0.0034768427847022	TbID
KrasG12V	CNTFR	TbID	no	plasma_membrane	NA	NA	1.090830841557	0.00711072664572297	TbID
HrasQ61R	CNTN1	TbID	no	plasma_membrane	0.453166994950892	0.137189975590204	0.83580538584806	2.30617714439028e-05	TbID
ArafWT	CNTN1	TbID	no	plasma_membrane	0.302783514445046	0.223615430900866	0.878973580272805	1.98178826285444e-05	TbID
HrasS17N	CNTN1	TbID	no	plasma_membrane	0.279797709952044	0.277505916644928	1.03790297138331	6.22400472886786e-07	TbID
NrasS17N	CNTN1	TbID	no	plasma_membrane	0.358987358728394	0.187083850547212	0.912185086652622	1.32641686057414e-05	TbID
KrasG12V	CNTN1	TbID	no	plasma_membrane	NA	NA	0.830994863119258	1.94038700136984e-07	TbID
MEK2DD	COA1	AP-MS	no	mitochondrion	1.06369638823596	1.08914208801149e-05	-0.259220292065834	0.00765964017339646	AP-MS
MEK2AA	COBLL1	TbID	no	unclassified	0.110456366742518	0.764747286534833	0.888201754292742	9.95350100748753e-09	TbID
ArafS214P	COL11A1	AP-MS	yes	NA	1.48146853247986	0.000525345210329084	NA	NA	AP-MS
ArafD447A	COL11A1	AP-MS	yes	NA	2.88508151023113	5.38855036991506e-06	NA	NA	AP-MS
ArafWT	COL11A1	AP-MS	yes	NA	1.22075413457613	0.00182675647335214	NA	NA	AP-MS
KrasG12D	COL18A1	TbID	yes	ER	0.207793905296334	0.133154203181356	0.947414008275674	2.28402611630126e-06	TbID
NrasQ61R	COL2A1	TbID	yes	unclassified	NA	NA	0.966325916039954	1.86972728169276e-06	TbID
KrasG12D	COL5A1	TbID	yes	NA	NA	NA	0.984583294261367	1.26267733235119e-06	Both
ArafD447A	COL5A1	AP-MS	yes	NA	2.21739344425244	1.40311460578723e-06	-0.629865676857072	4.48701859669857e-05	Both
ArafWT	COL5A1	AP-MS	yes	NA	1.48289383553166	4.88188743531119e-05	-0.00279391187082272	0.984262596915405	Both
NrasQ61R	COL5A1	TbID	yes	NA	0.175428021855705	0.610122589026697	0.933333694780676	1.64960229588257e-06	Both
KrasG12V	COL5A1	TbID	yes	NA	NA	NA	0.988301257309661	5.72834785039721e-07	Both
KrasS17N	COL5A1	TbID	yes	NA	NA	NA	0.956939989277427	1.34061194390267e-07	Both
KrasS17N	COL5A2	TbID	yes	NA	NA	NA	2.79669681484644	2.29992599502692e-06	TbID
KrasG12V	COL5A2	TbID	yes	NA	NA	NA	2.46154974833347	1.32898315950751e-05	TbID
KrasG12D	COL5A2	TbID	yes	NA	NA	NA	2.61771629730785	4.4469573327612e-06	TbID
ArafS214P	COL6A3	AP-MS	yes	NA	1.2969236794744	0.00155155363743961	NA	NA	AP-MS
Raf1S259F	COL6A3	AP-MS	yes	NA	1.505629391634	0.00111677296394395	NA	NA	AP-MS
Raf1S257L	COL6A3	AP-MS	yes	NA	1.21339872407988	0.00107337721407885	NA	NA	AP-MS
ArafS214P	COLGALT1	shared	yes	ER	0.380240053416785	0.00474456581200964	1.10938344416903	1.01759214411521e-07	TbID
BrafV600E	COLGALT1	TbID	yes	ER	-0.0710629490174024	0.602975461394092	0.849975948635148	1.3250988407177e-06	TbID
HrasQ61R	COLGALT1	TbID	yes	ER	-0.0623618814328593	0.670835452480958	1.11520099441832	3.16669459351811e-07	TbID
Raf1S257L	COLGALT1	TbID	yes	ER	0.0461418876409624	0.719521637415069	0.867931715039428	2.16984508622522e-06	TbID
HrasG13R	COLGALT1	TbID	yes	ER	-0.323068332943286	0.0267276675494406	0.964753379086035	6.84363330940379e-07	TbID
MEK2AA	COMMD8	TbID	no	early_endosome	-0.0171914697741266	0.941954051589909	0.930472027846461	2.34175253304512e-08	TbID
NrasQ61R	COMTD1	shared	no	mitochondrion	1.23193988229909	0.00113955196240727	0.470619809704502	0.000157260530251526	AP-MS
MEK2WT	COPRS	TbID	no	cytosol	-0.713677337734928	0.000993256127022947	0.963616638941643	5.25404063913536e-06	Both
ArafS214P	COPRS	AP-MS	no	cytosol	1.23429173197906	6.50588410331343e-06	0.164363193483998	0.192126187188574	Both
MEK2DD	COPRS	TbID	no	cytosol	-0.350102060606821	0.013573813587885	1.48373414617465	2.20151904379897e-08	Both
ERK2WT	COPRS	AP-MS	no	cytosol	1.03107028398009	0.000104977206262658	-0.0216754016955278	0.921284598704022	Both
KrasS17N	COPS2	shared	no	cytosol	1.22906724030428	6.82165004726351e-07	0.205585163256298	0.00238518559104507	Both
KrasWT	COPS2	shared	no	cytosol	1.15353903981959	8.23851453247225e-07	0.42512171363799	2.61759264028793e-05	Both
KrasG12V	COPS2	shared	no	cytosol	1.15875499524238	3.49094217202209e-08	0.181768816368196	0.00258241598289337	Both
KrasG12D	COPS2	shared	no	cytosol	1.26225263403954	2.87211502234122e-07	0.265868533573693	0.00058538802665865	Both
Raf1S259F	COPS2	shared	no	cytosol	1.04781006016023	9.32935357527865e-06	0.915835556131223	3.33539269374705e-08	Both
KrasG12V	COPS3	AP-MS	no	cytosol	0.967479450576182	4.37617884165601e-08	-0.0628842873292133	0.302449981461488	AP-MS
KrasG12D	COPS3	AP-MS	no	cytosol	1.12907099619615	2.87211502234122e-07	0.0128027188708337	0.843154409205401	AP-MS
KrasWT	COPS3	AP-MS	no	cytosol	1.02770874258468	7.42018980561586e-07	0.125660019314884	0.0987095211749635	AP-MS
KrasS17N	COPS3	AP-MS	no	cytosol	1.1259052396714	6.29459509000196e-07	-0.018111855458633	0.769520359967165	AP-MS
KrasG12D	COPS4	shared	no	cytosol	1.11301866177497	1.14919197593717e-06	0.163165157159419	0.00269379641594202	AP-MS
KrasWT	COPS4	shared	no	cytosol	0.966511455641982	1.39195460899212e-06	0.228422205698299	0.00055647901816699	AP-MS
KrasS17N	COPS4	shared	no	cytosol	1.01018026695666	6.82328279009402e-06	0.112699181046068	0.00906719009211461	AP-MS
KrasG12V	COPS4	AP-MS	no	cytosol	0.969249589936663	1.01278291262854e-08	0.046017067811027	0.293065775881865	AP-MS
KrasG12D	COPS5	shared	yes	cytosol	1.35198916112031	7.39560819617574e-08	0.349749296988112	0.000479338821550381	AP-MS
KrasS17N	COPS5	shared	yes	cytosol	1.25902858511291	1.35286147429743e-06	0.241505775723224	0.000483152857698661	AP-MS
KrasWT	COPS5	shared	yes	cytosol	1.23814565552153	1.7429948118118e-07	0.421739787911234	0.000134317279936973	AP-MS
KrasG12V	COPS5	shared	yes	cytosol	1.20201872100341	4.28768427276155e-09	0.245352867248828	0.000893033852781339	AP-MS
KrasG12D	COPS6	AP-MS	no	cytosol	1.19405927062085	9.16274722241827e-07	-0.075774964554407	0.153026696757729	AP-MS
KrasS17N	COPS6	AP-MS	no	cytosol	1.12250520637269	6.82165004726351e-07	-0.128239434830412	0.0234678255244714	AP-MS
KrasWT	COPS6	AP-MS	no	cytosol	1.04067757880533	1.26992644055694e-06	-0.0606741219005649	0.273424258118399	AP-MS
KrasG12V	COPS6	AP-MS	no	cytosol	0.975003547230211	1.06621907219888e-07	-0.146801907502539	0.0172657425433845	AP-MS
KrasG12D	COPS7A	shared	no	cytosol	1.33972646193585	4.66613732417879e-07	0.239278665222775	0.00281356934259931	AP-MS
KrasWT	COPS7A	shared	no	cytosol	1.17493076777029	2.02794662149196e-06	0.377836493509704	0.000151424484066515	AP-MS
KrasG12V	COPS7A	AP-MS	no	cytosol	1.19132670954305	2.72154239528093e-08	0.0852196429413929	0.193522142662792	AP-MS
KrasS17N	COPS7A	shared	no	cytosol	1.14401637169253	2.03717751374408e-06	0.191677633310178	0.0146132150294367	AP-MS
KrasS17N	COPS7B	AP-MS	no	cytosol	0.7597986166215	1.7029195837983e-05	0.165275207288023	0.23137025642021	AP-MS
KrasG12V	COPS7B	AP-MS	no	cytosol	0.759373565007824	2.20550165081401e-06	-0.0092148762233073	0.93068921921737	AP-MS
KrasWT	COPS7B	shared	no	cytosol	0.753142356590503	1.52230065123877e-05	0.401717217978485	0.0219801421055736	AP-MS
KrasG12D	COPS7B	AP-MS	no	cytosol	0.83972860484187	7.61987987845156e-06	0.0250562112724104	0.810781375822486	AP-MS
KrasG12D	COPS8	shared	no	cytosol	1.37369029549295	2.56235179536697e-06	0.175774700275625	0.036877387202979	AP-MS
KrasG12V	COPS8	AP-MS	no	cytosol	1.19143039977427	1.87777590386757e-07	0.0869598429661949	0.206340698936619	AP-MS
KrasWT	COPS8	shared	no	cytosol	1.25706749363744	1.26992644055694e-06	0.199198570973453	0.0469557107282889	AP-MS
KrasS17N	COPS8	AP-MS	no	cytosol	1.24534913384236	1.76392556871048e-06	0.0792535428223395	0.272443575365027	AP-MS
MEK2DD	COPZ1	TbID	no	ERGIC	-0.098293392388145	0.658262438302229	0.975124065818002	2.45320903172416e-06	TbID
MEK1DD	CORO1A	TbID	yes	plasma_membrane	0.440776144487721	0.328581135466029	0.946092001589707	1.77339708156091e-06	TbID
Raf1D486A	CORO1A	TbID	yes	plasma_membrane	0.550246596165829	0.189199075785517	0.924577368202116	3.69302929272217e-06	TbID
BrafV600E	CORO1A	TbID	yes	plasma_membrane	0.826597261182268	0.0517336662284031	1.30520848319622	2.14434267720576e-07	TbID
Raf1S259F	CORO1A	TbID	yes	plasma_membrane	0.76584619784167	0.0614193031388902	1.18053589410256	8.7081261812825e-08	TbID
BrafG469A	CORO1A	TbID	yes	plasma_membrane	0.691297458916478	0.0920352612895531	0.984501685019242	7.72983502521973e-07	TbID
MEK2DD	CORO1A	TbID	yes	plasma_membrane	0.620519830681904	0.121001798138122	1.27094424003441	8.02732622669425e-08	TbID
Raf1S257L	CORO1A	TbID	yes	plasma_membrane	0.429982760391985	0.323352221406337	1.20462886389021	2.54097344919682e-07	TbID
HrasG13R	CORO1A	TbID	yes	plasma_membrane	0.850167477060479	0.0693878193412176	0.781683398608532	4.29764372221321e-05	TbID
HrasG13R	CORO1B	TbID	no	actin_cytoskeleton	0.272648729125222	0.0796284061471582	1.09789883113811	3.64778714691727e-07	TbID
Raf1D486A	CORO1B	TbID	no	actin_cytoskeleton	0.220658951940771	0.108432307280048	1.06078502567485	5.44193123425902e-07	TbID
HrasQ61R	CORO1B	TbID	no	actin_cytoskeleton	0.153060983305582	0.319592234931483	1.00012471317127	8.77657683752947e-07	TbID
Raf1D486A	CORO1C	TbID	no	actin_cytoskeleton	0.237932623818528	0.285067323973226	0.957528195270887	1.79907723426816e-06	Both
HrasQ61R	CORO1C	TbID	no	actin_cytoskeleton	0.257007788074689	0.255675860537921	1.05010819957237	1.93081196825849e-06	Both
HrasS17N	CORO1C	AP-MS	no	actin_cytoskeleton	1.30115667955354	3.60943567516369e-05	0.0620566076296908	0.575389601128215	Both
HrasG13R	CORO1C	TbID	no	actin_cytoskeleton	0.160933042953248	0.460714671403315	0.92927916536919	7.50650438877037e-06	Both
MEK2DD	CORO1C	shared	no	actin_cytoskeleton	0.718812504506394	0.0022356794227529	0.883684128956282	3.25561224319547e-06	Both
ArafWT	CORO2A	shared	no	actin_cytoskeleton	1.52724019222905	2.54544472891535e-06	0.530111688741549	2.20299825100471e-07	Both
NrasWT	CORO2A	shared	no	actin_cytoskeleton	1.19564242157298	0.000244994759494224	0.125787209301612	0.0294680337124458	Both
NrasQ61K	CORO2A	shared	no	actin_cytoskeleton	1.4258373945766	2.53023830006294e-05	0.231741304466189	0.0023651541415656	Both
HrasWT	CORO2A	shared	no	actin_cytoskeleton	1.59969489998456	1.10906353402672e-05	0.131832415884966	0.0465454688845707	Both
ERK2AA	CORO2A	shared	no	actin_cytoskeleton	2.060250296449	7.87730570002909e-07	0.449807360143332	5.13815607998271e-06	Both
HrasS17N	CORO2A	core	no	actin_cytoskeleton	3.18552979155803	2.18371786564596e-08	1.0380037805767	1.29238166726219e-09	Both
MEK1WT	CORO2A	AP-MS	no	actin_cytoskeleton	1.14701261582748	0.000359651381885211	0.0788227571641434	0.181021638292364	Both
NrasQ61R	CORO2A	shared	no	actin_cytoskeleton	1.57720724126522	5.620010008745e-06	0.272643555714923	0.000614091651681901	Both
BrafG469A	CORO2B	TbID	no	NA	0.776363676855511	0.139352454071103	1.12109048516393	9.88404203958974e-11	Both
NrasQ61R	CORO2B	shared	no	NA	1.51498464525547	0.00885187510042279	0.127719680917019	0.0224640458930147	Both
BrafV600E	CORO2B	TbID	no	NA	0.948691918423972	0.0807976788855798	0.971246013233137	1.07618687668606e-10	Both
KrasG12V	CPE	TbID	yes	early_endosome	0.127171397866927	0.442132311421622	0.831164517441248	0.0367440599471877	TbID
MEK2DD	CPEB3	TbID	no	NA	-0.767799679754988	0.0780271292073861	1.15889791128691	4.1840781960663e-10	TbID
NrasQ61R	CPLX1	TbID	yes	NA	NA	NA	0.94786760613389	1.38014679801566e-05	TbID
MEK2DD	CPLX1	TbID	yes	NA	NA	NA	1.23557871178457	2.64876771507991e-07	TbID
NrasQ61R	CPLX2	TbID	yes	NA	NA	NA	0.952547528647566	0.0139945416392027	TbID
BrafG469A	CPM	TbID	no	NA	NA	NA	1.2315281018883	0.000103252515571984	TbID
MEK1DD	CPM	TbID	no	NA	NA	NA	1.05948266453513	0.000442248508365164	TbID
KrasWT	CPNE5	TbID	no	NA	NA	NA	0.830227234148169	3.17312150988374e-05	TbID
Raf1D486A	CPNE8	AP-MS	no	plasma_membrane	2.89346331296819	1.88558187190622e-05	-0.0705616277751345	0.16899228896974	AP-MS
ArafS214P	CPNE8	AP-MS	no	plasma_membrane	2.10986382190178	0.00118485376220108	0.083773185606681	0.136360271158726	AP-MS
ArafD447A	CPNE8	AP-MS	no	plasma_membrane	2.62793617883259	4.71925431782303e-05	-0.34181991211817	7.91779975048851e-06	AP-MS
BrafD594N	CPNE8	AP-MS	no	plasma_membrane	1.90775976211493	0.00224843879779492	0.0928624887134816	0.0821654496104087	AP-MS
HrasS17N	CPT1A	shared	yes	ER	0.829076377896872	1.06050865089187e-05	0.805825100027363	9.57659012009806e-07	TbID
ArafD447A	CPTP	TbID	no	cytosol	0.291247132698564	0.0989752103710693	0.852273567158105	4.98833403446758e-06	TbID
Raf1WT	CPTP	TbID	no	cytosol	0.358487632910777	0.0608485426448085	0.845129211908241	4.95089237149896e-06	TbID
ERK2DD	CPTP	TbID	no	cytosol	-0.11614409037642	0.539291283439009	0.84071992170629	8.21090811922271e-06	TbID
NrasQ61R	CPVL	core	no	lysosome	1.24348646970929	8.89554197064869e-08	0.846284104248351	4.60757353720841e-07	Both
Raf1S257L	CRABP2	TbID	no	cytosol	0.343664983272139	0.319300923330418	0.938434199826978	8.71942083436457e-06	TbID
HrasS17N	CRABP2	TbID	no	cytosol	0.287594232681994	0.478970185462094	1.3200693428803	0.00111816403412276	TbID
BrafG469A	CRABP2	TbID	no	cytosol	0.318111502305344	0.458311864274135	1.07547266543478	3.05063193801155e-06	TbID
HrasG13R	CRABP2	TbID	no	cytosol	0.570262905551344	0.100484597597569	1.18067600902387	5.14005499350686e-06	TbID
Raf1S259F	CRABP2	TbID	no	cytosol	0.55322775350056	0.070567375133848	1.29181232574709	1.95617244826526e-06	TbID
HrasQ61R	CRABP2	TbID	no	cytosol	0.342573275443614	0.36429505215397	1.73069413724541	1.0599392151262e-07	TbID
MEK1DD	CRACDL	AP-MS	no	NA	1.17873015644937	0.0196414999921041	NA	NA	AP-MS
BrafV600E	CRACDL	AP-MS	no	NA	1.36331021686833	0.00700982607252871	NA	NA	AP-MS
ArafS214P	CRACDL	AP-MS	no	NA	1.27055817756925	0.0078350412149126	NA	NA	AP-MS
Raf1S259F	CRACDL	AP-MS	no	NA	1.23080761775428	0.0110624971514768	NA	NA	AP-MS
HrasG13R	CRACDL	AP-MS	no	NA	1.12530573466429	0.0284508618784166	NA	NA	AP-MS
MEK1DD	CRCP	TbID	no	cytosol	0.256348091418652	0.401623683109327	0.990677160052017	2.01555922517373e-06	TbID
NrasQ61K	CRIP2	shared	no	plasma_membrane	1.21926821121798	0.000112726811066468	0.282098411861718	0.00833896240322193	Both
NrasQ61R	CRIP2	core	no	plasma_membrane	1.31757818822033	0.0001281249912512	1.91408753815802	4.61731870498187e-10	Both
NrasS17N	CRIP2	shared	no	plasma_membrane	1.41442115553537	2.51749697714134e-05	0.542967208048711	8.26007967778575e-05	Both
ERK2AA	CRIP2	shared	no	plasma_membrane	1.54883467925575	9.353791301441e-06	0.47614255009254	0.000345397883464045	Both
HrasG13R	CRIP2	core	no	plasma_membrane	1.99590148717525	2.40301358595827e-05	1.12620801120871	1.67354365734019e-07	Both
Raf1S259F	CRIP2	core	no	plasma_membrane	1.68937321169619	4.41343736439237e-05	1.01715629519096	4.66923015650151e-08	Both
HrasS17N	CRIP2	shared	no	plasma_membrane	1.53576161491593	2.61874186343822e-06	0.430798751949583	0.000424249364958648	Both
MEK2DD	CRIP2	shared	no	plasma_membrane	0.400639567038667	0.0350155149639833	1.66543278193354	5.41671660332318e-10	Both
HrasS17N	CRMP1	shared	no	cytosol	1.60968197166172	4.34337305432317e-07	0.69225324164086	5.80565654298444e-07	Both
MEK1WT	CRMP1	shared	no	cytosol	0.502236950567076	0.0184323206265388	1.2989510518804	3.69867652171111e-10	Both
MEK2AA	CRMP1	TbID	no	cytosol	0.230496725964385	0.265993483531198	1.39558267599293	2.72573945242467e-10	Both
Raf1S257L	CRMP1	shared	no	cytosol	1.0096241906528	1.43359329317514e-05	1.19357117633085	1.10080071251069e-09	Both
NrasS17N	CRMP1	core	no	cytosol	1.07600416103381	6.96154722860209e-05	1.16059840247922	4.63785098380118e-08	Both
HrasG13R	CRMP1	shared	no	cytosol	0.512098974758326	0.0111459942392716	0.979242607030329	1.24968554422996e-07	Both
NrasQ61K	CRMP1	shared	no	cytosol	0.602933206963064	0.00241408527154777	0.932038945721965	1.38436457237609e-07	Both
ERK2AA	CRMP1	core	no	cytosol	1.05958781098461	3.73405576066769e-05	1.30717164966816	6.63117388454569e-09	Both
ERK1WT	CRMP1	core	no	cytosol	1.01242433699235	6.74867139736807e-05	1.17814330523939	8.4067728278562e-09	Both
BrafD594N	CRMP1	shared	no	cytosol	0.524333806116973	0.00800969750157846	0.96212240935446	1.95213935766974e-08	Both
ERK2WT	CRMP1	shared	no	cytosol	0.801075854889235	0.000497789412162569	1.11246206938331	1.16568527355848e-08	Both
ERK1DD	CRMP1	shared	no	cytosol	0.700954921885197	0.00231861184325746	1.09458734595128	3.33512619841889e-08	Both
NrasQ61R	CRMP1	core	no	cytosol	1.92895285173633	1.41487065792322e-07	2.5622528813234	1.7166999544199e-12	Both
MEK2DD	CRMP1	TbID	no	cytosol	0.258048467496663	0.111669481957233	1.60307258992831	9.37156033997801e-11	Both
ERK2DD	CRMP1	core	no	cytosol	0.990675456071785	3.53471331344529e-05	0.869059736775431	1.83503938024402e-07	Both
ERK1AA	CRMP1	core	no	cytosol	0.972486273023983	5.54209264051676e-05	1.32966452920274	6.50419924021471e-09	Both
ArafWT	CRTAP	shared	yes	ER	2.43014935498578	3.87606712583526e-10	0.231591311560062	0.00684927463177586	Both
ArafD447A	CRTAP	shared	yes	ER	2.29548324794805	4.19557509646321e-10	0.404909156818775	8.14828155012167e-05	Both
KrasWT	CRTAP	TbID	yes	ER	-0.0130016514797848	0.868747604277427	0.802581101913852	3.7665782549088e-06	Both
ArafS214P	CRTAP	shared	yes	ER	2.75606141251346	4.32154303531247e-08	0.307242321600816	0.00088835070834043	Both
NrasQ61R	CRTC1	shared	no	14-3-3_scaffold	1.00762047636363	0.00192028712014532	0.472646056832941	2.93092365788005e-05	AP-MS
MEK2DD	CRYZ	TbID	no	mitochondrion	-0.770400971574565	0.00038635135126596	0.9684382555271	1.40630843037572e-09	TbID
HrasG13R	CS	TbID	no	mitochondrion	0.0934153876594149	0.55800745716763	0.878829756147805	5.34600333694609e-07	TbID
MEK2DD	CSDE1	TbID	no	stress_granule	-0.139353167310307	0.32222779656426	1.101584774982	9.44797621882533e-10	TbID
MEK1WT	CSDE1	TbID	no	stress_granule	0.0587446032302566	0.801065352857876	0.890906751261547	5.33928994530878e-09	TbID
MEK2AA	CSDE1	TbID	no	stress_granule	-0.0910415510516515	0.632554185399457	1.04730993113269	9.94656135395621e-10	TbID
HrasS17N	CSF1	shared	yes	NA	1.17849908259262	3.15535447190165e-05	0.642953196734004	0.000790217596267429	AP-MS
MEK2DD	CSGALNACT2	AP-MS	no	NA	1.21653976925202	1.19788450676546e-05	0.359502756945786	0.10055241088054	AP-MS
BrafG469A	CSNK1G3	TbID	no	recycling_endosome	0.192255232566872	0.0868285776307854	0.870439841353426	1.55440264425858e-07	TbID
ArafWT	CSNK2B	AP-MS	yes	cytosol	2.13845095806517	1.52518698937196e-09	-0.383167593801886	0.00585523701922315	AP-MS
ArafS214P	CSNK2B	AP-MS	yes	cytosol	1.91944854613477	1.49770393306627e-07	-0.0971439809768787	0.445117384710323	AP-MS
Raf1S257L	CSPG4	shared	no	plasma_membrane	1.47855986060499	1.3914537812205e-08	1.13790640893348	0.0013708825951559	Both
KrasS17N	CSPG4	shared	no	plasma_membrane	0.246023772422493	0.00884852516052114	0.940966530533295	8.19026646376892e-09	Both
MEK2DD	CSPG4	shared	no	plasma_membrane	2.09141425120928	1.0796866495383e-09	1.17625063088215	0.000782930099674954	Both
BrafG469A	CSPG4	core	no	plasma_membrane	2.87591586417406	5.33578420774269e-11	1.9467841437967	6.95589033105229e-06	Both
HrasWT	CSPG4	AP-MS	no	plasma_membrane	1.24009950503772	4.3810130220274e-07	-0.0508941130486866	0.900965370096685	Both
NrasQ61R	CSPG4	AP-MS	no	plasma_membrane	1.08971766538271	8.50911610057417e-07	-0.163554409313201	0.608937923522316	Both
HrasS17N	CSPG4	core	no	plasma_membrane	2.80563092834463	5.10269177190411e-10	1.86596413389728	1.14682378464045e-05	Both
NrasS17N	CSPG4	AP-MS	no	plasma_membrane	1.23085788273307	4.89605600168783e-06	0.15788662324678	0.606042847582396	Both
BrafV600E	CSPG4	shared	no	plasma_membrane	2.05622490364945	1.12286033742615e-09	1.1443208861722	0.000732898488279986	Both
MEK1DD	CSPG4	shared	no	plasma_membrane	1.85290733629655	6.03333967193593e-09	0.866949474066004	0.00771045830902319	Both
ERK2AA	CSPG4	AP-MS	no	plasma_membrane	1.69629224726072	6.85657575728202e-08	0.561742356383888	0.0850092014146788	Both
Raf1S259F	CSPG4	core	no	plasma_membrane	2.41432953127471	2.01604383047842e-09	2.18333236975122	2.24681782123794e-06	Both
HrasG13R	CSPG4	AP-MS	no	plasma_membrane	1.1904824343144	3.90455785774543e-06	-0.0251616659156699	0.940235110463814	Both
ERK1WT	CSPG4	AP-MS	no	plasma_membrane	1.17689168647891	1.00310423722175e-06	-0.160851223089329	0.653352231968138	Both
KrasG12D	CSPG4	TbID	no	plasma_membrane	0.0804672907863573	0.223912824189259	0.773274760146876	4.88606772555055e-06	Both
KrasG12V	CSPG4	shared	no	plasma_membrane	0.201294980053369	0.00556109446304713	0.840398103460613	1.06196249066498e-06	Both
KrasG12V	CSPG5	shared	no	plasma_membrane	0.665002427546016	4.15007395472729e-06	0.9557870306033	1.06356584220782e-06	Both
NrasQ61R	CSPG5	shared	no	plasma_membrane	1.04680632473894	2.60890168901762e-05	0.885996254621283	0.00243919460282689	Both
KrasG12D	CSPG5	shared	no	plasma_membrane	0.484029072306354	0.00014320643548759	0.878732079321667	1.24293676088211e-05	Both
KrasS17N	CSPG5	shared	no	plasma_membrane	0.46958495723705	0.00030583225621298	0.977214941232326	2.21052461931863e-07	Both
HrasS17N	CSPG5	shared	no	plasma_membrane	1.1363635050711	1.74392509446746e-05	1.24101569745455	8.23571688698327e-05	Both
Raf1S259F	CSRNP1	AP-MS	no	NA	1.19608440328501	0.00162029914595532	NA	NA	AP-MS
ERK1DD	CSRP1	core	no	NA	2.73280886903551	3.76890936343706e-05	1.38144586482209	1.87329919255152e-05	Both
MEK2DD	CSRP1	core	no	NA	2.83648587215252	3.00896642748266e-06	2.59830958371188	3.29061904715723e-09	Both
BrafG469A	CSRP1	core	no	NA	3.95073057106941	2.37755972655514e-07	2.41858388610318	5.09132241797549e-09	Both
ERK2AA	CSRP1	core	no	NA	4.04477055892117	6.0919865856297e-07	2.33167577287591	6.17839188693369e-08	Both
Raf1D486A	CSRP1	core	no	NA	4.31553034718559	6.09114155090366e-08	2.32918964506246	2.58282209759983e-08	Both
BrafWT	CSRP1	core	no	NA	3.79098737265003	3.47722261910182e-07	2.44780203201804	1.10185027442494e-08	Both
NrasS17N	CSRP1	core	no	NA	3.64473612244751	2.554302357985e-06	2.14780744178645	2.42550686970259e-07	Both
HrasWT	CSRP1	core	no	NA	3.64130436243178	7.93893801224573e-07	2.61162559619762	6.40976224093438e-08	Both
NrasQ61K	CSRP1	core	no	NA	4.12380795379676	3.0869521485581e-07	2.48432028257294	7.71657498684446e-08	Both
MEK2AA	CSRP1	core	no	NA	2.95131850912157	1.1900877236632e-05	2.16930902537072	2.22517979631118e-08	Both
Raf1WT	CSRP1	core	no	NA	2.61248201375487	1.28030380422773e-05	2.02174717319373	5.45155053190584e-08	Both
NrasQ61R	CSRP1	core	no	NA	3.13971244624731	4.01592022881236e-06	2.32433088378399	4.7284504068181e-08	Both
Raf1S259F	CSRP1	core	no	NA	3.43955561986517	6.10671206567215e-06	2.45053939449438	5.88920937456385e-09	Both
BrafD594N	CSRP1	core	no	NA	2.71148896932928	1.52597187247688e-05	1.62679643515902	7.76826514522644e-07	Both
ERK1WT	CSRP1	core	no	NA	2.37683355519338	6.17610334702078e-05	1.68420017495949	2.26235423193943e-06	Both
KrasG12D	CSRP1	shared	no	NA	0.818207234648199	1.05024934975883e-05	0.530301197552605	0.000253232341618453	Both
ArafS214P	CSRP1	core	no	NA	4.04552769932488	5.66861572921189e-07	2.65022674786477	3.03332349757446e-09	Both
MEK1WT	CSRP1	core	no	NA	2.36543728193838	0.000159650200636133	1.61134843362106	4.34756822762033e-07	Both
MEK1DD	CSRP1	core	no	NA	3.74899482307252	3.67217800004535e-07	2.40125876057161	8.56520658891836e-09	Both
MEK1AA	CSRP1	core	no	NA	1.90782693935626	0.00111474150015103	1.03218544606078	4.34764363820521e-05	Both
ArafWT	CSRP1	core	no	NA	2.50896300321755	9.20547726542686e-06	2.09896110908352	3.76363943966019e-08	Both
NrasWT	CSRP1	core	no	NA	3.44278934852049	6.34179507398969e-06	2.41595600546311	1.6329267731443e-07	Both
HrasG13R	CSRP1	core	no	NA	4.90773331699192	1.67842204225984e-06	2.40809637203653	5.49012639869959e-08	Both
Raf1S257L	CSRP1	core	no	NA	3.46254789960826	2.06824940776177e-07	2.3497835495974	1.09261038757418e-08	Both
HrasQ61R	CSRP1	core	no	NA	4.20540300149153	1.5874749234562e-06	2.40877581043988	6.83456538742454e-08	Both
ERK1AA	CSRP1	core	no	NA	3.9723144258627	6.03079872319652e-07	2.43169202600982	3.74982017769521e-08	Both
HrasS17N	CSRP1	core	no	NA	3.53644415334121	5.67055285712796e-07	2.28104272052903	2.21281461006902e-08	Both
HrasS17N	CSTB	shared	yes	cytosol	0.679845500929211	0.00177347377403089	0.829406967474399	0.000492797697176894	TbID
ERK2WT	CTBP2	AP-MS	no	unclassified	0.979081446449369	2.17170793541492e-05	0.00577046209525915	0.909526747163377	AP-MS
ERK1DD	CTDSP1	TbID	no	NA	-0.125903789157931	0.807137290747446	0.894403281918069	0.00238603686979294	Both
ArafS214P	CTDSP1	TbID	no	NA	0.093383123981979	0.831571285648735	0.840880464208005	0.00237404624160502	Both
ERK1WT	CTDSP1	TbID	no	NA	-0.186061466472591	0.6753821052743	0.947396969485737	0.00697137773255064	Both
MEK2AA	CTDSP1	TbID	no	NA	-0.291573119511342	0.567126151630365	1.39898013525561	1.72837005125836e-05	Both
NrasQ61R	CTDSP1	shared	no	NA	1.15002376123585	0.00752335301007098	0.752936552776678	0.00423285060942049	Both
MEK2DD	CTDSP1	TbID	no	NA	0.0610927647660696	0.878921481545295	0.919714499792582	0.000513510154043197	Both
HrasWT	CTDSP2	TbID	no	NA	-0.112462974865238	0.736213102774873	0.784682629605637	9.44444624788511e-07	Both
HrasG13R	CTDSP2	TbID	no	NA	-0.528386245219581	0.0866676821698777	1.37874155920573	4.53976536159077e-09	Both
HrasQ61R	CTDSP2	TbID	no	NA	-0.357731876799011	0.319269987431886	1.372494524347	5.2356968253936e-09	Both
MEK2DD	CTDSP2	shared	no	NA	1.69142824250097	1.81259443265429e-05	0.240168698638991	0.00141600855426045	Both
KrasS17N	CTDSP2	TbID	no	NA	NA	NA	0.911390343230019	2.48691257562126e-06	Both
ArafS214P	CTDSP2	TbID	no	NA	0.0937324160564068	0.824578710845772	1.11933692143013	2.81637196556914e-08	Both
KrasG12V	CTDSP2	TbID	no	NA	NA	NA	0.793456891977298	1.24451152367868e-05	Both
KrasG12D	CTDSP2	TbID	no	NA	NA	NA	0.865406942401846	3.65300606332149e-06	Both
NrasQ61R	CTSB	shared	yes	lysosome	1.20378074544778	1.26369923925251e-05	0.200439850154702	0.0146486026172067	Both
KrasG12D	CTSB	TbID	yes	lysosome	-0.0149509552822824	0.860640803162064	0.827227368188838	8.66145080940956e-06	Both
KrasS17N	CTSH	AP-MS	yes	lysosome	1.05276332589203	0.0403300927330851	NA	NA	AP-MS
Raf1S259F	CTSV	TbID	no	lysosome	0.246057409961934	0.73160948290657	0.880200153647805	0.00339893470836539	TbID
HrasG13R	CTSV	TbID	no	lysosome	0.722589924802535	0.249600105897444	0.873362984332046	0.00623332119802762	TbID
MEK2DD	CTTN	TbID	yes	actin_cytoskeleton	-0.897850360742791	0.0636167828957094	0.971325528087399	4.1351470624134e-07	TbID
MEK2DD	CTTNBP2NL	TbID	no	actin_cytoskeleton	0.238247763934324	0.0597369021364955	1.14651227195714	8.33747385661795e-10	TbID
Raf1S259F	CUL3	TbID	yes	early_endosome	-0.0593594936536559	0.762285626246299	0.878153168478175	4.58821543700302e-05	TbID
Raf1D486A	CUL7	shared	yes	plasma_membrane	1.40825641592109	2.28976814769268e-08	0.489137883581892	1.39351208934902e-05	AP-MS
Raf1WT	CUL7	shared	yes	plasma_membrane	1.75351847329329	4.5939675049679e-09	0.337686165138588	0.000932811882204791	AP-MS
ArafS214P	CUL7	shared	yes	plasma_membrane	1.64209050944316	6.37443590750971e-07	0.299092770351008	0.000881733661149438	AP-MS
BrafD594N	CUL7	AP-MS	yes	plasma_membrane	1.31616422410741	1.3284964422066e-07	0.0905750839435404	0.248274153607798	AP-MS
Raf1S259F	CUL7	AP-MS	yes	plasma_membrane	1.68276226188294	8.11852729296341e-06	-0.0656714840012502	0.358085523870051	AP-MS
Raf1S257L	CUL7	AP-MS	yes	plasma_membrane	1.89822134614393	3.23396725115986e-10	-0.0576034100018428	0.449778601840184	AP-MS
ArafWT	CUL7	shared	yes	plasma_membrane	1.40571994763307	1.16712365917689e-08	0.195499057033813	0.0179629667321534	AP-MS
Raf1D486A	CUL9	TbID	no	cytosol	0.645509076171555	0.213076179836604	1.00921764668453	2.0131223814679e-07	TbID
MEK2DD	CXCR4	shared	yes	NA	1.95455257024929	4.84127874143743e-06	0.574631408358696	0.00145190689589717	Both
BrafG469A	CXCR4	shared	yes	NA	0.810911221470733	0.00515049540209014	1.26999759758944	5.47556513841961e-07	Both
NrasQ61R	CXCR4	AP-MS	yes	NA	1.06284416732891	0.000695463600594643	0.236407338158724	0.126328433477972	Both
Raf1S259F	CXCR4	TbID	yes	NA	0.384853124498659	0.133842015197517	1.07805616226893	3.00649978904689e-06	Both
HrasS17N	CXorf38	shared	no	cytosol	0.771324592578045	1.06651243816017e-05	0.814112702750297	2.10635714095313e-06	TbID
MEK2DD	CYB5R3	AP-MS	yes	ER	1.08090088754291	0.000873949051268474	-0.135012797768258	0.0372521556861151	AP-MS
MEK2DD	CYB5R4	TbID	yes	cytosol	0.513909294769626	0.116911900836773	0.951785214082004	5.48520159368331e-09	TbID
BrafG469A	CYBA	TbID	yes	NA	-0.391216421790654	0.101791184996392	1.00101937722974	5.97868639921141e-08	TbID
ERK2DD	CYBA	TbID	yes	NA	-0.565469838802859	0.0177716129153086	1.03697918124001	3.26772261384474e-07	TbID
NrasWT	CYBA	TbID	yes	NA	-0.0284723830875994	0.937752067467579	0.917438893070683	1.45036739493638e-06	TbID
HrasS17N	CYP26A1	TbID	no	NA	NA	NA	0.933854498370034	0.00421112809971139	TbID
Raf1S259F	CYP26A1	TbID	no	NA	NA	NA	0.869765060911946	0.00541986251278787	TbID
Raf1D486A	CYP27B1	TbID	yes	NA	NA	NA	1.09305017968909	2.0911632398972e-05	TbID
NrasQ61R	CYP27C1	shared	no	nucleus	0.950918223143867	0.00292784730220246	0.786203295341696	3.27974702418152e-07	TbID
KrasWT	CYP2C19	TbID	yes	NA	NA	NA	1.61644001696776	0.0229960878345584	TbID
KrasS17N	CYP2C19	TbID	yes	NA	NA	NA	1.62901419989247	0.0183886895543997	TbID
ERK2AA	CYP2S1	AP-MS	no	NA	1.06720526224938	0.00071536768594783	-0.00353782221731953	0.960567584763391	AP-MS
HrasS17N	CYP2S1	shared	no	NA	1.4429809247613	2.71934011468897e-05	0.656049501944328	6.52642123768986e-08	AP-MS
NrasQ61R	CYP2S1	AP-MS	no	NA	1.34854297236672	0.000182369754688554	-0.11845476340824	0.0454972349289996	AP-MS
KrasG12D	CYP4X1	TbID	no	NA	-0.178856538468057	0.0158057081985473	0.922695156336513	4.17321596847202e-06	TbID
KrasG12V	CYP4X1	TbID	no	NA	-0.24860936241965	0.00236721549402356	0.77008270635927	9.54323994827812e-06	TbID
BrafG469A	CYP51A1	shared	no	ER	0.33193578594373	0.00304273278539952	1.0002052764239	1.80051388121591e-08	TbID
MEK1DD	CYP51A1	shared	no	ER	0.333888473949003	0.00440956983613514	0.898618314318145	2.92960688970568e-08	TbID
MEK2DD	CYTH2	shared	no	NA	0.707705489096607	0.00764916546138565	1.32649139398262	1.71835655465069e-10	TbID
NrasQ61R	CYTH3	shared	no	NA	1.10879491401415	0.000208245419399409	0.496537213065451	0.000160227101797029	AP-MS
ERK1WT	DACH2	AP-MS	no	NA	1.581989637963	4.57897651303983e-05	NA	NA	AP-MS
ERK1AA	DACH2	AP-MS	no	NA	1.59729378326203	1.45840052870652e-05	NA	NA	AP-MS
ArafWT	DACH2	AP-MS	no	NA	1.85011721487261	5.07147610810673e-06	NA	NA	AP-MS
KrasWT	DAD1	TbID	no	ER	0.154692533797878	0.0936635841553586	1.01093468154501	2.07574298142356e-05	Both
KrasG12D	DAD1	TbID	no	ER	0.199134309111605	0.110975662636313	0.80847744022714	0.000306401677172837	Both
BrafG469A	DAD1	TbID	no	ER	0.192295669462954	0.542113764362523	0.955951645358689	1.40879894924265e-06	Both
KrasG12V	DAD1	TbID	no	ER	0.127378930042285	0.0929952889208838	0.80747510682709	2.20665290105616e-05	Both
MEK2DD	DAD1	AP-MS	no	ER	1.16367072401138	0.000855570661855151	0.0716011450276395	0.57769061778428	Both
ArafWT	DBF4	AP-MS	no	NA	1.8089939076292	0.0323680201601391	-0.725331913659931	0.0262785098521944	AP-MS
MEK2DD	DBNL	TbID	no	actin_cytoskeleton	-0.409236016393076	0.000443479616960622	0.872547769832686	1.35046873686601e-07	TbID
ArafD447A	DBT	TbID	yes	mitochondrion	-0.0184966119186876	0.897391984565893	1.45490508277113	2.49856286602648e-05	TbID
HrasG13R	DBT	TbID	yes	mitochondrion	0.261018770048968	0.173801246284641	1.41830707120601	5.1768842078905e-05	TbID
ArafWT	DCAF1	AP-MS	no	cytosol	1.84270028106288	1.3877506720422e-09	0.0480484195507307	0.609804274942983	AP-MS
ArafS214P	DCAF1	shared	no	cytosol	2.56668829141979	1.90585871160792e-09	0.164946245516264	0.0490050368657084	AP-MS
ArafD447A	DCAF1	AP-MS	no	cytosol	1.64970772194669	6.85505954161754e-09	0.158472579359572	0.0915981546622939	AP-MS
Raf1S259F	DCAF1	shared	no	cytosol	2.10751512292289	6.24583813457754e-08	0.269114520006372	0.00161636115779783	AP-MS
Raf1S257L	DCAF1	shared	no	cytosol	1.63486436274971	3.12765899853942e-09	0.264956751963919	0.00317314026672199	AP-MS
BrafG469A	DCAF15	TbID	no	cytosol	-0.0961323468143083	0.576783207535287	1.0032819084973	1.48144597676008e-09	TbID
BrafV600E	DCAF15	TbID	no	cytosol	0.161408458886325	0.269875875010823	0.860518298121367	6.00334851448793e-09	TbID
KrasG12D	DCAF16	shared	no	cytosol	1.11930474434354	4.52605751495713e-07	0.339491010609503	0.0115893895460113	AP-MS
KrasS17N	DCAF16	shared	no	cytosol	1.14361345054662	2.53734055076447e-06	0.458376176268443	0.00108291588946314	AP-MS
KrasG12V	DCAF16	shared	no	cytosol	0.995723946993268	2.18187340122196e-07	0.338708419675577	0.0188528970861288	AP-MS
KrasWT	DCAF16	shared	no	cytosol	1.00005878503899	4.33426163143433e-06	0.477442656064591	0.0021128053697231	AP-MS
ArafS214P	DCAF5	AP-MS	no	cytosol	1.18222263638785	9.40029839421468e-07	-0.262299420977406	0.00314667386244257	AP-MS
Raf1S259F	DCAF5	AP-MS	no	cytosol	1.65466022415543	3.06204191487745e-07	-0.0967058083803635	0.228659710040937	AP-MS
Raf1S257L	DCAF5	AP-MS	no	cytosol	1.50760970244919	9.25357426820613e-09	-0.158811456160152	0.0611174954827294	AP-MS
MEK2DD	DCAF6	AP-MS	no	cytosol	0.990224970188123	2.05142576332001e-05	-0.237993368628501	0.10088521642287	AP-MS
ArafWT	DCAF8	shared	yes	unclassified	1.44779308712417	1.66129572755482e-06	0.224505122111119	0.00628924591931845	AP-MS
Raf1D486A	DCAF8L1;DCAF8L2	AP-MS	no	NA	2.38642642336074	2.9979690819845e-06	NA	NA	AP-MS
ArafD447A	DCAF8L1;DCAF8L2	AP-MS	no	NA	2.45478521985725	2.30675249437888e-06	NA	NA	AP-MS
Raf1S259F	DCAF8L1;DCAF8L2	AP-MS	no	NA	2.33849289612349	1.57776638912902e-05	NA	NA	AP-MS
BrafD594N	DCAF8L1;DCAF8L2	AP-MS	no	NA	1.31085726934566	0.00247707275965296	NA	NA	AP-MS
Raf1S257L	DCAF8L1;DCAF8L2	AP-MS	no	NA	2.41693881398668	1.48370453633117e-06	NA	NA	AP-MS
ArafWT	DCAF8L1;DCAF8L2	AP-MS	no	NA	2.11666733901692	1.5208185354552e-05	NA	NA	AP-MS
ArafS214P	DCAF8L1;DCAF8L2	AP-MS	no	NA	2.06129728334349	0.000171390758646688	NA	NA	AP-MS
ERK2WT	DCAF8L1;DCAF8L2	AP-MS	no	NA	1.02960810871641	0.00660844143580236	NA	NA	AP-MS
Raf1WT	DCAF8L1;DCAF8L2	AP-MS	no	NA	2.10259659914824	1.78302509742097e-05	NA	NA	AP-MS
Raf1D486A	DCAKD	TbID	no	ER	-0.212899097859069	0.431050937648635	0.964852257582925	3.30495587477934e-07	TbID
Raf1S259F	DCBLD2	TbID	no	plasma_membrane	NA	NA	0.858974833758965	0.000481858230770965	TbID
ArafS214P	DCBLD2	TbID	no	plasma_membrane	NA	NA	1.00589403498186	0.000117753396470888	TbID
KrasG12V	DCD	TbID	no	NA	0.285343005762273	0.412740492268737	1.07267844258497	0.00224434077659211	TbID
KrasWT	DCD	TbID	no	NA	0.529673967180043	0.0701653275856899	1.0933435763204	0.000992447254204619	TbID
HrasS17N	DCD	TbID	no	NA	-0.0381885164931023	0.910935119697242	0.833452861952439	0.0437801939112884	TbID
ERK2DD	DCLK1	AP-MS	no	nucleus	1.08977986500047	3.07029624444703e-05	-0.131779000227457	0.0411558886400507	AP-MS
HrasS17N	DCLK1	AP-MS	no	nucleus	1.13771282654962	2.2258578525075e-05	-0.0292972428664812	0.496872104701855	AP-MS
ERK1WT	DCLK1	AP-MS	no	nucleus	0.99436197500392	0.0001617964213442	-0.166360410442531	0.0213894176081728	AP-MS
NrasQ61R	DCLK1	shared	no	nucleus	1.20984869298071	1.70986688197637e-05	0.117648463972007	0.0135923309856237	AP-MS
MEK2AA	DCTN2	TbID	no	unclassified	0.187539045652687	0.168143415838388	1.08230982609888	4.79872917919363e-09	TbID
BrafG469A	DCUN1D3	TbID	no	NA	NA	NA	1.58117307623781	5.35538472233277e-08	TbID
MEK1DD	DCUN1D3	TbID	no	NA	NA	NA	0.980887490260938	7.29030938633864e-06	TbID
Raf1S259F	DCUN1D3	TbID	no	NA	NA	NA	1.0151647359711	1.15202625093182e-06	TbID
BrafV600E	DCUN1D3	TbID	no	NA	NA	NA	1.27431939463964	2.97861513499873e-07	TbID
KrasG12V	DCUN1D4	AP-MS	no	unclassified	0.824734154870258	0.00936338553023519	0.0673111355108276	0.646751928266946	AP-MS
KrasG12D	DCUN1D4	AP-MS	no	unclassified	0.731087371536031	0.020888403982473	0.0649770357104984	0.681071535496594	AP-MS
KrasWT	DCXR	TbID	yes	mitochondrion	-0.0429911070658999	0.482120318580653	0.795277259109408	1.2833780203643e-05	TbID
ArafD447A	DDB1	shared	yes	unclassified	1.33724750917487	6.15278392120355e-07	0.357938459446796	0.0410756809716695	AP-MS
MEK2DD	DDRGK1	TbID	yes	ER	-0.338682763684491	0.429446212164396	1.25871816444072	3.91045638957361e-10	TbID
MEK2WT	DDRGK1	TbID	yes	ER	-0.403348350861239	0.51668032843764	0.908753632624584	8.34586955414176e-09	TbID
MEK1WT	DDRGK1	TbID	yes	ER	-0.285391654989591	0.683191269238093	1.00618096655394	4.29190153070561e-09	TbID
MEK2AA	DDRGK1	TbID	yes	ER	-0.457197784920889	0.429618478117595	0.960175146294311	2.93207725472452e-09	TbID
MEK2AA	DDT	TbID	no	cytosol	NA	NA	0.881321448356635	4.31748099209704e-07	TbID
BrafD594N	DELE1	AP-MS	no	NA	2.09965130720711	1.85743643547605e-06	0.20683912804084	0.161274700685324	AP-MS
BrafV600E	DELE1	shared	no	NA	1.52633500107178	2.68241730241704e-05	0.489014168352403	0.0034096738697359	AP-MS
MEK2DD	DENND1B	TbID	no	NA	-0.612301273867106	0.0680394635084176	0.923739128213648	5.84911366500654e-09	TbID
Raf1S257L	DENND4C	AP-MS	no	early_endosome	1.16635881321094	7.13399888081048e-08	0.0305629467941576	0.638981787279669	AP-MS
NrasQ61R	DEPDC5	shared	yes	NA	1.64391186361921	1.04975112517051e-08	0.707492766404331	2.69707076338491e-05	AP-MS
ERK1DD	DEPTOR	AP-MS	no	unclassified	1.2739465800939	0.000157620190780392	NA	NA	AP-MS
NrasS17N	DEPTOR	AP-MS	no	unclassified	1.12462893282267	0.000138108337466295	NA	NA	AP-MS
ERK2DD	DEPTOR	AP-MS	no	unclassified	1.03522500960163	0.000136035424252669	NA	NA	AP-MS
HrasS17N	DEPTOR	AP-MS	no	unclassified	1.13460066654397	7.87431319087004e-05	NA	NA	AP-MS
NrasQ61R	DEPTOR	AP-MS	no	unclassified	1.67634084910222	3.20689884628285e-06	NA	NA	AP-MS
BrafG469A	DERL1	TbID	no	ER	-0.161036818618886	0.610290610345579	0.893036954616648	2.49353107980263e-07	TbID
HrasS17N	DERPC	AP-MS	no	nucleus	1.13152492614822	1.71629122209625e-05	NA	NA	AP-MS
NrasQ61K	DERPC	AP-MS	no	nucleus	1.35165306544616	2.87892501071746e-05	NA	NA	AP-MS
ERK2AA	DERPC	AP-MS	no	nucleus	1.57363783305036	3.02454966443842e-06	NA	NA	AP-MS
Raf1D486A	DFFB	TbID	no	cytosol	-0.0223113506371762	0.933997480475126	0.931904875559488	1.55035137178479e-08	TbID
ArafD447A	DFFB	TbID	no	cytosol	-0.179141706265661	0.388259950715406	0.958940190845643	9.32297676435867e-09	TbID
HrasS17N	DGAT1	shared	yes	ER	1.06581482491561	0.000142179443167439	0.343786778956366	0.0035866904843067	AP-MS
KrasG12V	DGKA	AP-MS	no	unclassified	1.00192266900427	7.28876581641307e-05	0.130789652553172	0.295679565987336	AP-MS
KrasS17N	DGKA	shared	no	unclassified	1.06159760911519	0.000258873018600627	0.454125739916267	0.00411631328645256	AP-MS
KrasG12D	DGKA	shared	no	unclassified	0.986877335404254	0.000235283566587044	0.269278554324769	0.0480703557866322	AP-MS
HrasS17N	DHCR24	TbID	yes	ER	-0.939543778222239	0.000163235641200683	0.940519776254599	4.10975354252169e-08	Both
NrasS17N	DHCR24	TbID	yes	ER	-0.111549376052657	0.637602259977576	0.826451434633494	6.14206027742305e-07	Both
MEK2DD	DHCR24	shared	yes	ER	1.17988484030623	3.34495759570456e-05	0.617190313918722	5.63027516631558e-06	Both
BrafV600E	DHCR24	TbID	yes	ER	0.253196006282955	0.247950688178776	1.10643702670029	3.43145508190585e-09	Both
ERK2AA	DHCR24	TbID	yes	ER	-0.0538775122093251	0.828482731249864	0.911858817099342	4.51984454546206e-07	Both
MEK1DD	DHCR24	TbID	yes	ER	0.121888595159074	0.595941317060028	1.16323513306413	3.76253061795243e-09	Both
NrasQ61K	DHCR24	TbID	yes	ER	-0.126516802327205	0.580181529483901	0.810030927947277	1.07909632449406e-06	Both
Raf1S259F	DHCR24	TbID	yes	ER	-0.339494892274257	0.144405686187654	1.19743746299879	2.06370980728266e-09	Both
BrafG469A	DHCR24	TbID	yes	ER	0.110757765600359	0.60838867796104	1.35226978243785	9.12089459740058e-10	Both
KrasWT	DHCR24	TbID	yes	ER	-0.512397438852492	4.5454966339141e-05	0.774308820778765	1.54724828836398e-06	Both
Raf1D486A	DHCR24	TbID	yes	ER	-0.351874624577578	0.10168734228991	1.23811385307325	2.44450204434938e-09	Both
ArafD447A	DHCR24	TbID	yes	ER	-0.531697197495144	0.0173033432738319	0.943440712781231	3.65636678839767e-08	Both
Raf1WT	DHCR24	TbID	yes	ER	-0.483112775695116	0.032134412048098	0.87128555744189	1.38734980279179e-07	Both
Raf1S257L	DHCR24	TbID	yes	ER	-0.275426603455025	0.170592078786839	1.08346344293945	9.40083668510086e-09	Both
MEK2DD	DHCR7	AP-MS	yes	ER	1.03506578265548	7.35698801806355e-05	-0.103083145197136	0.449055499867476	Both
HrasS17N	DHCR7	TbID	yes	ER	0.36823088122518	0.0948193550409737	1.07175554980711	3.37087564273874e-06	Both
BrafG469A	DHDDS	TbID	yes	ER	-0.182973009863386	0.201916148601945	0.945023152202327	4.26290372658651e-10	TbID
Raf1S259F	DHDDS	TbID	yes	ER	-0.244570057638455	0.0903561602830141	0.954132359050216	2.69235473200255e-10	TbID
HrasS17N	DHDDS	TbID	yes	ER	-0.219137700955366	0.135449010641977	0.85228330377873	2.78080691455687e-09	TbID
ERK1WT	DHFR2	TbID	no	NA	NA	NA	2.22861780521773	0.000176107752999921	TbID
BrafWT	DHFR2	TbID	no	NA	NA	NA	1.27250790957991	0.00447878773221543	TbID
HrasQ61R	DHFR2	TbID	no	NA	NA	NA	1.10109206117268	0.0110701569212002	TbID
HrasS17N	DHFR2	TbID	no	NA	NA	NA	1.9222655465631	0.000138194459030219	TbID
NrasWT	DHFR2	TbID	no	NA	NA	NA	1.84743792083496	0.000484248546751372	TbID
ArafWT	DHFR2	TbID	no	NA	NA	NA	2.84537166420541	4.83846948964916e-06	TbID
ERK2WT	DHPS	AP-MS	no	cytosol	3.49822546513254	2.8979545450555e-10	-0.535977655948413	3.51020250155496e-05	AP-MS
ERK1WT	DHPS	AP-MS	no	cytosol	3.93439449308421	3.96834422192953e-11	-0.503404623979869	0.000109869882867116	AP-MS
ERK2WT	DIAPH3	shared	yes	nucleus	0.786514200589649	5.77885310069485e-05	1.13600079551412	1.51521389351516e-09	TbID
MEK2DD	DIAPH3	shared	yes	nucleus	0.447461741652678	0.00183605002016601	1.32539593992448	4.1226207257284e-11	TbID
ArafS214P	DICER1	AP-MS	yes	stress_granule	1.64359356511892	1.50154977521697e-06	0.0906668770532045	0.181051043034066	AP-MS
Raf1S259F	DICER1	AP-MS	yes	stress_granule	1.26266434384191	0.000116589057463367	-0.200607461489007	0.00557393933866031	AP-MS
Raf1S257L	DICER1	shared	yes	stress_granule	1.22060308059282	7.16428445388582e-07	0.205654067089414	0.00542899485680588	AP-MS
ArafWT	DICER1	AP-MS	yes	stress_granule	1.51522579790115	1.88610079040485e-07	0.00205618729212799	0.977518819229724	AP-MS
ArafD447A	DICER1	AP-MS	yes	stress_granule	1.44422872679248	4.09098218152133e-07	-0.0262570792328011	0.709721586219195	AP-MS
ArafWT	DISP1	TbID	yes	NA	-0.327268860477033	0.120629784395583	0.866423798030637	1.24889425755663e-06	TbID
ArafS214P	DISP1	TbID	yes	NA	-0.270213013933476	0.224714933091252	1.06277248804813	2.4506851908986e-07	TbID
BrafG469A	DKK2	TbID	no	NA	NA	NA	1.16861469378677	0.000660722714316708	TbID
BrafV600E	DKK2	TbID	no	NA	NA	NA	1.16843954485502	0.000338150899460678	TbID
HrasG13R	DLAT	TbID	no	mitochondrion	-0.190826911894297	0.244203607578603	0.927443016380461	1.79362345093454e-06	TbID
Raf1D486A	DLGAP2	TbID	yes	NA	NA	NA	1.07739543677313	0.00222511206788572	TbID
ArafD447A	DLGAP2	TbID	yes	NA	NA	NA	0.938437475113632	0.00528948208136413	TbID
BrafV600E	DLGAP4	TbID	no	plasma_membrane	NA	NA	0.938504036617423	6.97385792055366e-06	TbID
ArafS214P	DLGAP4	TbID	no	plasma_membrane	NA	NA	0.9593949561342	4.60827805696423e-06	TbID
HrasQ61R	DLGAP4	TbID	no	plasma_membrane	NA	NA	0.885224740203166	2.26158442028758e-05	TbID
Raf1S259F	DLGAP4	TbID	no	plasma_membrane	NA	NA	0.875952962231835	4.4748031492508e-07	TbID
MEK2DD	DLGAP4	TbID	no	plasma_membrane	NA	NA	1.38200320550235	6.91653204252814e-09	TbID
MEK1DD	DLGAP4	TbID	no	plasma_membrane	NA	NA	1.21182730609028	4.18236682186113e-08	TbID
HrasG13R	DLGAP4	TbID	no	plasma_membrane	NA	NA	1.00359048618057	1.02222836019382e-06	TbID
MEK2AA	DLGAP5	TbID	yes	nucleus	0.100240013201314	0.582347030914748	1.11887071329995	4.03810547686923e-09	TbID
MEK1WT	DLGAP5	TbID	yes	nucleus	0.215301832514229	0.243662784476232	0.875287114698668	4.30066272672516e-08	TbID
MEK2DD	DLGAP5	TbID	yes	nucleus	-0.0403577664470223	0.774222365757561	1.3050503409079	9.46982090731039e-10	TbID
HrasG13R	DLL3	AP-MS	yes	NA	1.01646055574095	0.00313519908521593	NA	NA	AP-MS
HrasG13R	DLST	TbID	yes	mitochondrion	0.0653058668919487	0.60331246583106	0.789861482130402	0.000297593279156038	TbID
KrasWT	DLX6	shared	yes	nucleus	0.231129079450927	0.0345595140344037	0.886145891893873	5.02025288172447e-06	TbID
ERK2DD	DMTN	AP-MS	no	NA	1.15542205808828	0.0176780165849865	-0.377254244609166	8.05532210894134e-05	AP-MS
Raf1S259F	DMTN	AP-MS	no	NA	1.24641143711088	0.0176866700400493	-0.150178687303263	0.0450897600707139	AP-MS
HrasG13R	DMTN	AP-MS	no	NA	1.41703179672664	0.0112125301597981	-0.05568482725081	0.41392407606301	AP-MS
MEK2WT	DMXL1	TbID	no	nucleus	0.235584596495961	0.137806547875227	0.91648907398625	4.09361014152648e-10	TbID
MEK2AA	DMXL1	TbID	no	nucleus	0.217311244884712	0.164665414344605	1.06404017709846	2.70559231417322e-10	TbID
Raf1S257L	DNAAF10	AP-MS	no	translation	2.79340266342415	9.8182844269891e-12	-0.0660272159105777	0.408059441368891	Both
ArafWT	DNAAF10	core	no	translation	5.07367611861077	4.70971010297921e-14	1.10081297260958	7.23485368261596e-09	Both
Raf1WT	DNAAF10	AP-MS	no	translation	1.94920346096661	1.81371768589078e-09	0.00539581135893726	0.948184547398822	Both
ArafS214P	DNAAF10	shared	no	translation	3.28586375518599	1.5700900878336e-09	0.622423872488157	3.13604248008107e-06	Both
Raf1S259F	DNAAF10	AP-MS	no	translation	2.92111777517895	1.20383018690063e-08	0.131385924790962	0.0931425253280409	Both
ArafD447A	DNAAF10	core	no	translation	4.33365926241604	1.82880371814947e-13	0.990241039739506	1.90958753338061e-08	Both
Raf1D486A	DNAAF10	shared	no	translation	3.30291458684482	1.93115796046271e-12	0.714073754087858	7.13891252655267e-07	Both
MEK2DD	DNAI3	shared	no	NA	0.614037686409708	0.0202166502283512	1.1909084857484	2.00881222557865e-10	TbID
Raf1S259F	DNAJA1	shared	no	unclassified	0.680294705414432	0.00330711856709585	1.24233564012849	1.17097487038113e-11	TbID
ArafS214P	DNAJA1	shared	no	unclassified	0.915656850834287	0.000488468065287472	1.11985359608645	3.20499180523625e-11	TbID
Raf1S257L	DNAJA1	shared	no	unclassified	1.04178632051392	3.63578229370333e-06	1.19546410532567	1.33615601353114e-10	TbID
ArafD447A	DNAJA1	shared	no	unclassified	0.796735451346929	5.44512721345959e-05	1.06728200962463	2.28470371985324e-11	TbID
BrafG469A	DNAJA1	TbID	no	unclassified	-0.466863554272923	0.00400328496408657	1.20747801381613	1.15112639073588e-11	TbID
Raf1WT	DNAJA1	shared	no	unclassified	0.615008969474161	0.00119108004560902	0.938506328606791	7.99530424117192e-10	TbID
BrafV600E	DNAJA1	TbID	no	unclassified	-0.303829001973302	0.0527026361595312	1.08223314377648	3.44936744220344e-11	TbID
ArafWT	DNAJA1	shared	no	unclassified	0.934229870009025	1.58346832393675e-05	0.973801673554398	8.20470079695591e-11	TbID
BrafWT	DNAJA1	TbID	no	unclassified	-0.493623131779371	0.00511871353982619	0.85066672753604	3.99641984114554e-10	TbID
MEK1DD	DNAJA1	TbID	no	unclassified	-0.408913996690663	0.0139437580537466	0.997436279507595	2.3586684638151e-10	TbID
Raf1S257L	DNAJA3	shared	no	mitochondrion	1.47928718550418	1.07366820973784e-07	0.699691075779608	7.23322305802481e-07	AP-MS
Raf1S259F	DNAJA3	shared	no	mitochondrion	1.16736604116571	6.89992017175104e-05	0.612993766784711	3.59857518965607e-06	AP-MS
BrafD594N	DNAJB11	shared	yes	ER	1.35869556542773	3.83871519882775e-07	0.467297879079611	6.18751213325315e-07	AP-MS
KrasWT	DNAJB12	TbID	no	ER	-0.522888673730421	0.000405789304944679	0.788510725390681	4.21662997845274e-07	Both
MEK2DD	DNAJB12	shared	no	ER	1.1712837539338	8.58940969172911e-06	0.427349800778199	6.19392024481464e-05	Both
BrafG469A	DNAJB12	TbID	no	ER	-0.34399519400507	0.0413469238070494	1.01094144372523	5.04675938669407e-10	Both
ArafD447A	DNAJB6	TbID	yes	unclassified	-0.178584136887032	0.292491052457186	0.915504793502157	7.05621220542636e-10	TbID
BrafG469A	DNAJC1	shared	no	ER	0.261286936839259	0.0214850806685719	0.856651282032568	1.96088404311742e-07	TbID
Raf1S259F	DNAJC16	shared	no	ER	1.16589453251833	1.03839295338094e-05	0.322747820622034	0.000636317271194831	AP-MS
Raf1S257L	DNAJC16	shared	no	ER	1.2571509988212	5.90379926557436e-08	0.28338872374632	0.00190792831604656	AP-MS
BrafV600E	DNAJC18	TbID	no	NA	-0.0933474072210813	0.721689233923294	1.37336539139453	2.30286582346392e-10	Both
ERK2AA	DNAJC18	TbID	no	NA	0.106587419710741	0.658995721660408	1.05903493722417	3.15758652367248e-08	Both
BrafG469A	DNAJC18	TbID	no	NA	0.0683371790932175	0.782310797912503	1.71754454943616	2.21132926047898e-11	Both
Raf1D486A	DNAJC18	TbID	no	NA	-0.866744242660097	0.000775317994714204	0.894470035738991	4.37737739721728e-08	Both
NrasS17N	DNAJC18	TbID	no	NA	-0.182614621516995	0.440744054363634	0.97178576954061	1.47058211067203e-07	Both
Raf1WT	DNAJC18	TbID	no	NA	-0.579450034435847	0.0178103410585805	1.06238806146605	4.85195085726435e-09	Both
HrasS17N	DNAJC18	TbID	no	NA	-1.12085592876392	6.91598560368046e-05	0.99093286527548	2.00900542684841e-08	Both
NrasQ61K	DNAJC18	TbID	no	NA	0.00201028529886262	0.994991739486152	0.986964405515857	1.11455076429295e-07	Both
ArafD447A	DNAJC18	TbID	no	NA	-0.805932971628148	0.00139140129185814	0.861413846119921	3.45654839350522e-08	Both
Raf1S259F	DNAJC18	TbID	no	NA	-0.361238722995696	0.136681535485051	1.40621271071084	6.01237153942396e-10	Both
BrafD594N	DNAJC18	TbID	no	NA	-0.162309088285784	0.55480987684974	0.96886598097468	2.80858431110863e-08	Both
Raf1S257L	DNAJC18	TbID	no	NA	0.145588735006621	0.523181452376261	1.73018336882329	1.18615828452165e-10	Both
ArafS214P	DNAJC18	TbID	no	NA	-0.106867825428827	0.67552214315003	1.21472110310607	2.5554475248638e-09	Both
MEK2DD	DNAJC18	core	no	NA	1.4242166171689	1.26792370446036e-05	1.00737346760634	1.72749033261324e-08	Both
BrafWT	DNAJC18	TbID	no	NA	-0.490358631568212	0.040249733218161	0.920169938096951	3.57856024877423e-08	Both
NrasWT	DNAJC18	TbID	no	NA	-0.488630192001857	0.0488443248968348	0.809833793477881	7.79007929880359e-07	Both
MEK1DD	DNAJC18	shared	no	NA	0.729168367159093	0.00852253702344443	1.45921154923807	3.45701730719838e-10	Both
ERK2AA	DNAJC22	TbID	no	NA	NA	NA	0.988008288795103	1.14359949716306e-07	TbID
HrasS17N	DNAJC22	TbID	no	NA	NA	NA	1.24831605143118	1.06339713175492e-08	TbID
HrasG13R	DNAJC22	TbID	no	NA	NA	NA	0.797163632711562	2.68239124842217e-06	TbID
ERK2DD	DNAJC30	TbID	yes	mitochondrion	-0.862329747149558	3.85696372816058e-05	0.872360768457338	3.64324006965873e-08	TbID
NrasWT	DNAJC30	TbID	yes	mitochondrion	-0.532982305562282	0.00316332749555501	0.821236330610167	1.77778931856438e-07	TbID
BrafG469A	DNAJC30	TbID	yes	mitochondrion	-0.722821005687127	0.000137576220966731	0.877744713785409	3.20049334201371e-09	TbID
Raf1WT	DNAJC30	TbID	yes	mitochondrion	-0.266880002613151	0.0880592326249133	0.881987273025533	2.00212859130437e-08	TbID
MEK1WT	DNAJC5	TbID	yes	plasma_membrane	NA	NA	0.8822511899296	0.0209076236882266	TbID
ERK2DD	DNAJC5	TbID	yes	plasma_membrane	NA	NA	0.908649057765939	0.0310619410713557	TbID
ArafS214P	DNAJC5	TbID	yes	plasma_membrane	NA	NA	1.40138349482088	0.000795341333043721	TbID
HrasG13R	DNAJC5	TbID	yes	plasma_membrane	NA	NA	0.981798788715495	0.0111662037338749	TbID
HrasS17N	DNAJC5	TbID	yes	plasma_membrane	NA	NA	1.55295206207737	0.000358448765517742	TbID
ArafS214P	DNAJC7	shared	yes	cytosol	1.74159627894278	1.64381666755981e-05	0.228965452379683	0.00449845740620954	AP-MS
ArafWT	DNAJC7	shared	yes	cytosol	2.58615833520791	6.19293933173076e-10	0.722236049583455	1.54385748843761e-07	AP-MS
Raf1S257L	DNAJC7	shared	yes	cytosol	1.34282760649078	7.10514583698255e-07	0.669116632653466	1.26806981640505e-07	AP-MS
ArafD447A	DNAJC7	shared	yes	cytosol	2.61616157373387	1.08297162997195e-09	0.614911487645733	9.32928107619344e-07	AP-MS
HrasS17N	DNMT3B	TbID	yes	nucleus	1.35862720144217	0.210295040486409	1.18188299782369	1.29238166726219e-09	TbID
Raf1S259F	DNMT3B	TbID	yes	nucleus	0.880667773954354	0.470311979532191	1.05561734844017	2.7825123958923e-10	TbID
ArafWT	DNMT3B	TbID	yes	nucleus	0.76792616720174	0.574727044440748	1.03514594605921	5.82966468396204e-10	TbID
Raf1S257L	DNMT3B	TbID	yes	nucleus	1.41997461903142	0.216825934781335	0.968966364770867	3.57442788668616e-09	TbID
KrasWT	DNMT3B	TbID	yes	nucleus	0.135414187507906	0.182554755534571	0.837681819501107	6.29629516281785e-06	TbID
ERK2AA	DNMT3B	TbID	yes	nucleus	1.40115268851103	0.219147856938998	0.903977176219379	1.76144095219974e-08	TbID
ERK1WT	DNTTIP1	shared	no	nucleus	0.590727051449064	0.00143664045047047	1.08750299932072	1.77566754630666e-08	TbID
ERK2AA	DNTTIP1	shared	no	nucleus	0.859953388675976	2.40453003087614e-05	1.32049754016374	1.15969967351913e-08	TbID
ERK1DD	DNTTIP1	shared	no	nucleus	0.391412070062476	0.007781324373812	1.09242744410964	1.59151344172161e-08	TbID
ERK2WT	DNTTIP1	shared	no	nucleus	0.619348534301365	0.000713685750675481	1.08838712929806	1.31708215676232e-08	TbID
NrasQ61R	DOCK1	shared	no	plasma_membrane	0.610688267684076	0.00136729115155044	0.957976306491845	1.75306772952448e-09	TbID
KrasG12D	DOCK5	TbID	no	plasma_membrane	-0.149460844222737	0.0300872784762599	0.843002552420527	6.60004082961965e-07	TbID
BrafV600E	DOCK9	shared	no	plasma_membrane	0.618918515814955	9.51547313841299e-06	0.842266312388448	9.05567405975765e-08	TbID
BrafG469A	DOLK	TbID	yes	NA	-0.98565182699815	0.010190131506705	0.924259798725041	2.3117222613967e-05	TbID
BrafG469A	DOLPP1	TbID	no	ER	NA	NA	0.864846758473826	2.16483214324028e-05	TbID
BrafV600E	DOT1L	AP-MS	no	nucleus	1.18079457319011	8.56658026609788e-09	-0.321716657916726	0.00984531158555261	AP-MS
KrasWT	DPAGT1	TbID	yes	ER	NA	NA	0.782921342230859	6.82087554606415e-06	TbID
ArafWT	DPCD	AP-MS	no	cytosol	1.76755471419429	1.195123130939e-06	0.0384095520084012	0.694494239995838	AP-MS
ERK2AA	DPF3	AP-MS	no	nucleus	0.989464359240308	0.00331951893966631	0.289143022452736	0.440370076272112	AP-MS
KrasWT	DPM1	TbID	yes	ER	-0.0325208430133177	0.542301203540907	0.784185204088338	3.59983096675359e-07	TbID
KrasWT	DPM3	TbID	yes	ER	-0.285658908188047	0.0553447009629347	0.91761241185049	1.47409578517311e-05	Both
MEK2DD	DPM3	AP-MS	yes	ER	1.06986314506752	0.00364827283564366	-0.449519992590474	0.000136870812086745	Both
KrasS17N	DPM3	TbID	yes	ER	-0.506000067577874	0.0012807590304609	0.790033320403682	3.36203364692918e-05	Both
MEK2DD	DPYSL3	TbID	no	NA	-0.156535609839862	0.294368300840689	1.07341109471489	3.61520831248634e-08	TbID
ERK1DD	DPYSL4	shared	no	cytosol	1.25560572358874	1.94040023205232e-05	0.312190312109149	0.00115181724653925	Both
ERK1WT	DPYSL4	AP-MS	no	cytosol	1.02456951836665	1.37498643702013e-05	0.152686756685495	0.0558409898187319	Both
Raf1S259F	DPYSL4	AP-MS	no	cytosol	1.19658454227617	6.12112712556984e-06	-0.0821422578523839	0.233581260890622	Both
NrasS17N	DPYSL4	shared	no	cytosol	1.42021002901027	2.554302357985e-06	0.289451018729924	0.000825824866608129	Both
BrafV600E	DPYSL4	AP-MS	no	cytosol	1.56071736432157	1.5443627378352e-07	0.0275891004887051	0.688655775643915	Both
NrasQ61R	DPYSL4	core	no	cytosol	1.82627133970912	9.51993701785173e-08	0.886909216765468	6.87376149398656e-08	Both
Raf1S257L	DPYSL4	AP-MS	no	cytosol	1.21998787403503	5.9051117788123e-07	0.0476597774714186	0.490909492631305	Both
MEK2WT	DPYSL4	shared	no	cytosol	1.1699317719664	1.91596373711119e-05	0.691332613701662	2.32554124615238e-07	Both
MEK2DD	DPYSL4	shared	no	cytosol	0.969537562309451	1.36375766424838e-05	0.96157804683681	8.90302871406976e-09	Both
HrasS17N	DPYSL4	AP-MS	no	cytosol	1.30180850977821	7.6473409950275e-07	-0.422966181059243	6.69314421250512e-05	Both
HrasS17N	DPYSL5	AP-MS	no	cytosol	1.25863116302903	2.10955258534446e-07	-0.664831470007077	1.35553895083186e-06	AP-MS
NrasQ61R	DPYSL5	shared	no	cytosol	1.41415708599714	9.51993701785173e-08	0.360907179137893	0.000427312454182912	AP-MS
KrasWT	DR1	AP-MS	no	unclassified	0.886423323294062	0.000130549757800036	-0.171929615100085	0.11007281755795	AP-MS
ArafD447A	DRG2	TbID	no	unclassified	-0.0300374864949639	0.911635070690571	1.06105760115595	5.99531579414658e-08	TbID
Raf1D486A	DRG2	TbID	no	unclassified	0.113600314204238	0.66166052813243	1.16622254150063	5.99184514993289e-09	TbID
BrafWT	DRG2	TbID	no	unclassified	-0.156970755193983	0.548771701882126	0.927870372273962	5.77881782968991e-08	TbID
NrasQ61K	DRG2	TbID	no	unclassified	0.163383370608846	0.449200310904055	0.840727454797277	4.47393125138089e-07	TbID
ArafS214P	DSC3	shared	yes	plasma_membrane	0.608626356490804	0.0127214595749173	0.972405407533176	8.03559011165203e-06	TbID
NrasWT	DSCAM	AP-MS	yes	NA	1.38212344196391	0.000965352897401303	NA	NA	AP-MS
Raf1D486A	DSG2	TbID	yes	plasma_membrane	-0.192306897934799	0.170562880913084	0.977666906207738	8.90223273017692e-05	TbID
HrasQ61R	DSG2	shared	yes	plasma_membrane	0.397633408272211	0.0384466022269239	0.964350565789551	0.000142471190152602	TbID
HrasQ61R	DSP	TbID	yes	unclassified	0.0136881965632476	0.955718959800092	0.853519538733093	3.79889839002246e-06	TbID
MEK2DD	DSP	TbID	yes	unclassified	0.127922584060328	0.408537173763064	0.929614517358556	3.22129278560649e-07	TbID
BrafWT	DTWD2	TbID	no	cytosol	0.00396931028043819	0.984285517756313	0.883582861975599	8.69064365448391e-07	TbID
ArafWT	DTWD2	TbID	no	cytosol	0.181140876353724	0.115243734519813	0.899936359038045	3.78835202149343e-07	TbID
HrasS17N	DTX3	shared	no	NA	0.596822320958783	0.000153392570341764	0.774097024510301	9.05535996636368e-08	TbID
BrafV600E	DUSP1	core	yes	NA	1.85144815143146	0.000406952106990691	2.70612917698123	1.09913422673586e-08	Both
BrafG469A	DUSP1	core	yes	NA	1.71621418464448	0.000485546882160555	2.47444493878735	2.46608358351847e-08	Both
ERK2AA	DUSP1	TbID	yes	NA	0.0651453793496176	0.897542771575969	1.13947044005257	0.00386576482624217	Both
MEK1DD	DUSP1	core	yes	NA	2.493979428789	4.97235814405346e-05	2.6359919311046	1.80801175761591e-08	Both
Raf1S259F	DUSP1	shared	yes	NA	0.963032465665054	0.0248974481552635	1.95337799513434	2.62872489185852e-07	Both
MEK2DD	DUSP1	core	yes	NA	2.03849404009603	0.000152259140394972	1.97039572779875	3.57359918846025e-07	Both
Raf1S257L	DUSP1	TbID	yes	NA	0.632412182048687	0.127964854164657	1.90779896088412	5.29237666335044e-07	Both
ERK2WT	DUSP1	shared	yes	NA	1.44274800449182	0.00418278168913734	0.836106224587275	0.0241989864337741	Both
BrafV600E	DUSP11	TbID	no	nucleus	0.168683565038249	0.682252106921468	1.09758512970237	6.9928963955631e-09	TbID
Raf1S257L	DUSP11	TbID	no	nucleus	-0.00513494504876504	0.989734379564592	1.01049214293905	3.84762155397829e-09	TbID
HrasS17N	DUSP11	TbID	no	nucleus	0.0973003984266853	0.772523519907407	0.850378109491466	4.57231102639139e-08	TbID
Raf1S259F	DUSP11	TbID	no	nucleus	0.501813300352458	0.178225829037683	1.03378982577916	2.04259602929247e-09	TbID
BrafG469A	DUSP11	TbID	no	nucleus	-0.027900047851564	0.938401856930968	0.994733802696575	4.03332219068929e-09	TbID
ERK2AA	DUSP16	TbID	no	NA	0.0306421483404864	0.887569127708864	0.87433845451603	9.31453573138386e-07	Both
ERK2WT	DUSP16	core	no	NA	1.20619375051399	2.34436619740394e-06	1.08059360610608	7.93212642664034e-08	Both
Raf1S259F	DUSP22	TbID	no	unclassified	-0.167226220759023	0.535629407143509	0.851384454033637	0.00165595794188018	TbID
ERK2WT	DUSP4	AP-MS	no	NA	2.41349480602968	0.0296812735842468	NA	NA	AP-MS
BrafV600E	DUSP5	core	no	NA	1.79850097021516	1.96496742634516e-05	1.34335980403811	2.10807190639899e-06	Both
BrafG469A	DUSP5	shared	no	NA	1.02944734600151	0.00117501964408125	1.04924467090308	2.62345588783237e-05	Both
MEK1DD	DUSP5	shared	no	NA	1.13268647381563	0.00104827283356958	0.804331117114797	0.000403468426727824	Both
ERK2WT	DUSP5	core	no	NA	1.21778246037919	0.00111073229516245	0.973818110846084	0.000255426787472074	Both
Raf1S257L	DUSP5	shared	no	NA	0.874672393453718	0.00361905263394988	1.02631257347097	4.65102587044389e-05	Both
ERK1WT	DUSP6	core	yes	NA	1.39995433364868	0.00072717443291988	1.13287886833549	0.00308497056060973	Both
ERK2WT	DUSP6	shared	yes	NA	1.30503730833127	0.00677509659378157	0.81253945205056	0.0137783098295871	Both
ERK1WT	DUSP7	core	no	NA	3.84586987377543	3.03031892548146e-07	1.87481390718577	9.91927162897393e-06	Both
ERK2AA	DUSP7	core	no	NA	2.17411744819696	3.75228658935043e-05	1.64922018348568	1.52591590250698e-05	Both
ERK1DD	DUSP7	core	no	NA	2.56810211884564	4.18291435912689e-05	2.05880673194951	4.3444988326834e-06	Both
ERK2WT	DUSP7	core	no	NA	3.39146784804823	8.78609633175935e-07	2.15042969688045	1.0741629571725e-06	Both
ERK2DD	DUSP7	core	no	NA	1.37037898324799	0.00106781142534572	1.39536340913502	3.83884465597474e-05	Both
ERK1AA	DUSP7	core	no	NA	1.94578680966439	9.77705890421958e-05	1.4078895209974	5.71923067873065e-05	Both
HrasS17N	DUSP9	shared	no	cytosol	1.79908333074936	0.00018510815483597	0.634611002906944	8.69244444415031e-07	Both
ERK2AA	DUSP9	core	no	cytosol	3.7060119211212	1.40268615084897e-06	3.19800270944171	1.93623876096608e-12	Both
ERK1AA	DUSP9	core	no	cytosol	2.12155572190519	6.11926382432115e-05	1.969174114607	3.14925897838212e-10	Both
NrasQ61R	DUSP9	shared	no	cytosol	2.05257213335901	8.27860353352308e-05	0.209377245644565	0.0130811021895611	Both
ERK1WT	DUSP9	core	no	cytosol	5.04270760942171	1.82359654109255e-08	2.23466925930122	4.05645256929674e-12	Both
ERK2WT	DUSP9	core	no	cytosol	4.32712058038194	1.07736963568899e-07	2.12698601515414	3.40895949933311e-10	Both
ERK2DD	DUSP9	core	no	cytosol	2.28317717737972	2.63292840553933e-05	3.97153329245253	3.84460046485015e-14	Both
ArafWT	DUSP9	AP-MS	no	cytosol	1.45505485811387	0.000797825051591187	0.129756007331108	0.0889566097167279	Both
ERK1DD	DUSP9	core	no	cytosol	3.39631650502282	6.63338439944571e-06	3.69576483385872	2.44137851773259e-12	Both
MEK2DD	DYM	AP-MS	yes	Golgi	1.13299002497005	8.36937544385393e-06	-0.0814166795402321	0.464045014006668	AP-MS
MEK2DD	DYNC1LI2	TbID	no	unclassified	0.127183057408385	0.251914209973708	0.884804696923802	1.38026830929555e-08	TbID
KrasWT	DYNLL2	shared	no	unclassified	1.16286063512397	0.00335031511732828	0.177737277770497	0.030299076700256	AP-MS
KrasS17N	DYNLL2	shared	no	unclassified	1.15719545045812	0.00323580070685054	0.222439857269388	0.0459208817258256	AP-MS
KrasG12V	DYNLL2	shared	no	unclassified	1.23060316265696	0.00100309301146491	0.250446678919001	0.00354047007206131	AP-MS
KrasG12D	DYNLL2	shared	no	unclassified	1.21491809209221	0.00142869366643474	0.239111753228793	0.00554317433955575	AP-MS
Raf1S259F	DZIP3	AP-MS	no	stress_granule	1.58860627546796	0.0329447672342098	-0.137996108732706	0.150177913404044	AP-MS
Raf1S257L	DZIP3	AP-MS	no	stress_granule	1.71845501878527	0.0224579116596388	-0.092348942987042	0.184216646742623	AP-MS
ArafS214P	DZIP3	AP-MS	no	stress_granule	1.66284248991245	0.0234449173820312	-0.258012906805712	0.00202374879869831	AP-MS
Raf1D486A	DZIP3	AP-MS	no	stress_granule	1.65942937890009	0.0291169331127395	-0.284038812449734	0.000406004686051276	AP-MS
HrasWT	DZIP3	AP-MS	no	stress_granule	1.77402168363244	0.027199776600576	-0.0957190949955529	0.210912165974693	AP-MS
NrasWT	DZIP3	AP-MS	no	stress_granule	1.64895881345934	0.0484156588281324	-0.102126942158147	0.130183047613274	AP-MS
NrasQ61R	EAPP	shared	no	cytosol	0.657591172648268	0.0228823116235828	0.98403930225634	1.72111400589068e-05	Both
Raf1S257L	EAPP	AP-MS	no	cytosol	1.24057393741144	8.09660716656943e-06	0.17698321623543	0.260932092282293	Both
KrasG12V	EAPP	AP-MS	no	cytosol	0.756630503067539	4.1753082438068e-06	-0.462777717744625	0.0115072295741151	Both
KrasG12D	EAPP	AP-MS	no	cytosol	0.81087546056899	4.68041636870271e-05	-0.110088412579637	0.462714119929569	Both
KrasWT	EAPP	AP-MS	no	cytosol	0.836818304937669	8.93035503182379e-05	-0.294085743015276	0.0705243329348086	Both
KrasS17N	EAPP	AP-MS	no	cytosol	0.815727226471751	0.000592278873607745	-0.141171260300951	0.351561499461483	Both
MEK2DD	ECD	shared	no	cytosol	0.523276697269894	0.00121974113470862	1.4733220868197	7.78324269667977e-12	Both
MEK1DD	ECD	shared	no	cytosol	0.370198583822652	0.0237599648124962	1.24176142296249	1.66758887299157e-10	Both
MEK2WT	ECD	TbID	no	cytosol	0.0700440177131969	0.751035181512886	0.979840808892448	1.31797670437395e-10	Both
MEK2AA	ECD	TbID	no	cytosol	-0.0924679200277871	0.646649298683609	0.997849667579278	6.99935089346281e-11	Both
MEK1WT	ECD	TbID	no	cytosol	-0.0701461838729586	0.770528666436829	0.883073507837021	4.29934859823556e-10	Both
Raf1S257L	ECD	shared	no	cytosol	1.22136631152731	8.18937286295188e-07	0.79631062182783	1.78503562411833e-09	Both
MEK2DD	ECE1	shared	yes	recycling_endosome	1.1730875752074	0.000144135403466894	0.320380306541715	9.64240768500325e-05	AP-MS
ERK2WT	ECHDC1	TbID	no	mitochondrion	0.112910377590125	0.493812738352003	0.858341107601324	5.99696127824768e-08	TbID
ArafWT	ECHDC1	shared	no	mitochondrion	0.497584776395292	0.00112894803107294	1.09422318356782	1.30693942021417e-09	TbID
HrasG13R	ECHS1	shared	yes	mitochondrion	0.417595181900404	0.0169661258740372	1.1200315362251	7.0546719446242e-07	TbID
KrasG12D	ECPAS	TbID	no	proteasome	-0.105993138378237	0.0514908341611701	0.8836147362112	1.54945430966177e-07	TbID
KrasG12V	ECPAS	TbID	no	proteasome	0.00209882332479872	0.963558367007773	0.899093723013399	1.74645321315216e-07	TbID
NrasQ61R	ECPAS	shared	no	proteasome	0.461256413517142	0.00106190040672057	1.09152102091012	2.08497012463604e-09	TbID
NrasQ61K	ECPAS	TbID	no	proteasome	0.170612307593045	0.126623174859171	0.80558490643412	3.19662739566509e-07	TbID
KrasWT	EDEM1	TbID	no	NA	-0.136762109607714	0.320267682449167	0.792320948759967	0.0252636543717646	TbID
KrasG12V	EDEM2	AP-MS	no	NA	0.786733098831743	0.0255612179336408	NA	NA	AP-MS
Raf1D486A	EDIL3	core	no	NA	1.1909828169901	0.0308270422173444	0.944546252479933	5.11956595201e-08	Both
ArafD447A	EDIL3	TbID	no	NA	0.465491275998711	0.446088124068252	1.19906732084892	1.41254407423681e-09	Both
Raf1S259F	EDIL3	TbID	no	NA	0.632548915456075	0.229314322277081	0.841033434726657	6.35497688264345e-08	Both
HrasG13R	EDIL3	TbID	no	NA	0.900643531611475	0.109356716586325	1.41632008071833	3.63344432854957e-09	Both
MEK1AA	EDIL3	TbID	no	NA	0.319043150585472	0.703589544874055	0.872338643540698	7.1578764074352e-08	Both
HrasQ61R	EDIL3	TbID	no	NA	0.601645836254586	0.314699087386751	1.11841040206001	4.16910536692686e-08	Both
ERK1AA	EDIL3	TbID	no	NA	0.240181020273897	0.722250138682695	0.997058936561768	1.24608946617691e-07	Both
BrafWT	EDIL3	TbID	no	NA	0.819085018413278	0.177530874302073	0.996535061696732	2.86394289048336e-08	Both
ArafS214P	EDIL3	TbID	no	NA	0.347301539197588	0.543692274836909	0.982969979872019	1.97577044258858e-08	Both
Raf1S259F	EEF1A2	shared	yes	unclassified	0.393642327339953	0.0396039334207033	1.13126848332419	2.86241719876756e-08	TbID
NrasS17N	EEF1A2	TbID	yes	unclassified	0.360697410354611	0.0761324810514394	0.851178788305025	3.8124754899619e-07	TbID
Raf1S257L	EEF1A2	shared	yes	unclassified	0.782551843346762	0.000544854347152898	1.57610108923758	4.20397558869196e-09	TbID
HrasS17N	EEF1A2	shared	yes	unclassified	0.669085016829771	0.00140363338498825	1.00153349239976	2.41867004108974e-07	TbID
KrasWT	EEF1AKMT2	TbID	no	cytosol	-0.0255814096278382	0.827968117690755	1.10345148263964	0.00281349878079716	TbID
HrasS17N	EEF1AKMT2	TbID	no	cytosol	NA	NA	0.882805938880096	1.30418991759128e-05	TbID
KrasG12V	EEF1AKMT2	TbID	no	cytosol	-0.225834393843259	0.0484493355751785	1.04721454365708	0.000372491818094437	TbID
KrasG12D	EEF1AKMT2	TbID	no	cytosol	-0.173586928005776	0.250778145546899	1.22845988090295	0.000151414391899623	TbID
KrasS17N	EEF1AKMT2	TbID	no	cytosol	-0.159855962320346	0.142759803293167	1.02078529031986	0.000310931833444333	TbID
NrasQ61K	EEF1B2	shared	no	unclassified	0.285414724044166	0.0360857594754736	0.961117816660781	7.1963683673471e-06	TbID
Raf1S257L	EEF1B2	TbID	no	unclassified	-0.315090096444281	0.0132923484415366	1.32599413425361	7.26515093204373e-08	TbID
MEK2WT	EEF1B2	TbID	no	unclassified	-0.686097973053589	0.000499911593417017	1.06803252743398	5.83991384552763e-07	TbID
BrafD594N	EEF1B2	TbID	no	unclassified	-0.193125779902154	0.176438770842584	0.996641653303964	1.93072970585296e-06	TbID
Raf1D486A	EEF1B2	TbID	no	unclassified	-0.254988597050179	0.0937703008416253	1.09278065916332	8.98549262154417e-07	TbID
ArafD447A	EEF1B2	TbID	no	unclassified	-0.218214582344052	0.0816065321625178	1.49226781338214	1.56973478317964e-08	TbID
ERK2AA	EEF1B2	TbID	no	unclassified	0.254926945545367	0.0560077543099808	1.25619892235805	4.53507694013362e-07	TbID
ERK2WT	EEF1B2	TbID	no	unclassified	-0.224087436976915	0.10039672516777	0.886700277875069	1.03364380786139e-05	TbID
NrasS17N	EEF1B2	TbID	no	unclassified	-0.353916853746294	0.0147810497340025	0.95268840463332	6.22613836707036e-06	TbID
ArafWT	EEF1B2	TbID	no	unclassified	-0.426685167555458	0.00655006084533094	1.24911479318659	1.87350821330538e-06	TbID
Raf1S259F	EEF1B2	TbID	no	unclassified	-0.455929404096191	0.00169956029398087	1.23755632108457	1.23427167960447e-07	TbID
HrasG13R	EEF1B2	TbID	no	unclassified	0.210953409085499	0.207347822398312	0.819231072734237	1.28873842020255e-05	TbID
Raf1WT	EEF1B2	TbID	no	unclassified	-0.277445036427095	0.0423990888363251	0.864191010294123	5.18446678488287e-06	TbID
HrasQ61R	EEF1B2	TbID	no	unclassified	0.166140527900356	0.22129508745218	0.953093642446766	6.43655693084754e-06	TbID
BrafWT	EEF1B2	TbID	no	unclassified	0.00473729986623984	0.981402316565596	1.32531548853455	2.26891111856616e-07	TbID
NrasS17N	EEF1D	TbID	no	cytosol	-0.0117266030700091	0.930273124807764	0.854269471856844	5.06433976472936e-05	TbID
BrafWT	EEF1D	TbID	no	cytosol	0.0430334536488188	0.749053122544268	1.00139023189349	7.91998770312537e-06	TbID
ERK2AA	EEF1D	shared	no	cytosol	0.454356275721972	0.000361030205301393	1.02352513018967	5.99260150952195e-06	TbID
Raf1S257L	EEF1D	TbID	no	cytosol	0.179483095765602	0.0671581661905627	1.19419060049481	4.57128536213229e-07	TbID
Raf1D486A	EEF1D	shared	no	cytosol	0.247602107740668	0.0175027430277861	0.93237052986214	4.80282195730317e-06	TbID
MEK2WT	EEF1D	TbID	no	cytosol	0.232344550014086	0.0788417286581077	1.18603421016624	3.45632198120409e-07	TbID
ArafD447A	EEF1D	shared	no	cytosol	0.223444966101785	0.0289074686040958	1.27246007995224	1.85003798485738e-07	TbID
HrasG13R	EEF1D	shared	no	cytosol	0.496362450287131	0.00233639760090074	0.782607803930542	3.82621812464209e-05	TbID
Raf1S259F	EEF1D	TbID	no	cytosol	-0.0896435576177045	0.394469256164372	0.978314982107074	3.44163098686794e-06	TbID
ArafWT	EEF1D	TbID	no	cytosol	0.0252562841855975	0.81704704857669	0.857653935024306	5.70504393371675e-05	TbID
HrasQ61R	EEF1D	shared	no	cytosol	0.300071681814933	0.0110834150220832	0.850580384607859	2.73164671877523e-05	TbID
NrasQ61K	EEF1G	TbID	no	unclassified	-0.185525443157305	0.244797648957397	0.818246749517258	1.43770304039244e-05	TbID
HrasQ61R	EEF1G	TbID	no	unclassified	-0.231937842619187	0.106462031296049	0.882532213772833	6.47096722288421e-06	TbID
MEK2WT	EEF1G	TbID	no	unclassified	-0.297997974524154	0.16489966272498	0.984113765301675	1.23444018063951e-06	TbID
BrafWT	EEF1G	TbID	no	unclassified	-0.438507054227698	0.0078448885980063	1.09917444071291	7.31338116716704e-07	TbID
BrafD594N	EEF1G	TbID	no	unclassified	-0.257934328521339	0.126380117576629	0.861333499668852	1.14729242929961e-05	TbID
ArafD447A	EEF1G	TbID	no	unclassified	-0.393233278548302	0.0128405972170111	1.25350215311789	4.53268199340059e-08	TbID
ArafWT	EEF1G	TbID	no	unclassified	-0.528581282484916	0.00167245593718751	0.895116761016302	7.01943914777322e-06	TbID
BrafG469A	EEF1G	TbID	no	unclassified	-0.28270137403567	0.0381626334554017	0.893056824038471	1.45409262868991e-06	TbID
Raf1S257L	EEF1G	TbID	no	unclassified	-0.519251913534789	0.00295815347138711	1.19654252804403	1.83504444815176e-07	TbID
Raf1S259F	EEF1G	TbID	no	unclassified	-0.654635469528076	0.000416649162108323	1.05619922388292	3.86104017664187e-07	TbID
HrasG13R	EEF1G	TbID	no	unclassified	-0.235882046787058	0.290354375280365	0.826508688346238	7.2395433998362e-06	TbID
ERK2AA	EEF1G	TbID	no	unclassified	-0.22748736401075	0.102212527420017	1.02916383074788	2.17065191996432e-06	TbID
KrasG12D	EEF2K	AP-MS	no	cytosol	0.756596113947261	3.30238844638495e-06	-0.277251593409094	0.00265042449539496	AP-MS
KrasS17N	EEF2K	AP-MS	no	cytosol	0.839179709780499	1.76392556871048e-06	-0.283106725716795	0.000805297007327414	AP-MS
KrasG12V	EEF2K	AP-MS	no	cytosol	0.766074841224068	2.03668360335581e-07	-0.308993501564869	0.00063044392375972	AP-MS
BrafWT	EEF2KMT	AP-MS	no	cytosol	1.16830887620166	0.0119975819435266	NA	NA	AP-MS
NrasQ61R	EEIG2	TbID	no	NA	NA	NA	1.47164879795498	6.24383838228418e-08	TbID
KrasG12D	EEPD1	TbID	no	plasma_membrane	0.0222733495128367	0.867131813848725	0.842775120270329	0.000769579247713763	TbID
MEK2AA	EFHD1	TbID	no	actin_cytoskeleton	0.044840819456579	0.959558986466924	0.889403793187331	3.33861121474176e-08	TbID
ArafS214P	EFNB1	TbID	yes	plasma_membrane	-0.892019943752555	0.000598701474695911	0.895356235868146	1.10152742784205e-07	TbID
MEK2DD	EFNB2	shared	no	plasma_membrane	0.862092463745311	0.000327463575287631	0.961386254112871	1.91974433614505e-10	TbID
ArafS214P	EFNB2	TbID	no	plasma_membrane	-0.475494262748215	0.0195851794285639	1.54940454506509	1.14869016664586e-10	TbID
HrasG13R	EFNB2	TbID	no	plasma_membrane	-0.231120992627198	0.288173722277669	1.37575694587334	1.75213656997651e-11	TbID
HrasS17N	EGFL7	shared	no	ERGIC	1.08059753876704	1.23391175755723e-06	0.671826401167292	1.07631954819041e-07	Both
ArafWT	EGFL7	core	no	ERGIC	1.77856312259387	7.33451862107592e-09	1.32777184390548	9.4823087247031e-11	Both
Raf1S257L	EGFL7	core	no	ERGIC	1.33101808899359	2.87894758585898e-07	0.840278921146675	1.38627744447776e-08	Both
ArafD447A	EGFLAM	TbID	no	NA	0.270942503585913	0.123837169079881	0.962121301583078	2.85946521907582e-06	Both
ArafWT	EGFLAM	TbID	no	NA	0.158621265747686	0.362138237280475	0.927762422330067	9.04496442168221e-06	Both
BrafWT	EGFLAM	shared	no	NA	0.575285821997101	0.00500937310644489	0.90601795863245	1.70213237406601e-05	Both
BrafV600E	EGFLAM	shared	no	NA	0.387701631343932	0.0436618752245523	0.852299219645308	6.86218748505335e-06	Both
NrasQ61R	EGFLAM	core	no	NA	1.05547680796298	3.77099198664275e-05	0.972302113377872	4.97464419267681e-06	Both
HrasQ61R	EGFLAM	shared	no	NA	0.851717064988349	0.000724452996661976	0.903764544686371	1.23499743334091e-05	Both
BrafG469A	EGR1	core	yes	NA	4.3071708584466	4.9129808433901e-08	2.877644174671	9.60556889745211e-11	Both
MEK1DD	EGR1	core	yes	NA	4.21208291858482	6.11357484529857e-08	2.9537432349443	1.49235078471747e-10	Both
Raf1S259F	EGR1	core	yes	NA	3.36082626143082	6.23460905220291e-07	2.09102787345513	1.62930396656778e-09	Both
MEK2DD	EGR1	core	yes	NA	3.40210823154432	2.36695244786623e-07	2.84799236033528	1.10226911078822e-10	Both
BrafV600E	EGR1	core	yes	NA	4.24056578956569	4.38946080395478e-08	2.77489322307051	8.99703367045543e-11	Both
ArafS214P	EGR1	core	yes	NA	3.2900956374744	6.27803879616551e-07	1.62341043974695	2.50651502049478e-08	Both
Raf1S257L	EGR1	core	yes	NA	3.35553541456246	1.03409908219635e-07	2.23935574345883	4.36351899090498e-09	Both
BrafG469A	EHD4	shared	no	plasma_membrane	0.46765915547417	0.000425245572219563	0.862421160688769	1.01191418679429e-09	TbID
Raf1WT	EID2	TbID	no	NA	0.139138558177748	0.610677152513322	0.89057599984852	0.00120153166644388	TbID
MEK1WT	EID2	TbID	no	NA	-0.155111247595482	0.616101689594913	1.23501163732846	6.77710667390654e-05	TbID
MEK1AA	EID2	TbID	no	NA	-0.187418159809456	0.498069605345821	1.09578225171419	0.00045904121214484	TbID
MEK2AA	EID2	TbID	no	NA	-0.151476895987737	0.609521762223815	1.28016746935396	3.26233644756775e-05	TbID
ArafD447A	EID2	TbID	no	NA	0.368332563270002	0.0750714702057207	1.00225811467686	0.00028264767627369	TbID
MEK2DD	EID2	TbID	no	NA	0.188964181111813	0.403230558782374	1.21917854984845	6.36992889391312e-05	TbID
BrafD594N	EID2	TbID	no	NA	-0.13812943921117	0.616943734738645	1.25206482821288	5.92533688340016e-05	TbID
BrafV600E	EID2	TbID	no	NA	-0.415718630482186	0.0836205342784716	1.09431196032857	9.59066381109481e-05	TbID
BrafWT	EID2	TbID	no	NA	-0.353804692612408	0.128098144779041	1.06589574506164	0.000219420057247233	TbID
MEK2WT	EID2	TbID	no	NA	-0.0162159384095879	0.972565433510351	1.20205046168961	0.000132903089987055	TbID
ArafS214P	EIF2AK1	AP-MS	no	cytosol	1.3747247017871	5.00607758660212e-06	0.180861748055642	0.0932934856748011	AP-MS
ArafWT	EIF2AK1	shared	no	cytosol	1.68353025659676	1.56740741450144e-07	0.377484385902953	0.00290614217002925	AP-MS
MEK2DD	EIF2B2	TbID	yes	unclassified	-0.0975150658387941	0.604714997108537	1.02077151649142	2.38127435218215e-10	TbID
MEK1DD	EIF3D	TbID	no	stress_granule	0.650196876378379	0.0687114035093352	0.912457015311935	3.80310230646115e-08	TbID
ArafD447A	EIF3L	shared	no	stress_granule	0.341286229234608	0.006377182554815	1.00533114502696	3.44910774946346e-08	TbID
BrafG469A	EIF3L	shared	no	stress_granule	0.272153488500633	0.0323357800726366	1.02986985971757	5.0622132272651e-09	TbID
Raf1D486A	EIF3L	shared	no	stress_granule	0.410984980330714	0.00321528460002282	1.19101009687759	3.12575005365658e-09	TbID
Raf1D486A	EIF4A2	TbID	yes	stress_granule	-0.192952187562954	0.246433664879236	0.841651408811384	3.59662934490088e-08	TbID
MEK2AA	EIF4B	TbID	no	stress_granule	-0.64115318336061	0.406784577714144	0.969691626707487	1.06706338465587e-07	TbID
MEK2DD	EIF4B	TbID	no	stress_granule	-1.00009678774297	0.0647648695321834	1.20574681198062	6.91653204252814e-09	TbID
MEK2AA	EIF4E	TbID	yes	stress_granule	-0.153267146394002	0.428300405665541	0.891520002418187	5.0504856986447e-07	TbID
NrasQ61R	EIF4E3	AP-MS	no	cytosol	1.04656329560768	0.0178279836440781	NA	NA	AP-MS
HrasS17N	EIF4EBP1	AP-MS	yes	cytosol	1.44609162925115	8.21154235105438e-05	-0.749735668468286	1.29453976583634e-05	AP-MS
ERK1WT	EIF4EBP1	AP-MS	yes	cytosol	1.26997506396689	0.000730285325271429	-0.300869922377857	0.0105217833658636	AP-MS
ERK2AA	EIF4EBP2	AP-MS	no	cytosol	1.0945717065209	4.20845488375846e-05	NA	NA	AP-MS
NrasQ61R	EIF4ENIF1	shared	no	p-body	1.15654959343348	5.08403781497987e-07	0.179601143902087	0.0100856761268286	AP-MS
MEK2DD	EIF4G1	TbID	no	stress_granule	-0.305869123069439	0.00742407193119203	0.929059380416191	6.50661181076021e-09	TbID
KrasWT	EIF4G2	AP-MS	no	stress_granule	0.761313655981013	1.2783872414361e-06	-0.522833243004387	1.54724828836398e-06	AP-MS
KrasG12D	EIF4G2	AP-MS	no	stress_granule	0.880221169129245	2.87211502234122e-07	-0.104551185816815	0.027609604172624	AP-MS
KrasG12V	EIF4G2	AP-MS	no	stress_granule	0.743850919533354	9.72183204363791e-08	-0.200491990206608	0.000575343275047413	AP-MS
KrasS17N	EIF4G2	AP-MS	no	stress_granule	0.799941523806352	1.35286147429743e-06	-0.130927432428999	0.00180894043483344	AP-MS
KrasG12D	EIF5A	shared	yes	unclassified	0.732269187998881	1.99034602903745e-06	0.229783401540278	0.00369540081097557	AP-MS
MEK1AA	ELAPOR2	TbID	no	NA	NA	NA	0.896876856357813	0.00340950009121318	TbID
MEK1DD	ELF1	AP-MS	no	nucleus	1.13126328957498	0.0464114236047326	-1.12972935241263	9.66731776770666e-10	AP-MS
NrasQ61R	ELFN1	core	no	NA	1.45820040927691	0.0283855206360948	1.54679142607874	1.64469073445435e-08	Both
BrafV600E	ELFN1	TbID	no	NA	0.933796293831197	0.15920654184828	0.911389649776521	7.99968879911591e-07	Both
Raf1S259F	ELFN1	TbID	no	NA	0.211619526101491	0.799420885882882	1.14534272137911	9.45386454472328e-08	Both
HrasS17N	ELFN1	core	no	NA	1.63593289788478	0.0114125207741809	1.67990788583563	2.13764809115274e-08	Both
BrafG469A	ELFN2	core	no	NA	1.32357861965639	0.000292685590237667	1.55353015253407	4.03690428420564e-08	Both
MEK1DD	ELFN2	core	no	NA	1.0860052353644	0.00335710784159934	1.1733655232606	1.27937040443198e-06	Both
Raf1S259F	ELFN2	shared	no	NA	0.915317246953051	0.00429224496067311	1.69501008827507	2.18250541097065e-08	Both
Raf1S257L	ELFN2	TbID	no	NA	0.356155419820158	0.278792588955819	0.908900341762089	2.06950520641965e-05	Both
BrafV600E	ELFN2	shared	no	NA	0.793450229263376	0.0360776121191954	1.16072180127328	7.21094228775475e-07	Both
HrasS17N	ELFN2	core	no	NA	1.51434178275514	6.91598560368046e-05	1.53454512154651	7.2683756614417e-08	Both
MEK2DD	ELK1	AP-MS	no	nucleus	1.245835884343	0.037087525653898	-0.439281045442701	0.00397145242975385	AP-MS
MEK1WT	ELMO1	AP-MS	yes	NA	1.00961900736057	0.00352282680273999	0.0206164548993207	0.717131788841622	AP-MS
Raf1D486A	ELOF1	TbID	no	nucleus	0.359721835475739	0.730505262956772	1.25799432585413	0.000147122280187217	TbID
HrasG13R	ELOF1	TbID	no	nucleus	-0.240127406515911	0.818490970124955	1.17238528094858	0.000362633322715333	TbID
BrafG469A	ELOVL1	TbID	yes	ER	-0.0255594748504532	0.951171673166025	0.868940165593513	4.52643539219955e-08	TbID
ArafWT	ELOVL2	shared	no	NA	1.23272526088528	0.00381231981223573	0.293568881813386	0.0119412578348903	AP-MS
KrasWT	ELOVL7	TbID	no	ER	NA	NA	0.863046365309915	5.89302705314584e-06	TbID
Raf1D486A	ELOVL7	TbID	no	ER	NA	NA	0.845606320948787	3.54993824712226e-07	TbID
BrafG469A	ELOVL7	TbID	no	ER	NA	NA	0.931327875789	9.92141313483825e-08	TbID
HrasWT	ELP1	shared	yes	cytosol	1.60698573999732	1.45084150088748e-07	0.354187418768991	0.000379193353237657	AP-MS
HrasWT	ELP2	AP-MS	yes	cytosol	1.42678007764722	1.45084150088748e-07	-0.0633719804879234	0.506725042940286	AP-MS
HrasWT	ELP3	shared	no	cytosol	1.8557199566003	1.20223667285485e-08	0.276556814032343	0.00034236320742821	AP-MS
HrasWT	ELP4	core	yes	cytosol	1.43473640238213	1.42699132482937e-07	0.803251286977033	1.03708486906701e-06	Both
HrasWT	ELP5	core	no	cytosol	1.70527833346724	1.97962738970672e-06	0.831658179422817	7.90290437249927e-07	Both
MEK2DD	EMC6	shared	no	ER	1.30162128128814	2.74386513795206e-05	0.337703143694568	0.0206285648287581	Both
BrafG469A	EMC6	TbID	no	ER	0.337172773870446	0.128888526561661	1.33294056207098	3.90815504970865e-08	Both
KrasG12D	EMC9	TbID	no	ER	NA	NA	0.88364024330721	0.000763115914099035	TbID
KrasG12V	EMC9	TbID	no	ER	NA	NA	0.783700179199476	0.000910765270029848	TbID
KrasWT	EMC9	TbID	no	ER	NA	NA	1.27873128205576	8.62675719507111e-05	TbID
KrasS17N	EMC9	TbID	no	ER	NA	NA	0.824112037603036	0.00159278140252519	TbID
BrafG469A	EMILIN2	TbID	no	NA	0.683067691292186	0.150399427170448	0.874125528498115	8.60405264713365e-08	Both
BrafWT	EMILIN2	TbID	no	NA	0.792086772189625	0.133508054949589	0.923297159792086	1.25793271609031e-07	Both
ArafWT	EMILIN2	TbID	no	NA	0.527550914918627	0.245679083063796	1.43131553556012	7.38180006133534e-10	Both
ERK2AA	EMILIN2	core	no	NA	1.22258263008249	0.0163865754694139	1.24177821717898	4.68082718929259e-08	Both
NrasQ61R	EMILIN2	TbID	no	NA	0.118203660540455	0.835084333989413	1.74119836071979	6.63819834830712e-10	Both
Raf1S259F	EMILIN2	core	no	NA	1.26585982615596	0.0121142472553361	1.70296014200269	2.28214282819731e-10	Both
HrasS17N	EMILIN2	TbID	no	NA	0.643681991375524	0.155065215220265	1.37847042777354	4.04794147750878e-09	Both
HrasG13R	EMILIN2	core	no	NA	1.71935611126752	0.0035823404121279	1.09841205417816	1.1322648978503e-07	Both
Raf1S257L	EMILIN2	TbID	no	NA	0.382980797137989	0.427160380002361	1.16328461653114	2.4679257366507e-08	Both
Raf1D486A	EMILIN3	shared	no	NA	0.676871903625577	0.000787443606239024	1.00367009174344	1.81016218015217e-09	TbID
ArafWT	EMILIN3	shared	no	NA	0.622617785602188	0.00112559799895716	0.88245537727369	8.71570847413625e-09	TbID
NrasS17N	EMILIN3	shared	no	NA	0.917084098346643	0.000165222626949102	0.904423808740887	2.49105384781148e-07	TbID
ERK2DD	EMILIN3	shared	no	NA	0.795395915388715	0.000224959389541082	0.867380109730849	8.4972199591345e-08	TbID
HrasS17N	EMILIN3	shared	no	NA	0.861020657731597	9.0966399065185e-05	1.12970344240886	5.78214228872038e-09	TbID
ERK2AA	EMX1	AP-MS	no	NA	1.60538926179298	0.000163481436376678	NA	NA	AP-MS
NrasQ61R	EMX1	AP-MS	no	NA	1.17992067835054	0.000862530712569775	NA	NA	AP-MS
ERK2DD	EMX1	AP-MS	no	NA	1.45872265035107	0.000171421287937542	NA	NA	AP-MS
ERK1DD	ENAH	shared	no	actin_cytoskeleton	0.351985769700329	0.0465735287283771	0.853208351348499	6.18214722885049e-08	TbID
BrafG469A	ENC1	shared	no	NA	0.953367314807063	5.37850322564403e-06	1.33755312708971	1.25948313185316e-08	Both
Raf1S259F	ENC1	shared	no	NA	0.721724140266289	8.97458681814203e-05	1.27072716663074	2.51970897236496e-08	Both
BrafV600E	ENC1	shared	no	NA	0.579274425925436	0.00024744356222017	1.1001530531538	1.08642668965081e-07	Both
MEK1DD	ENC1	core	no	NA	1.47376015366024	9.17062532857644e-08	1.48875508289597	6.78843714628949e-09	Both
Raf1S257L	ENC1	core	no	NA	1.71707305810912	2.67328349136601e-09	1.89861185329149	6.698491126659e-10	Both
ArafS214P	ENC1	shared	no	NA	0.773986611156963	1.59567288185249e-05	1.2092466968911	5.97962844005848e-08	Both
MEK2DD	ENC1	core	no	NA	1.54950403726717	3.09650483366019e-08	1.50025474818758	5.90781794608756e-09	Both
ERK1AA	ENGASE	shared	no	unclassified	1.74352199401262	1.08896669021726e-07	0.234686424068001	0.0104364005492571	AP-MS
ERK1WT	ENGASE	AP-MS	no	unclassified	1.72767323834407	3.30938077378635e-09	-0.0994727734152118	0.274172629109983	AP-MS
ERK1DD	ENGASE	AP-MS	no	unclassified	1.82297281596303	1.52535411093129e-08	-0.0744639877504008	0.43264161294859	AP-MS
MEK2DD	ENTPD7	AP-MS	no	NA	1.21183386459407	6.86677120462522e-05	NA	NA	AP-MS
Raf1D486A	ENTR1	shared	no	early_endosome	0.508360425278628	0.00160566927598769	1.01196035760134	2.22260176773027e-05	Both
ArafWT	ENTR1	AP-MS	no	early_endosome	1.61525713620193	3.76826418002645e-08	0.20384320566739	0.244914318303362	Both
Raf1S257L	ENTR1	AP-MS	no	early_endosome	2.06406186492375	2.27076748067147e-09	0.134738180382167	0.389808341948755	Both
ArafS214P	ENTR1	AP-MS	no	early_endosome	1.51277621444373	2.15350421901673e-06	0.162389981637453	0.373985509450791	Both
Raf1S259F	ENTR1	AP-MS	no	early_endosome	1.39820586242959	8.51256110148364e-06	-0.154989510681791	0.327324438291547	Both
ArafD447A	ENTR1	AP-MS	no	early_endosome	1.26738948693825	4.06658221915502e-07	0.263877737404742	0.0976274963709485	Both
HrasQ61R	ENTR1	TbID	no	early_endosome	0.0353477865153614	0.860290328621104	1.13947110932947	1.5682218970193e-05	Both
ERK1AA	EPB41L3	AP-MS	no	actin_cytoskeleton	0.984656644502124	1.61573855422831e-05	-0.259459509987202	0.00473396910391867	AP-MS
HrasS17N	EPB41L4B	TbID	no	NA	0.220283409139351	0.225737132640449	0.997094599703899	2.05951622257037e-07	TbID
BrafD594N	EPB41L4B	TbID	no	NA	0.170773156188588	0.466993566783677	1.16401727100796	2.06141710932392e-08	TbID
ERK2DD	EPB41L4B	TbID	no	NA	0.211766997247334	0.287269579192857	0.860203716849216	5.1475457303745e-06	TbID
NrasS17N	EPB41L4B	TbID	no	NA	-0.0960961540461223	0.677898326327925	0.920591545512189	2.54191492508877e-06	TbID
HrasQ61R	EPB41L5	shared	no	plasma_membrane	0.383479725135227	0.0209680852526895	0.820345352937149	0.000253350990736074	TbID
BrafG469A	EPCAM	shared	yes	NA	0.494866485591015	0.00405664600375343	1.02440780685677	1.00132963090511e-06	Both
Raf1S259F	EPCAM	shared	yes	NA	0.777706671646077	0.000903650203088575	1.34050511777964	7.59257934508445e-08	Both
MEK1DD	EPCAM	shared	yes	NA	0.609044799628551	0.0056938691836673	1.10337927582523	7.94569168244969e-07	Both
MEK2DD	EPCAM	shared	yes	NA	1.4235446312865	1.34563123887539e-06	0.511872295918397	0.000863866334629446	Both
ArafS214P	EPHA2	shared	yes	plasma_membrane	0.674570161824858	3.66723272656318e-05	1.39052181685272	3.62415390544266e-09	Both
BrafG469A	EPHA2	shared	yes	plasma_membrane	1.14153979369818	4.826323217896e-07	1.50297161639811	3.06354794428873e-09	Both
MEK1DD	EPHA2	core	yes	plasma_membrane	1.2603914344707	1.89625695715785e-07	1.38044946369451	1.73417509058939e-08	Both
MEK2DD	EPHA2	core	yes	plasma_membrane	1.87224822490186	3.3287466009848e-09	1.43361600006435	9.50925536101626e-09	Both
Raf1S259F	EPHA2	core	yes	plasma_membrane	1.50906557216525	3.35295620562714e-07	1.98828491378322	2.29867451257006e-10	Both
Raf1S257L	EPHA2	shared	yes	plasma_membrane	0.996522244616077	5.98444806376049e-07	0.997737676219243	2.03503723364104e-07	Both
HrasG13R	EPHA2	TbID	yes	plasma_membrane	0.155911025602491	0.265865711864046	1.12700080044528	2.47884746444832e-07	Both
BrafV600E	EPHA2	shared	yes	plasma_membrane	1.12066683073971	4.90816679200651e-07	1.21500697807424	1.80460903242073e-08	Both
HrasG13R	EPHA5	TbID	no	NA	-0.478383401479834	0.173271740350951	0.782017723046489	1.64885651538163e-05	TbID
HrasG13R	EPHA7	TbID	no	plasma_membrane	-0.671254748889179	0.00571130027608077	0.932332074704642	3.08142779567375e-07	TbID
ArafS214P	EPHB4	TbID	yes	plasma_membrane	0.015252593221401	0.953045343613537	1.02731003435303	1.293031326108e-07	TbID
HrasG13R	EPHB4	TbID	yes	plasma_membrane	0.111175989298585	0.70519232702839	0.868467933510095	2.33788820081353e-06	TbID
ArafD447A	EPHB4	TbID	yes	plasma_membrane	-0.15874738767217	0.502944381137866	0.970864959868323	2.47184276559162e-07	TbID
BrafV600E	EPHX4	shared	no	ER	0.882207174248557	7.74180036335681e-05	1.27159159598706	9.59316560779549e-10	Both
MEK1DD	EPHX4	shared	no	ER	0.976046716894693	4.97235814405346e-05	0.932182648896339	2.81925666267822e-07	Both
MEK2DD	EPHX4	core	no	ER	2.34622204427562	4.28546839666282e-09	0.874844768459012	8.17477608343367e-08	Both
Raf1S259F	EPHX4	shared	no	ER	0.693137165515155	0.00239629337496832	1.0276924656213	9.51830404957047e-09	Both
BrafG469A	EPHX4	shared	no	ER	0.94472506896421	2.78868295050107e-05	1.55079720030531	1.52139100019398e-10	Both
ArafS214P	EPPK1	shared	no	cytosol	0.726798386178055	2.55937696164494e-05	0.982600467514108	9.98662664749022e-09	TbID
MEK1AA	ERAP2	AP-MS	no	NA	1.7243784289561	0.0314444626782872	-0.0765451012651195	0.449293860400497	AP-MS
ArafS214P	ERBIN	shared	no	plasma_membrane	0.501276147507757	0.000229956868553164	1.16315320223843	2.39911075035898e-09	TbID
MEK2WT	ERCC6L	shared	no	unclassified	0.699780927611447	3.95530694077652e-05	1.16241634390237	2.9233032071958e-09	TbID
MEK2DD	ERCC6L	shared	no	unclassified	0.849186534630867	1.07852201193062e-06	0.991846331730297	1.1540375196915e-08	TbID
MEK2AA	ERCC6L	shared	no	unclassified	0.364883871428974	0.00977666585657163	0.945148024334447	1.53017565308928e-08	TbID
ERK1AA	ERF	core	yes	nucleus	1.88605032306386	1.21767875545665e-05	2.06286866418619	1.39333104087383e-09	Both
ERK2DD	ERF	shared	yes	nucleus	0.920514311348367	0.00171511512631887	1.07178959840095	1.10667725236259e-07	Both
ERK1DD	ERF	core	yes	nucleus	2.61976897176574	2.32300512445273e-06	2.23293191518593	2.51315146589966e-10	Both
ERK1WT	ERF	core	yes	nucleus	3.97646108283011	4.74772356309607e-09	2.4660881967702	1.63663140714227e-10	Both
ERK2AA	ERF	core	yes	nucleus	1.21298934539774	0.000247124386689213	1.46857462921758	1.5726158335071e-08	Both
ERK2WT	ERF	core	yes	nucleus	3.23045426346097	3.40080862054269e-08	2.11783213216951	1.18548804598788e-10	Both
ERK1WT	ERICH1	TbID	no	unclassified	-0.274677553613172	0.767973106847479	0.928533664374233	1.65065577171788e-06	TbID
MEK2DD	ERLEC1	shared	no	ER	0.550265816820111	0.000817535618955387	0.906761370083947	9.78979654068109e-07	TbID
KrasG12D	ERO1B	shared	no	ER	0.258111377251955	0.00447919261953991	0.902125974866744	1.64823537146559e-06	TbID
HrasG13R	ERP44	TbID	no	ERGIC	-0.563503935441542	0.0154866038768912	0.777730950985388	4.81798920238859e-07	TbID
Raf1S257L	ERRFI1	shared	no	NA	0.915388337597396	0.00359163498859485	0.985983048204907	1.73751270661609e-07	Both
BrafV600E	ERRFI1	shared	no	NA	0.614968388321038	0.0479688726138045	0.860048612136595	3.63911934343867e-07	Both
MEK2AA	ERRFI1	TbID	no	NA	0.237665360506485	0.628884446939308	0.906876881391361	1.28415406386414e-07	Both
ERK2WT	ERRFI1	TbID	no	NA	0.0935938713260647	0.810239497216551	1.01620830068822	7.85313210993005e-07	Both
Raf1S259F	ERRFI1	core	no	NA	1.16999966680609	0.000742703112011105	1.0750906149529	2.9379912186611e-08	Both
MEK1DD	ERRFI1	shared	no	NA	1.13519549701997	0.00147237412588411	1.87639483901349	5.25850902220625e-10	Both
MEK2DD	ERRFI1	TbID	no	NA	0.067501856283615	0.831937991330543	2.43082471208162	3.15555777853519e-11	Both
HrasG13R	ESD	TbID	no	cytosol	0.348775256374679	0.127126509713005	0.829225280389689	0.000256967201460235	TbID
HrasS17N	ESRRA	TbID	yes	nucleus	0.430144817198825	0.11971553108574	1.3397905147632	4.8732062003734e-06	TbID
ArafWT	ESRRA	TbID	yes	nucleus	0.0291148443000424	0.92770509239528	1.09291571026837	0.000151825687087777	TbID
Raf1S259F	ESRRG	TbID	no	nucleus	NA	NA	0.893330937123714	0.00033385606174957	TbID
BrafD594N	ESRRG	TbID	no	nucleus	NA	NA	1.21754709326417	4.21844957052588e-05	TbID
BrafWT	ESRRG	TbID	no	nucleus	NA	NA	0.842357901187681	0.000828543634952846	TbID
ArafWT	ESRRG	TbID	no	nucleus	NA	NA	1.23075499717082	3.01939079256588e-05	TbID
HrasS17N	ESRRG	TbID	no	nucleus	NA	NA	2.14024368289446	2.36755349869616e-07	TbID
Raf1WT	ESRRG	TbID	no	nucleus	NA	NA	0.982384487767875	0.000195206985040021	TbID
MEK2DD	ETF1	shared	no	unclassified	0.423433058092226	0.000287133568417835	0.963331832765522	1.50513807368496e-09	TbID
HrasG13R	ETFA	TbID	yes	mitochondrion	-0.252994585468224	0.0960313437542009	0.89195941986485	1.21492238933636e-07	TbID
Raf1S259F	ETS2	AP-MS	no	NA	1.40864082752892	7.46716128355368e-05	0.512028342939411	0.305552303063739	Both
Raf1S257L	ETS2	core	no	NA	1.21339862914742	0.000312053391416945	1.04420710812141	0.0261912614629942	Both
MEK1DD	ETS2	TbID	no	NA	0.744798587094297	0.0798438813583941	0.973811678476742	0.0389326908799555	Both
BrafV600E	ETS2	shared	no	NA	0.906248454910804	0.00355222433621671	1.22415590214013	0.010280734091978	Both
MEK2DD	ETS2	shared	no	NA	0.979438101373857	0.00735108685174662	1.39036253976284	0.00503756914977145	Both
ERK2WT	ETV3	core	no	nucleolus	1.52142498968835	3.40080862054269e-08	2.85814800929495	3.33415968253668e-12	Both
ERK1AA	ETV3	core	no	nucleolus	1.1668149766243	6.81965512900466e-07	2.93804489858872	8.69482133229404e-12	Both
ERK2DD	ETV3	shared	no	nucleolus	0.567261942605454	0.000676809803981367	1.70106130756398	1.16033803305965e-09	Both
ERK2AA	ETV3	shared	no	nucleolus	0.735105989807054	4.62329946430311e-05	2.21518709004211	2.2073726403672e-11	Both
ERK1DD	ETV3	shared	no	nucleolus	0.897258007555486	3.00019807078765e-05	2.54506152041304	4.12800371678777e-12	Both
ERK1WT	ETV3	core	no	nucleolus	1.33427843839021	9.67408310099848e-07	2.68528548269493	1.63663140714227e-10	Both
BrafG469A	ETV4	AP-MS	yes	NA	1.85672922613217	6.87449832414221e-05	NA	NA	AP-MS
Raf1S259F	ETV4	AP-MS	yes	NA	1.80342479683914	7.51220033485194e-05	NA	NA	AP-MS
BrafD594N	ETV4	AP-MS	yes	NA	1.40476633423345	0.00197545938044414	NA	NA	AP-MS
BrafV600E	ETV4	AP-MS	yes	NA	1.39789988598221	0.0012538853948591	NA	NA	AP-MS
MEK2DD	ETV4	AP-MS	yes	NA	1.86423991610408	9.8534622055899e-05	NA	NA	AP-MS
Raf1S257L	ETV4	AP-MS	yes	NA	1.6994967112582	9.16949258162587e-05	NA	NA	AP-MS
MEK1DD	ETV4	AP-MS	yes	NA	1.82200939181624	0.000214355173259716	NA	NA	AP-MS
ArafS214P	ETV4	AP-MS	yes	NA	1.62225268784523	0.00018379582915872	NA	NA	AP-MS
HrasS17N	EWSR1	shared	yes	nucleus	0.462185789224328	0.00183094261294794	0.877415020635965	2.22535539360927e-07	TbID
BrafG469A	EXT1	TbID	yes	NA	-0.313946135074728	0.0401086092420124	0.84422622332579	2.75170626053048e-09	TbID
BrafWT	EYA2	shared	no	NA	2.06594925031172	0.00126759702285931	0.372492323719276	0.000339663116418282	AP-MS
Raf1S257L	EYA2	shared	no	NA	2.18658497930958	0.000405644837365875	0.287972789051753	0.00180938849150167	AP-MS
ArafD447A	EYA2	shared	no	NA	2.73931075708524	0.00016303859736811	0.227556328767555	0.00895568745209557	AP-MS
BrafD594N	EYA2	shared	no	NA	2.16284503149148	0.00254893125780408	0.213899337177047	0.0199477506765944	AP-MS
HrasS17N	EYA2	shared	no	NA	2.03393057181737	0.000439431327213614	0.443045921470225	5.78862279212849e-05	AP-MS
Raf1WT	EYA2	shared	no	NA	2.16008600695923	0.000852732042247642	0.406534685629476	0.000161922299916107	AP-MS
ArafS214P	EYA2	AP-MS	no	NA	2.82126775229323	5.63838712071582e-05	-0.0505917016352533	0.623691730582691	AP-MS
ArafWT	EYA2	shared	no	NA	2.45181244173029	0.000110974580417861	0.446717277390087	6.41467745269272e-05	AP-MS
Raf1S259F	EYA2	shared	no	NA	2.03498078998051	0.000824245383146075	0.338929335719596	0.00102428943683406	AP-MS
ERK2WT	EYA3	shared	no	cytosol	1.09981421685137	1.98190470373094e-05	0.357759155826331	0.00038742443279933	AP-MS
ERK1WT	EYA3	shared	no	cytosol	1.05376665799871	4.57897651303983e-05	0.32375210971651	0.00162786698066217	AP-MS
Raf1S259F	EYA4	AP-MS	yes	unclassified	1.25877848152236	3.20515454893219e-06	-0.0605009077046305	0.400344840135725	AP-MS
Raf1D486A	F13A1	TbID	yes	NA	NA	NA	2.58660890701575	5.0732956362827e-07	TbID
MEK2DD	F2R	AP-MS	yes	plasma_membrane	1.27394067008355	0.000468443772332086	0.266529037572113	0.104318322254347	AP-MS
BrafV600E	F2RL1	shared	yes	NA	0.966150623916331	0.000353367195245581	1.50441322894447	1.55301571583615e-10	Both
BrafG469A	F2RL1	shared	yes	NA	0.658613102491102	0.00085946199252562	1.50815229403242	1.60385878416315e-10	Both
ArafS214P	F2RL1	TbID	yes	NA	0.0441127372719984	0.82481211177804	1.16996200852995	2.72019445505272e-09	Both
Raf1S257L	F2RL1	TbID	yes	NA	0.0380086658650096	0.840905394460736	1.06234750912427	9.50253277728327e-09	Both
MEK1DD	F2RL1	TbID	yes	NA	0.365236060776863	0.0843804359277485	0.954341032935426	4.69504734763794e-08	Both
MEK2DD	F2RL1	core	yes	NA	1.18957924768795	3.74804038092729e-05	1.40278537726011	7.25432303018621e-10	Both
Raf1S259F	F2RL1	TbID	yes	NA	0.206405880799987	0.292974800453635	1.57858041384447	1.30410208714567e-10	Both
ERK2AA	F5	AP-MS	yes	NA	1.56640025865605	0.00281824181703122	NA	NA	AP-MS
NrasQ61R	F5	AP-MS	yes	NA	1.526709111814	0.00373011890647093	NA	NA	AP-MS
ERK1AA	F5	AP-MS	yes	NA	2.1949063647396	0.000380094650604018	NA	NA	AP-MS
HrasG13R	F5	AP-MS	yes	NA	1.94693692009826	0.0012848212773454	NA	NA	AP-MS
Raf1D486A	FAAH	TbID	yes	NA	-0.0791859596193057	0.716785500192271	0.952210672754634	7.13806359786136e-08	TbID
BrafG469A	FAAH2	TbID	no	NA	0.450520634175305	0.0658301991552264	1.1360469432366	6.07230153410233e-08	TbID
BrafV600E	FAAH2	TbID	no	NA	0.439898652872007	0.0857557879995163	0.991997381594934	1.49357261534983e-07	TbID
Raf1S257L	FADS1	shared	no	ER	0.420561574787406	0.0083574292867278	1.01407358811987	5.24308392695701e-09	TbID
HrasS17N	FADS1	shared	no	ER	0.622907984078566	0.00113637750093191	1.16101049673953	1.4478162051129e-09	TbID
ArafWT	FADS2	TbID	yes	ER	-0.512586878746699	0.000449328619672928	0.992425672781597	7.23647178051631e-08	TbID
Raf1WT	FADS2	TbID	yes	ER	-0.0628171739605072	0.692131310111496	1.25088780078096	7.54650309947355e-09	TbID
NrasQ61K	FADS2	TbID	yes	ER	0.0406925764242148	0.785521544172878	0.96676379331258	5.36650762282415e-07	TbID
ERK2AA	FADS2	TbID	yes	ER	0.150897230184888	0.252396784484901	1.08723426141617	1.04707669109843e-07	TbID
NrasWT	FADS2	TbID	yes	ER	0.131178509607346	0.383712228810868	1.08771246804012	4.19859373598597e-07	TbID
NrasS17N	FADS2	TbID	yes	ER	-0.0383756695606556	0.802859614563251	0.809099749149637	1.80411432691766e-06	TbID
ERK2DD	FADS2	TbID	yes	ER	-0.21825680310814	0.0841866890125165	0.980434842035759	1.72255360136133e-07	TbID
BrafWT	FADS2	TbID	yes	ER	0.108521194867442	0.460464285972828	0.908455004846105	5.02295176642558e-07	TbID
BrafD594N	FADS2	TbID	yes	ER	0.101161685877693	0.54711673721964	0.903331388727506	2.15632944411288e-07	TbID
Raf1S257L	FADS2	TbID	yes	ER	0.183217113387347	0.1575365684384	1.53965780157596	1.02748970722319e-09	TbID
HrasS17N	FADS2	TbID	yes	ER	0.155118115262924	0.238759982391613	1.35646851764824	1.0899193003494e-08	TbID
BrafG469A	FADS3	TbID	no	NA	0.763451330490084	0.0578373007423163	1.82770729567997	1.93535907130803e-09	Both
BrafV600E	FADS3	TbID	no	NA	-0.0926321292886758	0.873153913470662	1.3140007012909	7.28909405364293e-08	Both
MEK1DD	FADS3	TbID	no	NA	0.605373347766897	0.164600257214085	1.17242110508504	8.06806783445195e-08	Both
KrasWT	FADS3	TbID	no	NA	NA	NA	0.795602011701561	9.73022150984418e-06	Both
MEK2DD	FADS3	shared	no	NA	1.21645098725337	0.00678891145263331	0.65621810190372	5.595823687308e-05	Both
Raf1S259F	FADS3	TbID	no	NA	0.596742862676124	0.166682601964243	1.42398766944671	7.60576496121417e-09	Both
MEK2DD	FAM107B	TbID	no	cytosol	-0.6488211383585	0.3058661780769	0.974297468148337	1.08086970951491e-08	TbID
MEK2AA	FAM107B	TbID	no	cytosol	-0.163424859410238	0.889675057907542	0.900960996670522	4.28987572827273e-08	TbID
MEK2DD	FAM110A	TbID	no	NA	-0.0417157412735424	0.84898201157211	1.07351821295631	2.04117668702961e-07	TbID
BrafV600E	FAM111B	shared	yes	NA	0.73451122478498	0.00115051295816623	1.44732892380267	3.46208307258629e-10	TbID
MEK1DD	FAM111B	shared	yes	NA	0.855285213325434	0.000149812435852452	1.09383340787824	2.00778023186257e-08	TbID
BrafG469A	FAM111B	shared	yes	NA	0.76118476002733	0.000599436199537428	1.51031917148718	2.4374196943521e-10	TbID
BrafWT	FAM111B	TbID	yes	NA	0.020865764070657	0.929406409734512	0.881807985181451	6.80093837206326e-07	TbID
ArafS214P	FAM111B	shared	yes	NA	0.708621430846498	0.00109345851057466	1.07458233263601	3.21370974677913e-08	TbID
Raf1S259F	FAM111B	shared	yes	NA	0.532757719202665	0.0075885161244357	0.942967733295979	1.12672208808959e-07	TbID
BrafD594N	FAM111B	TbID	yes	NA	0.0967709755004059	0.675182713609209	0.840279982287467	4.46531725034833e-06	TbID
HrasQ61R	FAM111B	TbID	yes	NA	0.144581052294953	0.438395188768299	0.958633942117782	3.14574515234215e-07	TbID
Raf1S257L	FAM111B	shared	yes	NA	0.436124516605168	0.00888319753773118	1.01256912405369	3.23829503965017e-08	TbID
ArafS214P	FAM171A1	shared	no	plasma_membrane	0.766392114829138	0.00398279175087717	0.858464899089419	6.54423460833995e-09	TbID
ArafD447A	FAM171A1	shared	no	plasma_membrane	0.799953913269793	0.0025896999744361	0.845763613313291	2.43483680496924e-08	TbID
ArafS214P	FAM171A2	TbID	no	plasma_membrane	0.145586200724614	0.524130549869942	1.14449621503966	1.26835173933773e-10	TbID
MEK1WT	FAM193B	TbID	no	stress_granule	0.122287045998751	0.818149201251084	0.992782654650652	4.5667536382774e-10	TbID
KrasS17N	FAM200B	TbID	no	NA	-0.307959225755202	0.0243488740940864	0.852904471521894	0.00962833424016766	TbID
KrasWT	FAM200B	TbID	no	NA	-0.222597424643722	0.119843621038447	0.874959467043021	0.00726265874022685	TbID
KrasG12D	FAM200B	TbID	no	NA	-0.317535151904643	0.0383037481185975	0.870046599590336	0.00798427667987849	TbID
MEK2DD	FAM210A	AP-MS	no	mitochondrion	1.4515627852762	4.84127874143743e-06	NA	NA	AP-MS
NrasQ61R	FAM210B	AP-MS	no	mitochondrion	1.27846439270746	2.13070041140934e-05	NA	NA	AP-MS
MEK2DD	FAM210B	AP-MS	no	mitochondrion	1.03278621526794	7.4290384068708e-05	NA	NA	AP-MS
Raf1S259F	FAM241B	TbID	no	ER	NA	NA	0.9140494185243	2.50177010074042e-05	TbID
MEK1DD	FAM241B	TbID	no	ER	NA	NA	0.9675359739666	8.79882604769161e-05	TbID
BrafG469A	FAM241B	TbID	no	ER	NA	NA	0.956326190867426	8.42458368600152e-05	TbID
Raf1S257L	FAM241B	TbID	no	ER	NA	NA	1.02786403528598	0.000114278782961313	TbID
BrafG469A	FAM43A	AP-MS	no	NA	1.40928214641545	0.000193847836554179	NA	NA	AP-MS
BrafV600E	FAM43A	AP-MS	no	NA	1.51879336854575	0.000170766364860995	NA	NA	AP-MS
MEK2DD	FAM43A	AP-MS	no	NA	1.04616612201105	0.00198979782907276	NA	NA	AP-MS
MEK2DD	FAM83B	TbID	no	NA	-0.301996972821494	0.00551777914578511	0.954220450213952	1.94572752397046e-08	TbID
ERK2AA	FAM83D	AP-MS	no	unclassified	1.48634063254583	4.76737507052456e-06	-0.0781474193630914	0.34815613642934	AP-MS
ERK1AA	FAM83D	AP-MS	no	unclassified	1.27503927709363	6.16293749426178e-07	-0.262943490862726	0.00311093430687101	AP-MS
ERK1DD	FAM83D	AP-MS	no	unclassified	1.24027260805323	5.15805042203472e-06	-0.217155695472527	0.0232064754097409	AP-MS
ERK2WT	FAM83D	AP-MS	no	unclassified	1.95760961416618	2.46928390716181e-09	0.00393284395552279	0.961376955834203	AP-MS
ERK1WT	FAM83D	AP-MS	no	unclassified	1.78632849152181	2.06861719635877e-08	-0.235403562580139	0.00958750325191012	AP-MS
ERK2DD	FAM83D	AP-MS	no	unclassified	1.08092097956882	1.11292950173036e-05	-0.221829331283867	0.00691206564900095	AP-MS
MEK2DD	FAM83G	TbID	no	14-3-3_scaffold	0.444992442878832	0.210203633360005	2.01226810816757	1.07415901128089e-12	Both
MEK1DD	FAM83G	core	no	14-3-3_scaffold	1.65975615674269	0.00104693662147881	1.23003462312214	5.38211538013803e-10	Both
Raf1S257L	FAM83H	shared	yes	cytosol	1.17120449749191	1.79264676160775e-07	0.537994884902257	1.9175525423875e-07	Both
MEK2DD	FAM83H	TbID	yes	cytosol	0.138862265845635	0.23345993280825	1.23867946990685	4.64845942057397e-11	Both
ArafWT	FAM89A	AP-MS	no	NA	1.23044786621714	3.67015669066344e-06	0.00797296676766911	0.935769003603781	AP-MS
ArafS214P	FAM91A1	shared	no	trans-Golgi	1.19774998712342	2.48468857227534e-05	0.514774837648626	2.12495625260431e-07	AP-MS
ArafWT	FAM91A1	shared	no	trans-Golgi	1.65648945769505	1.04063824673492e-07	0.24368097067923	6.11533311098807e-05	AP-MS
BrafG469A	FAM98A	TbID	no	stress_granule	0.185255365394148	0.204682105436015	0.885910720408665	4.83855901103086e-10	TbID
MEK2AA	FAM98A	TbID	no	stress_granule	0.208895439732696	0.303771799505753	1.58020545097504	3.09208123064983e-12	TbID
KrasS17N	FANCM	AP-MS	yes	NA	1.24890522383952	2.82662566631277e-05	-0.298563675054174	4.68415833340589e-05	AP-MS
KrasG12V	FANCM	AP-MS	yes	NA	0.949587519896657	5.36531967542339e-05	-0.290242538809325	9.2699532141059e-05	AP-MS
KrasWT	FANCM	AP-MS	yes	NA	1.14041462884675	9.41880462279869e-05	-0.552646722968513	9.33714123385531e-06	AP-MS
KrasG12D	FANCM	AP-MS	yes	NA	1.2109016462657	8.23868996805642e-06	-0.345108772693434	0.000194290276082078	AP-MS
BrafG469A	FAR1	TbID	yes	peroxisome	-0.120557773182886	0.547531636978737	0.980337322183663	2.6363764210925e-09	TbID
Raf1S257L	FAR1	TbID	yes	peroxisome	0.0716245229195961	0.729952442956233	0.98587837876434	2.96139172547638e-09	TbID
ArafS214P	FAR2	shared	no	peroxisome	0.679631972965822	0.000738683092263579	1.13745486975928	3.93752425270475e-09	TbID
NrasWT	FAR2	TbID	no	peroxisome	0.161166518138138	0.336434855115818	0.992644347933353	2.68978728611462e-07	TbID
HrasS17N	FAR2	TbID	no	peroxisome	-0.0913457185542633	0.548568048822541	0.867237493889407	3.8170645033318e-08	TbID
Raf1S259F	FAR2	shared	no	peroxisome	0.419726001179857	0.0306114023056188	1.18984660440878	1.37690588931228e-09	TbID
BrafG469A	FAR2	shared	no	peroxisome	0.43434726429217	0.0060845194309531	1.48579905465912	9.89396658988226e-11	TbID
BrafV600E	FAR2	shared	no	peroxisome	0.71019108370538	0.000272533030524919	1.33761405767276	1.88287422654887e-10	TbID
MEK1DD	FAR2	shared	no	peroxisome	0.398782237189466	0.0200466769864374	1.11592659114214	7.18555369700885e-09	TbID
MEK2DD	FAS	AP-MS	yes	plasma_membrane	0.999588690723375	0.000108063006354309	NA	NA	AP-MS
MEK2AA	FASN	TbID	yes	cytosol	0.243926070114903	0.210714826307319	1.10045303931808	2.41688115525623e-08	TbID
MEK1WT	FASN	TbID	yes	cytosol	0.358727170225576	0.0642513445666392	0.946712770164444	8.0912824856143e-08	TbID
MEK2WT	FASN	TbID	yes	cytosol	0.324319958984111	0.104869248806376	0.912369359881666	2.43529459757479e-07	TbID
ArafS214P	FAT1	shared	yes	ER	1.19395548654803	1.64381666755981e-05	0.313354140498677	0.0078102644248138	AP-MS
BrafV600E	FBH1	shared	no	NA	0.585563911076026	0.00296220766111643	1.51018347386963	2.65725764625678e-09	Both
BrafG469A	FBH1	shared	no	NA	0.426158740924756	0.0153252109625614	1.27212867657353	9.18877091263328e-09	Both
Raf1D486A	FBH1	shared	no	NA	0.736401630786294	0.000402893857614529	1.14011439363371	3.5855424979792e-08	Both
NrasS17N	FBH1	TbID	no	NA	0.0506814001606465	0.808742488514871	1.17469699060399	4.7987689672167e-07	Both
MEK1WT	FBH1	TbID	no	NA	0.209616331625641	0.362078182722091	1.27980164258473	7.58224977804679e-09	Both
ERK2AA	FBH1	TbID	no	NA	0.126047813951854	0.570814251826456	1.18360186960361	3.80093145232005e-07	Both
NrasQ61K	FBH1	TbID	no	NA	0.287321459899696	0.232928397699661	1.24891711342629	1.40001741034358e-07	Both
Raf1WT	FBH1	shared	no	NA	0.658195585956541	0.00186566039001684	1.54226072738489	1.14453889757255e-09	Both
ArafD447A	FBH1	shared	no	NA	1.13819893297989	9.95916658467575e-06	1.24907053279689	2.31163169190538e-08	Both
ArafWT	FBH1	core	no	NA	1.25897154652395	3.40185588881323e-06	1.53971475511683	2.33873028862978e-09	Both
NrasQ61R	FBH1	TbID	no	NA	0.121742160980673	0.510327583599554	1.01023524636405	3.15822157711432e-07	Both
BrafD594N	FBH1	shared	no	NA	0.548540068994007	0.00731231338087184	1.33841964009749	2.83914887444252e-08	Both
ERK1DD	FBH1	shared	no	NA	0.366231444633074	0.0412221711915768	1.17120514014066	2.25893811244142e-07	Both
MEK1AA	FBH1	TbID	no	NA	0.332327454183439	0.146267017699044	1.19516218647993	4.16466775587357e-08	Both
HrasWT	FBH1	TbID	no	NA	0.260657303931792	0.184719841358489	0.890370925469745	7.80482424628201e-06	Both
HrasG13R	FBH1	TbID	no	NA	0.446932606166107	0.0576575518388717	0.864039094155415	3.36123178653674e-06	Both
ERK2DD	FBH1	TbID	no	NA	0.362739412802248	0.0829695343552274	1.31892138107655	4.6229492342984e-08	Both
HrasS17N	FBH1	TbID	no	NA	0.239134545924554	0.188620442237791	1.39964063591108	5.78485766320831e-09	Both
MEK2WT	FBH1	TbID	no	NA	0.342611029966179	0.122906115513484	1.135645719313	3.30859806368941e-08	Both
ERK2WT	FBH1	shared	no	NA	0.490600888930376	0.0193977988241504	0.967751627530246	3.67108394486972e-07	Both
MEK1DD	FBH1	shared	no	NA	0.548945880523294	0.00352329224044821	1.13417686465549	2.15766480606903e-08	Both
Raf1S259F	FBH1	shared	no	NA	0.651611486540048	0.000743419719280271	1.23889040556501	5.81526694513162e-09	Both
BrafWT	FBH1	TbID	no	NA	0.328374433726539	0.0741904604173473	1.5596480937344	5.02522852403671e-09	Both
Raf1S257L	FBH1	shared	no	NA	0.553501855073787	0.00265900645012907	1.47542997826434	4.29007430739897e-09	Both
NrasWT	FBH1	TbID	no	NA	0.217855722221462	0.238198472318254	1.23598117366596	1.77233898053926e-07	Both
HrasQ61R	FBH1	shared	no	NA	0.384691573040701	0.0324746187556562	0.894199022229424	2.48602543208809e-06	Both
MEK2DD	FBLIM1	shared	no	cytosol	0.763318903704476	0.000121441125895249	2.10648687814859	7.78324269667977e-12	TbID
MEK2WT	FBLIM1	TbID	no	cytosol	0.233301310957648	0.289245170472209	0.959775483758044	2.96728758564962e-08	TbID
KrasWT	FBN1	TbID	yes	NA	NA	NA	1.35675301964985	0.030299076700256	TbID
NrasQ61R	FBN2	shared	yes	ER	0.419978718697855	0.00279954536871832	1.55725970520664	4.83210185862048e-08	Both
ArafWT	FBN2	shared	yes	ER	1.57179025347582	1.55414512629981e-08	0.516692570333551	1.60472170102604e-05	Both
ERK2WT	FBRS	TbID	no	unclassified	0.0398701947001708	0.777278647895142	0.907543687971228	5.59912447615561e-08	TbID
ArafD447A	FBXL12	TbID	no	cytosol	-0.773762610051219	0.0038484509140687	0.963519779299005	6.60379959064373e-08	TbID
Raf1D486A	FBXL12	TbID	no	cytosol	-0.909007726599407	0.000912902537295054	0.952133889166172	1.47007540203557e-07	TbID
ERK1DD	FBXL14	shared	no	NA	0.97060837568849	0.00624127915318108	0.235815610293779	0.00785422478874188	AP-MS
BrafWT	FBXL3	TbID	no	cytosol	-0.0321200512760558	0.913485265947167	0.925054615911511	4.16102332123606e-08	Both
Raf1S257L	FBXL3	shared	no	cytosol	1.03626693867041	8.78274779402467e-06	0.922398889216332	3.2236287454558e-08	Both
ArafD447A	FBXL3	shared	no	cytosol	1.01712902104856	1.94874260881099e-05	0.929001878128815	1.34775626625703e-08	Both
ArafWT	FBXL3	shared	no	cytosol	1.20376576416426	3.84026476690566e-06	0.606349124418781	1.71648666983974e-06	Both
BrafV600E	FBXL3	shared	no	cytosol	0.486131202445344	0.00672248353219967	1.17322649285465	1.26043811430669e-09	Both
BrafV600E	FBXL6	TbID	no	NA	0.36619668428586	0.502280403683502	0.89819408010706	1.95885340412898e-08	TbID
BrafG469A	FBXL6	TbID	no	NA	0.01722826674554	0.976343570416054	1.05364067875695	8.96776076141528e-09	TbID
MEK2WT	FBXL6	TbID	no	NA	0.793018119111188	0.219930532926272	1.01112026958615	2.69711612077102e-08	TbID
HrasS17N	FBXL6	TbID	no	NA	-0.00245650807481791	0.996325434248903	0.889970053868859	5.71999360682191e-08	TbID
BrafV600E	FBXO11	TbID	yes	stress_granule	NA	NA	0.971109868404204	0.000210900751479595	TbID
Raf1S257L	FBXO11	TbID	yes	stress_granule	NA	NA	1.00719391145695	9.84299596805431e-05	TbID
BrafV600E	FBXO3	shared	no	cytosol	0.914077109700136	0.000324569080517852	0.926243933939388	1.94274391734524e-09	TbID
BrafG469A	FBXO3	shared	no	cytosol	0.596545597527798	0.011035598659727	0.888674424662123	6.12242236737332e-10	TbID
MEK1DD	FBXO32	TbID	yes	NA	NA	NA	1.02663413885676	1.93995572494735e-06	TbID
BrafG469A	FBXO32	TbID	yes	NA	NA	NA	1.12806787960955	6.28765716316542e-07	TbID
BrafV600E	FBXO8	TbID	no	NA	0.115553139563459	0.776744435305271	0.889370864920771	5.69293452567159e-08	TbID
BrafG469A	FBXO8	TbID	no	NA	0.0146454337012233	0.970232025966271	1.01684980696604	6.29876781871436e-09	TbID
ArafD447A	FBXO8	TbID	no	NA	-0.169800920165327	0.658685058962984	0.880896377280664	1.54943421262473e-07	TbID
BrafWT	FBXO8	TbID	no	NA	-0.0376287539202925	0.941106534523818	0.845282195418902	1.33596187865931e-07	TbID
Raf1S259F	FBXO8	TbID	no	NA	0.0364765153239175	0.936385188304157	1.01275537515918	2.46137044209828e-08	TbID
Raf1S257L	FBXW4	AP-MS	yes	cytosol	1.1821682565169	0.000787001346286226	-0.177337417358797	0.233381214447588	AP-MS
Raf1S259F	FBXW4	AP-MS	yes	cytosol	1.6221679141565	0.00390502767140592	-0.147459323784544	0.294750561290098	AP-MS
ArafD447A	FBXW5	AP-MS	no	NA	1.34289502676431	1.38239545769058e-06	0.158200080377277	0.588966189157319	AP-MS
ArafWT	FBXW5	shared	no	NA	2.4011422570582	1.41128547533857e-08	0.735992533500089	0.00830981864520656	AP-MS
Raf1WT	FBXW8	shared	no	cytosol	1.16411041827822	8.25938662699043e-07	0.330324984049533	0.0010855681722971	AP-MS
Raf1S257L	FBXW8	AP-MS	no	cytosol	1.41963456346509	1.4040085365612e-08	0.105986038941958	0.244449440542734	AP-MS
ArafS214P	FBXW8	shared	no	cytosol	1.30135795490025	2.15350421901673e-06	0.237933758177607	0.0104532513546517	AP-MS
HrasS17N	FDFT1	TbID	no	ER	-0.907988238978049	0.000714304381757081	1.1069970521437	2.44200105950428e-08	TbID
BrafG469A	FDFT1	TbID	no	ER	-0.895549824213736	0.000964284729146863	1.07310811235119	2.6643805025545e-09	TbID
Raf1S257L	FEM1B	shared	no	mitochondrion	1.53123721042738	1.36280050111403e-08	0.675711976142064	1.26806981640505e-07	AP-MS
Raf1S259F	FEM1B	shared	no	mitochondrion	1.3230159948726	5.0126221031604e-07	0.783821242159299	5.03167917528859e-08	AP-MS
BrafV600E	FEM1C	AP-MS	no	cytosol	1.98729240439061	9.26831534621326e-05	NA	NA	AP-MS
BrafWT	FEM1C	AP-MS	no	cytosol	1.55968902404032	6.70372031605864e-05	NA	NA	AP-MS
MEK2AA	FERMT2	shared	no	actin_cytoskeleton	0.497922015463912	0.0091228166427687	0.926360672140559	1.36310243134184e-08	TbID
ArafS214P	FES	AP-MS	yes	NA	1.18720322197899	0.000793428836339088	NA	NA	AP-MS
Raf1S259F	FEZ2	AP-MS	no	cytosol	1.18674145324225	8.58436098261676e-06	-0.608075782898964	0.0251745124390843	AP-MS
Raf1S257L	FEZ2	AP-MS	no	cytosol	1.34613870892887	6.26947715041144e-08	-0.0161522182005173	0.894419080907038	AP-MS
Raf1S259F	FGD6	AP-MS	no	NA	1.24629760269321	0.000549174285650948	-0.0764674062241279	0.220795518775414	AP-MS
HrasS17N	FGF12	TbID	yes	NA	NA	NA	1.24631109593728	4.74047966881277e-05	TbID
ArafWT	FGF12	TbID	yes	NA	NA	NA	1.4731200533138	2.0996562979891e-05	TbID
ArafWT	FGF13	TbID	yes	NA	-0.615877418881135	0.355236485888618	0.841651576390536	0.000141684293929837	TbID
ERK2WT	FGFR1	AP-MS	yes	NA	0.971409304001252	8.91479082259889e-05	-0.0164404924555558	0.935303872878628	AP-MS
HrasS17N	FGFR3	TbID	yes	NA	0.320654488331066	0.316485875206407	1.01799457886902	3.23534847080645e-06	TbID
Raf1D486A	FGG	TbID	yes	NA	NA	NA	1.71423283114717	2.81875791504676e-05	TbID
HrasQ61R	FGG	TbID	yes	NA	NA	NA	1.17689599305827	0.00229779750661939	TbID
Raf1S257L	FGG	TbID	yes	NA	NA	NA	0.912962703027818	0.00672321953048443	TbID
MEK2AA	FHIP2A	TbID	no	Golgi	0.384176113860523	0.165362000402086	0.887005311414756	6.02956205383691e-09	TbID
MEK2DD	FHL2	TbID	no	unclassified	0.529376846525276	0.103175362400605	0.953970892787298	2.65275594827347e-09	TbID
ERK2WT	FIGN	shared	no	NA	1.11217918608699	0.000941475025494065	0.417645988433388	0.00183599504496242	AP-MS
MEK1DD	FIP1L1	AP-MS	yes	unclassified	1.07193726070106	0.00468717884501594	-0.800737168318029	1.7088899246692e-06	AP-MS
NrasWT	FIS1	AP-MS	no	ER	1.16830403664502	0.0367656311701641	NA	NA	AP-MS
NrasS17N	FIS1	AP-MS	no	ER	1.11970954833085	0.0356218534195984	NA	NA	AP-MS
NrasQ61R	FIS1	AP-MS	no	ER	2.27265612295222	0.000445922101550501	NA	NA	AP-MS
BrafG469A	FITM2	TbID	yes	ER	-0.520623827192763	0.0344301705725203	0.977283488943012	3.25867645925055e-07	TbID
HrasG13R	FKBP1A	TbID	no	cytosol	0.0270447619205735	0.927733367934347	1.08947226276693	5.11959603183902e-07	TbID
Raf1WT	FKBP4	shared	yes	cytosol	2.9576585423093	5.08332013034127e-10	0.458223225599433	4.26391592768796e-07	Both
BrafV600E	FKBP4	shared	yes	cytosol	2.01908539803301	3.27261342883824e-08	0.150122268150633	0.0061653473726076	Both
MEK2DD	FKBP4	AP-MS	yes	cytosol	1.18439974066454	2.92076478014204e-06	0.0209748588985256	0.692976084968558	Both
ArafD447A	FKBP4	core	yes	cytosol	4.69137114947403	2.61450466225726e-12	1.23451173161683	7.0006462603916e-11	Both
ArafWT	FKBP4	core	yes	cytosol	5.25159584362892	3.56735311557878e-13	1.67141825868042	5.23957148321785e-12	Both
Raf1D486A	FKBP4	core	yes	cytosol	3.81970300578299	1.38495537992831e-11	1.17425555768733	9.19683822201034e-11	Both
Raf1S257L	FKBP4	shared	yes	cytosol	3.11634117615788	6.860813885591e-11	0.705511222015137	7.73570043470962e-09	Both
ArafS214P	FKBP4	core	yes	cytosol	4.06917167689314	8.70212339146792e-10	0.941874945754611	1.82606360549471e-09	Both
Raf1S259F	FKBP4	core	yes	cytosol	3.61123669937071	2.76237195433938e-09	0.874898278572828	8.7810155102195e-10	Both
BrafD594N	FKBP4	shared	yes	cytosol	1.5733804785111	6.10537665676988e-07	0.258070130966936	0.000157732649290639	Both
Raf1WT	FKBP5	shared	yes	cytosol	4.81152250332145	5.73220939080577e-11	0.221572032063735	0.000116231888562909	AP-MS
ArafD447A	FKBP5	shared	yes	cytosol	7.81699188522518	2.19800337006655e-13	0.708772664078912	6.30307167078688e-09	AP-MS
ERK2WT	FKBP5	AP-MS	yes	cytosol	1.21333252469811	0.000234515498336994	-0.190182761211508	0.000564294719469926	AP-MS
ArafWT	FKBP5	shared	yes	cytosol	7.91627072404786	1.58235119781426e-13	0.713886734625273	1.93370732093261e-09	AP-MS
MEK2AA	FKBP5	AP-MS	yes	cytosol	1.65056335071503	1.56649808579675e-05	-0.0995562511948156	0.0259013199390584	AP-MS
Raf1S257L	FKBP5	shared	yes	cytosol	5.32507303984788	2.57766079078295e-11	0.538941450588589	1.5034484614099e-08	AP-MS
ArafS214P	FKBP5	shared	yes	cytosol	7.13894063930911	8.70212339146792e-10	0.588502122558263	4.90560173654637e-08	AP-MS
ERK1DD	FKBP5	AP-MS	yes	cytosol	1.32179734955753	7.53079456596669e-05	-0.268152073516778	7.77581352770673e-05	AP-MS
BrafV600E	FKBP5	shared	yes	cytosol	4.18588232223796	1.76161102847317e-10	0.339146903978479	2.3475152171802e-06	AP-MS
MEK2DD	FKBP5	shared	yes	cytosol	3.31717577494868	2.24889174646432e-08	0.282932855018618	1.45580982323505e-05	AP-MS
BrafD594N	FKBP5	AP-MS	yes	cytosol	2.23581821476766	3.64602864194576e-07	-0.118763244903657	0.010742389134301	AP-MS
Raf1S259F	FKBP5	shared	yes	cytosol	5.98642816024567	2.19892102454931e-10	0.731189376419753	6.27679115801962e-10	AP-MS
ERK2AA	FKBP5	AP-MS	yes	cytosol	1.0367595811091	0.000166434579490232	-0.217705975031506	0.000370184834603341	AP-MS
BrafWT	FKBP5	AP-MS	yes	cytosol	1.59580088383646	1.3498490122141e-05	-0.242263625511649	6.89182349845001e-05	AP-MS
ERK1WT	FKBP5	AP-MS	yes	cytosol	2.90633567717212	1.69978364306403e-07	-0.144511190584354	0.0133779826445657	AP-MS
MEK2WT	FKBP5	AP-MS	yes	cytosol	1.33290156305602	0.000168077967563847	-0.149434396661121	0.00209212707307253	AP-MS
Raf1D486A	FKBP5	shared	yes	cytosol	6.77239395067404	6.40888941795453e-13	0.480637355069713	6.55710497369875e-08	AP-MS
BrafG469A	FKBP5	shared	yes	cytosol	1.58764717872834	3.43247586518906e-06	0.151032909609546	0.00317086469263626	AP-MS
ERK1AA	FKBP5	AP-MS	yes	cytosol	2.10938637545072	3.28345911041435e-06	-0.277481068553233	2.2724358311005e-05	AP-MS
Raf1D486A	FKBP8	AP-MS	no	NA	1.60888221077005	2.31523548025822e-06	0.118147750485634	0.124357474518755	AP-MS
ArafD447A	FKBP8	AP-MS	no	NA	2.28954090486995	4.95851883641497e-08	-0.264070743012282	0.00178812236215571	AP-MS
Raf1S259F	FKBP8	AP-MS	no	NA	1.62948631387966	3.39324777146597e-05	-0.0666258134148537	0.298818864556354	AP-MS
Raf1WT	FKBP8	AP-MS	no	NA	1.80335220566958	5.76901504260473e-07	-0.122264295199327	0.0601306449690437	AP-MS
Raf1S257L	FKBP8	AP-MS	no	NA	1.41327958852041	1.44756543003505e-06	-0.143619773039157	0.0325424856550951	AP-MS
ArafS214P	FKBP8	AP-MS	no	NA	1.91106528800527	1.79667572255552e-06	0.0510980062575804	0.442428589797776	AP-MS
ArafWT	FKBP8	AP-MS	no	NA	3.26217972903755	5.30835426579266e-10	0.116698132401628	0.107537064099169	AP-MS
ArafD447A	FKBPL	core	no	cytosol	1.66844883383713	2.57842454328874e-06	1.20652531387213	0.000123152749597851	Both
ArafWT	FKBPL	core	no	cytosol	1.49383728588578	5.63503487058711e-06	0.991072609609854	0.000792868112385136	Both
ArafD447A	FLII	shared	no	actin_cytoskeleton	1.35158076392226	5.46258614404657e-09	0.158971391124593	0.0171995980209785	AP-MS
Raf1S257L	FLII	shared	no	actin_cytoskeleton	1.30106744059597	6.37368683184354e-09	0.214317177830845	0.00292046949486885	AP-MS
ArafS214P	FLII	shared	no	actin_cytoskeleton	1.18674968915789	7.96836694085465e-07	0.187841094033263	0.0056833792266134	AP-MS
ArafWT	FLII	shared	no	actin_cytoskeleton	1.29463571968616	5.78112191917619e-09	0.207351735607057	0.00509508347151014	AP-MS
MEK2DD	FLNA	TbID	yes	actin_cytoskeleton	0.0679266628388221	0.593313611256896	1.13204533362688	5.35069383830008e-09	TbID
BrafG469A	FLT1	TbID	yes	NA	NA	NA	0.9445400760744	1.48329559848029e-05	TbID
HrasG13R	FLT1	TbID	yes	NA	NA	NA	0.808471270285081	0.000128945892720638	TbID
ArafS214P	FLT1	TbID	yes	NA	NA	NA	0.991818596817866	1.2628467557427e-05	TbID
Raf1S259F	FLT1	TbID	yes	NA	NA	NA	0.995491394124465	8.11840905135252e-06	TbID
ERK1WT	FLYWCH2	shared	no	nucleus	1.02015608563451	0.0107713014599714	0.783320022715786	4.72497201199108e-06	Both
ERK1DD	FLYWCH2	TbID	no	nucleus	0.708841687218695	0.065472632729149	0.921450158111235	3.64378087293185e-06	Both
NrasQ61R	FMNL2	AP-MS	no	actin_cytoskeleton	1.30428774724401	5.30152558971944e-08	-0.119327518855049	0.185215984544847	AP-MS
NrasQ61R	FMNL3	shared	no	NA	1.1410050312969	5.28359909846981e-07	0.164738870886499	0.0145256126666527	AP-MS
HrasG13R	FN1	TbID	yes	NA	0.333068951468207	0.341644850749577	1.21543312958581	1.02618034890396e-08	TbID
Raf1D486A	FN1	TbID	yes	NA	0.0771019096692326	0.835080523023574	1.21617410194369	3.49202519206542e-09	TbID
Raf1S257L	FN1	TbID	yes	NA	-0.108796840496755	0.755277765753632	0.872906191867872	4.77196668997473e-08	TbID
HrasQ61R	FN1	TbID	yes	NA	0.0984085761487287	0.798671100638188	1.30798666513066	9.81717143123521e-07	TbID
MEK2AA	FNBP1L	shared	no	plasma_membrane	0.436185925455397	0.00819367898983345	1.0710949270836	7.4942661653951e-09	TbID
ERK1DD	FNDC10	shared	no	NA	1.01117077204418	0.00146253381879376	0.648819237580607	0.0182958801051893	Both
ERK2AA	FNDC10	shared	no	NA	1.13047675946195	0.000420774410902339	0.692538164725947	0.00852228095695329	Both
HrasS17N	FNDC10	shared	no	NA	1.10115932433704	0.000871388276638131	1.45887264838045	8.96686331533565e-06	Both
NrasQ61K	FNDC10	shared	no	NA	1.19362511358345	0.000336578579449066	0.893860022106442	0.00199177425107399	Both
NrasQ61R	FNDC10	shared	no	NA	1.61587044183907	3.52234800718163e-05	1.36000634291792	9.8439642444378e-05	Both
NrasS17N	FNDC10	core	no	NA	1.8624725799611	0.000195088380526789	1.73443273099046	6.9950122108204e-06	Both
KrasWT	FNDC10	shared	no	NA	0.213926043209995	0.0486687061315754	0.803400112074225	3.01602154414397e-05	Both
KrasS17N	FNDC10	shared	no	NA	0.355330312362423	0.00478619011235389	0.962185431577025	4.86514456168058e-06	Both
MEK2AA	FNDC10	AP-MS	no	NA	1.21527561641834	0.0049439833567901	0.439415181594506	0.0593704492516881	Both
KrasG12V	FNDC10	shared	no	NA	0.50155289139374	0.000177678372239299	0.97253707552221	1.77591981299481e-05	Both
KrasG12D	FNDC10	TbID	no	NA	0.250306014701872	0.0537495943706851	0.909244953384922	3.43780049125602e-05	Both
ERK2DD	FNDC10	core	no	NA	1.39359718231848	0.000124038533262813	1.57669059913041	2.07271848034783e-05	Both
BrafV600E	FOS	core	yes	NA	1.30737688092308	0.00141901992900099	1.56450040095937	0.00185162746765138	Both
BrafG469A	FOS	shared	yes	NA	1.20899257737699	0.00171627768565674	1.11695635448866	0.0147634770224949	Both
MEK2DD	FOS	shared	yes	NA	1.14303280523877	0.00235383251888813	1.41023433222835	0.00492154271944635	Both
MEK1DD	FOS	shared	yes	NA	1.17548724396499	0.00366372446463605	1.54969179433912	0.0028089014000612	Both
Raf1S257L	FOS	TbID	yes	NA	0.480931795737606	0.170660819915613	0.96535297949178	0.0345674434880197	Both
Raf1S259F	FOS	shared	yes	NA	0.770751054670423	0.0290429243072082	1.06394019791946	0.0209064229581351	Both
BrafG469A	FOSB	core	yes	NA	1.40005849980802	0.000617418187049416	1.42821513148081	1.97277504105187e-08	Both
MEK1DD	FOSB	TbID	yes	NA	0.596684991388391	0.331724444310365	1.86236297864037	3.44490927060678e-09	Both
Raf1S259F	FOSB	TbID	yes	NA	0.0495492799429898	0.889887017528491	0.972089927284149	5.37594275643343e-07	Both
BrafV600E	FOSB	core	yes	NA	1.90052156053496	3.22442492954628e-05	2.70082902430587	1.043357122396e-11	Both
MEK2DD	FOSB	TbID	yes	NA	0.243971350749342	0.449972118077214	2.47445618743608	1.10226911078822e-10	Both
BrafG469A	FOSL1	shared	no	NA	3.00928198013904	6.17774323980845e-06	0.587034475133429	3.01093557150378e-05	Both
BrafD594N	FOSL1	AP-MS	no	NA	1.54679385119661	0.00351786885362782	-0.544666156134562	8.34275832654295e-05	Both
Raf1S259F	FOSL1	core	no	NA	2.26706392796991	7.35512004889005e-05	1.29530295648923	7.42536130735983e-09	Both
ArafS214P	FOSL1	shared	no	NA	2.06808962077955	0.000122709350792243	0.196411679014302	0.0387524023452016	Both
MEK2DD	FOSL1	core	no	NA	2.51490427180885	2.75697776129601e-05	2.17198824941073	3.92703276433502e-11	Both
Raf1S257L	FOSL1	core	no	NA	2.41604229633403	2.79959510716131e-05	1.02958150894039	7.3091463211899e-08	Both
BrafV600E	FOSL1	core	no	NA	3.02778465122068	8.00929172025298e-06	1.14103838612361	2.15481743365155e-08	Both
MEK1DD	FOSL1	core	no	NA	3.29519394548371	6.57511223408731e-06	1.66725025806705	2.37921279777565e-09	Both
BrafG469A	FOXC2	core	yes	NA	2.16780417617936	3.88170801186069e-05	1.96986881289037	1.07894757859189e-06	Both
BrafV600E	FOXC2	core	yes	NA	2.19533400313771	6.6633704496462e-05	1.87508069362003	1.91651639235219e-06	Both
KrasS17N	FOXC2	TbID	yes	NA	0.178998847352926	0.33566255129092	1.03265582047546	0.0309723351142303	Both
Raf1S259F	FOXC2	TbID	yes	NA	0.781236963634111	0.074615079498441	1.00011277782509	0.000645230426319273	Both
MEK1DD	FOXC2	core	yes	NA	1.73675679511396	0.000395613782858385	1.35683295661825	8.41445757968848e-05	Both
HrasG13R	FOXC2	AP-MS	yes	NA	1.15563239092079	0.0141040414565793	-0.452956676056187	0.0764086606279964	Both
MEK2DD	FOXC2	shared	yes	NA	1.30485039751037	0.00249400718141863	0.853857434118014	0.00318481058784305	Both
KrasWT	FOXC2	TbID	yes	NA	0.0240727352749186	0.902162450289434	1.00574016961412	0.0387649540616673	Both
KrasG12D	FOXC2	shared	yes	NA	0.413848657267931	0.00584518840137499	1.27162964163793	0.0167856721158326	Both
NrasQ61R	FOXE1	AP-MS	yes	NA	1.18967656361541	0.00418585946059562	NA	NA	AP-MS
ERK2AA	FOXG1	AP-MS	yes	nucleus	1.23139233675114	0.000179603448239096	NA	NA	AP-MS
ERK1WT	FOXN3	AP-MS	no	NA	2.53695309291854	0.0115082069026866	-0.708380047686819	0.00691167089288317	AP-MS
ERK1DD	FOXN3	AP-MS	no	NA	2.2374149329191	0.0200395928627763	-0.344518595017922	0.132313438882198	AP-MS
Raf1S259F	FOXN3	AP-MS	no	NA	2.41434320314483	0.01092506813941	0.137156719635924	0.662885468766339	AP-MS
BrafD594N	FOXN3	AP-MS	no	NA	2.45659030126295	0.0143602246394004	-0.288433275580474	0.166267978992622	AP-MS
ArafWT	FOXN3	AP-MS	no	NA	2.09080584538067	0.0151161631784646	-0.521688171701072	0.0181872602777972	AP-MS
ERK2DD	FOXRED2	TbID	no	ER	-0.398909414242045	0.00861862337747021	0.870870835633768	8.8660943632947e-08	TbID
ERK2AA	FOXRED2	TbID	no	ER	0.0662718106195974	0.672362670236265	0.847344923765393	4.62226103343564e-08	TbID
BrafWT	FOXRED2	TbID	no	ER	0.0770415209877812	0.672894462319821	0.851357958542135	2.69768648054307e-08	TbID
Raf1D486A	FOXRED2	shared	no	ER	0.437360149907658	0.00507678721553002	1.17804285650071	5.62953827111687e-10	TbID
ERK1WT	FRAT2	AP-MS	no	NA	1.85889295073091	0.000730943105010966	NA	NA	AP-MS
ERK1DD	FRAT2	AP-MS	no	NA	1.34680093579309	0.00101579031704908	NA	NA	AP-MS
ERK1AA	FRAT2	AP-MS	no	NA	1.10575128397669	0.00139465435851604	NA	NA	AP-MS
KrasWT	FRG1	shared	no	unclassified	0.812310522586797	1.29799092723986e-05	0.553456136383637	1.55718304203978e-06	AP-MS
BrafV600E	FRMD4A	shared	no	NA	1.43328610277001	1.347846732634e-06	0.379542751847611	0.00103008088710868	Both
BrafG469A	FRMD4A	shared	no	NA	1.49905849219765	3.88846887025158e-07	0.487452185203487	0.000127562848464444	Both
NrasQ61R	FRMD4A	shared	no	NA	1.11734408439068	5.85679770850037e-06	0.525365204105484	6.63804568386239e-05	Both
Raf1S259F	FRMD4A	core	no	NA	1.87549775839986	6.83964716371512e-08	1.0802022808861	1.96081016520918e-08	Both
BrafD594N	FRMD4A	shared	no	NA	1.19914299986096	6.41606490359037e-06	0.313548758140561	0.0182804711335492	Both
MEK1DD	FRMD4A	shared	no	NA	1.17575263551394	1.0417759900681e-05	0.596517548006505	1.59899677494503e-05	Both
ERK2WT	FRMD4A	shared	no	NA	1.02423878871866	2.5266597740967e-05	0.508501978671461	8.97209742079915e-05	Both
HrasQ61R	FRMD4A	shared	no	NA	1.13026860324693	4.37695801745052e-05	0.320845158641333	0.00240389589962578	Both
Raf1S257L	FRMD4A	shared	no	NA	1.27762205664269	7.4607210760006e-07	0.677079680864654	4.39812891876544e-06	Both
MEK2DD	FRMD4A	core	no	NA	1.41942715384007	6.14057672520335e-07	1.56103921767596	5.86749635861034e-10	Both
KrasG12V	FRMPD1	AP-MS	no	NA	3.51752210016379	3.93733906258313e-08	NA	NA	AP-MS
KrasG12D	FRMPD1	AP-MS	no	NA	3.30903727266906	9.98659263322177e-08	NA	NA	AP-MS
ERK2WT	FRS2	core	no	plasma_membrane	2.5845881335746	6.5980520468989e-07	1.24217860856103	7.40462317279859e-09	Both
ERK2AA	FRS2	core	no	plasma_membrane	1.82818627714256	1.43358472626217e-05	1.51775660897541	3.26038104809433e-10	Both
ERK1DD	FRS2	core	no	plasma_membrane	1.94493573558457	5.19793801860566e-05	1.53792214231101	9.02710220462007e-11	Both
ERK1AA	FRS2	core	no	plasma_membrane	1.86410574206958	3.01857330135234e-05	1.32425019611627	5.79247674983348e-10	Both
ERK1WT	FRS2	core	no	plasma_membrane	2.80485979918051	4.70313905142635e-07	1.49734027714284	1.36928569050817e-10	Both
ERK1DD	FRS3	TbID	no	NA	NA	NA	1.21435031999132	0.0137594698210548	TbID
ERK2AA	FRS3	TbID	no	NA	NA	NA	1.32109238220371	0.00520905903780706	TbID
ERK2DD	FRS3	TbID	no	NA	NA	NA	1.0801069209032	0.0116128369185147	TbID
ERK1AA	FRS3	TbID	no	NA	NA	NA	1.26966784595185	0.00523008845396275	TbID
ERK2WT	FRS3	TbID	no	NA	NA	NA	1.18068464737887	0.00841379634823836	TbID
Raf1S257L	FSCN1	core	no	cytosol	1.62074123009701	1.22008344485429e-05	1.45677093034169	7.81875633410378e-11	Both
NrasQ61K	FSCN1	core	no	cytosol	1.61732126640339	8.23944205829151e-05	0.846233497067308	8.26572176281847e-08	Both
ArafWT	FSCN1	core	no	cytosol	1.41615778023733	4.8205856353651e-05	0.945738593241252	2.86523217489273e-09	Both
HrasQ61R	FSCN1	core	no	cytosol	1.33367396669668	0.000380344299545678	0.871523224955028	4.84838838541133e-08	Both
Raf1S259F	FSCN1	core	no	cytosol	1.49356847154146	3.82092987286748e-05	1.252853185385	1.24511331233992e-10	Both
NrasQ61R	FSCN1	shared	no	cytosol	1.37442159167212	9.37339155372306e-05	0.591666983575337	5.70839695406807e-07	Both
MEK2DD	FSCN1	core	no	cytosol	1.727324358009	1.53205532325701e-05	1.01286216785951	1.01498266954647e-09	Both
HrasS17N	FSCN1	core	no	cytosol	1.79216243245013	6.92642622617848e-06	1.0581733143287	3.82600225999413e-09	Both
BrafV600E	FSCN1	core	no	cytosol	1.59852200085706	4.64151337960405e-05	1.16513806677561	8.16874235736637e-11	Both
HrasG13R	FSCN1	core	no	cytosol	1.42950616742378	0.000558507322824516	0.971859095914823	8.80328923903719e-09	Both
ERK2AA	FSCN1	shared	no	cytosol	1.51435485360281	6.19288973620742e-05	0.823524744718799	1.12420260985181e-07	Both
ArafWT	FSTL4	AP-MS	no	NA	1.38635003985195	0.000486072221392995	NA	NA	AP-MS
MEK2AA	FTH1	AP-MS	yes	lysosome	1.33472512156286	0.000999483047615847	0.106603423154269	0.364069985593	AP-MS
MEK2DD	FTH1	shared	yes	lysosome	1.54979869174398	3.65305379157163e-05	0.340340136880806	0.0058149425679478	AP-MS
BrafD594N	FTSJ1	shared	yes	plasma_membrane	1.23952046909519	9.48078397725643e-06	0.593162949856645	5.25515132206864e-07	Both
ArafS214P	FTSJ1	core	yes	plasma_membrane	2.23036841917994	2.71591290744648e-07	1.42139809618206	1.02657825076135e-11	Both
Raf1S259F	FTSJ1	core	yes	plasma_membrane	3.6768533467097	1.74201482581057e-08	1.40607711142181	2.09609623460756e-11	Both
Raf1S257L	FTSJ1	core	yes	plasma_membrane	2.53236599599105	1.34781449123644e-09	1.22370790589631	1.06575874752055e-10	Both
Raf1D486A	FTSJ1	core	yes	plasma_membrane	1.18609028090648	5.46245719407946e-06	0.913451184314629	1.23170674554862e-09	Both
Raf1WT	FTSJ1	core	yes	plasma_membrane	2.52617446452627	2.56085917499856e-09	0.904659804046693	7.79351441358996e-10	Both
BrafV600E	FTSJ1	shared	yes	plasma_membrane	2.54144855083282	4.53207697992081e-09	0.620205522840597	4.09750483578825e-08	Both
ArafWT	FTSJ1	core	yes	plasma_membrane	1.65508115776698	4.79465584172947e-07	1.13371983763619	2.10264694575972e-10	Both
ArafD447A	FTSJ1	core	yes	plasma_membrane	1.64763082470816	1.10905693331947e-07	1.31617462392847	3.305987031298e-11	Both
MEK2DD	FUNDC2	shared	no	mitochondrion	1.47465054818398	0.000116160309316136	0.202801469523647	0.00712295930236714	AP-MS
MEK2DD	FURIN	shared	yes	NA	1.0199081254079	0.000307158754174547	0.491652797452715	0.000152925363832127	AP-MS
KrasS17N	FUT11	TbID	no	ER	-0.0624765454681686	0.564501489980568	0.993067128984367	0.0260967090125246	TbID
KrasWT	FUT11	TbID	no	ER	-0.0473139777735021	0.628175027818593	1.34285661146207	0.00648506758938478	TbID
KrasG12V	FUT11	TbID	no	ER	-0.160174751721096	0.0475382166837132	1.20281587077217	0.0132582835807926	TbID
KrasG12D	FUT11	TbID	no	ER	-0.0426860820733914	0.625008498360353	1.08094873808076	0.0185974422676873	TbID
Raf1D486A	FUT8	TbID	yes	Golgi	-0.731508688920416	0.0295156341267782	1.33563871544897	5.01087047500789e-05	Both
MEK2DD	FUT8	shared	yes	Golgi	1.17343141413509	0.00451654235805036	0.825760278087596	0.00478267162848187	Both
KrasG12V	FUT8	TbID	yes	Golgi	-0.192422969305179	0.00653544943258273	0.978321958026132	0.0414846802745025	Both
Raf1S257L	G2E3	TbID	no	NA	NA	NA	0.859356013892569	9.551211752167e-09	TbID
MEK2DD	G3BP1	TbID	no	stress_granule	0.035951392333572	0.813965922675005	0.879917863689138	1.51725040291754e-08	TbID
ERK2WT	GAB1	TbID	yes	cytosol	0.605288769781863	0.0757448483939278	1.57027610145301	1.24001773696509e-09	TbID
ERK2AA	GAB1	TbID	yes	cytosol	0.285128176591488	0.397028836032269	1.37104044532177	1.66052257354962e-08	TbID
ERK1DD	GAB1	TbID	yes	cytosol	0.157972795051668	0.699873040966821	1.8560395936732	1.33868790520452e-10	TbID
ERK1AA	GAB1	TbID	yes	cytosol	0.0926966739085732	0.814376197743256	1.47737691115848	1.01259115746971e-08	TbID
ERK1WT	GAB1	TbID	yes	cytosol	0.703026002256838	0.0529069426840462	1.71973562290442	1.26390087535948e-09	TbID
HrasG13R	GAB2	AP-MS	no	cytosol	1.04210139967404	0.00735173698305546	-0.266314385349971	0.00755233430336696	AP-MS
BrafV600E	GABBR2	TbID	yes	NA	0.609583493027874	0.112489140163786	1.08736073059638	3.23230177331921e-05	TbID
Raf1D486A	GABRB3	shared	yes	NA	0.591418571162758	0.0223427983997416	1.02675023611004	0.00141236491385116	TbID
BrafWT	GABRB3	TbID	yes	NA	0.453141455060743	0.101600902704961	0.898145206374934	0.00500653606756693	TbID
NrasS17N	GABRB3	TbID	yes	NA	0.450625516373716	0.105113368394165	0.835092478057863	0.0061213280070183	TbID
ERK2AA	GABRB3	TbID	yes	NA	0.366182570438748	0.138711620121047	0.841991824279566	0.0065824491467272	TbID
NrasQ61K	GABRB3	shared	yes	NA	0.895407675583929	0.0106637443247995	0.837761323404148	0.0075840830312896	TbID
Raf1S259F	GABRB3	TbID	yes	NA	0.0504384360020688	0.892385782493949	0.970994297376691	0.00144521600714387	TbID
ERK2DD	GABRB3	TbID	yes	NA	0.340343959030105	0.257574385643836	0.90492409466846	0.00367347639465289	TbID
HrasS17N	GABRB3	shared	yes	NA	0.658499146476223	0.0156581779401747	1.25400728494329	0.000226827396883941	TbID
Raf1WT	GABRB3	TbID	yes	NA	0.10564706739652	0.78171547637542	0.89391600039538	0.00329007256833281	TbID
ArafWT	GABRB3	TbID	yes	NA	-0.220645222196156	0.487330532858949	1.14269724607171	0.000650853891588324	TbID
Raf1S257L	GABRB3	TbID	yes	NA	-0.012193422320728	0.969812304490443	0.974689797578315	0.0019611748474339	TbID
MEK2DD	GADD45A	AP-MS	no	NA	1.25273367475864	0.00993705955518946	NA	NA	AP-MS
BrafV600E	GADD45B	core	no	NA	1.49272647751122	0.000974094204402816	1.38268659192649	0.000142946729934714	Both
BrafG469A	GADD45B	core	no	NA	1.32500978225394	0.00169915533642874	1.3678334594877	0.000195972436870637	Both
Raf1S259F	GADD45B	shared	no	NA	1.08607590183419	0.00683546780591894	0.987692840945766	0.00315887323076575	Both
MEK1DD	GADD45B	core	no	NA	2.53335185835634	2.13906362367384e-05	1.3067378945576	0.000432158072031289	Both
MEK2DD	GADD45B	core	no	NA	2.32543193554819	2.38266348406445e-05	0.927153372028425	0.00404957530562833	Both
NrasS17N	GALC	shared	yes	lysosome	1.01248671160055	0.000296914982125609	0.560853721080074	1.76896021646854e-06	AP-MS
MEK2DD	GALNT1	AP-MS	no	Golgi	1.17861282849067	2.35120427849747e-06	-0.101298723439385	0.216224093311772	AP-MS
KrasWT	GALNT12	TbID	yes	Golgi	0.0344676733638893	0.79708262604736	1.68333679257976	0.0244013557277438	TbID
KrasS17N	GALNT12	TbID	yes	Golgi	-0.0479440760914569	0.69530629860626	1.69896375021418	0.0197788252470127	TbID
KrasG12D	GALNT12	TbID	yes	Golgi	-0.0149764841676419	0.920266839956613	1.49285589374844	0.0408509307314974	TbID
KrasG12V	GALNT12	TbID	yes	Golgi	0.0186385470887229	0.859845628853086	1.67360476927471	0.0297180101255804	TbID
BrafG469A	GALNT3	TbID	yes	NA	0.09434257442314	0.427874590171956	0.854024813231548	1.54863903030114e-09	TbID
NrasQ61R	GAMT	shared	yes	cytosol	0.830699238674297	0.00706636870621537	0.879353484904917	5.5798385663177e-05	TbID
ArafWT	GAPDHS	TbID	no	NA	NA	NA	1.70258376274913	0.00840999445663001	TbID
HrasS17N	GAS1	TbID	yes	plasma_membrane	NA	NA	1.01638761306474	3.09413040070886e-07	TbID
NrasQ61R	GAS1	TbID	yes	plasma_membrane	NA	NA	0.917098079846384	1.00734122588884e-06	TbID
KrasWT	GAS6	AP-MS	yes	NA	0.795915832636659	0.0021778998930724	NA	NA	AP-MS
KrasG12V	GAS6	AP-MS	yes	NA	0.742405299736269	0.000820120000544072	NA	NA	AP-MS
KrasG12D	GAS6	AP-MS	yes	NA	0.894087436286311	5.22922995686059e-05	NA	NA	AP-MS
KrasS17N	GAS6	AP-MS	yes	NA	0.786256572416233	0.000401320854090819	NA	NA	AP-MS
NrasS17N	GAS7	AP-MS	no	NA	1.13145972712975	0.00398865879922997	-0.0457599182724062	0.867542355028443	AP-MS
ERK2DD	GATD1	TbID	no	early_endosome	0.113112741066187	0.420409691144068	1.1971511021639	4.90524921529036e-09	TbID
Raf1D486A	GATD1	TbID	no	early_endosome	-0.0484051834267468	0.787234931235936	1.18050934189021	1.6909461983374e-09	TbID
ArafD447A	GATD1	TbID	no	early_endosome	-0.110353127851616	0.450953364603	1.07818484411515	1.96642659424818e-09	TbID
BrafWT	GATD1	TbID	no	early_endosome	-0.311516997081713	0.0424926932172882	0.924503157851912	4.54137520842467e-08	TbID
Raf1D486A	GBE1	TbID	yes	cytosol	0.464106738538275	0.145637659886166	0.923647468378175	2.11338703443583e-08	TbID
BrafG469A	GBE1	TbID	yes	cytosol	0.47589634678169	0.125565310111583	1.15418158241145	8.43980694329583e-10	TbID
MEK1DD	GBE1	TbID	yes	cytosol	0.387637670735371	0.251259737113342	1.02639107987355	4.18933378135076e-09	TbID
Raf1S259F	GBE1	shared	yes	cytosol	0.759524903276392	0.0186749904824176	0.945500766393703	1.10330141184773e-08	TbID
ArafS214P	GBE1	shared	yes	cytosol	0.763753430137043	0.0157474948349231	0.903062457262206	1.41817830586564e-08	TbID
BrafV600E	GBE1	TbID	yes	cytosol	0.592690706275162	0.0705930328443135	1.12834649688395	9.04686003266419e-10	TbID
Raf1D486A	GCA	TbID	no	cytosol	NA	NA	0.894065329443227	1.04727631587107e-05	TbID
ArafS214P	GCFC2	AP-MS	no	unclassified	1.31137977798901	0.000693348318404009	-0.358467064347638	5.40376044652156e-05	AP-MS
MEK2DD	GCH1	shared	yes	NA	0.741576580677187	0.000255430701269492	1.21813417539345	7.43359748142415e-11	TbID
ArafWT	GCNT1	AP-MS	no	NA	1.1651664107315	6.56846807816882e-05	NA	NA	AP-MS
NrasS17N	GDAP1L1	TbID	no	NA	0.324511552657686	0.477774718546994	0.861587204877694	3.65233694780741e-05	Both
ERK2AA	GDAP1L1	TbID	no	NA	0.647831233793661	0.0626087541742296	1.11386260146449	1.08518760920019e-05	Both
ArafD447A	GDAP1L1	TbID	no	NA	0.188719358366819	0.624714744975502	0.956715521732611	2.030781996359e-05	Both
ArafWT	GDAP1L1	TbID	no	NA	0.0438704594026311	0.90378756730773	1.12961600539595	2.3940161778875e-06	Both
NrasQ61R	GDAP1L1	core	no	NA	1.15411959703684	0.00601781340382712	1.70841616059889	5.81446715894342e-08	Both
HrasS17N	GDAP1L1	TbID	no	NA	0.423938296350998	0.204429225646855	0.796769062897184	2.10990752229893e-05	Both
ERK1AA	GDAP1L1	TbID	no	NA	0.650535981056658	0.0688712990259575	1.30297917707334	9.48879487554536e-07	Both
Raf1S259F	GDAP1L1	TbID	no	NA	0.579869464726913	0.10301122772709	1.61894968898795	2.11316244186401e-08	Both
Raf1S257L	GDAP1L1	TbID	no	NA	0.249702037169326	0.517653452738143	1.01107132278309	1.55531739196886e-05	Both
BrafG469A	GDF15	shared	yes	NA	0.696935360272464	0.0157738863409968	2.24982983773785	4.79988789689566e-11	Both
ERK2AA	GDF15	TbID	yes	NA	0.0818571656724684	0.80040572289949	0.937660227696952	8.81924440925503e-07	Both
NrasQ61K	GDF15	TbID	yes	NA	0.366435198567007	0.207092272964248	1.40954046336714	7.0997661130101e-08	Both
NrasQ61R	GDF15	TbID	yes	NA	0.119747975841612	0.693850841603412	0.896256000208735	4.8840834735203e-07	Both
BrafV600E	GDF15	core	yes	NA	1.42493222724059	0.000100914883497381	2.82437181408751	1.97782167046158e-12	Both
MEK2DD	GDF15	core	yes	NA	1.33305333197771	0.00021093155332429	2.67825376613877	8.56409462415525e-11	Both
Raf1S259F	GDF15	core	yes	NA	1.50914547624667	3.85629263938269e-05	3.38227511010042	2.91781006271678e-12	Both
MEK1DD	GDF15	shared	yes	NA	1.0180110788812	0.00270417609525485	2.74400509624973	9.22006770325085e-12	Both
HrasS17N	GDF15	shared	yes	NA	0.683273671851894	0.0171591465171813	1.39862333136807	4.96979248891294e-09	Both
Raf1S257L	GDF15	shared	yes	NA	0.909915770986248	0.00196878100191099	2.83076540321422	6.56591979940802e-11	Both
ArafD447A	GDI1	shared	yes	early_endosome	1.41896669923785	0.0083029217074142	0.405613871105875	0.00233668538603263	AP-MS
MEK2DD	GDI1	shared	yes	early_endosome	1.36760552470214	0.0122021440474577	0.36692764706608	0.00169180162529402	AP-MS
Raf1D486A	GDI2	shared	no	early_endosome	0.819473134611299	1.242288631557e-05	0.908787999907513	1.74101715306507e-08	Both
ArafD447A	GDI2	shared	no	early_endosome	1.29830588562255	3.34033476279368e-08	0.680476700690573	2.07597057164815e-08	Both
KrasWT	GDPD1	TbID	no	ER	-0.223659014241131	0.0213845632979671	1.09982688378425	0.0333970419886095	TbID
KrasWT	GET1	TbID	no	ER	-1.17475154366508	1.47748824711559e-06	0.781009309104927	2.14137700057781e-06	TbID
HrasQ61R	GET3	TbID	no	ER	-0.0393999081462559	0.895621730931616	0.788802954997543	1.35032029588085e-07	TbID
Raf1D486A	GET3	TbID	no	ER	0.214223322240748	0.34127228593875	1.02256414384258	9.52822019345415e-10	TbID
ArafD447A	GET4	shared	yes	early_endosome	1.17007783977223	1.20996919215883e-05	0.136474348503916	0.0122508029639974	AP-MS
BrafV600E	GFRA2	TbID	no	NA	NA	NA	0.989539525246578	0.00144949946903125	TbID
Raf1D486A	GFUS	TbID	no	cytosol	NA	NA	0.914936199865468	0.0196413737020245	TbID
ArafS214P	GFUS	TbID	no	cytosol	NA	NA	0.909074762330741	0.0283879852898968	TbID
HrasQ61R	GFUS	TbID	no	cytosol	NA	NA	0.944208416775508	0.0217223555457066	TbID
HrasG13R	GFUS	TbID	no	cytosol	NA	NA	0.813715161821225	0.0452336073038733	TbID
BrafD594N	GGA3	TbID	no	unclassified	0.245983220625365	0.45518235215264	1.03120322463962	1.26801089793694e-07	TbID
NrasQ61R	GIGYF1	shared	no	lysosome	1.01789734940818	1.80628857678522e-05	0.645555860064924	7.30189004689497e-07	AP-MS
Raf1S259F	GINM1	TbID	no	Golgi	0.0393884639781274	0.911522887567237	0.955863969670153	2.89679226096889e-08	TbID
NrasQ61R	GIT1	TbID	no	plasma_membrane	0.247408382606432	0.0585607519506557	0.888208649059067	2.83257078587702e-07	TbID
NrasQ61R	GIT2	TbID	no	plasma_membrane	-0.0127293115475868	0.923721775269811	0.782758960534383	2.7708125769162e-07	TbID
Raf1S259F	GJA1	shared	yes	plasma_membrane	0.322771491289243	0.0364628216194224	0.919281851163543	4.5083029019236e-08	TbID
ArafS214P	GJA1	shared	yes	plasma_membrane	0.474914167714687	0.00367637765191615	1.13811999708582	2.60203599353096e-09	TbID
Raf1S259F	GJA5	TbID	yes	NA	NA	NA	0.932831468327037	0.00447673029667574	TbID
MEK2DD	GLB1L2	AP-MS	no	Golgi	1.48365836988481	6.73340542368346e-06	-0.0150471292516566	0.892653124481313	AP-MS
MEK2AA	GLB1L2	AP-MS	no	Golgi	1.59649449982155	2.83215231116323e-05	-0.0314394468535122	0.793927006368926	AP-MS
ArafWT	GLMN	core	yes	cytosol	1.36246945246887	5.91785668414317e-08	1.4324822784485	3.97979199303369e-10	Both
ArafD447A	GLMN	core	yes	cytosol	1.57880523553126	8.91809199402835e-09	1.40610541863479	3.81918404380807e-11	Both
Raf1D486A	GLMN	shared	yes	cytosol	0.564216790979244	0.000297720707524805	0.975769467105289	2.12011711994414e-09	Both
Raf1S257L	GLMN	shared	yes	cytosol	0.744659917180586	5.23233546804405e-05	0.949068610575146	7.54938614334394e-09	Both
Raf1WT	GLMN	shared	yes	cytosol	0.374921097221358	0.00675496529421306	0.847222812308296	6.1875011954695e-09	Both
MEK2DD	GLMP	AP-MS	no	lysosome	1.04285082800917	0.000859050732290312	NA	NA	AP-MS
MEK2AA	GLO1	TbID	yes	cytosol	-0.226027808441313	0.454473243770345	0.973181649322486	2.54471110595063e-08	TbID
Raf1S259F	GLS	shared	yes	mitochondrion	0.554340697775108	9.62138065972126e-05	0.855408080619309	3.52645001552792e-07	TbID
HrasS17N	GLT8D2	TbID	no	NA	NA	NA	0.792129238336772	8.45048745611337e-07	TbID
MEK1DD	GMDS	shared	no	cytosol	0.380736199411065	0.00833699870757792	0.885073363515442	5.0422967506709e-08	TbID
HrasQ61R	GNA11	TbID	yes	plasma_membrane	-0.316550901416446	0.0905822778705841	0.851143674954038	9.32353216903921e-06	TbID
KrasWT	GNA11	TbID	yes	plasma_membrane	-0.278586740685096	0.00319900242503538	0.775292413566149	1.8260044093476e-06	TbID
HrasG13R	GNA11	TbID	yes	plasma_membrane	-0.575157667163954	0.0071789073578646	0.789537398636251	1.41801199127462e-05	TbID
KrasWT	GNAI1	TbID	no	plasma_membrane	-0.811811082538339	2.84996640350552e-05	0.804534218511296	1.2639947714913e-06	TbID
KrasWT	GNAI2	TbID	no	plasma_membrane	-0.903721154423879	1.05667908925045e-05	0.84756824500713	5.52001308726455e-07	TbID
KrasWT	GNAI3	TbID	yes	plasma_membrane	-1.00930131834733	1.58224939448418e-05	0.8057615988628	6.83389595266735e-07	TbID
KrasG12V	GNAO1	TbID	yes	NA	NA	NA	0.874077117596956	2.91372755665048e-06	Both
KrasG12D	GNAO1	TbID	yes	NA	NA	NA	1.04280879478039	6.02367337536825e-06	Both
NrasQ61R	GNAO1	shared	yes	NA	1.29130050616493	2.28881373092204e-05	0.274700854166468	0.0078220914427439	Both
KrasWT	GNAO1	TbID	yes	NA	NA	NA	0.899215678539747	1.28845034850493e-06	Both
KrasS17N	GNAO1	TbID	yes	NA	NA	NA	0.814671719293731	9.56346198571637e-07	Both
NrasQ61R	GNAZ	AP-MS	no	plasma_membrane	1.06241830819564	0.0219532908298527	-0.246423931937661	0.0529610062710547	AP-MS
KrasG12D	GNG10	TbID	no	plasma_membrane	-1.03075510699189	1.06029387129533e-05	0.825988900516922	6.05276922890563e-05	TbID
KrasG12V	GNG10	TbID	no	plasma_membrane	-1.04615498004783	6.94402823363493e-07	0.836532878142876	2.16855496842365e-06	TbID
KrasWT	GNG10	TbID	no	plasma_membrane	-0.884619467339087	4.16728945212143e-05	0.790427807322079	5.60454600741903e-06	TbID
BrafG469A	GNG12	TbID	no	plasma_membrane	-0.852874875907203	0.00169559950097354	1.09875569274612	2.02141340868005e-05	TbID
KrasS17N	GNG4	TbID	no	plasma_membrane	NA	NA	1.52922793540274	0.00832172947132349	Both
NrasQ61R	GNG4	shared	no	plasma_membrane	1.40598137728897	1.0899034286762e-05	0.625259149378668	0.000211417255832446	Both
KrasWT	GNG4	TbID	no	plasma_membrane	NA	NA	2.06795443413054	2.40373270475006e-05	Both
KrasG12V	GNG4	TbID	no	plasma_membrane	NA	NA	2.34553917782718	1.01416200284789e-05	Both
KrasG12D	GNG4	TbID	no	plasma_membrane	NA	NA	1.5074063302027	0.0233344075892142	Both
KrasS17N	GNG7	TbID	no	plasma_membrane	NA	NA	0.816409076134747	0.000228633747212342	TbID
KrasG12V	GNG7	TbID	no	plasma_membrane	NA	NA	0.862274741035138	0.00020219195963292	TbID
BrafG469A	GNL1	TbID	no	cytosol	0.0158435862048059	0.98726242798278	0.983903817461747	9.31566266499579e-10	Both
KrasWT	GNL1	shared	no	cytosol	0.774766521009958	0.0166245480304913	0.683790423255992	5.16241241241569e-05	Both
BrafV600E	GNL1	TbID	no	cytosol	0.227935546453369	0.854528176588433	0.942187039293986	2.10535238934506e-09	Both
Raf1S259F	GNL1	TbID	no	cytosol	0.748818453853985	0.516386403902276	0.844685366860993	4.11318404957234e-08	Both
BrafV600E	GNL3L	TbID	no	unclassified	0.192274403934218	0.496721678644947	0.964551077113334	8.46263630739e-10	TbID
BrafG469A	GNL3L	TbID	no	unclassified	0.0840346363051899	0.768327985105581	0.897424304890777	8.23748375729682e-10	TbID
Raf1S259F	GNL3L	TbID	no	unclassified	0.151567606058782	0.579193900698147	0.864101530580875	6.89449613598893e-09	TbID
ArafS214P	GNS	TbID	yes	lysosome	-0.300567376415204	0.0598592844813319	0.925606477474555	5.73427422978623e-06	TbID
BrafG469A	GOLIM4	TbID	no	Golgi	0.2224378397358	0.254421145314528	0.970611939597746	1.61295921172633e-08	TbID
MEK2DD	GOLPH3L	TbID	no	Golgi	0.133168273586045	0.461288685644793	0.996961760565669	3.34625872419786e-07	TbID
MEK2DD	GOLT1B	AP-MS	no	Golgi	1.6462540707597	0.00047645181253709	-0.132922150424461	0.23475495088776	AP-MS
MEK2DD	GOPC	TbID	no	cytosol	-0.00710629465457759	0.945986056960907	0.87300416933155	3.98577882827864e-07	Both
Raf1S259F	GOPC	AP-MS	no	cytosol	1.20561125663511	2.49387023189481e-07	-0.114961969444396	0.219122233465265	Both
BrafG469A	GOSR2	shared	yes	Golgi	0.596625464071365	0.000324226514399924	0.957902392373419	1.02568319844785e-09	TbID
HrasS17N	GOSR2	TbID	yes	Golgi	0.130482655478981	0.349823603959238	0.824123476965432	1.16089795597092e-08	TbID
Raf1S257L	GPAM	core	no	mitochondrion	1.41549798885021	1.27354479858656e-08	0.919321207764414	1.94102953825166e-08	Both
ERK2DD	GPAM	TbID	no	mitochondrion	0.0757865557265783	0.512465417092382	0.85627210812113	4.09168258907965e-07	Both
ERK2AA	GPAM	shared	no	mitochondrion	0.432738516786435	0.00126691426631771	0.892939265676146	2.35751582628218e-07	Both
Raf1WT	GPAM	shared	no	mitochondrion	0.704379701420933	4.85800310391569e-05	1.01123883161925	6.82951634967537e-09	Both
Raf1S259F	GPAM	shared	no	mitochondrion	1.02143277771809	1.29886841426533e-05	0.872273067328184	3.78149625806389e-08	Both
BrafWT	GPAM	shared	no	mitochondrion	0.387354052569944	0.00315107430493379	0.901298063010781	3.24534787906653e-08	Both
NrasS17N	GPAM	shared	no	mitochondrion	0.483779554176574	0.000606296996444614	0.844221003672083	4.84186403603435e-07	Both
BrafV600E	GPAM	shared	no	mitochondrion	0.39282274669651	0.00323008471545721	0.873820909400854	3.38301036870853e-08	Both
MEK2DD	GPAT3	shared	no	ER	1.23962435578647	1.01506358603399e-05	0.357631658883496	0.000138980538724339	Both
BrafG469A	GPAT3	TbID	no	ER	-0.451258070474817	0.0269757638750465	0.956823370981866	2.45752961368369e-09	Both
NrasQ61R	GPC1	core	no	plasma_membrane	1.11131739694426	4.3937751361431e-06	0.811084639602636	1.08199218149659e-06	Both
MEK1DD	GPC1	core	no	plasma_membrane	1.98209221794509	1.18177658311309e-07	2.12158648086241	4.72024505150182e-11	Both
Raf1S259F	GPC1	core	no	plasma_membrane	1.20802658105802	8.51783719560763e-07	1.8811807693628	9.89117557054063e-11	Both
ArafS214P	GPC1	shared	no	plasma_membrane	0.748017280160928	4.19890222413481e-05	0.863314684744739	4.90751100121223e-07	Both
MEK2DD	GPC1	core	no	plasma_membrane	1.33299730969839	7.01324900465121e-07	1.77501047630249	2.16029819210075e-10	Both
BrafV600E	GPC1	core	no	plasma_membrane	2.79236624102255	8.5135712405976e-11	3.17370375512019	5.94311980356521e-13	Both
Raf1S257L	GPC1	shared	no	plasma_membrane	0.873174764078836	8.46526768719289e-06	0.866986226308163	2.15873305498386e-07	Both
BrafG469A	GPC1	core	no	plasma_membrane	2.72893987758867	9.19690515202578e-10	3.13144656161596	6.57030474695487e-13	Both
HrasS17N	GPC2	TbID	no	NA	NA	NA	0.835739454432641	5.04164604413171e-07	TbID
NrasQ61K	GPC6	TbID	yes	plasma_membrane	0.45752432848473	0.0638757408947608	0.772065011377984	1.64149843402987e-05	Both
ERK1AA	GPC6	core	yes	plasma_membrane	1.27563019009402	9.75073355819944e-05	1.01203621492229	5.95837342384572e-07	Both
BrafWT	GPC6	shared	yes	plasma_membrane	0.622138791930615	0.0163926174547202	0.937720578273531	2.26048621713712e-06	Both
ERK2AA	GPC6	shared	yes	plasma_membrane	0.549363059748642	0.0306832970501021	0.847106659596645	3.81432144252418e-06	Both
NrasQ61R	GPC6	core	yes	plasma_membrane	1.53203359837975	1.42711568319e-05	1.5049576046624	9.15232552237595e-09	Both
ArafWT	GPC6	TbID	yes	plasma_membrane	-0.052330389699682	0.829968879210943	0.873559337035229	2.41346879780262e-06	Both
NrasS17N	GPC6	shared	yes	plasma_membrane	0.587578416659589	0.0180512540552333	0.900087602527563	3.00991068178455e-06	Both
HrasS17N	GPC6	TbID	yes	plasma_membrane	0.408157323956514	0.0659256035710526	0.842204992205092	2.00016041123536e-06	Both
ArafD447A	GPI	core	yes	cytosol	2.61899248389679	4.2688836655443e-10	1.06157366904141	4.24044661329345e-09	Both
KrasG12D	GPM6B	TbID	no	unclassified	NA	NA	1.17942900940899	0.0208464026623621	TbID
KrasS17N	GPM6B	TbID	no	unclassified	NA	NA	1.04296250194939	0.0303947463880626	TbID
KrasG12V	GPM6B	TbID	no	unclassified	NA	NA	1.09267730837949	0.0331205456458026	TbID
ArafD447A	GPN1	AP-MS	no	cytosol	1.26478005595118	2.74057680003546e-08	-0.198859072746268	0.0147925304411646	AP-MS
Raf1S259F	GPN1	AP-MS	no	cytosol	1.40089081770478	1.41133760016506e-07	-0.116631066989148	0.131836517865184	AP-MS
Raf1S257L	GPN1	AP-MS	no	cytosol	1.17277652580325	8.06592478639759e-08	-0.257377840702089	0.00310690944142965	AP-MS
ArafWT	GPN1	AP-MS	no	cytosol	1.46984281000554	6.71537572305214e-09	-0.0256664077948582	0.759412450902125	AP-MS
MEK2DD	GPN2	shared	no	cytosol	1.00180128292048	2.90030931573223e-05	0.425412861675346	0.000459667863107305	AP-MS
Raf1S257L	GPN2	shared	no	cytosol	1.77487981693516	1.12643012855224e-07	0.407670626302958	0.000838146836916472	AP-MS
Raf1S259F	GPN2	shared	no	cytosol	1.83052310936217	1.11805597821774e-05	0.491103282283781	9.62272252585058e-05	AP-MS
ArafWT	GPN2	shared	no	cytosol	1.81227241918927	7.44885544242248e-08	0.232864695149234	0.0370419857423198	AP-MS
ArafS214P	GPN2	AP-MS	no	cytosol	1.3645106614347	1.18790014687514e-05	0.0771700262597603	0.439989062754284	AP-MS
ArafD447A	GPN2	shared	no	cytosol	1.68121097051172	1.30030314771986e-07	0.390196623556721	0.000788751474392435	AP-MS
MEK2DD	GPR108	AP-MS	no	Golgi	1.602960168225	0.00960425400004379	NA	NA	AP-MS
MEK1AA	GPR176	TbID	no	NA	NA	NA	1.8533405168498	0.00851359142989542	TbID
MEK2AA	GPR176	TbID	no	NA	NA	NA	1.58283432153976	0.0179321966127611	TbID
BrafD594N	GPR176	TbID	no	NA	NA	NA	1.64934306023665	0.0161369481050454	TbID
ERK1AA	GPR176	TbID	no	NA	NA	NA	1.41346778512738	0.043505787722043	TbID
Raf1S259F	GPRASP1	core	no	NA	1.93204352938228	1.12445937941138e-06	1.03984509047037	3.8014869146061e-06	Both
HrasQ61R	GPRASP1	TbID	no	NA	0.0851263638721693	0.721305357669006	1.17847211810577	2.61422607170591e-06	Both
Raf1S259F	GPRASP2	shared	yes	14-3-3_scaffold	2.42185135555326	1.94134443422878e-07	0.177098003625006	0.041641517202736	Both
MEK2DD	GPRASP2	shared	yes	14-3-3_scaffold	0.399975034688282	0.00243353695650494	1.01361349042421	6.07386088049253e-09	Both
ArafS214P	GPRASP2	shared	yes	14-3-3_scaffold	2.21962219917879	1.66354843871839e-08	0.323610070999894	0.0011617305699619	Both
Raf1S257L	GPRASP2	shared	yes	14-3-3_scaffold	2.46148750272653	5.27173962076533e-11	0.228906837218934	0.00825487657541789	Both
ArafWT	GPRASP2	AP-MS	yes	14-3-3_scaffold	1.35475939000244	3.56143391054079e-08	-0.192330986366914	0.0608212487654442	Both
BrafG469A	GPRC5A	TbID	no	NA	-0.832490278030475	0.166259068590763	1.44201226072086	1.32467312201277e-09	TbID
ArafS214P	GPRC5A	TbID	no	NA	-0.0165674812608788	0.98294129405614	0.997973990724962	9.83188502218555e-08	TbID
MEK1DD	GPRC5A	TbID	no	NA	-0.0122602973577982	0.988341218363261	1.14365413041422	4.0076335116234e-09	TbID
Raf1S259F	GPRC5A	TbID	no	NA	-0.467001496171459	0.442635237187611	0.953369110722652	2.12630923881808e-08	TbID
BrafG469A	GPRC5C	shared	no	NA	0.849460935120567	0.0146139270289436	1.11946689432314	1.81886377877788e-09	Both
BrafV600E	GPRC5C	core	no	NA	1.17422036583803	0.00360810623780685	0.964267013090783	2.12076373097185e-08	Both
MEK2DD	GPRC5C	core	no	NA	1.66593508632966	0.000173293304781219	0.896851849764333	2.99521443358624e-08	Both
Raf1S259F	GPRC5C	core	no	NA	1.47968997143637	0.000344940711064682	1.37668573127293	3.84430582979304e-10	Both
MEK1DD	GPRC5C	shared	no	NA	1.64750822639751	0.00321281301891425	0.475527805186993	4.85376128433149e-05	Both
MEK2DD	GPRIN1	shared	no	plasma_membrane	0.720059348112975	0.00367786501029507	0.925964874872736	2.71611346110088e-09	TbID
NrasQ61R	GPRIN1	shared	no	plasma_membrane	0.82919566829292	0.00120861567984413	1.00677943312811	7.59520955114845e-09	TbID
KrasG12D	GPS1	shared	no	cytosol	0.983906862647533	3.59907239163846e-06	0.207819503252717	0.00277830147633342	AP-MS
KrasWT	GPS1	shared	no	cytosol	0.877959935978449	1.39195460899212e-06	0.318967377147661	0.000140455326120062	AP-MS
KrasG12V	GPS1	AP-MS	no	cytosol	0.910589514994184	1.76651542234946e-07	0.0763273026829889	0.132608155194096	AP-MS
KrasS17N	GPS1	AP-MS	no	cytosol	0.988294312473045	7.01411367947663e-06	0.088465857382193	0.0746734527041105	AP-MS
HrasS17N	GRAMD4	TbID	no	ER	0.114982410552835	0.657055088536932	0.798159623698046	4.91901160484934e-08	TbID
BrafG469A	GRB7	shared	no	NA	1.20461682546863	0.000511620227134581	0.483749672786052	0.00349944190074405	AP-MS
MEK2DD	GRB7	AP-MS	no	NA	1.19716100831675	0.0250481529734146	-0.534014854038748	0.00102383590606531	AP-MS
ArafWT	GREB1	AP-MS	yes	NA	1.1748002436421	0.00406515262027689	NA	NA	AP-MS
KrasG12V	GRIK1	TbID	yes	NA	NA	NA	1.57142547063401	0.00700387813208149	TbID
KrasG12D	GRIK1	TbID	yes	NA	NA	NA	1.67781156308407	0.00404988069514779	TbID
KrasWT	GRIK1	TbID	yes	NA	NA	NA	1.78391562960551	0.00337306534319264	TbID
ERK1WT	GRIP1	shared	yes	cytosol	0.465732394630199	0.000970815316538787	1.03116509777724	5.13783089563378e-09	TbID
ERK2WT	GRIP1	shared	yes	cytosol	0.365027127925757	0.00754421854010258	0.931809293600939	1.44810914786095e-08	TbID
MEK2DD	GRK2	TbID	yes	unclassified	-0.23837930856494	0.232637876498002	1.01122238498767	1.65457480459802e-08	TbID
MEK1AA	GRPEL2	AP-MS	no	mitochondrion	1.11436083262235	0.000216887241209112	-0.384406155381678	0.000387946967848242	AP-MS
ERK1WT	GRSF1	shared	no	mitochondrion	1.71501862609433	2.44205806120872e-09	0.212142059252441	0.0159756111370619	AP-MS
ERK2WT	GRSF1	shared	no	mitochondrion	2.74508324928946	2.43986770093084e-11	0.590663218116347	2.128095483419e-06	AP-MS
KrasG12D	GRTP1	TbID	no	NA	NA	NA	0.842343503008999	0.0466312760503751	TbID
HrasG13R	GSN	TbID	yes	NA	NA	NA	0.877325479691197	7.10472213133712e-06	TbID
MEK2DD	GSPT1	TbID	no	cytosol	-0.0438559293660605	0.674082117609745	0.870731728507583	4.02564073635357e-06	TbID
MEK2DD	GSPT2	TbID	no	unclassified	0.247262843590564	0.0502644226168079	1.27895616447392	2.28802982405028e-08	TbID
KrasG12V	GTF2A1	AP-MS	no	cytosol	0.803432838743724	3.81483704923969e-05	-1.11092445188043	3.66725092236811e-05	AP-MS
KrasWT	GTF2A1	AP-MS	no	cytosol	0.852883574015163	0.000107910412077877	-1.2114588873307	1.39159233059186e-05	AP-MS
KrasG12D	GTF2A1	AP-MS	no	cytosol	0.863828508498921	0.000121087669670974	-1.07987325175633	3.66697273828544e-05	AP-MS
KrasS17N	GTF2A1	AP-MS	no	cytosol	0.768870781036087	0.000145638127841406	-1.03034473018827	3.06832391678742e-05	AP-MS
MEK1DD	GTF2B	shared	no	unclassified	1.04057069479671	0.0352665779116597	0.162104012716438	0.0229720153720113	AP-MS
ERK2WT	GTSE1	shared	no	nucleolus	0.232336802779819	0.0397796636942449	1.06837365289809	3.8343783706681e-08	TbID
MEK2DD	GTSE1	TbID	no	nucleolus	0.054233269136329	0.580857887106498	0.974150236257371	2.58594786986765e-08	TbID
BrafG469A	GUCD1	TbID	no	NA	-0.395007526839408	0.110518191058002	1.07755578699516	4.13544962837057e-09	TbID
Raf1D486A	GUCD1	TbID	no	NA	0.276846321195195	0.284529907974433	1.23346662556309	1.66776572272654e-09	TbID
BrafWT	GUCD1	TbID	no	NA	-0.260186651752471	0.374101850513639	0.861781745026429	1.21398154349081e-07	TbID
ERK2DD	GUCD1	TbID	no	NA	-0.149416669025638	0.545922952625362	0.871410236885596	1.83503938024402e-07	TbID
BrafV600E	GUCD1	TbID	no	NA	-0.0437577685541537	0.90433709573251	1.15599033082605	2.67054958834337e-09	TbID
Raf1S257L	GUCD1	TbID	no	NA	-0.351480100452262	0.12455728087373	0.983268360637967	4.21972905897261e-08	TbID
ArafS214P	GUCD1	TbID	no	NA	-0.790365985420362	0.00326296525361787	0.898757718533557	4.76843612894358e-08	TbID
KrasWT	GUCD1	shared	no	NA	0.178979850898878	0.0468843556792362	1.00508866084564	5.95398761889984e-07	TbID
HrasG13R	GUK1	TbID	no	mitochondrion	NA	NA	0.900770219978197	1.53596505668106e-06	TbID
KrasS17N	H1-0	TbID	no	nucleus	NA	NA	0.885794216179123	1.35037454518915e-05	TbID
KrasG12V	H1-0	TbID	no	nucleus	NA	NA	0.894852471531774	0.00103241469511066	TbID
ERK1AA	H1-3	AP-MS	no	nucleus	1.05346608451316	0.0396847405123929	0.172021832431565	0.578673924151545	AP-MS
KrasWT	H1-4	shared	yes	nucleus	0.357564224493099	0.0164122447414921	0.79478237503265	3.38364139714188e-06	Both
Raf1D486A	H1-4	AP-MS	yes	nucleus	1.17038650167205	0.0150295151528702	0.249101469565031	0.153414960323331	Both
MEK2DD	H1-6	TbID	no	NA	NA	NA	0.885013398606949	0.000872231995680871	TbID
KrasG12V	H2AC11;H2AC20;H2AC18;H2AC12;H2AC14;H2AJ	TbID	no	NA	NA	NA	1.2126656910054	0.0356177259902669	TbID
Raf1D486A	H2AC4;H2AC25	TbID	no	NA	NA	NA	2.30532967510435	1.60615744085555e-05	TbID
KrasG12V	H2AC4;H2AC25	TbID	no	NA	NA	NA	1.53470488394274	0.0325765098351063	TbID
KrasS17N	H2BC11;H2BC17;H2BC3;H2BC21	AP-MS	no	NA	0.741340057546784	0.000469166394545853	NA	NA	AP-MS
KrasG12V	H2BC11;H2BC21	TbID	no	NA	NA	NA	1.162310186115	0.0325277609596311	TbID
ERK1AA	H2BC12;H2BC5;H2BC4;H2BC18;H2BC9;H2BC15;H2BC14;H2BC13	AP-MS	no	NA	1.23809586053704	0.028480378023131	NA	NA	AP-MS
KrasG12V	H3-3A	shared	yes	mitochondrion	0.206360301767061	0.0271676192903378	0.920063961747385	0.0126737563419313	TbID
KrasG12V	H4C1	shared	no	nucleus	0.281232694059364	0.0047611117699948	1.28693569937772	0.0279736145173827	TbID
Raf1D486A	HABP2	TbID	no	NA	NA	NA	0.941078960228917	1.101122495446e-05	TbID
Raf1D486A	HACD1	TbID	yes	NA	-0.957505641032104	0.00012639997620246	0.882498660114183	1.90848537111252e-06	TbID
NrasS17N	HADHA	shared	yes	mitochondrion	1.06051657585674	2.14579630988335e-05	0.344109197774192	4.90584194853813e-05	AP-MS
NrasS17N	HADHB	shared	yes	mitochondrion	1.05067071512985	0.000112687688335778	0.422346748574681	6.39239396456854e-05	AP-MS
ArafWT	HAPLN3	shared	no	NA	0.545571060970877	0.000251908963593874	1.26299561962622	9.32985694795306e-10	TbID
NrasQ61R	HAPLN3	shared	no	NA	0.349218715391468	0.00798329832181919	2.59100729824714	1.34018404290153e-12	TbID
KrasG12V	HAPLN3	TbID	no	NA	-0.0155336877571228	0.805370379875659	0.77840806279028	8.00720061709704e-07	TbID
BrafG469A	HCK	TbID	no	NA	0.517685901005485	0.258334873238385	1.17510088509951	8.93563400704294e-06	TbID
ERK1DD	HCN4	AP-MS	yes	NA	1.15308559878401	4.16042187348445e-05	NA	NA	AP-MS
Raf1D486A	HCN4	AP-MS	yes	NA	1.73421863684161	2.13281064421577e-07	NA	NA	AP-MS
ERK2AA	HCN4	AP-MS	yes	NA	1.34106080918751	3.76953993185632e-06	NA	NA	AP-MS
NrasQ61R	HCN4	AP-MS	yes	NA	2.14370965811673	2.09414050977306e-08	NA	NA	AP-MS
NrasQ61K	HCN4	AP-MS	yes	NA	1.32738405773597	7.04813548333352e-06	NA	NA	AP-MS
Raf1S259F	HCN4	AP-MS	yes	NA	1.61859243436636	8.68653799910256e-07	NA	NA	AP-MS
BrafD594N	HCN4	AP-MS	yes	NA	1.33550230195097	5.5301725847195e-06	NA	NA	AP-MS
NrasS17N	HCN4	AP-MS	yes	NA	2.17082922784047	2.76833349679511e-07	NA	NA	AP-MS
ERK1WT	HCN4	AP-MS	yes	NA	1.10549839086682	2.96909991288346e-05	NA	NA	AP-MS
BrafV600E	HCN4	AP-MS	yes	NA	1.77690786977321	2.20581911446309e-07	NA	NA	AP-MS
HrasS17N	HCN4	AP-MS	yes	NA	1.95761956010397	1.13257238459685e-07	NA	NA	AP-MS
ERK1AA	HCN4	AP-MS	yes	NA	1.49349667876364	2.19386563082467e-06	NA	NA	AP-MS
ERK2DD	HCN4	AP-MS	yes	NA	1.41338840989802	3.92969093292218e-06	NA	NA	AP-MS
HrasG13R	HCN4	AP-MS	yes	NA	1.60500498331505	4.16715947095683e-06	NA	NA	AP-MS
NrasQ61R	HDAC5	shared	no	cytosol	1.23890387336569	4.74231648550431e-06	0.299452564517713	0.00234155711066151	AP-MS
NrasQ61R	HDAC6	shared	yes	unclassified	1.07352465297164	1.77568699571406e-06	0.195698375515952	0.0139408800273511	AP-MS
HrasS17N	HDAC7	AP-MS	no	14-3-3_scaffold	1.21080665208298	0.00180324781331414	-0.375758091850745	0.0296379193598607	AP-MS
Raf1D486A	HDAC7	AP-MS	no	14-3-3_scaffold	1.39556794899466	0.000928819801125481	-0.740716490269762	0.00239581736535654	AP-MS
NrasS17N	HDAC7	AP-MS	no	14-3-3_scaffold	1.03531859966172	0.00966092105885951	-0.468424746037474	0.00696877973511588	AP-MS
HrasG13R	HDAC7	AP-MS	no	14-3-3_scaffold	1.27213538613565	0.00397447802935809	-0.595134407175225	0.000854984125166196	AP-MS
KrasWT	HDGFL2	shared	no	cytosol	0.786406255728917	0.00230701202530051	0.339738094817271	7.88994317190808e-05	AP-MS
ArafD447A	HDHD3	AP-MS	no	mitochondrion	1.22676042847426	0.000120062987340148	NA	NA	AP-MS
ArafS214P	HDHD3	AP-MS	no	mitochondrion	1.22758586251771	0.000492070814605964	NA	NA	AP-MS
HrasQ61R	HEBP2	TbID	no	cytosol	NA	NA	0.900124028024536	4.35346209024643e-05	TbID
Raf1S257L	HECTD1	shared	no	cytosol	1.25912534641945	3.36947998395267e-07	0.414993186727286	1.32906927901794e-06	AP-MS
KrasG12V	HECTD1	AP-MS	no	cytosol	1.19732403600623	3.6373634773328e-09	-0.117755267389134	0.00670487079661938	AP-MS
ArafWT	HECTD1	shared	no	cytosol	1.271162735386	2.16603173188965e-07	0.330187805847113	5.88072365437801e-05	AP-MS
BrafG469A	HECTD2	shared	no	NA	0.897640492181754	0.0185727992994412	1.25059938116488	2.35295358431068e-06	TbID
ArafS214P	HECTD2	TbID	no	NA	0.505367013478007	0.147077390098923	1.35939515191499	9.40739913908533e-07	TbID
NrasQ61K	HECTD2	TbID	no	NA	0.433762975548938	0.25415151613788	0.802244775499321	0.000586962661880724	TbID
Raf1WT	HECTD2	TbID	no	NA	0.256687292478348	0.578519018345873	0.873841676526355	8.30059330188203e-05	TbID
ArafD447A	HECTD2	shared	no	NA	0.746932886177079	0.0485436468959676	1.2538962498176	1.45920071483147e-05	TbID
ArafWT	HECTD2	TbID	no	NA	0.0951293462651571	0.802926598453223	1.35432807951914	8.40013554022221e-06	TbID
MEK2DD	HECTD2	shared	no	NA	0.936063533600238	0.0136906155449653	1.35999398742913	7.22554724828155e-07	TbID
BrafWT	HECTD2	TbID	no	NA	0.610838288715092	0.120034872261478	1.03830002148357	1.85698525711368e-05	TbID
MEK2AA	HECTD2	TbID	no	NA	0.726650270850422	0.133561444840538	1.00592136784948	1.95844269912494e-05	TbID
Raf1S259F	HECTD2	shared	no	NA	0.806531861718057	0.0271266323979329	0.982818737427496	6.30274748945404e-05	TbID
MEK1DD	HECTD2	shared	no	NA	0.786220855652427	0.042317730505137	0.987339700043599	2.3347297055829e-05	TbID
Raf1S257L	HECTD2	shared	no	NA	0.980057718797048	0.00981587534802055	1.08545171461245	2.00464635680147e-05	TbID
MEK1DD	HEG1	TbID	no	NA	NA	NA	1.18105418538391	0.00732769363295505	TbID
HrasS17N	HEG1	TbID	no	NA	NA	NA	1.28284866474363	0.00345911279274014	TbID
HrasS17N	HELQ	AP-MS	no	NA	1.02099788269369	0.00301452278911335	0.161673426993998	0.658855662149935	AP-MS
ArafS214P	HERC1	shared	no	cytosol	1.28729228381125	2.93916402507987e-07	0.134203828248298	0.011926445536659	AP-MS
ArafWT	HERC1	shared	no	cytosol	1.29310102589731	7.19445091927176e-09	0.204785696787684	0.00130364580500064	AP-MS
Raf1S257L	HERC2	shared	yes	ER	2.22217328055418	3.91616039863527e-12	0.126965705433699	0.0382279111046398	AP-MS
Raf1WT	HERC2	AP-MS	yes	ER	1.28651443867859	5.19856572888918e-09	0.0601378129702153	0.295442161812868	AP-MS
ArafS214P	HERC2	AP-MS	yes	ER	1.21418956157031	6.15563759424418e-07	0.0928650151957963	0.114442222289757	AP-MS
ArafWT	HERC2	AP-MS	yes	ER	1.16322063454116	3.31712896214822e-09	0.111205799282318	0.0712791347530568	AP-MS
Raf1S259F	HERC2	AP-MS	yes	ER	2.19986323885281	6.67949725573478e-08	0.017347070973877	0.767471924521269	AP-MS
Raf1D486A	HERC2	AP-MS	yes	ER	1.34978176444541	2.2185696911072e-09	0.0294293893246509	0.650146722277868	AP-MS
MEK2DD	HERC5	AP-MS	no	stress_granule	1.09290567363677	0.0168339763262228	-0.0217033825833533	0.718531977422493	AP-MS
ArafD447A	HERC5	shared	no	stress_granule	1.30640388773801	0.00563384605625374	0.4897711262995	6.39326755787731e-07	AP-MS
Raf1S259F	HERC5	shared	no	stress_granule	1.17982970550379	0.00995825931511153	0.391011502746016	6.49166636189309e-06	AP-MS
BrafG469A	HES7	AP-MS	yes	NA	1.55601683645025	0.000332584123886215	NA	NA	AP-MS
MEK1DD	HES7	AP-MS	yes	NA	1.64024135627413	0.000504622176971427	NA	NA	AP-MS
MEK2DD	HES7	AP-MS	yes	NA	1.41635731095487	0.00184147565672712	NA	NA	AP-MS
Raf1S257L	HGH1	shared	no	cytosol	2.01559813518929	4.11713572490944e-09	0.516845912506431	2.35800833065954e-05	AP-MS
Raf1S259F	HGH1	shared	no	cytosol	1.85113006078068	6.91698736289648e-06	0.224474656734339	0.0169105229437426	AP-MS
ArafD447A	HGH1	shared	no	cytosol	1.86980541429868	1.6246340028839e-08	0.420926460666612	0.000146129526272583	AP-MS
Raf1WT	HGH1	shared	no	cytosol	1.2915454843531	1.33214927501887e-06	0.307892426958699	0.00643547952210409	AP-MS
Raf1D486A	HGH1	shared	no	cytosol	1.56715964677307	2.59898893604642e-07	0.627600385758588	8.77697717507605e-06	AP-MS
ArafS214P	HGH1	shared	no	cytosol	1.38119573751122	6.61823717225789e-06	0.472386280884156	0.000124225481327063	AP-MS
ArafWT	HGH1	AP-MS	no	cytosol	1.538308135905	2.45100870120225e-07	0.177522417159619	0.05940649565378	AP-MS
MEK2DD	HGS	shared	no	lysosome	0.390254393024613	0.0156227447087191	0.935117341590785	2.88841115373673e-09	TbID
MEK1WT	HGS	TbID	no	lysosome	-0.154470170327864	0.481294471366193	0.949634088388789	8.27007188521066e-10	TbID
Raf1S257L	HIC2	shared	no	nucleus	2.0645581041354	2.14073055228162e-06	0.516397818373814	1.05770174685542e-05	AP-MS
Raf1S259F	HIC2	shared	no	nucleus	1.51388581569807	6.07349120444218e-05	0.613920620410813	6.57685982033984e-07	AP-MS
HrasG13R	HINT2	TbID	no	mitochondrion	NA	NA	1.1887303249828	9.86316149758175e-05	TbID
ERK2WT	HIVEP1	TbID	no	nucleus	0.019353914485837	0.971370120349882	1.37427386694275	4.10581442915438e-09	TbID
ERK1WT	HIVEP1	TbID	no	nucleus	-0.18026594560855	0.694695774998225	1.33848346216832	1.95321851132269e-10	TbID
ERK2AA	HIVEP1	TbID	no	nucleus	0.145178876202242	0.770595394899853	1.29977593111426	2.38460245578126e-09	TbID
ERK1AA	HIVEP1	TbID	no	nucleus	0.515918964580513	0.213215791287602	1.20461494440147	8.39587390029527e-10	TbID
ERK2DD	HIVEP1	TbID	no	nucleus	0.417343141077279	0.286586366298923	1.37217431511552	4.40879555367324e-09	TbID
ERK1DD	HIVEP1	TbID	no	nucleus	-0.288966101572615	0.5237068792511	1.53699390229979	1.7270830424989e-10	TbID
ArafS214P	HIVEP2	shared	yes	NA	1.33487892636946	0.00434316012697504	0.252971523414316	0.000843662956225542	AP-MS
MEK1DD	HIVEP3	AP-MS	no	NA	1.37928029943451	1.49521481626655e-06	NA	NA	AP-MS
BrafG469A	HIVEP3	AP-MS	no	NA	1.24586642182834	1.29796529990906e-06	NA	NA	AP-MS
BrafV600E	HIVEP3	AP-MS	no	NA	1.36624711394761	1.52960583031637e-06	NA	NA	AP-MS
Raf1S259F	HJURP	AP-MS	no	unclassified	1.18436587984551	0.000136803396602446	-0.215568653439163	0.00843336153057288	AP-MS
Raf1S259F	HLA-A	shared	yes	ER	0.81661075419479	0.000348793506346348	0.908591605727697	5.13669289035174e-06	TbID
BrafG469A	HLA-A	shared	yes	ER	0.477751153534228	0.00431716206304933	1.00519050460271	3.40791297668746e-06	TbID
BrafG469A	HLA-B	TbID	yes	NA	-0.442172194913147	0.0118396035686775	0.881340055720343	5.86769299351851e-07	Both
MEK2DD	HLA-B	shared	yes	NA	1.13468046373754	1.1906792104778e-05	0.291227387852532	0.00515606505283716	Both
Raf1S259F	HLA-B	shared	yes	NA	0.518636732772932	0.0168512355916189	0.873291951128259	4.19253777101269e-07	Both
KrasWT	HLA-DQB1	TbID	yes	ER	-0.270404029947438	0.0526821792677107	0.801689382412253	8.81021784752618e-05	TbID
MEK2DD	HLA-DRB1	AP-MS	yes	NA	1.06667652768646	1.02645470759515e-05	NA	NA	AP-MS
KrasG12V	HMGA2	TbID	yes	nucleus	-0.19936842320735	0.171958991634253	0.827431754585698	0.0307510405254377	TbID
NrasQ61R	HMGCL	shared	yes	mitochondrion	1.4431144811301	4.85051654169443e-08	0.546216086055258	2.62244260930936e-06	AP-MS
NrasS17N	HMGCL	AP-MS	yes	mitochondrion	1.0002514964147	1.88534412619361e-05	-0.135786868331979	0.0628784764204322	AP-MS
Raf1D486A	HMGCR	shared	yes	ER	0.904675446434088	9.5129297798462e-05	1.32460184628808	2.95713380338511e-08	TbID
MEK2DD	HMGCS1	shared	no	cytosol	0.453561943590518	0.0024846675850642	1.04386658450716	2.20040789693606e-09	TbID
Raf1D486A	HMGCS2	AP-MS	yes	NA	1.52642526743243	0.0018414724139209	0.676118107640783	0.358598351426906	AP-MS
ArafS214P	HMGCS2	AP-MS	yes	NA	1.38097374868117	0.00367023328505446	1.02020669695432	0.171730953314606	AP-MS
BrafV600E	HMGCS2	AP-MS	yes	NA	1.74844970830407	0.000872604477245371	0.870551016954824	0.227491180590289	AP-MS
MEK1DD	HMGCS2	AP-MS	yes	NA	1.29151076003427	0.00956839566807315	0.695131077059067	0.356601710626241	AP-MS
NrasWT	HMGCS2	AP-MS	yes	NA	1.24225945680254	0.0121285791493919	0.313683796944248	0.704633060738402	AP-MS
KrasWT	HMGN1	shared	no	nucleus	0.937686554922035	0.000426098647074823	0.382277323406159	0.000160832267178055	AP-MS
Raf1D486A	HMGN2	shared	no	nucleus	1.29882593301159	8.53203892149504e-05	1.90787229848657	4.44686544608541e-06	AP-MS
ERK2AA	HMGN2	shared	no	nucleus	1.34231686956986	4.96800643597563e-05	0.894590524226341	0.00711324654979509	AP-MS
HrasQ61R	HMGN3	TbID	no	NA	0.637753881303403	0.51622375280238	2.35444762922655	8.41020238134053e-06	TbID
ERK1DD	HMMR	AP-MS	yes	unclassified	1.88011254124124	7.43831228865084e-07	-0.362614484095852	8.37698994251869e-05	AP-MS
ERK2AA	HMMR	AP-MS	yes	unclassified	2.49060052101602	1.15702934518664e-07	-0.0669730489579924	0.308914569145529	AP-MS
ERK2DD	HMMR	AP-MS	yes	unclassified	1.6972607872134	1.17930060550731e-06	-0.52079470985601	1.55734454745134e-06	AP-MS
ERK2WT	HMMR	AP-MS	yes	unclassified	2.79646627854199	1.24662938598918e-09	-0.128297372898134	0.0392905911233528	AP-MS
ERK1WT	HMMR	AP-MS	yes	unclassified	2.61603661486125	2.98229900459461e-09	-0.276867779715683	0.00069169958514906	AP-MS
ERK1AA	HMMR	AP-MS	yes	unclassified	2.11172239936566	1.08896669021726e-07	-0.3276263007416	6.69234795501339e-05	AP-MS
Raf1S259F	HNF4G	TbID	no	NA	NA	NA	1.03952447594927	6.38345907474887e-05	TbID
ArafWT	HNF4G	TbID	no	NA	NA	NA	0.865460537779282	0.000807682730013776	TbID
HrasS17N	HNF4G	TbID	no	NA	NA	NA	0.883064885217092	0.000444527761618051	TbID
Raf1D486A	HNRNPA1L3	AP-MS	no	NA	1.16650604674414	0.0373347685344216	NA	NA	AP-MS
MEK2DD	HOMER1	shared	yes	unclassified	0.714848958499933	3.95883107395752e-06	2.18542267479008	1.34204788079231e-12	Both
BrafG469A	HOMER1	core	yes	unclassified	1.66846101494082	1.4484211005065e-09	1.04493087478844	8.18261835889442e-10	Both
BrafV600E	HOMER1	shared	yes	unclassified	0.867069640050589	1.25196197218701e-06	1.25071604558057	7.15947418606353e-11	Both
MEK1DD	HOMER1	core	yes	unclassified	1.22369379074907	2.6501330350056e-07	1.77258615606376	1.19518137980494e-10	Both
Raf1S259F	HOMER1	shared	yes	unclassified	1.09284029909614	3.69139558853061e-07	0.851660224628952	5.0739300339895e-09	Both
BrafG469A	HOMER3	AP-MS	no	14-3-3_scaffold	1.46608431329939	0.000299262395809254	0.742720049279673	0.0777444187515999	AP-MS
NrasQ61R	HOMEZ	shared	no	nucleus	0.998952161458014	0.0371892074465048	0.82784000357482	7.62537187254084e-07	TbID
MEK2DD	HOOK1	shared	no	unclassified	0.846971226090818	1.71035392797091e-06	0.963459070515295	6.03042391761934e-09	TbID
HrasQ61R	HOXD13	TbID	yes	nucleus	NA	NA	0.786475737770611	3.23252888415464e-06	TbID
Raf1D486A	HPF1	TbID	no	unclassified	-0.328990984145122	0.290468693545724	0.84889544332154	3.14448219166153e-09	TbID
BrafWT	HPF1	TbID	no	unclassified	-0.128178094244991	0.755199842447442	0.888745721763962	2.1876998712995e-09	TbID
ERK2WT	HPS4	TbID	yes	NA	0.418133903986195	0.426990411061254	0.97738727927177	4.29822556889132e-06	TbID
KrasG12V	HRAS	core	yes	plasma_membrane	1.96624122763703	1.18047950899944e-06	7.18728092834522	4.67997531598166e-07	Both
NrasQ61R	HRAS	shared	yes	plasma_membrane	1.76882494022817	0.0374762711986052	0.485267443537669	0.0113767667420075	Both
Raf1S259F	HRAS	TbID	yes	plasma_membrane	1.10000281030395	0.0943503831940571	1.08120384210623	9.67114826877e-06	Both
HrasQ61R	HRAS	core	yes	plasma_membrane	8.91438622239058	1.24856349145489e-07	8.02238176242018	8.66568645687035e-14	Both
Raf1WT	HRAS	core	yes	plasma_membrane	1.5832851586668	0.0271254076728221	1.25189320363477	5.86479982471415e-06	Both
BrafWT	HRAS	TbID	yes	plasma_membrane	1.09853354569774	0.121868053684233	1.65041099156127	4.12690707358188e-07	Both
ArafWT	HRAS	shared	yes	plasma_membrane	1.34331426938355	0.0342023218932128	1.10165627163461	3.18880207112236e-05	Both
MEK1DD	HRAS	TbID	yes	plasma_membrane	-0.0940470438370575	0.91526010268676	0.905240098501106	0.000638423214407431	Both
BrafG469A	HRAS	TbID	yes	plasma_membrane	0.675599307991583	0.351341786780109	1.05107974679658	0.000178823332759408	Both
HrasG13R	HRAS	core	yes	plasma_membrane	9.32666487338484	5.25034675449394e-07	8.23064863597538	6.37552860763751e-14	Both
BrafD594N	HRAS	TbID	yes	plasma_membrane	0.766867596303627	0.300287631962139	1.33225709481538	2.78044213289321e-06	Both
NrasQ61K	HRAS	TbID	yes	plasma_membrane	1.26187600199771	0.106566645689043	1.00285505759149	0.000138934477329522	Both
Raf1S257L	HRAS	TbID	yes	plasma_membrane	1.30079469450201	0.135917744115889	1.10406888929965	0.000311091516493457	Both
KrasS17N	HRAS	core	yes	plasma_membrane	1.90102697593067	4.96337987109741e-06	7.3735475004521	6.46954561349442e-08	Both
HrasS17N	HRAS	core	yes	plasma_membrane	9.20327455241764	3.3634699496439e-08	7.88619311714819	4.57243720867847e-13	Both
HrasWT	HRAS	core	yes	plasma_membrane	9.12558260423319	4.91644111773876e-08	7.8024486400345	1.13998158544446e-13	Both
KrasWT	HRAS	core	yes	plasma_membrane	1.37034398240909	0.00600710542489084	7.35410653323954	1.56055612715083e-07	Both
BrafV600E	HRAS	TbID	yes	plasma_membrane	1.24038684391433	0.115513242478129	0.93653024016644	5.52881199191407e-05	Both
Raf1D486A	HRAS	core	yes	plasma_membrane	1.65431101668047	0.0320952476085033	1.03303824947151	4.62512344312419e-05	Both
KrasG12D	HRAS	core	yes	plasma_membrane	1.95973959875618	2.56236605587536e-06	7.50254043219957	1.81808523874282e-07	Both
ArafWT	HSP90AA1	core	yes	cytosol	6.59305703099725	1.13918878396349e-12	3.61593182328218	4.42604435502609e-12	Both
BrafG469A	HSP90AA1	core	yes	cytosol	2.92048972097887	9.78732901590287e-09	0.9119328213797	2.0472646511815e-06	Both
ERK1AA	HSP90AA1	AP-MS	yes	cytosol	2.14279770933641	7.88655993004551e-07	-0.0101906337997335	0.942268528894317	Both
MEK1WT	HSP90AA1	AP-MS	yes	cytosol	1.86813835572452	5.63837862491314e-06	0.182321652774037	0.13709135749148	Both
Raf1S259F	HSP90AA1	core	yes	cytosol	5.51911953373477	1.09345903121855e-09	2.28728129701745	3.0482532506833e-10	Both
ERK1WT	HSP90AA1	AP-MS	yes	cytosol	2.24513561032349	3.00519901291688e-07	-0.0797251758188024	0.5989581064067	Both
ArafS214P	HSP90AA1	core	yes	cytosol	6.255863958054	8.70212339146792e-10	3.69419349425572	5.0548850933588e-12	Both
ERK2WT	HSP90AA1	AP-MS	yes	cytosol	1.97429683455165	7.09760272375029e-07	0.0766992701215287	0.544767823059361	Both
Raf1WT	HSP90AA1	core	yes	cytosol	5.48159023233952	7.15784041944249e-12	2.15977294743792	3.03159780404945e-10	Both
MEK1AA	HSP90AA1	AP-MS	yes	cytosol	1.43701099442345	0.000105447268123435	0.191319155231737	0.143228907138652	Both
BrafD594N	HSP90AA1	core	yes	cytosol	4.1572043393042	7.01187279914037e-10	1.34690703565498	1.22385130525163e-07	Both
BrafWT	HSP90AA1	core	yes	cytosol	3.51988801795676	1.62102209665979e-09	0.962229820391782	7.2583086672128e-06	Both
ArafD447A	HSP90AA1	core	yes	cytosol	6.68666411211438	5.95078811130353e-13	3.71151272409391	2.5455390747195e-12	Both
Raf1S257L	HSP90AA1	core	yes	cytosol	5.54071622207531	4.46794888694089e-12	2.2381179625927	5.77851682703793e-10	Both
MEK2DD	HSP90AA1	shared	yes	cytosol	3.12957579113588	3.43066643216158e-09	0.345141012480445	0.00737437281681439	Both
MEK2WT	HSP90AA1	AP-MS	yes	cytosol	2.30186578656685	2.27393194084042e-07	0.190510749366557	0.175205311790432	Both
ERK1DD	HSP90AA1	AP-MS	yes	cytosol	1.3680000698924	5.73767882605794e-05	-0.188779523870295	0.212508954652096	Both
Raf1D486A	HSP90AA1	core	yes	cytosol	6.26951271574772	1.8610839931686e-12	2.74248458989303	3.57882336118274e-11	Both
ERK2AA	HSP90AA1	shared	yes	cytosol	1.78990163349136	3.47404780063221e-06	0.324595175913256	0.0362786894161608	Both
MEK2AA	HSP90AA1	AP-MS	yes	cytosol	2.19357172679164	3.33898035272016e-07	0.164983898083079	0.157139683063546	Both
BrafV600E	HSP90AA1	core	yes	cytosol	4.92324899980777	5.27102918039418e-11	2.0075665726273	4.36806827891454e-10	Both
BrafG469A	HSP90AA2P	AP-MS	no	NA	3.34166243207016	0.0407203599006403	NA	NA	AP-MS
Raf1WT	HSP90AA2P	AP-MS	no	NA	4.90056516898764	0.00970073068956982	NA	NA	AP-MS
ArafD447A	HSP90AA2P	AP-MS	no	NA	3.74193800860491	0.0272138749196261	NA	NA	AP-MS
ArafWT	HSP90AA2P	AP-MS	no	NA	3.28192339809632	0.0437991190318999	NA	NA	AP-MS
BrafD594N	HSP90AA2P	AP-MS	no	NA	3.99449509932465	0.0326721514018474	NA	NA	AP-MS
Raf1D486A	HSP90AA2P	AP-MS	no	NA	4.79770372356671	0.0105771557749984	NA	NA	AP-MS
BrafWT	HSP90AA2P	AP-MS	no	NA	3.68498521016059	0.0390123095795153	NA	NA	AP-MS
ArafS214P	HSP90AA2P	AP-MS	no	NA	4.43823998199665	0.0127386197738939	NA	NA	AP-MS
MEK2DD	HSP90AA2P	AP-MS	no	NA	3.6379900218199	0.0248869568218172	NA	NA	AP-MS
Raf1D486A	HSP90AA4P	core	no	cytosol	6.7355916332694	5.83690756878956e-08	2.31399375402284	3.16080710080994e-08	Both
BrafWT	HSP90AA4P	shared	no	cytosol	4.02261946923268	3.95539016095607e-05	0.601437924242828	0.00596462204516773	Both
ERK2WT	HSP90AA4P	AP-MS	no	cytosol	1.97237549653526	0.0215577955830809	0.0336416134417745	0.883802780682646	Both
ArafS214P	HSP90AA4P	core	no	cytosol	6.77808904791248	6.15563759424418e-07	3.12416682568467	9.27000887276509e-10	Both
MEK2DD	HSP90AA4P	AP-MS	no	cytosol	3.93514094639936	1.14793883006818e-05	-0.0125626215639197	0.95443790552456	Both
MEK2AA	HSP90AA4P	AP-MS	no	cytosol	3.45711639373512	0.000393277332292476	0.0387304843824568	0.86030743258511	Both
ArafD447A	HSP90AA4P	core	no	cytosol	7.08190050199521	2.98760435432445e-08	3.2499420232162	6.83920228840807e-10	Both
ArafWT	HSP90AA4P	core	no	cytosol	7.51079585702363	9.8971730852636e-09	2.91702633190022	2.91664033351298e-09	Both
Raf1S259F	HSP90AA4P	core	no	cytosol	6.12952801757609	1.8207694551922e-07	1.8888440783753	2.52451014192548e-07	Both
BrafD594N	HSP90AA4P	core	no	cytosol	4.45822749602851	8.43709624679591e-06	1.08073765304276	7.56947099914144e-05	Both
ERK1DD	HSP90AA4P	AP-MS	no	cytosol	2.17026914890212	0.00275574419137945	-0.135324161742941	0.575865805762925	Both
ERK1WT	HSP90AA4P	AP-MS	no	cytosol	3.08100999153157	0.000205486308492483	-0.0506518449642837	0.851514480922669	Both
BrafG469A	HSP90AA4P	shared	no	cytosol	3.40781923384076	3.05744331781516e-05	0.586120246875635	0.00698944234348828	Both
MEK2WT	HSP90AA4P	AP-MS	no	cytosol	2.50428284893895	0.031810398869442	0.0159793551804232	0.941431962888674	Both
Raf1S257L	HSP90AA4P	core	no	cytosol	6.07001968218416	7.90079039866692e-08	2.06925808858399	1.03015248858563e-07	Both
ERK1AA	HSP90AA4P	AP-MS	no	cytosol	2.85054144280521	0.000199785322235498	-0.0206355456399559	0.930608516415806	Both
Raf1WT	HSP90AA4P	core	no	cytosol	5.90588567892323	4.4744106043798e-07	2.02753046142791	2.11702730245813e-07	Both
BrafV600E	HSP90AA4P	core	no	cytosol	5.68198687795704	9.93904373520658e-07	1.82562022143782	1.88614698717339e-07	Both
BrafV600E	HSP90AA5P	core	no	NA	3.38308002441178	1.25976158472171e-05	1.19499017828718	0.000241112818450992	Both
Raf1D486A	HSP90AA5P	core	no	NA	4.96239093450526	3.32844763865974e-07	2.08385529517519	1.56156440770298e-06	Both
ArafD447A	HSP90AA5P	core	no	NA	5.82496538576506	4.47744122691843e-08	2.74871610480941	4.95968029342358e-08	Both
BrafD594N	HSP90AA5P	shared	no	NA	2.41278236188588	0.000631843686853525	1.01405555539179	0.00112840696436786	Both
Raf1S259F	HSP90AA5P	core	no	NA	4.51859033604399	1.11534263799926e-06	1.36631325673867	5.32235520646148e-05	Both
ArafS214P	HSP90AA5P	core	no	NA	5.42943752135538	4.36881949882215e-07	2.59427947218637	2.30163264507888e-07	Both
Raf1WT	HSP90AA5P	core	no	NA	4.21449094640772	1.85944157724393e-06	1.23604962762484	0.000190490970015604	Both
ArafWT	HSP90AA5P	core	no	NA	6.53365022138765	7.8448845777613e-09	2.36687819474808	4.45554317807212e-07	Both
ERK2WT	HSP90AA5P	AP-MS	no	NA	1.21780414384838	0.0350203432668258	0.443648666231905	0.0950318503344851	Both
BrafWT	HSP90AA5P	shared	no	NA	1.83584630868482	0.00333133235466166	0.862963336411251	0.00366028299228173	Both
MEK2DD	HSP90AA5P	AP-MS	no	NA	1.85394338597365	0.00104565440132317	0.482297488891748	0.0580687704881475	Both
Raf1S257L	HSP90AA5P	core	no	NA	4.12681738211743	1.28257220761341e-06	1.41264208670931	6.67478271873452e-05	Both
MEK2AA	HSP90AB1	shared	no	cytosol	1.51128927891133	4.15831677658724e-06	0.287590904001798	0.0101319020372294	Both
Raf1S259F	HSP90AB1	core	no	cytosol	4.45935682151786	3.17202031091439e-09	1.92990081393631	6.0000069151376e-10	Both
MEK1WT	HSP90AB1	AP-MS	no	cytosol	1.12599202070208	0.00014095846317225	0.197409616784915	0.0676459561790146	Both
Raf1WT	HSP90AB1	core	no	cytosol	4.4967918898542	1.47940858645331e-11	1.77673704351049	5.65206805515627e-10	Both
MEK2WT	HSP90AB1	AP-MS	no	cytosol	1.54971358342296	3.76645102257921e-06	0.2453966578826	0.0570773224144484	Both
ERK1WT	HSP90AB1	AP-MS	no	cytosol	1.48442736978767	3.18936475739717e-06	-0.0208633868194431	0.880537961936733	Both
ArafS214P	HSP90AB1	core	no	cytosol	5.24799296258787	1.5700900878336e-09	3.10758984668003	8.75134922537362e-12	Both
BrafG469A	HSP90AB1	shared	no	cytosol	2.03995419054626	6.88103228131139e-08	0.736269939744852	5.34596336011684e-06	Both
ArafWT	HSP90AB1	core	no	cytosol	5.67596984831485	1.71544270344758e-12	3.04997101264388	6.20919435286087e-12	Both
BrafD594N	HSP90AB1	core	no	cytosol	3.00664104291202	7.29991214724928e-09	0.902853940044628	1.7873718849499e-06	Both
BrafV600E	HSP90AB1	core	no	cytosol	4.07610972631531	6.30309709737591e-11	1.73687465835528	8.498833040392e-10	Both
Raf1D486A	HSP90AB1	core	no	cytosol	5.28244364951403	1.8610839931686e-12	2.318514543981	5.9186743979753e-11	Both
ERK1AA	HSP90AB1	AP-MS	no	cytosol	1.32292265396524	1.51972258706258e-05	0.0277724940849644	0.817733841329601	Both
ERK2WT	HSP90AB1	AP-MS	no	cytosol	1.24179468589041	1.47706068748534e-05	0.0692735284229792	0.550812095300185	Both
Raf1S257L	HSP90AB1	core	no	cytosol	4.46075453855599	8.00355686564737e-12	1.76481356051627	1.29614487438533e-09	Both
MEK2DD	HSP90AB1	shared	no	cytosol	2.4088438623674	1.00708672544383e-08	0.495672268150199	0.000157361469955074	Both
ArafD447A	HSP90AB1	core	no	cytosol	5.7922749617019	5.95078811130353e-13	3.15699210626493	5.52082752975844e-12	Both
BrafWT	HSP90AB1	shared	no	cytosol	2.55345963431215	1.72641469374006e-08	0.685647201241861	5.5057697409798e-05	Both
Raf1S257L	HSP90AB2P	AP-MS	no	cytosol	3.99705988806362	4.95063141466041e-07	NA	NA	AP-MS
MEK1AA	HSP90AB2P	AP-MS	no	cytosol	1.04709463843683	0.0301771219519465	NA	NA	AP-MS
BrafV600E	HSP90AB2P	AP-MS	no	cytosol	3.58846820809614	4.33100229206789e-06	NA	NA	AP-MS
ArafS214P	HSP90AB2P	AP-MS	no	cytosol	4.30002925808979	3.19109473725157e-06	NA	NA	AP-MS
ArafWT	HSP90AB2P	AP-MS	no	cytosol	3.79052848369233	7.30315965578699e-07	NA	NA	AP-MS
Raf1WT	HSP90AB2P	AP-MS	no	cytosol	4.40494148600504	1.34876946041509e-07	NA	NA	AP-MS
Raf1D486A	HSP90AB2P	AP-MS	no	cytosol	4.69984638164295	4.48137069015713e-08	NA	NA	AP-MS
MEK2AA	HSP90AB2P	AP-MS	no	cytosol	1.73807461750159	0.00422081756184438	NA	NA	AP-MS
MEK1WT	HSP90AB2P	AP-MS	no	cytosol	1.33996313239996	0.0153233777714889	NA	NA	AP-MS
ERK1WT	HSP90AB2P	AP-MS	no	cytosol	1.81112496628431	0.000831255079000433	NA	NA	AP-MS
Raf1S259F	HSP90AB2P	AP-MS	no	cytosol	3.88284594444587	2.83760352078248e-06	NA	NA	AP-MS
MEK2WT	HSP90AB2P	AP-MS	no	cytosol	1.51621830737635	0.00657321016516909	NA	NA	AP-MS
BrafD594N	HSP90AB2P	AP-MS	no	cytosol	2.16520943787272	0.00245351325019121	NA	NA	AP-MS
MEK2DD	HSP90AB2P	AP-MS	no	cytosol	2.22021727917646	8.82889677206058e-05	NA	NA	AP-MS
BrafG469A	HSP90AB2P	AP-MS	no	cytosol	1.95632175177532	0.000142036368051688	NA	NA	AP-MS
ArafD447A	HSP90AB2P	AP-MS	no	cytosol	3.98152377562329	3.71685657475406e-07	NA	NA	AP-MS
BrafWT	HSP90AB2P	AP-MS	no	cytosol	2.73100988366861	2.28956570525489e-05	NA	NA	AP-MS
BrafG469A	HSP90AB3P	AP-MS	no	NA	1.53810502585458	0.0297720907045247	NA	NA	AP-MS
Raf1D486A	HSP90AB3P	AP-MS	no	NA	4.75585883872874	9.44346935731935e-06	NA	NA	AP-MS
BrafWT	HSP90AB3P	AP-MS	no	NA	2.33340912948484	0.0044478439293887	NA	NA	AP-MS
MEK2WT	HSP90AB3P	AP-MS	no	NA	2.80196584068828	0.0179159867807412	NA	NA	AP-MS
Raf1WT	HSP90AB3P	AP-MS	no	NA	4.27185438429907	4.09459400378697e-05	NA	NA	AP-MS
ArafD447A	HSP90AB3P	AP-MS	no	NA	5.29492639810273	2.80550625963323e-06	NA	NA	AP-MS
ERK1AA	HSP90AB3P	AP-MS	no	NA	1.59993100300273	0.0269942323103261	NA	NA	AP-MS
BrafD594N	HSP90AB3P	AP-MS	no	NA	2.52998961808229	0.00451962635691639	NA	NA	AP-MS
BrafV600E	HSP90AB3P	AP-MS	no	NA	3.70587803606338	0.000132034022321866	NA	NA	AP-MS
ArafS214P	HSP90AB3P	AP-MS	no	NA	4.72175171789082	3.90977719209537e-05	NA	NA	AP-MS
ArafWT	HSP90AB3P	AP-MS	no	NA	4.69864514047515	9.48996791030934e-05	NA	NA	AP-MS
Raf1S257L	HSP90AB3P	AP-MS	no	NA	4.0263088190977	2.28996598807179e-05	NA	NA	AP-MS
Raf1S259F	HSP90AB3P	AP-MS	no	NA	3.85975960813193	6.31165219121201e-05	NA	NA	AP-MS
MEK1WT	HSP90AB4P	AP-MS	no	NA	1.17415244411661	0.0065270630596143	NA	NA	AP-MS
BrafG469A	HSP90AB4P	AP-MS	no	NA	1.45442983300546	0.00023356411135518	NA	NA	AP-MS
Raf1D486A	HSP90AB4P	AP-MS	no	NA	4.4977593069935	1.06141501645615e-08	NA	NA	AP-MS
ERK2AA	HSP90AB4P	AP-MS	no	NA	1.11026254151105	0.00230186724666374	NA	NA	AP-MS
ArafD447A	HSP90AB4P	AP-MS	no	NA	5.08181451170549	2.29131015593696e-09	NA	NA	AP-MS
ERK1AA	HSP90AB4P	AP-MS	no	NA	1.34032692334275	0.000747935758394625	NA	NA	AP-MS
MEK2WT	HSP90AB4P	AP-MS	no	NA	1.60848643653188	0.000911770627164744	NA	NA	AP-MS
BrafD594N	HSP90AB4P	AP-MS	no	NA	2.77939200288337	3.44278485810802e-06	NA	NA	AP-MS
Raf1S259F	HSP90AB4P	AP-MS	no	NA	3.97218512026377	1.13976686478802e-06	NA	NA	AP-MS
BrafV600E	HSP90AB4P	AP-MS	no	NA	3.72455812955677	4.96178301869614e-07	NA	NA	AP-MS
ERK2WT	HSP90AB4P	AP-MS	no	NA	1.05056693966142	0.00582554232908094	NA	NA	AP-MS
ERK1WT	HSP90AB4P	AP-MS	no	NA	1.27258732990502	0.00174845139902366	NA	NA	AP-MS
MEK2AA	HSP90AB4P	AP-MS	no	NA	1.60117115069838	0.000945968726414786	NA	NA	AP-MS
BrafWT	HSP90AB4P	AP-MS	no	NA	2.16583862722251	3.03274034820739e-05	NA	NA	AP-MS
Raf1S257L	HSP90AB4P	AP-MS	no	NA	4.32369158846505	6.56936419178398e-09	NA	NA	AP-MS
ArafS214P	HSP90AB4P	AP-MS	no	NA	4.4597165006469	1.04820626303442e-06	NA	NA	AP-MS
ArafWT	HSP90AB4P	AP-MS	no	NA	4.7806447165198	5.92627715581163e-09	NA	NA	AP-MS
Raf1WT	HSP90AB4P	AP-MS	no	NA	4.10133971662398	4.18104918638658e-08	NA	NA	AP-MS
MEK2DD	HSP90AB4P	AP-MS	no	NA	2.19551164788352	1.1906792104778e-05	NA	NA	AP-MS
HrasG13R	HSP90B1	TbID	no	ER	-0.578249889645104	0.00286513677533744	0.904607512112344	9.36227011475412e-06	TbID
HrasG13R	HSP90B2P	TbID	no	NA	-0.310925206622714	0.115922167819373	0.817577432569487	0.000116808350591216	TbID
Raf1S259F	HSPA13	TbID	no	ER	NA	NA	0.91247999334016	5.53172276021073e-06	TbID
MEK2WT	HSPA1A;HSPA1B	shared	yes	cytosol	1.5594437469228	8.21410803787882e-07	0.220738431653735	0.00602204958203989	AP-MS
MEK2AA	HSPA1A;HSPA1B	shared	yes	cytosol	1.79904727772294	1.58110260783551e-07	0.433356540957027	2.18346619613269e-05	AP-MS
MEK2DD	HSPA1A;HSPA1B	shared	yes	cytosol	1.68028104607157	2.36451634474832e-07	0.659021929799944	2.85097984574466e-07	AP-MS
MEK2AA	HSPA1L	shared	yes	NA	2.01146537793791	2.41259386810857e-07	0.314701310824748	0.00173873331466097	AP-MS
MEK2DD	HSPA1L	shared	yes	NA	2.18406256088526	8.63146071542837e-08	0.645877776394682	2.18600601100478e-06	AP-MS
MEK2WT	HSPA1L	shared	yes	NA	1.83462979468874	2.57003832355363e-07	0.207099286490416	0.0228608092276838	AP-MS
MEK2AA	HSPA2	shared	no	cytosol	2.15537306177458	8.7021789532447e-11	0.366029590819306	1.55463958917157e-05	AP-MS
MEK2WT	HSPA2	shared	no	cytosol	1.86183409293986	7.55905936259663e-10	0.264359010955066	0.000125873748822359	AP-MS
MEK2DD	HSPA2	shared	no	cytosol	1.90357878829691	6.35680279526419e-10	0.474927792239871	3.6516505542729e-07	AP-MS
MEK2WT	HSPA4	shared	yes	cytosol	1.72900539843647	1.64950320673073e-08	0.247323298139658	0.0008146627112493	AP-MS
MEK2DD	HSPA4	shared	yes	cytosol	2.75273333299756	1.0796866495383e-09	0.441453645018623	3.83497772462495e-06	AP-MS
MEK2AA	HSPA4	shared	yes	cytosol	2.37001010689769	1.83139791723084e-10	0.34905411705341	2.23516544566316e-05	AP-MS
BrafD594N	HSPA4L	AP-MS	no	cytosol	1.38076451130584	2.50074438373011e-07	-0.120876228894412	0.0793023992921681	AP-MS
BrafV600E	HSPA4L	AP-MS	no	cytosol	1.28637122514438	2.20581911446309e-07	-0.311222022506082	0.000227729868419696	AP-MS
MEK2AA	HSPA4L	shared	no	cytosol	1.8913078952404	2.28782667502206e-09	0.442453028959782	4.5132765948291e-06	AP-MS
MEK2DD	HSPA4L	shared	no	cytosol	2.03145351571324	2.08747879265151e-09	0.4351485443694	5.44922517639628e-06	AP-MS
BrafWT	HSPA4L	AP-MS	no	cytosol	1.42644843586899	8.35983727767552e-08	0.0316954612652677	0.685076409674928	AP-MS
MEK2WT	HSPA4L	shared	no	cytosol	1.51497862778964	3.30396160400297e-08	0.193111756867371	0.00622644388694956	AP-MS
BrafD594N	HSPA5	AP-MS	yes	ER	2.99372956505833	3.52078399088059e-12	0.0236076353415723	0.753875357519591	AP-MS
BrafG469A	HSPA5	AP-MS	yes	ER	2.901971030638	1.75927271906274e-13	0.11719868953787	0.143531310216951	AP-MS
BrafWT	HSPA5	shared	yes	ER	3.2693525486214	6.75974621725235e-14	0.591577250626893	1.14512567108924e-05	AP-MS
MEK2AA	HSPA5	AP-MS	yes	ER	2.45293136095419	1.59055499411388e-12	-0.090004443372591	0.317409068564674	AP-MS
MEK2DD	HSPA5	shared	yes	ER	2.94906554733543	1.18310347331503e-12	0.784434961229522	2.68491936251978e-08	AP-MS
BrafV600E	HSPA5	shared	yes	ER	2.84843250638622	6.33477705296898e-12	0.248581248476936	0.00633444349807163	AP-MS
MEK2WT	HSPA5	AP-MS	yes	ER	2.3444913540741	3.68158814690888e-12	-0.0623448184744012	0.474765348214969	AP-MS
MEK2DD	HSPA6	shared	no	nucleus	2.30147964402596	9.95004027851066e-07	0.812213468456476	1.83260304708549e-05	AP-MS
ArafWT	HSPA6	shared	no	nucleus	1.20581069276672	0.000155025943908362	0.544586596189231	0.00285650445502711	AP-MS
MEK2AA	HSPA6	shared	no	nucleus	2.02923019031986	1.00142810921748e-05	0.387612933534566	0.00509644459758658	AP-MS
MEK2WT	HSPA6	shared	no	nucleus	1.74674900023262	0.000119897801077358	0.343054541302717	0.0231948006368395	AP-MS
ArafWT	HSPA8	shared	yes	cytosol	1.26808170017309	4.31758374996386e-07	0.485829401849074	1.456129674576e-05	Both
MEK2DD	HSPA8	core	yes	cytosol	2.11864000693369	3.01896538918015e-09	0.882630246380972	1.32370104708307e-08	Both
MEK2AA	HSPA8	shared	yes	cytosol	1.97513949610478	2.21168321937089e-08	0.484416302918874	1.99002534841506e-05	Both
MEK2WT	HSPA8	shared	yes	cytosol	1.91658434432891	2.03957040311694e-08	0.41091114930133	2.32306179687522e-05	Both
MEK2WT	HSPA9	AP-MS	yes	mitochondrion	3.52027313243193	4.01989020527505e-10	-0.112166610380724	0.201566718983147	AP-MS
MEK2AA	HSPA9	AP-MS	yes	mitochondrion	3.49383413899721	1.70232545292555e-10	-0.233704086596247	0.0246832826041274	AP-MS
BrafG469A	HSPA9	AP-MS	yes	mitochondrion	1.58969177155709	5.89744520356596e-07	-0.450362918955944	2.74203046741143e-05	AP-MS
MEK2DD	HSPA9	shared	yes	mitochondrion	3.62398363717847	6.54904275968391e-11	0.328289662185543	0.000730368579163611	AP-MS
KrasS17N	HSPB1	core	yes	cytosol	0.747091529810429	0.000205036296680549	0.98378457795155	0.000605031220558828	Both
BrafG469A	HSPB8	AP-MS	yes	NA	2.665332683424	1.53559591205243e-06	NA	NA	AP-MS
HrasG13R	HSPB8	AP-MS	yes	NA	1.52049234876388	0.000598674820528306	NA	NA	AP-MS
Raf1S259F	HSPB8	AP-MS	yes	NA	2.42864121434636	2.36289807763935e-06	NA	NA	AP-MS
ArafS214P	HSPB8	AP-MS	yes	NA	1.88998070545331	1.33690608996248e-05	NA	NA	AP-MS
HrasQ61R	HSPB8	AP-MS	yes	NA	1.11772211382702	0.00156834962810668	NA	NA	AP-MS
MEK2AA	HSPBP1	shared	no	cytosol	1.60998100306865	7.00146334374049e-05	0.332797747544935	0.000108873589949784	AP-MS
ArafD447A	HSPBP1	shared	no	cytosol	1.55609108416273	1.15588464583779e-05	0.462787883826682	1.20250577062676e-05	AP-MS
MEK2WT	HSPBP1	shared	no	cytosol	1.46656285457252	0.000206654074937309	0.294171984019567	0.000333121126915233	AP-MS
ArafWT	HSPBP1	shared	no	cytosol	2.02429041010328	8.92597560942297e-07	0.352018484541241	9.36596822819568e-05	AP-MS
MEK2DD	HSPBP1	shared	no	cytosol	1.36675130003016	4.03663593017414e-05	0.526369403659186	9.58871583749856e-07	AP-MS
HrasWT	HSPE1	shared	no	mitochondrion	0.560790726116283	0.00918909353608476	1.08110010981155	4.27361856067013e-08	TbID
MEK2WT	HSPH1	shared	no	cytosol	1.47075339703158	4.71570855936349e-08	0.476261259976131	3.90495399118416e-06	Both
HrasG13R	HSPH1	shared	no	cytosol	0.702533264356981	0.000259540655651463	0.854583667266793	4.01279547456449e-08	Both
BrafV600E	HSPH1	shared	no	cytosol	1.47062623292248	3.02006954901998e-08	0.351181364627674	5.75596384995587e-05	Both
MEK2AA	HSPH1	shared	no	cytosol	1.38779302522921	6.28798599056992e-08	0.401123676465241	1.24607632328248e-05	Both
MEK2DD	HSPH1	core	no	cytosol	1.89908069585318	1.87649021072027e-09	1.13525827893376	9.34312571555251e-10	Both
ArafS214P	HSPH1	shared	no	cytosol	1.45786400870391	8.86658291398201e-06	0.507917381472662	5.74875389189322e-06	Both
NrasS17N	HTRA1	TbID	yes	NA	NA	NA	0.791681569005881	5.49063369221458e-05	TbID
NrasQ61R	HTRA1	TbID	yes	NA	NA	NA	0.982393657701697	5.65336654019342e-06	TbID
Raf1D486A	HTRA1	TbID	yes	NA	NA	NA	0.95054951696844	5.43499653551053e-06	TbID
HrasS17N	HTRA1	TbID	yes	NA	NA	NA	1.20299883019776	1.08721953768416e-06	TbID
Raf1D486A	HUWE1	shared	yes	cytosol	1.39938407235148	2.2185696911072e-09	0.221458928644841	0.0018259609923527	AP-MS
ArafS214P	HUWE1	shared	yes	cytosol	1.61658786507705	1.37536073747403e-07	0.236459897711216	0.00114856145089998	AP-MS
ArafD447A	HUWE1	AP-MS	yes	cytosol	1.64363893691393	1.83586596695815e-10	0.000365840409226852	0.996637679324414	AP-MS
ArafWT	HUWE1	AP-MS	yes	cytosol	1.99292919189406	1.61383508545186e-11	0.135262372527022	0.0873828084278883	AP-MS
Raf1S259F	HUWE1	AP-MS	yes	cytosol	1.95851260334427	8.01963687710019e-08	0.089583207624415	0.137796258969983	AP-MS
Raf1S257L	HUWE1	shared	yes	cytosol	1.8832471308295	8.10811597189871e-11	0.155790945658513	0.0131017106226154	AP-MS
BrafV600E	HYCC2	shared	no	NA	1.56793120734338	6.53715106529661e-06	0.507872035320471	2.62520705202547e-06	AP-MS
Raf1WT	HYCC2	shared	no	NA	1.1911265671505	7.24705472605954e-05	0.368712929408612	7.93723224480773e-05	AP-MS
BrafWT	HYCC2	shared	no	NA	1.24268186586255	0.000108225498606891	0.284498013909423	0.00185871195088061	AP-MS
ArafWT	HYI	AP-MS	no	cytosol	1.3029038641996	5.45036682869268e-05	NA	NA	AP-MS
ArafD447A	HYI	AP-MS	no	cytosol	1.22237679262562	0.00010332175533696	NA	NA	AP-MS
MEK2DD	HYOU1	shared	yes	ER	1.00004414889056	2.51944250990318e-05	0.220881777054977	0.0438478479771359	AP-MS
HrasS17N	IBA57	shared	yes	mitochondrion	1.03513927591894	8.35059159511932e-05	0.767314303180192	9.74888428490993e-09	AP-MS
NrasS17N	IBA57	shared	yes	mitochondrion	1.09252158161943	0.000108618873774727	0.57231166176521	1.4657527451665e-06	AP-MS
MEK2AA	ID1	AP-MS	no	NA	1.01583100966546	0.00449271823729586	NA	NA	AP-MS
ERK1DD	ID3	shared	yes	NA	0.522564254077038	0.013324466189812	1.72045452704771	0.00676309910478359	TbID
NrasS17N	ID3	TbID	yes	NA	0.238118218020079	0.23792839301675	1.4873019955284	0.00998669018750969	TbID
MEK1WT	ID3	TbID	yes	NA	0.208698895931849	0.551998233276767	1.39848501756814	0.0129979503538233	TbID
ERK2AA	ID3	shared	yes	NA	0.8195872359487	0.000513946756927118	1.62594277253727	0.00583326394999884	TbID
NrasQ61K	ID3	TbID	yes	NA	0.233288056227327	0.273647647700386	1.218392994457	0.029875026224986	TbID
HrasG13R	ID3	shared	yes	NA	0.574757741438297	0.0118362631653459	1.6772796934455	0.00420103449052082	TbID
NrasQ61R	ID3	TbID	yes	NA	0.0735111950696539	0.757443556220707	1.36400892363456	0.0173086911109936	TbID
BrafD594N	ID3	TbID	yes	NA	0.376456841087705	0.0981136389755585	1.33087883282062	0.0165247534962278	TbID
BrafWT	ID3	shared	yes	NA	0.565842095736045	0.0292720190377807	1.17366859964482	0.0291904543218812	TbID
MEK1AA	ID3	TbID	yes	NA	-0.0602621966389308	0.857510053068732	1.2089307322752	0.0285345186621912	TbID
HrasWT	ID3	TbID	yes	NA	-0.0826746783253059	0.767206982331334	1.60559479393936	0.0128826247250171	TbID
HrasQ61R	ID3	shared	yes	NA	0.44503266450931	0.0267579101127461	1.67898643534148	0.00456906059824284	TbID
HrasS17N	ID3	TbID	yes	NA	0.101261715443345	0.618876228011507	1.1826361446784	0.0238363572916871	TbID
ERK2WT	ID3	shared	yes	NA	0.578943066603993	0.0111093527458126	1.70944497540629	0.00375939531283126	TbID
Raf1S257L	IDI1	TbID	no	mitochondrion	0.281704458181429	0.142164043018368	1.20426816866589	4.43417549394389e-10	TbID
MEK1WT	IDI1	TbID	no	mitochondrion	0.196844827099172	0.499177838024012	0.972645441023705	1.22535344988091e-09	TbID
ArafWT	IDI1	TbID	no	mitochondrion	-0.0182904001523675	0.932986695237994	0.932017262848746	1.9505728724998e-09	TbID
MEK2AA	IDI1	shared	no	mitochondrion	0.559978811502519	0.0311054011892838	0.913532374874353	2.59611128001786e-09	TbID
HrasS17N	IDI1	TbID	no	mitochondrion	-0.0825038125878251	0.723269217986101	0.937126057363931	7.17690555370351e-09	TbID
NrasQ61R	IDI1	TbID	no	mitochondrion	0.0274392412429106	0.908468164072035	0.938814365053361	1.05166946922546e-08	TbID
Raf1WT	IDI1	TbID	no	mitochondrion	-0.0326377241059649	0.901024935757569	1.09287487040494	4.4581495666636e-10	TbID
BrafWT	IDI1	TbID	no	mitochondrion	0.0592680375789748	0.870625831368805	0.912164492489546	4.88327112083433e-09	TbID
BrafG469A	IDI1	TbID	no	mitochondrion	0.135542841041149	0.516092516510333	0.923119923986415	7.61095162554318e-09	TbID
NrasWT	IDI1	TbID	no	mitochondrion	-0.170996051676423	0.446708978337531	0.877419641591173	9.47868386761406e-08	TbID
MEK2DD	IER2	AP-MS	no	NA	1.24843340451798	1.53374818061235e-05	NA	NA	AP-MS
Raf1S257L	IER2	AP-MS	no	NA	1.89405585341824	4.28421317305953e-07	NA	NA	AP-MS
ArafS214P	IER2	AP-MS	no	NA	1.31397783309887	4.07728892349389e-06	NA	NA	AP-MS
Raf1S259F	IER2	AP-MS	no	NA	1.9948797746394	6.39070508847291e-08	NA	NA	AP-MS
ERK1DD	IFI16	TbID	no	NA	NA	NA	1.20607672704322	1.16692580693474e-06	TbID
KrasG12V	IFITM1	TbID	no	plasma_membrane	NA	NA	0.867171193271281	0.000495115734549896	TbID
KrasWT	IFITM1	TbID	no	plasma_membrane	NA	NA	0.903049249690293	0.000384919309455042	TbID
KrasG12D	IFITM1	TbID	no	plasma_membrane	NA	NA	0.801393268295579	0.000625208835888719	TbID
MEK2DD	IFNGR1	TbID	yes	plasma_membrane	0.321334012214803	0.315566544866799	0.902688176251884	9.02357074867923e-08	TbID
KrasWT	IFRD2	shared	no	cytosol	0.902728931115401	0.00050794607290517	0.437179832987006	2.25393583638805e-05	AP-MS
HrasG13R	IFT70B	AP-MS	no	NA	1.08646103458258	0.0134003127870604	0.0606142372783504	0.48048507944094	AP-MS
MEK2DD	IFTAP	TbID	no	NA	NA	NA	0.99402665537176	1.16503511534692e-05	TbID
MEK2DD	IGBP1	shared	yes	unclassified	0.878253093398592	4.79509175911651e-06	0.982047045779374	4.09648511305761e-07	TbID
ArafS214P	IGF2R	TbID	yes	early_endosome	-0.591338779396751	0.00162932004275294	1.13646028158849	1.44663792177472e-08	TbID
NrasS17N	IGSF21	TbID	no	NA	NA	NA	1.41835814373301	1.73073782661155e-05	TbID
Raf1S259F	IGSF21	TbID	no	NA	NA	NA	1.65721904302755	3.92835316726029e-07	TbID
MEK2DD	IL1RAP	shared	no	NA	1.05292938727094	0.00314930640390629	1.1466481962704	0.0334246086617081	AP-MS
MEK2DD	IL6ST	shared	yes	NA	1.763549895995	0.0124594546942181	0.283465548097571	0.0183589279147572	AP-MS
BrafG469A	ILDR2	core	no	NA	1.29910728952754	7.35242688567743e-06	0.996294708516563	4.98324520614074e-07	Both
BrafV600E	ILDR2	core	no	NA	1.28083085893204	1.27474705635868e-06	0.855908382495942	7.95722260981554e-07	Both
Raf1S259F	ILDR2	shared	no	NA	0.778956799624622	0.000145072986497528	0.918625683993754	1.00663122592064e-06	Both
ERK1WT	ILK	AP-MS	yes	actin_cytoskeleton	1.62527777456608	6.47548821929614e-06	0.0854401591058362	0.191391214125152	AP-MS
ERK2AA	ILK	shared	yes	actin_cytoskeleton	2.33878906956676	5.74930546205519e-07	0.796008175336217	2.62882649719217e-08	AP-MS
ERK2WT	ILK	shared	yes	actin_cytoskeleton	2.37703486261739	1.07736963568899e-07	0.369265137142547	2.56424422397499e-05	AP-MS
ERK1DD	ILK	shared	yes	actin_cytoskeleton	1.1963964841702	0.000229762331132919	0.129780563012761	0.0455663896603598	AP-MS
HrasG13R	IMPDH2	AP-MS	no	cytosol	1.09190326401226	0.000900872856386135	-0.0588299094480916	0.282730149784738	AP-MS
Raf1S259F	INAVA	shared	yes	NA	0.821283927333624	0.00249917426101059	0.858062573744211	0.00371152507141896	TbID
BrafG469A	INPP1	TbID	no	cytosol	0.274741361647483	0.295364964384135	0.952776887160869	4.12162283691219e-09	Both
BrafV600E	INPP1	TbID	no	cytosol	0.179230699676545	0.405269372945835	1.03164833949361	2.66782082016719e-09	Both
MEK2DD	INPP1	shared	no	cytosol	1.9754985273422	2.87103035464898e-07	0.649516517531175	3.28463581206887e-07	Both
Raf1S259F	INPP1	TbID	no	cytosol	0.103136537962028	0.622294459318927	0.847792400320495	2.10390260057405e-08	Both
NrasQ61R	INSM1	AP-MS	yes	NA	1.43881029406558	2.45376141517158e-05	0.151880790961987	0.124130991012853	AP-MS
BrafG469A	INTS15	TbID	no	nucleus	NA	NA	0.867298219772129	8.52153942742099e-07	TbID
MEK2DD	IP6K2	TbID	no	NA	0.115437437904745	0.692847100981939	1.17548802207815	1.61770936120941e-05	TbID
HrasS17N	IPO4	TbID	no	cytosol	-0.231265828569444	0.183499470964496	0.789671299741916	1.0127593365688e-07	TbID
ArafD447A	IPO5	shared	no	mitochondrion	0.437872478823509	0.00509561461035961	0.932109725654023	1.56258056883647e-06	TbID
Raf1S257L	IPO5	shared	no	mitochondrion	0.495434364611359	0.00167285686757252	0.857681236188804	2.62665064016694e-06	TbID
Raf1S259F	IPO5	shared	no	mitochondrion	0.431691435535858	0.00687554392704149	0.888932500508338	1.46846156772674e-06	TbID
NrasQ61R	IPO9	shared	no	cytosol	1.35300722195839	2.62899037586545e-05	0.457468168398272	0.00145756683030984	Both
KrasWT	IPO9	TbID	no	cytosol	0.0985267114685371	0.133604373231213	0.849821557685672	3.52004542602725e-07	Both
KrasG12D	IPO9	shared	no	cytosol	0.234552933364107	0.0421264021597453	0.830443646162488	4.96203444554099e-07	Both
ERK2AA	IPP	shared	no	NA	1.41047408992958	1.92276773526141e-06	0.3128735501491	0.00473574093206292	AP-MS
ERK2WT	IPP	AP-MS	no	NA	2.14309881845679	2.8979545450555e-10	0.0924071428725673	0.393283619105989	AP-MS
ERK1DD	IPP	shared	no	NA	1.29705890906345	7.50838486097289e-06	0.235859132938918	0.0280319544775717	AP-MS
ERK1WT	IPP	shared	no	NA	2.18325986105454	4.94548540084285e-10	0.339485102189094	0.0123021503260567	AP-MS
Raf1WT	IPPK	TbID	no	NA	0.104692194928679	0.494296754463316	1.27867292993254	0.0116773124708389	TbID
MEK2WT	IPPK	TbID	no	NA	0.133233615944327	0.547581611264126	1.31541206062088	0.0123170162973697	TbID
MEK1DD	IPPK	shared	no	NA	0.466867784713524	0.000621577690678905	1.19754239128745	0.0243295234573037	TbID
Raf1S257L	IQCB1	shared	yes	unclassified	1.34707279148597	5.9425474354672e-09	0.284905083849264	0.000343716842754646	AP-MS
ArafS214P	IQCB1	shared	yes	unclassified	1.32865696359598	1.64180659834243e-07	0.208596056723811	0.00211143247139621	AP-MS
Raf1S259F	IQCB1	shared	yes	unclassified	1.24184923699234	1.82774659593978e-06	0.473916655418166	7.27259935188482e-07	AP-MS
MEK2DD	IQCC	TbID	no	nucleus	-0.120212965262396	0.577582174032755	0.885559519666181	2.09455381276711e-09	TbID
KrasG12D	IQGAP2	shared	yes	plasma_membrane	0.224274050675042	0.00516373786080861	0.820647859446757	4.96203444554099e-07	TbID
KrasG12V	IQGAP2	shared	yes	plasma_membrane	0.246854931847846	0.000238082958706119	0.795762210895168	4.70892800040851e-07	TbID
MEK2DD	IRAK2	AP-MS	no	NA	1.21405584406576	0.0144971337299045	0.351309392164925	0.250324034019083	AP-MS
BrafV600E	IRS2	AP-MS	yes	14-3-3_scaffold	1.7820857713651	2.2883697199962e-06	0.100981686227273	0.186153385319252	Both
HrasS17N	IRS2	AP-MS	yes	14-3-3_scaffold	1.78551970771621	1.65491734447379e-06	-0.745651420293207	6.49524952151698e-07	Both
ERK1AA	IRS2	AP-MS	yes	14-3-3_scaffold	0.98123171521005	0.000434610665450402	0.0746952868754433	0.415112576315076	Both
MEK1DD	IRS2	AP-MS	yes	14-3-3_scaffold	1.2131977813334	0.000186740893326513	0.00172630776201947	0.984782165232985	Both
ERK1WT	IRS2	shared	yes	14-3-3_scaffold	1.82132867381572	4.14779610811615e-06	0.779424233487064	1.67658270503079e-06	Both
NrasS17N	IRS2	AP-MS	yes	14-3-3_scaffold	1.05415745453456	0.000400999489070198	-0.616463458936832	2.86637881690097e-06	Both
ArafWT	IRS2	AP-MS	yes	14-3-3_scaffold	1.46324412764125	8.04669667850777e-06	-0.246305200328481	0.00530160689237474	Both
ERK1DD	IRS2	shared	yes	14-3-3_scaffold	1.84350676529557	1.4039783207033e-05	0.563108470772922	1.2853525417116e-05	Both
Raf1S259F	IRS2	AP-MS	yes	14-3-3_scaffold	1.55721586219079	6.59609452290275e-06	-0.414020730302177	5.97625644415139e-05	Both
NrasQ61R	IRS2	core	yes	14-3-3_scaffold	2.57418031489239	7.36700246818853e-08	0.797944750388384	4.89825865511124e-07	Both
ArafWT	IRS4	shared	no	plasma_membrane	2.26149262103014	7.55826038581145e-12	0.661293581133255	1.38193372045476e-07	AP-MS
Raf1WT	IRS4	shared	no	plasma_membrane	2.04799417227004	4.04177454094568e-11	0.377485328852204	8.66558428390785e-06	AP-MS
ArafD447A	IRS4	shared	no	plasma_membrane	1.79024525348373	1.91178472533529e-10	0.428664646851502	3.83852797096156e-06	AP-MS
ArafS214P	IRS4	shared	no	plasma_membrane	1.25895716463249	1.01210530173762e-06	0.205734517858654	0.00446261848407944	AP-MS
Raf1S259F	IRS4	AP-MS	no	plasma_membrane	1.64222316443377	1.64921238885374e-06	-0.227638091580727	0.0008236575713411	AP-MS
Raf1D486A	IRS4	shared	no	plasma_membrane	2.59733902458902	2.39156247424007e-12	0.567275762971797	1.96583177984537e-07	AP-MS
Raf1S257L	IRS4	shared	no	plasma_membrane	2.57426908309092	2.31291361517682e-12	0.400185819212537	1.41369219206952e-05	AP-MS
BrafG469A	ISCA1	shared	yes	mitochondrion	0.839808675726518	2.51479359223396e-05	0.98586727901762	3.32085408128897e-10	TbID
Raf1S259F	ISCA1	TbID	yes	mitochondrion	-0.0887438888364099	0.49689109968616	0.848828952176702	7.046102093817e-09	TbID
KrasWT	ITGA1	TbID	no	plasma_membrane	NA	NA	0.916323177388253	0.00706424112133429	TbID
KrasG12D	ITGA1	TbID	no	plasma_membrane	NA	NA	1.35837235749323	0.000598688860882439	TbID
KrasS17N	ITGA1	TbID	no	plasma_membrane	NA	NA	1.03803601754071	0.00267602047814219	TbID
KrasG12V	ITGA1	TbID	no	plasma_membrane	NA	NA	1.36497336185739	0.000759343694084688	TbID
KrasG12D	ITGA2	TbID	yes	plasma_membrane	NA	NA	0.924547655412315	6.63036826407731e-06	TbID
KrasS17N	ITGA2	TbID	yes	plasma_membrane	NA	NA	0.778770444537281	5.04326931784474e-06	TbID
KrasG12V	ITGA2	TbID	yes	plasma_membrane	NA	NA	0.962939341607643	4.31858163706605e-06	TbID
KrasWT	ITGA4	TbID	yes	plasma_membrane	-0.137845920615414	0.0715681278860835	0.84592838322692	0.0156812069413223	Both
MEK1AA	ITGA4	AP-MS	yes	plasma_membrane	1.05309012234262	0.014716679852118	0.0542682228108813	0.822967193798529	Both
KrasG12D	ITGA4	TbID	yes	plasma_membrane	-0.101908628140301	0.183474088031656	0.998567781329484	0.00577540591395307	Both
KrasG12V	ITGA4	TbID	yes	plasma_membrane	-0.109626561960511	0.0825982304362844	1.03691384096762	0.00490325466693556	Both
KrasS17N	ITGA4	TbID	yes	plasma_membrane	-0.240639694225276	0.0149902377647778	1.03634088046282	0.00372724116040235	Both
MEK1WT	ITGA4	AP-MS	yes	plasma_membrane	1.10668137617553	0.0370688837957805	0.1137739536765	0.641340355758807	Both
KrasG12V	ITGA5	TbID	no	plasma_membrane	NA	NA	0.897744083193137	1.35719500941155e-05	TbID
HrasG13R	ITGA5	TbID	no	plasma_membrane	NA	NA	0.839459382375551	1.75679640885307e-05	TbID
MEK2AA	ITGA7	AP-MS	yes	NA	2.26794674808662	0.00545799015639957	0.0878379959493874	0.90059500878677	Both
HrasG13R	ITGA7	TbID	yes	NA	0.234268038389942	0.746172608364582	1.42989794615181	0.0278383030209032	Both
MEK2DD	ITGA7	AP-MS	yes	NA	2.56558119337874	0.00473690616832112	0.717486946314099	0.257738326552357	Both
ArafS214P	ITGA7	TbID	yes	NA	0.991174385995741	0.0606630868481271	1.5948033272371	0.0145897404192854	Both
MEK2DD	ITGAV	shared	yes	plasma_membrane	1.17356971648335	6.1592556606836e-05	0.141551286233554	0.0425859806013296	AP-MS
MEK2DD	ITGB5	AP-MS	no	plasma_membrane	1.07076470944167	0.0464531901192056	-0.414309451930892	0.0317440663032642	AP-MS
NrasQ61R	ITIH2	TbID	no	NA	-0.0987704443318142	0.77629224925845	1.86864163553834	1.88036573414422e-09	TbID
Raf1D486A	ITIH2	TbID	no	NA	0.249973104297846	0.398825738179125	1.22899874639422	9.34887744372437e-09	TbID
HrasG13R	ITM2B	TbID	yes	plasma_membrane	0.216744431954883	0.276048107598702	1.07480366375444	5.0194113198631e-07	TbID
Raf1S259F	ITM2B	shared	yes	plasma_membrane	0.496775903106897	0.0150081927366114	0.945523705115229	2.50820308505945e-08	TbID
ArafS214P	ITM2C	TbID	no	early_endosome	0.022856671100712	0.914453838833369	0.937146946165769	4.54495311146078e-08	Both
BrafG469A	ITM2C	TbID	no	early_endosome	-0.462552449906629	0.00552719830755714	0.878255205440374	4.01910582653865e-08	Both
Raf1S259F	ITM2C	TbID	no	early_endosome	0.219854321686805	0.208673050542876	1.17017237643238	2.97877629104818e-09	Both
HrasG13R	ITM2C	TbID	no	early_endosome	-0.168861340232433	0.417238482432754	1.0209591605356	2.26111349036746e-07	Both
MEK2DD	ITM2C	shared	no	early_endosome	1.27736142973935	1.9524123868816e-06	0.769692521353846	1.30867613255599e-07	Both
ERK1WT	ITPKC	AP-MS	yes	cytosol	1.19122096365466	2.47078502713132e-06	-0.125796227348643	0.258345072124346	AP-MS
ArafWT	ITPR2	AP-MS	yes	ER	1.7229163577492	2.85593212559107e-09	0.00973016706225691	0.905326591990689	AP-MS
ArafS214P	ITPR2	AP-MS	yes	ER	2.2742880717441	5.4585095876224e-08	-0.0099961284129122	0.883890147445613	AP-MS
ArafWT	ITPR3	AP-MS	yes	ER	1.48218284324368	2.77685099353689e-07	0.137872646848198	0.0666310903712213	AP-MS
ArafS214P	ITPR3	shared	yes	ER	2.41928731063403	1.42694254474034e-07	0.37948674332463	9.0518057574716e-05	AP-MS
ArafS214P	ITPRID2	shared	no	ER	1.43877202298545	4.34752204388076e-06	0.686424572898782	2.06031770053338e-07	AP-MS
BrafG469A	ITPRIP	TbID	no	ER	-0.387846471154038	0.0479490041239246	0.902118761547968	2.45767160775023e-09	Both
MEK2DD	ITPRIP	shared	no	ER	1.22701349077422	1.19341575961003e-05	0.240009355757456	0.00173324898017114	Both
Raf1S259F	ITPRIPL2	shared	no	NA	0.754351133466154	0.000407155565033093	0.872874817884663	1.5145284761698e-07	TbID
BrafG469A	IVNS1ABP	AP-MS	no	cytosol	1.17280517547931	1.05821712891954e-06	-0.348379662368853	8.97915396218809e-05	AP-MS
ArafWT	JAG2	core	no	NA	1.3413120920622	2.4812531479609e-07	1.00106232134678	2.44309080720726e-09	Both
BrafG469A	JAGN1	TbID	yes	ER	NA	NA	1.0421451020067	3.47577157941695e-08	TbID
MEK2DD	JCAD	TbID	yes	NA	0.400216206349525	0.108840786991824	1.53712750613827	4.49887097549393e-11	TbID
BrafG469A	JMJD1C	AP-MS	no	nucleus	1.21269786987374	5.65374708711589e-07	-1.43089001502768	8.71905995744165e-11	AP-MS
MEK2AA	JPT1	TbID	no	cytosol	NA	NA	0.877845494668368	2.05008250220099e-06	TbID
MEK2DD	JTB	AP-MS	no	unclassified	1.36908888450188	0.0446138118535894	NA	NA	AP-MS
BrafV600E	JUN	AP-MS	yes	nucleus	1.61503151474102	4.90816679200651e-07	-0.932900282869314	2.7963367328952e-07	AP-MS
BrafG469A	JUN	AP-MS	yes	nucleus	2.47639265116397	1.91860070529069e-09	-0.522396767601776	0.000108594805374634	AP-MS
MEK2DD	JUN	AP-MS	yes	nucleus	1.90048611964099	3.11947907036252e-08	-0.130847307433454	0.20399652427077	AP-MS
Raf1S259F	JUN	AP-MS	yes	nucleus	1.50291156381246	1.74462538985116e-07	-0.48204534684462	0.000247381325114234	AP-MS
MEK1DD	JUN	AP-MS	yes	nucleus	2.75763153424236	6.84599301006356e-10	0.0295247667403338	0.801053078531946	AP-MS
BrafG469A	JUNB	core	no	NA	5.13136095116025	1.65359696776323e-10	1.77082100415963	1.94063183264611e-11	Both
HrasG13R	JUNB	shared	no	NA	1.23733074501589	0.00092499025497537	0.596484504722659	7.25174705306981e-06	Both
BrafV600E	JUNB	core	no	NA	4.35567194999302	4.82131757065343e-10	2.08772071240801	4.793003404195e-12	Both
MEK2WT	JUNB	AP-MS	no	NA	1.415805385217	0.0243310417312004	-2.16769799262597	1.60445068398595e-11	Both
Raf1S259F	JUNB	core	no	NA	3.28166645604585	1.74201482581057e-08	1.71116319088747	1.49621156755469e-10	Both
MEK1DD	JUNB	core	no	NA	5.32661382335805	2.57770994522926e-10	2.71435949689612	6.82880979564556e-12	Both
Raf1S257L	JUNB	core	no	NA	2.66975865366694	5.62305092725854e-08	1.16488223972593	3.47048815445929e-09	Both
MEK2DD	JUNB	core	no	NA	3.79012562665863	3.10858897760625e-09	2.59013491874153	2.50494504322673e-12	Both
ArafS214P	JUNB	shared	no	NA	2.78959363062816	1.04018601799573e-07	0.254644340927852	0.00330047973888045	Both
NrasQ61R	JUND	core	no	nucleus	1.37426669982742	1.08896048233081e-06	0.839300306377059	7.62269080784622e-07	Both
BrafG469A	JUND	AP-MS	no	nucleus	1.23160629995338	2.65991360804777e-06	-2.46156422870339	3.78803364214302e-09	Both
BrafV600E	JUND	AP-MS	no	nucleus	1.19153136967312	3.93956847292407e-06	-2.02869117695981	6.1292520873511e-10	Both
KrasG12D	KANK1	shared	no	NA	0.839033637871815	9.41833427456259e-07	0.155103538507182	0.00526256557984713	AP-MS
KrasG12V	KANK1	shared	no	NA	0.852214242006358	4.37617884165601e-08	0.235668120459717	0.00023916342953095	AP-MS
KrasS17N	KANK1	shared	no	NA	0.829936471288145	6.82165004726351e-07	0.134798188885139	0.00164216185416799	AP-MS
MEK2AA	KANK2	shared	yes	actin_cytoskeleton	0.555479129946751	0.00206834429638677	1.05243303327259	5.48641495665119e-09	TbID
ERK2WT	KATNAL1	AP-MS	no	cytosol	1.33259835443576	1.65081106561235e-05	-0.0579465708002325	0.474673968370239	AP-MS
ERK2WT	KATNIP	shared	yes	NA	0.248583961997705	0.0483490801744479	0.977084292076452	5.84790752506791e-09	TbID
NrasQ61R	KCNA5	AP-MS	yes	NA	1.06947075927448	0.000796337856052949	NA	NA	AP-MS
MEK2DD	KCNA5	AP-MS	yes	NA	1.22647896352313	0.000145718498094479	NA	NA	AP-MS
NrasQ61R	KCNQ2	TbID	yes	NA	NA	NA	1.80371620953693	0.0150345300111377	TbID
HrasS17N	KCNQ2	TbID	yes	NA	NA	NA	2.45183945025595	0.00130894929017082	TbID
ArafWT	KCNQ2	TbID	yes	NA	NA	NA	1.82019405764365	0.0114081648396248	TbID
Raf1S259F	KCNQ2	TbID	yes	NA	NA	NA	1.68393436441161	0.0143006372227282	TbID
Raf1S259F	KCT2	TbID	no	trans-Golgi	-0.827955574703861	0.00299365325288179	0.865243147336193	4.85998568096286e-06	TbID
MEK1DD	KCTD10	TbID	no	actin_cytoskeleton	0.280795519058557	0.11929814755029	1.73530224557433	2.9380579871982e-07	TbID
HrasWT	KCTD10	TbID	no	actin_cytoskeleton	0.215068228212177	0.295122498039352	0.936997299118286	0.000604444409090077	TbID
Raf1WT	KCTD10	TbID	no	actin_cytoskeleton	0.219702012039273	0.255457313062856	1.16069144466856	1.70413590451445e-05	TbID
BrafG469A	KCTD10	TbID	no	actin_cytoskeleton	0.146846357310465	0.477995733760795	1.5280265092158	7.64949953180367e-07	TbID
NrasWT	KCTD10	TbID	no	actin_cytoskeleton	-0.291600379816894	0.139978177813099	1.10147227560285	4.84558277795516e-05	TbID
KrasWT	KCTD10	TbID	no	actin_cytoskeleton	0.0147479349787556	0.844448706817806	0.883086296817162	3.85695240995175e-07	TbID
NrasQ61K	KCTD10	TbID	no	actin_cytoskeleton	0.364512426129684	0.0604182376154594	0.877727544048813	0.000540847514006621	TbID
MEK1WT	KCTD10	TbID	no	actin_cytoskeleton	0.113954220122866	0.676003816609182	0.877890094246629	0.000170041506344181	TbID
BrafV600E	KCTD10	TbID	no	actin_cytoskeleton	0.243602744377428	0.172919923371342	1.44764864883773	9.98820470265189e-07	TbID
ArafS214P	KCTD10	TbID	no	actin_cytoskeleton	0.141185553050014	0.412977618671061	1.04750822307637	4.10290586557609e-05	TbID
BrafD594N	KCTD10	TbID	no	actin_cytoskeleton	-0.172790166939397	0.484031523844773	0.849103389168685	0.000482286349974461	TbID
ERK2DD	KCTD10	TbID	no	actin_cytoskeleton	-0.0470646051696781	0.877274729374767	0.910179343771907	0.00024433220240412	TbID
ArafWT	KCTD10	TbID	no	actin_cytoskeleton	-0.64975932113181	0.00366853276340572	0.851526296899832	0.00065617647051277	TbID
MEK2WT	KCTD10	TbID	no	actin_cytoskeleton	0.00795329769107466	0.985120183359499	0.923352771059359	0.000164993461719549	TbID
Raf1S259F	KCTD10	TbID	no	actin_cytoskeleton	0.239952768911268	0.172482247578789	1.46922331935743	1.05882351214253e-06	TbID
MEK2DD	KCTD10	TbID	no	actin_cytoskeleton	0.0387875640543324	0.876633549350776	1.04307548118395	3.68047973334425e-05	TbID
Raf1S257L	KCTD10	TbID	no	actin_cytoskeleton	0.302066483352626	0.0827787349203792	1.71319119007702	4.63675456660927e-07	TbID
BrafWT	KCTD10	TbID	no	actin_cytoskeleton	0.145685286340954	0.513007519149294	1.0655680096345	9.44453924377325e-05	TbID
ERK2AA	KCTD10	shared	no	actin_cytoskeleton	0.499425364526349	0.0103101162842291	1.05794138137424	0.000100733272009439	TbID
BrafWT	KCTD12	shared	no	cytosol	0.960205608005202	2.12547226052631e-06	0.980028750101407	3.2289730395132e-08	Both
MEK1DD	KCTD12	core	no	cytosol	1.31836718184889	5.17479855338338e-08	1.47931068607337	3.26314610662683e-10	Both
BrafV600E	KCTD12	core	no	cytosol	1.5358680846692	2.21356851945107e-08	1.57678753899394	3.59660862262661e-11	Both
NrasS17N	KCTD12	shared	no	cytosol	0.771204704838835	2.80961035994021e-05	0.876909446264333	2.98540760530273e-07	Both
ERK2AA	KCTD12	shared	no	cytosol	0.831876517624692	6.6023969261723e-06	0.942249343146557	8.85003558019222e-08	Both
HrasS17N	KCTD12	shared	no	cytosol	0.79836117431345	3.31612971573058e-06	0.793165032629736	1.34499520242339e-07	Both
BrafG469A	KCTD12	core	no	cytosol	1.72731901199279	1.54128301087823e-08	1.57688889827166	9.55648703928509e-11	Both
Raf1S259F	KCTD12	core	no	cytosol	1.55464738373474	3.51596450406467e-08	1.84697376342309	3.66063140357772e-11	Both
Raf1S257L	KCTD12	shared	no	cytosol	0.954391058622222	5.00931477919869e-07	1.27771161954274	1.49162984705179e-09	Both
HrasQ61R	KCTD12	core	no	cytosol	1.06145786880108	1.22991117629503e-05	1.11346375076563	8.32631539867491e-08	Both
MEK2DD	KCTD12	core	no	cytosol	1.14754486344513	6.03247021860548e-07	1.54827612106905	1.13459698471418e-10	Both
ArafWT	KCTD12	shared	no	cytosol	0.869361101074859	1.7438784716335e-06	0.871249901640867	5.4530582835738e-08	Both
HrasG13R	KCTD12	core	no	cytosol	1.39045287164689	2.65087414071848e-06	1.3363241463753	2.35639295819388e-08	Both
BrafG469A	KCTD13	TbID	no	NA	0.00875325950462104	0.981773125883151	0.851048998905536	4.5911545163027e-05	TbID
Raf1S257L	KCTD13	TbID	no	NA	0.239609122827756	0.300051828813415	0.855882018004536	8.45402697955938e-05	TbID
MEK1DD	KCTD13	shared	no	NA	0.897917945725738	0.0027915129134215	1.38645657883766	6.81354191348326e-07	TbID
Raf1S259F	KCTD13	shared	no	NA	0.536794921623506	0.0448940895129233	1.25097756482809	1.01756729388965e-06	TbID
BrafV600E	KCTD16	AP-MS	no	NA	1.42475765399773	4.08760806940813e-06	NA	NA	AP-MS
MEK1DD	KCTD16	AP-MS	no	NA	1.53855848868298	2.94280849969616e-06	NA	NA	AP-MS
BrafG469A	KCTD16	AP-MS	no	NA	1.55255420267018	2.97689341069372e-06	NA	NA	AP-MS
HrasWT	KCTD16	AP-MS	no	NA	1.15896695031011	8.70509747342233e-05	NA	NA	AP-MS
HrasQ61R	KCTD16	AP-MS	no	NA	1.26248884908471	0.000128110763098056	NA	NA	AP-MS
MEK2DD	KCTD16	AP-MS	no	NA	1.41453579309012	1.02645470759515e-05	NA	NA	AP-MS
Raf1S259F	KCTD16	AP-MS	no	NA	1.39413246623549	2.83316564812696e-06	NA	NA	AP-MS
HrasG13R	KCTD16	AP-MS	no	NA	1.35127867145409	3.99337097983185e-05	NA	NA	AP-MS
KrasWT	KCTD16	AP-MS	no	NA	0.845707867478593	0.00129125533003333	NA	NA	AP-MS
ERK2WT	KCTD20	AP-MS	no	cytosol	1.29704874892104	0.00264593196923554	-0.227070225243365	0.0267189577206764	AP-MS
ArafS214P	KCTD20	AP-MS	no	cytosol	1.1696836734813	0.0022729938166548	-0.364954438747017	0.00367203426243343	AP-MS
MEK2DD	KCTD3	TbID	no	actin_cytoskeleton	-0.467959719663895	0.00202721248718131	0.942837066971748	2.87052981753663e-09	TbID
MEK2AA	KCTD3	TbID	no	actin_cytoskeleton	-0.024930681720739	0.913156349859106	1.0899669306912	1.16901727139636e-09	TbID
MEK2DD	KCTD5	TbID	no	ER	-0.231540338971512	0.129481873715811	0.885020883171328	4.28669973504149e-07	TbID
BrafV600E	KDM2A	TbID	no	nucleus	0.145058573244041	0.526752802988737	1.12062123654434	2.2582862741097e-08	TbID
BrafWT	KDM2A	TbID	no	nucleus	-0.248675085298351	0.309619170954064	0.853160985522079	2.96934997387769e-06	TbID
HrasS17N	KDM2A	TbID	no	nucleus	0.198894738145972	0.315526143135786	0.982744273999521	1.2448413349598e-07	TbID
NrasQ61K	KDM2A	TbID	no	nucleus	0.228797876551505	0.278616943054441	0.842078888546563	3.24388915868195e-06	TbID
Raf1S259F	KDM2A	TbID	no	nucleus	0.196456901912377	0.413198538887456	1.13547607241308	2.17484768214374e-08	TbID
Raf1S257L	KDM2A	TbID	no	nucleus	0.140965674266061	0.521641207732469	0.908648447407267	3.60117387432767e-07	TbID
BrafD594N	KDM2A	TbID	no	nucleus	-0.0971785553975754	0.743998070924761	0.850287662849158	1.05335194636191e-06	TbID
MEK1DD	KDM2A	TbID	no	nucleus	0.284449253316349	0.141693400228563	0.972246762050332	1.60505754930509e-07	TbID
BrafG469A	KDM2A	shared	no	nucleus	0.466534225530345	0.0289427941700799	1.35164435047529	3.78803364214302e-09	TbID
ArafD447A	KDM2A	TbID	no	nucleus	0.250895330624292	0.214190587251155	0.994790800457931	2.01901911179183e-07	TbID
BrafV600E	KDM6B	shared	yes	nucleus	1.71145216023821	0.00509078568478065	0.279502336408628	0.0111023393853008	AP-MS
MEK1DD	KDM6B	shared	yes	nucleus	2.17891040541192	0.00120862252880692	0.456528905443229	0.000288439090195122	AP-MS
BrafG469A	KDM6B	shared	yes	nucleus	1.82987966122993	0.00251381860204165	0.358903548963468	0.00278915500678728	AP-MS
MEK1AA	KDM8	AP-MS	no	cytosol	2.30543721647619	0.00155251303906338	-0.395321113221827	0.00114746353102037	AP-MS
ERK2WT	KDM8	AP-MS	no	cytosol	2.3623226486065	0.0134428219387751	-0.146442759354534	0.196656459163668	AP-MS
MEK1WT	KDM8	AP-MS	no	cytosol	2.39266678114404	0.00244813129024068	-0.122870622867006	0.355340432156309	AP-MS
MEK1AA	KEAP1	TbID	yes	cytosol	-0.0215996404668859	0.912369392019506	0.990022834362415	3.66350295061878e-06	TbID
ArafS214P	KEAP1	shared	yes	cytosol	0.485889992269038	0.00269570943796588	1.04757929594506	8.66103149567381e-07	TbID
BrafG469A	KEAP1	TbID	yes	cytosol	-0.138609004216561	0.279381845614075	0.883695504596387	2.17955268486772e-05	TbID
BrafWT	KEAP1	TbID	yes	cytosol	0.260942329022172	0.0534169081720247	0.899295415885292	1.16741222450102e-05	TbID
MEK2WT	KEAP1	TbID	yes	cytosol	0.272082736779684	0.0994497279645053	0.871142335146158	7.01744185905641e-06	TbID
ArafWT	KEAP1	shared	yes	cytosol	0.404736134220723	0.0024417898385835	0.999171336878791	4.20130644625029e-06	TbID
MEK1DD	KEAP1	TbID	yes	cytosol	-0.296500480261198	0.0381290626571974	0.944777425005502	4.1490739522163e-06	TbID
Raf1S257L	KEAP1	shared	yes	cytosol	1.11866135336202	6.22441902987538e-07	1.03846810423531	1.33691326860075e-06	TbID
Raf1D486A	KHDRBS3	shared	no	nucleus	1.26839254205529	0.0063045982179864	0.355080395589537	0.00482637317701291	AP-MS
ArafWT	KIAA0232	AP-MS	no	cytosol	1.36411855720796	0.000178513380527124	-0.127129890820219	0.217090674457119	AP-MS
ArafS214P	KIAA0232	AP-MS	no	cytosol	1.35998696279209	0.000206486466711883	0.0599436297547428	0.529157215043548	AP-MS
Raf1S259F	KIAA0232	AP-MS	no	cytosol	1.4038284303925	0.000252983657953208	0.149200656894646	0.118666362814054	AP-MS
ERK2DD	KIAA1191	AP-MS	no	mitochondrion	1.11679938545314	0.00127896756029856	-1.09525510694744	2.79111681504501e-07	AP-MS
BrafG469A	KIAA1217	shared	no	actin_cytoskeleton	1.18549028891205	9.38930726989386e-08	0.234804561798223	0.000337671719814472	Both
BrafV600E	KIAA1217	shared	no	actin_cytoskeleton	1.283489305584	9.32427953624158e-08	0.588859278151267	2.49318860601666e-08	Both
MEK2DD	KIAA1217	shared	no	actin_cytoskeleton	0.92751797583431	6.78003912391037e-07	1.3130810437872	2.20526627510423e-11	Both
ERK2WT	KIDINS220	shared	yes	plasma_membrane	1.31496019843331	7.75675735667314e-08	0.288370852617755	0.000249153169350051	AP-MS
HrasQ61R	KIF11	AP-MS	yes	cytosol	1.26837979951441	5.27747763444547e-05	0.138248487515532	0.0543357336090914	Both
MEK2DD	KIF11	shared	yes	cytosol	0.355800605209986	0.00171011832996724	0.982018639824217	4.0564390511934e-09	Both
HrasWT	KIF11	AP-MS	yes	cytosol	1.34066103257457	6.27078198158217e-07	0.123885918883728	0.143715478865802	Both
HrasG13R	KIF11	shared	yes	cytosol	1.40136146898295	7.70924802429318e-05	0.308697382911578	0.000291056574650141	Both
ArafWT	KIF13A	AP-MS	no	cytosol	1.27381926317437	0.0007819102303492	-0.122252909098447	0.0979715568062919	AP-MS
HrasG13R	KIF14	shared	yes	actin_cytoskeleton	0.505536045350247	0.00144286147169177	0.983850853923069	2.67123745670847e-08	TbID
HrasQ61R	KIF14	shared	yes	actin_cytoskeleton	0.542002627025445	0.000720560362585104	1.08227831332415	3.76375296407465e-08	TbID
ERK2AA	KIF14	shared	yes	actin_cytoskeleton	0.281943014810963	0.0291637781287559	0.86203069734185	2.00815442724652e-07	TbID
MEK2DD	KIF14	shared	yes	actin_cytoskeleton	0.395443413261551	0.0035558200391639	1.0984071863004	6.64951726567148e-10	TbID
ERK2WT	KIF16B	TbID	no	early_endosome	0.366024544126247	0.27825874708785	1.18779044700747	5.74320195536052e-09	TbID
ERK2AA	KIF16B	TbID	no	early_endosome	0.508676065124743	0.121268913339304	0.874735756806072	4.12112762564883e-07	TbID
ERK1WT	KIF16B	TbID	no	early_endosome	0.531312612534242	0.102214531157814	1.29791468662521	2.79720161272502e-09	TbID
KrasG12V	KIF26A	shared	no	NA	0.185776995180063	0.00253532829540696	1.71713753869684	0.00824336958663326	TbID
KrasS17N	KIF26A	TbID	no	NA	0.0672498729844602	0.216536949471412	1.50820014188777	0.00901681189495303	TbID
MEK2DD	KIF2C	shared	no	nucleus	0.244939071250114	0.00630748637845933	0.897798373400684	2.06761967287214e-10	TbID
ArafS214P	KIF7	shared	yes	centrosome	1.16837922646306	2.33553700530325e-06	0.503073070095087	1.19997332797952e-06	Both
ERK2WT	KIF7	shared	yes	centrosome	0.608293777912393	7.57258533415727e-05	0.877729070156306	3.28638708257917e-09	Both
ArafWT	KIFBP	shared	yes	cytosol	7.99889300747004	1.37557856349082e-15	0.644298213481125	2.54339273993662e-08	AP-MS
Raf1WT	KIFBP	shared	yes	cytosol	3.25052029904191	1.47940858645331e-11	0.612392849725285	5.82301285799808e-08	AP-MS
Raf1D486A	KIFBP	shared	yes	cytosol	3.93117370532675	4.1457857701789e-12	0.60428257751446	9.19822338089986e-08	AP-MS
Raf1S257L	KIFBP	shared	yes	cytosol	4.08733618012468	2.46741429029007e-12	0.598380295560139	1.5107456565465e-07	AP-MS
Raf1S259F	KIFBP	shared	yes	cytosol	3.96360745018571	2.27906525019392e-10	0.551445752683874	7.42425066700982e-08	AP-MS
ArafD447A	KIFBP	shared	yes	cytosol	7.95049515117296	5.57476826732657e-15	0.835936770192262	1.82388651175825e-09	AP-MS
MEK2DD	KIFBP	AP-MS	yes	cytosol	1.06168448711818	5.81222674452854e-06	0.109259824639312	0.082104900265312	AP-MS
ArafS214P	KIFBP	shared	yes	cytosol	6.41538671740297	5.03890925611082e-10	0.180254972790282	0.00618776118098665	AP-MS
NrasQ61R	KIFC1	shared	no	nucleolus	1.15827448621328	1.13226110588539e-06	0.709932529535321	1.09945947934501e-08	AP-MS
ArafS214P	KIRREL1	TbID	yes	plasma_membrane	-0.263585144116448	0.058193720612743	1.01503596658564	1.36965299722996e-08	TbID
ArafD447A	KITLG	TbID	yes	NA	NA	NA	0.925614850836265	0.0159166340974277	TbID
MEK2DD	KITLG	TbID	yes	NA	NA	NA	0.892000161395565	0.0226934939451424	TbID
ArafS214P	KITLG	TbID	yes	NA	NA	NA	0.855830101685173	0.0250214214950272	TbID
MEK2DD	KLC2	shared	yes	14-3-3_scaffold	0.406768868890188	0.00387418410017313	0.919088986544832	5.9189383803933e-10	TbID
Raf1D486A	KLC3	AP-MS	no	14-3-3_scaffold	1.1976436391618	0.00671037685736486	0.0742906572551197	0.552763683244888	AP-MS
Raf1S259F	KLC3	shared	no	14-3-3_scaffold	1.93115172098178	0.000186545862782257	0.316508109767796	0.0129861122694363	AP-MS
MEK1DD	KLF4	AP-MS	yes	NA	1.02004185053216	0.0188630264800261	-0.263168791758812	0.0187031204988898	AP-MS
ArafD447A	KLHDC3	TbID	no	cytosol	-0.190709276682453	0.163151229021468	0.853354102930793	1.14641842417345e-09	TbID
HrasS17N	KLHDC8B	AP-MS	yes	NA	1.14380501700246	2.51075833367781e-05	NA	NA	AP-MS
KrasS17N	KLHL12	TbID	no	NA	0.166637958190982	0.0878831601094137	1.07567079388771	3.00607851588885e-07	TbID
ArafWT	KLHL12	TbID	no	NA	0.27071682785759	0.0811787034319436	0.972033199175669	0.000156398548903511	TbID
Raf1S259F	KLHL12	shared	no	NA	0.724901705011355	0.00078527179792671	1.29160011795443	4.33375343338327e-06	TbID
KrasG12V	KLHL12	TbID	no	NA	0.137812711349698	0.0509873904059226	1.26058728799623	1.09406021981087e-06	TbID
MEK2DD	KLHL13	shared	no	lysosome	0.584098430345618	0.00151207819634882	1.28653611268966	3.31511952204725e-09	TbID
MEK1WT	KLHL13	TbID	no	lysosome	0.24017364623902	0.190629606448875	1.01685448088045	5.23690214008046e-08	TbID
MEK2AA	KLHL13	TbID	no	lysosome	0.107871176108994	0.515448099061452	0.960251975324446	4.61950074476873e-08	TbID
BrafWT	KLHL15	shared	no	NA	0.349667683803116	0.0197599456469957	1.00170701317872	1.6505635318197e-08	Both
ArafD447A	KLHL15	shared	no	NA	0.706012208863478	4.97897376411759e-05	0.909252743208722	2.64741001837521e-10	Both
ERK2AA	KLHL15	shared	no	NA	0.392293144670799	0.00798432855747781	0.985537159403381	1.87527701775332e-09	Both
Raf1S257L	KLHL15	core	no	NA	1.16332271976452	5.482593949716e-07	1.0810432064507	2.47481826241604e-10	Both
KrasS17N	KLHL17	TbID	no	NA	-0.174692234767484	0.0509882918277267	1.33868237798061	0.000386630325410456	TbID
KrasG12V	KLHL17	TbID	no	NA	-0.0910890473380555	0.238318075313598	0.919462137263468	0.0163012036694465	TbID
Raf1S259F	KLHL18	AP-MS	no	cytosol	1.85920517559853	0.000313046746751084	NA	NA	AP-MS
ArafWT	KLHL18	AP-MS	no	cytosol	1.47786765605718	0.00119532445025723	NA	NA	AP-MS
BrafV600E	KLHL18	AP-MS	no	cytosol	1.2150360188624	0.00718226365039424	NA	NA	AP-MS
Raf1WT	KLHL18	AP-MS	no	cytosol	1.60211086797552	0.0024042364383401	NA	NA	AP-MS
MEK2DD	KLHL18	AP-MS	no	cytosol	1.71745701621796	0.000445103272491655	NA	NA	AP-MS
ArafS214P	KLHL18	AP-MS	no	cytosol	1.2302786508028	0.00340497265498139	NA	NA	AP-MS
BrafG469A	KLHL21	shared	no	NA	0.833683811667649	1.6518492199457e-05	1.62161092216981	3.27926979768843e-09	Both
Raf1WT	KLHL21	shared	no	NA	0.508060387603829	0.00131355345754798	0.871485804657954	1.59035695002605e-07	Both
Raf1S259F	KLHL21	core	no	NA	1.45612272177885	4.00376080986719e-06	1.29330165886052	2.96449381055693e-09	Both
ArafS214P	KLHL21	core	no	NA	1.25005564828608	9.40029839421468e-07	0.989832044486944	1.95874309853818e-07	Both
BrafV600E	KLHL21	core	no	NA	1.62146370253478	4.38946080395478e-08	1.79499486329191	1.5308043364587e-09	Both
MEK2DD	KLHL21	core	no	NA	1.1473306686008	7.29108922211987e-07	1.35305400979039	2.59631766155661e-09	Both
MEK1DD	KLHL21	core	no	NA	1.65248438732675	9.10569955711106e-08	2.06709429439443	3.68425155954679e-10	Both
Raf1S257L	KLHL21	core	no	NA	1.211681924329	5.98444806376049e-07	1.2099561570232	4.26234142318055e-08	Both
Raf1WT	KLHL25	AP-MS	no	cytosol	1.27532580177164	1.43697992861034e-05	NA	NA	AP-MS
ArafD447A	KLHL26	shared	no	cytosol	1.26895903581216	2.67373621924365e-07	0.29841452449111	0.00177599141471295	AP-MS
ArafS214P	KLHL28	AP-MS	no	NA	1.29192015088278	0.0014803377811458	NA	NA	AP-MS
Raf1S259F	KLHL28	AP-MS	no	NA	1.16389635737558	0.00381994502868175	NA	NA	AP-MS
MEK1AA	KLHL36	AP-MS	no	cytosol	1.42319266994912	3.48346555615141e-07	0.0153764204488918	0.914526171714864	AP-MS
Raf1D486A	KLHL4	TbID	no	NA	0.0298981841114835	0.96373521021108	1.02546043908463	0.0275742675358677	Both
ArafS214P	KLHL4	AP-MS	no	NA	1.29763656866117	0.0290326149795853	-0.469019688081547	0.307686975907223	Both
BrafV600E	KLHL4	core	no	NA	3.10138845705981	1.89966125111597e-05	1.26150504060646	0.0127006037304411	Both
BrafV600E	KLHL5	shared	no	NA	1.47114289025584	4.62621875564191e-05	0.290075103708831	0.0156280678898291	AP-MS
MEK2AA	KLHL9	TbID	no	lysosome	0.244125269518759	0.386500003767154	1.00402967988197	1.1939435551932e-07	TbID
MEK2DD	KLHL9	TbID	no	lysosome	0.356586159394645	0.159082065544896	0.929376198497498	1.74119657294361e-07	TbID
MEK1AA	KMT5A	TbID	no	nucleus	-0.0303763797099041	0.959275318330882	0.876968380368818	4.02331617051748e-05	TbID
ERK2AA	KMT5A	TbID	no	nucleus	0.145088678504039	0.722564408947763	0.865107221026561	7.81048742312713e-05	TbID
MEK1DD	KMT5A	TbID	no	nucleus	0.227067731228867	0.605121812119669	0.875104666824038	3.72745428720484e-05	TbID
BrafV600E	KMT5A	TbID	no	nucleus	-0.17210975684654	0.683358142574059	0.846460660407998	1.93845969998935e-05	TbID
ArafS214P	KMT5A	TbID	no	nucleus	0.252901125897727	0.514739210986847	0.863144361874141	1.44083476386e-05	TbID
Raf1S257L	KMT5A	TbID	no	nucleus	0.160496417636499	0.688438788600876	0.903099236636914	1.97079909430696e-05	TbID
NrasQ61K	KMT5A	TbID	no	nucleus	0.428893562068095	0.244907466185945	0.943615935498068	2.57384080975644e-05	TbID
ArafD447A	KMT5A	TbID	no	nucleus	-0.336012063318988	0.357558675795435	1.05614964162718	4.12719352765576e-06	TbID
NrasS17N	KMT5A	TbID	no	nucleus	0.15890601378778	0.700378188266375	0.929433954323863	3.49052863620369e-05	TbID
Raf1D486A	KMT5A	TbID	no	nucleus	0.242678964102844	0.504608002222179	1.11509883608927	2.71258604852777e-06	TbID
BrafWT	KMT5A	TbID	no	nucleus	-0.0464835613988364	0.931367287435619	0.931617656241526	2.80350694400278e-05	TbID
ERK1AA	KMT5A	shared	no	nucleus	0.827566329817047	0.0328127216755588	1.02118239409922	2.55654479638617e-05	TbID
HrasQ61R	KMT5A	TbID	no	nucleus	0.381038611542299	0.434952280108713	1.01606719342798	1.54925345462442e-05	TbID
HrasG13R	KMT5A	TbID	no	nucleus	0.750147471055189	0.0972449466007553	0.91269270303278	2.9669553324856e-05	TbID
MEK2AA	KNSTRN	TbID	no	unclassified	-0.24877959064298	0.123981068054106	1.00390714256682	4.00468916835639e-09	TbID
MEK1WT	KNSTRN	shared	no	unclassified	0.367864029156398	0.0259834749859697	0.91914809771064	7.1531335994656e-09	TbID
MEK2DD	KNSTRN	TbID	no	unclassified	-0.146169342519413	0.265117964906214	0.996456451219979	1.32104950541205e-09	TbID
MEK1DD	KPNA2	shared	no	unclassified	0.926398996356905	0.00448103996484183	1.27276302253844	8.18434584736648e-11	TbID
Raf1S259F	KPNA2	TbID	no	unclassified	0.689849110689313	0.054922673054156	1.20629270276807	1.20191078136695e-10	TbID
BrafG469A	KPNA2	shared	no	unclassified	0.62867647580061	0.0241429511609751	1.47034322941181	5.92677370709452e-12	TbID
BrafV600E	KPNA2	TbID	no	unclassified	0.356674261711912	0.237027364696594	1.1140461535698	1.03051564411734e-10	TbID
KrasWT	KPRP	core	no	NA	0.825337855645294	0.000351275900416925	0.77375461894291	0.0354499066248052	Both
KrasG12V	KPRP	AP-MS	no	NA	0.802611810874067	0.00782600470432567	0.704540633611559	0.057058514232111	Both
NrasWT	KRAS	TbID	yes	plasma_membrane	1.58797303680618	0.0537290915077693	1.46376993805532	0.000710095215651603	Both
HrasG13R	KRAS	core	yes	plasma_membrane	1.81343996848675	0.0323488662165193	1.61989434019818	2.43140785657308e-06	Both
KrasG12V	KRAS	core	yes	plasma_membrane	6.96627670184253	6.47505218730964e-10	8.1367947468236	3.99208863260367e-09	Both
KrasG12D	KRAS	core	yes	plasma_membrane	6.86945927931819	7.80265888727685e-10	8.22296494914296	7.49248360382118e-10	Both
NrasQ61K	KRAS	TbID	yes	plasma_membrane	1.67558662200282	0.0732162945163029	1.31524670102878	2.873429532806e-05	Both
NrasQ61R	KRAS	core	yes	plasma_membrane	1.55216542335509	0.0459324530819496	2.63035547032306	4.62431261817101e-07	Both
BrafWT	KRAS	TbID	yes	plasma_membrane	1.50664709658737	0.0549951762922445	1.45534415524101	5.53070067895089e-07	Both
ArafWT	KRAS	shared	yes	plasma_membrane	2.39832514109825	0.0025448537302227	0.744319616416266	0.000650670856556074	Both
Raf1S259F	KRAS	AP-MS	yes	plasma_membrane	1.82888146058367	0.0194880002088935	0.127909775127273	0.422671062751513	Both
HrasQ61R	KRAS	TbID	yes	plasma_membrane	1.19790188439275	0.124793379081205	2.07848687637749	1.12854847661842e-07	Both
KrasWT	KRAS	core	yes	plasma_membrane	6.95922941800161	1.48148001440229e-08	8.24154120551822	9.02950272025105e-10	Both
BrafD594N	KRAS	shared	yes	plasma_membrane	1.63547261391348	0.0473487525858778	0.668958590161166	0.000516931358974433	Both
KrasS17N	KRAS	core	yes	plasma_membrane	7.09631951129128	1.24922317544083e-08	8.27673426793915	1.09446641672277e-10	Both
HrasWT	KRAS	core	yes	plasma_membrane	1.87321499569676	0.0195226894166881	2.67229530478052	2.93927126430785e-06	Both
Raf1WT	KRAS	shared	yes	plasma_membrane	2.3214386700253	0.00986605107694511	0.787292490630152	0.000185098494976652	Both
HrasS17N	KRAS	TbID	yes	plasma_membrane	1.32491649089123	0.0830533021727379	1.19591821021395	1.71062706078527e-06	Both
NrasQ61R	KRIT1	core	yes	NA	1.25368947703012	0.000567060195133929	0.841094865064299	2.52160868266749e-09	Both
Raf1S257L	KRT18	core	yes	actin_cytoskeleton	1.8850121622169	9.97869527332785e-06	1.38039333428403	3.93991308444499e-10	Both
HrasQ61R	KRT18	TbID	yes	actin_cytoskeleton	0.246394862089165	0.5402508942281	1.10535908705934	6.27432709103227e-08	Both
MEK2DD	KRT18	core	yes	actin_cytoskeleton	1.09394831167882	0.000909692499356108	1.61836958139566	1.86461069213695e-10	Both
Raf1S259F	KRT18	core	yes	actin_cytoskeleton	1.94591976126354	4.7982984206838e-06	1.37194453293261	3.90543786296542e-10	Both
BrafG469A	KRT18	shared	yes	actin_cytoskeleton	1.15080374702943	0.000227401499567115	1.21722663179766	9.53255845600711e-10	Both
HrasG13R	KRT18	TbID	yes	actin_cytoskeleton	0.149643995867564	0.572221140279932	1.08321147443798	1.23872752680642e-07	Both
BrafV600E	KRT18	core	yes	actin_cytoskeleton	1.49507857238555	6.90087057592049e-05	1.44543547252076	1.69699555723295e-10	Both
Raf1D486A	KRT18	TbID	yes	actin_cytoskeleton	0.411521794702104	0.0837009216091602	0.86379123062942	5.58272672518587e-07	Both
ArafS214P	KRT18	shared	yes	actin_cytoskeleton	0.619278140954977	0.00824755286267248	1.0719296004446	8.84496546176476e-07	Both
MEK1DD	KRT18	TbID	yes	actin_cytoskeleton	0.340272072865099	0.147204819964605	0.970751489460783	2.81248055473006e-08	Both
MEK2DD	KSR1	shared	no	14-3-3_scaffold	3.99316406110661	1.18310347331503e-12	0.68076434082511	1.50518085107209e-08	Both
MEK1DD	KSR1	shared	no	14-3-3_scaffold	4.02645787529482	9.19265612791462e-11	0.470481270545145	1.095476028899e-06	Both
BrafD594N	KSR1	shared	no	14-3-3_scaffold	1.04353981271646	6.41260391494806e-07	1.25304288309545	2.332752542342e-09	Both
MEK2AA	KSR1	shared	no	14-3-3_scaffold	4.45149984711163	2.73442322514752e-13	0.804857794443278	4.67553321556523e-09	Both
MEK2WT	KSR1	core	no	14-3-3_scaffold	5.02443500276683	1.74910260125236e-13	0.871713954816973	1.55342839837033e-09	Both
MEK1WT	KSR1	shared	no	14-3-3_scaffold	1.48082909130817	3.67940243634988e-08	0.227754148579938	0.000683387070886935	Both
MEK2WT	KSR2	shared	yes	NA	3.42368316845815	0.00230710985996655	0.759161987911333	0.000397934494727208	Both
MEK2AA	KSR2	core	yes	NA	3.38077287632278	0.00221311374572934	0.87912466911291	8.3085841377273e-05	Both
BrafD594N	KSR2	TbID	yes	NA	0.539694254528993	0.576360779661697	1.00679168708892	0.000107824163618986	Both
BrafV600E	KSR2	TbID	yes	NA	0.0538036773480173	0.957450364855145	0.845364842006644	0.000102271491937608	Both
MEK2DD	KSR2	shared	yes	NA	2.19961681939922	0.00623123238664025	0.467828985076203	0.0108229766369979	Both
ERK1AA	L3MBTL2	shared	no	nucleus	1.05914567642059	0.00327268253311908	0.185034194790725	0.0110335459667663	AP-MS
ArafWT	LACTB	core	no	mitochondrion	1.62308970023281	3.39460071184052e-05	1.02557071392136	0.000644527856262923	Both
ArafD447A	LACTB	AP-MS	no	mitochondrion	1.26420167800251	0.000189711475747046	0.398255400206548	0.0846301343681713	Both
Raf1WT	LACTB	TbID	no	mitochondrion	0.532132194025003	0.0683036130477746	1.0441082286714	0.000218007105213	Both
HrasS17N	LACTB	TbID	no	mitochondrion	0.134914750020088	0.611462029322535	1.08726087353523	0.000108375650982016	Both
NrasWT	LACTB	TbID	no	mitochondrion	0.0172594880556967	0.972928843651748	0.999394663264891	0.000472583711304783	Both
NrasQ61R	LAMA1	TbID	yes	unclassified	0.272634541207735	0.500942350133732	1.03668523020091	4.05990256430919e-06	TbID
HrasS17N	LAMA1	TbID	yes	unclassified	0.570300582980957	0.155260480748108	1.01540207656143	2.17060620926978e-07	TbID
BrafG469A	LAMB3	core	yes	NA	3.8413957928334	4.41532320955289e-10	1.57387028655485	9.32484708061282e-07	Both
BrafV600E	LAMB3	core	yes	NA	3.21342049246728	6.50231115299566e-10	1.30021797322501	6.83686279793615e-06	Both
ArafS214P	LAMB3	shared	yes	NA	1.4114498668738	2.00205053520725e-06	0.411888349075434	0.0391424098299901	Both
MEK1AA	LAMB3	AP-MS	yes	NA	1.03906815424086	0.000373459138341581	-0.0919785188689514	0.650746628612335	Both
HrasG13R	LAMB3	shared	yes	NA	2.09138936325296	1.77520491722844e-06	0.62217615455355	0.0112280827854985	Both
Raf1S257L	LAMB3	AP-MS	yes	NA	1.22865946790155	7.32808493187322e-06	0.0613422881573868	0.754898105984717	Both
HrasQ61R	LAMB3	AP-MS	yes	NA	1.03722145607295	0.000145668312211238	0.0910230006339224	0.666868031432623	Both
Raf1S259F	LAMB3	core	yes	NA	2.66189257473328	6.10501710189588e-08	1.02151062651051	7.36083166938289e-05	Both
MEK1DD	LAMB3	shared	yes	NA	2.23806273525919	6.06116807844622e-08	0.494120885002097	0.0192245961914522	Both
MEK2DD	LAMB3	core	yes	NA	2.983116814852	1.90736282462445e-09	0.925062105995524	0.000253004550546486	Both
BrafV600E	LAMC2	shared	yes	NA	2.24798900569256	1.38685771854085e-05	1.05151314061747	0.00111250601955269	Both
BrafG469A	LAMC2	core	yes	NA	2.83249574383174	1.56238062979629e-06	1.40875743162798	9.45661174897329e-05	Both
Raf1S259F	LAMC2	shared	yes	NA	1.90720157566194	5.09906836305147e-05	1.03789220374442	0.00150970203648069	Both
Raf1D486A	LAMC2	AP-MS	yes	NA	1.43127712275951	0.00920775625245773	0.582727967705805	0.111883027999594	Both
MEK2DD	LAMC2	shared	yes	NA	1.72698102795943	0.000108063006354309	0.721161907821275	0.015266587099259	Both
MEK1DD	LAMC2	core	yes	NA	1.60349952861685	0.000315367499725957	1.16081608392697	0.00107642442884146	Both
HrasG13R	LAMC2	AP-MS	yes	NA	1.19799421618303	0.00367484752103867	0.4315372927008	0.148167422743029	Both
Raf1D486A	LANCL2	TbID	no	unclassified	0.267249122979331	0.216922767266978	1.16356721338262	5.33652233463605e-09	TbID
BrafG469A	LANCL3	TbID	no	NA	NA	NA	1.15863633959116	0.00389806868290044	TbID
Raf1S259F	LANCL3	TbID	no	NA	NA	NA	1.10301008391743	0.00524724233148206	TbID
ArafWT	LARGE2	AP-MS	no	NA	1.25509332191911	0.000975180605942915	NA	NA	AP-MS
MEK2DD	LASP1	TbID	no	cytosol	0.109910934824842	0.410597412371836	1.36780809897373	1.17949386224598e-09	TbID
Raf1S257L	LBR	TbID	yes	ER	-0.226015425904275	0.0613772360980546	0.91658873992194	8.45664766715643e-09	TbID
BrafG469A	LCLAT1	TbID	no	ER	-0.354621030210245	0.0382447980704348	0.877794679895447	5.36491738229824e-08	TbID
KrasWT	LCLAT1	TbID	no	ER	-0.201904912928221	0.0527468627941439	0.997875184900884	4.8698064037069e-07	TbID
BrafV600E	LCMT2	shared	no	unclassified	0.668071436161941	0.000525449452442547	1.1583557075408	2.02703094494275e-09	TbID
BrafD594N	LCMT2	TbID	no	unclassified	0.308452339948581	0.0536112357306543	0.917391486153593	2.56452293379129e-08	TbID
Raf1D486A	LCMT2	TbID	no	unclassified	0.271153940452144	0.0534831627288181	1.16935682006552	1.33407480757342e-09	TbID
BrafG469A	LCMT2	shared	no	unclassified	0.454403705997105	0.00658081053295259	1.09713252193303	9.53255845600711e-10	TbID
BrafG469A	LCN1P1	AP-MS	no	NA	1.92225497176702	1.11005325042605e-05	NA	NA	AP-MS
ERK2AA	LCP1	AP-MS	no	NA	1.07169098784739	0.0188499996622558	-0.141532472562557	0.0323815715131233	AP-MS
ArafWT	LDLRAD3	TbID	no	NA	NA	NA	1.16111860368953	0.00923282257216843	TbID
BrafD594N	LDLRAD3	TbID	no	NA	NA	NA	0.892741384464217	0.0365251857685393	TbID
Raf1S259F	LDLRAD3	TbID	no	NA	NA	NA	1.28159082954527	0.00705086425726432	TbID
ERK2WT	LEMD2	AP-MS	yes	ER	1.21417191145349	2.39864338947786e-05	-0.617933839422618	1.34507264277824e-05	AP-MS
ERK2WT	LEMD3	shared	yes	ER	0.394263532824422	0.00176284513974846	0.944430974522933	7.43136804352177e-09	TbID
MEK2DD	LEPROT	AP-MS	no	NA	1.22883671294774	0.0008447924598511	-0.0867509130596878	0.621431371482592	AP-MS
BrafG469A	LEPROTL1	TbID	no	unclassified	NA	NA	1.20095284458471	1.24151609751297e-07	TbID
BrafD594N	LETM2	AP-MS	no	NA	1.2191852340212	0.00325739180120544	0.117430371121711	0.394596630935613	AP-MS
BrafV600E	LETM2	shared	no	NA	1.38507403712475	0.000653589904796805	0.295066466130725	0.0347087659383789	AP-MS
HrasG13R	LGALS1	shared	no	cytosol	1.03330441704967	0.000233531327197294	0.576590694473831	4.59469297821083e-06	AP-MS
BrafWT	LGALS3BP	TbID	yes	ER	0.109251021705519	0.655904750621403	0.860960339142185	1.55155138490693e-07	TbID
Raf1WT	LGALS3BP	TbID	yes	ER	-0.039555540641411	0.872376482873251	1.08533121750703	5.35951257516174e-09	TbID
Raf1D486A	LGALS3BP	TbID	yes	ER	-0.143766580087522	0.461988192276196	1.00399609113247	1.3513405815777e-08	TbID
ArafD447A	LGALS3BP	TbID	yes	ER	-0.127222726944155	0.533986642172694	1.13076668178602	3.77006276781487e-09	TbID
ERK2DD	LGALS3BP	TbID	yes	ER	0.0154382170710966	0.939637056596518	0.881824753660072	1.72924768641165e-07	TbID
BrafD594N	LGALS3BP	TbID	yes	ER	-0.0225680847009823	0.938583351597696	0.853793855873733	1.65617145297355e-07	TbID
KrasWT	LGALS7	TbID	no	NA	0.0119787292128528	0.977387915772155	1.62111096853178	0.0443459177841477	TbID
BrafG469A	LGALS8	TbID	no	NA	0.64795978032293	0.0769409980900091	2.02279865885206	3.51908591722751e-08	TbID
BrafD594N	LGALS8	TbID	no	NA	-0.309400587225483	0.514536076409611	0.924629416574184	0.000170191669550123	TbID
Raf1S259F	LGALS8	shared	no	NA	0.865836697754975	0.0219330937534367	2.0779642707245	2.95356603989411e-08	TbID
BrafV600E	LGALS8	TbID	no	NA	0.291699981590278	0.505038581151044	1.81420843190506	1.26848395993171e-07	TbID
BrafWT	LGALS8	TbID	no	NA	-0.120664975517505	0.821676079662484	0.990378189772645	0.00010718647623729	TbID
Raf1S257L	LGALS8	TbID	no	NA	0.268156492667764	0.48991414406863	1.06192159440176	6.24092689780166e-05	TbID
ArafS214P	LGALS8	TbID	no	NA	0.702448536020162	0.0503025004016478	1.05034911810517	6.15869132842596e-05	TbID
MEK1DD	LGALS8	TbID	no	NA	0.0578462306196399	0.903074252125654	1.15495990048643	1.59171715154452e-05	TbID
HrasQ61R	LGALS8	TbID	no	NA	0.330363902877865	0.437915112322992	1.13587382406554	3.08625087378462e-05	TbID
KrasWT	LGALS8	TbID	no	NA	NA	NA	0.878091326835841	5.51965132620506e-07	TbID
NrasQ61R	LHX4	AP-MS	yes	NA	1.07782967189626	0.0139847003583048	NA	NA	AP-MS
ERK2WT	LHX4	AP-MS	yes	NA	1.25939284357512	0.0149507521265774	NA	NA	AP-MS
BrafG469A	LHX5	AP-MS	no	NA	1.53832334144058	0.000830806443558518	NA	NA	AP-MS
Raf1S257L	LHX5	AP-MS	no	NA	1.31394282918503	0.00232289195801924	NA	NA	AP-MS
NrasQ61R	LHX5	AP-MS	no	NA	2.06744572538533	0.000106526924559253	NA	NA	AP-MS
BrafV600E	LHX5	AP-MS	no	NA	2.36342276808392	4.5288580038271e-05	NA	NA	AP-MS
MEK1DD	LHX5	AP-MS	no	NA	1.46275840168561	0.00205951961803702	NA	NA	AP-MS
HrasS17N	LHX5	AP-MS	no	NA	1.29283476907364	0.00274094655943501	NA	NA	AP-MS
Raf1S259F	LHX5	AP-MS	no	NA	2.00501872607881	0.000173978436057095	NA	NA	AP-MS
BrafV600E	LIG4	shared	yes	unclassified	1.03226191592769	0.00511526355851087	1.0703838130986	2.98892251135971e-11	Both
Raf1S259F	LIG4	shared	yes	unclassified	0.913701326194312	0.00651078877893948	1.26916049293363	6.13814741042324e-12	Both
ArafD447A	LIG4	core	yes	unclassified	1.16910765012231	0.00165163264496382	0.880078751813374	7.49282855448218e-11	Both
Raf1S257L	LIG4	shared	yes	unclassified	0.879780639142154	0.00939985502094226	0.913462533995234	1.50854326742099e-10	Both
MEK2DD	LIG4	core	yes	unclassified	1.04381679047332	0.00304817564240261	0.975461642189326	6.5054664493725e-11	Both
BrafG469A	LIG4	TbID	yes	unclassified	0.292819273490467	0.365143875942041	0.93914062313921	5.30983851880473e-11	Both
Raf1S257L	LIMD2	TbID	no	plasma_membrane	1.04001722130973	0.0663348171762749	0.952426763959644	3.96579591567789e-08	TbID
ERK1DD	LIMS1	shared	no	cytosol	1.0019740373647	0.000660634506657855	0.193552539175637	0.00992992636464442	AP-MS
ERK2AA	LIMS1	shared	no	cytosol	2.07858202547366	7.62873301027353e-07	0.838928789948358	1.78864621722162e-08	AP-MS
ERK2WT	LIMS1	shared	no	cytosol	2.32330894995018	1.07736963568899e-07	0.449853421789219	6.59602561891362e-06	AP-MS
ERK1WT	LIMS1	shared	no	cytosol	1.50409730888473	8.96957971704475e-06	0.167870064126792	0.0126302172319479	AP-MS
HrasS17N	LIN7A	AP-MS	no	actin_cytoskeleton	1.47394515964379	2.02716043259834e-06	0.0116987643914245	0.927126784529462	AP-MS
MEK2DD	LINC02872	AP-MS	no	NA	1.5237355326018	0.00242646268854699	NA	NA	AP-MS
BrafG469A	LIPG	shared	yes	NA	0.968283528219551	0.0471195133311834	1.75172983020569	9.12925135222796e-09	TbID
BrafV600E	LIPG	TbID	yes	NA	0.518129659947414	0.264424919699696	1.29342300017092	1.80695242197422e-07	TbID
Raf1S259F	LIPG	TbID	yes	NA	0.221942683259172	0.632312637211155	0.90377996915966	3.48721146386635e-06	TbID
MEK1DD	LIPG	TbID	yes	NA	0.37298891393416	0.41354961737767	1.41911022489811	9.74984052837402e-08	TbID
Raf1S257L	LIPG	TbID	yes	NA	0.34515826256531	0.53895780656375	0.895000846561601	5.27344509352239e-06	TbID
HrasS17N	LIPT2	AP-MS	no	mitochondrion	1.3193744421665	7.45319852227634e-06	NA	NA	AP-MS
NrasQ61R	LIPT2	AP-MS	no	mitochondrion	1.6012838067307	2.19307525128239e-06	NA	NA	AP-MS
NrasQ61R	LLGL1	shared	no	plasma_membrane	0.549581416490932	0.0033161842306122	0.81987624983563	2.35740462287767e-08	TbID
Raf1D486A	LLPH	TbID	no	nucleolus	0.275592778166364	0.0800367682823415	1.07734122237234	7.27105282218575e-05	TbID
MEK2DD	LMAN1	AP-MS	yes	ERGIC	1.12430882626117	5.74222891304168e-05	0.20691625699357	0.0637626210935432	Both
Raf1S259F	LMAN1	shared	yes	ERGIC	1.10007636191257	6.97554756135496e-05	0.850643941164749	2.0866247136527e-06	Both
MEK2DD	LMAN2	AP-MS	no	ERGIC	1.03106426238786	0.000112549899303117	-0.0235391567933066	0.765537935534428	Both
HrasG13R	LMAN2	TbID	no	ERGIC	-0.527414926059086	0.02410355074474	0.778816102816326	1.75075400440256e-07	Both
MEK2DD	LMAN2L	AP-MS	yes	ERGIC	1.25178486825564	0.000775968290240514	0.176761508276073	0.120802914958468	AP-MS
ERK2WT	LMBRD2	AP-MS	no	trans-Golgi	1.08353938140459	0.00041103449804687	-0.336834390200593	0.00023009016208288	AP-MS
MEK2DD	LMBRD2	AP-MS	no	trans-Golgi	1.05339393714349	0.00025194029863565	-0.0798150994907611	0.376014177301915	AP-MS
NrasQ61K	LMO1	AP-MS	yes	NA	1.21614579083458	0.000680459551676837	NA	NA	AP-MS
NrasQ61R	LMO1	AP-MS	yes	NA	1.64072040755372	4.88741303009372e-05	NA	NA	AP-MS
BrafV600E	LMO1	AP-MS	yes	NA	1.94011229302728	1.38685771854085e-05	NA	NA	AP-MS
BrafWT	LMO1	AP-MS	yes	NA	1.25620849436873	0.000467552564136156	NA	NA	AP-MS
NrasS17N	LMO1	AP-MS	yes	NA	1.21513073521216	0.00136711947140796	NA	NA	AP-MS
HrasS17N	LMO1	AP-MS	yes	NA	1.40874240840002	0.000483689105765683	NA	NA	AP-MS
ERK2WT	LMO1	AP-MS	yes	NA	1.21985524759388	0.00171251187159903	NA	NA	AP-MS
HrasG13R	LMO7	shared	no	actin_cytoskeleton	1.60899026301421	0.000535567522677791	0.705564384595221	9.86846178178712e-08	AP-MS
ArafS214P	LONP1	AP-MS	yes	mitochondrion	1.20973079060761	2.82780762276784e-06	-0.150409777723079	0.0797189352426205	AP-MS
Raf1S257L	LONP1	AP-MS	yes	mitochondrion	2.54094466992081	7.7504206216818e-10	-0.51796422954594	1.42254673287537e-05	AP-MS
Raf1S259F	LONP1	AP-MS	yes	mitochondrion	2.76128652650497	1.00049031368057e-09	-0.307327551395368	0.00132169545876754	AP-MS
Raf1D486A	LONP1	AP-MS	yes	mitochondrion	1.66454462706669	3.37808558128981e-07	-0.338801787357634	0.000795820441790789	AP-MS
Raf1WT	LONP1	shared	yes	mitochondrion	1.63033656194596	1.95600619247683e-08	0.164850580536645	0.0360142699072131	AP-MS
ERK1WT	LONP1	AP-MS	yes	mitochondrion	1.474998431127	1.08006155521956e-06	-0.299626113908787	0.0173910034353799	AP-MS
Raf1S259F	LONRF3	shared	no	NA	1.19422135740144	1.34907312707058e-05	0.671721767074694	2.25095095354136e-05	AP-MS
Raf1S257L	LONRF3	shared	no	NA	1.38688682216774	5.9051117788123e-07	0.598458302844924	0.000162841341272244	AP-MS
KrasG12D	LOXL1	TbID	yes	NA	0.098266168711171	0.249008639572903	0.778714372991546	4.92909993034837e-06	TbID
KrasG12V	LOXL1	TbID	yes	NA	0.146800543180146	0.0729969563279911	0.838933199125915	1.65819093718384e-06	TbID
KrasS17N	LOXL1	shared	yes	NA	0.188293473801346	0.0302991043016331	0.846664218869376	7.35960009629992e-07	TbID
NrasQ61R	LOXL4	TbID	no	NA	NA	NA	1.01039541692056	0.006792408295484	TbID
Raf1S259F	LOXL4	TbID	no	NA	NA	NA	0.883127806706039	0.00810006822206952	TbID
HrasS17N	LPL	TbID	yes	NA	0.360554696534858	0.613426148954539	0.809127412801303	2.98623507926755e-08	Both
Raf1S259F	LPL	shared	yes	NA	1.42521165397925	0.041949158843324	0.736859954848968	6.96944922290952e-09	Both
MEK2DD	LPP	TbID	no	cytosol	-0.362302758844131	0.00236203400131351	0.935658802321244	2.97460106108183e-07	TbID
MEK1AA	LRCH3	TbID	no	ER	0.0724971473710988	0.745081943897745	0.881422305338063	1.13504916641776e-07	TbID
MEK2AA	LRCH3	TbID	no	ER	0.245036933342926	0.240052803830665	1.2703743800857	1.26183398360416e-09	TbID
MEK2WT	LRCH3	shared	no	ER	0.487956374174004	0.0234413284925812	1.08487147291583	8.24941751332825e-09	TbID
Raf1S257L	LRIG3	shared	no	NA	1.19388668357131	1.06943121434477e-06	0.723601993499126	2.43673933130874e-08	AP-MS
BrafG469A	LRP10	TbID	no	NA	0.558717390040144	0.0697078321603105	1.72106109643877	5.15247049235345e-07	Both
Raf1S259F	LRP10	shared	no	NA	0.713130020395395	0.0208820762885876	1.32122783277581	6.42878513839734e-06	Both
BrafV600E	LRP10	TbID	no	NA	0.419976713046047	0.172013639999582	1.07855586567295	4.56611778003458e-05	Both
ArafS214P	LRP10	TbID	no	NA	0.453183393450256	0.124042964371198	0.935367708064502	0.00020811436276509	Both
Raf1S257L	LRP10	shared	no	NA	0.765354917234884	0.0178674798399156	0.93712696342692	0.000204755593866506	Both
MEK1DD	LRP10	core	no	NA	1.54416579882417	0.00023370100086399	1.8840334028137	3.11340226863252e-07	Both
MEK2DD	LRP10	core	no	NA	1.59793324556679	8.53800822041626e-05	1.37644775583649	4.63591159622578e-06	Both
ArafWT	LRP2	shared	yes	recycling_endosome	1.50151684996112	2.55066729802065e-05	0.344572629559779	9.10897155433016e-05	AP-MS
ArafD447A	LRP2	AP-MS	yes	recycling_endosome	1.17790233489821	0.000165172490181309	0.112723765324106	0.0917623501363865	AP-MS
Raf1WT	LRP5	AP-MS	yes	NA	1.19661790998993	2.845110933386e-07	-0.023894070722802	0.815586138531349	AP-MS
Raf1S257L	LRP5	AP-MS	yes	NA	1.68758801582313	2.67328349136601e-09	-0.140642252408909	0.227792835896763	AP-MS
Raf1S259F	LRP5	AP-MS	yes	NA	1.64901729369974	5.64554780586937e-07	0.0888174579538062	0.343683338214798	AP-MS
Raf1S257L	LRP6	shared	yes	NA	2.0488150604597	3.68737052028492e-10	0.333311136329616	3.74157769747145e-05	AP-MS
Raf1S259F	LRP6	shared	yes	NA	1.65981364466317	1.39643461648401e-06	0.357391736573546	3.59815607895873e-06	AP-MS
Raf1WT	LRP6	shared	yes	NA	1.16938556117299	6.70189527501533e-07	0.25345108558307	0.000104445023419379	AP-MS
BrafV600E	LRR1	shared	no	NA	0.59857152869754	0.000125448171093745	0.909799671053054	6.52822882070482e-06	TbID
Raf1S257L	LRR1	shared	no	NA	0.267868815765953	0.0153815356184343	0.965930789438833	2.49481259907744e-06	TbID
ArafWT	LRRC1	shared	no	plasma_membrane	1.16962744041155	3.90125128917187e-07	0.325766420845187	3.19827525551321e-05	AP-MS
MEK2DD	LRRC8A	AP-MS	yes	plasma_membrane	1.03659235984204	5.31962148667724e-05	0.181265931604571	0.0556652803868082	AP-MS
MEK1DD	LRRC8E	shared	no	plasma_membrane	1.07004613350397	0.0138616015778079	0.389756268262862	1.47858630266489e-05	AP-MS
ERK1DD	LSAMP	TbID	yes	NA	NA	NA	1.77088355699653	1.77489615399569e-08	TbID
BrafG469A	LSAMP	TbID	yes	NA	NA	NA	2.5131738682771	4.70779654263253e-10	TbID
MEK2DD	LSAMP	TbID	yes	NA	NA	NA	1.74162994950087	5.51999146191315e-09	TbID
NrasS17N	LSAMP	TbID	yes	NA	NA	NA	2.55604767063419	4.05944953502398e-09	TbID
ERK2AA	LSAMP	TbID	yes	NA	NA	NA	1.67853999079441	4.48093737532608e-08	TbID
HrasWT	LSAMP	TbID	yes	NA	NA	NA	1.8671028440663	2.44134892647595e-08	TbID
HrasS17N	LSAMP	TbID	yes	NA	NA	NA	2.42246631714407	1.4478162051129e-09	TbID
MEK2WT	LSAMP	TbID	yes	NA	NA	NA	1.64018045528583	1.31591455982006e-08	TbID
HrasG13R	LSAMP	TbID	yes	NA	NA	NA	2.22250203928916	4.3709558181834e-09	TbID
ArafD447A	LSAMP	TbID	yes	NA	NA	NA	1.84694240140052	2.19361870714478e-09	TbID
NrasQ61R	LSAMP	TbID	yes	NA	NA	NA	1.96378369794439	3.29192612662805e-09	TbID
HrasQ61R	LSAMP	TbID	yes	NA	NA	NA	1.46375124730098	6.87886416670342e-07	TbID
Raf1D486A	LSAMP	TbID	yes	NA	NA	NA	2.36442895533582	4.38612712577055e-10	TbID
ArafS214P	LSAMP	TbID	yes	NA	NA	NA	2.23579654055905	1.18365121636436e-09	TbID
MEK1WT	LSAMP	TbID	yes	NA	NA	NA	1.63805914729081	2.67142824750493e-08	TbID
ERK1AA	LSAMP	TbID	yes	NA	NA	NA	2.06922118602674	4.88944710132864e-09	TbID
BrafWT	LSAMP	TbID	yes	NA	NA	NA	2.05922275036284	2.14634280983044e-09	TbID
ERK2DD	LSAMP	TbID	yes	NA	NA	NA	2.09437700364508	5.51870869381158e-09	TbID
ERK1WT	LSAMP	TbID	yes	NA	NA	NA	1.87975167016419	8.28253919141616e-09	TbID
NrasWT	LSAMP	TbID	yes	NA	NA	NA	1.99707503885458	7.42719449758103e-08	TbID
Raf1S257L	LSAMP	TbID	yes	NA	NA	NA	2.13754796147678	1.38916179000821e-09	TbID
ERK2WT	LSAMP	TbID	yes	NA	NA	NA	1.45799362943827	1.29826653326719e-07	TbID
HrasS17N	LSM11	shared	no	translation	1.05512432994291	0.00113370852844635	0.383675168463507	0.000285232200815738	AP-MS
MEK2DD	LSM12	TbID	no	translation	-0.854576837863133	9.73069290197922e-05	0.93463689484242	8.58254598228223e-08	TbID
BrafV600E	LSR	TbID	no	plasma_membrane	0.282177323475824	0.546327509804967	0.96476649142892	5.7312545613432e-06	TbID
BrafG469A	LSR	TbID	no	plasma_membrane	0.578823612137005	0.158444004767235	1.16746230757624	1.10347154340498e-06	TbID
Raf1S259F	LSR	shared	no	plasma_membrane	1.10717036673782	0.011766739237272	1.33704187793625	8.41573587098734e-08	TbID
MEK2DD	LSR	TbID	no	plasma_membrane	0.419877531661425	0.281303520390181	1.07432763766539	8.82035236295966e-07	TbID
ArafS214P	LSR	TbID	no	plasma_membrane	0.580323480787002	0.202539400534142	1.17887339658501	3.66201246267607e-07	TbID
HrasG13R	LSR	TbID	no	plasma_membrane	0.938255903197451	0.123066624897382	0.97163932402009	6.12914376771373e-06	TbID
ArafD447A	LSS	shared	yes	ER	1.50739021892343	1.91974271110078e-08	0.602671925765743	4.68659132830554e-09	Both
ArafWT	LSS	core	yes	ER	1.55481037295758	1.2799324082975e-08	0.908601879956345	8.85059490460538e-11	Both
NrasS17N	LTBP4	shared	yes	unclassified	2.06138476222109	3.71750231427618e-09	0.262039225969996	0.00455550956089804	Both
KrasWT	LTBP4	shared	yes	unclassified	0.35143727751975	0.000465362718409725	1.04800792399768	0.0388852677859611	Both
NrasQ61R	LTBP4	shared	yes	unclassified	1.81031505976168	3.77840054651328e-09	0.536235523474835	2.77500999647313e-05	Both
ERK1DD	LTBP4	AP-MS	yes	unclassified	1.08200896517154	6.63338439944571e-06	-0.27675257093445	0.00673544023769371	Both
HrasQ61R	LUC7L3	TbID	no	nucleus	0.133047985982415	0.893517015098531	0.784996093152436	2.8174020901742e-05	TbID
MEK2DD	LUZP1	TbID	no	actin_cytoskeleton	-0.449350578808878	0.134016079459278	1.00024255102083	6.91653204252814e-09	TbID
MEK2AA	LUZP1	TbID	no	actin_cytoskeleton	-0.0559211293595851	0.918021512843749	0.926848763710078	1.52199011293143e-08	TbID
KrasS17N	LYN	TbID	no	plasma_membrane	-0.377576937025355	0.000123526875759319	0.893514919502881	1.36746593480851e-06	TbID
BrafV600E	LYN	TbID	no	plasma_membrane	-0.0822603119996698	0.682252106921468	0.878180543431204	4.00493129975487e-06	TbID
KrasG12V	LYN	TbID	no	plasma_membrane	-0.416679293714003	7.40277747991106e-05	0.855095360546452	3.19891299527041e-06	TbID
Raf1S259F	LYN	TbID	no	plasma_membrane	-0.121281748057439	0.50842958855773	0.846273494390375	2.12997577718625e-06	TbID
BrafG469A	LYN	TbID	no	plasma_membrane	0.0146442984497608	0.947894159452275	1.18479109334176	1.53261873434193e-07	TbID
KrasWT	LYN	TbID	no	plasma_membrane	-0.330313890509549	0.000491354270545397	0.9435715803699	3.2469752336892e-07	TbID
Raf1WT	LYPLA2	TbID	no	cytosol	-0.0451653961981056	0.831120928456753	0.900449450088653	2.67715047744952e-06	TbID
MEK2DD	LYSMD2	TbID	no	NA	-0.0449295756062839	0.840228189556588	1.594651354887	3.59119937595266e-10	TbID
ArafS214P	LYST	shared	yes	unclassified	1.21935396351568	0.00028333350943923	0.317489464271474	4.29293942632967e-06	AP-MS
HrasQ61R	LZTR1	shared	yes	plasma_membrane	0.7427946161195	0.000563166419796095	1.48970830722139	8.09533313048055e-10	Both
HrasWT	LZTR1	core	yes	plasma_membrane	5.70423663311768	1.50699752513221e-14	3.47260558719733	1.13998158544446e-13	Both
HrasG13R	LZTR1	shared	yes	plasma_membrane	0.465115946552277	0.00773697564897939	1.51050196401641	2.19279863276421e-09	Both
KrasG12D	LZTR1	shared	yes	plasma_membrane	1.25948323578124	4.24269392568515e-07	0.694038647714516	5.46198722939113e-07	Both
NrasQ61K	LZTR1	TbID	yes	plasma_membrane	0.137594010507892	0.270910740831971	1.21928011648218	8.65372914747733e-09	Both
NrasQ61R	LZTR1	shared	yes	plasma_membrane	0.524271334996772	0.000472910567486954	1.34816823719115	7.10249279250278e-10	Both
KrasG12V	LZTR1	shared	yes	plasma_membrane	0.880716281396325	4.85318158072211e-08	0.446470089108288	8.04117620234205e-06	Both
KrasWT	LZTR1	core	yes	plasma_membrane	3.54735789133627	6.82801702589545e-09	1.20048280987096	8.36360301160042e-08	Both
NrasWT	LZTR1	core	yes	plasma_membrane	3.08091402380499	3.50829936594948e-07	2.41098750232646	2.69296696891125e-11	Both
NrasQ61K	LZTS1	TbID	no	NA	0.616442861534768	0.124195291585197	1.07474246654698	0.0395618861790858	Both
ArafS214P	LZTS1	TbID	no	NA	0.321701268830657	0.428498086297017	1.39069496661065	0.00663106493870064	Both
Raf1S259F	LZTS1	core	no	NA	1.3869881385505	0.00365200571992513	1.55063029299041	0.00247984952728965	Both
ERK2AA	LZTS2	shared	no	plasma_membrane	1.06017828185	8.46415654724834e-06	0.444739030872009	0.000190303153056744	AP-MS
ERK1AA	LZTS3	AP-MS	no	NA	1.15300759428375	1.48589253329227e-05	0.0559278457007337	0.394512463063668	AP-MS
MEK2DD	MACO1	shared	no	ER	0.391918174832631	0.000851300846014214	0.943870253557107	7.43690105466996e-10	TbID
Raf1D486A	MACROD1	shared	no	mitochondrion	0.757808396386002	0.0152891252862815	1.20446695479857	5.02568095937954e-10	TbID
KrasS17N	MAD2L1	TbID	yes	cytosol	-0.203233328651214	0.00895514543948306	0.90035433818818	2.44879370410916e-07	TbID
KrasG12V	MAD2L1	TbID	yes	cytosol	-0.12977919326919	0.0193061665339332	0.771985343290522	3.70101637557393e-06	TbID
MEK2AA	MAGED1	TbID	no	unclassified	0.00167868010965359	0.996859549835869	0.949955675222505	2.65621872628545e-08	TbID
MEK2DD	MAGED1	TbID	no	unclassified	0.213720365263213	0.242188749254884	0.970878900161046	2.15136602496358e-08	TbID
MEK1WT	MAGED1	TbID	no	unclassified	-0.151766419522975	0.618235204879687	0.976462700397962	2.36165594897404e-08	TbID
MEK2DD	MAGED2	shared	yes	unclassified	0.643952192958106	0.000577460947179855	1.86580308858906	3.31991529688034e-11	TbID
Raf1S259F	MAGED4	AP-MS	no	cytosol	2.17295134234966	2.51465256842451e-07	-0.154518959191243	0.193508305409021	AP-MS
ArafWT	MAGED4	AP-MS	no	cytosol	2.16574784538206	3.63453131466144e-08	0.04664636477788	0.748134208208731	AP-MS
ArafS214P	MAGED4	AP-MS	no	cytosol	2.2312203965503	5.74107680110638e-08	0.0967226074902231	0.400002559706269	AP-MS
ArafD447A	MAGED4	AP-MS	no	cytosol	1.27899786337581	5.71613836349297e-06	-0.358215004043112	0.0237580474005337	AP-MS
Raf1S257L	MAGED4	AP-MS	no	cytosol	1.98085826025213	5.90379926557436e-08	0.00522987745863905	0.966069471779766	AP-MS
KrasWT	MAGT1	TbID	yes	ER	0.0660730446789088	0.296478080726583	0.935774129119757	5.19618497242997e-07	TbID
KrasG12D	MAGT1	TbID	yes	ER	0.0239061854119651	0.807197243913701	0.777471210396527	4.12353072349801e-06	TbID
MEK2DD	MAL2	AP-MS	no	NA	1.78556818056684	0.0100645175959676	NA	NA	AP-MS
MEK1DD	MAMLD1	AP-MS	yes	NA	1.42707198688101	7.45067485173832e-05	-0.772459306562165	3.23424455105089e-07	AP-MS
BrafG469A	MAMLD1	AP-MS	yes	NA	1.5701213559081	2.42437535116322e-05	-1.55284982608517	1.07084860627937e-09	AP-MS
BrafV600E	MAMLD1	AP-MS	yes	NA	1.51408566549818	4.73161536805203e-05	-0.672096033709722	3.92626382361183e-07	AP-MS
MEK2DD	MAMLD1	AP-MS	yes	NA	1.59836967187872	1.84151954901039e-05	0.145484427828932	0.0650268859733019	AP-MS
Raf1S259F	MAMLD1	AP-MS	yes	NA	1.45391948314558	3.0294601626318e-05	-0.414994813588949	5.82605135697146e-05	AP-MS
MEK2DD	MAN1A1	shared	no	Golgi	1.02973341847544	0.000139883645033776	0.389215076630907	4.60565224468057e-05	Both
Raf1S259F	MAN1A1	shared	no	Golgi	0.509003254766768	0.00838851021300127	0.983981215594886	1.70070708049541e-09	Both
BrafG469A	MAN1A2	TbID	no	Golgi	-0.0779117652166782	0.579813943040984	0.946882785943596	1.50136452461027e-09	TbID
ArafD447A	MAN2C1	AP-MS	yes	cytosol	1.2915755969509	1.6347676613361e-07	0.0771838251805768	0.233936789197895	AP-MS
ArafS214P	MAN2C1	shared	yes	cytosol	1.38664315042498	6.27448820285924e-06	0.232427964315714	0.000468481544334781	AP-MS
ArafS214P	MAP1B	AP-MS	yes	nucleus	1.18554762167944	2.78544859190606e-06	-1.24053798708964	6.13982498107752e-07	AP-MS
HrasG13R	MAP2	AP-MS	yes	NA	1.06368100434488	0.0181327284704955	0.10489773013084	0.220407366924873	AP-MS
HrasQ61R	MAP2	shared	yes	NA	1.40359219493081	0.00170145723862365	0.269357762038793	0.00639520001753365	AP-MS
Raf1S257L	MAP2K1	core	yes	cytosol	2.37098608035145	9.16330106046346e-06	1.73022492837283	3.69603728840194e-11	Both
MEK1AA	MAP2K1	core	yes	cytosol	8.06846238984658	8.54876808180991e-10	5.80509206380228	1.61050954863603e-17	Both
MEK2AA	MAP2K1	shared	yes	cytosol	3.33311884298191	6.1811896379623e-06	0.585876463354767	4.7759806355989e-07	Both
ArafS214P	MAP2K1	core	yes	cytosol	4.1312552452189	4.90986461877014e-07	2.2704088004147	2.18742656806105e-12	Both
BrafD594N	MAP2K1	core	yes	cytosol	3.26356092454938	2.4700431792577e-06	1.97031020603945	7.11008270934448e-12	Both
MEK2WT	MAP2K1	shared	yes	cytosol	4.01353949149031	3.96445134457385e-05	0.66346518867992	1.42929275114551e-07	Both
MEK1DD	MAP2K1	core	yes	cytosol	7.5961987554632	6.84599301006356e-10	5.59365000064683	7.73893711676649e-16	Both
KrasG12V	MAP2K1	core	yes	cytosol	0.879023809705197	6.72182036434515e-08	0.867982347531269	3.45423199695439e-07	Both
MEK2DD	MAP2K1	shared	yes	cytosol	2.48793400378587	6.1592556606836e-05	0.580831892425012	4.96944403761025e-08	Both
Raf1WT	MAP2K1	core	yes	cytosol	4.29492740517286	8.82923755326869e-08	1.38098526762717	1.88840513288918e-11	Both
BrafG469A	MAP2K1	core	yes	cytosol	2.50619627484394	8.65258066285604e-06	1.22374607906993	1.45301652649816e-10	Both
ArafD447A	MAP2K1	TbID	yes	cytosol	0.112794779936593	0.806199449883715	1.10597484761979	1.3474674740398e-10	Both
BrafV600E	MAP2K1	shared	yes	cytosol	1.48480213860561	0.00165947606044475	0.844640437713514	2.83902632799141e-09	Both
ArafWT	MAP2K1	core	yes	cytosol	3.76909805225976	1.40114088011894e-07	1.97056813003888	4.10143699666869e-12	Both
KrasG12D	MAP2K1	core	yes	cytosol	0.77959200296908	8.82598912101955e-06	0.998177501556928	2.7361220619372e-06	Both
Raf1S259F	MAP2K1	core	yes	cytosol	1.56449382408207	0.000651671273218329	1.95833259374481	4.42599553572784e-12	Both
MEK1WT	MAP2K1	core	yes	cytosol	8.30863576648838	2.9789289888238e-10	5.87548047593761	1.66972001621859e-17	Both
BrafWT	MAP2K1	core	yes	cytosol	5.13531045913163	2.14159891614644e-08	1.58322071528465	1.02005036433887e-11	Both
BrafWT	MAP2K2	core	yes	cytosol	2.85611543043036	0.00381228955666208	1.28024155854561	1.75603003901893e-10	Both
MEK2WT	MAP2K2	core	yes	cytosol	8.35219236292102	9.3706587097437e-07	6.3403807951422	8.01128020672024e-17	Both
Raf1S257L	MAP2K2	TbID	yes	cytosol	0.743647184600043	0.439380741036712	1.07214345069709	1.88846951167375e-09	Both
ERK1DD	MAP2K2	TbID	yes	cytosol	-1.49276020028475	0.0960974730676735	4.27116056635083	8.51155688518965e-16	Both
BrafD594N	MAP2K2	core	yes	cytosol	2.4430357977997	0.0125370511069735	1.90988586881175	4.24294312272441e-12	Both
MEK2AA	MAP2K2	core	yes	cytosol	8.21712267434052	1.4237497363526e-06	6.37545621842103	1.78301334761962e-18	Both
ERK2AA	MAP2K2	TbID	yes	cytosol	-1.27362416436922	0.126939359276783	4.57598644204658	5.99011640739908e-16	Both
MEK2DD	MAP2K2	core	yes	cytosol	8.00891840251269	4.74076932797318e-07	6.49656713566229	1.30394642490092e-17	Both
Raf1S259F	MAP2K2	TbID	yes	cytosol	0.0202095091491563	0.984165240785835	1.14177079850346	6.24220166073299e-10	Both
Raf1WT	MAP2K2	TbID	yes	cytosol	1.20659437399421	0.207900529259213	1.2536875963003	7.77237179884154e-11	Both
ERK2WT	MAP2K2	TbID	yes	cytosol	-0.206637492050702	0.851277767989945	4.78078262638513	5.52497461651885e-16	Both
ERK1AA	MAP2K2	TbID	yes	cytosol	1.31703185220508	0.251643271011277	5.1693067085411	2.24066742048052e-15	Both
ArafD447A	MAP2K2	TbID	yes	cytosol	-0.777748878432934	0.376822607611483	0.959162830966597	1.72777717804541e-09	Both
ArafWT	MAP2K2	TbID	yes	cytosol	1.4103581876486	0.0780001036284622	1.62913185336834	1.1249467803446e-11	Both
ArafS214P	MAP2K2	core	yes	cytosol	1.61249892972763	0.0482077408313086	2.03279175428079	1.25408853306676e-11	Both
ERK2DD	MAP2K2	TbID	yes	cytosol	-1.17964787907603	0.151979640992078	3.88136827812772	3.84460046485015e-14	Both
ERK1WT	MAP2K2	TbID	yes	cytosol	-0.134090892039388	0.91045699103808	4.78691047273005	7.50595252700248e-17	Both
KrasS17N	MAP3K12	AP-MS	no	NA	1.42094768355909	0.0317585596091997	NA	NA	AP-MS
KrasG12D	MAP3K12	AP-MS	no	NA	1.4383245668296	0.0219606487840298	NA	NA	AP-MS
MEK2DD	MAP3K7	TbID	yes	cytosol	-0.307638080825561	0.0217893213988872	1.01569822869696	3.95324859484558e-09	TbID
MEK1WT	MAP3K8	AP-MS	no	NA	1.93508245444082	0.000406369528137794	NA	NA	AP-MS
KrasS17N	MAP4K1	TbID	no	NA	NA	NA	1.66082465327529	0.0270270433705335	TbID
KrasG12D	MAP4K1	TbID	no	NA	NA	NA	1.54054742328967	0.0422388880226433	TbID
KrasG12V	MAP4K1	TbID	no	NA	NA	NA	1.60333576024554	0.0385770494009694	TbID
Raf1S259F	MAP9	AP-MS	no	nucleus	1.29052581083142	0.0152510930564017	0.18150361110795	0.0682952769421521	AP-MS
MEK2WT	MAPK1	AP-MS	yes	cytosol	0.99944343563263	0.00368649839923406	0.102038792474473	0.115639236906431	Both
ERK1DD	MAPK1	shared	yes	cytosol	2.2214876928129	1.7670528981267e-05	0.346431140218864	0.000351554951825119	Both
ERK2DD	MAPK1	core	yes	cytosol	8.02294561980348	3.06753868179739e-12	4.39417999631594	3.84460046485015e-14	Both
ERK1WT	MAPK1	shared	yes	cytosol	2.86603221860108	5.40257434282627e-06	0.506855160889862	2.9960013030374e-05	Both
HrasQ61R	MAPK1	AP-MS	yes	cytosol	1.29850297181989	0.000382371157288985	0.0143964537487797	0.83969981975828	Both
ERK2AA	MAPK1	core	yes	cytosol	8.3687474247097	5.42858475618889e-12	5.25687815365357	4.17939382381448e-16	Both
ERK1AA	MAPK1	shared	yes	cytosol	2.18369473592517	4.77031358615095e-05	0.360540755196551	0.000187629685133186	Both
MEK2AA	MAPK1	AP-MS	yes	cytosol	1.04710567736099	0.00242076710708308	-0.0348720948806661	0.590716129716249	Both
ERK2WT	MAPK1	core	yes	cytosol	8.31547301788197	1.38865924985559e-12	5.60075620621013	5.52497461651885e-16	Both
MEK2DD	MAPK14	AP-MS	yes	cytosol	1.1844651962867	3.78551361682351e-06	-0.0565713281970985	0.373879164733368	AP-MS
KrasWT	MAPK14	shared	yes	cytosol	0.789726922318211	2.31445771190957e-05	0.545687011710985	0.000172290298833296	AP-MS
KrasG12D	MAPK14	shared	yes	cytosol	0.749856061897249	2.65531722783919e-06	0.382848204500821	0.00202205593778041	AP-MS
KrasS17N	MAPK14	shared	yes	cytosol	0.798950811480966	8.06061734053893e-06	0.242744338929269	0.00758184025943915	AP-MS
ERK1DD	MAPK3	core	yes	cytosol	7.83458501061568	3.74561850522608e-05	6.57192384097366	8.60889076489439e-17	Both
ERK1WT	MAPK3	core	yes	cytosol	8.43857731801286	1.03867940644827e-05	7.00245429859108	2.76226638487417e-17	Both
ERK1AA	MAPK3	core	yes	cytosol	8.52567252149475	1.12572258462458e-05	6.89896866179658	1.40415515349024e-16	Both
ERK1WT	MAPK4	AP-MS	no	NA	1.01562940452835	0.00137869896555512	-0.201138332498712	0.398815021628351	AP-MS
ArafWT	MAPK4	AP-MS	no	NA	1.91238504698584	5.42500029452437e-06	-0.189017399793146	0.45215162644063	AP-MS
Raf1S259F	MAPK4	AP-MS	no	NA	1.51639406983236	9.63011750673815e-05	-0.262603637717595	0.176949968812688	AP-MS
ArafWT	MAPK6	AP-MS	no	NA	1.59943629227253	6.01093978812138e-05	-0.726314343068874	2.18407604194334e-07	AP-MS
Raf1S259F	MAPK6	AP-MS	no	NA	1.17626602114759	0.000638377941678013	-0.713986916512711	1.42395335532915e-07	AP-MS
BrafG469A	MAPK8	AP-MS	yes	cytosol	1.73157948309455	0.00611355178265227	NA	NA	AP-MS
ERK1DD	MAPK8	AP-MS	yes	cytosol	1.48658842479884	0.0296661473033003	NA	NA	AP-MS
ArafS214P	MAPK8IP2	AP-MS	no	NA	1.46688833075771	0.00264305127275086	NA	NA	AP-MS
ArafD447A	MAPK8IP2	AP-MS	no	NA	1.78848584511594	0.000722335900402597	NA	NA	AP-MS
Raf1S259F	MAPK8IP2	AP-MS	no	NA	1.91552243833029	0.000881442222249981	NA	NA	AP-MS
Raf1S257L	MAPK8IP2	AP-MS	no	NA	2.08097779082519	0.000154900533562638	NA	NA	AP-MS
ArafWT	MAPK8IP2	AP-MS	no	NA	1.98425482010563	0.000310814751052597	NA	NA	AP-MS
ArafD447A	MAPK8IP3	AP-MS	yes	NA	2.32739867125899	7.21476520114431e-05	NA	NA	AP-MS
BrafV600E	MAPK8IP3	AP-MS	yes	NA	1.45735236735241	0.00313597906347476	NA	NA	AP-MS
Raf1D486A	MAPK8IP3	AP-MS	yes	NA	1.59297414500522	0.00149324249954641	NA	NA	AP-MS
Raf1WT	MAPK8IP3	AP-MS	yes	NA	1.33640052360098	0.00902651765454964	NA	NA	AP-MS
ArafS214P	MAPK8IP3	AP-MS	yes	NA	2.81669900080506	1.03821313486548e-05	NA	NA	AP-MS
ArafWT	MAPK8IP3	AP-MS	yes	NA	2.22824771445348	0.000118058758451862	NA	NA	AP-MS
Raf1S259F	MAPK8IP3	AP-MS	yes	NA	2.40778910264106	5.82866677651347e-05	NA	NA	AP-MS
Raf1S257L	MAPK8IP3	AP-MS	yes	NA	1.89624978550035	0.00660949386274062	NA	NA	AP-MS
BrafD594N	MARCHF6	shared	no	ER	1.55429293776207	0.000878847157459827	0.309656261128711	0.00737082991532341	AP-MS
BrafWT	MARCHF6	shared	no	ER	1.4374510262366	0.00130698067057248	0.464898176283562	0.000785761438676355	AP-MS
BrafV600E	MARCHF6	shared	no	ER	1.51852895481903	0.00114537989287155	0.654865853305048	7.70517902936917e-06	AP-MS
ArafD447A	MARCHF7	shared	no	NA	1.19505463578326	2.61991862516022e-09	0.558495071655655	2.8300857811274e-07	AP-MS
ArafWT	MARCHF7	shared	no	NA	1.23765710535936	3.87987557000647e-09	0.557668497518164	1.46083257547592e-06	AP-MS
MEK2DD	MARCKSL1	TbID	no	plasma_membrane	-0.30003379690574	0.188815953691429	1.02633216038132	1.61359890450468e-07	TbID
ArafWT	MARK3	shared	no	unclassified	1.28385679483518	8.10070376265155e-08	0.452588405063877	0.000102121034024627	AP-MS
ArafS214P	MARVELD2	TbID	yes	NA	0.090397890739806	0.82378599909192	1.52852877392985	8.68499268420542e-11	TbID
MEK2DD	MAST4	TbID	no	NA	0.00477688921750303	0.983914458010023	0.935047406943492	1.93276886743381e-09	TbID
ArafS214P	MAT2A	TbID	no	cytosol	-0.624908968214739	0.000529639817985436	0.971676005090145	1.34451713799072e-10	TbID
MEK2DD	MAT2A	TbID	no	cytosol	-0.721205882573922	0.000129578406587473	0.966610647895546	1.16362634861153e-10	TbID
Raf1S257L	MAT2A	TbID	no	cytosol	-0.574203769321156	0.000607710355886629	1.19370529871416	6.91034645556043e-11	TbID
HrasWT	MAT2A	TbID	no	cytosol	-0.136540078030225	0.420976149430372	0.802643239232747	1.2530257724106e-08	TbID
MEK2WT	MAT2A	TbID	no	cytosol	-0.472699099229826	0.0172572459284741	1.03871999468119	6.11230544633841e-11	TbID
BrafWT	MAT2A	TbID	no	cytosol	-0.340631923385085	0.0332697825394315	1.10620963877211	1.7458399246374e-10	TbID
Raf1WT	MAT2A	TbID	no	cytosol	-0.3908919999946	0.0181452520103553	1.1400248260235	7.30425889383979e-11	TbID
MEK2AA	MAT2A	TbID	no	cytosol	-0.625857889772585	0.00279168355751518	0.90769270594571	6.67498502005327e-09	TbID
BrafD594N	MAT2A	TbID	no	cytosol	-0.487070026540075	0.00688075911514126	0.994765505357823	8.10134975866959e-11	TbID
MEK1WT	MAT2A	TbID	no	cytosol	-0.420766033391966	0.0232725954356971	1.07684255562294	3.0764275751987e-11	TbID
NrasWT	MAT2A	TbID	no	cytosol	-0.318319544911241	0.0533258720055534	0.828453360335879	1.77778931856438e-07	TbID
BrafV600E	MAT2A	TbID	no	cytosol	-0.481535831030818	0.00326739090281933	1.05483346628389	1.83542475811935e-10	TbID
MEK1DD	MAT2A	TbID	no	cytosol	-0.259598625871993	0.0882716923773892	1.28622725273467	1.87941828154919e-11	TbID
ArafWT	MAT2A	TbID	no	cytosol	-0.699138461288865	0.000153515387201484	0.843118829525497	1.04235056730844e-08	TbID
NrasQ61R	MATK	shared	no	unclassified	1.06270930715049	8.15599012436243e-06	0.340827179003552	0.00164412529748673	AP-MS
HrasS17N	MATK	shared	no	unclassified	1.0063184991461	7.45319852227634e-06	0.572678258429723	1.77715935664082e-05	AP-MS
MEK2AA	MB21D2	TbID	no	NA	0.0627188603245438	0.936891620037242	1.1731713834809	9.86198850983059e-08	TbID
MEK1WT	MB21D2	TbID	no	NA	0.04223793269845	0.960639782806682	0.912170035584598	1.59201652780455e-06	TbID
ArafS214P	MB21D2	TbID	no	NA	-0.219636809273777	0.668234019288342	1.17249320000288	8.44786321131526e-08	TbID
ArafWT	MB21D2	TbID	no	NA	-0.361499165923692	0.428965440462082	1.88879014975832	1.38968359515201e-09	TbID
MEK2DD	MB21D2	TbID	no	NA	-0.456644693532715	0.317225435252247	1.42671717340902	1.19916530372922e-08	TbID
NrasQ61R	MBD5	AP-MS	yes	NA	1.15354189300407	1.73036335120155e-05	NA	NA	AP-MS
HrasS17N	MBD5	AP-MS	yes	NA	1.04427032959418	9.30150277727816e-06	NA	NA	AP-MS
HrasG13R	MBNL2	AP-MS	no	NA	1.1084123539617	0.000208010368299542	-0.23280037731651	0.014447969403895	AP-MS
ArafD447A	MCM4	AP-MS	yes	nucleus	1.40259027293825	1.35391315122404e-07	0.11286930407115	0.064766602405756	AP-MS
Raf1WT	MCM4	shared	yes	nucleus	1.21418346942239	8.15030541542613e-07	0.400358273716738	8.84379520685622e-07	AP-MS
ArafWT	MCMBP	shared	no	cytosol	2.71020826613668	3.72876205977926e-11	0.721966697194175	4.28211546038284e-09	AP-MS
ArafS214P	MCMBP	shared	no	cytosol	1.76047337834154	2.93274124107719e-06	0.203465115580822	0.000474818330241491	AP-MS
ArafD447A	MCMBP	shared	no	cytosol	2.67088197504699	1.1316111018145e-10	0.745561519981307	8.21084529211501e-10	AP-MS
MEK2DD	MCOLN3	AP-MS	no	NA	1.60591456260078	0.00545605088115814	NA	NA	AP-MS
ERK2AA	MCTP2	shared	no	NA	1.1722455910549	0.00173459457953931	0.459814006953754	0.00035182985018394	AP-MS
HrasS17N	MCTP2	shared	no	NA	1.07924157479561	0.00307505023712312	0.354182486231565	0.00753153192280568	AP-MS
ArafS214P	MDFIC	shared	yes	plasma_membrane	1.57235935918154	0.0198764815149258	0.605134615023794	7.19960945755146e-06	AP-MS
MEK2AA	MDH1	AP-MS	yes	cytosol	1.05497500467891	0.00190427625082921	0.245666073095476	0.060476678230974	AP-MS
MEK1AA	MDH1	AP-MS	yes	cytosol	1.01349638809832	0.00268765003128109	0.0976616381195151	0.392935426608062	AP-MS
HrasG13R	MDH2	shared	yes	mitochondrion	0.251819821284496	0.0317945842171409	0.909529883896092	2.75792076641817e-05	TbID
NrasQ61R	MDK	shared	yes	trans-Golgi	1.36671605785363	0.000841386607909577	0.501308424948279	0.00316139941651896	Both
KrasWT	MDK	TbID	yes	trans-Golgi	0.197733377931114	0.271172605930264	0.832563069341566	0.00044359325820444	Both
KrasS17N	MDK	TbID	yes	trans-Golgi	0.197066758889583	0.233723455668506	0.801413441566491	0.000695515483667195	Both
HrasG13R	MDM1	AP-MS	no	NA	1.04016431749733	0.0335430690350019	0.1055119538037	0.201749692294275	AP-MS
Raf1S259F	MDM2	AP-MS	yes	NA	1.33821454475249	0.00186035007419359	NA	NA	AP-MS
Raf1S257L	MDM2	AP-MS	yes	NA	1.55233701450306	0.000286549847746081	NA	NA	AP-MS
ArafS214P	MDM2	AP-MS	yes	NA	1.36065091194581	0.000693724259497449	NA	NA	AP-MS
MEK1WT	MEA1	TbID	no	cytosol	0.0688762407149858	0.814764459606768	0.977615519818339	7.93350667337893e-07	TbID
MEK2DD	MEA1	shared	no	cytosol	0.880572857640808	0.000134543324593242	1.50456984909259	1.85755173488427e-08	TbID
HrasS17N	MED11	AP-MS	no	unclassified	1.00329559114749	3.89170120672966e-05	-0.221378632536567	0.033204829903291	AP-MS
ERK2AA	MED12L	shared	no	NA	0.996667860432258	7.87730570002909e-07	0.405824176602137	0.000441076846124813	AP-MS
BrafG469A	MED19	AP-MS	no	nucleus	1.31386697634782	1.23508280271201e-05	0.222629314915487	0.102065958096059	AP-MS
HrasS17N	MED19	AP-MS	no	nucleus	1.19986145193642	3.1451510228098e-05	-0.0649687019172743	0.578940662547344	AP-MS
HrasS17N	MED8	AP-MS	no	nucleus	1.02201999123616	6.44171361716024e-06	-0.718898199439796	1.97953139179868e-07	AP-MS
ERK1DD	MEF2A	shared	no	NA	0.444673974994764	0.00655298128106624	0.919415766875698	3.5704127304865e-05	TbID
KrasS17N	MEGF8	TbID	yes	ER	-0.131344521848124	0.170514560423979	1.1688642769368	0.00778751041179246	TbID
KrasG12D	MEGF8	TbID	yes	ER	-0.197588957268145	0.00353706914510443	0.973184360854176	0.022656231147259	TbID
Raf1D486A	MEMO1	TbID	no	cytosol	-0.114173263194304	0.4253026750932	0.863520347263659	1.50303987168168e-05	TbID
HrasS17N	MERTK	TbID	yes	plasma_membrane	NA	NA	0.83234577582689	0.0283233419304579	TbID
ERK1DD	MEST	TbID	no	NA	NA	NA	1.21278847077779	0.0059217399076534	TbID
BrafG469A	MEST	TbID	no	NA	NA	NA	2.73561257984491	5.69139585900581e-07	TbID
Raf1D486A	MEST	TbID	no	NA	NA	NA	1.73109991237452	6.70086031666571e-05	TbID
ERK2DD	MEST	TbID	no	NA	NA	NA	2.05268793918982	4.22708066707566e-05	TbID
MEK1WT	MEST	TbID	no	NA	NA	NA	1.28055715643642	0.00143875342675232	TbID
ERK2AA	MEST	TbID	no	NA	NA	NA	2.4673961729583	1.22405897080501e-05	TbID
HrasWT	MEST	TbID	no	NA	NA	NA	1.15601364788242	0.00902800992408022	TbID
NrasQ61K	MEST	TbID	no	NA	NA	NA	1.52750877353097	0.000625188383498184	TbID
Raf1WT	MEST	TbID	no	NA	NA	NA	1.50356459572983	0.000280613313230132	TbID
HrasQ61R	MEST	TbID	no	NA	NA	NA	1.18380094633738	0.00285322117152945	TbID
Raf1S259F	MEST	TbID	no	NA	NA	NA	1.77613986877424	4.40411723828365e-05	TbID
ERK1WT	MEST	TbID	no	NA	NA	NA	1.12875880917857	0.00453670278678345	TbID
BrafV600E	MEST	TbID	no	NA	NA	NA	1.74836079851852	8.84881745460575e-05	TbID
HrasS17N	MEST	TbID	no	NA	NA	NA	1.620830350846	0.000130306287414138	TbID
MEK2AA	MEST	TbID	no	NA	NA	NA	1.4949550986512	0.0013267837017882	TbID
BrafWT	MEST	TbID	no	NA	NA	NA	1.32834552529491	0.0011056166102796	TbID
NrasS17N	MEST	TbID	no	NA	NA	NA	1.69282704150101	0.000124654258559761	TbID
MEK2WT	MEST	TbID	no	NA	NA	NA	1.01994348110253	0.00638276957362356	TbID
HrasG13R	MEST	TbID	no	NA	NA	NA	1.17505526626456	0.0036600150126671	TbID
ArafS214P	MEST	TbID	no	NA	NA	NA	1.85799185916256	0.000104627203753434	TbID
MEK2DD	MEST	TbID	no	NA	NA	NA	1.38033223462762	0.000521099112351323	TbID
ArafD447A	METAP2	TbID	no	stress_granule	0.124201239260279	0.855572207175964	0.958061596455039	3.92045668206579e-09	TbID
BrafV600E	METAP2	TbID	no	stress_granule	0.195401165619401	0.769318997258137	0.857786193105605	1.53433164797472e-09	TbID
Raf1S257L	METAP2	TbID	no	stress_granule	0.0430828540463402	0.946764992237433	0.961075030077512	8.58205751104636e-10	TbID
BrafWT	METAP2	TbID	no	stress_granule	-0.36481115009026	0.564981343444238	0.925125181671157	6.00640734924033e-09	TbID
Raf1D486A	METAP2	TbID	no	stress_granule	0.0924451138273615	0.89305212513497	1.12200466441999	8.73833385490107e-10	TbID
ArafS214P	METAP2	TbID	no	stress_granule	0.658915214430298	0.278824850552263	0.99774195075386	7.67619022857457e-10	TbID
HrasQ61R	METAP2	TbID	no	stress_granule	-0.12202858243376	0.897448007138616	0.776901266143656	4.06670441461278e-07	TbID
HrasG13R	METAP2	TbID	no	stress_granule	0.513414286283751	0.467491323967527	0.824261487922972	2.6800985941599e-08	TbID
MEK2DD	METTL2A	TbID	no	NA	-0.283194180421787	0.0379846872761301	0.945203074987711	5.20788545277567e-08	TbID
MEK2DD	METTL8	AP-MS	no	nucleus	1.10555691081963	0.0173463056763911	-0.431608436162466	2.18336082513304e-05	AP-MS
BrafG469A	METTL9	TbID	no	ERGIC	-0.194338994335002	0.0735249704325405	0.903465959924608	6.34734598434024e-09	TbID
KrasWT	MFAP2	TbID	no	NA	NA	NA	2.01777982585031	3.1805743914662e-05	TbID
KrasG12D	MFAP2	TbID	no	NA	NA	NA	2.38639890143588	1.13292010424834e-05	TbID
NrasQ61R	MFAP2	TbID	no	NA	0.348170536813228	0.308895800972613	0.901290165487569	3.3069671724254e-05	TbID
KrasS17N	MFAP2	TbID	no	NA	NA	NA	2.3192455301024	5.63989355630129e-06	TbID
KrasG12V	MFAP2	TbID	no	NA	NA	NA	2.37055085605563	1.09110694807344e-05	TbID
MEK2DD	MFAP3	core	no	plasma_membrane	1.67447619632596	8.87234233235113e-05	0.911037107199649	0.0202827833744115	Both
MEK2WT	MFAP3	AP-MS	no	plasma_membrane	2.27690672856384	0.000118831285246258	-0.151634225058059	0.737355123312184	Both
MEK2DD	MFGE8	shared	no	ER	1.85628929932917	2.15581647747712e-10	0.548298219528278	6.05164699820909e-07	Both
Raf1S259F	MFGE8	shared	no	ER	0.918647684099393	3.4930202037744e-07	0.999160743685945	9.86685990611568e-09	Both
BrafG469A	MFGE8	shared	no	ER	0.396612177586536	0.000570025207701025	1.00995160097439	1.83034165468381e-08	Both
Raf1S259F	MFSD10	TbID	no	ER	NA	NA	0.972079562406034	6.50828299788666e-07	TbID
NrasQ61R	MFSD13A	TbID	no	NA	NA	NA	1.14284411147371	0.000186514447637895	TbID
HrasS17N	MFSD13A	TbID	no	NA	NA	NA	1.3384310396833	2.49330943717255e-05	TbID
MEK2DD	MFSD14CP	AP-MS	no	NA	1.42847158753253	1.50028358050601e-05	NA	NA	AP-MS
MEK2AA	MFSD14CP	AP-MS	no	NA	1.12875239922702	0.000999483047615847	NA	NA	AP-MS
BrafG469A	MFSD5	TbID	no	Golgi	NA	NA	0.905989503255641	5.43073827738107e-09	TbID
ArafD447A	MFSD8	TbID	yes	lysosome	-2.02312639487732	6.4637633547197e-07	0.897343465847181	1.14274810248323e-05	TbID
MEK2DD	MGARP	AP-MS	no	mitochondrion	1.03093382337868	0.00201541959669402	NA	NA	AP-MS
BrafG469A	MGAT1	TbID	no	Golgi	0.181395325915613	0.30213376446876	0.902547626875957	1.06483481151181e-07	TbID
NrasQ61R	MGMT	shared	yes	NA	1.24605375553599	1.87579224681887e-05	0.291184690902917	0.00100301311972025	AP-MS
MEK1AA	MGST1	shared	no	NA	1.02539052829537	0.00360574232464178	0.218755176806255	0.0175122290310067	Both
HrasS17N	MGST1	TbID	no	NA	-0.283550440664154	0.211786820749442	0.953204836751541	2.30158551031554e-08	Both
MEK2AA	MGST1	AP-MS	no	NA	1.0021518259792	0.00308751423063698	0.0852595323755463	0.308415184159252	Both
NrasQ61R	MGST3	AP-MS	no	mitochondrion	1.75767657171143	2.29215257729896e-05	-0.266100059704706	0.013115403639186	AP-MS
MEK2DD	MGST3	AP-MS	no	mitochondrion	1.02530270717658	0.000759690451502024	-0.617145100687654	8.65161459516322e-06	AP-MS
MEK1AA	MGST3	AP-MS	no	mitochondrion	1.14853799754768	0.00287051242902751	0.0396726103165837	0.717708079254394	AP-MS
BrafG469A	MICALL2	shared	no	NA	1.21191571308677	4.27711476277589e-06	0.284214745077806	0.00976286265525679	AP-MS
MEK2DD	MICB	AP-MS	no	NA	1.28366389644516	1.87991332036169e-05	0.295819394453331	0.270391247051649	AP-MS
MEK2DD	MICOS10	AP-MS	no	mitochondrion	1.83627177256396	5.10420134147985e-05	-0.319789126001068	0.01085531115963	AP-MS
ERK1DD	MIDEAS	shared	no	nucleus	0.714766237838235	0.00122659732440548	1.42595760056871	1.01400627231256e-10	TbID
ERK1WT	MIDEAS	shared	no	nucleus	0.771804264138576	0.000221505121704365	1.23988294798028	5.60269775867599e-10	TbID
ERK1AA	MIDEAS	shared	no	nucleus	0.462433537945979	0.00237990285417403	1.02022797718828	1.04673439045236e-08	TbID
ERK2WT	MIDEAS	shared	no	nucleus	0.568512686278367	0.00131350581061669	1.42620410058428	1.5128926353958e-10	TbID
ERK2AA	MIDEAS	shared	no	nucleus	0.555389123623397	0.000726492237942579	1.45937263321261	1.13868344934867e-10	TbID
Raf1S259F	MIDN	shared	no	NA	1.26096733925107	9.33568882747029e-05	0.595446336783184	0.0303763382619841	Both
Raf1S257L	MIDN	core	no	NA	2.17736505410132	2.76795908766508e-07	0.968544751642908	0.000523129504807142	Both
ArafS214P	MIDN	shared	no	NA	1.41046972996134	3.01190722354169e-05	0.539365249741557	0.0299439515243809	Both
BrafV600E	MIDN	shared	no	NA	1.29507952353268	7.264726293515e-05	0.518688730581944	0.0285526292238876	Both
MEK2DD	MIDN	shared	no	NA	1.39525727309484	6.49377024095299e-05	0.533027661958492	0.0230125710603304	Both
ArafS214P	MIF	TbID	yes	cytosol	-0.0907261236059176	0.76207228162993	1.07421573375224	7.20158819508757e-06	TbID
Raf1S257L	MIIP	shared	no	NA	1.12858779089448	2.81451633468939e-06	1.05012363571258	1.51125964298083e-07	TbID
NrasQ61R	MITD1	shared	no	early_endosome	0.355500644793259	0.0345142516362767	0.836927462021756	1.19759225042409e-05	TbID
MEK2DD	MKKS	AP-MS	yes	mitochondrion	1.61674496320968	9.09226627043995e-06	NA	NA	AP-MS
ERK1WT	MKNK1	core	no	cytosol	2.0472975951435	3.3116559403667e-05	0.909626264943806	3.82470911562756e-08	Both
ERK1DD	MKNK1	shared	no	cytosol	1.41462521623322	0.00110394989761516	0.735982285366609	8.8769270330191e-08	Both
ERK2WT	MKNK1	core	no	cytosol	1.63210611127939	0.000210464622145254	0.841813651239369	1.09294888311268e-07	Both
ERK2AA	MKNK1	shared	no	cytosol	1.05834873076162	0.00206006097239991	0.712019586223931	1.22512229724068e-07	Both
ERK1DD	MKNK2	core	no	NA	1.93392986617413	3.47729890608692e-05	2.24093086763447	1.44715870469185e-09	Both
ERK2DD	MKNK2	shared	no	NA	0.786674970559458	0.00825858934221094	1.06882877173572	2.11781591366943e-06	Both
MEK1WT	MKNK2	TbID	no	NA	0.0175461387524302	0.970078093503037	0.947094433649357	1.75682789367214e-06	Both
ERK2AA	MKNK2	core	no	NA	1.28700028179646	0.000204841439116864	1.40283544488058	1.56695897512292e-07	Both
MEK2AA	MKNK2	TbID	no	NA	0.212400388427011	0.643026473499	1.35224992552392	4.63528433590286e-08	Both
ERK2WT	MKNK2	core	no	NA	2.93510653544853	1.33510897661134e-07	2.31436197419965	1.14416449070533e-09	Both
ERK1WT	MKNK2	core	no	NA	3.11798839432019	1.47910392789646e-07	2.28410267499471	1.33351882484458e-09	Both
MEK2WT	MKNK2	TbID	no	NA	0.0411134254403451	0.931617570103283	0.904500191223587	3.26086729281417e-06	Both
ERK1AA	MKNK2	core	no	NA	1.46386434530776	9.37279745461435e-05	2.01126482573045	1.04673439045236e-08	Both
MEK1DD	MLF1	shared	no	NA	0.634212936960328	0.00277541476467771	0.898243084667139	3.20987991576778e-07	TbID
ArafWT	MLH3	AP-MS	yes	NA	1.17289707024201	1.75222120083708e-05	-0.368675620324116	5.95538296589993e-05	AP-MS
MEK2DD	MLLT11	shared	no	mitochondrion	1.39691975179824	4.77147308645639e-05	0.629324894922092	0.000897400134524827	AP-MS
Raf1S259F	MLX	AP-MS	yes	mitochondrion	1.23778753335658	0.000317707553902654	0.108789646199671	0.401662195184572	AP-MS
Raf1S257L	MLXIP	AP-MS	no	nucleus	1.27634034632531	2.54920216491883e-08	-0.284537958824927	5.57099822115124e-05	AP-MS
Raf1S259F	MLXIP	AP-MS	no	nucleus	1.40478993817558	1.64921238885374e-06	-0.127127552411804	0.0168761353820196	AP-MS
NrasQ61R	MMAA	shared	yes	mitochondrion	1.11408338298672	0.000178350402452318	0.545636546790874	0.000120942452414898	AP-MS
Raf1S259F	MMADHC	AP-MS	yes	mitochondrion	1.64410545937848	3.97899161693452e-05	0.141732057407507	0.199264959268613	Both
Raf1S257L	MMADHC	shared	yes	mitochondrion	1.37925329361444	0.000155999406176422	0.238770845166184	0.046839726359144	Both
MEK2DD	MMADHC	TbID	yes	mitochondrion	0.107068237699701	0.727257261305284	0.931653519736394	8.02520540693034e-07	Both
NrasQ61R	MN1	AP-MS	yes	NA	1.39973955185595	1.26369923925251e-05	NA	NA	AP-MS
KrasWT	MOK	TbID	no	NA	-0.364677949763169	0.0762418981607826	0.805491904791446	0.00708273711790077	TbID
Raf1S257L	MOV10	shared	yes	stress_granule	1.22854809268643	1.25505101993594e-07	0.183450977792794	0.0140901686745268	AP-MS
KrasS17N	MOXD1	TbID	no	plasma_membrane	0.0626864929217135	0.522806639607174	0.850660008045301	1.37893901536131e-06	TbID
KrasG12V	MOXD1	TbID	no	plasma_membrane	0.00944642716541999	0.916924872545898	0.83122273477923	2.43580046912485e-07	TbID
KrasG12D	MOXD1	TbID	no	plasma_membrane	-0.0138782558036556	0.880033626284934	0.805903281889648	3.84253515862852e-06	TbID
MEK2DD	MPC2	AP-MS	no	mitochondrion	1.21002461001355	1.36375766424838e-05	-0.213833290811877	0.186335806922135	AP-MS
NrasS17N	MPLKIP	TbID	yes	cytosol	0.320453491027233	0.488103685769654	0.942192488545559	1.529237748191e-06	TbID
Raf1WT	MPLKIP	TbID	yes	cytosol	0.139168921927173	0.771951669496616	0.870809679523216	6.29529909527584e-07	TbID
ERK2DD	MPLKIP	TbID	yes	cytosol	0.473474316084612	0.218408939370265	0.859533513832547	5.55073866381059e-06	TbID
HrasQ61R	MPND	TbID	no	NA	-0.0409587736651649	0.945635167256007	0.905910946256031	0.00529730693539397	TbID
Raf1D486A	MPO	TbID	yes	NA	NA	NA	1.43822163575207	6.34171004057102e-05	TbID
HrasG13R	MPO	TbID	yes	NA	NA	NA	0.816100145570571	0.00605529033596496	TbID
HrasS17N	MPP2	shared	no	plasma_membrane	1.02327584834395	1.60512378670082e-06	0.385181623554804	3.18842760296615e-06	AP-MS
KrasS17N	MRAP2	TbID	no	NA	NA	NA	1.13550831986272	0.00116957498285818	TbID
KrasG12V	MRAP2	TbID	no	NA	NA	NA	1.1297967827103	0.00134582255517013	TbID
KrasG12D	MRAP2	TbID	no	NA	NA	NA	0.810810363613219	0.0102989183604501	TbID
KrasWT	MRAP2	TbID	no	NA	NA	NA	0.837716507314989	0.00984972287368704	TbID
MEK2DD	MRC2	AP-MS	no	recycling_endosome	1.01721041815464	0.00506124134771223	0.018208866904467	0.925136021791452	AP-MS
ERK2WT	MRTFA	core	yes	actin_cytoskeleton	1.02540353283268	1.33510897661134e-07	0.988186179087175	5.65441704423e-09	Both
ERK2WT	MRTFB	core	no	actin_cytoskeleton	0.99447997370088	0.00655580807998533	1.69606620214409	1.18548804598788e-10	Both
ERK1WT	MRTFB	TbID	no	actin_cytoskeleton	0.328680753863615	0.321055525292144	1.36252369805815	1.63323871840088e-08	Both
ERK2AA	MRTFB	TbID	no	actin_cytoskeleton	-0.08006569814839	0.831004390540428	0.946391457397621	4.42969369116865e-08	Both
ERK1AA	MRTFB	TbID	no	actin_cytoskeleton	0.19114413016101	0.585295100361008	0.913888662086811	3.36709940826111e-08	Both
ERK1DD	MRTFB	TbID	no	actin_cytoskeleton	-0.0177441863979224	0.967874866147957	1.01523185759422	6.07343333425568e-08	Both
ERK2DD	MRTFB	TbID	no	actin_cytoskeleton	0.0446725874429613	0.893480586039683	1.41225387196134	3.5933595780188e-10	Both
BrafG469A	MRTO4	TbID	no	nucleus	-0.152044937679628	0.859306642578796	0.944960994979209	4.71493810220261e-08	TbID
Raf1S257L	MRTO4	TbID	no	nucleus	0.203830471713276	0.774658177419337	1.0326043466165	2.58675677890109e-08	TbID
KrasS17N	MSANTD2	AP-MS	no	nucleus	1.1487105916585	0.00168222940895649	NA	NA	AP-MS
KrasG12V	MSANTD2	AP-MS	no	nucleus	1.35633782134784	6.37269827005497e-05	NA	NA	AP-MS
KrasG12D	MSANTD2	AP-MS	no	nucleus	1.27776916528264	0.000197560766026284	NA	NA	AP-MS
ArafS214P	MSANTD2	AP-MS	no	nucleus	1.18061402098343	0.00510372175493649	0.32699807426344	0.506849230395119	AP-MS
NrasS17N	MSANTD7	TbID	no	nucleus	NA	NA	0.770031257447957	2.0693263058485e-07	TbID
NrasQ61R	MSANTD7	TbID	no	nucleus	NA	NA	1.05025454840209	2.06466327161725e-08	TbID
ERK2AA	MSANTD7	TbID	no	nucleus	NA	NA	0.866065592829519	4.68082718929259e-08	TbID
HrasS17N	MSANTD7	TbID	no	nucleus	NA	NA	1.14424966437416	3.70968678028901e-09	TbID
NrasQ61R	MSH3	shared	yes	nucleus	0.605508831615721	0.000298007079930044	0.79647935074616	2.57999717320707e-09	TbID
Raf1S259F	MSI1	shared	no	stress_granule	1.29949999406274	1.70402908354292e-07	0.544563893623211	0.000170059295102463	AP-MS
NrasQ61R	MSRB2	AP-MS	no	mitochondrion	1.04240566965421	2.38396350738754e-05	-0.218364117296987	0.12648483828173	AP-MS
HrasWT	MTAP	shared	yes	cytosol	0.4116498980382	0.0020588978500616	0.980530414695091	5.7909181598181e-07	TbID
ArafWT	MTCL1	AP-MS	no	NA	1.1758508979818	1.00646940194315e-05	-0.0182605864657945	0.818411101211472	AP-MS
Raf1S257L	MTCL2	AP-MS	no	NA	1.19680866418626	1.77574605750152e-07	-0.182934053705705	0.0012562507616228	AP-MS
Raf1S259F	MTCL2	AP-MS	no	NA	1.34044285849544	1.03425828265435e-06	0.0543620306479559	0.214849300974324	AP-MS
ArafWT	MTCL2	AP-MS	no	NA	1.91958624728539	1.79810714540514e-09	0.0843591188279409	0.0748448212701513	AP-MS
ArafS214P	MTCL2	AP-MS	no	NA	1.28011958222271	1.04820626303442e-06	-0.139216730011346	0.00787991460757679	AP-MS
HrasQ61R	MTF1	TbID	no	NA	0.281432104383112	0.341363002042268	0.776327827704015	2.39035622866978e-05	TbID
HrasWT	MTF1	TbID	no	NA	-0.0280390829333099	0.940822655700176	1.03487739103851	2.57421649021882e-05	TbID
HrasS17N	MTFP1	TbID	no	nucleus	0.0686031075536126	0.706416370072231	0.820791945472739	2.40696403317139e-07	TbID
NrasQ61R	MTFR1L	AP-MS	no	mitochondrion	1.16233361602858	5.11201318769313e-06	0.0850481932641255	0.220039944213568	AP-MS
ArafWT	MTHFD2L	AP-MS	no	NA	1.71086748128663	0.000699093091181978	NA	NA	AP-MS
KrasG12V	MTHFR	AP-MS	yes	ER	0.801679246052409	2.30746094184402e-07	NA	NA	AP-MS
KrasWT	MTHFR	AP-MS	yes	ER	0.8441653957867	3.66183691093238e-06	NA	NA	AP-MS
KrasG12D	MTHFR	AP-MS	yes	ER	0.842987586897156	7.55290336578168e-07	NA	NA	AP-MS
KrasS17N	MTHFR	AP-MS	yes	ER	0.792242795724212	5.4103033774792e-06	NA	NA	AP-MS
Raf1S257L	MTHFR	AP-MS	yes	ER	1.76218280223617	1.44253730629017e-06	NA	NA	AP-MS
MEK2DD	MTMR6	TbID	no	trans-Golgi	0.128452871867747	0.268518467269318	0.928216062406586	4.51254227391294e-08	TbID
ArafS214P	MTR	AP-MS	yes	cytosol	1.31512716269485	4.10209301226947e-06	-0.217402287939349	0.0108302311713148	AP-MS
Raf1D486A	MTR	AP-MS	yes	cytosol	1.21949576885203	7.80065753980288e-07	0.126616494472856	0.108830266325777	AP-MS
ArafWT	MTR	AP-MS	yes	cytosol	1.54135761623406	4.09931554158888e-08	-0.476806472977367	2.5335859335763e-05	AP-MS
ArafD447A	MTR	AP-MS	yes	cytosol	1.83168656827044	1.91879919185749e-08	-0.15322004438587	0.0519420259890871	AP-MS
MEK1WT	MTRR	TbID	yes	cytosol	-0.320556168713923	0.357528034454707	0.903656273604312	2.76581895106814e-07	TbID
MEK2DD	MTRR	shared	yes	cytosol	0.831585437319647	0.00298390515279109	1.82433055516886	3.99961371556997e-10	TbID
MEK2AA	MTRR	TbID	yes	cytosol	0.271137268219319	0.60951158755148	1.16956460335034	1.76601316594609e-08	TbID
Raf1S259F	MTUS2	AP-MS	no	NA	1.28801592678749	0.00387819734760348	NA	NA	AP-MS
BrafV600E	MTUS2	AP-MS	no	NA	1.35585106339463	0.00347453399297665	NA	NA	AP-MS
MEK2DD	MTX2	AP-MS	yes	mitochondrion	1.13514965363689	4.71295468170826e-05	-0.0629083372784688	0.41637899233613	AP-MS
Raf1S257L	MUC5B	TbID	yes	NA	-0.0195114639699705	0.969939249495727	0.843167555304516	0.00101503846145856	TbID
HrasG13R	MYDGF	TbID	no	ER	0.198591633127343	0.465609199332103	1.07869196037672	0.000107721846758639	TbID
Raf1D486A	MYH10	shared	no	actin_cytoskeleton	0.28171264711711	0.00189870635719523	1.02296694344884	2.77444508231823e-05	TbID
Raf1D486A	MYH14	TbID	yes	cytosol	0.261619773902823	0.3109726517439	0.909201186614461	4.001388465789e-06	TbID
BrafG469A	MYH9	shared	yes	actin_cytoskeleton	0.541657004498304	0.00076913714223495	0.985621980923252	5.10930903875966e-05	Both
Raf1D486A	MYH9	shared	yes	actin_cytoskeleton	0.190746985632862	0.0320952476085033	1.18065502270342	1.05507724090687e-05	Both
HrasG13R	MYH9	shared	yes	actin_cytoskeleton	0.506307230740617	0.00374704881210234	0.915914360824003	0.000120520573944601	Both
HrasQ61R	MYH9	shared	yes	actin_cytoskeleton	0.346390570814698	0.0136105023918777	0.942183960695691	5.83637822698244e-05	Both
ERK2WT	MYH9	AP-MS	yes	actin_cytoskeleton	1.06237247693975	1.43787439573673e-07	-0.0296436651897593	0.872395469041223	Both
Raf1D486A	MYL1;MYL3	TbID	yes	NA	NA	NA	0.985886034081813	0.0012204963180041	TbID
Raf1D486A	MYL6	TbID	no	actin_cytoskeleton	0.118364935452525	0.470945869570308	1.01585474736186	4.92284763858035e-06	TbID
HrasQ61R	MYL6	TbID	no	actin_cytoskeleton	0.0467543026852992	0.8229619318784	0.867204113827231	1.93635930857924e-05	TbID
MEK2DD	MYL6B	AP-MS	no	cytosol	1.25460964710372	0.00181078056031584	-0.112017822520387	0.114987842731971	AP-MS
Raf1S257L	MYO10	shared	no	plasma_membrane	1.62549001320737	7.72802697222979e-10	0.534862137294167	1.78121871776627e-06	Both
ArafS214P	MYO10	shared	no	plasma_membrane	1.43468062159524	5.16671947808957e-07	0.662865135784737	1.84901902474162e-07	Both
BrafV600E	MYO10	shared	no	plasma_membrane	0.876827307246412	1.57542838416016e-06	1.03888588956447	3.04157945663773e-09	Both
Raf1S259F	MYO10	shared	no	plasma_membrane	2.00659487095045	7.45675033954993e-07	0.830266924490371	1.11180006093641e-08	Both
NrasQ61R	MYO19	shared	no	mitochondrion	1.04814156693404	2.04700156573168e-05	0.361128357103472	6.29356697247301e-05	AP-MS
ArafWT	MYO1B	shared	no	plasma_membrane	0.214369329527063	0.0419629559822255	1.2027854461081	5.40999398795546e-08	TbID
KrasWT	MYO1C	TbID	no	plasma_membrane	-0.0980459046643123	0.0548469143238652	0.861493955887141	1.76114695235035e-07	TbID
ArafWT	MYO1C	TbID	no	plasma_membrane	0.191287873633579	0.363319965589322	0.866354962323818	1.03219646888491e-08	TbID
Raf1D486A	MYO1D	shared	no	plasma_membrane	0.837157688394432	0.00016083290317419	0.886450590956951	1.37209544969425e-08	TbID
MEK2DD	MYO1E	shared	yes	cytosol	0.644656575666725	0.0262344221443821	1.03634753777702	4.64483353650852e-10	TbID
MEK2DD	MYOM2	AP-MS	no	NA	1.8839965469136	0.00191682441911433	-1.21224949397872	1.17146106905315e-07	Both
HrasWT	MYOM2	TbID	no	NA	-0.059155351778185	0.908161636261986	0.777482801122518	3.82362494010474e-05	Both
NrasQ61K	MYPN	TbID	yes	NA	NA	NA	1.66591779842739	0.00721243407636303	TbID
MEK2DD	MYPN	TbID	yes	NA	NA	NA	2.33084013166316	0.000353199453675868	TbID
MEK2WT	MYPN	TbID	yes	NA	NA	NA	1.40332547553361	0.0155990914626198	TbID
ERK1AA	MYPN	TbID	yes	NA	NA	NA	1.3906184420613	0.0181105948527304	TbID
ERK1WT	MZT1	shared	no	unclassified	2.10840318045548	2.26179438822848e-06	0.361354542360099	0.000379706284521009	Both
ArafD447A	MZT1	shared	no	unclassified	1.34461918750093	4.91577641036125e-05	0.931318479340394	4.20674461730966e-08	Both
BrafV600E	MZT1	TbID	no	unclassified	0.292280407808146	0.261106697153942	0.948800126717659	2.74602843430969e-09	Both
ArafS214P	MZT1	shared	no	unclassified	1.39374047391635	4.60961807949771e-05	0.641640969132653	1.87953802580676e-07	Both
ERK2WT	MZT1	shared	no	unclassified	2.50263499965682	1.49159954519157e-07	0.346860810733446	0.000595230031216827	Both
ArafWT	MZT1	shared	no	unclassified	1.43993224262962	3.24718989343144e-05	0.786498331623713	8.09190936941645e-08	Both
ERK1WT	MZT2B	core	no	unclassified	2.12964218359533	4.74139097925193e-08	0.91280984465682	3.19515821492735e-05	Both
ERK2WT	MZT2B	shared	no	unclassified	1.8769063504253	5.74161829928216e-07	0.786083275257289	5.15197296491771e-05	Both
KrasS17N	N4BP2L1	TbID	no	NA	NA	NA	0.890280320160034	0.0447955897327203	TbID
NrasQ61R	N4BP2L1	TbID	no	NA	NA	NA	0.814068681320134	1.22762443329235e-05	TbID
KrasG12D	N4BP2L1	TbID	no	NA	NA	NA	0.943521387477113	0.0376690923075637	TbID
ERK2AA	N4BP3	shared	no	NA	1.05237828497132	4.76737507052456e-06	0.29867830072549	0.0228002190601201	Both
HrasS17N	N4BP3	shared	no	NA	1.19138861925831	5.03746033150259e-07	0.64389737975952	5.58104583430798e-05	Both
Raf1S259F	N4BP3	core	no	NA	1.38420811979709	3.51931522157538e-07	0.981774202315769	7.4923842983269e-07	Both
BrafV600E	N4BP3	shared	no	NA	1.18501986989853	1.93855580168831e-06	0.748687783750601	1.42537607368394e-05	Both
ERK1AA	N4BP3	AP-MS	no	NA	0.97288622219968	4.37476097937558e-05	0.0988058667620476	0.422744528544197	Both
Raf1S257L	N4BP3	shared	no	NA	1.31872066680107	3.39042577818007e-08	0.770826054521522	2.45190968436138e-05	Both
ArafD447A	NAA15	TbID	yes	cytosol	-0.0127423451698469	0.916802729209802	0.968093828973957	5.27230509390819e-08	TbID
BrafWT	NAA15	shared	yes	cytosol	0.215627494743835	0.0233077885674972	0.962768167759266	2.54032647746477e-08	TbID
ArafWT	NAA15	TbID	yes	cytosol	0.122015476677738	0.135439169032252	0.850935783873142	3.42725539706657e-08	TbID
BrafV600E	NAA15	TbID	yes	cytosol	0.0126634631285806	0.905609858568863	0.852516905858658	2.55927225644319e-08	TbID
BrafG469A	NAA15	shared	yes	cytosol	0.176386765658955	0.0426786252661316	0.898706814867319	1.10261932315535e-08	TbID
Raf1S259F	NAA15	TbID	yes	cytosol	0.0921001371890939	0.35433911149064	1.14545495002595	7.59672284825541e-10	TbID
HrasG13R	NAA16	TbID	no	stress_granule	0.447812542258018	0.391284562709648	0.923900464332132	4.31888366169738e-05	TbID
ArafWT	NAA20	shared	yes	translation	1.28168985506425	0.000547289846590475	0.356123118578403	0.00236755651148813	AP-MS
Raf1S257L	NAA20	shared	yes	translation	1.31774893177445	0.000380158227001023	0.509676300445629	0.000132990679290044	AP-MS
Raf1S259F	NAA20	shared	yes	translation	1.2847757067962	0.000573280911419512	0.517075319757917	7.45282822395935e-05	AP-MS
ArafS214P	NAA20	shared	yes	translation	1.24624292535549	0.000634647947654248	0.344164473423743	0.00205066772682069	AP-MS
ArafD447A	NAA20	shared	yes	translation	1.34540526438604	0.00068190583104231	0.48118274861663	0.000132471200639038	AP-MS
MEK2DD	NAA50	TbID	no	stress_granule	-0.251862199682703	0.490936071237703	1.14320944950215	1.04802857560308e-10	TbID
Raf1S259F	NAA60	TbID	no	Golgi	NA	NA	1.67245044891536	7.84688851674265e-09	TbID
BrafG469A	NAA60	TbID	no	Golgi	NA	NA	1.81718012889215	6.90581487530874e-09	TbID
MEK1DD	NAA60	TbID	no	Golgi	NA	NA	1.45186113351376	2.15102891995732e-07	TbID
Raf1S257L	NAA60	TbID	no	Golgi	NA	NA	1.45548271319461	2.72463369145516e-08	TbID
MEK1DD	NAB1	AP-MS	no	nucleus	2.30736240999707	8.7631454736597e-09	-0.754672069629134	8.18632239283502e-06	AP-MS
Raf1S259F	NAB1	AP-MS	no	nucleus	1.82246135211525	2.19361645641154e-07	-0.335028110473935	0.00188293477492334	AP-MS
BrafV600E	NAB1	AP-MS	no	nucleus	1.75463214270445	2.0031688034119e-07	-0.691723384547212	2.93469823741237e-06	AP-MS
BrafG469A	NAB1	AP-MS	no	nucleus	1.77295077052816	9.47764017687715e-07	-1.67911148329609	6.70445869781601e-10	AP-MS
MEK2DD	NAB1	shared	no	nucleus	2.22769914450828	2.24889174646432e-08	0.402768036160516	0.00107020347356127	AP-MS
Raf1S257L	NAB1	AP-MS	no	nucleus	1.28227365235382	1.46994255720425e-06	-0.338775835557008	0.00214762197408811	AP-MS
ArafS214P	NAB1	AP-MS	no	nucleus	1.44854701552371	6.02994397351155e-07	-1.47471094016379	2.68887972272921e-09	AP-MS
MEK2DD	NAB2	shared	yes	unclassified	1.16369887004483	0.00195876910832659	0.355085022501637	0.00331835333453828	AP-MS
MEK1DD	NAB2	shared	yes	unclassified	1.36591190150461	0.000965201001206125	0.447126508344821	0.000357241861650064	AP-MS
BrafG469A	NAB2	shared	yes	unclassified	1.40789392174804	0.000464864096797711	0.509220826998878	0.000144602685859717	AP-MS
Raf1S259F	NAB2	shared	yes	unclassified	1.24614716401672	0.00115071214723082	0.494518614494329	9.60213969193938e-05	AP-MS
MEK2DD	NACA	TbID	no	translation	-0.747561061146441	0.209296599027294	1.06643222735574	6.80371872167117e-10	TbID
ArafD447A	NAMPT	TbID	yes	cytosol	-0.0400428222865747	0.864635478075124	0.849015919828742	9.4515417705645e-08	TbID
ArafWT	NANS	AP-MS	yes	cytosol	1.21399638080891	9.94277384665257e-06	-0.687000225548867	2.89205785923277e-06	AP-MS
MEK2DD	NAP1L4	shared	no	cytosol	0.347097360879931	0.0399663443173698	0.933682405200775	1.6530274219445e-08	TbID
MEK2DD	NAT1	shared	yes	cytosol	1.09732786015018	1.96687687527569e-05	0.437407159931092	4.71789174351832e-05	AP-MS
ArafD447A	NAT9	TbID	no	cytosol	NA	NA	1.00280531876106	1.28406534803819e-06	TbID
HrasS17N	NBDY	AP-MS	no	cytosol	1.74925067671345	0.0125685403907147	NA	NA	AP-MS
HrasS17N	NBN	shared	yes	nucleus	0.597694058493768	0.000814764561161412	0.901471148029283	4.28504849320078e-05	TbID
MEK2AA	NCK1	TbID	no	cytosol	-0.216891698159463	0.424208339273834	0.953415996640565	6.78625421632232e-08	TbID
ERK1WT	NCKAP5L	shared	no	NA	0.372331087792231	0.0285645275480992	0.842783790476357	2.50308831305652e-07	TbID
ERK2AA	NCKAP5L	shared	no	NA	0.696186400448868	0.000219203796668776	1.03973874505287	6.7588394202669e-08	TbID
ERK2WT	NCKAP5L	shared	no	NA	0.44666470272304	0.00832089569033224	1.15936696106411	1.57325251826522e-09	TbID
MEK2DD	NCKAP5L	TbID	no	NA	-0.269045106325047	0.0495677828790784	1.24933846516445	1.92636732972615e-10	TbID
MEK2DD	NCOA4	TbID	yes	cytosol	0.00471008265361447	0.975800381576126	0.93743484016071	4.75854904053778e-09	TbID
MEK1DD	NDRG1	shared	yes	cytosol	1.12317475068115	3.3987771567718e-06	0.344166597319324	0.00168600663030826	AP-MS
Raf1S257L	NDRG2	TbID	no	cytosol	NA	NA	1.45377551571136	7.3271002773159e-05	TbID
HrasG13R	NDRG2	TbID	no	cytosol	NA	NA	0.82037337831858	0.0181567390685234	TbID
MEK2WT	NDRG2	TbID	no	cytosol	NA	NA	1.13256026426292	0.00063700718131626	TbID
MEK1WT	NDRG2	TbID	no	cytosol	NA	NA	0.940130152858658	0.00188167963701232	TbID
MEK1AA	NDRG2	TbID	no	cytosol	NA	NA	0.987220204409519	0.00172669012046638	TbID
HrasS17N	NDRG2	TbID	no	cytosol	NA	NA	1.01655078849846	0.0198073521819965	TbID
NrasS17N	NDRG2	TbID	no	cytosol	NA	NA	0.907280616412499	0.00662093223155815	TbID
NrasQ61R	NDRG2	TbID	no	cytosol	NA	NA	1.31005464485846	0.00023587677463739	TbID
ERK2AA	NDRG2	TbID	no	cytosol	NA	NA	1.28482604944184	0.000294976430802536	TbID
MEK2AA	NDRG2	TbID	no	cytosol	NA	NA	1.22221021997552	0.000320561733085791	TbID
HrasWT	NDRG2	TbID	no	cytosol	NA	NA	1.07177464401434	0.00279815929364191	TbID
NrasQ61K	NDRG2	TbID	no	cytosol	NA	NA	1.34415988509185	0.00034131643274309	TbID
HrasG13R	NEBL	shared	yes	NA	1.18832698168332	0.00196806051110025	0.336169622729893	2.01349375526897e-05	AP-MS
ERK2WT	NECAP1	shared	yes	plasma_membrane	0.349672172753909	0.0128724931596784	0.901912115130958	5.24443045061342e-07	TbID
ArafS214P	NECTIN2	TbID	yes	plasma_membrane	-0.816494192962749	0.000322054224931623	0.894163913133518	6.27370816185978e-08	TbID
ArafS214P	NECTIN3	TbID	no	plasma_membrane	NA	NA	2.3425397037968	3.66023677945152e-07	TbID
ERK1WT	NEDD1	shared	no	unclassified	1.01881963344469	0.000179110165729158	0.158763602311839	0.0330444289200412	AP-MS
MEK1WT	NEDD9	TbID	no	NA	NA	NA	1.07820298234202	2.43224278353323e-07	TbID
MEK2AA	NEDD9	TbID	no	NA	NA	NA	1.29640437289126	5.16261066180123e-08	TbID
MEK2DD	NEDD9	TbID	no	NA	NA	NA	1.09892183106028	1.1466966819034e-07	TbID
MEK2WT	NEDD9	TbID	no	NA	NA	NA	1.1138638695672	1.75318814222239e-07	TbID
Raf1S257L	NEFL	shared	yes	actin_cytoskeleton	0.561085766397753	0.0245112843449959	1.01293733111512	2.00275995120648e-06	Both
HrasQ61R	NEFL	TbID	yes	actin_cytoskeleton	-0.260099293424291	0.333648362554993	1.78210437796511	1.309376877193e-07	Both
HrasG13R	NEFL	TbID	yes	actin_cytoskeleton	0.1325074607834	0.636278104856834	1.36933970883645	2.98804946205575e-07	Both
ArafS214P	NEFL	shared	yes	actin_cytoskeleton	0.772866909858801	0.0037001691418604	1.06826998576227	1.85861106366878e-05	Both
MEK1AA	NEFL	TbID	yes	actin_cytoskeleton	-0.116724701482578	0.743720686866264	0.96763311152714	4.63734197180585e-06	Both
ArafWT	NEFL	shared	yes	actin_cytoskeleton	1.18541980025574	0.000103855412063615	0.70448383983126	0.00017802986044694	Both
BrafWT	NEFL	TbID	yes	actin_cytoskeleton	0.182823033794701	0.516789623345464	1.12726754439049	1.35137078133506e-05	Both
NrasS17N	NEFL	TbID	yes	actin_cytoskeleton	-0.320320835285469	0.244027929886817	1.25487309275153	2.45885514341664e-06	Both
HrasS17N	NEFL	TbID	yes	actin_cytoskeleton	0.104525832677848	0.696806197176733	0.814970309580091	9.90884654913153e-05	Both
BrafD594N	NEFL	shared	yes	actin_cytoskeleton	0.639089970638958	0.0213244198134475	1.12378989252058	2.04050724369108e-05	Both
Raf1D486A	NEFL	TbID	yes	actin_cytoskeleton	0.152664968337968	0.554144486701463	1.48894158916413	4.56862201601061e-07	Both
ERK2AA	NEFL	TbID	yes	actin_cytoskeleton	-0.190592770654554	0.475956660880152	0.979221661217546	1.84692365993122e-05	Both
ERK2WT	NEK3	shared	no	unclassified	1.06494306082875	0.000182098807176719	0.544498167772068	1.12772886272359e-05	AP-MS
ArafWT	NEK8	TbID	yes	NA	-0.636257483606791	0.0539852362084769	1.44441514128009	2.2908288010727e-06	TbID
ERK1DD	NELFA	TbID	no	stress_granule	0.265689838817965	0.292120999202863	1.17932377147425	1.02632222929503e-08	TbID
ERK1WT	NELFA	TbID	no	stress_granule	0.172977591115645	0.515101369287047	1.0764423553756	2.10536225340311e-08	TbID
ERK1AA	NELFA	TbID	no	stress_granule	-0.019441250482151	0.945323489890618	0.928428619504426	1.08295796296317e-07	TbID
ArafS214P	NELFCD	shared	no	nucleus	1.27253572475555	5.03846816441737e-07	0.652822607059085	1.44663792177472e-08	AP-MS
NrasQ61R	NEMP1	shared	no	ER	1.02912324167297	8.00735780021303e-06	0.605771843183473	4.39811244873069e-07	AP-MS
ERK1AA	NEO1	core	no	plasma_membrane	1.05442614261935	9.77705890421958e-05	0.851540885379367	2.99443191346623e-07	Both
ERK2WT	NEO1	core	no	plasma_membrane	1.32252147387288	3.39221560622752e-05	1.00609114578437	2.23950652028191e-08	Both
ERK1WT	NEO1	core	no	plasma_membrane	1.62987758415172	3.74565463732592e-06	1.10679097899887	6.22726622380684e-08	Both
ArafS214P	NEO1	TbID	no	plasma_membrane	-0.148621504902801	0.442568385628522	1.08999921136885	6.18845208034569e-09	Both
MEK2DD	NEO1	TbID	no	plasma_membrane	0.257227945609914	0.17185605362141	0.939483339555912	5.47551598000644e-09	Both
ERK1DD	NEO1	shared	no	plasma_membrane	0.955387750271399	0.000576509375161212	1.13435374933559	4.82851052943332e-09	Both
HrasQ61R	NES	TbID	no	actin_cytoskeleton	NA	NA	1.137493031015	3.76375296407465e-08	TbID
HrasS17N	NET1	shared	no	unclassified	0.684999071074098	0.00653898888608828	0.803282314097241	3.1999786013232e-08	TbID
Raf1S259F	NEURL4	shared	no	ER	1.98534262821198	1.74462538985116e-07	0.194259220221887	0.00160347034646781	AP-MS
Raf1S257L	NEURL4	shared	no	ER	2.0312854290876	1.38002350698367e-10	0.180758438376893	0.00284553558101181	AP-MS
ArafS214P	NF2	TbID	yes	actin_cytoskeleton	-0.109100879572521	0.391560955486555	0.893419004842339	2.77793824266576e-08	TbID
MEK2DD	NFATC1	TbID	yes	nucleus	0.273169982149075	0.118804472074604	0.941844585016566	2.28433589909972e-07	TbID
NrasQ61K	NFE2L1	shared	no	NA	0.514584668603937	0.0359621695339302	0.816002492764145	0.0130792090380347	TbID
HrasG13R	NFE2L1	TbID	no	NA	0.279136222125838	0.389255420239767	1.10116324209214	0.00115375094525756	TbID
Raf1S257L	NFE2L1	TbID	no	NA	0.236227480273587	0.305720360500485	0.84974303404886	0.0073393010561785	TbID
ArafS214P	NFE2L1	shared	no	NA	0.82306552161298	0.0011566217887708	0.926063247748433	0.00377652988573983	TbID
ERK2WT	NFE2L1	TbID	no	NA	0.318354595780017	0.226896027033413	1.04831318966095	0.00206776544037144	TbID
HrasQ61R	NFE2L1	TbID	no	NA	0.0529072537321641	0.884908110019548	0.828755067157826	0.00840000499508145	TbID
KrasG12D	NFU1	AP-MS	yes	mitochondrion	1.08993916127462	7.26265727159896e-07	NA	NA	Both
HrasWT	NFU1	shared	yes	mitochondrion	1.43014833146173	6.37878603318327e-07	0.641541148623488	0.0150527921395769	Both
KrasG12V	NFU1	AP-MS	yes	mitochondrion	0.97431751385284	1.11722747138132e-07	NA	NA	Both
KrasS17N	NFU1	AP-MS	yes	mitochondrion	0.802964822804199	0.000190830525312892	NA	NA	Both
HrasQ61R	NFU1	core	yes	mitochondrion	1.0711385005575	8.23095601784919e-05	0.787971960053014	0.000855788000573926	Both
KrasWT	NFU1	AP-MS	yes	mitochondrion	0.901602909601392	2.66062109135098e-06	NA	NA	Both
HrasQ61R	NFYB	TbID	no	nucleus	NA	NA	0.808913328060338	0.000406266964135979	TbID
HrasS17N	NHERF2	core	yes	recycling_endosome	1.44044485708126	7.92749419991486e-07	1.16075236083507	1.82727138439945e-06	Both
MEK2DD	NHSL2	TbID	no	unclassified	NA	NA	1.11190690599409	9.86683337440182e-05	TbID
HrasG13R	NHSL3	AP-MS	no	NA	1.08579175204485	0.000469778461656802	-0.122849451088381	0.068627218402623	AP-MS
MEK1DD	NHSL3	AP-MS	no	NA	1.0466513651089	0.00077851835897892	0.0511737326679354	0.465632160699633	AP-MS
HrasS17N	NHSL3	AP-MS	no	NA	1.37676033419709	1.02975837877363e-05	-0.360805740895463	6.60532060859134e-05	AP-MS
KrasG12V	NID1	shared	no	early_endosome	0.207868128268769	0.00449792181865982	0.828809704971158	6.64573756662728e-07	TbID
KrasS17N	NID1	shared	no	early_endosome	0.142253713061603	0.0215915029327578	0.869227879106825	6.7349078009698e-08	TbID
ArafD447A	NISCH	AP-MS	no	early_endosome	1.38931204655297	5.00793024638232e-10	-0.0679701414899888	0.264897490371446	AP-MS
Raf1S259F	NISCH	AP-MS	no	early_endosome	2.14936588280649	1.32674892166621e-07	-0.127192900348147	0.0329414070497629	AP-MS
Raf1WT	NISCH	AP-MS	no	early_endosome	1.48325467184612	6.5619327721633e-10	-0.298460966096859	0.000129108007339424	AP-MS
ArafS214P	NISCH	shared	no	early_endosome	2.07724468364077	1.60643771287605e-08	0.491086607356657	1.42065512835353e-06	AP-MS
Raf1S257L	NISCH	AP-MS	no	early_endosome	2.22736980575267	3.22505844508043e-12	-0.146155556252732	0.0316847218288133	AP-MS
Raf1D486A	NISCH	AP-MS	no	early_endosome	1.84596065624689	2.84605717111967e-11	-0.0274786298481509	0.648011419024093	AP-MS
ArafWT	NISCH	AP-MS	no	early_endosome	2.09345154976058	9.99657126278127e-12	0.0973268544457127	0.108387737594382	AP-MS
ERK1DD	NKAPL	AP-MS	no	NA	1.23428892522682	0.00451425488139839	NA	NA	AP-MS
MEK1DD	NKAPL	AP-MS	no	NA	1.57928888652352	0.000778518605116671	NA	NA	AP-MS
NrasWT	NKAPL	AP-MS	no	NA	1.04108944196201	0.0112977256576322	NA	NA	AP-MS
MEK1DD	NKIRAS1	TbID	no	cytosol	0.249965799557614	0.0892766844629385	0.979008343679249	1.33079790077258e-09	TbID
Raf1D486A	NLE1	TbID	no	unclassified	0.0216644424159819	0.915122500497079	1.38912549275865	6.33072528598793e-06	TbID
ERK2AA	NLGN4Y	AP-MS	no	NA	1.18293353443854	0.000135615690474381	NA	NA	AP-MS
ERK2WT	NLGN4Y	AP-MS	no	NA	1.19938143357864	0.000346850410775933	NA	NA	AP-MS
BrafV600E	NLRP10	AP-MS	no	NA	1.94279934792158	1.04250410426327e-06	NA	NA	AP-MS
BrafG469A	NLRP10	AP-MS	no	NA	1.76487501025971	1.10189162488074e-06	NA	NA	AP-MS
Raf1S259F	NMU	TbID	yes	NA	-0.236534668725297	0.23799465818946	1.89443512049508	1.92294356338465e-07	TbID
MEK1DD	NMU	TbID	yes	NA	-0.665781769818801	0.00337798483557745	1.28495462564181	1.25366025984083e-05	TbID
ArafWT	NMU	TbID	yes	NA	-0.369418800129459	0.0584464808495071	1.50965713120258	3.69829013833266e-06	TbID
Raf1S257L	NOL10	TbID	no	nucleolus	0.4248684771064	0.136585536502541	0.859938759158404	9.32254557729968e-07	TbID
ERK2WT	NOTCH1	AP-MS	yes	plasma_membrane	1.27665400112655	6.84731934972611e-05	0.00612872786122107	0.957490411637688	AP-MS
ERK1WT	NOTCH1	AP-MS	yes	plasma_membrane	1.06149567028676	0.000378628350243395	0.118046923838794	0.15439196872548	AP-MS
ERK2AA	NOTCH3	AP-MS	yes	Golgi	1.06931904806953	1.08668822039947e-05	0.593438518384068	0.22970056498227	AP-MS
NrasQ61R	NOTCH3	AP-MS	yes	Golgi	2.05479167943926	1.88025994321418e-08	0.362866125713362	0.443705752389527	AP-MS
HrasS17N	NOTCH3	AP-MS	yes	Golgi	1.32396238191996	2.06856437020675e-06	-0.119790157648223	0.796050962861369	AP-MS
Raf1S257L	NOVA2	TbID	no	14-3-3_scaffold	NA	NA	1.67898576887142	0.0163556282602248	TbID
ERK2DD	NOVA2	TbID	no	14-3-3_scaffold	NA	NA	1.82395798675473	0.0121909561563127	TbID
HrasG13R	NOVA2	TbID	no	14-3-3_scaffold	NA	NA	1.71383589790846	0.0181170355426186	TbID
HrasQ61R	NOVA2	TbID	no	14-3-3_scaffold	NA	NA	1.64601102212899	0.0241324155339201	TbID
MEK1DD	NPPC	AP-MS	yes	NA	1.69870478835912	4.97190460543425e-06	NA	NA	AP-MS
BrafG469A	NPPC	AP-MS	yes	NA	1.54301719840685	8.91461213299292e-06	NA	NA	AP-MS
Raf1S257L	NPPC	AP-MS	yes	NA	1.35482451769135	1.56120858136657e-05	NA	NA	AP-MS
BrafV600E	NPPC	AP-MS	yes	NA	1.56494031417605	5.36945845436074e-06	NA	NA	AP-MS
Raf1D486A	NPTN	TbID	no	plasma_membrane	-1.98857750654773	7.33375120275455e-06	1.5548070961891	0.000955749947043633	Both
MEK2DD	NPTN	shared	no	plasma_membrane	1.29108794429219	0.000140169277786466	1.01243327365658	0.0166200652376177	Both
BrafG469A	NPTX2	AP-MS	no	NA	1.52370835583791	0.000256415740920321	0.182657742611023	0.236176340709059	AP-MS
MEK1DD	NPTX2	shared	no	NA	1.31450469918994	0.000800305414405686	0.393658151501471	0.0123304254859476	AP-MS
MEK2DD	NPTX2	AP-MS	no	NA	1.48116493682605	0.000187517677653762	-0.0306333529523662	0.835183684694686	AP-MS
ArafD447A	NR2F1	shared	yes	nucleus	1.51450383751999	0.000432292633844435	0.634556036518041	6.06014285922876e-06	AP-MS
BrafWT	NR2F1	shared	yes	nucleus	1.54343815233496	0.000869930395213046	0.543132470032258	5.33432195185988e-05	AP-MS
Raf1S257L	NR2F1	shared	yes	nucleus	1.43203272015482	0.000465834878051019	0.249205401554085	0.0153967679112343	AP-MS
ArafWT	NR2F1	shared	yes	nucleus	1.70747776764178	0.000230149640480002	0.80206818971665	6.8545116408946e-07	AP-MS
KrasWT	NR2F2	TbID	no	nucleus	0.0400173045104211	0.531056400822399	0.830227068139189	2.75411739837637e-06	TbID
KrasS17N	NR2F2	TbID	no	nucleus	-0.0821177343041519	0.210440987568732	0.78584660301491	3.04917955846753e-07	TbID
KrasG12V	NR2F2	shared	no	nucleus	0.119642117990592	0.0229152576246061	0.825880944746972	2.01046070620766e-06	TbID
ArafWT	NRAS	shared	yes	plasma_membrane	1.88670529348939	0.00807208562004635	0.869532556709621	1.52381880586002e-05	Both
Raf1D486A	NRAS	shared	yes	plasma_membrane	3.40076376657786	0.000135722862295227	0.713344812607207	6.11010441482734e-05	Both
BrafWT	NRAS	shared	yes	plasma_membrane	1.50673504250777	0.0423257008685825	0.979763317084748	9.39516260945967e-06	Both
KrasWT	NRAS	core	yes	plasma_membrane	2.18839652572939	7.30135391971926e-06	6.11571802585961	1.92836916556761e-08	Both
NrasS17N	NRAS	core	yes	plasma_membrane	7.88527104763606	3.2860023566527e-07	5.97870741016365	1.27235467253743e-13	Both
NrasQ61R	NRAS	core	yes	plasma_membrane	7.83441969792244	1.14413030385277e-07	6.42607861236934	1.91742672697512e-14	Both
KrasS17N	NRAS	core	yes	plasma_membrane	2.02834249056351	5.51748122871001e-07	5.65995260967261	1.45719504988242e-08	Both
KrasG12V	NRAS	core	yes	plasma_membrane	2.23104177092843	4.34187116582025e-07	5.72135087992781	1.39662373194774e-07	Both
HrasS17N	NRAS	core	yes	plasma_membrane	7.02709111923802	2.97940404384452e-07	4.80819737792824	7.96719076699288e-13	Both
NrasQ61K	NRAS	core	yes	plasma_membrane	8.12598180157186	1.77293343249951e-07	6.45585585216064	7.51073948251926e-14	Both
KrasG12D	NRAS	core	yes	plasma_membrane	2.24333908912042	5.22806860292029e-07	5.721653044891	4.46284059378076e-08	Both
HrasQ61R	NRAS	core	yes	plasma_membrane	7.50597791849464	7.54466808474421e-07	6.91718552467006	3.0158518581115e-14	Both
NrasWT	NRAS	core	yes	plasma_membrane	7.53589230920686	8.26914877195673e-07	6.17744279600148	1.07528805961536e-13	Both
HrasG13R	NRAS	core	yes	plasma_membrane	6.33405069270617	1.74718131552998e-05	4.83087974471933	1.75213656997651e-11	Both
HrasWT	NRAS	core	yes	plasma_membrane	7.45401150435623	5.73176036258601e-07	5.97865931728027	3.56544234455397e-09	Both
ArafWT	NRBP1	AP-MS	no	cytosol	1.2771222225538	4.91372898323748e-07	-0.437343420793266	0.000442640754814399	AP-MS
ArafD447A	NRBP2	AP-MS	no	NA	2.01130565396109	4.6767518239585e-05	-0.167825369360747	0.151281295137427	AP-MS
ArafWT	NRBP2	AP-MS	no	NA	2.55675731072655	1.11090070244467e-06	0.114586634896324	0.327776914361066	AP-MS
BrafG469A	NRGN	AP-MS	yes	cytosol	1.17847886698455	3.63605640514663e-05	NA	NA	AP-MS
Raf1D486A	NRP1	shared	yes	plasma_membrane	0.747277419057758	0.00632434476380425	1.26747515207083	8.46669787873717e-05	TbID
HrasS17N	NRXN2	TbID	yes	NA	NA	NA	1.07998889212639	6.91985721339003e-07	TbID
BrafD594N	NT5C	AP-MS	no	mitochondrion	1.60404195795491	0.000357326993365894	NA	NA	AP-MS
Raf1WT	NT5C	AP-MS	no	mitochondrion	1.21256955458867	0.00279554682563252	NA	NA	AP-MS
ArafD447A	NT5C	AP-MS	no	mitochondrion	1.33739780634512	0.000381569475896464	NA	NA	AP-MS
ArafWT	NT5C	AP-MS	no	mitochondrion	1.61529519969649	0.000127173568103449	NA	NA	AP-MS
KrasS17N	NT5C2	AP-MS	yes	cytosol	0.771716363323494	1.33142674896683e-05	-0.612477135251786	2.96535211480669e-06	AP-MS
MEK1DD	NTMT1	shared	no	cytosol	2.04587069361571	1.18177658311309e-07	0.362508326632502	1.75219823842707e-05	AP-MS
MEK1AA	NTMT1	shared	no	cytosol	2.84240551404435	1.61178534201539e-10	0.50501454579464	3.70476620787111e-07	AP-MS
MEK1WT	NTMT1	shared	no	cytosol	2.48691616575871	2.42223642768286e-09	0.221685670958516	0.000670993760089638	AP-MS
Raf1D486A	NTN1	TbID	no	ER	0.179697152911865	0.584232703074562	0.88162584759602	3.80523155990545e-07	TbID
Raf1S259F	NTN1	shared	no	ER	0.901713791394708	0.00391071255353626	1.00899285177469	1.45666152917926e-07	TbID
BrafV600E	NTN1	TbID	no	ER	0.497715732400858	0.106217212424425	1.0057987065678	1.32519589111655e-07	TbID
ArafD447A	NTN1	TbID	no	ER	0.14285041704351	0.692015331227191	0.850320422889892	7.22553023123678e-07	TbID
ArafS214P	NTN1	shared	no	ER	0.652680864027545	0.0212180168131731	1.01771544281952	8.33888633845679e-08	TbID
BrafG469A	NTN1	shared	no	ER	0.701404002646431	0.0317771488065311	1.22905440008094	2.07549689328158e-08	TbID
Raf1S257L	NTN1	shared	no	ER	1.00337932179565	0.00152832421047617	0.992483822618982	1.75047064411364e-07	TbID
Raf1S257L	NTS	TbID	yes	NA	NA	NA	1.42301852711868	0.000386595642499383	TbID
BrafG469A	NTS	TbID	yes	NA	NA	NA	2.10942318519964	7.25949422798878e-06	TbID
Raf1D486A	NTS	TbID	yes	NA	NA	NA	0.880022042016176	0.0110925020727649	TbID
MEK2DD	NTS	TbID	yes	NA	NA	NA	0.955902462317564	0.00658487978637746	TbID
BrafWT	NTS	TbID	yes	NA	NA	NA	0.86526494103912	0.0152670416390088	TbID
ERK2AA	NTS	TbID	yes	NA	NA	NA	0.920786640478195	0.0118461264708075	TbID
HrasWT	NTS	TbID	yes	NA	NA	NA	1.06996348298424	0.0104121111479917	TbID
MEK2WT	NTS	TbID	yes	NA	NA	NA	1.23228780339107	0.00158713503944754	TbID
Raf1WT	NTS	TbID	yes	NA	NA	NA	1.2164519882343	0.00126295031432009	TbID
ArafD447A	NTS	TbID	yes	NA	NA	NA	1.46749796757028	0.000275220045030093	TbID
BrafD594N	NTS	TbID	yes	NA	NA	NA	1.15923994830757	0.00272706239863437	TbID
MEK2AA	NTS	TbID	yes	NA	NA	NA	1.06158420655586	0.00359558739798148	TbID
MEK1DD	NTS	TbID	yes	NA	NA	NA	1.6079993334018	0.000174923234612709	TbID
MEK1WT	NTS	TbID	yes	NA	NA	NA	0.954515705866384	0.00790109400910925	TbID
ArafS214P	NTS	TbID	yes	NA	NA	NA	1.55016906679517	0.000197578816191909	TbID
MEK1AA	NTS	TbID	yes	NA	NA	NA	1.29845390096216	0.00103524410057007	TbID
Raf1S259F	NTS	TbID	yes	NA	NA	NA	1.48435538660804	0.000215998728895435	TbID
HrasQ61R	NTS	TbID	yes	NA	NA	NA	1.14062883983495	0.00299729155606262	TbID
BrafV600E	NTS	TbID	yes	NA	NA	NA	1.25788252495422	0.000931147670848188	TbID
NrasWT	NTS	TbID	yes	NA	NA	NA	1.01263893566297	0.00697099085956032	TbID
NrasQ61R	NUCKS1	TbID	no	cytosol	-0.0314204316779719	0.981258182317962	0.819062012439773	6.6067855018938e-05	Both
KrasWT	NUCKS1	AP-MS	no	cytosol	0.803757147933265	0.00895137660041942	0.0877680396339979	0.340175570436205	Both
ArafD447A	NUDC	shared	no	cytosol	0.568089334933806	7.29825030292941e-05	0.880285808501666	1.94997740480954e-06	TbID
ArafWT	NUDC	shared	no	cytosol	0.285774496773568	0.012569696653934	1.41474137527025	2.92738259791615e-08	TbID
ArafD447A	NUDCD2	shared	no	cytosol	0.602765099379747	0.00709518275051589	1.82647101938495	1.61611506340028e-10	Both
ArafWT	NUDCD2	core	no	cytosol	1.19068331567458	3.80550441314444e-05	2.30552620318241	1.39965461875975e-11	Both
Raf1D486A	NUDCD2	TbID	no	cytosol	0.28202374658728	0.216483843112578	1.55718796117595	2.74018509567941e-10	Both
ArafS214P	NUDCD2	TbID	no	cytosol	0.335798101549786	0.154125981120585	1.09998710093073	4.51994638934027e-09	Both
Raf1S257L	NUDCD2	TbID	no	cytosol	0.16359993243388	0.495171066346768	0.935770203721531	4.15701910037282e-08	Both
ArafD447A	NUDCD3	core	no	cytosol	1.52793921879019	1.211971536679e-08	0.928634788578021	2.83279924023134e-07	Both
ArafS214P	NUDCD3	shared	no	cytosol	1.19944183229235	1.77967490541352e-06	0.528771657054647	5.49032378036428e-05	Both
ArafWT	NUDCD3	core	no	cytosol	1.7098865070946	4.80624628258301e-09	1.20140168326947	1.90155444101629e-08	Both
BrafV600E	NUDT4B	TbID	no	NA	0.28808461262395	0.168801609857084	0.91978462687334	1.26136528214317e-07	TbID
BrafWT	NUDT4B	TbID	no	NA	0.249849017595438	0.290976089752126	0.851077743755712	2.00825893707658e-07	TbID
MEK2DD	NUDT4B	TbID	no	NA	0.249746181484177	0.239487781948146	0.907390134713333	4.09237653572177e-08	TbID
MEK2DD	NUDT5	shared	no	cytosol	0.555393698889021	0.00127872469414298	1.02302971365501	1.01060873468561e-07	TbID
MEK2AA	NUDT5	TbID	no	cytosol	0.303675118366967	0.136242662295121	1.05925501273339	2.01090589448165e-07	TbID
NrasQ61R	NUDT8	shared	no	mitochondrion	1.45196083033229	3.40765583963848e-07	0.451549862221344	0.000970009148215548	Both
ERK1DD	NUDT8	AP-MS	no	mitochondrion	1.02140844246988	0.000116341188077422	0.21551151233325	0.0757647051534222	Both
HrasS17N	NUDT8	core	no	mitochondrion	1.73381928476728	1.28395330481073e-07	1.14645101512415	4.58038068002706e-08	Both
ERK2WT	NUP58	shared	no	ER	0.674902248985893	6.84731934972611e-05	0.892369368475602	1.25748436784297e-08	TbID
Raf1S259F	NUS1	TbID	yes	ER	0.336791599956103	0.053392034007356	1.11047539135061	3.09787215634005e-09	TbID
BrafG469A	NUS1	TbID	yes	ER	0.235531017815901	0.139352454071103	1.04136089221157	1.52691085394772e-09	TbID
ArafWT	NUS1	TbID	yes	ER	0.173615937636892	0.226349244923655	0.867353223063648	5.24772621648552e-08	TbID
HrasS17N	NUS1	TbID	yes	ER	0.218843555015944	0.139557649388514	0.813960659136101	1.18797466486677e-07	TbID
KrasG12D	NUTF2	TbID	no	cytosol	0.0222749317506103	0.860149691109101	0.905680046945186	0.000168804233166415	TbID
KrasG12V	NUTF2	TbID	no	cytosol	-0.145029626204	0.131896672918966	0.932933919258414	0.00054539851722043	TbID
KrasS17N	NUTF2	TbID	no	cytosol	-0.046273202741447	0.73502098336471	0.796281305251479	0.000409428338715733	TbID
KrasWT	NUTF2	TbID	no	cytosol	-0.0473204601492139	0.695507093124669	0.810028979842193	0.00096691012586664	TbID
MEK2DD	OAF	AP-MS	no	NA	1.57144073098127	0.0332668443697765	NA	NA	AP-MS
HrasQ61R	OARD1	TbID	no	unclassified	NA	NA	1.17617999683398	0.00244763352765509	TbID
Raf1D486A	OAS3	shared	no	NA	0.962846419891986	0.000144343021320339	0.849421736585697	6.59619306645825e-09	Both
NrasS17N	OAS3	core	no	NA	1.09605841603966	0.000124201013393272	0.930975522495904	5.54023439696829e-08	Both
BrafD594N	OAS3	shared	no	NA	0.856088225639899	0.00143463546533777	0.985073432504061	7.42865315655407e-09	Both
HrasS17N	OAS3	shared	no	NA	0.678723603294536	0.00181261815073516	0.805093128724727	1.48764552378146e-08	Both
ArafS214P	OBI1	AP-MS	no	stress_granule	1.20549397736096	1.96305560979259e-07	-0.406478392754597	4.29299291121994e-06	AP-MS
Raf1S259F	OBI1	AP-MS	no	stress_granule	1.40647923548652	7.67232629609105e-07	-0.445970745100603	1.16908889237427e-06	AP-MS
ArafWT	OBI1	AP-MS	no	stress_granule	1.79837003137174	3.26592289801885e-10	-0.275830042153901	0.000186860011331894	AP-MS
Raf1S257L	OBI1	AP-MS	no	stress_granule	1.43029074772826	2.67328349136601e-09	-0.335880776817067	4.67465426665223e-05	AP-MS
ArafS214P	OBSL1	shared	yes	unclassified	1.21012173016715	5.98769097878948e-07	0.601464274758291	7.17733808966753e-09	AP-MS
Raf1S257L	OBSL1	shared	yes	unclassified	1.24173471111654	1.57182535644008e-09	0.50144135776117	2.33678739110198e-08	AP-MS
BrafG469A	OCC1	TbID	no	plasma_membrane	-0.453312505188153	0.191330409785742	1.25098799681649	1.13073561044541e-06	TbID
MEK1DD	OCC1	TbID	no	plasma_membrane	-0.095264831689583	0.751709723929434	0.927475338141955	5.66630782651105e-06	TbID
MEK2AA	OCIAD1	TbID	no	mitochondrion	0.241617254391778	0.101569535904119	1.0316746976061	2.1944344415456e-09	Both
BrafD594N	OCIAD1	AP-MS	no	mitochondrion	1.31148427569496	2.06454705569343e-07	0.00446686001280245	0.960390732368206	Both
Raf1S259F	OCIAD1	TbID	no	mitochondrion	-0.289164901077355	0.0154942402750869	1.32649648814099	2.81840433781108e-10	Both
Raf1D486A	OCIAD1	TbID	no	mitochondrion	-0.554403860527315	0.000127094156099455	0.925741638267337	6.66052490638986e-09	Both
Raf1S257L	OCIAD1	TbID	no	mitochondrion	-0.292311816977259	0.0135446328045753	1.31293471100893	2.92570618614923e-10	Both
BrafG469A	OCIAD2	TbID	no	NA	0.256661541622761	0.193617281762027	0.848865013299837	4.76077180949536e-07	Both
ERK1WT	OCIAD2	AP-MS	no	NA	1.024268358402	0.000267038078474152	-0.153007405970452	0.165246496335362	Both
ERK2WT	OCIAD2	AP-MS	no	NA	1.06534067867046	0.000239490510151664	-0.416338382797742	0.000723558228320981	Both
KrasG12D	OCLN	TbID	yes	plasma_membrane	0.0428704771306982	0.642908490330805	0.797943983504032	5.79526271452765e-06	TbID
KrasG12V	OCLN	TbID	yes	plasma_membrane	0.0749608103843702	0.353395388728256	0.77308738602181	8.56062210115775e-06	TbID
KrasWT	OCLN	TbID	yes	plasma_membrane	0.121211986763193	0.238710720079969	0.787954839748153	7.84132515224497e-06	TbID
MEK2DD	OCRL	shared	yes	early_endosome	0.246763145792337	0.0164959032876774	0.880739510054096	3.44856866698257e-08	TbID
MEK2DD	ODR4	shared	no	ER	1.04144642933642	4.33664771870998e-07	0.526177245132848	1.22966985696748e-07	Both
Raf1S259F	ODR4	shared	no	ER	0.870199146010055	4.31750191998761e-05	1.11753419004882	4.11976999077606e-10	Both
BrafWT	OGDH	AP-MS	yes	mitochondrion	1.18819751847309	4.20272947139226e-08	0.172355350290754	0.154853733494561	AP-MS
ERK1WT	OGFR	AP-MS	no	cytosol	1.01683660769431	5.53714592121518e-05	-0.0774019675195266	0.152716977843771	AP-MS
Raf1S259F	OGT	AP-MS	yes	unclassified	1.38934113292117	6.61900394694777e-07	-0.443026061341838	6.00757580574458e-06	AP-MS
KrasG12D	OLA1	AP-MS	no	cytosol	2.15488592195979	8.92026303192737e-10	-0.0291991228239041	0.637217624479127	AP-MS
KrasS17N	OLA1	AP-MS	no	cytosol	1.99359684706961	2.79358219258732e-08	-0.0130309647773323	0.817413067749125	AP-MS
KrasG12V	OLA1	AP-MS	no	cytosol	2.07126766409761	6.26496559732452e-10	0.016833228778788	0.775009499095324	AP-MS
KrasWT	OLA1	AP-MS	no	cytosol	1.99263052761201	7.04709499641257e-08	-0.0218508382863103	0.759006128528283	AP-MS
BrafD594N	OPHN1	AP-MS	yes	NA	1.33853506722858	0.00922828155109565	-0.227033809244427	0.0143942771443379	AP-MS
MEK1AA	OPHN1	shared	yes	NA	1.26368105445808	0.0148631956583077	0.200880446817152	0.0208821472977493	AP-MS
BrafD594N	ORC1	TbID	yes	nucleus	NA	NA	0.87330060704091	2.08787028093952e-06	TbID
BrafV600E	ORC1	TbID	yes	nucleus	NA	NA	1.0648570253617	9.56349471434334e-08	TbID
Raf1D486A	ORMDL1	TbID	no	ER	-0.917768759335981	0.000804022599838839	0.969209395625792	1.12097057954985e-05	TbID
BrafG469A	ORMDL2	TbID	no	NA	NA	NA	1.22787843076027	9.78669230912374e-08	TbID
Raf1D486A	ORMDL2	TbID	no	NA	NA	NA	1.45873601384664	2.87842788987471e-08	TbID
ERK2DD	ORMDL2	TbID	no	NA	NA	NA	0.996580892045563	1.55734918138903e-06	TbID
MEK1WT	ORMDL2	TbID	no	NA	NA	NA	0.882992476335311	1.31588036588095e-06	TbID
ERK2AA	ORMDL2	TbID	no	NA	NA	NA	1.35613605759076	1.07327664301966e-07	TbID
NrasQ61K	ORMDL2	TbID	no	NA	NA	NA	1.00756799234688	2.25425423276551e-06	TbID
BrafD594N	ORMDL2	TbID	no	NA	NA	NA	1.10412543842324	6.02720049312321e-07	TbID
Raf1WT	ORMDL2	TbID	no	NA	NA	NA	1.06634445504833	1.22662534611418e-06	TbID
Raf1S257L	ORMDL2	TbID	no	NA	NA	NA	1.57444455875777	4.79248532035851e-08	TbID
BrafV600E	ORMDL2	TbID	no	NA	NA	NA	1.10184440462502	1.83579162836165e-07	TbID
BrafWT	ORMDL2	TbID	no	NA	NA	NA	0.895093466615544	4.56895505075136e-06	TbID
HrasS17N	ORMDL2	TbID	no	NA	NA	NA	1.37905761344476	6.01217760058458e-08	TbID
NrasWT	ORMDL2	TbID	no	NA	NA	NA	0.805310928299842	3.958316108369e-05	TbID
MEK1DD	ORMDL2	TbID	no	NA	NA	NA	0.908765194299876	2.24582910770102e-06	TbID
NrasS17N	ORMDL2	TbID	no	NA	NA	NA	0.863061682411489	6.83668039682352e-06	TbID
HrasG13R	ORMDL2	TbID	no	NA	NA	NA	0.782679716969196	1.23762998356045e-05	TbID
BrafV600E	OS9	TbID	no	ER	-0.468248775595994	0.00178524448497974	0.882759011318644	0.033990602079149	TbID
MEK2DD	OS9	shared	no	ER	0.406165513557	0.00368085786752028	1.40485323831185	3.51001937569429e-05	TbID
Raf1WT	OS9	TbID	no	ER	0.231258815457524	0.07718950789665	0.908187898638316	0.00714296732535746	TbID
BrafWT	OS9	TbID	no	ER	-0.572232784586238	0.00179654571147679	0.88379473238303	0.049942551510196	TbID
ArafS214P	OS9	shared	no	ER	0.938676764106568	1.57627446730502e-05	1.784856948672	3.36858217519179e-06	TbID
ArafWT	OS9	shared	no	ER	0.729391034486105	3.26417913559617e-05	2.18409954531056	6.48636901967282e-07	TbID
ArafD447A	OS9	shared	no	ER	0.453221743703421	0.00414076854376314	1.91404626379858	2.11483593951706e-06	TbID
HrasS17N	OS9	TbID	no	ER	-0.966363491941606	4.93227716743182e-06	0.917460204103111	0.0220674689203403	TbID
Raf1D486A	OS9	TbID	no	ER	-0.459352017431305	0.00123886021514401	1.00647540437261	0.0148136518393543	TbID
BrafG469A	OS9	TbID	no	ER	-0.655038896029645	0.000395399690052277	1.37268708803259	0.000301630931026591	TbID
ERK2AA	OS9	TbID	no	ER	-0.385213873564085	0.0049773574840185	1.36283759727366	0.000131194410305856	TbID
NrasWT	OS9	TbID	no	ER	-0.634144883440508	0.00055803677117158	1.24476591340139	0.000739322205532328	TbID
MEK1DD	OS9	TbID	no	ER	-0.314000307148812	0.0205147618762639	1.72743730940424	6.5064477498561e-06	TbID
MEK1WT	OSER1	TbID	no	NA	-0.538573970346416	0.209795648552506	1.00762927310101	5.33928994530878e-09	TbID
MEK2AA	OSER1	TbID	no	NA	-0.638218280081045	0.147829585906928	1.05299862949147	7.4942661653951e-09	TbID
MEK1DD	OSER1	TbID	no	NA	0.377017815155382	0.323574961739445	0.963885470824349	2.37752830627369e-08	TbID
MEK2WT	OSER1	TbID	no	NA	-0.34366715761728	0.470167972144276	1.01184661912473	2.93768413263404e-08	TbID
MEK2DD	OSER1	TbID	no	NA	-0.164722046388171	0.620348477437427	1.16879803632162	2.16363537316994e-09	TbID
Raf1S259F	OSMR	TbID	yes	NA	NA	NA	0.893335758411016	0.00355061405213266	TbID
MEK1WT	OTUD3	TbID	no	nucleus	-0.142837963955834	0.888615995401988	0.918580740188389	2.29255543235379e-08	TbID
MEK2DD	OTUD3	TbID	no	nucleus	-0.820110101990267	0.1077027340444	0.917533582447997	1.87214640078085e-08	TbID
MEK2AA	OTUD3	TbID	no	nucleus	-0.362291266203808	0.630682798172198	0.944821625640765	1.83872124560809e-08	TbID
MEK2DD	OTUD4	TbID	no	stress_granule	-0.160614342288703	0.483786744255077	1.09814868662006	9.34312571555251e-10	TbID
MEK1WT	OTUD4	TbID	no	stress_granule	0.0516458954466864	0.911670462198704	0.892430116020141	2.67599341890908e-09	TbID
ERK2WT	OTUD5	shared	yes	cytosol	0.63627484937747	0.000107856496235879	0.8761185678644	3.63750568167502e-07	TbID
KrasWT	OTULINL	TbID	no	NA	-0.0146427291771509	0.791477534900882	0.785931123392908	1.81092718197643e-05	TbID
ArafD447A	OVCA2	TbID	no	mitochondrion	0.218105089755766	0.47998578691835	1.00968643206132	1.70225557647164e-08	TbID
Raf1D486A	OXNAD1	TbID	no	mitochondrion	0.0944453726920535	0.737756184533955	0.846792217162924	2.34729922398757e-06	TbID
ArafD447A	P3H1	AP-MS	yes	ER	2.63578585679021	7.2564498286347e-09	0.345195935323043	0.062032479228291	AP-MS
ArafS214P	P3H1	AP-MS	yes	ER	3.22103504675248	1.66867848749346e-08	0.301601605633311	0.0839089050600124	AP-MS
ArafWT	P3H1	AP-MS	yes	ER	3.01117208094279	1.39310969901953e-09	0.261312188707247	0.159742957495261	AP-MS
MEK2DD	P3H1	AP-MS	yes	ER	1.15979900571057	2.49629820574773e-05	-0.166535512626727	0.329752788408266	AP-MS
MEK2DD	P3H2	shared	no	NA	1.96964842418827	5.10420134147985e-05	0.513423011176303	4.57648061853468e-05	AP-MS
ArafD447A	P3H2	shared	no	NA	1.3612058120509	0.000720856531959705	0.423659045603347	6.88295997189116e-05	AP-MS
ArafWT	P3H2	shared	no	NA	1.73386128775423	0.00011242319647795	0.427591047387503	8.62057492613708e-05	AP-MS
ArafS214P	P3H2	shared	no	NA	1.78719854310336	0.000134529661864953	0.267664601344284	0.0027281212183168	AP-MS
ArafS214P	P3H3	AP-MS	no	ER	1.98027842052538	4.25973740227858e-07	-0.0266829393221028	0.788940659742834	AP-MS
BrafD594N	P3H3	AP-MS	no	ER	1.41162232774903	5.88495058433603e-06	-0.186907748805385	0.0570953283971027	AP-MS
ArafWT	P3H3	AP-MS	no	ER	2.47832284787867	5.41747610448728e-09	0.165980627405674	0.101386285306899	AP-MS
ArafD447A	P3H3	AP-MS	no	ER	1.44846915380411	9.43729471763651e-07	-0.0667062696333222	0.52484242634686	AP-MS
ArafWT	P3H4	AP-MS	no	ER	2.07143377657535	1.40957519606199e-09	0.312440203521929	0.0634655788030045	Both
KrasS17N	P3H4	shared	no	ER	0.318792973346126	0.00100265633171533	0.800854682055149	5.06068842214632e-07	Both
ArafS214P	P3H4	AP-MS	no	ER	1.7191982182403	6.44463699187121e-07	-0.362700282967225	0.0223384325783225	Both
KrasG12V	P3H4	shared	no	ER	0.205638188901666	0.00389888949945594	0.842639915430995	6.95367526292625e-07	Both
KrasWT	P3H4	shared	no	ER	0.463039267915004	0.000162797133179288	0.872403572334221	1.52013697944034e-06	Both
BrafD594N	P3H4	AP-MS	no	ER	1.81101062077519	4.05280410493602e-09	0.0907991975617316	0.595278036015584	Both
ArafD447A	P3H4	AP-MS	no	ER	1.30659911479397	3.33637363173338e-08	0.0032368631153631	0.985257200419355	Both
Raf1S259F	P4HA1	shared	no	ER	1.35675169676393	7.36504767092895e-06	0.37862859638926	0.000337361148252052	AP-MS
ArafWT	P4HA1	shared	no	ER	4.75909798418768	2.26243104696563e-12	0.469710735139585	0.000211181741944512	AP-MS
ArafS214P	P4HA1	AP-MS	no	ER	4.2711929006584	1.90585871160792e-09	-0.120296618715377	0.157184013848493	AP-MS
ArafD447A	P4HA1	AP-MS	no	ER	4.48092710144795	2.61450466225726e-12	0.163124482301748	0.0796967481688282	AP-MS
MEK2DD	P4HA1	AP-MS	no	ER	1.61760819207745	3.69597024893398e-07	0.149364696481913	0.0902475930796689	AP-MS
ArafWT	P4HA2	shared	no	ER	3.67411914884635	6.757666367525e-13	0.369695313181371	0.00335774871964847	AP-MS
Raf1S259F	P4HA2	shared	no	ER	1.26582189713758	2.0846038883981e-07	0.337171664308477	0.00548992426959749	AP-MS
ArafD447A	P4HA2	AP-MS	no	ER	3.29333589749597	2.09262788295676e-12	-0.0678033375513867	0.535366730074987	AP-MS
ArafS214P	P4HA2	AP-MS	no	ER	3.64805035997593	1.10320764762111e-09	0.0536957471035204	0.625615389024576	AP-MS
ArafD447A	P4HB	AP-MS	yes	ER	2.24866200335578	9.41053297517316e-10	0.0776585145548601	0.318828668219322	Both
ArafS214P	P4HB	shared	yes	ER	2.35521636476753	1.097268296004e-07	0.733819106460772	1.1613793757901e-05	Both
ArafWT	P4HB	AP-MS	yes	ER	2.57766264095969	4.32097942862272e-10	0.110697343516753	0.164421213942677	Both
HrasG13R	P4HB	TbID	yes	ER	-0.231974985065049	0.105909118439049	0.953416138549673	7.66037282003239e-08	Both
MEK2DD	PACC1	AP-MS	no	recycling_endosome	1.07017506680861	0.000240587532183822	-0.0687431669663378	0.729507730438442	AP-MS
NrasQ61K	PADI2	AP-MS	yes	NA	1.1580700681498	0.0246189280081234	NA	NA	Both
KrasG12D	PADI2	TbID	yes	NA	0.220335542105248	0.130375552747989	1.66503393428537	6.18105642255018e-05	Both
KrasS17N	PADI2	shared	yes	NA	0.36843522566426	0.0119616779669165	1.25443795708519	0.0118176414509895	Both
KrasG12V	PADI2	TbID	yes	NA	0.12478671163014	0.386282839888936	1.68558333631279	9.90105299124552e-05	Both
ArafWT	PADI2	AP-MS	yes	NA	1.67477003462392	0.00106103564397226	NA	NA	Both
Raf1S259F	PADI2	AP-MS	yes	NA	1.29347861357296	0.00801186533104974	NA	NA	Both
ArafD447A	PAFAH1B2	shared	no	cytosol	1.23578540115775	0.000543721189445341	0.379431968227457	0.000406074319660333	AP-MS
Raf1WT	PAFAH1B2	AP-MS	no	cytosol	1.26254668902729	0.00027925590521414	0.133710690812022	0.149453943312983	AP-MS
Raf1D486A	PAFAH1B2	shared	no	cytosol	1.46365496933687	6.52795750572431e-05	0.709317299598009	5.57734545042375e-07	AP-MS
Raf1S257L	PAFAH1B2	shared	no	cytosol	1.40397854504224	0.000171583991802472	0.222567885669584	0.0088783908234848	AP-MS
HrasWT	PAICS	AP-MS	no	cytosol	1.14218682120508	7.36127657964454e-05	-0.0562383355637909	0.541419834138969	AP-MS
HrasG13R	PAICS	AP-MS	no	cytosol	1.15007860823688	0.00277668592007552	-0.0333239211619094	0.670098894249992	AP-MS
MEK2AA	PAIP2	TbID	no	stress_granule	0.107969178473706	0.693957272212455	1.44976654513696	6.92363130759327e-08	TbID
MEK2DD	PAIP2	shared	no	stress_granule	0.461776930948617	0.0261584920934863	1.67113503503104	1.51725040291754e-08	TbID
MEK2WT	PAIP2	TbID	no	stress_granule	0.147642070684196	0.60961464797198	1.18988542276145	6.97928929666528e-07	TbID
MEK1WT	PAIP2	TbID	no	stress_granule	0.435090977007499	0.0725657173880384	1.26103684436864	2.68724498218494e-07	TbID
HrasWT	PAIP2	TbID	no	stress_granule	0.201007887511465	0.344733016798855	0.926212557640979	4.84074596012348e-05	TbID
ERK2WT	PAIP2	shared	no	stress_granule	0.704118724665689	0.00478131653155337	1.16560894109002	2.52142349492383e-06	TbID
MEK2DD	PAK2	core	no	cytosol	1.3128486475674	2.5648196274894e-06	1.15677805695842	8.03851823894724e-08	Both
HrasG13R	PAK6	AP-MS	no	NA	1.18585386834042	0.0257571820484285	NA	NA	AP-MS
ERK2WT	PALMD	TbID	no	NA	-1.17785476029191	0.0169956957128977	0.867920137518619	3.716650201593e-05	TbID
HrasG13R	PAN3	shared	no	stress_granule	1.13953983989971	0.000759556319254819	0.422188011131638	6.99804971507524e-05	AP-MS
NrasQ61R	PAPLN	AP-MS	no	NA	1.4193097511302	3.2067797969374e-07	NA	NA	AP-MS
HrasQ61R	PAPSS2	shared	yes	cytosol	0.778422737407283	2.16795664641207e-05	0.804395852677209	5.91881841491923e-08	TbID
KrasG12D	PAQR7	TbID	no	NA	NA	NA	0.939414940821722	0.0233453059898601	TbID
KrasWT	PAQR7	TbID	no	NA	NA	NA	1.05924602342753	0.0190790059428072	TbID
KrasS17N	PAQR7	TbID	no	NA	NA	NA	0.83329764378942	0.0333792009322463	TbID
BrafG469A	PAQR9	TbID	no	NA	NA	NA	1.41730113649381	5.03455767139359e-10	TbID
KrasG12V	PAQR9	TbID	no	NA	NA	NA	0.828289837452475	9.13066287214651e-05	TbID
MEK1DD	PAQR9	TbID	no	NA	NA	NA	1.02578036561437	1.65393619675841e-08	TbID
Raf1S259F	PAQR9	TbID	no	NA	NA	NA	1.24696327569198	1.70116337739031e-09	TbID
KrasWT	PAQR9	TbID	no	NA	NA	NA	0.909496332390495	8.81554435801604e-05	TbID
HrasS17N	PAQR9	TbID	no	NA	NA	NA	0.978134912540383	3.37876767039913e-08	TbID
NrasQ61R	PARD3B	shared	no	NA	1.61968840199298	8.6794421544752e-05	0.385306239535436	0.000619457206173758	AP-MS
ERK1AA	PARD3B	AP-MS	no	NA	1.1313115701676	0.000929859405108031	0.0883790751820386	0.365441690478844	AP-MS
MEK1DD	PARD6B	shared	no	plasma_membrane	1.16170890814387	0.02298085408559	0.539460997695449	7.90198939529444e-05	AP-MS
MEK1DD	PARD6G	AP-MS	no	NA	1.05507905906027	0.0193648111038841	-0.0865157367470992	0.235691487680877	AP-MS
NrasQ61R	PARP16	shared	no	ER	1.23899822416419	4.07817585121483e-06	0.260828421010669	0.00530520418250157	AP-MS
HrasS17N	PARP2	shared	no	nucleus	0.857334341965797	0.0165914942479373	0.791316166404964	4.10163806968601e-08	TbID
ERK2AA	PARVA	shared	no	plasma_membrane	1.8236119725014	2.39387317024298e-05	0.302645864645908	0.000207161785544177	AP-MS
ERK1WT	PARVA	AP-MS	no	plasma_membrane	1.18467328730808	0.000842475275872846	-0.0034696691207283	0.966113793238977	AP-MS
ERK2WT	PARVA	AP-MS	no	plasma_membrane	2.17106704117968	3.75587310667348e-06	0.117205060254173	0.0656408387195337	AP-MS
ERK1DD	PARVA	shared	no	plasma_membrane	1.11161100156872	0.00192029978937714	0.191735405312238	0.00999920780242826	AP-MS
ERK1WT	PARVB	shared	no	plasma_membrane	1.34632036174418	0.00131755746026524	0.387886521252808	0.00754608661039502	AP-MS
ERK2AA	PARVB	shared	no	plasma_membrane	1.67683058590068	0.000115180011503058	0.620278552094861	0.000202290894693107	AP-MS
ERK2WT	PARVB	shared	no	plasma_membrane	1.98719172792254	6.84731934972611e-05	0.408555658306133	0.00398115116046512	AP-MS
ArafS214P	PASK	AP-MS	no	cytosol	1.53403812803484	2.72085197606942e-06	0.0902097085126329	0.293599637871093	AP-MS
ArafD447A	PASK	AP-MS	no	cytosol	1.38899143389581	8.54965386084829e-07	-0.0507857003566852	0.526444734408271	AP-MS
ArafWT	PASK	AP-MS	no	cytosol	1.5907691915327	3.6186383288978e-07	-0.128656688599045	0.121068821697191	AP-MS
HrasS17N	PATZ1	shared	no	nucleolus	0.79053975221061	0.00305770705531437	0.781821767594801	7.78212263613428e-06	Both
Raf1S257L	PATZ1	shared	no	nucleolus	1.30399781535058	4.10611819901325e-05	0.544268252968842	0.000306885042481523	Both
NrasQ61R	PATZ1	shared	no	nucleolus	0.90022639966315	0.00161468268607504	0.792217797872531	2.28316022411035e-05	Both
HrasS17N	PBDC1	AP-MS	no	stress_granule	1.09687588095193	2.59502449151524e-06	0.0617363579472301	0.335471118636916	Both
ERK2AA	PBDC1	shared	no	stress_granule	0.987644672955624	1.17290683635685e-05	0.286160514284513	0.000976604624066368	Both
MEK2DD	PBDC1	shared	no	stress_granule	0.631476902748661	0.000212802572921896	1.28136458903484	4.10803333259886e-10	Both
ArafS214P	PBK	shared	yes	cytosol	1.91019681405085	7.77608190399052e-07	0.443377040842813	3.0704912043681e-05	AP-MS
ArafWT	PBK	shared	yes	cytosol	2.51216233381638	3.6037481363751e-12	0.228370435158267	0.0136865465393164	AP-MS
ArafD447A	PBK	AP-MS	yes	cytosol	2.10956544351581	1.31318761464602e-10	0.0337969973931352	0.663665629024331	AP-MS
HrasQ61R	PCBP4	AP-MS	no	NA	1.02032669884258	0.000200061682355774	NA	NA	AP-MS
HrasS17N	PCDH10	TbID	no	plasma_membrane	NA	NA	1.76457424206281	0.000612344772294545	TbID
ERK1DD	PCDH10	TbID	no	plasma_membrane	NA	NA	1.13731282123649	0.0185266846817896	TbID
ArafWT	PCDH18	TbID	no	NA	-0.419134488017061	0.59717929573281	1.35065020503919	0.00314607577820159	TbID
ERK1WT	PCDH19	shared	yes	NA	2.13082764449464	9.30616416505731e-05	0.722229879535209	0.000115607726460167	AP-MS
ERK2WT	PCDH19	shared	yes	NA	1.02769971681675	0.0195356673238783	0.337524420208594	0.00877681516758852	AP-MS
ArafS214P	PCDH7	TbID	no	plasma_membrane	0.203998231950213	0.175981244059011	0.920369474170115	3.61916756299835e-09	TbID
BrafG469A	PCDHB2	TbID	no	NA	NA	NA	1.1762210082285	0.000263294503832379	TbID
Raf1D486A	PCK2	AP-MS	no	mitochondrion	1.27910323134398	5.36626504595758e-06	0.0283931778643111	0.75944644815902	AP-MS
HrasS17N	PCK2	shared	no	mitochondrion	1.05942562327873	3.72888770255897e-05	0.288444826899164	0.00459913680006391	AP-MS
ERK2DD	PCLAF	TbID	yes	nucleus	0.385681358195189	0.641406135625591	0.936098295101475	1.09089992759795e-06	TbID
MEK1WT	PCLAF	TbID	yes	nucleus	0.084661083972617	0.954970711797714	0.873273898734866	5.36681476237622e-07	TbID
Raf1S257L	PCLAF	TbID	yes	nucleus	0.138467219720609	0.874312674163541	1.380482718569	8.17539295358299e-09	TbID
BrafWT	PCLAF	TbID	yes	nucleus	-0.0377298799016021	0.975245062600131	0.892831149949308	7.70078623371119e-07	TbID
NrasQ61K	PCLAF	TbID	yes	nucleus	0.0423415419405205	0.968190209148652	0.939727067643474	1.79963849499683e-06	TbID
MEK2WT	PCLAF	TbID	yes	nucleus	-0.388894429491934	0.753184439732269	1.044731352388	1.08683197565091e-07	TbID
MEK2DD	PCLAF	TbID	yes	nucleus	-1.20453914812919	0.102547370125983	0.950003545895288	1.92754642616692e-07	TbID
Raf1WT	PCLAF	TbID	yes	nucleus	-0.844233987284489	0.338290712871647	0.886269407413188	6.13966032801379e-07	TbID
ERK2WT	PCLAF	TbID	yes	nucleus	-0.524156443599101	0.55503377350785	0.990264192831767	4.791642141321e-07	TbID
NrasWT	PCLAF	TbID	yes	nucleus	-0.360450399404722	0.742432393090093	0.887070929761742	3.17029310776178e-06	TbID
HrasQ61R	PCLAF	TbID	yes	nucleus	0.141497240703146	0.919516375801927	0.948186472311398	2.01645771983644e-06	TbID
HrasG13R	PCLAF	TbID	yes	nucleus	0.603014930317382	0.540440160857371	1.10239189882546	2.98804946205575e-07	TbID
HrasWT	PCLAF	TbID	yes	nucleus	-0.536102654749562	0.554418072356082	0.831051948137563	2.69179419015792e-05	TbID
BrafV600E	PCLAF	TbID	yes	nucleus	-0.111892170608958	0.91606708630474	0.970745325948334	1.45173815086606e-07	TbID
ArafS214P	PCLAF	TbID	yes	nucleus	0.36190183875683	0.721844573716127	0.925061140262104	4.14089418510297e-07	TbID
MEK2AA	PCLAF	TbID	yes	nucleus	-0.476174772576147	0.674399434584748	0.982830342974993	1.52617395627387e-07	TbID
Raf1S259F	PCM1	shared	yes	centrosome	2.05847728197664	3.68789400257407e-07	0.600736045412705	5.96230644892536e-05	AP-MS
Raf1S257L	PCM1	AP-MS	yes	centrosome	1.43098618820656	1.38127262745237e-06	-0.0206756921429526	0.863210040363117	AP-MS
ArafS214P	PCM1	shared	yes	centrosome	1.72394545053466	7.87921705305888e-07	0.418975423833574	0.00155702178038208	AP-MS
ERK2AA	PCNT	shared	yes	centrosome	0.879005979838547	1.37648717107747e-05	0.872787298751577	5.4517868599211e-07	TbID
MEK2AA	PCNX1	AP-MS	no	early_endosome	1.08086896142342	0.0248175229415447	NA	NA	AP-MS
ArafS214P	PDCD2	shared	no	stress_granule	1.78149699769257	1.61606283957116e-06	0.675744521777784	1.22305152718192e-06	Both
Raf1WT	PDCD2	shared	no	stress_granule	1.3582040780108	7.49507459199592e-06	0.626027053775076	2.11780868432453e-06	Both
Raf1D486A	PDCD2	core	no	stress_granule	2.09338810786409	6.09114155090366e-08	1.1461839898436	2.86815052204508e-09	Both
Raf1S257L	PDCD2	core	no	stress_granule	1.75103057799045	1.25505101993594e-07	0.930542979515131	2.70989015966996e-08	Both
ArafWT	PDCD2	core	no	stress_granule	2.97473698028879	1.88650607908234e-09	1.00274867458744	1.5763945036672e-08	Both
Raf1S259F	PDCD2	core	no	stress_granule	1.93474633193919	5.8379774513504e-06	1.02573400814925	1.4864557292068e-08	Both
ArafD447A	PDCD2	shared	no	stress_granule	2.12980081068583	4.34377556866447e-08	0.691836915754834	5.92216622303707e-07	Both
MEK2DD	PDCD2L	TbID	no	unclassified	-0.237204025787984	0.120612878805956	1.07052915097344	1.04507050416223e-06	TbID
NrasQ61R	PDCD4	shared	yes	unclassified	1.49524267954081	1.04843324996073e-08	0.385208026308631	0.000486196048792443	AP-MS
ERK1DD	PDCD4	AP-MS	yes	unclassified	1.40355602991264	1.38853066213065e-08	0.0847322150184974	0.335439137800211	AP-MS
ERK2WT	PDCD6IP	AP-MS	no	cytosol	2.05500227549454	8.82451563402879e-11	-0.0398662918498431	0.519771833760984	AP-MS
ERK1WT	PDCD6IP	shared	no	cytosol	1.08408484360274	2.02121070421699e-07	0.157042631580502	0.0406343662655935	AP-MS
ArafS214P	PDCL	AP-MS	no	cytosol	1.21012808294581	3.13929178231885e-05	-0.121760409084158	0.0601746548374711	AP-MS
KrasG12D	PDCL	AP-MS	no	cytosol	0.78029026647274	1.97211356259199e-05	-0.50463426156489	0.000186854037939177	AP-MS
ArafS214P	PDCL3	AP-MS	no	actin_cytoskeleton	1.22930790864739	0.00236405219862773	-0.0183599440794927	0.83652143157395	AP-MS
Raf1S259F	PDE10A	shared	yes	NA	0.605264160432645	0.00635772955300287	0.924708005540083	3.67578659890474e-07	TbID
ArafD447A	PDE3B	shared	no	ER	1.45688599033338	5.19625834844073e-08	0.311406877243944	0.000315119180449338	AP-MS
NrasQ61K	PDE7A	AP-MS	no	NA	1.01011353198012	0.0150729068066687	NA	NA	AP-MS
NrasQ61K	PDGFD	AP-MS	no	NA	1.27386375980242	0.00391543198909005	0.167603375101574	0.327625805360502	AP-MS
NrasS17N	PDGFD	shared	no	NA	1.35938593402477	0.00135857539760042	0.836936552272287	6.90540130157231e-05	AP-MS
MEK2AA	PDGFD	AP-MS	no	NA	1.2711073929976	0.0158235201299909	0.265088439793813	0.0754591179736997	AP-MS
NrasWT	PDGFD	AP-MS	no	NA	1.20728939559497	0.00230870135738439	0.176030402034586	0.274734071805725	AP-MS
HrasG13R	PDIA3	TbID	yes	ER	-0.0149829210705018	0.903113719568938	0.885631235971437	2.1299803742627e-07	TbID
MEK2DD	PDLIM5	TbID	yes	cytosol	-0.280247919102501	0.026341466884521	0.900012932766038	4.04832855374552e-08	TbID
MEK2AA	PDLIM5	TbID	yes	cytosol	-0.158271302398235	0.225551349887145	0.893861738932716	5.12835100500084e-08	TbID
ArafS214P	PDRG1	shared	no	unclassified	1.86071030790731	2.27177075106886e-07	0.246795327267525	0.0150487749882941	Both
Raf1S257L	PDRG1	AP-MS	no	unclassified	1.57341613019833	2.14546450951728e-08	-0.157656827117241	0.0893899742632501	Both
ArafD447A	PDRG1	shared	no	unclassified	2.98800491360531	3.93333386557758e-11	0.806842498819583	7.61494123860372e-07	Both
Raf1D486A	PDRG1	shared	no	unclassified	2.04198342673595	3.24106141360811e-09	0.304010579318631	0.00277228620030054	Both
ArafWT	PDRG1	core	no	unclassified	3.78320408940232	3.81499717814869e-12	1.26426371968476	7.04150003637235e-09	Both
Raf1S259F	PDRG1	shared	no	unclassified	1.98285926372455	1.01225262258373e-06	0.273038478855569	0.0044920542993634	Both
Raf1S259F	PDZRN3	shared	no	cytosol	1.18230910960384	6.97554756135496e-05	0.311318867596879	4.05089429122254e-05	Both
ArafS214P	PDZRN3	shared	no	cytosol	2.12593357856117	1.05088947393708e-06	0.709284697013033	7.77143641512866e-09	Both
ArafWT	PDZRN3	shared	no	cytosol	1.64063619192793	2.0214363088019e-06	0.277183166791998	9.01827095383351e-05	Both
MEK2WT	PDZRN3	TbID	no	cytosol	0.318830180690704	0.304688758569618	0.883486076873557	5.9731848168923e-10	Both
ERK1DD	PEA15	TbID	no	cytosol	NA	NA	1.89176430850354	1.02109943834369e-09	TbID
ERK2AA	PEA15	TbID	no	cytosol	NA	NA	2.95769608106158	4.94140479191256e-12	TbID
ERK1WT	PEA15	TbID	no	cytosol	NA	NA	2.24249299901245	1.95321851132269e-10	TbID
ERK2DD	PEA15	TbID	no	cytosol	NA	NA	2.27847499567642	1.43083002680146e-10	TbID
ERK2WT	PEA15	TbID	no	cytosol	NA	NA	2.62708069989281	1.56158957436513e-11	TbID
ERK1AA	PEA15	TbID	no	cytosol	NA	NA	3.11811922264608	5.36490872546257e-11	TbID
MEK2DD	PEA15	TbID	no	cytosol	NA	NA	1.37838890524945	8.81955179712456e-09	TbID
MEK2DD	PEAK1	shared	no	actin_cytoskeleton	0.398554753531384	0.0206396636602251	1.14128823155123	2.53836812170038e-10	TbID
MEK2DD	PEBP1	AP-MS	yes	cytosol	1.01118248602203	0.00609380140076106	-0.0696388647561722	0.41733027637128	AP-MS
Raf1S257L	PEDS1	TbID	no	NA	NA	NA	1.14975242905271	5.88720512712763e-09	TbID
BrafV600E	PEDS1	TbID	no	NA	NA	NA	1.13573428390314	2.58628570580969e-09	TbID
BrafG469A	PEDS1	TbID	no	NA	NA	NA	1.3540332886264	5.03539986975095e-10	TbID
ERK2AA	PEDS1	TbID	no	NA	NA	NA	0.916358265636603	2.40517950620313e-07	TbID
Raf1S259F	PEDS1	TbID	no	NA	NA	NA	1.3432135186337	5.27149282124712e-10	TbID
MEK1DD	PEDS1	TbID	no	NA	NA	NA	0.998210593654315	2.33477987568896e-08	TbID
MEK1WT	PEG10	TbID	no	NA	0.173070942058167	0.188314291149278	1.08731099819797	1.0726592045592e-07	TbID
MEK2AA	PEG10	TbID	no	NA	-0.0223875438628539	0.916372556695116	0.97149168045499	1.10161129205945e-06	TbID
ERK2WT	PEG10	TbID	no	NA	0.258221758243881	0.0868766080398395	1.05831148315673	8.05926982162911e-07	TbID
MEK1AA	PELI2	TbID	no	NA	0.0657591862884682	0.869365391782521	1.81053538481846	6.67259145890956e-06	TbID
ArafD447A	PELI2	TbID	no	NA	0.0483302688744758	0.855437027057078	1.3538997268701	0.000469681845461664	TbID
HrasQ61R	PELI2	TbID	no	NA	0.314334079160308	0.123251415164996	1.83666445786106	5.66986693350224e-06	TbID
BrafD594N	PELI2	TbID	no	NA	0.200376510257188	0.507541717293142	1.40954014343143	0.00421203281174762	TbID
BrafV600E	PELI2	shared	no	NA	0.407313047030755	0.0384640352606978	1.37229762829576	0.000385500150914509	TbID
MEK1WT	PELI2	TbID	no	NA	-0.327551166045605	0.280088963687972	1.36960886963044	0.00442638264546069	TbID
ArafS214P	PELI2	TbID	no	NA	-0.0640251994514163	0.764003488964179	2.18286207047086	7.63882762622521e-07	TbID
MEK2AA	PELI2	TbID	no	NA	-0.0712110006060966	0.818392982510446	2.04150377624717	5.27216304899315e-06	TbID
HrasG13R	PELI2	TbID	no	NA	0.178441859546163	0.452996972309355	1.26975432066018	0.007124021516916	TbID
ArafD447A	PER1	AP-MS	yes	cytosol	1.26838372447965	0.0461193795060167	NA	NA	AP-MS
Raf1S259F	PER1	AP-MS	yes	cytosol	1.32936818983929	0.038499544833467	NA	NA	AP-MS
ArafWT	PER1	AP-MS	yes	cytosol	1.29013747096015	0.0374081167469426	NA	NA	AP-MS
Raf1S257L	PER1	AP-MS	yes	cytosol	1.3823716263403	0.0274133120234883	NA	NA	AP-MS
ArafS214P	PER1	AP-MS	yes	cytosol	1.32806786495242	0.0326654114857239	NA	NA	AP-MS
HrasS17N	PEX11A	TbID	no	NA	NA	NA	0.785213747529816	1.05761834825254e-07	TbID
KrasS17N	PEX11A	TbID	no	NA	NA	NA	1.09187372480866	0.0467412447892778	TbID
KrasWT	PEX11A	TbID	no	NA	NA	NA	1.19947626463517	0.0365301069007112	TbID
BrafG469A	PEX13	TbID	yes	peroxisome	0.577067571408667	0.168342650715098	1.14428316463579	5.82336911466493e-10	TbID
Raf1S259F	PEX13	TbID	yes	peroxisome	0.477468063050536	0.271495793386922	0.982629014052627	2.04259602929247e-09	TbID
KrasG12D	PEX14	AP-MS	yes	peroxisome	1.20579665836252	4.30468308429405e-07	-0.204110815896231	0.00689454029279756	AP-MS
KrasS17N	PEX14	AP-MS	yes	peroxisome	1.12097918342201	7.21658004660252e-07	-0.199010963464763	0.00605623193622059	AP-MS
KrasWT	PEX14	AP-MS	yes	peroxisome	1.11755559299479	8.19108186241352e-06	-0.390274271621863	0.000485597334789553	AP-MS
KrasG12V	PEX14	AP-MS	yes	peroxisome	0.955320556073264	2.10672813515892e-07	-0.178116132124666	0.00980665633995017	AP-MS
Raf1S259F	PFDN2	AP-MS	no	cytosol	1.32245095034093	4.82066429172536e-06	0.155794029339575	0.108368781382473	AP-MS
ArafD447A	PFDN2	shared	no	cytosol	1.83770299015931	9.47638518649815e-09	0.216988114198517	0.0219399932944995	AP-MS
Raf1D486A	PFDN2	AP-MS	no	cytosol	1.19938995680502	1.10992820730077e-06	-0.0919093883930613	0.326317372658466	AP-MS
ArafWT	PFDN2	shared	no	cytosol	2.46793221002173	6.19293933173076e-10	0.829990928712964	4.60668490415082e-06	AP-MS
ArafS214P	PFDN6	AP-MS	no	unclassified	1.45361183380067	7.47518085091254e-07	-0.255750767218886	0.00367039228065522	AP-MS
Raf1S257L	PFDN6	AP-MS	no	unclassified	1.3238525485062	2.14546450951728e-08	-0.47684169221001	3.11910362183781e-05	AP-MS
Raf1D486A	PFDN6	AP-MS	no	unclassified	1.51458974956493	5.50141037751075e-09	-0.239797336523909	0.011500111868654	AP-MS
Raf1S259F	PFDN6	AP-MS	no	unclassified	1.519808998254	3.44708452757454e-07	-0.200184130214957	0.0322537352562705	AP-MS
ArafWT	PFDN6	shared	no	unclassified	3.07048841738192	2.31116825356233e-12	0.398957684130742	0.000288214944617341	AP-MS
ArafD447A	PFDN6	AP-MS	no	unclassified	2.40637114384253	2.37121462243738e-11	0.108601436116917	0.23338357542406	AP-MS
HrasS17N	PFKFB3	shared	no	cytosol	1.06007384854575	7.73067158356419e-07	0.758796333553531	7.49712968610579e-09	AP-MS
HrasS17N	PFKP	TbID	no	cytosol	0.24388002087937	0.13541666843813	1.18039798470609	1.41828747999914e-07	TbID
NrasWT	PFKP	TbID	no	cytosol	0.307402737130964	0.0874753890472264	0.901537671325088	5.59986971378411e-06	TbID
Raf1WT	PFKP	shared	no	cytosol	0.401828718258602	0.0237335200151136	0.914968799560049	1.06347632000598e-06	TbID
BrafG469A	PFKP	shared	no	cytosol	0.919285548626356	5.43283201337933e-05	1.11520243019359	9.64417266802155e-08	TbID
Raf1S259F	PFKP	TbID	no	cytosol	0.010888738577551	0.955673206049222	0.95487378461193	5.97524865493647e-07	TbID
MEK1DD	PFKP	shared	no	cytosol	0.538374891304043	0.00306970315880707	1.13198434078835	1.10412605223956e-07	TbID
HrasQ61R	PFN1	shared	yes	actin_cytoskeleton	0.493139312175402	0.0478270933938566	1.28183726276584	2.63015815579822e-07	TbID
Raf1D486A	PFN1	TbID	yes	actin_cytoskeleton	0.148416166675296	0.567562756790625	1.09575570417833	1.71054519774961e-06	TbID
HrasG13R	PFN1	TbID	yes	actin_cytoskeleton	0.457005385975452	0.104878454594612	1.21658457297907	2.51550930419987e-07	TbID
HrasG13R	PFN2	AP-MS	no	cytosol	1.75265860798662	0.000253083827214199	-0.0557618876796719	0.548067892977287	AP-MS
HrasS17N	PFN2	AP-MS	no	cytosol	1.00764356893652	2.59502449151524e-06	0.0724338089485672	0.408805471811276	AP-MS
HrasQ61R	PFN2	AP-MS	no	cytosol	2.02635969257886	6.39443269344941e-06	-0.140292628783377	0.129965072268331	AP-MS
HrasWT	PFN2	AP-MS	no	cytosol	2.17928638489509	1.98569230321973e-09	-0.00206966209385318	0.988317576675476	AP-MS
KrasG12D	PFN2	AP-MS	no	cytosol	0.761889177173856	1.45802945802699e-05	0.0755722098978318	0.478058818375906	AP-MS
MEK2AA	PGAM1	shared	no	cytosol	1.45218023493221	1.78258307501583e-05	0.390520404184002	0.000371913810353128	AP-MS
MEK2WT	PGAM1	AP-MS	no	cytosol	0.994420567908146	0.000247098541323868	0.000266974628692148	0.997395384774441	AP-MS
MEK1WT	PGAM1	shared	no	cytosol	1.34044905035637	1.03616759558634e-05	0.214105958383657	0.0236298773127601	AP-MS
MEK1AA	PGAM1	AP-MS	no	cytosol	1.46097945059017	1.20369550308386e-05	0.153248187603479	0.094594420994291	AP-MS
Raf1S257L	PGAM5	AP-MS	no	mitochondrion	1.22199698273816	2.40317395146031e-06	-0.873397020144409	5.61740791872965e-08	AP-MS
BrafG469A	PGAP6	TbID	no	NA	-0.502579505774672	0.109474888455598	1.02004846735147	1.19214299032966e-07	TbID
Raf1D486A	PGGT1B	TbID	no	cytosol	NA	NA	1.02106196715488	6.16062840362488e-07	TbID
BrafG469A	PGM2L1	TbID	no	cytosol	0.193832287693495	0.212191189700718	0.887656256372302	2.37208403983114e-09	TbID
MEK2DD	PGPEP1	AP-MS	no	cytosol	1.10298072666418	0.000265849956643512	0.245765179051691	0.065782486752962	AP-MS
MEK2DD	PHACTR4	TbID	no	actin_cytoskeleton	-0.0926370495751801	0.790395014424696	0.89217487819339	1.25305885423831e-09	TbID
MEK1DD	PHF13	AP-MS	no	NA	1.07613368808414	0.019021025441522	NA	NA	AP-MS
BrafG469A	PHLDA1	AP-MS	no	NA	2.32153695420416	0.0237043281581643	NA	NA	AP-MS
BrafV600E	PHLDA1	AP-MS	no	NA	2.33030254304082	0.0301466086560259	NA	NA	AP-MS
MEK1DD	PHLDA1	AP-MS	no	NA	3.17518228261165	0.006578137409702	NA	NA	AP-MS
MEK2DD	PHLDA1	AP-MS	no	NA	2.13109684819191	0.0335536377267306	NA	NA	AP-MS
BrafG469A	PHLDA2	core	no	NA	1.5774959127357	2.81015833930487e-06	1.21740220397761	0.000194052621184019	Both
ArafS214P	PHLDA2	shared	no	NA	1.52663500370534	4.25973740227858e-07	0.843666601153732	0.00432541032146371	Both
Raf1S259F	PHLDA2	core	no	NA	1.91845520922454	1.41131530431525e-07	1.17833381303922	0.000273893430315509	Both
MEK2DD	PHLDA2	core	no	NA	3.05623409594293	4.5650797697181e-10	1.51853423126131	3.42227273360581e-05	Both
MEK1DD	PHLDA2	core	no	NA	2.3849528411424	1.4060556631037e-08	1.51018939519761	4.18193257215578e-05	Both
BrafV600E	PHLDA2	core	no	NA	2.10220998122461	3.02006954901998e-08	1.47208387640171	3.1132981272845e-05	Both
Raf1S257L	PHLDA2	core	no	NA	2.12595051284396	5.68013741115945e-09	1.328379174212	0.000127589846405238	Both
HrasS17N	PHLDB1	AP-MS	yes	plasma_membrane	1.00444714851446	3.97083400644166e-05	-0.343347590035588	1.63914199119393e-05	AP-MS
HrasG13R	PHPT1	TbID	no	cytosol	NA	NA	1.44706448557237	1.41205222255937e-06	TbID
Raf1D486A	PHPT1	TbID	no	cytosol	NA	NA	1.16366581610721	1.09882397706232e-05	TbID
Raf1WT	PHTF2	TbID	no	NA	NA	NA	0.844799771434733	0.00373634971332261	TbID
Raf1S257L	PHTF2	TbID	no	NA	NA	NA	0.871761113783666	0.00184223742520136	TbID
NrasS17N	PHYH	AP-MS	yes	ER	1.23714877712001	0.00195176947715556	NA	NA	AP-MS
HrasS17N	PHYH	AP-MS	yes	ER	1.58075945393042	0.000100931142143933	NA	NA	AP-MS
ERK1DD	PHYH	AP-MS	yes	ER	1.00047767184259	0.00869489556928278	NA	NA	AP-MS
NrasQ61R	PHYH	AP-MS	yes	ER	1.02309088481189	0.00563607729655372	NA	NA	AP-MS
NrasWT	PHYH	AP-MS	yes	ER	1.03955496093509	0.00696199254373783	NA	NA	AP-MS
Raf1D486A	PHYH	AP-MS	yes	ER	1.18564802732114	0.00206521553054695	NA	NA	AP-MS
MEK2DD	PI4KB	TbID	yes	14-3-3_scaffold	-0.0142143945409982	0.914957694537464	0.895419550556448	5.82152842527443e-09	TbID
BrafG469A	PIGB	TbID	yes	NA	0.557835151366177	0.206384811704355	1.08228055349177	1.20030503347108e-09	TbID
Raf1D486A	PIGB	TbID	yes	NA	0.196769834792836	0.677322147390108	0.88967200501848	1.48605198776153e-08	TbID
KrasWT	PIGB	TbID	yes	NA	0.151867303794877	0.0810151727942741	0.784295511452738	1.19588822246995e-06	TbID
BrafG469A	PIGL	TbID	yes	NA	-1.24087692147684	0.00205271968413907	0.874624055027781	1.93394885745872e-07	Both
MEK2DD	PIGL	AP-MS	yes	NA	1.19453624422351	0.00346792263895312	0.0595689000252159	0.514032415147402	Both
Raf1D486A	PIGQ	TbID	yes	NA	0.174959454522788	0.297887745144955	0.865307476494142	4.62084737185767e-08	TbID
KrasWT	PIGS	TbID	yes	ER	-0.597051315420172	9.19271042481777e-05	0.83112825593934	3.54882993331428e-06	TbID
ERK2DD	PIGW	TbID	yes	ER	-0.326996545357934	0.309737348084494	1.02255920221366	5.05632240020443e-07	TbID
BrafG469A	PIGW	TbID	yes	ER	-0.369903217121022	0.210477917013551	1.02273539153325	9.66535328217003e-08	TbID
MEK1WT	PIH1D2	TbID	no	NA	NA	NA	1.07847505394876	0.0146576134039753	TbID
HrasWT	PIH1D2	TbID	no	NA	NA	NA	1.14608034989039	0.023987518379283	TbID
MEK2WT	PIH1D2	TbID	no	NA	NA	NA	1.01928187873896	0.0208367063371623	TbID
MEK2AA	PIH1D2	TbID	no	NA	NA	NA	1.15917333961294	0.00870541411784327	TbID
MEK2DD	PIH1D2	TbID	no	NA	NA	NA	1.30472007431142	0.00386402227209809	TbID
HrasWT	PIK3CA	shared	yes	NA	0.346709388448828	0.0209678173550843	0.779080309530561	1.23315604175769e-07	Both
NrasQ61K	PIK3CA	core	yes	NA	1.66462511862454	1.70528735433091e-07	1.49011715308973	4.56748735094477e-10	Both
NrasQ61R	PIK3CA	core	yes	NA	2.59453447001857	4.87524419159457e-10	4.28829890001359	7.63091722865291e-15	Both
Raf1S259F	PIK3CA	shared	yes	NA	1.66267216724312	8.51783719560763e-07	0.83617698315309	2.25756878523829e-09	Both
BrafV600E	PIK3CA	shared	yes	NA	0.661206151107813	0.000160493088254026	0.841531389405778	1.69179689945202e-09	Both
Raf1D486A	PIK3CA	shared	yes	NA	1.53938738427261	1.14533895754551e-07	0.644795511952473	6.04374226719623e-08	Both
HrasG13R	PIK3CA	core	yes	NA	2.89288975817723	5.33425513975403e-06	2.14437751187515	9.22025858360884e-12	Both
ArafS214P	PIK3CA	shared	yes	NA	1.15215909699981	1.31817195279727e-06	0.913048362247574	1.18365121636436e-09	Both
KrasG12D	PIK3CA	core	yes	NA	1.95354208242875	7.80265888727685e-10	1.83516291631154	2.00082120775138e-08	Both
HrasQ61R	PIK3CA	core	yes	NA	2.63940994759276	2.2816009728711e-06	2.19183804129599	2.48816010375052e-12	Both
Raf1S257L	PIK3CA	shared	yes	NA	2.07823691956549	6.01552842557779e-10	0.629637180771346	4.54848072144088e-07	Both
KrasG12V	PIK3CA	core	yes	NA	1.6683151472624	4.35940783061295e-10	1.50554959788843	3.38449002334958e-08	Both
HrasG13R	PIK3CD	shared	yes	NA	1.76757416804328	0.0211282749526794	0.507644460653418	0.000141560148287465	Both
KrasG12V	PIK3CD	shared	yes	NA	0.642568572347727	0.00111735946435715	0.935524560443913	6.85617709565025e-06	Both
KrasG12D	PIK3CD	shared	yes	NA	0.677585783589207	0.00194603569870037	1.00099918001612	6.90480424881902e-06	Both
NrasQ61R	PIK3CD	core	yes	NA	3.16008150751078	0.000278918553328013	2.58705480082045	4.32256164787684e-11	Both
HrasQ61R	PIK3CD	shared	yes	NA	2.16674082413631	0.00680268548754534	0.661422032055572	1.79083226432194e-05	Both
ArafS214P	PIK3R1	shared	yes	plasma_membrane	0.959920722646872	1.44927497241646e-06	1.01134269698616	2.32824949204585e-10	Both
NrasQ61R	PIK3R1	core	yes	plasma_membrane	1.0439019127266	6.25791293723989e-07	2.72976576475134	4.04402812373339e-14	Both
ArafD447A	PIK3R1	core	yes	plasma_membrane	1.43547419345983	3.06380751370947e-09	1.05395763719913	1.2825169866667e-10	Both
HrasG13R	PIK3R1	core	yes	plasma_membrane	1.20231165545229	4.1368925837653e-05	0.953344470742189	2.46170765167458e-09	Both
Raf1S257L	PIK3R1	shared	yes	plasma_membrane	2.1333634857392	4.50384335142123e-11	0.778728320819023	1.12382155162947e-09	Both
KrasG12D	PIK3R1	shared	yes	plasma_membrane	1.03961158618417	1.07444199188435e-07	0.696840100417038	2.58328103979058e-06	Both
Raf1WT	PIK3R1	shared	yes	plasma_membrane	1.16730232227421	5.42856812366251e-08	0.538247686072096	2.35923052572391e-08	Both
HrasQ61R	PIK3R1	core	yes	plasma_membrane	1.16844406299975	2.16795664641207e-05	1.0441600362627	7.21162151098759e-09	Both
Raf1D486A	PIK3R1	core	yes	plasma_membrane	2.09902551278814	3.06205928784651e-10	0.989242278476842	1.04244098091275e-10	Both
Raf1S259F	PIK3R1	shared	yes	plasma_membrane	1.26998318970316	3.03014938300681e-06	0.654633334555307	7.61218859681536e-09	Both
KrasG12V	PIK3R1	shared	yes	plasma_membrane	0.820642273101566	1.91532656290387e-07	0.60808093601706	1.20476503812736e-06	Both
ArafWT	PIK3R1	core	yes	plasma_membrane	1.34916141621731	6.00787812336539e-09	0.842278032671471	7.7013006122306e-10	Both
NrasQ61R	PIK3R2	core	yes	plasma_membrane	1.17531192464311	4.83123432497766e-08	2.47964218454336	4.91626696055573e-12	Both
ArafWT	PIK3R2	shared	yes	plasma_membrane	1.56920016885048	1.2612720474872e-10	0.67876850136332	6.34608186137465e-09	Both
KrasG12D	PIK3R2	shared	yes	plasma_membrane	0.865182819486922	4.30468308429405e-07	0.639530205828848	1.64288426173819e-05	Both
KrasG12V	PIK3R2	shared	yes	plasma_membrane	0.733601560564933	7.51292978003385e-08	0.623634177547947	2.61770030642467e-06	Both
Raf1S257L	PIK3R2	shared	yes	plasma_membrane	1.4077806985257	3.23396725115986e-10	0.13232515211074	0.0203454855708723	Both
Raf1D486A	PIK3R2	shared	yes	plasma_membrane	1.70721334182037	3.06205928784651e-10	0.55203003498615	2.3002247289468e-08	Both
ArafWT	PIK3R3	core	no	actin_cytoskeleton	1.85366688504563	6.19293933173076e-10	1.36655573314123	9.1312686310433e-10	Both
ArafS214P	PIK3R3	shared	no	actin_cytoskeleton	1.08727745304819	1.04820626303442e-06	1.17140292335814	6.44805515613485e-09	Both
HrasQ61R	PIK3R3	shared	no	actin_cytoskeleton	0.537609365190386	0.00130711096316764	0.841121309969481	3.24755343633388e-07	Both
Raf1D486A	PIK3R3	core	no	actin_cytoskeleton	2.27496652553928	5.08794807332522e-10	1.37326970675973	4.88188489205106e-10	Both
NrasQ61R	PIK3R3	TbID	no	actin_cytoskeleton	0.134690919192496	0.415983501813268	0.916684936523879	1.5395320978057e-07	Both
ERK2WT	PIK3R3	shared	no	actin_cytoskeleton	0.320095194509302	0.00659921795895869	0.864480542016099	2.87891556784063e-07	Both
Raf1S257L	PIK3R3	core	no	actin_cytoskeleton	2.27215564772957	7.20348254967668e-11	1.17252001795122	2.98352484178325e-09	Both
Raf1S259F	PIK3R3	core	no	actin_cytoskeleton	1.45187212499028	1.48238747183575e-05	0.889586545198933	4.73963369039293e-08	Both
Raf1WT	PIK3R3	core	no	actin_cytoskeleton	1.46118433114298	9.72881729920426e-08	0.995708124603512	1.28980924620206e-08	Both
ERK1WT	PIK3R3	TbID	no	actin_cytoskeleton	-0.0268174217938867	0.838086401322514	0.889348723771177	2.81412848836526e-07	Both
ArafD447A	PIK3R3	core	no	actin_cytoskeleton	2.14192232445798	7.33902795185095e-11	1.65202511665711	6.07922880368961e-11	Both
MEK1DD	PIM1	AP-MS	no	NA	1.04671424938893	8.09770399503075e-05	NA	NA	AP-MS
MEK1DD	PIN1	AP-MS	yes	cytosol	1.35192687697961	1.22714528287052e-07	-0.000239092198962233	0.997034860369755	AP-MS
MEK1AA	PIN1	AP-MS	yes	cytosol	1.21582584760674	7.80932131344144e-07	0.0648226704741743	0.321275840692769	AP-MS
MEK1WT	PIN1	AP-MS	yes	cytosol	1.32283463676603	1.13124673777888e-06	-0.0314944389345029	0.648087859646234	AP-MS
ERK1DD	PINX1	TbID	no	nucleolus	0.295764707918213	0.573833252529246	0.997463126542636	7.05633341549004e-07	TbID
ERK2WT	PINX1	TbID	no	nucleolus	-0.313908819451468	0.513409431082898	1.13486748285622	1.28078707645629e-07	TbID
ERK1WT	PINX1	TbID	no	nucleolus	-0.104416572193718	0.848305759550602	1.27569416060829	1.80994485120088e-07	TbID
Raf1S259F	PIP5K1A	shared	no	actin_cytoskeleton	0.69696390303989	0.000117804431871772	0.852032381278283	6.0837929722882e-09	TbID
ArafWT	PJA1	AP-MS	no	cytosol	1.66512788046296	3.50265265961685e-07	0.17193922449776	0.0636286077129951	AP-MS
ArafS214P	PJA1	shared	no	cytosol	1.86133341868884	4.54300262797539e-07	0.333345019432111	0.00107682207449966	AP-MS
ArafD447A	PJA1	AP-MS	no	cytosol	1.1650803847326	1.29602725267323e-05	-0.129897594490771	0.12625889534418	AP-MS
Raf1S257L	PJA1	shared	no	cytosol	1.75652185368899	1.6464205040893e-07	0.213995733960215	0.0123928908429042	AP-MS
Raf1S259F	PJA1	AP-MS	no	cytosol	1.61588185173462	2.29706442522287e-06	0.0388698003634354	0.642282655358948	AP-MS
ArafS214P	PJA2	core	no	NA	2.14124835666314	5.66811540687647e-08	0.906948964174389	1.87503199267585e-09	Both
Raf1S259F	PJA2	shared	no	NA	2.20549667916033	8.98700583374012e-08	0.537545843727364	1.38128488119939e-06	Both
Raf1S257L	PJA2	shared	no	NA	2.0286431286668	1.91211201106016e-09	0.425792820088439	7.65533749252326e-06	Both
MEK2DD	PJA2	TbID	no	NA	0.203027933925671	0.149465175249118	0.895948792418016	3.44552734192487e-09	Both
ArafWT	PJA2	shared	no	NA	1.84277279839508	4.13996351347699e-08	0.509229032185695	5.27673747573141e-07	Both
KrasG12V	PKD1L3	AP-MS	no	NA	0.750360263318148	0.0185987239823445	NA	NA	AP-MS
ERK2WT	PKHD1L1	AP-MS	no	NA	1.90298523401172	0.000210464622145254	NA	NA	AP-MS
ERK2DD	PKHD1L1	AP-MS	no	NA	1.92337860856691	0.000362010381160944	NA	NA	AP-MS
HrasWT	PKM	AP-MS	yes	cytosol	1.04960076206254	0.00044494776393627	0.0551179289757129	0.626005910683726	Both
ArafS214P	PKM	shared	yes	cytosol	0.994261697735818	0.000213565274543698	0.861403757027554	2.44860836612182e-07	Both
BrafV600E	PKM	shared	yes	cytosol	0.410491610553102	0.0463310077495741	0.849712518176807	9.16018817449043e-08	Both
NrasQ61K	PKM	TbID	yes	cytosol	0.0558160793060268	0.872555069692396	0.812099404933823	1.20990099133339e-06	Both
ERK2AA	PKM	core	yes	cytosol	1.36064978593071	1.73812526206544e-05	0.936111284133452	8.18748164049277e-07	Both
Raf1S259F	PKM	shared	yes	cytosol	0.604850939967772	0.0060362003563592	0.973103958371426	2.95356603989411e-08	Both
Raf1D486A	PKM	TbID	yes	cytosol	0.188287156499328	0.40038726361304	1.12085446252766	4.9289726489428e-08	Both
HrasG13R	PKM	shared	yes	cytosol	0.691538648368707	0.0302200922830002	0.81049335584113	1.79362345093454e-06	Both
ArafD447A	PKM	TbID	yes	cytosol	-0.102706006891601	0.668147268295253	1.06339114280399	8.37267828451805e-08	Both
BrafG469A	PKM	shared	yes	cytosol	0.930600571413428	0.000978587065576836	1.3212966064792	6.90581487530874e-09	Both
Raf1S257L	PKM	core	yes	cytosol	1.17948970953326	2.95752452622496e-05	1.10794294640636	1.87715555129382e-08	Both
BrafD594N	PKN2	TbID	no	actin_cytoskeleton	0.103483054582069	0.624020934432686	0.971977092613311	2.88859329349916e-09	TbID
Raf1WT	PLA2G3	TbID	no	NA	NA	NA	0.862803655246359	0.00029278168666299	TbID
BrafG469A	PLAUR	core	yes	NA	2.96724113468709	1.26179980890294e-05	1.99347173103254	9.37228920492458e-07	Both
NrasQ61K	PLAUR	AP-MS	yes	NA	2.20271246202492	0.000888715502320179	-0.251420029671906	0.323564478396971	Both
BrafV600E	PLAUR	shared	yes	NA	2.08411408434045	0.00502404496615396	1.42800166866312	2.09810384083188e-05	Both
MEK1DD	PLAUR	core	yes	NA	2.56927712664541	2.04915482207161e-05	1.36963245060765	7.75108114750911e-05	Both
Raf1S259F	PLAUR	core	yes	NA	2.24486699154881	3.52018651703279e-05	1.14038078328572	0.000172710011993398	Both
MEK2DD	PLAUR	core	yes	NA	2.71950946258634	1.46226849885885e-05	1.02590185619955	0.000479985601874093	Both
Raf1D486A	PLCB1	AP-MS	yes	plasma_membrane	1.42974511702775	0.00702353721175138	0.0467609358248757	0.719716324966567	AP-MS
ArafD447A	PLCB1	shared	yes	plasma_membrane	1.35081732847887	0.0105427813021505	0.294552734107782	0.0416808436980051	AP-MS
ArafD447A	PLCB4	AP-MS	yes	plasma_membrane	1.18992740304763	0.0344532263874115	0.224748867517552	0.0903762418501588	AP-MS
HrasWT	PLCD1	AP-MS	yes	NA	1.02475173877326	0.0283860140991667	NA	NA	AP-MS
NrasQ61K	PLCE1	core	yes	NA	1.06237250986068	0.0182722047896113	1.50200411309992	1.18762212409073e-07	Both
HrasQ61R	PLCE1	shared	yes	NA	1.005237668859	0.0286880354731428	0.798805676922562	1.06569851855126e-05	Both
KrasG12D	PLCE1	core	yes	NA	1.48520113756596	1.1198792521106e-07	2.02117707065559	1.80960907759519e-08	Both
NrasQ61R	PLCE1	core	yes	NA	1.20782092955186	0.00821342908962212	1.44007090822939	4.77567478143028e-08	Both
HrasG13R	PLCE1	core	yes	NA	1.50985484176937	0.00370763685210875	0.988563560310503	1.51656803379039e-06	Both
KrasG12V	PLCE1	core	yes	NA	1.08123551675032	6.2952996316146e-07	1.77819749010316	1.22542414254986e-07	Both
HrasS17N	PLEKHA2	AP-MS	no	NA	1.35142766893053	4.53185244382342e-07	-0.02533897100704	0.757967795379129	AP-MS
NrasS17N	PLEKHA2	shared	no	NA	1.002916169983	2.86704975027336e-05	0.235440903336382	0.00438720151176619	AP-MS
BrafG469A	PLEKHA4	shared	no	NA	1.178349898755	1.33690345302479e-07	0.503494457907797	0.000180048831545631	AP-MS
MEK1DD	PLEKHA4	shared	no	NA	1.00009115506928	2.94280849969616e-06	0.26150162687619	0.0138260491173715	AP-MS
MEK2DD	PLEKHA6	TbID	no	NA	0.309856213890451	0.195962072242114	1.33567394886267	1.95104466447703e-10	TbID
HrasS17N	PLEKHB1	TbID	no	NA	NA	NA	1.09164396742149	0.000100376313694108	TbID
BrafG469A	PLEKHB2	TbID	no	NA	NA	NA	1.09160391957989	0.000365544805187079	TbID
KrasWT	PLEKHF1	TbID	no	NA	0.0122494136725191	0.865926022417745	0.90576562497715	0.0469557107282889	TbID
Raf1S259F	PLEKHG1	AP-MS	no	NA	1.23358125166617	6.7822926804184e-06	-0.309874147990491	1.81228826766895e-05	AP-MS
MEK2DD	PLEKHG2	core	no	NA	1.07607839243048	3.1939292360677e-07	1.31626167509147	1.78904368910523e-10	Both
BrafG469A	PLEKHN1	shared	no	NA	1.86893068164133	5.8648884094952e-06	0.611176405451518	0.001826605080849	AP-MS
ERK2AA	PLEKHN1	AP-MS	no	NA	1.364629975637	0.000166456151165645	0.19391398133257	0.272079365572739	AP-MS
Raf1S259F	PLEKHN1	shared	no	NA	1.3834501662654	5.77475432522499e-05	0.622713585600606	0.00127974730520279	AP-MS
BrafV600E	PLEKHN1	shared	no	NA	1.23228388925939	0.00021489863222132	0.349654531471253	0.0462824671544256	AP-MS
MEK1DD	PLEKHN1	shared	no	NA	1.84322078507656	1.32851124642196e-05	0.655577303308286	0.00132808427500157	AP-MS
HrasS17N	PLEKHN1	shared	no	NA	1.9804182031149	2.68745554900605e-06	0.718571428482358	0.00052104406152216	AP-MS
MEK1DD	PLEKHO1	shared	no	plasma_membrane	1.27435226304486	0.00443251866119384	0.78594195850259	0.00340530724633199	Both
MEK2DD	PLEKHO1	TbID	no	plasma_membrane	0.0886845646932837	0.824510566783451	0.930513795718819	0.00217356777347002	Both
BrafG469A	PLEKHO1	core	no	plasma_membrane	1.22335836833869	0.00377692885209117	0.858286511140804	0.00116964802721322	Both
Raf1S259F	PLEKHO1	core	no	plasma_membrane	1.34923790950208	0.00132318813189571	1.10432522046141	0.00012718229496345	Both
KrasS17N	PLGRKT	TbID	no	mitochondrion	-0.304330686452618	0.0488981307478045	2.10306105319962	9.40210010041526e-06	TbID
KrasG12V	PLGRKT	TbID	no	mitochondrion	-0.180408765973393	0.153003499368371	1.99824135225924	4.20578333304411e-05	TbID
KrasWT	PLGRKT	TbID	no	mitochondrion	-0.127573931883679	0.346195951682081	2.06899812568356	2.13311092008304e-05	TbID
KrasG12D	PLGRKT	TbID	no	mitochondrion	-0.131632100765026	0.334731605796949	2.05983751693621	1.89538969389219e-05	TbID
MEK2DD	PLIN3	TbID	no	cytosol	-0.178234401388931	0.518979461928838	1.2427596086395	1.56291222346402e-09	TbID
MEK2DD	PLK1	shared	yes	unclassified	0.761661563363808	1.02749138961432e-05	0.884741102891641	1.86461069213695e-10	TbID
BrafD594N	PLOD1	AP-MS	yes	ER	2.0114829019727	4.05280410493602e-09	0.0556836824883965	0.453545542866888	AP-MS
BrafWT	PLOD2	shared	yes	ER	2.16409167331329	4.36110699086943e-11	0.326755433639284	9.09915477179988e-06	AP-MS
BrafD594N	PLOD2	shared	yes	ER	4.57592152274082	1.09378039129832e-14	0.584977013004856	9.36941706111758e-08	AP-MS
BrafG469A	PLOD2	shared	yes	ER	1.74445110895324	5.11023412403776e-08	0.422517898664305	5.65698039415336e-06	AP-MS
BrafV600E	PLOD2	shared	yes	ER	3.48713340925919	1.31639434525649e-13	0.395735431029165	1.05895231830932e-06	AP-MS
BrafV600E	PLOD3	TbID	yes	ER	0.108204180582618	0.390998325352683	0.882338507498345	1.70506916963918e-06	TbID
HrasQ61R	PLOD3	TbID	yes	ER	-0.167273658886444	0.224324789591246	1.02931965470714	5.75403842421808e-07	TbID
HrasG13R	PLOD3	TbID	yes	ER	-0.375081753264858	0.00977407817360525	0.875389273968876	1.73402799943874e-06	TbID
Raf1S257L	PLOD3	TbID	yes	ER	0.0713408747480754	0.578844085952564	0.930661205169916	1.08140777925421e-06	TbID
ArafS214P	PLOD3	shared	yes	ER	0.474046375650654	0.00369029130667835	1.00456176755305	3.54622976815425e-07	TbID
HrasS17N	PLXNB1	core	no	NA	1.20659880884482	0.00118892476241111	1.93508271497232	9.47804411966429e-08	Both
HrasS17N	PLXNB3	core	no	NA	1.64463734218578	1.42109613677122e-05	2.19184426821493	8.70504205382126e-05	Both
MEK1DD	PMAIP1	AP-MS	yes	unclassified	1.07308715261762	0.00835523346460185	0.104793718887035	0.31384031935154	AP-MS
Raf1WT	PNMA1	TbID	no	nucleus	0.22555939423736	0.66222699051677	0.91640669533468	3.05547214389434e-05	Both
Raf1S257L	PNMA1	core	no	nucleus	1.28555254824161	0.00339285518178515	1.03506561433993	3.17596670176547e-05	Both
MEK1DD	PNMA1	TbID	no	nucleus	-0.16362204384061	0.718157538021518	1.06312331217848	6.990070879386e-06	Both
ArafS214P	PNMA1	core	no	nucleus	1.25850713893842	0.00458044772645705	1.38901007324255	6.37801387063982e-07	Both
ERK2DD	PNMA1	TbID	no	nucleus	-0.00421827949293628	0.992825952667514	0.875448176089129	6.37331268211087e-05	Both
BrafV600E	PNMA1	TbID	no	nucleus	0.193872616783438	0.683358142574059	0.893303460376577	1.74134714409669e-05	Both
Raf1D486A	PNMA2	AP-MS	no	NA	1.19712307367515	7.65126787290656e-06	-0.14445008771119	0.165743238063421	AP-MS
ArafS214P	PNMA2	AP-MS	no	NA	2.40976037925453	6.15563759424418e-07	-0.386430219625099	0.000660926848379726	AP-MS
HrasWT	PNMA2	AP-MS	no	NA	1.01834375961239	0.000137804352181306	0.11560034018139	0.289299752451677	AP-MS
Raf1WT	PNMA2	AP-MS	no	NA	1.62227129283864	7.96847290957267e-07	0.0713981956591359	0.513241272503347	AP-MS
ArafD447A	PNMA2	AP-MS	no	NA	1.79430211341795	9.64493453453826e-08	-0.00900281586565514	0.930291707934528	AP-MS
ERK2WT	PNMA2	AP-MS	no	NA	1.16822730681369	2.33661760346636e-05	-0.40420136577022	0.00114144971229123	AP-MS
ArafWT	PNMA2	AP-MS	no	NA	2.66296567010448	1.81158141827834e-09	0.163749136726094	0.0981790431619228	AP-MS
Raf1S259F	PNMA2	AP-MS	no	NA	2.10216398512102	1.3373605196131e-06	0.11735914985087	0.203915493347003	AP-MS
KrasG12V	PNMA2	shared	no	NA	0.774819591525167	4.877055095474e-07	0.436762701831624	5.64269848089736e-05	AP-MS
KrasS17N	PNMA2	shared	no	NA	0.866232667060899	1.82400675938802e-06	0.581461850241372	2.14401543917145e-06	AP-MS
Raf1S257L	PNMA2	AP-MS	no	NA	2.21779522793957	9.26526703437773e-09	0.0739349432546563	0.44420579813726	AP-MS
BrafG469A	PNPLA2	shared	yes	14-3-3_scaffold	0.559053313675355	0.00036923849969885	0.887723456908007	3.04621745255531e-08	TbID
BrafG469A	PNPLA8	shared	no	ER	0.633121000570493	0.00959531869643649	0.88159865691545	4.93221175022196e-07	TbID
HrasS17N	PODXL2	core	no	recycling_endosome	1.10283424407363	3.06234859511593e-05	1.46463180096829	8.13242412024812e-06	Both
MEK2DD	POFUT1	shared	yes	ER	1.14903277902998	8.57154758414022e-05	0.269129112455744	0.0164305526001916	AP-MS
HrasG13R	POGLUT2	shared	no	ER	0.550755538121134	0.0425483975465295	0.828695628203676	2.36265381100801e-06	TbID
Raf1S257L	POLR1D	shared	yes	nucleus	0.517118365450279	0.000653538611819054	0.855595421767084	0.000144358433218356	TbID
Raf1S259F	POLR1D	shared	yes	nucleus	0.392663628220722	0.0118035095964539	0.852503332064392	1.71642095520822e-05	TbID
ArafWT	POLR1D	shared	yes	nucleus	0.604915243390511	9.75051044429768e-05	1.06037413552016	6.22963241627457e-05	TbID
HrasQ61R	POLR2F	TbID	no	NA	0.148431427817186	0.555577032387304	1.0656208391113	0.00124362968939318	TbID
HrasQ61R	POLR2G	TbID	no	nucleus	-0.694852932575943	0.0143608610355622	0.846269556454053	3.18876564988881e-05	TbID
BrafWT	POLR2G	TbID	no	nucleus	-0.405849825376808	0.116715918411852	0.842746384967133	8.47431125252892e-06	TbID
HrasG13R	POLR2G	TbID	no	nucleus	-0.331863568765801	0.199247550226501	0.90219214126204	8.3916339568807e-06	TbID
Raf1D486A	POLR2G	TbID	no	nucleus	0.00402663715668093	0.9889245680509	0.862662790332225	4.76727784834991e-06	TbID
HrasQ61R	POLR2H	TbID	no	nucleus	-0.205078410422065	0.315149550865785	0.920162146141904	6.64026127172934e-05	TbID
Raf1S257L	POLR2H	shared	no	nucleus	0.375833686349059	0.0127295969898941	0.842461155478701	0.000194355545216566	TbID
MEK2AA	POLR2I	TbID	no	nucleus	-0.370373965297399	0.0880879396773618	1.08774461988605	5.1464687399019e-09	TbID
MEK1WT	POLR2I	TbID	no	nucleus	-0.043689208472183	0.865992702668352	0.9499442976662	7.81473635478755e-08	TbID
BrafWT	POLR2L	shared	no	nucleus	0.738922953512715	0.0314347030135897	1.05033958021232	4.02921959879189e-05	Both
ArafS214P	POLR2L	shared	no	nucleus	1.37758254919764	0.000195966268798762	0.771471527045194	0.000232289977541732	Both
Raf1S259F	POLR2L	shared	no	nucleus	1.30182456558724	0.000714426552967789	0.684858752810193	0.000306019417919124	Both
HrasQ61R	POLR2L	TbID	no	nucleus	0.60024722263241	0.0609662136849864	0.984461295451585	2.13768054275044e-05	Both
ArafWT	POLR2L	shared	no	nucleus	1.28398797675031	0.000450855763671668	0.827779229026737	0.000331809985214873	Both
Raf1S257L	POLR2L	core	no	nucleus	1.52853750716089	9.739169035105e-05	0.977633616830825	3.18654259740465e-05	Both
ERK2AA	POM121	TbID	no	ER	0.197077483046344	0.16415490875465	0.966617138357625	7.07529167982707e-06	TbID
ERK2WT	POM121	TbID	no	ER	0.262659163527881	0.0937351737860607	0.865094130702453	2.44715195049067e-05	TbID
MEK1WT	POMP	TbID	yes	proteasome	0.307739172934984	0.0622499932921448	0.889840991491067	5.96044422185764e-08	Both
MEK2AA	POMP	TbID	yes	proteasome	-0.240999401781009	0.150112833863008	0.908290491444654	2.87743656130103e-07	Both
NrasQ61R	POMP	shared	yes	proteasome	1.16778376391952	2.30921073246477e-06	0.344475651674815	0.000771922376125664	Both
HrasG13R	POMP	shared	yes	proteasome	0.386798377809061	0.0163558218701342	1.04336225862609	1.7156883277838e-07	Both
MEK2DD	POR	AP-MS	yes	ER	1.06208352027385	0.000393356315467289	-0.131010811529576	0.330552516375118	AP-MS
BrafG469A	POTEE	TbID	no	NA	-0.266764090656026	0.183243964039132	1.07905541086587	5.82323338636336e-06	TbID
Raf1D486A	POTEE	TbID	no	NA	-0.668845924790954	0.00352426198725612	1.4072553486222	3.40722927631257e-06	TbID
HrasG13R	POTEE	TbID	no	NA	-0.631821049313476	0.0147701124143406	1.39072337921454	2.58762431185784e-06	TbID
HrasQ61R	POTEE	TbID	no	NA	-1.09778990578868	0.0404909665938178	1.54536991912096	7.50944512566756e-07	TbID
ArafS214P	POTEE	TbID	no	NA	-0.179114821369238	0.508622858511499	1.12599898401471	3.49842840036575e-05	TbID
Raf1D486A	PPCS	TbID	yes	cytosol	NA	NA	1.06775221114798	0.000755406930682532	TbID
HrasG13R	PPIAL4E;PPIAL4D;PPIAL4F	TbID	no	NA	NA	NA	1.22528891402733	2.65455602992468e-07	TbID
HrasQ61R	PPIAL4E;PPIAL4D;PPIAL4F	TbID	no	NA	NA	NA	1.17082191411424	8.95757746947787e-07	TbID
ArafS214P	PPIAL4E;PPIAL4D;PPIAL4F	TbID	no	NA	NA	NA	1.01168878815421	1.23818006425457e-05	TbID
KrasWT	PPIB	shared	yes	ER	0.795287808079193	0.00302557546965429	0.433572287162354	3.48679934341426e-05	AP-MS
ArafD447A	PPID	shared	no	cytosol	0.725478996682287	0.00181464323534337	1.28744600342902	1.75448690400946e-10	Both
ArafWT	PPID	core	no	cytosol	1.22349927042109	2.6112788012158e-05	1.64086997840993	1.10450047208206e-11	Both
HrasG13R	PPIF	TbID	no	mitochondrion	0.381005770758483	0.103477504604021	0.82783700347296	5.79662465802484e-07	TbID
KrasG12V	PPM1G	AP-MS	no	cytosol	1.68249658063755	6.47505218730964e-10	0.032699851510861	0.447076965255762	AP-MS
ArafWT	PPM1G	AP-MS	no	cytosol	1.20993599697068	3.6186383288978e-07	-0.845517683251711	1.44402813106964e-07	AP-MS
KrasWT	PPM1G	AP-MS	no	cytosol	1.64528862706902	7.04709499641257e-08	-0.137901216586929	0.0095518738172498	AP-MS
KrasG12D	PPM1G	shared	no	cytosol	1.67567933140876	8.96158666178318e-09	0.123435325055604	0.0154370925738224	AP-MS
KrasS17N	PPM1G	shared	no	cytosol	1.64078447593017	2.44906840988467e-08	0.105410602764071	0.0170979985529956	AP-MS
ERK2AA	PPM1L	AP-MS	no	Golgi	1.99698741940652	1.08510994322307e-07	-0.154638925559181	0.278166658782567	AP-MS
ERK2WT	PPM1L	AP-MS	no	Golgi	2.83298968118256	5.63911680371138e-11	0.0734647552262149	0.593858424398107	AP-MS
ERK1DD	PPM1L	AP-MS	no	Golgi	1.13843714088923	1.02362751849934e-05	-0.214772068156494	0.190327566600261	AP-MS
ERK1AA	PPM1L	AP-MS	no	Golgi	1.11394550869935	3.42023981004251e-06	0.119825636805076	0.386273149807622	AP-MS
ERK2DD	PPM1L	AP-MS	no	Golgi	1.60375195702571	1.45596167641904e-07	0.0760029967618727	0.562309442834983	AP-MS
ERK1WT	PPM1L	AP-MS	no	Golgi	1.43394925703028	1.69978364306403e-07	0.120647713371871	0.418762917700225	AP-MS
HrasS17N	PPM1M	AP-MS	no	NA	1.38694973256475	0.0229656249648629	NA	NA	AP-MS
NrasQ61K	PPP1CA	AP-MS	no	actin_cytoskeleton	1.20786733481868	9.46568744826739e-07	0.109394460637658	0.18476035869703	AP-MS
HrasG13R	PPP1CA	shared	no	actin_cytoskeleton	1.85197793299326	4.74329620567086e-06	0.297851574509869	0.00108972221419012	AP-MS
HrasQ61R	PPP1CA	shared	no	actin_cytoskeleton	1.63849169284534	5.34228848308948e-06	0.150251965206274	0.0296353393180178	AP-MS
NrasQ61R	PPP1CA	shared	no	actin_cytoskeleton	1.90239773319563	5.50892374771649e-09	0.247540881185905	0.00345558070343029	AP-MS
HrasG13R	PPP1CB	shared	yes	actin_cytoskeleton	1.85767370087755	4.51909895494696e-06	0.188160429054592	0.0137506182485323	AP-MS
NrasQ61K	PPP1CB	AP-MS	yes	actin_cytoskeleton	1.20391405816084	1.49039227254534e-05	-0.0356558588421055	0.636847821155261	AP-MS
HrasQ61R	PPP1CB	AP-MS	yes	actin_cytoskeleton	1.67441749007323	1.62148165639002e-06	0.138587350150625	0.0738974491379606	AP-MS
NrasQ61R	PPP1CB	shared	yes	actin_cytoskeleton	2.22025836072001	2.44154072646042e-08	0.372050448092675	0.000231230804125526	AP-MS
HrasG13R	PPP1CC	shared	no	plasma_membrane	2.18219645456258	2.40301358595827e-05	0.270542274848893	0.000228015981129511	AP-MS
NrasQ61K	PPP1CC	AP-MS	no	plasma_membrane	1.89735265001053	6.32630544397491e-06	0.110514269431727	0.0537923371187452	AP-MS
NrasQ61R	PPP1CC	shared	no	plasma_membrane	2.34704905408643	2.97552855013581e-07	0.259503490053132	0.00018355157554481	AP-MS
HrasQ61R	PPP1CC	shared	no	plasma_membrane	2.05299281302655	2.16795664641207e-05	0.252482387919973	0.000649526992956426	AP-MS
MEK2AA	PPP1R12A	TbID	yes	plasma_membrane	-0.101858288660401	0.632554185399457	0.895002226829376	1.32927923072195e-07	Both
MEK2DD	PPP1R12A	TbID	yes	plasma_membrane	-0.194056860391791	0.182149124368123	1.2008693771612	3.75936514602839e-09	Both
KrasS17N	PPP1R12A	AP-MS	yes	plasma_membrane	0.817504119002681	4.3910642581681e-06	-0.270216863824485	2.32781191614799e-05	Both
KrasG12D	PPP1R12A	AP-MS	yes	plasma_membrane	0.755474706418548	1.11211581441679e-06	-0.281083862302932	0.000168532714954735	Both
KrasS17N	PPP1R14C	shared	no	cytosol	0.928451623309697	0.0294913830195715	0.454077406472504	0.0004290394174871	AP-MS
KrasG12D	PPP1R14C	shared	no	cytosol	1.04058463594647	0.0161762783510635	0.453852514622464	0.000480007624365496	AP-MS
KrasG12V	PPP1R14C	shared	no	cytosol	0.902770162727324	0.0198059132584577	0.487620846777145	0.000219441460999771	AP-MS
Raf1S259F	PPP1R15A	AP-MS	no	NA	1.51656898571835	0.00014679742490556	NA	NA	AP-MS
ArafS214P	PPP1R15B	shared	no	ER	1.51407625640707	3.17413410073567e-05	0.812203976796639	2.44461621633241e-08	AP-MS
Raf1D486A	PPP1R15B	shared	no	ER	1.6930319789131	4.55182404361257e-06	0.299500111496616	0.000306871752309604	AP-MS
Raf1S257L	PPP1R15B	shared	no	ER	2.16079841168554	2.37533910791215e-07	0.555108230701566	9.74732608259726e-07	AP-MS
ArafWT	PPP1R15B	AP-MS	no	ER	1.28092311109083	3.62715543937245e-05	-0.00136004108640648	0.987104370394394	AP-MS
Raf1S259F	PPP1R15B	shared	no	ER	1.98553076191654	1.96067546275979e-05	0.53457241311458	5.77210106375835e-07	AP-MS
ArafD447A	PPP1R15B	AP-MS	no	ER	1.19124854468916	7.99611227213131e-05	-0.217594860082527	0.00257438617381654	AP-MS
MEK2DD	PPP1R18	shared	no	actin_cytoskeleton	0.843754247930892	8.86031188163622e-05	1.69390579995995	1.10226911078822e-10	TbID
MEK2DD	PPP1R2	TbID	no	cytosol	-0.0458689628469044	0.885103919250664	0.977560366925314	5.67245200901375e-07	Both
KrasG12D	PPP1R2	AP-MS	no	cytosol	0.80936907734394	5.73642493208888e-06	-0.498114224381744	6.47130299897372e-05	Both
NrasQ61R	PPP1R3E	core	no	NA	1.01915741850094	0.000910827789717218	0.862232941513235	0.000115990907564233	Both
MEK2DD	PPP1R3F	shared	no	NA	0.637963743776749	0.00392301175322082	0.94136796051071	1.83282505354962e-07	TbID
BrafG469A	PPP2CB	TbID	no	cytosol	-0.689218994223018	0.00862677253513971	0.996034137999347	2.99178326944244e-06	TbID
BrafG469A	PPP2R1B	TbID	no	cytosol	0.253381418425885	0.173555366463902	0.989310631767103	2.13867261072395e-07	TbID
ERK2AA	PPP2R1B	shared	no	cytosol	0.901374340183196	0.000234349678122381	1.20354939590714	1.20988595516801e-07	TbID
Raf1S257L	PPP2R1B	shared	no	cytosol	0.589750500987594	0.00443819719336852	0.87880952180039	3.86227639500201e-07	TbID
HrasS17N	PPP2R1B	shared	no	cytosol	0.765096145383195	0.000583874534126481	1.02444072969847	9.05535996636368e-08	TbID
Raf1S259F	PPP2R1B	shared	no	cytosol	1.09312754414073	8.49957562565841e-05	0.92505080497137	9.83143867055174e-08	TbID
BrafV600E	PPP2R5E	TbID	no	cytosol	-0.414810986466625	0.0077518707025837	0.905930541341346	1.18507372974025e-08	TbID
BrafG469A	PPP2R5E	TbID	no	cytosol	-0.289016845715433	0.0433075496120745	1.04251849548504	8.67352297214813e-10	TbID
HrasS17N	PPP2R5E	TbID	no	cytosol	-0.50546374588694	0.00189273560421109	0.879308963786257	1.99505105469493e-08	TbID
Raf1S257L	PPP2R5E	shared	no	cytosol	0.314026300463874	0.0390866370192316	0.956868849353154	4.79623324878855e-09	TbID
MEK2DD	PPP3CA	shared	yes	cytosol	0.923473842672969	3.31357444638075e-05	1.33472948376915	1.39254430764598e-09	TbID
MEK2AA	PPP3CA	shared	yes	cytosol	0.53327222861159	0.0121122707477403	1.08542484370239	1.20293691818468e-08	TbID
ArafS214P	PPP4R2	AP-MS	no	cytosol	1.19420393694705	9.95787048908856e-07	-1.61765975549461	1.29169816260985e-10	AP-MS
ArafWT	PPP4R3B	AP-MS	no	cytosol	1.33214081164934	0.0105378916479013	-1.04305307738697	2.79968814813132e-08	AP-MS
ArafS214P	PPP4R3B	AP-MS	no	cytosol	1.4234974452665	0.00750415805782059	-0.981419601217981	7.59640196736957e-08	AP-MS
ArafWT	PPP4R4	AP-MS	no	NA	1.20668865037687	0.00350655019574981	0.00364016272452506	0.966976227725695	AP-MS
Raf1S259F	PPP5C	shared	no	cytosol	3.09487391238795	2.38038908681252e-09	0.206258800063255	0.00468160214420094	AP-MS
BrafV600E	PPP5C	shared	no	cytosol	2.39204975492294	6.04815785553095e-11	0.329900150775468	0.000227105550490645	AP-MS
BrafD594N	PPP5C	shared	no	cytosol	1.40223291793787	7.93114967764537e-08	0.246681204285414	0.00341903817888022	AP-MS
ArafS214P	PPP5C	shared	no	cytosol	3.89150800334615	8.70212339146792e-10	0.239172558670493	0.00413184458790826	AP-MS
ArafWT	PPP5C	shared	no	cytosol	4.89061239620219	1.60322243212596e-14	0.701382546706437	2.04595950353452e-07	AP-MS
Raf1WT	PPP5C	shared	no	cytosol	2.89769903425843	2.28773178370448e-12	0.374056885472147	7.39553723343714e-05	AP-MS
Raf1D486A	PPP5C	shared	no	cytosol	4.00152802031136	2.75929478658962e-13	0.45415033464576	1.05087581635947e-05	AP-MS
ArafD447A	PPP5C	shared	no	cytosol	4.86132830605938	3.22612790957668e-14	0.616847775919087	5.37285248393136e-07	AP-MS
Raf1S257L	PPP5C	AP-MS	no	cytosol	2.86019192173753	2.75862916804619e-11	0.0544969441292585	0.43682013768852	AP-MS
Raf1S257L	PPP6C	shared	yes	cytosol	1.84082237159438	3.97780261574982e-07	0.525540390472453	4.4435661749868e-06	AP-MS
Raf1S259F	PPP6C	shared	yes	cytosol	1.58818977848285	5.75821273427467e-05	0.411014175262551	2.63599411197826e-05	AP-MS
ArafD447A	PPP6C	shared	yes	cytosol	1.3627844931006	1.11150515413648e-05	0.608383518219656	1.15843012234853e-06	AP-MS
ArafS214P	PPP6C	shared	yes	cytosol	1.34170717604121	0.000137193655785226	0.477703059622917	1.24610439594737e-05	AP-MS
ArafWT	PPP6C	shared	yes	cytosol	1.35245049613295	8.28463865293868e-06	0.342138775098512	0.000306620551750037	AP-MS
MEK2DD	PPP6R1	core	no	unclassified	1.07633838039894	2.32986321791735e-06	0.983584681725313	7.28678245912258e-09	Both
ArafS214P	PPP6R1	AP-MS	no	unclassified	1.54772796600394	4.82053451832337e-06	0.0477234494625199	0.514556791320022	Both
Raf1S259F	PPP6R1	AP-MS	no	unclassified	1.645785947755	1.63235013151762e-06	-0.136921014219477	0.0712818726499246	Both
Raf1S257L	PPP6R1	AP-MS	no	unclassified	1.42183396144235	6.8429927985756e-08	-0.508106850164983	9.27890828726875e-06	Both
ArafD447A	PPP6R1	AP-MS	no	unclassified	1.64200696574314	2.127037159103e-08	-0.292530518445689	0.00109475844622288	Both
ArafWT	PPP6R1	AP-MS	no	unclassified	1.78898806487049	7.19445091927176e-09	-0.124368628368101	0.104162416460199	Both
ArafWT	PPP6R2	AP-MS	no	cytosol	1.45243141354886	2.45829390667429e-07	-0.38357320206741	0.000267307945844428	AP-MS
Raf1S257L	PPP6R2	AP-MS	no	cytosol	1.17792102954733	2.06723137039243e-06	-0.675935899560171	9.74732608259726e-07	AP-MS
Raf1S257L	PPP6R3	AP-MS	no	unclassified	1.99724385296562	3.94443953832822e-09	-0.355423834953922	1.69334199888605e-05	AP-MS
ArafWT	PPP6R3	AP-MS	no	unclassified	1.30216307845674	3.6186383288978e-07	-0.277629151175924	0.000229150441384179	AP-MS
Raf1S259F	PPP6R3	AP-MS	no	unclassified	1.6950748320849	5.8379774513504e-06	-0.283793146470392	9.32411188101686e-05	AP-MS
ArafD447A	PPP6R3	AP-MS	no	unclassified	1.2071625935948	8.13717149599721e-07	-0.525249280100439	4.98455694330399e-07	AP-MS
MEK2AA	PPT2	AP-MS	no	lysosome	2.03630006687543	0.00372359138051631	NA	NA	AP-MS
MEK2WT	PPT2	AP-MS	no	lysosome	1.47714474867744	0.0292094117542419	NA	NA	AP-MS
MEK2AA	PRAG1	TbID	no	NA	0.169930774607037	0.533852746685532	0.901313068900482	9.38172282164022e-10	TbID
MEK2DD	PRAG1	TbID	no	NA	0.0133329062139054	0.948828135279186	0.904215314032864	1.17949386224598e-09	TbID
ERK2WT	PRCC	TbID	yes	nucleus	-0.407919815055516	0.523377410939479	0.962357830167039	1.89599923168115e-07	TbID
Raf1S259F	PRDM10	TbID	no	nucleus	NA	NA	0.907520005535872	2.5737148829435e-06	TbID
ArafWT	PRDM6	AP-MS	yes	NA	1.30357324287447	4.36907823711869e-06	-0.502903489835465	1.91606353111649e-05	AP-MS
Raf1S257L	PRDM8	AP-MS	yes	NA	1.16648348940379	0.00141528553935581	0.241734133877216	0.325046610643211	AP-MS
Raf1S257L	PRDX4	TbID	no	ER	0.368640396773281	0.10396200822235	0.878247318804778	6.52419662005464e-07	TbID
NrasQ61R	PRDX5	shared	yes	mitochondrion	1.26405510714878	2.63697156909721e-07	0.491125735750551	2.94833336558071e-05	AP-MS
Raf1S257L	PRELID1	TbID	no	NA	0.172573171408954	0.411148036769408	0.983725367681056	2.30892298517348e-06	TbID
MEK2DD	PREP	TbID	no	cytosol	0.273246010220268	0.0603260421916677	0.907531253069938	2.35326378663792e-08	TbID
MEK1WT	PREX2	TbID	no	NA	0.581539506881986	0.367553187992002	2.13307802763873	0.0468194109341522	TbID
NrasQ61R	PREX2	TbID	no	NA	0.50325257333225	0.289240579125446	2.24457165646106	0.0433702481068391	TbID
Raf1S257L	PREX2	TbID	no	NA	0.336235858045983	0.503441616526351	2.18844288476124	0.0397485983406094	TbID
ArafWT	PREX2	TbID	no	NA	0.253802207367937	0.651577086826657	2.1782429181667	0.0463048557753082	TbID
ArafWT	PRKACA	AP-MS	yes	unclassified	1.63613566109297	8.00746995369871e-08	0.107025832269849	0.257468949622409	AP-MS
Raf1S257L	PRKACA	shared	yes	unclassified	1.86096176509074	1.00445661495591e-08	0.369238550226536	0.00100346949243966	AP-MS
ArafS214P	PRKACA	shared	yes	unclassified	1.9178548402888	1.04018601799573e-07	0.582627173977658	3.20634041715909e-06	AP-MS
Raf1S259F	PRKACA	AP-MS	yes	unclassified	1.61297782694524	1.56272580082085e-06	0.101545251646992	0.167394589574939	AP-MS
Raf1S259F	PRKACB	shared	yes	unclassified	1.68296385218912	1.01731358750111e-05	0.32969603722373	4.86765395651418e-05	AP-MS
Raf1S257L	PRKACB	shared	yes	unclassified	1.93079909622013	6.67635617819946e-10	0.223241290085185	0.00292829705209706	AP-MS
ArafS214P	PRKACB	shared	yes	unclassified	1.70110250780178	1.23006226522208e-06	0.137175454000649	0.0372003066252816	AP-MS
ArafWT	PRKACB	shared	yes	unclassified	1.51474396112389	1.03874582466167e-08	0.164987308156905	0.0117836451815012	AP-MS
NrasQ61R	PRKAG2	core	yes	cytosol	1.02331987937396	0.000125570845994218	1.15097451149364	1.02207792622623e-09	Both
ArafWT	PRKAR1A	AP-MS	yes	ER	1.99250666810565	8.17823432424721e-09	0.0524045966921234	0.629253502526481	Both
Raf1S259F	PRKAR1A	AP-MS	yes	ER	2.31934916422472	2.85707671264447e-07	0.156403229185892	0.0977090145627196	Both
HrasG13R	PRKAR1A	TbID	yes	ER	-0.406078481549173	0.0326200725297919	0.937966561567184	8.93812913173254e-07	Both
Raf1S257L	PRKAR1A	shared	yes	ER	2.324467421087	1.23032969579165e-09	0.395998319322067	0.000892913803806969	Both
ArafD447A	PRKAR1A	shared	yes	ER	1.23232453159243	1.56050360764037e-06	0.212153140256619	0.0399687087471465	Both
ArafS214P	PRKAR1A	shared	yes	ER	2.33834320774589	2.58596467991778e-08	0.813613252472293	1.85657149819042e-06	Both
ArafWT	PRKAR1B	shared	yes	cytosol	1.74505671713953	7.56183817966204e-07	0.329184410129133	0.0112543641835492	Both
MEK2DD	PRKAR1B	TbID	yes	cytosol	0.0395989912656179	0.845910985626927	0.897142959880403	2.1570243892962e-06	Both
ArafS214P	PRKAR1B	shared	yes	cytosol	2.18168268814567	2.15808143185302e-07	0.708945499535884	1.36824138154529e-05	Both
ArafD447A	PRKAR1B	shared	yes	cytosol	1.33446117162526	3.03705553817517e-06	0.420080115844831	0.0017828426729523	Both
Raf1S259F	PRKAR1B	shared	yes	cytosol	2.23012702041615	1.12480933836096e-06	0.358228677110001	0.00341213376084618	Both
Raf1S257L	PRKAR1B	shared	yes	cytosol	2.21105459233865	1.19427053155944e-08	0.38754794344968	0.00294657461347292	Both
MEK1AA	PRKAR1B	TbID	yes	cytosol	-0.0984014352031738	0.686915787077915	0.90022368919174	1.79856710644631e-06	Both
HrasG13R	PRKAR1B	TbID	yes	cytosol	-0.164565911435787	0.36489899404277	0.850100430620821	6.07802860000675e-06	Both
MEK1AA	PRKCB	shared	yes	NA	1.25715152982643	0.00815472652386376	0.486813884997369	8.0646843604624e-07	AP-MS
HrasG13R	PRKCB	AP-MS	yes	NA	1.20091447862466	0.00813754184764446	0.0765010317734404	0.177638654411985	AP-MS
BrafG469A	PRKCD	shared	yes	plasma_membrane	0.797867888516647	3.35393391891706e-06	0.891645625259794	7.41873249923696e-09	TbID
BrafV600E	PRKCD	shared	yes	plasma_membrane	0.403786692947	0.000882083313696861	1.04791416258475	4.21470509470994e-09	TbID
HrasS17N	PRKCH	shared	yes	NA	0.631040772868048	0.000107128654274511	0.80748471310635	7.41683296095204e-09	TbID
BrafG469A	PRKCI	TbID	no	actin_cytoskeleton	0.281467889611047	0.316874194860646	1.08045287686735	3.02134288740433e-07	TbID
Raf1S259F	PRKCI	TbID	no	actin_cytoskeleton	0.554933180988567	0.0757192603999888	0.960237982760232	8.70404406388056e-07	TbID
MEK2DD	PRKCI	TbID	no	actin_cytoskeleton	0.187591180995642	0.48282407382376	1.04464107776291	2.0260026363817e-07	TbID
MEK1DD	PRKCI	shared	no	actin_cytoskeleton	0.852363903684615	0.0112659948269131	1.14345966387349	1.55202992131174e-07	TbID
HrasS17N	PRKCQ	shared	yes	NA	0.556047286499836	0.00784235775576693	1.12889545178353	2.02082929672883e-09	TbID
HrasQ61R	PRKCSH	TbID	yes	ER	-0.341536803079668	0.0647543259771916	0.879027687837886	1.56762122915383e-06	TbID
Raf1D486A	PRKCSH	TbID	yes	ER	-0.701455983059529	0.00084292165164248	1.22937785685899	1.47037723260423e-08	TbID
ArafS214P	PRKCSH	TbID	yes	ER	0.00798232977577494	0.973364499081226	1.14123964749835	3.03503208207318e-06	TbID
HrasG13R	PRKCSH	TbID	yes	ER	-0.195041708601791	0.306027765439061	1.49779975864466	4.3709558181834e-09	TbID
ERK2AA	PRMT2	TbID	no	NA	0.267656325862034	0.457271911733613	0.859253021040686	4.81632296354971e-07	Both
ArafWT	PRMT2	core	no	NA	1.35120837114703	0.000317874860319388	0.855532378162629	1.83784439992589e-07	Both
HrasS17N	PRMT2	TbID	no	NA	0.263902033766846	0.441658255643913	0.885352798968312	1.08271043283155e-07	Both
MEK2DD	PROCR	AP-MS	yes	plasma_membrane	1.59005860990098	4.16692814131321e-06	0.258902970337266	0.0610928470681043	Both
Raf1S259F	PROCR	shared	yes	plasma_membrane	0.444986850752221	0.018812436112083	1.06629583360087	1.27409158579135e-06	Both
KrasG12V	PROCR	TbID	yes	plasma_membrane	-0.236741461439494	0.028491877400182	0.776713218675258	2.9594665660829e-05	Both
HrasS17N	PROCR	TbID	yes	plasma_membrane	-0.145517277166296	0.453132448971175	0.980926920182241	3.47952199629874e-06	Both
Raf1S257L	PROCR	TbID	yes	plasma_membrane	-0.130971841742868	0.520461288157692	1.23669427812827	8.93225639238278e-07	Both
BrafG469A	PROCR	TbID	yes	plasma_membrane	-0.157361272519665	0.449590840414858	1.34942228297135	3.20634520728405e-07	Both
HrasQ61R	PROM1	TbID	yes	NA	NA	NA	1.97229591163173	9.38240460934977e-09	TbID
HrasS17N	PRORP	shared	yes	mitochondrion	0.949513988157575	1.39787898600815e-06	0.826864175910607	4.11683980655323e-08	TbID
MEK2DD	PROS1	AP-MS	yes	ER	1.0030761341093	0.00101359445231896	0.288738325106763	0.214944059014105	AP-MS
MEK2DD	PROSER2	shared	no	plasma_membrane	0.222513977693043	0.04077037815627	0.972171293043562	2.21894134919387e-10	TbID
ERK1WT	PRPF39	shared	no	cytosol	1.24287145205468	4.57897651303983e-05	0.299102627587363	0.00372968330095569	AP-MS
ERK1DD	PRPF39	shared	no	cytosol	0.997715930943985	0.000417826440993091	0.212595442761283	0.0191957703770124	AP-MS
BrafG469A	PRR11	TbID	no	mitochondrion	0.164402946328811	0.439389500008817	0.989833481427513	6.09695316291564e-07	TbID
Raf1S259F	PRR11	shared	no	mitochondrion	0.612086867191434	0.0111562426485358	0.986436946461168	1.40722625362982e-06	TbID
Raf1S257L	PRR11	TbID	no	mitochondrion	0.0309076959364709	0.90397067466786	1.09764606187874	1.969574140517e-06	TbID
BrafD594N	PRR35	AP-MS	no	NA	1.5268742699413	0.000604627692235989	NA	NA	AP-MS
NrasQ61R	PRR35	AP-MS	no	NA	1.30324185403874	0.00127936016847188	NA	NA	AP-MS
ERK2WT	PRRC2B	shared	no	stress_granule	0.828663020404543	0.00099098506659894	1.22523607807142	1.51162883459651e-08	Both
ERK2AA	PRRC2B	shared	no	stress_granule	0.952284953305771	0.000154973848819063	0.851754464235497	1.03569628313961e-06	Both
ERK1AA	PRRC2B	shared	no	stress_granule	1.06963025678615	9.37279745461435e-05	0.664017233029444	4.59011675693101e-06	Both
HrasS17N	PRRT4	core	no	NA	1.00591176334875	0.0205824583792319	1.4801142618279	9.53813895148243e-06	Both
KrasG12V	PRRT4	TbID	no	NA	0.0199592075264583	0.924725329226895	1.21720630336958	0.0384231203628499	Both
KrasG12D	PRRT4	TbID	no	NA	0.0512901611065564	0.828471745259367	1.16181309003013	0.0421138036909527	Both
KrasWT	PRRT4	TbID	no	NA	-0.0873901909374144	0.691425605676172	1.15558017898538	0.041769627725915	Both
KrasS17N	PRRT4	TbID	no	NA	0.0243863382520102	0.918601267123962	1.21175663236924	0.0300262842423405	Both
ERK2AA	PSMA6	shared	yes	proteasome	0.892036651894885	3.07201022022695e-05	0.841785628164214	1.07327664301966e-07	TbID
Raf1S257L	PSMA6	shared	yes	proteasome	0.97205967311505	6.61781973412505e-06	0.901770973645937	2.14100664589964e-08	TbID
BrafD594N	PSMB4	TbID	no	proteasome	0.138737456789067	0.531303782110439	0.841052148230378	1.06838643568662e-06	TbID
MEK2AA	PSMB4	TbID	no	proteasome	0.0976015983367723	0.693418244797947	0.960316918107433	3.5896352014028e-08	TbID
Raf1S259F	PSMB4	shared	no	proteasome	0.394371263403394	0.0257725369038542	0.914019499588642	7.59257934508445e-08	TbID
BrafWT	PSMB4	TbID	no	proteasome	-0.0847850109105318	0.707266413314809	1.09835239790526	2.2081631540783e-08	TbID
ArafWT	PSMB4	TbID	no	proteasome	0.0633582629496035	0.734930190313793	0.875855527638838	5.29974016000425e-07	TbID
ERK2AA	PSMB5	core	no	proteasome	1.30141592821815	2.01592718710348e-06	1.38736578801541	5.45799305625318e-10	Both
NrasQ61R	PSMB5	core	no	proteasome	1.2310430390964	1.0696442262334e-06	1.45196659667082	1.61151566748511e-10	Both
Raf1S257L	PSMB5	core	no	proteasome	1.29059832214681	5.91469430612721e-07	1.36255189830798	4.20389581799299e-10	Both
ArafD447A	PSMB5	shared	no	proteasome	0.300960996423077	0.0195882826188826	0.88087712142986	9.06023391475065e-09	Both
NrasQ61K	PSMB5	core	no	proteasome	1.32600583386741	7.18041653440129e-06	1.7473755500143	3.97529021471009e-11	Both
MEK2DD	PSMC2	shared	no	proteasome	0.568980787792642	0.000122162512977512	1.15920550911787	9.37443680666105e-11	TbID
ArafD447A	PSMC2	shared	no	proteasome	1.05837810313428	6.77705284810076e-07	0.910524255634324	8.13506190861427e-10	TbID
MEK2AA	PSMC2	TbID	no	proteasome	0.00711069872001563	0.972524804500826	1.0664810347303	1.00248999823739e-10	TbID
MEK1WT	PSMC2	TbID	no	proteasome	-0.099859424887166	0.533599051353381	1.01019413359829	1.09058629397472e-10	TbID
ERK2WT	PSMC2	shared	no	proteasome	0.429370031889202	0.00428807120132557	1.04041457154402	1.54776002505515e-09	TbID
MEK2DD	PSMC3	shared	no	proteasome	0.764742027093744	1.7392951161177e-05	1.26488923647226	7.43359748142415e-11	TbID
MEK2DD	PSMC4	shared	no	proteasome	0.961209467445261	1.11347157737919e-06	1.56147695440691	2.20526627510423e-11	TbID
MEK2AA	PSMC4	TbID	no	proteasome	-0.0728761392404978	0.620087253062169	0.882473479080543	1.83222889837289e-09	TbID
MEK1DD	PSMC4	shared	no	proteasome	0.501288403023059	0.000742429127774644	1.00856483136846	7.17241519872131e-09	TbID
BrafWT	PSMC5	TbID	no	proteasome	-0.346827822098126	0.0157246617779077	1.02252628827099	3.47132862114565e-10	TbID
NrasQ61K	PSMC5	TbID	no	proteasome	-0.57249492796797	0.000478070323586649	0.869718894237365	1.47278604210404e-08	TbID
ArafS214P	PSMC5	TbID	no	proteasome	0.11058538048799	0.304473317535468	1.13722550487314	3.63741549500248e-10	TbID
ERK2WT	PSMC5	TbID	no	proteasome	-0.0221919070261647	0.877715222678851	1.06131162319087	2.34039786324164e-10	TbID
Raf1S259F	PSMC5	shared	no	proteasome	0.542701588165577	0.00026106555698582	0.860994881476425	1.62867514713923e-09	TbID
MEK1DD	PSMC5	TbID	no	proteasome	0.196959753950437	0.0736171388050759	1.58140999301887	1.0126051814973e-10	TbID
HrasWT	PSMC5	TbID	no	proteasome	-0.570323292544818	0.000343705639164066	0.902018366314486	1.52295704634998e-08	TbID
MEK2WT	PSMC5	TbID	no	proteasome	-0.137170873076269	0.387525172435547	1.27732931207136	8.76386252963756e-11	TbID
BrafD594N	PSMC5	TbID	no	proteasome	-0.0209094091050592	0.908428211450969	1.11033759810671	6.80080079176892e-11	TbID
MEK2AA	PSMC5	TbID	no	proteasome	-0.128808475284316	0.358632568716278	1.38179334198693	6.55218924104585e-12	TbID
MEK1WT	PSMC5	TbID	no	proteasome	-0.258099055723713	0.0596388641026056	1.35629091727414	1.34736538973977e-11	TbID
ERK2AA	PSMC5	TbID	no	proteasome	-0.407713596045735	0.00190777866821052	1.02618575865987	6.63117388454569e-09	TbID
HrasG13R	PSMC5	TbID	no	proteasome	-0.530893441244131	0.0036626011154444	0.873127038866743	1.32989628489335e-08	TbID
BrafV600E	PSMC5	TbID	no	proteasome	0.000660574824035237	0.995601056505977	0.951758218908942	1.83112347412257e-10	TbID
MEK2DD	PSMC5	shared	no	proteasome	0.696798463998189	2.30290803325772e-05	1.95805613835844	8.22785035723479e-13	TbID
Raf1S257L	PSMC5	shared	no	proteasome	0.620785246744009	4.6018184520296e-05	0.985079060235211	2.10297171428783e-10	TbID
MEK2DD	PSMC6	shared	no	proteasome	1.16455652455093	2.04692992329288e-07	0.587624900265294	1.5317587344121e-07	AP-MS
Raf1S259F	PSMC6	shared	no	proteasome	1.28726577807338	1.5995458481293e-07	0.194954283862009	0.00289615017387031	AP-MS
Raf1S257L	PSMC6	shared	no	proteasome	1.21730028897703	3.96723308205269e-08	0.128529779953149	0.0374922944979686	AP-MS
Raf1S259F	PSMD1	shared	no	proteasome	1.35475243070699	8.23976711184336e-07	0.296487961456819	2.28559708536653e-05	AP-MS
KrasS17N	PSMD1	AP-MS	no	proteasome	1.09141669819035	1.99295663367607e-07	-0.08552760340765	0.0399655395132407	AP-MS
KrasG12D	PSMD1	AP-MS	no	proteasome	1.14147908010263	1.75294406579111e-07	-0.105141351714622	0.0265813921152482	AP-MS
Raf1S257L	PSMD1	shared	no	proteasome	1.384283963263	9.56137869007522e-09	0.320585255267121	3.18538347838818e-05	AP-MS
KrasWT	PSMD1	AP-MS	no	proteasome	1.03811318425992	8.10813030354591e-07	0.0377909527290061	0.335601793266089	AP-MS
MEK2DD	PSMD1	shared	no	proteasome	1.07301595090668	3.09464288754206e-07	0.562273615693431	2.79087275753124e-08	AP-MS
KrasG12V	PSMD1	AP-MS	no	proteasome	0.992690516369468	1.14532429626778e-08	-0.1242895381191	0.0233196900586841	AP-MS
KrasS17N	PSMD11	AP-MS	no	proteasome	1.01523578120674	6.29459509000196e-07	-0.144449974350241	0.00814664011979838	Both
KrasG12V	PSMD11	AP-MS	no	proteasome	1.00676952249765	1.08363392435187e-08	-0.0911612084224256	0.0490984248319426	Both
Raf1S259F	PSMD11	shared	no	proteasome	1.43513818797704	6.66400684697501e-08	0.655011415964208	8.8218495325044e-08	Both
KrasWT	PSMD11	shared	no	proteasome	0.970938583180944	4.81181367153441e-07	0.140011277370762	0.0415823939389943	Both
BrafG469A	PSMD11	TbID	no	proteasome	-0.383843808904372	0.000568917960725453	0.889171396990042	8.11295915594969e-09	Both
Raf1S257L	PSMD11	shared	no	proteasome	1.45147478451094	8.51889240686045e-10	0.787023032732193	2.80719267099208e-08	Both
KrasG12D	PSMD11	AP-MS	no	proteasome	0.972053266658506	1.0760775368955e-06	-0.060262598358678	0.214405425734802	Both
MEK2DD	PSMD11	shared	no	proteasome	1.1377329943856	4.13852395489545e-08	0.346469843413097	5.00231074470082e-05	Both
Raf1S259F	PSMD12	shared	yes	proteasome	1.52056076140058	3.59945346913395e-07	0.680491969599266	3.98807761212952e-08	Both
Raf1S257L	PSMD12	shared	yes	proteasome	1.24985228904729	7.74173145493347e-07	0.751554517924776	2.87248250613735e-07	Both
MEK2DD	PSMD12	shared	yes	proteasome	1.28968607885468	2.61375717219816e-06	0.734090032089629	4.51784606361909e-09	Both
BrafG469A	PSMD12	TbID	yes	proteasome	-0.267110257687497	0.0764699231733962	0.883519918866924	9.69410245656983e-10	Both
KrasG12D	PSMD12	AP-MS	yes	proteasome	0.98060369617381	3.8500762472475e-07	-0.0156063931071131	0.811916497570346	Both
KrasWT	PSMD12	AP-MS	yes	proteasome	0.932159486781455	1.13533982626499e-06	0.128883664682187	0.0995322307382008	Both
KrasS17N	PSMD12	AP-MS	yes	proteasome	0.971410735981904	9.22986104397232e-06	-0.0905910582331479	0.0786226424998746	Both
KrasG12V	PSMD12	AP-MS	yes	proteasome	0.939310098896966	8.68627860185581e-08	-0.112024822961125	0.0213831522978712	Both
KrasWT	PSMD13	shared	no	proteasome	0.922651549502927	2.80612824585393e-06	0.237946856244012	0.00381824973817999	AP-MS
Raf1S257L	PSMD13	shared	no	proteasome	1.19421561361166	9.18178894750585e-07	0.260492085584198	0.000857098303259594	AP-MS
KrasG12D	PSMD13	AP-MS	no	proteasome	0.851170711159595	1.82823649299259e-06	0.102584111446912	0.087854110802186	AP-MS
KrasG12V	PSMD13	AP-MS	no	proteasome	0.867084891133548	1.57829819267694e-07	0.0461847242238456	0.272704800509156	AP-MS
KrasS17N	PSMD13	AP-MS	no	proteasome	0.949316153032848	1.39536767762812e-06	0.074071973308607	0.108669619463519	AP-MS
Raf1S259F	PSMD13	shared	no	proteasome	1.4715541012898	4.18427794556437e-07	0.43007275232472	3.41590736182539e-06	AP-MS
MEK2DD	PSMD13	shared	no	proteasome	1.36013222073521	1.36717070354e-06	0.289966830786149	6.74900668268751e-05	AP-MS
MEK2DD	PSMD14	shared	no	proteasome	1.38281021794886	1.3219589264388e-06	0.304982459567694	0.0215821291472676	AP-MS
Raf1S259F	PSMD14	shared	no	proteasome	1.23959804986769	7.49142929457646e-06	0.42079854854526	0.00462027563773506	AP-MS
Raf1S257L	PSMD14	AP-MS	no	proteasome	1.17109600713567	1.8888068765824e-06	0.23800230467339	0.108304441496096	AP-MS
KrasG12D	PSMD2	AP-MS	no	proteasome	1.13219751702943	1.50437960531498e-07	-0.020528105960901	0.635293259132446	AP-MS
Raf1S259F	PSMD2	shared	no	proteasome	1.38935706236001	1.69998209065301e-07	0.513919883984039	6.49399440895725e-06	AP-MS
MEK2DD	PSMD2	shared	no	proteasome	1.07990981228403	1.32689087620774e-07	0.612908969909504	1.82525882326376e-06	AP-MS
KrasS17N	PSMD2	AP-MS	no	proteasome	1.11585510025104	3.28980297334516e-07	-0.0993130207014445	0.0180789816031131	AP-MS
KrasWT	PSMD2	AP-MS	no	proteasome	0.977448170256835	1.49903824508913e-06	-0.00197519978732608	0.969504047281124	AP-MS
KrasG12V	PSMD2	AP-MS	no	proteasome	0.996165288898613	4.37617884165601e-08	-0.0610843089797246	0.194922681454997	AP-MS
ERK2WT	PSMD3	AP-MS	no	proteasome	1.01911367401027	7.60321248199274e-06	0.0437181210753337	0.678941302962964	AP-MS
KrasG12D	PSMD4	shared	no	proteasome	0.733029759260235	9.84070666883875e-07	0.23075607597611	0.000594379860054801	AP-MS
KrasS17N	PSMD4	shared	no	proteasome	0.739929779706188	2.59112339276429e-06	0.212601994018225	0.000464620639551775	AP-MS
BrafG469A	PSMD6	TbID	yes	proteasome	-0.406952008014276	0.00783391243455213	0.922853051416955	1.53550031462145e-07	TbID
Raf1S259F	PSMD7	shared	no	proteasome	1.69109894477961	4.70576537113725e-08	0.3384412030086	0.000194852732037203	AP-MS
KrasS17N	PSMD7	AP-MS	no	proteasome	1.00536385903294	3.72521007528416e-06	-0.0350508704743753	0.528505448505236	AP-MS
MEK2DD	PSMD7	shared	no	proteasome	1.30243300858851	1.07852201193062e-06	0.332265528634694	0.000351022105282279	AP-MS
Raf1S257L	PSMD7	AP-MS	no	proteasome	1.45116231941517	6.03588148391181e-08	0.130204625877682	0.0852571527896092	AP-MS
KrasG12V	PSMD7	AP-MS	no	proteasome	0.925458254164186	5.95826748860713e-08	-0.0470027439714507	0.448395004768278	AP-MS
KrasG12D	PSMD7	AP-MS	no	proteasome	0.952603098101921	9.16274722241827e-07	-0.0313842477310367	0.650842685776936	AP-MS
KrasWT	PSMD7	AP-MS	no	proteasome	0.890423073182916	2.66062109135098e-06	0.0506219776360268	0.422174069734915	AP-MS
MEK2DD	PSMD9	TbID	no	cytosol	0.0660120338406656	0.634503289745375	1.23486593680995	8.5153915979176e-10	TbID
BrafG469A	PSME4	TbID	no	proteasome	0.0686169879702038	0.931865563642514	1.04832642511893	1.45010758914398e-08	TbID
HrasG13R	PSPC1	shared	no	nucleus	1.2256110444386	0.0385766216205742	0.303029191744666	0.00100339576972887	AP-MS
Raf1D486A	PTDSS1	shared	yes	ER	0.608995569311424	0.000245893361334609	0.891117130606869	1.45821540750477e-06	TbID
KrasG12D	PTMA	AP-MS	no	cytosol	1.42651581936682	1.51605858803958e-05	-0.00589892630776845	0.972539750826105	AP-MS
KrasS17N	PTMA	AP-MS	no	cytosol	1.40454232677106	3.08346863902706e-05	-0.0852182947206934	0.581455994837173	AP-MS
KrasG12V	PTMA	AP-MS	no	cytosol	1.35036399119503	5.06617959876727e-07	-0.052703890512559	0.79088847838575	AP-MS
KrasWT	PTMA	AP-MS	no	cytosol	1.31504731676757	4.40693654265336e-05	-0.25310260092404	0.153250098628468	AP-MS
NrasQ61R	PTMS	TbID	no	cytosol	NA	NA	1.31279056042767	1.18522139561748e-05	TbID
ERK2WT	PTPDC1	shared	no	cytosol	0.913546307812471	0.0471811280628045	1.23842784539267	7.92150069090841e-08	Both
ERK2DD	PTPDC1	TbID	no	cytosol	0.394815024076402	0.358224994952971	1.19004533859478	2.74879732879405e-07	Both
ERK1WT	PTPDC1	core	no	cytosol	2.094082399351	0.000393390896628153	1.78912790739101	3.28498054942649e-09	Both
ERK1AA	PTPDC1	shared	no	cytosol	0.940515624662652	0.0268518996627001	1.31896324945528	6.08719814278824e-07	Both
ERK2AA	PTPDC1	TbID	no	cytosol	0.757387796324426	0.0703353518417915	1.42804161499168	1.66052257354962e-08	Both
ERK1DD	PTPDC1	core	no	cytosol	1.22655462176476	0.0104480861897248	1.6447453642493	4.82851052943332e-09	Both
MEK2DD	PTPN12	shared	yes	nucleus	0.644649515096181	0.000111504833830251	1.216071219837	4.80520600665667e-10	TbID
MEK1AA	PTPRE	AP-MS	no	NA	1.67634845407847	0.0196573399549534	NA	NA	AP-MS
MEK2DD	PTPRE	AP-MS	no	NA	1.44118914697045	0.00161116008853811	NA	NA	AP-MS
MEK1DD	PTPRE	AP-MS	no	NA	1.33016099343068	0.00389651694615714	NA	NA	AP-MS
ERK1DD	PTPRZ1	TbID	no	NA	0.915159551568253	0.120566122081792	1.39326496635485	0.000583363143888151	Both
ERK2AA	PTPRZ1	TbID	no	NA	0.957403066812094	0.0879655090770885	1.22296747876671	0.000926373787766682	Both
BrafWT	PTPRZ1	TbID	no	NA	0.926612658204922	0.133275974985714	1.37378062585348	0.000334362808960938	Both
ERK2DD	PTPRZ1	TbID	no	NA	0.612615176070976	0.274372687964642	0.993300317899732	0.0029916724824669	Both
ERK1WT	PTPRZ1	TbID	no	NA	0.953237153399765	0.115279968419523	0.948086474970676	0.00816741803394082	Both
HrasS17N	PTPRZ1	core	no	NA	2.36252587135808	0.000299812543792264	3.00835358439682	1.20983542722682e-07	Both
NrasQ61K	PTPRZ1	TbID	no	NA	0.659543648404923	0.261209323046114	1.38208633879057	0.000455714560173186	Both
ERK2WT	PTPRZ1	TbID	no	NA	1.04175297947305	0.0791932780732898	1.00837681635828	0.00343511093784811	Both
ArafD447A	PTPRZ1	TbID	no	NA	0.553737456150712	0.336526622181172	1.11952774922941	0.00108486032491985	Both
ArafWT	PTPRZ1	core	no	NA	1.33253773412272	0.0166039991375868	2.49573288860638	1.41311883942944e-06	Both
Raf1WT	PTPRZ1	TbID	no	NA	0.695311555775736	0.310306517189674	1.16777235634258	0.000825298289986815	Both
Raf1S259F	PTPRZ1	TbID	no	NA	0.0852312093924314	0.897423302280956	1.21987177171676	0.000474969742475477	Both
NrasQ61R	PTPRZ1	TbID	no	NA	0.589969872228058	0.298830048933109	0.972505224921808	0.00445375552469148	Both
HrasQ61R	PTPRZ1	TbID	no	NA	0.835891692560276	0.142066688790532	1.10937855816405	0.00174977545803968	Both
BrafG469A	PTRH2	TbID	yes	ER	-0.447942332486908	0.0337976300341674	0.880296192965152	1.81645774786777e-07	TbID
ArafS214P	PTRHD1	TbID	no	mitochondrion	0.300568149172018	0.376029525535884	0.988197376142155	2.16713474061681e-06	TbID
HrasG13R	PTRHD1	shared	no	mitochondrion	0.712591894211821	0.0478385881765011	0.797645924596794	2.87579969280666e-05	TbID
MEK2DD	PTTG1IP	shared	no	mitochondrion	1.13625232861371	0.00126283197633842	0.639339070238739	2.95272827030276e-05	AP-MS
NrasQ61R	PTX3	TbID	no	NA	0.283081703582829	0.200366437330308	2.11975626196976	4.82899867887729e-09	TbID
KrasG12V	PTX3	TbID	no	NA	-0.1381085188726	0.12923595625449	1.01734181769137	1.75375906967656e-05	TbID
KrasS17N	PTX3	TbID	no	NA	0.108071258892721	0.391993984303606	0.831730846481618	2.50623308243718e-05	TbID
KrasG12V	PUM3	TbID	no	nucleolus	0.190635570504138	0.343830199265297	0.831670463760734	3.96890603191398e-06	TbID
MEK2DD	PVR	shared	yes	plasma_membrane	1.25125612314636	8.21641115365153e-05	0.549998440776556	0.028592128681189	Both
BrafG469A	PVR	TbID	yes	plasma_membrane	0.0768828126939242	0.778576913970955	0.933714295164976	0.000606599488113162	Both
KrasS17N	PVR	TbID	yes	plasma_membrane	-0.0328046530075063	0.808449844319336	0.796997986704712	0.00071246812256794	Both
MEK2DD	PXDC1	AP-MS	no	NA	1.76718168587391	0.0013104293675062	NA	NA	AP-MS
HrasS17N	PXDN	shared	yes	ER	0.653139139413148	0.000686822544517838	0.899319298370295	1.10436802826525e-07	TbID
KrasWT	PXMP2	TbID	no	peroxisome	-0.265785990455283	0.0187322730256024	0.801432916375203	5.93771733867869e-06	TbID
HrasS17N	PXMP4	TbID	no	NA	NA	NA	1.23739036890684	1.40321551071059e-07	TbID
MEK2DD	PXN	shared	no	cytosol	0.440606315586196	0.00486730613470332	1.12716957992736	2.22837279377979e-09	TbID
HrasS17N	PYGO1	AP-MS	no	NA	1.33470617264287	0.000107046972237527	NA	NA	AP-MS
NrasQ61R	PYGO1	AP-MS	no	NA	1.38434497898968	8.04553221178551e-05	NA	NA	AP-MS
MEK2DD	Q6ZSR9	shared	no	NA	0.828847974646062	0.0126225358180045	1.73935412992352	2.29738916962822e-10	TbID
MEK2AA	Q6ZSR9	TbID	no	NA	0.281619807508143	0.497367872108244	1.18209902930088	1.06897282271689e-08	TbID
MEK1WT	Q6ZSR9	TbID	no	NA	-0.121099721412493	0.817541223638914	0.893087019866466	1.80641852457454e-07	TbID
MEK1AA	Q6ZSR9	TbID	no	NA	0.541378108376968	0.136101943212637	0.907502504322804	2.43687392251266e-07	TbID
ArafWT	RAB11FIP3	AP-MS	no	NA	2.24744564023992	6.2350698745068e-06	NA	NA	AP-MS
ArafS214P	RAB11FIP3	AP-MS	no	NA	1.43391787795873	0.000300567394306365	NA	NA	AP-MS
Raf1D486A	RAB14	TbID	no	early_endosome	-0.522838763834036	0.00200680357629464	0.992820656230346	6.58165788438428e-07	TbID
BrafG469A	RAB18	TbID	yes	ERGIC	-0.299648761426175	0.135457740706713	0.848793597258392	7.30001256212962e-08	TbID
MEK2DD	RAB1A	AP-MS	no	Golgi	1.09021444051481	0.00200799970476807	0.0307718263102774	0.672460582656834	Both
Raf1D486A	RAB1A	TbID	no	Golgi	-1.17890688145794	0.00206083287004427	0.855358510717361	4.48807677551737e-06	Both
Raf1D486A	RAB1B	TbID	no	Golgi	NA	NA	0.967713737129146	5.67185083173119e-07	TbID
HrasS17N	RAB20	TbID	no	unclassified	NA	NA	0.812413527994328	3.43589415987398e-08	TbID
Raf1S259F	RAB20	TbID	no	unclassified	NA	NA	0.937235545342518	3.68008479917204e-09	TbID
MEK2DD	RAB27A	shared	yes	NA	1.15916277756086	0.00211735655832838	0.354088318523254	0.00129285690886777	AP-MS
HrasG13R	RAB2A	TbID	no	Golgi	-0.143302827261924	0.458193634473523	0.853433481631298	8.3916339568807e-06	TbID
Raf1D486A	RAB2A	TbID	no	Golgi	-0.159135880774501	0.395611202394067	0.917227083074291	1.69119788953494e-06	TbID
BrafG469A	RAB30	TbID	no	Golgi	NA	NA	0.965270058382132	1.98064496009844e-05	TbID
BrafG469A	RAB31	TbID	no	early_endosome	NA	NA	0.99184069392669	2.61371638883109e-06	TbID
Raf1D486A	RAB31	TbID	no	early_endosome	NA	NA	0.890368262652621	7.70031453453322e-06	TbID
BrafG469A	RAB32	TbID	yes	recycling_endosome	-0.184689193633901	0.585317993832299	0.98319536865069	5.19671241194911e-08	TbID
MEK1DD	RAB32	TbID	yes	recycling_endosome	-0.285395949571137	0.38937937856602	0.916067722096501	1.51174122923235e-07	TbID
ERK2DD	RAB32	TbID	yes	recycling_endosome	-0.781126330608284	0.0173645660990402	1.15926219211328	1.27036897018921e-07	TbID
HrasQ61R	RAB32	TbID	yes	recycling_endosome	-0.349570439289623	0.309118854381288	1.05986782560404	6.4384599766579e-07	TbID
Raf1S259F	RAB32	TbID	yes	recycling_endosome	-0.346453693216723	0.265772718537791	1.50156174375258	1.58048629882203e-09	TbID
ArafWT	RAB32	TbID	yes	recycling_endosome	-0.223936774730724	0.476264514789648	1.6816422163088	4.59178980785778e-10	TbID
Raf1S257L	RAB32	TbID	yes	recycling_endosome	-0.560025838953004	0.0848978927829511	0.851359134357287	3.81697080731314e-07	TbID
ArafS214P	RAB32	TbID	yes	recycling_endosome	-0.726801924021772	0.0258539815008587	1.28273254452584	1.17679609626788e-08	TbID
BrafWT	RAB32	TbID	yes	recycling_endosome	-0.695200350616112	0.0493597397720086	1.31296455614667	1.64235691340802e-08	TbID
HrasS17N	RAB32	TbID	yes	recycling_endosome	-0.504779505988596	0.131560065919144	1.21508317444778	3.20265846041164e-08	TbID
MEK1WT	RAB32	TbID	yes	recycling_endosome	0.295272043094012	0.533692192189002	1.0924476791583	2.5678788368415e-08	TbID
MEK2AA	RAB32	TbID	yes	recycling_endosome	0.52302973858829	0.225808696781277	1.09533243623878	1.374988408469e-08	TbID
Raf1D486A	RAB32	TbID	yes	recycling_endosome	-0.691137435361691	0.035927172792182	1.28549060028873	1.62364675663718e-08	TbID
NrasWT	RAB32	TbID	yes	recycling_endosome	-2.18381257028526	0.000141503962289727	0.897301241438349	2.7788025021685e-06	TbID
MEK1WT	RAB3C	TbID	no	NA	NA	NA	1.91493829405407	0.000197077465217394	TbID
MEK2DD	RAB3C	TbID	no	NA	NA	NA	1.78749993934377	0.000238147654310133	TbID
BrafG469A	RAB43	TbID	no	trans-Golgi	NA	NA	0.943140731016839	1.76890441296362e-07	TbID
MEK2DD	RAB6A	AP-MS	no	Golgi	1.05406338744415	0.000144410507484221	0.134386429107095	0.0745506650051986	AP-MS
Raf1D486A	RAB7A	TbID	yes	early_endosome	-0.450772207689676	0.00766239194428928	0.971747928005984	1.14109124795244e-07	TbID
KrasS17N	RABAC1	TbID	no	Golgi	NA	NA	0.776132253744516	0.000278454356134059	TbID
KrasG12V	RABAC1	TbID	no	Golgi	NA	NA	0.784962633142676	0.000175613964019456	TbID
Raf1D486A	RABGGTA	TbID	no	cytosol	0.0821967307572427	0.687755810352338	1.01055185231649	0.000221886390610826	TbID
ArafD447A	RABIF	shared	no	cytosol	0.598868702744931	0.00894859557959712	1.6328018591723	0.00241714789254723	Both
Raf1S257L	RABIF	TbID	no	cytosol	0.0550588572151504	0.832511588955089	1.64406424728544	0.00153723373960845	Both
HrasQ61R	RABIF	AP-MS	no	cytosol	1.08810042105973	0.00195882174211041	0.94352722317962	0.0990332144866092	Both
MEK2DD	RABIF	shared	no	cytosol	1.13114971892258	0.000138702389195979	1.45650150657386	0.0033252864175176	Both
HrasG13R	RABIF	AP-MS	no	cytosol	1.14250517271725	0.00643246351777002	1.02724333871767	0.0884546030168806	Both
BrafV600E	RAC2	shared	yes	NA	0.916762167014752	0.00617903849461197	1.72615488667052	6.25323151233513e-11	Both
BrafG469A	RAC2	TbID	yes	NA	0.202546441085371	0.501249240174778	0.91291578822828	1.53550031462145e-07	Both
ERK2AA	RAC2	shared	yes	NA	0.703944857123818	0.027344264322094	1.0186676642398	1.12420260985181e-07	Both
Raf1S259F	RAC2	TbID	yes	NA	0.382357133652258	0.20365945053196	1.10544674633598	9.05710862936944e-09	Both
NrasQ61R	RAC2	core	yes	NA	1.75687679041029	3.14500784278627e-05	0.95091125177603	2.09518903136961e-07	Both
MEK2DD	RAC2	shared	yes	NA	1.2211016609135	0.000669040494673565	0.869058363132065	8.56036870436883e-08	Both
NrasQ61R	RAC3	shared	yes	actin_cytoskeleton	1.13942827416187	5.35955397479659e-05	0.444679292548204	0.000260312346841593	AP-MS
BrafG469A	RACK1	shared	no	translation	0.379514419403085	0.0336305559044477	0.900253589888022	1.83106345225489e-09	TbID
KrasG12D	RADIL	core	no	plasma_membrane	2.6489264845853	3.37622018381855e-09	0.990928419642412	1.90483243433119e-06	Both
NrasWT	RADIL	AP-MS	no	plasma_membrane	1.01080831426836	0.000313399243022743	0.0737984758769045	0.513083979343626	Both
NrasQ61K	RADIL	shared	no	plasma_membrane	2.89830068108733	4.09782032027463e-08	0.585771967680897	0.000361626779992229	Both
KrasG12V	RADIL	core	no	plasma_membrane	2.60076023031178	3.07040646329934e-11	0.926848307038965	8.94108910597086e-07	Both
NrasQ61R	RADIL	core	no	plasma_membrane	4.79832645141348	2.03968826957446e-09	0.835824150998482	7.89123745646701e-06	Both
HrasQ61R	RADIL	AP-MS	no	plasma_membrane	2.24634961919876	4.7808307215683e-06	0.122449329267085	0.282971911495588	Both
HrasG13R	RADIL	AP-MS	no	plasma_membrane	1.72404921825303	8.97104906136384e-05	0.0344780708849828	0.768629404668769	Both
BrafD594N	RADX	shared	no	cytosol	0.788434683408652	0.000362914155037375	1.33395399990357	6.6830736666769e-11	TbID
MEK1AA	RAF1	shared	yes	14-3-3_scaffold	1.08785894047587	0.000519582040728999	0.616533645621443	2.17841676431666e-08	Both
BrafV600E	RAF1	shared	yes	14-3-3_scaffold	1.47554157570517	1.89116323028327e-06	0.606206905585572	1.5635793746213e-08	Both
MEK2AA	RAF1	core	yes	14-3-3_scaffold	5.66509917968595	1.20607525571289e-12	2.66621092310434	7.57577787436779e-14	Both
MEK2DD	RAF1	core	yes	14-3-3_scaffold	5.38908647429748	1.18310347331503e-12	1.67099326435134	5.19121367388698e-12	Both
MEK1WT	RAF1	shared	yes	14-3-3_scaffold	1.49072286510892	8.32606109554084e-05	0.823680567611585	1.28170669543923e-09	Both
NrasQ61R	RAF1	core	yes	14-3-3_scaffold	4.94666931167492	6.59984885274272e-11	2.80662059099108	2.34820677183515e-12	Both
NrasWT	RAF1	core	yes	14-3-3_scaffold	2.22345470025341	6.23069213987185e-07	1.05854734621256	5.71203620259319e-09	Both
HrasWT	RAF1	core	yes	14-3-3_scaffold	2.01781019358385	1.45084150088748e-07	1.15117881968506	6.74895648545243e-09	Both
KrasG12V	RAF1	core	yes	14-3-3_scaffold	3.95214218192912	1.25619855602005e-13	2.60764338371267	4.49939944935192e-08	Both
MEK1DD	RAF1	core	yes	14-3-3_scaffold	5.14788121306792	9.19265612791462e-11	1.38774169567146	1.16701414726831e-10	Both
NrasQ61K	RAF1	core	yes	14-3-3_scaffold	4.7732150795035	1.22280171553535e-10	3.32624779545896	7.51073948251926e-14	Both
KrasG12D	RAF1	core	yes	14-3-3_scaffold	3.93982696363555	1.19071447308259e-11	2.67073956838312	1.77765960614439e-08	Both
Raf1S257L	RAF1	core	yes	14-3-3_scaffold	7.8856922586718	2.63610598496179e-14	6.01319722873313	7.58579923190651e-18	Both
HrasQ61R	RAF1	core	yes	14-3-3_scaffold	4.15544351555711	1.04234814006058e-08	2.7863713148947	1.07521577430951e-13	Both
MEK2WT	RAF1	core	yes	14-3-3_scaffold	5.80564069233627	7.798357314081e-13	2.54106990582578	2.43203043291027e-13	Both
Raf1D486A	RAF1	core	yes	14-3-3_scaffold	7.99944050948825	1.10355568158036e-13	5.71715610717074	2.00424358408414e-18	Both
BrafD594N	RAF1	core	yes	14-3-3_scaffold	1.64807491556268	6.36830180823649e-07	0.88022087901297	9.29630720375464e-10	Both
HrasG13R	RAF1	core	yes	14-3-3_scaffold	4.21228069827581	7.96439820865498e-07	2.76226664919232	1.52106253995143e-12	Both
Raf1S259F	RAF1	core	yes	14-3-3_scaffold	7.4263174384751	2.19892102454931e-10	5.81617743564306	6.86301598135527e-17	Both
KrasWT	RAF1	core	yes	14-3-3_scaffold	1.43767688850238	2.57144920192098e-08	0.86648400213415	1.96455596198448e-05	Both
Raf1WT	RAF1	core	yes	14-3-3_scaffold	8.18053186315654	6.4575177496384e-15	6.3070991943552	1.18594413034993e-18	Both
ERK2DD	RAI2	shared	no	NA	0.979169018680274	0.000281335773064506	0.405058908390113	0.00353534550032498	Both
ERK1DD	RAI2	shared	no	NA	0.784177905529091	0.00239835706425554	0.910276023944331	7.59659999235372e-06	Both
ERK1WT	RAI2	TbID	no	NA	0.435017061482255	0.0531022852965244	0.842673730043555	0.000109165016051403	Both
ERK2WT	RAI2	TbID	no	NA	-0.0339694659477625	0.907127324375574	1.03558268622881	6.83075829414824e-07	Both
ERK1AA	RAI2	shared	no	NA	0.749963751575447	0.00181642431524079	0.854527958576266	4.44135894291644e-06	Both
HrasG13R	RALA	TbID	yes	plasma_membrane	0.159501072592665	0.771634758395736	0.818025428947368	2.92728750769296e-06	TbID
BrafG469A	RALB	TbID	no	plasma_membrane	-0.236016601699497	0.427440025384007	1.02286071684888	2.24101903870327e-06	TbID
HrasG13R	RALB	TbID	no	plasma_membrane	0.543960866586503	0.220707846062997	0.959621154277676	3.44178406142756e-06	TbID
ArafS214P	RALB	TbID	no	plasma_membrane	0.272229733933213	0.53128117835551	0.8543681030939	5.75028160404016e-06	TbID
KrasWT	RALGDS	shared	no	NA	0.17120188898771	0.00550082662385329	0.833475482236133	0.0355397657933948	Both
NrasQ61K	RALGDS	core	no	NA	1.24707144905347	0.000113486771028889	1.52131703912943	6.41406177428782e-05	Both
NrasQ61R	RALGDS	core	no	NA	2.10474210233413	7.40548349812499e-07	2.10895402317829	2.95328037175357e-06	Both
HrasG13R	RALGDS	shared	no	NA	0.847535721102156	0.0260337573580333	1.50044184811888	4.64224276771427e-05	Both
HrasQ61R	RALGDS	core	no	NA	1.17523761966439	0.00063854833443088	1.52903757679331	5.03294031758764e-05	Both
KrasG12D	RALGDS	core	no	NA	0.786349094995231	1.79532346212818e-06	2.80631885217655	2.65392217510693e-05	Both
KrasG12V	RALGDS	core	no	NA	0.836427167414845	1.46841241923264e-08	2.74610385790828	4.20578333304411e-05	Both
BrafG469A	RAMAC	AP-MS	no	NA	1.46834875938224	0.000204150579954285	-0.505161341877999	8.95033956680576e-05	AP-MS
BrafG469A	RANBP6	TbID	no	mitochondrion	-0.443483039670768	0.00526200824856126	0.901483414639398	5.81108226898763e-08	TbID
ArafS214P	RANBP9	shared	no	cytosol	1.28093570719295	3.52997330619002e-07	0.399589319874771	3.78000268452853e-05	AP-MS
Raf1S259F	RANBP9	shared	no	cytosol	1.42343656127647	8.13339922133817e-08	0.336554142269703	0.00014840817663252	AP-MS
Raf1S257L	RANBP9	shared	no	cytosol	1.21867441291548	4.55527546454175e-08	0.471896757041243	1.97958428365564e-05	AP-MS
MEK2DD	RANGAP1	TbID	no	ER	0.0813515493311604	0.471585660159618	0.874521540530435	1.79739643738093e-08	TbID
HrasWT	RAP1B	TbID	yes	plasma_membrane	-0.127899740856061	0.840077192928439	2.46633588761869	1.2530257724106e-08	Both
NrasS17N	RAP1B	TbID	yes	plasma_membrane	0.00429066046660049	0.992916792746812	1.16171166853012	6.37033990571871e-07	Both
KrasG12V	RAP1B	shared	yes	plasma_membrane	1.71465161161366	1.43369931215162e-05	0.487203526759119	0.000730916467073362	Both
HrasG13R	RAP1B	TbID	yes	plasma_membrane	-0.149616633724873	0.753186111919895	1.68475073291617	1.19861198759258e-07	Both
Raf1D486A	RAP1B	TbID	yes	plasma_membrane	-0.0936751538615859	0.846461293029274	0.974712251817324	5.75190234308593e-07	Both
KrasG12D	RAP1B	shared	yes	plasma_membrane	1.6955267599654	3.07943893000735e-05	0.458899347173686	0.00150792684393754	Both
NrasQ61K	RAP1B	TbID	yes	plasma_membrane	-0.0825303265966213	0.861288041938783	1.07916887469431	5.15867124290983e-06	Both
HrasS17N	RAP1B	TbID	yes	plasma_membrane	-0.133085080677539	0.776547854663453	1.05842930354679	1.12819562107721e-06	Both
HrasQ61R	RAP1B	TbID	yes	plasma_membrane	0.0243818118230236	0.967062178222014	1.92902890089396	2.8595182360355e-08	Both
KrasS17N	RAP1B	shared	yes	plasma_membrane	1.58454705474152	9.3925521603802e-05	0.424627933292349	0.00242679765604856	Both
KrasWT	RAP1B	shared	yes	plasma_membrane	1.60504068822369	0.000146215657322197	0.411560860829766	0.00517348662153424	Both
ERK2AA	RAP1GAP	TbID	yes	NA	0.362300676101972	0.222565104111425	1.44806003618926	8.63075784903606e-10	TbID
ERK1WT	RAP1GAP	TbID	yes	NA	0.50609339215698	0.11040403490127	1.10359913381376	1.26018163675619e-09	TbID
ERK1AA	RAP1GAP	TbID	yes	NA	0.344899779235403	0.250208359425535	1.62523498147491	5.79247674983348e-10	TbID
ERK2WT	RAP1GAP	shared	yes	NA	0.857018827449474	0.0123003849907975	1.3695303875557	7.14894370605978e-11	TbID
ERK2AA	RAP1GAP2	TbID	no	NA	0.212206817016471	0.44175241278631	0.95647420641941	2.86770834075914e-08	TbID
NrasS17N	RAP1GDS1	shared	no	cytosol	2.71701040441679	2.32963936282908e-09	0.476115377468034	1.19309877244078e-05	Both
HrasQ61R	RAP1GDS1	shared	no	cytosol	1.35974089527226	7.07729454758003e-05	0.255503709253014	0.00117435161179905	Both
HrasG13R	RAP1GDS1	shared	no	cytosol	1.5132718701906	0.000124196931910785	0.215791205581488	0.00454805170403297	Both
KrasS17N	RAP1GDS1	core	no	cytosol	2.5975803492742	9.64852565009954e-09	0.799650805606799	7.7082507216017e-08	Both
KrasG12V	RAP1GDS1	shared	no	cytosol	1.45048997519421	1.01278291262854e-08	0.309830522977183	0.00032635504966508	Both
NrasQ61K	RAP1GDS1	shared	no	cytosol	1.8720989202782	1.17785822772653e-08	0.264827605186026	0.00163071428139244	Both
NrasQ61R	RAP1GDS1	AP-MS	no	cytosol	1.74241021447222	9.05097708056779e-09	-0.0450929836612358	0.529556524745994	Both
NrasWT	RAP1GDS1	shared	no	cytosol	1.52554272628346	1.08559022234835e-07	0.308897515763571	0.000281938523139472	Both
KrasG12D	RAP1GDS1	shared	no	cytosol	1.04652633064471	1.27571689829863e-07	0.245237625057548	0.0017360153888964	Both
HrasWT	RAP1GDS1	shared	no	cytosol	1.35271548152396	1.57347303870456e-07	0.156479157902131	0.0477244541775205	Both
KrasWT	RAP1GDS1	shared	no	cytosol	0.909066403886882	4.49219514876108e-06	0.325659274090926	0.00017380036069012	Both
BrafG469A	RAP2C	TbID	no	plasma_membrane	-0.105006581257787	0.657353703877113	0.842280717141844	1.68213231684343e-07	TbID
NrasQ61R	RAPGEF2	shared	no	unclassified	0.616973271079436	0.000228110071096082	1.07771061704503	3.60948723006306e-08	TbID
HrasQ61R	RAPGEF2	shared	no	unclassified	0.550472151327877	0.0013511135242846	0.908738805485903	1.12854847661842e-07	TbID
NrasQ61K	RAPGEF2	TbID	no	unclassified	0.0435749877182791	0.786485025900976	0.777646128556953	1.04562484802076e-06	TbID
KrasG12D	RAPGEF4	AP-MS	yes	NA	0.881920442778201	2.95255005280193e-06	NA	NA	AP-MS
ArafWT	RAPGEF6	AP-MS	no	cytosol	1.47544813039642	1.08364339085674e-07	0.0900235129492301	0.223871032509713	Both
NrasQ61R	RAPGEF6	shared	no	cytosol	0.795570508326682	0.000133604869710208	1.17048535375959	1.14170339157947e-08	Both
HrasQ61R	RAPGEF6	shared	no	cytosol	0.671208039831101	0.00041196056006158	0.905821554240115	1.40875944916468e-07	Both
HrasQ61R	RASA1	shared	yes	cytosol	0.425930055402429	0.00673894946253085	2.79551614699925	1.66147722193326e-13	TbID
NrasQ61K	RASA1	TbID	yes	cytosol	-0.100007870594355	0.436822645527457	2.36812330570157	8.56988543708963e-13	TbID
HrasG13R	RASA1	TbID	yes	cytosol	0.40469144817659	0.142694630876789	0.932916544286144	9.48440692827486e-08	TbID
NrasQ61R	RASA1	TbID	yes	cytosol	0.169444068111142	0.180672681664579	3.3953811121382	2.39719430238354e-14	TbID
NrasQ61R	RASA3	core	no	plasma_membrane	1.56441439884124	0.00496628036428019	1.11652514395521	8.18654831505071e-11	Both
HrasS17N	RASA3	shared	no	plasma_membrane	1.68865696447584	0.00227183459233539	0.316107461838456	1.99822843706089e-05	Both
HrasWT	RASGRF2	shared	no	NA	1.68323193419606	0.0346549584900008	0.297717827288163	0.02004135628511	AP-MS
NrasS17N	RASGRF2	shared	no	NA	5.47244617181704	1.69075206720687e-05	0.306527399704985	0.00554042529952421	AP-MS
HrasS17N	RASGRF2	shared	no	NA	4.76025032900605	1.14783513061112e-05	0.300591232550779	0.00973248958778043	AP-MS
KrasS17N	RASGRF2	shared	no	NA	3.80985512894767	1.24922317544083e-08	0.337251795089175	0.000199259325509585	AP-MS
HrasS17N	RASGRP2	TbID	yes	NA	NA	NA	1.87916518283757	4.48056281137313e-07	TbID
NrasQ61R	RASGRP2	TbID	yes	NA	NA	NA	1.40868442990802	2.2034868652669e-05	TbID
MEK2DD	RASSF1	AP-MS	yes	NA	1.05235544487743	0.00934057046406469	0.543835894898437	0.100685750361777	AP-MS
NrasQ61K	RASSF5	core	no	NA	1.57058372126334	0.00513826919382692	1.42999719918845	1.1985606864149e-07	Both
KrasG12D	RASSF5	shared	no	NA	2.05431830465132	9.96650908151277e-08	0.708243238797728	1.12243761057366e-05	Both
NrasQ61R	RASSF5	core	no	NA	2.28288083740397	0.000255472763009169	1.48565183415369	2.9551167874094e-08	Both
HrasQ61R	RASSF5	core	no	NA	1.20828060901006	0.0261816759388019	1.22326848528998	1.44282618928454e-07	Both
HrasG13R	RASSF5	core	no	NA	1.12958634746641	0.0414171765101589	1.50762020630785	5.63276498279597e-08	Both
KrasG12V	RASSF5	shared	no	NA	2.14316265810966	4.22190414928819e-08	0.62480875818086	3.68748931047099e-06	Both
ERK2WT	RAVER1	TbID	no	nucleus	0.135733730268775	0.430282389437295	1.29329875034461	3.50612719217821e-08	TbID
NrasQ61R	RB1	shared	yes	nucleus	0.875845167613894	9.84136307647253e-06	0.796869780287394	1.33119354399968e-09	TbID
ArafD447A	RBBP4	shared	no	nucleus	1.20439854081084	1.10905693331947e-07	0.695379336298882	2.15660911738295e-07	Both
HrasQ61R	RBBP4	TbID	no	nucleus	-0.357553443134415	0.00325251093152264	0.790777421369309	2.02964695190977e-06	Both
KrasWT	RBM15B	TbID	no	nucleolus	0.121872441440621	0.106757322202968	0.843858331027935	1.14411821515661e-07	TbID
KrasWT	RBM4	shared	no	nucleus	0.207296636691341	0.00282595151237964	0.845790427902672	1.40390168942544e-05	TbID
KrasWT	RBM4B	TbID	no	nucleus	NA	NA	0.861965048022784	1.19388886785922e-06	TbID
KrasS17N	RBPMS2	TbID	no	nucleus	-0.168249365588286	0.0377607465520262	0.799722767961258	0.00201062090238209	TbID
HrasS17N	RBPMS2	shared	no	nucleus	0.944419470353664	0.000107937758412679	0.823880352791981	6.05075332727629e-07	TbID
MEK1AA	RCBTB2	TbID	no	NA	0.190179309233729	0.391332154718013	1.46019881525254	0.0362428951194275	TbID
MEK2AA	RCBTB2	TbID	no	NA	0.301560520828292	0.147206700568309	1.48426861775863	0.0306854960714306	TbID
BrafG469A	RCE1	TbID	no	ER	-0.509428907960324	0.0915008328072045	0.864858247762382	2.69452915794497e-08	TbID
HrasS17N	RCE1	TbID	no	ER	-0.938892965477773	0.00330920298750332	0.832001006937086	5.6480819297962e-08	TbID
MEK2DD	RCN1	TbID	no	ER	0.572216232541082	0.160638386726606	1.0131058334127	9.27390095058064e-05	TbID
HrasS17N	RCOR2	AP-MS	no	nucleus	1.63400188164854	3.63030343599343e-07	NA	NA	AP-MS
ERK2DD	RCOR2	AP-MS	no	nucleus	1.10442646400509	2.19052779706964e-05	NA	NA	AP-MS
MEK2DD	RDH10	AP-MS	no	ER	1.04641580659694	2.6970091342425e-05	-0.0916153415478209	0.281460869600923	AP-MS
KrasWT	RDH11	TbID	no	ER	-0.0775853147515466	0.230494214774037	0.940027073892594	9.37936022434649e-06	TbID
HrasG13R	RDH12	TbID	yes	NA	NA	NA	0.885377112417733	1.91786646227934e-05	TbID
MEK1DD	REEP2	AP-MS	yes	NA	1.20797128847489	0.0436426856862845	0.0116512068365139	0.935571008594345	AP-MS
BrafG469A	REEP3	core	no	ER	1.64861646068027	0.00113509309428589	1.8155130550933	6.93597759065783e-10	Both
Raf1S259F	REEP3	TbID	no	ER	0.745944067504257	0.130188001695542	1.06529385895086	8.96234318563139e-08	Both
BrafV600E	REEP3	TbID	no	ER	0.671927485162513	0.138828440529544	0.989697541170595	6.69109474962733e-08	Both
MEK1DD	REEP3	core	no	ER	1.86703914904213	0.000794442847659502	1.46044572304779	7.70216317618995e-09	Both
KrasWT	REEP4	shared	no	ER	0.559564952208964	0.000913795029610496	0.913054542133647	6.78765231045917e-07	TbID
ArafS214P	RELL1	TbID	no	plasma_membrane	-0.06524946388453	0.922334965604231	1.34198548159858	3.46166652051699e-09	TbID
ArafD447A	RERG	TbID	no	NA	NA	NA	0.986666046005483	1.82541918896275e-06	TbID
KrasWT	RFT1	TbID	yes	ER	-0.256323439094338	0.0119244556958852	0.776647529102295	4.94335497720717e-07	TbID
KrasG12D	RGL1	core	no	NA	4.40763870557964	6.85629496612057e-06	2.58179467821841	1.75104218518132e-08	Both
NrasQ61R	RGL1	shared	no	NA	2.65979317843027	1.88207935674895e-05	0.88934551157105	0.0300391558818978	Both
NrasQ61K	RGL1	shared	no	NA	2.46792159836421	7.6651959246399e-05	1.10205645393912	0.0120296758452001	Both
KrasWT	RGL1	shared	no	NA	1.63768550152968	0.00624977830837798	0.655310962033871	0.000739595074646967	Both
HrasG13R	RGL1	shared	no	NA	2.27107639107596	0.000701332600996618	0.903576677069051	0.0238936053187589	Both
HrasQ61R	RGL1	shared	no	NA	2.56466752939921	9.93072246520195e-05	0.995033177981442	0.0183509471553833	Both
KrasG12V	RGL1	core	no	NA	4.38648130530838	5.14608280136468e-06	2.50565695162108	3.61384981426234e-08	Both
NrasQ61K	RGL2	core	no	NA	3.92936880865034	3.0869521485581e-07	2.06188057965103	6.58322763082749e-11	Both
MEK2DD	RGL2	TbID	no	NA	0.168317791854581	0.672460995972023	0.939138095288948	4.0564390511934e-09	Both
HrasG13R	RGL2	core	no	NA	4.7742213127109	1.96520927923679e-06	1.99715947780545	1.31739325313755e-09	Both
HrasWT	RGL2	shared	no	NA	1.5783849665883	0.000764428676061142	0.512223574377379	1.0459752639747e-05	Both
HrasQ61R	RGL2	core	no	NA	4.57098957007364	7.54466808474421e-07	1.80832556200759	4.9228876344229e-10	Both
KrasG12D	RGL2	core	no	NA	3.1929146404913	8.96158666178318e-09	1.45185782669064	2.96152159821965e-07	Both
NrasQ61R	RGL2	core	no	NA	5.12195766523085	1.04975112517051e-08	2.2379221156702	1.25348390058117e-10	Both
KrasG12V	RGL2	core	no	NA	3.00197499644332	1.14532429626778e-08	1.25614604206834	1.34167892853619e-06	Both
NrasWT	RGL2	AP-MS	no	NA	1.31952056930014	0.00310197796362197	0.0580749476299933	0.366538448345336	Both
Raf1D486A	RGN	TbID	no	NA	NA	NA	1.16111941009704	0.00128361724872817	TbID
HrasG13R	RGN	TbID	no	NA	NA	NA	1.07416236040368	0.00256493425617101	TbID
BrafG469A	RGPD5	TbID	no	ER	0.258320137469568	0.239907800531551	0.85848252830369	2.99927215480618e-09	TbID
MEK2DD	RGPD5	TbID	no	ER	0.0318293950245342	0.874839042133087	1.25125418897766	3.97773278907927e-11	TbID
BrafV600E	RGPD5	TbID	no	ER	-0.188146698511983	0.383292400913392	0.918945418108392	4.87838412359051e-09	TbID
MEK1DD	RGPD5	shared	no	ER	0.442498277178704	0.0255780784948172	1.21399457114263	4.95863782492049e-11	TbID
KrasS17N	RGS16	AP-MS	no	NA	0.76522574699383	0.0104073459642817	NA	NA	AP-MS
KrasG12V	RGS16	AP-MS	no	NA	0.848394306128127	0.00272366730023924	NA	NA	AP-MS
BrafG469A	RGS20	TbID	no	NA	NA	NA	1.3095865278484	0.000506234372427493	TbID
ArafS214P	RHBDD1	AP-MS	no	ER	1.88618427869988	0.00120071888956699	0.0531341752150967	0.600506367640048	AP-MS
ArafD447A	RHBDD1	shared	no	ER	1.61535731684434	0.00359448520348335	0.230657387122824	0.0124551415838622	AP-MS
Raf1S257L	RHBDD1	shared	no	ER	1.67278851562134	0.00259428862725651	0.202606699730845	0.0306286970685049	AP-MS
Raf1S259F	RHBDD1	shared	no	ER	1.68146129412502	0.00321730614763332	0.314582400782825	0.00136760248812682	AP-MS
Raf1WT	RHBDD1	shared	no	ER	1.59389408973259	0.00739944498862839	0.178847613420541	0.0386921617180473	AP-MS
MEK2DD	RHBDD2	AP-MS	no	Golgi	1.08717915399898	0.000144376869615605	0.119712537530628	0.12382734330906	AP-MS
ERK2WT	RHBDF1	AP-MS	no	NA	1.75392446915365	5.02782741930052e-05	0.164813147888683	0.117491368230553	AP-MS
ERK1WT	RHBDF2	shared	yes	plasma_membrane	1.42978078342451	1.03480703715291e-05	0.413794430154159	0.000927849998366082	AP-MS
ERK2AA	RHBDF2	shared	yes	plasma_membrane	1.32794820811318	9.33917925550666e-06	0.790054755622702	3.2483189502706e-06	AP-MS
ERK2WT	RHBDF2	shared	yes	plasma_membrane	2.15264047454827	5.50026333183591e-08	0.778117178238031	2.52142349492383e-06	AP-MS
MEK2DD	RHEB	core	no	cytosol	1.04047486996876	0.00166422210170563	1.08167295861701	5.52472595030569e-08	Both
HrasS17N	RHOF	shared	no	plasma_membrane	0.731477212978855	0.0145006964778206	0.902072263020097	1.61929565377522e-06	TbID
MEK2AA	RIMKLA	TbID	no	NA	-0.746038709135836	0.281214188929633	0.974750730552157	5.80189689692031e-08	TbID
MEK1WT	RIMKLB	TbID	no	cytosol	-0.140936293456775	0.829513373977896	0.930310512507446	4.0725898373253e-08	TbID
MEK2AA	RIMKLB	TbID	no	cytosol	-0.247728459712742	0.567636843762031	0.918626724705809	4.43963363628004e-08	TbID
KrasWT	RIOK1	AP-MS	no	nucleus	0.789912829578764	0.00132718910992303	-0.0677818688675362	0.207470463353846	AP-MS
MEK2DD	RIPK1	shared	yes	unclassified	0.308496441266061	0.0182963283133821	1.02998645021411	1.6278890928883e-09	TbID
MEK2AA	RIPK1	TbID	yes	unclassified	-0.00868898575701783	0.970664476522128	0.983198037941199	1.44553361423625e-09	TbID
ArafWT	RIPK4	shared	yes	NA	1.50881070591772	3.65701576363501e-07	0.782754590093358	4.71017363936667e-07	AP-MS
HrasG13R	RIT1	shared	yes	NA	1.28178807971525	0.0315407614220646	0.27822386083858	0.0181462905823271	Both
ArafWT	RIT1	core	yes	NA	2.09601975510393	0.000165898188175671	1.60782762550548	1.78356173654419e-09	Both
HrasS17N	RITA1	shared	no	NA	0.71697099051389	0.000249341716050021	1.04800878635049	9.58706485587439e-07	TbID
ArafS214P	RMND5A	shared	no	cytosol	1.34745174730264	3.2700309450154e-07	0.431655516064441	7.50347153104931e-05	AP-MS
Raf1S259F	RMND5A	shared	no	cytosol	1.28167722642796	2.12606159223328e-06	0.276881243694617	0.00288099868157374	AP-MS
MEK1DD	RND1	TbID	no	NA	NA	NA	0.999491871955015	0.000650155457603374	TbID
BrafG469A	RND1	TbID	no	NA	NA	NA	1.21272695729358	8.59834905732905e-05	TbID
BrafV600E	RND1	TbID	no	NA	NA	NA	1.12970301837135	0.0002701234782824	TbID
MEK2DD	RND1	TbID	no	NA	NA	NA	0.91244212339255	0.00099538779548671	TbID
Raf1S259F	RND1	TbID	no	NA	NA	NA	0.948820557104175	0.000733550244215427	TbID
KrasWT	RNF11	TbID	no	NA	-0.449829142190178	0.00506628034757399	0.899239580833088	0.0117875065729422	TbID
KrasG12D	RNF11	TbID	no	NA	-0.474031806303771	0.00493771225900495	0.83414243118806	0.0150987097161844	TbID
BrafG469A	RNF122	TbID	no	NA	NA	NA	1.0649486840695	3.67160615889746e-05	TbID
Raf1D486A	RNF181	TbID	no	proteasome	NA	NA	0.850904604745476	5.51786341771982e-05	TbID
BrafG469A	RNF181	TbID	no	proteasome	NA	NA	1.00770568828843	4.41858466078937e-06	TbID
Raf1S259F	RNF187	AP-MS	no	cytosol	1.54301477664647	2.16429683991803e-06	-0.0537159508339146	0.405522702724962	AP-MS
Raf1S257L	RNF187	shared	no	cytosol	1.83357233380572	1.27290843717982e-07	0.285567778577039	0.000247173634397618	AP-MS
Raf1S259F	RNF41	shared	no	NA	0.815455216061789	0.000164027482884154	1.28857632998819	1.05428913066544e-06	TbID
Raf1S257L	RNF41	shared	no	NA	0.730819943092446	0.00027464396989583	1.01871454938437	8.06771964030211e-06	TbID
BrafG469A	RNF41	TbID	no	NA	-0.0980886142924084	0.641911431585683	0.916520877773415	1.46841391658253e-05	TbID
Raf1WT	RNF41	TbID	no	NA	0.148960004624627	0.387237099104247	0.973586422344953	1.07175606586912e-05	TbID
MEK1DD	RNF41	TbID	no	NA	0.069399998719153	0.679374761825224	1.25610810940445	1.36985061487752e-06	TbID
HrasS17N	RNF41	TbID	no	NA	0.229152117766766	0.140687000836538	0.833459927372362	3.42497871112407e-05	TbID
NrasWT	RNF41	TbID	no	NA	0.0474858287574659	0.819978983242742	0.923380664284876	3.72373705434006e-05	TbID
MEK2DD	RNF43	AP-MS	yes	NA	1.02654963625148	0.0154738933301233	NA	NA	AP-MS
Raf1S259F	RNF44	AP-MS	no	NA	1.54579161022478	0.00741786323905412	NA	NA	AP-MS
BrafG469A	RNF44	AP-MS	no	NA	1.50077200810568	0.00941280757560055	NA	NA	AP-MS
Raf1S257L	RNF44	AP-MS	no	NA	1.26672170518716	0.021569575965009	NA	NA	AP-MS
BrafV600E	RNF44	AP-MS	no	NA	1.26095007492524	0.0289220520368268	NA	NA	AP-MS
ArafS214P	RNF44	AP-MS	no	NA	1.3560147754615	0.015863870778654	NA	NA	AP-MS
BrafG469A	RNF5	TbID	no	ER	-0.432612273464591	0.0427360499893702	0.977003753036387	7.41873249923696e-09	TbID
MEK2DD	RNF7	TbID	no	cytosol	0.0531623037390963	0.753793837139479	1.04714017316174	2.9052207802954e-07	TbID
BrafV600E	RNFT1	TbID	no	Golgi	0.759350162414986	0.0965858703100291	1.15486429550007	5.57195540767842e-10	TbID
BrafG469A	RNFT1	TbID	no	Golgi	0.530847309565437	0.161453451857424	1.02133747083717	3.19995664319063e-09	TbID
Raf1S257L	RNFT1	TbID	no	Golgi	0.29417009014148	0.431414026259715	1.00675694217897	4.74092911569236e-09	TbID
HrasS17N	RNFT2	TbID	no	NA	NA	NA	0.863102912001765	9.93795491938446e-07	TbID
KrasWT	RNH1	AP-MS	no	cytosol	0.917916125978639	8.82525944012336e-07	0.167827598521725	0.0514149969638102	AP-MS
KrasG12D	RNH1	shared	no	cytosol	1.06300603852535	8.94088685359455e-08	0.20966927223099	0.0364689754806309	AP-MS
KrasG12V	RNH1	shared	no	cytosol	1.07559629146777	7.32226671684788e-09	0.33081883446939	0.000939632667411806	AP-MS
KrasS17N	RNH1	shared	no	cytosol	1.04355373385313	1.56666644801884e-06	0.311197419002834	0.00143613445740959	AP-MS
ArafS214P	ROBO1	TbID	yes	plasma_membrane	0.192432837300571	0.111072861039422	0.99652859450964	5.57854063784485e-08	TbID
Raf1D486A	ROBO1	TbID	yes	plasma_membrane	-0.344220098919441	0.01343941703194	1.29083285841789	1.06311821344456e-08	TbID
HrasG13R	ROBO1	TbID	yes	plasma_membrane	-0.491699208305591	0.00871867969464873	0.885452886337278	9.74632801447173e-07	TbID
KrasWT	RP2	TbID	yes	plasma_membrane	-0.589331940352452	0.000109079528601297	0.7833184799567	2.1714007583967e-06	TbID
KrasG12V	RP2	TbID	yes	plasma_membrane	-0.822549612812022	3.43240200371269e-06	0.771613329264342	2.92946209876443e-06	TbID
HrasS17N	RP9	TbID	yes	nucleus	0.129213260894514	0.574912192225787	1.19139298794239	4.01989398040474e-07	TbID
NrasS17N	RP9	TbID	yes	nucleus	-0.0715666145511465	0.821933962324435	1.11899146495181	8.66975327872036e-07	TbID
NrasQ61R	RP9	TbID	yes	nucleus	-0.274188860141048	0.298604662840853	1.39938206056083	4.83210185862048e-08	TbID
BrafD594N	RP9	TbID	yes	nucleus	-0.0446071608225633	0.916909185248189	0.922331573371438	1.67897623354737e-06	TbID
ERK2DD	RP9	TbID	yes	nucleus	0.0695158377564061	0.784384511553095	1.02555773628103	7.44346460989928e-07	TbID
Raf1D486A	RP9	TbID	yes	nucleus	0.323586541753566	0.167936406819457	1.18389640092353	8.15992028744413e-08	TbID
NrasQ61K	RP9	TbID	yes	nucleus	0.201522461659205	0.427225255355269	0.866170650829793	1.27288290399537e-05	TbID
HrasQ61R	RP9	TbID	yes	nucleus	0.239807388912562	0.381691268507217	1.0457322987587	1.23168168510281e-06	TbID
ERK2AA	RP9	TbID	yes	nucleus	0.323304347945298	0.170092268296892	1.08250648375597	9.39065077547038e-07	TbID
BrafWT	RP9	TbID	yes	nucleus	0.33615771414745	0.172448686196865	0.953743305516884	5.52177092398565e-06	TbID
Raf1S257L	RP9	TbID	yes	nucleus	-0.154024637927484	0.508872077300985	1.14701088059017	1.95187482106156e-07	TbID
HrasG13R	RP9	TbID	yes	nucleus	0.233548736757105	0.359340338555024	1.17402121744561	4.29276417173656e-07	TbID
ERK1AA	RP9	TbID	yes	nucleus	0.111776833154996	0.682365105750033	1.01620422526918	2.58380128314923e-06	TbID
ERK2AA	RPA1	shared	no	nucleus	0.367609601466739	0.0110584242042197	0.926936235674461	8.71400716757452e-07	TbID
ArafWT	RPA1	TbID	no	nucleus	-0.440819929516255	0.00356464608156513	1.23938350171665	1.90155444101629e-08	TbID
Raf1S259F	RPA1	TbID	no	nucleus	-0.498914904498503	0.00151676869416964	1.12202913510069	2.48012547361245e-08	TbID
NrasS17N	RPA1	TbID	no	nucleus	0.151634753917439	0.319246766852473	1.01960558263475	6.11960421943528e-07	TbID
NrasQ61K	RPA1	TbID	no	nucleus	0.0910457792998857	0.559673993934283	1.04931010138377	6.87717665089102e-07	TbID
ERK1AA	RPA1	TbID	no	nucleus	-0.0908869013040433	0.524816432526936	0.902976211462655	1.84816860402506e-06	TbID
ERK2DD	RPA1	TbID	no	nucleus	-0.0136886178209504	0.925565672294134	1.28447187738865	5.7756666435823e-08	TbID
ERK1DD	RPA1	TbID	no	nucleus	-0.0175646730587908	0.93575602427814	0.938436300778085	1.13464129703322e-06	TbID
MEK1WT	RPA1	TbID	no	nucleus	0.00671816645986027	0.978308765522307	0.983096319460291	9.57198123329371e-08	TbID
BrafV600E	RPA1	TbID	no	nucleus	-0.296236100822269	0.0419811799248179	1.30289114153365	4.80321662513046e-09	TbID
NrasQ61R	RPA1	TbID	no	nucleus	-0.664127347447353	0.000247964507729934	0.879632655632181	1.62515095071934e-06	TbID
MEK2WT	RPA1	TbID	no	nucleus	-0.179545293604563	0.348616251999501	0.882181268351157	5.04402346069329e-07	TbID
Raf1S257L	RPA1	TbID	no	nucleus	0.143881526072068	0.284542260264698	1.30054297920619	9.34460978057753e-09	TbID
Raf1WT	RPA1	TbID	no	nucleus	-0.123932049125786	0.412632928434962	1.37339596808728	6.69955476356939e-09	TbID
NrasWT	RPA1	TbID	no	nucleus	-0.434933141036392	0.00775383420579405	0.96454524992068	1.89463188519185e-06	TbID
HrasS17N	RPA1	TbID	no	nucleus	0.0396033527480856	0.799414089044033	1.31169461099372	1.36107523085445e-08	TbID
BrafWT	RPA1	TbID	no	nucleus	0.282577740851372	0.056572731447576	1.38907490512538	8.124965635899e-09	TbID
BrafD594N	RPA1	TbID	no	nucleus	-0.0248027280843708	0.908877244264751	1.18076792131669	3.37645846934344e-08	TbID
HrasQ61R	RPA1	TbID	no	nucleus	0.214676345691945	0.138478747916675	0.862206265240402	2.28115167340888e-06	TbID
ArafD447A	RPA1	TbID	no	nucleus	-0.0137952974941671	0.939537357005445	1.20471233143683	1.86246636871177e-08	TbID
MEK1AA	RPA1	TbID	no	nucleus	0.179242193561445	0.283683415640696	0.897171616405218	4.57330114329127e-07	TbID
BrafWT	RPA2	TbID	no	ER	-0.0137811791995416	0.940005800464018	1.31120468373724	3.37033522351695e-08	TbID
MEK1WT	RPA2	TbID	no	ER	0.0959579082993588	0.548174812257439	0.931885282575008	4.21608382431407e-07	TbID
ERK2DD	RPA2	TbID	no	ER	-0.153730360662205	0.156213751815635	1.17295869097046	1.83503938024402e-07	TbID
NrasQ61K	RPA2	TbID	no	ER	-0.0555809958189086	0.701622676548502	0.914063094448323	3.24388915868195e-06	TbID
Raf1S259F	RPA2	TbID	no	ER	-0.432167562802595	0.000824245383146075	1.01946180869016	1.51781604651191e-07	TbID
BrafV600E	RPA2	TbID	no	ER	-0.294629414166715	0.0192173561331229	1.27457575159315	1.43364408525073e-08	TbID
NrasWT	RPA2	TbID	no	ER	-0.463001455585608	0.00199197848432235	0.897858903397036	5.16894539130208e-06	TbID
BrafD594N	RPA2	TbID	no	ER	-0.398915133168266	0.0181850978182547	1.09927743373929	2.1019508226689e-07	TbID
Raf1WT	RPA2	TbID	no	ER	-0.19210621528146	0.106817741734611	1.28078711575365	3.91070439248451e-08	TbID
HrasS17N	RPA2	TbID	no	ER	-0.0622166254223374	0.587723803327135	1.19075783671209	4.57231102639139e-08	TbID
ArafD447A	RPA2	TbID	no	ER	-0.115814612762773	0.290624647018056	1.10607454031072	9.04410611600365e-08	TbID
ERK2AA	RPA2	TbID	no	ER	0.0993008215190308	0.377334764011524	0.871937699160006	3.48697028970291e-06	TbID
NrasQ61R	RPA2	TbID	no	ER	-0.507392702870814	0.000299756259430671	0.799203692220523	8.3240061451006e-06	TbID
ERK1DD	RPA2	TbID	no	ER	-0.128800570343639	0.308862438353306	0.899852054006214	3.9480323562333e-06	TbID
ArafWT	RPA2	TbID	no	ER	-0.423779994085412	0.00135253063357817	1.10915609881189	1.41530018269573e-07	TbID
NrasS17N	RPA2	TbID	no	ER	0.0926495694069715	0.444818448416322	1.01021430597783	1.48618593968732e-06	TbID
Raf1S257L	RPA2	TbID	no	ER	0.0322884574899009	0.796246624613097	1.1902046729415	6.42853424992152e-08	TbID
ArafWT	RPA3	TbID	no	unclassified	-0.568871535224829	0.00602300882264108	1.172143271283	4.48950652341765e-08	TbID
ArafD447A	RPA3	TbID	no	unclassified	-0.339920147638751	0.0917536584571831	1.09378081656994	4.28973958826199e-08	TbID
HrasQ61R	RPA3	TbID	no	unclassified	-0.160603503383364	0.471943545652366	0.78813471272283	4.36359996810185e-06	TbID
MEK1WT	RPA3	TbID	no	unclassified	-0.0453750363508091	0.903298890791934	0.933204267527131	1.42712552470876e-07	TbID
NrasWT	RPA3	TbID	no	unclassified	-0.643099406550062	0.00638065478646357	0.90407452075201	1.81990928621382e-06	TbID
HrasS17N	RPA3	TbID	no	unclassified	-0.393726232260116	0.0623473515029547	1.26609262703147	2.35351413089852e-08	TbID
BrafWT	RPA3	TbID	no	unclassified	-0.0717551104918697	0.797955569716458	1.30554243706746	1.22662338037974e-08	TbID
NrasS17N	RPA3	TbID	no	unclassified	-0.142663892443999	0.571974440269821	0.852063333952605	2.3391047923784e-06	TbID
BrafV600E	RPA3	TbID	no	unclassified	-0.515902660616257	0.0145507820510324	1.24286550188175	4.47060301769607e-09	TbID
ERK1DD	RPA3	TbID	no	unclassified	-0.100257809723521	0.704658556003906	0.913757251061135	1.21468834357071e-06	TbID
ArafS214P	RPA3	TbID	no	unclassified	-0.737811477522951	0.00105799125017527	0.852003168551571	3.92930741496327e-07	TbID
ERK2AA	RPA3	TbID	no	unclassified	0.0409582279212322	0.866861711891298	0.89386028401368	9.54691479375392e-07	TbID
ERK2DD	RPA3	TbID	no	unclassified	-0.392469745596254	0.0685170787926824	1.18947431255083	8.12513538590748e-08	TbID
Raf1WT	RPA3	TbID	no	unclassified	-0.53337858774315	0.0155253787891215	1.3077606152957	1.26362684265154e-08	TbID
Raf1S259F	RPA3	TbID	no	unclassified	-0.772221092446919	0.00113408120564422	1.09815773826435	4.03996537435098e-08	TbID
NrasQ61K	RPA3	TbID	no	unclassified	-0.279384897595543	0.17606876106583	0.919886806913702	1.20990099133339e-06	TbID
Raf1S257L	RPA3	TbID	no	unclassified	-0.328053075094077	0.091334455435455	1.2596677066621	1.33716564455484e-08	TbID
NrasQ61R	RPA3	TbID	no	unclassified	-0.66456669259483	0.00291195893432842	0.779445999555141	2.50682445342088e-06	TbID
BrafD594N	RPA3	TbID	no	unclassified	-0.267250231489297	0.277025890955835	1.06061870626689	8.99332682109355e-08	TbID
ArafWT	RPAP1	AP-MS	no	cytosol	1.21786450967162	1.80112400151921e-07	0.0777891770790559	0.074655611576755	AP-MS
ArafWT	RPAP2	AP-MS	no	unclassified	1.21261568488405	8.0136572447201e-06	-0.110280290789633	0.0304855789778254	AP-MS
Raf1S259F	RPAP3	core	no	stress_granule	2.87617684214382	7.79552466815285e-07	1.23951071753771	7.51295462514526e-09	Both
Raf1WT	RPAP3	shared	no	stress_granule	1.66905343678315	6.5734602045101e-05	0.262049944709487	0.00394900396711752	Both
ArafS214P	RPAP3	core	no	stress_granule	3.71167517141495	1.14370574860998e-07	1.72586643737753	5.21005690784125e-10	Both
ArafD447A	RPAP3	core	no	stress_granule	3.69600398589179	1.62899804008685e-08	1.28904457800152	3.52411521102569e-09	Both
BrafV600E	RPAP3	shared	no	stress_granule	1.3397657878688	0.000320154908465344	0.183840403220401	0.0342903194843398	Both
ArafWT	RPAP3	core	no	stress_granule	4.72131896038792	8.918793282655e-10	1.92217389116283	9.73169344117634e-11	Both
Raf1S257L	RPAP3	shared	no	stress_granule	2.18690210112929	2.00098330071078e-06	0.425041209998672	0.000116497333973908	Both
Raf1D486A	RPAP3	core	no	stress_granule	3.05076976779733	1.67272205924104e-07	1.46420194704853	5.03132399525937e-10	Both
MEK2DD	RPAP3	TbID	no	stress_granule	0.0659821091377471	0.82352530358489	1.14180833263016	5.1231540224756e-09	Both
Raf1S259F	RPGR	shared	yes	cytosol	1.22843831528843	0.000863542711898113	0.17942970989031	0.00383526014571339	AP-MS
KrasWT	RPL39;RPL39P5	TbID	no	NA	NA	NA	1.11749650234567	0.000419166729142184	TbID
KrasS17N	RPL39;RPL39P5	TbID	no	NA	NA	NA	0.845819305525101	0.00113334016874882	TbID
KrasG12V	RPL39;RPL39P5	TbID	no	NA	NA	NA	0.995750423950389	0.000942402357239762	TbID
KrasG12D	RPL39;RPL39P5	TbID	no	NA	NA	NA	0.992153078609769	0.00115602587188298	TbID
KrasWT	RPN1	TbID	no	ER	-0.281246501748095	0.00286411984279215	0.803817046062088	5.09440188089726e-05	Both
MEK2DD	RPN1	AP-MS	no	ER	1.07536352460132	0.000111265825536584	-0.0781627920220672	0.303199419154954	Both
KrasG12D	RPN2	TbID	no	ER	-0.0975832063042397	0.370442103836649	0.772840883362155	0.00018771039185375	TbID
KrasWT	RPN2	TbID	no	ER	-0.12558837778314	0.159687703251957	0.845112393305698	0.000219815964992461	TbID
NrasQ61R	RPP25	TbID	no	translation	NA	NA	0.931772680402425	1.46477526114729e-05	TbID
ERK2AA	RPS6KA1	core	no	cytosol	2.31915567519802	1.63790070706429e-10	2.0750306698271	3.17574360214041e-12	Both
ERK2WT	RPS6KA1	core	no	cytosol	3.45968497751785	7.39401831523498e-13	2.13624776595791	6.20509475277399e-14	Both
ERK1DD	RPS6KA1	core	no	cytosol	1.98699435342933	1.41533573994186e-09	1.95222239184296	4.12800371678777e-12	Both
ERK1WT	RPS6KA1	core	no	cytosol	3.29864099390531	1.61102205250018e-12	2.53103886581793	1.14444657633257e-14	Both
ERK1AA	RPS6KA1	core	no	cytosol	1.93618220834493	4.46522940994326e-09	2.36102664658542	1.86363633549207e-12	Both
ERK2DD	RPS6KA1	shared	no	cytosol	0.897232637744488	1.70497047838817e-06	1.32313929976681	1.64101496703725e-10	Both
ERK1DD	RPS6KA2	core	no	NA	2.44362164353068	1.52535411093129e-08	1.96572578569169	5.00131478977486e-08	Both
ERK2AA	RPS6KA2	core	no	NA	2.11979590918532	9.31244224060496e-08	1.90628274170002	3.62561812996865e-08	Both
ERK2DD	RPS6KA2	shared	no	NA	0.906953313864627	4.48983195521477e-05	0.971209498375972	1.13284020262848e-05	Both
ERK1WT	RPS6KA2	core	no	NA	3.66251443168637	6.18565007829519e-11	2.37299806525827	2.7951811700182e-09	Both
ERK1AA	RPS6KA2	core	no	NA	2.03028771332691	1.41546639059924e-07	2.08468841875962	1.95506981340425e-08	Both
ERK2WT	RPS6KA2	core	no	NA	3.23090211082972	1.40951134837008e-10	1.7901608627806	8.14420376483429e-08	Both
ERK1WT	RPS6KA3	core	yes	cytosol	4.43132161799423	1.53069745323519e-13	3.25206043805753	2.07467046660874e-15	Both
ERK2DD	RPS6KA3	core	yes	cytosol	1.34214103038726	2.4429247145306e-07	1.77986135203857	9.5442041677709e-12	Both
ERK1DD	RPS6KA3	core	yes	cytosol	2.58907823478386	5.63189162541876e-10	2.18397544952876	2.91911493519233e-12	Both
ERK2WT	RPS6KA3	core	yes	cytosol	4.91171298844853	1.8121919034171e-14	2.96799747080109	3.28510962519347e-15	Both
ERK1AA	RPS6KA3	core	yes	cytosol	2.45129967779446	3.63979334195338e-09	2.93034035632792	6.76601598264762e-13	Both
ERK2AA	RPS6KA3	core	yes	cytosol	2.34050233731524	4.06778151085673e-10	2.40573434959839	2.77471076007402e-12	Both
ArafS214P	RPS6KA4	shared	no	unclassified	1.79918580575982	3.45767430055735e-08	0.238573969395904	0.000121722422577126	AP-MS
ArafD447A	RPS6KA4	shared	no	unclassified	2.26137124467391	3.34888928225838e-10	0.293119183035014	1.80423876908489e-05	AP-MS
ERK1WT	RPS6KA4	shared	no	unclassified	1.25025515301307	2.19261727044175e-07	0.332937435544008	2.46650135809011e-05	AP-MS
ArafWT	RPS6KA4	shared	no	unclassified	2.71460484026725	3.50711073698347e-11	0.226388412720547	0.000608978589028335	AP-MS
ERK1DD	RPS6KA4	shared	no	unclassified	1.16105743851889	2.92597020053964e-06	0.420696240307643	6.68761323683475e-06	AP-MS
ERK2WT	RPS6KA4	shared	no	unclassified	1.09060104646021	6.63431099677693e-07	0.182477023583607	0.0019302123267303	AP-MS
ERK1AA	RPS6KA5	core	no	cytosol	1.48163516693527	1.83055086205592e-06	3.02185676755278	4.02554407634925e-12	Both
ERK1DD	RPS6KA5	core	no	cytosol	2.20993665769556	3.30726850256503e-08	3.41725461891256	4.20456274505811e-13	Both
ERK1WT	RPS6KA5	core	no	cytosol	3.78039150770701	3.96834422192953e-11	3.0572657009108	1.56334180813329e-13	Both
ERK2DD	RPS6KA5	shared	no	cytosol	0.645131935805209	0.000276119410676116	2.45958096654938	3.26328710485478e-10	Both
ERK2WT	RPS6KA5	core	no	cytosol	2.32045631885579	1.76989534298271e-09	2.55498090131332	1.61623628314495e-12	Both
ERK2AA	RPS6KA5	core	no	cytosol	1.40192395359359	1.40268615084897e-06	2.75021669731511	4.54665857412045e-11	Both
ERK1DD	RPS6KA6	core	no	NA	3.29597378297248	5.37500262953634e-06	2.79989973313628	4.92042405764566e-13	Both
ERK2AA	RPS6KA6	core	no	NA	2.74929978338386	9.82008445161961e-06	2.97657275975585	2.24807776291922e-13	Both
ERK2WT	RPS6KA6	core	no	NA	3.96052378985198	1.57454981574855e-07	3.13865916901207	3.8618927995138e-14	Both
ERK2DD	RPS6KA6	shared	no	NA	1.59582931516125	0.000392024690636373	2.7449228406389	2.05179019900805e-13	Both
ERK1WT	RPS6KA6	core	no	NA	4.13654413106902	1.70502052805686e-07	2.73678779292797	6.96712729221346e-13	Both
ERK1AA	RPS6KA6	core	no	NA	3.17579407863717	3.71701824477424e-06	2.91615134121216	1.24761686828875e-12	Both
BrafD594N	RPTOR	shared	no	lysosome	1.77357747344313	3.77608636340612e-07	0.588327114716126	6.02793171527877e-07	AP-MS
BrafV600E	RPTOR	shared	no	lysosome	1.40922333134567	2.32688905655671e-06	0.510485859419923	1.37145460622782e-07	AP-MS
BrafWT	RPTOR	shared	no	lysosome	1.18334170188513	1.12996223794992e-05	0.552722869619559	2.06704963327745e-07	AP-MS
BrafD594N	RPUSD1	TbID	no	cytosol	0.427475987785271	0.399300861881	0.84446186400884	3.32026583696776e-05	TbID
NrasQ61R	RPUSD3	shared	no	mitochondrion	1.31291793002501	3.978257866831e-07	0.29481498591907	0.0017534751858273	AP-MS
HrasS17N	RPUSD3	shared	no	mitochondrion	1.00454004618951	1.09235247398572e-06	0.588650070977082	2.25949822979903e-06	AP-MS
KrasWT	RRAS2	TbID	yes	plasma_membrane	-0.250575045585492	0.00352667357368726	0.928359044065568	3.91760738671692e-06	Both
KrasG12V	RRAS2	TbID	yes	plasma_membrane	-0.403089670723226	3.83243538258205e-05	0.857928930533737	8.06276866823291e-06	Both
KrasS17N	RRAS2	TbID	yes	plasma_membrane	-0.429489959075459	0.000962657636832932	0.836386401275515	1.79265612019727e-05	Both
Raf1WT	RRAS2	AP-MS	yes	plasma_membrane	1.17534599141317	7.47967926152342e-05	0.0225884316792165	0.840076094731553	Both
MEK2DD	RRM2	shared	yes	unclassified	0.440633820635806	0.0128585684830443	1.759382143187	7.56451114608824e-11	TbID
MEK1DD	RRM2	TbID	yes	unclassified	0.343871055286015	0.0548723273556137	1.03815262981887	4.20511576214202e-08	TbID
MEK1WT	RRM2	TbID	yes	unclassified	0.148626791681287	0.516557049253603	0.88163858830828	7.82541188909543e-08	TbID
HrasS17N	RSAD1	shared	no	mitochondrion	1.04918527123999	8.66069429177711e-07	0.760485093724385	3.87548375219966e-08	AP-MS
MEK1DD	RSRP1	TbID	no	NA	NA	NA	2.02200575942387	0.000112435698215736	TbID
ERK1DD	RSU1	shared	no	plasma_membrane	1.03687519702531	0.000206071142908255	0.263881005856297	0.0032941059214995	AP-MS
ERK1WT	RSU1	shared	no	plasma_membrane	1.54748870412264	3.02338732042673e-06	0.369186405912115	0.000446220573726271	AP-MS
ERK2WT	RSU1	shared	no	plasma_membrane	2.29984316603069	3.58497880264493e-08	0.500205877319974	1.91182483937912e-05	AP-MS
ERK2AA	RSU1	shared	no	plasma_membrane	1.94500517857618	2.60390933240717e-07	0.656952742214229	1.00919272275989e-06	AP-MS
ERK2WT	RTKN2	TbID	no	cytosol	0.0547568776380696	0.847444377657818	0.871111258281255	7.58328705652234e-09	TbID
MEK1AA	RTN1	TbID	no	ER	0.0673555224279173	0.871552525621812	1.14106897986066	4.26346843586963e-09	TbID
MEK2AA	RTN1	TbID	no	ER	0.236471566213986	0.561925757887439	0.939273072362243	1.25894902160003e-08	TbID
KrasG12V	RTN4RL2	TbID	no	unclassified	NA	NA	0.866413026252117	0.00162760775670185	TbID
KrasG12D	RTN4RL2	TbID	no	unclassified	NA	NA	0.816030788730069	0.000592245745203647	TbID
KrasS17N	RTN4RL2	TbID	no	unclassified	NA	NA	0.995136178991763	0.00089611855099942	TbID
Raf1D486A	RUFY3	shared	no	cytosol	2.1055805966359	9.47855252171373e-10	0.305316939925878	0.000602398233347934	AP-MS
ArafD447A	RUNDC1	shared	no	unclassified	1.53583989334021	0.000230680160201199	0.27412255181158	0.000259117555098861	AP-MS
BrafG469A	RUNX1	TbID	yes	NA	0.224608909811585	0.261988828331194	1.10825234635067	2.88854323964683e-10	Both
MEK2DD	RUNX1	core	yes	NA	1.16906196305387	2.08101992059664e-05	0.873362928715182	2.47495126872265e-09	Both
BrafV600E	RUNX1	shared	yes	NA	0.605298360491835	0.00354531353276267	0.9010399873185	9.10930293941777e-09	Both
Raf1S257L	RUSC2	shared	no	NA	1.49046513569349	3.22373824500835e-09	0.180766335775043	0.0152178549434188	AP-MS
Raf1S259F	RUSC2	AP-MS	no	NA	1.55489000383571	6.61900394694777e-07	0.127050064112693	0.0528406677226185	AP-MS
ArafWT	RUVBL1	shared	no	cytosol	2.37872109625624	3.30595161089574e-09	0.660015645967564	7.53110710992514e-06	AP-MS
ArafS214P	RUVBL1	shared	no	cytosol	1.23444644923853	0.000108415282713708	0.690547013033748	2.92722362424137e-06	AP-MS
ArafD447A	RUVBL1	shared	no	cytosol	1.65356348629086	8.77603669487692e-08	0.605423024956967	1.94665612688662e-05	AP-MS
ArafD447A	RUVBL2	shared	no	cytosol	1.73769303145387	1.35391315122404e-07	0.553925156593576	2.83079796710756e-05	AP-MS
ArafWT	RUVBL2	shared	no	cytosol	2.46035451062629	4.17463731698278e-09	0.554831811822392	4.16323045256888e-05	AP-MS
ArafS214P	RUVBL2	shared	no	cytosol	1.28344765191439	7.94938888796567e-05	0.413889960579083	0.00072118875422896	AP-MS
HrasS17N	RWDD2B	shared	no	unclassified	1.30367536110416	3.77222991840054e-06	0.463015934351088	0.000119095727856003	AP-MS
BrafG469A	S100A10	shared	yes	plasma_membrane	1.5941668159459	1.41481948530191e-05	0.561977619586972	3.10473930875682e-07	Both
KrasWT	S100A10	TbID	yes	plasma_membrane	-0.0863605061590027	0.498662754678578	1.21236523534401	1.53037167230815e-06	Both
KrasS17N	S100A10	TbID	yes	plasma_membrane	0.208713630744461	0.11700522077451	0.974952275278456	6.08197980348423e-06	Both
MEK2DD	S100A11	shared	no	cytosol	1.06147752335606	0.0142397964838496	0.680012089479096	5.58702895271024e-05	AP-MS
BrafV600E	S100A13	shared	no	cytosol	1.18386133890107	0.0251336159677621	0.452429980900446	0.00946679317332324	Both
MEK2DD	S100A13	TbID	no	cytosol	0.466450307301049	0.263695713241283	1.52836826938616	1.94065397060444e-07	Both
BrafV600E	S100A16	TbID	no	NA	NA	NA	1.53795853404798	2.12445891991339e-06	TbID
BrafG469A	S100A16	TbID	no	NA	NA	NA	0.926515639194695	0.000230692046311217	TbID
Raf1S259F	S100A16	TbID	no	NA	NA	NA	0.988046974096981	0.000134703491721904	TbID
HrasQ61R	S100A7	TbID	no	NA	-0.823659935112708	0.489539124481635	0.884250461171084	0.0223123417983295	TbID
HrasQ61R	SAMD12	TbID	yes	NA	NA	NA	0.778924643265281	0.0165189924786731	TbID
HrasS17N	SAPCD2	shared	no	unclassified	1.27545274487491	2.10924825784997e-05	0.61340289601099	5.31792703511415e-05	AP-MS
MEK2AA	SAR1A	shared	no	ERGIC	1.14477731035621	0.000520980943519897	0.39125502480937	0.00594667984184097	Both
Raf1D486A	SAR1A	TbID	no	ERGIC	0.31475294856302	0.141027991882554	1.07914580473001	2.91334344708101e-07	Both
MEK2DD	SAR1A	AP-MS	no	ERGIC	1.19411813549994	3.91183251586183e-05	0.174374708293068	0.0709593352111163	Both
BrafG469A	SARAF	TbID	no	ER	-0.181860484829406	0.392586220628191	1.15368830118217	3.17777772195347e-07	TbID
Raf1S259F	SARAF	TbID	no	ER	-0.180967215498751	0.31831569895246	0.862622796589696	5.60559609855236e-07	TbID
MEK1DD	SARAF	TbID	no	ER	-0.181029462767506	0.419098574459794	0.885515738057299	6.46842163082054e-07	TbID
Raf1WT	SARAF	TbID	no	ER	-0.258716068270312	0.197486276464578	0.936995675996719	3.17387202534377e-07	TbID
ArafS214P	SARAF	TbID	no	ER	-0.351847923950225	0.0512864820572715	1.073624140821	1.42920799798287e-07	TbID
BrafV600E	SARAF	TbID	no	ER	0.284849700081064	0.139580599635517	1.24414654211611	2.80795514722437e-08	TbID
BrafWT	SARAF	TbID	no	ER	-0.109379876676839	0.642343878307792	0.869038728715538	1.28724841397459e-06	TbID
MEK2DD	SARDH	AP-MS	yes	NA	1.95317323130654	0.00212057553148493	NA	NA	AP-MS
MEK2DD	SASS6	TbID	yes	unclassified	0.0962922862697117	0.445353911193593	0.996865329237123	2.35365383266129e-09	TbID
MEK1DD	SAT1	TbID	no	NA	0.337864490142328	0.266226908270412	1.03762143142323	5.1226161022955e-06	TbID
ERK1WT	SAYSD1	AP-MS	no	NA	1.02446221626701	0.00844447227300697	-0.526321355546249	0.00113010806741577	AP-MS
BrafWT	SC5D	TbID	yes	NA	NA	NA	0.85298307845842	9.11702515214801e-06	TbID
ERK2AA	SC5D	TbID	yes	NA	NA	NA	1.35995616291209	1.02137183286219e-07	TbID
NrasQ61K	SC5D	TbID	yes	NA	NA	NA	0.919281092157411	2.70732585056926e-06	TbID
ArafD447A	SC5D	TbID	yes	NA	NA	NA	0.974540598030471	2.01901911179183e-07	TbID
Raf1S259F	SC5D	TbID	yes	NA	NA	NA	0.965185917127784	1.42395335532915e-07	TbID
HrasG13R	SC5D	TbID	yes	NA	NA	NA	0.811156019792637	3.83105745653827e-06	TbID
Raf1S257L	SC5D	TbID	yes	NA	NA	NA	0.905571244063295	7.89580740682343e-07	TbID
HrasS17N	SCARF2	shared	yes	plasma_membrane	1.19277781045371	0.00642196188432607	0.373702419387579	0.00249179961357251	AP-MS
NrasS17N	SCARF2	shared	yes	plasma_membrane	1.22040889574453	0.00908270855777578	0.228964485384121	0.0367684941775529	AP-MS
NrasQ61R	SCARF2	shared	yes	plasma_membrane	1.71308144180426	0.000739567186473674	0.583985787068947	6.70173542063223e-05	AP-MS
Raf1S257L	SCARF2	shared	yes	plasma_membrane	1.53106744198494	0.00125076866101069	0.64336321255572	4.76205690221709e-05	AP-MS
Raf1S259F	SCARF2	shared	yes	plasma_membrane	1.38063043701238	0.00321769636858711	0.47893532284898	0.000283053977513768	AP-MS
ERK1WT	SCARF2	shared	yes	plasma_membrane	1.04188431245582	0.0292343846615911	0.255494684843466	0.0379417306502098	AP-MS
Raf1S257L	SCD	TbID	yes	ER	-0.337009285528724	0.209979175119778	0.84574431907773	4.44398883505616e-08	TbID
Raf1WT	SCD	TbID	yes	ER	-0.417440310255706	0.245838501992444	0.926419783026872	5.88978983600229e-10	TbID
KrasWT	SCD	TbID	yes	ER	-0.0179666086119923	0.859698640606325	0.816264999477587	1.02296931784493e-05	TbID
HrasS17N	SCD5	TbID	no	ER	0.0392047625289422	0.84399931915898	0.820578974393807	5.26852253843523e-09	TbID
KrasS17N	SCD5	TbID	no	ER	-0.197835331192461	0.0137298927409064	0.810267380533189	1.49344797054603e-06	TbID
KrasWT	SCD5	TbID	no	ER	-0.1358788202967	0.0601529511023373	0.819193220732028	2.03662339804008e-06	TbID
Raf1WT	SCD5	TbID	no	ER	0.251011548275291	0.22089876905881	0.858683604693841	2.37565960327824e-09	TbID
KrasG12D	SCD5	TbID	no	ER	-0.125658299206775	0.134096659011678	0.7744959595759	1.33819173410694e-06	TbID
ArafWT	SCD5	TbID	no	ER	0.27665169864963	0.101483597224412	0.928391195395411	7.01191144670332e-10	TbID
MEK2AA	SCIN	TbID	no	NA	0.535426534688888	0.105224931828859	1.1162669672853	7.62822228012653e-10	TbID
MEK1AA	SCIN	shared	no	NA	0.836078470824833	0.0104208637493869	1.15152825179991	2.26420127154536e-10	TbID
HrasQ61R	SCIN	TbID	no	NA	0.203790912022692	0.488198829444287	0.777973726940609	6.58101717492911e-07	TbID
ArafS214P	SCML1	shared	no	cytosol	1.34291645589171	2.93274124107719e-06	0.483714612085613	0.000452398062941619	Both
ArafWT	SCML1	core	no	cytosol	1.42652052829156	1.90166821755197e-06	0.840971279958951	3.92717712481897e-06	Both
ERK1WT	SCML1	shared	no	cytosol	1.13890978786971	4.57897651303983e-05	0.648773886547811	6.40561685121172e-05	Both
NrasWT	SCML1	shared	no	cytosol	1.16308366037247	8.10411073327575e-05	0.636307015581449	2.85323478070886e-05	Both
ERK2DD	SCML1	shared	no	cytosol	1.10576389295713	3.07029624444703e-05	0.595678476047216	3.81099768881566e-05	Both
MEK2WT	SCML1	shared	no	cytosol	1.3876884675181	5.33325477567133e-06	0.474570605848366	0.000235863874749442	Both
HrasWT	SCNM1	TbID	no	NA	-0.293147188560828	0.685690017445067	0.839031087936712	0.000187187034100609	TbID
Raf1S257L	SCOC	AP-MS	no	cytosol	1.54272491999985	0.000465834878051019	-0.714141226238067	1.1997625423295e-05	AP-MS
Raf1S259F	SCOC	AP-MS	no	cytosol	1.27774167851115	0.00392189616753078	-0.89015117104138	1.2623408126607e-06	AP-MS
KrasG12D	SCRIB	shared	no	plasma_membrane	0.137061567286446	0.0088331290224452	1.22787230531127	3.3332985923247e-08	Both
MEK2WT	SCRIB	shared	no	plasma_membrane	0.372795340038717	0.0165856624022393	0.968690589720145	2.76589809441876e-08	Both
HrasQ61R	SCRIB	core	no	plasma_membrane	1.88467197335761	1.22991117629503e-05	2.1062519292406	3.23753125478183e-11	Both
HrasG13R	SCRIB	core	no	plasma_membrane	2.09379955296761	6.04916500186595e-05	2.220689058312	3.40468403490748e-11	Both
NrasQ61R	SCRIB	core	no	plasma_membrane	1.97956821240521	2.03968826957446e-09	2.56857877929325	5.00549697190048e-12	Both
MEK1AA	SCRIB	TbID	no	plasma_membrane	0.146833284589779	0.277959021488979	0.987336505806293	2.72680610714369e-08	Both
NrasQ61K	SCRIB	shared	no	plasma_membrane	0.912469803669481	1.92474372646365e-05	2.67551417773719	1.81687960085082e-11	Both
MEK1WT	SCRIB	TbID	no	plasma_membrane	0.0363090495204511	0.854023472581581	1.07437460357143	8.74653599845539e-09	Both
ERK2DD	SCRN3	AP-MS	no	cytosol	1.30719067858316	1.24311580092209e-05	-0.473047351570334	2.67610389446733e-05	AP-MS
ERK1WT	SCRN3	AP-MS	no	cytosol	1.50021958997743	6.86985451890893e-06	-0.197655417890571	0.0237578360513967	AP-MS
ERK2AA	SCRN3	AP-MS	no	cytosol	2.11681842251149	2.60390933240717e-07	-0.286026970191356	0.00473574093206292	AP-MS
ERK2WT	SCRN3	AP-MS	no	cytosol	3.28014884827462	1.17949072559265e-09	-0.164805830662592	0.0739970062780076	AP-MS
NrasS17N	SDC1	AP-MS	yes	plasma_membrane	1.06121702259551	4.97708861273703e-05	0.258147419987309	0.11423116565114	AP-MS
ERK1AA	SDC1	AP-MS	yes	plasma_membrane	1.18669622399315	1.63114474923271e-05	0.221081461987119	0.205449137504553	AP-MS
ERK1AA	SDC2	shared	no	plasma_membrane	1.07676410935799	0.000183492876535482	0.561619415911127	0.00410375683443019	Both
BrafG469A	SDC2	core	no	plasma_membrane	1.28407491161061	3.88052505539914e-05	1.09583527751561	7.50191419423094e-06	Both
BrafV600E	SDC4	core	no	NA	1.21631529962484	3.10481867384685e-06	1.20913286333816	8.26586803521917e-07	Both
Raf1S257L	SDC4	shared	no	NA	0.997922340339818	1.57149739624511e-05	1.30030262473507	3.76159009584303e-07	Both
MEK2DD	SDCCAG8	AP-MS	yes	NA	1.3331212329569	0.00793664369390647	0.0590163997841266	0.398450286653502	AP-MS
BrafD594N	SDF2	shared	no	ER	1.37856110195218	1.11381532299346e-05	0.44893050454708	7.09562891712717e-05	AP-MS
BrafD594N	SDF2L1	shared	no	ER	1.68421636334544	1.59277334038058e-06	0.39891584340994	0.000335040254078191	AP-MS
MEK2DD	SDF4	shared	no	Golgi	0.532689639815449	0.00260031224850662	0.873178265705091	2.68760337782474e-07	TbID
HrasS17N	SDHAF4	AP-MS	no	mitochondrion	1.14709200222043	0.000518328502721466	NA	NA	AP-MS
BrafG469A	SDHC	TbID	yes	mitochondrion	NA	NA	1.12293167087767	0.000111805265483799	TbID
BrafWT	SDHC	TbID	yes	mitochondrion	NA	NA	1.07964131541674	0.000414093308037397	TbID
Raf1S257L	SDHC	TbID	yes	mitochondrion	NA	NA	1.13787883302157	0.000164428535475369	TbID
Raf1S259F	SDHC	TbID	yes	mitochondrion	NA	NA	1.06263330087639	0.000324743435278618	TbID
BrafV600E	SDHC	TbID	yes	mitochondrion	NA	NA	1.13668892568751	0.000130987032921908	TbID
KrasG12V	SDK1	TbID	no	plasma_membrane	0.58079777603352	0.0657224817794169	0.773761667146054	8.13233136955411e-06	TbID
KrasWT	SDR39U1	TbID	no	mitochondrion	-0.0442132714253276	0.785972509066842	1.23399293199618	0.000613223903148117	TbID
KrasS17N	SDR39U1	TbID	no	mitochondrion	-0.186039184179178	0.24466712052179	0.868457426923673	0.00318104017581984	TbID
KrasG12V	SDR39U1	TbID	no	mitochondrion	-0.176086232797228	0.222062410920761	1.05683675047152	0.00180985997112607	TbID
ArafD447A	SEC13	AP-MS	no	ER	1.39029773420836	7.57261170619653e-07	-0.070252295915972	0.37704186137246	Both
ArafWT	SEC13	AP-MS	no	ER	1.58586109466714	3.6186383288978e-07	0.132148173557185	0.196386848546419	Both
ArafS214P	SEC13	shared	no	ER	1.16156395055142	6.56306974582311e-06	0.302156166403761	0.00155857872683676	Both
ERK2WT	SEC13	TbID	no	ER	0.298986518968513	0.0796482210383401	0.879154609564643	1.207505980506e-06	Both
ArafD447A	SEC16A	AP-MS	no	cytosol	1.36650276901216	5.24263993457553e-07	-0.341621981081503	0.000612341441781405	Both
ArafS214P	SEC16A	shared	no	cytosol	1.60624076577628	9.40029839421468e-07	0.344559713369388	0.00038354794767072	Both
Raf1S259F	SEC16A	AP-MS	no	cytosol	1.50326338115656	1.07696698482295e-05	0.0846745380123618	0.23997644406671	Both
Raf1S257L	SEC16A	AP-MS	no	cytosol	1.29210961198415	5.98444806376049e-07	-0.0627881492054327	0.412114046556671	Both
ERK2AA	SEC16A	TbID	no	cytosol	0.0221367987789206	0.91295098066942	0.93733161042268	6.28790955641395e-07	Both
ArafWT	SEC16A	AP-MS	no	cytosol	1.58803247521862	1.16435459373778e-07	-0.107184367562437	0.199085522614181	Both
ERK2WT	SEC16A	shared	no	cytosol	0.526497414243548	0.00479637837597124	1.07714725666302	2.03148023395698e-08	Both
MEK2DD	SEC23B	TbID	yes	Golgi	-0.0701471116038213	0.599334016214636	0.875745361582058	5.04781668799718e-09	TbID
MEK2AA	SEC23IP	TbID	no	Golgi	0.108675868083995	0.603373166775431	0.870996199225645	1.79679700906303e-08	TbID
MEK2DD	SEC24A	TbID	no	ERGIC	-0.213892261448773	0.0808421370609316	0.979822912787896	4.06020924908644e-09	TbID
MEK2DD	SEC61A1	AP-MS	no	ER	1.40160633153396	1.08914208801149e-05	0.0343541574985048	0.600798371094721	AP-MS
ArafWT	SEL1L	shared	no	ER	0.303605316183627	0.0422396248084502	1.31002489975174	0.00021449410905344	TbID
ArafD447A	SEL1L	TbID	no	ER	-0.332638930475615	0.0283430316865969	1.0093396207878	0.00163202202985028	TbID
ArafS214P	SEL1L	shared	no	ER	0.303620064266102	0.0391929650103479	1.15594337463171	0.000525724175849636	TbID
MEK2DD	SEL1L3	AP-MS	no	NA	1.04595002088074	0.019999908920233	NA	NA	AP-MS
BrafD594N	SELENOF	AP-MS	no	ER	1.6064242703679	6.05348897972259e-08	0.0426558433928993	0.595588158991253	AP-MS
BrafV600E	SELENOF	shared	no	ER	1.84040941559317	1.90010753252712e-08	0.306176648205739	0.00070591020557804	AP-MS
BrafG469A	SELENOK	shared	no	ER	0.348014633465526	0.0293949727612023	1.14940126988643	7.69513612500818e-09	Both
MEK1DD	SELENOK	TbID	no	ER	0.14487304254472	0.436563531090781	0.919513352322406	3.90919290830056e-08	Both
ArafS214P	SELENOK	TbID	no	ER	0.0260976085142153	0.899732356200975	0.851440962182582	1.04684784421902e-06	Both
MEK2DD	SELENOK	shared	no	ER	1.02550325795842	2.38266348406445e-05	0.708116792077358	6.83500876055983e-07	Both
ArafD447A	SELENOK	TbID	no	ER	-0.14016129797422	0.411429468498505	0.935466594154861	2.42924519125885e-08	Both
BrafV600E	SELENOK	shared	no	ER	0.732384064982698	0.00104001878281145	1.09491274031135	8.42104709233259e-09	Both
ERK2WT	SELENOK	shared	no	ER	1.37391611994414	2.34436619740394e-06	0.657710564648591	2.04981857565386e-06	Both
ArafS214P	SELENOS	TbID	no	ER	0.215978248949205	0.0953144614191464	1.28576890308699	4.47395847354701e-07	TbID
BrafV600E	SELENOS	shared	no	ER	0.614974460660113	0.000294485916878285	1.30135131690283	1.06809292440511e-07	TbID
Raf1WT	SELENOS	TbID	no	ER	-0.378535749337512	0.064181034122108	1.30549652035458	1.75220498146906e-07	TbID
Raf1S257L	SELENOS	TbID	no	ER	-0.127540263641924	0.356762303735415	1.1715346173854	4.79468709095019e-07	TbID
BrafD594N	SELENOS	shared	no	ER	0.340654975320546	0.0226818164805154	1.08249528788995	2.25159878189671e-06	TbID
BrafG469A	SELENOS	shared	no	ER	0.588114111520734	0.000856751503043191	1.36726692003788	7.86096239842561e-08	TbID
MEK1DD	SELENOS	shared	no	ER	0.340916805142907	0.0120890631467923	1.21184041989292	5.42475239331798e-07	TbID
HrasWT	SELENOS	TbID	no	ER	-0.186484775080838	0.178892699895387	0.821008275875494	0.000140323620055014	TbID
ArafWT	SELENOS	TbID	no	ER	-0.528381286547913	0.000493103140140154	0.869869551379982	2.11932327277584e-05	TbID
BrafWT	SELENOS	TbID	no	ER	0.267038555095823	0.0882177216318327	0.969404940506188	1.44386669535693e-05	TbID
NrasWT	SELENOS	TbID	no	ER	0.0767364269810875	0.628735099205703	1.08245392194816	5.395341910816e-06	TbID
Raf1S259F	SELENOS	TbID	no	ER	0.176211719864212	0.168272259094184	1.33825724001758	2.95370976409567e-07	TbID
BrafG469A	SEMA7A	TbID	no	NA	0.186262456755305	0.577355965237918	2.52534991993668	6.37321846181609e-07	Both
BrafV600E	SEMA7A	TbID	no	NA	0.634783381686663	0.0640315614262221	2.59370354424657	5.31588153078674e-07	Both
MEK2DD	SEMA7A	shared	no	NA	1.19860833799506	0.00103645324632644	1.61709757675927	7.67585608727139e-05	Both
Raf1S257L	SENP3	AP-MS	no	nucleus	1.82740278711523	1.80138306328799e-07	0.00940611769310867	0.92168809758665	AP-MS
Raf1WT	SENP3	shared	no	nucleus	1.27747041760641	2.07979726397905e-05	0.176730459548778	0.0407296338310261	AP-MS
Raf1S259F	SENP3	AP-MS	no	nucleus	1.67547829896353	2.41894835813834e-06	0.0356448586810354	0.659632014678591	AP-MS
ERK2WT	SENP6	TbID	no	nucleus	0.353276118955134	0.166452803041556	0.844515643297908	1.89599923168115e-07	TbID
HrasG13R	SENP7	AP-MS	no	nucleus	1.32480900413746	0.00252869547533633	0.146303444813705	0.148812518237854	AP-MS
NrasQ61R	SEPHS1	TbID	no	nucleus	0.348582919102243	0.055762672605617	1.12111979185307	7.41799318721234e-09	TbID
HrasG13R	SEPHS2	TbID	no	cytosol	-0.120730953083614	0.49522000665822	0.782849493131595	0.00220642608516295	TbID
MEK2DD	SEPTIN10	TbID	no	actin_cytoskeleton	0.00970691580375964	0.978031359329278	1.06815355608222	1.92158435644008e-09	TbID
MEK2DD	SERAC1	shared	yes	mitochondrion	0.994103625677151	1.47997210331087e-06	0.27237336478027	0.00136020738650711	AP-MS
BrafG469A	SERF1A	shared	no	NA	1.03613385938103	0.000222666985933061	1.18059704996192	7.98804231771692e-07	TbID
Raf1WT	SERF1A	TbID	no	NA	0.233408322314792	0.360518781649899	0.935270240467676	9.64058863618502e-06	TbID
BrafV600E	SERF1A	shared	no	NA	0.805643967320654	0.00391775001967877	1.03101697411985	5.97230986399672e-06	TbID
Raf1S259F	SERF1A	TbID	no	NA	0.0622538513009942	0.856012160576408	0.908836314024684	1.39025484915959e-05	TbID
MEK1DD	SERF1A	TbID	no	NA	0.400317568781273	0.099818491526696	0.981350392488419	1.43685257070467e-05	TbID
Raf1S257L	SERF1A	shared	no	NA	0.766721821636336	0.00205375534244241	1.03562551032784	4.25090711925268e-06	TbID
ArafS214P	SERF2	TbID	no	nucleus	-0.0965312684491395	0.660798591962977	1.09682358528614	1.70822712210881e-09	TbID
Raf1D486A	SERF2	shared	no	nucleus	0.425413943641528	0.0151593092934237	0.927032626763143	5.59424745991945e-07	TbID
Raf1WT	SERF2	TbID	no	nucleus	-0.0563123625503604	0.796192993243375	1.1974403557658	5.91712406958003e-10	TbID
BrafG469A	SERF2	TbID	no	nucleus	0.302246538908087	0.110859331244337	1.02436160069792	1.90091541193282e-07	TbID
Raf1S259F	SERF2	TbID	no	nucleus	-0.337731225506765	0.172599090463916	1.1490673883738	7.22094070334776e-10	TbID
BrafWT	SERF2	shared	no	nucleus	0.464806976975637	0.0115534476782143	1.01635682916757	4.71407576833242e-09	TbID
Raf1S257L	SERF2	shared	no	nucleus	0.459667502637817	0.00699743998395334	1.22174638103346	3.8544137898808e-09	TbID
NrasQ61K	SERF2	shared	no	nucleus	0.857218795926885	0.000521271812564054	0.990533725205092	1.08489730639555e-07	TbID
NrasS17N	SERF2	TbID	no	nucleus	0.296047490617364	0.0814599172681326	0.809027209188296	2.42047672630535e-07	TbID
ArafD447A	SERF2	TbID	no	nucleus	0.156771324758989	0.448888062379126	1.12317384422612	1.12391886047215e-08	TbID
ERK2AA	SERF2	shared	no	nucleus	0.820004761054007	0.000342620471119715	0.955228913200801	3.36025598310266e-07	TbID
BrafD594N	SERF2	TbID	no	nucleus	0.0364382254113512	0.903789140815514	0.860396007187091	3.63234997232107e-05	TbID
ERK1AA	SERF2	shared	no	nucleus	0.694395797742471	0.000690305293867752	0.843309179545438	1.87217283788576e-07	TbID
MEK1DD	SERF2	TbID	no	nucleus	-0.208279865193506	0.307454912064212	1.05727635695623	2.65295257552209e-09	TbID
BrafV600E	SERF2	TbID	no	nucleus	0.130024524597881	0.476959916477569	1.08270614648689	4.09792638304406e-09	TbID
ERK2DD	SERF2	shared	no	nucleus	0.55900875106863	0.00365366163671897	0.929076333308218	1.69284506166446e-07	TbID
NrasWT	SERF2	TbID	no	nucleus	0.255269099593831	0.21146319336393	0.795894698449373	1.02891271352275e-06	TbID
ERK2WT	SERINC1	AP-MS	no	early_endosome	2.9826582402093	4.25792444620836e-06	0.0291583086828914	0.727004651129829	Both
Raf1S259F	SERINC1	TbID	no	early_endosome	0.307640949862249	0.401925631085936	1.25547302936621	1.33651785181259e-09	Both
ERK2AA	SERINC1	shared	no	early_endosome	1.19078157091482	0.00681872767879113	0.32518672055458	0.00308394462322191	Both
BrafG469A	SERINC1	TbID	no	early_endosome	0.110944519761486	0.793872544376651	0.990256731626659	8.30347143405419e-09	Both
KrasWT	SERINC3	TbID	no	early_endosome	NA	NA	1.20412822794153	0.00995861177968251	TbID
KrasG12D	SERINC3	TbID	no	early_endosome	NA	NA	1.04448596286614	0.0170274824117813	TbID
Raf1S259F	SERINC3	TbID	no	early_endosome	NA	NA	0.841960206176121	2.00731792247114e-07	TbID
BrafG469A	SERINC3	TbID	no	early_endosome	NA	NA	1.13894839265766	2.58932151389105e-09	TbID
MEK2DD	SERPINE2	AP-MS	yes	plasma_membrane	1.15818396524213	0.00430718443918099	0.116505400789941	0.380604663685788	AP-MS
Raf1D486A	SERPINF2	TbID	yes	NA	NA	NA	1.01901251927096	0.0123785547916558	TbID
Raf1S259F	SERTAD4	AP-MS	no	NA	2.18503085812842	0.00125841234359398	NA	NA	AP-MS
Raf1S257L	SERTAD4	AP-MS	no	NA	2.29700125318217	0.000769160464004241	NA	NA	AP-MS
Raf1D486A	SESN2	TbID	no	cytosol	0.0761169256273546	0.659912125565852	1.05528661706781	3.03070964126958e-09	TbID
BrafG469A	SESN3	TbID	no	NA	-0.610409147781817	0.000108103466001704	0.958997022578318	4.38672758973471e-10	TbID
MEK1WT	SESN3	TbID	no	NA	-0.172074241705553	0.280960841409309	0.871966332524733	1.08510747455106e-09	TbID
MEK1AA	SESN3	TbID	no	NA	0.0926454627906542	0.563081111033373	0.945591812516682	2.48877371230092e-10	TbID
NrasQ61K	SESN3	TbID	no	NA	-0.407714308925816	0.0118944345589567	0.799957615994535	1.63696832461098e-08	TbID
BrafD594N	SESN3	TbID	no	NA	-0.0535946943719113	0.762111939889141	1.05044854691118	5.32381720134899e-10	TbID
MEK2AA	SESN3	TbID	no	NA	0.117074316516419	0.480601248796908	0.920230005341262	7.81030340968557e-10	TbID
BrafWT	SESN3	TbID	no	NA	-0.0522796792618763	0.740673566385185	1.28436970524864	2.04014497973747e-10	TbID
Raf1D486A	SESN3	TbID	no	NA	0.0531526281210006	0.68598399179702	1.42693158229982	1.24927845347081e-11	TbID
NrasS17N	SESN3	TbID	no	NA	-0.308780771479558	0.0260111153432057	0.998406448857247	6.15834785336023e-09	TbID
Raf1WT	SESN3	TbID	no	NA	-0.0923128107923191	0.506858119687302	1.14870098431577	3.84405325418933e-11	TbID
NrasWT	SESN3	TbID	no	NA	-0.417396405665214	0.00459870375672309	0.804777166132661	8.33308242410366e-08	TbID
HrasQ61R	SESN3	TbID	no	NA	0.0699497438343942	0.63433592477759	0.985034300665237	5.05018290704464e-09	TbID
ERK2DD	SESN3	TbID	no	NA	-0.337004100565726	0.0102427663969275	0.967202318689397	1.27427866180929e-09	TbID
KrasWT	SETD4	shared	no	NA	0.796145476675259	0.00214757920363845	0.473590075724633	0.00178606766984482	AP-MS
KrasG12V	SETD4	shared	no	NA	0.805543028535457	0.000320409579755375	0.422886805699798	0.00761556840028317	AP-MS
KrasS17N	SETD4	shared	no	NA	0.785328181200702	0.00110771390080167	0.453791685294534	0.00922443501388903	AP-MS
NrasQ61R	SETD5	shared	yes	nucleus	1.07414622502887	3.96690527732238e-06	0.540998886078204	2.65771703101908e-06	AP-MS
KrasG12D	SETSIP	AP-MS	no	NA	0.741160731524548	0.0038818391388919	NA	NA	AP-MS
KrasG12V	SETSIP	AP-MS	no	NA	0.83791801004314	6.22695921005016e-05	NA	NA	AP-MS
HrasG13R	SF3A1	TbID	no	nucleus	0.401489473221127	0.257833661464358	0.772277874997531	2.86546043112796e-05	TbID
Raf1S259F	SFN	AP-MS	yes	recycling_endosome	1.29936084615919	0.00836553133741942	-0.228466034208704	0.4263551531817	Both
HrasS17N	SFN	TbID	yes	recycling_endosome	0.384437867697208	0.414133366641041	1.10371593476062	0.0149816156170623	Both
BrafG469A	SFN	AP-MS	yes	recycling_endosome	1.98611987981327	0.00030315593235632	-0.367715569294837	0.159429104680445	Both
BrafWT	SFN	AP-MS	yes	recycling_endosome	1.34897420489627	0.0101765269128932	0.0767739126711984	0.808810262972969	Both
BrafD594N	SFN	AP-MS	yes	recycling_endosome	1.96414033511132	0.00119082429937151	-0.305817486137334	0.29039077648974	Both
Raf1S257L	SFN	AP-MS	yes	recycling_endosome	1.24365726388244	0.00834796139634446	0.0577915162888038	0.830709160640028	Both
BrafV600E	SFN	AP-MS	yes	recycling_endosome	2.28645248344907	0.000179677434615475	-0.306003734993699	0.261098991896709	Both
MEK2DD	SFN	AP-MS	yes	recycling_endosome	3.79490721412287	0.00111901694585555	-0.219158850089846	0.469300072061994	Both
HrasS17N	SFRP1	core	yes	NA	1.10136736770369	0.00138315804772679	1.01706909720374	2.73772630052711e-08	Both
ERK2AA	SFRP5	TbID	no	NA	NA	NA	1.55890581440023	7.91096620526417e-08	TbID
NrasQ61K	SFRP5	TbID	no	NA	NA	NA	0.80678017098866	4.8132692614363e-05	TbID
HrasS17N	SFRP5	TbID	no	NA	NA	NA	1.60135053358272	2.02970084506283e-07	TbID
HrasG13R	SFRP5	TbID	no	NA	NA	NA	0.776864761346703	4.24971203594202e-05	TbID
NrasQ61R	SFRP5	TbID	no	NA	NA	NA	2.57836773670976	4.61731870498187e-10	TbID
Raf1D486A	SFRP5	TbID	no	NA	NA	NA	1.10044107671122	1.11565288886111e-06	TbID
NrasS17N	SFRP5	TbID	no	NA	NA	NA	1.53862616042092	2.74311625812767e-07	TbID
ERK2DD	SFRP5	TbID	no	NA	NA	NA	1.05460849020792	1.03959920161443e-05	TbID
Raf1S257L	SFRP5	TbID	no	NA	NA	NA	0.887332856751253	1.15389204577043e-05	TbID
Raf1S259F	SFT2D2	TbID	no	plasma_membrane	NA	NA	0.965769540221646	1.29486481339028e-05	TbID
MEK2DD	SFXN3	shared	no	mitochondrion	1.31228185294679	3.1939292360677e-07	0.39448614082672	6.37347285687753e-05	AP-MS
NrasQ61R	SFXN3	shared	no	mitochondrion	1.53457524009362	1.72749175665141e-07	0.468206654773391	1.49762254076077e-05	AP-MS
BrafV600E	SFXN5	TbID	no	mitochondrion	0.1935642746619	0.272118805816564	0.858619438466674	1.93009141554676e-05	TbID
BrafG469A	SFXN5	TbID	no	mitochondrion	-0.214122301929995	0.161792416814905	0.955185094080771	1.1136831081751e-05	TbID
MEK2DD	SGCB	AP-MS	yes	ER	1.03619616442399	7.10366139950039e-06	NA	NA	AP-MS
BrafV600E	SGK1	TbID	yes	NA	NA	NA	2.73778234014126	5.39809368335258e-09	TbID
BrafG469A	SGK1	TbID	yes	NA	NA	NA	3.01015462957214	2.20417253554676e-09	TbID
ERK2AA	SGK1	TbID	yes	NA	NA	NA	1.70794303007669	3.51290018126801e-06	TbID
MEK2WT	SGK1	TbID	yes	NA	NA	NA	2.00673592184931	2.81906204925479e-07	TbID
NrasQ61K	SGK1	TbID	yes	NA	NA	NA	1.97266818900981	1.87196896364494e-06	TbID
MEK2AA	SGK1	TbID	yes	NA	NA	NA	1.24229892791943	0.00923326062654112	TbID
ArafD447A	SGK1	TbID	yes	NA	NA	NA	1.85164372226284	7.32595098651789e-07	TbID
NrasQ61R	SGK1	TbID	yes	NA	NA	NA	1.16287892194843	0.0129324805327445	TbID
BrafD594N	SGK1	TbID	yes	NA	NA	NA	1.62534690137961	8.06498825394196e-06	TbID
BrafWT	SGK1	TbID	yes	NA	NA	NA	1.38387837522031	0.003003534798406	TbID
MEK1WT	SGK1	TbID	yes	NA	NA	NA	2.16576573094627	8.6575643615462e-08	TbID
ArafS214P	SGK1	TbID	yes	NA	NA	NA	2.79799346802945	8.19785142865141e-09	TbID
MEK1AA	SGK1	TbID	yes	NA	NA	NA	1.55774255156305	9.87875584888895e-05	TbID
ERK2WT	SGK1	TbID	yes	NA	NA	NA	1.13850649443965	0.0137948368552131	TbID
Raf1WT	SGK1	TbID	yes	NA	NA	NA	1.37039283109701	0.000542148102796674	TbID
MEK2DD	SGK1	TbID	yes	NA	NA	NA	3.19213295027707	2.40383887731176e-09	TbID
Raf1S257L	SGK1	TbID	yes	NA	NA	NA	2.21736654959311	3.38882919352708e-07	TbID
MEK1DD	SGK1	TbID	yes	NA	NA	NA	2.95639623102433	4.16697799178289e-09	TbID
Raf1S259F	SGK1	TbID	yes	NA	NA	NA	2.87740251506177	8.08459431982782e-09	TbID
BrafG469A	SGMS2	TbID	yes	NA	NA	NA	0.8749311587873	1.16257516170445e-08	TbID
Raf1D486A	SGPL1	shared	yes	ER	0.646835845352152	0.00108776480272479	1.44586972632185	2.00365982540515e-11	TbID
BrafG469A	SGPL1	shared	yes	ER	0.593419920816193	0.00251381860204165	1.0518394645009	5.07795941983311e-10	TbID
ArafWT	SGTA	shared	no	early_endosome	1.40499099978406	3.88506510911795e-05	0.245203750856359	0.0172503229299054	AP-MS
ArafD447A	SGTA	shared	no	early_endosome	1.61277943730027	1.90751005346121e-05	0.357697275271386	7.69332521200686e-05	AP-MS
BrafG469A	SH2B3	AP-MS	yes	NA	1.70329158590615	1.49723753277805e-08	NA	NA	AP-MS
BrafV600E	SH2B3	AP-MS	yes	NA	2.36167953364529	9.78697868071223e-11	NA	NA	AP-MS
Raf1S257L	SH2B3	AP-MS	yes	NA	1.35180288878209	1.25505101993594e-07	NA	NA	AP-MS
MEK2DD	SH2B3	AP-MS	yes	NA	2.05365356830468	1.08173850047249e-09	NA	NA	AP-MS
Raf1S259F	SH2B3	AP-MS	yes	NA	2.04491950746861	7.05879915412828e-09	NA	NA	AP-MS
MEK1DD	SH2B3	AP-MS	yes	NA	1.47353327558056	5.14706117346743e-08	NA	NA	AP-MS
BrafV600E	SH2D2A	TbID	no	NA	NA	NA	1.4147205253331	0.000107098108831625	TbID
MEK2DD	SH2D2A	TbID	no	NA	NA	NA	1.71047943241952	1.95887211475053e-05	TbID
HrasG13R	SH2D5	AP-MS	no	NA	1.24550077813955	0.00281534185004916	-0.352331586141136	0.0043302194661743	AP-MS
BrafG469A	SH3BGRL3	AP-MS	no	cytosol	1.19253630684788	0.000994162788694838	NA	NA	AP-MS
Raf1S257L	SH3BP4	TbID	no	plasma_membrane	0.105617739651901	0.356325281467091	0.878437482101863	1.95277940253314e-09	TbID
ArafS214P	SH3BP4	TbID	no	plasma_membrane	0.244130983625484	0.0567579528415652	2.31941786594349	6.34307073356036e-12	TbID
Raf1S259F	SH3BP4	shared	no	plasma_membrane	0.365359978579304	0.018139902599179	1.50225181999008	6.00271800457152e-11	TbID
MEK2DD	SH3BP4	shared	no	plasma_membrane	0.29510491820006	0.013047302739871	0.873821170249463	2.70409581077842e-09	TbID
MEK2DD	SH3GL1	TbID	no	cytosol	-0.228741272079868	0.0324264842378944	1.08369483673626	2.76743639758986e-08	TbID
MEK2DD	SH3GL2	TbID	no	NA	-0.337440557924595	0.00428685631218104	0.910333538339295	1.85755173488427e-08	TbID
BrafD594N	SH3GLB2	AP-MS	no	cytosol	1.22812835099277	1.43849755679017e-07	0.0802913727666684	0.437349246148116	AP-MS
ArafS214P	SH3GLB2	AP-MS	no	cytosol	1.54792981976101	7.71044399936261e-07	-0.290221036736955	0.00343738258094229	AP-MS
ArafWT	SH3GLB2	AP-MS	no	cytosol	1.34059605159763	8.86044047269793e-09	-0.287955816442021	0.00493750431667482	AP-MS
HrasS17N	SH3PXD2B	AP-MS	yes	unclassified	1.05140175471915	0.000128971701257662	-0.713025473853469	5.96281256607695e-07	AP-MS
MEK2DD	SH3RF1	TbID	no	14-3-3_scaffold	0.11607896269177	0.519693765174998	1.07578899022909	2.18184592111768e-09	TbID
KrasG12D	SHANK2	TbID	yes	NA	NA	NA	0.811460336974331	0.0051234497283949	TbID
NrasQ61R	SHANK2	TbID	yes	NA	NA	NA	1.21246680760656	4.83210185862048e-08	TbID
ERK1WT	SHANK3	AP-MS	yes	NA	1.02632888770052	0.00489453639881606	0.150663503751231	0.227521654774846	AP-MS
MEK2DD	SHC1	TbID	no	cytosol	0.0706685966117676	0.5364846911252	0.936703330947688	3.98317115005089e-08	TbID
MEK2DD	SHC4	TbID	no	NA	-0.168814895651752	0.639624796805879	0.988221873697182	4.77840401171763e-07	TbID
BrafG469A	SHKBP1	AP-MS	no	actin_cytoskeleton	1.19857246218204	1.74073590793426e-05	-0.1507987571533	0.0333767799197496	AP-MS
NrasQ61R	SHOC2	core	yes	plasma_membrane	4.47857735185154	2.06781691855097e-05	4.04148038336101	5.82684884842755e-14	Both
HrasG13R	SHOC2	core	yes	plasma_membrane	4.35827436833587	0.000124196931910785	3.77135047436812	3.64031685429092e-12	Both
NrasWT	SHOC2	TbID	yes	plasma_membrane	0.0334464350416104	0.979151430845467	0.964408817634026	1.03333120422125e-06	Both
NrasQ61K	SHOC2	core	yes	plasma_membrane	3.49212236745717	0.000323922973073027	4.1263369480727	7.51073948251926e-14	Both
KrasG12D	SHOC2	shared	yes	plasma_membrane	0.240341146574995	0.00298980881397441	2.11801465023177	1.80960907759519e-08	Both
HrasWT	SHOC2	TbID	yes	plasma_membrane	0.225145396970985	0.80916933417232	1.36666310225812	2.28309109075739e-08	Both
HrasQ61R	SHOC2	core	yes	plasma_membrane	4.0576242538947	0.000180722054452542	3.75905339738704	1.07809957932812e-13	Both
KrasWT	SHOC2	shared	yes	plasma_membrane	0.606236792438807	0.000335462731912863	1.40868144717294	5.01419291868444e-08	Both
KrasG12V	SHOC2	shared	yes	plasma_membrane	0.1387492095686	0.0328538886874355	1.49612572657923	6.23695705651137e-08	Both
MEK2DD	SHROOM1	core	no	14-3-3_scaffold	1.26210559634478	2.30394235343196e-07	1.69829103750452	9.34312571555251e-10	Both
BrafV600E	SHROOM1	shared	no	14-3-3_scaffold	1.32556796861104	1.27474705635868e-06	0.671480021926415	3.68807852452878e-06	Both
ArafS214P	SIRT1	AP-MS	yes	cytosol	1.42771849245507	3.61957403547676e-07	-0.328112054781046	0.000305269013726004	AP-MS
Raf1D486A	SIRT1	AP-MS	yes	cytosol	1.48541618194216	1.55312336475429e-08	-0.147033444903188	0.0541629702507809	AP-MS
Raf1S257L	SIRT1	AP-MS	yes	cytosol	2.3235893524616	1.21440702475886e-10	0.0694118357652589	0.321487474597643	AP-MS
KrasWT	SIRT1	AP-MS	yes	cytosol	1.68109886651634	4.77460637763283e-07	-0.0464533391132687	0.461387691939389	AP-MS
KrasG12V	SIRT1	AP-MS	yes	cytosol	1.62772459440206	6.26496559732452e-10	0.103013723859608	0.134682193771792	AP-MS
KrasS17N	SIRT1	shared	yes	cytosol	1.69167277501836	2.44906840988467e-08	0.194987706980459	0.0133569754797047	AP-MS
ArafD447A	SIRT1	AP-MS	yes	cytosol	1.39186160882604	2.59789780716188e-09	-0.327689707175577	0.000766363354298137	AP-MS
Raf1S259F	SIRT1	AP-MS	yes	cytosol	2.17297093988374	4.88863795924526e-08	-0.117166025529931	0.101918021140276	AP-MS
Raf1WT	SIRT1	AP-MS	yes	cytosol	1.54175537949285	1.9214920965224e-09	-0.318725247566327	0.000222815585947553	AP-MS
KrasG12D	SIRT1	shared	yes	cytosol	1.7218121208027	3.37622018381855e-09	0.169549199034925	0.0326583450405189	AP-MS
ArafWT	SIRT1	AP-MS	yes	cytosol	1.41935806816988	1.86945133637983e-09	-0.504496427388311	1.03066867905118e-05	AP-MS
BrafV600E	SIRT2	TbID	no	cytosol	-0.566178929885612	0.00845154908477603	1.03338124544782	1.01020460178378e-08	TbID
Raf1WT	SIRT2	TbID	no	cytosol	-0.0323516258872995	0.897096034279883	1.15021703772493	1.69457950418503e-09	TbID
HrasG13R	SIRT2	TbID	no	cytosol	0.0145420516586768	0.951566704149899	3.30547740705963	3.64031685429092e-12	TbID
HrasQ61R	SIRT2	TbID	no	cytosol	-0.207577848945493	0.296122042406343	3.14641015912102	3.4871298514378e-12	TbID
BrafD594N	SIRT2	TbID	no	cytosol	-0.225334679284675	0.299689755104403	1.84146774482534	2.62121609688878e-11	TbID
BrafWT	SIRT2	TbID	no	cytosol	-0.436468046233686	0.0325955464654894	1.54541000693575	2.12079686340225e-09	TbID
HrasWT	SIRT2	TbID	no	cytosol	-0.238816500487182	0.252539256898647	3.22669113359032	3.26743076343682e-13	TbID
ArafD447A	SIRT2	shared	no	cytosol	1.06908717367007	2.96679222870726e-05	0.851818073694841	2.38006070220269e-07	TbID
HrasS17N	SIRT2	TbID	no	cytosol	-0.36021790373582	0.124579781879563	1.85628315805181	2.78080691455687e-09	TbID
Raf1WT	SIVA1	TbID	no	cytosol	-0.0707771332770034	0.579089969822184	0.871155048916687	2.2863977375228e-06	Both
BrafWT	SIVA1	shared	no	cytosol	0.267237378924303	0.0311612076871077	0.889163844038249	5.02241960231699e-06	Both
HrasS17N	SIVA1	TbID	no	cytosol	-0.0209179236736545	0.879243144717542	0.984879129171015	3.29180432159533e-07	Both
NrasWT	SIVA1	TbID	no	cytosol	-0.0261636303877221	0.879705120435451	0.851393490756915	2.15953601204167e-05	Both
ERK2WT	SIVA1	shared	no	cytosol	1.01326789902647	2.78424242204391e-06	0.49802731754904	0.000344749662261852	Both
NrasQ61R	SIVA1	shared	no	cytosol	0.631313167090034	6.87086113557953e-05	1.37488951027695	7.71812645298258e-08	Both
KrasS17N	SIX2	TbID	no	nucleus	0.139884854798058	0.189480004511982	0.790899883877437	0.000156332221390645	TbID
ArafS214P	SKAP2	TbID	no	NA	0.657211013675688	0.0897704246324926	0.876943372032265	6.18960620202296e-07	Both
ArafD447A	SKAP2	core	no	NA	1.18839902667175	0.00661058494271892	0.863769306162889	1.62700908679566e-06	Both
HrasG13R	SKIDA1	TbID	no	NA	NA	NA	0.771943449831389	0.000709428277643557	TbID
BrafV600E	SKOR2	AP-MS	no	NA	1.56269589879698	8.75395186552138e-05	NA	NA	AP-MS
MEK1DD	SKOR2	AP-MS	no	NA	1.22230439281622	0.000385166524881736	NA	NA	AP-MS
BrafG469A	SKOR2	AP-MS	no	NA	1.46371535477427	9.12774152532458e-05	NA	NA	AP-MS
NrasQ61K	SKOR2	AP-MS	no	NA	1.32338671034022	0.00042891601618037	NA	NA	AP-MS
ERK2DD	SKOR2	AP-MS	no	NA	1.18877134618665	0.000204148145541066	NA	NA	AP-MS
Raf1S259F	SKOR2	AP-MS	no	NA	1.17645097018331	0.00035509837365942	NA	NA	AP-MS
HrasS17N	SLAIN1	shared	no	unclassified	1.17404882764622	1.04407187954544e-05	0.206896481662449	0.0112737211844438	AP-MS
MEK2DD	SLC15A4	AP-MS	yes	lysosome	1.18478277653494	0.0414465788997993	NA	NA	AP-MS
ERK1DD	SLC16A7	core	no	NA	1.9320798554761	7.3013587385552e-05	1.76107926792941	7.52910833323026e-06	Both
BrafG469A	SLC16A7	TbID	no	NA	0.381249239542677	0.217374280944693	0.935269340544385	0.000755513835656456	Both
HrasS17N	SLC16A7	core	no	NA	1.2237806206662	0.00143641527283709	2.44906549808362	4.75810860367975e-08	Both
Raf1D486A	SLC16A7	TbID	no	NA	0.482104332694841	0.0847770240795093	1.23886264681329	4.05138074483206e-05	Both
NrasS17N	SLC16A7	core	no	NA	1.04354532106703	0.00350203428717295	1.48157219866296	2.49709587710187e-05	Both
ERK1WT	SLC16A7	TbID	no	NA	0.340855527476529	0.312511877960135	0.903125008753831	0.0016075683823808	Both
ERK2AA	SLC16A7	core	no	NA	1.09873549843051	0.000901527423548964	1.54795632130281	1.06414965931116e-05	Both
MEK2WT	SLC16A7	TbID	no	NA	0.641949329976282	0.0848442393020676	1.19566591000668	7.03004967947514e-05	Both
MEK2AA	SLC16A7	shared	no	NA	0.969202465284489	0.0128612941516827	1.28115652429417	2.76870615254641e-05	Both
ERK2DD	SLC16A7	shared	no	NA	0.619898205678835	0.0269912573267398	1.74904965050279	4.86844518995511e-06	Both
BrafV600E	SLC16A7	TbID	no	NA	0.169345582185877	0.651529413121141	1.08878060586902	0.00010722742763951	Both
HrasWT	SLC16A7	core	no	NA	1.08091713329571	0.00341177321783709	1.47824436530658	9.51681887377292e-05	Both
MEK1DD	SLC16A7	core	no	NA	1.27930438562767	0.000388871654331851	1.69362528327858	2.18122286323318e-06	Both
Raf1WT	SLC16A7	TbID	no	NA	0.471235473968929	0.113468056070231	1.75468061487017	3.21080052907963e-06	Both
HrasG13R	SLC16A7	shared	no	NA	0.806756349343997	0.0118362631653459	1.03061036591786	0.000458734089831771	Both
MEK2DD	SLC16A7	shared	no	NA	0.847781356780256	0.00649666199740261	0.950094303995065	0.000396425751230268	Both
ArafS214P	SLC16A7	shared	no	NA	0.991061270119334	0.00151035654881831	1.7385073377093	1.91149811190963e-06	Both
MEK2DD	SLC18B1	AP-MS	no	lysosome	1.0720489393614	0.000737352195585875	-0.270326839739336	0.0289019205881772	AP-MS
Raf1S259F	SLC19A1	TbID	yes	plasma_membrane	0.11607840284708	0.510999123330609	0.929338834982054	1.13856144044194e-09	Both
ArafS214P	SLC19A1	TbID	yes	plasma_membrane	-0.10239963913352	0.610592327812674	0.858345573140077	3.93566392931272e-09	Both
Raf1S257L	SLC19A1	TbID	yes	plasma_membrane	0.220374661125809	0.239300531616051	1.16717837581878	2.77065427463428e-10	Both
ArafD447A	SLC19A1	TbID	yes	plasma_membrane	-0.455597042306582	0.0143748762280646	0.954186969716173	1.62068750631414e-09	Both
ArafWT	SLC19A1	TbID	yes	plasma_membrane	-0.144406757423485	0.384040013358806	0.94239048827875	3.3515249500744e-09	Both
MEK2DD	SLC19A1	shared	yes	plasma_membrane	1.51448757738237	1.34563123887539e-06	0.366248689771042	1.56612304849025e-05	Both
KrasWT	SLC19A2	TbID	yes	plasma_membrane	NA	NA	0.770133074776744	8.865521567301e-05	TbID
ERK1DD	SLC1A1	AP-MS	yes	recycling_endosome	1.09785201863266	0.00498452186729207	0.0625177998884412	0.742268344120673	AP-MS
MEK2DD	SLC1A4	AP-MS	yes	plasma_membrane	1.02220234816176	0.000185860215993804	0.110425272145263	0.286791653174167	AP-MS
Raf1S259F	SLC20A1	TbID	no	plasma_membrane	-0.143824660072074	0.475366112370105	1.04185260112739	5.97071781801613e-08	Both
MEK2DD	SLC20A1	core	no	plasma_membrane	1.35604509835718	1.6857357785624e-05	0.877731023915928	2.4322671796052e-07	Both
BrafG469A	SLC20A1	TbID	no	plasma_membrane	-0.663848482361858	0.00799432453467704	1.0358404142971	3.08676230414054e-08	Both
NrasQ61R	SLC22A18	AP-MS	no	NA	1.18639956265096	0.00125637764030035	-0.240911345780867	0.0297574598129992	AP-MS
ERK1WT	SLC22A23	AP-MS	no	NA	1.84186339868429	0.00657261456233609	NA	NA	AP-MS
NrasQ61R	SLC25A1	shared	yes	mitochondrion	1.35815611150234	7.44112325894766e-07	0.555645737961644	0.000111895796212301	AP-MS
Raf1D486A	SLC25A16	TbID	no	NA	-0.0691929899057506	0.752663975994005	1.10764925856938	6.70111068547378e-09	TbID
NrasQ61R	SLC25A21	shared	yes	mitochondrion	1.34365669413343	8.29139734602769e-06	0.771580125302481	1.00425229320953e-06	AP-MS
HrasS17N	SLC25A22	shared	yes	mitochondrion	0.380490202233928	0.00197163903667614	0.818305779995337	1.54058020270313e-08	TbID
BrafG469A	SLC25A25	shared	no	mitochondrion	0.317816469642852	0.0443550423760012	0.930422090354239	1.20200812963459e-08	TbID
MEK2DD	SLC25A26	AP-MS	yes	NA	1.06379096996761	0.000244066196160182	0.120648768226036	0.169340524380445	AP-MS
BrafV600E	SLC25A29	shared	no	mitochondrion	0.459792820073201	0.00389591231331761	0.859767368841351	6.28206613695265e-07	Both
BrafG469A	SLC25A29	TbID	no	mitochondrion	0.167003275636213	0.256211469748776	0.886478268534799	1.39461939507439e-06	Both
MEK2DD	SLC25A29	shared	no	mitochondrion	1.60767621163043	2.19570908446798e-07	0.549909746641765	2.42848706843841e-05	Both
Raf1S259F	SLC25A29	shared	no	mitochondrion	0.490293766533299	0.00274615879988602	0.886705833730173	2.1788559378447e-07	Both
BrafV600E	SLC25A32	TbID	no	mitochondrion	-0.0869832573340566	0.654229088135267	0.843598581074361	1.42908021978421e-07	Both
MEK2DD	SLC25A32	shared	no	mitochondrion	1.42273580604599	1.3764385543279e-06	0.365887482641062	0.000616780325198788	Both
Raf1S259F	SLC25A32	TbID	no	mitochondrion	-0.645080131393693	0.00105959616209198	0.885047372729607	7.57479874249303e-08	Both
BrafG469A	SLC25A32	TbID	no	mitochondrion	-0.0844401917551408	0.629427542243384	1.02540632514069	7.20701923368283e-09	Both
HrasS17N	SLC25A35	TbID	no	NA	0.448272016814338	0.250782081618693	0.945515809998202	1.54866984185186e-07	TbID
NrasQ61R	SLC25A40	shared	no	mitochondrion	1.56499232141631	1.30925040084846e-06	0.495490380304296	0.000191736637202135	AP-MS
NrasQ61R	SLC25A42	shared	no	NA	1.02927773482623	0.000807144952384717	0.308684613879455	0.000875239483305439	AP-MS
NrasS17N	SLC25A46	TbID	yes	mitochondrion	0.241885805724508	0.177329907551395	0.875957416855257	1.32255625456112e-07	TbID
BrafD594N	SLC25A51	AP-MS	no	NA	1.31168463155287	0.000308340616970809	-0.00738112788847553	0.932600301827245	AP-MS
BrafD594N	SLC25A52	AP-MS	no	NA	1.36970119038916	1.30483600362997e-06	NA	NA	AP-MS
MEK2WT	SLC25A6	shared	no	mitochondrion	0.929000983851992	0.000160004217830415	0.886750860310915	3.38521076023834e-09	Both
MEK2DD	SLC25A6	shared	no	mitochondrion	1.09216768349621	5.92442759879447e-06	0.308493577268016	0.000247336791971667	Both
KrasWT	SLC26A2	TbID	yes	plasma_membrane	-0.128342566388469	0.111760893991872	0.902240721330003	0.000158201944692015	TbID
KrasG12D	SLC26A2	TbID	yes	plasma_membrane	-0.0495127131928985	0.57714568851139	0.784382731750855	0.000271683823404046	TbID
KrasG12V	SLC26A2	TbID	yes	plasma_membrane	-0.0636638065164457	0.390264132628039	0.846901529858402	0.000215883330664037	TbID
NrasQ61K	SLC27A6	TbID	no	NA	0.296970140415244	0.0613652518723324	0.9118819725522	3.77008407517712e-09	Both
HrasS17N	SLC27A6	shared	no	NA	0.317672293873135	0.033898013702779	1.67803629071584	3.15489825095564e-12	Both
ArafWT	SLC27A6	shared	no	NA	0.876038873147733	3.2637992479901e-05	1.20074692631722	1.98481059117677e-11	Both
NrasQ61R	SLC27A6	core	no	NA	1.10808663617483	1.30787856172439e-05	0.893283149196054	1.05392770793576e-09	Both
NrasS17N	SLC27A6	TbID	no	NA	0.250099959290965	0.115014439830335	0.784058909740306	1.88046107912431e-08	Both
Raf1S257L	SLC27A6	TbID	no	NA	0.223310807353712	0.137783098307812	0.984771554601493	1.02041454426504e-09	Both
Raf1S259F	SLC27A6	shared	no	NA	0.604584055437667	0.00176472527863439	1.432581674168	7.32871279698111e-12	Both
BrafWT	SLC27A6	shared	no	NA	0.491322551068834	0.00609936132757492	0.854354570140669	4.39522061755659e-09	Both
MEK2DD	SLC27A6	shared	no	NA	1.37121629470442	1.14354379140204e-06	0.390197996516319	2.23293411942668e-06	Both
KrasG12V	SLC29A2	TbID	no	plasma_membrane	NA	NA	0.788196465383929	0.000262686694438558	TbID
BrafV600E	SLC29A3	TbID	yes	NA	-0.134862022620358	0.593948277256862	0.903863941432871	1.18125532050123e-06	Both
MEK2DD	SLC29A3	shared	yes	NA	1.32704381048976	1.90387427012894e-05	0.431544315673104	0.00685357824281312	Both
BrafG469A	SLC2A1	TbID	yes	plasma_membrane	-1.3296562735645	2.2441659669818e-05	0.892618423216866	3.21075807899223e-09	TbID
BrafV600E	SLC2A14	TbID	no	NA	0.158707425548685	0.629997402646722	1.09279598522502	2.43942435315197e-07	Both
BrafG469A	SLC2A14	TbID	no	NA	0.397505247017825	0.16758562643306	1.48784791822958	1.02165872054136e-08	Both
MEK2DD	SLC2A14	core	no	NA	1.88398059004834	2.01600261804541e-05	1.18493034661419	1.19865732238119e-07	Both
MEK1DD	SLC2A14	shared	no	NA	0.663966081221856	0.0291890812647489	1.2130700288598	1.02600094158519e-07	Both
MEK2DD	SLC2A3	AP-MS	yes	NA	2.34106459774686	2.91595929786173e-06	NA	NA	AP-MS
ArafS214P	SLC30A1	TbID	no	plasma_membrane	-0.230872225848326	0.280094025910595	1.23610742294084	2.11532992777277e-09	TbID
MEK2DD	SLC30A1	shared	no	plasma_membrane	0.52721283444468	0.014257523749361	0.900492619767363	2.20040789693606e-09	TbID
ERK2WT	SLC30A4	AP-MS	no	NA	1.23496648719199	0.00302725579234212	-0.176045348194644	0.302470191802458	AP-MS
KrasWT	SLC30A7	TbID	no	Golgi	-0.126853814006488	0.287028860595865	0.799517463685489	7.39513130053556e-06	TbID
MEK2DD	SLC31A1	shared	no	plasma_membrane	1.15887277554934	0.00190789095484184	0.182491136316708	0.0381003242278974	AP-MS
MEK2WT	SLC35A2	TbID	yes	Golgi	0.11445299087386	0.804118618579962	0.994038395779889	3.51622878150296e-05	TbID
KrasWT	SLC35B2	TbID	no	Golgi	-0.449287885777519	0.000288439640349501	0.78236669574817	8.97138171527359e-07	TbID
BrafG469A	SLC35B2	TbID	no	Golgi	-0.376479960752755	0.127837417342162	0.984345266022501	1.03007142429036e-08	TbID
Raf1S259F	SLC35D3	TbID	no	NA	NA	NA	0.890047831807625	0.000682874243587922	TbID
MEK2DD	SLC35E1	shared	no	Golgi	0.992819133814701	5.6358178819246e-05	0.2053924959118	0.0347774012482829	Both
Raf1D486A	SLC35E1	TbID	no	Golgi	-0.545885000729125	0.00503503233149862	0.984063449333325	2.88229917645811e-08	Both
ArafD447A	SLC35E1	TbID	no	Golgi	-0.612427718236444	0.00167845926873279	0.910521509544904	7.14522660204271e-08	Both
KrasG12D	SLC35F1	TbID	no	recycling_endosome	NA	NA	0.81461567492744	0.00257644567176054	TbID
KrasWT	SLC35F1	TbID	no	recycling_endosome	NA	NA	0.830901617057336	0.00280991679448121	TbID
KrasS17N	SLC35F1	TbID	no	recycling_endosome	NA	NA	0.848823101425227	0.00238584293087684	TbID
BrafG469A	SLC35G2	TbID	no	NA	0.462996757523454	0.0761561492467507	1.21837455150596	1.23609154208641e-09	Both
MEK2DD	SLC35G2	shared	no	NA	2.4404102886067	6.79620463109457e-07	0.559125979182338	2.43223166353162e-06	Both
Raf1S259F	SLC35G2	TbID	no	NA	0.359288255332203	0.210580036914967	1.09522187673688	3.57302973135396e-09	Both
BrafV600E	SLC35G2	shared	no	NA	0.57567393532942	0.0430049932343106	0.99774647558737	1.71290722776171e-09	Both
MEK1DD	SLC35G2	shared	no	NA	0.814271117947665	0.00479209563787946	0.91767087357305	1.11817477201371e-08	Both
HrasS17N	SLC35G2	TbID	no	NA	-0.284375185807783	0.242481211472188	0.781669511950587	8.69251467725828e-08	Both
Raf1S257L	SLC35G2	TbID	no	NA	-0.416450628535352	0.116345285678753	0.924081992298801	8.1557844664041e-09	Both
MEK2DD	SLC38A1	shared	no	plasma_membrane	1.05047549421691	8.12745650427224e-05	0.409878217571399	0.000221430423138884	AP-MS
NrasS17N	SLC38A10	shared	no	Golgi	1.02933345335729	4.25163742117855e-05	0.27131593942121	0.00971944623543003	AP-MS
NrasQ61R	SLC38A10	shared	no	Golgi	1.13971644293036	4.74231648550431e-06	0.248321140459611	0.0143342912778506	AP-MS
MEK2DD	SLC43A1	AP-MS	no	plasma_membrane	1.63864047123873	5.25569303077874e-05	-0.260957418716277	0.140207041944859	AP-MS
NrasQ61R	SLC43A1	AP-MS	no	plasma_membrane	1.24332115798269	0.00046131163579029	0.136608665026778	0.281038627467656	AP-MS
NrasQ61K	SLC44A5	TbID	no	NA	NA	NA	1.23935891778958	0.0159604347543729	TbID
Raf1S259F	SLC44A5	TbID	no	NA	NA	NA	1.34243487157508	0.00588537125551591	TbID
BrafV600E	SLC44A5	TbID	no	NA	NA	NA	1.54131032177786	0.00241106802405757	TbID
BrafG469A	SLC49A4	TbID	no	NA	-0.883349846764834	0.0402073060311166	0.862708766171743	5.2783321246098e-08	TbID
KrasG12V	SLC4A4	TbID	yes	NA	NA	NA	0.87475882566394	0.00292772279814697	TbID
ArafS214P	SLC4A7	TbID	no	plasma_membrane	0.0637242849742927	0.942592851906108	1.37704255275708	1.75546199072124e-10	TbID
MEK2DD	SLC5A6	AP-MS	yes	plasma_membrane	1.10992764797689	0.00021093155332429	-0.10029283690477	0.19084256586764	AP-MS
NrasQ61R	SLC6A15	shared	no	plasma_membrane	1.20578716931791	8.51461253859966e-05	0.508830696780113	1.70247838862489e-05	AP-MS
Raf1D486A	SLC6A9	TbID	yes	plasma_membrane	NA	NA	0.931084187570556	1.27066557889735e-05	TbID
HrasS17N	SLCO3A1	AP-MS	no	NA	1.30395582258637	0.000731841237808254	NA	NA	AP-MS
MEK2DD	SLCO4A1	shared	no	NA	1.53834057361519	2.63882491325564e-05	0.663459823955882	0.000168874270551285	AP-MS
ERK2AA	SLIT2	TbID	no	plasma_membrane	0.174310289215396	0.200190870030545	1.01676487215642	0.000113216126113964	TbID
ArafWT	SLIT2	TbID	no	plasma_membrane	0.196525218858269	0.118050450576054	1.35270000356556	5.60921255006687e-06	TbID
BrafWT	SLIT2	shared	no	plasma_membrane	0.385211397704668	0.0243430382147749	1.3301607293983	7.64227461282618e-06	TbID
Raf1D486A	SLIT2	shared	no	plasma_membrane	0.346309527188907	0.0143745482423357	1.05408884364999	5.01087047500789e-05	TbID
HrasS17N	SLIT2	TbID	no	plasma_membrane	0.0535433371158594	0.72046852457254	1.18504036256941	6.17940066645145e-06	TbID
ERK2DD	SLIT2	TbID	no	plasma_membrane	0.155188371537968	0.240816524649445	1.06079302471391	3.33985348282138e-05	TbID
HrasQ61R	SLIT2	shared	no	plasma_membrane	0.628085630078504	0.00128274622917065	1.37288943875601	6.59224890042722e-06	TbID
ArafD447A	SLIT2	shared	no	plasma_membrane	0.830583596779931	1.53301463606882e-05	1.59708556750368	5.58201940088747e-07	TbID
ERK1AA	SLIT2	shared	no	plasma_membrane	0.726935179526508	0.000142878045674635	1.1990275657636	2.00075575747374e-05	TbID
MEK1DD	SLIT2	TbID	no	plasma_membrane	0.113871587827914	0.431722040915362	1.15320304964884	1.46500087099283e-05	TbID
NrasQ61K	SLIT2	shared	no	plasma_membrane	0.441559531853091	0.00513657442826939	1.17385093601919	4.49412412481844e-05	TbID
ERK2AA	SLITRK5	shared	no	plasma_membrane	1.76201643070894	0.000127278472330165	0.670310573432092	0.0011116524715425	AP-MS
NrasQ61K	SLITRK5	shared	no	plasma_membrane	1.03583176477429	0.00714794596844558	0.472200102929677	0.0110042911703002	AP-MS
HrasS17N	SLITRK5	shared	no	plasma_membrane	2.14549758748477	1.18037950913748e-05	0.48759680300824	0.00484959248070246	AP-MS
MEK2DD	SLK	shared	no	cytosol	0.286400278140939	0.00162269490385024	1.07808842412243	6.35784204163233e-09	TbID
KrasG12D	SMAP	AP-MS	no	cytosol	1.34908490194752	2.73810120699473e-06	0.135149836303183	0.0766758554571653	AP-MS
KrasG12V	SMAP	AP-MS	no	cytosol	1.43116451485811	5.02351983836845e-08	0.0709354565226725	0.319720277997295	AP-MS
KrasWT	SMAP	AP-MS	no	cytosol	1.21298964257659	2.02794662149196e-06	0.0524481814965121	0.52859623718943	AP-MS
KrasS17N	SMAP	shared	no	cytosol	1.39073582342314	1.48219035158746e-06	0.268670048257412	0.00164653510492237	AP-MS
MEK2DD	SMAP1	TbID	no	unclassified	-0.0434735549915028	0.765979830442626	1.15528370956127	1.06403424880567e-08	TbID
MEK2AA	SMAP1	TbID	no	unclassified	0.183901708452234	0.314380550070995	0.951333460914161	9.53974767880051e-08	TbID
MEK2DD	SMAP2	TbID	no	early_endosome	-0.205352186471117	0.139699635202961	0.883449640585196	7.43534307683162e-07	TbID
NrasS17N	SMARCA2	shared	yes	nucleus	1.03524969395326	6.97442583630878e-06	0.558523073350553	0.00228833237421941	AP-MS
ERK1AA	SMARCC1	AP-MS	no	nucleus	0.972078183907186	1.23931075761411e-05	0.180678295308126	0.056038995126732	AP-MS
MEK2DD	SMDT1	AP-MS	no	nucleus	1.42913585445514	0.000488529118255793	-0.576251440532215	0.0151797692613294	AP-MS
Raf1WT	SMIM26	TbID	no	mitochondrion	-0.112206996397721	0.776881551923305	1.17511729905594	8.78026010607034e-10	TbID
KrasWT	SMIM26	TbID	no	mitochondrion	0.137212134845845	0.0928293914972748	0.826630897532647	0.000393208294968999	TbID
MEK1DD	SMIM26	TbID	no	mitochondrion	0.00715802415820196	0.986064069790741	0.878240667180993	9.66688114931356e-08	TbID
BrafG469A	SMIM26	TbID	no	mitochondrion	-1.04642005899685	0.00138396225704237	0.911866243118044	1.46758727582887e-07	TbID
Raf1S257L	SMIM26	TbID	no	mitochondrion	-0.394501045623109	0.233395764676893	1.15848787708473	1.57681575304436e-09	TbID
NrasWT	SMIM26	TbID	no	mitochondrion	-0.275890572527293	0.445719485172841	0.83779411307363	2.63553834618264e-07	TbID
HrasS17N	SMIM26	TbID	no	mitochondrion	-1.19125430502436	0.000378864139627464	0.798354947221673	9.05535996636368e-08	TbID
ArafS214P	SMIM26	TbID	no	mitochondrion	-0.694933023831768	0.0170957132884234	0.920411984078603	2.06064870092737e-07	TbID
BrafV600E	SMIM26	TbID	no	mitochondrion	-0.279811827792039	0.350051202159306	0.911748820322098	5.14262676323567e-08	TbID
NrasQ61R	SMOC1	shared	yes	plasma_membrane	1.52888192941007	0.00892558957328536	0.769139113510014	1.011509697029e-07	AP-MS
MEK2DD	SMPDL3B	AP-MS	no	plasma_membrane	2.28468666926997	0.00875993332914065	0.196475530458437	0.337667547960957	AP-MS
BrafG469A	SMTN	shared	no	nucleus	1.2440742584668	5.40668631421445e-07	0.770748065709852	8.52823676779857e-09	AP-MS
BrafV600E	SMTN	shared	no	nucleus	1.19439564612197	9.93904373520658e-07	0.647263679435233	3.51852103661497e-08	AP-MS
ArafS214P	SMYD2	shared	no	cytosol	1.26725692095942	3.21045286679109e-05	0.26092937551559	0.00108411975159638	AP-MS
ArafD447A	SMYD2	shared	no	cytosol	1.98390739816154	1.47873726407854e-08	0.54355742555241	1.96008450558348e-06	AP-MS
Raf1D486A	SMYD2	shared	no	cytosol	1.34461931998018	9.32663615322545e-07	0.364031509590379	8.53661229957965e-05	AP-MS
ArafWT	SMYD2	shared	no	cytosol	2.13386762309945	4.94381145411915e-09	0.243285957603444	0.0039881946678391	AP-MS
ArafD447A	SMYD3	shared	no	unclassified	1.58992026107084	3.73428191476259e-06	0.514026297629296	8.42410722192224e-05	AP-MS
ArafWT	SMYD3	shared	no	unclassified	1.80700026169113	8.31007691438212e-07	0.344638115840494	0.00172484513523558	AP-MS
ArafWT	SMYD4	shared	no	cytosol	2.65143314262264	1.28333301577784e-08	0.43335842585369	1.6779324360349e-06	AP-MS
Raf1D486A	SMYD4	shared	no	cytosol	1.39960457298638	1.02348174381977e-05	0.392569144237877	1.4477536879116e-05	AP-MS
ArafS214P	SMYD4	shared	no	cytosol	2.0135023818618	2.16704185475861e-06	0.424042075086981	5.75028160404016e-06	AP-MS
ArafD447A	SMYD4	shared	no	cytosol	2.37609973459984	5.84902574130392e-08	0.54506573083201	8.91744401260502e-08	AP-MS
Raf1S259F	SMYD4	AP-MS	no	cytosol	1.21987321786548	5.21302515997218e-05	-0.0768404672443168	0.182789557695812	AP-MS
MEK2DD	SNAP29	shared	yes	early_endosome	0.456414746626582	0.00234188533629268	0.923605494743753	6.90960991539328e-08	TbID
MEK2AA	SNAP29	TbID	yes	early_endosome	0.304465641487404	0.119673877906991	1.06644162960863	4.64591457069099e-08	TbID
KrasG12V	SNAP91	AP-MS	no	plasma_membrane	0.78142464306024	0.000101145424082153	-0.94212434563762	4.48219679145625e-06	AP-MS
KrasS17N	SNAP91	AP-MS	no	plasma_membrane	0.796985670220036	0.000129161799336113	-1.04837088630943	1.41689540157165e-06	AP-MS
MEK2DD	SNAPIN	TbID	no	lysosome	-0.461480437514205	0.0245213422266806	0.918795757438311	6.96641647343987e-09	TbID
NrasQ61R	SNCB	TbID	yes	unclassified	NA	NA	0.852620454667336	9.51564766717399e-06	TbID
MEK2DD	SNCB	TbID	yes	unclassified	NA	NA	1.26918753609011	1.86184410341664e-08	TbID
MEK2DD	SNF8	TbID	no	unclassified	0.494422752118878	0.104879729016972	0.93638721674186	4.78799391170934e-07	TbID
MEK2AA	SNF8	TbID	no	unclassified	0.35513241385099	0.412897271634883	1.04259429566642	1.78706309135245e-07	TbID
MEK1WT	SNF8	TbID	no	unclassified	-0.509913300705189	0.234763197934697	0.930012523779414	6.38148649944748e-07	TbID
MEK2DD	SNX17	TbID	no	early_endosome	0.322753220373246	0.0929224327686567	0.963415569608529	4.71812169448995e-09	TbID
MEK2AA	SNX17	shared	no	early_endosome	0.592149742347964	0.0396189751538387	1.25346401757957	1.00770425275018e-10	TbID
MEK2WT	SNX17	TbID	no	early_endosome	0.278534901369825	0.310750931206644	1.08862956174031	3.52529732673406e-10	TbID
MEK1AA	SNX17	TbID	no	early_endosome	0.37772661716497	0.0958110912818067	0.897288681886024	2.98724990159831e-09	TbID
MEK1WT	SNX17	TbID	no	early_endosome	0.401377663089732	0.0885258639497179	1.09630141948742	1.38613729402306e-10	TbID
ArafD447A	SNX18	shared	no	actin_cytoskeleton	0.875112751298278	4.48821261192732e-05	0.85486733699259	0.000212089670157749	TbID
Raf1S257L	SNX22	AP-MS	no	NA	1.25966485842549	0.000405644837365875	NA	NA	AP-MS
ArafWT	SNX22	AP-MS	no	NA	1.23505537978877	0.000475514989984573	NA	NA	AP-MS
MEK2DD	SNX3	shared	no	early_endosome	0.872203163638066	0.00544034847897377	1.18642569705146	2.6568475375626e-09	TbID
MEK2AA	SNX3	TbID	no	early_endosome	0.525521500790091	0.131565649782604	0.927210668919244	1.99856327768647e-08	TbID
ArafWT	SNX33	shared	no	actin_cytoskeleton	1.68404424304689	0.000120626266378932	0.376094368985746	0.000465894326718172	Both
NrasQ61K	SNX33	shared	no	actin_cytoskeleton	1.14385918587896	0.00653979910012857	0.237340329650881	0.00948953090578686	Both
HrasS17N	SNX33	shared	no	actin_cytoskeleton	0.899513393074214	0.0107177856273833	0.827477211296057	8.84485307099043e-08	Both
Raf1S259F	SNX33	shared	no	actin_cytoskeleton	1.34237779896264	0.00156685148808346	0.640469767700887	1.77873019483371e-07	Both
ArafD447A	SNX33	shared	no	actin_cytoskeleton	1.39745166418318	0.000701583991682581	0.48658731194787	2.9819927287703e-05	Both
KrasG12D	SOAT1	TbID	no	ER	0.0723988535790507	0.616587378120289	1.04794045963454	0.000992202104719459	TbID
KrasWT	SOAT1	TbID	no	ER	0.197379319197346	0.0524624166061463	1.03920466108776	0.000716432694841926	TbID
MEK2AA	SOD1	TbID	yes	cytosol	0.336503300644926	0.368338202075268	0.87134918175132	6.35918038311456e-07	Both
MEK2DD	SOD1	TbID	yes	cytosol	-0.278710559696064	0.318952333459077	0.953384080976401	3.22163022366497e-07	Both
NrasWT	SOD1	AP-MS	yes	cytosol	1.04122023557801	0.00526855725387231	0.100171194857867	0.280452694608878	Both
ERK1WT	SOD1	AP-MS	yes	cytosol	1.01016960951463	0.00509567512496437	0.0985216561330657	0.36475566475401	Both
MEK2WT	SOD1	TbID	yes	cytosol	0.495222860474964	0.202920219087797	0.911445270072168	3.75508635626875e-07	Both
ArafWT	SORL1	AP-MS	yes	early_endosome	1.2683845964809	4.78279901971214e-06	NA	NA	AP-MS
KrasS17N	SOS1	shared	yes	cytosol	0.789439479271174	7.48370492356719e-06	0.257136955710346	2.29244468928925e-05	AP-MS
ERK2AA	SOWAHB	TbID	no	NA	NA	NA	1.18127058828446	5.37570706954162e-06	TbID
ERK2WT	SOWAHB	TbID	no	NA	NA	NA	1.1150573183025	2.4805316485138e-06	TbID
ERK2DD	SOWAHB	TbID	no	NA	NA	NA	1.01895586230059	8.6543912801378e-06	TbID
MEK2DD	SOWAHC	TbID	no	cytosol	0.633463172492919	0.084781705822401	1.13446821925242	2.30581144953071e-09	TbID
KrasS17N	SOWAHD	TbID	no	NA	0.027550151909737	0.832808432275236	0.850582661570797	0.0371383863295335	Both
KrasG12D	SOWAHD	TbID	no	NA	0.096779202660576	0.395935780566774	0.962935510190237	0.021125228653341	Both
ArafWT	SOWAHD	AP-MS	no	NA	1.55491056654445	4.5953123861071e-06	NA	NA	Both
HrasS17N	SOWAHD	AP-MS	no	NA	1.55124270995003	8.54251201755626e-06	NA	NA	Both
KrasG12V	SOX18	AP-MS	yes	NA	0.784810970967846	0.00874192636247144	NA	NA	AP-MS
KrasG12D	SOX18	AP-MS	yes	NA	0.739792579904313	0.0106588800580297	NA	NA	AP-MS
KrasWT	SOX18	AP-MS	yes	NA	0.787510805388629	0.0122549076194727	NA	NA	AP-MS
ERK1DD	SOX7	TbID	no	NA	NA	NA	1.17572181776004	0.00483833851695396	TbID
ERK2DD	SOX7	TbID	no	NA	NA	NA	0.84862986420919	0.0168883290311705	TbID
ERK2AA	SOX7	TbID	no	NA	NA	NA	1.14576674188043	0.00377807138942335	TbID
ERK2WT	SOX7	TbID	no	NA	NA	NA	1.37039850312851	0.00102307299059243	TbID
ERK1WT	SOX7	TbID	no	NA	NA	NA	1.50412421806997	0.00121140479224217	TbID
ERK1AA	SOX7	TbID	no	NA	NA	NA	0.890883424210498	0.0176042163933665	TbID
NrasQ61K	SP6	AP-MS	yes	NA	3.6529688288818	0.00523405809219275	NA	NA	AP-MS
HrasG13R	SP6	AP-MS	yes	NA	3.57606247921351	0.000894171438509255	NA	NA	AP-MS
HrasG13R	SP8	AP-MS	no	NA	1.20955803004121	0.00629169112653162	-0.820590159131247	0.000111609350879749	AP-MS
Raf1D486A	SPAG1	core	yes	cytosol	1.54172213233275	7.96863623591102e-08	0.91038893558092	5.67184404039358e-09	Both
ArafS214P	SPAG1	core	yes	cytosol	1.54710708611433	1.04018601799573e-07	0.936229697624936	1.01480197310063e-07	Both
ArafWT	SPAG1	core	yes	cytosol	2.35493648849529	2.64028946568067e-10	1.10818580290031	9.2667008704132e-10	Both
ArafD447A	SPAG1	core	yes	cytosol	2.10401284412286	1.42974554323124e-09	1.20741301677932	9.68807051661056e-11	Both
MEK2AA	SPAG5	TbID	no	unclassified	-0.0574055887104625	0.735169942285562	1.27656888069114	6.84795036768828e-11	TbID
MEK1AA	SPAG5	TbID	no	unclassified	0.0167945647508359	0.921815035219287	1.00021713154695	1.70166313849005e-09	TbID
MEK1WT	SPAG5	TbID	no	unclassified	0.035867652604679	0.846165950939308	1.15891425763711	2.25417593532382e-10	TbID
MEK2DD	SPAG5	TbID	no	unclassified	0.164131995048055	0.0873117327952113	1.31593869691719	8.68331038393076e-11	TbID
MEK2WT	SPAG5	TbID	no	unclassified	-0.291980028759125	0.031810398869442	1.01957967202079	1.14883559701866e-09	TbID
MEK2DD	SPAG9	shared	no	cytosol	1.39473311097416	4.62962443626949e-08	0.634777332913299	5.70956591951745e-06	AP-MS
MEK2AA	SPART	TbID	yes	early_endosome	-0.0421487725515342	0.777091529616168	0.935360558987411	4.48776898688201e-07	TbID
ERK2WT	SPART	TbID	yes	early_endosome	0.00632622308670955	0.963555739531945	1.67219453656779	6.02856837850074e-09	TbID
ArafS214P	SPATA18	AP-MS	no	NA	1.18052698361241	0.00129958650611959	0.124058324499202	0.270774203279771	AP-MS
HrasS17N	SPCS1	shared	no	ER	0.896012236236657	0.00724046204083684	0.7842024479203	9.21406353506873e-06	TbID
BrafG469A	SPCS1	shared	no	ER	0.761771776939949	0.0155204671265091	0.87646109241778	1.17326368892092e-06	TbID
BrafG469A	SPHK1	AP-MS	yes	NA	2.28732789323827	0.00148040808028843	NA	NA	AP-MS
Raf1S259F	SPHK1	AP-MS	yes	NA	1.62345981584606	0.0142417039479633	NA	NA	AP-MS
BrafV600E	SPHK1	AP-MS	yes	NA	1.73344521920803	0.0110906849244103	NA	NA	AP-MS
MEK1DD	SPHK1	AP-MS	yes	NA	2.16584356447105	0.00318467042511943	NA	NA	AP-MS
MEK2DD	SPHK1	AP-MS	yes	NA	1.74139870004181	0.00859829505547561	NA	NA	AP-MS
HrasG13R	SPINT2	shared	yes	NA	0.720664842277687	0.000515718973138463	1.57159647212851	2.71362362464708e-08	Both
Raf1S259F	SPINT2	shared	yes	NA	0.583354592636327	0.000268253820207115	1.34975031436848	2.78733035045554e-08	Both
MEK2DD	SPINT2	shared	yes	NA	1.01260246618981	9.40137866150045e-05	0.735535364013957	3.08313032970961e-06	Both
MEK2DD	SPOCD1	AP-MS	no	NA	1.36412769168654	0.00141137152841025	NA	NA	AP-MS
BrafG469A	SPOCK1	TbID	no	NA	0.328381365777238	0.26463833869017	0.934811494644734	4.22997682293913e-08	TbID
ArafWT	SPOCK1	TbID	no	NA	0.150701894980339	0.625301956243433	1.42391813989997	1.51746831911585e-09	TbID
Raf1S259F	SPOCK1	shared	no	NA	0.764274163691903	0.0247164921688325	1.67043592700739	7.22094070334776e-10	TbID
BrafWT	SPOCK1	TbID	no	NA	0.34384548456219	0.29050823433464	1.02262809749155	4.02355257191038e-07	TbID
Raf1D486A	SPON1	TbID	no	unclassified	0.258884450677831	0.157577321503661	1.34947014296891	1.74962896496506e-07	TbID
HrasS17N	SPON1	TbID	no	unclassified	0.332403026729684	0.159255750726281	0.949119160419519	8.37401147975716e-06	TbID
BrafWT	SPON1	TbID	no	unclassified	0.296573259635813	0.154581778149858	1.06378864004414	4.22947137048784e-06	TbID
BrafG469A	SPOP	TbID	yes	stress_granule	0.230641308016225	0.590116015437069	0.975255932842836	3.3780140680221e-07	TbID
MEK2DD	SPOP	TbID	yes	stress_granule	0.238342496877862	0.528377163476176	0.935583678018593	2.44163356043373e-07	TbID
Raf1S259F	SPOP	TbID	yes	stress_granule	0.0917479335198575	0.835769173113475	1.35148426665887	1.96155203171257e-09	TbID
BrafV600E	SPOP	TbID	yes	stress_granule	0.725977309301714	0.0763139766884435	0.952569664285087	9.56304141661411e-09	TbID
Raf1S257L	SPOP	TbID	yes	stress_granule	0.111148789892873	0.82780256801502	0.851916003111342	1.13029017265691e-07	TbID
Raf1D486A	SPR	TbID	yes	mitochondrion	-0.50259757601412	0.16216425288086	3.05443074005824	0.000198047528454922	TbID
BrafV600E	SPRED1	shared	yes	NA	0.941287355048184	0.0417024547867708	1.05396475523858	8.19928412843455e-07	Both
BrafG469A	SPRED1	TbID	yes	NA	0.688235576544577	0.140339407049252	1.16553926957638	2.88709728377619e-07	Both
MEK1DD	SPRED1	TbID	yes	NA	0.770060201354858	0.108272274000907	1.15697574300086	2.81424715898932e-07	Both
MEK2DD	SPRED1	TbID	yes	NA	0.439936058709003	0.368103899786159	0.980954664887598	2.6412311147425e-06	Both
Raf1S257L	SPRED1	TbID	yes	NA	0.841748264943333	0.0744571006740038	0.970196147060595	2.3329744772443e-06	Both
Raf1S259F	SPRED1	shared	yes	NA	0.878917157114065	0.0480864350303904	1.18829806543988	1.04834736237987e-07	Both
ArafS214P	SPRED1	TbID	yes	NA	0.70216068697794	0.107681729610316	1.20021947854465	2.34169307669625e-07	Both
ERK2WT	SPRED1	AP-MS	yes	NA	1.41267372563568	0.00817944914315892	0.190337513608618	0.277411639418355	Both
BrafV600E	SPRED2	shared	yes	NA	0.725824363208225	0.00336167591945431	0.913063860328022	2.00629292252012e-09	Both
BrafG469A	SPRED2	shared	yes	NA	1.07737988491253	0.000118934556885957	1.08874694836434	6.84896340447079e-10	Both
ERK1WT	SPRED2	AP-MS	yes	NA	1.41644440850655	4.57897651303983e-05	0.106659962832484	0.118581580306039	Both
ERK2WT	SPRED2	shared	yes	NA	1.57718543882774	2.26562931992678e-05	0.190492075463405	0.0103597004127097	Both
MEK2DD	SPRED2	shared	yes	NA	0.997761943364131	0.000308341965044705	0.681329427699452	1.39278411485416e-06	Both
Raf1S259F	SPRED2	core	yes	NA	1.17138547978077	5.49301688580821e-05	1.03868711524445	1.91582084702462e-09	Both
ArafS214P	SPRED2	shared	yes	NA	0.71482360371702	0.0019175096942424	0.854567379931066	1.12555711558762e-08	Both
BrafG469A	SPRING1	TbID	no	NA	NA	NA	0.861674683028166	0.0118083826322659	TbID
KrasG12V	SPRR1B;SPRR1A	AP-MS	no	NA	1.03088810702137	0.0299147538334529	NA	NA	AP-MS
KrasWT	SPRR1B;SPRR1A	AP-MS	no	NA	0.944921496130856	0.0361625328348985	NA	NA	AP-MS
KrasS17N	SPRR1B;SPRR1A	AP-MS	no	NA	1.01207734473935	0.0324950827171401	NA	NA	AP-MS
ArafS214P	SPRR3	TbID	no	NA	0.457999183400137	0.138604797446286	1.0539177232223	0.0225903339531616	TbID
ArafS214P	SPRY1	TbID	no	trans-Golgi	NA	NA	1.06781809843355	2.31589240158687e-08	TbID
BrafG469A	SPRY1	TbID	no	trans-Golgi	NA	NA	0.903602113752431	3.53620541500913e-08	TbID
MEK1DD	SPRY2	TbID	yes	NA	0.165276965847638	0.647361238771182	1.54980543261747	5.74963454956924e-10	Both
BrafG469A	SPRY2	TbID	yes	NA	0.681212513484605	0.0508850361966618	1.76796008149173	2.1672602985937e-11	Both
Raf1S259F	SPRY2	TbID	yes	NA	0.312364395171581	0.363990631835902	1.69352206177537	6.31341929879578e-10	Both
BrafV600E	SPRY2	core	yes	NA	1.40981438340885	0.00203674409245247	2.0551555150934	7.37259683614091e-11	Both
Raf1S257L	SPRY2	TbID	yes	NA	0.216274798044536	0.545660121299823	1.56739718047421	5.0689635105953e-09	Both
ArafS214P	SPRY2	TbID	yes	NA	0.291469508487976	0.469392080075878	1.45825302103081	3.97584251057568e-10	Both
MEK2DD	SPRY2	TbID	yes	NA	0.381247136800452	0.22700337806619	1.50750861677246	4.98814707449341e-09	Both
BrafV600E	SPRY4	shared	yes	NA	0.573727843186806	0.011518302863612	1.43293429007437	1.72032398464547e-08	Both
BrafG469A	SPRY4	shared	yes	NA	0.936121753738711	0.000336450384477175	1.61451731054793	1.30687185699846e-08	Both
ArafS214P	SPRY4	TbID	yes	NA	-0.457908157720764	0.0331209116905216	1.47798191529849	1.70256886031598e-08	Both
MEK1DD	SPRY4	core	yes	NA	1.37531026804354	3.10696352272267e-05	1.4168903052562	5.20869884837885e-08	Both
BrafD594N	SPRY4	TbID	yes	NA	0.0623938729272523	0.845203772521016	1.00017526994713	1.56110570530406e-06	Both
MEK2DD	SPRY4	core	yes	NA	1.98188127415839	9.50591685366857e-07	1.68723681870601	4.05079310375127e-09	Both
Raf1S259F	SPRY4	shared	yes	NA	0.47702659947315	0.0351318839852851	1.55864055478196	1.40231131113445e-08	Both
Raf1S257L	SPRY4	shared	yes	NA	0.46498208792862	0.0266868334745151	1.37114876614668	5.21749264260982e-08	Both
ERK2WT	SPRYD3	AP-MS	no	14-3-3_scaffold	1.314755512982	0.000713458121129652	0.504140634243348	0.0875264086260649	AP-MS
ERK2AA	SPRYD4	AP-MS	no	mitochondrion	1.35498425528435	4.06738837784889e-06	0.765474827662898	0.0714571893204505	AP-MS
MEK1WT	SPRYD4	AP-MS	no	mitochondrion	1.08996221077707	0.000159650200636133	0.700439625579084	0.0828371641723213	AP-MS
HrasS17N	SPRYD4	AP-MS	no	mitochondrion	1.01297356637407	1.93245354336628e-05	0.738920158357716	0.0610857773203761	AP-MS
Raf1D486A	SPRYD4	shared	no	mitochondrion	1.21332647631433	3.07794114490349e-06	1.17135955187812	0.00654447625303869	AP-MS
MEK2DD	SPRYD7	shared	no	trans-Golgi	1.12974814984502	2.91636302115379e-06	0.284891075652525	0.0129853605534289	AP-MS
BrafWT	SPTAN1	TbID	yes	actin_cytoskeleton	0.0535848914147192	0.816531387456164	0.950549628720995	0.000222577907208112	TbID
HrasG13R	SPTAN1	shared	yes	actin_cytoskeleton	0.421260065370579	0.0260337573580333	1.01926409211353	9.90529054859751e-05	TbID
HrasQ61R	SPTAN1	shared	yes	actin_cytoskeleton	0.366869960856098	0.0322914783919165	1.5238454238081	1.61791239701169e-06	TbID
ArafS214P	SPTAN1	TbID	yes	actin_cytoskeleton	0.12449948531202	0.428494688799083	1.15822126404583	7.06347167079087e-05	TbID
Raf1D486A	SPTAN1	shared	yes	actin_cytoskeleton	0.336760544865988	0.0465376510888754	1.16780539217134	1.58302419447368e-05	TbID
Raf1S257L	SPTAN1	TbID	yes	actin_cytoskeleton	0.12737569332168	0.477575985756357	0.862150892863593	8.24514880095021e-05	TbID
NrasS17N	SPTAN1	TbID	yes	actin_cytoskeleton	0.258202607573516	0.136692824680322	0.893678133625936	0.000290461398682426	TbID
BrafG469A	SPTAN1	TbID	yes	actin_cytoskeleton	0.0600337085939973	0.761295860858845	0.918285749686308	3.41370237786007e-05	TbID
HrasQ61R	SPTBN1	TbID	yes	actin_cytoskeleton	0.319935790294919	0.192142221003427	1.54992549217889	2.58485316646793e-06	TbID
Raf1S257L	SPTBN1	TbID	yes	actin_cytoskeleton	0.125136317773315	0.57783810938938	0.901234395290969	0.000121456161680104	TbID
ArafS214P	SPTBN1	TbID	yes	actin_cytoskeleton	0.249709679782278	0.239849304204793	1.17772956544619	8.08476653472785e-05	TbID
BrafWT	SPTBN1	TbID	yes	actin_cytoskeleton	0.129099380338753	0.63312924500856	0.970891747225811	0.000386154168660306	TbID
BrafG469A	SPTBN1	TbID	yes	actin_cytoskeleton	0.0817844498949073	0.737878694784206	0.955133546827744	4.84736895060957e-05	TbID
NrasS17N	SPTBN1	TbID	yes	actin_cytoskeleton	0.128753731771319	0.603512644674402	0.872595713725636	0.000623052822775901	TbID
Raf1D486A	SPTBN1	TbID	yes	actin_cytoskeleton	0.335695589982353	0.1159840106512	1.13466222567264	4.19770991658135e-05	TbID
HrasG13R	SPTBN1	TbID	yes	actin_cytoskeleton	0.438775235104581	0.0700349884919053	1.00930913134192	0.000191575484349911	TbID
HrasQ61R	SPTBN2	TbID	yes	actin_cytoskeleton	0.150690276399707	0.788159555768903	0.803563851419496	2.04983807195592e-06	TbID
Raf1D486A	SPTBN2	TbID	yes	actin_cytoskeleton	0.149018662372126	0.757674629205524	0.920254571547178	2.47472574006343e-06	TbID
HrasS17N	SQLE	TbID	no	ER	0.0557431086847266	0.767653889944525	0.831683618693001	9.05535996636368e-08	TbID
BrafG469A	SQOR	TbID	no	NA	-0.0823200163269635	0.584278421207716	0.901298568825263	2.54844219929119e-05	TbID
NrasS17N	SQOR	shared	no	NA	0.514367899659788	0.00182747333800481	0.890866683575174	7.22580310885891e-05	TbID
HrasS17N	SQOR	TbID	no	NA	-0.455231348859553	0.00211513750485732	0.83312213767668	1.82340293189132e-05	TbID
Raf1WT	SQOR	TbID	no	NA	-0.165623656090503	0.380894467394937	1.03327140846607	2.20597794065488e-05	TbID
BrafD594N	SQOR	TbID	no	NA	0.206235179366255	0.174805636587342	0.978942565993788	3.01934341093918e-05	TbID
NrasWT	SQOR	TbID	no	NA	-0.233629022363709	0.174341276849708	0.845834428798471	5.83343530608185e-05	TbID
Raf1D486A	SQOR	TbID	no	NA	-0.0972022495855423	0.501451994555527	1.04247641116396	1.12194787701684e-05	TbID
BrafWT	SQOR	TbID	no	NA	0.0731385469207597	0.656252820768205	0.979367542264477	0.00011964056786323	TbID
MEK2WT	SQOR	TbID	no	NA	0.230855407420853	0.227866964185216	0.911753517483315	7.03765579947255e-05	TbID
Raf1WT	SQSTM1	TbID	yes	early_endosome	0.100585087256274	0.483804528840758	1.19408647215231	5.60556819355904e-06	TbID
MEK1DD	SQSTM1	shared	yes	early_endosome	0.742677100903177	0.000214355173259716	1.68207372146663	1.8276629831104e-07	TbID
ArafS214P	SQSTM1	shared	yes	early_endosome	0.523282665513931	0.000844315210724372	1.03638024308669	2.84692682028835e-05	TbID
MEK2DD	SQSTM1	shared	yes	early_endosome	0.277441126032591	0.0317069842440995	0.976762656301686	3.59460574659634e-05	TbID
Raf1S257L	SQSTM1	shared	yes	early_endosome	0.917673397864809	1.51111517618912e-05	1.56400784740344	4.58586051055443e-07	TbID
BrafG469A	SQSTM1	shared	yes	early_endosome	0.591011115706062	0.000232427902542502	1.43310724914682	6.71187168531167e-07	TbID
Raf1S259F	SQSTM1	shared	yes	early_endosome	0.622044700777496	0.000291969997213719	1.37930369290582	9.98064792677988e-07	TbID
HrasS17N	SRCIN1	AP-MS	no	plasma_membrane	1.0124918042402	7.53694191385375e-06	-0.521867641461002	3.51321666771831e-06	AP-MS
BrafG469A	SRD5A1	TbID	yes	NA	NA	NA	0.843796367790291	9.52514807231467e-08	TbID
HrasS17N	SREBF1	AP-MS	yes	ER	1.12151318405053	0.0473249220765808	0.22223379677394	0.0837246798392538	AP-MS
BrafV600E	SREBF1	AP-MS	yes	ER	2.0697259588277	0.00639868626060519	0.14724576497604	0.257327354265516	AP-MS
BrafWT	SREBF1	AP-MS	yes	ER	1.27737984592781	0.0218456021565977	0.0315111395278819	0.833972902226858	AP-MS
KrasWT	SRI	TbID	no	cytosol	-0.106074132957524	0.103046560510905	0.841272672172476	0.000148633548838996	TbID
MEK2DD	SRPRA	TbID	no	ER	0.21321342863878	0.271298702191346	0.927287663548281	8.81955179712456e-09	TbID
KrasG12V	SRPX	shared	no	NA	0.68658618603392	0.00113238418945938	0.773900381362902	1.48777432947019e-06	Both
KrasG12D	SRPX	shared	no	NA	0.812069279104159	0.00332129992039783	0.718860726401424	4.48470317443163e-06	Both
Raf1S257L	SRPX	shared	no	NA	1.45578321578111	0.00066168224704608	0.172544076919697	0.0153290928735904	Both
KrasS17N	SRPX	core	no	NA	0.960391837963356	0.00197237723444102	0.79142888109968	9.95065077592513e-07	Both
KrasWT	SRPX	shared	no	NA	0.741208341406465	0.00257292649424688	0.517010062344026	7.58477213075414e-05	Both
BrafG469A	SRPX2	TbID	yes	NA	NA	NA	1.38390878881672	0.00490889100604779	TbID
MEK2DD	SRPX2	TbID	yes	NA	NA	NA	1.17338493715168	0.0190392350054645	TbID
BrafG469A	SRRD	TbID	no	unclassified	NA	NA	0.973124749085723	1.16737055034357e-08	TbID
BrafD594N	SRRD	TbID	no	unclassified	NA	NA	0.848295583168335	2.95881659317507e-07	TbID
BrafWT	SRRD	TbID	no	unclassified	NA	NA	0.914850141529274	6.56069031150361e-08	TbID
ArafD447A	SRRD	TbID	no	unclassified	NA	NA	0.892579116742914	4.68605957554727e-08	TbID
BrafV600E	SRRD	TbID	no	unclassified	NA	NA	0.883700358947646	4.80695469507923e-08	TbID
KrasWT	SRRD	TbID	no	unclassified	NA	NA	0.961798167420799	8.84116168870419e-05	TbID
HrasS17N	SS18L1	shared	yes	nucleus	1.53006345715342	0.000130924263279148	0.540498189760896	0.0204149322730772	AP-MS
NrasQ61R	SS18L1	shared	yes	nucleus	1.21508289911811	0.000495223787699011	0.486817539652047	0.0439175797947859	AP-MS
NrasS17N	SS18L1	AP-MS	yes	nucleus	1.24649996669642	0.00100211876611164	0.42558459203436	0.0655570546135256	AP-MS
NrasQ61R	SSBP2	AP-MS	no	NA	1.5554861140663	8.88627459171843e-07	NA	NA	AP-MS
BrafWT	SSBP2	AP-MS	no	NA	1.50586664474647	2.05023676387776e-06	NA	NA	AP-MS
HrasQ61R	SSBP2	AP-MS	no	NA	1.52151337289953	8.40607458033289e-06	NA	NA	AP-MS
NrasQ61R	SSBP4	AP-MS	no	nucleus	1.28490122568756	1.33864596050981e-05	NA	NA	AP-MS
KrasWT	SSU72	shared	no	unclassified	0.73036412923963	3.56647365176709e-05	0.273288331273177	0.00265444048558018	AP-MS
KrasG12V	SSU72	shared	no	unclassified	0.820942743097291	2.25446230855644e-06	0.366458412438375	0.000318727899211595	AP-MS
KrasG12D	SSU72	shared	no	unclassified	0.814404669430955	6.02602608372524e-06	0.236630525051433	0.0149458804055193	AP-MS
KrasS17N	SSU72	shared	no	unclassified	0.744437211993022	3.04778062927705e-05	0.330616133527711	0.000472128367329366	AP-MS
Raf1S259F	SSX2IP	shared	no	centrosome	1.23527120657149	5.32985684040656e-06	0.506712199306789	5.07124671083414e-07	AP-MS
Raf1S257L	SSX2IP	shared	no	centrosome	1.22837940167231	6.52498722203376e-07	0.29971104555651	0.000184218497113287	AP-MS
Raf1D486A	ST13	shared	no	cytosol	0.360852754556084	0.0310186688719931	0.869084174446008	1.82879827718573e-07	TbID
MEK2DD	ST3GAL5	shared	yes	NA	1.543079833157	0.000165293085273922	0.996351715938589	0.0262793121046799	AP-MS
ERK1DD	ST6GAL1	AP-MS	yes	NA	1.3058601885121	0.013324466189812	NA	NA	AP-MS
MEK2DD	STAM	TbID	no	early_endosome	0.407209473345923	0.0929570412598928	1.04926542019733	5.51989183094931e-09	TbID
MEK2AA	STAM	TbID	no	early_endosome	0.264582984979356	0.469694154466179	0.971703526165382	5.02012776788647e-09	TbID
MEK1WT	STAM	TbID	no	early_endosome	-0.148754526341686	0.658207354316496	1.06155696907924	2.12895700744923e-09	TbID
MEK1AA	STAM	TbID	no	early_endosome	0.113495486400441	0.716895271467644	1.00668953548706	4.58260116007302e-09	TbID
BrafG469A	STARD3	TbID	no	lysosome	-1.15549340961868	5.06475224628073e-05	0.852257183408981	3.98503234356994e-09	TbID
BrafV600E	STARD3	TbID	no	lysosome	-0.436073496727004	0.0539800533529443	0.895454420525669	1.16850245122781e-09	TbID
HrasS17N	STEAP1	TbID	no	NA	0.648275338197066	0.0713898268032265	0.819178014556232	1.42018569546751e-08	TbID
ArafS214P	STIP1	AP-MS	no	cytosol	1.9778711955152	2.9008506674421e-07	0.0525192098744545	0.583595872114317	AP-MS
Raf1WT	STIP1	AP-MS	no	cytosol	1.59771440738172	1.03215220135761e-09	0.122481594594368	0.190452559118145	AP-MS
Raf1S259F	STIP1	shared	no	cytosol	3.04119398795025	2.27906525019392e-10	0.368686188380015	0.0012555841080583	AP-MS
Raf1S257L	STIP1	shared	no	cytosol	2.55412628882853	4.00270751032163e-12	0.354907293052152	0.00158770577920512	AP-MS
MEK2DD	STIP1	AP-MS	no	cytosol	1.03530262265425	1.30198314893163e-07	0.126794819710257	0.152411609873925	AP-MS
ArafD447A	STIP1	shared	no	cytosol	2.94507744317884	5.95078811130353e-13	0.565205123628048	2.55099689108447e-05	AP-MS
ArafWT	STIP1	shared	no	cytosol	3.25515210884789	2.00424125188527e-13	0.670925018577813	1.10769411390624e-05	AP-MS
Raf1D486A	STIP1	shared	no	cytosol	1.97999057070155	2.79581753477948e-09	0.596031236168286	4.32305426755212e-05	AP-MS
MEK2DD	STK11	AP-MS	yes	cytosol	1.09794508595467	0.00030796103019862	-0.204125469032937	0.0200991344857945	AP-MS
MEK1DD	STK33	AP-MS	no	nucleus	1.21178917863565	5.38386616666199e-05	-0.0699422267910511	0.261472624607394	AP-MS
MEK2DD	STK33	shared	no	nucleus	2.54725242462473	5.84805705006068e-09	0.316769457292403	0.00014244421743159	AP-MS
MEK2DD	STMN2	TbID	no	cytosol	NA	NA	0.962916693830188	6.4457366704429e-05	TbID
HrasWT	STMN3	shared	no	Golgi	0.346345455944505	0.0367524124917437	0.933774413656106	1.88938800518966e-07	TbID
ERK1WT	STMN3	shared	no	Golgi	0.534397798090681	0.00447722168621872	1.1302804544373	1.67658270503079e-06	TbID
ERK1AA	STMN3	TbID	no	Golgi	0.273576947965731	0.13247038175729	1.31352710630605	1.01259115746971e-08	TbID
ERK2WT	STMN3	shared	no	Golgi	0.716999737265298	0.00100863929484068	1.34920365349754	1.14658732411969e-08	TbID
ERK1DD	STMN3	shared	no	Golgi	0.580969001608887	0.00310573292790184	1.63401962726617	1.33868790520452e-10	TbID
ArafS214P	STOM	TbID	no	plasma_membrane	-0.754283101613818	0.000772939770889994	1.14191461538123	2.38887441062697e-08	TbID
MEK2AA	STOM	shared	no	plasma_membrane	0.527688098940009	0.0454450156799452	1.19967622018259	3.58757549286349e-09	TbID
MEK2DD	STOM	shared	no	plasma_membrane	0.593468062089879	0.00431693470893406	0.876921881857533	1.41327183842153e-07	TbID
ERK2AA	STRA6	TbID	yes	NA	NA	NA	1.07026248800967	1.73121776337742e-06	TbID
HrasS17N	STRA6	TbID	yes	NA	NA	NA	1.32791444140195	1.66287229292763e-07	TbID
Raf1S259F	STRA6	TbID	yes	NA	NA	NA	1.45515245891905	6.48198917643617e-08	TbID
BrafV600E	STRA6	TbID	yes	NA	NA	NA	1.24630732907753	5.04905548791978e-07	TbID
MEK2DD	STRAP	TbID	no	stress_granule	-0.0500982515422217	0.681636217961317	0.916601635028508	3.77786230038815e-09	TbID
KrasWT	STT3A	TbID	yes	ER	-0.260255935061283	0.00854666291229791	0.857102127588762	1.85332417017278e-07	TbID
KrasWT	STT3B	TbID	yes	ER	-0.0262831178502143	0.758303389438568	0.909862237642274	5.32903650678323e-06	TbID
Raf1D486A	STUB1	shared	yes	cytosol	2.95029717661107	1.24718262776683e-09	0.350319439368928	1.83249217165349e-05	AP-MS
Raf1S259F	STUB1	AP-MS	yes	cytosol	2.22791474953317	6.67949725573478e-08	-0.0075092496592537	0.890754330764022	AP-MS
Raf1S257L	STUB1	shared	yes	cytosol	2.71258909183939	4.76984303763855e-10	0.248051430999721	0.000282373203091323	AP-MS
ArafWT	STUB1	shared	yes	cytosol	3.8166355548227	2.45608488190944e-12	0.795144333571585	4.02263681261316e-09	AP-MS
Raf1WT	STUB1	shared	yes	cytosol	1.5047733113751	1.56535969669764e-07	0.112582400128723	0.0488783602467936	AP-MS
ArafD447A	STUB1	shared	yes	cytosol	3.57434557290023	1.35841523941068e-11	0.554806878800068	3.76709850415816e-07	AP-MS
ArafS214P	STUB1	shared	yes	cytosol	2.88653033473735	1.83680588635246e-07	0.140069026389286	0.0211543782347954	AP-MS
Raf1S259F	STX11	TbID	yes	NA	NA	NA	1.09525804951587	1.42261822647105e-06	TbID
BrafG469A	STX11	TbID	yes	NA	NA	NA	1.168459936958	9.66720712030793e-06	TbID
BrafV600E	STX11	TbID	yes	NA	NA	NA	0.926764931188189	2.3029941438807e-06	TbID
HrasG13R	SUCLA2	shared	yes	mitochondrion	0.386997690459545	0.0470956270696534	1.04353482195946	5.28518501817861e-08	TbID
Raf1S257L	SUGT1	core	no	cytosol	3.30000065313334	2.27222229985268e-12	0.909126296153674	3.17249146260352e-09	Both
BrafD594N	SUGT1	AP-MS	no	cytosol	1.2199519042843	2.83247046756796e-07	-0.239209129420048	0.000796516543941572	Both
Raf1D486A	SUGT1	shared	no	cytosol	2.57646661470641	6.03932630080346e-11	0.656339317760798	6.1192943807922e-08	Both
MEK2DD	SUGT1	shared	no	cytosol	1.01098866677577	6.03247021860548e-07	0.858818266380747	3.75936514602839e-09	Both
ArafD447A	SUGT1	core	no	cytosol	4.61305065807089	7.32349432568015e-14	1.50711243775744	1.10679529490022e-11	Both
ArafWT	SUGT1	core	no	cytosol	5.02507190005914	1.66456286026735e-14	1.83223040417302	2.88448565118759e-12	Both
Raf1S259F	SUGT1	core	no	cytosol	3.24268858155035	3.76222450202656e-09	0.844777930576875	3.14777911937058e-09	Both
Raf1WT	SUGT1	shared	no	cytosol	2.32763856914261	5.93512868922289e-11	0.17079683653142	0.00655054550714141	Both
ArafS214P	SUGT1	shared	no	cytosol	3.18104264660293	4.27829158342536e-09	0.727928601869895	1.22994683055079e-07	Both
BrafV600E	SUGT1	AP-MS	no	cytosol	2.15874679022403	6.34521065417425e-10	-0.00145042094034092	0.980400172516592	Both
KrasS17N	SULF1	TbID	no	NA	NA	NA	0.966568100298113	6.26701720642832e-06	TbID
KrasG12V	SULF1	TbID	no	NA	NA	NA	0.979502214729292	2.60711792235363e-05	TbID
KrasG12D	SULF1	TbID	no	NA	NA	NA	0.875454098426973	3.66799870731168e-05	TbID
KrasG12D	SULF2	shared	no	unclassified	0.128279447961996	0.0372865054184601	0.952660950441956	3.79158793871997e-06	TbID
KrasS17N	SULF2	shared	no	unclassified	0.270309971193909	0.00117390015478123	1.05638092714425	1.88623715079692e-08	TbID
KrasG12V	SULF2	shared	no	unclassified	0.232706855321034	0.000461697421014488	0.975266628472632	5.12578422620056e-07	TbID
KrasWT	SULF2	shared	no	unclassified	0.277114534604133	0.00133405993444004	0.876791408045879	2.4311490603807e-07	TbID
ERK2AA	SULT1C4	TbID	no	NA	NA	NA	1.55453718225757	3.70892753507059e-06	TbID
NrasQ61K	SULT1C4	TbID	no	NA	NA	NA	2.05998928879442	6.91130667846673e-07	TbID
NrasQ61R	SULT1C4	TbID	no	NA	NA	NA	2.12781278622913	1.60135760548273e-07	TbID
Raf1S257L	SULT1C4	TbID	no	NA	NA	NA	2.47064192116227	2.68644558073727e-08	TbID
ERK2AA	SULT2A1	TbID	no	NA	NA	NA	0.857336337870946	3.5214830766869e-05	TbID
KrasS17N	SULT2A1	TbID	no	NA	NA	NA	2.69428684425625	0.0121702768451708	TbID
KrasWT	SUN2	shared	no	ER	0.102514473908018	0.0466668580858343	0.787370452818708	2.92078659281034e-07	TbID
ERK1WT	SUPT20H	TbID	no	nucleus	0.143371140158429	0.326901648058493	1.56187597495012	1.26390087535948e-09	TbID
ERK1DD	SUPT20H	TbID	no	nucleus	0.224404048594937	0.119904337259458	1.59289736133347	1.02109943834369e-09	TbID
ERK1AA	SUPT20H	shared	no	nucleus	0.306293911831716	0.037464101989417	1.04875170839022	7.73372629910519e-08	TbID
ERK2WT	SUPT20H	shared	no	nucleus	0.445561923524751	0.00429580381716064	1.18403534531722	3.8343783706681e-08	TbID
ERK2AA	SUPT20H	shared	no	nucleus	0.454190472243222	0.0050575830976321	1.06539680468304	1.21384090165526e-07	TbID
ERK2DD	SUPT20H	TbID	no	nucleus	0.294160308567524	0.0590745891990095	0.901219108294032	3.37826046165313e-07	TbID
ERK1DD	SUPT3H	shared	no	nucleus	0.452215416722465	0.00750749108198266	1.05313358629748	6.33666615812066e-07	TbID
ERK1WT	SUPT3H	TbID	no	nucleus	0.157027070441036	0.364064357563919	0.926805710240271	3.2377802827927e-06	TbID
ERK1DD	SUPT7L	shared	no	ER	0.410931705009833	0.0169488151323486	1.05891388389714	3.13555257708069e-06	TbID
ERK1WT	SUPT7L	shared	no	ER	0.395817632720872	0.0221056856674303	1.01680383785986	4.10756393254833e-06	TbID
HrasS17N	SUSD5	core	no	plasma_membrane	1.16556224946203	0.00140004527916447	2.40339617034637	2.2431917998531e-06	Both
NrasS17N	SUSD5	TbID	no	plasma_membrane	0.238148763693676	0.556056421946572	1.02991094568616	0.00465747628815775	Both
NrasQ61R	SUSD5	shared	no	plasma_membrane	0.929618599141974	0.00590471029523594	0.85866489694036	0.0147770020285518	Both
ERK2AA	SUSD5	TbID	no	plasma_membrane	0.611878265890629	0.0615920046789966	1.23472538178979	0.00183490883007326	Both
Raf1D486A	SUSD5	TbID	no	plasma_membrane	0.518897395194546	0.0931018007270776	1.10434776472062	0.00251810276463175	Both
MEK2DD	SV2A	shared	yes	trans-Golgi	1.02477689475454	9.90956940671772e-05	0.340657649835737	1.90380544489737e-05	AP-MS
HrasG13R	SVBP	AP-MS	yes	unclassified	1.50380542122343	0.00789475550657422	NA	NA	AP-MS
MEK2DD	SVIL	shared	no	actin_cytoskeleton	0.677639911804822	0.00552213553860363	1.27809705217123	1.07950941200073e-10	TbID
MEK2DD	SYAP1	TbID	no	trans-Golgi	0.15985581224956	0.485363429435413	0.962760464239185	9.8575111010918e-07	TbID
ERK2WT	SYDE2	TbID	no	NA	0.243326835499385	0.546788569084844	0.872202113943191	2.22675585002452e-08	TbID
MEK2DD	SYN1	TbID	yes	NA	NA	NA	1.29204258039832	3.50261725895152e-05	TbID
MEK2DD	SYN3	TbID	yes	NA	NA	NA	1.1900189038598	3.18028960784218e-07	TbID
Raf1D486A	SYNCRIP	shared	no	stress_granule	0.662152123045359	0.000353086181364234	0.856726573604129	2.94252785565893e-07	TbID
MEK2DD	SYNGR3	AP-MS	no	unclassified	1.63058285898469	1.11347157737919e-06	-1.06979536532733	0.00524980740165781	AP-MS
ArafWT	SYNGR3	AP-MS	no	unclassified	1.24987706257772	5.45539021970015e-06	0.185565431188724	0.289584413789449	AP-MS
MEK2DD	SYNJ1	TbID	yes	actin_cytoskeleton	-0.0419665097191039	0.607536744245604	1.0463859318515	8.54260382825673e-10	TbID
MEK2DD	SYNJ2BP	AP-MS	no	NA	1.37417457260794	0.000115489613605134	NA	NA	AP-MS
BrafV600E	SYNPO	shared	no	NA	2.04486356765999	0.00502404496615396	0.327775830382985	0.0288534376027933	Both
MEK1DD	SYNPO	shared	no	NA	1.6265330453487	0.0223838185635452	0.596246758410396	0.000481122619084179	Both
BrafG469A	SYNPO	AP-MS	no	NA	2.67812968889226	0.000567871936207033	0.180242730340783	0.193155886444097	Both
ERK2AA	SYNPO	AP-MS	no	NA	1.48100806796397	0.0288191210313824	-0.22601331537339	0.159059893154463	Both
HrasG13R	SYNPO	AP-MS	no	NA	1.42786713190397	0.0436817626350075	0.0597542798331165	0.658125578323424	Both
Raf1S259F	SYNPO	shared	no	NA	2.05958953394702	0.0042182615314357	0.548626096947389	0.000822357819821652	Both
MEK2DD	SYNPO	core	no	NA	2.00374248944657	0.00479248696025604	1.44916323875918	2.2246586680308e-07	Both
Raf1S257L	SYNPO	AP-MS	no	NA	1.33709014221174	0.0408114357065761	-0.383885353618915	0.034963271992738	Both
Raf1S259F	SYT11	shared	no	NA	1.28583664857828	0.000769237905420191	0.642565732799771	6.77526854835229e-05	AP-MS
MEK2DD	SYT14	TbID	yes	NA	NA	NA	0.877758853387251	0.00230615210954511	TbID
ERK2WT	SYT14	TbID	yes	NA	NA	NA	1.18757477286404	0.00200324365891141	TbID
ArafWT	SYT3	TbID	no	NA	0.725287716500203	0.0888946326138772	0.900842521780476	8.94574129156609e-06	TbID
ERK2AA	SYT6	TbID	no	NA	NA	NA	1.83328198298498	0.000777157564813076	TbID
NrasQ61R	SYT6	TbID	no	NA	NA	NA	2.54074186352275	9.10555189390298e-06	TbID
MEK2DD	SYTL2	TbID	no	NA	NA	NA	1.10019665016386	1.90343688968023e-08	TbID
MEK2DD	SYTL5	shared	no	NA	0.781141520837848	0.0124594546942181	0.907930424007857	1.65493811150803e-07	TbID
MEK2DD	TAB2	TbID	yes	unclassified	-0.688835053172232	0.000131566297197322	0.876019246614086	3.69565947254389e-08	TbID
MEK1DD	TAC1	TbID	yes	NA	NA	NA	1.67637761589928	6.97551191762326e-10	TbID
BrafG469A	TAC1	TbID	yes	NA	NA	NA	1.51033807432814	1.73195162265046e-09	TbID
Raf1S259F	TAC1	TbID	yes	NA	NA	NA	1.95366857917609	1.3652744877614e-08	TbID
BrafV600E	TAC1	TbID	yes	NA	NA	NA	1.51919481457341	1.21612348562496e-08	TbID
MEK2DD	TAC1	TbID	yes	NA	NA	NA	1.29025805710785	4.68582041395757e-09	TbID
ArafS214P	TAC1	TbID	yes	NA	NA	NA	1.38158521230064	2.84395427969496e-07	TbID
Raf1S257L	TAC1	TbID	yes	NA	NA	NA	1.51119664166231	1.63369953777018e-09	TbID
MEK2DD	TACC3	TbID	yes	cytosol	0.00799978864832148	0.944425709730012	1.18492698820618	3.5812347917992e-10	TbID
ERK1DD	TADA1	shared	no	nucleus	0.344316793669163	0.00589217694424059	1.03766283388497	1.75788985211596e-07	TbID
ERK1WT	TADA1	shared	no	nucleus	0.337442552356182	0.00903162022437042	0.956824167798233	5.83801878879902e-07	TbID
ERK1DD	TADA2B	TbID	no	nucleus	0.276396108646761	0.0605293004946835	0.860632641442426	1.16045985540964e-06	TbID
KrasWT	TAF1A	shared	no	nucleus	0.34155585632606	0.00225908494366078	0.808451131091973	2.4311490603807e-07	TbID
ERK1DD	TAF5L	TbID	no	nucleus	0.217545051280997	0.0664074189563473	1.00318266602247	1.6718615325381e-07	TbID
ERK1WT	TAF5L	TbID	no	nucleus	0.209832603681058	0.0671428913370292	0.917617700019158	4.06752419915941e-07	TbID
ERK2WT	TAF7	TbID	no	unclassified	-0.500290099049338	0.460050535305781	1.07327802875679	5.6897378754547e-07	TbID
ERK1DD	TAF9B	shared	no	unclassified	0.314080645634023	0.0471292961148647	0.841222253397505	5.91573578771822e-07	TbID
ERK1AA	TAGLN	TbID	no	NA	NA	NA	1.21865923157994	5.95837342384572e-07	TbID
MEK2DD	TAGLN	TbID	no	NA	NA	NA	0.943330775468069	2.81760379422642e-06	TbID
HrasG13R	TAGLN	TbID	no	NA	NA	NA	0.998262120947745	1.18289025248126e-05	TbID
ArafS214P	TAGLN	TbID	no	NA	NA	NA	1.32401890735046	8.31455736974223e-08	TbID
MEK2DD	TAGLN2	TbID	no	cytosol	0.103933409688088	0.364468423254958	1.17601995109897	3.33027583013856e-08	TbID
ArafS214P	TANGO6	shared	no	cytosol	1.24077343471278	4.0778842135471e-06	0.125145404697396	0.048454081028369	AP-MS
ArafWT	TANGO6	AP-MS	no	cytosol	1.44703916021142	5.41747610448728e-09	-0.246802789654543	0.00135339082095673	AP-MS
HrasQ61R	TAOK1	TbID	no	plasma_membrane	0.501497610127184	0.27271085505834	1.05607662519213	0.000178091505699465	TbID
BrafWT	TAOK2	shared	no	ER	0.790962258582864	2.79840617860629e-06	0.999998595171198	3.45777660609846e-09	TbID
HrasQ61R	TAOK2	shared	no	ER	0.916976191395574	1.5874749234562e-06	1.01745514416481	4.84838838541133e-08	TbID
Raf1S259F	TAOK2	shared	no	ER	0.510361298214758	0.000105972598753932	0.847371637904625	1.59557752818326e-08	TbID
MEK2DD	TAP2	AP-MS	yes	ER	1.08429572026904	4.45437820471709e-06	-0.0768727015023682	0.301710602192072	AP-MS
ArafWT	TARBP2	AP-MS	no	translation	1.49830954063576	5.65269961416456e-07	0.00965648298534135	0.89930854547106	AP-MS
ArafS214P	TARBP2	AP-MS	no	translation	1.76901723646539	1.04820626303442e-06	0.13791300923529	0.104368125753973	AP-MS
ArafD447A	TARBP2	AP-MS	no	translation	1.4329463853206	1.39932986321117e-06	0.123832599907002	0.159744031201989	AP-MS
Raf1S259F	TARBP2	AP-MS	no	translation	1.33895407106611	8.30063507125905e-05	-0.0464860684862903	0.474442857986388	AP-MS
Raf1S257L	TARBP2	shared	no	translation	1.24897211778086	1.18060326707709e-06	0.425501646196631	4.60062055439621e-05	AP-MS
MEK1WT	TAX1BP3	TbID	no	unclassified	NA	NA	0.904637298423679	0.0249244521059893	TbID
MEK2DD	TAX1BP3	TbID	no	unclassified	NA	NA	1.00277068532499	0.0102239256787128	TbID
MEK2AA	TAX1BP3	TbID	no	unclassified	NA	NA	0.901700789201569	0.0238435160405238	TbID
MEK1AA	TAX1BP3	TbID	no	unclassified	NA	NA	0.89309660982043	0.024244249405085	TbID
HrasG13R	TAX1BP3	TbID	no	unclassified	NA	NA	0.964143289642419	0.0172655610543962	TbID
Raf1S257L	TBC1D4	shared	yes	14-3-3_scaffold	1.83801885373709	1.10399444283221e-10	0.205041463165917	0.000708411984503706	AP-MS
Raf1S259F	TBC1D4	shared	yes	14-3-3_scaffold	1.61910508829509	4.41241758920191e-07	0.179683614127525	0.0013869362944381	AP-MS
ArafWT	TBC1D4	shared	yes	14-3-3_scaffold	1.50099662652284	3.90352092517527e-10	0.289001684463871	0.00017802986044694	AP-MS
ArafD447A	TBC1D4	shared	yes	14-3-3_scaffold	1.3325156564365	9.6360214795988e-10	0.254543763212081	0.000185718394726811	AP-MS
HrasS17N	TBL1XR1	AP-MS	yes	unclassified	1.05512548160866	3.75392269093213e-05	-0.803326474882099	3.57332225177274e-08	AP-MS
BrafV600E	TBX21	AP-MS	yes	NA	1.26524357059402	0.000519715043144417	NA	NA	AP-MS
BrafG469A	TCAF2	shared	no	NA	0.742566342798104	0.00267765438074673	0.990655298803671	7.44589586928376e-06	TbID
NrasQ61R	TCEA2	AP-MS	no	cytosol	1.19702069844697	0.00021232586348385	NA	NA	AP-MS
HrasWT	TCEAL1	AP-MS	no	cytosol	1.16184453565372	4.30514006868124e-05	0.1690849869938	0.0507960694413143	AP-MS
Raf1S259F	TCEAL1	AP-MS	no	cytosol	1.33573697168951	1.42589485819843e-05	-0.172754975739015	0.0295827880371562	AP-MS
ArafWT	TCEAL7	AP-MS	no	NA	1.20809669718886	0.00187109628169785	NA	NA	AP-MS
ERK1WT	TCF3	shared	yes	unclassified	0.32489148528209	0.0166941199822614	0.891243608767243	1.70167953026892e-07	TbID
ERK2WT	TCF3	TbID	yes	unclassified	0.0366438961624699	0.834435018953046	0.912956916558058	8.76645553596072e-08	TbID
KrasG12V	TCOF1	shared	yes	nucleolus	0.571018351909773	0.0106839363875372	1.27187338414181	4.49939944935192e-08	TbID
KrasWT	TCOF1	shared	yes	nucleolus	0.466852506198652	0.0444800703116813	1.10007211494656	4.80542587860479e-08	TbID
KrasG12D	TCOF1	TbID	yes	nucleolus	0.35826196394286	0.096007982599224	1.14858537138362	3.84372486978212e-08	TbID
KrasS17N	TCOF1	shared	yes	nucleolus	0.514073339542019	0.0458351793713958	1.50244932687317	6.53292687797213e-09	TbID
Raf1S257L	TCP1	shared	no	actin_cytoskeleton	2.38233189502767	6.67635617819946e-10	0.676538671892216	5.58046782187518e-06	AP-MS
Raf1S259F	TCP1	shared	no	actin_cytoskeleton	2.40567080733241	1.95963828654835e-08	0.643351468557537	4.44187767288089e-06	AP-MS
ArafWT	TCP1	shared	no	actin_cytoskeleton	1.37866076305229	1.08901301689517e-07	0.530755849447894	0.000109457625199792	AP-MS
Raf1D486A	TCP1	AP-MS	no	actin_cytoskeleton	1.29290324820705	7.52352910341838e-07	0.0625667546591303	0.508271797875022	AP-MS
ArafS214P	TCP1	AP-MS	no	actin_cytoskeleton	2.23235494713405	9.36163300893285e-07	0.107274126433899	0.240163182060612	AP-MS
Raf1S257L	TCP11L1	AP-MS	no	proteasome	1.19057214321435	2.06723137039243e-06	-0.0703734614374688	0.368574611447884	AP-MS
ERK1DD	TCTN3	AP-MS	yes	ER	1.34110993647342	0.00716646920767696	NA	NA	AP-MS
ERK1AA	TCTN3	AP-MS	yes	ER	1.15810645436935	0.00251804872577257	NA	NA	AP-MS
BrafV600E	TDG	TbID	no	nucleus	0.583245298198728	0.126252652115201	0.93646584216472	1.18607601322861e-07	Both
Raf1S257L	TDG	TbID	no	nucleus	0.436749354233347	0.276854427166591	0.858506547493103	4.13751772373638e-07	Both
MEK1DD	TDG	core	no	nucleus	1.2042052645617	0.00567362916649976	1.05233500581027	6.33180794490372e-08	Both
BrafG469A	TDG	TbID	no	nucleus	0.297228801561734	0.410105540581735	0.88497926856018	1.50705119105133e-07	Both
Raf1S259F	TDRKH	TbID	no	mitochondrion	-0.459611316212076	0.0485054113770206	1.10135003640417	2.69443886561284e-08	TbID
ERK2WT	TDRP	shared	no	NA	0.905637670605213	0.00016737654205225	1.19894022576503	1.69670075136336e-06	Both
HrasS17N	TDRP	AP-MS	no	NA	1.15158427539463	7.5410096808916e-06	-0.852052666653401	8.00437444071403e-06	Both
ERK1WT	TDRP	shared	no	NA	0.581797587557721	0.00369063044335002	0.969703719067831	2.28069025710568e-05	Both
ArafS214P	TECPR1	TbID	no	cytosol	-0.175934262855344	0.369734452068559	1.32862078355695	4.23154622743451e-09	TbID
ArafD447A	TECPR1	shared	no	cytosol	0.483893522278393	0.0189125384338092	0.920472596434693	9.23743128431513e-08	TbID
ArafWT	TECPR1	TbID	no	cytosol	0.124843924306885	0.533245963981563	1.20508945356141	4.93887097247404e-10	TbID
ArafS214P	TEDC1	shared	no	nucleus	1.1708182219946	1.57753418224389e-06	0.588367721238428	4.25935498949132e-07	AP-MS
NrasWT	TELO2	TbID	yes	cytosol	-0.0373153448754605	0.895016405164576	0.819530010472739	1.77233898053926e-07	TbID
Raf1WT	TELO2	TbID	yes	cytosol	0.0491011610199573	0.835685426690438	0.849926890743203	1.23999275309538e-08	TbID
ArafWT	TENT2	shared	no	nucleus	0.579801120449462	0.000387234000865172	1.08214064020374	1.38968359515201e-09	TbID
Raf1S259F	TESK2	AP-MS	no	NA	1.34221910884357	0.00845120249039413	NA	NA	AP-MS
HrasS17N	TEX30	shared	no	unclassified	0.559137543197923	0.0118961427018614	0.81818653626961	2.17217520434794e-08	Both
Raf1S257L	TEX30	TbID	no	unclassified	0.302383746420271	0.12455728087373	0.88096403195082	7.33314112225568e-09	Both
HrasG13R	TEX30	shared	no	unclassified	1.06304317263404	0.00123414440248822	0.724210336223387	1.42586182365956e-07	Both
BrafG469A	TFPI	TbID	yes	NA	NA	NA	1.18085630563855	4.82933678435108e-05	TbID
Raf1S259F	TFPI	TbID	yes	NA	NA	NA	1.25259501291077	3.74119698460684e-05	TbID
MEK1DD	TFPI	TbID	yes	NA	NA	NA	1.02440724397466	0.000271442164226799	TbID
Raf1D486A	TFPI2	TbID	yes	NA	0.25029030295683	0.526264131482587	1.40503930251306	1.68756263069468e-07	Both
BrafG469A	TFPI2	core	yes	NA	1.72667642623993	0.000354889879757226	4.69430365274044	2.46517527366744e-13	Both
BrafWT	TFPI2	TbID	yes	NA	0.0879785350135905	0.8667761741547	1.01218074561188	2.17674031355898e-06	Both
ERK2AA	TFPI2	TbID	yes	NA	0.203808351918649	0.640633550064452	1.24407720189273	6.90682953759302e-07	Both
HrasWT	TFPI2	TbID	yes	NA	-0.1356314106764	0.773577920157141	0.928540164111667	3.93759874384989e-05	Both
Raf1S259F	TFPI2	shared	yes	NA	0.962574179497617	0.0123593913347101	2.68819495797034	1.29205434309241e-10	Both
MEK1AA	TFPI2	TbID	yes	NA	-0.378338171556239	0.427616269925435	1.1361521800653	5.27581669408113e-07	Both
BrafD594N	TFPI2	TbID	yes	NA	0.483490889224088	0.299356645531729	1.53185593807324	2.46608431865808e-08	Both
BrafV600E	TFPI2	core	yes	NA	2.22091634930486	5.15414997504984e-05	4.73822687958874	4.49432252856092e-13	Both
MEK1DD	TFPI2	core	yes	NA	1.81486678275296	0.000233540887506169	3.91704303527778	6.82880979564556e-12	Both
NrasS17N	TFPI2	TbID	yes	NA	0.087106837908647	0.858642428050851	1.08078925484306	4.60276227507576e-06	Both
Raf1WT	TFPI2	TbID	yes	NA	0.159173314087384	0.77312565617333	1.14480073123754	7.68557883494204e-07	Both
HrasG13R	TFPI2	TbID	yes	NA	0.626267442966038	0.144241351746927	1.06878482419688	4.22423731870894e-06	Both
ArafS214P	TFPI2	core	yes	NA	1.26118001660318	0.00165263400731163	3.02580137221454	3.46859587262833e-11	Both
NrasWT	TFPI2	TbID	yes	NA	-0.32851867900779	0.438474538707892	0.984361981322612	7.59933731052025e-06	Both
MEK2DD	TFPI2	core	yes	NA	1.73932050515844	0.000205983635727008	3.2485875725152	6.65134924328973e-11	Both
ERK2DD	TFPI2	TbID	yes	NA	0.50136251998813	0.164535059235544	1.28613416356248	1.38610677919743e-06	Both
Raf1S257L	TFPI2	TbID	yes	NA	0.429995750406858	0.246633376511037	2.71339269279346	1.52116467606433e-09	Both
MEK2DD	TFRC	shared	yes	early_endosome	0.992213290354129	3.1939292360677e-07	0.583982508576943	5.30764288791529e-07	Both
Raf1S259F	TFRC	shared	yes	early_endosome	0.666485943455803	1.74971442324885e-05	1.09859348103109	8.16284814636862e-10	Both
BrafG469A	TFRC	TbID	yes	early_endosome	0.0850552446168465	0.456022981632935	0.925895598258463	7.61095162554318e-09	Both
ArafS214P	TGFB1	core	yes	ER	1.64505210338577	9.16328346040437e-08	1.36309077476057	1.36084758955378e-10	Both
Raf1S257L	TGFB1	core	yes	ER	2.23274594590703	3.95752436749711e-10	1.65023582527006	1.43112024237617e-10	Both
BrafG469A	TGFB1	core	yes	ER	2.99083350055577	7.64420153251456e-09	1.85011635031803	1.40201536013808e-11	Both
MEK1DD	TGFB1	core	yes	ER	2.47160054524088	6.84599301006356e-10	1.47780954294353	1.13031380100748e-10	Both
HrasS17N	TGFB1	core	yes	ER	1.33198163668388	4.34337305432317e-07	0.874919056317048	9.14738318414502e-08	Both
ERK1DD	TGFB1	shared	yes	ER	1.0066384156541	3.43833122092974e-05	0.261090202649373	0.00257298408103928	Both
MEK2DD	TGFB1	core	yes	ER	2.76236029758038	1.25576762763951e-10	1.89925776719013	1.30557420558742e-11	Both
NrasS17N	TGFB1	shared	yes	ER	1.05023359773175	4.49453500840314e-06	0.48957200372752	1.13323715491568e-05	Both
Raf1S259F	TGFB1	core	yes	ER	2.17120941793892	1.48535283153861e-07	1.61583364867398	4.79354131686618e-11	Both
ERK2DD	TGFB1	shared	yes	ER	1.09650346946832	2.71255201581435e-06	0.737348620624334	1.77607484314749e-07	Both
BrafD594N	TGFB1	core	yes	ER	1.55093973639489	1.32076113608815e-06	0.949924641482343	1.46235012291663e-08	Both
BrafV600E	TGFB1	core	yes	ER	3.73340806804442	1.33752063060061e-11	2.33527990291268	1.06793972889853e-12	Both
KrasG12D	THAP1	AP-MS	yes	NA	1.00482628054506	0.000319416754432438	NA	NA	AP-MS
KrasG12V	THAP1	AP-MS	yes	NA	0.837746039472171	0.002749542285774	NA	NA	AP-MS
KrasWT	THAP1	AP-MS	yes	NA	1.0375252424399	0.000957886190087557	NA	NA	AP-MS
KrasS17N	THAP1	AP-MS	yes	NA	0.899012625815462	0.00192784295974925	NA	NA	AP-MS
Raf1D486A	THAP7	shared	no	NA	0.916632010628019	0.0143563341993336	0.867263120719297	3.28317329488636e-07	TbID
Raf1S259F	THBD	TbID	yes	NA	NA	NA	1.29468765448093	3.30337835419341e-06	TbID
BrafG469A	THBD	TbID	yes	NA	NA	NA	1.56136122094917	6.48828850422588e-07	TbID
MEK1DD	THBD	TbID	yes	NA	NA	NA	1.4390881887656	1.97052679403435e-06	TbID
NrasQ61K	THBS1	TbID	yes	NA	NA	NA	1.15728411017663	1.20258845008613e-06	TbID
ERK2AA	THBS1	TbID	yes	NA	NA	NA	2.06846149217436	1.6279579108443e-09	TbID
HrasG13R	THBS1	TbID	yes	NA	NA	NA	0.816883865192657	4.59469297821083e-06	TbID
ArafD447A	THBS1	TbID	yes	NA	NA	NA	1.63510248886597	8.95249493095688e-10	TbID
ArafS214P	THBS1	TbID	yes	NA	NA	NA	1.13587201525458	7.2304253864454e-07	TbID
NrasS17N	THBS1	TbID	yes	NA	NA	NA	1.05047347560549	1.19607747547872e-06	TbID
Raf1D486A	THBS1	TbID	yes	NA	NA	NA	1.48600922423848	7.18293739030364e-09	TbID
BrafWT	THBS1	TbID	yes	NA	NA	NA	1.58188871188665	3.61589165775871e-09	TbID
MEK1WT	THBS1	TbID	yes	NA	NA	NA	1.09031270426383	7.72098585291402e-08	TbID
ERK1AA	THBS1	TbID	yes	NA	NA	NA	0.935792480086244	1.36332860091847e-06	TbID
HrasQ61R	THBS1	TbID	yes	NA	NA	NA	0.831883775686163	3.48796162832808e-06	TbID
Raf1S257L	THBS1	TbID	yes	NA	NA	NA	1.35117965224526	9.491640173592e-09	TbID
Raf1D486A	THBS4	TbID	no	NA	NA	NA	0.950059276316042	8.92378416278784e-05	TbID
HrasS17N	THEM6	TbID	no	ER	-0.323651654748031	0.158106595210539	0.993097647116464	1.48162979894362e-08	TbID
KrasWT	THRA	AP-MS	yes	NA	0.740450694238052	0.00376379196507116	NA	NA	AP-MS
ERK1WT	THRB	TbID	yes	NA	0.181919994682893	0.505498855286165	0.934569654409639	0.000757916159808365	TbID
Raf1WT	THSD1	TbID	yes	NA	0.0613692441394378	0.894008532696306	0.914848414294157	0.012963860374794	Both
Raf1S259F	THSD1	AP-MS	yes	NA	1.22320528674781	0.00154982658298952	0.608118222717226	0.0938380773034241	Both
MEK2DD	THSD1	TbID	yes	NA	-0.129431761129641	0.703252260772922	1.09284726542817	0.00246000198715321	Both
ArafS214P	THSD1	TbID	yes	NA	0.502938406911117	0.13697019825897	1.09006866839863	0.00248721602478377	Both
NrasQ61R	THSD4	TbID	yes	NA	1.90523619255915	0.112713374436207	0.888315002061448	6.57576003031777e-08	TbID
Raf1S257L	THTPA	shared	no	cytosol	0.686709213354105	0.000342887055101328	1.03439111553926	3.13192631163817e-10	TbID
KrasG12D	THUMPD1	AP-MS	no	cytosol	0.768558032201147	2.50453073443978e-06	0.150337127875508	0.0502018241449186	AP-MS
Raf1S257L	THUMPD3	shared	no	unclassified	1.45841736666171	7.35615533515804e-09	0.192626523952762	0.00394112431930159	AP-MS
Raf1S259F	THUMPD3	AP-MS	no	unclassified	1.42087753437458	1.49690258896445e-05	0.0298904045433312	0.596590785636211	AP-MS
MEK2AA	TIMM10	TbID	no	mitochondrion	0.15834377551675	0.732057702281323	1.0433448494511	6.03388924183959e-06	TbID
MEK2DD	TIMM10	TbID	no	mitochondrion	0.582562375327703	0.0507080123952408	0.910979970297827	1.72918961683176e-05	TbID
MEK2DD	TIMM22	AP-MS	yes	mitochondrion	0.99959927719322	0.0120596459704809	-0.000704080995564914	0.99970045430126	AP-MS
NrasQ61R	TIMM9	AP-MS	no	mitochondrion	1.00943816974088	0.000413380253282892	NA	NA	AP-MS
BrafG469A	TIMP1	core	yes	ER	2.11892675330984	9.17515957088123e-06	2.49629368620889	1.12972094966835e-08	Both
ERK2WT	TIMP1	shared	yes	ER	2.29522855314544	1.327117129849e-05	1.02982633242329	0.000278612444185894	Both
Raf1S259F	TIMP1	core	yes	ER	1.8816050874426	2.86830422716522e-05	2.28681901249257	4.61190106282339e-08	Both
MEK2DD	TIMP1	core	yes	ER	2.36378699584399	4.79509175911651e-06	2.04587615552198	2.98483034578376e-07	Both
BrafV600E	TIMP1	core	yes	ER	2.19666604434053	1.07253511685512e-05	2.3030259415501	3.34767896567201e-08	Both
Raf1S257L	TIMP1	shared	yes	ER	0.625860028695774	0.0421463598666988	1.46985126925763	3.6881473706815e-06	Both
MEK1DD	TIMP1	core	yes	ER	2.35015719703208	8.78829403384402e-06	2.5289237144008	1.68784288023599e-08	Both
ERK1WT	TIMP1	AP-MS	yes	ER	1.51545882340493	0.000471767495850341	0.144670084844837	0.611380673622274	Both
ERK1DD	TIMP1	AP-MS	yes	ER	1.29270446705945	0.00155910522763956	-0.0918762754283431	0.782047150206609	Both
ERK2AA	TIMP1	shared	yes	ER	1.29800297809744	0.000659246942482759	0.704149270304549	0.00749862734196129	Both
KrasG12V	TIMP3	shared	yes	NA	0.143769202065062	0.0399891207523061	0.789989452257226	2.48118535627603e-05	TbID
ArafS214P	TINF2	AP-MS	yes	nucleus	2.11647048339863	0.000124268659918173	NA	NA	AP-MS
MEK2DD	TJP1	TbID	no	actin_cytoskeleton	0.0793674763996358	0.730666980483449	1.41544540669029	4.07009754062291e-10	TbID
Raf1S259F	TJP2	AP-MS	yes	plasma_membrane	1.52890092166639	1.24988808167987e-06	-0.253116266543294	0.00448754619510807	Both
MEK2DD	TJP2	TbID	yes	plasma_membrane	0.259804093109102	0.117983089434319	1.34547567888078	4.80919294992129e-10	Both
BrafG469A	TK1	core	yes	cytosol	1.20776502257344	3.43247586518906e-06	0.864871454739569	2.33896945334511e-09	Both
KrasWT	TLCD2	TbID	no	NA	NA	NA	0.893326417136899	0.000325183395289754	TbID
KrasS17N	TLCD2	TbID	no	NA	NA	NA	0.858678253109323	0.000404075200504094	TbID
Raf1D486A	TLCD3A	TbID	no	NA	-0.425964532832234	0.0532142526593425	1.19253328973256	4.00209679929121e-09	Both
MEK2DD	TLCD3A	AP-MS	no	NA	1.53799225702686	7.64111749722905e-06	0.0911567894085715	0.198457160407878	Both
KrasWT	TLCD4	TbID	no	ER	NA	NA	1.64885425282133	0.0489030774782733	TbID
KrasG12V	TLX1	shared	yes	NA	0.296306507136331	0.000524886867712952	0.781504371015446	0.00700187283043731	TbID
Raf1S259F	TM9SF2	TbID	no	trans-Golgi	-0.527712525102083	0.0248228284373501	0.9548904579435	3.3796481512708e-07	TbID
HrasG13R	TM9SF2	TbID	no	trans-Golgi	-0.430895194823294	0.157897373699975	1.18263947288268	3.08142779567375e-07	TbID
MEK2DD	TM9SF3	AP-MS	no	Golgi	1.24255544952903	8.6864499862002e-05	-0.273474401736367	0.00398423156364114	AP-MS
ArafD447A	TMA7	shared	no	nucleus	0.679441366892372	0.0159205872380747	0.880109101919624	2.00728528518308e-07	TbID
KrasG12V	TMBIM6	TbID	no	ER	NA	NA	0.950195691099863	0.0271521814088432	TbID
NrasQ61R	TMEFF1	TbID	no	NA	NA	NA	1.11229633179813	2.69004385695961e-06	TbID
ArafS214P	TMEFF2	TbID	yes	NA	NA	NA	0.913338515595835	2.48125587776429e-06	TbID
ArafD447A	TMEFF2	TbID	yes	NA	NA	NA	1.25103329649774	7.83898264286331e-08	TbID
HrasQ61R	TMEFF2	TbID	yes	NA	NA	NA	1.2205787473633	8.09008948714262e-07	TbID
BrafD594N	TMEFF2	TbID	yes	NA	NA	NA	0.858096507928732	8.14154830939756e-06	TbID
MEK1AA	TMEFF2	TbID	yes	NA	NA	NA	1.06960390442833	4.42559918462937e-07	TbID
Raf1D486A	TMEFF2	TbID	yes	NA	NA	NA	0.98102289777958	1.22456268495446e-06	TbID
MEK2AA	TMEFF2	TbID	yes	NA	NA	NA	0.870683935813096	3.30201031921751e-06	TbID
Raf1WT	TMEFF2	TbID	yes	NA	NA	NA	0.865351317080805	5.32143459496683e-06	TbID
ERK1AA	TMEFF2	TbID	yes	NA	NA	NA	1.12527173897681	8.72928933543818e-07	TbID
ERK2DD	TMEFF2	TbID	yes	NA	NA	NA	0.97116235136196	5.12958230922421e-06	TbID
NrasS17N	TMEFF2	TbID	yes	NA	NA	NA	1.04056578376065	2.93946288617282e-06	TbID
MEK2AA	TMEM102	TbID	no	cytosol	-0.273301329183393	0.791325548548759	0.922121363868369	6.58398275991469e-08	TbID
MEK2DD	TMEM102	TbID	no	cytosol	0.751676430656374	0.224741803565919	1.05426255970408	1.92795091188765e-08	TbID
NrasQ61R	TMEM120B	shared	no	ER	1.17307483805603	7.6144179389786e-07	0.564495661565243	8.21811432297522e-05	AP-MS
KrasWT	TMEM128	TbID	no	ER	NA	NA	0.841357242705702	0.00118003779928167	TbID
BrafG469A	TMEM138	TbID	yes	NA	NA	NA	1.01350158569189	2.30040911397639e-06	TbID
MEK1DD	TMEM147	shared	yes	ER	1.36017028202603	0.0175445331436897	0.367868036945717	0.0264203619479551	Both
MEK2DD	TMEM147	shared	yes	ER	1.13501301342985	0.0463874689465915	0.33689111626903	0.0157272309498399	Both
BrafG469A	TMEM147	TbID	yes	ER	0.117454582616725	0.843284549037877	0.945691315740246	4.99376933359579e-06	Both
Raf1S259F	TMEM154	TbID	no	NA	NA	NA	1.57124896404677	0.00366169932174823	TbID
KrasWT	TMEM161A	TbID	no	ER	-0.528832883434399	0.00160160934758008	0.770359481533553	7.06756321506639e-06	TbID
HrasS17N	TMEM177	shared	no	mitochondrion	0.440338272752455	0.0110769716752395	0.955042837557128	3.12121680821855e-08	TbID
Raf1D486A	TMEM183A	TbID	no	NA	0.260071772014347	0.335302174840482	0.872521986351368	5.44001327470442e-08	TbID
Raf1S259F	TMEM185B	TbID	no	NA	-0.771320587681076	0.00986087913792552	1.16038152843527	3.11615330705448e-05	Both
BrafG469A	TMEM185B	TbID	no	NA	-0.790662597944705	0.00694306978610587	1.4647229731432	3.920594112051e-06	Both
BrafV600E	TMEM185B	TbID	no	NA	-0.569662972180732	0.0512879276937211	1.39076676911327	5.40240740696825e-06	Both
MEK2DD	TMEM185B	shared	no	NA	1.06635134200491	0.000994837267820431	1.00456023023574	0.000137896391203938	Both
Raf1S259F	TMEM192	shared	no	lysosome	1.06844292052811	0.00503434586975343	0.922649900379997	1.52091513585455e-05	TbID
BrafG469A	TMEM200A	TbID	no	NA	NA	NA	1.07830470682766	0.000113997539049831	TbID
MEK1DD	TMEM200A	TbID	no	NA	NA	NA	1.02153213211962	0.000458399242045859	TbID
MEK2DD	TMEM200A	TbID	no	NA	NA	NA	0.983448716181282	0.00042338798319778	TbID
Raf1S259F	TMEM200A	TbID	no	NA	NA	NA	1.05998441633385	0.000369129292565133	TbID
ArafS214P	TMEM200A	TbID	no	NA	NA	NA	0.973514719631724	0.000818136747849846	TbID
Raf1S259F	TMEM201	TbID	no	ER	0.305675986349458	0.0696919291005971	0.843726017604546	1.36464703866653e-07	Both
BrafG469A	TMEM201	shared	no	ER	0.559037469797254	0.000186446411955766	1.1226513101799	4.59692952699276e-09	Both
ERK2WT	TMEM201	shared	no	ER	1.09829716542677	6.5980520468989e-07	0.601395484425642	1.14334359610789e-05	Both
BrafV600E	TMEM201	shared	no	ER	0.845632819224178	1.26259221650975e-05	0.904312121582723	1.81556754074311e-07	Both
MEK1DD	TMEM201	shared	no	ER	0.37294084913772	0.010243851789115	0.911683378176332	8.62942477592893e-08	Both
BrafG469A	TMEM205	TbID	no	ER	-0.0313750189419215	0.930752497845346	1.00563245529128	9.43783554186732e-09	TbID
KrasWT	TMEM214	TbID	no	ER	-0.0111189391215234	0.903377260268464	0.860665836955386	3.18982262174564e-07	TbID
MEK2DD	TMEM250	AP-MS	no	NA	1.2221001397744	0.0203282529605208	-0.445788640350924	0.000332894942368306	AP-MS
KrasWT	TMEM256	TbID	no	nucleus	NA	NA	0.777480576839958	0.0206100592525444	TbID
MEK2DD	TMEM263	core	no	ER	1.30539774721918	9.73235754805331e-07	0.957172661002326	7.04056595679954e-07	Both
Raf1S259F	TMEM30A	TbID	no	plasma_membrane	-0.113686994789457	0.55789834593622	0.87387963707742	3.00807754704725e-07	TbID
BrafG469A	TMEM33	TbID	no	ER	0.159190206106231	0.486932215022814	0.88196349180917	1.10114678773479e-07	Both
ERK2WT	TMEM33	AP-MS	no	ER	1.02505929767067	0.000381918027061384	-0.0217947469641918	0.810970857958194	Both
MEK2DD	TMEM33	shared	no	ER	1.18955742774078	4.90654769967929e-05	0.159630566409891	0.0465633389589424	Both
ERK1WT	TMEM33	AP-MS	no	ER	1.26959229686954	8.17566678527939e-05	-0.0586936400215238	0.524477644267784	Both
KrasWT	TMEM38A	TbID	no	NA	NA	NA	1.02776932903103	1.39411494803783e-05	TbID
BrafV600E	TMEM39A	TbID	no	ER	NA	NA	0.884950005131442	3.06608166439097e-08	TbID
BrafG469A	TMEM39A	TbID	no	ER	NA	NA	0.957190532324087	2.45906892875567e-08	TbID
BrafG469A	TMEM41B	TbID	no	ER	-0.364038418800369	0.267876606885242	1.19090699176439	2.33971542201141e-07	Both
Raf1S259F	TMEM41B	TbID	no	ER	-0.0339880942878957	0.915918170560221	0.85017983936811	8.26636142288859e-06	Both
MEK2DD	TMEM41B	AP-MS	no	ER	1.35198469462315	2.62993261783359e-05	0.20365010374128	0.194428463240499	Both
Raf1S259F	TMEM50A	TbID	no	ER	NA	NA	0.922904990475497	4.23267949133063e-05	TbID
BrafG469A	TMEM59	TbID	no	trans-Golgi	0.153494061804559	0.372563879344218	1.42621503424079	1.59201050298618e-06	TbID
MEK1DD	TMEM59	TbID	no	trans-Golgi	0.0163776541482243	0.935369041401845	1.103613182706	3.37550286663974e-05	TbID
MEK2DD	TMEM59	shared	no	trans-Golgi	0.880422387254861	0.000190514608805357	1.0163229468724	0.000117754615040147	TbID
Raf1S259F	TMEM59	shared	no	trans-Golgi	0.442673446365493	0.010927752537714	1.63135098816392	4.04313647750312e-07	TbID
HrasG13R	TMEM59	TbID	no	trans-Golgi	0.0312810522024684	0.871734718744893	1.09546110800929	4.46756482743335e-05	TbID
Raf1D486A	TMEM62	TbID	no	nucleus	-0.711489444768967	0.000938542372913343	0.878373581437823	1.74962896496506e-07	TbID
HrasWT	TMEM74	TbID	no	NA	NA	NA	1.60226007872014	0.0395011232900604	TbID
NrasQ61R	TMEM94	AP-MS	yes	plasma_membrane	1.12044930175083	0.00068844178306965	0.242567858375501	0.352852396482771	AP-MS
MEK2DD	TMF1	TbID	no	Golgi	-0.122865487081543	0.706737930427903	0.901774598173757	4.14728695488799e-08	TbID
HrasQ61R	TMOD2	TbID	no	actin_cytoskeleton	NA	NA	0.777081389424317	1.51254401227868e-05	TbID
MEK2AA	TMOD3	TbID	no	actin_cytoskeleton	-0.159208107199398	0.38594832516223	0.885525443322373	1.85102771269892e-08	TbID
BrafG469A	TMPPE	TbID	no	nucleus	-0.815941219845055	0.000664041833589909	0.884248227419718	1.79378337330528e-08	TbID
MEK2DD	TMSB10	TbID	no	cytosol	NA	NA	0.945913240391442	3.01124413281515e-07	TbID
KrasS17N	TMT1A	TbID	no	ER	-0.156461635870914	0.168603645150004	0.922614419747809	1.12813859702941e-06	Both
KrasWT	TMT1A	TbID	no	ER	-0.349371324850916	0.0220571156175736	0.925372892815592	6.67160290430715e-05	Both
KrasG12D	TMT1A	TbID	no	ER	-0.25527823011446	0.0380916788349932	0.798594493458177	2.1622466980127e-05	Both
KrasG12V	TMT1A	TbID	no	ER	-0.241074078646161	0.0128975611454562	0.953067332338218	4.23569261548833e-06	Both
NrasQ61R	TMT1A	core	no	ER	1.73960272506738	1.26369923925251e-05	0.909288382262339	4.36894412719527e-09	Both
HrasS17N	TMT1B	TbID	no	ER	-0.48958307701827	0.0032512843094119	0.810038874069571	6.02015600857484e-09	TbID
NrasQ61R	TMTC4	shared	no	NA	1.15515291628906	5.3308503541706e-05	0.2902479656723	0.00871797217395665	AP-MS
Raf1S257L	TMX2	TbID	no	ER	-0.0609686819200226	0.762851008179536	1.09887724582646	1.54126725497436e-08	TbID
HrasS17N	TMX2	TbID	no	ER	-0.565293989658242	0.00515589896520846	1.01547695380862	3.1999786013232e-08	TbID
ArafS214P	TNFAIP1	TbID	no	plasma_membrane	-0.0481990094492418	0.705141302354138	0.945375595915136	2.21747511994483e-05	TbID
BrafV600E	TNFAIP1	TbID	no	plasma_membrane	0.25082328480817	0.0722998005356855	1.32527341134233	4.10979310075344e-07	TbID
Raf1S259F	TNFAIP1	shared	no	plasma_membrane	0.366427867316328	0.00489757559540144	1.43601678125959	1.7978471653015e-07	TbID
MEK2DD	TNFAIP1	shared	no	plasma_membrane	0.783348219698106	0.000538863941841257	1.01366936673037	8.26014287852497e-06	TbID
ERK2DD	TNFAIP1	TbID	no	plasma_membrane	-0.320201845945093	0.00953421970948776	0.907809106320848	4.70804502888155e-05	TbID
NrasWT	TNFAIP1	TbID	no	plasma_membrane	-0.295644016616898	0.0223171332219984	0.867371916617896	0.000103789725406496	TbID
MEK1DD	TNFAIP1	shared	no	plasma_membrane	0.363443605308738	0.0124860590933852	1.64600171442994	7.11011257754443e-08	TbID
Raf1WT	TNFAIP1	TbID	no	plasma_membrane	0.0384926884090085	0.783873921359881	1.09011390788185	6.39799372414996e-06	TbID
Raf1S257L	TNFAIP1	TbID	no	plasma_membrane	0.052953836864933	0.731746635532324	1.42514916318482	5.62877085298501e-07	TbID
BrafG469A	TNFAIP1	TbID	no	plasma_membrane	0.143213061793791	0.37110840896745	1.59453393008348	6.00058259161844e-08	TbID
BrafWT	TNFAIP1	TbID	no	plasma_membrane	0.12576525483481	0.364934390501338	0.916012154443134	7.32350881792133e-05	TbID
MEK2DD	TNFRSF10B	AP-MS	yes	plasma_membrane	1.0105370505124	0.000170504929205413	0.189722687183381	0.151590450050885	Both
Raf1S259F	TNFRSF10B	shared	yes	plasma_membrane	0.968828964631973	0.000208005416319044	0.982355169484515	3.55119055384189e-06	Both
Raf1S259F	TNFRSF10D	core	no	NA	1.32226695690611	0.00258962221520165	1.53170480637143	6.26386350384221e-08	Both
BrafG469A	TNFRSF10D	TbID	no	NA	0.495963082755696	0.228015814253165	1.23493674120877	1.21530379654492e-06	Both
HrasQ61R	TNFRSF10D	TbID	no	NA	0.119892603082026	0.822545681100888	0.843793409152034	2.6917043318909e-05	Both
ArafS214P	TNFRSF10D	TbID	no	NA	0.57987960655476	0.129555373768345	0.996325264654895	2.9102761725429e-06	Both
ArafWT	TNFRSF10D	TbID	no	NA	0.317002602960471	0.410816680977745	0.841004356702768	7.19274094776745e-05	Both
HrasG13R	TNFRSF10D	TbID	no	NA	0.441381783049272	0.332606956097877	0.983135433416938	1.06349963107436e-05	Both
MEK1DD	TNFRSF10D	TbID	no	NA	0.713369767640515	0.0813808783855537	1.26158970968142	4.19513610852746e-07	Both
MEK2DD	TNFSF9	AP-MS	no	NA	1.68477904445008	5.84823429199252e-05	0.631467047652536	0.388301846169856	AP-MS
MEK1DD	TNFSF9	AP-MS	no	NA	1.26249084896447	0.000881288764364195	1.32958657430462	0.0581772381427011	AP-MS
MEK2DD	TNIK	shared	no	plasma_membrane	0.35192537230955	0.00369483108568608	1.30393681688814	3.15555777853519e-11	TbID
KrasWT	TNPO1	TbID	no	cytosol	0.0531878595080926	0.395666262117388	0.814676005494078	1.19941401768969e-07	TbID
MEK2DD	TNRC6A	TbID	no	stress_granule	-0.524363184084556	0.000108374541389251	1.22906628657935	1.19466709200473e-08	TbID
ERK2WT	TNRC6A	shared	no	stress_granule	0.548297710224438	8.91479082259889e-05	1.95356529244899	4.82563918770094e-10	TbID
ERK1WT	TNRC6A	TbID	no	stress_granule	-0.250090293652836	0.0254297077132577	0.937061470455526	8.65424946820583e-06	TbID
MEK1WT	TNRC6A	TbID	no	stress_granule	-0.0204551925215126	0.913865636673888	1.38856751911961	3.49705164840789e-09	TbID
MEK2AA	TNRC6A	TbID	no	stress_granule	-0.334406187979216	0.00918894786867565	1.54438272191754	1.12706731932853e-09	TbID
MEK1AA	TNRC6A	TbID	no	stress_granule	-0.256675590551039	0.0266281389376729	1.17178844344228	1.88720690551401e-08	TbID
ERK2WT	TNRC6B	shared	yes	nucleolus	0.530545937550832	0.000856167750407021	1.10921452283691	2.57834343208963e-07	TbID
MEK2DD	TNRC6B	TbID	yes	nucleolus	-0.456484206829728	0.000873501698090002	0.908351648434819	2.37719745959952e-07	TbID
MEK2AA	TNRC6B	TbID	yes	nucleolus	-0.113520088873952	0.477287160958814	1.08660661133114	7.57561067098951e-08	TbID
MEK1AA	TNRC6C	TbID	no	cytosol	-0.138570915023343	0.530373515492335	0.920509192987587	3.20688811721466e-08	TbID
ERK2WT	TNRC6C	shared	no	cytosol	0.648910639605943	0.00159552065802902	1.21435833321204	7.4057250787408e-09	TbID
MEK1WT	TNRC6C	shared	no	cytosol	0.492873336812075	0.020116212904142	1.28333640826272	4.09567204279855e-10	TbID
MEK2DD	TNRC6C	TbID	no	cytosol	-0.21309454248291	0.161574595561469	1.29541399528977	3.70801675023594e-10	TbID
MEK2AA	TNRC6C	TbID	no	cytosol	0.0842113928524127	0.721656145021665	1.26854382591654	4.93582656575681e-10	TbID
NrasQ61R	TNS1	AP-MS	yes	NA	1.08888279396065	2.1250584334154e-05	NA	NA	AP-MS
HrasS17N	TNS1	AP-MS	yes	NA	1.45087828251389	1.53158470568822e-06	NA	NA	AP-MS
BrafV600E	TNS2	shared	yes	NA	1.22432028539706	2.28676725707253e-07	0.758591776962705	2.29807286881476e-05	AP-MS
Raf1S259F	TNS2	shared	yes	NA	1.17912957039986	5.98859350742506e-07	0.954684757796072	1.59590629712544e-06	AP-MS
MEK1DD	TNS2	shared	yes	NA	1.00945086096679	4.71362227362427e-06	0.750944127460661	3.54983757726703e-05	AP-MS
HrasS17N	TNS3	AP-MS	no	cytosol	1.2508853355578	8.95567785189976e-07	-0.0254211676254462	0.670044505775961	AP-MS
MEK2AA	TOB1	TbID	no	NA	NA	NA	1.09110319673808	1.30203237921721e-07	TbID
ERK2WT	TOB1	TbID	no	NA	NA	NA	1.23227925098486	2.87891556784063e-07	TbID
MEK1WT	TOB1	TbID	no	NA	NA	NA	1.02032077711428	3.11534974557756e-07	TbID
MEK2DD	TOB1	TbID	no	NA	NA	NA	1.01624911282035	2.59302647597763e-07	TbID
ERK2WT	TOB2	TbID	no	unclassified	-0.74067992885472	0.219328859279453	1.08867153636784	6.16022813280195e-08	TbID
MEK2AA	TOB2	TbID	no	unclassified	-1.21889585208135	0.0630285401993204	0.923164919568994	2.90173791503674e-08	TbID
ArafWT	TOMM34	shared	no	cytosol	1.46928462120543	0.0420566662676821	0.467863564469218	0.000216138518599306	AP-MS
Raf1WT	TOMM40	shared	yes	mitochondrion	1.84947204899492	4.18800417882453e-06	0.513567786597521	9.86634056777742e-06	AP-MS
Raf1D486A	TOMM40	shared	yes	mitochondrion	2.67455473499056	1.359814513768e-07	0.232013964147035	0.00274694074094561	AP-MS
Raf1S259F	TOMM40	shared	yes	mitochondrion	3.29271035148212	3.68789400257407e-07	0.490106201846798	1.19836853347244e-05	AP-MS
Raf1S257L	TOMM40	AP-MS	yes	mitochondrion	2.80502172431881	3.36535065044536e-08	-0.0228040881514959	0.755225030781932	AP-MS
Raf1S259F	TOMM40L	shared	no	NA	1.71240416698374	0.000137887191286136	0.620567244778133	3.21732600062104e-07	AP-MS
Raf1S257L	TOMM40L	shared	no	NA	1.24536334674886	0.000465834878051019	0.220059634266784	0.00255236716517772	AP-MS
ArafS214P	TOMM70	AP-MS	no	mitochondrion	1.57494633620539	2.67840596431494e-08	-0.160983335540169	0.0588193182931495	AP-MS
ArafWT	TOMM70	shared	no	mitochondrion	2.70971659367975	9.99657126278127e-12	0.3365598615134	0.000785621154105503	AP-MS
ArafD447A	TOMM70	AP-MS	no	mitochondrion	1.8272309372224	1.78097397171977e-10	0.0172899770311206	0.85438913387034	AP-MS
Raf1S257L	TOMM70	AP-MS	no	mitochondrion	1.22147665475032	1.06161091627168e-08	0.00645669147617208	0.939890284896622	AP-MS
MEK2DD	TOMM70	AP-MS	no	mitochondrion	1.18026749204675	4.1515126803379e-08	-0.319718631953855	0.00190963683330586	AP-MS
Raf1S259F	TOMM70	shared	no	mitochondrion	1.69537152967722	1.41201261584936e-07	0.39805893681814	0.000148687565769406	AP-MS
BrafG469A	TOR1B	TbID	no	ER	0.102468992899817	0.765115391379782	0.964447010323394	7.05342149198011e-09	Both
MEK2DD	TOR1B	shared	no	ER	1.20110758192764	0.00112854370915768	0.52020451396472	9.57642569982752e-06	Both
HrasS17N	TOX4	AP-MS	no	nucleus	1.06073711006145	9.66458721913746e-05	-0.908604156413707	1.32708292550617e-06	AP-MS
ArafWT	TP53	shared	yes	nucleus	0.340856042169836	0.00432215494441892	1.2124330065762	0.000661819661761008	TbID
KrasG12V	TP53	shared	yes	nucleus	0.229579999026733	0.0013861979824235	0.840029356917876	3.38280250640265e-06	TbID
HrasQ61R	TP53	TbID	yes	nucleus	0.214048013968974	0.0795864576726859	1.14856211476874	0.000924165078961352	TbID
Raf1D486A	TP53	TbID	yes	nucleus	0.203820162297945	0.0807174646649719	1.37604729805454	0.00013396478959194	TbID
KrasS17N	TP53	shared	yes	nucleus	0.289119500030466	0.00182751223601378	0.809161258624927	1.51757817118679e-07	TbID
MEK2AA	TP53BP2	TbID	no	plasma_membrane	-0.207453980216646	0.153933480572668	0.924557037446947	5.69690366799454e-09	TbID
MEK2DD	TP53BP2	TbID	no	plasma_membrane	-0.419945195678562	0.000823271136768329	1.03158816584879	1.28285677275941e-09	TbID
ERK2AA	TP73	TbID	yes	NA	-0.157112084759806	0.306003346475385	0.890032321848272	6.42134634147299e-08	TbID
ERK2WT	TP73	TbID	yes	NA	-0.178549491775908	0.339209207912724	0.89535627526805	5.83580110926893e-08	TbID
MEK2DD	TPD52L2	TbID	no	early_endosome	0.370219119370642	0.0719701247840006	1.01492034098515	1.10480693207783e-07	TbID
HrasQ61R	TPI1	TbID	yes	cytosol	-0.0417865270081209	0.880534809472404	1.12889698194266	2.48241115933068e-05	TbID
KrasS17N	TPM1	AP-MS	yes	cytosol	0.839870730933782	0.0333736773453873	NA	NA	Both
Raf1D486A	TPM1	TbID	yes	cytosol	NA	NA	0.908814191968082	2.87241097620233e-05	Both
KrasG12V	TPM1	AP-MS	yes	cytosol	0.994713947225039	0.00562982829920894	NA	NA	Both
KrasG12D	TPM1	AP-MS	yes	cytosol	0.873303219292687	0.0259371694342574	NA	NA	Both
ArafS214P	TPM4	TbID	no	cytosol	-0.0235048902182604	0.852111844485654	0.878858545323791	3.94131494923891e-06	TbID
HrasQ61R	TPM4	shared	no	cytosol	0.554139530227617	0.000688085586918103	0.826972604430967	1.55639867584048e-05	TbID
NrasS17N	TPRA1	AP-MS	no	trans-Golgi	2.24950990602549	0.0016926835864669	NA	NA	AP-MS
NrasWT	TPRA1	AP-MS	no	trans-Golgi	3.43649136361587	1.43052789971846e-06	NA	NA	AP-MS
NrasQ61R	TPRA1	AP-MS	no	trans-Golgi	2.53875682804368	0.00118236502035075	NA	NA	AP-MS
MEK2AA	TPRA1	AP-MS	no	trans-Golgi	2.38875388922452	7.00146334374049e-05	NA	NA	AP-MS
MEK2WT	TPRA1	AP-MS	no	trans-Golgi	1.8257429708733	0.000417212127873222	NA	NA	AP-MS
Raf1D486A	TPRKB	TbID	yes	cytosol	NA	NA	0.988052740995817	3.35711753034338e-05	TbID
MEK2AA	TPRN	TbID	yes	actin_cytoskeleton	0.0830279762436807	0.761416723284971	1.01891470168743	6.25063883915941e-09	TbID
MEK2DD	TPRN	TbID	yes	actin_cytoskeleton	-0.473067916523257	0.0208738011065746	0.992291233791064	9.74973128616957e-09	TbID
BrafG469A	TPT1	TbID	no	unclassified	0.330510809977155	0.163046075398374	1.01638698085713	1.14953666454948e-08	TbID
Raf1S259F	TPT1	shared	no	unclassified	0.453960123776176	0.0301363530087763	0.950514791349743	2.17400760173446e-09	TbID
HrasG13R	TPT1	shared	no	unclassified	0.992184739194073	0.000848932519903335	0.993278126230907	1.3312645728823e-08	TbID
BrafV600E	TPT1	shared	no	unclassified	0.694685768223881	0.00379781443947366	1.04591577285728	1.25194551242335e-09	TbID
Raf1S259F	TRAF4	shared	no	plasma_membrane	0.724298172686343	0.000117482031208335	0.865425945004484	6.02611174476736e-10	TbID
NrasWT	TRAF7	AP-MS	yes	plasma_membrane	1.71781807146215	2.32467131390367e-08	0.118472628871244	0.222761051260107	Both
KrasWT	TRAF7	shared	yes	plasma_membrane	2.32473526902322	3.1855836250172e-08	0.24853980454062	0.00132863512889873	Both
Raf1D486A	TRAF7	TbID	yes	plasma_membrane	-0.479477790425699	0.000291498259379122	1.22157271555177	5.91631626697274e-09	Both
HrasQ61R	TRAF7	TbID	yes	plasma_membrane	-0.346885121387543	0.00232945343845133	1.10262667807831	9.23400329295646e-07	Both
HrasWT	TRAF7	AP-MS	yes	plasma_membrane	3.45705421109293	3.21382438658115e-13	0.126665810543729	0.200220811205371	Both
ArafD447A	TRAK2	shared	no	NA	1.69496474818356	0.000551521096870464	0.787441090133689	0.000175430339162059	AP-MS
Raf1S257L	TRAK2	AP-MS	no	NA	1.28564397167996	0.00339454306589536	-0.277869358708621	0.0764799664504239	AP-MS
ArafWT	TRAK2	shared	no	NA	1.46523331217462	0.00150303508295483	0.786025596625126	0.000126635008556789	AP-MS
Raf1S259F	TRAK2	shared	no	NA	1.94404799234337	0.000275400640554305	0.691299097595164	0.00031333118924527	AP-MS
ArafS214P	TRAK2	shared	no	NA	1.75957173163622	0.000385868956439446	0.59719490859446	0.00113249979571461	AP-MS
ArafS214P	TRAPPC11	shared	yes	trans-Golgi	1.24787897626157	9.3079594111933e-07	0.441902075925703	4.95431867224927e-06	AP-MS
ArafWT	TRAPPC6B	AP-MS	yes	trans-Golgi	1.34533282899547	1.28494620464725e-06	0.101752645446673	0.232669275366553	AP-MS
ERK1WT	TRERF1	shared	no	NA	0.90093046119993	0.00430406687184042	0.956105827296197	7.07247157142426e-06	Both
ERK2AA	TRERF1	core	no	NA	1.0935422826625	0.000812739365770359	1.23884387970702	8.81924440925503e-07	Both
ERK2WT	TRERF1	shared	no	NA	0.995350742362586	0.00824717129488648	0.706699624784167	5.33582801183147e-05	Both
Raf1S257L	TRIB1	core	yes	NA	1.61327581806155	5.59960343883969e-05	2.85092081310566	2.89738156393717e-09	Both
BrafV600E	TRIB1	core	yes	NA	3.52695976538048	7.56696352374193e-08	3.767352824444	1.03051564411734e-10	Both
BrafG469A	TRIB1	core	yes	NA	2.00855396479101	1.66895813421047e-05	2.40991403495906	1.30687185699846e-08	Both
ArafS214P	TRIB1	core	yes	NA	1.16508179084925	0.000726432188498022	2.01438142820733	1.5186687707386e-07	Both
Raf1WT	TRIB1	TbID	yes	NA	0.308019592075198	0.3623903807626	1.57255342011798	1.48396458648938e-06	Both
MEK1DD	TRIB1	core	yes	NA	2.95827745988296	1.08816553907304e-06	3.0520388647289	1.26410920405589e-09	Both
ERK1AA	TRIB1	shared	yes	NA	0.956341319460648	0.00500832666167965	1.48319313850923	4.98893280938083e-06	Both
Raf1S259F	TRIB1	shared	yes	NA	0.92633607698977	0.00415830662082607	1.8363354590233	3.10369150530462e-07	Both
MEK2DD	TRIB1	core	yes	NA	1.64609891619559	0.000191476068433259	1.97099009775427	9.45632053553102e-08	Both
HrasS17N	TRIB1	AP-MS	yes	NA	1.25237358662909	0.000382491301009441	0.27889222732343	0.411941215412512	Both
BrafG469A	TRIB3	shared	yes	NA	1.95184733288834	3.15136394333387e-08	0.730061687919779	0.000558293132621052	Both
Raf1D486A	TRIB3	AP-MS	yes	NA	1.2407930478442	2.91615962506823e-06	0.350992472888809	0.0588560282878524	Both
BrafV600E	TRIB3	AP-MS	yes	NA	1.33802455231875	1.80185704969446e-06	0.333630084430772	0.0513857174314337	Both
MEK1DD	TRIB3	shared	yes	NA	1.72918120233166	1.18177658311309e-07	0.62909142192403	0.00186426879728704	Both
BrafWT	TRIB3	TbID	yes	NA	-0.0468788110406895	0.814189811519862	0.890502232258316	0.00045514235654525	Both
MEK2DD	TRIB3	shared	yes	NA	1.57822078686732	1.3877666913181e-07	0.404339195840952	0.0232697094569757	Both
HrasS17N	TRIM14	shared	no	early_endosome	0.624781601919519	0.00069672504634333	0.893825143307683	6.45832294765412e-07	TbID
MEK1WT	TRIM26	TbID	no	unclassified	0.176691561977268	0.488947059279135	1.06092594084469	4.29417426351383e-09	TbID
MEK2DD	TRIM26	TbID	no	unclassified	-0.170379795120835	0.298621667757818	1.01018143402413	1.12352558207712e-08	TbID
MEK2AA	TRIM26	TbID	no	unclassified	0.046731993748716	0.870266925732781	1.0453297099154	1.43590499168557e-08	TbID
HrasS17N	TRIM27	TbID	no	ERGIC	-0.0702985057628062	0.522862382539479	0.926635252219922	2.87933304396202e-05	TbID
Raf1S259F	TRIM27	shared	no	ERGIC	0.576764058599314	0.00107744596084826	0.988736905474314	2.52255415324894e-05	TbID
ArafWT	TRIM27	shared	no	ERGIC	0.231695868203288	0.0345556155748974	1.0251686391088	4.38368278320137e-05	TbID
ArafWT	TRIM37	AP-MS	yes	cytosol	1.41350786526141	2.79738076682859e-06	-0.317349131160751	0.0258409680204446	AP-MS
ArafD447A	TRIM37	AP-MS	yes	cytosol	1.34860430728875	4.62233034808354e-06	-0.0328784405962334	0.814111773481585	AP-MS
ArafS214P	TRIM37	AP-MS	yes	cytosol	1.53904269343949	2.45355837517764e-06	-0.00482199560123485	0.972376515886459	AP-MS
Raf1S257L	TRIM37	AP-MS	yes	cytosol	1.41927272869105	2.8081322454434e-06	-0.301607417173489	0.0277459649001508	AP-MS
Raf1S259F	TRIM37	AP-MS	yes	cytosol	1.22142597384484	7.29805382593709e-05	-0.941942838902501	0.00203779936085931	AP-MS
Raf1D486A	TRIM41	TbID	no	unclassified	0.147393771266176	0.463902110722941	0.88361382650607	4.62084737185767e-08	TbID
Raf1S259F	TRIM44	AP-MS	yes	cytosol	1.39777619760227	0.0456397470224392	NA	NA	AP-MS
MEK2DD	TRIM5	TbID	yes	cytosol	0.107461022554472	0.365326692967353	0.88175395394298	3.3119812519654e-08	TbID
MEK2DD	TRIM62	shared	no	NA	1.06089795391538	0.00278634900330167	0.69304305383251	6.07828485857523e-06	AP-MS
ERK2WT	TRIP12	TbID	yes	unclassified	-0.0182224888293092	0.952636262578987	1.26811040450035	1.31376646562809e-10	TbID
MEK2DD	TROAP	TbID	no	nucleus	-0.0569259275405091	0.649623572643129	1.01631265098723	6.30944705173736e-09	TbID
ERK2WT	TRPS1	shared	yes	nucleus	0.910454377757757	0.0014363818475047	1.45779836461968	1.18548804598788e-10	TbID
ERK1DD	TRPS1	TbID	yes	nucleus	0.367327305020154	0.129990479856832	0.888101776280402	1.29781144091046e-08	TbID
ERK1WT	TRPS1	shared	yes	nucleus	0.714631871023084	0.00779722136179412	1.15979740781804	1.73556311125449e-09	TbID
ArafWT	TSC22D3	AP-MS	no	cytosol	1.66263391309696	0.000287739477745217	0.318176369396087	0.389482305202867	AP-MS
Raf1S259F	TSPAN15	TbID	no	NA	NA	NA	0.972077511622057	0.0410561600578663	TbID
Raf1S257L	TSPYL1	core	yes	translation	1.2411730645758	5.4071026701142e-07	0.841027421660375	2.88679027698856e-08	Both
Raf1S259F	TSPYL2	shared	no	NA	2.02364274809312	1.54891885034977e-06	0.242547659322835	0.0456646103028385	AP-MS
ArafS214P	TSPYL2	AP-MS	no	NA	2.14068757844554	5.66861572921189e-07	0.121451588907702	0.325679829978814	AP-MS
ArafWT	TSPYL2	AP-MS	no	NA	1.89612590371861	1.06752504528378e-06	-0.0731548112855082	0.550295780220437	AP-MS
Raf1S257L	TSPYL2	AP-MS	no	NA	1.98321476602697	3.93582297520327e-07	0.123734969769224	0.281600606564183	AP-MS
ArafD447A	TTC1	core	no	ER	2.02886169311039	6.29169070535415e-10	1.26760473184637	4.80568616685074e-10	Both
Raf1D486A	TTC1	shared	no	ER	1.02034406363361	2.20177075028697e-06	0.896217252226518	1.40121907112142e-08	Both
ArafWT	TTC1	core	no	ER	2.0612180085284	8.03325444564933e-10	1.25675537186231	2.10195738590869e-09	Both
ArafS214P	TTC1	shared	no	ER	1.2557365585469	2.49139535583918e-06	0.784820474356166	3.30589616867102e-07	Both
MEK2DD	TTC1	shared	no	ER	0.636174259308529	9.46872179649795e-05	1.11527698591028	1.14559548292675e-09	Both
Raf1S259F	TTC13	shared	no	ER	0.593062311806084	2.05843766705141e-05	0.854709335531305	1.0673252930327e-09	TbID
HrasG13R	TTC14	shared	no	nucleus	1.11654029203674	0.0377317690606513	0.394416222543725	6.73669103602311e-06	AP-MS
BrafV600E	TTC27	TbID	no	cytosol	-0.828039053231761	0.000833307171119524	0.919939798525669	5.5540867551454e-08	TbID
ArafD447A	TTC38	shared	no	cytosol	1.38716703511497	5.74923147671723e-06	0.359588675838459	0.00388346847645587	AP-MS
KrasG12V	TTC39B	TbID	no	NA	NA	NA	1.193800276816	0.00107719617983866	TbID
KrasWT	TTC39B	TbID	no	NA	NA	NA	1.10317250678094	0.00171469777344084	TbID
KrasS17N	TTC39B	TbID	no	NA	NA	NA	1.17843571211232	0.000455399100800307	TbID
KrasG12D	TTC39B	TbID	no	NA	NA	NA	1.18281873897046	0.000708508148418447	TbID
MEK2DD	TTC39C	shared	no	cytosol	1.85977442059992	0.0151141684810022	0.421479364727542	1.98876023837059e-06	AP-MS
Raf1S259F	TTC4	shared	no	cytosol	2.98312631810767	3.1629196528087e-08	0.82444984028818	8.27186803808026e-08	Both
Raf1WT	TTC4	shared	no	cytosol	2.26944991756146	1.6612189163353e-09	0.413011589006536	2.39864847359988e-05	Both
Raf1D486A	TTC4	core	no	cytosol	2.87398101246953	5.53670154718101e-10	1.16118614841251	9.49690809230973e-10	Both
Raf1S257L	TTC4	shared	no	cytosol	2.76369491465136	8.10811597189871e-11	0.763056847004621	2.04115067074101e-07	Both
BrafV600E	TTC4	shared	no	cytosol	1.92388323523742	3.49636239405336e-08	0.155835036987795	0.0319804471690624	Both
ArafD447A	TTC4	core	no	cytosol	4.01015990174734	1.10326781145343e-11	1.67749801215447	5.21474516323289e-11	Both
ArafWT	TTC4	core	no	cytosol	4.18765480211969	2.15502108059757e-12	1.55834486099628	1.53392990666442e-10	Both
MEK2DD	TTC4	shared	no	cytosol	0.502415682760384	0.00140518278950994	0.922401743424783	1.12659105838742e-08	Both
ArafS214P	TTC4	core	no	cytosol	2.9632910406745	9.26779598782175e-09	0.936585387421556	1.99657437815552e-08	Both
HrasS17N	TTC9	AP-MS	no	NA	1.11928328241325	2.36849015909592e-06	NA	NA	AP-MS
ArafD447A	TTC9C	core	no	cytosol	2.93928010694584	4.8045874015673e-11	1.61883492921137	1.95493309303719e-10	Both
Raf1S259F	TTC9C	shared	no	cytosol	1.52402904696062	3.28863202922805e-07	0.576530900705317	4.52307532771888e-06	Both
Raf1WT	TTC9C	shared	no	cytosol	1.16681222661389	1.64814164295358e-06	0.466458632784235	3.46260597200499e-05	Both
ArafWT	TTC9C	core	no	cytosol	3.32788711283525	2.06084437274387e-11	1.6884270333069	8.80077641508627e-11	Both
Raf1D486A	TTC9C	core	no	cytosol	1.61434594286322	4.04941692497917e-08	1.08337416008546	9.83246604628867e-09	Both
Raf1S257L	TTC9C	shared	no	cytosol	1.40271106867694	3.95607661543555e-07	0.751796420344216	1.32762704545864e-06	Both
ArafS214P	TTC9C	shared	no	cytosol	1.88798064068254	5.03846816441737e-07	0.641026019125647	3.47496333785452e-06	Both
MEK2DD	TTK	TbID	yes	nucleus	0.0955743552832981	0.345748266049738	1.13983553301045	3.74072444204368e-10	TbID
MEK2AA	TTK	TbID	yes	nucleus	0.0614701211455473	0.666931239473184	1.0728078432898	3.31112967140188e-10	TbID
MEK1WT	TTK	TbID	yes	nucleus	0.0651573023388415	0.664016223929668	0.871161623532502	4.30369949424415e-09	TbID
KrasS17N	TTL	TbID	no	cytosol	NA	NA	1.04032885242442	0.023317572888554	TbID
KrasG12V	TTL	TbID	no	cytosol	NA	NA	0.985246669535015	0.0368030183980571	TbID
KrasG12D	TTL	TbID	no	cytosol	NA	NA	1.12646327906168	0.0187976235105845	TbID
ERK2WT	TTLL4	shared	no	cytosol	0.530494730534511	0.000755397785906269	0.8722762938334	1.57835145982023e-07	TbID
MEK2DD	TTLL4	TbID	no	cytosol	-0.0386999197318365	0.760000027640212	1.08452649909791	5.18020999596185e-10	TbID
MEK1WT	TTLL4	TbID	no	cytosol	0.0732846727945068	0.73986075697764	1.04304053901495	4.5667536382774e-10	TbID
MEK2DD	TTPAL	TbID	no	cytosol	NA	NA	1.51613600244499	5.06073137428404e-09	TbID
MEK2DD	TUBA3E	AP-MS	no	NA	1.08305121612296	8.17097900362949e-05	NA	NA	AP-MS
MEK2DD	TUBA4A	shared	yes	cytosol	1.19888387994903	0.0047560213754932	0.762176088409596	2.32279460754093e-05	AP-MS
BrafV600E	TUBB3	shared	yes	cytosol	0.456739779274062	0.00793005110605334	0.978212701035256	1.50320468191179e-08	TbID
ArafD447A	TUBG1	shared	yes	unclassified	0.888936617490373	3.27155419651748e-07	0.870465034219635	1.20683984700328e-08	Both
ERK1WT	TUBG1	shared	yes	unclassified	1.76396050031677	2.90806286938788e-09	0.242163536863134	0.00298462372702062	Both
ArafS214P	TUBG1	shared	yes	unclassified	1.22252654942332	2.69994307443045e-06	0.548717303718644	4.40656656242475e-06	Both
ERK2WT	TUBG1	shared	yes	unclassified	1.92536179189639	2.8979545450555e-10	0.193816345176698	0.0397057206535028	Both
BrafV600E	TUBG1	TbID	yes	unclassified	0.00681353617117359	0.957466763731703	0.883089580403297	1.08863503120001e-08	Both
ERK2WT	TUBG2	AP-MS	no	NA	2.14783884337109	6.12906803147541e-09	-0.867765532462412	0.027158616350478	Both
ERK1WT	TUBG2	AP-MS	no	NA	1.54507888939982	1.68527114668165e-06	-0.765642122787355	0.0805374224849642	Both
KrasS17N	TUBG2	TbID	no	NA	NA	NA	1.39791027717033	0.0309021105420678	Both
ArafS214P	TUBG2	AP-MS	no	NA	1.48069495301731	1.66715942337536e-06	-0.356023335127176	0.377324027548873	Both
Raf1WT	TUBGCP2	TbID	yes	unclassified	0.194093026408878	0.173638446119371	0.84548262829401	5.20829838099698e-08	Both
ERK1WT	TUBGCP2	shared	yes	unclassified	2.42824735450395	2.44205806120872e-09	0.340928306275927	0.000949472767266907	Both
BrafV600E	TUBGCP2	TbID	yes	unclassified	-0.182809777082127	0.180170837356012	0.864225303964122	3.9239729958844e-08	Both
ERK2WT	TUBGCP2	shared	yes	unclassified	2.3767002161737	9.75461013383546e-10	0.371561567476813	0.00088978258211775	Both
ArafD447A	TUBGCP2	shared	yes	unclassified	0.711142994051455	4.79538018541478e-05	0.981149200948208	1.87139713855007e-08	Both
BrafV600E	TUBGCP3	shared	no	unclassified	0.672570967464254	2.63876462227133e-05	0.987921554801117	2.19568647174021e-09	Both
ArafS214P	TUBGCP3	shared	no	unclassified	1.43360984228087	8.16456525424417e-07	0.434549689995878	3.44397944188475e-05	Both
ERK2WT	TUBGCP3	shared	no	unclassified	2.4729784081765	5.63911680371138e-11	0.256021899694807	0.015690349496135	Both
ArafD447A	TUBGCP3	core	no	unclassified	1.40464136386224	6.24243745819209e-09	0.982433167897952	1.71830510088183e-09	Both
ERK1WT	TUBGCP3	shared	no	unclassified	2.2572833054714	4.77605806345211e-10	0.293376911458367	0.00103343730933581	Both
ArafWT	TUBGCP3	shared	no	unclassified	1.39439253104515	1.13107761249143e-08	0.693376133323451	9.10834273358068e-08	Both
ERK1WT	TUBGCP4	AP-MS	no	unclassified	1.08302194051633	5.40257434282627e-06	0.0950948672059956	0.180309427019713	AP-MS
ERK2WT	TUBGCP4	AP-MS	no	unclassified	1.18702738281794	7.09760272375029e-07	0.0621035754358586	0.531721750725792	AP-MS
ERK1WT	TUBGCP5	shared	no	actin_cytoskeleton	1.0908372895913	1.03867940644827e-05	0.271717373293976	0.000801682063599627	AP-MS
ERK2WT	TUBGCP5	AP-MS	no	actin_cytoskeleton	1.17170255100477	3.40562183214932e-06	0.0647966648742803	0.365679205006974	AP-MS
ArafD447A	TUBGCP6	shared	yes	actin_cytoskeleton	1.54048811633663	4.11591083393125e-10	0.793943977790157	1.06587576022223e-06	AP-MS
Raf1S257L	TUBGCP6	shared	yes	actin_cytoskeleton	1.50815952496141	4.49530044566109e-10	0.519235362156622	6.3254635791331e-05	AP-MS
ArafWT	TUBGCP6	shared	yes	actin_cytoskeleton	1.64527318201846	1.43029449504668e-10	0.47830394244307	0.000111112271641969	AP-MS
Raf1S259F	TUBGCP6	shared	yes	actin_cytoskeleton	1.24644775693887	3.35665219253634e-06	0.387775719272699	0.000403864682269365	AP-MS
ArafS214P	TUBGCP6	shared	yes	actin_cytoskeleton	1.7594535988267	5.78566810966889e-08	0.419607850670018	0.000267160698202174	AP-MS
ERK2WT	TUBGCP6	AP-MS	yes	actin_cytoskeleton	2.11466608923187	1.50191624236581e-10	0.173106478319089	0.0804766343907442	AP-MS
ERK1WT	TUBGCP6	shared	yes	actin_cytoskeleton	2.05913026461882	9.38406818420481e-10	0.272887923455943	0.00798358173070172	AP-MS
BrafV600E	TUG1	TbID	no	NA	0.0689294468336372	0.822530650600781	1.86331512279199	9.04686003266419e-10	Both
NrasQ61K	TUG1	TbID	no	NA	-0.145376583968262	0.607727371268492	0.97057990511287	2.7599904085871e-06	Both
Raf1D486A	TUG1	TbID	no	NA	-0.912836301323239	0.00206521553054695	1.60776549244973	1.74101715306507e-08	Both
BrafG469A	TUG1	TbID	no	NA	-0.206239709759095	0.396357575757107	1.94186197582789	2.04427008611981e-10	Both
ERK2AA	TUG1	TbID	no	NA	-0.275505332976472	0.248938410538378	1.27619749423712	1.07327664301966e-07	Both
ArafD447A	TUG1	TbID	no	NA	-0.582390088768492	0.025317222153936	1.28906706111084	1.36852659103686e-07	Both
BrafD594N	TUG1	TbID	no	NA	-0.518572811254287	0.0572808123697406	1.08709624838551	2.01808066335255e-06	Both
MEK1WT	TUG1	TbID	no	NA	-0.318221746919895	0.397780416125173	0.895324421475149	3.91272000574721e-06	Both
Raf1S259F	TUG1	TbID	no	NA	0.339844329128312	0.186463237922265	1.58609767710372	5.88920937456385e-09	Both
MEK1DD	TUG1	TbID	no	NA	0.119748176628305	0.654040221415287	1.22437892598938	2.46577996969668e-08	Both
MEK1AA	TUG1	TbID	no	NA	-0.405011788557543	0.172216901560659	0.926731748489893	1.87382944165642e-06	Both
ERK2DD	TUG1	TbID	no	NA	-0.959725032374919	0.00167398483335091	1.01349810274513	1.55733846466977e-06	Both
NrasS17N	TUG1	TbID	no	NA	-0.55985667568717	0.0972979160058817	1.00942025924083	1.97698073266167e-06	Both
ArafS214P	TUG1	TbID	no	NA	-0.0740738868642847	0.792162115383012	1.52425118508181	5.88970432642459e-09	Both
MEK2WT	TUG1	TbID	no	NA	-0.340074062287118	0.30577217083029	0.926843412248323	1.21465285787394e-06	Both
Raf1WT	TUG1	TbID	no	NA	-0.33898309687663	0.209816445213275	1.16931419739346	2.2528345645119e-07	Both
MEK2DD	TUG1	core	no	NA	1.00893738596142	0.00064275370381297	1.17574339199838	5.66291554172687e-08	Both
BrafWT	TUG1	TbID	no	NA	-0.362000718938078	0.168064620913636	1.24487972397271	1.19934428219993e-07	Both
Raf1S257L	TUG1	TbID	no	NA	0.0246332904604334	0.941393703276011	1.21883841519897	2.66036056962923e-05	Both
MEK2DD	TUSC2	shared	no	NA	0.839360941892697	0.00421194730683332	1.00144404457637	5.77331479467983e-06	TbID
BrafG469A	TUSC3	TbID	yes	NA	0.344662235766006	0.521649015325555	1.03910911485961	7.08035031628034e-09	Both
KrasWT	TUSC3	TbID	yes	NA	NA	NA	0.892643986244432	4.3178414318652e-05	Both
MEK1AA	TUSC3	shared	yes	NA	2.24357329461265	0.00627738469077298	0.180838664905823	0.026541642549119	Both
NrasQ61R	TUT4	shared	no	unclassified	1.12066501642166	9.06701379178028e-06	0.471167172265228	1.70871032309845e-06	AP-MS
MEK2DD	TUT7	shared	no	translation	0.425310632940474	0.0299766069326968	0.912862781560285	4.68179639948502e-09	TbID
HrasS17N	TWNK	shared	yes	mitochondrion	0.199327228925604	0.0458521348172431	0.89812475751685	3.87648004931234e-07	TbID
Raf1S259F	TWNK	shared	yes	mitochondrion	0.648400701433304	0.00019877727823831	0.991299205434207	9.70664933363642e-07	TbID
Raf1S257L	TWNK	shared	yes	mitochondrion	1.00837457127163	7.13399888081048e-08	1.12952714199947	5.30466254179369e-08	TbID
BrafV600E	TWNK	shared	yes	mitochondrion	0.424626945190646	0.000830518709464215	0.888655768515097	3.13130769234974e-06	TbID
NrasWT	TWNK	TbID	yes	mitochondrion	-0.00947181720939978	0.95219411947146	0.83439275261788	8.52764087078209e-06	TbID
BrafD594N	TWNK	shared	yes	mitochondrion	0.499864298487459	0.000277362789910313	1.04801001293611	2.01203300795651e-07	TbID
MEK1WT	TXLNA	TbID	no	stress_granule	0.19085011622742	0.470261657585297	0.929828180468669	1.41913710968955e-08	TbID
MEK2AA	TXLNA	TbID	no	stress_granule	0.0230630696102542	0.943060304884908	0.916651095335113	1.73098067338445e-08	TbID
MEK2WT	TXLNB	AP-MS	no	NA	1.59803641198014	0.0487222557186826	NA	NA	AP-MS
MEK1WT	TXLNG	TbID	no	stress_granule	0.345861958873474	0.0788002139691815	0.87614130540774	1.08310722508876e-08	TbID
ArafD447A	TXNDC11	TbID	no	ER	-0.0405718439152572	0.967468654159431	0.862493786844078	1.15843012234853e-06	Both
MEK2DD	TXNDC11	shared	no	ER	1.84421323256438	0.0124780026427817	0.329376978202298	0.00530264325917378	Both
NrasS17N	TXNDC5	AP-MS	no	ER	1.24630872972708	3.51313770770688e-05	-0.189113457415985	0.0137532441657615	AP-MS
HrasS17N	TXNDC5	AP-MS	no	ER	1.30642327254951	3.3738340869831e-06	0.00134821356173857	0.985447604736544	AP-MS
MEK2DD	TXNDC9	TbID	no	cytosol	0.325697351750789	0.348583553973827	0.928033245989454	2.47307740291403e-08	TbID
NrasQ61R	TXNIP	shared	yes	NA	1.85390731292463	6.87086113557953e-05	0.431147862476657	0.0133907189155832	AP-MS
KrasG12D	TXNL1	AP-MS	no	proteasome	0.880834925943883	3.83165193411615e-06	0.0347886671207114	0.686912325700706	AP-MS
KrasS17N	TXNL1	AP-MS	no	proteasome	0.834715141779375	1.41580081499403e-05	-0.125425033231723	0.158643040367492	AP-MS
KrasG12V	TXNL1	AP-MS	no	proteasome	0.901545516506545	1.06104059521255e-06	-0.018311385824795	0.815105932999376	AP-MS
KrasWT	TXNL1	AP-MS	no	proteasome	0.795641630801393	3.34657829761455e-05	-0.087236418137115	0.319421085858444	AP-MS
HrasG13R	U2AF1	TbID	yes	nucleus	0.68938120824189	0.173399008998406	0.989741349474398	8.13405892557325e-06	TbID
Raf1S257L	U2AF1	TbID	yes	nucleus	0.235017554249284	0.608102991525284	1.09951897387518	7.56371503798619e-07	TbID
Raf1D486A	U2AF1	TbID	yes	nucleus	0.448627130027072	0.388246438024023	1.02871328829228	3.85847848780826e-06	TbID
HrasG13R	U2AF2	TbID	yes	nucleus	0.509006329642721	0.395192717796118	1.01234647176845	7.06313756717478e-06	TbID
NrasQ61R	UBAC2	shared	no	ER	1.00580040692413	0.000465818182812854	0.352292706053285	0.000282306392341439	Both
HrasS17N	UBAC2	TbID	no	ER	-0.303175609789033	0.141787979120618	0.830780700546937	7.15620199857035e-09	Both
ERK2AA	UBAC2	shared	no	ER	0.48297176855006	0.0300394840081323	0.843969879572505	1.31635544396329e-07	Both
Raf1S257L	UBAC2	TbID	no	ER	0.0774665445602493	0.741123479734419	0.859206691004181	1.28980600391269e-08	Both
HrasG13R	UBAC2	TbID	no	ER	0.0929930180371801	0.741431522718687	1.07566271612513	6.34779972684226e-09	Both
ArafD447A	UBAC2	TbID	no	ER	-0.346375294215911	0.111087995523475	1.13217763912839	1.22479805675615e-09	Both
Raf1D486A	UBAC2	TbID	no	ER	-0.55762488981684	0.0130129484491286	1.01832549889019	1.46924713217359e-08	Both
MEK2DD	UBALD2	TbID	no	NA	NA	NA	0.940401642012584	1.41087968075241e-05	TbID
MEK2AA	UBAP2	TbID	no	stress_granule	-0.129240764609835	0.401073464355017	0.959426507143156	5.92021826324206e-08	TbID
ERK2WT	UBAP2	TbID	no	stress_granule	0.247018479839812	0.0673158523796027	0.842749881874157	5.889518239173e-07	TbID
MEK1WT	UBAP2	TbID	no	stress_granule	0.0114388725964073	0.958058442763101	0.921169287110978	7.43556482193549e-08	TbID
MEK2DD	UBAP2	TbID	no	stress_granule	-0.267054871760185	0.0335404259376042	1.35296010940063	1.57374419376762e-09	TbID
MEK1WT	UBAP2L	TbID	no	stress_granule	0.21936689517897	0.065659877590628	0.895080796265651	3.56322679273649e-07	TbID
MEK2AA	UBAP2L	TbID	no	stress_granule	-0.00412989808143242	0.981531291406639	0.887443617489329	7.28481723273262e-07	TbID
Raf1D486A	UBE2A	TbID	yes	unclassified	0.121081704765952	0.503806341907418	1.08456587948881	2.13277648145797e-06	TbID
BrafV600E	UBE2D1	TbID	no	cytosol	0.0713661856496892	0.921364621833465	1.00583219287065	4.26406707002529e-06	Both
MEK1AA	UBE2D1	shared	no	cytosol	1.66863143816087	0.0138669430849612	0.416758756546776	0.00676447678365374	Both
Raf1S259F	UBE2D1	shared	no	cytosol	1.53476037981166	0.00556137139819281	0.571039039120772	0.000782461928115019	Both
MEK1DD	UBE2D1	shared	no	cytosol	1.46156069601596	0.0114781788458001	0.796783079857447	0.000184685362597978	Both
MEK2DD	UBE2D1	core	no	cytosol	2.80618501219519	8.61356443276698e-05	0.905530794240039	7.13650561206216e-06	Both
BrafG469A	UBE2D1	TbID	no	cytosol	-0.296190116994753	0.635128366678685	0.998746488834716	1.99695673497833e-06	Both
MEK2DD	UBE2J1	shared	no	ER	1.44524420723184	2.6970091342425e-05	0.842802399491169	3.58069086352426e-08	AP-MS
MEK1AA	UBE2N	AP-MS	no	cytosol	1.13729157812056	0.00050155015005958	-0.159131050834922	0.0105343934790031	AP-MS
KrasG12V	UBE2R2	AP-MS	no	cytosol	2.54957350754609	9.40428817065636e-09	NA	NA	AP-MS
KrasG12D	UBE2R2	AP-MS	no	cytosol	2.53893002634503	2.64517310118482e-08	NA	NA	AP-MS
KrasWT	UBE2R2	AP-MS	no	cytosol	2.35332473172794	3.53781458662744e-07	NA	NA	AP-MS
KrasS17N	UBE2R2	AP-MS	no	cytosol	2.53046944504943	1.8398562362215e-07	NA	NA	AP-MS
BrafG469A	UBE2S	TbID	no	unclassified	0.129624289421932	0.899241178622119	1.24330129900708	6.07427927965426e-10	TbID
MEK2DD	UBE2S	TbID	no	unclassified	-0.206093462615192	0.813945502040986	0.890002428352464	2.70525874767121e-08	TbID
BrafV600E	UBE2S	TbID	no	unclassified	0.0382807133198092	0.976049229357702	1.16209870823038	6.52277575042207e-09	TbID
MEK1DD	UBE2S	TbID	no	unclassified	1.7932964224666	0.0567229683365402	1.32901431140978	7.12526356437886e-10	TbID
Raf1S259F	UBE2S	TbID	no	unclassified	0.646685960846121	0.586887313393534	0.961357283933778	1.40231131113445e-08	TbID
ArafWT	UBE4A	AP-MS	no	ER	2.74951652315305	7.55826038581145e-12	0.0853821139929944	0.210037447973848	AP-MS
ArafS214P	UBE4A	shared	no	ER	2.64408660309041	1.60643771287605e-08	0.502571646301656	1.82482011175524e-06	AP-MS
ArafD447A	UBE4A	AP-MS	no	ER	2.29456813048143	5.00756867037886e-11	-0.0364042360302132	0.568162844826302	AP-MS
BrafG469A	UBIAD1	TbID	yes	Golgi	-1.04751574987745	0.000196105727211554	1.23130772190657	8.78149365750418e-09	TbID
ArafD447A	UBIAD1	TbID	yes	Golgi	-1.96513334442944	6.31240237652895e-07	0.844888095083138	1.60120994591646e-07	TbID
Raf1WT	UBIAD1	TbID	yes	Golgi	-1.30996947641552	5.46870499485666e-05	0.844082191779137	9.85695704287308e-08	TbID
Raf1S257L	UBIAD1	TbID	yes	Golgi	-1.50526034560536	6.01650613641623e-06	0.989984788574162	3.4630867334456e-08	TbID
BrafV600E	UBIAD1	TbID	yes	Golgi	-0.826472545412409	0.00243733187746403	1.11492934719472	2.90389313391144e-08	TbID
ArafD447A	UBL4A	AP-MS	no	early_endosome	1.18724534943664	2.33858960090468e-07	-0.468131129184608	0.000101113091473626	AP-MS
ERK1AA	UBL5	TbID	no	nucleus	-0.545287766993406	0.0347841561495807	0.967902511799569	5.75424263685665e-07	TbID
BrafD594N	UBL5	TbID	no	nucleus	-0.253372323669438	0.279012879972549	1.08327218273574	5.86366018235752e-08	TbID
HrasG13R	UBL5	TbID	no	nucleus	0.165803399354494	0.555132775429174	0.904114533647886	2.64648394821418e-06	TbID
BrafG469A	UBL5	TbID	no	nucleus	-0.245880483757968	0.241805890912738	1.10704334982434	2.6453345872251e-08	TbID
HrasQ61R	UBL5	TbID	no	nucleus	-0.105065219874784	0.676963600722857	0.979574295470022	1.27238944362267e-06	TbID
Raf1WT	UBL5	TbID	no	nucleus	-0.521648274312171	0.0166383756859497	1.13162850805337	1.85568451770297e-08	TbID
BrafV600E	UBL5	TbID	no	nucleus	-0.395784298205495	0.0676067180471728	1.22977194157673	1.09206429455695e-08	TbID
Raf1D486A	UBL5	TbID	no	nucleus	-0.425357704241125	0.0341023297911367	0.968117487555088	1.53051282571126e-07	TbID
MEK1WT	UBL5	TbID	no	nucleus	-0.325667810872082	0.211017489252639	0.885674708785126	2.48106809534487e-07	TbID
NrasWT	UBL5	TbID	no	nucleus	-0.695636003794795	0.00311115085524189	0.949820484126165	8.84407128997067e-07	TbID
ArafS214P	UBL5	TbID	no	nucleus	-0.492312787615853	0.0537712128288465	0.999764879535864	7.07165656653923e-08	TbID
ERK2DD	UBL5	TbID	no	nucleus	-0.315421918168464	0.167464088526093	1.14328631834374	9.45094809546095e-08	TbID
ArafD447A	UBL5	TbID	no	nucleus	-0.416474207063199	0.0301717118757205	1.31710111311654	5.0495366590014e-09	TbID
MEK2AA	UBL5	TbID	no	nucleus	0.0274844979491053	0.9550492460038	0.872029143650507	1.81978268896724e-07	TbID
ArafWT	UBL5	TbID	no	nucleus	-1.0521752815519	0.000106849505916957	0.847871127187595	5.77787790230456e-07	TbID
BrafWT	UBL5	TbID	no	nucleus	-0.227094730795943	0.276860058951889	1.33571703427439	1.37497273190403e-08	TbID
ERK2WT	UBL5	TbID	no	nucleus	-0.232309771494623	0.327222895700051	0.905056397264216	5.60320062436432e-07	TbID
KrasWT	UBP1	shared	no	ER	1.41373202630117	0.0239130617936508	0.164850341397528	0.0330293287230607	AP-MS
KrasG12V	UBP1	AP-MS	no	ER	1.20654564263147	0.028801248411601	0.123291965573154	0.193778237223086	AP-MS
KrasS17N	UBP1	AP-MS	no	ER	1.28206902339097	0.0339795653204082	0.141508932343129	0.0527298501204548	AP-MS
KrasG12D	UBP1	AP-MS	no	ER	1.19661360613849	0.0351222277626621	0.064662854391484	0.490390771917023	AP-MS
Raf1D486A	UBQLN1	TbID	no	cytosol	NA	NA	1.05954881618844	3.43921809179251e-07	TbID
Raf1D486A	UBQLN2	TbID	yes	proteasome	0.0317678921243546	0.935626331678128	1.01365929044646	0.000251200951435348	TbID
ArafD447A	UBR4	shared	no	cytosol	1.1764598393957	2.15749843996577e-08	0.275205346089817	0.000804132573975877	AP-MS
ArafS214P	UBR4	shared	no	cytosol	1.23973869713543	6.58289563658131e-07	0.19936178331134	0.00507946217996687	AP-MS
Raf1S257L	UBR5	AP-MS	no	unclassified	2.43291600082816	1.32219881584036e-10	-0.346015733081321	7.72639553148425e-05	AP-MS
ERK2WT	UBR5	shared	no	unclassified	1.45515497571232	4.64618312542518e-08	0.362440400106914	0.000126459836141107	AP-MS
ArafD447A	UBR5	AP-MS	no	unclassified	1.36778874368127	3.25639532478489e-08	-0.740473144594759	1.2183583371124e-07	AP-MS
ArafS214P	UBR5	AP-MS	no	unclassified	2.37503411531204	1.66867848749346e-08	-0.49309450448321	3.35685014451381e-06	AP-MS
Raf1S259F	UBR5	AP-MS	no	unclassified	2.40491157460062	3.51596450406467e-08	-0.293372590447332	0.000136101772598837	AP-MS
Raf1D486A	UBR5	AP-MS	no	unclassified	1.23136019859016	1.45756368899541e-07	-0.673844557929525	1.82879827718573e-07	AP-MS
Raf1WT	UBR5	AP-MS	no	unclassified	1.75269084454704	2.99853980130875e-09	-0.635388014198207	1.12551061373959e-07	AP-MS
ArafWT	UBR5	AP-MS	no	unclassified	1.65536581829994	4.72953764007847e-09	-0.438570296971825	2.56510521186806e-05	AP-MS
KrasG12V	UBTD1	TbID	no	NA	-0.277115530600621	0.0119041569479631	0.826913366815631	0.00195107294382632	TbID
KrasWT	UBTD1	TbID	no	NA	-0.137540046958591	0.266139262960918	1.03381013029817	0.000395294685809555	TbID
KrasS17N	UBTD1	TbID	no	NA	-0.288602287736825	0.0849248263572679	0.866286223988533	0.000759644960723331	TbID
KrasG12D	UBTD1	TbID	no	NA	-0.15774644028051	0.130954708284341	0.774400862450262	0.00358692838991457	TbID
ArafWT	UBXN4	AP-MS	no	ER	1.21144950718387	0.00053015508560281	-0.287012978332633	0.00247696453953774	AP-MS
KrasG12D	UBXN7	AP-MS	no	unclassified	1.0469447293177	1.08118022863961e-07	-0.413002090525378	3.58787347673984e-05	AP-MS
KrasWT	UBXN7	AP-MS	no	unclassified	1.04905678097447	2.12020747814381e-06	-0.356485104473059	0.000142115257704097	AP-MS
KrasS17N	UBXN7	AP-MS	no	unclassified	1.06906678043521	7.15648383295599e-07	-0.310431226180578	0.00030246251640898	AP-MS
KrasG12V	UBXN7	AP-MS	no	unclassified	1.11372093530668	1.19544362151584e-08	-0.438390980185718	1.43859608230203e-05	AP-MS
MEK2AA	UBXN8	TbID	no	ER	0.0751338059207876	0.815614505576812	1.1533768848795	5.58198126594474e-09	TbID
ArafS214P	UBXN8	TbID	no	ER	-1.14740439971095	4.74735316474495e-05	0.912988529655743	8.77761082216654e-08	TbID
MEK2DD	UBXN8	shared	no	ER	0.972161939639306	0.000174735599538932	1.5944965080142	1.95104466447703e-10	TbID
MEK1WT	UBXN8	TbID	no	ER	-0.182778333953717	0.524267820149431	0.938312726006619	1.13064648691348e-06	TbID
HrasQ61R	UCHL1	TbID	yes	cytosol	0.200538951432361	0.340209970799851	0.853518771340889	6.27432709103227e-08	TbID
ERK2DD	UCHL3	TbID	no	cytosol	-0.318923379652341	0.56802251037098	2.59433482194779	1.1620444545128e-12	TbID
ERK1AA	UCHL3	TbID	no	cytosol	-1.08089309141063	0.043242893105254	2.04682428014394	1.3360592467077e-10	TbID
ERK1WT	UCHL3	TbID	no	cytosol	0.0930949021516701	0.710059571039408	2.31590164621153	1.84900527736824e-12	TbID
HrasG13R	UCHL3	TbID	no	cytosol	0.212760399252828	0.333866179681629	1.0152891696708	2.67123745670847e-08	TbID
ERK1DD	UCHL3	TbID	no	cytosol	-0.470209354458055	0.0416574266018994	1.97266034145662	1.23751004041836e-11	TbID
ERK2WT	UCHL3	TbID	no	cytosol	0.203284362205272	0.395468396119611	2.30971241126408	7.28268966489905e-12	TbID
ERK2AA	UCHL3	TbID	no	cytosol	-0.262944419963829	0.617065618087514	2.18413051972381	4.82625949103141e-12	TbID
Raf1S257L	UCK2	TbID	no	cytosol	-0.0977619810199963	0.551021990799025	1.05819640440193	2.68976682739164e-08	TbID
Raf1S259F	UCK2	TbID	no	cytosol	-0.00919350049792138	0.965709601813557	1.19301581032677	1.78801635159167e-09	TbID
Raf1WT	UCK2	TbID	no	cytosol	-0.0416056615976406	0.828396309958487	1.0252050668198	9.00307834807678e-10	TbID
MEK1DD	UCK2	TbID	no	cytosol	0.138575535506223	0.360443295746669	1.08676380988926	1.88681657247169e-09	TbID
ArafWT	UCK2	TbID	no	cytosol	0.0437034382011214	0.76523123928816	1.07609116159203	6.57786844618587e-09	TbID
MEK2DD	UFD1	TbID	yes	NA	-0.00493921214763661	0.970040964461279	1.14340078059409	1.520369355215e-10	TbID
Raf1D486A	UGCG	TbID	no	NA	0.179958842949833	0.393099449881582	0.842983551360777	1.06908439539736e-08	TbID
BrafV600E	UGDH	shared	yes	cytosol	0.457557897977658	0.00101358933323559	0.951207206764276	3.41819822649357e-08	TbID
BrafG469A	UGDH	shared	yes	cytosol	0.405606891806937	0.00174466101213529	0.998059936487295	3.95283215601314e-09	TbID
BrafV600E	UGGT2	shared	no	ER	2.66570054565137	2.04514418211333e-10	0.462530684915541	7.46203428577285e-07	AP-MS
BrafG469A	UGGT2	shared	no	ER	1.38904183412918	2.37715582660932e-08	0.409159581764124	8.26027746724689e-06	AP-MS
ArafS214P	UGGT2	shared	no	ER	1.24481350491415	1.77967490541352e-06	0.289261405653098	9.4070561698692e-05	AP-MS
MEK2DD	UGGT2	AP-MS	no	ER	1.16014412501666	9.49187990795669e-08	0.0686916288334217	0.228749911493437	AP-MS
BrafD594N	UGGT2	AP-MS	no	ER	1.68731194425855	4.05280410493602e-09	0.000934844071485392	0.986983957013173	AP-MS
BrafG469A	UGT8	TbID	no	ER	0.397554809900612	0.131104355822156	0.862750854771498	2.68519192554324e-08	TbID
KrasG12V	UHRF1	shared	yes	nucleus	0.215469025603518	0.00057008907259343	0.822792357969735	2.30449765757789e-07	TbID
KrasS17N	ULBP1	TbID	no	NA	NA	NA	0.863786961289727	0.00291105468383147	TbID
BrafV600E	ULBP2	TbID	no	plasma_membrane	NA	NA	1.08324216749084	2.21115613078893e-06	TbID
Raf1S259F	ULBP2	TbID	no	plasma_membrane	NA	NA	1.05637226312382	2.07782027121486e-06	TbID
BrafG469A	ULBP2	TbID	no	plasma_membrane	NA	NA	1.42566752456804	6.41210316880186e-07	TbID
MEK2AA	UNC13A	AP-MS	yes	NA	2.18612689821437	0.00768747602813464	NA	NA	AP-MS
BrafV600E	UNC13A	AP-MS	yes	NA	2.67680500781611	0.00464652226115785	NA	NA	AP-MS
ArafWT	UNC45A	shared	no	cytosol	2.13548290198966	1.50730615480161e-09	0.631321689045306	4.08881395522811e-06	AP-MS
ArafD447A	UNC45A	shared	no	cytosol	1.54782510373448	1.12825033193108e-07	0.684063626684456	8.75349960766422e-07	AP-MS
BrafV600E	UPP1	core	no	unclassified	2.45261003463603	1.26340479679193e-09	1.5652493498977	3.8085440018911e-11	Both
Raf1S259F	UPP1	core	no	unclassified	1.51050830702149	7.37619447155115e-07	1.21195698269301	5.61394240274768e-10	Both
MEK2DD	UPP1	core	no	unclassified	1.74027409048819	4.51826110319154e-08	1.18545154816789	2.01254441832512e-09	Both
MEK1DD	UPP1	core	no	unclassified	2.11075744149508	5.41023206719261e-09	1.4361467358879	1.25766914524524e-10	Both
BrafG469A	UPP1	core	no	unclassified	2.79215551869767	3.32336144013673e-10	1.56762555920641	4.98185640140524e-11	Both
KrasWT	UQCRFS1P1	TbID	no	NA	NA	NA	0.785711990494015	2.46258947088692e-06	TbID
Raf1S259F	URI1	AP-MS	no	unclassified	2.66755458259434	6.66400684697501e-08	-0.0988128485609924	0.128170410957174	Both
ArafWT	URI1	core	no	unclassified	4.52611472475074	2.0827031900993e-13	1.08883607037249	9.09195042684444e-10	Both
ArafD447A	URI1	core	no	unclassified	3.86406470955569	9.04022517706022e-13	0.863943104384607	2.14681205801307e-08	Both
Raf1S257L	URI1	AP-MS	no	unclassified	2.51258634621828	5.27173962076533e-11	-0.395328773749047	0.000102666902167704	Both
Raf1D486A	URI1	shared	no	unclassified	3.01306664428308	3.01063524411441e-12	0.526832455728578	2.01312495719275e-06	Both
ArafS214P	URI1	shared	no	unclassified	2.78789590752103	9.68682485752678e-09	0.313855252971683	0.000743095321516963	Both
Raf1WT	URI1	AP-MS	no	unclassified	1.76472811724468	6.20549527280179e-09	-0.13890113025648	0.0372658507719592	Both
BrafD594N	UROD	TbID	yes	cytosol	NA	NA	0.954249069889006	1.19375988814084e-06	TbID
BrafV600E	UROD	TbID	yes	cytosol	NA	NA	0.897589975582263	4.76219238382497e-06	TbID
Raf1D486A	USP11	shared	no	cytosol	1.27887772459835	1.66139100592915e-08	0.41322833488297	1.62116717922217e-06	AP-MS
MEK2DD	USP11	shared	no	cytosol	1.10377806280667	1.10357663523535e-07	0.520726642217417	5.70455208284515e-08	AP-MS
Raf1S257L	USP11	shared	no	cytosol	1.57311093579549	6.7359650878157e-10	0.278708881990709	4.06199354683264e-05	AP-MS
ArafS214P	USP11	shared	no	cytosol	1.89659702708077	2.28220027099431e-07	0.547289269479237	1.53576169753937e-07	AP-MS
Raf1S259F	USP11	shared	no	cytosol	2.04024813533741	1.14683761967444e-07	0.774248060568097	1.17858597851378e-09	AP-MS
KrasG12D	USP15	AP-MS	no	proteasome	0.730053516142629	2.87211502234122e-07	-0.808221904298952	1.18641534148887e-07	Both
MEK2DD	USP15	shared	no	proteasome	0.337970073735269	0.00190534712490157	0.938226719120048	7.18150631756107e-09	Both
MEK1WT	USP16	TbID	no	nucleolus	-0.0725477485501448	0.934078733133831	0.958847910774177	4.86656453758487e-09	TbID
MEK2DD	USP16	TbID	no	nucleolus	-0.617614791930979	0.141244415829375	0.967279563424619	4.62905146459603e-09	TbID
MEK2AA	USP16	TbID	no	nucleolus	-0.246434120204819	0.700719282549019	1.12953277202962	8.32647110896887e-10	TbID
BrafV600E	USP17L5;USP17L15;USP17L11;USP17L22;USP17L17;USP17L19;USP17L20;USP17L24	AP-MS	no	NA	1.28752841575703	0.00836204730780417	NA	NA	AP-MS
BrafG469A	USP17L5;USP17L15;USP17L11;USP17L22;USP17L17;USP17L19;USP17L20;USP17L24	AP-MS	no	NA	1.54915780531479	0.00242666315072558	NA	NA	AP-MS
MEK2DD	USP17L5;USP17L15;USP17L11;USP17L22;USP17L17;USP17L19;USP17L20;USP17L24	AP-MS	no	NA	1.74947160235834	0.000855570661855151	NA	NA	AP-MS
MEK1DD	USP17L5;USP17L15;USP17L11;USP17L22;USP17L17;USP17L19;USP17L20;USP17L24	AP-MS	no	NA	1.36458437812053	0.00673327277945527	NA	NA	AP-MS
BrafG469A	USP17L7	AP-MS	no	NA	2.34807113556868	1.75270208620635e-05	NA	NA	AP-MS
Raf1S259F	USP17L7	AP-MS	no	NA	2.29929698811734	1.30207587488053e-05	NA	NA	AP-MS
BrafV600E	USP17L7	AP-MS	no	NA	2.87521810792188	1.25196197218701e-06	NA	NA	AP-MS
MEK1DD	USP17L7	AP-MS	no	NA	2.65132445604712	5.40997338512944e-06	NA	NA	AP-MS
MEK2DD	USP17L7	AP-MS	no	NA	3.01501747757296	7.63526177319552e-07	NA	NA	AP-MS
ArafS214P	USP19	shared	no	ER	1.27054738551627	4.03891811763871e-06	0.534841038155707	2.19037225226825e-08	AP-MS
ArafWT	USP19	shared	no	ER	2.22991254702058	1.15441202284275e-10	0.705087948677867	7.64345237409276e-10	AP-MS
ArafD447A	USP19	shared	no	ER	2.17766068764114	1.61561031749844e-10	0.817350456597931	3.96168521698601e-10	AP-MS
BrafG469A	USP2	TbID	no	NA	NA	NA	1.18415281217777	6.91402361582686e-05	TbID
Raf1S259F	USP2	TbID	no	NA	NA	NA	1.11512000690304	7.15757417318508e-05	TbID
ERK2WT	USP24	AP-MS	no	cytosol	2.7225700395815	5.80661300348138e-11	-0.0815362007258778	0.243565501556398	AP-MS
KrasG12V	USP25	AP-MS	no	cytosol	1.89486083219744	2.60075345981965e-06	-0.436896903368413	0.32485537628855	AP-MS
KrasWT	USP25	AP-MS	no	cytosol	1.54347823305716	0.000123644844072828	0.348693239090801	0.1688122272589	AP-MS
KrasG12D	USP25	AP-MS	no	cytosol	1.35060744111898	0.0235119640031155	-0.840200687206835	0.048419070426658	AP-MS
MEK2DD	USP33	core	no	ER	1.0727086507794	4.78365925111704e-06	0.908982301278735	1.07950941200073e-10	Both
Raf1S257L	USP34	shared	no	cytosol	1.69172739789515	6.70953863673992e-09	0.261122577340717	2.03782536181425e-05	AP-MS
ArafD447A	USP34	shared	no	cytosol	1.48024414000589	5.51856035492575e-09	0.199923711329632	0.000985201924082066	AP-MS
ArafWT	USP34	AP-MS	no	cytosol	1.65925410459205	1.79810714540514e-09	0.0499253623630771	0.244566745217222	AP-MS
ArafS214P	USP34	AP-MS	no	cytosol	2.45523734050165	1.66354843871839e-08	0.0857909108605837	0.0618422976435231	AP-MS
Raf1S259F	USP34	shared	no	cytosol	1.70007129069861	4.87201079095732e-08	0.258540380472858	1.47676485707637e-05	AP-MS
ERK1DD	USP4	AP-MS	no	cytosol	1.34523492278578	4.08853447191732e-06	0.0883180265809702	0.0911175960520273	AP-MS
HrasS17N	USP43	shared	no	NA	1.10311819515118	3.3738340869831e-06	0.249751081177852	0.000591595068322247	AP-MS
NrasQ61R	USP43	shared	no	NA	1.17525793045811	4.96471524121822e-06	0.210149903478878	0.00469557385978887	AP-MS
ERK2WT	USP47	shared	no	cytosol	1.55923124936209	2.34436619740394e-06	0.344158352121064	0.000137300978799735	AP-MS
HrasG13R	USP47	AP-MS	no	cytosol	1.0817650492433	0.000438172041236821	0.0601393215415052	0.356943475843685	AP-MS
KrasG12V	USP47	AP-MS	no	cytosol	1.10581692224354	1.00810996359597e-08	-0.534470008051183	4.8143566633847e-06	AP-MS
ArafS214P	USP47	AP-MS	no	cytosol	1.26106426611345	8.07596157533946e-06	-0.241487833089723	0.00144287253054998	AP-MS
KrasG12D	USP47	AP-MS	no	cytosol	1.05568884359637	5.71057715099767e-08	-0.495960888806117	7.63589167175756e-06	AP-MS
KrasS17N	USP47	AP-MS	no	cytosol	0.877323364316766	8.41917568841196e-07	-0.550949335478064	7.09572564086173e-07	AP-MS
KrasWT	USP47	AP-MS	no	cytosol	0.978913211159824	1.73597074194006e-06	-0.624858202849005	1.23785522694733e-06	AP-MS
BrafD594N	USP6NL	TbID	no	plasma_membrane	0.723273258421307	0.239402382636416	0.940067760532687	8.36272192662945e-08	Both
HrasG13R	USP6NL	shared	no	plasma_membrane	1.28855693340148	0.0454146118132573	0.420415955683681	0.00042351848943349	Both
KrasG12V	USP7	AP-MS	yes	nucleus	2.17384492602987	3.57771016499724e-11	-0.265300024101171	5.77892281627062e-05	AP-MS
KrasG12D	USP7	AP-MS	yes	nucleus	2.32972511986986	8.92026303192737e-10	-0.254641138481681	0.000198018078582739	AP-MS
KrasS17N	USP7	AP-MS	yes	nucleus	2.38630874578553	6.7360486807936e-09	-0.204474786537332	8.9253896214839e-05	AP-MS
KrasWT	USP7	AP-MS	yes	nucleus	2.26038425989424	1.70859447616254e-09	-0.501225012963735	1.50213633330618e-06	AP-MS
HrasG13R	USP7	AP-MS	yes	nucleus	1.15878248620068	0.00110931062205032	-0.197667322773341	0.00386923495266416	AP-MS
MEK1WT	USP9X	shared	yes	cytosol	1.08143965050352	2.79966510570288e-06	0.270182971864671	0.00308267071516589	AP-MS
ArafWT	USP9X	shared	yes	cytosol	1.68840485543263	6.52474760361529e-10	0.413701893659402	0.000105821172071993	AP-MS
Raf1S259F	USP9X	shared	yes	cytosol	2.08817954702399	1.74462538985116e-07	0.445610167226119	2.74794351604212e-05	AP-MS
ArafD447A	USP9X	shared	yes	cytosol	1.42079299918469	5.63912612490315e-09	0.352379744268924	0.0009773660670457	AP-MS
Raf1WT	USP9X	shared	yes	cytosol	1.35422886052483	1.79135564168894e-08	0.594148987124489	1.85193502979971e-06	AP-MS
ArafS214P	USP9X	shared	yes	cytosol	2.36140093677766	6.85754472147162e-08	0.492666797632878	1.24488399102074e-05	AP-MS
Raf1S257L	USP9X	shared	yes	cytosol	2.30921293283725	4.50384335142123e-11	0.48574134559355	1.69533910025827e-05	AP-MS
Raf1D486A	USP9X	shared	yes	cytosol	1.56034540880627	5.50141037751075e-09	0.310610048463679	0.00079200652567712	AP-MS
MEK1AA	USP9X	shared	yes	cytosol	1.22315516045273	6.53321935170428e-06	0.159214121376872	0.0447389206656748	AP-MS
Raf1D486A	USP9Y	AP-MS	no	NA	1.33979021695905	0.000816037655218686	0.146848020538943	0.239358536276532	AP-MS
MEK1WT	USP9Y	AP-MS	no	NA	1.17503933622863	0.00861935698834115	-0.190271843601714	0.193615820018515	AP-MS
ArafD447A	USP9Y	AP-MS	no	NA	1.63356958438022	0.000198571874908554	0.319213225792005	0.0861741773123795	AP-MS
ArafWT	USP9Y	AP-MS	no	NA	2.36868826399493	4.86598668648922e-06	0.24727863169942	0.0647983010063931	AP-MS
Raf1S259F	USP9Y	AP-MS	no	NA	2.04505301200136	4.7897521000048e-05	0.240749151573141	0.0528929028939815	AP-MS
MEK1AA	USP9Y	AP-MS	no	NA	1.34949757911711	0.00375186867648293	-0.204277750744474	0.104503561343475	AP-MS
ArafS214P	USP9Y	shared	no	NA	2.66214112573719	8.71620216177637e-06	0.523722874257609	0.000621501408010495	AP-MS
Raf1S257L	USP9Y	AP-MS	no	NA	2.19648235724164	1.6906884184431e-05	0.149471578407629	0.291600960452906	AP-MS
ERK2WT	USPL1	shared	no	nucleus	1.62331972494123	0.00175584127159455	0.365300585937609	0.0184303095575792	AP-MS
Raf1S259F	UST	TbID	no	NA	0.167092497694649	0.498971537984576	1.06745842651224	9.88844013601209e-06	TbID
HrasS17N	UTF1	TbID	no	NA	NA	NA	1.51351669482949	6.14522671590402e-05	TbID
Raf1S259F	UTF1	TbID	no	NA	NA	NA	0.896784200879914	0.00633712366999796	TbID
BrafG469A	UTP6	TbID	no	nucleolus	-0.0155214726654197	0.905779839497349	0.961305372564376	2.38694295429784e-09	TbID
BrafV600E	UTP6	TbID	no	nucleolus	-0.0256231928587779	0.832663300453529	0.85855165756597	1.3384702815443e-08	TbID
Raf1S257L	UTP6	shared	no	nucleolus	0.349456119043954	0.00174519780869657	1.00742807596824	5.05622451921976e-09	TbID
BrafWT	UTP6	TbID	no	nucleolus	0.142892413035188	0.179476246631561	0.855278593861015	2.55196560674511e-07	TbID
Raf1S257L	UXT	AP-MS	no	translation	2.20232501267241	8.79762210204145e-09	0.112373665058124	0.175580890727159	Both
Raf1D486A	UXT	shared	no	translation	2.65722335821238	7.4100986899216e-10	0.824202482961458	2.11854403588283e-07	Both
ArafS214P	UXT	shared	no	translation	2.56106798022505	5.18872135527336e-08	0.532884882269794	9.11259667912892e-06	Both
Raf1S259F	UXT	shared	no	translation	2.64259001490805	5.64021153950971e-08	0.630296909330798	1.35216443222313e-06	Both
ArafWT	UXT	core	no	translation	4.5848552120079	1.71544270344758e-12	1.45748274633843	4.90520687096046e-10	Both
Raf1WT	UXT	shared	no	translation	1.47540985831067	5.85013186269883e-07	0.314051145117251	0.000942619475704701	Both
ArafD447A	UXT	core	no	translation	3.66450660330089	1.30735356458811e-11	1.10341170251299	9.76348021494158e-09	Both
MEK2WT	VAMP1	TbID	yes	NA	NA	NA	0.906146556370813	0.000304858932756937	TbID
MEK2DD	VAMP1	TbID	yes	NA	NA	NA	1.06176283230811	4.29387700952714e-05	TbID
BrafD594N	VAMP8	AP-MS	no	recycling_endosome	1.36492555304152	0.000245733005780334	-0.0506906341771909	0.589632313842185	AP-MS
BrafV600E	VAMP8	AP-MS	no	recycling_endosome	1.23943078598686	0.00022892658510195	0.0601136363154409	0.465739655919113	AP-MS
NrasQ61R	VANGL2	TbID	yes	plasma_membrane	NA	NA	0.941934140324883	2.91041146006324e-07	TbID
MEK2DD	VASP	shared	no	actin_cytoskeleton	0.9742896432348	8.63924311326688e-07	1.64788907591544	3.50665466210803e-12	TbID
ArafWT	VCAN	TbID	yes	unclassified	0.41500354775829	0.0941680041584459	1.44347054808573	2.00906931207475e-10	Both
KrasS17N	VCAN	TbID	yes	unclassified	0.0893266275520066	0.13177425292844	0.860797368464253	1.89788249857758e-07	Both
KrasG12V	VCAN	TbID	yes	unclassified	0.0725850045529377	0.147155682831944	0.930964142790353	1.12384973183418e-06	Both
BrafWT	VCAN	shared	yes	unclassified	1.35937941717807	0.000238647397361857	0.338361030541048	0.000709836437398345	Both
KrasWT	VCAN	shared	yes	unclassified	0.141083245931528	0.0220597185339792	0.818127162631324	7.58798586441835e-07	Both
KrasG12D	VCAN	shared	yes	unclassified	0.160178108456583	0.0132549103919975	0.899950184191685	2.83521376481494e-05	Both
HrasQ61R	VCAN	AP-MS	yes	unclassified	1.14933364713863	0.000610586143489801	-0.0384587332289844	0.632113165854003	Both
NrasQ61K	VCAN	shared	yes	unclassified	1.10071994189176	0.000877805320792858	0.445018994519578	3.49726745533972e-05	Both
NrasQ61R	VCAN	shared	yes	unclassified	0.589880597449144	0.0378089030699278	1.46215727340582	6.63819834830712e-10	Both
MEK2DD	VCL	shared	yes	cytosol	0.57707752631816	0.0210822225699544	1.13310758863873	3.59064042580433e-10	TbID
MEK2DD	VDAC1	AP-MS	no	mitochondrion	1.1026181627625	8.2568319218478e-06	-0.113648861963422	0.100689543056276	AP-MS
BrafG469A	VEGFA	TbID	yes	NA	NA	NA	1.21600892875487	0.00714733086608929	TbID
BrafG469A	VGF	TbID	yes	NA	0.425145861008782	0.187502922387016	1.20183540486489	0.00521576654688946	Both
ERK1AA	VGF	TbID	yes	NA	0.305091249244526	0.445890837954519	0.952869086972141	0.0295855818989304	Both
NrasQ61R	VGF	TbID	yes	NA	0.0737893412437671	0.842212844697296	0.977773332233411	0.0255623984286656	Both
Raf1S259F	VGF	core	yes	NA	1.65884166076734	3.95852452988294e-05	1.95448298876998	0.000125015096940699	Both
MEK1DD	VGF	TbID	yes	NA	-0.269898264474746	0.447820801733461	1.19189150611851	0.0072495010070515	Both
BrafV600E	VGF	TbID	yes	NA	0.327295332634245	0.285425203801918	1.69661510852261	0.000477801802120246	Both
Raf1S257L	VGF	TbID	yes	NA	0.0416570627286755	0.924996566433389	0.929669695858845	0.0247813045490587	Both
MEK2DD	VGF	core	yes	NA	1.38079853457416	0.00029355735402163	1.36475849693323	0.00258770960645535	Both
NrasQ61R	VKORC1L1	AP-MS	no	NA	1.56711696538003	0.000149152315789273	0.0272432131542415	0.804618542306605	AP-MS
MEK2DD	VMP1	AP-MS	no	ER	1.3287995457211	0.0262344221443821	0.0639662372220092	0.502639084380379	Both
BrafG469A	VMP1	TbID	no	ER	-0.522580539116873	0.394759649384879	0.841182660482873	1.34604124289394e-08	Both
Raf1S257L	VPS18	shared	no	lysosome	1.25489985594783	1.81606600841367e-08	0.310838901601008	0.00354892819683978	AP-MS
Raf1D486A	VPS26A	TbID	yes	early_endosome	0.0134087862244872	0.935692738951317	0.936815492419043	2.58788468858634e-08	TbID
Raf1S257L	VPS36	shared	no	unclassified	1.23519431943468	7.64953879116448e-05	0.315568426006511	8.57979106265444e-05	AP-MS
HrasG13R	VPS72	shared	no	nucleus	0.519053769581264	0.000831197663827351	0.797541739695198	4.43096073296428e-06	TbID
HrasQ61R	VPS72	shared	no	nucleus	0.449165600805819	0.00107981990256875	0.826830106705187	2.7728168742516e-05	TbID
BrafG469A	VRK1	TbID	yes	nucleus	-0.0286160973141394	0.971034807181439	0.924893136733008	8.73394818517103e-07	TbID
BrafV600E	VRK1	TbID	yes	nucleus	-0.0192803648302201	0.983101883446591	1.04167765044632	1.72038890234915e-07	TbID
Raf1D486A	VRK2	TbID	yes	ER	-0.0418658006081043	0.724762524336106	1.04808100977467	5.81456710717772e-08	TbID
BrafG469A	VRK2	TbID	yes	ER	-0.194125609717707	0.105730790438802	0.910968739727216	1.21330562798398e-07	TbID
BrafD594N	VTI1B	AP-MS	no	early_endosome	1.42411811666952	6.8694524575667e-08	0.0285552985462196	0.717863426152049	AP-MS
Raf1S259F	VWA5B2	AP-MS	no	NA	1.23594232664237	0.000722279195467748	NA	NA	AP-MS
Raf1S257L	VWA5B2	AP-MS	no	NA	1.19625391061363	0.000691124153327678	NA	NA	AP-MS
ERK1WT	WASH3P	TbID	no	early_endosome	NA	NA	1.00945920944014	6.7658690294504e-08	TbID
ERK1DD	WASH3P	TbID	no	early_endosome	NA	NA	1.2717134663841	2.75789481354185e-09	TbID
ERK1DD	WASH6P	TbID	no	NA	NA	NA	1.32638901287347	3.52301476488213e-08	TbID
ERK1WT	WASH6P	TbID	no	NA	NA	NA	0.984408805127395	4.06752419915941e-07	TbID
MEK1AA	WASHC2A	TbID	no	early_endosome	0.0296172038912032	0.926184114137412	0.88927364970915	4.7221294011237e-08	TbID
MEK2AA	WASHC2A	TbID	no	early_endosome	-0.0484829174865877	0.886817980348084	0.993057438288087	7.45239848434296e-09	TbID
ArafWT	WDR11	shared	yes	trans-Golgi	1.69795216628844	3.27604022519506e-08	0.160503819545343	0.00298446273245765	AP-MS
MEK1DD	WDR33	AP-MS	no	nucleus	0.991375647657155	4.3396972417967e-06	-0.573549291132277	2.42662625678647e-06	AP-MS
MEK1AA	WDR37	shared	yes	14-3-3_scaffold	0.422089198341526	0.0333609332410497	0.884957518911322	2.66689339995977e-07	TbID
MEK2AA	WDR37	TbID	yes	14-3-3_scaffold	0.404300438425551	0.0573893613375829	0.897702049589702	7.69941618569038e-08	TbID
MEK2DD	WDR45	shared	yes	cytosol	0.578540687469513	0.00114744585827165	0.894808052932217	4.20025763245786e-08	TbID
Raf1WT	WDR6	core	no	plasma_membrane	3.01121311498582	5.73220939080577e-11	0.869155608175194	5.34436289342597e-09	Both
Raf1S257L	WDR6	core	no	plasma_membrane	3.30411321837492	1.20125648421013e-11	1.278136255287	3.71141725228552e-10	Both
ArafS214P	WDR6	core	no	plasma_membrane	2.92112934923099	4.27829158342536e-09	1.6397767830916	1.55091502113111e-11	Both
Raf1S259F	WDR6	core	no	plasma_membrane	4.28295731569485	1.26215195295973e-08	1.47213604210642	3.93795147258845e-11	Both
ArafD447A	WDR6	core	no	plasma_membrane	2.64877386617053	1.31318761464602e-10	1.51960434363218	3.87677930871248e-11	Both
BrafD594N	WDR6	shared	no	plasma_membrane	1.7329068004332	1.39086877372563e-07	0.548983839249109	2.4590977368297e-06	Both
BrafV600E	WDR6	shared	no	plasma_membrane	3.07797538742536	1.07302955637039e-10	0.148259572565817	0.024800906217126	Both
Raf1D486A	WDR6	core	no	plasma_membrane	2.25893826820757	3.55223001224671e-09	1.12139312895164	4.97925437650852e-10	Both
ArafWT	WDR6	core	no	plasma_membrane	2.39026998378281	6.19293933173076e-10	1.35742006032282	2.09599755840581e-10	Both
MEK2WT	WDR7	TbID	no	early_endosome	0.250270149826827	0.132207458867378	1.2490556165632	1.18724862479135e-10	TbID
MEK2AA	WDR7	TbID	no	early_endosome	0.209765850141457	0.198003301849154	1.32296102135643	1.53851263904432e-10	TbID
BrafWT	WDR87	AP-MS	no	NA	2.24677770568859	0.00846346225296854	NA	NA	AP-MS
BrafG469A	WDR87	AP-MS	no	NA	1.83464967144544	0.0174103049470102	NA	NA	AP-MS
ERK1DD	WDR87	AP-MS	no	NA	1.89625324827944	0.017035896616143	NA	NA	AP-MS
MEK1AA	WDR87	AP-MS	no	NA	2.12917530729891	0.0186384567453267	NA	NA	AP-MS
ArafWT	WDR87	AP-MS	no	NA	3.27291893135293	0.000290708338912949	NA	NA	AP-MS
MEK2DD	WDTC1	AP-MS	no	cytosol	1.19746247710766	3.1939292360677e-07	0.108049436726959	0.0938816101350782	AP-MS
Raf1WT	WDTC1	shared	no	cytosol	1.41582790029152	5.8148738816298e-08	0.166814931309081	0.0147625747223212	AP-MS
Raf1S259F	WDTC1	shared	no	cytosol	1.53276559723474	2.15341497459474e-06	0.396917879523452	1.5561116184437e-05	AP-MS
ArafWT	WDTC1	shared	no	cytosol	1.83996175196249	3.02362677926626e-09	0.366536759268063	3.4719729098994e-05	AP-MS
Raf1D486A	WDTC1	shared	no	cytosol	1.19811045807302	4.30195969163145e-07	0.188766923245506	0.00930490318709968	AP-MS
ArafD447A	WDTC1	shared	no	cytosol	1.37024659755404	4.31217277902398e-08	0.249508618021426	0.00152945031902403	AP-MS
MEK2DD	WIPF2	TbID	no	actin_cytoskeleton	-0.541630390104572	0.0275563175330838	1.05270037346707	1.65989203829113e-08	TbID
KrasS17N	WNT11	TbID	no	NA	NA	NA	0.79082099574978	0.00348224991799515	Both
NrasQ61R	WNT11	AP-MS	no	NA	1.1115508650101	0.0138447124084283	0.148220618440333	0.127141674847526	Both
KrasG12D	WNT11	TbID	no	NA	NA	NA	0.796605652896174	0.00381220707388577	Both
ArafWT	WNT11	shared	no	NA	1.22133953113574	0.00625422860751804	0.397409343989221	0.000425245788424294	Both
KrasG12V	WNT11	TbID	no	NA	NA	NA	0.906637917435087	0.00303503870328164	Both
HrasS17N	WNT3A	TbID	no	NA	NA	NA	0.944248591156784	5.56652305057959e-06	TbID
ERK2WT	WRNIP1	AP-MS	no	cytosol	1.33507103802601	7.09760272375029e-07	-0.348416770542207	0.000738979706585163	AP-MS
ArafD447A	WSB1	TbID	no	NA	0.296790683043663	0.137162818840495	0.864347558283661	0.00024245887172127	TbID
BrafWT	WSB1	TbID	no	NA	-0.33820239950958	0.132169377351192	0.844329403762902	0.000888542286215527	TbID
MEK2AA	WSB1	TbID	no	NA	0.429557827444241	0.320833737285982	1.02271326873342	4.04669741289531e-05	TbID
BrafG469A	WSB2	shared	no	NA	0.870304109883061	0.00192704155507631	1.56678048283653	1.23739609223978e-08	Both
MEK2DD	WSB2	core	no	NA	1.07732079356706	0.000209151206032635	2.28486038592764	1.07950941200073e-10	Both
MEK1DD	WSB2	core	no	NA	0.992154391712563	0.000425919996434732	1.753178931566	1.90129220616701e-09	Both
BrafV600E	WSB2	TbID	no	NA	0.395847965053684	0.0810116833282961	1.09132840803797	1.88398910379304e-07	Both
Raf1S259F	WSB2	shared	no	NA	1.07051658797624	0.000149144235459984	0.99879031453752	4.60120187779528e-07	Both
Raf1S259F	WT1	shared	yes	NA	1.26119062381663	0.000183663218693287	0.412247518904537	0.00229343087773941	AP-MS
MEK1WT	WWTR1	TbID	yes	NA	-0.49815689986868	0.129097262377101	1.73887676645347	6.3178737134412e-10	TbID
ERK2AA	WWTR1	shared	yes	NA	0.762066392976318	0.00342290774556885	1.46046495018153	1.07327664301966e-07	TbID
MEK2DD	WWTR1	TbID	yes	NA	-0.634144228203162	0.0279338342004523	1.73250129935994	2.82145610955405e-09	TbID
MEK2WT	WWTR1	TbID	yes	NA	-0.6956606034966	0.0347666655941757	1.07304112957234	2.48737758828683e-07	TbID
MEK1AA	WWTR1	TbID	yes	NA	-0.199123138410093	0.518597805545891	1.37659890664886	1.57753670942695e-08	TbID
MEK2AA	WWTR1	TbID	yes	NA	-0.482109637489719	0.119263941466894	1.97230845257227	8.08169591006122e-10	TbID
HrasG13R	WWTR1	TbID	yes	NA	0.368002417024256	0.134582126831599	1.22223502070021	2.40204984456269e-07	TbID
HrasQ61R	WWTR1	TbID	yes	NA	-0.04691474285525	0.90383225862544	0.792924299687435	1.06559275165216e-05	TbID
ERK2WT	WWTR1	TbID	yes	NA	0.155232082948981	0.675272034829748	1.32237028862774	1.83365472533265e-07	TbID
BrafG469A	XPNPEP3	TbID	yes	mitochondrion	-0.108493638258464	0.786136244630515	1.42191381018632	0.00201958808682694	Both
ArafD447A	XPNPEP3	TbID	yes	mitochondrion	0.632406543868782	0.0783422205689312	1.37295280279627	0.00337757399110716	Both
ArafS214P	XPNPEP3	shared	yes	mitochondrion	0.696528770562732	0.0451483305296351	1.26898000639892	0.00547419167792416	Both
HrasWT	XPNPEP3	TbID	yes	mitochondrion	0.0164334390001697	0.981451260177564	1.08149632174652	0.0298015575258995	Both
MEK1WT	XPNPEP3	TbID	yes	mitochondrion	-0.178504447199535	0.79880320162466	1.0233605175629	0.0211186785548551	Both
BrafD594N	XPNPEP3	TbID	yes	mitochondrion	0.261472386306578	0.559514816599646	1.78690639958674	0.000593510101855084	Both
ERK1WT	XPNPEP3	TbID	yes	mitochondrion	-0.213133725407783	0.667636449824417	1.05582437257175	0.0235737431954325	Both
Raf1S257L	XPNPEP3	TbID	yes	mitochondrion	0.510998211151407	0.140378417396512	1.44153057552984	0.00177659278687254	Both
BrafWT	XPNPEP3	TbID	yes	mitochondrion	0.0239911653960475	0.97005321330721	1.75655717783967	0.000507258690975177	Both
ArafWT	XPNPEP3	shared	yes	mitochondrion	0.833571743164493	0.0191552722685061	1.41881209191503	0.00201145611354589	Both
Raf1D486A	XPNPEP3	TbID	yes	mitochondrion	0.54888522922472	0.124029832605692	1.35540257054903	0.00271439542900191	Both
BrafV600E	XPNPEP3	TbID	yes	mitochondrion	0.108417784410262	0.814080990902739	1.56681306659543	0.00155756836750174	Both
HrasG13R	XPNPEP3	TbID	yes	mitochondrion	-0.0197817564280708	0.968664351179181	1.22403681463476	0.00697279408288151	Both
HrasQ61R	XPNPEP3	TbID	yes	mitochondrion	-0.459617598784887	0.292808169674178	1.18912945564345	0.00969233435232394	Both
Raf1WT	XPNPEP3	TbID	yes	mitochondrion	0.611318154241003	0.111685252833179	1.45806029531323	0.00199642799137456	Both
Raf1S259F	XPNPEP3	core	yes	mitochondrion	1.18122292195143	0.00258211064036409	1.7467828623494	0.000445567846575432	Both
ERK2WT	XPR1	AP-MS	yes	plasma_membrane	1.32705081914452	2.72104024603839e-07	0.0459644661168577	0.451734051867626	AP-MS
KrasWT	XXYLT1	TbID	no	ER	-0.609570853024625	1.53916397974569e-05	0.798912433484261	2.20525462440669e-06	TbID
ERK2AA	YAP1	TbID	yes	actin_cytoskeleton	-0.124345089992176	0.54706035827955	0.993891881080126	4.93266208375387e-07	TbID
ERK2WT	YAP1	TbID	yes	actin_cytoskeleton	-0.0112904343636535	0.96670841260695	0.920671640750174	3.10062848043366e-07	TbID
HrasG13R	YAP1	TbID	yes	actin_cytoskeleton	0.24054261973381	0.253343396413522	0.992728649054191	7.12999263367268e-07	TbID
MEK2AA	YAP1	TbID	yes	actin_cytoskeleton	0.206489490598351	0.573991292959378	1.32637310171402	1.87290015014282e-09	TbID
MEK2DD	YAP1	TbID	yes	actin_cytoskeleton	-0.00397728328072537	0.991872785296963	0.943010450424339	6.5274646887337e-08	TbID
KrasWT	YES1	TbID	no	plasma_membrane	-0.163203795880907	0.0355233787540698	0.847023776989676	4.48170905454308e-07	TbID
KrasS17N	YES1	TbID	no	plasma_membrane	-0.23671453639807	0.00701181916675498	0.774305660436903	1.24223703802873e-06	TbID
BrafG469A	YES1	TbID	no	plasma_membrane	0.01144587942688	0.951068988712713	1.04172952854861	6.57171321088006e-06	TbID
MEK2AA	YKT6	shared	no	ER	1.46430479847716	0.000364546720318127	0.198354616631351	0.00363825052944776	AP-MS
MEK1AA	YKT6	AP-MS	no	ER	1.62004886415971	4.2021099390744e-05	0.0383486022327104	0.553320373372069	AP-MS
MEK2WT	YKT6	shared	no	ER	1.19849585953782	0.000698627543467128	0.142624651256732	0.0263962466143861	AP-MS
MEK2DD	YKT6	shared	no	ER	1.28833468369816	3.52127584124797e-05	0.565545009003116	6.4576544922485e-07	AP-MS
Raf1S259F	YPEL2	TbID	no	NA	NA	NA	0.956389951639329	0.000219845348342311	TbID
BrafV600E	YPEL2	TbID	no	NA	NA	NA	0.928973377219768	0.00029516264952084	TbID
BrafV600E	YPEL3	TbID	no	NA	-1.06129443071456	0.313449627432173	0.947945313685384	0.000675378778626104	TbID
BrafG469A	YPEL3	TbID	no	NA	-0.39776123830374	0.237123543674386	0.87840264002191	0.00164412821478687	TbID
Raf1S259F	YPEL3	TbID	no	NA	0.0532715223394618	0.85442760368346	0.853350662882901	0.00104224603002749	TbID
MEK1DD	YPEL5	AP-MS	no	cytosol	1.09514910072481	1.30305348822611e-06	0.143056478001186	0.120095796738655	AP-MS
BrafV600E	YPEL5	shared	no	cytosol	1.2852339679683	1.5443627378352e-07	0.403843098677521	0.000440468142592051	AP-MS
Raf1S259F	YPEL5	AP-MS	no	cytosol	1.48650057587562	1.53468456032603e-07	0.156606784655216	0.0703254259881883	AP-MS
BrafG469A	YPEL5	shared	no	cytosol	1.55530579601726	1.58755338001583e-08	0.412279447919066	0.000690198415843116	AP-MS
MEK2DD	YTHDF3	TbID	no	stress_granule	-0.0596032321218897	0.741339657569905	1.00542608472343	7.01521209204676e-08	TbID
Raf1D486A	YWHAB	core	no	14-3-3_scaffold	4.7605767311408	1.10355568158036e-13	1.13813428396756	1.32889567136115e-08	Both
BrafG469A	YWHAB	core	no	14-3-3_scaffold	5.6240953219544	2.60521133626969e-14	1.73721820895977	2.37397892275994e-09	Both
Raf1WT	YWHAB	core	no	14-3-3_scaffold	5.70391225683388	6.4575177496384e-15	1.39631635909567	6.42500967019934e-09	Both
MEK2DD	YWHAB	shared	no	14-3-3_scaffold	3.18704828903379	1.74708714723842e-11	0.337599348379885	0.000666873769985398	Both
MEK1DD	YWHAB	AP-MS	no	14-3-3_scaffold	2.87218732380055	6.11357484529857e-08	0.145630002030504	0.117429489978263	Both
Raf1S257L	YWHAB	core	no	14-3-3_scaffold	4.0762837668798	1.66165767505784e-12	1.01314212631978	4.99203654611596e-08	Both
KrasG12V	YWHAB	AP-MS	no	14-3-3_scaffold	1.19829171227112	9.40428817065636e-09	0.0357835895046179	0.3666472680743	Both
BrafD594N	YWHAB	core	no	14-3-3_scaffold	6.19496921257984	1.09378039129832e-14	3.04867622728566	1.32996949797739e-11	Both
ArafD447A	YWHAB	shared	no	14-3-3_scaffold	3.19445252667992	2.67904961105716e-13	0.331487293898557	0.00105876630345957	Both
MEK2AA	YWHAB	shared	no	14-3-3_scaffold	3.52484849046459	1.03404902274838e-12	0.474444936022449	5.7831694653692e-05	Both
NrasQ61R	YWHAB	AP-MS	no	14-3-3_scaffold	2.00789540447831	1.3241934136208e-09	0.0841960856968361	0.336708580088945	Both
HrasQ61R	YWHAB	shared	no	14-3-3_scaffold	1.39863056796894	1.73657630335183e-05	0.485128646967385	0.000116942925726282	Both
ArafWT	YWHAB	shared	no	14-3-3_scaffold	5.23493579012268	1.60322243212596e-14	0.730215960104587	3.80993222548532e-06	Both
NrasQ61K	YWHAB	shared	no	14-3-3_scaffold	1.88218006743126	6.17219776344207e-09	0.299649968912117	0.00700123114309348	Both
Raf1S259F	YWHAB	shared	no	14-3-3_scaffold	3.04516889808817	3.44627087044184e-08	0.830650111724055	6.11335376307326e-07	Both
KrasG12D	YWHAB	AP-MS	no	14-3-3_scaffold	1.23612162743387	1.67840724080964e-07	0.0910798261449948	0.100339630858217	Both
HrasG13R	YWHAB	shared	no	14-3-3_scaffold	1.4028839003206	0.000102077297133547	0.549306798231572	1.4177370330674e-05	Both
BrafV600E	YWHAB	core	no	14-3-3_scaffold	5.59231868353636	7.10317248356504e-15	2.40593672438663	1.15078039975937e-11	Both
ArafS214P	YWHAB	shared	no	14-3-3_scaffold	2.67459030518858	6.15563759424418e-07	0.607959248570076	7.07601790015638e-06	Both
BrafWT	YWHAB	core	no	14-3-3_scaffold	6.2547713072839	3.34473763652328e-16	2.22213417938786	7.39021224278992e-10	Both
MEK2WT	YWHAB	shared	no	14-3-3_scaffold	3.59796910481691	1.05989740795829e-11	0.257104364347312	0.0111474391715405	Both
Raf1S259F	YWHAE	shared	yes	14-3-3_scaffold	2.95112395954115	3.44627087044184e-08	0.521528514729327	9.78851066908545e-06	Both
KrasG12V	YWHAE	AP-MS	yes	14-3-3_scaffold	1.29087236435619	2.2418402013102e-09	-0.0205288898658544	0.653010669175199	Both
MEK1DD	YWHAE	AP-MS	yes	14-3-3_scaffold	2.60640406991259	2.93327215723251e-08	-0.15347014487088	0.106472109912013	Both
MEK2DD	YWHAE	AP-MS	yes	14-3-3_scaffold	2.82785825279287	6.81250291105821e-11	0.122320110458684	0.10920860091416	Both
ArafS214P	YWHAE	shared	yes	14-3-3_scaffold	2.50428998727328	8.71549770675606e-07	0.485560684566849	1.3197724204487e-05	Both
Raf1D486A	YWHAE	core	yes	14-3-3_scaffold	4.80007478535663	1.10355568158036e-13	1.05476348940212	5.20994268122802e-09	Both
Raf1WT	YWHAE	core	yes	14-3-3_scaffold	5.72476391957205	5.69849843185914e-14	1.3883851361838	2.83817094713258e-09	Both
Raf1S257L	YWHAE	core	yes	14-3-3_scaffold	4.03083088267263	1.66165767505784e-12	0.883129185468073	8.31321779829025e-08	Both
NrasQ61K	YWHAE	AP-MS	yes	14-3-3_scaffold	1.63199886506265	4.85926978714382e-08	-0.0373701955353407	0.651849312415213	Both
NrasQ61R	YWHAE	AP-MS	yes	14-3-3_scaffold	1.68626315469955	1.88025994321418e-08	-0.363443905577632	0.000259688545445549	Both
HrasQ61R	YWHAE	shared	yes	14-3-3_scaffold	1.3794303304034	2.16795664641207e-05	0.28677401599029	0.00154283982639224	Both
MEK2AA	YWHAE	shared	yes	14-3-3_scaffold	3.37032423248547	1.02513513765972e-11	0.414412861486496	3.32099594401293e-05	Both
BrafWT	YWHAE	core	yes	14-3-3_scaffold	6.2490711661637	8.64121544533152e-16	2.26207824381804	7.5609556097452e-11	Both
KrasG12D	YWHAE	AP-MS	yes	14-3-3_scaffold	1.2756135137724	4.38956690979134e-08	-0.00166510290879884	0.97636855483834	Both
ArafWT	YWHAE	shared	yes	14-3-3_scaffold	5.00286446293671	5.79827810839852e-13	0.721408854613726	5.98224569828719e-06	Both
ArafD447A	YWHAE	AP-MS	yes	14-3-3_scaffold	3.16602530100248	6.35529835353587e-13	0.149294381810864	0.05777613778064	Both
BrafG469A	YWHAE	core	yes	14-3-3_scaffold	5.54037012171164	2.60521133626969e-14	1.53649294999623	1.10129589159654e-09	Both
BrafV600E	YWHAE	core	yes	14-3-3_scaffold	5.48618434032192	1.72554218316062e-14	2.21918412588553	1.13520018565698e-11	Both
MEK2WT	YWHAE	shared	yes	14-3-3_scaffold	3.63711768439139	1.05989740795829e-11	0.263456742121095	0.00438562377334457	Both
HrasG13R	YWHAE	shared	yes	14-3-3_scaffold	1.35820382078791	8.58666110301367e-05	0.422483035958763	4.28283559803003e-05	Both
BrafD594N	YWHAE	core	yes	14-3-3_scaffold	6.07104678251723	1.09378039129832e-14	2.97706156616996	7.11008270934448e-12	Both
Raf1S259F	YWHAG	shared	yes	14-3-3_scaffold	3.44746780232598	5.8696914515701e-08	0.64401876762673	4.52580263082698e-06	Both
Raf1S257L	YWHAG	core	yes	14-3-3_scaffold	4.36156429857572	4.43316829674126e-13	0.894733363631876	1.34867246348547e-07	Both
MEK2AA	YWHAG	shared	yes	14-3-3_scaffold	4.18771170641876	1.03404902274838e-12	0.478406726505729	2.45050959630588e-05	Both
KrasG12V	YWHAG	AP-MS	yes	14-3-3_scaffold	1.67046665899156	5.52012222204717e-09	0.0232023502023395	0.651981779779686	Both
MEK1DD	YWHAG	shared	yes	14-3-3_scaffold	3.5156026873042	4.78103167959739e-10	0.221210973027358	0.0207869537356355	Both
BrafD594N	YWHAG	core	yes	14-3-3_scaffold	6.39930174984063	1.09378039129832e-14	3.05930395892141	4.26794044493503e-11	Both
Raf1D486A	YWHAG	core	yes	14-3-3_scaffold	5.31710763604163	4.34456215720625e-13	1.06877745848979	9.11725717084336e-09	Both
ArafD447A	YWHAG	shared	yes	14-3-3_scaffold	3.48392460931672	2.61450466225726e-12	0.250303781360894	0.0134339332061835	Both
ArafS214P	YWHAG	shared	yes	14-3-3_scaffold	2.71755949230071	1.12046781010597e-07	0.657168029279918	4.84754357281504e-06	Both
KrasG12D	YWHAG	AP-MS	yes	14-3-3_scaffold	1.71387668095315	3.41527135485491e-08	0.0261559189096143	0.649719923923202	Both
MEK2DD	YWHAG	shared	yes	14-3-3_scaffold	3.95483060642628	1.18310347331503e-12	0.457928527499037	1.95529182413066e-05	Both
ArafWT	YWHAG	shared	yes	14-3-3_scaffold	5.33438451462909	5.72338225157073e-13	0.713501166446385	6.2659323794996e-06	Both
NrasQ61R	YWHAG	shared	yes	14-3-3_scaffold	2.8095814826971	3.28880808574355e-10	0.249175562196033	0.0112335157546757	Both
HrasQ61R	YWHAG	shared	yes	14-3-3_scaffold	2.11925753706624	3.59900551074565e-07	0.718559981411971	1.65281025809028e-06	Both
Raf1WT	YWHAG	core	yes	14-3-3_scaffold	6.1782325608702	6.4575177496384e-15	1.45565650659772	2.33862052396765e-08	Both
MEK2WT	YWHAG	shared	yes	14-3-3_scaffold	4.41358511316797	7.24079027988819e-13	0.228367224326855	0.0293030914980592	Both
BrafG469A	YWHAG	core	yes	14-3-3_scaffold	5.87055127314377	2.60521133626969e-14	1.71425552282354	7.08035031628034e-09	Both
BrafV600E	YWHAG	core	yes	14-3-3_scaffold	5.89737854219943	3.05079237892044e-13	2.33417445196566	7.04020805341443e-11	Both
HrasG13R	YWHAG	shared	yes	14-3-3_scaffold	2.01859219266046	3.99337097983185e-05	0.636930313359558	3.39354500679702e-06	Both
NrasQ61K	YWHAG	shared	yes	14-3-3_scaffold	2.64863405868569	1.92159350721593e-09	0.449972029119952	0.000642382350735436	Both
BrafWT	YWHAG	core	yes	14-3-3_scaffold	6.61453138794032	1.65541720891063e-15	2.45796041687774	1.17249114157692e-09	Both
MEK1DD	YWHAH	AP-MS	no	unclassified	3.32718595623862	3.10300505556654e-09	-0.0554336357507093	0.490037293529565	Both
ArafS214P	YWHAH	shared	no	unclassified	3.15688173770115	6.85754472147162e-08	0.437221940437011	4.8567305403356e-05	Both
ArafD447A	YWHAH	AP-MS	no	unclassified	3.6158342857672	2.09262788295676e-12	0.133176361114364	0.114299876613381	Both
Raf1S259F	YWHAH	shared	no	unclassified	3.88365797878061	1.09122485274611e-08	0.517685804300157	6.0746162645666e-06	Both
MEK2DD	YWHAH	shared	no	unclassified	3.84029008734702	1.18310347331503e-12	0.24938750259011	0.00257960473019291	Both
BrafWT	YWHAH	core	no	unclassified	7.36146554962021	3.34473763652328e-16	2.52523355460368	4.20165404068091e-10	Both
BrafD594N	YWHAH	core	no	unclassified	7.02919925878279	1.09378039129832e-14	3.15159432425234	6.77290186373955e-12	Both
HrasQ61R	YWHAH	shared	no	unclassified	2.03877332962203	7.54466808474421e-07	0.397013632772346	0.000359536810674989	Both
MEK2AA	YWHAH	shared	no	unclassified	4.2656516683913	1.03404902274838e-12	0.465195648417032	1.33713447643713e-05	Both
KrasG12D	YWHAH	AP-MS	no	unclassified	1.5759209457439	2.71388531391713e-08	0.0849140081833983	0.13571352929177	Both
Raf1S257L	YWHAH	shared	no	unclassified	4.76153352040644	4.29387392598901e-13	0.607686618151961	5.06438808766718e-06	Both
HrasG13R	YWHAH	shared	no	unclassified	1.98438262038397	2.47577495493286e-05	0.478361004738952	3.72435924881343e-05	Both
BrafG469A	YWHAH	core	no	unclassified	6.34646339817375	2.25071609452192e-14	1.61530972992136	7.17195208554435e-09	Both
Raf1WT	YWHAH	core	no	unclassified	6.82617248517306	6.4575177496384e-15	1.34187348955635	1.95390810829991e-09	Both
ArafWT	YWHAH	shared	no	unclassified	6.07058767688056	1.74886661997599e-13	0.625166405874652	1.29928648774377e-05	Both
KrasG12V	YWHAH	AP-MS	no	unclassified	1.60940320814111	9.40428817065636e-09	0.062842945278728	0.323896437305799	Both
NrasQ61K	YWHAH	shared	no	unclassified	2.51853119608528	1.92159350721593e-09	0.270567385265868	0.00563551595939219	Both
Raf1D486A	YWHAH	core	no	unclassified	5.73717710294555	1.24034442147012e-13	1.1253311662608	6.66052490638986e-09	Both
MEK2WT	YWHAH	shared	no	unclassified	4.5278506625919	7.54067142078616e-13	0.208466622145783	0.0183947233433452	Both
NrasQ61R	YWHAH	shared	no	unclassified	3.06402854293625	1.87682555291972e-10	0.338803823183476	0.000476359382296712	Both
BrafV600E	YWHAH	core	no	unclassified	6.41834477334472	4.67588201873611e-14	2.16348551970703	1.81843986810698e-11	Both
MEK2WT	YWHAQ	shared	no	cytosol	2.54884186688479	7.55905936259663e-10	0.159942484378287	0.0252707467983832	Both
MEK2DD	YWHAQ	AP-MS	no	cytosol	1.87225244866366	1.08992803799232e-09	-0.00170415615362115	0.980953572619596	Both
KrasG12V	YWHAQ	shared	no	cytosol	0.936110606078678	1.11722747138132e-07	0.26619236124065	0.000475270867782171	Both
BrafV600E	YWHAQ	core	no	cytosol	4.11035190109891	5.13748726079111e-13	1.23834106199066	9.74326154556839e-10	Both
ArafS214P	YWHAQ	AP-MS	no	cytosol	1.78257511944715	1.67824239160324e-05	0.135501614184979	0.0714115490950934	Both
MEK1DD	YWHAQ	AP-MS	no	cytosol	1.69474596177718	2.81094516403512e-06	0.0596342172880854	0.386718976702628	Both
BrafWT	YWHAQ	core	no	cytosol	4.80725940039951	6.75974621725235e-14	1.5087161359936	3.93430566332654e-09	Both
KrasG12D	YWHAQ	shared	no	cytosol	0.899270527609138	5.81461433017251e-07	0.267767493659264	0.000428928470518387	Both
Raf1WT	YWHAQ	shared	no	cytosol	4.63089395251197	7.28971118762882e-13	0.772310497909379	9.81579338921131e-08	Both
NrasQ61K	YWHAQ	shared	no	cytosol	1.3054239589409	1.91140915460083e-07	0.163414005829061	0.0447627810227434	Both
Raf1S257L	YWHAQ	shared	no	cytosol	3.58245325681575	3.30268363331311e-12	0.161492815551296	0.0246791920212505	Both
ArafWT	YWHAQ	shared	no	cytosol	4.15661501251597	4.43482225290828e-13	0.470922874655041	6.56645114393047e-05	Both
BrafG469A	YWHAQ	core	no	cytosol	3.93404729996575	2.03946556406694e-12	0.905092755759677	4.54452751572606e-08	Both
MEK2AA	YWHAQ	shared	no	cytosol	2.08868542927263	8.41314381270145e-10	0.149198205490579	0.0298043534375984	Both
ArafD447A	YWHAQ	shared	no	cytosol	2.93389274572674	3.16516246688847e-12	0.205238120695067	0.00622491384036129	Both
BrafD594N	YWHAQ	core	no	cytosol	4.91938078319033	4.08666842545603e-14	1.87935962703403	2.89874063048681e-11	Both
Raf1S259F	YWHAQ	shared	no	cytosol	2.38972429994028	1.67865489870714e-07	0.171030089723355	0.0157947664430286	Both
NrasQ61R	YWHAQ	AP-MS	no	cytosol	1.2398050071018	7.91557553343663e-08	-0.0850927663379467	0.201788902334993	Both
Raf1D486A	YWHAQ	shared	no	cytosol	3.76986146375115	4.06140731963547e-13	0.428152115344721	1.48222078771682e-05	Both
HrasG13R	YWHAZ	shared	no	14-3-3_scaffold	1.24092343744329	0.000453686485713281	0.748026325565847	2.91155540834639e-06	Both
ArafD447A	YWHAZ	shared	no	14-3-3_scaffold	3.21164202240693	1.68703386440083e-11	0.26638225643807	0.0121927837340639	Both
BrafWT	YWHAZ	core	no	14-3-3_scaffold	6.66271634432154	5.32803063041571e-15	1.93893852435861	4.52821920938129e-09	Both
BrafV600E	YWHAZ	core	no	14-3-3_scaffold	6.33792071625761	5.76702807733555e-14	2.46500850708669	2.99504590548221e-11	Both
MEK2AA	YWHAZ	shared	no	14-3-3_scaffold	3.78869637898545	1.44935118514039e-11	0.321393386928235	0.00379222888533163	Both
Raf1WT	YWHAZ	core	no	14-3-3_scaffold	5.82641601295002	5.32288786322728e-14	1.16594016689713	2.587156491129e-08	Both
BrafD594N	YWHAZ	core	no	14-3-3_scaffold	6.59004881550581	1.09378039129832e-14	2.94576463783039	2.47220295701792e-11	Both
ArafS214P	YWHAZ	core	no	14-3-3_scaffold	2.94497965300822	1.04018601799573e-07	1.05930569432625	4.00629792976679e-08	Both
Raf1D486A	YWHAZ	core	no	14-3-3_scaffold	4.720800439885	4.34456215720625e-13	1.12300260352652	2.2091184398472e-08	Both
MEK2DD	YWHAZ	shared	no	14-3-3_scaffold	3.96591686157534	8.18342565779896e-12	0.752716950406143	1.22275409336416e-06	Both
ArafWT	YWHAZ	shared	no	14-3-3_scaffold	5.3001427027514	2.45366392775053e-13	0.63589409900566	9.93144891758259e-06	Both
HrasQ61R	YWHAZ	shared	no	14-3-3_scaffold	1.33424573899142	6.92201525249058e-05	0.745288041937306	4.39487587825417e-06	Both
MEK1DD	YWHAZ	shared	no	14-3-3_scaffold	3.13277108404391	2.93327215723251e-08	0.239877329533882	0.0467099743614378	Both
BrafG469A	YWHAZ	core	no	14-3-3_scaffold	6.08883538976073	2.60521133626969e-14	1.99958394412712	1.3723201108864e-09	Both
KrasG12D	YWHAZ	AP-MS	no	14-3-3_scaffold	0.819510125020546	4.63312058980978e-06	-0.00842892271956863	0.889232543790126	Both
KrasG12V	YWHAZ	AP-MS	no	14-3-3_scaffold	0.885301440567103	3.33105738437745e-07	-0.0107167352982511	0.854429864032258	Both
Raf1S257L	YWHAZ	core	no	14-3-3_scaffold	4.18367793832089	1.80238450075375e-12	1.27844910827192	1.73407050702051e-08	Both
NrasQ61R	YWHAZ	AP-MS	no	14-3-3_scaffold	2.06649754681687	1.04843324996073e-08	0.0604460897374791	0.536876123464976	Both
NrasQ61K	YWHAZ	shared	no	14-3-3_scaffold	1.79451804611617	5.90682042388338e-08	0.254272787841048	0.0156155539777604	Both
Raf1S259F	YWHAZ	core	no	14-3-3_scaffold	3.81312979965231	3.17202031091439e-09	1.29700854062769	6.0837929722882e-09	Both
MEK2WT	YWHAZ	AP-MS	no	14-3-3_scaffold	4.03799839127877	7.92221919053955e-12	0.173007816842473	0.0730051096950254	Both
ERK2WT	YY1AP1	TbID	yes	translation	NA	NA	0.861483376828924	2.59472755404146e-06	TbID
ERK2WT	ZBED1	shared	no	nucleus	0.536121190498085	0.00173918656650373	1.10081700962871	1.48162098989344e-08	TbID
Raf1S257L	ZBTB1	AP-MS	no	nucleus	2.06023047783117	4.77013016996108e-07	0.18206827809225	0.128972038309389	AP-MS
Raf1S259F	ZBTB1	AP-MS	no	nucleus	2.04925889153045	5.4134760508411e-06	0.246694183011263	0.0682505609625418	AP-MS
ArafS214P	ZBTB1	AP-MS	no	nucleus	1.76290145508476	5.15057750819812e-06	0.0838190734628753	0.503775096929847	AP-MS
KrasS17N	ZBTB10	AP-MS	no	nucleus	0.765770776973799	2.07882145865061e-06	0.0793546277313162	0.0578459434213907	AP-MS
KrasG12V	ZBTB10	AP-MS	no	nucleus	0.730778698795261	2.14325587811997e-07	0.0126406365843241	0.767519824424477	AP-MS
KrasWT	ZBTB10	AP-MS	no	nucleus	0.787774541239427	5.18914325088883e-06	0.0214561351654385	0.632629602155562	AP-MS
ERK1WT	ZBTB21	shared	no	14-3-3_scaffold	0.70884630609292	0.0129586267926354	0.908872284136227	1.62452748772791e-07	Both
ERK2WT	ZBTB21	core	no	14-3-3_scaffold	0.984667415305578	0.00183532974674322	0.960755406382496	5.91729293206432e-08	Both
BrafWT	ZBTB39	AP-MS	no	nucleus	1.45794086096321	0.00320782169545812	-0.269624376879211	0.193644735549741	AP-MS
BrafD594N	ZBTB39	AP-MS	no	nucleus	1.95562220090765	0.000353915531113443	-0.756370909493738	0.00673487964215711	AP-MS
KrasWT	ZBTB43	AP-MS	no	nucleus	0.776561903948577	0.0261123899494364	-0.0945403278458432	0.273100185331004	AP-MS
MEK1DD	ZCCHC12	TbID	no	nucleus	-0.00905210942661303	0.986999141121664	1.18693779950009	2.61731676466073e-10	TbID
ArafS214P	ZCCHC12	TbID	no	nucleus	0.72820282322761	0.0633229432950248	1.92314557960048	9.71019196244722e-12	TbID
ERK2WT	ZCCHC12	TbID	no	nucleus	0.200521507158024	0.678525654963436	1.39202611684048	1.04306587966995e-09	TbID
ERK1WT	ZCCHC12	TbID	no	nucleus	0.487385510763065	0.296159775451867	1.10039503426028	4.45689510249015e-08	TbID
Raf1S257L	ZCCHC12	TbID	no	nucleus	0.102426093050601	0.827479645636341	1.4942974229395	1.87171600469455e-10	TbID
BrafV600E	ZCCHC12	TbID	no	nucleus	0.345540943310957	0.463952272586371	0.909335669675695	2.67599422220691e-09	TbID
Raf1S259F	ZCCHC12	TbID	no	nucleus	-0.0422506819656336	0.937695914549858	1.13722921014797	1.01811904012713e-10	TbID
ERK1DD	ZCCHC12	TbID	no	nucleus	-0.134730777820086	0.816408177140061	1.03756975116884	3.50764949041706e-09	TbID
MEK2DD	ZCCHC12	TbID	no	nucleus	0.0768413620234482	0.856390034478269	1.44785948210418	3.31991529688034e-11	TbID
HrasQ61R	ZCCHC17	shared	no	nucleus	0.645576308509091	0.00191155982074181	0.919027673647011	0.000123561085373932	TbID
MEK1WT	ZCCHC2	TbID	no	cytosol	0.348577959964154	0.0503161526622303	0.959410481964351	9.53221422314598e-10	TbID
MEK2DD	ZCCHC2	TbID	no	cytosol	-0.335038352350846	0.0192435877156637	0.898115343948381	1.6278890928883e-09	TbID
ERK2WT	ZCCHC2	shared	no	cytosol	0.545142225364714	0.00183804897071608	0.872123443149451	1.11962073516578e-08	TbID
Raf1S259F	ZCCHC8	AP-MS	yes	nucleus	1.17821726138023	4.00376080986719e-06	-0.456171247475623	6.46137342762077e-06	AP-MS
BrafG469A	ZDHHC16	TbID	no	NA	NA	NA	0.854829292558994	9.4690135193763e-09	TbID
HrasS17N	ZDHHC16	TbID	no	NA	NA	NA	0.844083601417719	4.68818936257466e-07	TbID
HrasG13R	ZDHHC20	TbID	no	plasma_membrane	NA	NA	0.849750036491623	3.26555916350477e-07	TbID
BrafG469A	ZDHHC21	TbID	no	NA	0.0101493932223904	0.970112977503362	0.926923738689931	2.85154967623819e-08	TbID
HrasS17N	ZDHHC24	TbID	no	NA	NA	NA	1.21878148383288	3.42858699445537e-07	TbID
KrasG12V	ZDHHC6	shared	no	ER	1.17741299182031	2.38645398784634e-05	0.457231099510047	3.14707243574485e-05	AP-MS
KrasS17N	ZDHHC6	shared	no	ER	1.28921063386855	0.00010334361842965	0.435374851147742	1.04651544046604e-05	AP-MS
KrasG12D	ZDHHC6	shared	no	ER	1.10183205196455	0.000666986225753895	0.582358117419416	5.64885396285595e-06	AP-MS
KrasWT	ZDHHC6	shared	no	ER	1.21452955003028	0.000151956903465848	0.658075283665118	2.1714007583967e-06	AP-MS
Raf1D486A	ZDHHC9	TbID	yes	NA	NA	NA	0.851122274121065	0.000167120184019019	TbID
Raf1D486A	ZFAND3	AP-MS	yes	NA	1.21112174818752	0.00160566927598769	-1.21694565068688	0.000262183754213156	AP-MS
MEK2DD	ZFAND5	TbID	no	proteasome	NA	NA	1.03766776978611	2.08724105566629e-08	TbID
MEK2DD	ZFAND6	TbID	no	proteasome	0.0597472078523105	0.84272153722623	0.962748679857145	3.40441063122693e-07	TbID
ERK2WT	ZFP1	AP-MS	no	nucleus	1.91142614806827	0.0278971761600026	-0.247624958293665	0.00107536841416965	AP-MS
BrafV600E	ZFP36	core	yes	NA	2.40785060562264	3.14276329937024e-09	1.02331209522589	6.2799618712091e-05	Both
BrafG469A	ZFP36	core	yes	NA	3.23788469222144	2.20255083064028e-11	1.27260401346971	4.95246864913114e-06	Both
ArafS214P	ZFP36	shared	yes	NA	1.0291500185664	3.29456230109821e-06	0.857322261184552	0.000160276633597076	Both
Raf1S259F	ZFP36	core	yes	NA	1.90149122679032	9.19555509360695e-08	1.3470281620476	1.09271799979971e-05	Both
MEK1DD	ZFP36	core	yes	NA	3.04460402382452	1.97869843034306e-10	1.80784557516925	5.53222853752636e-07	Both
Raf1S257L	ZFP36	shared	yes	NA	1.57089706428148	2.07576895597354e-08	0.804580030612655	0.000521327169426109	Both
MEK2DD	ZFP36	core	yes	NA	2.08639348641659	2.45588899461021e-09	1.00912849393734	4.50719853240583e-05	Both
Raf1S259F	ZFP36L1	AP-MS	no	NA	1.52230129042524	1.46887631650107e-05	0.0010683311200809	0.988515955211634	AP-MS
ArafS214P	ZFP36L1	shared	no	NA	1.3005530037339	2.3119132640723e-05	0.285235421568051	0.000296380699497546	AP-MS
Raf1S257L	ZFP36L1	AP-MS	no	NA	1.31340272287863	5.1121055547765e-06	-0.113044007673009	0.0784606780135998	AP-MS
MEK1DD	ZFP36L1	shared	no	NA	1.09122257068083	0.000100035398607125	0.652543928360363	2.32733995640448e-07	AP-MS
MEK2DD	ZFP36L2	TbID	no	14-3-3_scaffold	0.450923218935424	0.0688241522554894	1.06082925591505	2.91195871418179e-09	Both
Raf1S257L	ZFP36L2	shared	no	14-3-3_scaffold	1.2610654423503	6.49505924054003e-05	0.198836653841649	0.00865941071123439	Both
Raf1S259F	ZFP36L2	shared	no	14-3-3_scaffold	1.3396276917648	0.000139326619949131	0.21344015614161	0.00456772611441345	Both
BrafV600E	ZFPM1	AP-MS	no	NA	1.39178117636017	1.08449796035302e-07	-0.0898424293055924	0.394510904230503	AP-MS
KrasS17N	ZFTRAF1	TbID	no	cytosol	-0.253674770030867	0.20622341058323	3.20552877162398	0.0101103981438724	TbID
KrasWT	ZFTRAF1	TbID	no	cytosol	-0.146377171524628	0.445392680825541	3.11365746687833	0.0117509574087252	TbID
MEK2DD	ZFYVE1	TbID	no	unclassified	NA	NA	1.11233411035895	2.52170260680599e-09	TbID
MEK2AA	ZFYVE16	TbID	no	early_endosome	0.275428628601503	0.0575531688865387	1.06767206820027	1.96763431400881e-09	TbID
MEK2DD	ZFYVE16	shared	no	early_endosome	0.659569325814513	2.81391347230273e-05	1.26844420800874	4.10803333259886e-10	TbID
ERK2WT	ZFYVE16	shared	no	early_endosome	0.808433235906718	4.05522238497023e-05	0.946858526963572	5.02492443265793e-08	TbID
MEK1AA	ZFYVE16	TbID	no	early_endosome	0.191533697835985	0.146958390723891	0.978677064962233	1.10040701428574e-08	TbID
MEK1WT	ZFYVE16	TbID	no	early_endosome	0.246976395670767	0.117746486558555	1.19827883021412	7.98466444519315e-10	TbID
ERK2AA	ZFYVE16	shared	no	early_endosome	0.46897388165852	0.000572779414777348	0.89079759983104	5.42510834217474e-07	TbID
KrasWT	ZIC2	TbID	yes	nucleus	0.043348076534091	0.52214160297756	0.8337666243408	2.42790613437396e-06	TbID
HrasG13R	ZIC2	shared	yes	nucleus	0.543919018437037	0.0157037910506248	0.84931059866388	4.90651173891574e-08	TbID
NrasQ61K	ZIC2	shared	yes	nucleus	0.631781293260947	0.00736525595430953	0.782490939291884	1.07581937122951e-07	TbID
KrasWT	ZIC5	AP-MS	no	NA	0.763123473337505	0.00903602858381721	NA	NA	AP-MS
KrasS17N	ZIC5	AP-MS	no	NA	1.09083548037024	0.000710941644247083	NA	NA	AP-MS
KrasG12V	ZIC5	AP-MS	no	NA	1.08730794423382	5.11004878829496e-05	NA	NA	AP-MS
KrasG12D	ZIC5	AP-MS	no	NA	1.14580972865721	0.000330414460377847	NA	NA	AP-MS
ArafD447A	ZIK1	TbID	no	NA	NA	NA	1.08041565430135	7.81092318609944e-05	TbID
Raf1D486A	ZIK1	TbID	no	NA	NA	NA	0.98001150260965	0.00012484769667127	TbID
ERK2WT	ZMAT2	TbID	no	nucleus	-0.317475316277312	0.624866462583283	0.864746110539582	4.25112392263846e-07	TbID
Raf1S257L	ZMYM1	TbID	no	unclassified	0.0205304803317508	0.838435531177611	0.849650938754124	3.32501009333295e-06	TbID
ArafWT	ZNF100	shared	no	NA	1.30834994293968	9.86471560784764e-05	0.374964483627359	0.000146732094547617	AP-MS
KrasS17N	ZNF117	AP-MS	no	NA	2.07945255095833	4.2294420097778e-05	0.315723015007965	0.431035582420614	AP-MS
KrasG12D	ZNF117	AP-MS	no	NA	1.91612404764774	2.62345978652926e-06	-0.372387810862403	0.267102618129967	AP-MS
KrasWT	ZNF117	AP-MS	no	NA	1.04539052910786	0.0297992532128476	0.838982021563279	0.130168678353327	AP-MS
KrasG12V	ZNF117	AP-MS	no	NA	1.99873979978876	1.05676627949056e-06	-0.22357228043135	0.504682156693316	AP-MS
Raf1D486A	ZNF131	AP-MS	no	nucleus	1.77296787332033	0.00712441643633355	-0.448080380225496	0.00233346912187804	AP-MS
MEK2DD	ZNF214	TbID	no	NA	NA	NA	1.24017739082134	0.000213006113844521	TbID
NrasS17N	ZNF214	TbID	no	NA	NA	NA	0.844140002200265	0.00473289909192387	TbID
Raf1D486A	ZNF215	TbID	no	NA	NA	NA	0.909684658488779	2.79582182458401e-05	TbID
BrafV600E	ZNF215	TbID	no	NA	NA	NA	0.991583232564091	1.11345240025852e-05	TbID
NrasQ61R	ZNF219	TbID	no	NA	0.423945829715542	0.1950781379186	0.788380176155132	7.1535255807044e-07	TbID
HrasS17N	ZNF219	shared	no	NA	0.663621648977905	0.0348275951399072	0.838325967322994	8.35976122599451e-08	TbID
BrafG469A	ZNF225	TbID	no	NA	0.444279946893566	0.0740458959669032	1.16172616778102	6.00283772221329e-10	TbID
MEK1DD	ZNF225	TbID	no	NA	-0.119247342374266	0.712122921450744	1.0238215909778	4.2015829919555e-09	TbID
BrafV600E	ZNF225	shared	no	NA	0.566298052525302	0.0267677003302476	1.15932566880024	1.03073725602807e-09	TbID
ArafD447A	ZNF254	TbID	no	NA	NA	NA	0.881031820327403	4.92299342488415e-08	TbID
Raf1D486A	ZNF256	TbID	no	NA	NA	NA	0.950393362543174	8.80679637950405e-09	TbID
ArafD447A	ZNF256	TbID	no	NA	NA	NA	0.905895816375477	2.14539535917793e-08	TbID
BrafV600E	ZNF256	TbID	no	NA	NA	NA	0.897116740293199	1.09102501310327e-07	TbID
ERK1AA	ZNF256	TbID	no	NA	NA	NA	0.964360497927284	1.24848204103516e-07	TbID
ArafS214P	ZNF256	TbID	no	NA	NA	NA	0.930289461098026	1.36215625359563e-08	TbID
BrafG469A	ZNF267	TbID	no	NA	0.534301919102313	0.0766364054569562	0.964272307232064	2.17955268486772e-05	TbID
BrafV600E	ZNF267	TbID	no	NA	0.0758256139943051	0.837410618607925	0.955087959595148	2.26952781980271e-05	TbID
Raf1D486A	ZNF28	TbID	no	NA	NA	NA	0.893013850037861	4.57775753516137e-06	TbID
ERK1WT	ZNF318	shared	no	actin_cytoskeleton	1.54206531328536	1.2398804377501e-06	0.487701538388195	1.05574942270422e-05	AP-MS
ERK1DD	ZNF318	shared	no	actin_cytoskeleton	1.19025182566905	3.43833122092974e-05	0.595764712708466	1.21468834357071e-06	AP-MS
ERK2WT	ZNF318	shared	no	actin_cytoskeleton	1.15824264918039	1.65081106561235e-05	0.286244019080784	0.000321703987328456	AP-MS
ArafD447A	ZNF324	TbID	no	unclassified	0.370276732759882	0.276535370693059	0.878216558513178	7.41716335806424e-07	TbID
Raf1D486A	ZNF324	TbID	no	unclassified	0.638745431216691	0.0583440227180636	0.936130778657286	2.15720494959834e-07	TbID
BrafV600E	ZNF324	TbID	no	unclassified	0.625906211155277	0.0619652463588886	0.944536530834539	1.00504809971668e-07	TbID
Raf1D486A	ZNF326	shared	no	nucleus	0.335385684827522	0.0252435099412513	1.15138203068078	4.5774400510902e-05	TbID
HrasQ61R	ZNF384	TbID	no	nucleus	NA	NA	0.771854276576737	1.42121726383053e-05	TbID
ERK1DD	ZNF395	core	no	NA	1.39295173249393	0.0116578077589823	1.80401941654391	1.01500418091185e-07	Both
ERK1WT	ZNF395	core	no	NA	1.57129406698602	0.00622538373819598	2.08728458540631	2.86410494102994e-08	Both
ArafWT	ZNF395	AP-MS	no	NA	1.1823211325234	0.0143651716947473	-0.229690631326769	0.165429292704163	Both
ERK1AA	ZNF395	TbID	no	NA	0.276698624761433	0.591952818078028	1.11715427848064	9.48747043113079e-06	Both
MEK2DD	ZNF429	TbID	no	NA	NA	NA	0.95895217043698	1.47187779642759e-05	TbID
BrafG469A	ZNF444	TbID	no	nucleus	NA	NA	0.859111535608797	1.19743020733754e-07	TbID
BrafV600E	ZNF444	TbID	no	nucleus	NA	NA	0.860030107434886	2.42721588102346e-08	TbID
BrafD594N	ZNF480	TbID	no	NA	NA	NA	0.853691442638096	9.53776431953053e-08	TbID
BrafWT	ZNF480	TbID	no	NA	NA	NA	0.920257841711329	6.8459497089484e-08	TbID
Raf1D486A	ZNF480	TbID	no	NA	NA	NA	0.873207325729584	4.17358027296989e-08	TbID
ArafD447A	ZNF480	TbID	no	NA	NA	NA	1.07478043717332	2.78048008895664e-09	TbID
Raf1WT	ZNF480	TbID	no	NA	NA	NA	1.00973893421889	1.12636578659082e-08	TbID
ArafWT	ZNF480	TbID	no	NA	NA	NA	0.846000498380962	1.79217963020686e-07	TbID
NrasQ61K	ZNF492	TbID	no	NA	NA	NA	1.27542704393377	0.00824567050307006	TbID
ArafWT	ZNF507	AP-MS	no	cytosol	1.29311749609347	4.63323397695591e-08	-0.343239437482195	0.000256321660707953	AP-MS
BrafD594N	ZNF510	AP-MS	no	NA	3.16714180962159	0.00379949587626913	NA	NA	AP-MS
BrafG469A	ZNF525	TbID	no	NA	NA	NA	0.929898284465906	1.73133537048962e-08	TbID
ArafD447A	ZNF525	TbID	no	NA	NA	NA	1.01911356248034	5.5696202638e-09	TbID
BrafV600E	ZNF557	TbID	no	nucleus	NA	NA	0.858701028033095	2.80083482287972e-08	TbID
BrafG469A	ZNF562	TbID	no	NA	NA	NA	0.929902219337712	1.48339703489469e-07	TbID
ArafS214P	ZNF567	AP-MS	no	NA	1.24260784322041	9.2431169216222e-06	-0.498539495168108	8.43868558934999e-06	AP-MS
BrafV600E	ZNF578	TbID	no	NA	NA	NA	0.965360627640789	8.03508576035078e-06	TbID
NrasS17N	ZNF578	TbID	no	NA	NA	NA	0.894827138835633	8.27913500830077e-05	TbID
HrasQ61R	ZNF578	TbID	no	NA	NA	NA	0.970828410508225	1.59041115052029e-05	TbID
Raf1WT	ZNF582	TbID	no	NA	NA	NA	0.926510440313232	2.80458638808295e-05	TbID
KrasWT	ZNF594	TbID	no	NA	NA	NA	0.770886649482211	3.41322120599429e-07	TbID
KrasG12D	ZNF596	TbID	no	NA	NA	NA	1.30966395388935	0.00880296272945414	TbID
KrasS17N	ZNF596	TbID	no	NA	NA	NA	1.04528849128883	0.0222038950206546	TbID
KrasG12V	ZNF596	TbID	no	NA	NA	NA	1.01830439318039	0.0327757088789657	TbID
KrasWT	ZNF596	TbID	no	NA	NA	NA	1.09081792836317	0.0230864240383472	TbID
KrasWT	ZNF630	TbID	no	NA	NA	NA	0.804250547381256	0.00438646620706652	TbID
BrafV600E	ZNF66	TbID	no	NA	NA	NA	0.864415273967546	4.85984039930207e-09	TbID
Raf1D486A	ZNF66	TbID	no	NA	NA	NA	0.915434218170522	3.33369873252139e-09	TbID
BrafG469A	ZNF66	TbID	no	NA	NA	NA	0.860483992113319	9.77823609543012e-09	TbID
NrasQ61K	ZNF66	TbID	no	NA	NA	NA	0.832616491515013	1.14457339217087e-07	TbID
BrafV600E	ZNF669	TbID	no	NA	NA	NA	0.908284992919984	4.4696346054524e-06	TbID
BrafV600E	ZNF684	TbID	no	NA	NA	NA	0.880410213910062	3.14531513481924e-08	TbID
BrafG469A	ZNF697	TbID	no	NA	NA	NA	1.07827075141203	1.96801367867124e-09	TbID
Raf1S259F	ZNF697	TbID	no	NA	NA	NA	0.917820922501476	1.06030182893463e-08	TbID
KrasWT	ZNF723	TbID	no	NA	NA	NA	0.955469335889283	0.0109342810263388	TbID
Raf1D486A	ZNF737	TbID	no	NA	NA	NA	1.01571591465101	4.71529222151558e-09	TbID
Raf1D486A	ZNF749	shared	no	NA	1.24642193193633	0.00219872122390721	0.17673656889474	0.00746128335555962	AP-MS
ArafS214P	ZNF749	AP-MS	no	NA	1.28808324814911	0.00144070262480932	0.0875484452611502	0.130258224623765	AP-MS
BrafV600E	ZNF765	TbID	no	NA	NA	NA	0.852782741265681	1.05445581867578e-09	TbID
ArafD447A	ZNF776	TbID	no	NA	1.68444341519445	0.0991173309323589	0.844779479269095	8.527319022633e-06	TbID
HrasG13R	ZNF776	TbID	no	NA	1.15431724619316	0.270093439303894	0.889679690413562	8.22169871093708e-06	TbID
HrasQ61R	ZNF776	TbID	no	NA	0.162385923071374	0.921501326162252	0.853451762767479	1.72190045116097e-05	TbID
BrafV600E	ZNF789	TbID	no	NA	NA	NA	0.950504793788956	7.27792423074988e-10	TbID
BrafG469A	ZNF791	TbID	no	NA	0.155875521794666	0.470819000204566	0.860636178356045	5.67016565117992e-09	Both
Raf1S257L	ZNF791	AP-MS	no	NA	1.28624036077775	3.28176857692629e-05	0.00629107462204345	0.929613366375563	Both
ArafWT	ZNF816	AP-MS	no	NA	1.28975051378704	2.56678624856321e-05	0.199611560691775	0.20406067069161	AP-MS
ArafS214P	ZNF816	AP-MS	no	NA	1.21483321927571	2.45228777745376e-05	0.241946971513733	0.118584651821033	AP-MS
KrasWT	ZNF83	TbID	no	NA	NA	NA	0.833552357007586	0.0106850881993648	TbID
ArafWT	ZNF835	AP-MS	no	NA	1.24458370377645	0.00889566716401063	NA	NA	AP-MS
Raf1D486A	ZNF836	TbID	no	NA	NA	NA	0.947839111514999	2.1971626903075e-05	TbID
NrasQ61K	ZNF91	TbID	no	NA	0.124159836662237	0.84030647852551	0.849028733651839	1.54978376990936e-05	TbID
ArafWT	ZNF91	TbID	no	NA	-1.09544976759237	0.0160761404216963	0.893068182045014	4.41076124187614e-06	TbID
Raf1D486A	ZNF91	TbID	no	NA	0.867866184895505	0.0635442805953704	0.899332278142941	2.62828890509289e-06	TbID
NrasQ61R	ZNF93	TbID	no	NA	NA	NA	1.06028474208808	2.99620443750648e-06	TbID
ArafWT	ZNHIT2	shared	no	cytosol	1.59591722423912	8.86044047269793e-09	0.174857689972122	0.0217607761296871	AP-MS
ArafD447A	ZNHIT2	shared	no	cytosol	1.29743346302042	7.4251213739891e-08	0.454333551473208	5.36152876301938e-06	AP-MS
MEK1WT	ZNRF1	AP-MS	no	NA	1.82343511386445	0.000155449200356258	-0.181389400725392	0.0850682416235334	AP-MS
MEK1DD	ZNRF1	AP-MS	no	NA	1.23885208378388	0.00402230088191166	0.146412573218479	0.170566707356151	AP-MS
MEK2AA	ZNRF1	AP-MS	no	NA	2.05546062528553	2.36160352812596e-05	0.0725079235283031	0.518606930454601	AP-MS
MEK1AA	ZNRF1	AP-MS	no	NA	2.08254898296628	0.000229023945016223	0.0397429360031071	0.72393769445349	AP-MS
MEK2WT	ZNRF1	AP-MS	no	NA	1.52978281865383	0.0160755545183337	0.088611820095618	0.428469333942102	AP-MS
MEK2DD	ZNRF1	AP-MS	no	NA	2.04005010180912	3.87519050113827e-05	0.0726326088234735	0.50101837422103	AP-MS
MEK2DD	ZSCAN18	AP-MS	no	NA	1.01396146456881	0.000110222110443915	-0.230597814024754	0.0207931356930151	AP-MS
BrafV600E	ZSWIM6	TbID	yes	NA	0.441008453997971	0.28936637941885	1.10391929259382	6.6380086580832e-10	TbID
BrafG469A	ZSWIM6	TbID	yes	NA	0.111584384772071	0.796068607428094	0.911230243929709	1.10129589159654e-09	TbID
ArafWT	ZSWIM8	AP-MS	no	cytosol	1.57938711418831	1.15603224691961e-08	0.0995219657216701	0.286364290998439	AP-MS
Raf1WT	ZSWIM8	AP-MS	no	cytosol	1.2495872815267	1.0105309565773e-06	0.112605601275149	0.22839259923203	AP-MS
ArafD447A	ZSWIM8	AP-MS	no	cytosol	1.34018311777318	1.06520091039206e-07	0.166076279060055	0.0852985066024298	AP-MS
Raf1S257L	ZSWIM8	AP-MS	no	cytosol	1.90804402656978	7.47289879564465e-10	-0.0184266135412836	0.845738257807614	AP-MS
Raf1D486A	ZSWIM8	shared	no	cytosol	1.19880433959929	5.10257701537757e-07	0.765971503561724	2.86088201401593e-06	AP-MS
NrasQ61R	ZSWIM8	shared	no	cytosol	1.0717154405108	7.22512787954444e-06	0.30714065381373	0.0040612655290626	AP-MS
Raf1S259F	ZSWIM8	AP-MS	no	cytosol	1.90210938427216	1.64921238885374e-06	-0.00348658957355453	0.97164950601652	AP-MS
ERK2AA	ZXDC	TbID	no	unclassified	-0.445841293042395	0.567338236341534	0.875877709483115	2.69134056435634e-06	TbID
ERK2WT	ZXDC	TbID	no	unclassified	-0.419588675235142	0.686486118313677	0.858632796004922	0.000133010267082855	TbID
ERK1WT	ZXDC	TbID	no	unclassified	-0.434212287521853	0.687290373589234	1.06140541721432	3.61050207184379e-06	TbID
MEK2DD	ZYX	TbID	no	actin_cytoskeleton	-0.296220416488896	0.53043074157435	1.38778533946482	3.04846897794912e-09	TbID
