bait	prey	data
HRAS	ARAF	Kim M. et al.(2021)
HRAS	RAF1	Kim M. et al.(2021)
HRAS	SDSL	Kim M. et al.(2021)
HRAS	DHRS7B	Kim M. et al.(2021)
HRAS	GPD1L	Kim M. et al.(2021)
HRAS	RGL2	Kim M. et al.(2021)
HRAS	GPAT3	Kim M. et al.(2021)
HRAS	RIN1	Kim M. et al.(2021)
HRAS	RIN2	Kim M. et al.(2021)
HRAS	DTYMK	Kim M. et al.(2021)
HRAS	XPO7	Kim M. et al.(2021)
HRAS	GBF1	Kim M. et al.(2021)
HRAS	HEATR6	Kim M. et al.(2021)
HRAS	ACAD9	Kim M. et al.(2021)
HRAS	FUBP1	Kim M. et al.(2021)
HRAS	MTHFD2	Kim M. et al.(2021)
HRAS	DNAAF5	Kim M. et al.(2021)
HRAS	TNPO3	Kim M. et al.(2021)
HRAS	MMS19	Kim M. et al.(2021)
HRAS	XPO5	Kim M. et al.(2021)
HRAS	SARS1	Kim M. et al.(2021)
HRAS	HDLBP	Kim M. et al.(2021)
HRAS	CACYBP	Kim M. et al.(2021)
HRAS	UMPS	Kim M. et al.(2021)
HRAS	DNM2	Kim M. et al.(2021)
HRAS	PDS5A	Kim M. et al.(2021)
HRAS	FANCI	Kim M. et al.(2021)
HRAS	ECPAS	Kim M. et al.(2021)
HRAS	FDFT1	Kim M. et al.(2021)
MAP2K1	BRAF	Cho NH. et al.(2022)
MAP2K2	ARAF	Cho NH. et al.(2022)
MAP2K1	ARAF	Cho NH. et al.(2022)
ARAF	RAF1	Cho NH. et al.(2022)
MAP2K1	MAP2K2	Cho NH. et al.(2022)
MAP2K2	RAF1	Cho NH. et al.(2022)
MAP2K1	RAF1	Cho NH. et al.(2022)
ARAF	YWHAH	Cho NH. et al.(2022)
MAP2K2	KSR1	Cho NH. et al.(2022)
ARAF	CDC37	Cho NH. et al.(2022)
KRAS	NRAS	Cho NH. et al.(2022)
ARAF	YWHAG	Cho NH. et al.(2022)
MAP2K2	YWHAH	Cho NH. et al.(2022)
MAP2K1	MXRA7	Cho NH. et al.(2022)
MAP2K2	YWHAG	Cho NH. et al.(2022)
MAP2K2	YWHAQ	Cho NH. et al.(2022)
ARAF	YWHAB	Cho NH. et al.(2022)
MAP2K1	KSR1	Cho NH. et al.(2022)
MAP2K2	YWHAE	Cho NH. et al.(2022)
MAP2K1	YWHAH	Cho NH. et al.(2022)
MAP2K1	HEXB	Cho NH. et al.(2022)
MAP2K2	YWHAB	Cho NH. et al.(2022)
ARAF	YWHAZ	Cho NH. et al.(2022)
MAP2K1	YWHAQ	Cho NH. et al.(2022)
MAP2K1	YWHAG	Cho NH. et al.(2022)
MAP2K1	YWHAE	Cho NH. et al.(2022)
MAP2K1	YWHAB	Cho NH. et al.(2022)
MAP2K2	YWHAZ	Cho NH. et al.(2022)
MAPK1	RAI1	Cho NH. et al.(2022)
MAPK1	TCF20	Cho NH. et al.(2022)
MAPK1	RPS6KA2	Cho NH. et al.(2022)
MAPK1	PHF14	Cho NH. et al.(2022)
MAP2K1	YWHAZ	Cho NH. et al.(2022)
RAF1	YWHAE	Cho NH. et al.(2022)
RAF1	YWHAB	Cho NH. et al.(2022)
RAF1	YWHAZ	Cho NH. et al.(2022)
KRAS	TRAPPC8	Cho NH. et al.(2022)
KRAS	ARPC1A	Cho NH. et al.(2022)
KRAS	GGCT	Cho NH. et al.(2022)
KRAS	ARL1	Cho NH. et al.(2022)
KRAS	YWHAH	Cho NH. et al.(2022)
KRAS	MARF1	Cho NH. et al.(2022)
KRAS	TRAPPC4	Cho NH. et al.(2022)
KRAS	BAIAP2	Cho NH. et al.(2022)
KRAS	MARK2	Cho NH. et al.(2022)
KRAS	ARPC1B	Cho NH. et al.(2022)
KRAS	YWHAG	Cho NH. et al.(2022)
KRAS	APPL1	Cho NH. et al.(2022)
KRAS	YWHAQ	Cho NH. et al.(2022)
KRAS	YWHAE	Cho NH. et al.(2022)
KRAS	ACTR2	Cho NH. et al.(2022)
KRAS	YWHAB	Cho NH. et al.(2022)
KRAS	YWHAZ	Cho NH. et al.(2022)
ARAF	MAP2K2	So J. et al.(2015)
ARAF	RPL39P5	So J. et al.(2015)
ARAF	BAG2	So J. et al.(2015)
ARAF	RCN2	So J. et al.(2015)
ARAF	SLC25A22	So J. et al.(2015)
ARAF	ATP5MK	So J. et al.(2015)
ARAF	DPM1	So J. et al.(2015)
ARAF	KRAS	So J. et al.(2015)
ARAF	PPP6C	So J. et al.(2015)
ARAF	SLC25A13	So J. et al.(2015)
ARAF	SLC25A1	So J. et al.(2015)
ARAF	LRRC59	So J. et al.(2015)
ARAF	KIFBP	So J. et al.(2015)
ARAF	YBX3	So J. et al.(2015)
ARAF	TIMM50	So J. et al.(2015)
ARAF	EMD	So J. et al.(2015)
ARAF	TECR	So J. et al.(2015)
ARAF	TUBB6	So J. et al.(2015)
ARAF	DNAJA2	So J. et al.(2015)
ARAF	YWHAH	So J. et al.(2015)
ARAF	RCN1	So J. et al.(2015)
ARAF	TUBA4A	So J. et al.(2015)
ARAF	DNAJA1	So J. et al.(2015)
ARAF	AIFM1	So J. et al.(2015)
ARAF	YWHAG	So J. et al.(2015)
ARAF	YWHAQ	So J. et al.(2015)
ARAF	HSPB1	So J. et al.(2015)
ARAF	CALU	So J. et al.(2015)
ARAF	STUB1	So J. et al.(2015)
ARAF	TRIM28	So J. et al.(2015)
ARAF	YWHAE	So J. et al.(2015)
ARAF	SDF4	So J. et al.(2015)
ARAF	RPL37	So J. et al.(2015)
RAF1	KRAS	So J. et al.(2015)
MAPK3	DHPS	So J. et al.(2015)
ARAF	FKBP5	So J. et al.(2015)
ARAF	YWHAB	So J. et al.(2015)
ARAF	DDX5	So J. et al.(2015)
ARAF	ACTA2	So J. et al.(2015)
ARAF	ATP5F1B	So J. et al.(2015)
ARAF	CTNNA1	So J. et al.(2015)
ARAF	YWHAZ	So J. et al.(2015)
RAF1	TIMM50	So J. et al.(2015)
RAF1	EMD	So J. et al.(2015)
RAF1	YWHAH	So J. et al.(2015)
RAF1	DNAJA1	So J. et al.(2015)
RAF1	CALU	So J. et al.(2015)
RAF1	YWHAQ	So J. et al.(2015)
RAF1	YWHAG	So J. et al.(2015)
ARAF	EEF2	So J. et al.(2015)
ARAF	HSP90B1	So J. et al.(2015)
RAF1	YWHAE	So J. et al.(2015)
RAF1	YWHAB	So J. et al.(2015)
RAF1	YWHAZ	So J. et al.(2015)
ARAF	SFN	So J. et al.(2015)
RAF1	CCT8	So J. et al.(2015)
RAF1	SFN	So J. et al.(2015)
MAP2K1	ARAF	Hein MY. et al.(2015)
MAP2K1	RAF1	Hein MY. et al.(2015)
MAP2K1	BRAF	Hein MY. et al.(2015)
MAPK3	RBM26	Hein MY. et al.(2015)
MAPK3	CELF1	Hein MY. et al.(2015)
MAPK3	TBX3	Hein MY. et al.(2015)
MAPK3	TPM2	Hein MY. et al.(2015)
MAPK3	TIAL1	Hein MY. et al.(2015)
MAPK3	DYNC1I2	Hein MY. et al.(2015)
MAPK3	TTC9C	Hein MY. et al.(2015)
MAPK3	BAG6	Hein MY. et al.(2015)
MAPK3	UBL4A	Hein MY. et al.(2015)
MAPK3	IP6K3	Hein MY. et al.(2015)
MAPK3	APOL2	Hein MY. et al.(2015)
MAPK3	CSTF2T	Hein MY. et al.(2015)
MAPK3	TRPS1	Hein MY. et al.(2015)
MAPK3	WDR43	Hein MY. et al.(2015)
MAPK3	GSE1	Hein MY. et al.(2015)
MAPK3	UBE2V1	Hein MY. et al.(2015)
MAPK3	PCF11	Hein MY. et al.(2015)
MAPK3	DHPS	Hein MY. et al.(2015)
MAPK3	NUDT21	Hein MY. et al.(2015)
MAPK3	RBM4	Hein MY. et al.(2015)
MAP2K1	ZNF277	Hein MY. et al.(2015)
MAPK3	ATF7IP	Hein MY. et al.(2015)
MAP2K1	RBM33	Hein MY. et al.(2015)
MAP2K1	KSR1	Hein MY. et al.(2015)
RAF1	ACOX1	Hein MY. et al.(2015)
MAPK3	GEMIN5	Hein MY. et al.(2015)
MAPK3	TAF6	Hein MY. et al.(2015)
MAPK3	LTN1	Hein MY. et al.(2015)
RAF1	SS18L2	Hein MY. et al.(2015)
MAPK3	PFN1	Hein MY. et al.(2015)
MAPK3	SYMPK	Hein MY. et al.(2015)
RAF1	EEF1E1	Hein MY. et al.(2015)
RAF1	PCDH7	Hein MY. et al.(2015)
RAF1	YWHAH	Hein MY. et al.(2015)
RAF1	COPS5	Hein MY. et al.(2015)
MAPK3	HTT	Hein MY. et al.(2015)
MAPK3	LGALS3	Hein MY. et al.(2015)
RAF1	CALU	Hein MY. et al.(2015)
KRAS	NCBP2AS2	Hein MY. et al.(2015)
KRAS	SORBS3	Hein MY. et al.(2015)
KRAS	PML	Hein MY. et al.(2015)
KRAS	FAM83D	Hein MY. et al.(2015)
KRAS	TEDC1	Hein MY. et al.(2015)
KRAS	TTC31	Hein MY. et al.(2015)
KRAS	COPS7B	Hein MY. et al.(2015)
KRAS	LSM11	Hein MY. et al.(2015)
KRAS	MED4	Hein MY. et al.(2015)
KRAS	FSAF1	Hein MY. et al.(2015)
KRAS	TXNL4A	Hein MY. et al.(2015)
KRAS	ABCD3	Hein MY. et al.(2015)
KRAS	GATAD2A	Hein MY. et al.(2015)
KRAS	NUP107	Hein MY. et al.(2015)
KRAS	GOLIM4	Hein MY. et al.(2015)
KRAS	RPS29	Hein MY. et al.(2015)
NRAS	ARAF	Swaney DL. et al.(2021)
NRAS	MAP2K2	Swaney DL. et al.(2021)
NRAS	RAF1	Swaney DL. et al.(2021)
NRAS	BRAF	Swaney DL. et al.(2021)
HRAS	ARAF	Swaney DL. et al.(2021)
HRAS	RAF1	Swaney DL. et al.(2021)
HRAS	BRAF	Swaney DL. et al.(2021)
NRAS	COQ8B	Swaney DL. et al.(2021)
NRAS	RIN1	Swaney DL. et al.(2021)
NRAS	RGL2	Swaney DL. et al.(2021)
NRAS	GCN1	Swaney DL. et al.(2021)
NRAS	LETMD1	Swaney DL. et al.(2021)
NRAS	EXD2	Swaney DL. et al.(2021)
NRAS	TRABD	Swaney DL. et al.(2021)
NRAS	RMDN1	Swaney DL. et al.(2021)
NRAS	RDH13	Swaney DL. et al.(2021)
NRAS	MPP7	Swaney DL. et al.(2021)
NRAS	SAR1A	Swaney DL. et al.(2021)
NRAS	ANXA7	Swaney DL. et al.(2021)
NRAS	MICU1	Swaney DL. et al.(2021)
NRAS	OMA1	Swaney DL. et al.(2021)
NRAS	RIN2	Swaney DL. et al.(2021)
NRAS	ANXA11	Swaney DL. et al.(2021)
NRAS	SOAT1	Swaney DL. et al.(2021)
NRAS	PXN	Swaney DL. et al.(2021)
NRAS	MTHFD2	Swaney DL. et al.(2021)
NRAS	STEAP3	Swaney DL. et al.(2021)
MAPK1	RPS6KA2	Swaney DL. et al.(2021)
MAPK1	ERF	Swaney DL. et al.(2021)
MAPK1	COBLL1	Swaney DL. et al.(2021)
MAPK1	DHPS	Swaney DL. et al.(2021)
MAPK1	RPS6KA3	Swaney DL. et al.(2021)
MAPK1	PHF3	Swaney DL. et al.(2021)
MAPK1	FADD	Swaney DL. et al.(2021)
NRAS	MTOR	Swaney DL. et al.(2021)
HRAS	RGL2	Swaney DL. et al.(2021)
HRAS	RGL3	Swaney DL. et al.(2021)
HRAS	HSDL2	Swaney DL. et al.(2021)
MAPK1	RPS6KA1	Swaney DL. et al.(2021)
MAPK1	SMCHD1	Swaney DL. et al.(2021)
HRAS	RIN1	Swaney DL. et al.(2021)
HRAS	SMTN	Swaney DL. et al.(2021)
HRAS	SAR1A	Swaney DL. et al.(2021)
HRAS	PITPNB	Swaney DL. et al.(2021)
HRAS	DBN1	Swaney DL. et al.(2021)
HRAS	LAMA3	Swaney DL. et al.(2021)
HRAS	FAM83H	Swaney DL. et al.(2021)
HRAS	RMDN1	Swaney DL. et al.(2021)
HRAS	SUGT1	Swaney DL. et al.(2021)
HRAS	FUBP3	Swaney DL. et al.(2021)
HRAS	MORC3	Swaney DL. et al.(2021)
HRAS	UPP1	Swaney DL. et al.(2021)
HRAS	LAMC2	Swaney DL. et al.(2021)
HRAS	H1-0	Swaney DL. et al.(2021)
HRAS	GLYR1	Swaney DL. et al.(2021)
HRAS	AFDN	Swaney DL. et al.(2021)
HRAS	SOAT1	Swaney DL. et al.(2021)
HRAS	SCP2	Swaney DL. et al.(2021)
HRAS	MTHFD2	Swaney DL. et al.(2021)
HRAS	ANXA7	Swaney DL. et al.(2021)
HRAS	PXN	Swaney DL. et al.(2021)
HRAS	DIS3	Swaney DL. et al.(2021)
HRAS	WDR75	Swaney DL. et al.(2021)
HRAS	ANLN	Swaney DL. et al.(2021)
HRAS	LAMB3	Swaney DL. et al.(2021)
MAPK1	MET	Swaney DL. et al.(2021)
HRAS	MYH10	Swaney DL. et al.(2021)
HRAS	MYO1E	Swaney DL. et al.(2021)
HRAS	GARS1	Swaney DL. et al.(2021)
HRAS	EHD1	Swaney DL. et al.(2021)
HRAS	RPL34	Swaney DL. et al.(2021)
HRAS	RPL36	Swaney DL. et al.(2021)
HRAS	RRM1	Swaney DL. et al.(2021)
HRAS	H1-5	Swaney DL. et al.(2021)
HRAS	MET	Swaney DL. et al.(2021)
HRAS	RPL7	Swaney DL. et al.(2021)
HRAS	RPL3	Swaney DL. et al.(2021)
HRAS	RPL4	Swaney DL. et al.(2021)
HRAS	PLEC	Swaney DL. et al.(2021)
MAP2K2	MAP2K1	Huttlin EL. et al.(2021)
BRAF	ARAF	Huttlin EL. et al.(2021)
BRAF	MAP2K2	Huttlin EL. et al.(2021)
BRAF	MAP2K1	Huttlin EL. et al.(2021)
MAPK1	MAPK3	Huttlin EL. et al.(2021)
BRAF	RAF1	Huttlin EL. et al.(2021)
ARAF	APOD	Huttlin EL. et al.(2021)
MAP2K2	HSP90AB4P	Huttlin EL. et al.(2021)
MAP2K2	HSP90AA5P	Huttlin EL. et al.(2021)
MAP2K2	HSP90AA4P	Huttlin EL. et al.(2021)
MAP2K2	EXPH5	Huttlin EL. et al.(2021)
MAP2K2	DMWD	Huttlin EL. et al.(2021)
ARAF	MAP1A	Huttlin EL. et al.(2021)
MAP2K2	ARMCX5	Huttlin EL. et al.(2021)
MAP2K2	CLN6	Huttlin EL. et al.(2021)
MAP2K2	ERF	Huttlin EL. et al.(2021)
MAP2K2	NPRL3	Huttlin EL. et al.(2021)
MAP2K2	FAM91A1	Huttlin EL. et al.(2021)
MAP2K2	HEATR6	Huttlin EL. et al.(2021)
MAP2K2	WDR59	Huttlin EL. et al.(2021)
MAP2K2	FAM83H	Huttlin EL. et al.(2021)
MAP2K2	DNAJB14	Huttlin EL. et al.(2021)
MAP2K2	PISD	Huttlin EL. et al.(2021)
MAP2K2	BAG5	Huttlin EL. et al.(2021)
MAP2K2	PALD1	Huttlin EL. et al.(2021)
MAP2K2	PPIP5K1	Huttlin EL. et al.(2021)
MAP2K2	FAM83D	Huttlin EL. et al.(2021)
MAP2K2	PANK4	Huttlin EL. et al.(2021)
MAP2K2	EDRF1	Huttlin EL. et al.(2021)
MAP2K2	TRAF7	Huttlin EL. et al.(2021)
MAP2K2	HAUS6	Huttlin EL. et al.(2021)
MAP2K2	BBS7	Huttlin EL. et al.(2021)
MAP2K2	RHOT1	Huttlin EL. et al.(2021)
MAP2K2	NEDD1	Huttlin EL. et al.(2021)
MAP2K2	KIFBP	Huttlin EL. et al.(2021)
MAP2K2	DYNC2I2	Huttlin EL. et al.(2021)
MAP2K2	DNAJA3	Huttlin EL. et al.(2021)
MAP2K2	TUBA1C	Huttlin EL. et al.(2021)
MAP2K2	BBS2	Huttlin EL. et al.(2021)
MAP2K2	NRBP1	Huttlin EL. et al.(2021)
BRAF	HRAS	Huttlin EL. et al.(2021)
MAP2K2	BAG3	Huttlin EL. et al.(2021)
MAP2K2	CEP170	Huttlin EL. et al.(2021)
MAP2K2	SHKBP1	Huttlin EL. et al.(2021)
MAP2K2	HPS3	Huttlin EL. et al.(2021)
MAP2K2	PASK	Huttlin EL. et al.(2021)
MAP2K2	EIF2A	Huttlin EL. et al.(2021)
MAP2K2	MAGED2	Huttlin EL. et al.(2021)
ARAF	SETD2	Huttlin EL. et al.(2021)
MAP2K2	FANCA	Huttlin EL. et al.(2021)
MAP2K2	HSPA1B	Huttlin EL. et al.(2021)
MAP2K2	HSPA2	Huttlin EL. et al.(2021)
MAP2K2	TUBA4A	Huttlin EL. et al.(2021)
MAP2K2	BLTP2	Huttlin EL. et al.(2021)
MAP2K2	NCAPG2	Huttlin EL. et al.(2021)
MAP2K2	PI4K2B	Huttlin EL. et al.(2021)
MAP2K2	PIK3R4	Huttlin EL. et al.(2021)
MAP2K2	WDR6	Huttlin EL. et al.(2021)
MAP2K2	TTF2	Huttlin EL. et al.(2021)
MAP2K2	MCM3AP	Huttlin EL. et al.(2021)
MAP2K2	TUBB4A	Huttlin EL. et al.(2021)
MAP2K2	TUBB3	Huttlin EL. et al.(2021)
MAP2K2	CUL7	Huttlin EL. et al.(2021)
MAP2K2	RICTOR	Huttlin EL. et al.(2021)
MAP2K2	MADD	Huttlin EL. et al.(2021)
MAP2K2	ZNFX1	Huttlin EL. et al.(2021)
BRAF	KRAS	Huttlin EL. et al.(2021)
MAP2K2	POLA1	Huttlin EL. et al.(2021)
MAP2K2	DOCK7	Huttlin EL. et al.(2021)
MAP2K2	ANAPC1	Huttlin EL. et al.(2021)
MAP2K2	SMC3	Huttlin EL. et al.(2021)
MAP2K2	FKBP5	Huttlin EL. et al.(2021)
MAP2K2	SMC1A	Huttlin EL. et al.(2021)
MAP2K2	ATR	Huttlin EL. et al.(2021)
BRAF	DELE1	Huttlin EL. et al.(2021)
MAP2K2	TUBB	Huttlin EL. et al.(2021)
BRAF	ARMCX3	Huttlin EL. et al.(2021)
MAPK1	SCRN3	Huttlin EL. et al.(2021)
MAP2K2	TUBA1A	Huttlin EL. et al.(2021)
MAPK1	MPP2	Huttlin EL. et al.(2021)
MAPK1	RPS6KA2	Huttlin EL. et al.(2021)
MAPK1	DUSP7	Huttlin EL. et al.(2021)
MAPK1	DUSP9	Huttlin EL. et al.(2021)
MAPK1	MKNK1	Huttlin EL. et al.(2021)
MAPK1	FAM83D	Huttlin EL. et al.(2021)
MAPK1	TRPS1	Huttlin EL. et al.(2021)
MAPK1	RPS6KA6	Huttlin EL. et al.(2021)
MAPK1	IPP	Huttlin EL. et al.(2021)
BRAF	YWHAH	Huttlin EL. et al.(2021)
BRAF	RAB3GAP1	Huttlin EL. et al.(2021)
MAP2K2	VPS13C	Huttlin EL. et al.(2021)
BRAF	CDC37	Huttlin EL. et al.(2021)
MAPK1	SPAG9	Huttlin EL. et al.(2021)
MAPK1	HMMR	Huttlin EL. et al.(2021)
MAPK1	DHPS	Huttlin EL. et al.(2021)
MAPK1	RPS6KA3	Huttlin EL. et al.(2021)
MAPK1	GCC2	Huttlin EL. et al.(2021)
MAPK1	PHF3	Huttlin EL. et al.(2021)
MAPK1	MKNK2	Huttlin EL. et al.(2021)
BRAF	YWHAE	Huttlin EL. et al.(2021)
MAPK1	RPS6KA1	Huttlin EL. et al.(2021)
HRAS	RAP1GDS1	Huttlin EL. et al.(2021)
MAP2K2	HSP90AB1	Huttlin EL. et al.(2021)
BRAF	YWHAZ	Huttlin EL. et al.(2021)
MAP2K2	HSP90AA1	Huttlin EL. et al.(2021)
ARAF	MAP2K2	Buljan M. et al.(2020)
MAP2K2	ARAF	Buljan M. et al.(2020)
ARAF	MAP2K1	Buljan M. et al.(2020)
MAP2K1	ARAF	Buljan M. et al.(2020)
MAP2K1	MAP2K2	Buljan M. et al.(2020)
MAP2K2	MAP2K1	Buljan M. et al.(2020)
MAP2K2	RAF1	Buljan M. et al.(2020)
BRAF	MAP2K2	Buljan M. et al.(2020)
MAP2K2	BRAF	Buljan M. et al.(2020)
MAP2K1	RAF1	Buljan M. et al.(2020)
BRAF	NRAS	Buljan M. et al.(2020)
BRAF	MAP2K1	Buljan M. et al.(2020)
MAP2K1	BRAF	Buljan M. et al.(2020)
MAPK3	MAPK1	Buljan M. et al.(2020)
ARAF	HMGN1	Buljan M. et al.(2020)
ARAF	AIP	Buljan M. et al.(2020)
ARAF	HDGF	Buljan M. et al.(2020)
ARAF	CAMK1	Buljan M. et al.(2020)
ARAF	TBCB	Buljan M. et al.(2020)
MAP2K2	GATD3	Buljan M. et al.(2020)
ARAF	CIRBP	Buljan M. et al.(2020)
MAP2K2	LUC7L	Buljan M. et al.(2020)
ARAF	DMKN	Buljan M. et al.(2020)
MAP2K2	LUC7L2	Buljan M. et al.(2020)
ARAF	YWHAH	Buljan M. et al.(2020)
ARAF	THRAP3	Buljan M. et al.(2020)
MAP2K2	CBR1	Buljan M. et al.(2020)
MAP2K2	KSR2	Buljan M. et al.(2020)
MAP2K2	VASH2	Buljan M. et al.(2020)
MAP2K2	UIMC1	Buljan M. et al.(2020)
MAP2K2	ISYNA1	Buljan M. et al.(2020)
MAP2K2	UTP3	Buljan M. et al.(2020)
MAP2K2	BABAM1	Buljan M. et al.(2020)
ARAF	BCLAF1	Buljan M. et al.(2020)
MAP2K2	GLO1	Buljan M. et al.(2020)
MAP2K2	KSR1	Buljan M. et al.(2020)
MAP2K2	LRRC59	Buljan M. et al.(2020)
ARAF	CDC37	Buljan M. et al.(2020)
MAP2K2	GOT2	Buljan M. et al.(2020)
MAP2K2	SUB1	Buljan M. et al.(2020)
MAP2K2	PPA1	Buljan M. et al.(2020)
ARAF	YWHAQ	Buljan M. et al.(2020)
ARAF	YWHAG	Buljan M. et al.(2020)
MAPK3	ERF	Buljan M. et al.(2020)
MAPK3	DUSP7	Buljan M. et al.(2020)
MAPK3	RFX7	Buljan M. et al.(2020)
MAPK3	ABHD14B	Buljan M. et al.(2020)
MAPK3	DUSP9	Buljan M. et al.(2020)
MAPK3	RPS6KA6	Buljan M. et al.(2020)
MAP2K2	CKB	Buljan M. et al.(2020)
MAP2K2	PEBP1	Buljan M. et al.(2020)
MAP2K2	EIF5A	Buljan M. et al.(2020)
MAP2K2	BASP1	Buljan M. et al.(2020)
MAP2K2	YWHAH	Buljan M. et al.(2020)
MAP2K2	EIF4H	Buljan M. et al.(2020)
MAP2K2	TXNDC5	Buljan M. et al.(2020)
MAP2K2	RTCB	Buljan M. et al.(2020)
MAPK3	RPS6KA5	Buljan M. et al.(2020)
MAPK3	GRSF1	Buljan M. et al.(2020)
MAPK3	RPS6KA2	Buljan M. et al.(2020)
MAPK3	RSU1	Buljan M. et al.(2020)
MAPK3	DUSP6	Buljan M. et al.(2020)
MAPK3	TLK2	Buljan M. et al.(2020)
MAPK3	CHERP	Buljan M. et al.(2020)
MAPK3	FAM83D	Buljan M. et al.(2020)
MAPK3	PARVA	Buljan M. et al.(2020)
MAPK3	TLK1	Buljan M. et al.(2020)
MAP2K2	SPAG9	Buljan M. et al.(2020)
MAP2K2	UCHL1	Buljan M. et al.(2020)
MAP2K2	ETFA	Buljan M. et al.(2020)
MAP2K2	PAICS	Buljan M. et al.(2020)
MAP2K2	NME2	Buljan M. et al.(2020)
MAP2K2	AHCY	Buljan M. et al.(2020)
MAP2K2	PGD	Buljan M. et al.(2020)
MAP2K2	ARHGDIA	Buljan M. et al.(2020)
ARAF	YWHAE	Buljan M. et al.(2020)
MAPK3	HMMR	Buljan M. et al.(2020)
MAPK3	LIMS1	Buljan M. et al.(2020)
MAPK3	DHPS	Buljan M. et al.(2020)
MAPK3	EIF5A	Buljan M. et al.(2020)
MAPK3	PHF3	Buljan M. et al.(2020)
MAPK3	KHSRP	Buljan M. et al.(2020)
MAPK3	TUBGCP3	Buljan M. et al.(2020)
MAPK3	MKNK2	Buljan M. et al.(2020)
MAP2K2	MTHFD1	Buljan M. et al.(2020)
MAP2K2	YWHAQ	Buljan M. et al.(2020)
MAP2K2	SHMT2	Buljan M. et al.(2020)
MAP2K2	EIF2S3	Buljan M. et al.(2020)
MAP2K2	HINT1	Buljan M. et al.(2020)
MAP2K2	YWHAG	Buljan M. et al.(2020)
MAP2K2	IQGAP2	Buljan M. et al.(2020)
MAP2K2	MDC1	Buljan M. et al.(2020)
ARAF	YWHAB	Buljan M. et al.(2020)
ARAF	FKBP5	Buljan M. et al.(2020)
MAPK3	RPS6KA3	Buljan M. et al.(2020)
MAPK3	CSNK2B	Buljan M. et al.(2020)
MAPK3	ILK	Buljan M. et al.(2020)
MAP2K1	KSR2	Buljan M. et al.(2020)
MAP2K1	KSR1	Buljan M. et al.(2020)
MAP2K2	IPO5	Buljan M. et al.(2020)
MAP2K2	PFN1	Buljan M. et al.(2020)
MAP2K2	CSE1L	Buljan M. et al.(2020)
MAP2K2	PDIA6	Buljan M. et al.(2020)
MAP2K2	FSCN1	Buljan M. et al.(2020)
MAPK3	LTN1	Buljan M. et al.(2020)
MAPK3	TUBG1	Buljan M. et al.(2020)
MAPK3	RPS6KA1	Buljan M. et al.(2020)
MAP2K2	HMGB1	Buljan M. et al.(2020)
MAP2K2	TKT	Buljan M. et al.(2020)
MAP2K2	GDI2	Buljan M. et al.(2020)
MAP2K2	YWHAE	Buljan M. et al.(2020)
MAP2K2	CAP1	Buljan M. et al.(2020)
MAP2K1	YWHAH	Buljan M. et al.(2020)
MAP2K2	GPI	Buljan M. et al.(2020)
MAP2K2	UBA1	Buljan M. et al.(2020)
MAP2K2	YWHAB	Buljan M. et al.(2020)
MAP2K2	LRPPRC	Buljan M. et al.(2020)
RAF1	HAX1	Buljan M. et al.(2020)
RAF1	AIP	Buljan M. et al.(2020)
RAF1	DGKE	Buljan M. et al.(2020)
RAF1	HSD17B12	Buljan M. et al.(2020)
ARAF	YWHAZ	Buljan M. et al.(2020)
MAPK3	NCAPD2	Buljan M. et al.(2020)
MAP2K1	YWHAQ	Buljan M. et al.(2020)
MAP2K2	XPO1	Buljan M. et al.(2020)
MAP2K2	P4HB	Buljan M. et al.(2020)
MAP2K2	CANX	Buljan M. et al.(2020)
BRAF	PTMS	Buljan M. et al.(2020)
RAF1	PSMG1	Buljan M. et al.(2020)
RAF1	NDUFA9	Buljan M. et al.(2020)
RAF1	LRRC59	Buljan M. et al.(2020)
RAF1	GTF3C4	Buljan M. et al.(2020)
MAP2K1	YWHAG	Buljan M. et al.(2020)
MAP2K2	PCNA	Buljan M. et al.(2020)
MAP2K2	PARK7	Buljan M. et al.(2020)
BRAF	HMGN1	Buljan M. et al.(2020)
RAF1	MYO9A	Buljan M. et al.(2020)
RAF1	DNAJB6	Buljan M. et al.(2020)
RAF1	PFKP	Buljan M. et al.(2020)
RAF1	YWHAH	Buljan M. et al.(2020)
RAF1	MTA1	Buljan M. et al.(2020)
RAF1	TUBGCP3	Buljan M. et al.(2020)
RAF1	VPS18	Buljan M. et al.(2020)
MAPK3	LRRK2	Buljan M. et al.(2020)
MAPK3	PDCD6IP	Buljan M. et al.(2020)
MAPK1	NCCRP1	Buljan M. et al.(2020)
MAP2K1	YWHAB	Buljan M. et al.(2020)
MAP2K2	CALR	Buljan M. et al.(2020)
MAP2K2	RHOA	Buljan M. et al.(2020)
MAP2K2	RACK1	Buljan M. et al.(2020)
BRAF	CPVL	Buljan M. et al.(2020)
MAPK1	APOD	Buljan M. et al.(2020)
MAPK1	LGALS7B	Buljan M. et al.(2020)
RAF1	TCERG1	Buljan M. et al.(2020)
RAF1	GLUD1	Buljan M. et al.(2020)
RAF1	CDC37	Buljan M. et al.(2020)
RAF1	WDR6	Buljan M. et al.(2020)
BRAF	H2AZ1	Buljan M. et al.(2020)
BRAF	YWHAH	Buljan M. et al.(2020)
RAF1	MTHFD1	Buljan M. et al.(2020)
RAF1	YWHAQ	Buljan M. et al.(2020)
RAF1	YWHAG	Buljan M. et al.(2020)
RAF1	CARM1	Buljan M. et al.(2020)
RAF1	MTR	Buljan M. et al.(2020)
MAP2K2	PGK1	Buljan M. et al.(2020)
BRAF	YWHAQ	Buljan M. et al.(2020)
MAPK1	RPS6KA3	Buljan M. et al.(2020)
RAF1	MCM3	Buljan M. et al.(2020)
RAF1	LONP1	Buljan M. et al.(2020)
RAF1	MON2	Buljan M. et al.(2020)
BRAF	YWHAG	Buljan M. et al.(2020)
BRAF	YWHAE	Buljan M. et al.(2020)
BRAF	MDC1	Buljan M. et al.(2020)
RAF1	CDK1	Buljan M. et al.(2020)
RAF1	MCM5	Buljan M. et al.(2020)
RAF1	SERPINH1	Buljan M. et al.(2020)
RAF1	YWHAE	Buljan M. et al.(2020)
RAF1	POLR2B	Buljan M. et al.(2020)
RAF1	YWHAB	Buljan M. et al.(2020)
MAPK3	GLG1	Buljan M. et al.(2020)
BRAF	YWHAB	Buljan M. et al.(2020)
MAP2K2	EEF2	Buljan M. et al.(2020)
MAP2K2	HSP90B1	Buljan M. et al.(2020)
ARAF	HSP90AB1	Buljan M. et al.(2020)
RAF1	YWHAZ	Buljan M. et al.(2020)
BRAF	YWHAZ	Buljan M. et al.(2020)
ARAF	HSP90AA1	Buljan M. et al.(2020)
RAF1	HSP90AB1	Buljan M. et al.(2020)
MAP2K2	HLA-A	Buljan M. et al.(2020)
RAF1	HSP90AA1	Buljan M. et al.(2020)
RAF1	HLA-A	Buljan M. et al.(2020)
RAF1	BRAF	Luis F. Iglesias-Martinez et al.(2023)
RAF1	BRAF	Luis F. Iglesias-Martinez et al.(2023)
RAF1	BRAF	Luis F. Iglesias-Martinez et al.(2023)
RAF1	DCTPP1	Luis F. Iglesias-Martinez et al.(2023)
RAF1	HOXC9	Luis F. Iglesias-Martinez et al.(2023)
RAF1	CHLSN	Luis F. Iglesias-Martinez et al.(2023)
RAF1	NPM3	Luis F. Iglesias-Martinez et al.(2023)
RAF1	SEC61A2	Luis F. Iglesias-Martinez et al.(2023)
RAF1	EEF1E1	Luis F. Iglesias-Martinez et al.(2023)
RAF1	TRMT2A	Luis F. Iglesias-Martinez et al.(2023)
RAF1	ZC3H15	Luis F. Iglesias-Martinez et al.(2023)
RAF1	MTERF3	Luis F. Iglesias-Martinez et al.(2023)
RAF1	BAG2	Luis F. Iglesias-Martinez et al.(2023)
RAF1	HSP90AB3P	Luis F. Iglesias-Martinez et al.(2023)
RAF1	CAPZB	Luis F. Iglesias-Martinez et al.(2023)
RAF1	PRPF39	Luis F. Iglesias-Martinez et al.(2023)
RAF1	NOA1	Luis F. Iglesias-Martinez et al.(2023)
RAF1	RCBTB1	Luis F. Iglesias-Martinez et al.(2023)
RAF1	DPF2	Luis F. Iglesias-Martinez et al.(2023)
RAF1	CCDC124	Luis F. Iglesias-Martinez et al.(2023)
RAF1	NDUFAF4	Luis F. Iglesias-Martinez et al.(2023)
RAF1	PEF1	Luis F. Iglesias-Martinez et al.(2023)
RAF1	RBM7	Luis F. Iglesias-Martinez et al.(2023)
RAF1	E4F1	Luis F. Iglesias-Martinez et al.(2023)
RAF1	RFXANK	Luis F. Iglesias-Martinez et al.(2023)
RAF1	BAG4	Luis F. Iglesias-Martinez et al.(2023)
RAF1	CDC42EP1	Luis F. Iglesias-Martinez et al.(2023)
RAF1	PRMT9	Luis F. Iglesias-Martinez et al.(2023)
RAF1	TRMT1L	Luis F. Iglesias-Martinez et al.(2023)
RAF1	MED20	Luis F. Iglesias-Martinez et al.(2023)
RAF1	LYAR	Luis F. Iglesias-Martinez et al.(2023)
RAF1	ZNF608	Luis F. Iglesias-Martinez et al.(2023)
RAF1	ANGEL1	Luis F. Iglesias-Martinez et al.(2023)
RAF1	RBM34	Luis F. Iglesias-Martinez et al.(2023)
RAF1	MLF2	Luis F. Iglesias-Martinez et al.(2023)
RAF1	CKMT1B	Luis F. Iglesias-Martinez et al.(2023)
RAF1	SASS6	Luis F. Iglesias-Martinez et al.(2023)
RAF1	GAR1	Luis F. Iglesias-Martinez et al.(2023)
RAF1	DNTTIP1	Luis F. Iglesias-Martinez et al.(2023)
RAF1	CPSF6	Luis F. Iglesias-Martinez et al.(2023)
RAF1	PDHA1	Luis F. Iglesias-Martinez et al.(2023)
RAF1	PDHB	Luis F. Iglesias-Martinez et al.(2023)
RAF1	EEF1B2	Luis F. Iglesias-Martinez et al.(2023)
RAF1	TIMM50	Luis F. Iglesias-Martinez et al.(2023)
RAF1	PPP4R3A	Luis F. Iglesias-Martinez et al.(2023)
RAF1	LRRC59	Luis F. Iglesias-Martinez et al.(2023)
RAF1	MRTO4	Luis F. Iglesias-Martinez et al.(2023)
RAF1	AKAP8L	Luis F. Iglesias-Martinez et al.(2023)
RAF1	DRG1	Luis F. Iglesias-Martinez et al.(2023)
RAF1	AMOTL2	Luis F. Iglesias-Martinez et al.(2023)
RAF1	KSR1	Luis F. Iglesias-Martinez et al.(2023)
RAF1	SMARCE1	Luis F. Iglesias-Martinez et al.(2023)
RAF1	RERE	Luis F. Iglesias-Martinez et al.(2023)
RAF1	YTHDF3	Luis F. Iglesias-Martinez et al.(2023)
RAF1	CLTB	Luis F. Iglesias-Martinez et al.(2023)
RAF1	SSR4	Luis F. Iglesias-Martinez et al.(2023)
RAF1	TNRC6B	Luis F. Iglesias-Martinez et al.(2023)
RAF1	UTP18	Luis F. Iglesias-Martinez et al.(2023)
RAF1	STRAP	Luis F. Iglesias-Martinez et al.(2023)
RAF1	ASCC2	Luis F. Iglesias-Martinez et al.(2023)
RAF1	ARHGEF26	Luis F. Iglesias-Martinez et al.(2023)
RAF1	ITPK1	Luis F. Iglesias-Martinez et al.(2023)
RAF1	PDCD6	Luis F. Iglesias-Martinez et al.(2023)
RAF1	EIF3G	Luis F. Iglesias-Martinez et al.(2023)
RAF1	CTPS1	Luis F. Iglesias-Martinez et al.(2023)
RAF1	EIF2S2	Luis F. Iglesias-Martinez et al.(2023)
RAF1	TMPO	Luis F. Iglesias-Martinez et al.(2023)
RAF1	PPP2R2A	Luis F. Iglesias-Martinez et al.(2023)
RAF1	YWHAH	Luis F. Iglesias-Martinez et al.(2023)
RAF1	AIMP1	Luis F. Iglesias-Martinez et al.(2023)
RAF1	TUT7	Luis F. Iglesias-Martinez et al.(2023)
RAF1	DHX57	Luis F. Iglesias-Martinez et al.(2023)
RAF1	DNAJC10	Luis F. Iglesias-Martinez et al.(2023)
RAF1	ABCF1	Luis F. Iglesias-Martinez et al.(2023)
RAF1	FASTKD2	Luis F. Iglesias-Martinez et al.(2023)
RAF1	QARS1	Luis F. Iglesias-Martinez et al.(2023)
RAF1	SMARCD2	Luis F. Iglesias-Martinez et al.(2023)
RAF1	PARP2	Luis F. Iglesias-Martinez et al.(2023)
RAF1	UBE4B	Luis F. Iglesias-Martinez et al.(2023)
RAF1	MED15	Luis F. Iglesias-Martinez et al.(2023)
RAF1	CLPB	Luis F. Iglesias-Martinez et al.(2023)
RAF1	MAGED1	Luis F. Iglesias-Martinez et al.(2023)
RAF1	TRIM21	Luis F. Iglesias-Martinez et al.(2023)
RAF1	PRPF3	Luis F. Iglesias-Martinez et al.(2023)
RAF1	TNRC6A	Luis F. Iglesias-Martinez et al.(2023)
RAF1	KPNA4	Luis F. Iglesias-Martinez et al.(2023)
RAF1	CAPZA1	Luis F. Iglesias-Martinez et al.(2023)
RAF1	MTMR3	Luis F. Iglesias-Martinez et al.(2023)
RAF1	AGO1	Luis F. Iglesias-Martinez et al.(2023)
RAF1	AFG3L2	Luis F. Iglesias-Martinez et al.(2023)
RAF1	LARP4	Luis F. Iglesias-Martinez et al.(2023)
RAF1	NSUN2	Luis F. Iglesias-Martinez et al.(2023)
RAF1	PARN	Luis F. Iglesias-Martinez et al.(2023)
RAF1	EIF4B	Luis F. Iglesias-Martinez et al.(2023)
RAF1	EIF3F	Luis F. Iglesias-Martinez et al.(2023)
RAF1	SEC24B	Luis F. Iglesias-Martinez et al.(2023)
RAF1	EIF3H	Luis F. Iglesias-Martinez et al.(2023)
RAF1	SEC24A	Luis F. Iglesias-Martinez et al.(2023)
RAF1	TXN	Luis F. Iglesias-Martinez et al.(2023)
RAF1	PRDX2	Luis F. Iglesias-Martinez et al.(2023)
RAF1	RARS1	Luis F. Iglesias-Martinez et al.(2023)
RAF1	HDLBP	Luis F. Iglesias-Martinez et al.(2023)
RAF1	CDC37	Luis F. Iglesias-Martinez et al.(2023)
RAF1	P3H1	Luis F. Iglesias-Martinez et al.(2023)
RAF1	CCAR2	Luis F. Iglesias-Martinez et al.(2023)
RAF1	EIF3K	Luis F. Iglesias-Martinez et al.(2023)
RAF1	FARSA	Luis F. Iglesias-Martinez et al.(2023)
RAF1	MED16	Luis F. Iglesias-Martinez et al.(2023)
RAF1	TCAF1	Luis F. Iglesias-Martinez et al.(2023)
RAF1	CASK	Luis F. Iglesias-Martinez et al.(2023)
RAF1	EIF4E	Luis F. Iglesias-Martinez et al.(2023)
RAF1	HSPA6	Luis F. Iglesias-Martinez et al.(2023)
RAF1	SMARCB1	Luis F. Iglesias-Martinez et al.(2023)
RAF1	DHX29	Luis F. Iglesias-Martinez et al.(2023)
RAF1	AMBRA1	Luis F. Iglesias-Martinez et al.(2023)
RAF1	RPLP2	Luis F. Iglesias-Martinez et al.(2023)
RAF1	MED24	Luis F. Iglesias-Martinez et al.(2023)
RAF1	HADHA	Luis F. Iglesias-Martinez et al.(2023)
RAF1	NAP1L1	Luis F. Iglesias-Martinez et al.(2023)
RAF1	SEC61A1	Luis F. Iglesias-Martinez et al.(2023)
RAF1	EIF3C	Luis F. Iglesias-Martinez et al.(2023)
RAF1	SEC23A	Luis F. Iglesias-Martinez et al.(2023)
RAF1	UQCRC2	Luis F. Iglesias-Martinez et al.(2023)
RAF1	IPO7	Luis F. Iglesias-Martinez et al.(2023)
RAF1	EIF2S1	Luis F. Iglesias-Martinez et al.(2023)
RAF1	EEF1G	Luis F. Iglesias-Martinez et al.(2023)
RAF1	YWHAQ	Luis F. Iglesias-Martinez et al.(2023)
RAF1	EIF2S3	Luis F. Iglesias-Martinez et al.(2023)
RAF1	SEC24C	Luis F. Iglesias-Martinez et al.(2023)
RAF1	MARS1	Luis F. Iglesias-Martinez et al.(2023)
RAF1	YWHAG	Luis F. Iglesias-Martinez et al.(2023)
RAF1	EIF3I	Luis F. Iglesias-Martinez et al.(2023)
RAF1	SEC23B	Luis F. Iglesias-Martinez et al.(2023)
RAF1	EIF3M	Luis F. Iglesias-Martinez et al.(2023)
RAF1	SERBP1	Luis F. Iglesias-Martinez et al.(2023)
RAF1	YTHDF2	Luis F. Iglesias-Martinez et al.(2023)
RAF1	MED23	Luis F. Iglesias-Martinez et al.(2023)
RAF1	MED14	Luis F. Iglesias-Martinez et al.(2023)
RAF1	ACTL6A	Luis F. Iglesias-Martinez et al.(2023)
RAF1	SMARCC1	Luis F. Iglesias-Martinez et al.(2023)
RAF1	CHD7	Luis F. Iglesias-Martinez et al.(2023)
RAF1	EEF1D	Luis F. Iglesias-Martinez et al.(2023)
RAF1	POLR2E	Luis F. Iglesias-Martinez et al.(2023)
RAF1	KTN1	Luis F. Iglesias-Martinez et al.(2023)
RAF1	GEMIN5	Luis F. Iglesias-Martinez et al.(2023)
RAF1	EIF3D	Luis F. Iglesias-Martinez et al.(2023)
RAF1	LARS1	Luis F. Iglesias-Martinez et al.(2023)
RAF1	EIF3B	Luis F. Iglesias-Martinez et al.(2023)
RAF1	IMPDH2	Luis F. Iglesias-Martinez et al.(2023)
RAF1	RO60	Luis F. Iglesias-Martinez et al.(2023)
RAF1	EIF3E	Luis F. Iglesias-Martinez et al.(2023)
RAF1	HDAC1	Luis F. Iglesias-Martinez et al.(2023)
RAF1	STUB1	Luis F. Iglesias-Martinez et al.(2023)
RAF1	EIF3L	Luis F. Iglesias-Martinez et al.(2023)
RAF1	ARID1A	Luis F. Iglesias-Martinez et al.(2023)
RAF1	CSDE1	Luis F. Iglesias-Martinez et al.(2023)
RAF1	SEC31A	Luis F. Iglesias-Martinez et al.(2023)
RAF1	RPN1	Luis F. Iglesias-Martinez et al.(2023)
RAF1	EIF4A1	Luis F. Iglesias-Martinez et al.(2023)
RAF1	YWHAE	Luis F. Iglesias-Martinez et al.(2023)
RAF1	MTMR4	Luis F. Iglesias-Martinez et al.(2023)
RAF1	EIF3CL	Luis F. Iglesias-Martinez et al.(2023)
RAF1	NUP155	Luis F. Iglesias-Martinez et al.(2023)
RAF1	XPO1	Luis F. Iglesias-Martinez et al.(2023)
RAF1	TCP1	Luis F. Iglesias-Martinez et al.(2023)
RAF1	YWHAB	Luis F. Iglesias-Martinez et al.(2023)
RAF1	CCT6A	Luis F. Iglesias-Martinez et al.(2023)
RAF1	CCT5	Luis F. Iglesias-Martinez et al.(2023)
RAF1	CCT3	Luis F. Iglesias-Martinez et al.(2023)
RAF1	CCT4	Luis F. Iglesias-Martinez et al.(2023)
RAF1	EIF3A	Luis F. Iglesias-Martinez et al.(2023)
RAF1	KPNB1	Luis F. Iglesias-Martinez et al.(2023)
RAF1	DICER1	Luis F. Iglesias-Martinez et al.(2023)
RAF1	RPS21	Luis F. Iglesias-Martinez et al.(2023)
RAF1	MED1	Luis F. Iglesias-Martinez et al.(2023)
RAF1	ASCC3	Luis F. Iglesias-Martinez et al.(2023)
RAF1	HDAC2	Luis F. Iglesias-Martinez et al.(2023)
RAF1	EFTUD2	Luis F. Iglesias-Martinez et al.(2023)
RAF1	RPL34	Luis F. Iglesias-Martinez et al.(2023)
RAF1	RPL11	Luis F. Iglesias-Martinez et al.(2023)
RAF1	RPSA	Luis F. Iglesias-Martinez et al.(2023)
RAF1	PSMD3	Luis F. Iglesias-Martinez et al.(2023)
RAF1	PCNA	Luis F. Iglesias-Martinez et al.(2023)
RAF1	PPP2R1A	Luis F. Iglesias-Martinez et al.(2023)
RAF1	YWHAZ	Luis F. Iglesias-Martinez et al.(2023)
RAF1	CCT2	Luis F. Iglesias-Martinez et al.(2023)
RAF1	CCT7	Luis F. Iglesias-Martinez et al.(2023)
RAF1	RPL5	Luis F. Iglesias-Martinez et al.(2023)
RAF1	SMARCA4	Luis F. Iglesias-Martinez et al.(2023)
RAF1	WDR5	Luis F. Iglesias-Martinez et al.(2023)
RAF1	ATP5F1B	Luis F. Iglesias-Martinez et al.(2023)
RAF1	ATP5F1A	Luis F. Iglesias-Martinez et al.(2023)
RAF1	CCT8	Luis F. Iglesias-Martinez et al.(2023)
RAF1	RACK1	Luis F. Iglesias-Martinez et al.(2023)
RAF1	RPL13	Luis F. Iglesias-Martinez et al.(2023)
RAF1	RPL8	Luis F. Iglesias-Martinez et al.(2023)
RAF1	PARP1	Luis F. Iglesias-Martinez et al.(2023)
RAF1	SPTAN1	Luis F. Iglesias-Martinez et al.(2023)
RAF1	ENO1	Luis F. Iglesias-Martinez et al.(2023)
RAF1	EEF2	Luis F. Iglesias-Martinez et al.(2023)
RAF1	VCP	Luis F. Iglesias-Martinez et al.(2023)
RAF1	HSP90AB1	Luis F. Iglesias-Martinez et al.(2023)
RAF1	CLTC	Luis F. Iglesias-Martinez et al.(2023)
RAF1	FASN	Luis F. Iglesias-Martinez et al.(2023)
RAF1	GAPDH	Luis F. Iglesias-Martinez et al.(2023)
RAF1	HSP90AA1	Luis F. Iglesias-Martinez et al.(2023)
RAF1	DYNC1H1	Luis F. Iglesias-Martinez et al.(2023)
MAP2K2	ARAF	Kennedy SA et al.(2019)
MAP2K1	ARAF	Kennedy SA et al.(2019)
ARAF	RAF1	Kennedy SA et al.(2019)
MAP2K2	RAF1	Kennedy SA et al.(2019)
ARAF	BRAF	Kennedy SA et al.(2019)
RAF1	NRAS	Kennedy SA et al.(2019)
BRAF	MAP2K2	Kennedy SA et al.(2019)
MAP2K1	RAF1	Kennedy SA et al.(2019)
BRAF	MAP2K1	Kennedy SA et al.(2019)
MAPK3	MAPK1	Kennedy SA et al.(2019)
BRAF	RAF1	Kennedy SA et al.(2019)
ARAF	BAG2	Kennedy SA et al.(2019)
ARAF	MTNR1B	Kennedy SA et al.(2019)
ARAF	HSP90AB3P	Kennedy SA et al.(2019)
ARAF	PKP1	Kennedy SA et al.(2019)
ARAF	CALML5	Kennedy SA et al.(2019)
ARAF	TGM3	Kennedy SA et al.(2019)
MAP2K2	SLC25A11	Kennedy SA et al.(2019)
MAP2K2	BAG2	Kennedy SA et al.(2019)
ARAF	DSG1	Kennedy SA et al.(2019)
MAPK3	HSPA7	Kennedy SA et al.(2019)
MAP2K2	KSR1	Kennedy SA et al.(2019)
MAP2K2	HPX	Kennedy SA et al.(2019)
ARAF	CDC37	Kennedy SA et al.(2019)
MAP2K2	TUBA1C	Kennedy SA et al.(2019)
ARAF	YWHAG	Kennedy SA et al.(2019)
ARAF	YWHAQ	Kennedy SA et al.(2019)
MAPK3	HSP90AB2P	Kennedy SA et al.(2019)
MAP2K2	YWHAH	Kennedy SA et al.(2019)
MAP2K2	DSG1	Kennedy SA et al.(2019)
MAP2K2	DNAJA2	Kennedy SA et al.(2019)
MAPK3	FAM83D	Kennedy SA et al.(2019)
MAP2K1	KRAS	Kennedy SA et al.(2019)
MAP2K2	CDC37	Kennedy SA et al.(2019)
MAP2K2	SLC25A3	Kennedy SA et al.(2019)
MAP2K2	TUBA4A	Kennedy SA et al.(2019)
MAP2K2	HSPA4	Kennedy SA et al.(2019)
MAP2K2	DNAJA1	Kennedy SA et al.(2019)
ARAF	ANXA1	Kennedy SA et al.(2019)
RAF1	KRAS	Kennedy SA et al.(2019)
RAF1	KRAS	Kennedy SA et al.(2019)
RAF1	KRAS	Kennedy SA et al.(2019)
MAPK3	DHPS	Kennedy SA et al.(2019)
MAPK3	HSPA6	Kennedy SA et al.(2019)
MAP2K1	PLPBP	Kennedy SA et al.(2019)
MAP2K1	SLAIN2	Kennedy SA et al.(2019)
MAP2K1	UQCRFS1P1	Kennedy SA et al.(2019)
MAP2K1	NPM3	Kennedy SA et al.(2019)
MAP2K2	TUBB4B	Kennedy SA et al.(2019)
MAP2K2	YWHAQ	Kennedy SA et al.(2019)
MAP2K2	EIF2S1	Kennedy SA et al.(2019)
BRAF	KRAS	Kennedy SA et al.(2019)
ARAF	YWHAB	Kennedy SA et al.(2019)
ARAF	PRKAR1A	Kennedy SA et al.(2019)
MAPK3	CDC37	Kennedy SA et al.(2019)
MAPK3	ILK	Kennedy SA et al.(2019)
MAPK3	RPS6KA3	Kennedy SA et al.(2019)
MAP2K1	CAMSAP3	Kennedy SA et al.(2019)
MAP2K1	KSR1	Kennedy SA et al.(2019)
MAP2K1	CD9	Kennedy SA et al.(2019)
MAP2K1	ATAD3A	Kennedy SA et al.(2019)
MAP2K1	TOMM22	Kennedy SA et al.(2019)
MAP2K1	KRR1	Kennedy SA et al.(2019)
MAP2K1	SRSF5	Kennedy SA et al.(2019)
MAP2K1	CBX1	Kennedy SA et al.(2019)
MAP2K1	UQCRB	Kennedy SA et al.(2019)
MAP2K1	NDUFA10	Kennedy SA et al.(2019)
MAP2K1	RRP9	Kennedy SA et al.(2019)
MAP2K2	IMMT	Kennedy SA et al.(2019)
MAP2K2	PRDX1	Kennedy SA et al.(2019)
ARAF	CCT4	Kennedy SA et al.(2019)
ARAF	CCT3	Kennedy SA et al.(2019)
ARAF	CCT6A	Kennedy SA et al.(2019)
ARAF	TCP1	Kennedy SA et al.(2019)
MAPK3	RPS6KA1	Kennedy SA et al.(2019)
MAP2K1	TCF25	Kennedy SA et al.(2019)
MAP2K1	STK38	Kennedy SA et al.(2019)
MAP2K1	RALY	Kennedy SA et al.(2019)
MAP2K1	TOR1AIP1	Kennedy SA et al.(2019)
MAP2K1	CBX3	Kennedy SA et al.(2019)
MAP2K1	RBM25	Kennedy SA et al.(2019)
MAP2K1	UQCRFS1	Kennedy SA et al.(2019)
MAP2K1	NOP2	Kennedy SA et al.(2019)
MAP2K1	H1-0	Kennedy SA et al.(2019)
MAP2K1	HNRNPDL	Kennedy SA et al.(2019)
MAP2K2	TUBA1B	Kennedy SA et al.(2019)
ARAF	CCT7	Kennedy SA et al.(2019)
ARAF	CCT2	Kennedy SA et al.(2019)
ARAF	JUP	Kennedy SA et al.(2019)
MAP2K1	DNAJA2	Kennedy SA et al.(2019)
MAP2K1	DPP7	Kennedy SA et al.(2019)
MAP2K1	RCN1	Kennedy SA et al.(2019)
MAP2K1	YWHAH	Kennedy SA et al.(2019)
MAP2K1	FBL	Kennedy SA et al.(2019)
MAP2K1	NOP58	Kennedy SA et al.(2019)
MAP2K1	DDX18	Kennedy SA et al.(2019)
MAP2K1	GNL3	Kennedy SA et al.(2019)
MAP2K1	HMGA1	Kennedy SA et al.(2019)
MAP2K2	HSPA9	Kennedy SA et al.(2019)
MAP2K2	YWHAB	Kennedy SA et al.(2019)
RAF1	SLC25A10	Kennedy SA et al.(2019)
RAF1	SLC25A22	Kennedy SA et al.(2019)
RAF1	HSP90AB2P	Kennedy SA et al.(2019)
RAF1	HSD17B12	Kennedy SA et al.(2019)
RAF1	TMED1	Kennedy SA et al.(2019)
RAF1	SEC61A2	Kennedy SA et al.(2019)
RAF1	ARL1	Kennedy SA et al.(2019)
RAF1	TUBG2	Kennedy SA et al.(2019)
RAF1	DPM1	Kennedy SA et al.(2019)
RAF1	SLC25A11	Kennedy SA et al.(2019)
RAF1	HSP90AB3P	Kennedy SA et al.(2019)
RAF1	BAG2	Kennedy SA et al.(2019)
RAF1	NUBP2	Kennedy SA et al.(2019)
ARAF	YWHAZ	Kennedy SA et al.(2019)
MAP2K1	SLC16A3	Kennedy SA et al.(2019)
MAP2K1	CDC37	Kennedy SA et al.(2019)
MAP2K1	YWHAQ	Kennedy SA et al.(2019)
MAP2K1	NOC2L	Kennedy SA et al.(2019)
MAP2K1	NAT10	Kennedy SA et al.(2019)
MAP2K1	VARS1	Kennedy SA et al.(2019)
MAP2K2	CCT6A	Kennedy SA et al.(2019)
MAP2K2	NCL	Kennedy SA et al.(2019)
BRAF	ATAD3B	Kennedy SA et al.(2019)
BRAF	SLC25A11	Kennedy SA et al.(2019)
BRAF	TXNDC12	Kennedy SA et al.(2019)
RAF1	TMEM161A	Kennedy SA et al.(2019)
RAF1	IARS2	Kennedy SA et al.(2019)
RAF1	TM9SF3	Kennedy SA et al.(2019)
RAF1	GCN1	Kennedy SA et al.(2019)
RAF1	TIMM50	Kennedy SA et al.(2019)
RAF1	TMEM33	Kennedy SA et al.(2019)
RAF1	SLC25A1	Kennedy SA et al.(2019)
RAF1	ALDH1A3	Kennedy SA et al.(2019)
RAF1	HPX	Kennedy SA et al.(2019)
RAF1	AKAP8L	Kennedy SA et al.(2019)
RAF1	STK39	Kennedy SA et al.(2019)
RAF1	EMD	Kennedy SA et al.(2019)
RAF1	MGST1	Kennedy SA et al.(2019)
RAF1	ATAD3A	Kennedy SA et al.(2019)
ARAF	CCT8	Kennedy SA et al.(2019)
MAPK3	LRPPRC	Kennedy SA et al.(2019)
MAPK3	FKBP5	Kennedy SA et al.(2019)
MAP2K1	HSPB1	Kennedy SA et al.(2019)
MAP2K1	YWHAG	Kennedy SA et al.(2019)
MAP2K1	RAB5C	Kennedy SA et al.(2019)
MAP2K1	NT5C2	Kennedy SA et al.(2019)
MAP2K1	TARDBP	Kennedy SA et al.(2019)
MAP2K1	AKAP12	Kennedy SA et al.(2019)
MAP2K2	TUBB	Kennedy SA et al.(2019)
BRAF	SDF2L1	Kennedy SA et al.(2019)
BRAF	SLC25A22	Kennedy SA et al.(2019)
BRAF	HSP90AB3P	Kennedy SA et al.(2019)
BRAF	NDUFA4	Kennedy SA et al.(2019)
BRAF	HPX	Kennedy SA et al.(2019)
ARAF	DSP	Kennedy SA et al.(2019)
RAF1	ABCF2	Kennedy SA et al.(2019)
RAF1	NCLN	Kennedy SA et al.(2019)
RAF1	ABCD3	Kennedy SA et al.(2019)
RAF1	TUBB6	Kennedy SA et al.(2019)
RAF1	YWHAH	Kennedy SA et al.(2019)
RAF1	DNAJA2	Kennedy SA et al.(2019)
MAPK1	WDCP	Kennedy SA et al.(2019)
MAPK1	NKAPL	Kennedy SA et al.(2019)
MAPK1	MZT2B	Kennedy SA et al.(2019)
MAP2K1	SLC7A5	Kennedy SA et al.(2019)
MAP2K1	YWHAE	Kennedy SA et al.(2019)
MAP2K1	RPL29	Kennedy SA et al.(2019)
MAP2K1	YWHAB	Kennedy SA et al.(2019)
MAP2K1	ITGA3	Kennedy SA et al.(2019)
MAP2K1	MCM4	Kennedy SA et al.(2019)
MAP2K2	YWHAZ	Kennedy SA et al.(2019)
BRAF	TMEM33	Kennedy SA et al.(2019)
BRAF	ATAD3A	Kennedy SA et al.(2019)
BRAF	DNAJB11	Kennedy SA et al.(2019)
BRAF	FAR1	Kennedy SA et al.(2019)
MAPK1	MKNK1	Kennedy SA et al.(2019)
MAPK1	LZTS2	Kennedy SA et al.(2019)
MAPK1	DUSP9	Kennedy SA et al.(2019)
MAPK1	AGAP3	Kennedy SA et al.(2019)
MAPK1	BRIX1	Kennedy SA et al.(2019)
MAPK1	COP1	Kennedy SA et al.(2019)
MAPK1	NKAP	Kennedy SA et al.(2019)
MAPK1	MZT1	Kennedy SA et al.(2019)
MAPK1	ERF	Kennedy SA et al.(2019)
MAPK1	ETV3	Kennedy SA et al.(2019)
MAPK1	TUBG2	Kennedy SA et al.(2019)
MAPK1	RPS6KA4	Kennedy SA et al.(2019)
MAPK1	ANKRD28	Kennedy SA et al.(2019)
MAPK1	IPP	Kennedy SA et al.(2019)
MAPK1	H1-10	Kennedy SA et al.(2019)
MAPK1	DUSP4	Kennedy SA et al.(2019)
MAPK1	RAP1GAP	Kennedy SA et al.(2019)
RAF1	CCAR2	Kennedy SA et al.(2019)
RAF1	CDC37	Kennedy SA et al.(2019)
RAF1	DSG1	Kennedy SA et al.(2019)
RAF1	TUBA4A	Kennedy SA et al.(2019)
RAF1	SLC25A3	Kennedy SA et al.(2019)
RAF1	HSPA6	Kennedy SA et al.(2019)
BRAF	SPTBN4	Kennedy SA et al.(2019)
BRAF	YWHAH	Kennedy SA et al.(2019)
BRAF	HSPA6	Kennedy SA et al.(2019)
MAP2K1	FKBP5	Kennedy SA et al.(2019)
RAF1	FANCD2	Kennedy SA et al.(2019)
RAF1	TUBB3	Kennedy SA et al.(2019)
RAF1	SEC61A1	Kennedy SA et al.(2019)
RAF1	TUBG1	Kennedy SA et al.(2019)
RAF1	YWHAG	Kennedy SA et al.(2019)
RAF1	YWHAQ	Kennedy SA et al.(2019)
RAF1	HSPB1	Kennedy SA et al.(2019)
RAF1	CALU	Kennedy SA et al.(2019)
RAF1	TUBB4A	Kennedy SA et al.(2019)
RAF1	AIFM1	Kennedy SA et al.(2019)
RAF1	TUBB4B	Kennedy SA et al.(2019)
MAP2K2	DSP	Kennedy SA et al.(2019)
BRAF	CDC37	Kennedy SA et al.(2019)
BRAF	YWHAQ	Kennedy SA et al.(2019)
MAPK1	MRTFB	Kennedy SA et al.(2019)
MAPK1	DDX41	Kennedy SA et al.(2019)
MAPK1	TUBGCP4	Kennedy SA et al.(2019)
MAPK1	TUBGCP3	Kennedy SA et al.(2019)
MAPK1	MRTFA	Kennedy SA et al.(2019)
MAPK1	ARHGAP45	Kennedy SA et al.(2019)
MAPK1	GCC2	Kennedy SA et al.(2019)
MAPK1	TRIM25	Kennedy SA et al.(2019)
MAPK1	ILK	Kennedy SA et al.(2019)
MAPK1	MAPK7	Kennedy SA et al.(2019)
MAPK1	RPS6KA3	Kennedy SA et al.(2019)
MAPK1	DHPS	Kennedy SA et al.(2019)
MAPK1	HMMR	Kennedy SA et al.(2019)
RAF1	MSH2	Kennedy SA et al.(2019)
RAF1	POLD1	Kennedy SA et al.(2019)
ARAF	RPS27A	Kennedy SA et al.(2019)
BRAF	RPTOR	Kennedy SA et al.(2019)
BRAF	YWHAE	Kennedy SA et al.(2019)
BRAF	YWHAG	Kennedy SA et al.(2019)
BRAF	HSPB1	Kennedy SA et al.(2019)
MAP2K1	YWHAZ	Kennedy SA et al.(2019)
MAP2K1	TPR	Kennedy SA et al.(2019)
RAF1	YWHAE	Kennedy SA et al.(2019)
MAPK1	TUBGCP2	Kennedy SA et al.(2019)
MAPK1	RPS6KA1	Kennedy SA et al.(2019)
MAPK1	TUBG1	Kennedy SA et al.(2019)
MAPK1	SEC16A	Kennedy SA et al.(2019)
ARAF	UBA52	Kennedy SA et al.(2019)
RAF1	POLR2B	Kennedy SA et al.(2019)
RAF1	CCT4	Kennedy SA et al.(2019)
RAF1	CCT3	Kennedy SA et al.(2019)
RAF1	CCT5	Kennedy SA et al.(2019)
RAF1	CCT6A	Kennedy SA et al.(2019)
RAF1	YWHAB	Kennedy SA et al.(2019)
RAF1	TCP1	Kennedy SA et al.(2019)
MAP2K1	CAD	Kennedy SA et al.(2019)
BRAF	HSPA9	Kennedy SA et al.(2019)
BRAF	YWHAB	Kennedy SA et al.(2019)
MAP2K2	HSPA5	Kennedy SA et al.(2019)
MAPK1	RPL22	Kennedy SA et al.(2019)
MAPK1	H1-4	Kennedy SA et al.(2019)
ARAF	UBB	Kennedy SA et al.(2019)
ARAF	HSP90AB1	Kennedy SA et al.(2019)
MAPK3	HSPA5	Kennedy SA et al.(2019)
RAF1	CCT7	Kennedy SA et al.(2019)
RAF1	CCT2	Kennedy SA et al.(2019)
RAF1	YWHAZ	Kennedy SA et al.(2019)
RAF1	KEAP1	Kennedy SA et al.(2019)
RAF1	TUBB	Kennedy SA et al.(2019)
MAP2K1	FAT1	Kennedy SA et al.(2019)
BRAF	NCL	Kennedy SA et al.(2019)
BRAF	PSMC4	Kennedy SA et al.(2019)
BRAF	P4HB	Kennedy SA et al.(2019)
MAPK1	H1-3	Kennedy SA et al.(2019)
ARAF	UBC	Kennedy SA et al.(2019)
ARAF	SFN	Kennedy SA et al.(2019)
MAPK3	HSP90AB1	Kennedy SA et al.(2019)
RAF1	SQSTM1	Kennedy SA et al.(2019)
RAF1	CCT8	Kennedy SA et al.(2019)
MAP2K2	HSP90AB1	Kennedy SA et al.(2019)
BRAF	CTSB	Kennedy SA et al.(2019)
BRAF	YWHAZ	Kennedy SA et al.(2019)
BRAF	DSP	Kennedy SA et al.(2019)
ARAF	HSPA8	Kennedy SA et al.(2019)
MAPK3	HSPA8	Kennedy SA et al.(2019)
MAP2K2	HSPA8	Kennedy SA et al.(2019)
BRAF	HSPA5	Kennedy SA et al.(2019)
BRAF	RPS27A	Kennedy SA et al.(2019)
ARAF	HSP90AA1	Kennedy SA et al.(2019)
RAF1	HSP90AB1	Kennedy SA et al.(2019)
BRAF	HSP90AB1	Kennedy SA et al.(2019)
BRAF	UBA52	Kennedy SA et al.(2019)
MAP2K2	HSP90AA1	Kennedy SA et al.(2019)
BRAF	SFN	Kennedy SA et al.(2019)
BRAF	UBB	Kennedy SA et al.(2019)
BRAF	UBC	Kennedy SA et al.(2019)
MAPK3	HSP90AA1	Kennedy SA et al.(2019)
RAF1	SFN	Kennedy SA et al.(2019)
RAF1	HSPA8	Kennedy SA et al.(2019)
BRAF	HSPA8	Kennedy SA et al.(2019)
RAF1	HSP90AA1	Kennedy SA et al.(2019)
BRAF	HSP90AA1	Kennedy SA et al.(2019)
NRAS	ARAF	Adhikari H. et al.(2018)
NRAS	RAF1	Adhikari H. et al.(2018)
NRAS	BRAF	Adhikari H. et al.(2018)
KRAS	ARAF	Adhikari H. et al.(2018)
NRAS	HRAS	Adhikari H. et al.(2018)
HRAS	RAF1	Adhikari H. et al.(2018)
NRAS	SHISA2	Adhikari H. et al.(2018)
NRAS	KRAS	Adhikari H. et al.(2018)
HRAS	BRAF	Adhikari H. et al.(2018)
NRAS	MACF1	Adhikari H. et al.(2018)
NRAS	KLRG2	Adhikari H. et al.(2018)
NRAS	ZFPL1	Adhikari H. et al.(2018)
NRAS	CACHD1	Adhikari H. et al.(2018)
NRAS	GPR50	Adhikari H. et al.(2018)
NRAS	TMED8	Adhikari H. et al.(2018)
NRAS	SFT2D1	Adhikari H. et al.(2018)
NRAS	SUSD5	Adhikari H. et al.(2018)
NRAS	NCCRP1	Adhikari H. et al.(2018)
NRAS	KPRP	Adhikari H. et al.(2018)
NRAS	NDUFAF2	Adhikari H. et al.(2018)
NRAS	VKORC1L1	Adhikari H. et al.(2018)
NRAS	EFNB1	Adhikari H. et al.(2018)
NRAS	SPCS1	Adhikari H. et al.(2018)
NRAS	UBXN8	Adhikari H. et al.(2018)
NRAS	CDCA3	Adhikari H. et al.(2018)
NRAS	TMEM115	Adhikari H. et al.(2018)
NRAS	IRS4	Adhikari H. et al.(2018)
NRAS	PTAR1	Adhikari H. et al.(2018)
NRAS	DHRS7	Adhikari H. et al.(2018)
NRAS	RABL3	Adhikari H. et al.(2018)
NRAS	RELL1	Adhikari H. et al.(2018)
NRAS	RAP1BL	Adhikari H. et al.(2018)
NRAS	ODR4	Adhikari H. et al.(2018)
NRAS	ANKRD13C	Adhikari H. et al.(2018)
NRAS	TMEM109	Adhikari H. et al.(2018)
NRAS	TMEM51	Adhikari H. et al.(2018)
NRAS	ZDHHC18	Adhikari H. et al.(2018)
NRAS	NHSL3	Adhikari H. et al.(2018)
NRAS	JPH1	Adhikari H. et al.(2018)
NRAS	DCUN1D3	Adhikari H. et al.(2018)
NRAS	C2CD2L	Adhikari H. et al.(2018)
NRAS	HYCC2	Adhikari H. et al.(2018)
NRAS	FAM171A2	Adhikari H. et al.(2018)
NRAS	EFNB3	Adhikari H. et al.(2018)
NRAS	TMX4	Adhikari H. et al.(2018)
NRAS	BLZF1	Adhikari H. et al.(2018)
NRAS	EFR3B	Adhikari H. et al.(2018)
NRAS	MARVELD2	Adhikari H. et al.(2018)
NRAS	SLC6A8	Adhikari H. et al.(2018)
NRAS	RFT1	Adhikari H. et al.(2018)
NRAS	BSDC1	Adhikari H. et al.(2018)
NRAS	TMEM9	Adhikari H. et al.(2018)
NRAS	ARL13B	Adhikari H. et al.(2018)
NRAS	USP6NL	Adhikari H. et al.(2018)
NRAS	PIP4P1	Adhikari H. et al.(2018)
NRAS	SPRY4	Adhikari H. et al.(2018)
NRAS	VAMP4	Adhikari H. et al.(2018)
NRAS	MMGT1	Adhikari H. et al.(2018)
NRAS	CDC42EP1	Adhikari H. et al.(2018)
NRAS	PEX11B	Adhikari H. et al.(2018)
NRAS	FAM114A2	Adhikari H. et al.(2018)
NRAS	SLC6A15	Adhikari H. et al.(2018)
NRAS	LRRC57	Adhikari H. et al.(2018)
NRAS	PCDH9	Adhikari H. et al.(2018)
NRAS	SEC22B	Adhikari H. et al.(2018)
NRAS	CHCHD3	Adhikari H. et al.(2018)
NRAS	WDR20	Adhikari H. et al.(2018)
NRAS	EI24	Adhikari H. et al.(2018)
NRAS	ANKRD26	Adhikari H. et al.(2018)
NRAS	FUNDC2	Adhikari H. et al.(2018)
NRAS	PREB	Adhikari H. et al.(2018)
NRAS	RNF185	Adhikari H. et al.(2018)
NRAS	GOSR2	Adhikari H. et al.(2018)
NRAS	SNAP47	Adhikari H. et al.(2018)
NRAS	FTSJ1	Adhikari H. et al.(2018)
NRAS	KCT2	Adhikari H. et al.(2018)
NRAS	MEAK7	Adhikari H. et al.(2018)
NRAS	MAP4K3	Adhikari H. et al.(2018)
NRAS	RALGPS2	Adhikari H. et al.(2018)
NRAS	DCBLD1	Adhikari H. et al.(2018)
NRAS	PLEKHO1	Adhikari H. et al.(2018)
NRAS	AKAP5	Adhikari H. et al.(2018)
NRAS	TP53I11	Adhikari H. et al.(2018)
NRAS	EMC8	Adhikari H. et al.(2018)
NRAS	CAMLG	Adhikari H. et al.(2018)
NRAS	TMCO1	Adhikari H. et al.(2018)
NRAS	ZDHHC8	Adhikari H. et al.(2018)
NRAS	SLC5A3	Adhikari H. et al.(2018)
NRAS	TNFAIP8	Adhikari H. et al.(2018)
NRAS	PCDH7	Adhikari H. et al.(2018)
NRAS	TMEM237	Adhikari H. et al.(2018)
NRAS	PLCH1	Adhikari H. et al.(2018)
NRAS	TMEM230	Adhikari H. et al.(2018)
NRAS	USE1	Adhikari H. et al.(2018)
NRAS	SLC35E1	Adhikari H. et al.(2018)
NRAS	CYB5B	Adhikari H. et al.(2018)
NRAS	HSDL2	Adhikari H. et al.(2018)
NRAS	VMA12	Adhikari H. et al.(2018)
NRAS	PRXL2A	Adhikari H. et al.(2018)
NRAS	EPN2	Adhikari H. et al.(2018)
NRAS	HAL	Adhikari H. et al.(2018)
NRAS	TBL2	Adhikari H. et al.(2018)
NRAS	GOLPH3L	Adhikari H. et al.(2018)
NRAS	TBC1D10A	Adhikari H. et al.(2018)
NRAS	AUP1	Adhikari H. et al.(2018)
NRAS	SURF4	Adhikari H. et al.(2018)
NRAS	SRPRB	Adhikari H. et al.(2018)
NRAS	LZTR1	Adhikari H. et al.(2018)
NRAS	CISD2	Adhikari H. et al.(2018)
NRAS	SPCS2	Adhikari H. et al.(2018)
NRAS	SCAMP1	Adhikari H. et al.(2018)
NRAS	NECTIN3	Adhikari H. et al.(2018)
NRAS	ATL1	Adhikari H. et al.(2018)
NRAS	GOSR1	Adhikari H. et al.(2018)
NRAS	SC5D	Adhikari H. et al.(2018)
NRAS	TFAM	Adhikari H. et al.(2018)
NRAS	CDKAL1	Adhikari H. et al.(2018)
NRAS	TOR1AIP2	Adhikari H. et al.(2018)
NRAS	GOLGA5	Adhikari H. et al.(2018)
NRAS	JAM3	Adhikari H. et al.(2018)
NRAS	SAR1A	Adhikari H. et al.(2018)
NRAS	SYTL4	Adhikari H. et al.(2018)
NRAS	FAM91A1	Adhikari H. et al.(2018)
NRAS	PLSCR3	Adhikari H. et al.(2018)
NRAS	CISD1	Adhikari H. et al.(2018)
NRAS	CHMP6	Adhikari H. et al.(2018)
NRAS	STX10	Adhikari H. et al.(2018)
NRAS	MARK1	Adhikari H. et al.(2018)
NRAS	PPFIA1	Adhikari H. et al.(2018)
NRAS	VAMP3	Adhikari H. et al.(2018)
NRAS	ANKRD50	Adhikari H. et al.(2018)
NRAS	SLC33A1	Adhikari H. et al.(2018)
NRAS	MPZL1	Adhikari H. et al.(2018)
NRAS	DSC3	Adhikari H. et al.(2018)
NRAS	NSDHL	Adhikari H. et al.(2018)
NRAS	TMX1	Adhikari H. et al.(2018)
NRAS	CDC42EP4	Adhikari H. et al.(2018)
NRAS	CD276	Adhikari H. et al.(2018)
NRAS	CPNE8	Adhikari H. et al.(2018)
NRAS	ATG2B	Adhikari H. et al.(2018)
NRAS	YIF1A	Adhikari H. et al.(2018)
NRAS	DRG1	Adhikari H. et al.(2018)
NRAS	EPB41L5	Adhikari H. et al.(2018)
NRAS	CSNK1G3	Adhikari H. et al.(2018)
NRAS	ZDHHC5	Adhikari H. et al.(2018)
NRAS	CUX1	Adhikari H. et al.(2018)
NRAS	EMC7	Adhikari H. et al.(2018)
NRAS	ARL6IP5	Adhikari H. et al.(2018)
NRAS	LNPK	Adhikari H. et al.(2018)
NRAS	LRIF1	Adhikari H. et al.(2018)
NRAS	STX3	Adhikari H. et al.(2018)
NRAS	RAB23	Adhikari H. et al.(2018)
NRAS	MARCKSL1	Adhikari H. et al.(2018)
NRAS	TULP3	Adhikari H. et al.(2018)
NRAS	SSR1	Adhikari H. et al.(2018)
NRAS	STXBP6	Adhikari H. et al.(2018)
NRAS	BCL2L13	Adhikari H. et al.(2018)
NRAS	LRRC59	Adhikari H. et al.(2018)
NRAS	RHBDD2	Adhikari H. et al.(2018)
NRAS	TMEM161A	Adhikari H. et al.(2018)
NRAS	SLITRK5	Adhikari H. et al.(2018)
NRAS	CYB5R1	Adhikari H. et al.(2018)
NRAS	EFNB2	Adhikari H. et al.(2018)
NRAS	CCDC47	Adhikari H. et al.(2018)
NRAS	DEPDC1B	Adhikari H. et al.(2018)
NRAS	DNAJC1	Adhikari H. et al.(2018)
NRAS	UNC5B	Adhikari H. et al.(2018)
NRAS	SLC30A7	Adhikari H. et al.(2018)
NRAS	SLC7A2	Adhikari H. et al.(2018)
NRAS	ARFGAP1	Adhikari H. et al.(2018)
NRAS	RER1	Adhikari H. et al.(2018)
NRAS	ROR1	Adhikari H. et al.(2018)
NRAS	NCAM1	Adhikari H. et al.(2018)
NRAS	GEN1	Adhikari H. et al.(2018)
NRAS	SENP1	Adhikari H. et al.(2018)
NRAS	DLGAP4	Adhikari H. et al.(2018)
NRAS	VAPB	Adhikari H. et al.(2018)
NRAS	STX18	Adhikari H. et al.(2018)
NRAS	RAB13	Adhikari H. et al.(2018)
NRAS	SEC61B	Adhikari H. et al.(2018)
NRAS	DDRGK1	Adhikari H. et al.(2018)
NRAS	CCP110	Adhikari H. et al.(2018)
NRAS	SLC6A9	Adhikari H. et al.(2018)
NRAS	PTRH2	Adhikari H. et al.(2018)
NRAS	PHLDB1	Adhikari H. et al.(2018)
NRAS	VEZT	Adhikari H. et al.(2018)
NRAS	PAG1	Adhikari H. et al.(2018)
NRAS	RAP2C	Adhikari H. et al.(2018)
NRAS	SLC30A5	Adhikari H. et al.(2018)
NRAS	UBE2J1	Adhikari H. et al.(2018)
NRAS	KIRREL1	Adhikari H. et al.(2018)
NRAS	CEP104	Adhikari H. et al.(2018)
NRAS	SLC30A6	Adhikari H. et al.(2018)
NRAS	VANGL2	Adhikari H. et al.(2018)
NRAS	PIGU	Adhikari H. et al.(2018)
NRAS	CADM1	Adhikari H. et al.(2018)
NRAS	VTI1B	Adhikari H. et al.(2018)
NRAS	MPP7	Adhikari H. et al.(2018)
NRAS	GPR107	Adhikari H. et al.(2018)
NRAS	ANO10	Adhikari H. et al.(2018)
NRAS	NHERF2	Adhikari H. et al.(2018)
NRAS	SELENOS	Adhikari H. et al.(2018)
NRAS	ABHD12	Adhikari H. et al.(2018)
NRAS	CDK16	Adhikari H. et al.(2018)
NRAS	VPS54	Adhikari H. et al.(2018)
NRAS	CCNY	Adhikari H. et al.(2018)
NRAS	ZDHHC13	Adhikari H. et al.(2018)
NRAS	GRK6	Adhikari H. et al.(2018)
NRAS	S100A16	Adhikari H. et al.(2018)
NRAS	TOMM22	Adhikari H. et al.(2018)
KRAS	RAF1	Adhikari H. et al.(2018)
KRAS	BRAF	Adhikari H. et al.(2018)
NRAS	DHCR7	Adhikari H. et al.(2018)
NRAS	APBB1	Adhikari H. et al.(2018)
NRAS	CNP	Adhikari H. et al.(2018)
NRAS	MCAM	Adhikari H. et al.(2018)
NRAS	TOR1AIP1	Adhikari H. et al.(2018)
NRAS	CYP51A1	Adhikari H. et al.(2018)
NRAS	PPIH	Adhikari H. et al.(2018)
NRAS	UBXN4	Adhikari H. et al.(2018)
NRAS	NECTIN2	Adhikari H. et al.(2018)
NRAS	VAT1	Adhikari H. et al.(2018)
NRAS	YKT6	Adhikari H. et al.(2018)
NRAS	MARK3	Adhikari H. et al.(2018)
NRAS	SYAP1	Adhikari H. et al.(2018)
NRAS	LEMD3	Adhikari H. et al.(2018)
NRAS	PKP4	Adhikari H. et al.(2018)
NRAS	SNAP23	Adhikari H. et al.(2018)
NRAS	TMEM209	Adhikari H. et al.(2018)
NRAS	ALDH3A2	Adhikari H. et al.(2018)
NRAS	SLC30A1	Adhikari H. et al.(2018)
NRAS	VAMP2	Adhikari H. et al.(2018)
NRAS	MARK2	Adhikari H. et al.(2018)
NRAS	LLGL1	Adhikari H. et al.(2018)
NRAS	VAPA	Adhikari H. et al.(2018)
NRAS	BCAP31	Adhikari H. et al.(2018)
NRAS	SRPRA	Adhikari H. et al.(2018)
NRAS	MINK1	Adhikari H. et al.(2018)
NRAS	PPFIBP1	Adhikari H. et al.(2018)
NRAS	ATG9A	Adhikari H. et al.(2018)
NRAS	RP2	Adhikari H. et al.(2018)
NRAS	STX8	Adhikari H. et al.(2018)
NRAS	PHLDB2	Adhikari H. et al.(2018)
NRAS	ESYT2	Adhikari H. et al.(2018)
NRAS	USP33	Adhikari H. et al.(2018)
NRAS	HYCC1	Adhikari H. et al.(2018)
NRAS	EMD	Adhikari H. et al.(2018)
NRAS	TMEM87A	Adhikari H. et al.(2018)
NRAS	HM13	Adhikari H. et al.(2018)
NRAS	CEMIP2	Adhikari H. et al.(2018)
NRAS	SPG21	Adhikari H. et al.(2018)
NRAS	DSC2	Adhikari H. et al.(2018)
NRAS	TPD52L2	Adhikari H. et al.(2018)
NRAS	F11R	Adhikari H. et al.(2018)
NRAS	STIM1	Adhikari H. et al.(2018)
NRAS	GJC1	Adhikari H. et al.(2018)
NRAS	NDRG3	Adhikari H. et al.(2018)
NRAS	PIP5K1A	Adhikari H. et al.(2018)
NRAS	RRAGC	Adhikari H. et al.(2018)
NRAS	MBOAT7	Adhikari H. et al.(2018)
NRAS	SPECC1	Adhikari H. et al.(2018)
NRAS	GORASP2	Adhikari H. et al.(2018)
NRAS	IGF2BP3	Adhikari H. et al.(2018)
NRAS	SCAMP3	Adhikari H. et al.(2018)
NRAS	SEC23IP	Adhikari H. et al.(2018)
NRAS	NDRG1	Adhikari H. et al.(2018)
NRAS	CHMP7	Adhikari H. et al.(2018)
NRAS	OSBPL8	Adhikari H. et al.(2018)
NRAS	VPS33A	Adhikari H. et al.(2018)
NRAS	CDC42BPA	Adhikari H. et al.(2018)
NRAS	SLC23A2	Adhikari H. et al.(2018)
NRAS	LPCAT1	Adhikari H. et al.(2018)
NRAS	FAF2	Adhikari H. et al.(2018)
NRAS	MTM1	Adhikari H. et al.(2018)
NRAS	WLS	Adhikari H. et al.(2018)
NRAS	ZDHHC20	Adhikari H. et al.(2018)
NRAS	CKAP4	Adhikari H. et al.(2018)
NRAS	PKP2	Adhikari H. et al.(2018)
NRAS	UBIAD1	Adhikari H. et al.(2018)
NRAS	TMPO	Adhikari H. et al.(2018)
NRAS	SLC6A6	Adhikari H. et al.(2018)
NRAS	SLC35A2	Adhikari H. et al.(2018)
NRAS	NECTIN1	Adhikari H. et al.(2018)
NRAS	FAM234A	Adhikari H. et al.(2018)
NRAS	FBXO5	Adhikari H. et al.(2018)
NRAS	TMEM214	Adhikari H. et al.(2018)
NRAS	CTNNAL1	Adhikari H. et al.(2018)
NRAS	CCNB2	Adhikari H. et al.(2018)
NRAS	RAP1GDS1	Adhikari H. et al.(2018)
NRAS	UACA	Adhikari H. et al.(2018)
NRAS	HMOX2	Adhikari H. et al.(2018)
NRAS	RALA	Adhikari H. et al.(2018)
NRAS	PDXDC1	Adhikari H. et al.(2018)
NRAS	VAMP7	Adhikari H. et al.(2018)
NRAS	ABCD3	Adhikari H. et al.(2018)
NRAS	ROBO1	Adhikari H. et al.(2018)
NRAS	SOAT1	Adhikari H. et al.(2018)
NRAS	STX12	Adhikari H. et al.(2018)
NRAS	PLCB1	Adhikari H. et al.(2018)
NRAS	ARF4	Adhikari H. et al.(2018)
NRAS	VRK2	Adhikari H. et al.(2018)
NRAS	PTK7	Adhikari H. et al.(2018)
NRAS	CXADR	Adhikari H. et al.(2018)
NRAS	SIRPA	Adhikari H. et al.(2018)
NRAS	RAB21	Adhikari H. et al.(2018)
NRAS	VANGL1	Adhikari H. et al.(2018)
NRAS	EFR3A	Adhikari H. et al.(2018)
NRAS	TAF7	Adhikari H. et al.(2018)
NRAS	RAPGEF6	Adhikari H. et al.(2018)
NRAS	RAB11B	Adhikari H. et al.(2018)
NRAS	YES1	Adhikari H. et al.(2018)
NRAS	NF2	Adhikari H. et al.(2018)
NRAS	SLC20A1	Adhikari H. et al.(2018)
NRAS	CDK5	Adhikari H. et al.(2018)
NRAS	RAB10	Adhikari H. et al.(2018)
NRAS	CLCC1	Adhikari H. et al.(2018)
NRAS	PLSCR1	Adhikari H. et al.(2018)
NRAS	LSR	Adhikari H. et al.(2018)
NRAS	EIF3F	Adhikari H. et al.(2018)
NRAS	FLVCR1	Adhikari H. et al.(2018)
NRAS	TRIP11	Adhikari H. et al.(2018)
NRAS	OCLN	Adhikari H. et al.(2018)
NRAS	RAB6A	Adhikari H. et al.(2018)
NRAS	SNX3	Adhikari H. et al.(2018)
NRAS	CCDC88A	Adhikari H. et al.(2018)
NRAS	PEAK1	Adhikari H. et al.(2018)
NRAS	MAP4K4	Adhikari H. et al.(2018)
NRAS	SLC7A11	Adhikari H. et al.(2018)
NRAS	SLC39A10	Adhikari H. et al.(2018)
NRAS	STXBP3	Adhikari H. et al.(2018)
NRAS	ARF6	Adhikari H. et al.(2018)
NRAS	TMEM165	Adhikari H. et al.(2018)
NRAS	AFDN	Adhikari H. et al.(2018)
NRAS	TIAM1	Adhikari H. et al.(2018)
NRAS	BAIAP2	Adhikari H. et al.(2018)
NRAS	SLC39A6	Adhikari H. et al.(2018)
NRAS	SLC1A3	Adhikari H. et al.(2018)
NRAS	AAAS	Adhikari H. et al.(2018)
NRAS	CNNM3	Adhikari H. et al.(2018)
NRAS	TACC1	Adhikari H. et al.(2018)
NRAS	ABCC5	Adhikari H. et al.(2018)
NRAS	SEMA4C	Adhikari H. et al.(2018)
NRAS	TGOLN2	Adhikari H. et al.(2018)
NRAS	CDK4	Adhikari H. et al.(2018)
HRAS	KRAS	Adhikari H. et al.(2018)
NRAS	SLC7A1	Adhikari H. et al.(2018)
NRAS	ADAM9	Adhikari H. et al.(2018)
NRAS	ACSL3	Adhikari H. et al.(2018)
NRAS	GJA1	Adhikari H. et al.(2018)
NRAS	NDC1	Adhikari H. et al.(2018)
NRAS	ARHGAP1	Adhikari H. et al.(2018)
NRAS	SLC39A14	Adhikari H. et al.(2018)
NRAS	STX7	Adhikari H. et al.(2018)
NRAS	ADD3	Adhikari H. et al.(2018)
NRAS	STEAP3	Adhikari H. et al.(2018)
NRAS	RAB1A	Adhikari H. et al.(2018)
NRAS	LAMTOR1	Adhikari H. et al.(2018)
NRAS	EPB41L2	Adhikari H. et al.(2018)
NRAS	SLC29A1	Adhikari H. et al.(2018)
NRAS	PAK4	Adhikari H. et al.(2018)
NRAS	PPIF	Adhikari H. et al.(2018)
NRAS	NEO1	Adhikari H. et al.(2018)
NRAS	LBR	Adhikari H. et al.(2018)
NRAS	STX6	Adhikari H. et al.(2018)
NRAS	WDR6	Adhikari H. et al.(2018)
NRAS	STT3B	Adhikari H. et al.(2018)
NRAS	KIAA0319L	Adhikari H. et al.(2018)
NRAS	AURKB	Adhikari H. et al.(2018)
NRAS	XPR1	Adhikari H. et al.(2018)
NRAS	ATP2B4	Adhikari H. et al.(2018)
NRAS	POR	Adhikari H. et al.(2018)
NRAS	EPB41L3	Adhikari H. et al.(2018)
NRAS	SPTBN2	Adhikari H. et al.(2018)
NRAS	ETFA	Adhikari H. et al.(2018)
NRAS	EPHA3	Adhikari H. et al.(2018)
NRAS	ARF1	Adhikari H. et al.(2018)
NRAS	SLC9A1	Adhikari H. et al.(2018)
NRAS	PLXNA1	Adhikari H. et al.(2018)
NRAS	ITGA6	Adhikari H. et al.(2018)
NRAS	CLCN7	Adhikari H. et al.(2018)
NRAS	HMOX1	Adhikari H. et al.(2018)
NRAS	NISCH	Adhikari H. et al.(2018)
NRAS	MYO1B	Adhikari H. et al.(2018)
NRAS	EXOC4	Adhikari H. et al.(2018)
NRAS	LRP6	Adhikari H. et al.(2018)
NRAS	EIF2S3	Adhikari H. et al.(2018)
NRAS	BSG	Adhikari H. et al.(2018)
NRAS	SLC4A2	Adhikari H. et al.(2018)
NRAS	SLC19A1	Adhikari H. et al.(2018)
NRAS	SLC4A7	Adhikari H. et al.(2018)
NRAS	SLC16A1	Adhikari H. et al.(2018)
NRAS	ESYT1	Adhikari H. et al.(2018)
NRAS	SCD	Adhikari H. et al.(2018)
NRAS	MDH2	Adhikari H. et al.(2018)
NRAS	CTNND1	Adhikari H. et al.(2018)
NRAS	LMAN1	Adhikari H. et al.(2018)
NRAS	KTN1	Adhikari H. et al.(2018)
NRAS	AKAP12	Adhikari H. et al.(2018)
NRAS	CD46	Adhikari H. et al.(2018)
NRAS	TYMS	Adhikari H. et al.(2018)
NRAS	BMPR2	Adhikari H. et al.(2018)
NRAS	DHFR	Adhikari H. et al.(2018)
NRAS	HK1	Adhikari H. et al.(2018)
NRAS	PHB2	Adhikari H. et al.(2018)
NRAS	VPS45	Adhikari H. et al.(2018)
NRAS	AHCYL1	Adhikari H. et al.(2018)
NRAS	ITM2B	Adhikari H. et al.(2018)
NRAS	EHD1	Adhikari H. et al.(2018)
NRAS	MTR	Adhikari H. et al.(2018)
NRAS	ATP2B1	Adhikari H. et al.(2018)
NRAS	RAB14	Adhikari H. et al.(2018)
NRAS	SLC7A5	Adhikari H. et al.(2018)
NRAS	NOTCH2	Adhikari H. et al.(2018)
NRAS	ATP6AP2	Adhikari H. et al.(2018)
NRAS	SCARB1	Adhikari H. et al.(2018)
NRAS	SLC38A1	Adhikari H. et al.(2018)
NRAS	STOM	Adhikari H. et al.(2018)
NRAS	DNM1L	Adhikari H. et al.(2018)
NRAS	ECPAS	Adhikari H. et al.(2018)
NRAS	GOLGB1	Adhikari H. et al.(2018)
NRAS	MARCKS	Adhikari H. et al.(2018)
NRAS	HSD17B4	Adhikari H. et al.(2018)
NRAS	ACSL4	Adhikari H. et al.(2018)
NRAS	GNAS	Adhikari H. et al.(2018)
NRAS	DAG1	Adhikari H. et al.(2018)
NRAS	IL6ST	Adhikari H. et al.(2018)
NRAS	SLC12A2	Adhikari H. et al.(2018)
NRAS	IFNGR1	Adhikari H. et al.(2018)
NRAS	SLC1A5	Adhikari H. et al.(2018)
NRAS	PLD3	Adhikari H. et al.(2018)
NRAS	TCP1	Adhikari H. et al.(2018)
NRAS	CDC42	Adhikari H. et al.(2018)
NRAS	FLOT1	Adhikari H. et al.(2018)
NRAS	PSEN1	Adhikari H. et al.(2018)
NRAS	ITM2C	Adhikari H. et al.(2018)
NRAS	INSR	Adhikari H. et al.(2018)
NRAS	KIDINS220	Adhikari H. et al.(2018)
NRAS	LYN	Adhikari H. et al.(2018)
NRAS	NF1	Adhikari H. et al.(2018)
NRAS	CANX	Adhikari H. et al.(2018)
NRAS	JUP	Adhikari H. et al.(2018)
NRAS	MCL1	Adhikari H. et al.(2018)
NRAS	ECE1	Adhikari H. et al.(2018)
NRAS	APLP2	Adhikari H. et al.(2018)
NRAS	SLC38A2	Adhikari H. et al.(2018)
NRAS	NUP155	Adhikari H. et al.(2018)
NRAS	EPHA2	Adhikari H. et al.(2018)
NRAS	PLK1	Adhikari H. et al.(2018)
NRAS	CTNNA1	Adhikari H. et al.(2018)
NRAS	ITGB1	Adhikari H. et al.(2018)
NRAS	DSG2	Adhikari H. et al.(2018)
NRAS	RHOA	Adhikari H. et al.(2018)
NRAS	SEMA4D	Adhikari H. et al.(2018)
HRAS	TMX4	Adhikari H. et al.(2018)
HRAS	EFNB1	Adhikari H. et al.(2018)
HRAS	PTAR1	Adhikari H. et al.(2018)
HRAS	ZFPL1	Adhikari H. et al.(2018)
HRAS	CAMLG	Adhikari H. et al.(2018)
HRAS	LRRC57	Adhikari H. et al.(2018)
HRAS	UBXN8	Adhikari H. et al.(2018)
HRAS	PCDH9	Adhikari H. et al.(2018)
HRAS	TMEM237	Adhikari H. et al.(2018)
HRAS	PIP4P1	Adhikari H. et al.(2018)
HRAS	TP53I11	Adhikari H. et al.(2018)
HRAS	CDC42EP1	Adhikari H. et al.(2018)
HRAS	BSDC1	Adhikari H. et al.(2018)
HRAS	RAP1BL	Adhikari H. et al.(2018)
HRAS	TMEM115	Adhikari H. et al.(2018)
HRAS	HSDL2	Adhikari H. et al.(2018)
HRAS	TMED8	Adhikari H. et al.(2018)
HRAS	MARVELD2	Adhikari H. et al.(2018)
HRAS	NDUFAF2	Adhikari H. et al.(2018)
HRAS	SFT2D1	Adhikari H. et al.(2018)
HRAS	EPN2	Adhikari H. et al.(2018)
HRAS	ODR4	Adhikari H. et al.(2018)
HRAS	PRXL2A	Adhikari H. et al.(2018)
HRAS	PCDH7	Adhikari H. et al.(2018)
HRAS	TMEM230	Adhikari H. et al.(2018)
HRAS	SHISA2	Adhikari H. et al.(2018)
HRAS	USP6NL	Adhikari H. et al.(2018)
HRAS	GOSR2	Adhikari H. et al.(2018)
HRAS	SUSD5	Adhikari H. et al.(2018)
HRAS	DCBLD1	Adhikari H. et al.(2018)
HRAS	MEAK7	Adhikari H. et al.(2018)
HRAS	RABL3	Adhikari H. et al.(2018)
HRAS	KLRG2	Adhikari H. et al.(2018)
HRAS	SLC6A15	Adhikari H. et al.(2018)
HRAS	SNAP47	Adhikari H. et al.(2018)
HRAS	CACHD1	Adhikari H. et al.(2018)
HRAS	DCUN1D3	Adhikari H. et al.(2018)
HRAS	DHRS7	Adhikari H. et al.(2018)
HRAS	VKORC1L1	Adhikari H. et al.(2018)
HRAS	JPH1	Adhikari H. et al.(2018)
HRAS	SPCS1	Adhikari H. et al.(2018)
HRAS	ZDHHC18	Adhikari H. et al.(2018)
HRAS	IRS4	Adhikari H. et al.(2018)
HRAS	TNFAIP8	Adhikari H. et al.(2018)
HRAS	CDCA3	Adhikari H. et al.(2018)
HRAS	USE1	Adhikari H. et al.(2018)
HRAS	TMEM51	Adhikari H. et al.(2018)
HRAS	RNF185	Adhikari H. et al.(2018)
HRAS	BLZF1	Adhikari H. et al.(2018)
HRAS	EI24	Adhikari H. et al.(2018)
HRAS	EFNB3	Adhikari H. et al.(2018)
HRAS	GPR50	Adhikari H. et al.(2018)
HRAS	MACF1	Adhikari H. et al.(2018)
HRAS	HYCC2	Adhikari H. et al.(2018)
NRAS	SLC3A2	Adhikari H. et al.(2018)
NRAS	SRC	Adhikari H. et al.(2018)
NRAS	NOTCH1	Adhikari H. et al.(2018)
HRAS	FAM114A2	Adhikari H. et al.(2018)
HRAS	SYAP1	Adhikari H. et al.(2018)
HRAS	VAPA	Adhikari H. et al.(2018)
HRAS	NECTIN2	Adhikari H. et al.(2018)
HRAS	FTSJ1	Adhikari H. et al.(2018)
HRAS	DRG1	Adhikari H. et al.(2018)
HRAS	VAPB	Adhikari H. et al.(2018)
HRAS	CISD1	Adhikari H. et al.(2018)
HRAS	TOR1AIP1	Adhikari H. et al.(2018)
HRAS	CNP	Adhikari H. et al.(2018)
HRAS	TMX1	Adhikari H. et al.(2018)
HRAS	ALDH3A2	Adhikari H. et al.(2018)
HRAS	PLSCR3	Adhikari H. et al.(2018)
HRAS	MCAM	Adhikari H. et al.(2018)
HRAS	VAMP3	Adhikari H. et al.(2018)
HRAS	MPZL1	Adhikari H. et al.(2018)
HRAS	CDKAL1	Adhikari H. et al.(2018)
HRAS	EMC7	Adhikari H. et al.(2018)
HRAS	DSC3	Adhikari H. et al.(2018)
HRAS	CKAP4	Adhikari H. et al.(2018)
HRAS	NSDHL	Adhikari H. et al.(2018)
HRAS	JAM3	Adhikari H. et al.(2018)
HRAS	UBXN4	Adhikari H. et al.(2018)
HRAS	BCL2L13	Adhikari H. et al.(2018)
HRAS	FUNDC2	Adhikari H. et al.(2018)
HRAS	UBE2J1	Adhikari H. et al.(2018)
HRAS	CD276	Adhikari H. et al.(2018)
HRAS	RP2	Adhikari H. et al.(2018)
HRAS	MARCKSL1	Adhikari H. et al.(2018)
HRAS	LRRC59	Adhikari H. et al.(2018)
HRAS	EMD	Adhikari H. et al.(2018)
HRAS	CPNE8	Adhikari H. et al.(2018)
HRAS	ARL6IP5	Adhikari H. et al.(2018)
HRAS	HYCC1	Adhikari H. et al.(2018)
HRAS	GOSR1	Adhikari H. et al.(2018)
HRAS	NECTIN3	Adhikari H. et al.(2018)
HRAS	TFAM	Adhikari H. et al.(2018)
HRAS	PPFIBP1	Adhikari H. et al.(2018)
HRAS	ARFGAP1	Adhikari H. et al.(2018)
HRAS	SCAMP1	Adhikari H. et al.(2018)
HRAS	STX3	Adhikari H. et al.(2018)
HRAS	MMGT1	Adhikari H. et al.(2018)
HRAS	SENP1	Adhikari H. et al.(2018)
HRAS	YKT6	Adhikari H. et al.(2018)
HRAS	OSBPL8	Adhikari H. et al.(2018)
HRAS	CCDC47	Adhikari H. et al.(2018)
HRAS	LNPK	Adhikari H. et al.(2018)
HRAS	VPS54	Adhikari H. et al.(2018)
HRAS	LZTR1	Adhikari H. et al.(2018)
HRAS	AUP1	Adhikari H. et al.(2018)
HRAS	EMC8	Adhikari H. et al.(2018)
HRAS	EFNB2	Adhikari H. et al.(2018)
HRAS	TOR1AIP2	Adhikari H. et al.(2018)
HRAS	DDRGK1	Adhikari H. et al.(2018)
HRAS	CYB5R1	Adhikari H. et al.(2018)
HRAS	STIM1	Adhikari H. et al.(2018)
HRAS	STXBP6	Adhikari H. et al.(2018)
HRAS	PHLDB2	Adhikari H. et al.(2018)
HRAS	SEC23IP	Adhikari H. et al.(2018)
HRAS	DNAJC1	Adhikari H. et al.(2018)
HRAS	VAMP2	Adhikari H. et al.(2018)
HRAS	SRPRA	Adhikari H. et al.(2018)
HRAS	CCP110	Adhikari H. et al.(2018)
HRAS	TOMM22	Adhikari H. et al.(2018)
HRAS	ANKRD26	Adhikari H. et al.(2018)
HRAS	ESYT2	Adhikari H. et al.(2018)
HRAS	CDC42EP4	Adhikari H. et al.(2018)
HRAS	CHCHD3	Adhikari H. et al.(2018)
HRAS	NCAM1	Adhikari H. et al.(2018)
HRAS	LRIF1	Adhikari H. et al.(2018)
HRAS	ZDHHC20	Adhikari H. et al.(2018)
HRAS	CSNK1G3	Adhikari H. et al.(2018)
HRAS	YIF1A	Adhikari H. et al.(2018)
HRAS	PIP5K1A	Adhikari H. et al.(2018)
HRAS	GOLGA5	Adhikari H. et al.(2018)
HRAS	TPD52L2	Adhikari H. et al.(2018)
HRAS	RAB23	Adhikari H. et al.(2018)
HRAS	RHBDD2	Adhikari H. et al.(2018)
HRAS	LEMD3	Adhikari H. et al.(2018)
HRAS	PKP4	Adhikari H. et al.(2018)
HRAS	RAP2C	Adhikari H. et al.(2018)
HRAS	MARK2	Adhikari H. et al.(2018)
HRAS	SLC33A1	Adhikari H. et al.(2018)
HRAS	SRPRB	Adhikari H. et al.(2018)
HRAS	STX18	Adhikari H. et al.(2018)
HRAS	MINK1	Adhikari H. et al.(2018)
HRAS	NDRG1	Adhikari H. et al.(2018)
HRAS	ANO10	Adhikari H. et al.(2018)
HRAS	ATG2B	Adhikari H. et al.(2018)
HRAS	WDR20	Adhikari H. et al.(2018)
HRAS	BCAP31	Adhikari H. et al.(2018)
HRAS	SPCS2	Adhikari H. et al.(2018)
HRAS	SLC30A7	Adhikari H. et al.(2018)
HRAS	ANKRD50	Adhikari H. et al.(2018)
HRAS	CHMP6	Adhikari H. et al.(2018)
HRAS	STX8	Adhikari H. et al.(2018)
HRAS	CHMP7	Adhikari H. et al.(2018)
HRAS	SEC22B	Adhikari H. et al.(2018)
HRAS	TULP3	Adhikari H. et al.(2018)
HRAS	CEP104	Adhikari H. et al.(2018)
HRAS	KIRREL1	Adhikari H. et al.(2018)
HRAS	SYTL4	Adhikari H. et al.(2018)
HRAS	SEC61B	Adhikari H. et al.(2018)
HRAS	CDC42BPA	Adhikari H. et al.(2018)
HRAS	CUX1	Adhikari H. et al.(2018)
HRAS	CISD2	Adhikari H. et al.(2018)
HRAS	MARK3	Adhikari H. et al.(2018)
HRAS	RER1	Adhikari H. et al.(2018)
HRAS	APBB1	Adhikari H. et al.(2018)
HRAS	SNAP23	Adhikari H. et al.(2018)
HRAS	FAM91A1	Adhikari H. et al.(2018)
HRAS	CEMIP2	Adhikari H. et al.(2018)
HRAS	LGALS7B	Adhikari H. et al.(2018)
HRAS	FAM234A	Adhikari H. et al.(2018)
HRAS	GORASP2	Adhikari H. et al.(2018)
HRAS	RAB13	Adhikari H. et al.(2018)
HRAS	SLC5A3	Adhikari H. et al.(2018)
HRAS	CADM1	Adhikari H. et al.(2018)
HRAS	SSR1	Adhikari H. et al.(2018)
HRAS	TMEM161A	Adhikari H. et al.(2018)
HRAS	ATL1	Adhikari H. et al.(2018)
HRAS	SCAMP3	Adhikari H. et al.(2018)
HRAS	PHLDB1	Adhikari H. et al.(2018)
HRAS	MPP7	Adhikari H. et al.(2018)
HRAS	CYB5B	Adhikari H. et al.(2018)
HRAS	RALGPS2	Adhikari H. et al.(2018)
HRAS	DEPDC1B	Adhikari H. et al.(2018)
HRAS	GJC1	Adhikari H. et al.(2018)
HRAS	DSC2	Adhikari H. et al.(2018)
HRAS	PLEKHO1	Adhikari H. et al.(2018)
HRAS	HM13	Adhikari H. et al.(2018)
HRAS	ZDHHC5	Adhikari H. et al.(2018)
KRAS	KLRG2	Adhikari H. et al.(2018)
KRAS	SUSD5	Adhikari H. et al.(2018)
KRAS	MACF1	Adhikari H. et al.(2018)
KRAS	ZFPL1	Adhikari H. et al.(2018)
KRAS	GPR50	Adhikari H. et al.(2018)
KRAS	CACHD1	Adhikari H. et al.(2018)
KRAS	TMED8	Adhikari H. et al.(2018)
KRAS	SHISA2	Adhikari H. et al.(2018)
KRAS	SFT2D1	Adhikari H. et al.(2018)
NRAS	PPIA	Adhikari H. et al.(2018)
HRAS	TMPO	Adhikari H. et al.(2018)
HRAS	RALA	Adhikari H. et al.(2018)
HRAS	SLC7A1	Adhikari H. et al.(2018)
HRAS	SLC39A14	Adhikari H. et al.(2018)
HRAS	ETFA	Adhikari H. et al.(2018)
HRAS	RAB1A	Adhikari H. et al.(2018)
HRAS	ADAM9	Adhikari H. et al.(2018)
HRAS	TRIP11	Adhikari H. et al.(2018)
HRAS	CXADR	Adhikari H. et al.(2018)
HRAS	ACSL3	Adhikari H. et al.(2018)
HRAS	ABCD3	Adhikari H. et al.(2018)
HRAS	PPIF	Adhikari H. et al.(2018)
HRAS	PLSCR1	Adhikari H. et al.(2018)
HRAS	VRK2	Adhikari H. et al.(2018)
HRAS	PTK7	Adhikari H. et al.(2018)
HRAS	PEAK1	Adhikari H. et al.(2018)
HRAS	LAMTOR1	Adhikari H. et al.(2018)
HRAS	NDRG3	Adhikari H. et al.(2018)
HRAS	ROBO1	Adhikari H. et al.(2018)
HRAS	WDR6	Adhikari H. et al.(2018)
HRAS	CCNB2	Adhikari H. et al.(2018)
HRAS	RAB10	Adhikari H. et al.(2018)
HRAS	SIRPA	Adhikari H. et al.(2018)
HRAS	F11R	Adhikari H. et al.(2018)
HRAS	STX7	Adhikari H. et al.(2018)
HRAS	ARHGAP1	Adhikari H. et al.(2018)
HRAS	YES1	Adhikari H. et al.(2018)
HRAS	RAPGEF6	Adhikari H. et al.(2018)
HRAS	LBR	Adhikari H. et al.(2018)
HRAS	GJA1	Adhikari H. et al.(2018)
HRAS	RAB21	Adhikari H. et al.(2018)
HRAS	SLC30A1	Adhikari H. et al.(2018)
HRAS	CLCC1	Adhikari H. et al.(2018)
HRAS	FLVCR1	Adhikari H. et al.(2018)
HRAS	STX6	Adhikari H. et al.(2018)
HRAS	VAMP7	Adhikari H. et al.(2018)
HRAS	EFR3A	Adhikari H. et al.(2018)
HRAS	LPCAT1	Adhikari H. et al.(2018)
HRAS	SNX3	Adhikari H. et al.(2018)
HRAS	OCLN	Adhikari H. et al.(2018)
HRAS	BAIAP2	Adhikari H. et al.(2018)
HRAS	TMEM87A	Adhikari H. et al.(2018)
HRAS	STXBP3	Adhikari H. et al.(2018)
HRAS	VANGL1	Adhikari H. et al.(2018)
HRAS	CNNM3	Adhikari H. et al.(2018)
HRAS	CDK4	Adhikari H. et al.(2018)
HRAS	TACC1	Adhikari H. et al.(2018)
HRAS	STX12	Adhikari H. et al.(2018)
HRAS	RAB11B	Adhikari H. et al.(2018)
HRAS	HMOX2	Adhikari H. et al.(2018)
HRAS	MYO1B	Adhikari H. et al.(2018)
HRAS	SLC7A11	Adhikari H. et al.(2018)
HRAS	ATP2B4	Adhikari H. et al.(2018)
HRAS	LSR	Adhikari H. et al.(2018)
HRAS	EIF3F	Adhikari H. et al.(2018)
HRAS	AFDN	Adhikari H. et al.(2018)
HRAS	SLC39A6	Adhikari H. et al.(2018)
HRAS	TMEM165	Adhikari H. et al.(2018)
HRAS	SLC1A3	Adhikari H. et al.(2018)
HRAS	CYP51A1	Adhikari H. et al.(2018)
HRAS	NF2	Adhikari H. et al.(2018)
HRAS	SLC39A10	Adhikari H. et al.(2018)
HRAS	RAB6A	Adhikari H. et al.(2018)
HRAS	USP33	Adhikari H. et al.(2018)
HRAS	ITGA6	Adhikari H. et al.(2018)
HRAS	NECTIN1	Adhikari H. et al.(2018)
HRAS	AAAS	Adhikari H. et al.(2018)
HRAS	MAP4K4	Adhikari H. et al.(2018)
HRAS	TIAM1	Adhikari H. et al.(2018)
HRAS	SLC23A2	Adhikari H. et al.(2018)
HRAS	ARF4	Adhikari H. et al.(2018)
HRAS	ADD3	Adhikari H. et al.(2018)
HRAS	SOAT1	Adhikari H. et al.(2018)
HRAS	CCDC88A	Adhikari H. et al.(2018)
HRAS	PLCB1	Adhikari H. et al.(2018)
HRAS	UACA	Adhikari H. et al.(2018)
HRAS	ARF6	Adhikari H. et al.(2018)
KRAS	RAP1BL	Adhikari H. et al.(2018)
KRAS	FAM171A2	Adhikari H. et al.(2018)
KRAS	UBXN8	Adhikari H. et al.(2018)
KRAS	SLC33A1	Adhikari H. et al.(2018)
KRAS	C2CD2L	Adhikari H. et al.(2018)
KRAS	GOSR2	Adhikari H. et al.(2018)
KRAS	IRS4	Adhikari H. et al.(2018)
KRAS	EI24	Adhikari H. et al.(2018)
KRAS	TP53I11	Adhikari H. et al.(2018)
KRAS	SCAMP1	Adhikari H. et al.(2018)
KRAS	RER1	Adhikari H. et al.(2018)
KRAS	SURF4	Adhikari H. et al.(2018)
KRAS	CYB5B	Adhikari H. et al.(2018)
KRAS	CCP110	Adhikari H. et al.(2018)
KRAS	EMC8	Adhikari H. et al.(2018)
KRAS	PCDH7	Adhikari H. et al.(2018)
KRAS	CEP104	Adhikari H. et al.(2018)
KRAS	STX10	Adhikari H. et al.(2018)
KRAS	VAMP4	Adhikari H. et al.(2018)
KRAS	TULP3	Adhikari H. et al.(2018)
KRAS	SEC22B	Adhikari H. et al.(2018)
KRAS	SC5D	Adhikari H. et al.(2018)
KRAS	ARL6IP5	Adhikari H. et al.(2018)
KRAS	SLITRK5	Adhikari H. et al.(2018)
KRAS	EPN2	Adhikari H. et al.(2018)
KRAS	GOSR1	Adhikari H. et al.(2018)
KRAS	VAPB	Adhikari H. et al.(2018)
KRAS	MPZL1	Adhikari H. et al.(2018)
KRAS	NCAM1	Adhikari H. et al.(2018)
KRAS	AKAP5	Adhikari H. et al.(2018)
KRAS	GRK6	Adhikari H. et al.(2018)
KRAS	SSR1	Adhikari H. et al.(2018)
KRAS	SLC6A8	Adhikari H. et al.(2018)
KRAS	SLC6A9	Adhikari H. et al.(2018)
KRAS	MARCKSL1	Adhikari H. et al.(2018)
KRAS	CAMLG	Adhikari H. et al.(2018)
KRAS	TUB	Adhikari H. et al.(2018)
KRAS	RAB13	Adhikari H. et al.(2018)
KRAS	SLC7A2	Adhikari H. et al.(2018)
KRAS	EFNB2	Adhikari H. et al.(2018)
KRAS	SLC5A3	Adhikari H. et al.(2018)
KRAS	SEC61B	Adhikari H. et al.(2018)
KRAS	EFNB1	Adhikari H. et al.(2018)
KRAS	CDK16	Adhikari H. et al.(2018)
KRAS	CDC42EP1	Adhikari H. et al.(2018)
KRAS	ROR1	Adhikari H. et al.(2018)
KRAS	TMEM115	Adhikari H. et al.(2018)
KRAS	PPFIA1	Adhikari H. et al.(2018)
KRAS	STX3	Adhikari H. et al.(2018)
KRAS	CUX1	Adhikari H. et al.(2018)
KRAS	DSC3	Adhikari H. et al.(2018)
KRAS	SPCS2	Adhikari H. et al.(2018)
KRAS	NHERF2	Adhikari H. et al.(2018)
KRAS	NSDHL	Adhikari H. et al.(2018)
KRAS	EFNB3	Adhikari H. et al.(2018)
KRAS	VAMP3	Adhikari H. et al.(2018)
KRAS	GEN1	Adhikari H. et al.(2018)
KRAS	ARL13B	Adhikari H. et al.(2018)
KRAS	PLCH1	Adhikari H. et al.(2018)
KRAS	PLEKHO1	Adhikari H. et al.(2018)
KRAS	RABL3	Adhikari H. et al.(2018)
KRAS	SNAP47	Adhikari H. et al.(2018)
KRAS	ODR4	Adhikari H. et al.(2018)
KRAS	MPP7	Adhikari H. et al.(2018)
KRAS	CDKAL1	Adhikari H. et al.(2018)
KRAS	GPR107	Adhikari H. et al.(2018)
KRAS	CD276	Adhikari H. et al.(2018)
KRAS	FAM91A1	Adhikari H. et al.(2018)
KRAS	RHBDD2	Adhikari H. et al.(2018)
KRAS	SLC30A6	Adhikari H. et al.(2018)
KRAS	MEAK7	Adhikari H. et al.(2018)
KRAS	HSDL2	Adhikari H. et al.(2018)
KRAS	ARC	Adhikari H. et al.(2018)
KRAS	PTAR1	Adhikari H. et al.(2018)
KRAS	PIP4P1	Adhikari H. et al.(2018)
KRAS	PHLDB1	Adhikari H. et al.(2018)
KRAS	RALGPS2	Adhikari H. et al.(2018)
KRAS	CPNE8	Adhikari H. et al.(2018)
KRAS	RELL1	Adhikari H. et al.(2018)
KRAS	MAP4K3	Adhikari H. et al.(2018)
KRAS	DCUN1D3	Adhikari H. et al.(2018)
KRAS	HYCC2	Adhikari H. et al.(2018)
KRAS	UNC5B	Adhikari H. et al.(2018)
KRAS	VKORC1L1	Adhikari H. et al.(2018)
KRAS	NDUFAF2	Adhikari H. et al.(2018)
KRAS	ABHD12	Adhikari H. et al.(2018)
KRAS	FGFRL1	Adhikari H. et al.(2018)
KRAS	MARVELD2	Adhikari H. et al.(2018)
KRAS	MMGT1	Adhikari H. et al.(2018)
KRAS	VMA12	Adhikari H. et al.(2018)
KRAS	CISD2	Adhikari H. et al.(2018)
KRAS	LZTR1	Adhikari H. et al.(2018)
KRAS	ANKRD13C	Adhikari H. et al.(2018)
KRAS	ARFGAP1	Adhikari H. et al.(2018)
KRAS	DCBLD1	Adhikari H. et al.(2018)
KRAS	LRRC57	Adhikari H. et al.(2018)
KRAS	KCT2	Adhikari H. et al.(2018)
KRAS	CCNY	Adhikari H. et al.(2018)
KRAS	SLC30A7	Adhikari H. et al.(2018)
KRAS	TOR1AIP2	Adhikari H. et al.(2018)
KRAS	STXBP6	Adhikari H. et al.(2018)
KRAS	GOLGA5	Adhikari H. et al.(2018)
KRAS	WDR20	Adhikari H. et al.(2018)
KRAS	DEPDC1B	Adhikari H. et al.(2018)
KRAS	ATL1	Adhikari H. et al.(2018)
KRAS	USP6NL	Adhikari H. et al.(2018)
KRAS	CCDC47	Adhikari H. et al.(2018)
KRAS	TMEM230	Adhikari H. et al.(2018)
KRAS	RFT1	Adhikari H. et al.(2018)
KRAS	LRRC59	Adhikari H. et al.(2018)
KRAS	ATG2B	Adhikari H. et al.(2018)
KRAS	SYTL4	Adhikari H. et al.(2018)
KRAS	MVB12A	Adhikari H. et al.(2018)
KRAS	CHMP6	Adhikari H. et al.(2018)
KRAS	RNF185	Adhikari H. et al.(2018)
KRAS	DDRGK1	Adhikari H. et al.(2018)
KRAS	KIRREL1	Adhikari H. et al.(2018)
KRAS	DNAJC1	Adhikari H. et al.(2018)
KRAS	TMEM237	Adhikari H. et al.(2018)
KRAS	CDCA3	Adhikari H. et al.(2018)
KRAS	RAB23	Adhikari H. et al.(2018)
KRAS	ZDHHC8	Adhikari H. et al.(2018)
KRAS	ANKRD50	Adhikari H. et al.(2018)
KRAS	VANGL2	Adhikari H. et al.(2018)
KRAS	TMCO1	Adhikari H. et al.(2018)
KRAS	ANKRD26	Adhikari H. et al.(2018)
KRAS	DRG1	Adhikari H. et al.(2018)
KRAS	EFR3B	Adhikari H. et al.(2018)
KRAS	DLGAP4	Adhikari H. et al.(2018)
KRAS	UBE2J1	Adhikari H. et al.(2018)
KRAS	DHRS7	Adhikari H. et al.(2018)
KRAS	RAP2C	Adhikari H. et al.(2018)
KRAS	TBL2	Adhikari H. et al.(2018)
KRAS	SRPRB	Adhikari H. et al.(2018)
KRAS	AUP1	Adhikari H. et al.(2018)
KRAS	SPCS1	Adhikari H. et al.(2018)
KRAS	CSNK1G3	Adhikari H. et al.(2018)
KRAS	COLEC10	Adhikari H. et al.(2018)
KRAS	SELENOS	Adhikari H. et al.(2018)
KRAS	PRXL2A	Adhikari H. et al.(2018)
KRAS	TMEM109	Adhikari H. et al.(2018)
KRAS	FUNDC2	Adhikari H. et al.(2018)
KRAS	JAM3	Adhikari H. et al.(2018)
KRAS	TBC1D10A	Adhikari H. et al.(2018)
KRAS	BCL2L13	Adhikari H. et al.(2018)
KRAS	CADM1	Adhikari H. et al.(2018)
KRAS	SPRY4	Adhikari H. et al.(2018)
KRAS	ZDHHC5	Adhikari H. et al.(2018)
KRAS	LNPK	Adhikari H. et al.(2018)
KRAS	TMX4	Adhikari H. et al.(2018)
KRAS	BLZF1	Adhikari H. et al.(2018)
KRAS	SLC6A15	Adhikari H. et al.(2018)
KRAS	TMX1	Adhikari H. et al.(2018)
KRAS	CDC42EP4	Adhikari H. et al.(2018)
KRAS	PIGU	Adhikari H. et al.(2018)
KRAS	VEZT	Adhikari H. et al.(2018)
KRAS	PCDH9	Adhikari H. et al.(2018)
KRAS	EPB41L5	Adhikari H. et al.(2018)
KRAS	PREB	Adhikari H. et al.(2018)
KRAS	JPH1	Adhikari H. et al.(2018)
KRAS	EMC7	Adhikari H. et al.(2018)
KRAS	NECTIN3	Adhikari H. et al.(2018)
KRAS	SAR1A	Adhikari H. et al.(2018)
KRAS	FAM114A2	Adhikari H. et al.(2018)
KRAS	TOMM22	Adhikari H. et al.(2018)
KRAS	ZDHHC18	Adhikari H. et al.(2018)
KRAS	ANO10	Adhikari H. et al.(2018)
KRAS	BSDC1	Adhikari H. et al.(2018)
KRAS	TMEM51	Adhikari H. et al.(2018)
KRAS	PAG1	Adhikari H. et al.(2018)
KRAS	TMEM161A	Adhikari H. et al.(2018)
KRAS	CHCHD3	Adhikari H. et al.(2018)
KRAS	USE1	Adhikari H. et al.(2018)
KRAS	CISD1	Adhikari H. et al.(2018)
KRAS	MARK1	Adhikari H. et al.(2018)
KRAS	TMEM9	Adhikari H. et al.(2018)
KRAS	SENP1	Adhikari H. et al.(2018)
KRAS	NHSL3	Adhikari H. et al.(2018)
KRAS	STX18	Adhikari H. et al.(2018)
KRAS	FTSJ1	Adhikari H. et al.(2018)
KRAS	VTI1B	Adhikari H. et al.(2018)
KRAS	CYB5R1	Adhikari H. et al.(2018)
NRAS	RPS27A	Adhikari H. et al.(2018)
NRAS	CPD	Adhikari H. et al.(2018)
HRAS	SLC4A7	Adhikari H. et al.(2018)
HRAS	KTN1	Adhikari H. et al.(2018)
HRAS	BSG	Adhikari H. et al.(2018)
HRAS	SLC29A1	Adhikari H. et al.(2018)
HRAS	SLC19A1	Adhikari H. et al.(2018)
HRAS	SLC16A1	Adhikari H. et al.(2018)
HRAS	STEAP3	Adhikari H. et al.(2018)
HRAS	POR	Adhikari H. et al.(2018)
HRAS	EIF2S3	Adhikari H. et al.(2018)
HRAS	LMNB1	Adhikari H. et al.(2018)
HRAS	SLC4A2	Adhikari H. et al.(2018)
HRAS	ITM2B	Adhikari H. et al.(2018)
HRAS	AKAP12	Adhikari H. et al.(2018)
HRAS	LMAN1	Adhikari H. et al.(2018)
HRAS	SCD	Adhikari H. et al.(2018)
HRAS	BMPR2	Adhikari H. et al.(2018)
HRAS	SPTBN2	Adhikari H. et al.(2018)
HRAS	PLXNA1	Adhikari H. et al.(2018)
HRAS	EPB41L3	Adhikari H. et al.(2018)
HRAS	CTNND1	Adhikari H. et al.(2018)
HRAS	VPS45	Adhikari H. et al.(2018)
HRAS	ESYT1	Adhikari H. et al.(2018)
HRAS	KIAA0319L	Adhikari H. et al.(2018)
HRAS	EPHA3	Adhikari H. et al.(2018)
HRAS	PHB2	Adhikari H. et al.(2018)
KRAS	ESYT2	Adhikari H. et al.(2018)
KRAS	SNAP23	Adhikari H. et al.(2018)
KRAS	APBB1	Adhikari H. et al.(2018)
KRAS	EIF3F	Adhikari H. et al.(2018)
KRAS	SCAMP3	Adhikari H. et al.(2018)
KRAS	PLSCR1	Adhikari H. et al.(2018)
KRAS	ABCC5	Adhikari H. et al.(2018)
KRAS	YKT6	Adhikari H. et al.(2018)
KRAS	TPD52L2	Adhikari H. et al.(2018)
KRAS	PPIH	Adhikari H. et al.(2018)
KRAS	SNX3	Adhikari H. et al.(2018)
KRAS	TACC1	Adhikari H. et al.(2018)
KRAS	RP2	Adhikari H. et al.(2018)
KRAS	CCNB2	Adhikari H. et al.(2018)
KRAS	MAP4K4	Adhikari H. et al.(2018)
KRAS	YES1	Adhikari H. et al.(2018)
KRAS	SRPRA	Adhikari H. et al.(2018)
KRAS	CNP	Adhikari H. et al.(2018)
KRAS	RALA	Adhikari H. et al.(2018)
KRAS	CDK4	Adhikari H. et al.(2018)
KRAS	ARF4	Adhikari H. et al.(2018)
KRAS	RAB6A	Adhikari H. et al.(2018)
KRAS	MARK3	Adhikari H. et al.(2018)
KRAS	ABCD3	Adhikari H. et al.(2018)
KRAS	HMOX2	Adhikari H. et al.(2018)
KRAS	SLC6A6	Adhikari H. et al.(2018)
KRAS	NF2	Adhikari H. et al.(2018)
KRAS	SOAT1	Adhikari H. et al.(2018)
KRAS	GJC1	Adhikari H. et al.(2018)
KRAS	TMPO	Adhikari H. et al.(2018)
KRAS	SLC1A3	Adhikari H. et al.(2018)
KRAS	MCAM	Adhikari H. et al.(2018)
KRAS	EMD	Adhikari H. et al.(2018)
KRAS	BCAP31	Adhikari H. et al.(2018)
KRAS	ALDH3A2	Adhikari H. et al.(2018)
KRAS	VAMP7	Adhikari H. et al.(2018)
KRAS	AFDN	Adhikari H. et al.(2018)
KRAS	RAB10	Adhikari H. et al.(2018)
KRAS	ARF6	Adhikari H. et al.(2018)
KRAS	VAMP2	Adhikari H. et al.(2018)
KRAS	CXADR	Adhikari H. et al.(2018)
KRAS	SIRPA	Adhikari H. et al.(2018)
KRAS	SLC35A2	Adhikari H. et al.(2018)
KRAS	DSC2	Adhikari H. et al.(2018)
KRAS	CKAP4	Adhikari H. et al.(2018)
KRAS	TIAM1	Adhikari H. et al.(2018)
KRAS	PTK7	Adhikari H. et al.(2018)
KRAS	SLC39A6	Adhikari H. et al.(2018)
KRAS	MTM1	Adhikari H. et al.(2018)
KRAS	STIM1	Adhikari H. et al.(2018)
KRAS	EFR3A	Adhikari H. et al.(2018)
KRAS	NECTIN1	Adhikari H. et al.(2018)
KRAS	LLGL1	Adhikari H. et al.(2018)
KRAS	TAF7	Adhikari H. et al.(2018)
KRAS	RAB11B	Adhikari H. et al.(2018)
KRAS	OCLN	Adhikari H. et al.(2018)
KRAS	CYP51A1	Adhikari H. et al.(2018)
KRAS	CCDC88A	Adhikari H. et al.(2018)
KRAS	TOR1AIP1	Adhikari H. et al.(2018)
KRAS	SPECC1	Adhikari H. et al.(2018)
KRAS	WLS	Adhikari H. et al.(2018)
KRAS	CDC42BPA	Adhikari H. et al.(2018)
KRAS	ZDHHC20	Adhikari H. et al.(2018)
KRAS	TMEM214	Adhikari H. et al.(2018)
KRAS	PDXDC1	Adhikari H. et al.(2018)
KRAS	MARK2	Adhikari H. et al.(2018)
KRAS	ATG9A	Adhikari H. et al.(2018)
KRAS	PHLDB2	Adhikari H. et al.(2018)
KRAS	PPFIBP1	Adhikari H. et al.(2018)
KRAS	LSR	Adhikari H. et al.(2018)
KRAS	VRK2	Adhikari H. et al.(2018)
KRAS	STX12	Adhikari H. et al.(2018)
KRAS	MINK1	Adhikari H. et al.(2018)
KRAS	TMEM87A	Adhikari H. et al.(2018)
KRAS	LPCAT1	Adhikari H. et al.(2018)
KRAS	VANGL1	Adhikari H. et al.(2018)
KRAS	HM13	Adhikari H. et al.(2018)
KRAS	RAPGEF6	Adhikari H. et al.(2018)
KRAS	USP33	Adhikari H. et al.(2018)
KRAS	SLC20A1	Adhikari H. et al.(2018)
KRAS	CHMP7	Adhikari H. et al.(2018)
KRAS	UBXN4	Adhikari H. et al.(2018)
KRAS	NDRG1	Adhikari H. et al.(2018)
KRAS	NECTIN2	Adhikari H. et al.(2018)
KRAS	SYAP1	Adhikari H. et al.(2018)
KRAS	FAF2	Adhikari H. et al.(2018)
KRAS	MBOAT7	Adhikari H. et al.(2018)
KRAS	CLCC1	Adhikari H. et al.(2018)
KRAS	TMEM209	Adhikari H. et al.(2018)
KRAS	VAT1	Adhikari H. et al.(2018)
KRAS	PKP4	Adhikari H. et al.(2018)
KRAS	PIP5K1A	Adhikari H. et al.(2018)
KRAS	FBXO5	Adhikari H. et al.(2018)
KRAS	RAB21	Adhikari H. et al.(2018)
KRAS	SLC39A10	Adhikari H. et al.(2018)
KRAS	STX8	Adhikari H. et al.(2018)
KRAS	SLC7A11	Adhikari H. et al.(2018)
KRAS	BAIAP2	Adhikari H. et al.(2018)
KRAS	LEMD3	Adhikari H. et al.(2018)
KRAS	PTRH2	Adhikari H. et al.(2018)
KRAS	FLVCR1	Adhikari H. et al.(2018)
KRAS	UBIAD1	Adhikari H. et al.(2018)
KRAS	F11R	Adhikari H. et al.(2018)
KRAS	SLC30A1	Adhikari H. et al.(2018)
KRAS	ROBO1	Adhikari H. et al.(2018)
KRAS	PIP5K1A	Adhikari H. et al.(2018)
KRAS	PIP5K1A	Adhikari H. et al.(2018)
KRAS	PIP5K1A	Adhikari H. et al.(2018)
KRAS	PIP5K1A	Adhikari H. et al.(2018)
KRAS	PIP5K1A	Adhikari H. et al.(2018)
KRAS	PIP5K1A	Adhikari H. et al.(2018)
KRAS	PKP2	Adhikari H. et al.(2018)
KRAS	HYCC1	Adhikari H. et al.(2018)
KRAS	OSBPL8	Adhikari H. et al.(2018)
KRAS	UACA	Adhikari H. et al.(2018)
KRAS	SEMA4C	Adhikari H. et al.(2018)
KRAS	FAM234A	Adhikari H. et al.(2018)
KRAS	PEAK1	Adhikari H. et al.(2018)
KRAS	GORASP2	Adhikari H. et al.(2018)
KRAS	RRAGC	Adhikari H. et al.(2018)
KRAS	TMEM165	Adhikari H. et al.(2018)
KRAS	PLCB1	Adhikari H. et al.(2018)
KRAS	PLSCR3	Adhikari H. et al.(2018)
KRAS	SPG21	Adhikari H. et al.(2018)
KRAS	VAPA	Adhikari H. et al.(2018)
KRAS	DHCR7	Adhikari H. et al.(2018)
KRAS	SLC23A2	Adhikari H. et al.(2018)
KRAS	NDRG3	Adhikari H. et al.(2018)
KRAS	CEMIP2	Adhikari H. et al.(2018)
NRAS	LNPEP	Adhikari H. et al.(2018)
NRAS	CTNNB1	Adhikari H. et al.(2018)
HRAS	SCARB1	Adhikari H. et al.(2018)
HRAS	SLC12A2	Adhikari H. et al.(2018)
HRAS	DNM1L	Adhikari H. et al.(2018)
HRAS	SLC38A1	Adhikari H. et al.(2018)
HRAS	SLC1A5	Adhikari H. et al.(2018)
HRAS	GOLGB1	Adhikari H. et al.(2018)
HRAS	SLC7A5	Adhikari H. et al.(2018)
HRAS	IFNGR1	Adhikari H. et al.(2018)
HRAS	PLD3	Adhikari H. et al.(2018)
HRAS	MARCKS	Adhikari H. et al.(2018)
HRAS	FLOT1	Adhikari H. et al.(2018)
HRAS	ECPAS	Adhikari H. et al.(2018)
HRAS	ACSL4	Adhikari H. et al.(2018)
HRAS	DAG1	Adhikari H. et al.(2018)
KRAS	STXBP3	Adhikari H. et al.(2018)
KRAS	SCD	Adhikari H. et al.(2018)
KRAS	SPTBN2	Adhikari H. et al.(2018)
KRAS	STX7	Adhikari H. et al.(2018)
KRAS	EPB41L2	Adhikari H. et al.(2018)
KRAS	STX6	Adhikari H. et al.(2018)
KRAS	MYO1B	Adhikari H. et al.(2018)
KRAS	CTNND1	Adhikari H. et al.(2018)
KRAS	LRP6	Adhikari H. et al.(2018)
KRAS	ACSL3	Adhikari H. et al.(2018)
KRAS	PAK4	Adhikari H. et al.(2018)
KRAS	DHFR	Adhikari H. et al.(2018)
KRAS	TYMS	Adhikari H. et al.(2018)
KRAS	SLC4A2	Adhikari H. et al.(2018)
KRAS	HMOX1	Adhikari H. et al.(2018)
KRAS	ETFA	Adhikari H. et al.(2018)
KRAS	CD46	Adhikari H. et al.(2018)
KRAS	POR	Adhikari H. et al.(2018)
KRAS	GJA1	Adhikari H. et al.(2018)
KRAS	HK1	Adhikari H. et al.(2018)
KRAS	SLC9A1	Adhikari H. et al.(2018)
KRAS	ATP2B1	Adhikari H. et al.(2018)
KRAS	LMNB1	Adhikari H. et al.(2018)
KRAS	ITGA6	Adhikari H. et al.(2018)
KRAS	ATP2B4	Adhikari H. et al.(2018)
KRAS	EPHA3	Adhikari H. et al.(2018)
KRAS	PPIF	Adhikari H. et al.(2018)
KRAS	SLC7A1	Adhikari H. et al.(2018)
KRAS	BSG	Adhikari H. et al.(2018)
KRAS	MDH2	Adhikari H. et al.(2018)
KRAS	EIF2S3	Adhikari H. et al.(2018)
KRAS	SLC19A1	Adhikari H. et al.(2018)
KRAS	LMAN1	Adhikari H. et al.(2018)
KRAS	CLCN7	Adhikari H. et al.(2018)
KRAS	SLC16A1	Adhikari H. et al.(2018)
KRAS	RAB14	Adhikari H. et al.(2018)
KRAS	RAB1A	Adhikari H. et al.(2018)
KRAS	ARF1	Adhikari H. et al.(2018)
KRAS	AKAP12	Adhikari H. et al.(2018)
KRAS	ARHGAP1	Adhikari H. et al.(2018)
KRAS	ADAM9	Adhikari H. et al.(2018)
KRAS	BMPR2	Adhikari H. et al.(2018)
KRAS	LBR	Adhikari H. et al.(2018)
KRAS	SLC39A14	Adhikari H. et al.(2018)
KRAS	STEAP3	Adhikari H. et al.(2018)
KRAS	LAMTOR1	Adhikari H. et al.(2018)
KRAS	KTN1	Adhikari H. et al.(2018)
KRAS	KIAA0319L	Adhikari H. et al.(2018)
KRAS	CNNM3	Adhikari H. et al.(2018)
KRAS	STT3B	Adhikari H. et al.(2018)
KRAS	NEO1	Adhikari H. et al.(2018)
KRAS	EXOC4	Adhikari H. et al.(2018)
KRAS	AURKB	Adhikari H. et al.(2018)
KRAS	PHB2	Adhikari H. et al.(2018)
KRAS	MTR	Adhikari H. et al.(2018)
KRAS	SLC29A1	Adhikari H. et al.(2018)
KRAS	PLXNA1	Adhikari H. et al.(2018)
KRAS	ITM2B	Adhikari H. et al.(2018)
KRAS	EPB41L3	Adhikari H. et al.(2018)
KRAS	SLC4A7	Adhikari H. et al.(2018)
KRAS	XPR1	Adhikari H. et al.(2018)
KRAS	ESYT1	Adhikari H. et al.(2018)
KRAS	NDC1	Adhikari H. et al.(2018)
KRAS	WDR6	Adhikari H. et al.(2018)
KRAS	AAAS	Adhikari H. et al.(2018)
KRAS	VPS45	Adhikari H. et al.(2018)
KRAS	ADD3	Adhikari H. et al.(2018)
NRAS	EGFR	Adhikari H. et al.(2018)
HRAS	KIDINS220	Adhikari H. et al.(2018)
HRAS	MCL1	Adhikari H. et al.(2018)
HRAS	CANX	Adhikari H. et al.(2018)
HRAS	SLC38A2	Adhikari H. et al.(2018)
HRAS	CDC42	Adhikari H. et al.(2018)
HRAS	PSEN1	Adhikari H. et al.(2018)
HRAS	NUP155	Adhikari H. et al.(2018)
HRAS	EPHA2	Adhikari H. et al.(2018)
HRAS	NF1	Adhikari H. et al.(2018)
HRAS	PLK1	Adhikari H. et al.(2018)
HRAS	APLP2	Adhikari H. et al.(2018)
KRAS	MARCKS	Adhikari H. et al.(2018)
KRAS	DNM1L	Adhikari H. et al.(2018)
KRAS	AHCYL1	Adhikari H. et al.(2018)
KRAS	ACSL4	Adhikari H. et al.(2018)
KRAS	ATP6AP2	Adhikari H. et al.(2018)
KRAS	STOM	Adhikari H. et al.(2018)
KRAS	IL6ST	Adhikari H. et al.(2018)
KRAS	HSD17B4	Adhikari H. et al.(2018)
KRAS	SLC7A5	Adhikari H. et al.(2018)
KRAS	NOTCH2	Adhikari H. et al.(2018)
KRAS	DAG1	Adhikari H. et al.(2018)
KRAS	GNAS	Adhikari H. et al.(2018)
KRAS	ECPAS	Adhikari H. et al.(2018)
KRAS	SCARB1	Adhikari H. et al.(2018)
KRAS	SLC38A1	Adhikari H. et al.(2018)
KRAS	EHD1	Adhikari H. et al.(2018)
NRAS	ATP1A1	Adhikari H. et al.(2018)
NRAS	PTPN1	Adhikari H. et al.(2018)
HRAS	LYN	Adhikari H. et al.(2018)
HRAS	DSG2	Adhikari H. et al.(2018)
HRAS	ITGB1	Adhikari H. et al.(2018)
HRAS	CALR	Adhikari H. et al.(2018)
KRAS	NUP155	Adhikari H. et al.(2018)
KRAS	FLOT1	Adhikari H. et al.(2018)
KRAS	INSR	Adhikari H. et al.(2018)
KRAS	LYN	Adhikari H. et al.(2018)
KRAS	JUP	Adhikari H. et al.(2018)
KRAS	IFNGR1	Adhikari H. et al.(2018)
KRAS	TCP1	Adhikari H. et al.(2018)
KRAS	NF1	Adhikari H. et al.(2018)
KRAS	CANX	Adhikari H. et al.(2018)
KRAS	EPHA2	Adhikari H. et al.(2018)
KRAS	CTNNA1	Adhikari H. et al.(2018)
KRAS	PSEN1	Adhikari H. et al.(2018)
KRAS	PLK1	Adhikari H. et al.(2018)
KRAS	SLC12A2	Adhikari H. et al.(2018)
KRAS	CDC42	Adhikari H. et al.(2018)
KRAS	APLP2	Adhikari H. et al.(2018)
KRAS	MCL1	Adhikari H. et al.(2018)
KRAS	SLC1A5	Adhikari H. et al.(2018)
KRAS	PLD3	Adhikari H. et al.(2018)
KRAS	SLC38A2	Adhikari H. et al.(2018)
KRAS	KIDINS220	Adhikari H. et al.(2018)
KRAS	ITM2C	Adhikari H. et al.(2018)
NRAS	IGF2R	Adhikari H. et al.(2018)
HRAS	SRC	Adhikari H. et al.(2018)
HRAS	RPS27A	Adhikari H. et al.(2018)
HRAS	SLC3A2	Adhikari H. et al.(2018)
HRAS	PPIA	Adhikari H. et al.(2018)
HRAS	NOTCH1	Adhikari H. et al.(2018)
KRAS	ITGB1	Adhikari H. et al.(2018)
KRAS	SLC3A2	Adhikari H. et al.(2018)
KRAS	SRC	Adhikari H. et al.(2018)
KRAS	NOTCH1	Adhikari H. et al.(2018)
KRAS	RHOA	Adhikari H. et al.(2018)
KRAS	PPIA	Adhikari H. et al.(2018)
KRAS	DSG2	Adhikari H. et al.(2018)
KRAS	SEMA4D	Adhikari H. et al.(2018)
NRAS	APP	Adhikari H. et al.(2018)
KRAS	CPD	Adhikari H. et al.(2018)
KRAS	RPS27A	Adhikari H. et al.(2018)
KRAS	LNPEP	Adhikari H. et al.(2018)
NRAS	HLA-A	Adhikari H. et al.(2018)
HRAS	PTPN1	Adhikari H. et al.(2018)
HRAS	EGFR	Adhikari H. et al.(2018)
HRAS	ATP1A1	Adhikari H. et al.(2018)
KRAS	EGFR	Adhikari H. et al.(2018)
KRAS	ATP1A1	Adhikari H. et al.(2018)
KRAS	PTPN1	Adhikari H. et al.(2018)
KRAS	CTNNB1	Adhikari H. et al.(2018)
NRAS	TFRC	Adhikari H. et al.(2018)
KRAS	IGF2R	Adhikari H. et al.(2018)
HRAS	IGF2R	Adhikari H. et al.(2018)
KRAS	APP	Adhikari H. et al.(2018)
HRAS	APP	Adhikari H. et al.(2018)
HRAS	HLA-A	Adhikari H. et al.(2018)
KRAS	HLA-A	Adhikari H. et al.(2018)
HRAS	TFRC	Adhikari H. et al.(2018)
KRAS	TFRC	Adhikari H. et al.(2018)
KRAS	GPR31	IntAct
HRAS	RAP1GDS1	IntAct
RAF1	MAP2K1	IntAct
KRAS	FNTA	IntAct
MAP2K2	MAP2K1	IntAct
RAF1	KRAS	IntAct
KRAS	RAF1	IntAct
MAP2K2	ARAF	IntAct
BRAF	KRAS	IntAct
ARAF	NRAS	IntAct
MAP2K1	BRAF	IntAct
BRAF	MAP2K1	IntAct
ARAF	MAP2K2	IntAct
ARAF	AARSD1	IntAct
NRAS	ARAF	IntAct
ARAF	HSP90AB1	IntAct
ARAF	PPP5C	IntAct
ARAF	AGTRAP	IntAct
ARAF	MLF1	IntAct
NRAS	MAP2K2	IntAct
MAP2K1	ARAF	IntAct
ARAF	MAP2K1	IntAct
ARAF	RAF1	IntAct
ARAF	NUDCD1	IntAct
MAP2K1	MAP2K2	IntAct
MAP2K2	RAF1	IntAct
ARAF	BRAF	IntAct
BRAF	ARAF	IntAct
MAP2K1	MAPK3	IntAct
ARAF	CDC37	IntAct
NRAS	RAF1	IntAct
RAF1	NRAS	IntAct
MAP2K2	BRAF	IntAct
BRAF	MAP2K2	IntAct
ARAF	KRAS	IntAct
MAP2K1	RAF1	IntAct
NRAS	BRAF	IntAct
BRAF	NRAS	IntAct
BRAF	RAF1	IntAct
HRAS	ARAF	IntAct
ARAF	HRAS	IntAct
MAPK3	MAPK1	IntAct
MAPK1	MAPK3	IntAct
ARAF	RPL39P5	IntAct
ARAF	NUDT14	IntAct
RAF1	BRAF	IntAct
ARAF	BAG2	IntAct
ARAF	MTNR1B	IntAct
ARAF	HMGN1	IntAct
ARAF	RCN2	IntAct
ARAF	SLC25A22	IntAct
ARAF	ATP5MK	IntAct
ARAF	DPM1	IntAct
ARAF	HSP90AB3P	IntAct
ARAF	AIP	IntAct
ARAF	HDGF	IntAct
ARAF	CAMK1	IntAct
ARAF	EFEMP1	IntAct
ARAF	TIMM44	IntAct
ARAF	PBK	IntAct
ARAF	APOD	IntAct
MAP2K1	MAPK1	IntAct
KRAS	ARAF	IntAct
ARAF	PPP6C	IntAct
ARAF	SLC25A13	IntAct
ARAF	SLC25A1	IntAct
ARAF	LRRC59	IntAct
ARAF	PKP1	IntAct
ARAF	TBCB	IntAct
ARAF	RABGGTB	IntAct
ARAF	RRAS2	IntAct
NRAS	HRAS	IntAct
MAP2K2	HSP90AB4P	IntAct
MAP2K2	HSP90AA5P	IntAct
MAP2K2	HSP90AA4P	IntAct
MAP2K2	HNRNPK	IntAct
MAP2K2	GATD3	IntAct
MAP2K2	EXPH5	IntAct
MAP2K2	CNKSR3	IntAct
MAP2K2	PDZD4	IntAct
ARAF	KIFBP	IntAct
ARAF	YBX3	IntAct
ARAF	TIMM50	IntAct
ARAF	EMD	IntAct
ARAF	CALML5	IntAct
ARAF	TGM3	IntAct
ARAF	CIRBP	IntAct
ARAF	COPS3	IntAct
ARAF	TIRAP	IntAct
MAP2K2	LUC7L	IntAct
MAP2K2	DMWD	IntAct
MAP2K2	GRID2IP	IntAct
MAP2K2	TAMALIN	IntAct
ARAF	TECR	IntAct
ARAF	TUBB6	IntAct
ARAF	DMKN	IntAct
ARAF	MAP1A	IntAct
MAPK3	FAM135B	IntAct
MAPK3	OTUD7B	IntAct
HRAS	RAF1	IntAct
RAF1	HRAS	IntAct
MAP2K2	HSP90AB3P	IntAct
MAP2K2	NOCT	IntAct
MAP2K2	SLC25A11	IntAct
MAP2K2	BAG2	IntAct
MAP2K2	LUC7L2	IntAct
MAP2K2	ARMCX5	IntAct
MAP2K2	CLN6	IntAct
MAP2K2	CNKSR1	IntAct
MAP2K2	TAX1BP3	IntAct
ARAF	DNAJA2	IntAct
ARAF	YWHAH	IntAct
ARAF	RCN1	IntAct
ARAF	THRAP3	IntAct
ARAF	NELFCD	IntAct
ARAF	IRF7	IntAct
MAPK3	RBM26	IntAct
MAPK3	CELF1	IntAct
MAPK3	TBX3	IntAct
MAPK3	TPM2	IntAct
MAPK3	TIAL1	IntAct
MAPK3	DYNC1I2	IntAct
MAPK3	UNG	IntAct
MAPK3	AMOT	IntAct
MAPK3	L3MBTL3	IntAct
MAP2K2	CCNDBP1	IntAct
MAP2K2	CBR1	IntAct
MAP2K2	KSR2	IntAct
MAP2K2	VASH2	IntAct
MAP2K2	UIMC1	IntAct
MAP2K2	ISYNA1	IntAct
MAP2K2	UTP3	IntAct
MAP2K2	BABAM1	IntAct
MAP2K2	ERF	IntAct
MAP2K2	NPRL3	IntAct
MAP2K2	FAM91A1	IntAct
MAP2K2	HEATR6	IntAct
MAP2K2	WDR59	IntAct
MAP2K2	FAM83H	IntAct
MAP2K2	DNAJB14	IntAct
MAP2K2	PISD	IntAct
MAP2K2	BAG5	IntAct
MAP2K2	PALD1	IntAct
ARAF	TUBA4A	IntAct
ARAF	DNAJA1	IntAct
ARAF	CHD6	IntAct
ARAF	DSG1	IntAct
ARAF	BCLAF1	IntAct
ARAF	ASS1	IntAct
MAPK3	TTC9C	IntAct
MAPK3	BAG6	IntAct
MAPK3	HSPA7	IntAct
MAP2K2	KSR1	IntAct
MAP2K2	HPX	IntAct
MAP2K2	GLO1	IntAct
MAP2K2	LRRC59	IntAct
MAP2K2	PPIP5K1	IntAct
MAP2K2	FAM83D	IntAct
MAP2K2	PANK4	IntAct
MAP2K2	MAST2	IntAct
ARAF	MYO18A	IntAct
MAPK3	UBL4A	IntAct
MAPK3	IP6K3	IntAct
MAPK3	PADI3	IntAct
MAPK3	CD248	IntAct
MAPK3	KLHL32	IntAct
MAPK3	MRFAP1L1	IntAct
MAPK3	FKBP2	IntAct
MAPK3	PFKFB1	IntAct
MAPK3	TRIM54	IntAct
MAPK3	BTBD10	IntAct
MAPK3	SCAND1	IntAct
MAPK3	ZNF219	IntAct
NRAS	RAP1GDS1	IntAct
NRAS	SHISA2	IntAct
NRAS	CCDC180	IntAct
NRAS	KRAS	IntAct
KRAS	NRAS	IntAct
MAP2K2	TUBA1C	IntAct
MAP2K2	GOT2	IntAct
MAP2K2	SUB1	IntAct
MAP2K2	PPA1	IntAct
MAP2K2	EDRF1	IntAct
MAP2K2	TRAF7	IntAct
MAP2K2	HAUS6	IntAct
MAP2K2	BBS7	IntAct
MAP2K2	RHOT1	IntAct
MAP2K2	NEDD1	IntAct
MAP2K2	KIFBP	IntAct
MAP2K2	DYNC2I2	IntAct
MAP2K2	DNAJA3	IntAct
MAP2K2	BBS2	IntAct
MAP2K2	NRBP1	IntAct
MAP2K2	MPP1	IntAct
MAP2K2	DLG3	IntAct
MAP2K2	DLG2	IntAct
MAP2K2	SHANK1	IntAct
ARAF	AIFM1	IntAct
ARAF	YWHAG	IntAct
ARAF	YWHAQ	IntAct
ARAF	HSPB1	IntAct
ARAF	CALU	IntAct
MAPK3	APOL2	IntAct
MAPK3	CSTF2T	IntAct
MAPK3	TRPS1	IntAct
MAPK3	AKR1C1	IntAct
MAPK3	CPXM1	IntAct
MAPK3	DCP1A	IntAct
MAPK3	MYOG	IntAct
MAPK3	NAB2	IntAct
MAPK3	HSP90AB2P	IntAct
MAPK3	ERF	IntAct
MAPK3	DUSP7	IntAct
MAPK3	RFX7	IntAct
MAPK3	ABHD14B	IntAct
MAPK3	DUSP9	IntAct
MAPK3	RPS6KA6	IntAct
MAPK3	PEA15	IntAct
MAPK3	RNF114	IntAct
MAPK3	PNKD	IntAct
HRAS	BRAF	IntAct
BRAF	HRAS	IntAct
NRAS	GRB10	IntAct
NRAS	GPR31	IntAct
NRAS	MACF1	IntAct
NRAS	KLRG2	IntAct
NRAS	ZFPL1	IntAct
NRAS	CACHD1	IntAct
NRAS	GPR50	IntAct
NRAS	TMED8	IntAct
NRAS	SFT2D1	IntAct
NRAS	SUSD5	IntAct
NRAS	NCCRP1	IntAct
NRAS	KPRP	IntAct
NRAS	CYLC2	IntAct
NRAS	FRAT2	IntAct
MAP2K2	COPS5	IntAct
MAP2K2	YWHAH	IntAct
MAP2K2	DSG1	IntAct
MAP2K2	DNAJA2	IntAct
MAP2K2	CKB	IntAct
MAP2K2	PEBP1	IntAct
MAP2K2	EIF5A	IntAct
MAP2K2	BASP1	IntAct
MAP2K2	EIF4H	IntAct
MAP2K2	TXNDC5	IntAct
MAP2K2	RTCB	IntAct
MAP2K2	BAG3	IntAct
MAP2K2	CEP170	IntAct
MAP2K2	SHKBP1	IntAct
MAP2K2	HPS3	IntAct
MAP2K2	PASK	IntAct
MAP2K2	EIF2A	IntAct
MAP2K2	MAGED2	IntAct
MAP2K2	DVL2	IntAct
MAP2K2	LIMK1	IntAct
NRAS	GRB14	IntAct
NRAS	COQ8B	IntAct
NRAS	NDUFAF2	IntAct
NRAS	VKORC1L1	IntAct
NRAS	EFNB1	IntAct
NRAS	SPCS1	IntAct
NRAS	UBXN8	IntAct
NRAS	CDCA3	IntAct
NRAS	TMEM115	IntAct
NRAS	IRS4	IntAct
NRAS	PTAR1	IntAct
NRAS	DHRS7	IntAct
NRAS	RABL3	IntAct
NRAS	RELL1	IntAct
NRAS	RAP1BL	IntAct
NRAS	ODR4	IntAct
NRAS	ANKRD13C	IntAct
NRAS	TMEM109	IntAct
NRAS	TMEM51	IntAct
NRAS	ZDHHC18	IntAct
NRAS	NHSL3	IntAct
NRAS	JPH1	IntAct
NRAS	DCUN1D3	IntAct
NRAS	C2CD2L	IntAct
NRAS	HYCC2	IntAct
NRAS	FAM171A2	IntAct
NRAS	EFNB3	IntAct
NRAS	TMX4	IntAct
NRAS	TRMO	IntAct
NRAS	AOPEP	IntAct
NRAS	CORO2A	IntAct
NRAS	SFRP4	IntAct
ARAF	STUB1	IntAct
ARAF	TRIM28	IntAct
ARAF	PRPF6	IntAct
ARAF	SETD2	IntAct
MAPK3	WDR43	IntAct
MAPK3	GSE1	IntAct
MAPK3	UBE2V1	IntAct
MAPK3	PCF11	IntAct
MAPK3	TRAPPC4	IntAct
MAPK3	CRP	IntAct
MAPK3	ID2	IntAct
MAPK3	TTYH3	IntAct
MAPK3	FOXP2	IntAct
MAPK3	FAM83D	IntAct
MAPK3	RPS6KA5	IntAct
MAPK3	GRSF1	IntAct
MAPK3	RPS6KA2	IntAct
MAPK3	RSU1	IntAct
MAPK3	DUSP6	IntAct
MAPK3	TLK2	IntAct
MAPK3	CHERP	IntAct
MAPK3	PARVA	IntAct
MAPK3	TLK1	IntAct
MAPK3	NUP58	IntAct
MAP2K1	KRAS	IntAct
NRAS	RIN1	IntAct
NRAS	RGL2	IntAct
NRAS	BLZF1	IntAct
NRAS	EFR3B	IntAct
NRAS	MARVELD2	IntAct
NRAS	SLC6A8	IntAct
NRAS	RFT1	IntAct
NRAS	BSDC1	IntAct
NRAS	TMEM9	IntAct
NRAS	ARL13B	IntAct
NRAS	USP6NL	IntAct
NRAS	PIP4P1	IntAct
NRAS	SPRY4	IntAct
NRAS	VAMP4	IntAct
NRAS	MMGT1	IntAct
NRAS	CDC42EP1	IntAct
NRAS	PEX11B	IntAct
NRAS	FAM114A2	IntAct
NRAS	SLC6A15	IntAct
NRAS	LRRC57	IntAct
NRAS	PCDH9	IntAct
NRAS	SEC22B	IntAct
NRAS	CHCHD3	IntAct
NRAS	WDR20	IntAct
NRAS	EI24	IntAct
NRAS	ANKRD26	IntAct
NRAS	FUNDC2	IntAct
NRAS	PREB	IntAct
NRAS	RNF185	IntAct
NRAS	GOSR2	IntAct
NRAS	SNAP47	IntAct
NRAS	FTSJ1	IntAct
NRAS	KCT2	IntAct
NRAS	MEAK7	IntAct
NRAS	MAP4K3	IntAct
NRAS	RALGPS2	IntAct
NRAS	DCBLD1	IntAct
NRAS	PLEKHO1	IntAct
NRAS	AKAP5	IntAct
NRAS	TP53I11	IntAct
NRAS	EMC8	IntAct
NRAS	CAMLG	IntAct
NRAS	TMCO1	IntAct
NRAS	ZDHHC8	IntAct
NRAS	SLC5A3	IntAct
NRAS	TNFAIP8	IntAct
NRAS	PCDH7	IntAct
NRAS	TMEM237	IntAct
NRAS	PLCH1	IntAct
NRAS	TMEM230	IntAct
NRAS	USE1	IntAct
NRAS	SLC35E1	IntAct
NRAS	CYB5B	IntAct
NRAS	HSDL2	IntAct
NRAS	VMA12	IntAct
NRAS	PRXL2A	IntAct
NRAS	EPN2	IntAct
NRAS	HAL	IntAct
NRAS	TBL2	IntAct
NRAS	GOLPH3L	IntAct
NRAS	TBC1D10A	IntAct
NRAS	FBP2	IntAct
NRAS	HEMGN	IntAct
MAP2K1	BANP	IntAct
MAP2K1	PEBP4	IntAct
MAP2K2	TUBA4A	IntAct
MAP2K2	CDC37	IntAct
MAP2K2	SLC25A3	IntAct
MAP2K2	HSPA4	IntAct
MAP2K2	DNAJA1	IntAct
MAP2K2	SPAG9	IntAct
MAP2K2	UCHL1	IntAct
MAP2K2	ETFA	IntAct
MAP2K2	PAICS	IntAct
MAP2K2	NME2	IntAct
MAP2K2	AHCY	IntAct
MAP2K2	PGD	IntAct
MAP2K2	ARHGDIA	IntAct
MAP2K2	FANCA	IntAct
MAP2K2	HSPA1B	IntAct
MAP2K2	HSPA2	IntAct
MAP2K2	BLTP2	IntAct
MAP2K2	NCAPG2	IntAct
MAP2K2	PI4K2B	IntAct
MAP2K2	PIK3R4	IntAct
MAP2K2	WDR6	IntAct
MAP2K2	TTF2	IntAct
MAP2K2	DLG4	IntAct
NRAS	GCN1	IntAct
NRAS	LETMD1	IntAct
NRAS	EXD2	IntAct
NRAS	TRABD	IntAct
NRAS	RMDN1	IntAct
NRAS	RDH13	IntAct
NRAS	MPP7	IntAct
NRAS	SAR1A	IntAct
NRAS	FNTA	IntAct
NRAS	SRI	IntAct
NRAS	AUP1	IntAct
NRAS	SURF4	IntAct
NRAS	SRPRB	IntAct
NRAS	LZTR1	IntAct
NRAS	CISD2	IntAct
NRAS	SPCS2	IntAct
NRAS	SCAMP1	IntAct
NRAS	NECTIN3	IntAct
NRAS	ATL1	IntAct
NRAS	GOSR1	IntAct
NRAS	SC5D	IntAct
NRAS	TFAM	IntAct
NRAS	CDKAL1	IntAct
NRAS	TOR1AIP2	IntAct
NRAS	GOLGA5	IntAct
NRAS	JAM3	IntAct
NRAS	SYTL4	IntAct
NRAS	FAM91A1	IntAct
NRAS	PLSCR3	IntAct
NRAS	CISD1	IntAct
NRAS	CHMP6	IntAct
NRAS	STX10	IntAct
NRAS	MARK1	IntAct
NRAS	PPFIA1	IntAct
NRAS	VAMP3	IntAct
NRAS	ANKRD50	IntAct
NRAS	SLC33A1	IntAct
NRAS	MPZL1	IntAct
NRAS	DSC3	IntAct
NRAS	NSDHL	IntAct
NRAS	TMX1	IntAct
NRAS	CDC42EP4	IntAct
NRAS	CD276	IntAct
NRAS	CPNE8	IntAct
NRAS	ATG2B	IntAct
NRAS	YIF1A	IntAct
NRAS	DRG1	IntAct
NRAS	EPB41L5	IntAct
NRAS	CSNK1G3	IntAct
NRAS	ZDHHC5	IntAct
NRAS	CUX1	IntAct
NRAS	EMC7	IntAct
NRAS	ARL6IP5	IntAct
NRAS	LNPK	IntAct
NRAS	LRIF1	IntAct
NRAS	STX3	IntAct
NRAS	RAB23	IntAct
NRAS	MARCKSL1	IntAct
NRAS	TULP3	IntAct
NRAS	SSR1	IntAct
NRAS	STXBP6	IntAct
NRAS	BCL2L13	IntAct
NRAS	LRRC59	IntAct
NRAS	RHBDD2	IntAct
NRAS	TMEM161A	IntAct
NRAS	SLITRK5	IntAct
NRAS	CYB5R1	IntAct
NRAS	EFNB2	IntAct
NRAS	CCDC47	IntAct
NRAS	DEPDC1B	IntAct
NRAS	DNAJC1	IntAct
NRAS	UNC5B	IntAct
NRAS	SLC30A7	IntAct
NRAS	SLC7A2	IntAct
NRAS	ARFGAP1	IntAct
NRAS	RER1	IntAct
NRAS	ROR1	IntAct
NRAS	NCAM1	IntAct
NRAS	GEN1	IntAct
NRAS	SENP1	IntAct
NRAS	DLGAP4	IntAct
NRAS	VAPB	IntAct
NRAS	STX18	IntAct
NRAS	RAB13	IntAct
NRAS	SEC61B	IntAct
NRAS	DDRGK1	IntAct
NRAS	CCP110	IntAct
NRAS	SLC6A9	IntAct
NRAS	PTRH2	IntAct
NRAS	PHLDB1	IntAct
NRAS	VEZT	IntAct
NRAS	PAG1	IntAct
NRAS	RAP2C	IntAct
NRAS	SLC30A5	IntAct
NRAS	UBE2J1	IntAct
NRAS	KIRREL1	IntAct
NRAS	CEP104	IntAct
NRAS	SLC30A6	IntAct
NRAS	VANGL2	IntAct
NRAS	PIGU	IntAct
NRAS	CADM1	IntAct
NRAS	VTI1B	IntAct
NRAS	GPR107	IntAct
NRAS	ANO10	IntAct
NRAS	NHERF2	IntAct
NRAS	SELENOS	IntAct
NRAS	ABHD12	IntAct
NRAS	CDK16	IntAct
NRAS	VPS54	IntAct
NRAS	CCNY	IntAct
NRAS	ZDHHC13	IntAct
NRAS	GRK6	IntAct
NRAS	S100A16	IntAct
NRAS	TOMM22	IntAct
NRAS	FANCC	IntAct
NRAS	MAPKAPK3	IntAct
NRAS	STX17	IntAct
NRAS	XPA	IntAct
ARAF	YWHAE	IntAct
ARAF	SDF4	IntAct
ARAF	RPL37	IntAct
ARAF	ANXA1	IntAct
MAPK3	DHPS	IntAct
MAPK3	NUDT21	IntAct
MAPK3	RBM4	IntAct
MAPK3	MAGED1	IntAct
MAPK3	VPS52	IntAct
MAPK3	HSPA6	IntAct
MAPK3	HMMR	IntAct
MAPK3	LIMS1	IntAct
MAPK3	EIF5A	IntAct
MAPK3	PHF3	IntAct
MAPK3	KHSRP	IntAct
MAPK3	TUBGCP3	IntAct
MAPK3	MKNK2	IntAct
MAPK3	TEK	IntAct
MAP2K1	ZNF277	IntAct
MAP2K1	PLPBP	IntAct
MAP2K1	PLEKHF2	IntAct
MAP2K1	SLAIN2	IntAct
MAP2K1	UQCRFS1P1	IntAct
MAP2K1	NPM3	IntAct
MAP2K1	MXRA7	IntAct
MAP2K2	TUBB4B	IntAct
MAP2K2	YWHAQ	IntAct
MAP2K2	EIF2S1	IntAct
MAP2K2	MTHFD1	IntAct
MAP2K2	SHMT2	IntAct
MAP2K2	EIF2S3	IntAct
MAP2K2	HINT1	IntAct
MAP2K2	YWHAG	IntAct
MAP2K2	IQGAP2	IntAct
MAP2K2	MDC1	IntAct
MAP2K2	MCM3AP	IntAct
MAP2K2	TUBB4A	IntAct
MAP2K2	TUBB3	IntAct
MAP2K2	CUL7	IntAct
MAP2K2	RICTOR	IntAct
MAP2K2	MADD	IntAct
MAP2K2	ZNFX1	IntAct
KRAS	BRAF	IntAct
NRAS	ANXA7	IntAct
NRAS	MICU1	IntAct
NRAS	OMA1	IntAct
NRAS	RIN2	IntAct
NRAS	DHCR7	IntAct
NRAS	APBB1	IntAct
NRAS	CNP	IntAct
NRAS	MCAM	IntAct
NRAS	TOR1AIP1	IntAct
NRAS	CYP51A1	IntAct
NRAS	PPIH	IntAct
NRAS	UBXN4	IntAct
NRAS	NECTIN2	IntAct
NRAS	VAT1	IntAct
NRAS	YKT6	IntAct
NRAS	MARK3	IntAct
NRAS	SYAP1	IntAct
NRAS	LEMD3	IntAct
NRAS	PKP4	IntAct
NRAS	SNAP23	IntAct
NRAS	TMEM209	IntAct
NRAS	ALDH3A2	IntAct
NRAS	SLC30A1	IntAct
NRAS	VAMP2	IntAct
NRAS	MARK2	IntAct
NRAS	LLGL1	IntAct
NRAS	VAPA	IntAct
NRAS	BCAP31	IntAct
NRAS	SRPRA	IntAct
NRAS	MINK1	IntAct
NRAS	PPFIBP1	IntAct
NRAS	ATG9A	IntAct
NRAS	RP2	IntAct
NRAS	STX8	IntAct
NRAS	PHLDB2	IntAct
NRAS	ESYT2	IntAct
NRAS	USP33	IntAct
NRAS	HYCC1	IntAct
NRAS	EMD	IntAct
NRAS	TMEM87A	IntAct
NRAS	HM13	IntAct
NRAS	CEMIP2	IntAct
NRAS	SPG21	IntAct
NRAS	DSC2	IntAct
NRAS	TPD52L2	IntAct
NRAS	F11R	IntAct
NRAS	STIM1	IntAct
NRAS	GJC1	IntAct
NRAS	NDRG3	IntAct
NRAS	PIP5K1A	IntAct
NRAS	RRAGC	IntAct
NRAS	MBOAT7	IntAct
NRAS	SPECC1	IntAct
NRAS	GORASP2	IntAct
NRAS	IGF2BP3	IntAct
NRAS	SCAMP3	IntAct
NRAS	SEC23IP	IntAct
NRAS	NDRG1	IntAct
NRAS	CHMP7	IntAct
NRAS	OSBPL8	IntAct
NRAS	VPS33A	IntAct
NRAS	CDC42BPA	IntAct
NRAS	SLC23A2	IntAct
NRAS	LPCAT1	IntAct
NRAS	FAF2	IntAct
NRAS	MTM1	IntAct
NRAS	WLS	IntAct
NRAS	ZDHHC20	IntAct
NRAS	CKAP4	IntAct
NRAS	PKP2	IntAct
NRAS	UBIAD1	IntAct
NRAS	TMPO	IntAct
NRAS	SLC6A6	IntAct
NRAS	SLC35A2	IntAct
NRAS	NECTIN1	IntAct
NRAS	FAM234A	IntAct
NRAS	FBXO5	IntAct
NRAS	TMEM214	IntAct
NRAS	CTNNAL1	IntAct
NRAS	CCNB2	IntAct
NRAS	ALDOB	IntAct
ARAF	FKBP5	IntAct
ARAF	YWHAB	IntAct
ARAF	PRKAR1A	IntAct
MAPK3	ATF7IP	IntAct
MAPK3	PFKM	IntAct
MAPK3	CDC23	IntAct
MAPK3	CDC37	IntAct
MAPK3	ILK	IntAct
MAPK3	RPS6KA3	IntAct
MAPK3	CSNK2B	IntAct
MAP2K1	RBM33	IntAct
MAP2K1	KSR1	IntAct
MAP2K1	CAMSAP3	IntAct
MAP2K1	CD9	IntAct
MAP2K1	ATAD3A	IntAct
MAP2K1	TOMM22	IntAct
MAP2K1	KRR1	IntAct
MAP2K1	SRSF5	IntAct
MAP2K1	CBX1	IntAct
MAP2K1	UQCRB	IntAct
MAP2K1	NDUFA10	IntAct
MAP2K1	RRP9	IntAct
MAP2K1	KSR2	IntAct
MAP2K1	TRIB1	IntAct
MAP2K2	IMMT	IntAct
MAP2K2	PRDX1	IntAct
MAP2K2	IPO5	IntAct
MAP2K2	PFN1	IntAct
MAP2K2	CSE1L	IntAct
MAP2K2	PDIA6	IntAct
MAP2K2	FSCN1	IntAct
MAP2K2	POLA1	IntAct
MAP2K2	DOCK7	IntAct
RAF1	ACOX1	IntAct
RAF1	HSP90AB1	IntAct
RAF1	AARSD1	IntAct
RAF1	PPP5C	IntAct
NRAS	ANXA11	IntAct
NRAS	SOAT1	IntAct
NRAS	PXN	IntAct
NRAS	MTHFD2	IntAct
NRAS	DNAJB1	IntAct
NRAS	UACA	IntAct
NRAS	HMOX2	IntAct
NRAS	RALA	IntAct
NRAS	PDXDC1	IntAct
NRAS	VAMP7	IntAct
NRAS	ABCD3	IntAct
NRAS	ROBO1	IntAct
NRAS	STX12	IntAct
NRAS	PLCB1	IntAct
NRAS	ARF4	IntAct
NRAS	VRK2	IntAct
NRAS	PTK7	IntAct
NRAS	CXADR	IntAct
NRAS	SIRPA	IntAct
NRAS	RAB21	IntAct
NRAS	VANGL1	IntAct
NRAS	EFR3A	IntAct
NRAS	TAF7	IntAct
NRAS	RAPGEF6	IntAct
NRAS	RAB11B	IntAct
NRAS	YES1	IntAct
NRAS	NF2	IntAct
NRAS	SLC20A1	IntAct
NRAS	CDK5	IntAct
NRAS	RAB10	IntAct
NRAS	CLCC1	IntAct
NRAS	PLSCR1	IntAct
NRAS	LSR	IntAct
NRAS	EIF3F	IntAct
NRAS	FLVCR1	IntAct
NRAS	TRIP11	IntAct
NRAS	OCLN	IntAct
NRAS	RAB6A	IntAct
NRAS	SNX3	IntAct
NRAS	CCDC88A	IntAct
NRAS	PEAK1	IntAct
NRAS	MAP4K4	IntAct
NRAS	SLC7A11	IntAct
NRAS	SLC39A10	IntAct
NRAS	STXBP3	IntAct
NRAS	ARF6	IntAct
NRAS	TMEM165	IntAct
NRAS	AFDN	IntAct
NRAS	TIAM1	IntAct
NRAS	BAIAP2	IntAct
NRAS	SLC39A6	IntAct
NRAS	SLC1A3	IntAct
NRAS	AAAS	IntAct
NRAS	CNNM3	IntAct
NRAS	TACC1	IntAct
NRAS	ABCC5	IntAct
NRAS	SEMA4C	IntAct
NRAS	TGOLN2	IntAct
NRAS	CDK4	IntAct
NRAS	LEF1	IntAct
NRAS	PPP2CB	IntAct
NRAS	RASA1	IntAct
NRAS	TDRD7	IntAct
ARAF	DDX5	IntAct
ARAF	ACTA2	IntAct
ARAF	CCT4	IntAct
ARAF	CCT3	IntAct
ARAF	CCT6A	IntAct
ARAF	TCP1	IntAct
MAPK3	GEMIN5	IntAct
MAPK3	TAF6	IntAct
MAPK3	LTN1	IntAct
MAPK3	RPS6KA1	IntAct
MAPK3	TUBG1	IntAct
MAP2K1	MAP3K8	IntAct
MAP2K1	TCF25	IntAct
MAP2K1	STK38	IntAct
MAP2K1	RALY	IntAct
MAP2K1	TOR1AIP1	IntAct
MAP2K1	CBX3	IntAct
MAP2K1	RBM25	IntAct
MAP2K1	UQCRFS1	IntAct
MAP2K1	NOP2	IntAct
MAP2K1	H1-0	IntAct
MAP2K1	HNRNPDL	IntAct
MAP2K1	TRIB3	IntAct
RAF1	SS18L2	IntAct
RAF1	PAQR3	IntAct
RAF1	OIP5	IntAct
RAF1	NUDT14	IntAct
RAF1	DCTPP1	IntAct
RAF1	HOXC9	IntAct
RAF1	CHLSN	IntAct
RAF1	NPM3	IntAct
RAF1	PEBP4	IntAct
RAF1	FKBPL	IntAct
MAP2K2	TUBA1B	IntAct
MAP2K2	HMGB1	IntAct
MAP2K2	TKT	IntAct
MAP2K2	GDI2	IntAct
MAP2K2	YWHAE	IntAct
MAP2K2	CAP1	IntAct
MAP2K2	ANAPC1	IntAct
MAP2K2	SMC3	IntAct
HRAS	KRAS	IntAct
ARAF	ATP5F1B	IntAct
ARAF	CTNNA1	IntAct
ARAF	CCT7	IntAct
ARAF	CCT2	IntAct
ARAF	JUP	IntAct
NRAS	STEAP3	IntAct
NRAS	SLC7A1	IntAct
NRAS	ADAM9	IntAct
NRAS	ACSL3	IntAct
NRAS	GJA1	IntAct
NRAS	NDC1	IntAct
NRAS	ARHGAP1	IntAct
NRAS	SLC39A14	IntAct
NRAS	STX7	IntAct
NRAS	ADD3	IntAct
NRAS	RAB1A	IntAct
NRAS	LAMTOR1	IntAct
NRAS	EPB41L2	IntAct
NRAS	SLC29A1	IntAct
NRAS	PAK4	IntAct
NRAS	PPIF	IntAct
NRAS	NEO1	IntAct
NRAS	LBR	IntAct
NRAS	STX6	IntAct
NRAS	WDR6	IntAct
NRAS	STT3B	IntAct
NRAS	KIAA0319L	IntAct
NRAS	AURKB	IntAct
NRAS	XPR1	IntAct
NRAS	ATP2B4	IntAct
NRAS	POR	IntAct
NRAS	EPB41L3	IntAct
NRAS	SPTBN2	IntAct
NRAS	ETFA	IntAct
NRAS	EPHA3	IntAct
NRAS	ARF1	IntAct
NRAS	SLC9A1	IntAct
NRAS	PLXNA1	IntAct
NRAS	ITGA6	IntAct
NRAS	CLCN7	IntAct
NRAS	HMOX1	IntAct
NRAS	NISCH	IntAct
NRAS	MYO1B	IntAct
NRAS	EXOC4	IntAct
NRAS	LRP6	IntAct
NRAS	SMAD1	IntAct
MAPK3	PFN1	IntAct
MAPK3	SYMPK	IntAct
MAPK3	PTPRJ	IntAct
MAP2K1	DNAJA2	IntAct
MAP2K1	DPP7	IntAct
MAP2K1	RCN1	IntAct
MAP2K1	YWHAH	IntAct
MAP2K1	FBL	IntAct
MAP2K1	NOP58	IntAct
MAP2K1	DDX18	IntAct
MAP2K1	GNL3	IntAct
MAP2K1	HMGA1	IntAct
MAP2K1	VRK2	IntAct
MAP2K1	HEXB	IntAct
MAP2K1	BTRC	IntAct
MAP2K2	HSPA9	IntAct
MAP2K2	YWHAB	IntAct
MAP2K2	GPI	IntAct
MAP2K2	UBA1	IntAct
MAP2K2	LRPPRC	IntAct
MAP2K2	FKBP5	IntAct
MAP2K2	SMC1A	IntAct
MAP2K2	DLG1	IntAct
MAP2K2	NOS1	IntAct
BRAF	YWHAB	IntAct
RAF1	EEF1E1	IntAct
RAF1	PCDH7	IntAct
RAF1	CDC25A	IntAct
RAF1	SLC25A10	IntAct
RAF1	SLC25A22	IntAct
RAF1	HSP90AB2P	IntAct
RAF1	HSD17B12	IntAct
RAF1	TMED1	IntAct
RAF1	SEC61A2	IntAct
RAF1	ARL1	IntAct
RAF1	TUBG2	IntAct
RAF1	DPM1	IntAct
RAF1	SLC25A11	IntAct
RAF1	HSP90AB3P	IntAct
RAF1	BAG2	IntAct
RAF1	NUBP2	IntAct
RAF1	HAX1	IntAct
RAF1	AIP	IntAct
RAF1	DGKE	IntAct
RAF1	EFEMP1	IntAct
RAF1	PBK	IntAct
RAF1	TRMT2A	IntAct
RAF1	ZC3H15	IntAct
RAF1	MTERF3	IntAct
RAF1	CAPZB	IntAct
RAF1	PRPF39	IntAct
RAF1	NOA1	IntAct
RAF1	RCBTB1	IntAct
RAF1	DPF2	IntAct
RAF1	CCDC124	IntAct
RAF1	NDUFAF4	IntAct
RAF1	PEF1	IntAct
RAF1	RBM7	IntAct
RAF1	E4F1	IntAct
RAF1	RFXANK	IntAct
RAF1	BAG4	IntAct
RAF1	CDC42EP1	IntAct
RAF1	PRMT9	IntAct
RAF1	TRMT1L	IntAct
RAF1	MED20	IntAct
RAF1	LYAR	IntAct
RAF1	ZNF608	IntAct
RAF1	ANGEL1	IntAct
RAF1	RBM34	IntAct
RAF1	MLF2	IntAct
RAF1	CKMT1B	IntAct
RAF1	SASS6	IntAct
RAF1	GAR1	IntAct
RAF1	DNTTIP1	IntAct
RAF1	CASZ1	IntAct
RAF1	MLF1	IntAct
ARAF	YWHAZ	IntAct
ARAF	CPS1	IntAct
MAPK3	NCAPD2	IntAct
NRAS	EIF2S3	IntAct
NRAS	BSG	IntAct
NRAS	SLC4A2	IntAct
NRAS	SLC19A1	IntAct
NRAS	SLC4A7	IntAct
NRAS	SLC16A1	IntAct
NRAS	ESYT1	IntAct
NRAS	SCD	IntAct
NRAS	MDH2	IntAct
NRAS	CTNND1	IntAct
NRAS	LMAN1	IntAct
NRAS	KTN1	IntAct
NRAS	AKAP12	IntAct
NRAS	CD46	IntAct
NRAS	TYMS	IntAct
NRAS	BMPR2	IntAct
NRAS	DHFR	IntAct
NRAS	HK1	IntAct
NRAS	PHB2	IntAct
NRAS	VPS45	IntAct
NRAS	AHCYL1	IntAct
NRAS	ITM2B	IntAct
NRAS	EHD1	IntAct
NRAS	MTR	IntAct
NRAS	ATP2B1	IntAct
NRAS	RAB14	IntAct
MAP2K1	SLC16A3	IntAct
MAP2K1	CDC37	IntAct
MAP2K1	YWHAQ	IntAct
MAP2K1	NOC2L	IntAct
MAP2K1	NAT10	IntAct
MAP2K1	VARS1	IntAct
MAP2K2	CCT6A	IntAct
MAP2K2	NCL	IntAct
MAP2K2	XPO1	IntAct
MAP2K2	P4HB	IntAct
MAP2K2	CANX	IntAct
MAP2K2	ATR	IntAct
BRAF	PDCD2L	IntAct
BRAF	DELE1	IntAct
BRAF	ATAD3B	IntAct
BRAF	SLC25A11	IntAct
BRAF	TXNDC12	IntAct
BRAF	PTMS	IntAct
BRAF	OIP5	IntAct
BRAF	HSD17B3	IntAct
BRAF	ZNF189	IntAct
BRAF	ZNF510	IntAct
BRAF	CDKN2B	IntAct
BRAF	EIF5A2	IntAct
BRAF	MED29	IntAct
BRAF	NTN4	IntAct
BRAF	ODAM	IntAct
BRAF	RAB25	IntAct
BRAF	SEPTIN12	IntAct
BRAF	CNKSR1	IntAct
BRAF	PRSS8	IntAct
BRAF	SERPINB13	IntAct
BRAF	CCN6	IntAct
RAF1	TIMM50	IntAct
RAF1	EMD	IntAct
RAF1	KSR1	IntAct
RAF1	TMEM161A	IntAct
RAF1	IARS2	IntAct
RAF1	TM9SF3	IntAct
RAF1	GCN1	IntAct
RAF1	TMEM33	IntAct
RAF1	SLC25A1	IntAct
RAF1	ALDH1A3	IntAct
RAF1	HPX	IntAct
RAF1	AKAP8L	IntAct
RAF1	STK39	IntAct
RAF1	MGST1	IntAct
RAF1	ATAD3A	IntAct
RAF1	PSMG1	IntAct
RAF1	NDUFA9	IntAct
RAF1	LRRC59	IntAct
RAF1	GTF3C4	IntAct
RAF1	INTS10	IntAct
RAF1	COPS3	IntAct
RAF1	RRAS2	IntAct
RAF1	CPSF6	IntAct
RAF1	PDHA1	IntAct
RAF1	PDHB	IntAct
RAF1	EEF1B2	IntAct
RAF1	PPP4R3A	IntAct
RAF1	MRTO4	IntAct
RAF1	DRG1	IntAct
RAF1	AMOTL2	IntAct
RAF1	SMARCE1	IntAct
RAF1	RERE	IntAct
RAF1	YTHDF3	IntAct
RAF1	CLTB	IntAct
RAF1	SSR4	IntAct
RAF1	TNRC6B	IntAct
RAF1	UTP18	IntAct
RAF1	STRAP	IntAct
RAF1	ASCC2	IntAct
RAF1	ARHGEF26	IntAct
RAF1	ITPK1	IntAct
RAF1	NFATC3	IntAct
RAF1	MRC2	IntAct
RAF1	PDLIM2	IntAct
RAF1	NUDCD3	IntAct
ARAF	CCT8	IntAct
ARAF	PIK3R1	IntAct
MAPK3	LRPPRC	IntAct
MAPK3	FKBP5	IntAct
MAPK1	TLE5	IntAct
MAPK1	MAPK14	IntAct
NRAS	SLC7A5	IntAct
NRAS	NOTCH2	IntAct
NRAS	ATP6AP2	IntAct
MAP2K1	HSPB1	IntAct
MAP2K1	YWHAG	IntAct
MAP2K1	RAB5C	IntAct
MAP2K1	NT5C2	IntAct
MAP2K1	TARDBP	IntAct
MAP2K1	AKAP12	IntAct
MAP2K2	TUBB	IntAct
MAP2K2	PCNA	IntAct
MAP2K2	PARK7	IntAct
BRAF	ARMCX3	IntAct
BRAF	SDF2L1	IntAct
BRAF	SLC25A22	IntAct
BRAF	HSP90AB3P	IntAct
BRAF	NDUFA4	IntAct
BRAF	HPX	IntAct
BRAF	HMGN1	IntAct
BRAF	ITPKB	IntAct
BRAF	MAPKAPK3	IntAct
BRAF	AZGP1	IntAct
BRAF	BCL2L2	IntAct
BRAF	EMSY	IntAct
BRAF	CKS1B	IntAct
BRAF	MAPK11	IntAct
BRAF	PPM1D	IntAct
BRAF	RALGDS	IntAct
BRAF	ARPC1A	IntAct
BRAF	ATG14	IntAct
BRAF	CCDC120	IntAct
BRAF	PREX2	IntAct
BRAF	E2F2	IntAct
BRAF	E2F7	IntAct
BRAF	GPC5	IntAct
BRAF	MAPK12	IntAct
BRAF	POU2AF1	IntAct
BRAF	PRKAB2	IntAct
BRAF	SEMA4F	IntAct
BRAF	SIRT4	IntAct
ARAF	DSP	IntAct
RAF1	YWHAH	IntAct
RAF1	COPS5	IntAct
RAF1	PEBP1	IntAct
RAF1	STK3	IntAct
RAF1	ABCF2	IntAct
RAF1	NCLN	IntAct
RAF1	ABCD3	IntAct
RAF1	TUBB6	IntAct
RAF1	DNAJA2	IntAct
RAF1	MYO9A	IntAct
RAF1	DNAJB6	IntAct
RAF1	PFKP	IntAct
RAF1	MTA1	IntAct
RAF1	TUBGCP3	IntAct
RAF1	VPS18	IntAct
RAF1	PDCD6	IntAct
RAF1	EIF3G	IntAct
RAF1	CTPS1	IntAct
RAF1	EIF2S2	IntAct
RAF1	TMPO	IntAct
RAF1	PPP2R2A	IntAct
RAF1	AIMP1	IntAct
RAF1	TUT7	IntAct
RAF1	DHX57	IntAct
RAF1	DNAJC10	IntAct
RAF1	ABCF1	IntAct
RAF1	FASTKD2	IntAct
RAF1	QARS1	IntAct
RAF1	SMARCD2	IntAct
RAF1	PARP2	IntAct
RAF1	UBE4B	IntAct
RAF1	MED15	IntAct
RAF1	CLPB	IntAct
RAF1	MAGED1	IntAct
RAF1	TRIM21	IntAct
RAF1	PRPF3	IntAct
RAF1	TNRC6A	IntAct
RAF1	KPNA4	IntAct
RAF1	CAPZA1	IntAct
RAF1	MTMR3	IntAct
RAF1	AGO1	IntAct
RAF1	AFG3L2	IntAct
RAF1	LARP4	IntAct
RAF1	NSUN2	IntAct
RAF1	PARN	IntAct
RAF1	EIF4B	IntAct
RAF1	RHEB	IntAct
RAF1	CACYBP	IntAct
MAPK3	HTT	IntAct
MAPK3	LRRK2	IntAct
MAPK3	PDCD6IP	IntAct
MAPK1	PLAGL2	IntAct
MAPK1	MDFI	IntAct
MAPK1	ZBTB42	IntAct
MAPK1	WDCP	IntAct
MAPK1	NKAPL	IntAct
MAPK1	MZT2B	IntAct
MAPK1	NCCRP1	IntAct
MAPK1	SCRN3	IntAct
NRAS	RPS20	IntAct
NRAS	SCARB1	IntAct
NRAS	SLC38A1	IntAct
NRAS	STOM	IntAct
NRAS	DNM1L	IntAct
NRAS	ECPAS	IntAct
NRAS	GOLGB1	IntAct
NRAS	MARCKS	IntAct
NRAS	HSD17B4	IntAct
NRAS	ACSL4	IntAct
NRAS	GNAS	IntAct
NRAS	DAG1	IntAct
NRAS	IL6ST	IntAct
MAP2K1	PIN1	IntAct
MAP2K1	WNK1	IntAct
MAP2K1	BIRC6	IntAct
MAP2K1	YWHAB	IntAct
MAP2K1	YWHAE	IntAct
MAP2K1	SLC7A5	IntAct
MAP2K1	RPL29	IntAct
MAP2K1	ITGA3	IntAct
MAP2K1	MCM4	IntAct
MAP2K2	YWHAZ	IntAct
MAP2K2	CALR	IntAct
MAP2K2	RHOA	IntAct
MAP2K2	RACK1	IntAct
MAP2K2	TUBA1A	IntAct
BRAF	PHKB	IntAct
BRAF	LIMK1	IntAct
BRAF	TMEM33	IntAct
BRAF	ATAD3A	IntAct
BRAF	DNAJB11	IntAct
BRAF	FAR1	IntAct
BRAF	CPVL	IntAct
BRAF	TIMM50	IntAct
BRAF	MAPK7	IntAct
BRAF	SUFU	IntAct
BRAF	RPS6KA2	IntAct
BRAF	BAP1	IntAct
BRAF	E2F4	IntAct
BRAF	GATAD2B	IntAct
BRAF	NEFL	IntAct
BRAF	CCND2	IntAct
BRAF	EZH1	IntAct
BRAF	FANCC	IntAct
BRAF	FANCL	IntAct
BRAF	GNA11	IntAct
BRAF	LATS2	IntAct
BRAF	PTK6	IntAct
BRAF	SDHB	IntAct
BRAF	TEAD1	IntAct
BRAF	TEAD4	IntAct
BRAF	CDKN2A	IntAct
MAPK1	TRAPPC4	IntAct
MAPK1	RPS6KA2	IntAct
MAPK1	ERF	IntAct
MAPK1	COBLL1	IntAct
MAPK1	MTPN	IntAct
MAPK1	BLVRA	IntAct
MAPK1	IFI35	IntAct
MAPK1	ID2	IntAct
MAPK1	MKNK1	IntAct
MAPK1	PEA15	IntAct
MAPK1	RNF8	IntAct
MAPK1	MSX2	IntAct
MAPK1	LZTS2	IntAct
MAPK1	DUSP9	IntAct
MAPK1	AGAP3	IntAct
MAPK1	BRIX1	IntAct
MAPK1	COP1	IntAct
MAPK1	NKAP	IntAct
MAPK1	MZT1	IntAct
MAPK1	ETV3	IntAct
MAPK1	TUBG2	IntAct
MAPK1	RPS6KA4	IntAct
MAPK1	ANKRD28	IntAct
MAPK1	IPP	IntAct
MAPK1	H1-10	IntAct
MAPK1	DUSP4	IntAct
MAPK1	RAP1GAP	IntAct
MAPK1	APOD	IntAct
MAPK1	LGALS7B	IntAct
MAPK1	RAI1	IntAct
MAPK1	TCF20	IntAct
MAPK1	PHF14	IntAct
MAPK1	MPP2	IntAct
MAPK1	DUSP7	IntAct
MAPK1	FAM83D	IntAct
MAPK1	TRPS1	IntAct
MAPK1	RPS6KA6	IntAct
MAPK1	PTPN7	IntAct
MAPK1	NAV1	IntAct
MAPK1	MAPK12	IntAct
MAPK1	DUSP5	IntAct
MAPK1	DUSP1	IntAct
RAF1	DNAJA1	IntAct
RAF1	CDC37	IntAct
RAF1	CCAR2	IntAct
RAF1	DSG1	IntAct
RAF1	TUBA4A	IntAct
RAF1	SLC25A3	IntAct
RAF1	HSPA6	IntAct
RAF1	TCERG1	IntAct
RAF1	GLUD1	IntAct
RAF1	WDR6	IntAct
RAF1	EIF3F	IntAct
RAF1	SEC24B	IntAct
RAF1	EIF3H	IntAct
RAF1	SEC24A	IntAct
RAF1	TXN	IntAct
RAF1	PRDX2	IntAct
RAF1	RARS1	IntAct
RAF1	HDLBP	IntAct
RAF1	P3H1	IntAct
RAF1	EIF3K	IntAct
RAF1	FARSA	IntAct
RAF1	MED16	IntAct
RAF1	TCAF1	IntAct
RAF1	CASK	IntAct
RAF1	EIF4E	IntAct
RAF1	SMARCB1	IntAct
RAF1	DHX29	IntAct
RAF1	AMBRA1	IntAct
RAF1	RPLP2	IntAct
RAF1	MED24	IntAct
RAF1	HADHA	IntAct
RAF1	PPP2R5C	IntAct
NRAS	SLC12A2	IntAct
NRAS	IFNGR1	IntAct
NRAS	SLC1A5	IntAct
NRAS	PLD3	IntAct
NRAS	TCP1	IntAct
NRAS	CDC42	IntAct
NRAS	FLOT1	IntAct
NRAS	PSEN1	IntAct
NRAS	ITM2C	IntAct
NRAS	INSR	IntAct
MAPK3	LGALS3	IntAct
BRAF	TERF1	IntAct
BRAF	GSK3A	IntAct
BRAF	YWHAH	IntAct
BRAF	RAB3GAP1	IntAct
BRAF	SPTBN4	IntAct
BRAF	HSPA6	IntAct
BRAF	PRKCE	IntAct
BRAF	H2AZ1	IntAct
BRAF	PRKCA	IntAct
BRAF	CTSV	IntAct
BRAF	ACO1	IntAct
BRAF	ARRB1	IntAct
BRAF	CDC73	IntAct
BRAF	ERCC5	IntAct
BRAF	ARRB2	IntAct
BRAF	CHD1L	IntAct
BRAF	CHI3L1	IntAct
BRAF	INHBA	IntAct
BRAF	RHEB	IntAct
BRAF	SDHA	IntAct
BRAF	WEE1	IntAct
BRAF	BABAM2	IntAct
MAP2K1	FKBP5	IntAct
NRAS	KIDINS220	IntAct
NRAS	LYN	IntAct
NRAS	NF1	IntAct
NRAS	CANX	IntAct
NRAS	JUP	IntAct
NRAS	MCL1	IntAct
NRAS	ECE1	IntAct
NRAS	APLP2	IntAct
NRAS	SLC38A2	IntAct
NRAS	NUP155	IntAct
NRAS	EPHA2	IntAct
NRAS	PLK1	IntAct
NRAS	CTNNA1	IntAct
NRAS	AKT1	IntAct
RAF1	CALU	IntAct
RAF1	YWHAQ	IntAct
RAF1	YWHAG	IntAct
RAF1	FANCD2	IntAct
RAF1	TUBB3	IntAct
RAF1	SEC61A1	IntAct
RAF1	TUBG1	IntAct
RAF1	HSPB1	IntAct
RAF1	TUBB4A	IntAct
RAF1	AIFM1	IntAct
RAF1	TUBB4B	IntAct
RAF1	MTHFD1	IntAct
RAF1	CARM1	IntAct
RAF1	MTR	IntAct
RAF1	NAP1L1	IntAct
RAF1	EIF3C	IntAct
RAF1	SEC23A	IntAct
RAF1	UQCRC2	IntAct
RAF1	IPO7	IntAct
RAF1	EIF2S1	IntAct
RAF1	EEF1G	IntAct
RAF1	EIF2S3	IntAct
RAF1	SEC24C	IntAct
RAF1	MARS1	IntAct
RAF1	EIF3I	IntAct
RAF1	SEC23B	IntAct
RAF1	EIF3M	IntAct
RAF1	SERBP1	IntAct
RAF1	YTHDF2	IntAct
RAF1	MED23	IntAct
RAF1	MED14	IntAct
RAF1	ACTL6A	IntAct
RAF1	SMARCC1	IntAct
RAF1	CHD7	IntAct
RAF1	EEF1D	IntAct
RAF1	POLR2E	IntAct
RAF1	KTN1	IntAct
RAF1	GEMIN5	IntAct
RAF1	PPP2CA	IntAct
RAF1	STIP1	IntAct
MAP2K2	DSP	IntAct
MAP2K2	PGK1	IntAct
MAP2K2	VPS13C	IntAct
BRAF	CCDC88A	IntAct
BRAF	YWHAQ	IntAct
BRAF	CDC37	IntAct
BRAF	FOXO3	IntAct
BRAF	GOT1	IntAct
BRAF	IKBKB	IntAct
BRAF	MAPK6	IntAct
BRAF	FBP1	IntAct
BRAF	CD79B	IntAct
BRAF	RAP1B	IntAct
BRAF	CDK6	IntAct
BRAF	ERBB3	IntAct
BRAF	GUSB	IntAct
BRAF	TBL1XR1	IntAct
MAPK1	DHPS	IntAct
MAPK1	RPS6KA3	IntAct
MAPK1	PHF3	IntAct
MAPK1	FADD	IntAct
MAPK1	POLR2G	IntAct
MAPK1	MRTFB	IntAct
MAPK1	DDX41	IntAct
MAPK1	TUBGCP4	IntAct
MAPK1	TUBGCP3	IntAct
MAPK1	MRTFA	IntAct
MAPK1	ARHGAP45	IntAct
MAPK1	GCC2	IntAct
MAPK1	TRIM25	IntAct
MAPK1	ILK	IntAct
MAPK1	MAPK7	IntAct
MAPK1	HMMR	IntAct
MAPK1	SPAG9	IntAct
MAPK1	MKNK2	IntAct
MAPK1	CEP350	IntAct
RAF1	MSH2	IntAct
RAF1	POLD1	IntAct
RAF1	MCM3	IntAct
RAF1	LONP1	IntAct
RAF1	MON2	IntAct
RAF1	EIF3D	IntAct
RAF1	LARS1	IntAct
RAF1	EIF3B	IntAct
RAF1	IMPDH2	IntAct
RAF1	RO60	IntAct
RAF1	EIF3E	IntAct
RAF1	HDAC1	IntAct
RAF1	STUB1	IntAct
RAF1	EIF3L	IntAct
RAF1	ARID1A	IntAct
RAF1	CSDE1	IntAct
ARAF	EEF2	IntAct
ARAF	HSP90B1	IntAct
ARAF	RPS27A	IntAct
ARAF	HSP90AA1	IntAct
BRAF	PAK2	IntAct
BRAF	YWHAG	IntAct
BRAF	YWHAE	IntAct
BRAF	RPTOR	IntAct
BRAF	HSPB1	IntAct
BRAF	MDC1	IntAct
BRAF	MEN1	IntAct
BRAF	CDC27	IntAct
BRAF	IDH1	IntAct
BRAF	HK1	IntAct
BRAF	IGF1R	IntAct
BRAF	TRAF3	IntAct
BRAF	MAPK10	IntAct
MAP2K1	YWHAZ	IntAct
MAP2K1	TPR	IntAct
NRAS	MTOR	IntAct
NRAS	ITGB1	IntAct
NRAS	DSG2	IntAct
NRAS	RHOA	IntAct
NRAS	SEMA4D	IntAct
HRAS	RGL2	IntAct
HRAS	RGL3	IntAct
HRAS	GPR31	IntAct
HRAS	HSDL2	IntAct
HRAS	SDSL	IntAct
HRAS	DHRS7B	IntAct
HRAS	GPD1L	IntAct
HRAS	GPAT3	IntAct
HRAS	DPYS	IntAct
HRAS	HOXC11	IntAct
HRAS	KIFC3	IntAct
HRAS	KRT33B	IntAct
HRAS	LASP1	IntAct
HRAS	PCDHGC3	IntAct
HRAS	PPP1R7	IntAct
HRAS	ITPRID2	IntAct
HRAS	TERF1	IntAct
HRAS	NR2C2	IntAct
HRAS	WT1	IntAct
HRAS	STAM	IntAct
HRAS	BLZF1	IntAct
HRAS	CDCA7L	IntAct
HRAS	CDS2	IntAct
HRAS	FCHSD2	IntAct
HRAS	AKAP9	IntAct
HRAS	RASSF1	IntAct
HRAS	OIP5	IntAct
HRAS	NGEF	IntAct
HRAS	BEX3	IntAct
HRAS	BRPF3	IntAct
HRAS	TUBGCP4	IntAct
HRAS	SCAPER	IntAct
HRAS	AP3M2	IntAct
HRAS	KLF3	IntAct
HRAS	RNF138	IntAct
HRAS	ARHGEF38	IntAct
HRAS	NSD3	IntAct
HRAS	MNS1	IntAct
HRAS	LURAP1	IntAct
HRAS	RCOR3	IntAct
HRAS	KIZ	IntAct
HRAS	TEX12	IntAct
HRAS	MIIP	IntAct
HRAS	CCDC14	IntAct
HRAS	AUNIP	IntAct
HRAS	PHF23	IntAct
HRAS	FAM184A	IntAct
HRAS	ZNF436	IntAct
HRAS	TMTC1	IntAct
HRAS	TEX35	IntAct
HRAS	BRMS1L	IntAct
HRAS	PPP1R16A	IntAct
HRAS	CCDC120	IntAct
HRAS	IFT20	IntAct
HRAS	MRFAP1	IntAct
HRAS	MRFAP1L1	IntAct
HRAS	ODAD3	IntAct
HRAS	THEM4	IntAct
HRAS	USH1G	IntAct
HRAS	ICA1L	IntAct
HRAS	TRIM69	IntAct
HRAS	KLC3	IntAct
HRAS	TTC23L	IntAct
HRAS	IQUB	IntAct
HRAS	MGC27345	IntAct
HRAS	C8orf48	IntAct
HRAS	RBM46	IntAct
HRAS	FAM9A	IntAct
HRAS	SPATA24	IntAct
HRAS	CEP170B	IntAct
HRAS	HID1	IntAct
HRAS	RIMKLA	IntAct
HRAS	CFAP100	IntAct
HRAS	STX19	IntAct
HRAS	RASSF5	IntAct
HRAS	TMX4	IntAct
HRAS	EFNB1	IntAct
HRAS	PTAR1	IntAct
HRAS	ZFPL1	IntAct
HRAS	CAMLG	IntAct
HRAS	LRRC57	IntAct
HRAS	UBXN8	IntAct
HRAS	PCDH9	IntAct
HRAS	TMEM237	IntAct
HRAS	PIP4P1	IntAct
HRAS	TP53I11	IntAct
HRAS	CDC42EP1	IntAct
HRAS	BSDC1	IntAct
HRAS	RAP1BL	IntAct
HRAS	TMEM115	IntAct
HRAS	TMED8	IntAct
HRAS	MARVELD2	IntAct
HRAS	NDUFAF2	IntAct
HRAS	SFT2D1	IntAct
HRAS	EPN2	IntAct
HRAS	ODR4	IntAct
HRAS	PRXL2A	IntAct
HRAS	PCDH7	IntAct
HRAS	TMEM230	IntAct
HRAS	SHISA2	IntAct
HRAS	USP6NL	IntAct
HRAS	GOSR2	IntAct
HRAS	SUSD5	IntAct
HRAS	DCBLD1	IntAct
HRAS	MEAK7	IntAct
HRAS	RABL3	IntAct
HRAS	KLRG2	IntAct
HRAS	SLC6A15	IntAct
HRAS	SNAP47	IntAct
HRAS	CACHD1	IntAct
HRAS	DCUN1D3	IntAct
HRAS	DHRS7	IntAct
HRAS	VKORC1L1	IntAct
HRAS	JPH1	IntAct
HRAS	SPCS1	IntAct
HRAS	ZDHHC18	IntAct
HRAS	IRS4	IntAct
HRAS	TNFAIP8	IntAct
HRAS	CDCA3	IntAct
HRAS	USE1	IntAct
HRAS	TMEM51	IntAct
HRAS	RNF185	IntAct
HRAS	EI24	IntAct
HRAS	EFNB3	IntAct
HRAS	GPR50	IntAct
HRAS	MACF1	IntAct
HRAS	HYCC2	IntAct
HRAS	PIK3CD	IntAct
HRAS	BLID	IntAct
HRAS	CXCL1	IntAct
HRAS	IL24	IntAct
HRAS	PRSS50	IntAct
RAF1	YWHAE	IntAct
RAF1	CDK1	IntAct
RAF1	MCM5	IntAct
RAF1	SERPINH1	IntAct
RAF1	SEC31A	IntAct
RAF1	RPN1	IntAct
RAF1	EIF4A1	IntAct
RAF1	MTMR4	IntAct
RAF1	RB1	IntAct
MAPK1	SHC1	IntAct
MAPK1	RPS6KA1	IntAct
MAPK1	SMCHD1	IntAct
MAPK1	TUBGCP2	IntAct
MAPK1	TUBG1	IntAct
MAPK1	SEC16A	IntAct
MAPK1	PTPRJ	IntAct
ARAF	UBA52	IntAct
RAF1	YWHAB	IntAct
RAF1	PIN1	IntAct
RAF1	POLR2B	IntAct
RAF1	CCT4	IntAct
RAF1	CCT3	IntAct
RAF1	CCT5	IntAct
RAF1	CCT6A	IntAct
RAF1	TCP1	IntAct
RAF1	EIF3CL	IntAct
RAF1	NUP155	IntAct
RAF1	XPO1	IntAct
RAF1	EIF3A	IntAct
RAF1	KPNB1	IntAct
RAF1	DICER1	IntAct
RAF1	RPS21	IntAct
RAF1	MED1	IntAct
RAF1	ASCC3	IntAct
RAF1	HDAC2	IntAct
RAF1	EFTUD2	IntAct
RAF1	RPL34	IntAct
RAF1	RPL11	IntAct
MAPK3	GLG1	IntAct
MAPK3	MAPK14	IntAct
MAP2K1	CAD	IntAct
BRAF	POLE	IntAct
BRAF	VHL	IntAct
BRAF	CUL3	IntAct
BRAF	HSPA9	IntAct
BRAF	ERCC2	IntAct
BRAF	BCOR	IntAct
BRAF	JAK3	IntAct
BRAF	PPARD	IntAct
NRAS	EEF1A1	IntAct
NRAS	SLC3A2	IntAct
NRAS	SRC	IntAct
NRAS	NOTCH1	IntAct
MAP2K2	HSPA5	IntAct
MAP2K2	EEF2	IntAct
MAP2K2	HSP90B1	IntAct
HRAS	RIN1	IntAct
HRAS	SMTN	IntAct
HRAS	SAR1A	IntAct
HRAS	PITPNB	IntAct
HRAS	DBN1	IntAct
HRAS	LAMA3	IntAct
HRAS	FAM83H	IntAct
HRAS	RMDN1	IntAct
HRAS	SUGT1	IntAct
HRAS	FUBP3	IntAct
HRAS	MORC3	IntAct
HRAS	UPP1	IntAct
HRAS	LAMC2	IntAct
HRAS	H1-0	IntAct
HRAS	GLYR1	IntAct
HRAS	RIN2	IntAct
HRAS	DTYMK	IntAct
HRAS	XPO7	IntAct
HRAS	GBF1	IntAct
HRAS	HEATR6	IntAct
HRAS	ACAD9	IntAct
HRAS	FUBP1	IntAct
HRAS	RALGDS	IntAct
HRAS	RGL1	IntAct
HRAS	BRAP	IntAct
HRAS	TRIM23	IntAct
HRAS	FOSL2	IntAct
HRAS	MAOB	IntAct
HRAS	PER1	IntAct
HRAS	STIM1	IntAct
HRAS	TSNAX	IntAct
HRAS	USF1	IntAct
HRAS	ZBTB14	IntAct
HRAS	FOSL1	IntAct
HRAS	MAP3K14	IntAct
HRAS	CEP57	IntAct
HRAS	MCRS1	IntAct
HRAS	TADA3	IntAct
HRAS	RALBP1	IntAct
HRAS	DUSP10	IntAct
HRAS	PLCL2	IntAct
HRAS	ITGB3BP	IntAct
HRAS	KLHL3	IntAct
HRAS	HSD17B12	IntAct
HRAS	CENPH	IntAct
HRAS	E2F8	IntAct
HRAS	NDEL1	IntAct
HRAS	CHMP7	IntAct
HRAS	HAUS8	IntAct
HRAS	ATP5IF1	IntAct
HRAS	HAUS1	IntAct
HRAS	VPS37A	IntAct
HRAS	FNTA	IntAct
HRAS	UBIAD1	IntAct
HRAS	FAM114A2	IntAct
HRAS	SYAP1	IntAct
HRAS	VAPA	IntAct
HRAS	NECTIN2	IntAct
HRAS	FTSJ1	IntAct
HRAS	DRG1	IntAct
HRAS	VAPB	IntAct
HRAS	CISD1	IntAct
HRAS	TOR1AIP1	IntAct
HRAS	CNP	IntAct
HRAS	TMX1	IntAct
HRAS	ALDH3A2	IntAct
HRAS	PLSCR3	IntAct
HRAS	MCAM	IntAct
HRAS	VAMP3	IntAct
HRAS	MPZL1	IntAct
HRAS	CDKAL1	IntAct
HRAS	EMC7	IntAct
HRAS	DSC3	IntAct
HRAS	CKAP4	IntAct
HRAS	NSDHL	IntAct
HRAS	JAM3	IntAct
HRAS	UBXN4	IntAct
HRAS	BCL2L13	IntAct
HRAS	FUNDC2	IntAct
HRAS	UBE2J1	IntAct
HRAS	CD276	IntAct
HRAS	RP2	IntAct
HRAS	MARCKSL1	IntAct
HRAS	LRRC59	IntAct
HRAS	EMD	IntAct
HRAS	CPNE8	IntAct
HRAS	ARL6IP5	IntAct
HRAS	HYCC1	IntAct
HRAS	GOSR1	IntAct
HRAS	NECTIN3	IntAct
HRAS	TFAM	IntAct
HRAS	PPFIBP1	IntAct
HRAS	ARFGAP1	IntAct
HRAS	SCAMP1	IntAct
HRAS	STX3	IntAct
HRAS	MMGT1	IntAct
HRAS	SENP1	IntAct
HRAS	YKT6	IntAct
HRAS	OSBPL8	IntAct
HRAS	CCDC47	IntAct
HRAS	LNPK	IntAct
HRAS	VPS54	IntAct
HRAS	LZTR1	IntAct
HRAS	AUP1	IntAct
HRAS	EMC8	IntAct
HRAS	EFNB2	IntAct
HRAS	TOR1AIP2	IntAct
HRAS	DDRGK1	IntAct
HRAS	CYB5R1	IntAct
HRAS	STXBP6	IntAct
HRAS	PHLDB2	IntAct
HRAS	SEC23IP	IntAct
HRAS	DNAJC1	IntAct
HRAS	VAMP2	IntAct
HRAS	SRPRA	IntAct
HRAS	CCP110	IntAct
HRAS	TOMM22	IntAct
HRAS	ANKRD26	IntAct
HRAS	ESYT2	IntAct
HRAS	CDC42EP4	IntAct
HRAS	CHCHD3	IntAct
HRAS	NCAM1	IntAct
HRAS	LRIF1	IntAct
HRAS	ZDHHC20	IntAct
HRAS	CSNK1G3	IntAct
HRAS	YIF1A	IntAct
HRAS	PIP5K1A	IntAct
HRAS	GOLGA5	IntAct
HRAS	TPD52L2	IntAct
HRAS	RAB23	IntAct
HRAS	RHBDD2	IntAct
HRAS	LEMD3	IntAct
HRAS	PKP4	IntAct
HRAS	RAP2C	IntAct
HRAS	MARK2	IntAct
HRAS	SLC33A1	IntAct
HRAS	SRPRB	IntAct
HRAS	STX18	IntAct
HRAS	MINK1	IntAct
HRAS	NDRG1	IntAct
HRAS	ANO10	IntAct
HRAS	ATG2B	IntAct
HRAS	WDR20	IntAct
HRAS	BCAP31	IntAct
HRAS	SPCS2	IntAct
HRAS	SLC30A7	IntAct
HRAS	ANKRD50	IntAct
HRAS	CHMP6	IntAct
HRAS	STX8	IntAct
HRAS	SEC22B	IntAct
HRAS	TULP3	IntAct
HRAS	CEP104	IntAct
HRAS	KIRREL1	IntAct
HRAS	SYTL4	IntAct
HRAS	SEC61B	IntAct
HRAS	CDC42BPA	IntAct
HRAS	CUX1	IntAct
HRAS	CISD2	IntAct
HRAS	MARK3	IntAct
HRAS	RER1	IntAct
HRAS	APBB1	IntAct
HRAS	SNAP23	IntAct
HRAS	FAM91A1	IntAct
HRAS	CEMIP2	IntAct
HRAS	LGALS7B	IntAct
HRAS	FAM234A	IntAct
HRAS	GORASP2	IntAct
HRAS	RAB13	IntAct
HRAS	SLC5A3	IntAct
HRAS	CADM1	IntAct
HRAS	SSR1	IntAct
HRAS	TMEM161A	IntAct
HRAS	ATL1	IntAct
HRAS	SCAMP3	IntAct
HRAS	PHLDB1	IntAct
HRAS	MPP7	IntAct
HRAS	CYB5B	IntAct
HRAS	RALGPS2	IntAct
HRAS	DEPDC1B	IntAct
HRAS	GJC1	IntAct
HRAS	DSC2	IntAct
HRAS	PLEKHO1	IntAct
HRAS	HM13	IntAct
HRAS	ZDHHC5	IntAct
HRAS	GREB1	IntAct
MAPK1	RPL22	IntAct
MAPK1	H1-4	IntAct
MAPK1	HMGB1	IntAct
ARAF	UBB	IntAct
ARAF	PKM	IntAct
MAPK3	HSPA5	IntAct
RAF1	YWHAZ	IntAct
RAF1	CCT7	IntAct
RAF1	CCT2	IntAct
RAF1	KEAP1	IntAct
RAF1	TUBB	IntAct
RAF1	CPS1	IntAct
RAF1	RPSA	IntAct
RAF1	PSMD3	IntAct
RAF1	PCNA	IntAct
RAF1	PPP2R1A	IntAct
RAF1	RPL5	IntAct
RAF1	SMARCA4	IntAct
RAF1	WDR5	IntAct
RAF1	ATP5F1B	IntAct
RAF1	ATP5F1A	IntAct
RAF1	AKT1	IntAct
MAP2K1	FAT1	IntAct
KRAS	NCBP2AS2	IntAct
KRAS	SORBS3	IntAct
KRAS	PML	IntAct
KRAS	FAM83D	IntAct
KRAS	TEDC1	IntAct
KRAS	TTC31	IntAct
KRAS	LYPD4	IntAct
KRAS	KLRG2	IntAct
KRAS	SUSD5	IntAct
KRAS	MACF1	IntAct
KRAS	ZFPL1	IntAct
KRAS	GPR50	IntAct
KRAS	CACHD1	IntAct
KRAS	TMED8	IntAct
KRAS	SHISA2	IntAct
KRAS	SFT2D1	IntAct
KRAS	FRAT2	IntAct
KRAS	THRSP	IntAct
KRAS	IGSF21	IntAct
NRAS	PPIA	IntAct
BRAF	BCL2L1	IntAct
BRAF	KEAP1	IntAct
BRAF	NCL	IntAct
BRAF	PSMC4	IntAct
BRAF	P4HB	IntAct
BRAF	CTNNA1	IntAct
BRAF	PIK3CG	IntAct
BRAF	PLCG2	IntAct
BRAF	AKT1	IntAct
HRAS	ABL2	IntAct
HRAS	AFDN	IntAct
HRAS	SOAT1	IntAct
HRAS	SCP2	IntAct
HRAS	MTHFD2	IntAct
HRAS	ANXA7	IntAct
HRAS	PXN	IntAct
HRAS	DIS3	IntAct
HRAS	WDR75	IntAct
HRAS	ANLN	IntAct
HRAS	LAMB3	IntAct
HRAS	DNAAF5	IntAct
HRAS	TNPO3	IntAct
HRAS	MMS19	IntAct
HRAS	XPO5	IntAct
HRAS	SARS1	IntAct
HRAS	HDLBP	IntAct
HRAS	CACYBP	IntAct
HRAS	DVL2	IntAct
HRAS	GTF2A1	IntAct
HRAS	KRT19	IntAct
HRAS	SMARCB1	IntAct
HRAS	STAM2	IntAct
HRAS	SNW1	IntAct
HRAS	VPS11	IntAct
HRAS	TMPO	IntAct
HRAS	RALA	IntAct
HRAS	SLC7A1	IntAct
HRAS	SLC39A14	IntAct
HRAS	ETFA	IntAct
HRAS	RAB1A	IntAct
HRAS	ADAM9	IntAct
HRAS	TRIP11	IntAct
HRAS	CXADR	IntAct
HRAS	ACSL3	IntAct
HRAS	ABCD3	IntAct
HRAS	PPIF	IntAct
HRAS	PLSCR1	IntAct
HRAS	VRK2	IntAct
HRAS	PTK7	IntAct
HRAS	PEAK1	IntAct
HRAS	LAMTOR1	IntAct
HRAS	NDRG3	IntAct
HRAS	ROBO1	IntAct
HRAS	WDR6	IntAct
HRAS	CCNB2	IntAct
HRAS	RAB10	IntAct
HRAS	SIRPA	IntAct
HRAS	F11R	IntAct
HRAS	STX7	IntAct
HRAS	ARHGAP1	IntAct
HRAS	YES1	IntAct
HRAS	RAPGEF6	IntAct
HRAS	LBR	IntAct
HRAS	GJA1	IntAct
HRAS	RAB21	IntAct
HRAS	SLC30A1	IntAct
HRAS	CLCC1	IntAct
HRAS	FLVCR1	IntAct
HRAS	STX6	IntAct
HRAS	VAMP7	IntAct
HRAS	EFR3A	IntAct
HRAS	LPCAT1	IntAct
HRAS	SNX3	IntAct
HRAS	OCLN	IntAct
HRAS	BAIAP2	IntAct
HRAS	TMEM87A	IntAct
HRAS	STXBP3	IntAct
HRAS	VANGL1	IntAct
HRAS	CNNM3	IntAct
HRAS	CDK4	IntAct
HRAS	TACC1	IntAct
HRAS	STX12	IntAct
HRAS	RAB11B	IntAct
HRAS	HMOX2	IntAct
HRAS	MYO1B	IntAct
HRAS	SLC7A11	IntAct
HRAS	ATP2B4	IntAct
HRAS	LSR	IntAct
HRAS	EIF3F	IntAct
HRAS	SLC39A6	IntAct
HRAS	TMEM165	IntAct
HRAS	SLC1A3	IntAct
HRAS	CYP51A1	IntAct
HRAS	NF2	IntAct
HRAS	SLC39A10	IntAct
HRAS	RAB6A	IntAct
HRAS	USP33	IntAct
HRAS	ITGA6	IntAct
HRAS	NECTIN1	IntAct
HRAS	AAAS	IntAct
HRAS	MAP4K4	IntAct
HRAS	TIAM1	IntAct
HRAS	SLC23A2	IntAct
HRAS	ARF4	IntAct
HRAS	ADD3	IntAct
HRAS	CCDC88A	IntAct
HRAS	PLCB1	IntAct
HRAS	UACA	IntAct
HRAS	ARF6	IntAct
MAPK1	MET	IntAct
MAPK1	H1-3	IntAct
MAPK1	PDCD6IP	IntAct
ARAF	SFN	IntAct
ARAF	UBC	IntAct
MAPK3	HSP90AB1	IntAct
RAF1	CCT8	IntAct
RAF1	SQSTM1	IntAct
RAF1	RACK1	IntAct
RAF1	RPL13	IntAct
RAF1	RPL8	IntAct
RAF1	HERC2	IntAct
RAF1	PSMD2	IntAct
KRAS	COPS7B	IntAct
KRAS	LSM11	IntAct
KRAS	MED4	IntAct
KRAS	FSAF1	IntAct
KRAS	ARL6IP5	IntAct
KRAS	RAP1BL	IntAct
KRAS	FAM171A2	IntAct
KRAS	UBXN8	IntAct
KRAS	SLC33A1	IntAct
KRAS	C2CD2L	IntAct
KRAS	GOSR2	IntAct
KRAS	IRS4	IntAct
KRAS	EI24	IntAct
KRAS	TP53I11	IntAct
KRAS	SCAMP1	IntAct
KRAS	RER1	IntAct
KRAS	SURF4	IntAct
KRAS	CYB5B	IntAct
KRAS	CCP110	IntAct
KRAS	EMC8	IntAct
KRAS	PCDH7	IntAct
KRAS	CEP104	IntAct
KRAS	STX10	IntAct
KRAS	VAMP4	IntAct
KRAS	TULP3	IntAct
KRAS	SEC22B	IntAct
KRAS	SC5D	IntAct
KRAS	SLITRK5	IntAct
KRAS	EPN2	IntAct
KRAS	GOSR1	IntAct
KRAS	VAPB	IntAct
KRAS	MPZL1	IntAct
KRAS	NCAM1	IntAct
KRAS	AKAP5	IntAct
KRAS	GRK6	IntAct
KRAS	SSR1	IntAct
KRAS	SLC6A8	IntAct
KRAS	SLC6A9	IntAct
KRAS	MARCKSL1	IntAct
KRAS	CAMLG	IntAct
KRAS	TUB	IntAct
KRAS	RAB13	IntAct
KRAS	SLC7A2	IntAct
KRAS	EFNB2	IntAct
KRAS	SLC5A3	IntAct
KRAS	SEC61B	IntAct
KRAS	EFNB1	IntAct
KRAS	CDK16	IntAct
KRAS	CDC42EP1	IntAct
KRAS	ROR1	IntAct
KRAS	TMEM115	IntAct
KRAS	PPFIA1	IntAct
KRAS	STX3	IntAct
KRAS	CUX1	IntAct
KRAS	DSC3	IntAct
KRAS	SPCS2	IntAct
KRAS	NHERF2	IntAct
KRAS	NSDHL	IntAct
KRAS	EFNB3	IntAct
KRAS	VAMP3	IntAct
KRAS	GEN1	IntAct
KRAS	ARL13B	IntAct
KRAS	PLCH1	IntAct
KRAS	PLEKHO1	IntAct
KRAS	RABL3	IntAct
KRAS	SNAP47	IntAct
KRAS	ODR4	IntAct
KRAS	MPP7	IntAct
KRAS	CDKAL1	IntAct
KRAS	GPR107	IntAct
KRAS	CD276	IntAct
KRAS	FAM91A1	IntAct
KRAS	RHBDD2	IntAct
KRAS	SLC30A6	IntAct
KRAS	MEAK7	IntAct
KRAS	HSDL2	IntAct
KRAS	ARC	IntAct
KRAS	PTAR1	IntAct
KRAS	PIP4P1	IntAct
KRAS	PHLDB1	IntAct
KRAS	RALGPS2	IntAct
KRAS	CPNE8	IntAct
KRAS	RELL1	IntAct
KRAS	MAP4K3	IntAct
KRAS	DCUN1D3	IntAct
KRAS	HYCC2	IntAct
KRAS	UNC5B	IntAct
KRAS	VKORC1L1	IntAct
KRAS	NDUFAF2	IntAct
KRAS	ABHD12	IntAct
KRAS	FGFRL1	IntAct
KRAS	MARVELD2	IntAct
KRAS	MMGT1	IntAct
KRAS	VMA12	IntAct
KRAS	CISD2	IntAct
KRAS	LZTR1	IntAct
KRAS	ANKRD13C	IntAct
KRAS	ARFGAP1	IntAct
KRAS	DCBLD1	IntAct
KRAS	LRRC57	IntAct
KRAS	KCT2	IntAct
KRAS	CCNY	IntAct
KRAS	SLC30A7	IntAct
KRAS	TOR1AIP2	IntAct
KRAS	STXBP6	IntAct
KRAS	GOLGA5	IntAct
KRAS	WDR20	IntAct
KRAS	DEPDC1B	IntAct
KRAS	ATL1	IntAct
KRAS	USP6NL	IntAct
KRAS	CCDC47	IntAct
KRAS	TMEM230	IntAct
KRAS	RFT1	IntAct
KRAS	LRRC59	IntAct
KRAS	ATG2B	IntAct
KRAS	SYTL4	IntAct
KRAS	MVB12A	IntAct
KRAS	CHMP6	IntAct
KRAS	RNF185	IntAct
KRAS	DDRGK1	IntAct
KRAS	KIRREL1	IntAct
KRAS	DNAJC1	IntAct
KRAS	TMEM237	IntAct
KRAS	CDCA3	IntAct
KRAS	RAB23	IntAct
KRAS	ZDHHC8	IntAct
KRAS	ANKRD50	IntAct
KRAS	VANGL2	IntAct
KRAS	TMCO1	IntAct
KRAS	ANKRD26	IntAct
KRAS	DRG1	IntAct
KRAS	EFR3B	IntAct
KRAS	DLGAP4	IntAct
KRAS	UBE2J1	IntAct
KRAS	DHRS7	IntAct
KRAS	RAP2C	IntAct
KRAS	TBL2	IntAct
KRAS	SRPRB	IntAct
KRAS	AUP1	IntAct
KRAS	SPCS1	IntAct
KRAS	CSNK1G3	IntAct
KRAS	COLEC10	IntAct
KRAS	SELENOS	IntAct
KRAS	PRXL2A	IntAct
KRAS	TMEM109	IntAct
KRAS	FUNDC2	IntAct
KRAS	JAM3	IntAct
KRAS	TBC1D10A	IntAct
KRAS	BCL2L13	IntAct
KRAS	CADM1	IntAct
KRAS	SPRY4	IntAct
KRAS	ZDHHC5	IntAct
KRAS	LNPK	IntAct
KRAS	TMX4	IntAct
KRAS	BLZF1	IntAct
KRAS	SLC6A15	IntAct
KRAS	TMX1	IntAct
KRAS	CDC42EP4	IntAct
KRAS	PIGU	IntAct
KRAS	VEZT	IntAct
KRAS	PCDH9	IntAct
KRAS	EPB41L5	IntAct
KRAS	PREB	IntAct
KRAS	JPH1	IntAct
KRAS	EMC7	IntAct
KRAS	NECTIN3	IntAct
KRAS	SAR1A	IntAct
KRAS	FAM114A2	IntAct
KRAS	TOMM22	IntAct
KRAS	ZDHHC18	IntAct
KRAS	ANO10	IntAct
KRAS	BSDC1	IntAct
KRAS	TMEM51	IntAct
KRAS	PAG1	IntAct
KRAS	TMEM161A	IntAct
KRAS	CHCHD3	IntAct
KRAS	USE1	IntAct
KRAS	CISD1	IntAct
KRAS	MARK1	IntAct
KRAS	TMEM9	IntAct
KRAS	SENP1	IntAct
KRAS	NHSL3	IntAct
KRAS	STX18	IntAct
KRAS	FTSJ1	IntAct
KRAS	VTI1B	IntAct
KRAS	CYB5R1	IntAct
KRAS	TRAPPC8	IntAct
KRAS	ARPC1A	IntAct
KRAS	GGCT	IntAct
KRAS	ARL1	IntAct
KRAS	FANCC	IntAct
KRAS	HEMGN	IntAct
KRAS	STX17	IntAct
KRAS	ZNF189	IntAct
KRAS	BCAS3	IntAct
KRAS	DIRAS3	IntAct
KRAS	IL24	IntAct
KRAS	OSGIN1	IntAct
KRAS	SERPINB5	IntAct
KRAS	DEAF1	IntAct
KRAS	MOCS2	IntAct
KRAS	MT-CO3	IntAct
KRAS	QDPR	IntAct
KRAS	TNFSF13	IntAct
KRAS	RASSF2	IntAct
MAP2K2	HSP90AB1	IntAct
NRAS	RPS27A	IntAct
NRAS	CPD	IntAct
BRAF	YWHAZ	IntAct
BRAF	CTSB	IntAct
BRAF	AURKA	IntAct
BRAF	PIK3R1	IntAct
BRAF	BTK	IntAct
BRAF	RPL5	IntAct
HRAS	MYH10	IntAct
HRAS	MYO1E	IntAct
HRAS	GARS1	IntAct
HRAS	EHD1	IntAct
HRAS	UMPS	IntAct
HRAS	DNM2	IntAct
HRAS	PDS5A	IntAct
HRAS	SF3B2	IntAct
HRAS	SLC4A7	IntAct
HRAS	KTN1	IntAct
HRAS	BSG	IntAct
HRAS	SLC29A1	IntAct
HRAS	SLC19A1	IntAct
HRAS	SLC16A1	IntAct
HRAS	STEAP3	IntAct
HRAS	POR	IntAct
HRAS	EIF2S3	IntAct
HRAS	LMNB1	IntAct
HRAS	SLC4A2	IntAct
HRAS	ITM2B	IntAct
HRAS	AKAP12	IntAct
HRAS	LMAN1	IntAct
HRAS	SCD	IntAct
HRAS	BMPR2	IntAct
HRAS	SPTBN2	IntAct
HRAS	PLXNA1	IntAct
HRAS	EPB41L3	IntAct
HRAS	CTNND1	IntAct
HRAS	VPS45	IntAct
HRAS	ESYT1	IntAct
HRAS	KIAA0319L	IntAct
HRAS	EPHA3	IntAct
HRAS	PHB2	IntAct
HRAS	CAV1	IntAct
MAPK1	CTSD	IntAct
MAPK1	PSMA1	IntAct
KRAS	TXNL4A	IntAct
KRAS	ABCD3	IntAct
KRAS	NDUFA13	IntAct
KRAS	ESYT2	IntAct
KRAS	SNAP23	IntAct
KRAS	APBB1	IntAct
KRAS	EIF3F	IntAct
KRAS	SCAMP3	IntAct
KRAS	PLSCR1	IntAct
KRAS	ABCC5	IntAct
KRAS	YKT6	IntAct
KRAS	TPD52L2	IntAct
KRAS	PPIH	IntAct
KRAS	SNX3	IntAct
KRAS	TACC1	IntAct
KRAS	RP2	IntAct
KRAS	CCNB2	IntAct
KRAS	MAP4K4	IntAct
KRAS	YES1	IntAct
KRAS	SRPRA	IntAct
KRAS	CNP	IntAct
KRAS	RALA	IntAct
KRAS	CDK4	IntAct
KRAS	ARF4	IntAct
KRAS	RAB6A	IntAct
KRAS	MARK3	IntAct
KRAS	HMOX2	IntAct
KRAS	SLC6A6	IntAct
KRAS	NF2	IntAct
KRAS	SOAT1	IntAct
KRAS	GJC1	IntAct
KRAS	TMPO	IntAct
KRAS	SLC1A3	IntAct
KRAS	MCAM	IntAct
KRAS	EMD	IntAct
KRAS	BCAP31	IntAct
KRAS	ALDH3A2	IntAct
KRAS	VAMP7	IntAct
KRAS	AFDN	IntAct
KRAS	RAB10	IntAct
KRAS	ARF6	IntAct
KRAS	VAMP2	IntAct
KRAS	CXADR	IntAct
KRAS	SIRPA	IntAct
KRAS	SLC35A2	IntAct
KRAS	DSC2	IntAct
KRAS	CKAP4	IntAct
KRAS	TIAM1	IntAct
KRAS	PTK7	IntAct
KRAS	SLC39A6	IntAct
KRAS	MTM1	IntAct
KRAS	STIM1	IntAct
KRAS	EFR3A	IntAct
KRAS	NECTIN1	IntAct
KRAS	LLGL1	IntAct
KRAS	TAF7	IntAct
KRAS	RAB11B	IntAct
KRAS	OCLN	IntAct
KRAS	CYP51A1	IntAct
KRAS	CCDC88A	IntAct
KRAS	TOR1AIP1	IntAct
KRAS	SPECC1	IntAct
KRAS	WLS	IntAct
KRAS	CDC42BPA	IntAct
KRAS	ZDHHC20	IntAct
KRAS	TMEM214	IntAct
KRAS	PDXDC1	IntAct
KRAS	MARK2	IntAct
KRAS	ATG9A	IntAct
KRAS	PHLDB2	IntAct
KRAS	PPFIBP1	IntAct
KRAS	LSR	IntAct
KRAS	VRK2	IntAct
KRAS	STX12	IntAct
KRAS	MINK1	IntAct
KRAS	TMEM87A	IntAct
KRAS	LPCAT1	IntAct
KRAS	VANGL1	IntAct
KRAS	HM13	IntAct
KRAS	RAPGEF6	IntAct
KRAS	USP33	IntAct
KRAS	SLC20A1	IntAct
KRAS	CHMP7	IntAct
KRAS	UBXN4	IntAct
KRAS	NDRG1	IntAct
KRAS	NECTIN2	IntAct
KRAS	SYAP1	IntAct
KRAS	FAF2	IntAct
KRAS	MBOAT7	IntAct
KRAS	CLCC1	IntAct
KRAS	TMEM209	IntAct
KRAS	VAT1	IntAct
KRAS	PKP4	IntAct
KRAS	PIP5K1A	IntAct
KRAS	FBXO5	IntAct
KRAS	RAB21	IntAct
KRAS	SLC39A10	IntAct
KRAS	STX8	IntAct
KRAS	SLC7A11	IntAct
KRAS	BAIAP2	IntAct
KRAS	LEMD3	IntAct
KRAS	PTRH2	IntAct
KRAS	FLVCR1	IntAct
KRAS	UBIAD1	IntAct
KRAS	F11R	IntAct
KRAS	SLC30A1	IntAct
KRAS	ROBO1	IntAct
KRAS	PKP2	IntAct
KRAS	HYCC1	IntAct
KRAS	OSBPL8	IntAct
KRAS	UACA	IntAct
KRAS	SEMA4C	IntAct
KRAS	FAM234A	IntAct
KRAS	PEAK1	IntAct
KRAS	GORASP2	IntAct
KRAS	RRAGC	IntAct
KRAS	TMEM165	IntAct
KRAS	PLCB1	IntAct
KRAS	PLSCR3	IntAct
KRAS	SPG21	IntAct
KRAS	VAPA	IntAct
KRAS	DHCR7	IntAct
KRAS	SLC23A2	IntAct
KRAS	NDRG3	IntAct
KRAS	CEMIP2	IntAct
KRAS	YWHAH	IntAct
KRAS	MARF1	IntAct
KRAS	TRAPPC4	IntAct
KRAS	ARPC1B	IntAct
KRAS	CDK8	IntAct
KRAS	IGFBP3	IntAct
KRAS	PPP2CB	IntAct
KRAS	PDE4DIP	IntAct
KRAS	MT-CYB	IntAct
KRAS	UQCRC1	IntAct
RAF1	PARP1	IntAct
RAF1	SPTAN1	IntAct
NRAS	LNPEP	IntAct
NRAS	CTNNB1	IntAct
BRAF	DSP	IntAct
HRAS	RPL34	IntAct
HRAS	RPL36	IntAct
HRAS	RRM1	IntAct
HRAS	H1-5	IntAct
HRAS	FANCI	IntAct
HRAS	ECPAS	IntAct
HRAS	FDFT1	IntAct
HRAS	SCARB1	IntAct
HRAS	SLC12A2	IntAct
HRAS	DNM1L	IntAct
HRAS	SLC38A1	IntAct
HRAS	SLC1A5	IntAct
HRAS	GOLGB1	IntAct
HRAS	SLC7A5	IntAct
HRAS	IFNGR1	IntAct
HRAS	PLD3	IntAct
HRAS	MARCKS	IntAct
HRAS	FLOT1	IntAct
HRAS	ACSL4	IntAct
HRAS	DAG1	IntAct
ARAF	HSPA8	IntAct
KRAS	GATAD2A	IntAct
KRAS	NUP107	IntAct
KRAS	STXBP3	IntAct
KRAS	SCD	IntAct
KRAS	SPTBN2	IntAct
KRAS	STX7	IntAct
KRAS	EPB41L2	IntAct
KRAS	STX6	IntAct
KRAS	MYO1B	IntAct
KRAS	CTNND1	IntAct
KRAS	LRP6	IntAct
KRAS	ACSL3	IntAct
KRAS	PAK4	IntAct
KRAS	DHFR	IntAct
KRAS	TYMS	IntAct
KRAS	SLC4A2	IntAct
KRAS	HMOX1	IntAct
KRAS	ETFA	IntAct
KRAS	CD46	IntAct
KRAS	POR	IntAct
KRAS	GJA1	IntAct
KRAS	HK1	IntAct
KRAS	SLC9A1	IntAct
KRAS	ATP2B1	IntAct
KRAS	LMNB1	IntAct
KRAS	ITGA6	IntAct
KRAS	ATP2B4	IntAct
KRAS	EPHA3	IntAct
KRAS	PPIF	IntAct
KRAS	SLC7A1	IntAct
KRAS	BSG	IntAct
KRAS	MDH2	IntAct
KRAS	EIF2S3	IntAct
KRAS	SLC19A1	IntAct
KRAS	LMAN1	IntAct
KRAS	CLCN7	IntAct
KRAS	SLC16A1	IntAct
KRAS	RAB14	IntAct
KRAS	RAB1A	IntAct
KRAS	ARF1	IntAct
KRAS	AKAP12	IntAct
KRAS	ARHGAP1	IntAct
KRAS	ADAM9	IntAct
KRAS	BMPR2	IntAct
KRAS	LBR	IntAct
KRAS	SLC39A14	IntAct
KRAS	STEAP3	IntAct
KRAS	LAMTOR1	IntAct
KRAS	KTN1	IntAct
KRAS	KIAA0319L	IntAct
KRAS	CNNM3	IntAct
KRAS	STT3B	IntAct
KRAS	NEO1	IntAct
KRAS	EXOC4	IntAct
KRAS	AURKB	IntAct
KRAS	PHB2	IntAct
KRAS	MTR	IntAct
KRAS	SLC29A1	IntAct
KRAS	PLXNA1	IntAct
KRAS	ITM2B	IntAct
KRAS	EPB41L3	IntAct
KRAS	SLC4A7	IntAct
KRAS	XPR1	IntAct
KRAS	ESYT1	IntAct
KRAS	NDC1	IntAct
KRAS	WDR6	IntAct
KRAS	AAAS	IntAct
KRAS	VPS45	IntAct
KRAS	ADD3	IntAct
KRAS	YWHAG	IntAct
KRAS	APPL1	IntAct
KRAS	YWHAQ	IntAct
KRAS	CCL5	IntAct
NRAS	EGFR	IntAct
RAF1	ENO1	IntAct
BRAF	IQGAP1	IntAct
HRAS	MET	IntAct
HRAS	NF1	IntAct
HRAS	KIDINS220	IntAct
HRAS	MCL1	IntAct
HRAS	CANX	IntAct
HRAS	SLC38A2	IntAct
HRAS	CDC42	IntAct
HRAS	PSEN1	IntAct
HRAS	NUP155	IntAct
HRAS	EPHA2	IntAct
HRAS	PLK1	IntAct
HRAS	APLP2	IntAct
HRAS	SOS1	IntAct
MAPK3	HSPA8	IntAct
MAP2K2	HSPA8	IntAct
KRAS	GOLIM4	IntAct
KRAS	RPS29	IntAct
KRAS	MARCKS	IntAct
KRAS	DNM1L	IntAct
KRAS	AHCYL1	IntAct
KRAS	ACSL4	IntAct
KRAS	ATP6AP2	IntAct
KRAS	STOM	IntAct
KRAS	IL6ST	IntAct
KRAS	HSD17B4	IntAct
KRAS	SLC7A5	IntAct
KRAS	NOTCH2	IntAct
KRAS	DAG1	IntAct
KRAS	GNAS	IntAct
KRAS	ECPAS	IntAct
KRAS	SCARB1	IntAct
KRAS	SLC38A1	IntAct
KRAS	EHD1	IntAct
KRAS	YWHAE	IntAct
KRAS	ACTR2	IntAct
KRAS	YWHAB	IntAct
NRAS	ATP1A1	IntAct
NRAS	PTPN1	IntAct
RAF1	HSPA5	IntAct
RAF1	EEF2	IntAct
RAF1	VCP	IntAct
BRAF	HSPA5	IntAct
BRAF	RPS27A	IntAct
BRAF	JAK1	IntAct
HRAS	RPL7	IntAct
HRAS	RPL3	IntAct
HRAS	LYN	IntAct
HRAS	DSG2	IntAct
HRAS	ITGB1	IntAct
HRAS	CALR	IntAct
HRAS	FYN	IntAct
KRAS	NUP155	IntAct
KRAS	FLOT1	IntAct
KRAS	INSR	IntAct
KRAS	LYN	IntAct
KRAS	JUP	IntAct
KRAS	IFNGR1	IntAct
KRAS	TCP1	IntAct
KRAS	NF1	IntAct
KRAS	CANX	IntAct
KRAS	EPHA2	IntAct
KRAS	CTNNA1	IntAct
KRAS	PSEN1	IntAct
KRAS	PLK1	IntAct
KRAS	SLC12A2	IntAct
KRAS	CDC42	IntAct
KRAS	APLP2	IntAct
KRAS	MCL1	IntAct
KRAS	SLC1A5	IntAct
KRAS	PLD3	IntAct
KRAS	SLC38A2	IntAct
KRAS	KIDINS220	IntAct
KRAS	ITM2C	IntAct
KRAS	YWHAZ	IntAct
KRAS	CCT7	IntAct
NRAS	IGF2R	IntAct
RAF1	PKM	IntAct
RAF1	CLTC	IntAct
BRAF	HSP90AB1	IntAct
BRAF	UBA52	IntAct
MAP2K1	HSPA8	IntAct
HRAS	SRC	IntAct
MAP2K2	HSP90AA1	IntAct
BRAF	SFN	IntAct
BRAF	UBB	IntAct
BRAF	UBC	IntAct
BRAF	TP53	IntAct
HRAS	RPL4	IntAct
HRAS	RPS27A	IntAct
HRAS	SLC3A2	IntAct
HRAS	PPIA	IntAct
HRAS	NOTCH1	IntAct
KRAS	RHOA	IntAct
KRAS	ITGB1	IntAct
KRAS	SLC3A2	IntAct
KRAS	SRC	IntAct
KRAS	NOTCH1	IntAct
KRAS	PPIA	IntAct
KRAS	DSG2	IntAct
KRAS	SEMA4D	IntAct
KRAS	EEF1A1	IntAct
NRAS	APP	IntAct
MAPK3	HSP90AA1	IntAct
RAF1	SFN	IntAct
RAF1	HSPA8	IntAct
RAF1	FASN	IntAct
MAP2K2	HLA-A	IntAct
BRAF	HSPA8	IntAct
HRAS	HSPD1	IntAct
KRAS	CPD	IntAct
KRAS	RPS27A	IntAct
KRAS	LNPEP	IntAct
NRAS	HLA-A	IntAct
MAPK1	GAPDH	IntAct
HRAS	CDK2	IntAct
HRAS	PTPN1	IntAct
HRAS	EGFR	IntAct
HRAS	ATP1A1	IntAct
KRAS	EGFR	IntAct
KRAS	ATP1A1	IntAct
KRAS	PTPN1	IntAct
KRAS	CTNNB1	IntAct
NRAS	TFRC	IntAct
RAF1	HSP90AA1	IntAct
RAF1	GAPDH	IntAct
RAF1	DYNC1H1	IntAct
BRAF	HSP90AA1	IntAct
KRAS	IGF2R	IntAct
HRAS	IGF2R	IntAct
RAF1	HLA-A	IntAct
KRAS	APP	IntAct
HRAS	PLEC	IntAct
HRAS	APP	IntAct
HRAS	HLA-A	IntAct
KRAS	HLA-A	IntAct
HRAS	TFRC	IntAct
KRAS	TFRC	IntAct
KRAS	CFAP90	AP-MS_Inactive
KRAS	SMAP	AP-MS_Inactive
KRAS	PSMD11	AP-MS_Inactive
KRAS	PSMD12	AP-MS_Inactive
KRAS	EEF2K	AP-MS_Inactive
KRAS	RASGRF2	AP-MS_Inactive
KRAS	PPP1R12A	AP-MS_Inactive
KRAS	PPM1G	AP-MS_Inactive
KRAS	RGS16	AP-MS_Inactive
KRAS	TXNL1	AP-MS_Inactive
KRAS	AHCYL1	AP-MS_Inactive
KRAS	SNAP91	AP-MS_Inactive
KRAS	PEX14	AP-MS_Inactive
KRAS	UBXN7	AP-MS_Inactive
KRAS	ARIH2	AP-MS_Inactive
KRAS	NRAS	AP-MS_Inactive
KRAS	HRAS	AP-MS_Inactive
KRAS	KRAS	AP-MS_Inactive
KRAS	HSPB1	AP-MS_Inactive
KRAS	PTMA	AP-MS_Inactive
KRAS	H2BC11;H2BC17;H2BC3;H2BC21	AP-MS_Inactive
KRAS	TPM1	AP-MS_Inactive
KRAS	CTSH	AP-MS_Inactive
KRAS	CALM1;CALM2;CALM3	AP-MS_Inactive
KRAS	RNH1	AP-MS_Inactive
KRAS	SPRR1B;SPRR1A	AP-MS_Inactive
KRAS	DGKA	AP-MS_Inactive
KRAS	ANP32A	AP-MS_Inactive
KRAS	MTHFR	AP-MS_Inactive
KRAS	CDC34	AP-MS_Inactive
KRAS	NT5C2	AP-MS_Inactive
KRAS	PSMD7	AP-MS_Inactive
KRAS	RAP1GDS1	AP-MS_Inactive
KRAS	GTF2A1	AP-MS_Inactive
KRAS	PSMD4	AP-MS_Inactive
KRAS	COPS2	AP-MS_Inactive
KRAS	RAP1B	AP-MS_Inactive
KRAS	EIF4G2	AP-MS_Inactive
KRAS	SRPX	AP-MS_Inactive
KRAS	ZNF117	AP-MS_Inactive
KRAS	SOS1	AP-MS_Inactive
KRAS	MAP3K12	AP-MS_Inactive
KRAS	GPS1	AP-MS_Inactive
KRAS	PSMD2	AP-MS_Inactive
KRAS	GAS6	AP-MS_Inactive
KRAS	KANK1	AP-MS_Inactive
KRAS	MAPK14	AP-MS_Inactive
KRAS	AMZ1	AP-MS_Inactive
KRAS	EAPP	AP-MS_Inactive
KRAS	MSANTD2	AP-MS_Inactive
KRAS	UBE2R2	AP-MS_Inactive
KRAS	COPS6	AP-MS_Inactive
KRAS	FANCM	AP-MS_Inactive
KRAS	PPP1R14C	AP-MS_Inactive
KRAS	ANP32B	AP-MS_Inactive
KRAS	COPS5	AP-MS_Inactive
KRAS	USP7	AP-MS_Inactive
KRAS	AKT1S1	AP-MS_Inactive
KRAS	ZBTB10	AP-MS_Inactive
KRAS	SIRT1	AP-MS_Inactive
KRAS	DYNLL2	AP-MS_Inactive
KRAS	AHCYL2	AP-MS_Inactive
KRAS	USP47	AP-MS_Inactive
KRAS	ZIC5	AP-MS_Inactive
KRAS	PSMD1	AP-MS_Inactive
KRAS	COPS8	AP-MS_Inactive
KRAS	COPS4	AP-MS_Inactive
KRAS	BHLHE41	AP-MS_Inactive
KRAS	ZDHHC6	AP-MS_Inactive
KRAS	COPS7B	AP-MS_Inactive
KRAS	SSU72	AP-MS_Inactive
KRAS	ATG3	AP-MS_Inactive
KRAS	OLA1	AP-MS_Inactive
KRAS	SETD4	AP-MS_Inactive
KRAS	THAP1	AP-MS_Inactive
KRAS	DCAF16	AP-MS_Inactive
KRAS	UBP1	AP-MS_Inactive
KRAS	COPS7A	AP-MS_Inactive
KRAS	PNMA2	AP-MS_Inactive
KRAS	NFU1	AP-MS_Inactive
KRAS	PSMD13	AP-MS_Inactive
KRAS	COPS3	AP-MS_Inactive
KRAS	ARIH1	AP-MS_Inactive
MAPK1	FNDC10	AP-MS_Inactive
MAPK1	N4BP3	AP-MS_Inactive
MAPK1	SLC16A7	AP-MS_Inactive
MAPK1	HMMR	AP-MS_Inactive
MAPK1	RPS6KA5	AP-MS_Inactive
MAPK1	ADGRL1	AP-MS_Inactive
MAPK1	SLITRK5	AP-MS_Inactive
MAPK1	TIMP1	AP-MS_Inactive
MAPK1	HMGN2	AP-MS_Inactive
MAPK1	HSP90AA1	AP-MS_Inactive
MAPK1	DERPC	AP-MS_Inactive
MAPK1	F5	AP-MS_Inactive
MAPK1	LCP1	AP-MS_Inactive
MAPK1	PKM	AP-MS_Inactive
MAPK1	CSRP1	AP-MS_Inactive
MAPK1	PSMB5	AP-MS_Inactive
MAPK1	MAPK1	AP-MS_Inactive
MAPK1	LIMS1	AP-MS_Inactive
MAPK1	ERF	AP-MS_Inactive
MAPK1	RPS6KA3	AP-MS_Inactive
MAPK1	CRIP2	AP-MS_Inactive
MAPK1	FOXG1	AP-MS_Inactive
MAPK1	EMX1	AP-MS_Inactive
MAPK1	SCRN3	AP-MS_Inactive
MAPK1	ILK	AP-MS_Inactive
MAPK1	FKBP5	AP-MS_Inactive
MAPK1	EIF4EBP2	AP-MS_Inactive
MAPK1	CRMP1	AP-MS_Inactive
MAPK1	RPS6KA2	AP-MS_Inactive
MAPK1	RSU1	AP-MS_Inactive
MAPK1	RPS6KA1	AP-MS_Inactive
MAPK1	ADRM1	AP-MS_Inactive
MAPK1	CDC37	AP-MS_Inactive
MAPK1	FSCN1	AP-MS_Inactive
MAPK1	DUSP7	AP-MS_Inactive
MAPK1	PLEKHN1	AP-MS_Inactive
MAPK1	HSP90AB4P	AP-MS_Inactive
MAPK1	PPM1L	AP-MS_Inactive
MAPK1	MCTP2	AP-MS_Inactive
MAPK1	RHBDF2	AP-MS_Inactive
MAPK1	CSPG4	AP-MS_Inactive
MAPK1	MED12L	AP-MS_Inactive
MAPK1	CKAP2L	AP-MS_Inactive
MAPK1	SYNPO	AP-MS_Inactive
MAPK1	NLGN4Y	AP-MS_Inactive
MAPK1	FRS2	AP-MS_Inactive
MAPK1	SPRYD4	AP-MS_Inactive
MAPK1	DPF3	AP-MS_Inactive
MAPK1	CORO2A	AP-MS_Inactive
MAPK1	CHAMP1	AP-MS_Inactive
MAPK1	TRERF1	AP-MS_Inactive
MAPK1	CYP2S1	AP-MS_Inactive
MAPK1	DUSP9	AP-MS_Inactive
MAPK1	LZTS2	AP-MS_Inactive
MAPK1	MKNK1	AP-MS_Inactive
MAPK1	PBDC1	AP-MS_Inactive
MAPK1	EMILIN2	AP-MS_Inactive
MAPK1	FAM83D	AP-MS_Inactive
MAPK1	MKNK2	AP-MS_Inactive
MAPK1	PARVB	AP-MS_Inactive
MAPK1	SERINC1	AP-MS_Inactive
MAPK1	PARVA	AP-MS_Inactive
MAPK1	RPS6KA6	AP-MS_Inactive
MAPK1	AGO2	AP-MS_Inactive
MAPK1	NOTCH3	AP-MS_Inactive
MAPK1	HCN4	AP-MS_Inactive
MAPK1	IPP	AP-MS_Inactive
ARAF	DCAF8L1;DCAF8L2	AP-MS_Inactive
ARAF	ZSWIM8	AP-MS_Inactive
ARAF	ASDURF	AP-MS_Inactive
ARAF	EYA2	AP-MS_Inactive
ARAF	AIP	AP-MS_Inactive
ARAF	USP9Y	AP-MS_Inactive
ARAF	PPP6C	AP-MS_Inactive
ARAF	IRS4	AP-MS_Inactive
ARAF	SEC16A	AP-MS_Inactive
ARAF	PFDN6	AP-MS_Inactive
ARAF	P4HA2	AP-MS_Inactive
ARAF	PER1	AP-MS_Inactive
ARAF	SGTA	AP-MS_Inactive
ARAF	TRAK2	AP-MS_Inactive
ARAF	AQR	AP-MS_Inactive
ARAF	TBC1D4	AP-MS_Inactive
ARAF	SKAP2	AP-MS_Inactive
ARAF	RPS6KA4	AP-MS_Inactive
ARAF	CRTAP	AP-MS_Inactive
ARAF	URI1	AP-MS_Inactive
ARAF	TOMM70	AP-MS_Inactive
ARAF	USP19	AP-MS_Inactive
ARAF	TRIM37	AP-MS_Inactive
ARAF	UBR5	AP-MS_Inactive
ARAF	TTC4	AP-MS_Inactive
ARAF	BAG2	AP-MS_Inactive
ARAF	GPI	AP-MS_Inactive
ARAF	P4HB	AP-MS_Inactive
ARAF	HSP90AA1	AP-MS_Inactive
ARAF	HSP90AB1	AP-MS_Inactive
ARAF	ANXA5	AP-MS_Inactive
ARAF	ARAF	AP-MS_Inactive
ARAF	NR2F1	AP-MS_Inactive
ARAF	PRKAR1A	AP-MS_Inactive
ARAF	UBL4A	AP-MS_Inactive
ARAF	COL11A1	AP-MS_Inactive
ARAF	P4HA1	AP-MS_Inactive
ARAF	COL5A1	AP-MS_Inactive
ARAF	YWHAQ	AP-MS_Inactive
ARAF	PIK3R1	AP-MS_Inactive
ARAF	GDI1	AP-MS_Inactive
ARAF	PRKAR1B	AP-MS_Inactive
ARAF	YWHAB	AP-MS_Inactive
ARAF	STIP1	AP-MS_Inactive
ARAF	MCM4	AP-MS_Inactive
ARAF	CCT6A	AP-MS_Inactive
ARAF	LSS	AP-MS_Inactive
ARAF	LIG4	AP-MS_Inactive
ARAF	GDI2	AP-MS_Inactive
ARAF	PPP5C	AP-MS_Inactive
ARAF	SEC13	AP-MS_Inactive
ARAF	NAA20	AP-MS_Inactive
ARAF	YWHAG	AP-MS_Inactive
ARAF	YWHAE	AP-MS_Inactive
ARAF	YWHAZ	AP-MS_Inactive
ARAF	PAFAH1B2	AP-MS_Inactive
ARAF	LACTB	AP-MS_Inactive
ARAF	LRP2	AP-MS_Inactive
ARAF	FKBP4	AP-MS_Inactive
ARAF	YWHAH	AP-MS_Inactive
ARAF	SPAG1	AP-MS_Inactive
ARAF	MZT1	AP-MS_Inactive
ARAF	RBBP4	AP-MS_Inactive
ARAF	FLII	AP-MS_Inactive
ARAF	BAMBI	AP-MS_Inactive
ARAF	PDE3B	AP-MS_Inactive
ARAF	MAPK8IP2	AP-MS_Inactive
ARAF	FKBP5	AP-MS_Inactive
ARAF	CAMK1	AP-MS_Inactive
ARAF	UBE4A	AP-MS_Inactive
ARAF	FKBP8	AP-MS_Inactive
ARAF	HSP90AA2P	AP-MS_Inactive
ARAF	PLCB4	AP-MS_Inactive
ARAF	TARBP2	AP-MS_Inactive
ARAF	PDCD2	AP-MS_Inactive
ARAF	DDB1	AP-MS_Inactive
ARAF	CDC37	AP-MS_Inactive
ARAF	P3H1	AP-MS_Inactive
ARAF	KLHL26	AP-MS_Inactive
ARAF	HSP90AB4P	AP-MS_Inactive
ARAF	HSP90AB3P	AP-MS_Inactive
ARAF	HSP90AB2P	AP-MS_Inactive
ARAF	HSP90AA5P	AP-MS_Inactive
ARAF	HSP90AA4P	AP-MS_Inactive
ARAF	PPP6R3	AP-MS_Inactive
ARAF	TTC38	AP-MS_Inactive
ARAF	PPP1R15B	AP-MS_Inactive
ARAF	HYI	AP-MS_Inactive
ARAF	UBR4	AP-MS_Inactive
ARAF	ANKRD40	AP-MS_Inactive
ARAF	ABHD17C	AP-MS_Inactive
ARAF	USP34	AP-MS_Inactive
ARAF	GET4	AP-MS_Inactive
ARAF	ARPIN	AP-MS_Inactive
ARAF	HUWE1	AP-MS_Inactive
ARAF	CPNE8	AP-MS_Inactive
ARAF	ANKMY2	AP-MS_Inactive
ARAF	NUDCD3	AP-MS_Inactive
ARAF	P3H2	AP-MS_Inactive
ARAF	P3H3	AP-MS_Inactive
ARAF	SMYD4	AP-MS_Inactive
ARAF	WDTC1	AP-MS_Inactive
ARAF	TTC9C	AP-MS_Inactive
ARAF	PJA1	AP-MS_Inactive
ARAF	NT5C	AP-MS_Inactive
ARAF	RHBDD1	AP-MS_Inactive
ARAF	SNX33	AP-MS_Inactive
ARAF	CCT6B	AP-MS_Inactive
ARAF	PIK3R3	AP-MS_Inactive
ARAF	P3H4	AP-MS_Inactive
ARAF	GLMN	AP-MS_Inactive
ARAF	USP9X	AP-MS_Inactive
ARAF	FBXW5	AP-MS_Inactive
ARAF	RUNDC1	AP-MS_Inactive
ARAF	ENTR1	AP-MS_Inactive
ARAF	TUBGCP3	AP-MS_Inactive
ARAF	SIRT1	AP-MS_Inactive
ARAF	KIFBP	AP-MS_Inactive
ARAF	MAGED4	AP-MS_Inactive
ARAF	PBK	AP-MS_Inactive
ARAF	DNAAF10	AP-MS_Inactive
ARAF	PASK	AP-MS_Inactive
ARAF	TUBGCP6	AP-MS_Inactive
ARAF	TTC1	AP-MS_Inactive
ARAF	DNAJC7	AP-MS_Inactive
ARAF	MTR	AP-MS_Inactive
ARAF	HDHD3	AP-MS_Inactive
ARAF	MCMBP	AP-MS_Inactive
ARAF	HGH1	AP-MS_Inactive
ARAF	AFG2B	AP-MS_Inactive
ARAF	UNC45A	AP-MS_Inactive
ARAF	RPAP3	AP-MS_Inactive
ARAF	SMYD3	AP-MS_Inactive
ARAF	MARCHF7	AP-MS_Inactive
ARAF	GPN2	AP-MS_Inactive
ARAF	CACYBP	AP-MS_Inactive
ARAF	GPN1	AP-MS_Inactive
ARAF	WDR6	AP-MS_Inactive
ARAF	PLCB1	AP-MS_Inactive
ARAF	SMYD2	AP-MS_Inactive
ARAF	NRBP2	AP-MS_Inactive
ARAF	MAN2C1	AP-MS_Inactive
ARAF	PDRG1	AP-MS_Inactive
ARAF	HSPBP1	AP-MS_Inactive
ARAF	UXT	AP-MS_Inactive
ARAF	FTSJ1	AP-MS_Inactive
ARAF	CHORDC1	AP-MS_Inactive
ARAF	ZNHIT2	AP-MS_Inactive
ARAF	PFDN2	AP-MS_Inactive
ARAF	HERC5	AP-MS_Inactive
ARAF	FKBPL	AP-MS_Inactive
ARAF	BAG5	AP-MS_Inactive
ARAF	PNMA2	AP-MS_Inactive
ARAF	STUB1	AP-MS_Inactive
ARAF	PPP6R1	AP-MS_Inactive
ARAF	MAPK8IP3	AP-MS_Inactive
ARAF	DICER1	AP-MS_Inactive
ARAF	RUVBL2	AP-MS_Inactive
ARAF	RUVBL1	AP-MS_Inactive
ARAF	NISCH	AP-MS_Inactive
ARAF	SUGT1	AP-MS_Inactive
ARAF	DCAF1	AP-MS_Inactive
BRAF	DCAF8L1;DCAF8L2	AP-MS_Inactive
BRAF	EYA2	AP-MS_Inactive
BRAF	AIP	AP-MS_Inactive
BRAF	FOXN3	AP-MS_Inactive
BRAF	PLOD2	AP-MS_Inactive
BRAF	ZBTB39	AP-MS_Inactive
BRAF	MARCHF6	AP-MS_Inactive
BRAF	SELENOF	AP-MS_Inactive
BRAF	OPHN1	AP-MS_Inactive
BRAF	ATP5PD	AP-MS_Inactive
BRAF	HSPA4L	AP-MS_Inactive
BRAF	KRAS	AP-MS_Inactive
BRAF	TGFB1	AP-MS_Inactive
BRAF	RAF1	AP-MS_Inactive
BRAF	HSP90AA1	AP-MS_Inactive
BRAF	HSP90AB1	AP-MS_Inactive
BRAF	PRR35	AP-MS_Inactive
BRAF	ARAF	AP-MS_Inactive
BRAF	HSPA5	AP-MS_Inactive
BRAF	BRAF	AP-MS_Inactive
BRAF	FOSL1	AP-MS_Inactive
BRAF	CSRP1	AP-MS_Inactive
BRAF	YWHAQ	AP-MS_Inactive
BRAF	YWHAB	AP-MS_Inactive
BRAF	SFN	AP-MS_Inactive
BRAF	MAP2K2	AP-MS_Inactive
BRAF	ETV4	AP-MS_Inactive
BRAF	PPP5C	AP-MS_Inactive
BRAF	YWHAG	AP-MS_Inactive
BRAF	YWHAE	AP-MS_Inactive
BRAF	YWHAZ	AP-MS_Inactive
BRAF	APBA1	AP-MS_Inactive
BRAF	MAP2K1	AP-MS_Inactive
BRAF	FKBP4	AP-MS_Inactive
BRAF	PLOD1	AP-MS_Inactive
BRAF	YWHAH	AP-MS_Inactive
BRAF	FKBP5	AP-MS_Inactive
BRAF	DELE1	AP-MS_Inactive
BRAF	HSP90AA2P	AP-MS_Inactive
BRAF	CUL7	AP-MS_Inactive
BRAF	CDC37	AP-MS_Inactive
BRAF	LETM2	AP-MS_Inactive
BRAF	SLC25A52	AP-MS_Inactive
BRAF	HSP90AB4P	AP-MS_Inactive
BRAF	HSP90AB3P	AP-MS_Inactive
BRAF	HSP90AB2P	AP-MS_Inactive
BRAF	HSP90AA5P	AP-MS_Inactive
BRAF	HSP90AA4P	AP-MS_Inactive
BRAF	CPNE8	AP-MS_Inactive
BRAF	P3H3	AP-MS_Inactive
BRAF	RPTOR	AP-MS_Inactive
BRAF	CNNM3	AP-MS_Inactive
BRAF	NT5C	AP-MS_Inactive
BRAF	BRI3BP	AP-MS_Inactive
BRAF	P3H4	AP-MS_Inactive
BRAF	CCDC51	AP-MS_Inactive
BRAF	SDF2	AP-MS_Inactive
BRAF	VAMP8	AP-MS_Inactive
BRAF	SLC25A51	AP-MS_Inactive
BRAF	SDF2L1	AP-MS_Inactive
BRAF	WDR6	AP-MS_Inactive
BRAF	SH3GLB2	AP-MS_Inactive
BRAF	OCIAD1	AP-MS_Inactive
BRAF	UGGT2	AP-MS_Inactive
BRAF	FRMD4A	AP-MS_Inactive
BRAF	DNAJB11	AP-MS_Inactive
BRAF	FTSJ1	AP-MS_Inactive
BRAF	VTI1B	AP-MS_Inactive
BRAF	ARMCX3	AP-MS_Inactive
BRAF	ZNF510	AP-MS_Inactive
BRAF	SUGT1	AP-MS_Inactive
BRAF	HCN4	AP-MS_Inactive
RAF1	HNRNPA1L3	AP-MS_Inactive
RAF1	DCAF8L1;DCAF8L2	AP-MS_Inactive
RAF1	ZSWIM8	AP-MS_Inactive
RAF1	ASDURF	AP-MS_Inactive
RAF1	AIP	AP-MS_Inactive
RAF1	PIK3R2	AP-MS_Inactive
RAF1	USP9Y	AP-MS_Inactive
RAF1	IRS4	AP-MS_Inactive
RAF1	PHYH	AP-MS_Inactive
RAF1	PFDN6	AP-MS_Inactive
RAF1	ZNF749	AP-MS_Inactive
RAF1	CFAP410	AP-MS_Inactive
RAF1	EDIL3	AP-MS_Inactive
RAF1	KHDRBS3	AP-MS_Inactive
RAF1	URI1	AP-MS_Inactive
RAF1	UBR5	AP-MS_Inactive
RAF1	HERC2	AP-MS_Inactive
RAF1	TTC4	AP-MS_Inactive
RAF1	BAG2	AP-MS_Inactive
RAF1	TOMM40	AP-MS_Inactive
RAF1	NRAS	AP-MS_Inactive
RAF1	HRAS	AP-MS_Inactive
RAF1	AMH	AP-MS_Inactive
RAF1	RAF1	AP-MS_Inactive
RAF1	HMGN2	AP-MS_Inactive
RAF1	HSP90AA1	AP-MS_Inactive
RAF1	HSP90AB1	AP-MS_Inactive
RAF1	H1-4	AP-MS_Inactive
RAF1	TCP1	AP-MS_Inactive
RAF1	CSRP1	AP-MS_Inactive
RAF1	YWHAQ	AP-MS_Inactive
RAF1	PIK3R1	AP-MS_Inactive
RAF1	YWHAB	AP-MS_Inactive
RAF1	STIP1	AP-MS_Inactive
RAF1	LONP1	AP-MS_Inactive
RAF1	CCT6A	AP-MS_Inactive
RAF1	PIK3CA	AP-MS_Inactive
RAF1	CCT8	AP-MS_Inactive
RAF1	USP11	AP-MS_Inactive
RAF1	ZNF131	AP-MS_Inactive
RAF1	PPP5C	AP-MS_Inactive
RAF1	HMGCS2	AP-MS_Inactive
RAF1	YWHAG	AP-MS_Inactive
RAF1	YWHAE	AP-MS_Inactive
RAF1	YWHAZ	AP-MS_Inactive
RAF1	PAFAH1B2	AP-MS_Inactive
RAF1	CCT2	AP-MS_Inactive
RAF1	FKBP4	AP-MS_Inactive
RAF1	YWHAH	AP-MS_Inactive
RAF1	SPAG1	AP-MS_Inactive
RAF1	BAMBI	AP-MS_Inactive
RAF1	FKBP5	AP-MS_Inactive
RAF1	LAMC2	AP-MS_Inactive
RAF1	FKBP8	AP-MS_Inactive
RAF1	HSP90AA2P	AP-MS_Inactive
RAF1	CUL7	AP-MS_Inactive
RAF1	PDCD2	AP-MS_Inactive
RAF1	CDC37	AP-MS_Inactive
RAF1	PCK2	AP-MS_Inactive
RAF1	HSP90AB4P	AP-MS_Inactive
RAF1	HSP90AB3P	AP-MS_Inactive
RAF1	HSP90AB2P	AP-MS_Inactive
RAF1	HSP90AA5P	AP-MS_Inactive
RAF1	HSP90AA4P	AP-MS_Inactive
RAF1	PPP1R15B	AP-MS_Inactive
RAF1	KLC3	AP-MS_Inactive
RAF1	RUFY3	AP-MS_Inactive
RAF1	HUWE1	AP-MS_Inactive
RAF1	DZIP3	AP-MS_Inactive
RAF1	CPNE8	AP-MS_Inactive
RAF1	ANKMY2	AP-MS_Inactive
RAF1	SMYD4	AP-MS_Inactive
RAF1	WDTC1	AP-MS_Inactive
RAF1	TTC9C	AP-MS_Inactive
RAF1	HDAC7	AP-MS_Inactive
RAF1	SPRYD4	AP-MS_Inactive
RAF1	CCT6B	AP-MS_Inactive
RAF1	PIK3R3	AP-MS_Inactive
RAF1	USP9X	AP-MS_Inactive
RAF1	SIRT1	AP-MS_Inactive
RAF1	KIFBP	AP-MS_Inactive
RAF1	DNAAF10	AP-MS_Inactive
RAF1	TRIB3	AP-MS_Inactive
RAF1	MTR	AP-MS_Inactive
RAF1	CCT7	AP-MS_Inactive
RAF1	HGH1	AP-MS_Inactive
RAF1	RPAP3	AP-MS_Inactive
RAF1	ZFAND3	AP-MS_Inactive
RAF1	WDR6	AP-MS_Inactive
RAF1	PLCB1	AP-MS_Inactive
RAF1	SMYD2	AP-MS_Inactive
RAF1	PDRG1	AP-MS_Inactive
RAF1	UXT	AP-MS_Inactive
RAF1	FTSJ1	AP-MS_Inactive
RAF1	PFDN2	AP-MS_Inactive
RAF1	PNMA2	AP-MS_Inactive
RAF1	STUB1	AP-MS_Inactive
RAF1	MAPK8IP3	AP-MS_Inactive
RAF1	NISCH	AP-MS_Inactive
RAF1	SUGT1	AP-MS_Inactive
RAF1	HCN4	AP-MS_Inactive
MAP2K2	FNDC10	AP-MS_Inactive
MAP2K2	YKT6	AP-MS_Inactive
MAP2K2	HSPA4L	AP-MS_Inactive
MAP2K2	FTH1	AP-MS_Inactive
MAP2K2	RAF1	AP-MS_Inactive
MAP2K2	HSP90AA1	AP-MS_Inactive
MAP2K2	HSP90AB1	AP-MS_Inactive
MAP2K2	HSPA1A;HSPA1B	AP-MS_Inactive
MAP2K2	ARAF	AP-MS_Inactive
MAP2K2	MGST1	AP-MS_Inactive
MAP2K2	HSPA5	AP-MS_Inactive
MAP2K2	HSPA8	AP-MS_Inactive
MAP2K2	BRAF	AP-MS_Inactive
MAP2K2	HSPA6	AP-MS_Inactive
MAP2K2	PGAM1	AP-MS_Inactive
MAP2K2	CSRP1	AP-MS_Inactive
MAP2K2	YWHAQ	AP-MS_Inactive
MAP2K2	MAPK1	AP-MS_Inactive
MAP2K2	YWHAB	AP-MS_Inactive
MAP2K2	HSPA1L	AP-MS_Inactive
MAP2K2	HSPA4	AP-MS_Inactive
MAP2K2	MAP2K2	AP-MS_Inactive
MAP2K2	HSPA9	AP-MS_Inactive
MAP2K2	MDH1	AP-MS_Inactive
MAP2K2	ID1	AP-MS_Inactive
MAP2K2	HSPA2	AP-MS_Inactive
MAP2K2	YWHAG	AP-MS_Inactive
MAP2K2	YWHAE	AP-MS_Inactive
MAP2K2	YWHAZ	AP-MS_Inactive
MAP2K2	MAP2K1	AP-MS_Inactive
MAP2K2	YWHAH	AP-MS_Inactive
MAP2K2	FKBP5	AP-MS_Inactive
MAP2K2	ITGA7	AP-MS_Inactive
MAP2K2	CDC37	AP-MS_Inactive
MAP2K2	HSP90AB4P	AP-MS_Inactive
MAP2K2	HSP90AB2P	AP-MS_Inactive
MAP2K2	HSP90AA4P	AP-MS_Inactive
MAP2K2	MFSD14CP	AP-MS_Inactive
MAP2K2	KSR2	AP-MS_Inactive
MAP2K2	TPRA1	AP-MS_Inactive
MAP2K2	KSR1	AP-MS_Inactive
MAP2K2	GLB1L2	AP-MS_Inactive
MAP2K2	ZNRF1	AP-MS_Inactive
MAP2K2	HSPH1	AP-MS_Inactive
MAP2K2	PCNX1	AP-MS_Inactive
MAP2K2	PDGFD	AP-MS_Inactive
MAP2K2	SAR1A	AP-MS_Inactive
MAP2K2	CMTM6	AP-MS_Inactive
MAP2K2	HSPBP1	AP-MS_Inactive
MAP2K2	PPT2	AP-MS_Inactive
MAP2K2	UNC13A	AP-MS_Inactive
MAP2K2	ALG6	AP-MS_Inactive
NRAS	FNDC10	AP-MS_Inactive
NRAS	DPYSL4	AP-MS_Inactive
NRAS	RASGRF2	AP-MS_Inactive
NRAS	PHYH	AP-MS_Inactive
NRAS	SLC16A7	AP-MS_Inactive
NRAS	GAS7	AP-MS_Inactive
NRAS	SS18L1	AP-MS_Inactive
NRAS	NRAS	AP-MS_Inactive
NRAS	TGFB1	AP-MS_Inactive
NRAS	SDC1	AP-MS_Inactive
NRAS	CSRP1	AP-MS_Inactive
NRAS	LMO1	AP-MS_Inactive
NRAS	HMGCL	AP-MS_Inactive
NRAS	HADHA	AP-MS_Inactive
NRAS	SMARCA2	AP-MS_Inactive
NRAS	RAP1GDS1	AP-MS_Inactive
NRAS	CRIP2	AP-MS_Inactive
NRAS	GALC	AP-MS_Inactive
NRAS	HADHB	AP-MS_Inactive
NRAS	CRMP1	AP-MS_Inactive
NRAS	IBA57	AP-MS_Inactive
NRAS	CSPG4	AP-MS_Inactive
NRAS	CEP68	AP-MS_Inactive
NRAS	TPRA1	AP-MS_Inactive
NRAS	LTBP4	AP-MS_Inactive
NRAS	ACBD7	AP-MS_Inactive
NRAS	TXNDC5	AP-MS_Inactive
NRAS	DEPTOR	AP-MS_Inactive
NRAS	HDAC7	AP-MS_Inactive
NRAS	BCL7C	AP-MS_Inactive
NRAS	SCARF2	AP-MS_Inactive
NRAS	PDGFD	AP-MS_Inactive
NRAS	PLEKHA2	AP-MS_Inactive
NRAS	SLC38A10	AP-MS_Inactive
NRAS	BAHCC1	AP-MS_Inactive
NRAS	FIS1	AP-MS_Inactive
NRAS	HCN4	AP-MS_Inactive
NRAS	IRS2	AP-MS_Inactive
NRAS	OAS3	AP-MS_Inactive
MAP2K1	USP9Y	AP-MS_Inactive
MAP2K1	MGST3	AP-MS_Inactive
MAP2K1	YKT6	AP-MS_Inactive
MAP2K1	OPHN1	AP-MS_Inactive
MAP2K1	RAF1	AP-MS_Inactive
MAP2K1	PRKCB	AP-MS_Inactive
MAP2K1	HSP90AA1	AP-MS_Inactive
MAP2K1	MGST1	AP-MS_Inactive
MAP2K1	ITGA4	AP-MS_Inactive
MAP2K1	PGAM1	AP-MS_Inactive
MAP2K1	ANXA7	AP-MS_Inactive
MAP2K1	CSRP1	AP-MS_Inactive
MAP2K1	PTPRE	AP-MS_Inactive
MAP2K1	MDH1	AP-MS_Inactive
MAP2K1	UBE2D1	AP-MS_Inactive
MAP2K1	UBE2N	AP-MS_Inactive
MAP2K1	MAP2K1	AP-MS_Inactive
MAP2K1	TUSC3	AP-MS_Inactive
MAP2K1	PIN1	AP-MS_Inactive
MAP2K1	LAMB3	AP-MS_Inactive
MAP2K1	CDC37	AP-MS_Inactive
MAP2K1	HSP90AB2P	AP-MS_Inactive
MAP2K1	ERAP2	AP-MS_Inactive
MAP2K1	WDR87	AP-MS_Inactive
MAP2K1	ADIPOR2	AP-MS_Inactive
MAP2K1	KDM8	AP-MS_Inactive
MAP2K1	KLHL36	AP-MS_Inactive
MAP2K1	ZNRF1	AP-MS_Inactive
MAP2K1	GRPEL2	AP-MS_Inactive
MAP2K1	USP9X	AP-MS_Inactive
MAP2K1	NTMT1	AP-MS_Inactive
MAP2K1	CHST7	AP-MS_Inactive
MAP2K1	ATG3	AP-MS_Inactive
HRAS	NBDY	AP-MS_Inactive
HRAS	MED19	AP-MS_Inactive
HRAS	SH3PXD2B	AP-MS_Inactive
HRAS	SOWAHD	AP-MS_Inactive
HRAS	LIPT2	AP-MS_Inactive
HRAS	PRRT4	AP-MS_Inactive
HRAS	FNDC10	AP-MS_Inactive
HRAS	EYA2	AP-MS_Inactive
HRAS	DPYSL4	AP-MS_Inactive
HRAS	RASGRF2	AP-MS_Inactive
HRAS	PHYH	AP-MS_Inactive
HRAS	LIN7A	AP-MS_Inactive
HRAS	N4BP3	AP-MS_Inactive
HRAS	DCLK1	AP-MS_Inactive
HRAS	PLXNB1	AP-MS_Inactive
HRAS	SUSD5	AP-MS_Inactive
HRAS	SLC16A7	AP-MS_Inactive
HRAS	SS18L1	AP-MS_Inactive
HRAS	DGAT1	AP-MS_Inactive
HRAS	TOX4	AP-MS_Inactive
HRAS	SLITRK5	AP-MS_Inactive
HRAS	CSPG5	AP-MS_Inactive
HRAS	NRAS	AP-MS_Inactive
HRAS	HRAS	AP-MS_Inactive
HRAS	TGFB1	AP-MS_Inactive
HRAS	CSF1	AP-MS_Inactive
HRAS	ELFN1	AP-MS_Inactive
HRAS	DERPC	AP-MS_Inactive
HRAS	CKMT1A	AP-MS_Inactive
HRAS	CSRP1	AP-MS_Inactive
HRAS	PTPRZ1	AP-MS_Inactive
HRAS	LMO1	AP-MS_Inactive
HRAS	BLVRB	AP-MS_Inactive
HRAS	PFN2	AP-MS_Inactive
HRAS	SREBF1	AP-MS_Inactive
HRAS	MATK	AP-MS_Inactive
HRAS	CRIP2	AP-MS_Inactive
HRAS	CMC4	AP-MS_Inactive
HRAS	RWDD2B	AP-MS_Inactive
HRAS	LSM11	AP-MS_Inactive
HRAS	ARHGAP8	AP-MS_Inactive
HRAS	EIF4EBP1	AP-MS_Inactive
HRAS	MPP2	AP-MS_Inactive
HRAS	CRMP1	AP-MS_Inactive
HRAS	RASA3	AP-MS_Inactive
HRAS	NHERF2	AP-MS_Inactive
HRAS	FSCN1	AP-MS_Inactive
HRAS	PCK2	AP-MS_Inactive
HRAS	PFKFB3	AP-MS_Inactive
HRAS	PLEKHN1	AP-MS_Inactive
HRAS	ELFN2	AP-MS_Inactive
HRAS	ATAT1	AP-MS_Inactive
HRAS	IBA57	AP-MS_Inactive
HRAS	SDHAF4	AP-MS_Inactive
HRAS	TNS3	AP-MS_Inactive
HRAS	MCTP2	AP-MS_Inactive
HRAS	ALKBH2	AP-MS_Inactive
HRAS	RPUSD3	AP-MS_Inactive
HRAS	CSPG4	AP-MS_Inactive
HRAS	USP43	AP-MS_Inactive
HRAS	SAPCD2	AP-MS_Inactive
HRAS	PHLDB1	AP-MS_Inactive
HRAS	TDRP	AP-MS_Inactive
HRAS	BRSK2	AP-MS_Inactive
HRAS	KLHDC8B	AP-MS_Inactive
HRAS	RCOR2	AP-MS_Inactive
HRAS	SFRP1	AP-MS_Inactive
HRAS	ACBD7	AP-MS_Inactive
HRAS	TXNDC5	AP-MS_Inactive
HRAS	SLAIN1	AP-MS_Inactive
HRAS	DEPTOR	AP-MS_Inactive
HRAS	HELQ	AP-MS_Inactive
HRAS	HDAC7	AP-MS_Inactive
HRAS	NUDT8	AP-MS_Inactive
HRAS	SPRYD4	AP-MS_Inactive
HRAS	TTC9	AP-MS_Inactive
HRAS	CORO2A	AP-MS_Inactive
HRAS	MED8	AP-MS_Inactive
HRAS	SCARF2	AP-MS_Inactive
HRAS	CHAMP1	AP-MS_Inactive
HRAS	PPM1M	AP-MS_Inactive
HRAS	ARHGEF17	AP-MS_Inactive
HRAS	TRIB1	AP-MS_Inactive
HRAS	CYP2S1	AP-MS_Inactive
HRAS	DUSP9	AP-MS_Inactive
HRAS	DPYSL5	AP-MS_Inactive
HRAS	PBDC1	AP-MS_Inactive
HRAS	TBL1XR1	AP-MS_Inactive
HRAS	SRCIN1	AP-MS_Inactive
HRAS	LHX5	AP-MS_Inactive
HRAS	RSAD1	AP-MS_Inactive
HRAS	PLEKHA2	AP-MS_Inactive
HRAS	TNS1	AP-MS_Inactive
HRAS	ASH1L	AP-MS_Inactive
HRAS	PODXL2	AP-MS_Inactive
HRAS	MED11	AP-MS_Inactive
HRAS	NHSL3	AP-MS_Inactive
HRAS	MBD5	AP-MS_Inactive
HRAS	EGFL7	AP-MS_Inactive
HRAS	SLCO3A1	AP-MS_Inactive
HRAS	AGO2	AP-MS_Inactive
HRAS	PLXNB3	AP-MS_Inactive
HRAS	CORO1C	AP-MS_Inactive
HRAS	NOTCH3	AP-MS_Inactive
HRAS	HCN4	AP-MS_Inactive
HRAS	PYGO1	AP-MS_Inactive
HRAS	IRS2	AP-MS_Inactive
MAPK3	N4BP3	AP-MS_Inactive
MAPK3	LZTS3	AP-MS_Inactive
MAPK3	H2BC12;H2BC5;H2BC4;H2BC18;H2BC9;H2BC15;H2BC14;H2BC13	AP-MS_Inactive
MAPK3	HMMR	AP-MS_Inactive
MAPK3	FRAT2	AP-MS_Inactive
MAPK3	RPS6KA5	AP-MS_Inactive
MAPK3	HSP90AA1	AP-MS_Inactive
MAPK3	HSP90AB1	AP-MS_Inactive
MAPK3	F5	AP-MS_Inactive
MAPK3	H1-3	AP-MS_Inactive
MAPK3	SDC1	AP-MS_Inactive
MAPK3	CSRP1	AP-MS_Inactive
MAPK3	MAPK3	AP-MS_Inactive
MAPK3	MAPK1	AP-MS_Inactive
MAPK3	SDC2	AP-MS_Inactive
MAPK3	CDKN1A	AP-MS_Inactive
MAPK3	ETV3	AP-MS_Inactive
MAPK3	ERF	AP-MS_Inactive
MAPK3	RPS6KA3	AP-MS_Inactive
MAPK3	FKBP5	AP-MS_Inactive
MAPK3	CRMP1	AP-MS_Inactive
MAPK3	RPS6KA2	AP-MS_Inactive
MAPK3	RPS6KA1	AP-MS_Inactive
MAPK3	CDC37	AP-MS_Inactive
MAPK3	DUSP7	AP-MS_Inactive
MAPK3	HSP90AB4P	AP-MS_Inactive
MAPK3	HSP90AB3P	AP-MS_Inactive
MAPK3	HSP90AA4P	AP-MS_Inactive
MAPK3	PRRC2B	AP-MS_Inactive
MAPK3	PPM1L	AP-MS_Inactive
MAPK3	ATXN7L2	AP-MS_Inactive
MAPK3	TCTN3	AP-MS_Inactive
MAPK3	ENGASE	AP-MS_Inactive
MAPK3	PARD3B	AP-MS_Inactive
MAPK3	FRS2	AP-MS_Inactive
MAPK3	BCL7C	AP-MS_Inactive
MAPK3	NEO1	AP-MS_Inactive
MAPK3	SMARCC1	AP-MS_Inactive
MAPK3	L3MBTL2	AP-MS_Inactive
MAPK3	DACH2	AP-MS_Inactive
MAPK3	DUSP9	AP-MS_Inactive
MAPK3	FAM83D	AP-MS_Inactive
MAPK3	MKNK2	AP-MS_Inactive
MAPK3	CDKN2AIP	AP-MS_Inactive
MAPK3	RPS6KA6	AP-MS_Inactive
MAPK3	EPB41L3	AP-MS_Inactive
MAPK3	HCN4	AP-MS_Inactive
MAPK3	IRS2	AP-MS_Inactive
MAPK3	GPC6	AP-MS_Inactive
KRAS	TLCD2	TbID_Inactive
KRAS	SOWAHD	TbID_Inactive
KRAS	PRRT4	TbID_Inactive
KRAS	FNDC10	TbID_Inactive
KRAS	AP3B1	TbID_Inactive
KRAS	CTDSP2	TbID_Inactive
KRAS	GNG7	TbID_Inactive
KRAS	PEX11A	TbID_Inactive
KRAS	CLSTN1	TbID_Inactive
KRAS	CSPG5	TbID_Inactive
KRAS	WNT11	TbID_Inactive
KRAS	NRAS	TbID_Inactive
KRAS	HRAS	TbID_Inactive
KRAS	KRAS	TbID_Inactive
KRAS	TP53	TbID_Inactive
KRAS	HSPB1	TbID_Inactive
KRAS	COL5A2	TbID_Inactive
KRAS	H1-0	TbID_Inactive
KRAS	YES1	TbID_Inactive
KRAS	LYN	TbID_Inactive
KRAS	GNAO1	TbID_Inactive
KRAS	FAM200B	TbID_Inactive
KRAS	ZFTRAF1	TbID_Inactive
KRAS	CHGA	TbID_Inactive
KRAS	BMP1	TbID_Inactive
KRAS	VCAN	TbID_Inactive
KRAS	ITGA4	TbID_Inactive
KRAS	CD59	TbID_Inactive
KRAS	NID1	TbID_Inactive
KRAS	PVR	TbID_Inactive
KRAS	ARSB	TbID_Inactive
KRAS	ITGA2	TbID_Inactive
KRAS	COL5A1	TbID_Inactive
KRAS	MDK	TbID_Inactive
KRAS	NR2F2	TbID_Inactive
KRAS	PTX3	TbID_Inactive
KRAS	CNTFR	TbID_Inactive
KRAS	CYP2C19	TbID_Inactive
KRAS	GNG4	TbID_Inactive
KRAS	RAP1GDS1	TbID_Inactive
KRAS	MFAP2	TbID_Inactive
KRAS	ITGA1	TbID_Inactive
KRAS	S100A10	TbID_Inactive
KRAS	NUTF2	TbID_Inactive
KRAS	RRAS2	TbID_Inactive
KRAS	RPL39;RPL39P5	TbID_Inactive
KRAS	SRPX	TbID_Inactive
KRAS	SULT2A1	TbID_Inactive
KRAS	LOXL1	TbID_Inactive
KRAS	MAD2L1	TbID_Inactive
KRAS	TCOF1	TbID_Inactive
KRAS	GPM6B	TbID_Inactive
KRAS	FUT11	TbID_Inactive
KRAS	KLHL12	TbID_Inactive
KRAS	EEF1AKMT2	TbID_Inactive
KRAS	SLC35F1	TbID_Inactive
KRAS	N4BP2L1	TbID_Inactive
KRAS	TTC39B	TbID_Inactive
KRAS	KLHL17	TbID_Inactive
KRAS	CSPG4	TbID_Inactive
KRAS	MOXD1	TbID_Inactive
KRAS	RBPMS2	TbID_Inactive
KRAS	MEGF8	TbID_Inactive
KRAS	SCD5	TbID_Inactive
KRAS	RTN4RL2	TbID_Inactive
KRAS	PAQR7	TbID_Inactive
KRAS	SULF2	TbID_Inactive
KRAS	SULF1	TbID_Inactive
KRAS	GALNT12	TbID_Inactive
KRAS	ACBD4	TbID_Inactive
KRAS	CAMKV	TbID_Inactive
KRAS	TTL	TbID_Inactive
KRAS	ZNF596	TbID_Inactive
KRAS	P3H4	TbID_Inactive
KRAS	MAP4K1	TbID_Inactive
KRAS	MRAP2	TbID_Inactive
KRAS	FOXC2	TbID_Inactive
KRAS	ULBP1	TbID_Inactive
KRAS	C1orf21	TbID_Inactive
KRAS	TMT1A	TbID_Inactive
KRAS	UBTD1	TbID_Inactive
KRAS	BCL2L12	TbID_Inactive
KRAS	PLGRKT	TbID_Inactive
KRAS	SIX2	TbID_Inactive
KRAS	SDR39U1	TbID_Inactive
KRAS	TUBG2	TbID_Inactive
KRAS	C1GALT1	TbID_Inactive
KRAS	DPM3	TbID_Inactive
KRAS	RABAC1	TbID_Inactive
KRAS	KIF26A	TbID_Inactive
KRAS	PADI2	TbID_Inactive
KRAS	EMC9	TbID_Inactive
MAPK1	MSANTD7	TbID_Inactive
MAPK1	TUG1	TbID_Inactive
MAPK1	PTPDC1	TbID_Inactive
MAPK1	PEDS1	TbID_Inactive
MAPK1	SOWAHB	TbID_Inactive
MAPK1	SGK1	TbID_Inactive
MAPK1	SEC16A	TbID_Inactive
MAPK1	TP73	TbID_Inactive
MAPK1	FRS3	TbID_Inactive
MAPK1	SUSD5	TbID_Inactive
MAPK1	SLC16A7	TbID_Inactive
MAPK1	RPS6KA5	TbID_Inactive
MAPK1	SC5D	TbID_Inactive
MAPK1	SULT1C4	TbID_Inactive
MAPK1	SLIT2	TbID_Inactive
MAPK1	PCNT	TbID_Inactive
MAPK1	FADS2	TbID_Inactive
MAPK1	NEFL	TbID_Inactive
MAPK1	THBS1	TbID_Inactive
MAPK1	C4A;C4B	TbID_Inactive
MAPK1	CHGA	TbID_Inactive
MAPK1	PKM	TbID_Inactive
MAPK1	RAC2	TbID_Inactive
MAPK1	UCHL3	TbID_Inactive
MAPK1	HIVEP1	TbID_Inactive
MAPK1	RPA2	TbID_Inactive
MAPK1	CSRP1	TbID_Inactive
MAPK1	PTPRZ1	TbID_Inactive
MAPK1	EEF1B2	TbID_Inactive
MAPK1	EEF1G	TbID_Inactive
MAPK1	RPA1	TbID_Inactive
MAPK1	PSMB5	TbID_Inactive
MAPK1	GABRB3	TbID_Inactive
MAPK1	MAPK1	TbID_Inactive
MAPK1	DUSP1	TbID_Inactive
MAPK1	EEF1D	TbID_Inactive
MAPK1	PPP2R1B	TbID_Inactive
MAPK1	NTS	TbID_Inactive
MAPK1	RPA3	TbID_Inactive
MAPK1	MAP2K2	TbID_Inactive
MAPK1	ETV3	TbID_Inactive
MAPK1	YAP1	TbID_Inactive
MAPK1	RAP1GAP	TbID_Inactive
MAPK1	TFPI2	TbID_Inactive
MAPK1	ERF	TbID_Inactive
MAPK1	RPS6KA3	TbID_Inactive
MAPK1	PRMT2	TbID_Inactive
MAPK1	PSMA6	TbID_Inactive
MAPK1	PSMC5	TbID_Inactive
MAPK1	ADAM17	TbID_Inactive
MAPK1	SERF2	TbID_Inactive
MAPK1	ID3	TbID_Inactive
MAPK1	SULT2A1	TbID_Inactive
MAPK1	OS9	TbID_Inactive
MAPK1	LSAMP	TbID_Inactive
MAPK1	GAB1	TbID_Inactive
MAPK1	CRMP1	TbID_Inactive
MAPK1	KIF14	TbID_Inactive
MAPK1	PEA15	TbID_Inactive
MAPK1	RPS6KA2	TbID_Inactive
MAPK1	DHCR24	TbID_Inactive
MAPK1	RPS6KA1	TbID_Inactive
MAPK1	DUSP7	TbID_Inactive
MAPK1	ZXDC	TbID_Inactive
MAPK1	ORMDL2	TbID_Inactive
MAPK1	MEST	TbID_Inactive
MAPK1	PRRC2B	TbID_Inactive
MAPK1	SFRP5	TbID_Inactive
MAPK1	SYT6	TbID_Inactive
MAPK1	RAP1GAP2	TbID_Inactive
MAPK1	ANKRD34A	TbID_Inactive
MAPK1	MIDEAS	TbID_Inactive
MAPK1	ZFYVE16	TbID_Inactive
MAPK1	FOXRED2	TbID_Inactive
MAPK1	ASPM	TbID_Inactive
MAPK1	DNAJC22	TbID_Inactive
MAPK1	UBAC2	TbID_Inactive
MAPK1	SUPT20H	TbID_Inactive
MAPK1	FBH1	TbID_Inactive
MAPK1	RP9	TbID_Inactive
MAPK1	FRS2	TbID_Inactive
MAPK1	ABHD3	TbID_Inactive
MAPK1	CENPI	TbID_Inactive
MAPK1	KCTD12	TbID_Inactive
MAPK1	ARHGEF26	TbID_Inactive
MAPK1	POM121	TbID_Inactive
MAPK1	BTBD6	TbID_Inactive
MAPK1	KIF16B	TbID_Inactive
MAPK1	CCDC138	TbID_Inactive
MAPK1	KLHL15	TbID_Inactive
MAPK1	GDAP1L1	TbID_Inactive
MAPK1	TRERF1	TbID_Inactive
MAPK1	DUSP9	TbID_Inactive
MAPK1	GDF15	TbID_Inactive
MAPK1	SOX7	TbID_Inactive
MAPK1	STRA6	TbID_Inactive
MAPK1	EMILIN2	TbID_Inactive
MAPK1	DUSP16	TbID_Inactive
MAPK1	WWTR1	TbID_Inactive
MAPK1	DNTTIP1	TbID_Inactive
MAPK1	KCTD10	TbID_Inactive
MAPK1	ACTL8	TbID_Inactive
MAPK1	DNAJC18	TbID_Inactive
MAPK1	CLSPN	TbID_Inactive
MAPK1	MKNK2	TbID_Inactive
MAPK1	NCKAP5L	TbID_Inactive
MAPK1	CHD8	TbID_Inactive
MAPK1	GPAM	TbID_Inactive
MAPK1	KMT5A	TbID_Inactive
MAPK1	DNMT3B	TbID_Inactive
MAPK1	RPS6KA6	TbID_Inactive
MAPK1	MRTFB	TbID_Inactive
MAPK1	NDRG2	TbID_Inactive
MAPK1	CFL2	TbID_Inactive
MAPK1	GPC6	TbID_Inactive
ARAF	TUG1	TbID_Inactive
ARAF	ASDURF	TbID_Inactive
ARAF	SGK1	TbID_Inactive
ARAF	AIP	TbID_Inactive
ARAF	IPO5	TbID_Inactive
ARAF	CCN1	TbID_Inactive
ARAF	EDIL3	TbID_Inactive
ARAF	DNAJB6	TbID_Inactive
ARAF	ZNF254	TbID_Inactive
ARAF	ZNF324	TbID_Inactive
ARAF	SKAP2	TbID_Inactive
ARAF	CDC123	TbID_Inactive
ARAF	SC5D	TbID_Inactive
ARAF	DFFB	TbID_Inactive
ARAF	URI1	TbID_Inactive
ARAF	SLIT2	TbID_Inactive
ARAF	NTN1	TbID_Inactive
ARAF	TTC4	TbID_Inactive
ARAF	BAG2	TbID_Inactive
ARAF	GPI	TbID_Inactive
ARAF	HSP90AA1	TbID_Inactive
ARAF	THBS1	TbID_Inactive
ARAF	HSP90AB1	TbID_Inactive
ARAF	ARAF	TbID_Inactive
ARAF	CHGA	TbID_Inactive
ARAF	DBT	TbID_Inactive
ARAF	PKM	TbID_Inactive
ARAF	RPA2	TbID_Inactive
ARAF	KITLG	TbID_Inactive
ARAF	TUBG1	TbID_Inactive
ARAF	PTPRZ1	TbID_Inactive
ARAF	EEF1B2	TbID_Inactive
ARAF	EEF1G	TbID_Inactive
ARAF	RPA1	TbID_Inactive
ARAF	PIK3R1	TbID_Inactive
ARAF	PSMB5	TbID_Inactive
ARAF	EEF1D	TbID_Inactive
ARAF	NTS	TbID_Inactive
ARAF	DNAJA1	TbID_Inactive
ARAF	RPA3	TbID_Inactive
ARAF	PSMC2	TbID_Inactive
ARAF	MAP2K2	TbID_Inactive
ARAF	BUD31	TbID_Inactive
ARAF	SLC19A1	TbID_Inactive
ARAF	NAMPT	TbID_Inactive
ARAF	RABIF	TbID_Inactive
ARAF	CLK1	TbID_Inactive
ARAF	LIG4	TbID_Inactive
ARAF	METAP2	TbID_Inactive
ARAF	EPHB4	TbID_Inactive
ARAF	DRG2	TbID_Inactive
ARAF	ARF1	TbID_Inactive
ARAF	SERF2	TbID_Inactive
ARAF	MAP2K1	TbID_Inactive
ARAF	FKBP4	TbID_Inactive
ARAF	SPAG1	TbID_Inactive
ARAF	LGALS3BP	TbID_Inactive
ARAF	PPID	TbID_Inactive
ARAF	CHAF1A	TbID_Inactive
ARAF	CHAF1B	TbID_Inactive
ARAF	OS9	TbID_Inactive
ARAF	LSAMP	TbID_Inactive
ARAF	DHCR24	TbID_Inactive
ARAF	CDC37	TbID_Inactive
ARAF	ALG11	TbID_Inactive
ARAF	ZIK1	TbID_Inactive
ARAF	HSP90AA5P	TbID_Inactive
ARAF	HSP90AA4P	TbID_Inactive
ARAF	CPTP	TbID_Inactive
ARAF	HECTD2	TbID_Inactive
ARAF	FAM171A1	TbID_Inactive
ARAF	EGFLAM	TbID_Inactive
ARAF	ZNF776	TbID_Inactive
ARAF	TXNDC11	TbID_Inactive
ARAF	TECPR1	TbID_Inactive
ARAF	ANKMY2	TbID_Inactive
ARAF	NUDCD3	TbID_Inactive
ARAF	SIRT2	TbID_Inactive
ARAF	ASPM	TbID_Inactive
ARAF	TTC9C	TbID_Inactive
ARAF	EID2	TbID_Inactive
ARAF	ZNF525	TbID_Inactive
ARAF	GATD1	TbID_Inactive
ARAF	UBAC2	TbID_Inactive
ARAF	ADPRHL1	TbID_Inactive
ARAF	FBH1	TbID_Inactive
ARAF	MFSD8	TbID_Inactive
ARAF	AEN	TbID_Inactive
ARAF	ZNF480	TbID_Inactive
ARAF	NUDCD2	TbID_Inactive
ARAF	ANKRD49	TbID_Inactive
ARAF	OVCA2	TbID_Inactive
ARAF	PIK3R3	TbID_Inactive
ARAF	CENPI	TbID_Inactive
ARAF	GLMN	TbID_Inactive
ARAF	RERG	TbID_Inactive
ARAF	TUBGCP3	TbID_Inactive
ARAF	SLC35E1	TbID_Inactive
ARAF	KLHL15	TbID_Inactive
ARAF	DNAAF10	TbID_Inactive
ARAF	GDAP1L1	TbID_Inactive
ARAF	SNX18	TbID_Inactive
ARAF	TTC1	TbID_Inactive
ARAF	KLHDC3	TbID_Inactive
ARAF	TUBGCP2	TbID_Inactive
ARAF	NAT9	TbID_Inactive
ARAF	NAA15	TbID_Inactive
ARAF	UBL5	TbID_Inactive
ARAF	ACTL8	TbID_Inactive
ARAF	RPAP3	TbID_Inactive
ARAF	DNAJC18	TbID_Inactive
ARAF	PELI2	TbID_Inactive
ARAF	CLK4	TbID_Inactive
ARAF	WDR6	TbID_Inactive
ARAF	XPNPEP3	TbID_Inactive
ARAF	KMT5A	TbID_Inactive
ARAF	FBXO8	TbID_Inactive
ARAF	ASB6	TbID_Inactive
ARAF	FBXL12	TbID_Inactive
ARAF	DLGAP2	TbID_Inactive
ARAF	UXT	TbID_Inactive
ARAF	SEL1L	TbID_Inactive
ARAF	FTSJ1	TbID_Inactive
ARAF	SRRD	TbID_Inactive
ARAF	CHORDC1	TbID_Inactive
ARAF	TMEFF2	TbID_Inactive
ARAF	FKBPL	TbID_Inactive
ARAF	FBXL3	TbID_Inactive
ARAF	ATXN7L1	TbID_Inactive
ARAF	EIF3L	TbID_Inactive
ARAF	NUDC	TbID_Inactive
ARAF	KDM2A	TbID_Inactive
ARAF	ZNF256	TbID_Inactive
ARAF	TMA7	TbID_Inactive
ARAF	AP3M1	TbID_Inactive
ARAF	SUGT1	TbID_Inactive
ARAF	UBIAD1	TbID_Inactive
ARAF	SELENOK	TbID_Inactive
ARAF	WSB1	TbID_Inactive
BRAF	TUG1	TbID_Inactive
BRAF	SGK1	TbID_Inactive
BRAF	LGALS8	TbID_Inactive
BRAF	LCMT2	TbID_Inactive
BRAF	CDC123	TbID_Inactive
BRAF	ABCB11	TbID_Inactive
BRAF	FADS2	TbID_Inactive
BRAF	HRAS	TbID_Inactive
BRAF	TGFB1	TbID_Inactive
BRAF	RAF1	TbID_Inactive
BRAF	UROD	TbID_Inactive
BRAF	NEFL	TbID_Inactive
BRAF	HSP90AA1	TbID_Inactive
BRAF	HSP90AB1	TbID_Inactive
BRAF	C4A;C4B	TbID_Inactive
BRAF	BRAF	TbID_Inactive
BRAF	RPA2	TbID_Inactive
BRAF	CD44	TbID_Inactive
BRAF	CSRP1	TbID_Inactive
BRAF	EEF1B2	TbID_Inactive
BRAF	EEF1G	TbID_Inactive
BRAF	YWHAQ	TbID_Inactive
BRAF	RPA1	TbID_Inactive
BRAF	PSMB4	TbID_Inactive
BRAF	NTS	TbID_Inactive
BRAF	MAT2A	TbID_Inactive
BRAF	YWHAB	TbID_Inactive
BRAF	RPA3	TbID_Inactive
BRAF	MAP2K2	TbID_Inactive
BRAF	TFPI2	TbID_Inactive
BRAF	SESN3	TbID_Inactive
BRAF	YWHAG	TbID_Inactive
BRAF	PSMC5	TbID_Inactive
BRAF	YWHAE	TbID_Inactive
BRAF	ESRRG	TbID_Inactive
BRAF	YWHAZ	TbID_Inactive
BRAF	SERF2	TbID_Inactive
BRAF	ID3	TbID_Inactive
BRAF	MAP2K1	TbID_Inactive
BRAF	YWHAH	TbID_Inactive
BRAF	LGALS3BP	TbID_Inactive
BRAF	CHAF1A	TbID_Inactive
BRAF	CHAF1B	TbID_Inactive
BRAF	ORC1	TbID_Inactive
BRAF	CRMP1	TbID_Inactive
BRAF	GPR176	TbID_Inactive
BRAF	PKN2	TbID_Inactive
BRAF	CDC37	TbID_Inactive
BRAF	ORMDL2	TbID_Inactive
BRAF	HSP90AA4P	TbID_Inactive
BRAF	ASPHD1	TbID_Inactive
BRAF	RADX	TbID_Inactive
BRAF	FAM111B	TbID_Inactive
BRAF	KSR2	TbID_Inactive
BRAF	LDLRAD3	TbID_Inactive
BRAF	KSR1	TbID_Inactive
BRAF	SIRT2	TbID_Inactive
BRAF	ASPM	TbID_Inactive
BRAF	EID2	TbID_Inactive
BRAF	FBH1	TbID_Inactive
BRAF	RP9	TbID_Inactive
BRAF	AEN	TbID_Inactive
BRAF	ZNF480	TbID_Inactive
BRAF	CENPI	TbID_Inactive
BRAF	USP6NL	TbID_Inactive
BRAF	BTBD6	TbID_Inactive
BRAF	TWNK	TbID_Inactive
BRAF	SELENOS	TbID_Inactive
BRAF	UBL5	TbID_Inactive
BRAF	SPRY4	TbID_Inactive
BRAF	EPB41L4B	TbID_Inactive
BRAF	KCTD10	TbID_Inactive
BRAF	DNAJC18	TbID_Inactive
BRAF	PELI2	TbID_Inactive
BRAF	XPNPEP3	TbID_Inactive
BRAF	ASB6	TbID_Inactive
BRAF	GGA3	TbID_Inactive
BRAF	SRRD	TbID_Inactive
BRAF	TMEFF2	TbID_Inactive
BRAF	RPUSD1	TbID_Inactive
BRAF	KDM2A	TbID_Inactive
BRAF	OAS3	TbID_Inactive
BRAF	SQOR	TbID_Inactive
RAF1	TUG1	TbID_Inactive
RAF1	ELOVL7	TbID_Inactive
RAF1	HACD1	TbID_Inactive
RAF1	AIP	TbID_Inactive
RAF1	FAAH	TbID_Inactive
RAF1	CCN1	TbID_Inactive
RAF1	NRP1	TbID_Inactive
RAF1	BCKDK	TbID_Inactive
RAF1	SPTBN2	TbID_Inactive
RAF1	CYP27B1	TbID_Inactive
RAF1	GET3	TbID_Inactive
RAF1	EDIL3	TbID_Inactive
RAF1	SUSD5	TbID_Inactive
RAF1	LCMT2	TbID_Inactive
RAF1	SYNCRIP	TbID_Inactive
RAF1	SLC16A7	TbID_Inactive
RAF1	ZNF737	TbID_Inactive
RAF1	VPS26A	TbID_Inactive
RAF1	ZNF324	TbID_Inactive
RAF1	CDC123	TbID_Inactive
RAF1	DFFB	TbID_Inactive
RAF1	SLIT2	TbID_Inactive
RAF1	MYO1D	TbID_Inactive
RAF1	SGPL1	TbID_Inactive
RAF1	NTN1	TbID_Inactive
RAF1	TTC4	TbID_Inactive
RAF1	F13A1	TbID_Inactive
RAF1	HRAS	TbID_Inactive
RAF1	FGG	TbID_Inactive
RAF1	FN1	TbID_Inactive
RAF1	HMGCR	TbID_Inactive
RAF1	RAF1	TbID_Inactive
RAF1	TP53	TbID_Inactive
RAF1	H2AC4;H2AC25	TbID_Inactive
RAF1	MPO	TbID_Inactive
RAF1	KRT18	TbID_Inactive
RAF1	MYL1;MYL3	TbID_Inactive
RAF1	NEFL	TbID_Inactive
RAF1	PFN1	TbID_Inactive
RAF1	APRT	TbID_Inactive
RAF1	HSP90AA1	TbID_Inactive
RAF1	THBS1	TbID_Inactive
RAF1	HSP90AB1	TbID_Inactive
RAF1	ASNS	TbID_Inactive
RAF1	SERPINF2	TbID_Inactive
RAF1	TPM1	TbID_Inactive
RAF1	C4A;C4B	TbID_Inactive
RAF1	CHGA	TbID_Inactive
RAF1	ACTN1	TbID_Inactive
RAF1	PRKCSH	TbID_Inactive
RAF1	PKM	TbID_Inactive
RAF1	AREG	TbID_Inactive
RAF1	CD44	TbID_Inactive
RAF1	SLC25A16	TbID_Inactive
RAF1	ZNF28	TbID_Inactive
RAF1	ITIH2	TbID_Inactive
RAF1	ANXA7	TbID_Inactive
RAF1	CSRP1	TbID_Inactive
RAF1	EEF1B2	TbID_Inactive
RAF1	PIK3R1	TbID_Inactive
RAF1	GABRB3	TbID_Inactive
RAF1	GCA	TbID_Inactive
RAF1	EEF1D	TbID_Inactive
RAF1	NTS	TbID_Inactive
RAF1	CORO1A	TbID_Inactive
RAF1	YWHAB	TbID_Inactive
RAF1	SPR	TbID_Inactive
RAF1	THBS4	TbID_Inactive
RAF1	MYH9	TbID_Inactive
RAF1	MYH10	TbID_Inactive
RAF1	SLC6A9	TbID_Inactive
RAF1	TFPI2	TbID_Inactive
RAF1	PTDSS1	TbID_Inactive
RAF1	UBE2A	TbID_Inactive
RAF1	GDI2	TbID_Inactive
RAF1	ST13	TbID_Inactive
RAF1	METAP2	TbID_Inactive
RAF1	RAB7A	TbID_Inactive
RAF1	PGGT1B	TbID_Inactive
RAF1	DRG2	TbID_Inactive
RAF1	SESN2	TbID_Inactive
RAF1	SESN3	TbID_Inactive
RAF1	ELOF1	TbID_Inactive
RAF1	MYL6	TbID_Inactive
RAF1	RAB2A	TbID_Inactive
RAF1	RAB14	TbID_Inactive
RAF1	RAP1B	TbID_Inactive
RAF1	YWHAG	TbID_Inactive
RAF1	YWHAE	TbID_Inactive
RAF1	POLR2G	TbID_Inactive
RAF1	RAB1A	TbID_Inactive
RAF1	YWHAZ	TbID_Inactive
RAF1	ACTA1	TbID_Inactive
RAF1	ARF1	TbID_Inactive
RAF1	SERF2	TbID_Inactive
RAF1	U2AF1	TbID_Inactive
RAF1	SPTBN1	TbID_Inactive
RAF1	FKBP4	TbID_Inactive
RAF1	GBE1	TbID_Inactive
RAF1	YWHAH	TbID_Inactive
RAF1	ZNF91	TbID_Inactive
RAF1	SPAG1	TbID_Inactive
RAF1	LGALS3BP	TbID_Inactive
RAF1	TMEM62	TbID_Inactive
RAF1	CHAF1A	TbID_Inactive
RAF1	CHAF1B	TbID_Inactive
RAF1	OS9	TbID_Inactive
RAF1	LSAMP	TbID_Inactive
RAF1	GFUS	TbID_Inactive
RAF1	RAB31	TbID_Inactive
RAF1	RAB32	TbID_Inactive
RAF1	SPTAN1	TbID_Inactive
RAF1	DSG2	TbID_Inactive
RAF1	EIF4A2	TbID_Inactive
RAF1	HABP2	TbID_Inactive
RAF1	DHCR24	TbID_Inactive
RAF1	RGN	TbID_Inactive
RAF1	PDCD2	TbID_Inactive
RAF1	CDC37	TbID_Inactive
RAF1	UGCG	TbID_Inactive
RAF1	ZIK1	TbID_Inactive
RAF1	ORMDL2	TbID_Inactive
RAF1	ACTBL2	TbID_Inactive
RAF1	HSP90AA5P	TbID_Inactive
RAF1	HSP90AA4P	TbID_Inactive
RAF1	ZNF326	TbID_Inactive
RAF1	MEST	TbID_Inactive
RAF1	C6orf136	TbID_Inactive
RAF1	SFRP5	TbID_Inactive
RAF1	ANXA8L1	TbID_Inactive
RAF1	TRAF7	TbID_Inactive
RAF1	POTEE	TbID_Inactive
RAF1	ZNF66	TbID_Inactive
RAF1	ZNF836	TbID_Inactive
RAF1	MYH14	TbID_Inactive
RAF1	VRK2	TbID_Inactive
RAF1	ANKMY2	TbID_Inactive
RAF1	FOXRED2	TbID_Inactive
RAF1	CUL9	TbID_Inactive
RAF1	TMEM183A	TbID_Inactive
RAF1	ALDH16A1	TbID_Inactive
RAF1	ASPM	TbID_Inactive
RAF1	TTC9C	TbID_Inactive
RAF1	GATD1	TbID_Inactive
RAF1	UBAC2	TbID_Inactive
RAF1	CHST13	TbID_Inactive
RAF1	FBH1	TbID_Inactive
RAF1	RP9	TbID_Inactive
RAF1	TLCD3A	TbID_Inactive
RAF1	ZNF480	TbID_Inactive
RAF1	TRIM41	TbID_Inactive
RAF1	DCAKD	TbID_Inactive
RAF1	NUDCD2	TbID_Inactive
RAF1	ANKRD49	TbID_Inactive
RAF1	PIGB	TbID_Inactive
RAF1	PIK3R3	TbID_Inactive
RAF1	CENPI	TbID_Inactive
RAF1	RABGGTA	TbID_Inactive
RAF1	HTRA1	TbID_Inactive
RAF1	GLMN	TbID_Inactive
RAF1	ENTR1	TbID_Inactive
RAF1	OXNAD1	TbID_Inactive
RAF1	SLC35E1	TbID_Inactive
RAF1	GUCD1	TbID_Inactive
RAF1	TTC1	TbID_Inactive
RAF1	MACROD1	TbID_Inactive
RAF1	CORO1B	TbID_Inactive
RAF1	PIGQ	TbID_Inactive
RAF1	LLPH	TbID_Inactive
RAF1	THAP7	TbID_Inactive
RAF1	FUT8	TbID_Inactive
RAF1	UBL5	TbID_Inactive
RAF1	KLHL4	TbID_Inactive
RAF1	RAB1B	TbID_Inactive
RAF1	RPAP3	TbID_Inactive
RAF1	DNAJC18	TbID_Inactive
RAF1	PPCS	TbID_Inactive
RAF1	SPON1	TbID_Inactive
RAF1	APMAP	TbID_Inactive
RAF1	WDR6	TbID_Inactive
RAF1	XPNPEP3	TbID_Inactive
RAF1	KMT5A	TbID_Inactive
RAF1	SAR1A	TbID_Inactive
RAF1	PHPT1	TbID_Inactive
RAF1	LANCL2	TbID_Inactive
RAF1	EMILIN3	TbID_Inactive
RAF1	ARL8B	TbID_Inactive
RAF1	NLE1	TbID_Inactive
RAF1	HPF1	TbID_Inactive
RAF1	OCIAD1	TbID_Inactive
RAF1	FBXL12	TbID_Inactive
RAF1	RNF181	TbID_Inactive
RAF1	ORMDL1	TbID_Inactive
RAF1	DLGAP2	TbID_Inactive
RAF1	FTSJ1	TbID_Inactive
RAF1	CHORDC1	TbID_Inactive
RAF1	UBQLN2	TbID_Inactive
RAF1	ADAMTS1	TbID_Inactive
RAF1	TMEFF2	TbID_Inactive
RAF1	ZNF215	TbID_Inactive
RAF1	CORO1C	TbID_Inactive
RAF1	UBQLN1	TbID_Inactive
RAF1	EIF3L	TbID_Inactive
RAF1	CNPY2	TbID_Inactive
RAF1	ZNF256	TbID_Inactive
RAF1	MEMO1	TbID_Inactive
RAF1	ZDHHC9	TbID_Inactive
RAF1	TPRKB	TbID_Inactive
RAF1	ATG4B	TbID_Inactive
RAF1	NPTN	TbID_Inactive
RAF1	OAS3	TbID_Inactive
RAF1	SQOR	TbID_Inactive
RAF1	ROBO1	TbID_Inactive
MAP2K2	UBXN8	TbID_Inactive
MAP2K2	SGK1	TbID_Inactive
MAP2K2	TAX1BP3	TbID_Inactive
MAP2K2	PPP1R12A	TbID_Inactive
MAP2K2	BUB1	TbID_Inactive
MAP2K2	AHCYL1	TbID_Inactive
MAP2K2	SNX3	TbID_Inactive
MAP2K2	SLC16A7	TbID_Inactive
MAP2K2	CLUH	TbID_Inactive
MAP2K2	CSDE1	TbID_Inactive
MAP2K2	CDC123	TbID_Inactive
MAP2K2	RCBTB2	TbID_Inactive
MAP2K2	SNAP29	TbID_Inactive
MAP2K2	ECD	TbID_Inactive
MAP2K2	SOD1	TbID_Inactive
MAP2K2	RAF1	TbID_Inactive
MAP2K2	EIF4E	TbID_Inactive
MAP2K2	ARAF	TbID_Inactive
MAP2K2	CCNB1	TbID_Inactive
MAP2K2	BRAF	TbID_Inactive
MAP2K2	NCK1	TbID_Inactive
MAP2K2	CSRP1	TbID_Inactive
MAP2K2	EIF4B	TbID_Inactive
MAP2K2	STOM	TbID_Inactive
MAP2K2	PSMB4	TbID_Inactive
MAP2K2	DDT	TbID_Inactive
MAP2K2	CDC25C	TbID_Inactive
MAP2K2	NTS	TbID_Inactive
MAP2K2	MAT2A	TbID_Inactive
MAP2K2	TTK	TbID_Inactive
MAP2K2	PSMC2	TbID_Inactive
MAP2K2	MAP2K2	TbID_Inactive
MAP2K2	POLR2I	TbID_Inactive
MAP2K2	TXLNA	TbID_Inactive
MAP2K2	PSMC4	TbID_Inactive
MAP2K2	YAP1	TbID_Inactive
MAP2K2	FASN	TbID_Inactive
MAP2K2	TOB1	TbID_Inactive
MAP2K2	CAPZA1	TbID_Inactive
MAP2K2	ARFIP2	TbID_Inactive
MAP2K2	BCAR1	TbID_Inactive
MAP2K2	SESN3	TbID_Inactive
MAP2K2	TIMM10	TbID_Inactive
MAP2K2	PSMC5	TbID_Inactive
MAP2K2	GLO1	TbID_Inactive
MAP2K2	PPP3CA	TbID_Inactive
MAP2K2	CAMSAP2	TbID_Inactive
MAP2K2	AKAP13	TbID_Inactive
MAP2K2	TRIM26	TbID_Inactive
MAP2K2	RIPK1	TbID_Inactive
MAP2K2	DCTN2	TbID_Inactive
MAP2K2	TP53BP2	TbID_Inactive
MAP2K2	RAB32	TbID_Inactive
MAP2K2	IDI1	TbID_Inactive
MAP2K2	TOB2	TbID_Inactive
MAP2K2	UBAP2L	TbID_Inactive
MAP2K2	CRMP1	TbID_Inactive
MAP2K2	GPR176	TbID_Inactive
MAP2K2	NEDD9	TbID_Inactive
MAP2K2	PCLAF	TbID_Inactive
MAP2K2	SNX17	TbID_Inactive
MAP2K2	DLGAP5	TbID_Inactive
MAP2K2	RTN1	TbID_Inactive
MAP2K2	AAK1	TbID_Inactive
MAP2K2	ERCC6L	TbID_Inactive
MAP2K2	TPRN	TbID_Inactive
MAP2K2	COBLL1	TbID_Inactive
MAP2K2	MEST	TbID_Inactive
MAP2K2	FNBP1L	TbID_Inactive
MAP2K2	OTUD3	TbID_Inactive
MAP2K2	UBAP2	TbID_Inactive
MAP2K2	HECTD2	TbID_Inactive
MAP2K2	FHIP2A	TbID_Inactive
MAP2K2	KANK2	TbID_Inactive
MAP2K2	WASHC2A	TbID_Inactive
MAP2K2	ARHGAP17	TbID_Inactive
MAP2K2	CARMIL2	TbID_Inactive
MAP2K2	CEP85	TbID_Inactive
MAP2K2	KSR2	TbID_Inactive
MAP2K2	Q6ZSR9	TbID_Inactive
MAP2K2	ZFYVE16	TbID_Inactive
MAP2K2	PEG10	TbID_Inactive
MAP2K2	LUZP1	TbID_Inactive
MAP2K2	PRAG1	TbID_Inactive
MAP2K2	RIMKLA	TbID_Inactive
MAP2K2	MB21D2	TbID_Inactive
MAP2K2	SMAP1	TbID_Inactive
MAP2K2	SPART	TbID_Inactive
MAP2K2	EID2	TbID_Inactive
MAP2K2	TMEM102	TbID_Inactive
MAP2K2	ANKRD52	TbID_Inactive
MAP2K2	FAM98A	TbID_Inactive
MAP2K2	TNRC6A	TbID_Inactive
MAP2K2	CIP2A	TbID_Inactive
MAP2K2	PIH1D2	TbID_Inactive
MAP2K2	STAM	TbID_Inactive
MAP2K2	FERMT2	TbID_Inactive
MAP2K2	SNF8	TbID_Inactive
MAP2K2	PDLIM5	TbID_Inactive
MAP2K2	DDRGK1	TbID_Inactive
MAP2K2	LRCH3	TbID_Inactive
MAP2K2	BTBD6	TbID_Inactive
MAP2K2	SPAG5	TbID_Inactive
MAP2K2	PAIP2	TbID_Inactive
MAP2K2	EFHD1	TbID_Inactive
MAP2K2	UBL5	TbID_Inactive
MAP2K2	CTDSP1	TbID_Inactive
MAP2K2	WWTR1	TbID_Inactive
MAP2K2	FAM107B	TbID_Inactive
MAP2K2	AZI2	TbID_Inactive
MAP2K2	ANKRA2	TbID_Inactive
MAP2K2	PELI2	TbID_Inactive
MAP2K2	MKNK2	TbID_Inactive
MAP2K2	TNRC6C	TbID_Inactive
MAP2K2	COMMD8	TbID_Inactive
MAP2K2	OSER1	TbID_Inactive
MAP2K2	OCIAD1	TbID_Inactive
MAP2K2	TMOD3	TbID_Inactive
MAP2K2	KLHL9	TbID_Inactive
MAP2K2	KLHL13	TbID_Inactive
MAP2K2	MTRR	TbID_Inactive
MAP2K2	TMEFF2	TbID_Inactive
MAP2K2	ERRFI1	TbID_Inactive
MAP2K2	JPT1	TbID_Inactive
MAP2K2	NUDT5	TbID_Inactive
MAP2K2	RIMKLB	TbID_Inactive
MAP2K2	NDRG2	TbID_Inactive
MAP2K2	TNRC6B	TbID_Inactive
MAP2K2	POMP	TbID_Inactive
MAP2K2	WDR37	TbID_Inactive
MAP2K2	KNSTRN	TbID_Inactive
MAP2K2	DMXL1	TbID_Inactive
MAP2K2	WDR7	TbID_Inactive
MAP2K2	KCTD3	TbID_Inactive
MAP2K2	CD2AP	TbID_Inactive
MAP2K2	USP16	TbID_Inactive
MAP2K2	MAGED1	TbID_Inactive
MAP2K2	WSB1	TbID_Inactive
MAP2K2	SCIN	TbID_Inactive
MAP2K2	SEC23IP	TbID_Inactive
NRAS	MSANTD7	TbID_Inactive
NRAS	TUG1	TbID_Inactive
NRAS	FNDC10	TbID_Inactive
NRAS	SUSD5	TbID_Inactive
NRAS	SLC16A7	TbID_Inactive
NRAS	FADS2	TbID_Inactive
NRAS	NRAS	TbID_Inactive
NRAS	NEFL	TbID_Inactive
NRAS	THBS1	TbID_Inactive
NRAS	C4A;C4B	TbID_Inactive
NRAS	RPA2	TbID_Inactive
NRAS	CD44	TbID_Inactive
NRAS	CSRP1	TbID_Inactive
NRAS	EEF1B2	TbID_Inactive
NRAS	RPA1	TbID_Inactive
NRAS	GABRB3	TbID_Inactive
NRAS	EEF1D	TbID_Inactive
NRAS	RPA3	TbID_Inactive
NRAS	TFPI2	TbID_Inactive
NRAS	SESN3	TbID_Inactive
NRAS	RAP1B	TbID_Inactive
NRAS	ACTA1	TbID_Inactive
NRAS	SERF2	TbID_Inactive
NRAS	SPTBN1	TbID_Inactive
NRAS	ID3	TbID_Inactive
NRAS	EEF1A2	TbID_Inactive
NRAS	CNTN1	TbID_Inactive
NRAS	LSAMP	TbID_Inactive
NRAS	SPTAN1	TbID_Inactive
NRAS	CRMP1	TbID_Inactive
NRAS	ATXN7L3	TbID_Inactive
NRAS	DHCR24	TbID_Inactive
NRAS	ORMDL2	TbID_Inactive
NRAS	MEST	TbID_Inactive
NRAS	SFRP5	TbID_Inactive
NRAS	APTX	TbID_Inactive
NRAS	FBH1	TbID_Inactive
NRAS	RP9	TbID_Inactive
NRAS	MPLKIP	TbID_Inactive
NRAS	CENPI	TbID_Inactive
NRAS	HTRA1	TbID_Inactive
NRAS	SLC25A46	TbID_Inactive
NRAS	KCTD12	TbID_Inactive
NRAS	IGSF21	TbID_Inactive
NRAS	GDAP1L1	TbID_Inactive
NRAS	ZNF578	TbID_Inactive
NRAS	EPB41L4B	TbID_Inactive
NRAS	ACTL8	TbID_Inactive
NRAS	DNAJC18	TbID_Inactive
NRAS	GPAM	TbID_Inactive
NRAS	KMT5A	TbID_Inactive
NRAS	EMILIN3	TbID_Inactive
NRAS	TMEFF2	TbID_Inactive
NRAS	ZNF214	TbID_Inactive
NRAS	ATXN7L1	TbID_Inactive
NRAS	NDRG2	TbID_Inactive
NRAS	SLC27A6	TbID_Inactive
NRAS	GPC6	TbID_Inactive
NRAS	OAS3	TbID_Inactive
NRAS	SQOR	TbID_Inactive
MAP2K1	TUG1	TbID_Inactive
MAP2K1	ELAPOR2	TbID_Inactive
MAP2K1	SGK1	TbID_Inactive
MAP2K1	TAX1BP3	TbID_Inactive
MAP2K1	EDIL3	TbID_Inactive
MAP2K1	CDC123	TbID_Inactive
MAP2K1	RCBTB2	TbID_Inactive
MAP2K1	NEFL	TbID_Inactive
MAP2K1	CD44	TbID_Inactive
MAP2K1	CSRP1	TbID_Inactive
MAP2K1	RPA1	TbID_Inactive
MAP2K1	NTS	TbID_Inactive
MAP2K1	PRKAR1B	TbID_Inactive
MAP2K1	TFPI2	TbID_Inactive
MAP2K1	SESN3	TbID_Inactive
MAP2K1	ID3	TbID_Inactive
MAP2K1	MAP2K1	TbID_Inactive
MAP2K1	AKAP13	TbID_Inactive
MAP2K1	BFSP1	TbID_Inactive
MAP2K1	KEAP1	TbID_Inactive
MAP2K1	SCRIB	TbID_Inactive
MAP2K1	GPR176	TbID_Inactive
MAP2K1	SNX17	TbID_Inactive
MAP2K1	RTN1	TbID_Inactive
MAP2K1	WASHC2A	TbID_Inactive
MAP2K1	CARMIL2	TbID_Inactive
MAP2K1	Q6ZSR9	TbID_Inactive
MAP2K1	ZFYVE16	TbID_Inactive
MAP2K1	EID2	TbID_Inactive
MAP2K1	TNRC6A	TbID_Inactive
MAP2K1	FBH1	TbID_Inactive
MAP2K1	CENPI	TbID_Inactive
MAP2K1	STAM	TbID_Inactive
MAP2K1	LRCH3	TbID_Inactive
MAP2K1	SPAG5	TbID_Inactive
MAP2K1	WWTR1	TbID_Inactive
MAP2K1	ACTL8	TbID_Inactive
MAP2K1	PELI2	TbID_Inactive
MAP2K1	TNRC6C	TbID_Inactive
MAP2K1	KMT5A	TbID_Inactive
MAP2K1	TMEFF2	TbID_Inactive
MAP2K1	NDRG2	TbID_Inactive
MAP2K1	WDR37	TbID_Inactive
MAP2K1	SCIN	TbID_Inactive
HRAS	SMIM26	TbID_Inactive
HRAS	MSANTD7	TbID_Inactive
HRAS	PRRT4	TbID_Inactive
HRAS	GOSR2	TbID_Inactive
HRAS	PRORP	TbID_Inactive
HRAS	SIVA1	TbID_Inactive
HRAS	CAPN5	TbID_Inactive
HRAS	PLXNB1	TbID_Inactive
HRAS	CYP26A1	TbID_Inactive
HRAS	KCNQ2	TbID_Inactive
HRAS	SUSD5	TbID_Inactive
HRAS	FADS1	TbID_Inactive
HRAS	SLC16A7	TbID_Inactive
HRAS	NBN	TbID_Inactive
HRAS	PEX11A	TbID_Inactive
HRAS	DUSP11	TbID_Inactive
HRAS	C1QL1	TbID_Inactive
HRAS	SLIT2	TbID_Inactive
HRAS	FADS2	TbID_Inactive
HRAS	NRAS	TbID_Inactive
HRAS	HRAS	TbID_Inactive
HRAS	KRAS	TbID_Inactive
HRAS	TGFB1	TbID_Inactive
HRAS	CSTB	TbID_Inactive
HRAS	ALPL	TbID_Inactive
HRAS	LPL	TbID_Inactive
HRAS	NEFL	TbID_Inactive
HRAS	C4A;C4B	TbID_Inactive
HRAS	ELFN1	TbID_Inactive
HRAS	MGST1	TbID_Inactive
HRAS	CHGA	TbID_Inactive
HRAS	ESRRA	TbID_Inactive
HRAS	CD99	TbID_Inactive
HRAS	TRIM27	TbID_Inactive
HRAS	AREG	TbID_Inactive
HRAS	RPA2	TbID_Inactive
HRAS	CSRP1	TbID_Inactive
HRAS	FGFR3	TbID_Inactive
HRAS	PTPRZ1	TbID_Inactive
HRAS	PRKCH	TbID_Inactive
HRAS	LAMA1	TbID_Inactive
HRAS	RPA1	TbID_Inactive
HRAS	GABRB3	TbID_Inactive
HRAS	CRABP2	TbID_Inactive
HRAS	PPP2R1B	TbID_Inactive
HRAS	SFN	TbID_Inactive
HRAS	RPA3	TbID_Inactive
HRAS	FDFT1	TbID_Inactive
HRAS	CPT1A	TbID_Inactive
HRAS	GAS1	TbID_Inactive
HRAS	PRMT2	TbID_Inactive
HRAS	WNT3A	TbID_Inactive
HRAS	RAP1B	TbID_Inactive
HRAS	FGF12	TbID_Inactive
HRAS	ESRRG	TbID_Inactive
HRAS	DCD	TbID_Inactive
HRAS	LACTB	TbID_Inactive
HRAS	PFKP	TbID_Inactive
HRAS	EWSR1	TbID_Inactive
HRAS	ID3	TbID_Inactive
HRAS	PRKCQ	TbID_Inactive
HRAS	EEF1A2	TbID_Inactive
HRAS	CNTN1	TbID_Inactive
HRAS	MERTK	TbID_Inactive
HRAS	OS9	TbID_Inactive
HRAS	LSAMP	TbID_Inactive
HRAS	RAB32	TbID_Inactive
HRAS	IDI1	TbID_Inactive
HRAS	TRIM14	TbID_Inactive
HRAS	SQLE	TbID_Inactive
HRAS	HNF4G	TbID_Inactive
HRAS	MFSD13A	TbID_Inactive
HRAS	DHCR24	TbID_Inactive
HRAS	NHERF2	TbID_Inactive
HRAS	PPP2R5E	TbID_Inactive
HRAS	BAK1	TbID_Inactive
HRAS	FSCN1	TbID_Inactive
HRAS	SLC25A35	TbID_Inactive
HRAS	ORMDL2	TbID_Inactive
HRAS	TMEM177	TbID_Inactive
HRAS	MEST	TbID_Inactive
HRAS	EEF1AKMT2	TbID_Inactive
HRAS	TEX30	TbID_Inactive
HRAS	ELFN2	TbID_Inactive
HRAS	UTF1	TbID_Inactive
HRAS	SFRP5	TbID_Inactive
HRAS	GRAMD4	TbID_Inactive
HRAS	CSPG4	TbID_Inactive
HRAS	TMT1B	TbID_Inactive
HRAS	ZDHHC24	TbID_Inactive
HRAS	APOOL	TbID_Inactive
HRAS	RBPMS2	TbID_Inactive
HRAS	PAQR9	TbID_Inactive
HRAS	CHSY3	TbID_Inactive
HRAS	ABHD13	TbID_Inactive
HRAS	RASGRP2	TbID_Inactive
HRAS	APTX	TbID_Inactive
HRAS	NET1	TbID_Inactive
HRAS	SCD5	TbID_Inactive
HRAS	DHDDS	TbID_Inactive
HRAS	DHFR2	TbID_Inactive
HRAS	SIRT2	TbID_Inactive
HRAS	CHPF	TbID_Inactive
HRAS	GPC2	TbID_Inactive
HRAS	SFRP1	TbID_Inactive
HRAS	DNAJC22	TbID_Inactive
HRAS	FBXL6	TbID_Inactive
HRAS	DTX3	TbID_Inactive
HRAS	UBAC2	TbID_Inactive
HRAS	CHST13	TbID_Inactive
HRAS	FBH1	TbID_Inactive
HRAS	RP9	TbID_Inactive
HRAS	CXorf38	TbID_Inactive
HRAS	SLC35G2	TbID_Inactive
HRAS	IPO4	TbID_Inactive
HRAS	ABHD3	TbID_Inactive
HRAS	THEM6	TbID_Inactive
HRAS	SNX33	TbID_Inactive
HRAS	NUDT8	TbID_Inactive
HRAS	PXDN	TbID_Inactive
HRAS	CENPI	TbID_Inactive
HRAS	HTRA1	TbID_Inactive
HRAS	CORO2A	TbID_Inactive
HRAS	ZDHHC16	TbID_Inactive
HRAS	APOBEC3D	TbID_Inactive
HRAS	KCTD12	TbID_Inactive
HRAS	NUS1	TbID_Inactive
HRAS	RNFT2	TbID_Inactive
HRAS	FAR2	TbID_Inactive
HRAS	RITA1	TbID_Inactive
HRAS	GDAP1L1	TbID_Inactive
HRAS	TWNK	TbID_Inactive
HRAS	GDF15	TbID_Inactive
HRAS	STRA6	TbID_Inactive
HRAS	EMILIN2	TbID_Inactive
HRAS	GLT8D2	TbID_Inactive
HRAS	EPB41L4B	TbID_Inactive
HRAS	DNAJC5	TbID_Inactive
HRAS	RNF41	TbID_Inactive
HRAS	ACTL8	TbID_Inactive
HRAS	DNAJC18	TbID_Inactive
HRAS	SLC25A22	TbID_Inactive
HRAS	PATZ1	TbID_Inactive
HRAS	RHOF	TbID_Inactive
HRAS	SPON1	TbID_Inactive
HRAS	CCNB1IP1	TbID_Inactive
HRAS	CCDC177	TbID_Inactive
HRAS	EMILIN3	TbID_Inactive
HRAS	RAB20	TbID_Inactive
HRAS	PODXL2	TbID_Inactive
HRAS	PCDH10	TbID_Inactive
HRAS	NRXN2	TbID_Inactive
HRAS	ZNF219	TbID_Inactive
HRAS	DNMT3B	TbID_Inactive
HRAS	DHCR7	TbID_Inactive
HRAS	APEX2	TbID_Inactive
HRAS	MTFP1	TbID_Inactive
HRAS	PLEKHB1	TbID_Inactive
HRAS	PARP2	TbID_Inactive
HRAS	STEAP1	TbID_Inactive
HRAS	HEG1	TbID_Inactive
HRAS	PLXNB3	TbID_Inactive
HRAS	NDRG2	TbID_Inactive
HRAS	PROCR	TbID_Inactive
HRAS	RCE1	TbID_Inactive
HRAS	CFL2	TbID_Inactive
HRAS	KDM2A	TbID_Inactive
HRAS	SLC27A6	TbID_Inactive
HRAS	TMX2	TbID_Inactive
HRAS	B3GALT1	TbID_Inactive
HRAS	GPC6	TbID_Inactive
HRAS	SPCS1	TbID_Inactive
HRAS	PXMP4	TbID_Inactive
HRAS	OAS3	TbID_Inactive
HRAS	SQOR	TbID_Inactive
MAPK3	CFAP119	TbID_Inactive
MAPK3	PTPDC1	TbID_Inactive
MAPK3	VGF	TbID_Inactive
MAPK3	BCL2L11	TbID_Inactive
MAPK3	FRS3	TbID_Inactive
MAPK3	EDIL3	TbID_Inactive
MAPK3	RPS6KA5	TbID_Inactive
MAPK3	SLIT2	TbID_Inactive
MAPK3	THBS1	TbID_Inactive
MAPK3	UCHL3	TbID_Inactive
MAPK3	HIVEP1	TbID_Inactive
MAPK3	CSRP1	TbID_Inactive
MAPK3	MAPK3	TbID_Inactive
MAPK3	RPA1	TbID_Inactive
MAPK3	MAP2K2	TbID_Inactive
MAPK3	ETV3	TbID_Inactive
MAPK3	RAP1GAP	TbID_Inactive
MAPK3	ERF	TbID_Inactive
MAPK3	RPS6KA3	TbID_Inactive
MAPK3	SERF2	TbID_Inactive
MAPK3	TAGLN	TbID_Inactive
MAPK3	LSAMP	TbID_Inactive
MAPK3	GAB1	TbID_Inactive
MAPK3	CRMP1	TbID_Inactive
MAPK3	GPR176	TbID_Inactive
MAPK3	PEA15	TbID_Inactive
MAPK3	RPS6KA2	TbID_Inactive
MAPK3	RPS6KA1	TbID_Inactive
MAPK3	DUSP7	TbID_Inactive
MAPK3	ATXN7L2	TbID_Inactive
MAPK3	ANKRD34A	TbID_Inactive
MAPK3	MIDEAS	TbID_Inactive
MAPK3	MYPN	TbID_Inactive
MAPK3	ASPM	TbID_Inactive
MAPK3	SUPT20H	TbID_Inactive
MAPK3	RP9	TbID_Inactive
MAPK3	AEN	TbID_Inactive
MAPK3	FRS2	TbID_Inactive
MAPK3	NEO1	TbID_Inactive
MAPK3	ARHGEF26	TbID_Inactive
MAPK3	BTBD6	TbID_Inactive
MAPK3	GDAP1L1	TbID_Inactive
MAPK3	TRIB1	TbID_Inactive
MAPK3	DUSP9	TbID_Inactive
MAPK3	SOX7	TbID_Inactive
MAPK3	UBL5	TbID_Inactive
MAPK3	NELFA	TbID_Inactive
MAPK3	ZNF395	TbID_Inactive
MAPK3	MKNK2	TbID_Inactive
MAPK3	KMT5A	TbID_Inactive
MAPK3	STMN3	TbID_Inactive
MAPK3	TMEFF2	TbID_Inactive
MAPK3	RPS6KA6	TbID_Inactive
MAPK3	MRTFB	TbID_Inactive
MAPK3	ZNF256	TbID_Inactive
MAPK3	RAI2	TbID_Inactive
MAPK3	GPC6	TbID_Inactive
MAP2K1	USP9Y	AP-MS_WT
MAP2K1	RAF1	AP-MS_WT
MAP2K1	HSP90AA1	AP-MS_WT
MAP2K1	HSP90AB1	AP-MS_WT
MAP2K1	ARAF	AP-MS_WT
MAP2K1	ITGA4	AP-MS_WT
MAP2K1	PGAM1	AP-MS_WT
MAP2K1	CSRP1	AP-MS_WT
MAP2K1	MAP3K8	AP-MS_WT
MAP2K1	ARFIP2	AP-MS_WT
MAP2K1	MAP2K1	AP-MS_WT
MAP2K1	PIN1	AP-MS_WT
MAP2K1	CDC37	AP-MS_WT
MAP2K1	HSP90AB4P	AP-MS_WT
MAP2K1	HSP90AB2P	AP-MS_WT
MAP2K1	KSR1	AP-MS_WT
MAP2K1	KDM8	AP-MS_WT
MAP2K1	ZNRF1	AP-MS_WT
MAP2K1	SPRYD4	AP-MS_WT
MAP2K1	ELMO1	AP-MS_WT
MAP2K1	CORO2A	AP-MS_WT
MAP2K1	USP9X	AP-MS_WT
MAP2K1	NTMT1	AP-MS_WT
MAP2K1	B4GALT7	AP-MS_WT
MAP2K1	CA5B	AP-MS_WT
HRAS	RASGRF2	AP-MS_WT
HRAS	RGL2	AP-MS_WT
HRAS	SLC16A7	AP-MS_WT
HRAS	ELP1	AP-MS_WT
HRAS	NRAS	AP-MS_WT
HRAS	HRAS	AP-MS_WT
HRAS	KRAS	AP-MS_WT
HRAS	RAF1	AP-MS_WT
HRAS	PKM	AP-MS_WT
HRAS	CSRP1	AP-MS_WT
HRAS	PAICS	AP-MS_WT
HRAS	PFN2	AP-MS_WT
HRAS	PLCD1	AP-MS_WT
HRAS	RAP1GDS1	AP-MS_WT
HRAS	KIF11	AP-MS_WT
HRAS	ARHGEF6	AP-MS_WT
HRAS	TCEAL1	AP-MS_WT
HRAS	KCTD16	AP-MS_WT
HRAS	ELP2	AP-MS_WT
HRAS	TRAF7	AP-MS_WT
HRAS	CSPG4	AP-MS_WT
HRAS	DZIP3	AP-MS_WT
HRAS	LZTR1	AP-MS_WT
HRAS	ELP5	AP-MS_WT
HRAS	CORO2A	AP-MS_WT
HRAS	ELP4	AP-MS_WT
HRAS	ALOXE3	AP-MS_WT
HRAS	ELP3	AP-MS_WT
HRAS	PNMA2	AP-MS_WT
HRAS	NFU1	AP-MS_WT
MAPK3	SHANK3	AP-MS_WT
MAPK3	SLC22A23	AP-MS_WT
MAPK3	PTPDC1	AP-MS_WT
MAPK3	FOXN3	AP-MS_WT
MAPK3	DPYSL4	AP-MS_WT
MAPK3	DCLK1	AP-MS_WT
MAPK3	HMMR	AP-MS_WT
MAPK3	FRAT2	AP-MS_WT
MAPK3	RPS6KA5	AP-MS_WT
MAPK3	RPS6KA4	AP-MS_WT
MAPK3	ADGRL1	AP-MS_WT
MAPK3	ADGRL2	AP-MS_WT
MAPK3	SOD1	AP-MS_WT
MAPK3	TIMP1	AP-MS_WT
MAPK3	HSP90AA1	AP-MS_WT
MAPK3	HSP90AB1	AP-MS_WT
MAPK3	CSRP1	AP-MS_WT
MAPK3	TUBG1	AP-MS_WT
MAPK3	MAPK3	AP-MS_WT
MAPK3	MAPK1	AP-MS_WT
MAPK3	MAPK4	AP-MS_WT
MAPK3	BMP8B;BMP8A	AP-MS_WT
MAPK3	LONP1	AP-MS_WT
MAPK3	ETV3	AP-MS_WT
MAPK3	NOTCH1	AP-MS_WT
MAPK3	LIMS1	AP-MS_WT
MAPK3	DHPS	AP-MS_WT
MAPK3	ERF	AP-MS_WT
MAPK3	RPS6KA3	AP-MS_WT
MAPK3	TMEM33	AP-MS_WT
MAPK3	MZT1	AP-MS_WT
MAPK3	SCRN3	AP-MS_WT
MAPK3	GRSF1	AP-MS_WT
MAPK3	ILK	AP-MS_WT
MAPK3	FKBP5	AP-MS_WT
MAPK3	EIF4EBP1	AP-MS_WT
MAPK3	CRMP1	AP-MS_WT
MAPK3	RPS6KA2	AP-MS_WT
MAPK3	RSU1	AP-MS_WT
MAPK3	RPS6KA1	AP-MS_WT
MAPK3	CDC37	AP-MS_WT
MAPK3	DUSP6	AP-MS_WT
MAPK3	DUSP7	AP-MS_WT
MAPK3	OCIAD2	AP-MS_WT
MAPK3	HSP90AB4P	AP-MS_WT
MAPK3	HSP90AB2P	AP-MS_WT
MAPK3	HSP90AA4P	AP-MS_WT
MAPK3	PPM1L	AP-MS_WT
MAPK3	ZNF318	AP-MS_WT
MAPK3	MZT2B	AP-MS_WT
MAPK3	ABHD17C	AP-MS_WT
MAPK3	RHBDF2	AP-MS_WT
MAPK3	CSPG4	AP-MS_WT
MAPK3	SPRED2	AP-MS_WT
MAPK3	PRPF39	AP-MS_WT
MAPK3	ARRDC4	AP-MS_WT
MAPK3	ENGASE	AP-MS_WT
MAPK3	NEDD1	AP-MS_WT
MAPK3	PCDH19	AP-MS_WT
MAPK3	FRS2	AP-MS_WT
MAPK3	PDCD6IP	AP-MS_WT
MAPK3	NEO1	AP-MS_WT
MAPK3	FLYWCH2	AP-MS_WT
MAPK3	TUBGCP3	AP-MS_WT
MAPK3	ITPKC	AP-MS_WT
MAPK3	SCARF2	AP-MS_WT
MAPK3	DACH2	AP-MS_WT
MAPK3	TUBGCP6	AP-MS_WT
MAPK3	TUBGCP5	AP-MS_WT
MAPK3	EYA3	AP-MS_WT
MAPK3	DUSP9	AP-MS_WT
MAPK3	TUBGCP2	AP-MS_WT
MAPK3	MKNK1	AP-MS_WT
MAPK3	FAM83D	AP-MS_WT
MAPK3	ZNF395	AP-MS_WT
MAPK3	ADGRL3	AP-MS_WT
MAPK3	MKNK2	AP-MS_WT
MAPK3	PARVB	AP-MS_WT
MAPK3	SAYSD1	AP-MS_WT
MAPK3	TUBG2	AP-MS_WT
MAPK3	PARVA	AP-MS_WT
MAPK3	ANKRD10	AP-MS_WT
MAPK3	OGFR	AP-MS_WT
MAPK3	TUBGCP4	AP-MS_WT
MAPK3	RPS6KA6	AP-MS_WT
MAPK3	SCML1	AP-MS_WT
MAPK3	HCN4	AP-MS_WT
MAPK3	IRS2	AP-MS_WT
MAPK3	IPP	AP-MS_WT
MAP2K2	DPYSL4	AP-MS_WT
MAP2K2	YKT6	AP-MS_WT
MAP2K2	ATP9B	AP-MS_WT
MAP2K2	HSPA4L	AP-MS_WT
MAP2K2	RAF1	AP-MS_WT
MAP2K2	HSP90AA1	AP-MS_WT
MAP2K2	HSP90AB1	AP-MS_WT
MAP2K2	HSPA1A;HSPA1B	AP-MS_WT
MAP2K2	ARAF	AP-MS_WT
MAP2K2	HSPA5	AP-MS_WT
MAP2K2	HSPA8	AP-MS_WT
MAP2K2	BRAF	AP-MS_WT
MAP2K2	HSPA6	AP-MS_WT
MAP2K2	JUNB	AP-MS_WT
MAP2K2	PGAM1	AP-MS_WT
MAP2K2	YWHAQ	AP-MS_WT
MAP2K2	MAPK1	AP-MS_WT
MAP2K2	YWHAB	AP-MS_WT
MAP2K2	HSPA1L	AP-MS_WT
MAP2K2	HSPA4	AP-MS_WT
MAP2K2	MAP2K2	AP-MS_WT
MAP2K2	HSPA9	AP-MS_WT
MAP2K2	HSPA2	AP-MS_WT
MAP2K2	MFAP3	AP-MS_WT
MAP2K2	YWHAG	AP-MS_WT
MAP2K2	YWHAE	AP-MS_WT
MAP2K2	YWHAZ	AP-MS_WT
MAP2K2	MAP2K1	AP-MS_WT
MAP2K2	YWHAH	AP-MS_WT
MAP2K2	FKBP5	AP-MS_WT
MAP2K2	CDC37	AP-MS_WT
MAP2K2	HSP90AB4P	AP-MS_WT
MAP2K2	HSP90AB3P	AP-MS_WT
MAP2K2	HSP90AB2P	AP-MS_WT
MAP2K2	HSP90AA4P	AP-MS_WT
MAP2K2	KSR2	AP-MS_WT
MAP2K2	TPRA1	AP-MS_WT
MAP2K2	KSR1	AP-MS_WT
MAP2K2	TXLNB	AP-MS_WT
MAP2K2	ZNRF1	AP-MS_WT
MAP2K2	HSPH1	AP-MS_WT
MAP2K2	HSPBP1	AP-MS_WT
MAP2K2	PPT2	AP-MS_WT
MAP2K2	SCML1	AP-MS_WT
RAF1	DCAF8L1;DCAF8L2	AP-MS_WT
RAF1	ZSWIM8	AP-MS_WT
RAF1	ASDURF	AP-MS_WT
RAF1	EYA2	AP-MS_WT
RAF1	AIP	AP-MS_WT
RAF1	IRS4	AP-MS_WT
RAF1	LRP5	AP-MS_WT
RAF1	LRP6	AP-MS_WT
RAF1	URI1	AP-MS_WT
RAF1	KLHL18	AP-MS_WT
RAF1	UBR5	AP-MS_WT
RAF1	HERC2	AP-MS_WT
RAF1	TTC4	AP-MS_WT
RAF1	BAG2	AP-MS_WT
RAF1	TOMM40	AP-MS_WT
RAF1	HRAS	AP-MS_WT
RAF1	KRAS	AP-MS_WT
RAF1	RAF1	AP-MS_WT
RAF1	HSP90AA1	AP-MS_WT
RAF1	HSP90AB1	AP-MS_WT
RAF1	CSRP1	AP-MS_WT
RAF1	YWHAQ	AP-MS_WT
RAF1	PIK3R1	AP-MS_WT
RAF1	YWHAB	AP-MS_WT
RAF1	STIP1	AP-MS_WT
RAF1	MCM4	AP-MS_WT
RAF1	LONP1	AP-MS_WT
RAF1	CCT6A	AP-MS_WT
RAF1	PPP5C	AP-MS_WT
RAF1	YWHAG	AP-MS_WT
RAF1	RRAS2	AP-MS_WT
RAF1	YWHAE	AP-MS_WT
RAF1	YWHAZ	AP-MS_WT
RAF1	PAFAH1B2	AP-MS_WT
RAF1	CCT2	AP-MS_WT
RAF1	MAP2K1	AP-MS_WT
RAF1	FKBP4	AP-MS_WT
RAF1	YWHAH	AP-MS_WT
RAF1	FKBP5	AP-MS_WT
RAF1	FKBP8	AP-MS_WT
RAF1	HSP90AA2P	AP-MS_WT
RAF1	CUL7	AP-MS_WT
RAF1	PDCD2	AP-MS_WT
RAF1	CDC37	AP-MS_WT
RAF1	HSP90AB4P	AP-MS_WT
RAF1	HSP90AB3P	AP-MS_WT
RAF1	HSP90AB2P	AP-MS_WT
RAF1	HSP90AA5P	AP-MS_WT
RAF1	HSP90AA4P	AP-MS_WT
RAF1	AMER1	AP-MS_WT
RAF1	ABHD17C	AP-MS_WT
RAF1	ANKMY2	AP-MS_WT
RAF1	HYCC2	AP-MS_WT
RAF1	FBXW8	AP-MS_WT
RAF1	WDTC1	AP-MS_WT
RAF1	TTC9C	AP-MS_WT
RAF1	NT5C	AP-MS_WT
RAF1	RHBDD1	AP-MS_WT
RAF1	CCT6B	AP-MS_WT
RAF1	PIK3R3	AP-MS_WT
RAF1	USP9X	AP-MS_WT
RAF1	SIRT1	AP-MS_WT
RAF1	KIFBP	AP-MS_WT
RAF1	DNAAF10	AP-MS_WT
RAF1	HGH1	AP-MS_WT
RAF1	KLHL25	AP-MS_WT
RAF1	SENP3	AP-MS_WT
RAF1	RPAP3	AP-MS_WT
RAF1	WDR6	AP-MS_WT
RAF1	UXT	AP-MS_WT
RAF1	FTSJ1	AP-MS_WT
RAF1	PNMA2	AP-MS_WT
RAF1	STUB1	AP-MS_WT
RAF1	MAPK8IP3	AP-MS_WT
RAF1	NISCH	AP-MS_WT
RAF1	SUGT1	AP-MS_WT
BRAF	EYA2	AP-MS_WT
BRAF	AIP	AP-MS_WT
BRAF	PLOD2	AP-MS_WT
BRAF	ZBTB39	AP-MS_WT
BRAF	ATP9B	AP-MS_WT
BRAF	MARCHF6	AP-MS_WT
BRAF	HSPA4L	AP-MS_WT
BRAF	HSP90AA1	AP-MS_WT
BRAF	HSP90AB1	AP-MS_WT
BRAF	NR2F1	AP-MS_WT
BRAF	HSPA5	AP-MS_WT
BRAF	VCAN	AP-MS_WT
BRAF	BRAF	AP-MS_WT
BRAF	CSRP1	AP-MS_WT
BRAF	LMO1	AP-MS_WT
BRAF	YWHAQ	AP-MS_WT
BRAF	YWHAB	AP-MS_WT
BRAF	SFN	AP-MS_WT
BRAF	MAP2K2	AP-MS_WT
BRAF	SREBF1	AP-MS_WT
BRAF	YWHAG	AP-MS_WT
BRAF	YWHAE	AP-MS_WT
BRAF	YWHAZ	AP-MS_WT
BRAF	SSBP2	AP-MS_WT
BRAF	OGDH	AP-MS_WT
BRAF	MAP2K1	AP-MS_WT
BRAF	YWHAH	AP-MS_WT
BRAF	BAMBI	AP-MS_WT
BRAF	FKBP5	AP-MS_WT
BRAF	HSP90AA2P	AP-MS_WT
BRAF	CDC37	AP-MS_WT
BRAF	HSP90AB4P	AP-MS_WT
BRAF	HSP90AB3P	AP-MS_WT
BRAF	HSP90AB2P	AP-MS_WT
BRAF	HSP90AA5P	AP-MS_WT
BRAF	HSP90AA4P	AP-MS_WT
BRAF	WDR87	AP-MS_WT
BRAF	HYCC2	AP-MS_WT
BRAF	RPTOR	AP-MS_WT
BRAF	CCDC51	AP-MS_WT
BRAF	EEF2KMT	AP-MS_WT
BRAF	FEM1C	AP-MS_WT
BRAF	ARMCX3	AP-MS_WT
KRAS	CFAP90	AP-MS_WT
KRAS	SMAP	AP-MS_WT
KRAS	PSMD11	AP-MS_WT
KRAS	PSMD12	AP-MS_WT
KRAS	PPM1G	AP-MS_WT
KRAS	ZBTB43	AP-MS_WT
KRAS	TXNL1	AP-MS_WT
KRAS	AHCYL1	AP-MS_WT
KRAS	PEX14	AP-MS_WT
KRAS	UBXN7	AP-MS_WT
KRAS	ARIH2	AP-MS_WT
KRAS	NRAS	AP-MS_WT
KRAS	HRAS	AP-MS_WT
KRAS	KRAS	AP-MS_WT
KRAS	RAF1	AP-MS_WT
KRAS	HMGN1	AP-MS_WT
KRAS	PTMA	AP-MS_WT
KRAS	THRA	AP-MS_WT
KRAS	RNH1	AP-MS_WT
KRAS	BRAF	AP-MS_WT
KRAS	SPRR1B;SPRR1A	AP-MS_WT
KRAS	PPIB	AP-MS_WT
KRAS	SOX18	AP-MS_WT
KRAS	GNL1	AP-MS_WT
KRAS	MTHFR	AP-MS_WT
KRAS	CDC34	AP-MS_WT
KRAS	PSMD7	AP-MS_WT
KRAS	RAP1GDS1	AP-MS_WT
KRAS	GTF2A1	AP-MS_WT
KRAS	COPS2	AP-MS_WT
KRAS	RAP1B	AP-MS_WT
KRAS	EIF4G2	AP-MS_WT
KRAS	SRPX	AP-MS_WT
KRAS	DR1	AP-MS_WT
KRAS	ZNF117	AP-MS_WT
KRAS	IFRD2	AP-MS_WT
KRAS	GPS1	AP-MS_WT
KRAS	PSMD2	AP-MS_WT
KRAS	FRG1	AP-MS_WT
KRAS	GAS6	AP-MS_WT
KRAS	MAPK14	AP-MS_WT
KRAS	EAPP	AP-MS_WT
KRAS	KPRP	AP-MS_WT
KRAS	KCTD16	AP-MS_WT
KRAS	TRAF7	AP-MS_WT
KRAS	UBE2R2	AP-MS_WT
KRAS	COPS6	AP-MS_WT
KRAS	HDGFL2	AP-MS_WT
KRAS	FANCM	AP-MS_WT
KRAS	LZTR1	AP-MS_WT
KRAS	ANP32B	AP-MS_WT
KRAS	COPS5	AP-MS_WT
KRAS	USP7	AP-MS_WT
KRAS	AKT1S1	AP-MS_WT
KRAS	ZBTB10	AP-MS_WT
KRAS	SIRT1	AP-MS_WT
KRAS	DYNLL2	AP-MS_WT
KRAS	USP47	AP-MS_WT
KRAS	ZIC5	AP-MS_WT
KRAS	PSMD1	AP-MS_WT
KRAS	COPS8	AP-MS_WT
KRAS	RIOK1	AP-MS_WT
KRAS	ANAPC13	AP-MS_WT
KRAS	COPS4	AP-MS_WT
KRAS	BHLHE41	AP-MS_WT
KRAS	NUCKS1	AP-MS_WT
KRAS	ZDHHC6	AP-MS_WT
KRAS	COPS7B	AP-MS_WT
KRAS	SSU72	AP-MS_WT
KRAS	ATG3	AP-MS_WT
KRAS	OLA1	AP-MS_WT
KRAS	SETD4	AP-MS_WT
KRAS	THAP1	AP-MS_WT
KRAS	DCAF16	AP-MS_WT
KRAS	UBP1	AP-MS_WT
KRAS	RGL1	AP-MS_WT
KRAS	COPS7A	AP-MS_WT
KRAS	USP25	AP-MS_WT
KRAS	NFU1	AP-MS_WT
KRAS	PSMD13	AP-MS_WT
KRAS	COPS3	AP-MS_WT
KRAS	ARIH1	AP-MS_WT
ARAF	DCAF8L1;DCAF8L2	AP-MS_WT
ARAF	SOWAHD	AP-MS_WT
ARAF	ZSWIM8	AP-MS_WT
ARAF	ASDURF	AP-MS_WT
ARAF	EYA2	AP-MS_WT
ARAF	AIP	AP-MS_WT
ARAF	FOXN3	AP-MS_WT
ARAF	PIK3R2	AP-MS_WT
ARAF	USP9Y	AP-MS_WT
ARAF	PPP6C	AP-MS_WT
ARAF	IRS4	AP-MS_WT
ARAF	SEC16A	AP-MS_WT
ARAF	ANKRD28	AP-MS_WT
ARAF	PFDN6	AP-MS_WT
ARAF	PPM1G	AP-MS_WT
ARAF	P4HA2	AP-MS_WT
ARAF	PER1	AP-MS_WT
ARAF	PJA2	AP-MS_WT
ARAF	SYNGR3	AP-MS_WT
ARAF	SGTA	AP-MS_WT
ARAF	TRAK2	AP-MS_WT
ARAF	TBC1D4	AP-MS_WT
ARAF	RAB11FIP3	AP-MS_WT
ARAF	PPP6R2	AP-MS_WT
ARAF	RPS6KA4	AP-MS_WT
ARAF	CRTAP	AP-MS_WT
ARAF	URI1	AP-MS_WT
ARAF	TOMM70	AP-MS_WT
ARAF	KLHL18	AP-MS_WT
ARAF	MTCL2	AP-MS_WT
ARAF	USP19	AP-MS_WT
ARAF	TRIM37	AP-MS_WT
ARAF	UBR5	AP-MS_WT
ARAF	HERC2	AP-MS_WT
ARAF	TTC4	AP-MS_WT
ARAF	BAG2	AP-MS_WT
ARAF	WNT11	AP-MS_WT
ARAF	KRAS	AP-MS_WT
ARAF	AMH	AP-MS_WT
ARAF	ALPP;ALPG	AP-MS_WT
ARAF	NEFL	AP-MS_WT
ARAF	P4HB	AP-MS_WT
ARAF	HSP90AA1	AP-MS_WT
ARAF	HSP90AB1	AP-MS_WT
ARAF	ARAF	AP-MS_WT
ARAF	NR2F1	AP-MS_WT
ARAF	PRKAR1A	AP-MS_WT
ARAF	HSPA8	AP-MS_WT
ARAF	BCR	AP-MS_WT
ARAF	COL11A1	AP-MS_WT
ARAF	P4HA1	AP-MS_WT
ARAF	HSPA6	AP-MS_WT
ARAF	PRKACA	AP-MS_WT
ARAF	TCP1	AP-MS_WT
ARAF	COL5A1	AP-MS_WT
ARAF	CSRP1	AP-MS_WT
ARAF	PRKACB	AP-MS_WT
ARAF	PTPRZ1	AP-MS_WT
ARAF	YWHAQ	AP-MS_WT
ARAF	MARK3	AP-MS_WT
ARAF	PIK3R1	AP-MS_WT
ARAF	MAPK4	AP-MS_WT
ARAF	PRKAR1B	AP-MS_WT
ARAF	YWHAB	AP-MS_WT
ARAF	STIP1	AP-MS_WT
ARAF	FBN2	AP-MS_WT
ARAF	CCT6A	AP-MS_WT
ARAF	LSS	AP-MS_WT
ARAF	CCT3	AP-MS_WT
ARAF	CCT8	AP-MS_WT
ARAF	PPP5C	AP-MS_WT
ARAF	PRMT2	AP-MS_WT
ARAF	SEC13	AP-MS_WT
ARAF	RIPK4	AP-MS_WT
ARAF	NAA20	AP-MS_WT
ARAF	YWHAG	AP-MS_WT
ARAF	YWHAE	AP-MS_WT
ARAF	POLR2L	AP-MS_WT
ARAF	YWHAZ	AP-MS_WT
ARAF	CSNK2B	AP-MS_WT
ARAF	CCT2	AP-MS_WT
ARAF	LACTB	AP-MS_WT
ARAF	LRP2	AP-MS_WT
ARAF	APBA1	AP-MS_WT
ARAF	GCNT1	AP-MS_WT
ARAF	MAP2K1	AP-MS_WT
ARAF	FKBP4	AP-MS_WT
ARAF	YWHAH	AP-MS_WT
ARAF	SPAG1	AP-MS_WT
ARAF	PPID	AP-MS_WT
ARAF	MZT1	AP-MS_WT
ARAF	ZNF816	AP-MS_WT
ARAF	ABR	AP-MS_WT
ARAF	CDC16	AP-MS_WT
ARAF	FLII	AP-MS_WT
ARAF	MAPK8IP2	AP-MS_WT
ARAF	FKBP5	AP-MS_WT
ARAF	CAMK1	AP-MS_WT
ARAF	UBE4A	AP-MS_WT
ARAF	FKBP8	AP-MS_WT
ARAF	HSP90AA2P	AP-MS_WT
ARAF	ITPR2	AP-MS_WT
ARAF	ITPR3	AP-MS_WT
ARAF	CUL7	AP-MS_WT
ARAF	TARBP2	AP-MS_WT
ARAF	HERC1	AP-MS_WT
ARAF	TOMM34	AP-MS_WT
ARAF	CCDC85B	AP-MS_WT
ARAF	PDCD2	AP-MS_WT
ARAF	CDC37	AP-MS_WT
ARAF	FSCN1	AP-MS_WT
ARAF	MAPK6	AP-MS_WT
ARAF	P3H1	AP-MS_WT
ARAF	GREB1	AP-MS_WT
ARAF	HSP90AB4P	AP-MS_WT
ARAF	HSP90AB3P	AP-MS_WT
ARAF	HSP90AB2P	AP-MS_WT
ARAF	HSP90AA5P	AP-MS_WT
ARAF	HSP90AA4P	AP-MS_WT
ARAF	PPP6R3	AP-MS_WT
ARAF	AMER1	AP-MS_WT
ARAF	PPP4R3B	AP-MS_WT
ARAF	PPP1R15B	AP-MS_WT
ARAF	HYI	AP-MS_WT
ARAF	DCAF8	AP-MS_WT
ARAF	OBI1	AP-MS_WT
ARAF	FAM91A1	AP-MS_WT
ARAF	ANKRD40	AP-MS_WT
ARAF	CDC42BPG	AP-MS_WT
ARAF	FSTL4	AP-MS_WT
ARAF	PPP4R4	AP-MS_WT
ARAF	ARMCX5	AP-MS_WT
ARAF	ABHD17C	AP-MS_WT
ARAF	WDR87	AP-MS_WT
ARAF	USP34	AP-MS_WT
ARAF	HUWE1	AP-MS_WT
ARAF	TRAPPC6B	AP-MS_WT
ARAF	ANKMY2	AP-MS_WT
ARAF	NUDCD3	AP-MS_WT
ARAF	P3H2	AP-MS_WT
ARAF	P3H3	AP-MS_WT
ARAF	RPAP2	AP-MS_WT
ARAF	ZNF100	AP-MS_WT
ARAF	SMYD4	AP-MS_WT
ARAF	LARGE2	AP-MS_WT
ARAF	WDTC1	AP-MS_WT
ARAF	TTC9C	AP-MS_WT
ARAF	ANKRD52	AP-MS_WT
ARAF	FBH1	AP-MS_WT
ARAF	PJA1	AP-MS_WT
ARAF	NT5C	AP-MS_WT
ARAF	ZNF507	AP-MS_WT
ARAF	ADAMTS19	AP-MS_WT
ARAF	RAPGEF6	AP-MS_WT
ARAF	SNX33	AP-MS_WT
ARAF	NUDCD2	AP-MS_WT
ARAF	CCT6B	AP-MS_WT
ARAF	PIK3R3	AP-MS_WT
ARAF	UBXN4	AP-MS_WT
ARAF	KIAA0232	AP-MS_WT
ARAF	SORL1	AP-MS_WT
ARAF	P3H4	AP-MS_WT
ARAF	CORO2A	AP-MS_WT
ARAF	RIT1	AP-MS_WT
ARAF	GLMN	AP-MS_WT
ARAF	USP9X	AP-MS_WT
ARAF	FBXW5	AP-MS_WT
ARAF	ENTR1	AP-MS_WT
ARAF	TUBGCP3	AP-MS_WT
ARAF	GPRASP2	AP-MS_WT
ARAF	SIRT1	AP-MS_WT
ARAF	KIFBP	AP-MS_WT
ARAF	FAM89A	AP-MS_WT
ARAF	MAGED4	AP-MS_WT
ARAF	PBK	AP-MS_WT
ARAF	SNX22	AP-MS_WT
ARAF	DNAAF10	AP-MS_WT
ARAF	DACH2	AP-MS_WT
ARAF	ACAP3	AP-MS_WT
ARAF	PASK	AP-MS_WT
ARAF	TUBGCP6	AP-MS_WT
ARAF	CDK5RAP2	AP-MS_WT
ARAF	TSC22D3	AP-MS_WT
ARAF	TTC1	AP-MS_WT
ARAF	DNAJC7	AP-MS_WT
ARAF	MTR	AP-MS_WT
ARAF	APBA2	AP-MS_WT
ARAF	CCT7	AP-MS_WT
ARAF	DUSP9	AP-MS_WT
ARAF	EIF2AK1	AP-MS_WT
ARAF	TCEAL7	AP-MS_WT
ARAF	MCMBP	AP-MS_WT
ARAF	LRRC1	AP-MS_WT
ARAF	HGH1	AP-MS_WT
ARAF	DPCD	AP-MS_WT
ARAF	RPAP1	AP-MS_WT
ARAF	WDR11	AP-MS_WT
ARAF	TANGO6	AP-MS_WT
ARAF	KIF13A	AP-MS_WT
ARAF	TSPYL2	AP-MS_WT
ARAF	UNC45A	AP-MS_WT
ARAF	RPAP3	AP-MS_WT
ARAF	SMYD3	AP-MS_WT
ARAF	ZNF395	AP-MS_WT
ARAF	MTHFD2L	AP-MS_WT
ARAF	MARCHF7	AP-MS_WT
ARAF	GPN2	AP-MS_WT
ARAF	C17orf75	AP-MS_WT
ARAF	CACYBP	AP-MS_WT
ARAF	GPN1	AP-MS_WT
ARAF	CELSR2	AP-MS_WT
ARAF	WDR6	AP-MS_WT
ARAF	PRDM6	AP-MS_WT
ARAF	NANS	AP-MS_WT
ARAF	SH3GLB2	AP-MS_WT
ARAF	SMYD2	AP-MS_WT
ARAF	NRBP2	AP-MS_WT
ARAF	PDRG1	AP-MS_WT
ARAF	ELOVL2	AP-MS_WT
ARAF	ANKRD10	AP-MS_WT
ARAF	HSPBP1	AP-MS_WT
ARAF	UXT	AP-MS_WT
ARAF	DBF4	AP-MS_WT
ARAF	FTSJ1	AP-MS_WT
ARAF	MLH3	AP-MS_WT
ARAF	CHORDC1	AP-MS_WT
ARAF	EGFL7	AP-MS_WT
ARAF	ZNHIT2	AP-MS_WT
ARAF	PFDN2	AP-MS_WT
ARAF	NRBP1	AP-MS_WT
ARAF	FKBPL	AP-MS_WT
ARAF	AKAP11	AP-MS_WT
ARAF	FBXL3	AP-MS_WT
ARAF	BAG5	AP-MS_WT
ARAF	PNMA2	AP-MS_WT
ARAF	HECTD1	AP-MS_WT
ARAF	AKAP8L	AP-MS_WT
ARAF	SCML1	AP-MS_WT
ARAF	STUB1	AP-MS_WT
ARAF	PPP6R1	AP-MS_WT
ARAF	PDZRN3	AP-MS_WT
ARAF	MAPK8IP3	AP-MS_WT
ARAF	DICER1	AP-MS_WT
ARAF	JAG2	AP-MS_WT
ARAF	RUVBL2	AP-MS_WT
ARAF	RUVBL1	AP-MS_WT
ARAF	NISCH	AP-MS_WT
ARAF	PADI2	AP-MS_WT
ARAF	ZNF835	AP-MS_WT
ARAF	SUGT1	AP-MS_WT
ARAF	MTCL1	AP-MS_WT
ARAF	DCAF1	AP-MS_WT
ARAF	IRS2	AP-MS_WT
NRAS	ATOX1	AP-MS_WT
NRAS	PHYH	AP-MS_WT
NRAS	RGL2	AP-MS_WT
NRAS	DSCAM	AP-MS_WT
NRAS	ALDH1L1	AP-MS_WT
NRAS	SOD1	AP-MS_WT
NRAS	NRAS	AP-MS_WT
NRAS	RAF1	AP-MS_WT
NRAS	ARAF	AP-MS_WT
NRAS	CSRP1	AP-MS_WT
NRAS	RAP1GDS1	AP-MS_WT
NRAS	HMGCS2	AP-MS_WT
NRAS	NKAPL	AP-MS_WT
NRAS	TRAF7	AP-MS_WT
NRAS	CEP68	AP-MS_WT
NRAS	TPRA1	AP-MS_WT
NRAS	DZIP3	AP-MS_WT
NRAS	LZTR1	AP-MS_WT
NRAS	CORO2A	AP-MS_WT
NRAS	RADIL	AP-MS_WT
NRAS	PDGFD	AP-MS_WT
NRAS	SCML1	AP-MS_WT
NRAS	FIS1	AP-MS_WT
MAPK1	DCAF8L1;DCAF8L2	AP-MS_WT
MAPK1	SLC30A4	AP-MS_WT
MAPK1	BACH1	AP-MS_WT
MAPK1	SIVA1	AP-MS_WT
MAPK1	PSMD3	AP-MS_WT
MAPK1	HMMR	AP-MS_WT
MAPK1	RPS6KA5	AP-MS_WT
MAPK1	RPS6KA4	AP-MS_WT
MAPK1	ADGRL1	AP-MS_WT
MAPK1	UBR5	AP-MS_WT
MAPK1	ADGRL2	AP-MS_WT
MAPK1	TIMP1	AP-MS_WT
MAPK1	HSP90AA1	AP-MS_WT
MAPK1	HSP90AB1	AP-MS_WT
MAPK1	FGFR1	AP-MS_WT
MAPK1	TUBG1	AP-MS_WT
MAPK1	LMO1	AP-MS_WT
MAPK1	MAPK1	AP-MS_WT
MAPK1	DUSP1	AP-MS_WT
MAPK1	MYH9	AP-MS_WT
MAPK1	ETV3	AP-MS_WT
MAPK1	NOTCH1	AP-MS_WT
MAPK1	LIMS1	AP-MS_WT
MAPK1	DHPS	AP-MS_WT
MAPK1	ERF	AP-MS_WT
MAPK1	RPS6KA3	AP-MS_WT
MAPK1	NEK3	AP-MS_WT
MAPK1	CTBP2	AP-MS_WT
MAPK1	TMEM33	AP-MS_WT
MAPK1	MZT1	AP-MS_WT
MAPK1	SCRN3	AP-MS_WT
MAPK1	GRSF1	AP-MS_WT
MAPK1	DUSP4	AP-MS_WT
MAPK1	ILK	AP-MS_WT
MAPK1	FKBP5	AP-MS_WT
MAPK1	RPS6KA2	AP-MS_WT
MAPK1	RSU1	AP-MS_WT
MAPK1	RPS6KA1	AP-MS_WT
MAPK1	CDC37	AP-MS_WT
MAPK1	DUSP5	AP-MS_WT
MAPK1	DUSP6	AP-MS_WT
MAPK1	DUSP7	AP-MS_WT
MAPK1	OCIAD2	AP-MS_WT
MAPK1	HSP90AB4P	AP-MS_WT
MAPK1	HSP90AA5P	AP-MS_WT
MAPK1	HSP90AA4P	AP-MS_WT
MAPK1	FIGN	AP-MS_WT
MAPK1	PPM1L	AP-MS_WT
MAPK1	TMEM201	AP-MS_WT
MAPK1	ZNF318	AP-MS_WT
MAPK1	USPL1	AP-MS_WT
MAPK1	LMBRD2	AP-MS_WT
MAPK1	MZT2B	AP-MS_WT
MAPK1	ZFP1	AP-MS_WT
MAPK1	RHBDF2	AP-MS_WT
MAPK1	ARC	AP-MS_WT
MAPK1	KCTD20	AP-MS_WT
MAPK1	SPRED2	AP-MS_WT
MAPK1	SPRED1	AP-MS_WT
MAPK1	PKHD1L1	AP-MS_WT
MAPK1	KDM8	AP-MS_WT
MAPK1	LEMD2	AP-MS_WT
MAPK1	SPRYD3	AP-MS_WT
MAPK1	NLGN4Y	AP-MS_WT
MAPK1	PCDH19	AP-MS_WT
MAPK1	FRS2	AP-MS_WT
MAPK1	PDCD6IP	AP-MS_WT
MAPK1	NEO1	AP-MS_WT
MAPK1	LHX4	AP-MS_WT
MAPK1	MRTFA	AP-MS_WT
MAPK1	RHBDF1	AP-MS_WT
MAPK1	TUBGCP3	AP-MS_WT
MAPK1	USP47	AP-MS_WT
MAPK1	TRERF1	AP-MS_WT
MAPK1	TUBGCP6	AP-MS_WT
MAPK1	TUBGCP5	AP-MS_WT
MAPK1	WRNIP1	AP-MS_WT
MAPK1	EYA3	AP-MS_WT
MAPK1	DUSP9	AP-MS_WT
MAPK1	TUBGCP2	AP-MS_WT
MAPK1	MKNK1	AP-MS_WT
MAPK1	KATNAL1	AP-MS_WT
MAPK1	DUSP16	AP-MS_WT
MAPK1	FAM83D	AP-MS_WT
MAPK1	ADGRL3	AP-MS_WT
MAPK1	MKNK2	AP-MS_WT
MAPK1	PARVB	AP-MS_WT
MAPK1	ANO8	AP-MS_WT
MAPK1	COPRS	AP-MS_WT
MAPK1	TUBG2	AP-MS_WT
MAPK1	SERINC1	AP-MS_WT
MAPK1	PARVA	AP-MS_WT
MAPK1	FRMD4A	AP-MS_WT
MAPK1	XPR1	AP-MS_WT
MAPK1	TUBGCP4	AP-MS_WT
MAPK1	RPS6KA6	AP-MS_WT
MAPK1	PNMA2	AP-MS_WT
MAPK1	KIDINS220	AP-MS_WT
MAPK1	MRTFB	AP-MS_WT
MAPK1	ZBTB21	AP-MS_WT
MAPK1	USP24	AP-MS_WT
MAPK1	IPP	AP-MS_WT
MAPK1	SELENOK	AP-MS_WT
MAP2K1	TUG1	TbID_WT
MAP2K1	UBXN8	TbID_WT
MAP2K1	SGK1	TbID_WT
MAP2K1	TAX1BP3	TbID_WT
MAP2K1	HGS	TbID_WT
MAP2K1	AHCYL1	TbID_WT
MAP2K1	CSDE1	TbID_WT
MAP2K1	CDC123	TbID_WT
MAP2K1	ECD	TbID_WT
MAP2K1	THBS1	TbID_WT
MAP2K1	C4A;C4B	TbID_WT
MAP2K1	RPA2	TbID_WT
MAP2K1	CSRP1	TbID_WT
MAP2K1	RPA1	TbID_WT
MAP2K1	NTS	TbID_WT
MAP2K1	MAT2A	TbID_WT
MAP2K1	RRM2	TbID_WT
MAP2K1	TTK	TbID_WT
MAP2K1	RPA3	TbID_WT
MAP2K1	PSMC2	TbID_WT
MAP2K1	POLR2I	TbID_WT
MAP2K1	TXLNA	TbID_WT
MAP2K1	FASN	TbID_WT
MAP2K1	TOB1	TbID_WT
MAP2K1	SESN3	TbID_WT
MAP2K1	PSMC5	TbID_WT
MAP2K1	OTUD4	TbID_WT
MAP2K1	ID3	TbID_WT
MAP2K1	MAP2K1	TbID_WT
MAP2K1	TRIM26	TbID_WT
MAP2K1	BFSP1	TbID_WT
MAP2K1	LSAMP	TbID_WT
MAP2K1	RAB32	TbID_WT
MAP2K1	IDI1	TbID_WT
MAP2K1	UBAP2L	TbID_WT
MAP2K1	SCRIB	TbID_WT
MAP2K1	CRMP1	TbID_WT
MAP2K1	NEDD9	TbID_WT
MAP2K1	TTLL4	TbID_WT
MAP2K1	PCLAF	TbID_WT
MAP2K1	SNX17	TbID_WT
MAP2K1	DLGAP5	TbID_WT
MAP2K1	MEA1	TbID_WT
MAP2K1	ORMDL2	TbID_WT
MAP2K1	MEST	TbID_WT
MAP2K1	OTUD3	TbID_WT
MAP2K1	UBAP2	TbID_WT
MAP2K1	CCDC102B	TbID_WT
MAP2K1	Q6ZSR9	TbID_WT
MAP2K1	PREX2	TbID_WT
MAP2K1	ZFYVE16	TbID_WT
MAP2K1	PEG10	TbID_WT
MAP2K1	MB21D2	TbID_WT
MAP2K1	EID2	TbID_WT
MAP2K1	ANKRD52	TbID_WT
MAP2K1	TNRC6A	TbID_WT
MAP2K1	FBH1	TbID_WT
MAP2K1	PIH1D2	TbID_WT
MAP2K1	CENPI	TbID_WT
MAP2K1	STAM	TbID_WT
MAP2K1	RAB3C	TbID_WT
MAP2K1	SNF8	TbID_WT
MAP2K1	DDRGK1	TbID_WT
MAP2K1	BTBD6	TbID_WT
MAP2K1	FAM193B	TbID_WT
MAP2K1	SPAG5	TbID_WT
MAP2K1	PAIP2	TbID_WT
MAP2K1	UBL5	TbID_WT
MAP2K1	ZCCHC2	TbID_WT
MAP2K1	WWTR1	TbID_WT
MAP2K1	KCTD10	TbID_WT
MAP2K1	DNAJC5	TbID_WT
MAP2K1	PELI2	TbID_WT
MAP2K1	MKNK2	TbID_WT
MAP2K1	TNRC6C	TbID_WT
MAP2K1	XPNPEP3	TbID_WT
MAP2K1	TXLNG	TbID_WT
MAP2K1	OSER1	TbID_WT
MAP2K1	KLHL13	TbID_WT
MAP2K1	MTRR	TbID_WT
MAP2K1	RIMKLB	TbID_WT
MAP2K1	NDRG2	TbID_WT
MAP2K1	POMP	TbID_WT
MAP2K1	KNSTRN	TbID_WT
MAP2K1	USP16	TbID_WT
MAP2K1	MAGED1	TbID_WT
HRAS	CTDSP2	TbID_WT
HRAS	SLC16A7	TbID_WT
HRAS	CA2	TbID_WT
HRAS	NRAS	TbID_WT
HRAS	HRAS	TbID_WT
HRAS	KRAS	TbID_WT
HRAS	RAF1	TbID_WT
HRAS	BRAF	TbID_WT
HRAS	CSRP1	TbID_WT
HRAS	NTS	TbID_WT
HRAS	MAT2A	TbID_WT
HRAS	PIK3CA	TbID_WT
HRAS	TFPI2	TbID_WT
HRAS	MYOM2	TbID_WT
HRAS	RAP1B	TbID_WT
HRAS	HSPE1	TbID_WT
HRAS	PSMC5	TbID_WT
HRAS	ID3	TbID_WT
HRAS	MTAP	TbID_WT
HRAS	CBLB	TbID_WT
HRAS	LSAMP	TbID_WT
HRAS	MTF1	TbID_WT
HRAS	PCLAF	TbID_WT
HRAS	MEST	TbID_WT
HRAS	CIAPIN1	TbID_WT
HRAS	SIRT2	TbID_WT
HRAS	CBARP	TbID_WT
HRAS	LZTR1	TbID_WT
HRAS	FBH1	TbID_WT
HRAS	ELP5	TbID_WT
HRAS	PIH1D2	TbID_WT
HRAS	CENPI	TbID_WT
HRAS	ELP4	TbID_WT
HRAS	TMEM74	TbID_WT
HRAS	PAIP2	TbID_WT
HRAS	SELENOS	TbID_WT
HRAS	SCNM1	TbID_WT
HRAS	ALOXE3	TbID_WT
HRAS	KCTD10	TbID_WT
HRAS	XPNPEP3	TbID_WT
HRAS	STMN3	TbID_WT
HRAS	NDRG2	TbID_WT
HRAS	SHOC2	TbID_WT
MAPK3	PTPDC1	TbID_WT
MAPK3	WASH3P	TbID_WT
MAPK3	ATXN7	TbID_WT
MAPK3	CCP110	TbID_WT
MAPK3	SLC16A7	TbID_WT
MAPK3	SUPT3H	TbID_WT
MAPK3	TAF5L	TbID_WT
MAPK3	RPS6KA5	TbID_WT
MAPK3	SUPT7L	TbID_WT
MAPK3	THRB	TbID_WT
MAPK3	UCHL3	TbID_WT
MAPK3	HIVEP1	TbID_WT
MAPK3	TCF3	TbID_WT
MAPK3	CSRP1	TbID_WT
MAPK3	PTPRZ1	TbID_WT
MAPK3	MAPK3	TbID_WT
MAPK3	MAP2K2	TbID_WT
MAPK3	ETV3	TbID_WT
MAPK3	RAP1GAP	TbID_WT
MAPK3	ERF	TbID_WT
MAPK3	RPS6KA3	TbID_WT
MAPK3	CAMSAP2	TbID_WT
MAPK3	LSAMP	TbID_WT
MAPK3	GAB1	TbID_WT
MAPK3	CRMP1	TbID_WT
MAPK3	ATXN7L3	TbID_WT
MAPK3	PEA15	TbID_WT
MAPK3	RPS6KA2	TbID_WT
MAPK3	RPS6KA1	TbID_WT
MAPK3	DUSP6	TbID_WT
MAPK3	DUSP7	TbID_WT
MAPK3	ARHGAP31	TbID_WT
MAPK3	ZXDC	TbID_WT
MAPK3	MEST	TbID_WT
MAPK3	ATXN7L2	TbID_WT
MAPK3	ANKRD34A	TbID_WT
MAPK3	MZT2B	TbID_WT
MAPK3	ZCCHC12	TbID_WT
MAPK3	MIDEAS	TbID_WT
MAPK3	C15orf39	TbID_WT
MAPK3	ERICH1	TbID_WT
MAPK3	DHFR2	TbID_WT
MAPK3	TDRP	TbID_WT
MAPK3	CHERP	TbID_WT
MAPK3	TNRC6A	TbID_WT
MAPK3	SUPT20H	TbID_WT
MAPK3	FRS2	TbID_WT
MAPK3	CEMIP	TbID_WT
MAPK3	CKAP2	TbID_WT
MAPK3	PIK3R3	TbID_WT
MAPK3	NEO1	TbID_WT
MAPK3	PINX1	TbID_WT
MAPK3	TADA1	TbID_WT
MAPK3	ARHGEF26	TbID_WT
MAPK3	KIF16B	TbID_WT
MAPK3	CCDC138	TbID_WT
MAPK3	TRERF1	TbID_WT
MAPK3	DUSP9	TbID_WT
MAPK3	SOX7	TbID_WT
MAPK3	MKNK1	TbID_WT
MAPK3	CTDSP1	TbID_WT
MAPK3	DNTTIP1	TbID_WT
MAPK3	NELFA	TbID_WT
MAPK3	ZNF395	TbID_WT
MAPK3	MKNK2	TbID_WT
MAPK3	NCKAP5L	TbID_WT
MAPK3	WASH6P	TbID_WT
MAPK3	XPNPEP3	TbID_WT
MAPK3	STMN3	TbID_WT
MAPK3	TRPS1	TbID_WT
MAPK3	RPS6KA6	TbID_WT
MAPK3	MRTFB	TbID_WT
MAPK3	ZBTB21	TbID_WT
MAPK3	GRIP1	TbID_WT
MAPK3	RAI2	TbID_WT
MAP2K2	TUG1	TbID_WT
MAP2K2	SGK1	TbID_WT
MAP2K2	SLC16A7	TbID_WT
MAP2K2	CCDC22	TbID_WT
MAP2K2	CDC123	TbID_WT
MAP2K2	ECD	TbID_WT
MAP2K2	SOD1	TbID_WT
MAP2K2	RAF1	TbID_WT
MAP2K2	C4A;C4B	TbID_WT
MAP2K2	ARAF	TbID_WT
MAP2K2	SLC25A6	TbID_WT
MAP2K2	BRAF	TbID_WT
MAP2K2	VAMP1	TbID_WT
MAP2K2	EEF1B2	TbID_WT
MAP2K2	EEF1G	TbID_WT
MAP2K2	RPA1	TbID_WT
MAP2K2	EEF1D	TbID_WT
MAP2K2	NTS	TbID_WT
MAP2K2	MAT2A	TbID_WT
MAP2K2	MAP2K2	TbID_WT
MAP2K2	FASN	TbID_WT
MAP2K2	PSMC5	TbID_WT
MAP2K2	SLC35A2	TbID_WT
MAP2K2	ARF1	TbID_WT
MAP2K2	LSAMP	TbID_WT
MAP2K2	KEAP1	TbID_WT
MAP2K2	SCRIB	TbID_WT
MAP2K2	NEDD9	TbID_WT
MAP2K2	PCLAF	TbID_WT
MAP2K2	SNX17	TbID_WT
MAP2K2	ERCC6L	TbID_WT
MAP2K2	MEST	TbID_WT
MAP2K2	CARMIL2	TbID_WT
MAP2K2	MYPN	TbID_WT
MAP2K2	KSR1	TbID_WT
MAP2K2	FBXL6	TbID_WT
MAP2K2	EID2	TbID_WT
MAP2K2	ANKRD52	TbID_WT
MAP2K2	FBH1	TbID_WT
MAP2K2	FBLIM1	TbID_WT
MAP2K2	PIH1D2	TbID_WT
MAP2K2	CENPI	TbID_WT
MAP2K2	DDRGK1	TbID_WT
MAP2K2	LRCH3	TbID_WT
MAP2K2	BTBD6	TbID_WT
MAP2K2	SPAG5	TbID_WT
MAP2K2	PAIP2	TbID_WT
MAP2K2	WWTR1	TbID_WT
MAP2K2	KCTD10	TbID_WT
MAP2K2	IPPK	TbID_WT
MAP2K2	ANKRA2	TbID_WT
MAP2K2	MKNK2	TbID_WT
MAP2K2	COPRS	TbID_WT
MAP2K2	OSER1	TbID_WT
MAP2K2	NDRG2	TbID_WT
MAP2K2	PDZRN3	TbID_WT
MAP2K2	DMXL1	TbID_WT
MAP2K2	WDR7	TbID_WT
MAP2K2	SQOR	TbID_WT
RAF1	SMIM26	TbID_WT
RAF1	TUG1	TbID_WT
RAF1	SGK1	TbID_WT
RAF1	AIP	TbID_WT
RAF1	SCD	TbID_WT
RAF1	SIVA1	TbID_WT
RAF1	SLC16A7	TbID_WT
RAF1	ALOX12B	TbID_WT
RAF1	CDC123	TbID_WT
RAF1	SERF1A	TbID_WT
RAF1	LYPLA2	TbID_WT
RAF1	FADS2	TbID_WT
RAF1	HRAS	TbID_WT
RAF1	RAF1	TbID_WT
RAF1	HSP90AA1	TbID_WT
RAF1	HSP90AB1	TbID_WT
RAF1	RPA2	TbID_WT
RAF1	CSRP1	TbID_WT
RAF1	PTPRZ1	TbID_WT
RAF1	EEF1B2	TbID_WT
RAF1	RPA1	TbID_WT
RAF1	GABRB3	TbID_WT
RAF1	NTS	TbID_WT
RAF1	MAT2A	TbID_WT
RAF1	DNAJA1	TbID_WT
RAF1	YWHAB	TbID_WT
RAF1	RPA3	TbID_WT
RAF1	MAP2K2	TbID_WT
RAF1	TFPI2	TbID_WT
RAF1	CCNG1	TbID_WT
RAF1	SESN3	TbID_WT
RAF1	YWHAG	TbID_WT
RAF1	YWHAE	TbID_WT
RAF1	ESRRG	TbID_WT
RAF1	YWHAZ	TbID_WT
RAF1	LACTB	TbID_WT
RAF1	SERF2	TbID_WT
RAF1	PFKP	TbID_WT
RAF1	MAP2K1	TbID_WT
RAF1	YWHAH	TbID_WT
RAF1	LGALS3BP	TbID_WT
RAF1	OS9	TbID_WT
RAF1	SQSTM1	TbID_WT
RAF1	TNFAIP1	TbID_WT
RAF1	IDI1	TbID_WT
RAF1	PCLAF	TbID_WT
RAF1	DHCR24	TbID_WT
RAF1	CDC37	TbID_WT
RAF1	ORMDL2	TbID_WT
RAF1	HSP90AA5P	TbID_WT
RAF1	HSP90AA4P	TbID_WT
RAF1	MEST	TbID_WT
RAF1	CPTP	TbID_WT
RAF1	HECTD2	TbID_WT
RAF1	CHSY3	TbID_WT
RAF1	SCD5	TbID_WT
RAF1	SIRT2	TbID_WT
RAF1	ASPM	TbID_WT
RAF1	PHTF2	TbID_WT
RAF1	EID2	TbID_WT
RAF1	PNMA1	TbID_WT
RAF1	FBH1	TbID_WT
RAF1	MPLKIP	TbID_WT
RAF1	AEN	TbID_WT
RAF1	ZNF480	TbID_WT
RAF1	ANKRD49	TbID_WT
RAF1	PIK3R3	TbID_WT
RAF1	CENPI	TbID_WT
RAF1	GLMN	TbID_WT
RAF1	SARAF	TbID_WT
RAF1	ARMC5	TbID_WT
RAF1	BTBD6	TbID_WT
RAF1	DNAJC30	TbID_WT
RAF1	ZNF582	TbID_WT
RAF1	BTBD9	TbID_WT
RAF1	TRIB1	TbID_WT
RAF1	CDC6	TbID_WT
RAF1	SELENOS	TbID_WT
RAF1	TUBGCP2	TbID_WT
RAF1	UBL5	TbID_WT
RAF1	UCK2	TbID_WT
RAF1	ARV1	TbID_WT
RAF1	KCTD10	TbID_WT
RAF1	RNF41	TbID_WT
RAF1	DNAJC18	TbID_WT
RAF1	IPPK	TbID_WT
RAF1	GPAM	TbID_WT
RAF1	WDR6	TbID_WT
RAF1	XPNPEP3	TbID_WT
RAF1	THSD1	TbID_WT
RAF1	ASB6	TbID_WT
RAF1	PLA2G3	TbID_WT
RAF1	FTSJ1	TbID_WT
RAF1	TMEFF2	TbID_WT
RAF1	KLHL21	TbID_WT
RAF1	TELO2	TbID_WT
RAF1	UBIAD1	TbID_WT
RAF1	SQOR	TbID_WT
BRAF	NUDT4B	TbID_WT
BRAF	TUG1	TbID_WT
BRAF	SGK1	TbID_WT
BRAF	LGALS8	TbID_WT
BRAF	SIVA1	TbID_WT
BRAF	EDIL3	TbID_WT
BRAF	CDC123	TbID_WT
BRAF	SC5D	TbID_WT
BRAF	SLIT2	TbID_WT
BRAF	FADS2	TbID_WT
BRAF	NRAS	TbID_WT
BRAF	HRAS	TbID_WT
BRAF	KRAS	TbID_WT
BRAF	NEFL	TbID_WT
BRAF	HSP90AA1	TbID_WT
BRAF	THBS1	TbID_WT
BRAF	C4A;C4B	TbID_WT
BRAF	BRAF	TbID_WT
BRAF	RPA2	TbID_WT
BRAF	CSRP1	TbID_WT
BRAF	PTPRZ1	TbID_WT
BRAF	EEF1B2	TbID_WT
BRAF	EEF1G	TbID_WT
BRAF	YWHAQ	TbID_WT
BRAF	RPA1	TbID_WT
BRAF	PSMB4	TbID_WT
BRAF	GABRB3	TbID_WT
BRAF	EEF1D	TbID_WT
BRAF	NTS	TbID_WT
BRAF	MAT2A	TbID_WT
BRAF	DNAJA1	TbID_WT
BRAF	YWHAB	TbID_WT
BRAF	RPA3	TbID_WT
BRAF	MAP2K2	TbID_WT
BRAF	TFPI2	TbID_WT
BRAF	METAP2	TbID_WT
BRAF	DRG2	TbID_WT
BRAF	SESN3	TbID_WT
BRAF	YWHAG	TbID_WT
BRAF	PSMC5	TbID_WT
BRAF	YWHAE	TbID_WT
BRAF	POLR2G	TbID_WT
BRAF	ESRRG	TbID_WT
BRAF	POLR2L	TbID_WT
BRAF	YWHAZ	TbID_WT
BRAF	ARF1	TbID_WT
BRAF	SERF2	TbID_WT
BRAF	SPTBN1	TbID_WT
BRAF	ID3	TbID_WT
BRAF	MAP2K1	TbID_WT
BRAF	YWHAH	TbID_WT
BRAF	LGALS3BP	TbID_WT
BRAF	SPOCK1	TbID_WT
BRAF	CHAF1A	TbID_WT
BRAF	CHAF1B	TbID_WT
BRAF	OS9	TbID_WT
BRAF	LSAMP	TbID_WT
BRAF	RAB32	TbID_WT
BRAF	SPTAN1	TbID_WT
BRAF	TNFAIP1	TbID_WT
BRAF	IDI1	TbID_WT
BRAF	KEAP1	TbID_WT
BRAF	PCLAF	TbID_WT
BRAF	CDC37	TbID_WT
BRAF	ORMDL2	TbID_WT
BRAF	MEST	TbID_WT
BRAF	HECTD2	TbID_WT
BRAF	EGFLAM	TbID_WT
BRAF	FAM111B	TbID_WT
BRAF	DHFR2	TbID_WT
BRAF	FOXRED2	TbID_WT
BRAF	SIRT2	TbID_WT
BRAF	ASPM	TbID_WT
BRAF	EID2	TbID_WT
BRAF	GATD1	TbID_WT
BRAF	DTWD2	TbID_WT
BRAF	ADPRHL1	TbID_WT
BRAF	FBH1	TbID_WT
BRAF	RP9	TbID_WT
BRAF	AEN	TbID_WT
BRAF	ZNF480	TbID_WT
BRAF	CENPI	TbID_WT
BRAF	SARAF	TbID_WT
BRAF	KCTD12	TbID_WT
BRAF	KLHL15	TbID_WT
BRAF	GUCD1	TbID_WT
BRAF	BTBD9	TbID_WT
BRAF	TRIB3	TbID_WT
BRAF	SDHC	TbID_WT
BRAF	SELENOS	TbID_WT
BRAF	NAA15	TbID_WT
BRAF	EMILIN2	TbID_WT
BRAF	UBL5	TbID_WT
BRAF	KCTD10	TbID_WT
BRAF	ACTL8	TbID_WT
BRAF	DNAJC18	TbID_WT
BRAF	SPON1	TbID_WT
BRAF	ANKH	TbID_WT
BRAF	GPAM	TbID_WT
BRAF	XPNPEP3	TbID_WT
BRAF	KMT5A	TbID_WT
BRAF	FBXO8	TbID_WT
BRAF	ASB6	TbID_WT
BRAF	HPF1	TbID_WT
BRAF	UTP6	TbID_WT
BRAF	SRRD	TbID_WT
BRAF	FBXL3	TbID_WT
BRAF	TAOK2	TbID_WT
BRAF	KDM2A	TbID_WT
BRAF	SLC27A6	TbID_WT
BRAF	AP3M1	TbID_WT
BRAF	GPC6	TbID_WT
BRAF	WSB1	TbID_WT
BRAF	SQOR	TbID_WT
KRAS	SMIM26	TbID_WT
KRAS	ELOVL7	TbID_WT
KRAS	TLCD2	TbID_WT
KRAS	PRRT4	TbID_WT
KRAS	FNDC10	TbID_WT
KRAS	MYO1C	TbID_WT
KRAS	LGALS8	TbID_WT
KRAS	GET1	TbID_WT
KRAS	SCD	TbID_WT
KRAS	DPM1	TbID_WT
KRAS	SLC19A2	TbID_WT
KRAS	PEX11A	TbID_WT
KRAS	RP2	TbID_WT
KRAS	CRTAP	TbID_WT
KRAS	ZIC2	TbID_WT
KRAS	NRAS	TbID_WT
KRAS	HRAS	TbID_WT
KRAS	KRAS	TbID_WT
KRAS	HLA-DQB1	TbID_WT
KRAS	RAF1	TbID_WT
KRAS	RPN1	TbID_WT
KRAS	RPN2	TbID_WT
KRAS	GNAI2	TbID_WT
KRAS	ANXA2	TbID_WT
KRAS	YES1	TbID_WT
KRAS	LYN	TbID_WT
KRAS	ANXA6	TbID_WT
KRAS	GNAI3	TbID_WT
KRAS	GNAO1	TbID_WT
KRAS	UQCRFS1P1	TbID_WT
KRAS	FAM200B	TbID_WT
KRAS	ZNF723	TbID_WT
KRAS	ZFTRAF1	TbID_WT
KRAS	H1-4	TbID_WT
KRAS	CHGA	TbID_WT
KRAS	IFITM1	TbID_WT
KRAS	BMP1	TbID_WT
KRAS	VCAN	TbID_WT
KRAS	ITGA4	TbID_WT
KRAS	CD59	TbID_WT
KRAS	BRAF	TbID_WT
KRAS	MDK	TbID_WT
KRAS	NR2F2	TbID_WT
KRAS	CNTFR	TbID_WT
KRAS	GNA11	TbID_WT
KRAS	SRI	TbID_WT
KRAS	CYP2C19	TbID_WT
KRAS	FBN1	TbID_WT
KRAS	SOAT1	TbID_WT
KRAS	GRIK1	TbID_WT
KRAS	STT3A	TbID_WT
KRAS	LGALS7	TbID_WT
KRAS	CLK3	TbID_WT
KRAS	GNG4	TbID_WT
KRAS	GNG10	TbID_WT
KRAS	SLC26A2	TbID_WT
KRAS	ZNF83	TbID_WT
KRAS	MFAP2	TbID_WT
KRAS	DLX6	TbID_WT
KRAS	ITGA1	TbID_WT
KRAS	ATP5F1E;ATP5F1EP2	TbID_WT
KRAS	S100A10	TbID_WT
KRAS	DAD1	TbID_WT
KRAS	NUTF2	TbID_WT
KRAS	RRAS2	TbID_WT
KRAS	RPL39;RPL39P5	TbID_WT
KRAS	GNAI1	TbID_WT
KRAS	DCD	TbID_WT
KRAS	ACVR1	TbID_WT
KRAS	RALGDS	TbID_WT
KRAS	TCOF1	TbID_WT
KRAS	TUSC3	TbID_WT
KRAS	SERINC3	TbID_WT
KRAS	ARL6IP1	TbID_WT
KRAS	DHCR24	TbID_WT
KRAS	TAF1A	TbID_WT
KRAS	OCLN	TbID_WT
KRAS	ZNF630	TbID_WT
KRAS	FUT11	TbID_WT
KRAS	TMEM128	TbID_WT
KRAS	EEF1AKMT2	TbID_WT
KRAS	SLC35F1	TbID_WT
KRAS	KPRP	TbID_WT
KRAS	TTC39B	TbID_WT
KRAS	TMEM214	TbID_WT
KRAS	CCDC137	TbID_WT
KRAS	LCLAT1	TbID_WT
KRAS	PAQR9	TbID_WT
KRAS	CHMP1B	TbID_WT
KRAS	DCXR	TbID_WT
KRAS	SCD5	TbID_WT
KRAS	PAQR7	TbID_WT
KRAS	SULF2	TbID_WT
KRAS	GALNT12	TbID_WT
KRAS	LTBP4	TbID_WT
KRAS	TMEM256	TbID_WT
KRAS	LZTR1	TbID_WT
KRAS	ARL6IP6	TbID_WT
KRAS	CCNYL1	TbID_WT
KRAS	GDPD1	TbID_WT
KRAS	XXYLT1	TbID_WT
KRAS	CAMKV	TbID_WT
KRAS	RBM15B	TbID_WT
KRAS	ADPRHL1	TbID_WT
KRAS	SLC30A7	TbID_WT
KRAS	SLC35B2	TbID_WT
KRAS	RDH11	TbID_WT
KRAS	ZNF596	TbID_WT
KRAS	STT3B	TbID_WT
KRAS	ADAMTS17	TbID_WT
KRAS	CHPT1	TbID_WT
KRAS	PIGB	TbID_WT
KRAS	EDEM1	TbID_WT
KRAS	P3H4	TbID_WT
KRAS	TNPO1	TbID_WT
KRAS	RFT1	TbID_WT
KRAS	MRAP2	TbID_WT
KRAS	ZNF594	TbID_WT
KRAS	TLCD4	TbID_WT
KRAS	GUCD1	TbID_WT
KRAS	IPO9	TbID_WT
KRAS	PIGS	TbID_WT
KRAS	PLEKHF1	TbID_WT
KRAS	FOXC2	TbID_WT
KRAS	RBM4B	TbID_WT
KRAS	C7orf50	TbID_WT
KRAS	RBM4	TbID_WT
KRAS	MAGT1	TbID_WT
KRAS	C1orf21	TbID_WT
KRAS	ARV1	TbID_WT
KRAS	KCTD10	TbID_WT
KRAS	DPAGT1	TbID_WT
KRAS	TMEM38A	TbID_WT
KRAS	REEP4	TbID_WT
KRAS	TMT1A	TbID_WT
KRAS	UBTD1	TbID_WT
KRAS	BCL2L12	TbID_WT
KRAS	PLGRKT	TbID_WT
KRAS	CPNE5	TbID_WT
KRAS	PXMP2	TbID_WT
KRAS	SDR39U1	TbID_WT
KRAS	AGPAT3	TbID_WT
KRAS	C1GALT1	TbID_WT
KRAS	OTULINL	TbID_WT
KRAS	TMEM161A	TbID_WT
KRAS	DNAJB12	TbID_WT
KRAS	DPM3	TbID_WT
KRAS	DNMT3B	TbID_WT
KRAS	SRRD	TbID_WT
KRAS	SUN2	TbID_WT
KRAS	C19orf53	TbID_WT
KRAS	MOK	TbID_WT
KRAS	SHOC2	TbID_WT
KRAS	EMC9	TbID_WT
KRAS	RNF11	TbID_WT
KRAS	AK6	TbID_WT
KRAS	FADS3	TbID_WT
ARAF	ASDURF	TbID_WT
ARAF	MYO1C	TbID_WT
ARAF	AIP	TbID_WT
ARAF	GAPDHS	TbID_WT
ARAF	KCNQ2	TbID_WT
ARAF	MYO1B	TbID_WT
ARAF	CDC123	TbID_WT
ARAF	URI1	TbID_WT
ARAF	SLIT2	TbID_WT
ARAF	TTC4	TbID_WT
ARAF	BAG2	TbID_WT
ARAF	FADS2	TbID_WT
ARAF	NRAS	TbID_WT
ARAF	HRAS	TbID_WT
ARAF	TP53	TbID_WT
ARAF	HSP90AA1	TbID_WT
ARAF	HSP90AB1	TbID_WT
ARAF	POLR1D	TbID_WT
ARAF	ARAF	TbID_WT
ARAF	ESRRA	TbID_WT
ARAF	VCAN	TbID_WT
ARAF	TRIM27	TbID_WT
ARAF	RPA2	TbID_WT
ARAF	CSRP1	TbID_WT
ARAF	PTPRZ1	TbID_WT
ARAF	EEF1B2	TbID_WT
ARAF	EEF1G	TbID_WT
ARAF	RPA1	TbID_WT
ARAF	PIK3R1	TbID_WT
ARAF	PSMB4	TbID_WT
ARAF	GABRB3	TbID_WT
ARAF	EEF1D	TbID_WT
ARAF	MAT2A	TbID_WT
ARAF	DNAJA1	TbID_WT
ARAF	RPA3	TbID_WT
ARAF	MAP2K2	TbID_WT
ARAF	SLC19A1	TbID_WT
ARAF	LSS	TbID_WT
ARAF	NMU	TbID_WT
ARAF	PRMT2	TbID_WT
ARAF	FGF12	TbID_WT
ARAF	ESRRG	TbID_WT
ARAF	LACTB	TbID_WT
ARAF	MAP2K1	TbID_WT
ARAF	FKBP4	TbID_WT
ARAF	ZNF91	TbID_WT
ARAF	SPAG1	TbID_WT
ARAF	SPOCK1	TbID_WT
ARAF	PPID	TbID_WT
ARAF	CNTN1	TbID_WT
ARAF	OS9	TbID_WT
ARAF	RAB32	TbID_WT
ARAF	IDI1	TbID_WT
ARAF	KEAP1	TbID_WT
ARAF	BTG3	TbID_WT
ARAF	HNF4G	TbID_WT
ARAF	PDCD2	TbID_WT
ARAF	CDC37	TbID_WT
ARAF	FSCN1	TbID_WT
ARAF	ALG11	TbID_WT
ARAF	KLHL12	TbID_WT
ARAF	HSP90AA5P	TbID_WT
ARAF	HSP90AA4P	TbID_WT
ARAF	ATAT1	TbID_WT
ARAF	HECTD2	TbID_WT
ARAF	EGFLAM	TbID_WT
ARAF	TENT2	TbID_WT
ARAF	CHSY3	TbID_WT
ARAF	PREX2	TbID_WT
ARAF	TECPR1	TbID_WT
ARAF	NEK8	TbID_WT
ARAF	SCD5	TbID_WT
ARAF	DHFR2	TbID_WT
ARAF	LDLRAD3	TbID_WT
ARAF	ANKMY2	TbID_WT
ARAF	NUDCD3	TbID_WT
ARAF	C12orf56	TbID_WT
ARAF	MB21D2	TbID_WT
ARAF	TTC9C	TbID_WT
ARAF	DTWD2	TbID_WT
ARAF	ADPRHL1	TbID_WT
ARAF	FBH1	TbID_WT
ARAF	ZNF480	TbID_WT
ARAF	NUDCD2	TbID_WT
ARAF	ANKRD49	TbID_WT
ARAF	PIK3R3	TbID_WT
ARAF	CENPI	TbID_WT
ARAF	FGF13	TbID_WT
ARAF	RIT1	TbID_WT
ARAF	GLMN	TbID_WT
ARAF	KCTD12	TbID_WT
ARAF	NUS1	TbID_WT
ARAF	DISP1	TbID_WT
ARAF	DNAAF10	TbID_WT
ARAF	GDAP1L1	TbID_WT
ARAF	HAPLN3	TbID_WT
ARAF	TTC1	TbID_WT
ARAF	SELENOS	TbID_WT
ARAF	SYT3	TbID_WT
ARAF	NAA15	TbID_WT
ARAF	EMILIN2	TbID_WT
ARAF	UBL5	TbID_WT
ARAF	UCK2	TbID_WT
ARAF	KCTD10	TbID_WT
ARAF	RPAP3	TbID_WT
ARAF	CACYBP	TbID_WT
ARAF	PCDH18	TbID_WT
ARAF	WDR6	TbID_WT
ARAF	XPNPEP3	TbID_WT
ARAF	EMILIN3	TbID_WT
ARAF	ECHDC1	TbID_WT
ARAF	PDRG1	TbID_WT
ARAF	ASB6	TbID_WT
ARAF	DNMT3B	TbID_WT
ARAF	UXT	TbID_WT
ARAF	TNFRSF10D	TbID_WT
ARAF	SEL1L	TbID_WT
ARAF	FTSJ1	TbID_WT
ARAF	CHORDC1	TbID_WT
ARAF	EGFL7	TbID_WT
ARAF	FKBPL	TbID_WT
ARAF	SCML1	TbID_WT
ARAF	JAG2	TbID_WT
ARAF	NUDC	TbID_WT
ARAF	SLC27A6	TbID_WT
ARAF	AP3M1	TbID_WT
ARAF	SUGT1	TbID_WT
ARAF	B3GALT1	TbID_WT
ARAF	GPC6	TbID_WT
NRAS	SMIM26	TbID_WT
NRAS	SIVA1	TbID_WT
NRAS	FADS2	TbID_WT
NRAS	NRAS	TbID_WT
NRAS	KRAS	TbID_WT
NRAS	RAF1	TbID_WT
NRAS	CYBA	TbID_WT
NRAS	BRAF	TbID_WT
NRAS	RPA2	TbID_WT
NRAS	CSRP1	TbID_WT
NRAS	RPA1	TbID_WT
NRAS	NTS	TbID_WT
NRAS	MAT2A	TbID_WT
NRAS	RPA3	TbID_WT
NRAS	TFPI2	TbID_WT
NRAS	SESN3	TbID_WT
NRAS	LACTB	TbID_WT
NRAS	SERF2	TbID_WT
NRAS	PFKP	TbID_WT
NRAS	OS9	TbID_WT
NRAS	LSAMP	TbID_WT
NRAS	RAB32	TbID_WT
NRAS	TNFAIP1	TbID_WT
NRAS	IDI1	TbID_WT
NRAS	PCLAF	TbID_WT
NRAS	ORMDL2	TbID_WT
NRAS	DHFR2	TbID_WT
NRAS	LZTR1	TbID_WT
NRAS	FBH1	TbID_WT
NRAS	CENPI	TbID_WT
NRAS	FAR2	TbID_WT
NRAS	DNAJC30	TbID_WT
NRAS	TWNK	TbID_WT
NRAS	SELENOS	TbID_WT
NRAS	UBL5	TbID_WT
NRAS	KCTD10	TbID_WT
NRAS	RNF41	TbID_WT
NRAS	DNAJC18	TbID_WT
NRAS	ASB6	TbID_WT
NRAS	SHOC2	TbID_WT
NRAS	TELO2	TbID_WT
NRAS	SQOR	TbID_WT
MAPK1	PTPDC1	TbID_WT
MAPK1	SOWAHB	TbID_WT
MAPK1	SGK1	TbID_WT
MAPK1	SEC16A	TbID_WT
MAPK1	TP73	TbID_WT
MAPK1	FRS3	TbID_WT
MAPK1	KATNIP	TbID_WT
MAPK1	RPS6KA5	TbID_WT
MAPK1	CDC123	TbID_WT
MAPK1	CNOT4	TbID_WT
MAPK1	ZBED1	TbID_WT
MAPK1	UCHL3	TbID_WT
MAPK1	HIVEP1	TbID_WT
MAPK1	TCF3	TbID_WT
MAPK1	PTPRZ1	TbID_WT
MAPK1	EEF1B2	TbID_WT
MAPK1	MAPK1	TbID_WT
MAPK1	PSMC2	TbID_WT
MAPK1	MAP2K2	TbID_WT
MAPK1	ETV3	TbID_WT
MAPK1	YAP1	TbID_WT
MAPK1	RAP1GAP	TbID_WT
MAPK1	ERF	TbID_WT
MAPK1	TOB1	TbID_WT
MAPK1	RPS6KA3	TbID_WT
MAPK1	SEC13	TbID_WT
MAPK1	PSMC5	TbID_WT
MAPK1	ADAM17	TbID_WT
MAPK1	ID3	TbID_WT
MAPK1	CAMSAP2	TbID_WT
MAPK1	CHAF1A	TbID_WT
MAPK1	CHAF1B	TbID_WT
MAPK1	LSAMP	TbID_WT
MAPK1	GAB1	TbID_WT
MAPK1	TOB2	TbID_WT
MAPK1	CRMP1	TbID_WT
MAPK1	NFE2L1	TbID_WT
MAPK1	TRIP12	TbID_WT
MAPK1	TTLL4	TbID_WT
MAPK1	PCLAF	TbID_WT
MAPK1	PEA15	TbID_WT
MAPK1	RPS6KA2	TbID_WT
MAPK1	RPS6KA1	TbID_WT
MAPK1	TAF7	TbID_WT
MAPK1	DUSP5	TbID_WT
MAPK1	DUSP7	TbID_WT
MAPK1	KIF7	TbID_WT
MAPK1	ARHGAP31	TbID_WT
MAPK1	ZXDC	TbID_WT
MAPK1	ARHGAP29	TbID_WT
MAPK1	PRRC2B	TbID_WT
MAPK1	UBAP2	TbID_WT
MAPK1	SYDE2	TbID_WT
MAPK1	ANKRD34A	TbID_WT
MAPK1	ZCCHC12	TbID_WT
MAPK1	MIDEAS	TbID_WT
MAPK1	C15orf39	TbID_WT
MAPK1	ZFYVE16	TbID_WT
MAPK1	PEG10	TbID_WT
MAPK1	TDRP	TbID_WT
MAPK1	CHERP	TbID_WT
MAPK1	RAVER1	TbID_WT
MAPK1	RTKN2	TbID_WT
MAPK1	SPART	TbID_WT
MAPK1	CCAR2	TbID_WT
MAPK1	SYT14	TbID_WT
MAPK1	NECAP1	TbID_WT
MAPK1	TNRC6A	TbID_WT
MAPK1	SUPT20H	TbID_WT
MAPK1	FBH1	TbID_WT
MAPK1	FRS2	TbID_WT
MAPK1	CKAP2	TbID_WT
MAPK1	PIK3R3	TbID_WT
MAPK1	CENPI	TbID_WT
MAPK1	PRCC	TbID_WT
MAPK1	NEO1	TbID_WT
MAPK1	MRTFA	TbID_WT
MAPK1	PINX1	TbID_WT
MAPK1	ARHGEF26	TbID_WT
MAPK1	OTUD5	TbID_WT
MAPK1	POM121	TbID_WT
MAPK1	BTBD6	TbID_WT
MAPK1	KIF16B	TbID_WT
MAPK1	CCDC138	TbID_WT
MAPK1	ZMAT2	TbID_WT
MAPK1	CDCA3	TbID_WT
MAPK1	DUSP9	TbID_WT
MAPK1	PAIP2	TbID_WT
MAPK1	SOX7	TbID_WT
MAPK1	MKNK1	TbID_WT
MAPK1	NUP58	TbID_WT
MAPK1	DUSP16	TbID_WT
MAPK1	UBL5	TbID_WT
MAPK1	ZCCHC2	TbID_WT
MAPK1	SENP6	TbID_WT
MAPK1	WWTR1	TbID_WT
MAPK1	DNTTIP1	TbID_WT
MAPK1	AUNIP	TbID_WT
MAPK1	YY1AP1	TbID_WT
MAPK1	AGO3	TbID_WT
MAPK1	FBRS	TbID_WT
MAPK1	CLSPN	TbID_WT
MAPK1	MKNK2	TbID_WT
MAPK1	NCKAP5L	TbID_WT
MAPK1	TNRC6C	TbID_WT
MAPK1	PALMD	TbID_WT
MAPK1	HPS4	TbID_WT
MAPK1	DIAPH3	TbID_WT
MAPK1	ECHDC1	TbID_WT
MAPK1	GTSE1	TbID_WT
MAPK1	STMN3	TbID_WT
MAPK1	TRPS1	TbID_WT
MAPK1	ERRFI1	TbID_WT
MAPK1	RPS6KA6	TbID_WT
MAPK1	CDC42EP3	TbID_WT
MAPK1	AGO2	TbID_WT
MAPK1	AGO1	TbID_WT
MAPK1	MRTFB	TbID_WT
MAPK1	ZBTB21	TbID_WT
MAPK1	ATXN7L1	TbID_WT
MAPK1	TNRC6B	TbID_WT
MAPK1	LEMD3	TbID_WT
MAPK1	GRIP1	TbID_WT
MAPK1	RAI2	TbID_WT
BRAF	MED19	AP-MS_Active
BRAF	ARHGAP42	AP-MS_Active
BRAF	USP17L5;USP17L15;USP17L11;USP17L22;USP17L17;USP17L19;USP17L20;USP17L24	AP-MS_Active
BRAF	AIP	AP-MS_Active
BRAF	PLOD2	AP-MS_Active
BRAF	BHLHE40	AP-MS_Active
BRAF	KDM6B	AP-MS_Active
BRAF	ANGPT2	AP-MS_Active
BRAF	GADD45B	AP-MS_Active
BRAF	BAG3	AP-MS_Active
BRAF	TIMP1	AP-MS_Active
BRAF	TGFB1	AP-MS_Active
BRAF	TK1	AP-MS_Active
BRAF	JUN	AP-MS_Active
BRAF	ANXA2	AP-MS_Active
BRAF	HSP90AA1	AP-MS_Active
BRAF	HSP90AB1	AP-MS_Active
BRAF	USP17L7	AP-MS_Active
BRAF	HSPA5	AP-MS_Active
BRAF	BRAF	AP-MS_Active
BRAF	FOSL1	AP-MS_Active
BRAF	CD44	AP-MS_Active
BRAF	JUNB	AP-MS_Active
BRAF	JUND	AP-MS_Active
BRAF	EGR1	AP-MS_Active
BRAF	CSRP1	AP-MS_Active
BRAF	NPPC	AP-MS_Active
BRAF	ZFP36	AP-MS_Active
BRAF	YWHAQ	AP-MS_Active
BRAF	DUSP1	AP-MS_Active
BRAF	YWHAB	AP-MS_Active
BRAF	SFN	AP-MS_Active
BRAF	SDC2	AP-MS_Active
BRAF	GPC1	AP-MS_Active
BRAF	HSPA9	AP-MS_Active
BRAF	CDKN1A	AP-MS_Active
BRAF	ETV4	AP-MS_Active
BRAF	MAPK8	AP-MS_Active
BRAF	NPTX2	AP-MS_Active
BRAF	TFPI2	AP-MS_Active
BRAF	FOSB	AP-MS_Active
BRAF	SMTN	AP-MS_Active
BRAF	S100A10	AP-MS_Active
BRAF	YWHAG	AP-MS_Active
BRAF	YWHAE	AP-MS_Active
BRAF	YPEL5	AP-MS_Active
BRAF	YWHAZ	AP-MS_Active
BRAF	MAP2K1	AP-MS_Active
BRAF	PLAUR	AP-MS_Active
BRAF	YWHAH	AP-MS_Active
BRAF	FKBP5	AP-MS_Active
BRAF	MAMLD1	AP-MS_Active
BRAF	NAB1	AP-MS_Active
BRAF	LAMB3	AP-MS_Active
BRAF	LAMC2	AP-MS_Active
BRAF	GRB7	AP-MS_Active
BRAF	HSP90AA2P	AP-MS_Active
BRAF	JMJD1C	AP-MS_Active
BRAF	NAB2	AP-MS_Active
BRAF	CDC37	AP-MS_Active
BRAF	UPP1	AP-MS_Active
BRAF	SKOR2	AP-MS_Active
BRAF	PLEKHN1	AP-MS_Active
BRAF	PHLDA2	AP-MS_Active
BRAF	PLEKHO1	AP-MS_Active
BRAF	ACTBL2	AP-MS_Active
BRAF	HSP90AB4P	AP-MS_Active
BRAF	HSP90AB3P	AP-MS_Active
BRAF	HSP90AB2P	AP-MS_Active
BRAF	HSP90AA4P	AP-MS_Active
BRAF	ELFN2	AP-MS_Active
BRAF	HIVEP3	AP-MS_Active
BRAF	KIAA1217	AP-MS_Active
BRAF	LCN1P1	AP-MS_Active
BRAF	KCTD16	AP-MS_Active
BRAF	REEP3	AP-MS_Active
BRAF	CAVIN1	AP-MS_Active
BRAF	CSPG4	AP-MS_Active
BRAF	WDR87	AP-MS_Active
BRAF	ILDR2	AP-MS_Active
BRAF	RNF44	AP-MS_Active
BRAF	ARC	AP-MS_Active
BRAF	C11orf96	AP-MS_Active
BRAF	NLRP10	AP-MS_Active
BRAF	HOMER1	AP-MS_Active
BRAF	MICALL2	AP-MS_Active
BRAF	FAM43A	AP-MS_Active
BRAF	SYNPO	AP-MS_Active
BRAF	SHKBP1	AP-MS_Active
BRAF	C2CD4C	AP-MS_Active
BRAF	PHLDA1	AP-MS_Active
BRAF	NRGN	AP-MS_Active
BRAF	KCTD12	AP-MS_Active
BRAF	CCDC51	AP-MS_Active
BRAF	TRIB3	AP-MS_Active
BRAF	TRIB1	AP-MS_Active
BRAF	FOXC2	AP-MS_Active
BRAF	RAMAC	AP-MS_Active
BRAF	HES7	AP-MS_Active
BRAF	SH3BGRL3	AP-MS_Active
BRAF	LHX5	AP-MS_Active
BRAF	CCDC68	AP-MS_Active
BRAF	PLEKHA4	AP-MS_Active
BRAF	HOMER3	AP-MS_Active
BRAF	SPHK1	AP-MS_Active
BRAF	UGGT2	AP-MS_Active
BRAF	FRMD4A	AP-MS_Active
BRAF	HSPB8	AP-MS_Active
BRAF	BAIAP2	AP-MS_Active
BRAF	SH2B3	AP-MS_Active
BRAF	IVNS1ABP	AP-MS_Active
BRAF	DPYSL4	AP-MS_Active
BRAF	N4BP3	AP-MS_Active
BRAF	SPRY2	AP-MS_Active
BRAF	MARCHF6	AP-MS_Active
BRAF	SELENOF	AP-MS_Active
BRAF	KLHL18	AP-MS_Active
BRAF	HSPA4L	AP-MS_Active
BRAF	TTC4	AP-MS_Active
BRAF	FOS	AP-MS_Active
BRAF	RAF1	AP-MS_Active
BRAF	KRT18	AP-MS_Active
BRAF	ARAF	AP-MS_Active
BRAF	LMO1	AP-MS_Active
BRAF	SDC4	AP-MS_Active
BRAF	SREBF1	AP-MS_Active
BRAF	PPP5C	AP-MS_Active
BRAF	HMGCS2	AP-MS_Active
BRAF	CDK17	AP-MS_Active
BRAF	FKBP4	AP-MS_Active
BRAF	DELE1	AP-MS_Active
BRAF	FSCN1	AP-MS_Active
BRAF	DUSP5	AP-MS_Active
BRAF	SHROOM1	AP-MS_Active
BRAF	LETM2	AP-MS_Active
BRAF	MIDN	AP-MS_Active
BRAF	HSP90AA5P	AP-MS_Active
BRAF	MTUS2	AP-MS_Active
BRAF	TNS2	AP-MS_Active
BRAF	CRACDL	AP-MS_Active
BRAF	ZFPM1	AP-MS_Active
BRAF	HYCC2	AP-MS_Active
BRAF	RPTOR	AP-MS_Active
BRAF	C11orf42	AP-MS_Active
BRAF	DOT1L	AP-MS_Active
BRAF	ARAP3	AP-MS_Active
BRAF	HSPH1	AP-MS_Active
BRAF	FEM1C	AP-MS_Active
BRAF	KLHL5	AP-MS_Active
BRAF	S100A13	AP-MS_Active
BRAF	GDF15	AP-MS_Active
BRAF	VAMP8	AP-MS_Active
BRAF	CARD6	AP-MS_Active
BRAF	KLHL4	AP-MS_Active
BRAF	RPAP3	AP-MS_Active
BRAF	WDR6	AP-MS_Active
BRAF	GPRC5C	AP-MS_Active
BRAF	FTSJ1	AP-MS_Active
BRAF	KLHL21	AP-MS_Active
BRAF	TBX21	AP-MS_Active
BRAF	MAPK8IP3	AP-MS_Active
BRAF	UNC13A	AP-MS_Active
BRAF	SUGT1	AP-MS_Active
BRAF	HCN4	AP-MS_Active
BRAF	IRS2	AP-MS_Active
NRAS	FNDC10	AP-MS_Active
NRAS	RGL2	AP-MS_Active
NRAS	SLITRK5	AP-MS_Active
NRAS	NRAS	AP-MS_Active
NRAS	RAF1	AP-MS_Active
NRAS	DERPC	AP-MS_Active
NRAS	ARAF	AP-MS_Active
NRAS	VCAN	AP-MS_Active
NRAS	BRAF	AP-MS_Active
NRAS	CSRP1	AP-MS_Active
NRAS	LMO1	AP-MS_Active
NRAS	YWHAQ	AP-MS_Active
NRAS	PSMB5	AP-MS_Active
NRAS	YWHAB	AP-MS_Active
NRAS	PPP1CC	AP-MS_Active
NRAS	PIK3CA	AP-MS_Active
NRAS	RAP1GDS1	AP-MS_Active
NRAS	CRIP2	AP-MS_Active
NRAS	AFDN	AP-MS_Active
NRAS	YWHAG	AP-MS_Active
NRAS	PPP1CA	AP-MS_Active
NRAS	PPP1CB	AP-MS_Active
NRAS	YWHAE	AP-MS_Active
NRAS	YWHAZ	AP-MS_Active
NRAS	PLAUR	AP-MS_Active
NRAS	YWHAH	AP-MS_Active
NRAS	RALGDS	AP-MS_Active
NRAS	PDE7A	AP-MS_Active
NRAS	FSCN1	AP-MS_Active
NRAS	SKOR2	AP-MS_Active
NRAS	SP6	AP-MS_Active
NRAS	CEP68	AP-MS_Active
NRAS	CBARP	AP-MS_Active
NRAS	ABHD3	AP-MS_Active
NRAS	SNX33	AP-MS_Active
NRAS	RASSF5	AP-MS_Active
NRAS	CORO2A	AP-MS_Active
NRAS	RADIL	AP-MS_Active
NRAS	PDGFD	AP-MS_Active
NRAS	RGL1	AP-MS_Active
NRAS	PLCE1	AP-MS_Active
NRAS	ARHGAP28	AP-MS_Active
NRAS	SHOC2	AP-MS_Active
NRAS	PADI2	AP-MS_Active
NRAS	HCN4	AP-MS_Active
NRAS	TMEM120B	AP-MS_Active
NRAS	LIPT2	AP-MS_Active
NRAS	ZSWIM8	AP-MS_Active
NRAS	PIK3CD	AP-MS_Active
NRAS	FOXE1	AP-MS_Active
NRAS	PIK3R2	AP-MS_Active
NRAS	KRIT1	AP-MS_Active
NRAS	NEMP1	AP-MS_Active
NRAS	DPYSL4	AP-MS_Active
NRAS	PHYH	AP-MS_Active
NRAS	MGST3	AP-MS_Active
NRAS	DCLK1	AP-MS_Active
NRAS	CYTH3	AP-MS_Active
NRAS	CEP104	AP-MS_Active
NRAS	CCNT2	AP-MS_Active
NRAS	DEPDC5	AP-MS_Active
NRAS	SS18L1	AP-MS_Active
NRAS	SLC43A1	AP-MS_Active
NRAS	GIGYF1	AP-MS_Active
NRAS	ADGRL1	AP-MS_Active
NRAS	CSPG5	AP-MS_Active
NRAS	PAPLN	AP-MS_Active
NRAS	CDS2	AP-MS_Active
NRAS	WNT11	AP-MS_Active
NRAS	HRAS	AP-MS_Active
NRAS	KRAS	AP-MS_Active
NRAS	ATP1B1	AP-MS_Active
NRAS	CTSB	AP-MS_Active
NRAS	GNAO1	AP-MS_Active
NRAS	ELFN1	AP-MS_Active
NRAS	PRR35	AP-MS_Active
NRAS	F5	AP-MS_Active
NRAS	CKMT1A	AP-MS_Active
NRAS	CD99	AP-MS_Active
NRAS	RAC2	AP-MS_Active
NRAS	MGMT	AP-MS_Active
NRAS	JUND	AP-MS_Active
NRAS	GNAZ	AP-MS_Active
NRAS	MDK	AP-MS_Active
NRAS	KCNA5	AP-MS_Active
NRAS	CERS1	AP-MS_Active
NRAS	PIK3R1	AP-MS_Active
NRAS	PRDX5	AP-MS_Active
NRAS	GPC1	AP-MS_Active
NRAS	HMGCL	AP-MS_Active
NRAS	MATK	AP-MS_Active
NRAS	GNG4	AP-MS_Active
NRAS	SLC25A1	AP-MS_Active
NRAS	CMC4	AP-MS_Active
NRAS	RAC3	AP-MS_Active
NRAS	CXCR4	AP-MS_Active
NRAS	SSBP2	AP-MS_Active
NRAS	INSM1	AP-MS_Active
NRAS	ACY1	AP-MS_Active
NRAS	EMX1	AP-MS_Active
NRAS	ABHD18	AP-MS_Active
NRAS	MN1	AP-MS_Active
NRAS	TMEM94	AP-MS_Active
NRAS	ASPH	AP-MS_Active
NRAS	ATM	AP-MS_Active
NRAS	SCRIB	AP-MS_Active
NRAS	CRMP1	AP-MS_Active
NRAS	RASA3	AP-MS_Active
NRAS	ARHGEF6	AP-MS_Active
NRAS	TCEA2	AP-MS_Active
NRAS	PDCD4	AP-MS_Active
NRAS	TMTC4	AP-MS_Active
NRAS	TUT4	AP-MS_Active
NRAS	EGFLAM	AP-MS_Active
NRAS	RPUSD3	AP-MS_Active
NRAS	C22orf39	AP-MS_Active
NRAS	ABHD17C	AP-MS_Active
NRAS	CRTC1	AP-MS_Active
NRAS	CSPG4	AP-MS_Active
NRAS	USP43	AP-MS_Active
NRAS	SLC25A42	AP-MS_Active
NRAS	COMTD1	AP-MS_Active
NRAS	TPRA1	AP-MS_Active
NRAS	FMNL3	AP-MS_Active
NRAS	MMAA	AP-MS_Active
NRAS	BRSK2	AP-MS_Active
NRAS	VKORC1L1	AP-MS_Active
NRAS	LTBP4	AP-MS_Active
NRAS	EIF4E3	AP-MS_Active
NRAS	PARP16	AP-MS_Active
NRAS	UBAC2	AP-MS_Active
NRAS	DEPTOR	AP-MS_Active
NRAS	SLC25A40	AP-MS_Active
NRAS	ADAMTS17	AP-MS_Active
NRAS	ARHGEF40	AP-MS_Active
NRAS	PARD3B	AP-MS_Active
NRAS	NUDT8	AP-MS_Active
NRAS	ARAP3	AP-MS_Active
NRAS	BCL2L2	AP-MS_Active
NRAS	LHX4	AP-MS_Active
NRAS	SLC22A18	AP-MS_Active
NRAS	SCARF2	AP-MS_Active
NRAS	MYO19	AP-MS_Active
NRAS	ABHD14B	AP-MS_Active
NRAS	FAM210B	AP-MS_Active
NRAS	GDAP1L1	AP-MS_Active
NRAS	IPO9	AP-MS_Active
NRAS	ARHGEF17	AP-MS_Active
NRAS	FMNL2	AP-MS_Active
NRAS	CYP2S1	AP-MS_Active
NRAS	ARID3A	AP-MS_Active
NRAS	DUSP9	AP-MS_Active
NRAS	DPYSL5	AP-MS_Active
NRAS	SLC25A21	AP-MS_Active
NRAS	CCM2	AP-MS_Active
NRAS	CNPY3	AP-MS_Active
NRAS	KIFC1	AP-MS_Active
NRAS	SSBP4	AP-MS_Active
NRAS	SFXN3	AP-MS_Active
NRAS	SETD5	AP-MS_Active
NRAS	CTDSP1	AP-MS_Active
NRAS	MTFR1L	AP-MS_Active
NRAS	LHX5	AP-MS_Active
NRAS	SLC6A15	AP-MS_Active
NRAS	CPVL	AP-MS_Active
NRAS	TXNIP	AP-MS_Active
NRAS	SMOC1	AP-MS_Active
NRAS	AAMDC	AP-MS_Active
NRAS	PPP1R3E	AP-MS_Active
NRAS	TMT1A	AP-MS_Active
NRAS	AGO3	AP-MS_Active
NRAS	TNS1	AP-MS_Active
NRAS	SLC38A10	AP-MS_Active
NRAS	EIF4ENIF1	AP-MS_Active
NRAS	AGPAT4	AP-MS_Active
NRAS	AIG1	AP-MS_Active
NRAS	ARL15	AP-MS_Active
NRAS	MBD5	AP-MS_Active
NRAS	BAHCC1	AP-MS_Active
NRAS	FRMD4A	AP-MS_Active
NRAS	HDAC6	AP-MS_Active
NRAS	PRKAG2	AP-MS_Active
NRAS	AGO2	AP-MS_Active
NRAS	NOTCH3	AP-MS_Active
NRAS	CORO2B	AP-MS_Active
NRAS	HDAC5	AP-MS_Active
NRAS	POMP	AP-MS_Active
NRAS	SLC27A6	AP-MS_Active
NRAS	MSRB2	AP-MS_Active
NRAS	FIS1	AP-MS_Active
NRAS	PYGO1	AP-MS_Active
NRAS	IRS2	AP-MS_Active
NRAS	TIMM9	AP-MS_Active
NRAS	GPC6	AP-MS_Active
MAPK3	PTPDC1	AP-MS_Active
MAPK3	FNDC10	AP-MS_Active
MAPK3	FOXN3	AP-MS_Active
MAPK3	DPYSL4	AP-MS_Active
MAPK3	PHYH	AP-MS_Active
MAPK3	CFLAR	AP-MS_Active
MAPK3	SLC16A7	AP-MS_Active
MAPK3	HMMR	AP-MS_Active
MAPK3	FRAT2	AP-MS_Active
MAPK3	RPS6KA5	AP-MS_Active
MAPK3	RPS6KA4	AP-MS_Active
MAPK3	ADGRL1	AP-MS_Active
MAPK3	TIMP1	AP-MS_Active
MAPK3	TGFB1	AP-MS_Active
MAPK3	HSP90AA1	AP-MS_Active
MAPK3	ST6GAL1	AP-MS_Active
MAPK3	CSRP1	AP-MS_Active
MAPK3	MAPK3	AP-MS_Active
MAPK3	MAPK1	AP-MS_Active
MAPK3	SLC1A1	AP-MS_Active
MAPK3	MAPK8	AP-MS_Active
MAPK3	LIMS1	AP-MS_Active
MAPK3	ERF	AP-MS_Active
MAPK3	RPS6KA3	AP-MS_Active
MAPK3	USP4	AP-MS_Active
MAPK3	ILK	AP-MS_Active
MAPK3	FKBP5	AP-MS_Active
MAPK3	RPS6KA2	AP-MS_Active
MAPK3	RSU1	AP-MS_Active
MAPK3	RPS6KA1	AP-MS_Active
MAPK3	CDC37	AP-MS_Active
MAPK3	DUSP7	AP-MS_Active
MAPK3	AMOT	AP-MS_Active
MAPK3	PDCD4	AP-MS_Active
MAPK3	HSP90AA4P	AP-MS_Active
MAPK3	NKAPL	AP-MS_Active
MAPK3	PPM1L	AP-MS_Active
MAPK3	ZNF318	AP-MS_Active
MAPK3	TCTN3	AP-MS_Active
MAPK3	WDR87	AP-MS_Active
MAPK3	PRPF39	AP-MS_Active
MAPK3	FBXL14	AP-MS_Active
MAPK3	LTBP4	AP-MS_Active
MAPK3	ENGASE	AP-MS_Active
MAPK3	DEPTOR	AP-MS_Active
MAPK3	FRS2	AP-MS_Active
MAPK3	NUDT8	AP-MS_Active
MAPK3	DUSP9	AP-MS_Active
MAPK3	MKNK1	AP-MS_Active
MAPK3	FAM83D	AP-MS_Active
MAPK3	ZNF395	AP-MS_Active
MAPK3	ADGRL3	AP-MS_Active
MAPK3	MKNK2	AP-MS_Active
MAPK3	CHST7	AP-MS_Active
MAPK3	PARVA	AP-MS_Active
MAPK3	RPS6KA6	AP-MS_Active
MAPK3	HCN4	AP-MS_Active
MAPK3	IRS2	AP-MS_Active
MAPK3	IPP	AP-MS_Active
KRAS	SMAP	AP-MS_Active
KRAS	PSMD11	AP-MS_Active
KRAS	PSMD12	AP-MS_Active
KRAS	EEF2K	AP-MS_Active
KRAS	PIK3R2	AP-MS_Active
KRAS	PPP1R12A	AP-MS_Active
KRAS	RGL2	AP-MS_Active
KRAS	PPM1G	AP-MS_Active
KRAS	TXNL1	AP-MS_Active
KRAS	AHCYL1	AP-MS_Active
KRAS	CEP104	AP-MS_Active
KRAS	PEX14	AP-MS_Active
KRAS	UBXN7	AP-MS_Active
KRAS	ARIH2	AP-MS_Active
KRAS	NRAS	AP-MS_Active
KRAS	HRAS	AP-MS_Active
KRAS	KRAS	AP-MS_Active
KRAS	RAF1	AP-MS_Active
KRAS	PTMA	AP-MS_Active
KRAS	TPM1	AP-MS_Active
KRAS	SETSIP	AP-MS_Active
KRAS	ARAF	AP-MS_Active
KRAS	RNH1	AP-MS_Active
KRAS	BRAF	AP-MS_Active
KRAS	CSRP1	AP-MS_Active
KRAS	DGKA	AP-MS_Active
KRAS	YWHAQ	AP-MS_Active
KRAS	PIK3R1	AP-MS_Active
KRAS	YWHAB	AP-MS_Active
KRAS	PFN2	AP-MS_Active
KRAS	CA8	AP-MS_Active
KRAS	SOX18	AP-MS_Active
KRAS	ANP32A	AP-MS_Active
KRAS	PPP1R2	AP-MS_Active
KRAS	PIK3CA	AP-MS_Active
KRAS	MTHFR	AP-MS_Active
KRAS	CDC34	AP-MS_Active
KRAS	PSMD7	AP-MS_Active
KRAS	RAP1GDS1	AP-MS_Active
KRAS	GTF2A1	AP-MS_Active
KRAS	PSMD4	AP-MS_Active
KRAS	AFDN	AP-MS_Active
KRAS	COPS2	AP-MS_Active
KRAS	RAP1B	AP-MS_Active
KRAS	YWHAG	AP-MS_Active
KRAS	YWHAE	AP-MS_Active
KRAS	YWHAZ	AP-MS_Active
KRAS	EIF5A	AP-MS_Active
KRAS	EIF4G2	AP-MS_Active
KRAS	SRPX	AP-MS_Active
KRAS	MAP2K1	AP-MS_Active
KRAS	ZNF117	AP-MS_Active
KRAS	YWHAH	AP-MS_Active
KRAS	MAP3K12	AP-MS_Active
KRAS	RALGDS	AP-MS_Active
KRAS	GPS1	AP-MS_Active
KRAS	PSMD2	AP-MS_Active
KRAS	PDCL	AP-MS_Active
KRAS	GAS6	AP-MS_Active
KRAS	KANK1	AP-MS_Active
KRAS	MAPK14	AP-MS_Active
KRAS	CDC37	AP-MS_Active
KRAS	EAPP	AP-MS_Active
KRAS	FRMPD1	AP-MS_Active
KRAS	MSANTD2	AP-MS_Active
KRAS	UBE2R2	AP-MS_Active
KRAS	COPS6	AP-MS_Active
KRAS	FANCM	AP-MS_Active
KRAS	LZTR1	AP-MS_Active
KRAS	PPP1R14C	AP-MS_Active
KRAS	RASSF5	AP-MS_Active
KRAS	RAPGEF4	AP-MS_Active
KRAS	DCUN1D4	AP-MS_Active
KRAS	ANP32B	AP-MS_Active
KRAS	COPS5	AP-MS_Active
KRAS	USP7	AP-MS_Active
KRAS	AKT1S1	AP-MS_Active
KRAS	SIRT1	AP-MS_Active
KRAS	DYNLL2	AP-MS_Active
KRAS	AHCYL2	AP-MS_Active
KRAS	RADIL	AP-MS_Active
KRAS	USP47	AP-MS_Active
KRAS	ARHGEF17	AP-MS_Active
KRAS	ZIC5	AP-MS_Active
KRAS	PSMD1	AP-MS_Active
KRAS	COPS8	AP-MS_Active
KRAS	COPS4	AP-MS_Active
KRAS	BHLHE41	AP-MS_Active
KRAS	ZDHHC6	AP-MS_Active
KRAS	COPS7B	AP-MS_Active
KRAS	SSU72	AP-MS_Active
KRAS	ATG3	AP-MS_Active
KRAS	OLA1	AP-MS_Active
KRAS	THAP1	AP-MS_Active
KRAS	DCAF16	AP-MS_Active
KRAS	THUMPD1	AP-MS_Active
KRAS	UBP1	AP-MS_Active
KRAS	RGL1	AP-MS_Active
KRAS	PLCE1	AP-MS_Active
KRAS	ARHGAP28	AP-MS_Active
KRAS	COPS7A	AP-MS_Active
KRAS	USP25	AP-MS_Active
KRAS	NFU1	AP-MS_Active
KRAS	PSMD13	AP-MS_Active
KRAS	COPS3	AP-MS_Active
KRAS	USP15	AP-MS_Active
KRAS	ARIH1	AP-MS_Active
KRAS	CFAP90	AP-MS_Active
KRAS	RGS16	AP-MS_Active
KRAS	SNAP91	AP-MS_Active
KRAS	SPRR1B;SPRR1A	AP-MS_Active
KRAS	CDSN	AP-MS_Active
KRAS	KPRP	AP-MS_Active
KRAS	PKD1L3	AP-MS_Active
KRAS	ZBTB10	AP-MS_Active
KRAS	EDEM2	AP-MS_Active
KRAS	SETD4	AP-MS_Active
KRAS	PNMA2	AP-MS_Active
KRAS	HECTD1	AP-MS_Active
RAF1	DCAF8L1;DCAF8L2	AP-MS_Active
RAF1	ZSWIM8	AP-MS_Active
RAF1	ASDURF	AP-MS_Active
RAF1	EYA2	AP-MS_Active
RAF1	AIP	AP-MS_Active
RAF1	PSMD11	AP-MS_Active
RAF1	PSMD12	AP-MS_Active
RAF1	FOXN3	AP-MS_Active
RAF1	PSMD14	AP-MS_Active
RAF1	USP9Y	AP-MS_Active
RAF1	PPP6C	AP-MS_Active
RAF1	BHLHE40	AP-MS_Active
RAF1	DPYSL4	AP-MS_Active
RAF1	IRS4	AP-MS_Active
RAF1	SEC16A	AP-MS_Active
RAF1	N4BP3	AP-MS_Active
RAF1	ANKRD28	AP-MS_Active
RAF1	PFDN6	AP-MS_Active
RAF1	VGF	AP-MS_Active
RAF1	OGT	AP-MS_Active
RAF1	P4HA2	AP-MS_Active
RAF1	PER1	AP-MS_Active
RAF1	PJA2	AP-MS_Active
RAF1	CCP110	AP-MS_Active
RAF1	MSI1	AP-MS_Active
RAF1	TRAK2	AP-MS_Active
RAF1	TBC1D4	AP-MS_Active
RAF1	LRP5	AP-MS_Active
RAF1	LRP6	AP-MS_Active
RAF1	PPP1R15A	AP-MS_Active
RAF1	URI1	AP-MS_Active
RAF1	TOMM70	AP-MS_Active
RAF1	KLHL18	AP-MS_Active
RAF1	MTCL2	AP-MS_Active
RAF1	TRIM37	AP-MS_Active
RAF1	UBR5	AP-MS_Active
RAF1	EYA4	AP-MS_Active
RAF1	HERC2	AP-MS_Active
RAF1	TTC4	AP-MS_Active
RAF1	BAG2	AP-MS_Active
RAF1	TOMM40	AP-MS_Active
RAF1	TIMP1	AP-MS_Active
RAF1	KRAS	AP-MS_Active
RAF1	TGFB1	AP-MS_Active
RAF1	RAF1	AP-MS_Active
RAF1	JUN	AP-MS_Active
RAF1	KRT18	AP-MS_Active
RAF1	LPL	AP-MS_Active
RAF1	CENPB	AP-MS_Active
RAF1	HSP90AA1	AP-MS_Active
RAF1	HSP90AB1	AP-MS_Active
RAF1	ANXA5	AP-MS_Active
RAF1	USP17L7	AP-MS_Active
RAF1	PRKAR1A	AP-MS_Active
RAF1	BCR	AP-MS_Active
RAF1	COL6A3	AP-MS_Active
RAF1	P4HA1	AP-MS_Active
RAF1	ETS2	AP-MS_Active
RAF1	FOSL1	AP-MS_Active
RAF1	JUNB	AP-MS_Active
RAF1	PRKACA	AP-MS_Active
RAF1	TCP1	AP-MS_Active
RAF1	EGR1	AP-MS_Active
RAF1	WT1	AP-MS_Active
RAF1	CSRP1	AP-MS_Active
RAF1	PRKACB	AP-MS_Active
RAF1	ZFP36	AP-MS_Active
RAF1	YWHAQ	AP-MS_Active
RAF1	PIK3R1	AP-MS_Active
RAF1	EPHA2	AP-MS_Active
RAF1	MAPK4	AP-MS_Active
RAF1	PRKAR1B	AP-MS_Active
RAF1	YWHAB	AP-MS_Active
RAF1	SFN	AP-MS_Active
RAF1	STIP1	AP-MS_Active
RAF1	GPC1	AP-MS_Active
RAF1	LONP1	AP-MS_Active
RAF1	CDKN1A	AP-MS_Active
RAF1	CCT6A	AP-MS_Active
RAF1	PIK3CA	AP-MS_Active
RAF1	ETV4	AP-MS_Active
RAF1	ZFP36L2	AP-MS_Active
RAF1	CCT5	AP-MS_Active
RAF1	CCT3	AP-MS_Active
RAF1	CCT8	AP-MS_Active
RAF1	CCT4	AP-MS_Active
RAF1	PSMD7	AP-MS_Active
RAF1	UBE2D1	AP-MS_Active
RAF1	USP11	AP-MS_Active
RAF1	CRIP2	AP-MS_Active
RAF1	PPP5C	AP-MS_Active
RAF1	FBXW4	AP-MS_Active
RAF1	NAA20	AP-MS_Active
RAF1	YWHAG	AP-MS_Active
RAF1	YWHAE	AP-MS_Active
RAF1	PSMC6	AP-MS_Active
RAF1	YPEL5	AP-MS_Active
RAF1	POLR2L	AP-MS_Active
RAF1	YWHAZ	AP-MS_Active
RAF1	CCT2	AP-MS_Active
RAF1	MDM2	AP-MS_Active
RAF1	MAP2K1	AP-MS_Active
RAF1	FKBP4	AP-MS_Active
RAF1	PLAUR	AP-MS_Active
RAF1	YWHAH	AP-MS_Active
RAF1	ZFP36L1	AP-MS_Active
RAF1	DMTN	AP-MS_Active
RAF1	BAMBI	AP-MS_Active
RAF1	PSMD2	AP-MS_Active
RAF1	MAPK8IP2	AP-MS_Active
RAF1	FKBP5	AP-MS_Active
RAF1	MAMLD1	AP-MS_Active
RAF1	NAB1	AP-MS_Active
RAF1	LAMB3	AP-MS_Active
RAF1	LAMC2	AP-MS_Active
RAF1	FKBP8	AP-MS_Active
RAF1	CUL7	AP-MS_Active
RAF1	IQCB1	AP-MS_Active
RAF1	PCM1	AP-MS_Active
RAF1	TCEAL1	AP-MS_Active
RAF1	TARBP2	AP-MS_Active
RAF1	NAB2	AP-MS_Active
RAF1	PDCD2	AP-MS_Active
RAF1	CDC37	AP-MS_Active
RAF1	FSCN1	AP-MS_Active
RAF1	MAPK6	AP-MS_Active
RAF1	UPP1	AP-MS_Active
RAF1	SKOR2	AP-MS_Active
RAF1	PLEKHN1	AP-MS_Active
RAF1	LONRF3	AP-MS_Active
RAF1	MAP9	AP-MS_Active
RAF1	MIDN	AP-MS_Active
RAF1	PHLDA2	AP-MS_Active
RAF1	PLEKHO1	AP-MS_Active
RAF1	HSP90AB4P	AP-MS_Active
RAF1	HSP90AB3P	AP-MS_Active
RAF1	HSP90AB2P	AP-MS_Active
RAF1	HSP90AA5P	AP-MS_Active
RAF1	HSP90AA4P	AP-MS_Active
RAF1	PPP6R3	AP-MS_Active
RAF1	MTUS2	AP-MS_Active
RAF1	AMER1	AP-MS_Active
RAF1	GPRASP1	AP-MS_Active
RAF1	PPP1R15B	AP-MS_Active
RAF1	RNF187	AP-MS_Active
RAF1	OBI1	AP-MS_Active
RAF1	TNS2	AP-MS_Active
RAF1	KCTD16	AP-MS_Active
RAF1	CRACDL	AP-MS_Active
RAF1	ZCCHC8	AP-MS_Active
RAF1	KLC3	AP-MS_Active
RAF1	CSPG4	AP-MS_Active
RAF1	ABHD15	AP-MS_Active
RAF1	FGD6	AP-MS_Active
RAF1	USP34	AP-MS_Active
RAF1	RNF44	AP-MS_Active
RAF1	ARC	AP-MS_Active
RAF1	ATG9A	AP-MS_Active
RAF1	SPRED2	AP-MS_Active
RAF1	HUWE1	AP-MS_Active
RAF1	C11orf96	AP-MS_Active
RAF1	DZIP3	AP-MS_Active
RAF1	CCDC125	AP-MS_Active
RAF1	ANKMY2	AP-MS_Active
RAF1	CEP97	AP-MS_Active
RAF1	SMYD4	AP-MS_Active
RAF1	RUSC2	AP-MS_Active
RAF1	VWA5B2	AP-MS_Active
RAF1	SYNPO	AP-MS_Active
RAF1	WDTC1	AP-MS_Active
RAF1	TTC9C	AP-MS_Active
RAF1	HJURP	AP-MS_Active
RAF1	PJA1	AP-MS_Active
RAF1	RHBDD1	AP-MS_Active
RAF1	SNX33	AP-MS_Active
RAF1	ADGRV1	AP-MS_Active
RAF1	CCT6B	AP-MS_Active
RAF1	PIK3R3	AP-MS_Active
RAF1	KIAA0232	AP-MS_Active
RAF1	RPGR	AP-MS_Active
RAF1	USP9X	AP-MS_Active
RAF1	TOMM40L	AP-MS_Active
RAF1	ENTR1	AP-MS_Active
RAF1	KCTD12	AP-MS_Active
RAF1	GPRASP2	AP-MS_Active
RAF1	TRIM44	AP-MS_Active
RAF1	SIRT1	AP-MS_Active
RAF1	KIFBP	AP-MS_Active
RAF1	DNAJA3	AP-MS_Active
RAF1	SCARF2	AP-MS_Active
RAF1	HIC2	AP-MS_Active
RAF1	MAGED4	AP-MS_Active
RAF1	DCAF5	AP-MS_Active
RAF1	NEURL4	AP-MS_Active
RAF1	DNAAF10	AP-MS_Active
RAF1	TUBGCP6	AP-MS_Active
RAF1	TESK2	AP-MS_Active
RAF1	RANBP9	AP-MS_Active
RAF1	CSRNP1	AP-MS_Active
RAF1	CDK5RAP2	AP-MS_Active
RAF1	PSMD1	AP-MS_Active
RAF1	CCT7	AP-MS_Active
RAF1	GDF15	AP-MS_Active
RAF1	SYT11	AP-MS_Active
RAF1	IER2	AP-MS_Active
RAF1	HGH1	AP-MS_Active
RAF1	THUMPD3	AP-MS_Active
RAF1	CARD10	AP-MS_Active
RAF1	EMILIN2	AP-MS_Active
RAF1	LHX5	AP-MS_Active
RAF1	TSPYL2	AP-MS_Active
RAF1	MMADHC	AP-MS_Active
RAF1	SENP3	AP-MS_Active
RAF1	RPAP3	AP-MS_Active
RAF1	RMND5A	AP-MS_Active
RAF1	GPN2	AP-MS_Active
RAF1	MLXIP	AP-MS_Active
RAF1	CLSPN	AP-MS_Active
RAF1	GPN1	AP-MS_Active
RAF1	GOPC	AP-MS_Active
RAF1	MYO10	AP-MS_Active
RAF1	WDR6	AP-MS_Active
RAF1	GPRC5C	AP-MS_Active
RAF1	XPNPEP3	AP-MS_Active
RAF1	THSD1	AP-MS_Active
RAF1	SERTAD4	AP-MS_Active
RAF1	PDRG1	AP-MS_Active
RAF1	KLHL28	AP-MS_Active
RAF1	SPHK1	AP-MS_Active
RAF1	FRMD4A	AP-MS_Active
RAF1	UXT	AP-MS_Active
RAF1	TNFRSF10D	AP-MS_Active
RAF1	TJP2	AP-MS_Active
RAF1	FTSJ1	AP-MS_Active
RAF1	MLX	AP-MS_Active
RAF1	ADAMTS1	AP-MS_Active
RAF1	PFDN2	AP-MS_Active
RAF1	FEZ2	AP-MS_Active
RAF1	HERC5	AP-MS_Active
RAF1	SCOC	AP-MS_Active
RAF1	ERRFI1	AP-MS_Active
RAF1	KLHL21	AP-MS_Active
RAF1	HSPB8	AP-MS_Active
RAF1	FEM1B	AP-MS_Active
RAF1	AKAP11	AP-MS_Active
RAF1	PNMA2	AP-MS_Active
RAF1	PLEKHG1	AP-MS_Active
RAF1	AKAP8L	AP-MS_Active
RAF1	STUB1	AP-MS_Active
RAF1	PSMD13	AP-MS_Active
RAF1	PPP6R1	AP-MS_Active
RAF1	PDZRN3	AP-MS_Active
RAF1	MAPK8IP3	AP-MS_Active
RAF1	DICER1	AP-MS_Active
RAF1	SH2B3	AP-MS_Active
RAF1	LZTS1	AP-MS_Active
RAF1	SSX2IP	AP-MS_Active
RAF1	DNAJC16	AP-MS_Active
RAF1	NISCH	AP-MS_Active
RAF1	PADI2	AP-MS_Active
RAF1	ZBTB1	AP-MS_Active
RAF1	SUGT1	AP-MS_Active
RAF1	HCN4	AP-MS_Active
RAF1	DCAF1	AP-MS_Active
RAF1	IRS2	AP-MS_Active
RAF1	PIK3R2	AP-MS_Active
RAF1	ENC1	AP-MS_Active
RAF1	BACH1	AP-MS_Active
RAF1	OBSL1	AP-MS_Active
RAF1	PPP6R2	AP-MS_Active
RAF1	ECD	AP-MS_Active
RAF1	NR2F1	AP-MS_Active
RAF1	PKM	AP-MS_Active
RAF1	NPPC	AP-MS_Active
RAF1	PSMB5	AP-MS_Active
RAF1	MTHFR	AP-MS_Active
RAF1	PAFAH1B2	AP-MS_Active
RAF1	SRPX	AP-MS_Active
RAF1	FLII	AP-MS_Active
RAF1	ZNF791	AP-MS_Active
RAF1	EAPP	AP-MS_Active
RAF1	CEP170	AP-MS_Active
RAF1	DENND4C	AP-MS_Active
RAF1	LRIG3	AP-MS_Active
RAF1	FAM83H	AP-MS_Active
RAF1	VPS36	AP-MS_Active
RAF1	BRSK2	AP-MS_Active
RAF1	FBXW8	AP-MS_Active
RAF1	ANKRD52	AP-MS_Active
RAF1	PNMA1	AP-MS_Active
RAF1	ARHGEF40	AP-MS_Active
RAF1	PGAM5	AP-MS_Active
RAF1	SNX22	AP-MS_Active
RAF1	KLHL15	AP-MS_Active
RAF1	TRIB1	AP-MS_Active
RAF1	DNAJC7	AP-MS_Active
RAF1	TSPYL1	AP-MS_Active
RAF1	CCDC8	AP-MS_Active
RAF1	PATZ1	AP-MS_Active
RAF1	MOV10	AP-MS_Active
RAF1	GPAM	AP-MS_Active
RAF1	PRDM8	AP-MS_Active
RAF1	TCP11L1	AP-MS_Active
RAF1	VPS18	AP-MS_Active
RAF1	EGFL7	AP-MS_Active
RAF1	HECTD1	AP-MS_Active
MAPK1	FNDC10	AP-MS_Active
MAPK1	DCLK1	AP-MS_Active
MAPK1	HMMR	AP-MS_Active
MAPK1	TGFB1	AP-MS_Active
MAPK1	MAPK1	AP-MS_Active
MAPK1	RPS6KA3	AP-MS_Active
MAPK1	EMX1	AP-MS_Active
MAPK1	DMTN	AP-MS_Active
MAPK1	SCRN3	AP-MS_Active
MAPK1	CRMP1	AP-MS_Active
MAPK1	CDC37	AP-MS_Active
MAPK1	DUSP7	AP-MS_Active
MAPK1	SKOR2	AP-MS_Active
MAPK1	PPM1L	AP-MS_Active
MAPK1	PKHD1L1	AP-MS_Active
MAPK1	RCOR2	AP-MS_Active
MAPK1	DEPTOR	AP-MS_Active
MAPK1	KIAA1191	AP-MS_Active
MAPK1	DUSP9	AP-MS_Active
MAPK1	FAM83D	AP-MS_Active
MAPK1	ANO8	AP-MS_Active
MAPK1	SCML1	AP-MS_Active
MAPK1	HCN4	AP-MS_Active
MAPK1	RAI2	AP-MS_Active
MAP2K1	FAM83G	AP-MS_Active
MAP2K1	USP17L5;USP17L15;USP17L11;USP17L22;USP17L17;USP17L19;USP17L20;USP17L24	AP-MS_Active
MAP2K1	BHLHE40	AP-MS_Active
MAP2K1	ENC1	AP-MS_Active
MAP2K1	KDM6B	AP-MS_Active
MAP2K1	KLF4	AP-MS_Active
MAP2K1	SLC16A7	AP-MS_Active
MAP2K1	GADD45B	AP-MS_Active
MAP2K1	TIMP1	AP-MS_Active
MAP2K1	TGFB1	AP-MS_Active
MAP2K1	RAF1	AP-MS_Active
MAP2K1	JUN	AP-MS_Active
MAP2K1	USP17L7	AP-MS_Active
MAP2K1	ARAF	AP-MS_Active
MAP2K1	PIM1	AP-MS_Active
MAP2K1	BRAF	AP-MS_Active
MAP2K1	FOSL1	AP-MS_Active
MAP2K1	CD44	AP-MS_Active
MAP2K1	JUNB	AP-MS_Active
MAP2K1	EGR1	AP-MS_Active
MAP2K1	CSRP1	AP-MS_Active
MAP2K1	PTPRE	AP-MS_Active
MAP2K1	NPPC	AP-MS_Active
MAP2K1	ZFP36	AP-MS_Active
MAP2K1	YWHAQ	AP-MS_Active
MAP2K1	DUSP1	AP-MS_Active
MAP2K1	CCN2	AP-MS_Active
MAP2K1	EPHA2	AP-MS_Active
MAP2K1	YWHAB	AP-MS_Active
MAP2K1	ELF1	AP-MS_Active
MAP2K1	GPC1	AP-MS_Active
MAP2K1	CDKN1A	AP-MS_Active
MAP2K1	TNFSF9	AP-MS_Active
MAP2K1	ETV4	AP-MS_Active
MAP2K1	NPTX2	AP-MS_Active
MAP2K1	TFPI2	AP-MS_Active
MAP2K1	CLK1	AP-MS_Active
MAP2K1	UBE2D1	AP-MS_Active
MAP2K1	HMGCS2	AP-MS_Active
MAP2K1	YWHAG	AP-MS_Active
MAP2K1	YWHAE	AP-MS_Active
MAP2K1	YPEL5	AP-MS_Active
MAP2K1	YWHAZ	AP-MS_Active
MAP2K1	GTF2B	AP-MS_Active
MAP2K1	CDK17	AP-MS_Active
MAP2K1	MAP2K1	AP-MS_Active
MAP2K1	PLAUR	AP-MS_Active
MAP2K1	YWHAH	AP-MS_Active
MAP2K1	ZFP36L1	AP-MS_Active
MAP2K1	CACNB2	AP-MS_Active
MAP2K1	MAMLD1	AP-MS_Active
MAP2K1	NAB1	AP-MS_Active
MAP2K1	PIN1	AP-MS_Active
MAP2K1	TDG	AP-MS_Active
MAP2K1	LAMB3	AP-MS_Active
MAP2K1	LAMC2	AP-MS_Active
MAP2K1	PMAIP1	AP-MS_Active
MAP2K1	ARHGAP19	AP-MS_Active
MAP2K1	NAB2	AP-MS_Active
MAP2K1	CDC37	AP-MS_Active
MAP2K1	DUSP5	AP-MS_Active
MAP2K1	UPP1	AP-MS_Active
MAP2K1	ARHGAP31	AP-MS_Active
MAP2K1	SKOR2	AP-MS_Active
MAP2K1	PLEKHN1	AP-MS_Active
MAP2K1	PHLDA2	AP-MS_Active
MAP2K1	PLEKHO1	AP-MS_Active
MAP2K1	ACTBL2	AP-MS_Active
MAP2K1	NKAPL	AP-MS_Active
MAP2K1	ELFN2	AP-MS_Active
MAP2K1	HIVEP3	AP-MS_Active
MAP2K1	TNS2	AP-MS_Active
MAP2K1	KCTD16	AP-MS_Active
MAP2K1	LRRC8E	AP-MS_Active
MAP2K1	REEP3	AP-MS_Active
MAP2K1	CRACDL	AP-MS_Active
MAP2K1	CAVIN1	AP-MS_Active
MAP2K1	FIP1L1	AP-MS_Active
MAP2K1	CSPG4	AP-MS_Active
MAP2K1	CENPQ	AP-MS_Active
MAP2K1	ARC	AP-MS_Active
MAP2K1	LRP10	AP-MS_Active
MAP2K1	C11orf96	AP-MS_Active
MAP2K1	PHF13	AP-MS_Active
MAP2K1	HOMER1	AP-MS_Active
MAP2K1	KSR1	AP-MS_Active
MAP2K1	SYNPO	AP-MS_Active
MAP2K1	ZNRF1	AP-MS_Active
MAP2K1	PHLDA1	AP-MS_Active
MAP2K1	NDRG1	AP-MS_Active
MAP2K1	KCTD12	AP-MS_Active
MAP2K1	CDCA5	AP-MS_Active
MAP2K1	TRIB3	AP-MS_Active
MAP2K1	TRIB1	AP-MS_Active
MAP2K1	FOXC2	AP-MS_Active
MAP2K1	REEP2	AP-MS_Active
MAP2K1	NTMT1	AP-MS_Active
MAP2K1	TMEM147	AP-MS_Active
MAP2K1	HES7	AP-MS_Active
MAP2K1	PARD6G	AP-MS_Active
MAP2K1	PARD6B	AP-MS_Active
MAP2K1	STK33	AP-MS_Active
MAP2K1	SPRY4	AP-MS_Active
MAP2K1	WDR33	AP-MS_Active
MAP2K1	LHX5	AP-MS_Active
MAP2K1	PLEKHA4	AP-MS_Active
MAP2K1	GPRC5C	AP-MS_Active
MAP2K1	SPHK1	AP-MS_Active
MAP2K1	WSB2	AP-MS_Active
MAP2K1	NHSL3	AP-MS_Active
MAP2K1	FRMD4A	AP-MS_Active
MAP2K1	ADAMTS1	AP-MS_Active
MAP2K1	KLHL21	AP-MS_Active
MAP2K1	BAIAP2	AP-MS_Active
MAP2K1	SH2B3	AP-MS_Active
MAP2K1	IRS2	AP-MS_Active
ARAF	DCAF8L1;DCAF8L2	AP-MS_Active
ARAF	AHRR	AP-MS_Active
ARAF	ASDURF	AP-MS_Active
ARAF	EYA2	AP-MS_Active
ARAF	AIP	AP-MS_Active
ARAF	USP9Y	AP-MS_Active
ARAF	PPP6C	AP-MS_Active
ARAF	IRS4	AP-MS_Active
ARAF	BACH1	AP-MS_Active
ARAF	SEC16A	AP-MS_Active
ARAF	ANKRD28	AP-MS_Active
ARAF	PFDN6	AP-MS_Active
ARAF	P4HA2	AP-MS_Active
ARAF	PER1	AP-MS_Active
ARAF	PJA2	AP-MS_Active
ARAF	CCP110	AP-MS_Active
ARAF	ZNF749	AP-MS_Active
ARAF	TRAK2	AP-MS_Active
ARAF	OBSL1	AP-MS_Active
ARAF	RAB11FIP3	AP-MS_Active
ARAF	RPS6KA4	AP-MS_Active
ARAF	CRTAP	AP-MS_Active
ARAF	URI1	AP-MS_Active
ARAF	TOMM70	AP-MS_Active
ARAF	KLHL18	AP-MS_Active
ARAF	MTCL2	AP-MS_Active
ARAF	USP19	AP-MS_Active
ARAF	TRIM37	AP-MS_Active
ARAF	CEP152	AP-MS_Active
ARAF	UBR5	AP-MS_Active
ARAF	HERC2	AP-MS_Active
ARAF	TTC4	AP-MS_Active
ARAF	BAG2	AP-MS_Active
ARAF	TGFB1	AP-MS_Active
ARAF	CENPB	AP-MS_Active
ARAF	P4HB	AP-MS_Active
ARAF	FES	AP-MS_Active
ARAF	HSP90AA1	AP-MS_Active
ARAF	HSP90AB1	AP-MS_Active
ARAF	ANXA5	AP-MS_Active
ARAF	ARAF	AP-MS_Active
ARAF	PRKAR1A	AP-MS_Active
ARAF	COL11A1	AP-MS_Active
ARAF	COL6A3	AP-MS_Active
ARAF	P4HA1	AP-MS_Active
ARAF	FOSL1	AP-MS_Active
ARAF	GCFC2	AP-MS_Active
ARAF	JUNB	AP-MS_Active
ARAF	PRKACA	AP-MS_Active
ARAF	TCP1	AP-MS_Active
ARAF	EGR1	AP-MS_Active
ARAF	CSRP1	AP-MS_Active
ARAF	PRKACB	AP-MS_Active
ARAF	TUBG1	AP-MS_Active
ARAF	APC	AP-MS_Active
ARAF	YWHAQ	AP-MS_Active
ARAF	ITPRID2	AP-MS_Active
ARAF	PRKAR1B	AP-MS_Active
ARAF	HIVEP2	AP-MS_Active
ARAF	YWHAB	AP-MS_Active
ARAF	STIP1	AP-MS_Active
ARAF	AHR	AP-MS_Active
ARAF	MAP2K2	AP-MS_Active
ARAF	LONP1	AP-MS_Active
ARAF	CCT6A	AP-MS_Active
ARAF	ETV4	AP-MS_Active
ARAF	MAP1B	AP-MS_Active
ARAF	TFPI2	AP-MS_Active
ARAF	CCT5	AP-MS_Active
ARAF	CCT3	AP-MS_Active
ARAF	CCT8	AP-MS_Active
ARAF	CCT4	AP-MS_Active
ARAF	USP11	AP-MS_Active
ARAF	PPP5C	AP-MS_Active
ARAF	HMGCS2	AP-MS_Active
ARAF	SEC13	AP-MS_Active
ARAF	NAA20	AP-MS_Active
ARAF	YWHAG	AP-MS_Active
ARAF	YWHAE	AP-MS_Active
ARAF	POLR2L	AP-MS_Active
ARAF	YWHAZ	AP-MS_Active
ARAF	CSNK2B	AP-MS_Active
ARAF	CCT2	AP-MS_Active
ARAF	MDM2	AP-MS_Active
ARAF	MAP2K1	AP-MS_Active
ARAF	FKBP4	AP-MS_Active
ARAF	YWHAH	AP-MS_Active
ARAF	ZFP36L1	AP-MS_Active
ARAF	SPAG1	AP-MS_Active
ARAF	MZT1	AP-MS_Active
ARAF	ZNF816	AP-MS_Active
ARAF	FLII	AP-MS_Active
ARAF	PDCL	AP-MS_Active
ARAF	MAPK8IP2	AP-MS_Active
ARAF	FKBP5	AP-MS_Active
ARAF	NAB1	AP-MS_Active
ARAF	LAMB3	AP-MS_Active
ARAF	CAMK1	AP-MS_Active
ARAF	UBE4A	AP-MS_Active
ARAF	FKBP8	AP-MS_Active
ARAF	FAT1	AP-MS_Active
ARAF	HSP90AA2P	AP-MS_Active
ARAF	ITPR2	AP-MS_Active
ARAF	ITPR3	AP-MS_Active
ARAF	CUL7	AP-MS_Active
ARAF	IQCB1	AP-MS_Active
ARAF	PCM1	AP-MS_Active
ARAF	TARBP2	AP-MS_Active
ARAF	HERC1	AP-MS_Active
ARAF	PDCD2	AP-MS_Active
ARAF	CDC37	AP-MS_Active
ARAF	KIF7	AP-MS_Active
ARAF	P3H1	AP-MS_Active
ARAF	CCDC88A	AP-MS_Active
ARAF	MIDN	AP-MS_Active
ARAF	PHLDA2	AP-MS_Active
ARAF	HSP90AB4P	AP-MS_Active
ARAF	HSP90AB3P	AP-MS_Active
ARAF	HSP90AB2P	AP-MS_Active
ARAF	HSP90AA5P	AP-MS_Active
ARAF	HSP90AA4P	AP-MS_Active
ARAF	AMER1	AP-MS_Active
ARAF	PPP4R3B	AP-MS_Active
ARAF	PPP1R15B	AP-MS_Active
ARAF	UBR4	AP-MS_Active
ARAF	OBI1	AP-MS_Active
ARAF	FAM91A1	AP-MS_Active
ARAF	ANKRD40	AP-MS_Active
ARAF	CRACDL	AP-MS_Active
ARAF	MSANTD2	AP-MS_Active
ARAF	ANKS3	AP-MS_Active
ARAF	USP34	AP-MS_Active
ARAF	RNF44	AP-MS_Active
ARAF	ARC	AP-MS_Active
ARAF	TRAPPC11	AP-MS_Active
ARAF	KCTD20	AP-MS_Active
ARAF	HUWE1	AP-MS_Active
ARAF	C11orf96	AP-MS_Active
ARAF	TEDC1	AP-MS_Active
ARAF	DZIP3	AP-MS_Active
ARAF	CPNE8	AP-MS_Active
ARAF	ANKMY2	AP-MS_Active
ARAF	NUDCD3	AP-MS_Active
ARAF	P3H2	AP-MS_Active
ARAF	P3H3	AP-MS_Active
ARAF	CEP97	AP-MS_Active
ARAF	NELFCD	AP-MS_Active
ARAF	SMYD4	AP-MS_Active
ARAF	ZNF567	AP-MS_Active
ARAF	FBXW8	AP-MS_Active
ARAF	TTC9C	AP-MS_Active
ARAF	ANKRD52	AP-MS_Active
ARAF	ARRDC4	AP-MS_Active
ARAF	PNMA1	AP-MS_Active
ARAF	PJA1	AP-MS_Active
ARAF	SPATA18	AP-MS_Active
ARAF	RHBDD1	AP-MS_Active
ARAF	CCT6B	AP-MS_Active
ARAF	HSPH1	AP-MS_Active
ARAF	KIAA0232	AP-MS_Active
ARAF	P3H4	AP-MS_Active
ARAF	USP9X	AP-MS_Active
ARAF	ENTR1	AP-MS_Active
ARAF	TUBGCP3	AP-MS_Active
ARAF	GPRASP2	AP-MS_Active
ARAF	SIRT1	AP-MS_Active
ARAF	KIFBP	AP-MS_Active
ARAF	MAGED4	AP-MS_Active
ARAF	DCAF5	AP-MS_Active
ARAF	USP47	AP-MS_Active
ARAF	PBK	AP-MS_Active
ARAF	DNAAF10	AP-MS_Active
ARAF	PASK	AP-MS_Active
ARAF	TUBGCP6	AP-MS_Active
ARAF	TRIB1	AP-MS_Active
ARAF	RANBP9	AP-MS_Active
ARAF	TTC1	AP-MS_Active
ARAF	DNAJC7	AP-MS_Active
ARAF	LYST	AP-MS_Active
ARAF	MTR	AP-MS_Active
ARAF	CCT7	AP-MS_Active
ARAF	EIF2AK1	AP-MS_Active
ARAF	HDHD3	AP-MS_Active
ARAF	TINF2	AP-MS_Active
ARAF	MCMBP	AP-MS_Active
ARAF	IER2	AP-MS_Active
ARAF	HGH1	AP-MS_Active
ARAF	TANGO6	AP-MS_Active
ARAF	KLHL4	AP-MS_Active
ARAF	TSPYL2	AP-MS_Active
ARAF	PDCL3	AP-MS_Active
ARAF	RPAP3	AP-MS_Active
ARAF	RMND5A	AP-MS_Active
ARAF	GPN2	AP-MS_Active
ARAF	CLSPN	AP-MS_Active
ARAF	CACYBP	AP-MS_Active
ARAF	MYO10	AP-MS_Active
ARAF	WDR6	AP-MS_Active
ARAF	COPRS	AP-MS_Active
ARAF	SH3GLB2	AP-MS_Active
ARAF	SMYD2	AP-MS_Active
ARAF	TUBG2	AP-MS_Active
ARAF	MAN2C1	AP-MS_Active
ARAF	PDRG1	AP-MS_Active
ARAF	KLHL28	AP-MS_Active
ARAF	PPP4R2	AP-MS_Active
ARAF	UGGT2	AP-MS_Active
ARAF	MDFIC	AP-MS_Active
ARAF	UXT	AP-MS_Active
ARAF	FTSJ1	AP-MS_Active
ARAF	KLHL21	AP-MS_Active
ARAF	ANAPC4	AP-MS_Active
ARAF	HSPB8	AP-MS_Active
ARAF	AKAP11	AP-MS_Active
ARAF	BAG5	AP-MS_Active
ARAF	PNMA2	AP-MS_Active
ARAF	AKAP8L	AP-MS_Active
ARAF	SCML1	AP-MS_Active
ARAF	STUB1	AP-MS_Active
ARAF	PPP6R1	AP-MS_Active
ARAF	PDZRN3	AP-MS_Active
ARAF	MAPK8IP3	AP-MS_Active
ARAF	DICER1	AP-MS_Active
ARAF	RUVBL2	AP-MS_Active
ARAF	RUVBL1	AP-MS_Active
ARAF	NISCH	AP-MS_Active
ARAF	ZBTB1	AP-MS_Active
ARAF	SUGT1	AP-MS_Active
ARAF	DCAF1	AP-MS_Active
ARAF	CEP170B	AP-MS_Active
HRAS	PIK3CD	AP-MS_Active
HRAS	RGL2	AP-MS_Active
HRAS	CEP104	AP-MS_Active
HRAS	NRAS	AP-MS_Active
HRAS	HRAS	AP-MS_Active
HRAS	RAF1	AP-MS_Active
HRAS	ARAF	AP-MS_Active
HRAS	MAP2	AP-MS_Active
HRAS	VCAN	AP-MS_Active
HRAS	BRAF	AP-MS_Active
HRAS	CSRP1	AP-MS_Active
HRAS	PIK3R1	AP-MS_Active
HRAS	MAPK1	AP-MS_Active
HRAS	YWHAB	AP-MS_Active
HRAS	PFN2	AP-MS_Active
HRAS	PPP1CC	AP-MS_Active
HRAS	PIK3CA	AP-MS_Active
HRAS	RABIF	AP-MS_Active
HRAS	RAP1GDS1	AP-MS_Active
HRAS	KIF11	AP-MS_Active
HRAS	AFDN	AP-MS_Active
HRAS	PCBP4	AP-MS_Active
HRAS	YWHAG	AP-MS_Active
HRAS	PPP1CA	AP-MS_Active
HRAS	PPP1CB	AP-MS_Active
HRAS	YWHAE	AP-MS_Active
HRAS	YWHAZ	AP-MS_Active
HRAS	SSBP2	AP-MS_Active
HRAS	YWHAH	AP-MS_Active
HRAS	RALGDS	AP-MS_Active
HRAS	LAMB3	AP-MS_Active
HRAS	SCRIB	AP-MS_Active
HRAS	FSCN1	AP-MS_Active
HRAS	KCTD16	AP-MS_Active
HRAS	CBARP	AP-MS_Active
HRAS	RASSF5	AP-MS_Active
HRAS	KCTD12	AP-MS_Active
HRAS	RADIL	AP-MS_Active
HRAS	RGL1	AP-MS_Active
HRAS	PLCE1	AP-MS_Active
HRAS	ARHGAP28	AP-MS_Active
HRAS	FRMD4A	AP-MS_Active
HRAS	HSPB8	AP-MS_Active
HRAS	NFU1	AP-MS_Active
HRAS	SHOC2	AP-MS_Active
HRAS	NEBL	AP-MS_Active
HRAS	KRAS	AP-MS_Active
HRAS	PRKCB	AP-MS_Active
HRAS	LGALS1	AP-MS_Active
HRAS	F5	AP-MS_Active
HRAS	IMPDH2	AP-MS_Active
HRAS	JUNB	AP-MS_Active
HRAS	PAICS	AP-MS_Active
HRAS	CRIP2	AP-MS_Active
HRAS	DMTN	AP-MS_Active
HRAS	LAMC2	AP-MS_Active
HRAS	ARHGEF7	AP-MS_Active
HRAS	SP6	AP-MS_Active
HRAS	PAN3	AP-MS_Active
HRAS	TEX30	AP-MS_Active
HRAS	MBNL2	AP-MS_Active
HRAS	CRACDL	AP-MS_Active
HRAS	ARHGAP11A	AP-MS_Active
HRAS	CSPG4	AP-MS_Active
HRAS	SH2D5	AP-MS_Active
HRAS	SP8	AP-MS_Active
HRAS	SVBP	AP-MS_Active
HRAS	SYNPO	AP-MS_Active
HRAS	IFT70B	AP-MS_Active
HRAS	MDM1	AP-MS_Active
HRAS	HDAC7	AP-MS_Active
HRAS	LMO7	AP-MS_Active
HRAS	CKAP2	AP-MS_Active
HRAS	PSPC1	AP-MS_Active
HRAS	USP6NL	AP-MS_Active
HRAS	RIT1	AP-MS_Active
HRAS	USP7	AP-MS_Active
HRAS	CLUAP1	AP-MS_Active
HRAS	CHAMP1	AP-MS_Active
HRAS	USP47	AP-MS_Active
HRAS	TTC14	AP-MS_Active
HRAS	FOXC2	AP-MS_Active
HRAS	SENP7	AP-MS_Active
HRAS	EMILIN2	AP-MS_Active
HRAS	ALOXE3	AP-MS_Active
HRAS	PAK6	AP-MS_Active
HRAS	DLL3	AP-MS_Active
HRAS	NHSL3	AP-MS_Active
HRAS	GAB2	AP-MS_Active
HRAS	HCN4	AP-MS_Active
MAP2K2	TUG1	AP-MS_Active
MAP2K2	LINC02872	AP-MS_Active
MAP2K2	USP17L5;USP17L15;USP17L11;USP17L22;USP17L17;USP17L19;USP17L20;USP17L24	AP-MS_Active
MAP2K2	TMEM250	AP-MS_Active
MAP2K2	AIP	AP-MS_Active
MAP2K2	PSMD11	AP-MS_Active
MAP2K2	PSMD12	AP-MS_Active
MAP2K2	PSMD14	AP-MS_Active
MAP2K2	ADGRB1	AP-MS_Active
MAP2K2	CTDSP2	AP-MS_Active
MAP2K2	TOR1B	AP-MS_Active
MAP2K2	ENC1	AP-MS_Active
MAP2K2	CDIPT	AP-MS_Active
MAP2K2	TNFRSF10B	AP-MS_Active
MAP2K2	MGST3	AP-MS_Active
MAP2K2	AGPAT2	AP-MS_Active
MAP2K2	ANGPT2	AP-MS_Active
MAP2K2	VGF	AP-MS_Active
MAP2K2	LEPROT	AP-MS_Active
MAP2K2	SLC31A1	AP-MS_Active
MAP2K2	YKT6	AP-MS_Active
MAP2K2	IRAK2	AP-MS_Active
MAP2K2	SPINT2	AP-MS_Active
MAP2K2	SYNGR3	AP-MS_Active
MAP2K2	SPAG9	AP-MS_Active
MAP2K2	ACSL4	AP-MS_Active
MAP2K2	CNOT3	AP-MS_Active
MAP2K2	GADD45B	AP-MS_Active
MAP2K2	SEMA7A	AP-MS_Active
MAP2K2	SLC43A1	AP-MS_Active
MAP2K2	MTX2	AP-MS_Active
MAP2K2	JTB	AP-MS_Active
MAP2K2	TOMM70	AP-MS_Active
MAP2K2	KLHL18	AP-MS_Active
MAP2K2	MPC2	AP-MS_Active
MAP2K2	CDS2	AP-MS_Active
MAP2K2	HSPA4L	AP-MS_Active
MAP2K2	BAG2	AP-MS_Active
MAP2K2	BAG3	AP-MS_Active
MAP2K2	CYB5R3	AP-MS_Active
MAP2K2	TIMP1	AP-MS_Active
MAP2K2	TGFB1	AP-MS_Active
MAP2K2	HLA-B	AP-MS_Active
MAP2K2	HLA-DRB1	AP-MS_Active
MAP2K2	TFRC	AP-MS_Active
MAP2K2	FTH1	AP-MS_Active
MAP2K2	RAF1	AP-MS_Active
MAP2K2	RPN1	AP-MS_Active
MAP2K2	JUN	AP-MS_Active
MAP2K2	KRT18	AP-MS_Active
MAP2K2	ITGAV	AP-MS_Active
MAP2K2	SERPINE2	AP-MS_Active
MAP2K2	PROS1	AP-MS_Active
MAP2K2	HSP90AA1	AP-MS_Active
MAP2K2	HSP90AB1	AP-MS_Active
MAP2K2	FURIN	AP-MS_Active
MAP2K2	USP17L7	AP-MS_Active
MAP2K2	HSPA1A;HSPA1B	AP-MS_Active
MAP2K2	ARAF	AP-MS_Active
MAP2K2	HSPA5	AP-MS_Active
MAP2K2	HSPA8	AP-MS_Active
MAP2K2	SLC2A3	AP-MS_Active
MAP2K2	SLC25A6	AP-MS_Active
MAP2K2	P4HA1	AP-MS_Active
MAP2K2	MYL6B	AP-MS_Active
MAP2K2	BRAF	AP-MS_Active
MAP2K2	PVR	AP-MS_Active
MAP2K2	RAC2	AP-MS_Active
MAP2K2	FOSL1	AP-MS_Active
MAP2K2	CD44	AP-MS_Active
MAP2K2	EPCAM	AP-MS_Active
MAP2K2	POR	AP-MS_Active
MAP2K2	HSPA6	AP-MS_Active
MAP2K2	JUNB	AP-MS_Active
MAP2K2	ITGB5	AP-MS_Active
MAP2K2	EGR1	AP-MS_Active
MAP2K2	NAT1	AP-MS_Active
MAP2K2	ELK1	AP-MS_Active
MAP2K2	RAB6A	AP-MS_Active
MAP2K2	CSRP1	AP-MS_Active
MAP2K2	VDAC1	AP-MS_Active
MAP2K2	KCNA5	AP-MS_Active
MAP2K2	PTPRE	AP-MS_Active
MAP2K2	GADD45A	AP-MS_Active
MAP2K2	F2R	AP-MS_Active
MAP2K2	FAS	AP-MS_Active
MAP2K2	ZFP36	AP-MS_Active
MAP2K2	YWHAQ	AP-MS_Active
MAP2K2	DUSP1	AP-MS_Active
MAP2K2	EPHA2	AP-MS_Active
MAP2K2	PEBP1	AP-MS_Active
MAP2K2	GDI1	AP-MS_Active
MAP2K2	YWHAB	AP-MS_Active
MAP2K2	SFN	AP-MS_Active
MAP2K2	STIP1	AP-MS_Active
MAP2K2	S100A11	AP-MS_Active
MAP2K2	MAN1A1	AP-MS_Active
MAP2K2	HSPA1L	AP-MS_Active
MAP2K2	HSPA4	AP-MS_Active
MAP2K2	GPC1	AP-MS_Active
MAP2K2	BSG	AP-MS_Active
MAP2K2	MAP2K2	AP-MS_Active
MAP2K2	HSPA9	AP-MS_Active
MAP2K2	CDKN1A	AP-MS_Active
MAP2K2	IL6ST	AP-MS_Active
MAP2K2	TNFSF9	AP-MS_Active
MAP2K2	SLC19A1	AP-MS_Active
MAP2K2	ACTR1B	AP-MS_Active
MAP2K2	ECE1	AP-MS_Active
MAP2K2	SLC1A4	AP-MS_Active
MAP2K2	ETV4	AP-MS_Active
MAP2K2	RABIF	AP-MS_Active
MAP2K2	NPTX2	AP-MS_Active
MAP2K2	TFPI2	AP-MS_Active
MAP2K2	ADGRE5	AP-MS_Active
MAP2K2	LMAN1	AP-MS_Active
MAP2K2	INPP1	AP-MS_Active
MAP2K2	LIG4	AP-MS_Active
MAP2K2	RAB27A	AP-MS_Active
MAP2K2	PSMD7	AP-MS_Active
MAP2K2	UBE2D1	AP-MS_Active
MAP2K2	USP11	AP-MS_Active
MAP2K2	PTTG1IP	AP-MS_Active
MAP2K2	MYOM2	AP-MS_Active
MAP2K2	HSPA2	AP-MS_Active
MAP2K2	MFAP3	AP-MS_Active
MAP2K2	F2RL1	AP-MS_Active
MAP2K2	ATP5ME	AP-MS_Active
MAP2K2	TMEM33	AP-MS_Active
MAP2K2	SYNJ2BP	AP-MS_Active
MAP2K2	CXCR4	AP-MS_Active
MAP2K2	SEC61A1	AP-MS_Active
MAP2K2	DAD1	AP-MS_Active
MAP2K2	YWHAG	AP-MS_Active
MAP2K2	YWHAE	AP-MS_Active
MAP2K2	PSMC6	AP-MS_Active
MAP2K2	RAB1A	AP-MS_Active
MAP2K2	YWHAZ	AP-MS_Active
MAP2K2	TUBA4A	AP-MS_Active
MAP2K2	B4GALNT1	AP-MS_Active
MAP2K2	RUNX1	AP-MS_Active
MAP2K2	MAP2K1	AP-MS_Active
MAP2K2	FKBP4	AP-MS_Active
MAP2K2	PLAUR	AP-MS_Active
MAP2K2	TAP2	AP-MS_Active
MAP2K2	YWHAH	AP-MS_Active
MAP2K2	MFGE8	AP-MS_Active
MAP2K2	GALNT1	AP-MS_Active
MAP2K2	LMAN2	AP-MS_Active
MAP2K2	MLLT11	AP-MS_Active
MAP2K2	PAK2	AP-MS_Active
MAP2K2	PSMD2	AP-MS_Active
MAP2K2	FKBP5	AP-MS_Active
MAP2K2	MAMLD1	AP-MS_Active
MAP2K2	NAB1	AP-MS_Active
MAP2K2	ITGA7	AP-MS_Active
MAP2K2	LAMB3	AP-MS_Active
MAP2K2	LAMC2	AP-MS_Active
MAP2K2	GRB7	AP-MS_Active
MAP2K2	HSP90AA2P	AP-MS_Active
MAP2K2	RHEB	AP-MS_Active
MAP2K2	DHCR24	AP-MS_Active
MAP2K2	NAB2	AP-MS_Active
MAP2K2	STK11	AP-MS_Active
MAP2K2	ATP6AP1	AP-MS_Active
MAP2K2	MAPK14	AP-MS_Active
MAP2K2	CDC37	AP-MS_Active
MAP2K2	SGCB	AP-MS_Active
MAP2K2	FSCN1	AP-MS_Active
MAP2K2	UPP1	AP-MS_Active
MAP2K2	MICB	AP-MS_Active
MAP2K2	SHROOM1	AP-MS_Active
MAP2K2	ALG11	AP-MS_Active
MAP2K2	P3H1	AP-MS_Active
MAP2K2	MIDN	AP-MS_Active
MAP2K2	GPAT3	AP-MS_Active
MAP2K2	PHLDA2	AP-MS_Active
MAP2K2	ACTBL2	AP-MS_Active
MAP2K2	HSP90AB4P	AP-MS_Active
MAP2K2	HSP90AB2P	AP-MS_Active
MAP2K2	HSP90AA5P	AP-MS_Active
MAP2K2	HSP90AA4P	AP-MS_Active
MAP2K2	DCAF6	AP-MS_Active
MAP2K2	TMEM41B	AP-MS_Active
MAP2K2	ALG10;ALG10B	AP-MS_Active
MAP2K2	ODR4	AP-MS_Active
MAP2K2	PXDC1	AP-MS_Active
MAP2K2	MICOS10	AP-MS_Active
MAP2K2	ASPHD1	AP-MS_Active
MAP2K2	MFSD14CP	AP-MS_Active
MAP2K2	SPRYD7	AP-MS_Active
MAP2K2	SEL1L3	AP-MS_Active
MAP2K2	LMBRD2	AP-MS_Active
MAP2K2	KCTD16	AP-MS_Active
MAP2K2	RNF43	AP-MS_Active
MAP2K2	ASPHD2	AP-MS_Active
MAP2K2	SLC18B1	AP-MS_Active
MAP2K2	RHBDD2	AP-MS_Active
MAP2K2	C3orf33	AP-MS_Active
MAP2K2	ATPSCKMT	AP-MS_Active
MAP2K2	TUBA3E	AP-MS_Active
MAP2K2	TXNDC11	AP-MS_Active
MAP2K2	CSPG4	AP-MS_Active
MAP2K2	KSR2	AP-MS_Active
MAP2K2	SPOCD1	AP-MS_Active
MAP2K2	SLC25A26	AP-MS_Active
MAP2K2	SV2A	AP-MS_Active
MAP2K2	ARC	AP-MS_Active
MAP2K2	DYM	AP-MS_Active
MAP2K2	LRP10	AP-MS_Active
MAP2K2	SPRED2	AP-MS_Active
MAP2K2	ANKS1B	AP-MS_Active
MAP2K2	C11orf96	AP-MS_Active
MAP2K2	SDCCAG8	AP-MS_Active
MAP2K2	OAF	AP-MS_Active
MAP2K2	EPHX4	AP-MS_Active
MAP2K2	P3H2	AP-MS_Active
MAP2K2	KSR1	AP-MS_Active
MAP2K2	GLB1L2	AP-MS_Active
MAP2K2	ITPRIP	AP-MS_Active
MAP2K2	LRRC8A	AP-MS_Active
MAP2K2	RDH10	AP-MS_Active
MAP2K2	FAM43A	AP-MS_Active
MAP2K2	SYNPO	AP-MS_Active
MAP2K2	TTC39C	AP-MS_Active
MAP2K2	WDTC1	AP-MS_Active
MAP2K2	SLC15A4	AP-MS_Active
MAP2K2	CSGALNACT2	AP-MS_Active
MAP2K2	SLC25A29	AP-MS_Active
MAP2K2	ZNRF1	AP-MS_Active
MAP2K2	ZSCAN18	AP-MS_Active
MAP2K2	SLC35G2	AP-MS_Active
MAP2K2	TLCD3A	AP-MS_Active
MAP2K2	MGARP	AP-MS_Active
MAP2K2	SLC2A14	AP-MS_Active
MAP2K2	MCOLN3	AP-MS_Active
MAP2K2	USP33	AP-MS_Active
MAP2K2	ABHD3	AP-MS_Active
MAP2K2	TMEM263	AP-MS_Active
MAP2K2	SLC20A1	AP-MS_Active
MAP2K2	PHLDA1	AP-MS_Active
MAP2K2	GLMP	AP-MS_Active
MAP2K2	ARAP3	AP-MS_Active
MAP2K2	BRI3BP	AP-MS_Active
MAP2K2	SMPDL3B	AP-MS_Active
MAP2K2	HSPH1	AP-MS_Active
MAP2K2	MAL2	AP-MS_Active
MAP2K2	SLCO4A1	AP-MS_Active
MAP2K2	KCTD12	AP-MS_Active
MAP2K2	KIFBP	AP-MS_Active
MAP2K2	VMP1	AP-MS_Active
MAP2K2	ATP5MK	AP-MS_Active
MAP2K2	SERAC1	AP-MS_Active
MAP2K2	SLC35E1	AP-MS_Active
MAP2K2	CLPTM1L	AP-MS_Active
MAP2K2	FAM210B	AP-MS_Active
MAP2K2	CARD19	AP-MS_Active
MAP2K2	FAM210A	AP-MS_Active
MAP2K2	TRIB3	AP-MS_Active
MAP2K2	TRIB1	AP-MS_Active
MAP2K2	PSMD1	AP-MS_Active
MAP2K2	CDCA3	AP-MS_Active
MAP2K2	FOXC2	AP-MS_Active
MAP2K2	GDF15	AP-MS_Active
MAP2K2	ATG101	AP-MS_Active
MAP2K2	ALG1	AP-MS_Active
MAP2K2	IER2	AP-MS_Active
MAP2K2	EMC6	AP-MS_Active
MAP2K2	TRIM62	AP-MS_Active
MAP2K2	ALG8	AP-MS_Active
MAP2K2	TMEM147	AP-MS_Active
MAP2K2	FUNDC2	AP-MS_Active
MAP2K2	SFXN3	AP-MS_Active
MAP2K2	CARD6	AP-MS_Active
MAP2K2	FUT8	AP-MS_Active
MAP2K2	HES7	AP-MS_Active
MAP2K2	STK33	AP-MS_Active
MAP2K2	SLC29A3	AP-MS_Active
MAP2K2	SPRY4	AP-MS_Active
MAP2K2	COA1	AP-MS_Active
MAP2K2	LMAN2L	AP-MS_Active
MAP2K2	SLC25A32	AP-MS_Active
MAP2K2	SLC38A1	AP-MS_Active
MAP2K2	POFUT1	AP-MS_Active
MAP2K2	SMDT1	AP-MS_Active
MAP2K2	ACSS3	AP-MS_Active
MAP2K2	TMEM185B	AP-MS_Active
MAP2K2	PLEKHG2	AP-MS_Active
MAP2K2	PACC1	AP-MS_Active
MAP2K2	DNAJC18	AP-MS_Active
MAP2K2	METTL8	AP-MS_Active
MAP2K2	GPN2	AP-MS_Active
MAP2K2	BRF2	AP-MS_Active
MAP2K2	MKKS	AP-MS_Active
MAP2K2	TM9SF3	AP-MS_Active
MAP2K2	APMAP	AP-MS_Active
MAP2K2	ABCB6	AP-MS_Active
MAP2K2	CHST11	AP-MS_Active
MAP2K2	IL1RAP	AP-MS_Active
MAP2K2	GPR108	AP-MS_Active
MAP2K2	GPRC5C	AP-MS_Active
MAP2K2	ITM2C	AP-MS_Active
MAP2K2	ENTPD7	AP-MS_Active
MAP2K2	SAR1A	AP-MS_Active
MAP2K2	AGPAT4	AP-MS_Active
MAP2K2	RASSF1	AP-MS_Active
MAP2K2	CMTM6	AP-MS_Active
MAP2K2	PGPEP1	AP-MS_Active
MAP2K2	DNAJB12	AP-MS_Active
MAP2K2	SPHK1	AP-MS_Active
MAP2K2	WSB2	AP-MS_Active
MAP2K2	UGGT2	AP-MS_Active
MAP2K2	HSPBP1	AP-MS_Active
MAP2K2	FRMD4A	AP-MS_Active
MAP2K2	DPM3	AP-MS_Active
MAP2K2	MRC2	AP-MS_Active
MAP2K2	DHCR7	AP-MS_Active
MAP2K2	ADAMTS1	AP-MS_Active
MAP2K2	CEMIP2	AP-MS_Active
MAP2K2	HERC5	AP-MS_Active
MAP2K2	KLHL21	AP-MS_Active
MAP2K2	SARDH	AP-MS_Active
MAP2K2	BAG5	AP-MS_Active
MAP2K2	PSMD13	AP-MS_Active
MAP2K2	PROCR	AP-MS_Active
MAP2K2	ST3GAL5	AP-MS_Active
MAP2K2	PPP6R1	AP-MS_Active
MAP2K2	SH2B3	AP-MS_Active
MAP2K2	SLC5A6	AP-MS_Active
MAP2K2	PIGL	AP-MS_Active
MAP2K2	SLC27A6	AP-MS_Active
MAP2K2	SUGT1	AP-MS_Active
MAP2K2	UBE2J1	AP-MS_Active
MAP2K2	GOLT1B	AP-MS_Active
MAP2K2	HYOU1	AP-MS_Active
MAP2K2	TIMM22	AP-MS_Active
MAP2K2	FADS3	AP-MS_Active
MAP2K2	NPTN	AP-MS_Active
MAP2K2	ALG6	AP-MS_Active
MAP2K2	SELENOK	AP-MS_Active
BRAF	SMIM26	TbID_Active
BRAF	TUG1	TbID_Active
BRAF	ELOVL7	TbID_Active
BRAF	PEDS1	TbID_Active
BRAF	TCAF2	TbID_Active
BRAF	C17orf100	TbID_Active
BRAF	SGK1	TbID_Active
BRAF	LGALS8	TbID_Active
BRAF	PSMD11	TbID_Active
BRAF	PSMD12	TbID_Active
BRAF	GOLIM4	TbID_Active
BRAF	CCN1	TbID_Active
BRAF	GOSR2	TbID_Active
BRAF	TOR1B	TbID_Active
BRAF	ENC1	TbID_Active
BRAF	BCKDK	TbID_Active
BRAF	ANGPT2	TbID_Active
BRAF	VGF	TbID_Active
BRAF	SPRY2	TbID_Active
BRAF	SPRY1	TbID_Active
BRAF	SPOP	TbID_Active
BRAF	LCMT2	TbID_Active
BRAF	MAN1A2	TbID_Active
BRAF	ACSL4	TbID_Active
BRAF	RANBP6	TbID_Active
BRAF	SLC16A7	TbID_Active
BRAF	SRPX2	TbID_Active
BRAF	UGDH	TbID_Active
BRAF	GADD45B	TbID_Active
BRAF	DUSP11	TbID_Active
BRAF	SEMA7A	TbID_Active
BRAF	STX11	TbID_Active
BRAF	USP2	TbID_Active
BRAF	CDC123	TbID_Active
BRAF	SERF1A	TbID_Active
BRAF	RGS20	TbID_Active
BRAF	CCNB2	TbID_Active
BRAF	LEPROTL1	TbID_Active
BRAF	ABCB11	TbID_Active
BRAF	SGPL1	TbID_Active
BRAF	NTN1	TbID_Active
BRAF	TIMP1	TbID_Active
BRAF	FOS	TbID_Active
BRAF	HRAS	TbID_Active
BRAF	TGFB1	TbID_Active
BRAF	HLA-B	TbID_Active
BRAF	TFRC	TbID_Active
BRAF	TK1	TbID_Active
BRAF	HLA-A	TbID_Active
BRAF	KRT18	TbID_Active
BRAF	THBD	TbID_Active
BRAF	HSP90AA1	TbID_Active
BRAF	YES1	TbID_Active
BRAF	LYN	TbID_Active
BRAF	HCK	TbID_Active
BRAF	CLTB	TbID_Active
BRAF	TFPI	TbID_Active
BRAF	CLU	TbID_Active
BRAF	SLC2A1	TbID_Active
BRAF	RALB	TbID_Active
BRAF	CYBA	TbID_Active
BRAF	TPT1	TbID_Active
BRAF	CD59	TbID_Active
BRAF	CPM	TbID_Active
BRAF	PKM	TbID_Active
BRAF	BRAF	TbID_Active
BRAF	PVR	TbID_Active
BRAF	RAC2	TbID_Active
BRAF	AREG	TbID_Active
BRAF	VEGFA	TbID_Active
BRAF	CD44	TbID_Active
BRAF	EPCAM	TbID_Active
BRAF	JUNB	TbID_Active
BRAF	FLT1	TbID_Active
BRAF	ARF4	TbID_Active
BRAF	EGR1	TbID_Active
BRAF	SRD5A1	TbID_Active
BRAF	TAC1	TbID_Active
BRAF	ATP6V1C1	TbID_Active
BRAF	CSRP1	TbID_Active
BRAF	MGAT1	TbID_Active
BRAF	EEF1G	TbID_Active
BRAF	ZFP36	TbID_Active
BRAF	YWHAQ	TbID_Active
BRAF	DUSP1	TbID_Active
BRAF	EPHA2	TbID_Active
BRAF	CRABP2	TbID_Active
BRAF	PPP2R1B	TbID_Active
BRAF	NTS	TbID_Active
BRAF	CORO1A	TbID_Active
BRAF	DNAJA1	TbID_Active
BRAF	YWHAB	TbID_Active
BRAF	SDC2	TbID_Active
BRAF	GPC1	TbID_Active
BRAF	MYH9	TbID_Active
BRAF	GNL1	TbID_Active
BRAF	FDFT1	TbID_Active
BRAF	PRKCI	TbID_Active
BRAF	TFPI2	TbID_Active
BRAF	INPP1	TbID_Active
BRAF	CLK1	TbID_Active
BRAF	CLK3	TbID_Active
BRAF	LIG4	TbID_Active
BRAF	UBE2D1	TbID_Active
BRAF	KPNA2	TbID_Active
BRAF	FOSB	TbID_Active
BRAF	F2RL1	TbID_Active
BRAF	TMEM33	TbID_Active
BRAF	SESN3	TbID_Active
BRAF	CXCR4	TbID_Active
BRAF	YPEL3	TbID_Active
BRAF	ATP6V0D1	TbID_Active
BRAF	DAD1	TbID_Active
BRAF	YWHAG	TbID_Active
BRAF	YWHAE	TbID_Active
BRAF	PPP2CB	TbID_Active
BRAF	YWHAZ	TbID_Active
BRAF	RACK1	TbID_Active
BRAF	ARF1	TbID_Active
BRAF	SERF2	TbID_Active
BRAF	CDK17	TbID_Active
BRAF	SPTBN1	TbID_Active
BRAF	RUNX1	TbID_Active
BRAF	PFKP	TbID_Active
BRAF	MAP2K1	TbID_Active
BRAF	PLAUR	TbID_Active
BRAF	GBE1	TbID_Active
BRAF	YWHAH	TbID_Active
BRAF	PRKCD	TbID_Active
BRAF	MFGE8	TbID_Active
BRAF	SPOCK1	TbID_Active
BRAF	CHAF1A	TbID_Active
BRAF	CHAF1B	TbID_Active
BRAF	CALCOCO2	TbID_Active
BRAF	OS9	TbID_Active
BRAF	LSAMP	TbID_Active
BRAF	TUSC3	TbID_Active
BRAF	SQSTM1	TbID_Active
BRAF	SERINC3	TbID_Active
BRAF	TDG	TbID_Active
BRAF	RAB31	TbID_Active
BRAF	RAB32	TbID_Active
BRAF	LAMB3	TbID_Active
BRAF	LAMC2	TbID_Active
BRAF	SPTAN1	TbID_Active
BRAF	TNFAIP1	TbID_Active
BRAF	IDI1	TbID_Active
BRAF	KEAP1	TbID_Active
BRAF	BTG3	TbID_Active
BRAF	GALNT3	TbID_Active
BRAF	ZNF267	TbID_Active
BRAF	STARD3	TbID_Active
BRAF	PSME4	TbID_Active
BRAF	PSMD6	TbID_Active
BRAF	ARL6IP1	TbID_Active
BRAF	DHCR24	TbID_Active
BRAF	RAB30	TbID_Active
BRAF	EXT1	TbID_Active
BRAF	PPP2R5E	TbID_Active
BRAF	CDC37	TbID_Active
BRAF	DUSP5	TbID_Active
BRAF	UBE2S	TbID_Active
BRAF	UPP1	TbID_Active
BRAF	CYP51A1	TbID_Active
BRAF	UGT8	TbID_Active
BRAF	ZNF791	TbID_Active
BRAF	GPAT3	TbID_Active
BRAF	ORMDL2	TbID_Active
BRAF	PHLDA2	TbID_Active
BRAF	PLEKHO1	TbID_Active
BRAF	ACTBL2	TbID_Active
BRAF	OCIAD2	TbID_Active
BRAF	TMEM41B	TbID_Active
BRAF	MEST	TbID_Active
BRAF	RNFT1	TbID_Active
BRAF	ELFN2	TbID_Active
BRAF	TMEM201	TbID_Active
BRAF	ZNF697	TbID_Active
BRAF	ASPHD1	TbID_Active
BRAF	HECTD2	TbID_Active
BRAF	ANKRD22	TbID_Active
BRAF	DCAF15	TbID_Active
BRAF	FAAH2	TbID_Active
BRAF	CCSAP	TbID_Active
BRAF	SLC25A25	TbID_Active
BRAF	MFSD5	TbID_Active
BRAF	REEP3	TbID_Active
BRAF	PGM2L1	TbID_Active
BRAF	POTEE	TbID_Active
BRAF	FAM111B	TbID_Active
BRAF	CSPG4	TbID_Active
BRAF	TMEM205	TbID_Active
BRAF	LCLAT1	TbID_Active
BRAF	ZNF562	TbID_Active
BRAF	CERS6	TbID_Active
BRAF	ZNF66	TbID_Active
BRAF	TMPPE	TbID_Active
BRAF	LANCL3	TbID_Active
BRAF	PAQR9	TbID_Active
BRAF	ILDR2	TbID_Active
BRAF	BZW1	TbID_Active
BRAF	ARC	TbID_Active
BRAF	LRP10	TbID_Active
BRAF	SPRED2	TbID_Active
BRAF	SPRED1	TbID_Active
BRAF	PIGW	TbID_Active
BRAF	C11orf96	TbID_Active
BRAF	DHDDS	TbID_Active
BRAF	ADIPOR2	TbID_Active
BRAF	TMEM200A	TbID_Active
BRAF	LSR	TbID_Active
BRAF	VRK2	TbID_Active
BRAF	HOMER1	TbID_Active
BRAF	DOLPP1	TbID_Active
BRAF	RAB43	TbID_Active
BRAF	EPHX4	TbID_Active
BRAF	ZDHHC21	TbID_Active
BRAF	ITPRIP	TbID_Active
BRAF	DCUN1D3	TbID_Active
BRAF	CMTR2	TbID_Active
BRAF	ASPM	TbID_Active
BRAF	ZNF444	TbID_Active
BRAF	FBXL6	TbID_Active
BRAF	CERS5	TbID_Active
BRAF	JAGN1	TbID_Active
BRAF	FITM2	TbID_Active
BRAF	ZNF525	TbID_Active
BRAF	SLC25A29	TbID_Active
BRAF	FAM98A	TbID_Active
BRAF	GPRC5A	TbID_Active
BRAF	FBH1	TbID_Active
BRAF	SGMS2	TbID_Active
BRAF	OCC1	TbID_Active
BRAF	SLC35B2	TbID_Active
BRAF	SLC35G2	TbID_Active
BRAF	SFXN5	TbID_Active
BRAF	SLC2A14	TbID_Active
BRAF	SLC20A1	TbID_Active
BRAF	FAR1	TbID_Active
BRAF	CCNB3	TbID_Active
BRAF	KCTD13	TbID_Active
BRAF	PIGB	TbID_Active
BRAF	CENPI	TbID_Active
BRAF	RND1	TbID_Active
BRAF	PEX13	TbID_Active
BRAF	ATP6V0A1	TbID_Active
BRAF	FBXO32	TbID_Active
BRAF	ZDHHC16	TbID_Active
BRAF	PNPLA2	TbID_Active
BRAF	AIDA	TbID_Active
BRAF	SARAF	TbID_Active
BRAF	PLEKHB2	TbID_Active
BRAF	KCTD12	TbID_Active
BRAF	FAM241B	TbID_Active
BRAF	NUS1	TbID_Active
BRAF	S100A16	TbID_Active
BRAF	VMP1	TbID_Active
BRAF	PRR11	TbID_Active
BRAF	FAR2	TbID_Active
BRAF	DNAJC1	TbID_Active
BRAF	BTBD6	TbID_Active
BRAF	DNAJC30	TbID_Active
BRAF	INTS15	TbID_Active
BRAF	GUCD1	TbID_Active
BRAF	BTBD9	TbID_Active
BRAF	TRIB1	TbID_Active
BRAF	SLC49A4	TbID_Active
BRAF	SDHC	TbID_Active
BRAF	RGPD5	TbID_Active
BRAF	CDC6	TbID_Active
BRAF	RNF5	TbID_Active
BRAF	FOXC2	TbID_Active
BRAF	VRK1	TbID_Active
BRAF	GDF15	TbID_Active
BRAF	SELENOS	TbID_Active
BRAF	ISCA1	TbID_Active
BRAF	DERL1	TbID_Active
BRAF	EMC6	TbID_Active
BRAF	TMEM147	TbID_Active
BRAF	ELOVL1	TbID_Active
BRAF	NAA15	TbID_Active
BRAF	TMEM59	TbID_Active
BRAF	EMILIN2	TbID_Active
BRAF	UBL5	TbID_Active
BRAF	ULBP2	TbID_Active
BRAF	SPRY4	TbID_Active
BRAF	BTBD1	TbID_Active
BRAF	METTL9	TbID_Active
BRAF	EHD4	TbID_Active
BRAF	SLC25A32	TbID_Active
BRAF	KCTD10	TbID_Active
BRAF	RNF41	TbID_Active
BRAF	SPRING1	TbID_Active
BRAF	TMEM185B	TbID_Active
BRAF	NAA60	TbID_Active
BRAF	DNAJC18	TbID_Active
BRAF	RNF122	TbID_Active
BRAF	CLK4	TbID_Active
BRAF	ZSWIM6	TbID_Active
BRAF	PGAP6	TbID_Active
BRAF	RAB18	TbID_Active
BRAF	PNPLA8	TbID_Active
BRAF	TMEM138	TbID_Active
BRAF	GPRC5C	TbID_Active
BRAF	XPNPEP3	TbID_Active
BRAF	ITM2C	TbID_Active
BRAF	FBXO8	TbID_Active
BRAF	SERINC1	TbID_Active
BRAF	TMEM39A	TbID_Active
BRAF	GNL3L	TbID_Active
BRAF	ASB6	TbID_Active
BRAF	DNAJB12	TbID_Active
BRAF	UTP6	TbID_Active
BRAF	WSB2	TbID_Active
BRAF	RNF181	TbID_Active
BRAF	CHPF2	TbID_Active
BRAF	GNG12	TbID_Active
BRAF	TNFRSF10D	TbID_Active
BRAF	DKK2	TbID_Active
BRAF	CLN8	TbID_Active
BRAF	APOBEC3B	TbID_Active
BRAF	SRRD	TbID_Active
BRAF	ADAMTS1	TbID_Active
BRAF	KLHL21	TbID_Active
BRAF	ZNF225	TbID_Active
BRAF	FBXO3	TbID_Active
BRAF	MRTO4	TbID_Active
BRAF	AMFR	TbID_Active
BRAF	PROCR	TbID_Active
BRAF	DOLK	TbID_Active
BRAF	CORO2B	TbID_Active
BRAF	RCE1	TbID_Active
BRAF	EIF3L	TbID_Active
BRAF	PIGL	TbID_Active
BRAF	KDM2A	TbID_Active
BRAF	PTRH2	TbID_Active
BRAF	RAP2C	TbID_Active
BRAF	ASB3	TbID_Active
BRAF	PCDHB2	TbID_Active
BRAF	FADS3	TbID_Active
BRAF	LIPG	TbID_Active
BRAF	UBIAD1	TbID_Active
BRAF	SPCS1	TbID_Active
BRAF	SELENOK	TbID_Active
BRAF	CSNK1G3	TbID_Active
BRAF	SQOR	TbID_Active
BRAF	NUDT4B	TbID_Active
BRAF	AIP	TbID_Active
BRAF	GFRA2	TbID_Active
BRAF	PLOD3	TbID_Active
BRAF	ZNF324	TbID_Active
BRAF	GABBR2	TbID_Active
BRAF	CHGB	TbID_Active
BRAF	UROD	TbID_Active
BRAF	HSP90AB1	TbID_Active
BRAF	C4A;C4B	TbID_Active
BRAF	ELFN1	TbID_Active
BRAF	ARAF	TbID_Active
BRAF	CHGA	TbID_Active
BRAF	ETS2	TbID_Active
BRAF	FOSL1	TbID_Active
BRAF	RPA2	TbID_Active
BRAF	ACAN	TbID_Active
BRAF	TUBG1	TbID_Active
BRAF	RPA1	TbID_Active
BRAF	MAT2A	TbID_Active
BRAF	SDC4	TbID_Active
BRAF	RPA3	TbID_Active
BRAF	CDKN1A	TbID_Active
BRAF	PIK3CA	TbID_Active
BRAF	METAP2	TbID_Active
BRAF	PSMC5	TbID_Active
BRAF	MZT1	TbID_Active
BRAF	ORC1	TbID_Active
BRAF	TUBB3	TbID_Active
BRAF	PCLAF	TbID_Active
BRAF	FSCN1	TbID_Active
BRAF	ALG11	TbID_Active
BRAF	HSP90AA5P	TbID_Active
BRAF	HSP90AA4P	TbID_Active
BRAF	ZNF789	TbID_Active
BRAF	ZNF684	TbID_Active
BRAF	EGFLAM	TbID_Active
BRAF	TTC27	TbID_Active
BRAF	ZCCHC12	TbID_Active
BRAF	KSR2	TbID_Active
BRAF	ABHD13	TbID_Active
BRAF	ZNF765	TbID_Active
BRAF	FBXO11	TbID_Active
BRAF	ANKRD18A	TbID_Active
BRAF	SIRT2	TbID_Active
BRAF	EID2	TbID_Active
BRAF	ZNF557	TbID_Active
BRAF	COLGALT1	TbID_Active
BRAF	SLC44A5	TbID_Active
BRAF	PNMA1	TbID_Active
BRAF	AEN	TbID_Active
BRAF	CEMIP	TbID_Active
BRAF	C11orf52	TbID_Active
BRAF	ZNF669	TbID_Active
BRAF	ARMC5	TbID_Active
BRAF	TUBGCP3	TbID_Active
BRAF	ARL5B	TbID_Active
BRAF	LRR1	TbID_Active
BRAF	ZNF578	TbID_Active
BRAF	YPEL2	TbID_Active
BRAF	TWNK	TbID_Active
BRAF	AGAP2	TbID_Active
BRAF	TUBGCP2	TbID_Active
BRAF	CARD6	TbID_Active
BRAF	STRA6	TbID_Active
BRAF	DOCK9	TbID_Active
BRAF	SLC29A3	TbID_Active
BRAF	KLHL4	TbID_Active
BRAF	PELI2	TbID_Active
BRAF	ANKH	TbID_Active
BRAF	GPAM	TbID_Active
BRAF	MYO10	TbID_Active
BRAF	SH2D2A	TbID_Active
BRAF	KMT5A	TbID_Active
BRAF	ERRFI1	TbID_Active
BRAF	FBXL3	TbID_Active
BRAF	ZNF215	TbID_Active
BRAF	BAIAP2	TbID_Active
BRAF	DLGAP4	TbID_Active
BRAF	ZNF256	TbID_Active
NRAS	TUG1	TbID_Active
NRAS	SGK1	TbID_Active
NRAS	RGL2	TbID_Active
NRAS	CEP104	TbID_Active
NRAS	SC5D	TbID_Active
NRAS	SULT1C4	TbID_Active
NRAS	SLIT2	TbID_Active
NRAS	ZIC2	TbID_Active
NRAS	FADS2	TbID_Active
NRAS	NRAS	TbID_Active
NRAS	HRAS	TbID_Active
NRAS	KRAS	TbID_Active
NRAS	RAF1	TbID_Active
NRAS	THBS1	TbID_Active
NRAS	C4A;C4B	TbID_Active
NRAS	CHGA	TbID_Active
NRAS	PKM	TbID_Active
NRAS	BRAF	TbID_Active
NRAS	RPA2	TbID_Active
NRAS	RASA1	TbID_Active
NRAS	CSRP1	TbID_Active
NRAS	PTPRZ1	TbID_Active
NRAS	EEF1B2	TbID_Active
NRAS	EEF1G	TbID_Active
NRAS	RPA1	TbID_Active
NRAS	PSMB5	TbID_Active
NRAS	GABRB3	TbID_Active
NRAS	RPA3	TbID_Active
NRAS	PIK3CA	TbID_Active
NRAS	CCNG1	TbID_Active
NRAS	DRG2	TbID_Active
NRAS	AFDN	TbID_Active
NRAS	SESN3	TbID_Active
NRAS	RAP1B	TbID_Active
NRAS	PSMC5	TbID_Active
NRAS	SERF2	TbID_Active
NRAS	ID3	TbID_Active
NRAS	ZNF91	TbID_Active
NRAS	CACNB2	TbID_Active
NRAS	RALGDS	TbID_Active
NRAS	SCRIB	TbID_Active
NRAS	CRMP1	TbID_Active
NRAS	NFE2L1	TbID_Active
NRAS	PCLAF	TbID_Active
NRAS	DHCR24	TbID_Active
NRAS	FSCN1	TbID_Active
NRAS	ORMDL2	TbID_Active
NRAS	MEST	TbID_Active
NRAS	SFRP5	TbID_Active
NRAS	HECTD2	TbID_Active
NRAS	ECPAS	TbID_Active
NRAS	ZNF66	TbID_Active
NRAS	MYPN	TbID_Active
NRAS	C12orf56	TbID_Active
NRAS	ASPM	TbID_Active
NRAS	CBARP	TbID_Active
NRAS	LZTR1	TbID_Active
NRAS	SLC44A5	TbID_Active
NRAS	FBH1	TbID_Active
NRAS	RP9	TbID_Active
NRAS	AEN	TbID_Active
NRAS	ANKRD49	TbID_Active
NRAS	RASSF5	TbID_Active
NRAS	CENPI	TbID_Active
NRAS	CDC6	TbID_Active
NRAS	GDF15	TbID_Active
NRAS	KCTD10	TbID_Active
NRAS	ACTL8	TbID_Active
NRAS	DNAJC18	TbID_Active
NRAS	KMT5A	TbID_Active
NRAS	PLCE1	TbID_Active
NRAS	ZNF492	TbID_Active
NRAS	ARHGAP28	TbID_Active
NRAS	NDRG2	TbID_Active
NRAS	SHOC2	TbID_Active
NRAS	LZTS1	TbID_Active
NRAS	KDM2A	TbID_Active
NRAS	SLC27A6	TbID_Active
NRAS	RAPGEF2	TbID_Active
NRAS	B3GALT1	TbID_Active
NRAS	GPC6	TbID_Active
NRAS	MSANTD7	TbID_Active
NRAS	PIK3CD	TbID_Active
NRAS	PIK3R2	TbID_Active
NRAS	KRIT1	TbID_Active
NRAS	DPYSL4	TbID_Active
NRAS	CPLX1	TbID_Active
NRAS	VGF	TbID_Active
NRAS	SIVA1	TbID_Active
NRAS	BCL2L11	TbID_Active
NRAS	KCNQ2	TbID_Active
NRAS	SUSD5	TbID_Active
NRAS	COL2A1	TbID_Active
NRAS	RB1	TbID_Active
NRAS	ELFN1	TbID_Active
NRAS	VCAN	TbID_Active
NRAS	RAC2	TbID_Active
NRAS	ACAN	TbID_Active
NRAS	JUND	TbID_Active
NRAS	ITIH2	TbID_Active
NRAS	MSH3	TbID_Active
NRAS	COL5A1	TbID_Active
NRAS	PTMS	TbID_Active
NRAS	LAMA1	TbID_Active
NRAS	PTX3	TbID_Active
NRAS	PIK3R1	TbID_Active
NRAS	GPC1	TbID_Active
NRAS	FBN2	TbID_Active
NRAS	ZNF93	TbID_Active
NRAS	CDKN1A	TbID_Active
NRAS	CDKN1B	TbID_Active
NRAS	SEPHS1	TbID_Active
NRAS	CRIP2	TbID_Active
NRAS	GAS1	TbID_Active
NRAS	MFAP2	TbID_Active
NRAS	LSAMP	TbID_Active
NRAS	IDI1	TbID_Active
NRAS	ARHGEF7	TbID_Active
NRAS	GIT2	TbID_Active
NRAS	DOCK1	TbID_Active
NRAS	GAMT	TbID_Active
NRAS	RASA3	TbID_Active
NRAS	MFSD13A	TbID_Active
NRAS	LLGL1	TbID_Active
NRAS	SNCB	TbID_Active
NRAS	CCDC88A	TbID_Active
NRAS	CYP27C1	TbID_Active
NRAS	EAPP	TbID_Active
NRAS	ATXN7L2	TbID_Active
NRAS	SYT6	TbID_Active
NRAS	EEIG2	TbID_Active
NRAS	N4BP2L1	TbID_Active
NRAS	EGFLAM	TbID_Active
NRAS	CPLX2	TbID_Active
NRAS	THSD4	TbID_Active
NRAS	PREX2	TbID_Active
NRAS	RASGRP2	TbID_Active
NRAS	GPRIN1	TbID_Active
NRAS	ACOT1	TbID_Active
NRAS	CHD1L	TbID_Active
NRAS	BRSK2	TbID_Active
NRAS	HOMEZ	TbID_Active
NRAS	TMEFF1	TbID_Active
NRAS	ARHGAP18	TbID_Active
NRAS	RAPGEF6	TbID_Active
NRAS	MITD1	TbID_Active
NRAS	CKAP2	TbID_Active
NRAS	PIK3R3	TbID_Active
NRAS	HTRA1	TbID_Active
NRAS	LOXL4	TbID_Active
NRAS	RADIL	TbID_Active
NRAS	GDAP1L1	TbID_Active
NRAS	HAPLN3	TbID_Active
NRAS	RPP25	TbID_Active
NRAS	EMILIN2	TbID_Active
NRAS	NUCKS1	TbID_Active
NRAS	CPVL	TbID_Active
NRAS	PPP1R3E	TbID_Active
NRAS	TMT1A	TbID_Active
NRAS	PATZ1	TbID_Active
NRAS	ANKRD10	TbID_Active
NRAS	ZNF219	TbID_Active
NRAS	PRKAG2	TbID_Active
NRAS	VANGL2	TbID_Active
NRAS	SHANK2	TbID_Active
NRAS	AKT3	TbID_Active
NRAS	GIT1	TbID_Active
NRAS	IRS2	TbID_Active
NRAS	CHCHD2	TbID_Active
NRAS	AK5	TbID_Active
MAPK3	PTPDC1	TbID_Active
MAPK3	WASH3P	TbID_Active
MAPK3	ATXN7	TbID_Active
MAPK3	FRS3	TbID_Active
MAPK3	SLC16A7	TbID_Active
MAPK3	SUPT3H	TbID_Active
MAPK3	TAF5L	TbID_Active
MAPK3	RPS6KA5	TbID_Active
MAPK3	SUPT7L	TbID_Active
MAPK3	C4A;C4B	TbID_Active
MAPK3	UCHL3	TbID_Active
MAPK3	HIVEP1	TbID_Active
MAPK3	RPA2	TbID_Active
MAPK3	CSRP1	TbID_Active
MAPK3	PTPRZ1	TbID_Active
MAPK3	MAPK3	TbID_Active
MAPK3	RPA1	TbID_Active
MAPK3	RPA3	TbID_Active
MAPK3	MAP2K2	TbID_Active
MAPK3	ETV3	TbID_Active
MAPK3	ERF	TbID_Active
MAPK3	RPS6KA3	TbID_Active
MAPK3	MEF2A	TbID_Active
MAPK3	ID3	TbID_Active
MAPK3	LSAMP	TbID_Active
MAPK3	GAB1	TbID_Active
MAPK3	CRMP1	TbID_Active
MAPK3	ATXN7L3	TbID_Active
MAPK3	PEA15	TbID_Active
MAPK3	RPS6KA2	TbID_Active
MAPK3	RPS6KA1	TbID_Active
MAPK3	IFI16	TbID_Active
MAPK3	DUSP7	TbID_Active
MAPK3	ARHGAP31	TbID_Active
MAPK3	MEST	TbID_Active
MAPK3	ATXN7L2	TbID_Active
MAPK3	ANKRD34A	TbID_Active
MAPK3	ZCCHC12	TbID_Active
MAPK3	MIDEAS	TbID_Active
MAPK3	BEND4	TbID_Active
MAPK3	TADA2B	TbID_Active
MAPK3	ENAH	TbID_Active
MAPK3	SUPT20H	TbID_Active
MAPK3	FBH1	TbID_Active
MAPK3	FRS2	TbID_Active
MAPK3	NEO1	TbID_Active
MAPK3	PINX1	TbID_Active
MAPK3	TADA1	TbID_Active
MAPK3	FLYWCH2	TbID_Active
MAPK3	ARHGEF26	TbID_Active
MAPK3	BTBD6	TbID_Active
MAPK3	DUSP9	TbID_Active
MAPK3	SOX7	TbID_Active
MAPK3	CTDSP1	TbID_Active
MAPK3	DNTTIP1	TbID_Active
MAPK3	NELFA	TbID_Active
MAPK3	ZNF395	TbID_Active
MAPK3	MKNK2	TbID_Active
MAPK3	TAF9B	TbID_Active
MAPK3	WASH6P	TbID_Active
MAPK3	STMN3	TbID_Active
MAPK3	PCDH10	TbID_Active
MAPK3	TRPS1	TbID_Active
MAPK3	RPS6KA6	TbID_Active
MAPK3	MRTFB	TbID_Active
MAPK3	ATXN7L1	TbID_Active
MAPK3	RAI2	TbID_Active
MAPK3	B3GALT1	TbID_Active
KRAS	COL18A1	TbID_Active
KRAS	SOWAHD	TbID_Active
KRAS	PRRT4	TbID_Active
KRAS	FNDC10	TbID_Active
KRAS	AP3B1	TbID_Active
KRAS	PIK3CD	TbID_Active
KRAS	CTDSP2	TbID_Active
KRAS	RGL2	TbID_Active
KRAS	CEP104	TbID_Active
KRAS	CSPG5	TbID_Active
KRAS	WNT11	TbID_Active
KRAS	NRAS	TbID_Active
KRAS	HRAS	TbID_Active
KRAS	KRAS	TbID_Active
KRAS	RAF1	TbID_Active
KRAS	RPN2	TbID_Active
KRAS	COL5A2	TbID_Active
KRAS	CTSB	TbID_Active
KRAS	GNAO1	TbID_Active
KRAS	FAM200B	TbID_Active
KRAS	IFITM1	TbID_Active
KRAS	BMP1	TbID_Active
KRAS	VCAN	TbID_Active
KRAS	ITGA4	TbID_Active
KRAS	CD59	TbID_Active
KRAS	CD99	TbID_Active
KRAS	BRAF	TbID_Active
KRAS	ITGA2	TbID_Active
KRAS	COL5A1	TbID_Active
KRAS	CNTFR	TbID_Active
KRAS	SOAT1	TbID_Active
KRAS	GRIK1	TbID_Active
KRAS	PIK3CA	TbID_Active
KRAS	GNG4	TbID_Active
KRAS	GNG10	TbID_Active
KRAS	SLC26A2	TbID_Active
KRAS	MFAP2	TbID_Active
KRAS	AFDN	TbID_Active
KRAS	ITGA1	TbID_Active
KRAS	DAD1	TbID_Active
KRAS	NUTF2	TbID_Active
KRAS	RPL39;RPL39P5	TbID_Active
KRAS	ASIC1	TbID_Active
KRAS	MAP2K1	TbID_Active
KRAS	ACVR1	TbID_Active
KRAS	LOXL1	TbID_Active
KRAS	RALGDS	TbID_Active
KRAS	TCOF1	TbID_Active
KRAS	GPM6B	TbID_Active
KRAS	SERINC3	TbID_Active
KRAS	IQGAP2	TbID_Active
KRAS	SCRIB	TbID_Active
KRAS	OCLN	TbID_Active
KRAS	FUT11	TbID_Active
KRAS	EEF1AKMT2	TbID_Active
KRAS	SLC35F1	TbID_Active
KRAS	N4BP2L1	TbID_Active
KRAS	GRTP1	TbID_Active
KRAS	TTC39B	TbID_Active
KRAS	ECPAS	TbID_Active
KRAS	CSPG4	TbID_Active
KRAS	MOXD1	TbID_Active
KRAS	EEPD1	TbID_Active
KRAS	MEGF8	TbID_Active
KRAS	SCD5	TbID_Active
KRAS	RTN4RL2	TbID_Active
KRAS	PAQR7	TbID_Active
KRAS	ERO1B	TbID_Active
KRAS	SULF2	TbID_Active
KRAS	SULF1	TbID_Active
KRAS	GALNT12	TbID_Active
KRAS	CYP4X1	TbID_Active
KRAS	ACBD4	TbID_Active
KRAS	CAMKV	TbID_Active
KRAS	ADPRHL1	TbID_Active
KRAS	TTL	TbID_Active
KRAS	ZNF596	TbID_Active
KRAS	ADAMTS17	TbID_Active
KRAS	MAP4K1	TbID_Active
KRAS	MRAP2	TbID_Active
KRAS	RADIL	TbID_Active
KRAS	IPO9	TbID_Active
KRAS	ARHGEF17	TbID_Active
KRAS	FOXC2	TbID_Active
KRAS	CADM1	TbID_Active
KRAS	MAGT1	TbID_Active
KRAS	DOCK5	TbID_Active
KRAS	TMT1A	TbID_Active
KRAS	UBTD1	TbID_Active
KRAS	PLGRKT	TbID_Active
KRAS	C1GALT1	TbID_Active
KRAS	RGL1	TbID_Active
KRAS	PLCE1	TbID_Active
KRAS	ARHGAP28	TbID_Active
KRAS	SHANK2	TbID_Active
KRAS	SHOC2	TbID_Active
KRAS	PADI2	TbID_Active
KRAS	EMC9	TbID_Active
KRAS	RNF11	TbID_Active
KRAS	CCDC61	TbID_Active
KRAS	GNG7	TbID_Active
KRAS	RP2	TbID_Active
KRAS	TP53	TbID_Active
KRAS	H2AC4;H2AC25	TbID_Active
KRAS	H2BC11;H2BC21	TbID_Active
KRAS	H1-0	TbID_Active
KRAS	LYN	TbID_Active
KRAS	CD55	TbID_Active
KRAS	ITGA5	TbID_Active
KRAS	H2AC11;H2AC20;H2AC18;H2AC12;H2AC14;H2AJ	TbID_Active
KRAS	NID1	TbID_Active
KRAS	CPE	TbID_Active
KRAS	NR2F2	TbID_Active
KRAS	PTX3	TbID_Active
KRAS	TLX1	TbID_Active
KRAS	TIMP3	TbID_Active
KRAS	HMGA2	TbID_Active
KRAS	TMBIM6	TbID_Active
KRAS	RRAS2	TbID_Active
KRAS	H4C1	TbID_Active
KRAS	SRPX	TbID_Active
KRAS	DCD	TbID_Active
KRAS	H3-3A	TbID_Active
KRAS	CNTN1	TbID_Active
KRAS	MAD2L1	TbID_Active
KRAS	SLC29A2	TbID_Active
KRAS	PUM3	TbID_Active
KRAS	KLHL12	TbID_Active
KRAS	C6orf163	TbID_Active
KRAS	KLHL17	TbID_Active
KRAS	PAQR9	TbID_Active
KRAS	SDK1	TbID_Active
KRAS	ARL6IP6	TbID_Active
KRAS	P3H4	TbID_Active
KRAS	AIDA	TbID_Active
KRAS	HAPLN3	TbID_Active
KRAS	UHRF1	TbID_Active
KRAS	FUT8	TbID_Active
KRAS	SDR39U1	TbID_Active
KRAS	RABAC1	TbID_Active
KRAS	KIF26A	TbID_Active
KRAS	PROCR	TbID_Active
KRAS	SLC4A4	TbID_Active
RAF1	TUG1	TbID_Active
RAF1	PEDS1	TbID_Active
RAF1	SGK1	TbID_Active
RAF1	AIP	TbID_Active
RAF1	LGALS8	TbID_Active
RAF1	IPO5	TbID_Active
RAF1	CCN1	TbID_Active
RAF1	ENC1	TbID_Active
RAF1	TNFRSF10B	TbID_Active
RAF1	N4BP3	TbID_Active
RAF1	ANGPT2	TbID_Active
RAF1	VGF	TbID_Active
RAF1	CYP26A1	TbID_Active
RAF1	SPINT2	TbID_Active
RAF1	KCNQ2	TbID_Active
RAF1	SPRY2	TbID_Active
RAF1	SPOP	TbID_Active
RAF1	EDIL3	TbID_Active
RAF1	CTSV	TbID_Active
RAF1	GADD45B	TbID_Active
RAF1	DUSP11	TbID_Active
RAF1	STX11	TbID_Active
RAF1	USP2	TbID_Active
RAF1	CDC123	TbID_Active
RAF1	SC5D	TbID_Active
RAF1	SERF1A	TbID_Active
RAF1	GLS	TbID_Active
RAF1	ABCB11	TbID_Active
RAF1	SFT2D2	TbID_Active
RAF1	NTN1	TbID_Active
RAF1	TMEM50A	TbID_Active
RAF1	TSPAN15	TbID_Active
RAF1	TIMP1	TbID_Active
RAF1	FOS	TbID_Active
RAF1	HRAS	TbID_Active
RAF1	TGFB1	TbID_Active
RAF1	HLA-B	TbID_Active
RAF1	TFRC	TbID_Active
RAF1	RAF1	TbID_Active
RAF1	HLA-A	TbID_Active
RAF1	CHGB	TbID_Active
RAF1	KRT18	TbID_Active
RAF1	THBD	TbID_Active
RAF1	HSP90AA1	TbID_Active
RAF1	LYN	TbID_Active
RAF1	HSP90AB1	TbID_Active
RAF1	ELFN1	TbID_Active
RAF1	POLR1D	TbID_Active
RAF1	CHGA	TbID_Active
RAF1	TFPI	TbID_Active
RAF1	CLU	TbID_Active
RAF1	TPT1	TbID_Active
RAF1	TRIM27	TbID_Active
RAF1	PKM	TbID_Active
RAF1	RAC2	TbID_Active
RAF1	FOSL1	TbID_Active
RAF1	AREG	TbID_Active
RAF1	ARSB	TbID_Active
RAF1	RPA2	TbID_Active
RAF1	CD44	TbID_Active
RAF1	ACAN	TbID_Active
RAF1	EPCAM	TbID_Active
RAF1	JUNB	TbID_Active
RAF1	GJA1	TbID_Active
RAF1	FLT1	TbID_Active
RAF1	EGR1	TbID_Active
RAF1	TAC1	TbID_Active
RAF1	CSRP1	TbID_Active
RAF1	PTPRZ1	TbID_Active
RAF1	EEF1B2	TbID_Active
RAF1	EEF1G	TbID_Active
RAF1	ZFP36	TbID_Active
RAF1	RPA1	TbID_Active
RAF1	PSMB4	TbID_Active
RAF1	GABRB3	TbID_Active
RAF1	DUSP1	TbID_Active
RAF1	EPHA2	TbID_Active
RAF1	CRABP2	TbID_Active
RAF1	EEF1D	TbID_Active
RAF1	PPP2R1B	TbID_Active
RAF1	NTS	TbID_Active
RAF1	CORO1A	TbID_Active
RAF1	DNAJA1	TbID_Active
RAF1	MAN1A1	TbID_Active
RAF1	GPC1	TbID_Active
RAF1	RPA3	TbID_Active
RAF1	GJA5	TbID_Active
RAF1	MAP2K2	TbID_Active
RAF1	GNL1	TbID_Active
RAF1	SLC19A1	TbID_Active
RAF1	PRKCI	TbID_Active
RAF1	TFPI2	TbID_Active
RAF1	NMU	TbID_Active
RAF1	HSPA13	TbID_Active
RAF1	LMAN1	TbID_Active
RAF1	INPP1	TbID_Active
RAF1	CLK1	TbID_Active
RAF1	LIG4	TbID_Active
RAF1	KPNA2	TbID_Active
RAF1	CRIP2	TbID_Active
RAF1	FOSB	TbID_Active
RAF1	F2RL1	TbID_Active
RAF1	CXCR4	TbID_Active
RAF1	COPS2	TbID_Active
RAF1	YPEL3	TbID_Active
RAF1	PSMC5	TbID_Active
RAF1	ESRRG	TbID_Active
RAF1	YWHAZ	TbID_Active
RAF1	ARF1	TbID_Active
RAF1	SERF2	TbID_Active
RAF1	PFKP	TbID_Active
RAF1	MAP2K1	TbID_Active
RAF1	FKBP4	TbID_Active
RAF1	PLAUR	TbID_Active
RAF1	GBE1	TbID_Active
RAF1	EEF1A2	TbID_Active
RAF1	MFGE8	TbID_Active
RAF1	SPOCK1	TbID_Active
RAF1	CD47	TbID_Active
RAF1	CALCOCO2	TbID_Active
RAF1	SQSTM1	TbID_Active
RAF1	SERINC3	TbID_Active
RAF1	CUL3	TbID_Active
RAF1	RAB32	TbID_Active
RAF1	LAMB3	TbID_Active
RAF1	TNFAIP1	TbID_Active
RAF1	BTG3	TbID_Active
RAF1	HNF4G	TbID_Active
RAF1	MFSD10	TbID_Active
RAF1	ARL6IP1	TbID_Active
RAF1	DHCR24	TbID_Active
RAF1	PDCD2	TbID_Active
RAF1	CDC37	TbID_Active
RAF1	FSCN1	TbID_Active
RAF1	UBE2S	TbID_Active
RAF1	UPP1	TbID_Active
RAF1	ALG11	TbID_Active
RAF1	INAVA	TbID_Active
RAF1	ITPRIPL2	TbID_Active
RAF1	KLHL12	TbID_Active
RAF1	PHLDA2	TbID_Active
RAF1	PLEKHO1	TbID_Active
RAF1	HSP90AA5P	TbID_Active
RAF1	HSP90AA4P	TbID_Active
RAF1	TMEM41B	TbID_Active
RAF1	MEST	TbID_Active
RAF1	GPRASP1	TbID_Active
RAF1	SLC35D3	TbID_Active
RAF1	ELFN2	TbID_Active
RAF1	TMEM201	TbID_Active
RAF1	ATAT1	TbID_Active
RAF1	ODR4	TbID_Active
RAF1	UTF1	TbID_Active
RAF1	ZNF697	TbID_Active
RAF1	ASPHD1	TbID_Active
RAF1	HECTD2	TbID_Active
RAF1	REEP3	TbID_Active
RAF1	TMEM154	TbID_Active
RAF1	ZCCHC12	TbID_Active
RAF1	FAM111B	TbID_Active
RAF1	CSPG4	TbID_Active
RAF1	LANCL3	TbID_Active
RAF1	PAQR9	TbID_Active
RAF1	ILDR2	TbID_Active
RAF1	ARC	TbID_Active
RAF1	CHST3	TbID_Active
RAF1	LRP10	TbID_Active
RAF1	SPRED2	TbID_Active
RAF1	SPRED1	TbID_Active
RAF1	C11orf96	TbID_Active
RAF1	DHDDS	TbID_Active
RAF1	ADIPOR2	TbID_Active
RAF1	TMEM200A	TbID_Active
RAF1	LSR	TbID_Active
RAF1	LDLRAD3	TbID_Active
RAF1	HOMER1	TbID_Active
RAF1	CCDC125	TbID_Active
RAF1	EPHX4	TbID_Active
RAF1	ANKRD18A	TbID_Active
RAF1	DCUN1D3	TbID_Active
RAF1	TMEM192	TbID_Active
RAF1	ASPM	TbID_Active
RAF1	CBARP	TbID_Active
RAF1	SLC25A29	TbID_Active
RAF1	TTC13	TbID_Active
RAF1	KCT2	TbID_Active
RAF1	SLC44A5	TbID_Active
RAF1	ADPRHL1	TbID_Active
RAF1	GPRC5A	TbID_Active
RAF1	FBH1	TbID_Active
RAF1	SLC35G2	TbID_Active
RAF1	SLC20A1	TbID_Active
RAF1	ANKRD49	TbID_Active
RAF1	KCTD13	TbID_Active
RAF1	PIK3R3	TbID_Active
RAF1	CENPI	TbID_Active
RAF1	RND1	TbID_Active
RAF1	PEX13	TbID_Active
RAF1	ATP6V0A1	TbID_Active
RAF1	AIDA	TbID_Active
RAF1	SARAF	TbID_Active
RAF1	KCTD12	TbID_Active
RAF1	FAM241B	TbID_Active
RAF1	NUS1	TbID_Active
RAF1	S100A16	TbID_Active
RAF1	PRR11	TbID_Active
RAF1	IGSF21	TbID_Active
RAF1	LOXL4	TbID_Active
RAF1	FAR2	TbID_Active
RAF1	BTBD6	TbID_Active
RAF1	APOLD1	TbID_Active
RAF1	GDAP1L1	TbID_Active
RAF1	DCBLD2	TbID_Active
RAF1	BTBD9	TbID_Active
RAF1	YPEL2	TbID_Active
RAF1	TWNK	TbID_Active
RAF1	TRIB1	TbID_Active
RAF1	SDHC	TbID_Active
RAF1	OSMR	TbID_Active
RAF1	CDC6	TbID_Active
RAF1	PIP5K1A	TbID_Active
RAF1	TM9SF2	TbID_Active
RAF1	FOXC2	TbID_Active
RAF1	GDF15	TbID_Active
RAF1	SELENOS	TbID_Active
RAF1	ISCA1	TbID_Active
RAF1	TRAF4	TbID_Active
RAF1	STRA6	TbID_Active
RAF1	NAA15	TbID_Active
RAF1	TMEM59	TbID_Active
RAF1	EMILIN2	TbID_Active
RAF1	ULBP2	TbID_Active
RAF1	UCK2	TbID_Active
RAF1	SPRY4	TbID_Active
RAF1	SLC25A32	TbID_Active
RAF1	KCTD10	TbID_Active
RAF1	RNF41	TbID_Active
RAF1	ACTL8	TbID_Active
RAF1	RPAP3	TbID_Active
RAF1	TMEM185B	TbID_Active
RAF1	NAA60	TbID_Active
RAF1	DNAJC18	TbID_Active
RAF1	GPAM	TbID_Active
RAF1	WDR6	TbID_Active
RAF1	GPRC5C	TbID_Active
RAF1	XPNPEP3	TbID_Active
RAF1	PRDM10	TbID_Active
RAF1	ITM2C	TbID_Active
RAF1	FBXO8	TbID_Active
RAF1	DUSP22	TbID_Active
RAF1	SERINC1	TbID_Active
RAF1	GINM1	TbID_Active
RAF1	TMEM30A	TbID_Active
RAF1	GNL3L	TbID_Active
RAF1	ASB6	TbID_Active
RAF1	OCIAD1	TbID_Active
RAF1	RAB20	TbID_Active
RAF1	WSB2	TbID_Active
RAF1	SH3BP4	TbID_Active
RAF1	FRMD4A	TbID_Active
RAF1	DNMT3B	TbID_Active
RAF1	TNFRSF10D	TbID_Active
RAF1	CLN8	TbID_Active
RAF1	FTSJ1	TbID_Active
RAF1	APOBEC3B	TbID_Active
RAF1	ARMCX3	TbID_Active
RAF1	ADAMTS1	TbID_Active
RAF1	ERRFI1	TbID_Active
RAF1	KLHL21	TbID_Active
RAF1	TAOK2	TbID_Active
RAF1	PROCR	TbID_Active
RAF1	PDE10A	TbID_Active
RAF1	LZTS1	TbID_Active
RAF1	ITM2B	TbID_Active
RAF1	UST	TbID_Active
RAF1	DLGAP4	TbID_Active
RAF1	KDM2A	TbID_Active
RAF1	SLC27A6	TbID_Active
RAF1	TDRKH	TbID_Active
RAF1	SUGT1	TbID_Active
RAF1	FADS3	TbID_Active
RAF1	LIPG	TbID_Active
RAF1	B3GALT1	TbID_Active
RAF1	SMIM26	TbID_Active
RAF1	SCD	TbID_Active
RAF1	BCKDK	TbID_Active
RAF1	FADS1	TbID_Active
RAF1	PLOD3	TbID_Active
RAF1	SULT1C4	TbID_Active
RAF1	FADS2	TbID_Active
RAF1	CA2	TbID_Active
RAF1	FGG	TbID_Active
RAF1	FN1	TbID_Active
RAF1	NEFL	TbID_Active
RAF1	THBS1	TbID_Active
RAF1	C4A;C4B	TbID_Active
RAF1	ETS2	TbID_Active
RAF1	PSMB5	TbID_Active
RAF1	MAT2A	TbID_Active
RAF1	SDC4	TbID_Active
RAF1	YWHAB	TbID_Active
RAF1	RABIF	TbID_Active
RAF1	METAP2	TbID_Active
RAF1	CCNG1	TbID_Active
RAF1	POLR2H	TbID_Active
RAF1	PSMA6	TbID_Active
RAF1	YWHAG	TbID_Active
RAF1	YWHAE	TbID_Active
RAF1	POLR2L	TbID_Active
RAF1	U2AF1	TbID_Active
RAF1	SPTBN1	TbID_Active
RAF1	PRDX4	TbID_Active
RAF1	LSAMP	TbID_Active
RAF1	TDG	TbID_Active
RAF1	SPTAN1	TbID_Active
RAF1	IDI1	TbID_Active
RAF1	KEAP1	TbID_Active
RAF1	CRMP1	TbID_Active
RAF1	NFE2L1	TbID_Active
RAF1	LBR	TbID_Active
RAF1	PCLAF	TbID_Active
RAF1	PPP2R5E	TbID_Active
RAF1	DUSP5	TbID_Active
RAF1	MIDN	TbID_Active
RAF1	ORMDL2	TbID_Active
RAF1	TEX30	TbID_Active
RAF1	MIIP	TbID_Active
RAF1	RNFT1	TbID_Active
RAF1	ZMYM1	TbID_Active
RAF1	SFRP5	TbID_Active
RAF1	ARMC6	TbID_Active
RAF1	CCBE1	TbID_Active
RAF1	PREX2	TbID_Active
RAF1	G2E3	TbID_Active
RAF1	FBXO11	TbID_Active
RAF1	PHTF2	TbID_Active
RAF1	COLGALT1	TbID_Active
RAF1	UBAC2	TbID_Active
RAF1	PNMA1	TbID_Active
RAF1	RP9	TbID_Active
RAF1	AEN	TbID_Active
RAF1	NUDCD2	TbID_Active
RAF1	FAR1	TbID_Active
RAF1	GLMN	TbID_Active
RAF1	APOBEC3D	TbID_Active
RAF1	LRR1	TbID_Active
RAF1	KLHL15	TbID_Active
RAF1	GUCD1	TbID_Active
RAF1	NOL10	TbID_Active
RAF1	LIMD2	TbID_Active
RAF1	THTPA	TbID_Active
RAF1	BTBD1	TbID_Active
RAF1	TSPYL1	TbID_Active
RAF1	ARV1	TbID_Active
RAF1	MUC5B	TbID_Active
RAF1	KMT5A	TbID_Active
RAF1	UTP6	TbID_Active
RAF1	APEX2	TbID_Active
RAF1	EGFL7	TbID_Active
RAF1	MRTO4	TbID_Active
RAF1	FBXL3	TbID_Active
RAF1	NDRG2	TbID_Active
RAF1	NOVA2	TbID_Active
RAF1	PRELID1	TbID_Active
RAF1	CFL2	TbID_Active
RAF1	TMX2	TbID_Active
RAF1	UBIAD1	TbID_Active
MAPK1	TUG1	TbID_Active
MAPK1	PTPDC1	TbID_Active
MAPK1	SOWAHB	TbID_Active
MAPK1	FNDC10	TbID_Active
MAPK1	FRS3	TbID_Active
MAPK1	SLC16A7	TbID_Active
MAPK1	RPS6KA5	TbID_Active
MAPK1	SLIT2	TbID_Active
MAPK1	FADS2	TbID_Active
MAPK1	C4A;C4B	TbID_Active
MAPK1	CYBA	TbID_Active
MAPK1	UCHL3	TbID_Active
MAPK1	HIVEP1	TbID_Active
MAPK1	RPA2	TbID_Active
MAPK1	PTPRZ1	TbID_Active
MAPK1	RPA1	TbID_Active
MAPK1	GABRB3	TbID_Active
MAPK1	MAPK1	TbID_Active
MAPK1	RPA3	TbID_Active
MAPK1	MAP2K2	TbID_Active
MAPK1	ETV3	TbID_Active
MAPK1	TFPI2	TbID_Active
MAPK1	ERF	TbID_Active
MAPK1	RPS6KA3	TbID_Active
MAPK1	SESN3	TbID_Active
MAPK1	SERF2	TbID_Active
MAPK1	LGALS3BP	TbID_Active
MAPK1	LSAMP	TbID_Active
MAPK1	RAB32	TbID_Active
MAPK1	TNFAIP1	TbID_Active
MAPK1	CRMP1	TbID_Active
MAPK1	PCLAF	TbID_Active
MAPK1	ARL6IP1	TbID_Active
MAPK1	PEA15	TbID_Active
MAPK1	RPS6KA2	TbID_Active
MAPK1	RPS6KA1	TbID_Active
MAPK1	DUSP7	TbID_Active
MAPK1	ORMDL2	TbID_Active
MAPK1	MEST	TbID_Active
MAPK1	SFRP5	TbID_Active
MAPK1	CPTP	TbID_Active
MAPK1	ANKRD34A	TbID_Active
MAPK1	PIGW	TbID_Active
MAPK1	FOXRED2	TbID_Active
MAPK1	C12orf56	TbID_Active
MAPK1	ASPM	TbID_Active
MAPK1	GATD1	TbID_Active
MAPK1	PNMA1	TbID_Active
MAPK1	SUPT20H	TbID_Active
MAPK1	FBH1	TbID_Active
MAPK1	RP9	TbID_Active
MAPK1	MPLKIP	TbID_Active
MAPK1	CENPI	TbID_Active
MAPK1	BTBD6	TbID_Active
MAPK1	DNAJC30	TbID_Active
MAPK1	GUCD1	TbID_Active
MAPK1	DUSP9	TbID_Active
MAPK1	SOX7	TbID_Active
MAPK1	UBL5	TbID_Active
MAPK1	EPB41L4B	TbID_Active
MAPK1	KCTD10	TbID_Active
MAPK1	DNAJC5	TbID_Active
MAPK1	MKNK2	TbID_Active
MAPK1	GPAM	TbID_Active
MAPK1	EMILIN3	TbID_Active
MAPK1	TMEFF2	TbID_Active
MAPK1	RPS6KA6	TbID_Active
MAPK1	MRTFB	TbID_Active
MAPK1	ATXN7L1	TbID_Active
MAPK1	NOVA2	TbID_Active
MAP2K1	SMIM26	TbID_Active
MAP2K1	TUG1	TbID_Active
MAP2K1	PEDS1	TbID_Active
MAP2K1	FAM83G	TbID_Active
MAP2K1	SGK1	TbID_Active
MAP2K1	LGALS8	TbID_Active
MAP2K1	CCN1	TbID_Active
MAP2K1	ENC1	TbID_Active
MAP2K1	BCKDK	TbID_Active
MAP2K1	AURKA	TbID_Active
MAP2K1	ANGPT2	TbID_Active
MAP2K1	VGF	TbID_Active
MAP2K1	EIF3D	TbID_Active
MAP2K1	SPRY2	TbID_Active
MAP2K1	GMDS	TbID_Active
MAP2K1	SLC16A7	TbID_Active
MAP2K1	GADD45B	TbID_Active
MAP2K1	CRCP	TbID_Active
MAP2K1	CDC123	TbID_Active
MAP2K1	SERF1A	TbID_Active
MAP2K1	SLIT2	TbID_Active
MAP2K1	ECD	TbID_Active
MAP2K1	TIMP1	TbID_Active
MAP2K1	FOS	TbID_Active
MAP2K1	HRAS	TbID_Active
MAP2K1	TGFB1	TbID_Active
MAP2K1	RAF1	TbID_Active
MAP2K1	KRT18	TbID_Active
MAP2K1	THBD	TbID_Active
MAP2K1	ARAF	TbID_Active
MAP2K1	TFPI	TbID_Active
MAP2K1	CPM	TbID_Active
MAP2K1	ETS2	TbID_Active
MAP2K1	BRAF	TbID_Active
MAP2K1	FOSL1	TbID_Active
MAP2K1	AREG	TbID_Active
MAP2K1	CD44	TbID_Active
MAP2K1	EPCAM	TbID_Active
MAP2K1	JUNB	TbID_Active
MAP2K1	EGR1	TbID_Active
MAP2K1	TAC1	TbID_Active
MAP2K1	CSRP1	TbID_Active
MAP2K1	SAT1	TbID_Active
MAP2K1	ZFP36	TbID_Active
MAP2K1	DUSP1	TbID_Active
MAP2K1	EPHA2	TbID_Active
MAP2K1	NTS	TbID_Active
MAP2K1	CORO1A	TbID_Active
MAP2K1	MAT2A	TbID_Active
MAP2K1	RRM2	TbID_Active
MAP2K1	DNAJA1	TbID_Active
MAP2K1	GPC1	TbID_Active
MAP2K1	CDKN1A	TbID_Active
MAP2K1	PRKCI	TbID_Active
MAP2K1	PSMC4	TbID_Active
MAP2K1	TFPI2	TbID_Active
MAP2K1	NMU	TbID_Active
MAP2K1	CLK1	TbID_Active
MAP2K1	KPNA2	TbID_Active
MAP2K1	FOSB	TbID_Active
MAP2K1	F2RL1	TbID_Active
MAP2K1	MLF1	TbID_Active
MAP2K1	PSMC5	TbID_Active
MAP2K1	CCNA1	TbID_Active
MAP2K1	SERF2	TbID_Active
MAP2K1	CDK17	TbID_Active
MAP2K1	PFKP	TbID_Active
MAP2K1	MAP2K1	TbID_Active
MAP2K1	PLAUR	TbID_Active
MAP2K1	GBE1	TbID_Active
MAP2K1	OS9	TbID_Active
MAP2K1	SQSTM1	TbID_Active
MAP2K1	TDG	TbID_Active
MAP2K1	RAB32	TbID_Active
MAP2K1	LAMC2	TbID_Active
MAP2K1	TNFAIP1	TbID_Active
MAP2K1	KEAP1	TbID_Active
MAP2K1	BTG3	TbID_Active
MAP2K1	ARL6IP1	TbID_Active
MAP2K1	DHCR24	TbID_Active
MAP2K1	UBE2S	TbID_Active
MAP2K1	UPP1	TbID_Active
MAP2K1	CYP51A1	TbID_Active
MAP2K1	ORMDL2	TbID_Active
MAP2K1	PHLDA2	TbID_Active
MAP2K1	ELFN2	TbID_Active
MAP2K1	TMEM201	TbID_Active
MAP2K1	CFAP58	TbID_Active
MAP2K1	ASPHD1	TbID_Active
MAP2K1	HECTD2	TbID_Active
MAP2K1	REEP3	TbID_Active
MAP2K1	ZCCHC12	TbID_Active
MAP2K1	FAM111B	TbID_Active
MAP2K1	PAQR9	TbID_Active
MAP2K1	CHSY3	TbID_Active
MAP2K1	ARC	TbID_Active
MAP2K1	LRP10	TbID_Active
MAP2K1	SPRED1	TbID_Active
MAP2K1	C11orf96	TbID_Active
MAP2K1	TMEM200A	TbID_Active
MAP2K1	HOMER1	TbID_Active
MAP2K1	EPHX4	TbID_Active
MAP2K1	DCUN1D3	TbID_Active
MAP2K1	PNMA1	TbID_Active
MAP2K1	GPRC5A	TbID_Active
MAP2K1	FBH1	TbID_Active
MAP2K1	OCC1	TbID_Active
MAP2K1	SLC35G2	TbID_Active
MAP2K1	SLC2A14	TbID_Active
MAP2K1	CEMIP	TbID_Active
MAP2K1	KCTD13	TbID_Active
MAP2K1	RND1	TbID_Active
MAP2K1	FBXO32	TbID_Active
MAP2K1	SARAF	TbID_Active
MAP2K1	KCTD12	TbID_Active
MAP2K1	FAM241B	TbID_Active
MAP2K1	FAR2	TbID_Active
MAP2K1	ARL5B	TbID_Active
MAP2K1	BTBD6	TbID_Active
MAP2K1	BTBD9	TbID_Active
MAP2K1	TRIB1	TbID_Active
MAP2K1	RGPD5	TbID_Active
MAP2K1	CDC6	TbID_Active
MAP2K1	FOXC2	TbID_Active
MAP2K1	GDF15	TbID_Active
MAP2K1	SELENOS	TbID_Active
MAP2K1	RSRP1	TbID_Active
MAP2K1	TMEM59	TbID_Active
MAP2K1	UCK2	TbID_Active
MAP2K1	SPRY4	TbID_Active
MAP2K1	BTBD1	TbID_Active
MAP2K1	KCTD10	TbID_Active
MAP2K1	RNF41	TbID_Active
MAP2K1	ACTL8	TbID_Active
MAP2K1	NAA60	TbID_Active
MAP2K1	DNAJC18	TbID_Active
MAP2K1	IPPK	TbID_Active
MAP2K1	KMT5A	TbID_Active
MAP2K1	ASB6	TbID_Active
MAP2K1	OSER1	TbID_Active
MAP2K1	NKIRAS1	TbID_Active
MAP2K1	WSB2	TbID_Active
MAP2K1	TNFRSF10D	TbID_Active
MAP2K1	APOBEC3B	TbID_Active
MAP2K1	ADAMTS1	TbID_Active
MAP2K1	ERRFI1	TbID_Active
MAP2K1	KLHL21	TbID_Active
MAP2K1	ZNF225	TbID_Active
MAP2K1	HEG1	TbID_Active
MAP2K1	BAIAP2	TbID_Active
MAP2K1	DLGAP4	TbID_Active
MAP2K1	KDM2A	TbID_Active
MAP2K1	FADS3	TbID_Active
MAP2K1	LIPG	TbID_Active
MAP2K1	SELENOK	TbID_Active
ARAF	PPIAL4E;PPIAL4D;PPIAL4F	TbID_Active
ARAF	SMIM26	TbID_Active
ARAF	TUG1	TbID_Active
ARAF	FAM171A2	TbID_Active
ARAF	UBXN8	TbID_Active
ARAF	SGK1	TbID_Active
ARAF	AIP	TbID_Active
ARAF	LGALS8	TbID_Active
ARAF	CCN1	TbID_Active
ARAF	CTDSP2	TbID_Active
ARAF	ENC1	TbID_Active
ARAF	PJA2	TbID_Active
ARAF	SPRY2	TbID_Active
ARAF	SPRY1	TbID_Active
ARAF	EDIL3	TbID_Active
ARAF	PCDH7	TbID_Active
ARAF	PLOD3	TbID_Active
ARAF	SLC16A7	TbID_Active
ARAF	SKAP2	TbID_Active
ARAF	ABCB11	TbID_Active
ARAF	NTN1	TbID_Active
ARAF	TTC4	TbID_Active
ARAF	BAG2	TbID_Active
ARAF	CA2	TbID_Active
ARAF	TGFB1	TbID_Active
ARAF	KRT18	TbID_Active
ARAF	NEFL	TbID_Active
ARAF	HSP90AA1	TbID_Active
ARAF	THBS1	TbID_Active
ARAF	HSP90AB1	TbID_Active
ARAF	C4A;C4B	TbID_Active
ARAF	ARAF	TbID_Active
ARAF	RALB	TbID_Active
ARAF	IGF2R	TbID_Active
ARAF	ACTN1	TbID_Active
ARAF	MIF	TbID_Active
ARAF	PRKCSH	TbID_Active
ARAF	PKM	TbID_Active
ARAF	GNS	TbID_Active
ARAF	GJA1	TbID_Active
ARAF	FLT1	TbID_Active
ARAF	EGR1	TbID_Active
ARAF	TAC1	TbID_Active
ARAF	CSRP1	TbID_Active
ARAF	KITLG	TbID_Active
ARAF	ZFP36	TbID_Active
ARAF	STOM	TbID_Active
ARAF	PIK3R1	TbID_Active
ARAF	EPHA2	TbID_Active
ARAF	NTS	TbID_Active
ARAF	MAT2A	TbID_Active
ARAF	DNAJA1	TbID_Active
ARAF	GPC1	TbID_Active
ARAF	NF2	TbID_Active
ARAF	RPA3	TbID_Active
ARAF	MAP2K2	TbID_Active
ARAF	SLC19A1	TbID_Active
ARAF	PIK3CA	TbID_Active
ARAF	TFPI2	TbID_Active
ARAF	METAP2	TbID_Active
ARAF	EFNB2	TbID_Active
ARAF	EPHB4	TbID_Active
ARAF	F2RL1	TbID_Active
ARAF	EPPK1	TbID_Active
ARAF	PSMC5	TbID_Active
ARAF	YWHAZ	TbID_Active
ARAF	TPM4	TbID_Active
ARAF	ACTA1	TbID_Active
ARAF	ARF1	TbID_Active
ARAF	SERF2	TbID_Active
ARAF	EFNB1	TbID_Active
ARAF	SPTBN1	TbID_Active
ARAF	TAGLN	TbID_Active
ARAF	MAP2K1	TbID_Active
ARAF	FKBP4	TbID_Active
ARAF	GBE1	TbID_Active
ARAF	SPAG1	TbID_Active
ARAF	CHAF1A	TbID_Active
ARAF	CHAF1B	TbID_Active
ARAF	OS9	TbID_Active
ARAF	LSAMP	TbID_Active
ARAF	SQSTM1	TbID_Active
ARAF	GFUS	TbID_Active
ARAF	RAB32	TbID_Active
ARAF	ITGA7	TbID_Active
ARAF	SPTAN1	TbID_Active
ARAF	TNFAIP1	TbID_Active
ARAF	KEAP1	TbID_Active
ARAF	NFE2L1	TbID_Active
ARAF	DSC3	TbID_Active
ARAF	PCLAF	TbID_Active
ARAF	CDC37	TbID_Active
ARAF	CCDC88A	TbID_Active
ARAF	ACTBL2	TbID_Active
ARAF	HSP90AA5P	TbID_Active
ARAF	HSP90AA4P	TbID_Active
ARAF	MEST	TbID_Active
ARAF	ASPHD1	TbID_Active
ARAF	HECTD2	TbID_Active
ARAF	FAM171A1	TbID_Active
ARAF	PTRHD1	TbID_Active
ARAF	ZCCHC12	TbID_Active
ARAF	POTEE	TbID_Active
ARAF	FAM111B	TbID_Active
ARAF	ARC	TbID_Active
ARAF	LRP10	TbID_Active
ARAF	SPRED2	TbID_Active
ARAF	SPRED1	TbID_Active
ARAF	TECPR1	TbID_Active
ARAF	C11orf96	TbID_Active
ARAF	TMEM200A	TbID_Active
ARAF	LSR	TbID_Active
ARAF	CCDC125	TbID_Active
ARAF	RELL1	TbID_Active
ARAF	ANKMY2	TbID_Active
ARAF	ANKRD18A	TbID_Active
ARAF	MB21D2	TbID_Active
ARAF	ASPM	TbID_Active
ARAF	CBARP	TbID_Active
ARAF	MARVELD2	TbID_Active
ARAF	COLGALT1	TbID_Active
ARAF	PNMA1	TbID_Active
ARAF	GPRC5A	TbID_Active
ARAF	AEN	TbID_Active
ARAF	NUDCD2	TbID_Active
ARAF	ANKRD49	TbID_Active
ARAF	PIK3R3	TbID_Active
ARAF	NECTIN2	TbID_Active
ARAF	NEO1	TbID_Active
ARAF	AIDA	TbID_Active
ARAF	SARAF	TbID_Active
ARAF	DISP1	TbID_Active
ARAF	KIRREL1	TbID_Active
ARAF	FAR2	TbID_Active
ARAF	BTBD6	TbID_Active
ARAF	GUCD1	TbID_Active
ARAF	DCBLD2	TbID_Active
ARAF	ERBIN	TbID_Active
ARAF	TRIB1	TbID_Active
ARAF	SELENOS	TbID_Active
ARAF	UBL5	TbID_Active
ARAF	SPRY4	TbID_Active
ARAF	CTDSP1	TbID_Active
ARAF	KCTD10	TbID_Active
ARAF	DNAJC5	TbID_Active
ARAF	RPAP3	TbID_Active
ARAF	DNAJC18	TbID_Active
ARAF	PELI2	TbID_Active
ARAF	ANKH	TbID_Active
ARAF	WDR6	TbID_Active
ARAF	XPNPEP3	TbID_Active
ARAF	KMT5A	TbID_Active
ARAF	NECTIN3	TbID_Active
ARAF	ITM2C	TbID_Active
ARAF	THSD1	TbID_Active
ARAF	SH3BP4	TbID_Active
ARAF	SPRR3	TbID_Active
ARAF	TNFRSF10D	TbID_Active
ARAF	SEL1L	TbID_Active
ARAF	FTSJ1	TbID_Active
ARAF	CEMIP2	TbID_Active
ARAF	TMEFF2	TbID_Active
ARAF	KLHL21	TbID_Active
ARAF	LZTS1	TbID_Active
ARAF	CNPY2	TbID_Active
ARAF	DLGAP4	TbID_Active
ARAF	ZNF256	TbID_Active
ARAF	ASB3	TbID_Active
ARAF	SELENOK	TbID_Active
ARAF	SLC30A1	TbID_Active
ARAF	SLC4A7	TbID_Active
ARAF	ROBO1	TbID_Active
HRAS	PPIAL4E;PPIAL4D;PPIAL4F	TbID_Active
HRAS	LGALS8	TbID_Active
HRAS	CCN1	TbID_Active
HRAS	CTDSP2	TbID_Active
HRAS	SPTBN2	TbID_Active
HRAS	RGL2	TbID_Active
HRAS	PROM1	TbID_Active
HRAS	GET3	TbID_Active
HRAS	EDIL3	TbID_Active
HRAS	CEP104	TbID_Active
HRAS	PLOD3	TbID_Active
HRAS	CDC123	TbID_Active
HRAS	BCAS2	TbID_Active
HRAS	SLIT2	TbID_Active
HRAS	LUC7L3	TbID_Active
HRAS	PAPSS2	TbID_Active
HRAS	NRAS	TbID_Active
HRAS	HRAS	TbID_Active
HRAS	KRAS	TbID_Active
HRAS	FGG	TbID_Active
HRAS	FN1	TbID_Active
HRAS	RAF1	TbID_Active
HRAS	TP53	TbID_Active
HRAS	KRT18	TbID_Active
HRAS	NEFL	TbID_Active
HRAS	PFN1	TbID_Active
HRAS	THBS1	TbID_Active
HRAS	ANXA5	TbID_Active
HRAS	UCHL1	TbID_Active
HRAS	C4A;C4B	TbID_Active
HRAS	ACTN1	TbID_Active
HRAS	PRKCSH	TbID_Active
HRAS	BRAF	TbID_Active
HRAS	DSP	TbID_Active
HRAS	RASA1	TbID_Active
HRAS	CSRP1	TbID_Active
HRAS	PTPRZ1	TbID_Active
HRAS	EEF1B2	TbID_Active
HRAS	NFYB	TbID_Active
HRAS	EEF1G	TbID_Active
HRAS	RPA1	TbID_Active
HRAS	PIK3R1	TbID_Active
HRAS	CRABP2	TbID_Active
HRAS	EEF1D	TbID_Active
HRAS	GNA11	TbID_Active
HRAS	NTS	TbID_Active
HRAS	S100A7	TbID_Active
HRAS	RPA3	TbID_Active
HRAS	HOXD13	TbID_Active
HRAS	MYH9	TbID_Active
HRAS	CDKN1A	TbID_Active
HRAS	PIK3CA	TbID_Active
HRAS	NES	TbID_Active
HRAS	METAP2	TbID_Active
HRAS	POLR2H	TbID_Active
HRAS	AFDN	TbID_Active
HRAS	SESN3	TbID_Active
HRAS	TPI1	TbID_Active
HRAS	MYL6	TbID_Active
HRAS	POLR2F	TbID_Active
HRAS	RAP1B	TbID_Active
HRAS	POLR2G	TbID_Active
HRAS	POLR2L	TbID_Active
HRAS	TPM4	TbID_Active
HRAS	ACTA1	TbID_Active
HRAS	SPTBN1	TbID_Active
HRAS	ID3	TbID_Active
HRAS	CACNB2	TbID_Active
HRAS	RBBP4	TbID_Active
HRAS	CNTN1	TbID_Active
HRAS	RALGDS	TbID_Active
HRAS	CHAF1A	TbID_Active
HRAS	CHAF1B	TbID_Active
HRAS	CBX3	TbID_Active
HRAS	LSAMP	TbID_Active
HRAS	GFUS	TbID_Active
HRAS	RAB32	TbID_Active
HRAS	SPTAN1	TbID_Active
HRAS	DSG2	TbID_Active
HRAS	SCRIB	TbID_Active
HRAS	NFE2L1	TbID_Active
HRAS	MTF1	TbID_Active
HRAS	PCLAF	TbID_Active
HRAS	KIF14	TbID_Active
HRAS	HMGN3	TbID_Active
HRAS	VPS72	TbID_Active
HRAS	FSCN1	TbID_Active
HRAS	ACTBL2	TbID_Active
HRAS	MEST	TbID_Active
HRAS	GPRASP1	TbID_Active
HRAS	EGFLAM	TbID_Active
HRAS	ZNF776	TbID_Active
HRAS	TRAF7	TbID_Active
HRAS	POTEE	TbID_Active
HRAS	FAM111B	TbID_Active
HRAS	TAOK1	TbID_Active
HRAS	DHFR2	TbID_Active
HRAS	CCAR1	TbID_Active
HRAS	SIRT2	TbID_Active
HRAS	ASPM	TbID_Active
HRAS	CENPL	TbID_Active
HRAS	CBARP	TbID_Active
HRAS	ARHGAP18	TbID_Active
HRAS	MPND	TbID_Active
HRAS	LZTR1	TbID_Active
HRAS	SAMD12	TbID_Active
HRAS	COLGALT1	TbID_Active
HRAS	FBH1	TbID_Active
HRAS	RP9	TbID_Active
HRAS	RAPGEF6	TbID_Active
HRAS	ZNF384	TbID_Active
HRAS	RASSF5	TbID_Active
HRAS	PIK3R3	TbID_Active
HRAS	CENPI	TbID_Active
HRAS	ENTR1	TbID_Active
HRAS	KCTD12	TbID_Active
HRAS	ZNF578	TbID_Active
HRAS	CORO1B	TbID_Active
HRAS	ALOXE3	TbID_Active
HRAS	UBL5	TbID_Active
HRAS	WWTR1	TbID_Active
HRAS	ACTL8	TbID_Active
HRAS	PELI2	TbID_Active
HRAS	EPB41L5	TbID_Active
HRAS	ZCCHC17	TbID_Active
HRAS	XPNPEP3	TbID_Active
HRAS	KMT5A	TbID_Active
HRAS	TMOD2	TbID_Active
HRAS	ATP10D	TbID_Active
HRAS	ARHGAP28	TbID_Active
HRAS	TNFRSF10D	TbID_Active
HRAS	TMEFF2	TbID_Active
HRAS	TAOK2	TbID_Active
HRAS	CORO1C	TbID_Active
HRAS	NFU1	TbID_Active
HRAS	NOVA2	TbID_Active
HRAS	SHOC2	TbID_Active
HRAS	CNPY2	TbID_Active
HRAS	DLGAP4	TbID_Active
HRAS	RAPGEF2	TbID_Active
HRAS	OARD1	TbID_Active
HRAS	HEBP2	TbID_Active
HRAS	SCIN	TbID_Active
HRAS	TAX1BP3	TbID_Active
HRAS	SPINT2	TbID_Active
HRAS	SLC16A7	TbID_Active
HRAS	CTSV	TbID_Active
HRAS	CS	TbID_Active
HRAS	SC5D	TbID_Active
HRAS	ABCB11	TbID_Active
HRAS	ZIC2	TbID_Active
HRAS	CA2	TbID_Active
HRAS	MPO	TbID_Active
HRAS	GSN	TbID_Active
HRAS	ATP5F1B	TbID_Active
HRAS	P4HB	TbID_Active
HRAS	ITGA5	TbID_Active
HRAS	DLAT	TbID_Active
HRAS	PRKAR1A	TbID_Active
HRAS	ESD	TbID_Active
HRAS	DBT	TbID_Active
HRAS	RALA	TbID_Active
HRAS	RALB	TbID_Active
HRAS	TPT1	TbID_Active
HRAS	ETFA	TbID_Active
HRAS	PKM	TbID_Active
HRAS	HSP90B1	TbID_Active
HRAS	UCHL3	TbID_Active
HRAS	FLT1	TbID_Active
HRAS	U2AF2	TbID_Active
HRAS	CANX	TbID_Active
HRAS	EPHA2	TbID_Active
HRAS	BLVRB	TbID_Active
HRAS	ECHS1	TbID_Active
HRAS	PDIA3	TbID_Active
HRAS	PPIF	TbID_Active
HRAS	CORO1A	TbID_Active
HRAS	PRKAR1B	TbID_Active
HRAS	DLST	TbID_Active
HRAS	MDH2	TbID_Active
HRAS	YAP1	TbID_Active
HRAS	TFPI2	TbID_Active
HRAS	EFNB2	TbID_Active
HRAS	CRIP2	TbID_Active
HRAS	EPHA5	TbID_Active
HRAS	EPHB4	TbID_Active
HRAS	ARPC4	TbID_Active
HRAS	ELOF1	TbID_Active
HRAS	RAB2A	TbID_Active
HRAS	PSMC5	TbID_Active
HRAS	FKBP1A	TbID_Active
HRAS	U2AF1	TbID_Active
HRAS	TAGLN	TbID_Active
HRAS	LMAN2	TbID_Active
HRAS	ITGA7	TbID_Active
HRAS	CRMP1	TbID_Active
HRAS	EPHA7	TbID_Active
HRAS	SF3A1	TbID_Active
HRAS	RGN	TbID_Active
HRAS	GUK1	TbID_Active
HRAS	SKIDA1	TbID_Active
HRAS	ALG11	TbID_Active
HRAS	ORMDL2	TbID_Active
HRAS	HSP90B2P	TbID_Active
HRAS	SFRP5	TbID_Active
HRAS	ZDHHC20	TbID_Active
HRAS	PTRHD1	TbID_Active
HRAS	NAA16	TbID_Active
HRAS	POGLUT2	TbID_Active
HRAS	ABHD13	TbID_Active
HRAS	LSR	TbID_Active
HRAS	DNAJC22	TbID_Active
HRAS	UBAC2	TbID_Active
HRAS	CKAP2	TbID_Active
HRAS	HSPH1	TbID_Active
HRAS	MYDGF	TbID_Active
HRAS	ACSF2	TbID_Active
HRAS	RDH12	TbID_Active
HRAS	SEPHS2	TbID_Active
HRAS	TM9SF2	TbID_Active
HRAS	ARPC5L	TbID_Active
HRAS	ERP44	TbID_Active
HRAS	HINT2	TbID_Active
HRAS	TMEM59	TbID_Active
HRAS	EMILIN2	TbID_Active
HRAS	DNAJC5	TbID_Active
HRAS	ANKH	TbID_Active
HRAS	APMAP	TbID_Active
HRAS	ITM2C	TbID_Active
HRAS	PHPT1	TbID_Active
HRAS	PLCE1	TbID_Active
HRAS	SUCLA2	TbID_Active
HRAS	APOBEC3B	TbID_Active
HRAS	NDRG2	TbID_Active
HRAS	POMP	TbID_Active
HRAS	ITM2B	TbID_Active
HRAS	ROBO1	TbID_Active
MAP2K2	NUDT4B	TbID_Active
MAP2K2	TUG1	TbID_Active
MAP2K2	FAM83G	TbID_Active
MAP2K2	ARHGAP42	TbID_Active
MAP2K2	NACA	TbID_Active
MAP2K2	UBXN8	TbID_Active
MAP2K2	SGK1	TbID_Active
MAP2K2	PSMD9	TbID_Active
MAP2K2	CCN1	TbID_Active
MAP2K2	TXNDC9	TbID_Active
MAP2K2	DPYSL4	TbID_Active
MAP2K2	ABLIM1	TbID_Active
MAP2K2	ENC1	TbID_Active
MAP2K2	CPLX1	TbID_Active
MAP2K2	TAX1BP3	TbID_Active
MAP2K2	HGS	TbID_Active
MAP2K2	PPP1R12A	TbID_Active
MAP2K2	SYN3	TbID_Active
MAP2K2	MAST4	TbID_Active
MAP2K2	ANGPT2	TbID_Active
MAP2K2	RGL2	TbID_Active
MAP2K2	VGF	TbID_Active
MAP2K2	PJA2	TbID_Active
MAP2K2	DYNC1LI2	TbID_Active
MAP2K2	MAP3K7	TbID_Active
MAP2K2	TPD52L2	TbID_Active
MAP2K2	SYNJ1	TbID_Active
MAP2K2	SPRY2	TbID_Active
MAP2K2	BUB1	TbID_Active
MAP2K2	SPOP	TbID_Active
MAP2K2	AHCYL1	TbID_Active
MAP2K2	SNX3	TbID_Active
MAP2K2	BUB1B	TbID_Active
MAP2K2	PLIN3	TbID_Active
MAP2K2	SLC16A7	TbID_Active
MAP2K2	SRPX2	TbID_Active
MAP2K2	ATG13	TbID_Active
MAP2K2	CLUH	TbID_Active
MAP2K2	CNOT3	TbID_Active
MAP2K2	GADD45B	TbID_Active
MAP2K2	CSDE1	TbID_Active
MAP2K2	CDC123	TbID_Active
MAP2K2	BCAR3	TbID_Active
MAP2K2	TUSC2	TbID_Active
MAP2K2	ZFAND5	TbID_Active
MAP2K2	SNAPIN	TbID_Active
MAP2K2	ABCB11	TbID_Active
MAP2K2	SVIL	TbID_Active
MAP2K2	SEC24A	TbID_Active
MAP2K2	NFATC1	TbID_Active
MAP2K2	SNAP29	TbID_Active
MAP2K2	TTC4	TbID_Active
MAP2K2	BAG3	TbID_Active
MAP2K2	ECD	TbID_Active
MAP2K2	BCL10	TbID_Active
MAP2K2	SOD1	TbID_Active
MAP2K2	CA2	TbID_Active
MAP2K2	TIMP1	TbID_Active
MAP2K2	FOS	TbID_Active
MAP2K2	TGFB1	TbID_Active
MAP2K2	RAF1	TbID_Active
MAP2K2	ANXA1	TbID_Active
MAP2K2	KRT18	TbID_Active
MAP2K2	ANXA2	TbID_Active
MAP2K2	SRPRA	TbID_Active
MAP2K2	ARAF	TbID_Active
MAP2K2	HSPA8	TbID_Active
MAP2K2	CCNB1	TbID_Active
MAP2K2	ETS2	TbID_Active
MAP2K2	BRAF	TbID_Active
MAP2K2	GSPT1	TbID_Active
MAP2K2	IFNGR1	TbID_Active
MAP2K2	FOSL1	TbID_Active
MAP2K2	AREG	TbID_Active
MAP2K2	DSP	TbID_Active
MAP2K2	CD44	TbID_Active
MAP2K2	JUNB	TbID_Active
MAP2K2	SYN1	TbID_Active
MAP2K2	PSMC3	TbID_Active
MAP2K2	EGR1	TbID_Active
MAP2K2	VCL	TbID_Active
MAP2K2	TAC1	TbID_Active
MAP2K2	CSRP1	TbID_Active
MAP2K2	FLNA	TbID_Active
MAP2K2	KITLG	TbID_Active
MAP2K2	H1-6	TbID_Active
MAP2K2	CBL	TbID_Active
MAP2K2	EIF4B	TbID_Active
MAP2K2	VAMP1	TbID_Active
MAP2K2	GRK2	TbID_Active
MAP2K2	ZFP36	TbID_Active
MAP2K2	STOM	TbID_Active
MAP2K2	DUSP1	TbID_Active
MAP2K2	EPHA2	TbID_Active
MAP2K2	SHC1	TbID_Active
MAP2K2	CDC25C	TbID_Active
MAP2K2	GCH1	TbID_Active
MAP2K2	NTS	TbID_Active
MAP2K2	CORO1A	TbID_Active
MAP2K2	MAT2A	TbID_Active
MAP2K2	PRKAR1B	TbID_Active
MAP2K2	RRM2	TbID_Active
MAP2K2	TTK	TbID_Active
MAP2K2	GPC1	TbID_Active
MAP2K2	CHKA	TbID_Active
MAP2K2	PSMC2	TbID_Active
MAP2K2	MAP2K2	TbID_Active
MAP2K2	TAGLN2	TbID_Active
MAP2K2	CDKN1A	TbID_Active
MAP2K2	PPP1R2	TbID_Active
MAP2K2	PRKCI	TbID_Active
MAP2K2	PSMC4	TbID_Active
MAP2K2	RANGAP1	TbID_Active
MAP2K2	YAP1	TbID_Active
MAP2K2	ZFP36L2	TbID_Active
MAP2K2	PREP	TbID_Active
MAP2K2	TFPI2	TbID_Active
MAP2K2	ARCN1	TbID_Active
MAP2K2	MARCKSL1	TbID_Active
MAP2K2	PXN	TbID_Active
MAP2K2	EIF2B2	TbID_Active
MAP2K2	LIG4	TbID_Active
MAP2K2	VASP	TbID_Active
MAP2K2	TOB1	TbID_Active
MAP2K2	UBE2D1	TbID_Active
MAP2K2	KIF11	TbID_Active
MAP2K2	EFNB2	TbID_Active
MAP2K2	CRIP2	TbID_Active
MAP2K2	PLK1	TbID_Active
MAP2K2	ARFIP2	TbID_Active
MAP2K2	FOSB	TbID_Active
MAP2K2	MFAP3	TbID_Active
MAP2K2	F2RL1	TbID_Active
MAP2K2	BCAR1	TbID_Active
MAP2K2	CFAP298	TbID_Active
MAP2K2	AP3S2	TbID_Active
MAP2K2	ARPC4	TbID_Active
MAP2K2	COPZ1	TbID_Active
MAP2K2	TIMM10	TbID_Active
MAP2K2	PSMC5	TbID_Active
MAP2K2	ETF1	TbID_Active
MAP2K2	TMSB10	TbID_Active
MAP2K2	IGBP1	TbID_Active
MAP2K2	CCNA1	TbID_Active
MAP2K2	TMF1	TbID_Active
MAP2K2	CDK17	TbID_Active
MAP2K2	RUNX1	TbID_Active
MAP2K2	HMGCS1	TbID_Active
MAP2K2	OTUD4	TbID_Active
MAP2K2	OCRL	TbID_Active
MAP2K2	TAGLN	TbID_Active
MAP2K2	CENPE	TbID_Active
MAP2K2	APBA1	TbID_Active
MAP2K2	PLAUR	TbID_Active
MAP2K2	EIF4G1	TbID_Active
MAP2K2	PTPN12	TbID_Active
MAP2K2	TJP1	TbID_Active
MAP2K2	PPP3CA	TbID_Active
MAP2K2	CRYZ	TbID_Active
MAP2K2	CAMSAP2	TbID_Active
MAP2K2	AKAP13	TbID_Active
MAP2K2	TROAP	TbID_Active
MAP2K2	TRIM26	TbID_Active
MAP2K2	MYO1E	TbID_Active
MAP2K2	PAK2	TbID_Active
MAP2K2	G3BP1	TbID_Active
MAP2K2	OS9	TbID_Active
MAP2K2	LSAMP	TbID_Active
MAP2K2	SQSTM1	TbID_Active
MAP2K2	RIPK1	TbID_Active
MAP2K2	TP53BP2	TbID_Active
MAP2K2	LAMB3	TbID_Active
MAP2K2	NCOA4	TbID_Active
MAP2K2	TNFAIP1	TbID_Active
MAP2K2	ARHGEF7	TbID_Active
MAP2K2	FHL2	TbID_Active
MAP2K2	CRMP1	TbID_Active
MAP2K2	DPYSL3	TbID_Active
MAP2K2	CTTN	TbID_Active
MAP2K2	NEDD9	TbID_Active
MAP2K2	CLINT1	TbID_Active
MAP2K2	TTLL4	TbID_Active
MAP2K2	CASP8	TbID_Active
MAP2K2	LASP1	TbID_Active
MAP2K2	PCLAF	TbID_Active
MAP2K2	SNX17	TbID_Active
MAP2K2	KIF14	TbID_Active
MAP2K2	PEA15	TbID_Active
MAP2K2	RCN1	TbID_Active
MAP2K2	RHEB	TbID_Active
MAP2K2	DLGAP5	TbID_Active
MAP2K2	SEC23B	TbID_Active
MAP2K2	ZYX	TbID_Active
MAP2K2	SNCB	TbID_Active
MAP2K2	MEA1	TbID_Active
MAP2K2	FSCN1	TbID_Active
MAP2K2	UBE2S	TbID_Active
MAP2K2	UPP1	TbID_Active
MAP2K2	CLEC16A	TbID_Active
MAP2K2	ARHGAP31	TbID_Active
MAP2K2	AAK1	TbID_Active
MAP2K2	SHROOM1	TbID_Active
MAP2K2	ERCC6L	TbID_Active
MAP2K2	ATG2A	TbID_Active
MAP2K2	LSM12	TbID_Active
MAP2K2	TPRN	TbID_Active
MAP2K2	IQCC	TbID_Active
MAP2K2	ARHGAP29	TbID_Active
MAP2K2	PHLDA2	TbID_Active
MAP2K2	PLEKHO1	TbID_Active
MAP2K2	SOWAHC	TbID_Active
MAP2K2	MEST	TbID_Active
MAP2K2	NHSL2	TbID_Active
MAP2K2	CEP170	TbID_Active
MAP2K2	FAM83B	TbID_Active
MAP2K2	OTUD3	TbID_Active
MAP2K2	KIAA1217	TbID_Active
MAP2K2	CAMSAP1	TbID_Active
MAP2K2	UBAP2	TbID_Active
MAP2K2	ASPHD1	TbID_Active
MAP2K2	HECTD2	TbID_Active
MAP2K2	ARHGEF16	TbID_Active
MAP2K2	TUT7	TbID_Active
MAP2K2	CARMIL2	TbID_Active
MAP2K2	ZFAND6	TbID_Active
MAP2K2	PPP1R18	TbID_Active
MAP2K2	CAVIN1	TbID_Active
MAP2K2	CEP85	TbID_Active
MAP2K2	DENND1B	TbID_Active
MAP2K2	ZCCHC12	TbID_Active
MAP2K2	SHC4	TbID_Active
MAP2K2	SASS6	TbID_Active
MAP2K2	FAM83H	TbID_Active
MAP2K2	Q6ZSR9	TbID_Active
MAP2K2	PPP1R3F	TbID_Active
MAP2K2	CYB5R4	TbID_Active
MAP2K2	ASRGL1	TbID_Active
MAP2K2	ARC	TbID_Active
MAP2K2	GPRIN1	TbID_Active
MAP2K2	ZFYVE16	TbID_Active
MAP2K2	LRP10	TbID_Active
MAP2K2	SPRED1	TbID_Active
MAP2K2	SH3RF1	TbID_Active
MAP2K2	YTHDF3	TbID_Active
MAP2K2	C11orf96	TbID_Active
MAP2K2	MYPN	TbID_Active
MAP2K2	LUZP1	TbID_Active
MAP2K2	ZNF429	TbID_Active
MAP2K2	IFTAP	TbID_Active
MAP2K2	TMEM200A	TbID_Active
MAP2K2	PROSER2	TbID_Active
MAP2K2	LSR	TbID_Active
MAP2K2	HOMER1	TbID_Active
MAP2K2	PRAG1	TbID_Active
MAP2K2	EPHX4	TbID_Active
MAP2K2	LYSMD2	TbID_Active
MAP2K2	CCDC50	TbID_Active
MAP2K2	DNAI3	TbID_Active
MAP2K2	C12orf56	TbID_Active
MAP2K2	MB21D2	TbID_Active
MAP2K2	SMAP1	TbID_Active
MAP2K2	GSPT2	TbID_Active
MAP2K2	UBALD2	TbID_Active
MAP2K2	PHACTR4	TbID_Active
MAP2K2	SYNPO	TbID_Active
MAP2K2	MACO1	TbID_Active
MAP2K2	EID2	TbID_Active
MAP2K2	ARFGAP1	TbID_Active
MAP2K2	TMEM102	TbID_Active
MAP2K2	SYT14	TbID_Active
MAP2K2	TNRC6A	TbID_Active
MAP2K2	CPEB3	TbID_Active
MAP2K2	CIP2A	TbID_Active
MAP2K2	SLC2A14	TbID_Active
MAP2K2	SYTL5	TbID_Active
MAP2K2	USP33	TbID_Active
MAP2K2	C2CD4C	TbID_Active
MAP2K2	WIPF2	TbID_Active
MAP2K2	SMAP2	TbID_Active
MAP2K2	TMEM263	TbID_Active
MAP2K2	CEMIP	TbID_Active
MAP2K2	SLC20A1	TbID_Active
MAP2K2	FBLIM1	TbID_Active
MAP2K2	ANKRD49	TbID_Active
MAP2K2	PIH1D2	TbID_Active
MAP2K2	CKAP2	TbID_Active
MAP2K2	HSPH1	TbID_Active
MAP2K2	ARHGAP45	TbID_Active
MAP2K2	ANKS1A	TbID_Active
MAP2K2	RND1	TbID_Active
MAP2K2	STAM	TbID_Active
MAP2K2	NEO1	TbID_Active
MAP2K2	UFD1	TbID_Active
MAP2K2	STMN2	TbID_Active
MAP2K2	LPP	TbID_Active
MAP2K2	SYAP1	TbID_Active
MAP2K2	KCTD12	TbID_Active
MAP2K2	GPRASP2	TbID_Active
MAP2K2	ERLEC1	TbID_Active
MAP2K2	RAB3C	TbID_Active
MAP2K2	SNF8	TbID_Active
MAP2K2	PDLIM5	TbID_Active
MAP2K2	DDRGK1	TbID_Active
MAP2K2	METTL2A	TbID_Active
MAP2K2	BTBD6	TbID_Active
MAP2K2	BTBD9	TbID_Active
MAP2K2	SPAG5	TbID_Active
MAP2K2	TRIB1	TbID_Active
MAP2K2	CYTH2	TbID_Active
MAP2K2	S100A13	TbID_Active
MAP2K2	TTC1	TbID_Active
MAP2K2	CDCA3	TbID_Active
MAP2K2	C12orf57	TbID_Active
MAP2K2	KIF2C	TbID_Active
MAP2K2	RGPD5	TbID_Active
MAP2K2	NAP1L4	TbID_Active
MAP2K2	CDC6	TbID_Active
MAP2K2	SH3GL1	TbID_Active
MAP2K2	SH3GL2	TbID_Active
MAP2K2	GDF15	TbID_Active
MAP2K2	PAIP2	TbID_Active
MAP2K2	FAM110A	TbID_Active
MAP2K2	SDF4	TbID_Active
MAP2K2	PDCD2L	TbID_Active
MAP2K2	ATG101	TbID_Active
MAP2K2	TTPAL	TbID_Active
MAP2K2	PBDC1	TbID_Active
MAP2K2	CARD6	TbID_Active
MAP2K2	TMEM59	TbID_Active
MAP2K2	SPRY4	TbID_Active
MAP2K2	TRIM5	TbID_Active
MAP2K2	ZCCHC2	TbID_Active
MAP2K2	CTDSP1	TbID_Active
MAP2K2	WWTR1	TbID_Active
MAP2K2	NAA50	TbID_Active
MAP2K2	FAM107B	TbID_Active
MAP2K2	KLC2	TbID_Active
MAP2K2	BTBD1	TbID_Active
MAP2K2	SLK	TbID_Active
MAP2K2	KCTD10	TbID_Active
MAP2K2	MMADHC	TbID_Active
MAP2K2	CHMP4B	TbID_Active
MAP2K2	GOLPH3L	TbID_Active
MAP2K2	AZI2	TbID_Active
MAP2K2	RPAP3	TbID_Active
MAP2K2	PEAK1	TbID_Active
MAP2K2	PLEKHG2	TbID_Active
MAP2K2	DNAJC18	TbID_Active
MAP2K2	ANKRA2	TbID_Active
MAP2K2	ZFYVE1	TbID_Active
MAP2K2	NCKAP5L	TbID_Active
MAP2K2	SYTL2	TbID_Active
MAP2K2	TNRC6C	TbID_Active
MAP2K2	GOPC	TbID_Active
MAP2K2	SH2D2A	TbID_Active
MAP2K2	GPRC5C	TbID_Active
MAP2K2	COPRS	TbID_Active
MAP2K2	THSD1	TbID_Active
MAP2K2	DIAPH3	TbID_Active
MAP2K2	OSER1	TbID_Active
MAP2K2	KCTD5	TbID_Active
MAP2K2	TAB2	TbID_Active
MAP2K2	WSB2	TbID_Active
MAP2K2	GTSE1	TbID_Active
MAP2K2	SH3BP4	TbID_Active
MAP2K2	SEPTIN10	TbID_Active
MAP2K2	CALCOCO1	TbID_Active
MAP2K2	JCAD	TbID_Active
MAP2K2	CTTNBP2NL	TbID_Active
MAP2K2	KLHL9	TbID_Active
MAP2K2	KLHL13	TbID_Active
MAP2K2	FRMD4A	TbID_Active
MAP2K2	RNF7	TbID_Active
MAP2K2	PI4KB	TbID_Active
MAP2K2	MTRR	TbID_Active
MAP2K2	TJP2	TbID_Active
MAP2K2	APOBEC3B	TbID_Active
MAP2K2	CHORDC1	TbID_Active
MAP2K2	IP6K2	TbID_Active
MAP2K2	HOOK1	TbID_Active
MAP2K2	ERRFI1	TbID_Active
MAP2K2	KLHL21	TbID_Active
MAP2K2	DBNL	TbID_Active
MAP2K2	TNIK	TbID_Active
MAP2K2	NUDT5	TbID_Active
MAP2K2	CDV3	TbID_Active
MAP2K2	ZNF214	TbID_Active
MAP2K2	ASAP1	TbID_Active
MAP2K2	CORO1C	TbID_Active
MAP2K2	MAGED2	TbID_Active
MAP2K2	PPP6R1	TbID_Active
MAP2K2	TNRC6B	TbID_Active
MAP2K2	BAIAP2	TbID_Active
MAP2K2	CHMP2B	TbID_Active
MAP2K2	MTMR6	TbID_Active
MAP2K2	DLGAP4	TbID_Active
MAP2K2	PLEKHA6	TbID_Active
MAP2K2	STRAP	TbID_Active
MAP2K2	KNSTRN	TbID_Active
MAP2K2	WDR45	TbID_Active
MAP2K2	USP15	TbID_Active
MAP2K2	KCTD3	TbID_Active
MAP2K2	CD2AP	TbID_Active
MAP2K2	USP16	TbID_Active
MAP2K2	MAGED1	TbID_Active
MAP2K2	TACC3	TbID_Active
MAP2K2	SLC30A1	TbID_Active
BRAF	SMIM26	TbID_all
BRAF	TUG1	TbID_all
BRAF	ELOVL7	TbID_all
BRAF	PEDS1	TbID_all
BRAF	TCAF2	TbID_all
BRAF	C17orf100	TbID_all
BRAF	SGK1	TbID_all
BRAF	LGALS8	TbID_all
BRAF	PSMD11	TbID_all
BRAF	PSMD12	TbID_all
BRAF	GOLIM4	TbID_all
BRAF	CCN1	TbID_all
BRAF	GOSR2	TbID_all
BRAF	TOR1B	TbID_all
BRAF	ENC1	TbID_all
BRAF	BCKDK	TbID_all
BRAF	ANGPT2	TbID_all
BRAF	VGF	TbID_all
BRAF	SPRY2	TbID_all
BRAF	SPRY1	TbID_all
BRAF	SPOP	TbID_all
BRAF	LCMT2	TbID_all
BRAF	MAN1A2	TbID_all
BRAF	ACSL4	TbID_all
BRAF	RANBP6	TbID_all
BRAF	SLC16A7	TbID_all
BRAF	SRPX2	TbID_all
BRAF	UGDH	TbID_all
BRAF	GADD45B	TbID_all
BRAF	DUSP11	TbID_all
BRAF	SEMA7A	TbID_all
BRAF	STX11	TbID_all
BRAF	USP2	TbID_all
BRAF	CDC123	TbID_all
BRAF	SERF1A	TbID_all
BRAF	RGS20	TbID_all
BRAF	CCNB2	TbID_all
BRAF	LEPROTL1	TbID_all
BRAF	ABCB11	TbID_all
BRAF	SGPL1	TbID_all
BRAF	NTN1	TbID_all
BRAF	TIMP1	TbID_all
BRAF	FOS	TbID_all
BRAF	HRAS	TbID_all
BRAF	TGFB1	TbID_all
BRAF	HLA-B	TbID_all
BRAF	TFRC	TbID_all
BRAF	TK1	TbID_all
BRAF	HLA-A	TbID_all
BRAF	KRT18	TbID_all
BRAF	THBD	TbID_all
BRAF	HSP90AA1	TbID_all
BRAF	YES1	TbID_all
BRAF	LYN	TbID_all
BRAF	HCK	TbID_all
BRAF	CLTB	TbID_all
BRAF	TFPI	TbID_all
BRAF	CLU	TbID_all
BRAF	SLC2A1	TbID_all
BRAF	RALB	TbID_all
BRAF	CYBA	TbID_all
BRAF	TPT1	TbID_all
BRAF	CD59	TbID_all
BRAF	CPM	TbID_all
BRAF	PKM	TbID_all
BRAF	BRAF	TbID_all
BRAF	PVR	TbID_all
BRAF	RAC2	TbID_all
BRAF	AREG	TbID_all
BRAF	VEGFA	TbID_all
BRAF	CD44	TbID_all
BRAF	EPCAM	TbID_all
BRAF	JUNB	TbID_all
BRAF	FLT1	TbID_all
BRAF	ARF4	TbID_all
BRAF	EGR1	TbID_all
BRAF	SRD5A1	TbID_all
BRAF	TAC1	TbID_all
BRAF	ATP6V1C1	TbID_all
BRAF	CSRP1	TbID_all
BRAF	MGAT1	TbID_all
BRAF	EEF1G	TbID_all
BRAF	ZFP36	TbID_all
BRAF	YWHAQ	TbID_all
BRAF	DUSP1	TbID_all
BRAF	EPHA2	TbID_all
BRAF	CRABP2	TbID_all
BRAF	PPP2R1B	TbID_all
BRAF	NTS	TbID_all
BRAF	CORO1A	TbID_all
BRAF	DNAJA1	TbID_all
BRAF	YWHAB	TbID_all
BRAF	SDC2	TbID_all
BRAF	GPC1	TbID_all
BRAF	MYH9	TbID_all
BRAF	GNL1	TbID_all
BRAF	FDFT1	TbID_all
BRAF	PRKCI	TbID_all
BRAF	TFPI2	TbID_all
BRAF	INPP1	TbID_all
BRAF	CLK1	TbID_all
BRAF	CLK3	TbID_all
BRAF	LIG4	TbID_all
BRAF	UBE2D1	TbID_all
BRAF	KPNA2	TbID_all
BRAF	FOSB	TbID_all
BRAF	F2RL1	TbID_all
BRAF	TMEM33	TbID_all
BRAF	SESN3	TbID_all
BRAF	CXCR4	TbID_all
BRAF	YPEL3	TbID_all
BRAF	ATP6V0D1	TbID_all
BRAF	DAD1	TbID_all
BRAF	YWHAG	TbID_all
BRAF	YWHAE	TbID_all
BRAF	PPP2CB	TbID_all
BRAF	YWHAZ	TbID_all
BRAF	RACK1	TbID_all
BRAF	ARF1	TbID_all
BRAF	SERF2	TbID_all
BRAF	CDK17	TbID_all
BRAF	SPTBN1	TbID_all
BRAF	RUNX1	TbID_all
BRAF	PFKP	TbID_all
BRAF	MAP2K1	TbID_all
BRAF	PLAUR	TbID_all
BRAF	GBE1	TbID_all
BRAF	YWHAH	TbID_all
BRAF	PRKCD	TbID_all
BRAF	MFGE8	TbID_all
BRAF	SPOCK1	TbID_all
BRAF	CHAF1A	TbID_all
BRAF	CHAF1B	TbID_all
BRAF	CALCOCO2	TbID_all
BRAF	OS9	TbID_all
BRAF	LSAMP	TbID_all
BRAF	TUSC3	TbID_all
BRAF	SQSTM1	TbID_all
BRAF	SERINC3	TbID_all
BRAF	TDG	TbID_all
BRAF	RAB31	TbID_all
BRAF	RAB32	TbID_all
BRAF	LAMB3	TbID_all
BRAF	LAMC2	TbID_all
BRAF	SPTAN1	TbID_all
BRAF	TNFAIP1	TbID_all
BRAF	IDI1	TbID_all
BRAF	KEAP1	TbID_all
BRAF	BTG3	TbID_all
BRAF	GALNT3	TbID_all
BRAF	ZNF267	TbID_all
BRAF	STARD3	TbID_all
BRAF	PSME4	TbID_all
BRAF	PSMD6	TbID_all
BRAF	ARL6IP1	TbID_all
BRAF	DHCR24	TbID_all
BRAF	RAB30	TbID_all
BRAF	EXT1	TbID_all
BRAF	PPP2R5E	TbID_all
BRAF	CDC37	TbID_all
BRAF	DUSP5	TbID_all
BRAF	UBE2S	TbID_all
BRAF	UPP1	TbID_all
BRAF	CYP51A1	TbID_all
BRAF	UGT8	TbID_all
BRAF	ZNF791	TbID_all
BRAF	GPAT3	TbID_all
BRAF	ORMDL2	TbID_all
BRAF	PHLDA2	TbID_all
BRAF	PLEKHO1	TbID_all
BRAF	ACTBL2	TbID_all
BRAF	OCIAD2	TbID_all
BRAF	TMEM41B	TbID_all
BRAF	MEST	TbID_all
BRAF	RNFT1	TbID_all
BRAF	ELFN2	TbID_all
BRAF	TMEM201	TbID_all
BRAF	ZNF697	TbID_all
BRAF	ASPHD1	TbID_all
BRAF	HECTD2	TbID_all
BRAF	ANKRD22	TbID_all
BRAF	DCAF15	TbID_all
BRAF	FAAH2	TbID_all
BRAF	CCSAP	TbID_all
BRAF	SLC25A25	TbID_all
BRAF	MFSD5	TbID_all
BRAF	REEP3	TbID_all
BRAF	PGM2L1	TbID_all
BRAF	POTEE	TbID_all
BRAF	FAM111B	TbID_all
BRAF	CSPG4	TbID_all
BRAF	TMEM205	TbID_all
BRAF	LCLAT1	TbID_all
BRAF	ZNF562	TbID_all
BRAF	CERS6	TbID_all
BRAF	ZNF66	TbID_all
BRAF	TMPPE	TbID_all
BRAF	LANCL3	TbID_all
BRAF	PAQR9	TbID_all
BRAF	ILDR2	TbID_all
BRAF	BZW1	TbID_all
BRAF	ARC	TbID_all
BRAF	LRP10	TbID_all
BRAF	SPRED2	TbID_all
BRAF	SPRED1	TbID_all
BRAF	PIGW	TbID_all
BRAF	C11orf96	TbID_all
BRAF	DHDDS	TbID_all
BRAF	ADIPOR2	TbID_all
BRAF	TMEM200A	TbID_all
BRAF	LSR	TbID_all
BRAF	VRK2	TbID_all
BRAF	HOMER1	TbID_all
BRAF	DOLPP1	TbID_all
BRAF	RAB43	TbID_all
BRAF	EPHX4	TbID_all
BRAF	ZDHHC21	TbID_all
BRAF	ITPRIP	TbID_all
BRAF	DCUN1D3	TbID_all
BRAF	CMTR2	TbID_all
BRAF	ASPM	TbID_all
BRAF	ZNF444	TbID_all
BRAF	FBXL6	TbID_all
BRAF	CERS5	TbID_all
BRAF	JAGN1	TbID_all
BRAF	FITM2	TbID_all
BRAF	ZNF525	TbID_all
BRAF	SLC25A29	TbID_all
BRAF	FAM98A	TbID_all
BRAF	GPRC5A	TbID_all
BRAF	FBH1	TbID_all
BRAF	SGMS2	TbID_all
BRAF	OCC1	TbID_all
BRAF	SLC35B2	TbID_all
BRAF	SLC35G2	TbID_all
BRAF	SFXN5	TbID_all
BRAF	SLC2A14	TbID_all
BRAF	SLC20A1	TbID_all
BRAF	FAR1	TbID_all
BRAF	CCNB3	TbID_all
BRAF	KCTD13	TbID_all
BRAF	PIGB	TbID_all
BRAF	CENPI	TbID_all
BRAF	RND1	TbID_all
BRAF	PEX13	TbID_all
BRAF	ATP6V0A1	TbID_all
BRAF	FBXO32	TbID_all
BRAF	ZDHHC16	TbID_all
BRAF	PNPLA2	TbID_all
BRAF	AIDA	TbID_all
BRAF	SARAF	TbID_all
BRAF	PLEKHB2	TbID_all
BRAF	KCTD12	TbID_all
BRAF	FAM241B	TbID_all
BRAF	NUS1	TbID_all
BRAF	S100A16	TbID_all
BRAF	VMP1	TbID_all
BRAF	PRR11	TbID_all
BRAF	FAR2	TbID_all
BRAF	DNAJC1	TbID_all
BRAF	BTBD6	TbID_all
BRAF	DNAJC30	TbID_all
BRAF	INTS15	TbID_all
BRAF	GUCD1	TbID_all
BRAF	BTBD9	TbID_all
BRAF	TRIB1	TbID_all
BRAF	SLC49A4	TbID_all
BRAF	SDHC	TbID_all
BRAF	RGPD5	TbID_all
BRAF	CDC6	TbID_all
BRAF	RNF5	TbID_all
BRAF	FOXC2	TbID_all
BRAF	VRK1	TbID_all
BRAF	GDF15	TbID_all
BRAF	SELENOS	TbID_all
BRAF	ISCA1	TbID_all
BRAF	DERL1	TbID_all
BRAF	EMC6	TbID_all
BRAF	TMEM147	TbID_all
BRAF	ELOVL1	TbID_all
BRAF	NAA15	TbID_all
BRAF	TMEM59	TbID_all
BRAF	EMILIN2	TbID_all
BRAF	UBL5	TbID_all
BRAF	ULBP2	TbID_all
BRAF	SPRY4	TbID_all
BRAF	BTBD1	TbID_all
BRAF	METTL9	TbID_all
BRAF	EHD4	TbID_all
BRAF	SLC25A32	TbID_all
BRAF	KCTD10	TbID_all
BRAF	RNF41	TbID_all
BRAF	SPRING1	TbID_all
BRAF	TMEM185B	TbID_all
BRAF	NAA60	TbID_all
BRAF	DNAJC18	TbID_all
BRAF	RNF122	TbID_all
BRAF	CLK4	TbID_all
BRAF	ZSWIM6	TbID_all
BRAF	PGAP6	TbID_all
BRAF	RAB18	TbID_all
BRAF	PNPLA8	TbID_all
BRAF	TMEM138	TbID_all
BRAF	GPRC5C	TbID_all
BRAF	XPNPEP3	TbID_all
BRAF	ITM2C	TbID_all
BRAF	FBXO8	TbID_all
BRAF	SERINC1	TbID_all
BRAF	TMEM39A	TbID_all
BRAF	GNL3L	TbID_all
BRAF	ASB6	TbID_all
BRAF	DNAJB12	TbID_all
BRAF	UTP6	TbID_all
BRAF	WSB2	TbID_all
BRAF	RNF181	TbID_all
BRAF	CHPF2	TbID_all
BRAF	GNG12	TbID_all
BRAF	TNFRSF10D	TbID_all
BRAF	DKK2	TbID_all
BRAF	CLN8	TbID_all
BRAF	APOBEC3B	TbID_all
BRAF	SRRD	TbID_all
BRAF	ADAMTS1	TbID_all
BRAF	KLHL21	TbID_all
BRAF	ZNF225	TbID_all
BRAF	FBXO3	TbID_all
BRAF	MRTO4	TbID_all
BRAF	AMFR	TbID_all
BRAF	PROCR	TbID_all
BRAF	DOLK	TbID_all
BRAF	CORO2B	TbID_all
BRAF	RCE1	TbID_all
BRAF	EIF3L	TbID_all
BRAF	PIGL	TbID_all
BRAF	KDM2A	TbID_all
BRAF	PTRH2	TbID_all
BRAF	RAP2C	TbID_all
BRAF	ASB3	TbID_all
BRAF	PCDHB2	TbID_all
BRAF	FADS3	TbID_all
BRAF	LIPG	TbID_all
BRAF	UBIAD1	TbID_all
BRAF	SPCS1	TbID_all
BRAF	SELENOK	TbID_all
BRAF	CSNK1G3	TbID_all
BRAF	SQOR	TbID_all
BRAF	FADS2	TbID_all
BRAF	RAF1	TbID_all
BRAF	UROD	TbID_all
BRAF	NEFL	TbID_all
BRAF	HSP90AB1	TbID_all
BRAF	C4A;C4B	TbID_all
BRAF	RPA2	TbID_all
BRAF	EEF1B2	TbID_all
BRAF	RPA1	TbID_all
BRAF	PSMB4	TbID_all
BRAF	MAT2A	TbID_all
BRAF	RPA3	TbID_all
BRAF	MAP2K2	TbID_all
BRAF	PSMC5	TbID_all
BRAF	ESRRG	TbID_all
BRAF	ID3	TbID_all
BRAF	LGALS3BP	TbID_all
BRAF	ORC1	TbID_all
BRAF	CRMP1	TbID_all
BRAF	GPR176	TbID_all
BRAF	PKN2	TbID_all
BRAF	HSP90AA4P	TbID_all
BRAF	RADX	TbID_all
BRAF	KSR2	TbID_all
BRAF	LDLRAD3	TbID_all
BRAF	KSR1	TbID_all
BRAF	SIRT2	TbID_all
BRAF	EID2	TbID_all
BRAF	RP9	TbID_all
BRAF	AEN	TbID_all
BRAF	ZNF480	TbID_all
BRAF	USP6NL	TbID_all
BRAF	TWNK	TbID_all
BRAF	EPB41L4B	TbID_all
BRAF	PELI2	TbID_all
BRAF	GGA3	TbID_all
BRAF	TMEFF2	TbID_all
BRAF	RPUSD1	TbID_all
BRAF	OAS3	TbID_all
BRAF	NUDT4B	TbID_all
BRAF	AIP	TbID_all
BRAF	GFRA2	TbID_all
BRAF	PLOD3	TbID_all
BRAF	ZNF324	TbID_all
BRAF	GABBR2	TbID_all
BRAF	CHGB	TbID_all
BRAF	ELFN1	TbID_all
BRAF	ARAF	TbID_all
BRAF	CHGA	TbID_all
BRAF	ETS2	TbID_all
BRAF	FOSL1	TbID_all
BRAF	ACAN	TbID_all
BRAF	TUBG1	TbID_all
BRAF	SDC4	TbID_all
BRAF	CDKN1A	TbID_all
BRAF	PIK3CA	TbID_all
BRAF	METAP2	TbID_all
BRAF	MZT1	TbID_all
BRAF	TUBB3	TbID_all
BRAF	PCLAF	TbID_all
BRAF	FSCN1	TbID_all
BRAF	ALG11	TbID_all
BRAF	HSP90AA5P	TbID_all
BRAF	ZNF789	TbID_all
BRAF	ZNF684	TbID_all
BRAF	EGFLAM	TbID_all
BRAF	TTC27	TbID_all
BRAF	ZCCHC12	TbID_all
BRAF	ABHD13	TbID_all
BRAF	ZNF765	TbID_all
BRAF	FBXO11	TbID_all
BRAF	ANKRD18A	TbID_all
BRAF	ZNF557	TbID_all
BRAF	COLGALT1	TbID_all
BRAF	SLC44A5	TbID_all
BRAF	PNMA1	TbID_all
BRAF	CEMIP	TbID_all
BRAF	C11orf52	TbID_all
BRAF	ZNF669	TbID_all
BRAF	ARMC5	TbID_all
BRAF	TUBGCP3	TbID_all
BRAF	ARL5B	TbID_all
BRAF	LRR1	TbID_all
BRAF	ZNF578	TbID_all
BRAF	YPEL2	TbID_all
BRAF	AGAP2	TbID_all
BRAF	TUBGCP2	TbID_all
BRAF	CARD6	TbID_all
BRAF	STRA6	TbID_all
BRAF	DOCK9	TbID_all
BRAF	SLC29A3	TbID_all
BRAF	KLHL4	TbID_all
BRAF	ANKH	TbID_all
BRAF	GPAM	TbID_all
BRAF	MYO10	TbID_all
BRAF	SH2D2A	TbID_all
BRAF	KMT5A	TbID_all
BRAF	ERRFI1	TbID_all
BRAF	FBXL3	TbID_all
BRAF	ZNF215	TbID_all
BRAF	BAIAP2	TbID_all
BRAF	DLGAP4	TbID_all
BRAF	ZNF256	TbID_all
BRAF	SIVA1	TbID_all
BRAF	EDIL3	TbID_all
BRAF	SC5D	TbID_all
BRAF	SLIT2	TbID_all
BRAF	NRAS	TbID_all
BRAF	KRAS	TbID_all
BRAF	THBS1	TbID_all
BRAF	PTPRZ1	TbID_all
BRAF	GABRB3	TbID_all
BRAF	EEF1D	TbID_all
BRAF	DRG2	TbID_all
BRAF	POLR2G	TbID_all
BRAF	POLR2L	TbID_all
BRAF	DHFR2	TbID_all
BRAF	FOXRED2	TbID_all
BRAF	GATD1	TbID_all
BRAF	DTWD2	TbID_all
BRAF	ADPRHL1	TbID_all
BRAF	KLHL15	TbID_all
BRAF	TRIB3	TbID_all
BRAF	ACTL8	TbID_all
BRAF	SPON1	TbID_all
BRAF	HPF1	TbID_all
BRAF	TAOK2	TbID_all
BRAF	SLC27A6	TbID_all
BRAF	AP3M1	TbID_all
BRAF	GPC6	TbID_all
BRAF	WSB1	TbID_all
NRAS	TUG1	TbID_all
NRAS	SGK1	TbID_all
NRAS	RGL2	TbID_all
NRAS	CEP104	TbID_all
NRAS	SC5D	TbID_all
NRAS	SULT1C4	TbID_all
NRAS	SLIT2	TbID_all
NRAS	ZIC2	TbID_all
NRAS	FADS2	TbID_all
NRAS	NRAS	TbID_all
NRAS	HRAS	TbID_all
NRAS	KRAS	TbID_all
NRAS	RAF1	TbID_all
NRAS	THBS1	TbID_all
NRAS	C4A;C4B	TbID_all
NRAS	CHGA	TbID_all
NRAS	PKM	TbID_all
NRAS	BRAF	TbID_all
NRAS	RPA2	TbID_all
NRAS	RASA1	TbID_all
NRAS	CSRP1	TbID_all
NRAS	PTPRZ1	TbID_all
NRAS	EEF1B2	TbID_all
NRAS	EEF1G	TbID_all
NRAS	RPA1	TbID_all
NRAS	PSMB5	TbID_all
NRAS	GABRB3	TbID_all
NRAS	RPA3	TbID_all
NRAS	PIK3CA	TbID_all
NRAS	CCNG1	TbID_all
NRAS	DRG2	TbID_all
NRAS	AFDN	TbID_all
NRAS	SESN3	TbID_all
NRAS	RAP1B	TbID_all
NRAS	PSMC5	TbID_all
NRAS	SERF2	TbID_all
NRAS	ID3	TbID_all
NRAS	ZNF91	TbID_all
NRAS	CACNB2	TbID_all
NRAS	RALGDS	TbID_all
NRAS	SCRIB	TbID_all
NRAS	CRMP1	TbID_all
NRAS	NFE2L1	TbID_all
NRAS	PCLAF	TbID_all
NRAS	DHCR24	TbID_all
NRAS	FSCN1	TbID_all
NRAS	ORMDL2	TbID_all
NRAS	MEST	TbID_all
NRAS	SFRP5	TbID_all
NRAS	HECTD2	TbID_all
NRAS	ECPAS	TbID_all
NRAS	ZNF66	TbID_all
NRAS	MYPN	TbID_all
NRAS	C12orf56	TbID_all
NRAS	ASPM	TbID_all
NRAS	CBARP	TbID_all
NRAS	LZTR1	TbID_all
NRAS	SLC44A5	TbID_all
NRAS	FBH1	TbID_all
NRAS	RP9	TbID_all
NRAS	AEN	TbID_all
NRAS	ANKRD49	TbID_all
NRAS	RASSF5	TbID_all
NRAS	CENPI	TbID_all
NRAS	CDC6	TbID_all
NRAS	GDF15	TbID_all
NRAS	KCTD10	TbID_all
NRAS	ACTL8	TbID_all
NRAS	DNAJC18	TbID_all
NRAS	KMT5A	TbID_all
NRAS	PLCE1	TbID_all
NRAS	ZNF492	TbID_all
NRAS	ARHGAP28	TbID_all
NRAS	NDRG2	TbID_all
NRAS	SHOC2	TbID_all
NRAS	LZTS1	TbID_all
NRAS	KDM2A	TbID_all
NRAS	SLC27A6	TbID_all
NRAS	RAPGEF2	TbID_all
NRAS	B3GALT1	TbID_all
NRAS	GPC6	TbID_all
NRAS	MSANTD7	TbID_all
NRAS	PIK3CD	TbID_all
NRAS	PIK3R2	TbID_all
NRAS	KRIT1	TbID_all
NRAS	DPYSL4	TbID_all
NRAS	CPLX1	TbID_all
NRAS	VGF	TbID_all
NRAS	SIVA1	TbID_all
NRAS	BCL2L11	TbID_all
NRAS	KCNQ2	TbID_all
NRAS	SUSD5	TbID_all
NRAS	COL2A1	TbID_all
NRAS	RB1	TbID_all
NRAS	ELFN1	TbID_all
NRAS	VCAN	TbID_all
NRAS	RAC2	TbID_all
NRAS	ACAN	TbID_all
NRAS	JUND	TbID_all
NRAS	ITIH2	TbID_all
NRAS	MSH3	TbID_all
NRAS	COL5A1	TbID_all
NRAS	PTMS	TbID_all
NRAS	LAMA1	TbID_all
NRAS	PTX3	TbID_all
NRAS	PIK3R1	TbID_all
NRAS	GPC1	TbID_all
NRAS	FBN2	TbID_all
NRAS	ZNF93	TbID_all
NRAS	CDKN1A	TbID_all
NRAS	CDKN1B	TbID_all
NRAS	SEPHS1	TbID_all
NRAS	CRIP2	TbID_all
NRAS	GAS1	TbID_all
NRAS	MFAP2	TbID_all
NRAS	LSAMP	TbID_all
NRAS	IDI1	TbID_all
NRAS	ARHGEF7	TbID_all
NRAS	GIT2	TbID_all
NRAS	DOCK1	TbID_all
NRAS	GAMT	TbID_all
NRAS	RASA3	TbID_all
NRAS	MFSD13A	TbID_all
NRAS	LLGL1	TbID_all
NRAS	SNCB	TbID_all
NRAS	CCDC88A	TbID_all
NRAS	CYP27C1	TbID_all
NRAS	EAPP	TbID_all
NRAS	ATXN7L2	TbID_all
NRAS	SYT6	TbID_all
NRAS	EEIG2	TbID_all
NRAS	N4BP2L1	TbID_all
NRAS	EGFLAM	TbID_all
NRAS	CPLX2	TbID_all
NRAS	THSD4	TbID_all
NRAS	PREX2	TbID_all
NRAS	RASGRP2	TbID_all
NRAS	GPRIN1	TbID_all
NRAS	ACOT1	TbID_all
NRAS	CHD1L	TbID_all
NRAS	BRSK2	TbID_all
NRAS	HOMEZ	TbID_all
NRAS	TMEFF1	TbID_all
NRAS	ARHGAP18	TbID_all
NRAS	RAPGEF6	TbID_all
NRAS	MITD1	TbID_all
NRAS	CKAP2	TbID_all
NRAS	PIK3R3	TbID_all
NRAS	HTRA1	TbID_all
NRAS	LOXL4	TbID_all
NRAS	RADIL	TbID_all
NRAS	GDAP1L1	TbID_all
NRAS	HAPLN3	TbID_all
NRAS	RPP25	TbID_all
NRAS	EMILIN2	TbID_all
NRAS	NUCKS1	TbID_all
NRAS	CPVL	TbID_all
NRAS	PPP1R3E	TbID_all
NRAS	TMT1A	TbID_all
NRAS	PATZ1	TbID_all
NRAS	ANKRD10	TbID_all
NRAS	ZNF219	TbID_all
NRAS	PRKAG2	TbID_all
NRAS	VANGL2	TbID_all
NRAS	SHANK2	TbID_all
NRAS	AKT3	TbID_all
NRAS	GIT1	TbID_all
NRAS	IRS2	TbID_all
NRAS	CHCHD2	TbID_all
NRAS	AK5	TbID_all
NRAS	FNDC10	TbID_all
NRAS	SLC16A7	TbID_all
NRAS	NEFL	TbID_all
NRAS	CD44	TbID_all
NRAS	EEF1D	TbID_all
NRAS	TFPI2	TbID_all
NRAS	ACTA1	TbID_all
NRAS	SPTBN1	TbID_all
NRAS	EEF1A2	TbID_all
NRAS	CNTN1	TbID_all
NRAS	SPTAN1	TbID_all
NRAS	ATXN7L3	TbID_all
NRAS	APTX	TbID_all
NRAS	MPLKIP	TbID_all
NRAS	SLC25A46	TbID_all
NRAS	KCTD12	TbID_all
NRAS	IGSF21	TbID_all
NRAS	ZNF578	TbID_all
NRAS	EPB41L4B	TbID_all
NRAS	GPAM	TbID_all
NRAS	EMILIN3	TbID_all
NRAS	TMEFF2	TbID_all
NRAS	ZNF214	TbID_all
NRAS	ATXN7L1	TbID_all
NRAS	OAS3	TbID_all
NRAS	SQOR	TbID_all
NRAS	SMIM26	TbID_all
NRAS	CYBA	TbID_all
NRAS	NTS	TbID_all
NRAS	MAT2A	TbID_all
NRAS	LACTB	TbID_all
NRAS	PFKP	TbID_all
NRAS	OS9	TbID_all
NRAS	RAB32	TbID_all
NRAS	TNFAIP1	TbID_all
NRAS	DHFR2	TbID_all
NRAS	FAR2	TbID_all
NRAS	DNAJC30	TbID_all
NRAS	TWNK	TbID_all
NRAS	SELENOS	TbID_all
NRAS	UBL5	TbID_all
NRAS	RNF41	TbID_all
NRAS	ASB6	TbID_all
NRAS	TELO2	TbID_all
MAPK3	PTPDC1	TbID_all
MAPK3	WASH3P	TbID_all
MAPK3	ATXN7	TbID_all
MAPK3	FRS3	TbID_all
MAPK3	SLC16A7	TbID_all
MAPK3	SUPT3H	TbID_all
MAPK3	TAF5L	TbID_all
MAPK3	RPS6KA5	TbID_all
MAPK3	SUPT7L	TbID_all
MAPK3	C4A;C4B	TbID_all
MAPK3	UCHL3	TbID_all
MAPK3	HIVEP1	TbID_all
MAPK3	RPA2	TbID_all
MAPK3	CSRP1	TbID_all
MAPK3	PTPRZ1	TbID_all
MAPK3	MAPK3	TbID_all
MAPK3	RPA1	TbID_all
MAPK3	RPA3	TbID_all
MAPK3	MAP2K2	TbID_all
MAPK3	ETV3	TbID_all
MAPK3	ERF	TbID_all
MAPK3	RPS6KA3	TbID_all
MAPK3	MEF2A	TbID_all
MAPK3	ID3	TbID_all
MAPK3	LSAMP	TbID_all
MAPK3	GAB1	TbID_all
MAPK3	CRMP1	TbID_all
MAPK3	ATXN7L3	TbID_all
MAPK3	PEA15	TbID_all
MAPK3	RPS6KA2	TbID_all
MAPK3	RPS6KA1	TbID_all
MAPK3	IFI16	TbID_all
MAPK3	DUSP7	TbID_all
MAPK3	ARHGAP31	TbID_all
MAPK3	MEST	TbID_all
MAPK3	ATXN7L2	TbID_all
MAPK3	ANKRD34A	TbID_all
MAPK3	ZCCHC12	TbID_all
MAPK3	MIDEAS	TbID_all
MAPK3	BEND4	TbID_all
MAPK3	TADA2B	TbID_all
MAPK3	ENAH	TbID_all
MAPK3	SUPT20H	TbID_all
MAPK3	FBH1	TbID_all
MAPK3	FRS2	TbID_all
MAPK3	NEO1	TbID_all
MAPK3	PINX1	TbID_all
MAPK3	TADA1	TbID_all
MAPK3	FLYWCH2	TbID_all
MAPK3	ARHGEF26	TbID_all
MAPK3	BTBD6	TbID_all
MAPK3	DUSP9	TbID_all
MAPK3	SOX7	TbID_all
MAPK3	CTDSP1	TbID_all
MAPK3	DNTTIP1	TbID_all
MAPK3	NELFA	TbID_all
MAPK3	ZNF395	TbID_all
MAPK3	MKNK2	TbID_all
MAPK3	TAF9B	TbID_all
MAPK3	WASH6P	TbID_all
MAPK3	STMN3	TbID_all
MAPK3	PCDH10	TbID_all
MAPK3	TRPS1	TbID_all
MAPK3	RPS6KA6	TbID_all
MAPK3	MRTFB	TbID_all
MAPK3	ATXN7L1	TbID_all
MAPK3	RAI2	TbID_all
MAPK3	B3GALT1	TbID_all
MAPK3	CCP110	TbID_all
MAPK3	THRB	TbID_all
MAPK3	TCF3	TbID_all
MAPK3	RAP1GAP	TbID_all
MAPK3	CAMSAP2	TbID_all
MAPK3	DUSP6	TbID_all
MAPK3	ZXDC	TbID_all
MAPK3	MZT2B	TbID_all
MAPK3	C15orf39	TbID_all
MAPK3	ERICH1	TbID_all
MAPK3	DHFR2	TbID_all
MAPK3	TDRP	TbID_all
MAPK3	CHERP	TbID_all
MAPK3	TNRC6A	TbID_all
MAPK3	CEMIP	TbID_all
MAPK3	CKAP2	TbID_all
MAPK3	PIK3R3	TbID_all
MAPK3	KIF16B	TbID_all
MAPK3	CCDC138	TbID_all
MAPK3	TRERF1	TbID_all
MAPK3	MKNK1	TbID_all
MAPK3	NCKAP5L	TbID_all
MAPK3	XPNPEP3	TbID_all
MAPK3	ZBTB21	TbID_all
MAPK3	GRIP1	TbID_all
MAPK3	CFAP119	TbID_all
MAPK3	VGF	TbID_all
MAPK3	BCL2L11	TbID_all
MAPK3	EDIL3	TbID_all
MAPK3	SLIT2	TbID_all
MAPK3	THBS1	TbID_all
MAPK3	SERF2	TbID_all
MAPK3	TAGLN	TbID_all
MAPK3	GPR176	TbID_all
MAPK3	MYPN	TbID_all
MAPK3	ASPM	TbID_all
MAPK3	RP9	TbID_all
MAPK3	AEN	TbID_all
MAPK3	GDAP1L1	TbID_all
MAPK3	TRIB1	TbID_all
MAPK3	UBL5	TbID_all
MAPK3	KMT5A	TbID_all
MAPK3	TMEFF2	TbID_all
MAPK3	ZNF256	TbID_all
MAPK3	GPC6	TbID_all
KRAS	TLCD2	TbID_all
KRAS	SOWAHD	TbID_all
KRAS	PRRT4	TbID_all
KRAS	FNDC10	TbID_all
KRAS	AP3B1	TbID_all
KRAS	CTDSP2	TbID_all
KRAS	GNG7	TbID_all
KRAS	PEX11A	TbID_all
KRAS	CLSTN1	TbID_all
KRAS	CSPG5	TbID_all
KRAS	WNT11	TbID_all
KRAS	NRAS	TbID_all
KRAS	HRAS	TbID_all
KRAS	KRAS	TbID_all
KRAS	TP53	TbID_all
KRAS	HSPB1	TbID_all
KRAS	COL5A2	TbID_all
KRAS	H1-0	TbID_all
KRAS	YES1	TbID_all
KRAS	LYN	TbID_all
KRAS	GNAO1	TbID_all
KRAS	FAM200B	TbID_all
KRAS	ZFTRAF1	TbID_all
KRAS	CHGA	TbID_all
KRAS	BMP1	TbID_all
KRAS	VCAN	TbID_all
KRAS	ITGA4	TbID_all
KRAS	CD59	TbID_all
KRAS	NID1	TbID_all
KRAS	PVR	TbID_all
KRAS	ARSB	TbID_all
KRAS	ITGA2	TbID_all
KRAS	COL5A1	TbID_all
KRAS	MDK	TbID_all
KRAS	NR2F2	TbID_all
KRAS	PTX3	TbID_all
KRAS	CNTFR	TbID_all
KRAS	CYP2C19	TbID_all
KRAS	GNG4	TbID_all
KRAS	RAP1GDS1	TbID_all
KRAS	MFAP2	TbID_all
KRAS	ITGA1	TbID_all
KRAS	S100A10	TbID_all
KRAS	NUTF2	TbID_all
KRAS	RRAS2	TbID_all
KRAS	RPL39;RPL39P5	TbID_all
KRAS	SRPX	TbID_all
KRAS	SULT2A1	TbID_all
KRAS	LOXL1	TbID_all
KRAS	MAD2L1	TbID_all
KRAS	TCOF1	TbID_all
KRAS	GPM6B	TbID_all
KRAS	FUT11	TbID_all
KRAS	KLHL12	TbID_all
KRAS	EEF1AKMT2	TbID_all
KRAS	SLC35F1	TbID_all
KRAS	N4BP2L1	TbID_all
KRAS	TTC39B	TbID_all
KRAS	KLHL17	TbID_all
KRAS	CSPG4	TbID_all
KRAS	MOXD1	TbID_all
KRAS	RBPMS2	TbID_all
KRAS	MEGF8	TbID_all
KRAS	SCD5	TbID_all
KRAS	RTN4RL2	TbID_all
KRAS	PAQR7	TbID_all
KRAS	SULF2	TbID_all
KRAS	SULF1	TbID_all
KRAS	GALNT12	TbID_all
KRAS	ACBD4	TbID_all
KRAS	CAMKV	TbID_all
KRAS	TTL	TbID_all
KRAS	ZNF596	TbID_all
KRAS	P3H4	TbID_all
KRAS	MAP4K1	TbID_all
KRAS	MRAP2	TbID_all
KRAS	FOXC2	TbID_all
KRAS	ULBP1	TbID_all
KRAS	C1orf21	TbID_all
KRAS	TMT1A	TbID_all
KRAS	UBTD1	TbID_all
KRAS	BCL2L12	TbID_all
KRAS	PLGRKT	TbID_all
KRAS	SIX2	TbID_all
KRAS	SDR39U1	TbID_all
KRAS	TUBG2	TbID_all
KRAS	C1GALT1	TbID_all
KRAS	DPM3	TbID_all
KRAS	RABAC1	TbID_all
KRAS	KIF26A	TbID_all
KRAS	PADI2	TbID_all
KRAS	EMC9	TbID_all
KRAS	COL18A1	TbID_all
KRAS	PIK3CD	TbID_all
KRAS	RGL2	TbID_all
KRAS	CEP104	TbID_all
KRAS	RAF1	TbID_all
KRAS	RPN2	TbID_all
KRAS	CTSB	TbID_all
KRAS	IFITM1	TbID_all
KRAS	CD99	TbID_all
KRAS	BRAF	TbID_all
KRAS	SOAT1	TbID_all
KRAS	GRIK1	TbID_all
KRAS	PIK3CA	TbID_all
KRAS	GNG10	TbID_all
KRAS	SLC26A2	TbID_all
KRAS	AFDN	TbID_all
KRAS	DAD1	TbID_all
KRAS	ASIC1	TbID_all
KRAS	MAP2K1	TbID_all
KRAS	ACVR1	TbID_all
KRAS	RALGDS	TbID_all
KRAS	SERINC3	TbID_all
KRAS	IQGAP2	TbID_all
KRAS	SCRIB	TbID_all
KRAS	OCLN	TbID_all
KRAS	GRTP1	TbID_all
KRAS	ECPAS	TbID_all
KRAS	EEPD1	TbID_all
KRAS	ERO1B	TbID_all
KRAS	CYP4X1	TbID_all
KRAS	ADPRHL1	TbID_all
KRAS	ADAMTS17	TbID_all
KRAS	RADIL	TbID_all
KRAS	IPO9	TbID_all
KRAS	ARHGEF17	TbID_all
KRAS	CADM1	TbID_all
KRAS	MAGT1	TbID_all
KRAS	DOCK5	TbID_all
KRAS	RGL1	TbID_all
KRAS	PLCE1	TbID_all
KRAS	ARHGAP28	TbID_all
KRAS	SHANK2	TbID_all
KRAS	SHOC2	TbID_all
KRAS	RNF11	TbID_all
KRAS	CCDC61	TbID_all
KRAS	SMIM26	TbID_all
KRAS	ELOVL7	TbID_all
KRAS	MYO1C	TbID_all
KRAS	LGALS8	TbID_all
KRAS	GET1	TbID_all
KRAS	SCD	TbID_all
KRAS	DPM1	TbID_all
KRAS	SLC19A2	TbID_all
KRAS	RP2	TbID_all
KRAS	CRTAP	TbID_all
KRAS	ZIC2	TbID_all
KRAS	HLA-DQB1	TbID_all
KRAS	RPN1	TbID_all
KRAS	GNAI2	TbID_all
KRAS	ANXA2	TbID_all
KRAS	ANXA6	TbID_all
KRAS	GNAI3	TbID_all
KRAS	UQCRFS1P1	TbID_all
KRAS	ZNF723	TbID_all
KRAS	H1-4	TbID_all
KRAS	GNA11	TbID_all
KRAS	SRI	TbID_all
KRAS	FBN1	TbID_all
KRAS	STT3A	TbID_all
KRAS	LGALS7	TbID_all
KRAS	CLK3	TbID_all
KRAS	ZNF83	TbID_all
KRAS	DLX6	TbID_all
KRAS	ATP5F1E;ATP5F1EP2	TbID_all
KRAS	GNAI1	TbID_all
KRAS	DCD	TbID_all
KRAS	TUSC3	TbID_all
KRAS	ARL6IP1	TbID_all
KRAS	DHCR24	TbID_all
KRAS	TAF1A	TbID_all
KRAS	ZNF630	TbID_all
KRAS	TMEM128	TbID_all
KRAS	KPRP	TbID_all
KRAS	TMEM214	TbID_all
KRAS	CCDC137	TbID_all
KRAS	LCLAT1	TbID_all
KRAS	PAQR9	TbID_all
KRAS	CHMP1B	TbID_all
KRAS	DCXR	TbID_all
KRAS	LTBP4	TbID_all
KRAS	TMEM256	TbID_all
KRAS	LZTR1	TbID_all
KRAS	ARL6IP6	TbID_all
KRAS	CCNYL1	TbID_all
KRAS	GDPD1	TbID_all
KRAS	XXYLT1	TbID_all
KRAS	RBM15B	TbID_all
KRAS	SLC30A7	TbID_all
KRAS	SLC35B2	TbID_all
KRAS	RDH11	TbID_all
KRAS	STT3B	TbID_all
KRAS	CHPT1	TbID_all
KRAS	PIGB	TbID_all
KRAS	EDEM1	TbID_all
KRAS	TNPO1	TbID_all
KRAS	RFT1	TbID_all
KRAS	ZNF594	TbID_all
KRAS	TLCD4	TbID_all
KRAS	GUCD1	TbID_all
KRAS	PIGS	TbID_all
KRAS	PLEKHF1	TbID_all
KRAS	RBM4B	TbID_all
KRAS	C7orf50	TbID_all
KRAS	RBM4	TbID_all
KRAS	ARV1	TbID_all
KRAS	KCTD10	TbID_all
KRAS	DPAGT1	TbID_all
KRAS	TMEM38A	TbID_all
KRAS	REEP4	TbID_all
KRAS	CPNE5	TbID_all
KRAS	PXMP2	TbID_all
KRAS	AGPAT3	TbID_all
KRAS	OTULINL	TbID_all
KRAS	TMEM161A	TbID_all
KRAS	DNAJB12	TbID_all
KRAS	DNMT3B	TbID_all
KRAS	SRRD	TbID_all
KRAS	SUN2	TbID_all
KRAS	C19orf53	TbID_all
KRAS	MOK	TbID_all
KRAS	AK6	TbID_all
KRAS	FADS3	TbID_all
KRAS	H2AC4;H2AC25	TbID_all
KRAS	H2BC11;H2BC21	TbID_all
KRAS	CD55	TbID_all
KRAS	ITGA5	TbID_all
KRAS	H2AC11;H2AC20;H2AC18;H2AC12;H2AC14;H2AJ	TbID_all
KRAS	CPE	TbID_all
KRAS	TLX1	TbID_all
KRAS	TIMP3	TbID_all
KRAS	HMGA2	TbID_all
KRAS	TMBIM6	TbID_all
KRAS	H4C1	TbID_all
KRAS	H3-3A	TbID_all
KRAS	CNTN1	TbID_all
KRAS	SLC29A2	TbID_all
KRAS	PUM3	TbID_all
KRAS	C6orf163	TbID_all
KRAS	SDK1	TbID_all
KRAS	AIDA	TbID_all
KRAS	HAPLN3	TbID_all
KRAS	UHRF1	TbID_all
KRAS	FUT8	TbID_all
KRAS	PROCR	TbID_all
KRAS	SLC4A4	TbID_all
RAF1	TUG1	TbID_all
RAF1	ELOVL7	TbID_all
RAF1	HACD1	TbID_all
RAF1	AIP	TbID_all
RAF1	FAAH	TbID_all
RAF1	CCN1	TbID_all
RAF1	NRP1	TbID_all
RAF1	BCKDK	TbID_all
RAF1	SPTBN2	TbID_all
RAF1	CYP27B1	TbID_all
RAF1	GET3	TbID_all
RAF1	EDIL3	TbID_all
RAF1	SUSD5	TbID_all
RAF1	LCMT2	TbID_all
RAF1	SYNCRIP	TbID_all
RAF1	SLC16A7	TbID_all
RAF1	ZNF737	TbID_all
RAF1	VPS26A	TbID_all
RAF1	ZNF324	TbID_all
RAF1	CDC123	TbID_all
RAF1	DFFB	TbID_all
RAF1	SLIT2	TbID_all
RAF1	MYO1D	TbID_all
RAF1	SGPL1	TbID_all
RAF1	NTN1	TbID_all
RAF1	TTC4	TbID_all
RAF1	F13A1	TbID_all
RAF1	HRAS	TbID_all
RAF1	FGG	TbID_all
RAF1	FN1	TbID_all
RAF1	HMGCR	TbID_all
RAF1	RAF1	TbID_all
RAF1	TP53	TbID_all
RAF1	H2AC4;H2AC25	TbID_all
RAF1	MPO	TbID_all
RAF1	KRT18	TbID_all
RAF1	MYL1;MYL3	TbID_all
RAF1	NEFL	TbID_all
RAF1	PFN1	TbID_all
RAF1	APRT	TbID_all
RAF1	HSP90AA1	TbID_all
RAF1	THBS1	TbID_all
RAF1	HSP90AB1	TbID_all
RAF1	ASNS	TbID_all
RAF1	SERPINF2	TbID_all
RAF1	TPM1	TbID_all
RAF1	C4A;C4B	TbID_all
RAF1	CHGA	TbID_all
RAF1	ACTN1	TbID_all
RAF1	PRKCSH	TbID_all
RAF1	PKM	TbID_all
RAF1	AREG	TbID_all
RAF1	CD44	TbID_all
RAF1	SLC25A16	TbID_all
RAF1	ZNF28	TbID_all
RAF1	ITIH2	TbID_all
RAF1	ANXA7	TbID_all
RAF1	CSRP1	TbID_all
RAF1	EEF1B2	TbID_all
RAF1	PIK3R1	TbID_all
RAF1	GABRB3	TbID_all
RAF1	GCA	TbID_all
RAF1	EEF1D	TbID_all
RAF1	NTS	TbID_all
RAF1	CORO1A	TbID_all
RAF1	YWHAB	TbID_all
RAF1	SPR	TbID_all
RAF1	THBS4	TbID_all
RAF1	MYH9	TbID_all
RAF1	MYH10	TbID_all
RAF1	SLC6A9	TbID_all
RAF1	TFPI2	TbID_all
RAF1	PTDSS1	TbID_all
RAF1	UBE2A	TbID_all
RAF1	GDI2	TbID_all
RAF1	ST13	TbID_all
RAF1	METAP2	TbID_all
RAF1	RAB7A	TbID_all
RAF1	PGGT1B	TbID_all
RAF1	DRG2	TbID_all
RAF1	SESN2	TbID_all
RAF1	SESN3	TbID_all
RAF1	ELOF1	TbID_all
RAF1	MYL6	TbID_all
RAF1	RAB2A	TbID_all
RAF1	RAB14	TbID_all
RAF1	RAP1B	TbID_all
RAF1	YWHAG	TbID_all
RAF1	YWHAE	TbID_all
RAF1	POLR2G	TbID_all
RAF1	RAB1A	TbID_all
RAF1	YWHAZ	TbID_all
RAF1	ACTA1	TbID_all
RAF1	ARF1	TbID_all
RAF1	SERF2	TbID_all
RAF1	U2AF1	TbID_all
RAF1	SPTBN1	TbID_all
RAF1	FKBP4	TbID_all
RAF1	GBE1	TbID_all
RAF1	YWHAH	TbID_all
RAF1	ZNF91	TbID_all
RAF1	SPAG1	TbID_all
RAF1	LGALS3BP	TbID_all
RAF1	TMEM62	TbID_all
RAF1	CHAF1A	TbID_all
RAF1	CHAF1B	TbID_all
RAF1	OS9	TbID_all
RAF1	LSAMP	TbID_all
RAF1	GFUS	TbID_all
RAF1	RAB31	TbID_all
RAF1	RAB32	TbID_all
RAF1	SPTAN1	TbID_all
RAF1	DSG2	TbID_all
RAF1	EIF4A2	TbID_all
RAF1	HABP2	TbID_all
RAF1	DHCR24	TbID_all
RAF1	RGN	TbID_all
RAF1	PDCD2	TbID_all
RAF1	CDC37	TbID_all
RAF1	UGCG	TbID_all
RAF1	ZIK1	TbID_all
RAF1	ORMDL2	TbID_all
RAF1	ACTBL2	TbID_all
RAF1	HSP90AA5P	TbID_all
RAF1	HSP90AA4P	TbID_all
RAF1	ZNF326	TbID_all
RAF1	MEST	TbID_all
RAF1	C6orf136	TbID_all
RAF1	SFRP5	TbID_all
RAF1	ANXA8L1	TbID_all
RAF1	TRAF7	TbID_all
RAF1	POTEE	TbID_all
RAF1	ZNF66	TbID_all
RAF1	ZNF836	TbID_all
RAF1	MYH14	TbID_all
RAF1	VRK2	TbID_all
RAF1	ANKMY2	TbID_all
RAF1	FOXRED2	TbID_all
RAF1	CUL9	TbID_all
RAF1	TMEM183A	TbID_all
RAF1	ALDH16A1	TbID_all
RAF1	ASPM	TbID_all
RAF1	TTC9C	TbID_all
RAF1	GATD1	TbID_all
RAF1	UBAC2	TbID_all
RAF1	CHST13	TbID_all
RAF1	FBH1	TbID_all
RAF1	RP9	TbID_all
RAF1	TLCD3A	TbID_all
RAF1	ZNF480	TbID_all
RAF1	TRIM41	TbID_all
RAF1	DCAKD	TbID_all
RAF1	NUDCD2	TbID_all
RAF1	ANKRD49	TbID_all
RAF1	PIGB	TbID_all
RAF1	PIK3R3	TbID_all
RAF1	CENPI	TbID_all
RAF1	RABGGTA	TbID_all
RAF1	HTRA1	TbID_all
RAF1	GLMN	TbID_all
RAF1	ENTR1	TbID_all
RAF1	OXNAD1	TbID_all
RAF1	SLC35E1	TbID_all
RAF1	GUCD1	TbID_all
RAF1	TTC1	TbID_all
RAF1	MACROD1	TbID_all
RAF1	CORO1B	TbID_all
RAF1	PIGQ	TbID_all
RAF1	LLPH	TbID_all
RAF1	THAP7	TbID_all
RAF1	FUT8	TbID_all
RAF1	UBL5	TbID_all
RAF1	KLHL4	TbID_all
RAF1	RAB1B	TbID_all
RAF1	RPAP3	TbID_all
RAF1	DNAJC18	TbID_all
RAF1	PPCS	TbID_all
RAF1	SPON1	TbID_all
RAF1	APMAP	TbID_all
RAF1	WDR6	TbID_all
RAF1	XPNPEP3	TbID_all
RAF1	KMT5A	TbID_all
RAF1	SAR1A	TbID_all
RAF1	PHPT1	TbID_all
RAF1	LANCL2	TbID_all
RAF1	EMILIN3	TbID_all
RAF1	ARL8B	TbID_all
RAF1	NLE1	TbID_all
RAF1	HPF1	TbID_all
RAF1	OCIAD1	TbID_all
RAF1	FBXL12	TbID_all
RAF1	RNF181	TbID_all
RAF1	ORMDL1	TbID_all
RAF1	DLGAP2	TbID_all
RAF1	FTSJ1	TbID_all
RAF1	CHORDC1	TbID_all
RAF1	UBQLN2	TbID_all
RAF1	ADAMTS1	TbID_all
RAF1	TMEFF2	TbID_all
RAF1	ZNF215	TbID_all
RAF1	CORO1C	TbID_all
RAF1	UBQLN1	TbID_all
RAF1	EIF3L	TbID_all
RAF1	CNPY2	TbID_all
RAF1	ZNF256	TbID_all
RAF1	MEMO1	TbID_all
RAF1	ZDHHC9	TbID_all
RAF1	TPRKB	TbID_all
RAF1	ATG4B	TbID_all
RAF1	NPTN	TbID_all
RAF1	OAS3	TbID_all
RAF1	SQOR	TbID_all
RAF1	ROBO1	TbID_all
RAF1	SMIM26	TbID_all
RAF1	SGK1	TbID_all
RAF1	SCD	TbID_all
RAF1	SIVA1	TbID_all
RAF1	ALOX12B	TbID_all
RAF1	SERF1A	TbID_all
RAF1	LYPLA2	TbID_all
RAF1	FADS2	TbID_all
RAF1	RPA2	TbID_all
RAF1	PTPRZ1	TbID_all
RAF1	RPA1	TbID_all
RAF1	MAT2A	TbID_all
RAF1	DNAJA1	TbID_all
RAF1	RPA3	TbID_all
RAF1	MAP2K2	TbID_all
RAF1	CCNG1	TbID_all
RAF1	ESRRG	TbID_all
RAF1	LACTB	TbID_all
RAF1	PFKP	TbID_all
RAF1	MAP2K1	TbID_all
RAF1	SQSTM1	TbID_all
RAF1	TNFAIP1	TbID_all
RAF1	IDI1	TbID_all
RAF1	PCLAF	TbID_all
RAF1	CPTP	TbID_all
RAF1	HECTD2	TbID_all
RAF1	CHSY3	TbID_all
RAF1	SCD5	TbID_all
RAF1	SIRT2	TbID_all
RAF1	PHTF2	TbID_all
RAF1	EID2	TbID_all
RAF1	PNMA1	TbID_all
RAF1	MPLKIP	TbID_all
RAF1	AEN	TbID_all
RAF1	SARAF	TbID_all
RAF1	ARMC5	TbID_all
RAF1	BTBD6	TbID_all
RAF1	DNAJC30	TbID_all
RAF1	ZNF582	TbID_all
RAF1	BTBD9	TbID_all
RAF1	TRIB1	TbID_all
RAF1	CDC6	TbID_all
RAF1	SELENOS	TbID_all
RAF1	TUBGCP2	TbID_all
RAF1	UCK2	TbID_all
RAF1	ARV1	TbID_all
RAF1	KCTD10	TbID_all
RAF1	RNF41	TbID_all
RAF1	IPPK	TbID_all
RAF1	GPAM	TbID_all
RAF1	THSD1	TbID_all
RAF1	ASB6	TbID_all
RAF1	PLA2G3	TbID_all
RAF1	KLHL21	TbID_all
RAF1	TELO2	TbID_all
RAF1	UBIAD1	TbID_all
RAF1	PEDS1	TbID_all
RAF1	LGALS8	TbID_all
RAF1	IPO5	TbID_all
RAF1	ENC1	TbID_all
RAF1	TNFRSF10B	TbID_all
RAF1	N4BP3	TbID_all
RAF1	ANGPT2	TbID_all
RAF1	VGF	TbID_all
RAF1	CYP26A1	TbID_all
RAF1	SPINT2	TbID_all
RAF1	KCNQ2	TbID_all
RAF1	SPRY2	TbID_all
RAF1	SPOP	TbID_all
RAF1	CTSV	TbID_all
RAF1	GADD45B	TbID_all
RAF1	DUSP11	TbID_all
RAF1	STX11	TbID_all
RAF1	USP2	TbID_all
RAF1	SC5D	TbID_all
RAF1	GLS	TbID_all
RAF1	ABCB11	TbID_all
RAF1	SFT2D2	TbID_all
RAF1	TMEM50A	TbID_all
RAF1	TSPAN15	TbID_all
RAF1	TIMP1	TbID_all
RAF1	FOS	TbID_all
RAF1	TGFB1	TbID_all
RAF1	HLA-B	TbID_all
RAF1	TFRC	TbID_all
RAF1	HLA-A	TbID_all
RAF1	CHGB	TbID_all
RAF1	THBD	TbID_all
RAF1	LYN	TbID_all
RAF1	ELFN1	TbID_all
RAF1	POLR1D	TbID_all
RAF1	TFPI	TbID_all
RAF1	CLU	TbID_all
RAF1	TPT1	TbID_all
RAF1	TRIM27	TbID_all
RAF1	RAC2	TbID_all
RAF1	FOSL1	TbID_all
RAF1	ARSB	TbID_all
RAF1	ACAN	TbID_all
RAF1	EPCAM	TbID_all
RAF1	JUNB	TbID_all
RAF1	GJA1	TbID_all
RAF1	FLT1	TbID_all
RAF1	EGR1	TbID_all
RAF1	TAC1	TbID_all
RAF1	EEF1G	TbID_all
RAF1	ZFP36	TbID_all
RAF1	PSMB4	TbID_all
RAF1	DUSP1	TbID_all
RAF1	EPHA2	TbID_all
RAF1	CRABP2	TbID_all
RAF1	PPP2R1B	TbID_all
RAF1	MAN1A1	TbID_all
RAF1	GPC1	TbID_all
RAF1	GJA5	TbID_all
RAF1	GNL1	TbID_all
RAF1	SLC19A1	TbID_all
RAF1	PRKCI	TbID_all
RAF1	NMU	TbID_all
RAF1	HSPA13	TbID_all
RAF1	LMAN1	TbID_all
RAF1	INPP1	TbID_all
RAF1	CLK1	TbID_all
RAF1	LIG4	TbID_all
RAF1	KPNA2	TbID_all
RAF1	CRIP2	TbID_all
RAF1	FOSB	TbID_all
RAF1	F2RL1	TbID_all
RAF1	CXCR4	TbID_all
RAF1	COPS2	TbID_all
RAF1	YPEL3	TbID_all
RAF1	PSMC5	TbID_all
RAF1	PLAUR	TbID_all
RAF1	EEF1A2	TbID_all
RAF1	MFGE8	TbID_all
RAF1	SPOCK1	TbID_all
RAF1	CD47	TbID_all
RAF1	CALCOCO2	TbID_all
RAF1	SERINC3	TbID_all
RAF1	CUL3	TbID_all
RAF1	LAMB3	TbID_all
RAF1	BTG3	TbID_all
RAF1	HNF4G	TbID_all
RAF1	MFSD10	TbID_all
RAF1	ARL6IP1	TbID_all
RAF1	FSCN1	TbID_all
RAF1	UBE2S	TbID_all
RAF1	UPP1	TbID_all
RAF1	ALG11	TbID_all
RAF1	INAVA	TbID_all
RAF1	ITPRIPL2	TbID_all
RAF1	KLHL12	TbID_all
RAF1	PHLDA2	TbID_all
RAF1	PLEKHO1	TbID_all
RAF1	TMEM41B	TbID_all
RAF1	GPRASP1	TbID_all
RAF1	SLC35D3	TbID_all
RAF1	ELFN2	TbID_all
RAF1	TMEM201	TbID_all
RAF1	ATAT1	TbID_all
RAF1	ODR4	TbID_all
RAF1	UTF1	TbID_all
RAF1	ZNF697	TbID_all
RAF1	ASPHD1	TbID_all
RAF1	REEP3	TbID_all
RAF1	TMEM154	TbID_all
RAF1	ZCCHC12	TbID_all
RAF1	FAM111B	TbID_all
RAF1	CSPG4	TbID_all
RAF1	LANCL3	TbID_all
RAF1	PAQR9	TbID_all
RAF1	ILDR2	TbID_all
RAF1	ARC	TbID_all
RAF1	CHST3	TbID_all
RAF1	LRP10	TbID_all
RAF1	SPRED2	TbID_all
RAF1	SPRED1	TbID_all
RAF1	C11orf96	TbID_all
RAF1	DHDDS	TbID_all
RAF1	ADIPOR2	TbID_all
RAF1	TMEM200A	TbID_all
RAF1	LSR	TbID_all
RAF1	LDLRAD3	TbID_all
RAF1	HOMER1	TbID_all
RAF1	CCDC125	TbID_all
RAF1	EPHX4	TbID_all
RAF1	ANKRD18A	TbID_all
RAF1	DCUN1D3	TbID_all
RAF1	TMEM192	TbID_all
RAF1	CBARP	TbID_all
RAF1	SLC25A29	TbID_all
RAF1	TTC13	TbID_all
RAF1	KCT2	TbID_all
RAF1	SLC44A5	TbID_all
RAF1	ADPRHL1	TbID_all
RAF1	GPRC5A	TbID_all
RAF1	SLC35G2	TbID_all
RAF1	SLC20A1	TbID_all
RAF1	KCTD13	TbID_all
RAF1	RND1	TbID_all
RAF1	PEX13	TbID_all
RAF1	ATP6V0A1	TbID_all
RAF1	AIDA	TbID_all
RAF1	KCTD12	TbID_all
RAF1	FAM241B	TbID_all
RAF1	NUS1	TbID_all
RAF1	S100A16	TbID_all
RAF1	PRR11	TbID_all
RAF1	IGSF21	TbID_all
RAF1	LOXL4	TbID_all
RAF1	FAR2	TbID_all
RAF1	APOLD1	TbID_all
RAF1	GDAP1L1	TbID_all
RAF1	DCBLD2	TbID_all
RAF1	YPEL2	TbID_all
RAF1	TWNK	TbID_all
RAF1	SDHC	TbID_all
RAF1	OSMR	TbID_all
RAF1	PIP5K1A	TbID_all
RAF1	TM9SF2	TbID_all
RAF1	FOXC2	TbID_all
RAF1	GDF15	TbID_all
RAF1	ISCA1	TbID_all
RAF1	TRAF4	TbID_all
RAF1	STRA6	TbID_all
RAF1	NAA15	TbID_all
RAF1	TMEM59	TbID_all
RAF1	EMILIN2	TbID_all
RAF1	ULBP2	TbID_all
RAF1	SPRY4	TbID_all
RAF1	SLC25A32	TbID_all
RAF1	ACTL8	TbID_all
RAF1	TMEM185B	TbID_all
RAF1	NAA60	TbID_all
RAF1	GPRC5C	TbID_all
RAF1	PRDM10	TbID_all
RAF1	ITM2C	TbID_all
RAF1	FBXO8	TbID_all
RAF1	DUSP22	TbID_all
RAF1	SERINC1	TbID_all
RAF1	GINM1	TbID_all
RAF1	TMEM30A	TbID_all
RAF1	GNL3L	TbID_all
RAF1	RAB20	TbID_all
RAF1	WSB2	TbID_all
RAF1	SH3BP4	TbID_all
RAF1	FRMD4A	TbID_all
RAF1	DNMT3B	TbID_all
RAF1	TNFRSF10D	TbID_all
RAF1	CLN8	TbID_all
RAF1	APOBEC3B	TbID_all
RAF1	ARMCX3	TbID_all
RAF1	ERRFI1	TbID_all
RAF1	TAOK2	TbID_all
RAF1	PROCR	TbID_all
RAF1	PDE10A	TbID_all
RAF1	LZTS1	TbID_all
RAF1	ITM2B	TbID_all
RAF1	UST	TbID_all
RAF1	DLGAP4	TbID_all
RAF1	KDM2A	TbID_all
RAF1	SLC27A6	TbID_all
RAF1	TDRKH	TbID_all
RAF1	SUGT1	TbID_all
RAF1	FADS3	TbID_all
RAF1	LIPG	TbID_all
RAF1	B3GALT1	TbID_all
RAF1	FADS1	TbID_all
RAF1	PLOD3	TbID_all
RAF1	SULT1C4	TbID_all
RAF1	CA2	TbID_all
RAF1	ETS2	TbID_all
RAF1	PSMB5	TbID_all
RAF1	SDC4	TbID_all
RAF1	RABIF	TbID_all
RAF1	POLR2H	TbID_all
RAF1	PSMA6	TbID_all
RAF1	POLR2L	TbID_all
RAF1	PRDX4	TbID_all
RAF1	TDG	TbID_all
RAF1	KEAP1	TbID_all
RAF1	CRMP1	TbID_all
RAF1	NFE2L1	TbID_all
RAF1	LBR	TbID_all
RAF1	PPP2R5E	TbID_all
RAF1	DUSP5	TbID_all
RAF1	MIDN	TbID_all
RAF1	TEX30	TbID_all
RAF1	MIIP	TbID_all
RAF1	RNFT1	TbID_all
RAF1	ZMYM1	TbID_all
RAF1	ARMC6	TbID_all
RAF1	CCBE1	TbID_all
RAF1	PREX2	TbID_all
RAF1	G2E3	TbID_all
RAF1	FBXO11	TbID_all
RAF1	COLGALT1	TbID_all
RAF1	FAR1	TbID_all
RAF1	APOBEC3D	TbID_all
RAF1	LRR1	TbID_all
RAF1	KLHL15	TbID_all
RAF1	NOL10	TbID_all
RAF1	LIMD2	TbID_all
RAF1	THTPA	TbID_all
RAF1	BTBD1	TbID_all
RAF1	TSPYL1	TbID_all
RAF1	MUC5B	TbID_all
RAF1	UTP6	TbID_all
RAF1	APEX2	TbID_all
RAF1	EGFL7	TbID_all
RAF1	MRTO4	TbID_all
RAF1	FBXL3	TbID_all
RAF1	NDRG2	TbID_all
RAF1	NOVA2	TbID_all
RAF1	PRELID1	TbID_all
RAF1	CFL2	TbID_all
RAF1	TMX2	TbID_all
MAPK1	MSANTD7	TbID_all
MAPK1	TUG1	TbID_all
MAPK1	PTPDC1	TbID_all
MAPK1	PEDS1	TbID_all
MAPK1	SOWAHB	TbID_all
MAPK1	SGK1	TbID_all
MAPK1	SEC16A	TbID_all
MAPK1	TP73	TbID_all
MAPK1	FRS3	TbID_all
MAPK1	SUSD5	TbID_all
MAPK1	SLC16A7	TbID_all
MAPK1	RPS6KA5	TbID_all
MAPK1	SC5D	TbID_all
MAPK1	SULT1C4	TbID_all
MAPK1	SLIT2	TbID_all
MAPK1	PCNT	TbID_all
MAPK1	FADS2	TbID_all
MAPK1	NEFL	TbID_all
MAPK1	THBS1	TbID_all
MAPK1	C4A;C4B	TbID_all
MAPK1	CHGA	TbID_all
MAPK1	PKM	TbID_all
MAPK1	RAC2	TbID_all
MAPK1	UCHL3	TbID_all
MAPK1	HIVEP1	TbID_all
MAPK1	RPA2	TbID_all
MAPK1	CSRP1	TbID_all
MAPK1	PTPRZ1	TbID_all
MAPK1	EEF1B2	TbID_all
MAPK1	EEF1G	TbID_all
MAPK1	RPA1	TbID_all
MAPK1	PSMB5	TbID_all
MAPK1	GABRB3	TbID_all
MAPK1	MAPK1	TbID_all
MAPK1	DUSP1	TbID_all
MAPK1	EEF1D	TbID_all
MAPK1	PPP2R1B	TbID_all
MAPK1	NTS	TbID_all
MAPK1	RPA3	TbID_all
MAPK1	MAP2K2	TbID_all
MAPK1	ETV3	TbID_all
MAPK1	YAP1	TbID_all
MAPK1	RAP1GAP	TbID_all
MAPK1	TFPI2	TbID_all
MAPK1	ERF	TbID_all
MAPK1	RPS6KA3	TbID_all
MAPK1	PRMT2	TbID_all
MAPK1	PSMA6	TbID_all
MAPK1	PSMC5	TbID_all
MAPK1	ADAM17	TbID_all
MAPK1	SERF2	TbID_all
MAPK1	ID3	TbID_all
MAPK1	SULT2A1	TbID_all
MAPK1	OS9	TbID_all
MAPK1	LSAMP	TbID_all
MAPK1	GAB1	TbID_all
MAPK1	CRMP1	TbID_all
MAPK1	KIF14	TbID_all
MAPK1	PEA15	TbID_all
MAPK1	RPS6KA2	TbID_all
MAPK1	DHCR24	TbID_all
MAPK1	RPS6KA1	TbID_all
MAPK1	DUSP7	TbID_all
MAPK1	ZXDC	TbID_all
MAPK1	ORMDL2	TbID_all
MAPK1	MEST	TbID_all
MAPK1	PRRC2B	TbID_all
MAPK1	SFRP5	TbID_all
MAPK1	SYT6	TbID_all
MAPK1	RAP1GAP2	TbID_all
MAPK1	ANKRD34A	TbID_all
MAPK1	MIDEAS	TbID_all
MAPK1	ZFYVE16	TbID_all
MAPK1	FOXRED2	TbID_all
MAPK1	ASPM	TbID_all
MAPK1	DNAJC22	TbID_all
MAPK1	UBAC2	TbID_all
MAPK1	SUPT20H	TbID_all
MAPK1	FBH1	TbID_all
MAPK1	RP9	TbID_all
MAPK1	FRS2	TbID_all
MAPK1	ABHD3	TbID_all
MAPK1	CENPI	TbID_all
MAPK1	KCTD12	TbID_all
MAPK1	ARHGEF26	TbID_all
MAPK1	POM121	TbID_all
MAPK1	BTBD6	TbID_all
MAPK1	KIF16B	TbID_all
MAPK1	CCDC138	TbID_all
MAPK1	KLHL15	TbID_all
MAPK1	GDAP1L1	TbID_all
MAPK1	TRERF1	TbID_all
MAPK1	DUSP9	TbID_all
MAPK1	GDF15	TbID_all
MAPK1	SOX7	TbID_all
MAPK1	STRA6	TbID_all
MAPK1	EMILIN2	TbID_all
MAPK1	DUSP16	TbID_all
MAPK1	WWTR1	TbID_all
MAPK1	DNTTIP1	TbID_all
MAPK1	KCTD10	TbID_all
MAPK1	ACTL8	TbID_all
MAPK1	DNAJC18	TbID_all
MAPK1	CLSPN	TbID_all
MAPK1	MKNK2	TbID_all
MAPK1	NCKAP5L	TbID_all
MAPK1	CHD8	TbID_all
MAPK1	GPAM	TbID_all
MAPK1	KMT5A	TbID_all
MAPK1	DNMT3B	TbID_all
MAPK1	RPS6KA6	TbID_all
MAPK1	MRTFB	TbID_all
MAPK1	NDRG2	TbID_all
MAPK1	CFL2	TbID_all
MAPK1	GPC6	TbID_all
MAPK1	FNDC10	TbID_all
MAPK1	CYBA	TbID_all
MAPK1	SESN3	TbID_all
MAPK1	LGALS3BP	TbID_all
MAPK1	RAB32	TbID_all
MAPK1	TNFAIP1	TbID_all
MAPK1	PCLAF	TbID_all
MAPK1	ARL6IP1	TbID_all
MAPK1	CPTP	TbID_all
MAPK1	PIGW	TbID_all
MAPK1	C12orf56	TbID_all
MAPK1	GATD1	TbID_all
MAPK1	PNMA1	TbID_all
MAPK1	MPLKIP	TbID_all
MAPK1	DNAJC30	TbID_all
MAPK1	GUCD1	TbID_all
MAPK1	UBL5	TbID_all
MAPK1	EPB41L4B	TbID_all
MAPK1	DNAJC5	TbID_all
MAPK1	EMILIN3	TbID_all
MAPK1	TMEFF2	TbID_all
MAPK1	ATXN7L1	TbID_all
MAPK1	NOVA2	TbID_all
MAPK1	KATNIP	TbID_all
MAPK1	CDC123	TbID_all
MAPK1	CNOT4	TbID_all
MAPK1	ZBED1	TbID_all
MAPK1	TCF3	TbID_all
MAPK1	PSMC2	TbID_all
MAPK1	TOB1	TbID_all
MAPK1	SEC13	TbID_all
MAPK1	CAMSAP2	TbID_all
MAPK1	CHAF1A	TbID_all
MAPK1	CHAF1B	TbID_all
MAPK1	TOB2	TbID_all
MAPK1	NFE2L1	TbID_all
MAPK1	TRIP12	TbID_all
MAPK1	TTLL4	TbID_all
MAPK1	TAF7	TbID_all
MAPK1	DUSP5	TbID_all
MAPK1	KIF7	TbID_all
MAPK1	ARHGAP31	TbID_all
MAPK1	ARHGAP29	TbID_all
MAPK1	UBAP2	TbID_all
MAPK1	SYDE2	TbID_all
MAPK1	ZCCHC12	TbID_all
MAPK1	C15orf39	TbID_all
MAPK1	PEG10	TbID_all
MAPK1	TDRP	TbID_all
MAPK1	CHERP	TbID_all
MAPK1	RAVER1	TbID_all
MAPK1	RTKN2	TbID_all
MAPK1	SPART	TbID_all
MAPK1	CCAR2	TbID_all
MAPK1	SYT14	TbID_all
MAPK1	NECAP1	TbID_all
MAPK1	TNRC6A	TbID_all
MAPK1	CKAP2	TbID_all
MAPK1	PIK3R3	TbID_all
MAPK1	PRCC	TbID_all
MAPK1	NEO1	TbID_all
MAPK1	MRTFA	TbID_all
MAPK1	PINX1	TbID_all
MAPK1	OTUD5	TbID_all
MAPK1	ZMAT2	TbID_all
MAPK1	CDCA3	TbID_all
MAPK1	PAIP2	TbID_all
MAPK1	MKNK1	TbID_all
MAPK1	NUP58	TbID_all
MAPK1	ZCCHC2	TbID_all
MAPK1	SENP6	TbID_all
MAPK1	AUNIP	TbID_all
MAPK1	YY1AP1	TbID_all
MAPK1	AGO3	TbID_all
MAPK1	FBRS	TbID_all
MAPK1	TNRC6C	TbID_all
MAPK1	PALMD	TbID_all
MAPK1	HPS4	TbID_all
MAPK1	DIAPH3	TbID_all
MAPK1	ECHDC1	TbID_all
MAPK1	GTSE1	TbID_all
MAPK1	STMN3	TbID_all
MAPK1	TRPS1	TbID_all
MAPK1	ERRFI1	TbID_all
MAPK1	CDC42EP3	TbID_all
MAPK1	AGO2	TbID_all
MAPK1	AGO1	TbID_all
MAPK1	ZBTB21	TbID_all
MAPK1	TNRC6B	TbID_all
MAPK1	LEMD3	TbID_all
MAPK1	GRIP1	TbID_all
MAPK1	RAI2	TbID_all
MAP2K1	TUG1	TbID_all
MAP2K1	UBXN8	TbID_all
MAP2K1	SGK1	TbID_all
MAP2K1	TAX1BP3	TbID_all
MAP2K1	HGS	TbID_all
MAP2K1	AHCYL1	TbID_all
MAP2K1	CSDE1	TbID_all
MAP2K1	CDC123	TbID_all
MAP2K1	ECD	TbID_all
MAP2K1	THBS1	TbID_all
MAP2K1	C4A;C4B	TbID_all
MAP2K1	RPA2	TbID_all
MAP2K1	CSRP1	TbID_all
MAP2K1	RPA1	TbID_all
MAP2K1	NTS	TbID_all
MAP2K1	MAT2A	TbID_all
MAP2K1	RRM2	TbID_all
MAP2K1	TTK	TbID_all
MAP2K1	RPA3	TbID_all
MAP2K1	PSMC2	TbID_all
MAP2K1	POLR2I	TbID_all
MAP2K1	TXLNA	TbID_all
MAP2K1	FASN	TbID_all
MAP2K1	TOB1	TbID_all
MAP2K1	SESN3	TbID_all
MAP2K1	PSMC5	TbID_all
MAP2K1	OTUD4	TbID_all
MAP2K1	ID3	TbID_all
MAP2K1	MAP2K1	TbID_all
MAP2K1	TRIM26	TbID_all
MAP2K1	BFSP1	TbID_all
MAP2K1	LSAMP	TbID_all
MAP2K1	RAB32	TbID_all
MAP2K1	IDI1	TbID_all
MAP2K1	UBAP2L	TbID_all
MAP2K1	SCRIB	TbID_all
MAP2K1	CRMP1	TbID_all
MAP2K1	NEDD9	TbID_all
MAP2K1	TTLL4	TbID_all
MAP2K1	PCLAF	TbID_all
MAP2K1	SNX17	TbID_all
MAP2K1	DLGAP5	TbID_all
MAP2K1	MEA1	TbID_all
MAP2K1	ORMDL2	TbID_all
MAP2K1	MEST	TbID_all
MAP2K1	OTUD3	TbID_all
MAP2K1	UBAP2	TbID_all
MAP2K1	CCDC102B	TbID_all
MAP2K1	Q6ZSR9	TbID_all
MAP2K1	PREX2	TbID_all
MAP2K1	ZFYVE16	TbID_all
MAP2K1	PEG10	TbID_all
MAP2K1	MB21D2	TbID_all
MAP2K1	EID2	TbID_all
MAP2K1	ANKRD52	TbID_all
MAP2K1	TNRC6A	TbID_all
MAP2K1	FBH1	TbID_all
MAP2K1	PIH1D2	TbID_all
MAP2K1	CENPI	TbID_all
MAP2K1	STAM	TbID_all
MAP2K1	RAB3C	TbID_all
MAP2K1	SNF8	TbID_all
MAP2K1	DDRGK1	TbID_all
MAP2K1	BTBD6	TbID_all
MAP2K1	FAM193B	TbID_all
MAP2K1	SPAG5	TbID_all
MAP2K1	PAIP2	TbID_all
MAP2K1	UBL5	TbID_all
MAP2K1	ZCCHC2	TbID_all
MAP2K1	WWTR1	TbID_all
MAP2K1	KCTD10	TbID_all
MAP2K1	DNAJC5	TbID_all
MAP2K1	PELI2	TbID_all
MAP2K1	MKNK2	TbID_all
MAP2K1	TNRC6C	TbID_all
MAP2K1	XPNPEP3	TbID_all
MAP2K1	TXLNG	TbID_all
MAP2K1	OSER1	TbID_all
MAP2K1	KLHL13	TbID_all
MAP2K1	MTRR	TbID_all
MAP2K1	RIMKLB	TbID_all
MAP2K1	NDRG2	TbID_all
MAP2K1	POMP	TbID_all
MAP2K1	KNSTRN	TbID_all
MAP2K1	USP16	TbID_all
MAP2K1	MAGED1	TbID_all
MAP2K1	ELAPOR2	TbID_all
MAP2K1	EDIL3	TbID_all
MAP2K1	RCBTB2	TbID_all
MAP2K1	NEFL	TbID_all
MAP2K1	CD44	TbID_all
MAP2K1	PRKAR1B	TbID_all
MAP2K1	TFPI2	TbID_all
MAP2K1	AKAP13	TbID_all
MAP2K1	KEAP1	TbID_all
MAP2K1	GPR176	TbID_all
MAP2K1	RTN1	TbID_all
MAP2K1	WASHC2A	TbID_all
MAP2K1	CARMIL2	TbID_all
MAP2K1	LRCH3	TbID_all
MAP2K1	ACTL8	TbID_all
MAP2K1	KMT5A	TbID_all
MAP2K1	TMEFF2	TbID_all
MAP2K1	WDR37	TbID_all
MAP2K1	SCIN	TbID_all
MAP2K1	SMIM26	TbID_all
MAP2K1	PEDS1	TbID_all
MAP2K1	FAM83G	TbID_all
MAP2K1	LGALS8	TbID_all
MAP2K1	CCN1	TbID_all
MAP2K1	ENC1	TbID_all
MAP2K1	BCKDK	TbID_all
MAP2K1	AURKA	TbID_all
MAP2K1	ANGPT2	TbID_all
MAP2K1	VGF	TbID_all
MAP2K1	EIF3D	TbID_all
MAP2K1	SPRY2	TbID_all
MAP2K1	GMDS	TbID_all
MAP2K1	SLC16A7	TbID_all
MAP2K1	GADD45B	TbID_all
MAP2K1	CRCP	TbID_all
MAP2K1	SERF1A	TbID_all
MAP2K1	SLIT2	TbID_all
MAP2K1	TIMP1	TbID_all
MAP2K1	FOS	TbID_all
MAP2K1	HRAS	TbID_all
MAP2K1	TGFB1	TbID_all
MAP2K1	RAF1	TbID_all
MAP2K1	KRT18	TbID_all
MAP2K1	THBD	TbID_all
MAP2K1	ARAF	TbID_all
MAP2K1	TFPI	TbID_all
MAP2K1	CPM	TbID_all
MAP2K1	ETS2	TbID_all
MAP2K1	BRAF	TbID_all
MAP2K1	FOSL1	TbID_all
MAP2K1	AREG	TbID_all
MAP2K1	EPCAM	TbID_all
MAP2K1	JUNB	TbID_all
MAP2K1	EGR1	TbID_all
MAP2K1	TAC1	TbID_all
MAP2K1	SAT1	TbID_all
MAP2K1	ZFP36	TbID_all
MAP2K1	DUSP1	TbID_all
MAP2K1	EPHA2	TbID_all
MAP2K1	CORO1A	TbID_all
MAP2K1	DNAJA1	TbID_all
MAP2K1	GPC1	TbID_all
MAP2K1	CDKN1A	TbID_all
MAP2K1	PRKCI	TbID_all
MAP2K1	PSMC4	TbID_all
MAP2K1	NMU	TbID_all
MAP2K1	CLK1	TbID_all
MAP2K1	KPNA2	TbID_all
MAP2K1	FOSB	TbID_all
MAP2K1	F2RL1	TbID_all
MAP2K1	MLF1	TbID_all
MAP2K1	CCNA1	TbID_all
MAP2K1	SERF2	TbID_all
MAP2K1	CDK17	TbID_all
MAP2K1	PFKP	TbID_all
MAP2K1	PLAUR	TbID_all
MAP2K1	GBE1	TbID_all
MAP2K1	OS9	TbID_all
MAP2K1	SQSTM1	TbID_all
MAP2K1	TDG	TbID_all
MAP2K1	LAMC2	TbID_all
MAP2K1	TNFAIP1	TbID_all
MAP2K1	BTG3	TbID_all
MAP2K1	ARL6IP1	TbID_all
MAP2K1	DHCR24	TbID_all
MAP2K1	UBE2S	TbID_all
MAP2K1	UPP1	TbID_all
MAP2K1	CYP51A1	TbID_all
MAP2K1	PHLDA2	TbID_all
MAP2K1	ELFN2	TbID_all
MAP2K1	TMEM201	TbID_all
MAP2K1	CFAP58	TbID_all
MAP2K1	ASPHD1	TbID_all
MAP2K1	HECTD2	TbID_all
MAP2K1	REEP3	TbID_all
MAP2K1	ZCCHC12	TbID_all
MAP2K1	FAM111B	TbID_all
MAP2K1	PAQR9	TbID_all
MAP2K1	CHSY3	TbID_all
MAP2K1	ARC	TbID_all
MAP2K1	LRP10	TbID_all
MAP2K1	SPRED1	TbID_all
MAP2K1	C11orf96	TbID_all
MAP2K1	TMEM200A	TbID_all
MAP2K1	HOMER1	TbID_all
MAP2K1	EPHX4	TbID_all
MAP2K1	DCUN1D3	TbID_all
MAP2K1	PNMA1	TbID_all
MAP2K1	GPRC5A	TbID_all
MAP2K1	OCC1	TbID_all
MAP2K1	SLC35G2	TbID_all
MAP2K1	SLC2A14	TbID_all
MAP2K1	CEMIP	TbID_all
MAP2K1	KCTD13	TbID_all
MAP2K1	RND1	TbID_all
MAP2K1	FBXO32	TbID_all
MAP2K1	SARAF	TbID_all
MAP2K1	KCTD12	TbID_all
MAP2K1	FAM241B	TbID_all
MAP2K1	FAR2	TbID_all
MAP2K1	ARL5B	TbID_all
MAP2K1	BTBD9	TbID_all
MAP2K1	TRIB1	TbID_all
MAP2K1	RGPD5	TbID_all
MAP2K1	CDC6	TbID_all
MAP2K1	FOXC2	TbID_all
MAP2K1	GDF15	TbID_all
MAP2K1	SELENOS	TbID_all
MAP2K1	RSRP1	TbID_all
MAP2K1	TMEM59	TbID_all
MAP2K1	UCK2	TbID_all
MAP2K1	SPRY4	TbID_all
MAP2K1	BTBD1	TbID_all
MAP2K1	RNF41	TbID_all
MAP2K1	NAA60	TbID_all
MAP2K1	DNAJC18	TbID_all
MAP2K1	IPPK	TbID_all
MAP2K1	ASB6	TbID_all
MAP2K1	NKIRAS1	TbID_all
MAP2K1	WSB2	TbID_all
MAP2K1	TNFRSF10D	TbID_all
MAP2K1	APOBEC3B	TbID_all
MAP2K1	ADAMTS1	TbID_all
MAP2K1	ERRFI1	TbID_all
MAP2K1	KLHL21	TbID_all
MAP2K1	ZNF225	TbID_all
MAP2K1	HEG1	TbID_all
MAP2K1	BAIAP2	TbID_all
MAP2K1	DLGAP4	TbID_all
MAP2K1	KDM2A	TbID_all
MAP2K1	FADS3	TbID_all
MAP2K1	LIPG	TbID_all
MAP2K1	SELENOK	TbID_all
ARAF	TUG1	TbID_all
ARAF	ASDURF	TbID_all
ARAF	SGK1	TbID_all
ARAF	AIP	TbID_all
ARAF	IPO5	TbID_all
ARAF	CCN1	TbID_all
ARAF	EDIL3	TbID_all
ARAF	DNAJB6	TbID_all
ARAF	ZNF254	TbID_all
ARAF	ZNF324	TbID_all
ARAF	SKAP2	TbID_all
ARAF	CDC123	TbID_all
ARAF	SC5D	TbID_all
ARAF	DFFB	TbID_all
ARAF	URI1	TbID_all
ARAF	SLIT2	TbID_all
ARAF	NTN1	TbID_all
ARAF	TTC4	TbID_all
ARAF	BAG2	TbID_all
ARAF	GPI	TbID_all
ARAF	HSP90AA1	TbID_all
ARAF	THBS1	TbID_all
ARAF	HSP90AB1	TbID_all
ARAF	ARAF	TbID_all
ARAF	CHGA	TbID_all
ARAF	DBT	TbID_all
ARAF	PKM	TbID_all
ARAF	RPA2	TbID_all
ARAF	KITLG	TbID_all
ARAF	TUBG1	TbID_all
ARAF	PTPRZ1	TbID_all
ARAF	EEF1B2	TbID_all
ARAF	EEF1G	TbID_all
ARAF	RPA1	TbID_all
ARAF	PIK3R1	TbID_all
ARAF	PSMB5	TbID_all
ARAF	EEF1D	TbID_all
ARAF	NTS	TbID_all
ARAF	DNAJA1	TbID_all
ARAF	RPA3	TbID_all
ARAF	PSMC2	TbID_all
ARAF	MAP2K2	TbID_all
ARAF	BUD31	TbID_all
ARAF	SLC19A1	TbID_all
ARAF	NAMPT	TbID_all
ARAF	RABIF	TbID_all
ARAF	CLK1	TbID_all
ARAF	LIG4	TbID_all
ARAF	METAP2	TbID_all
ARAF	EPHB4	TbID_all
ARAF	DRG2	TbID_all
ARAF	ARF1	TbID_all
ARAF	SERF2	TbID_all
ARAF	MAP2K1	TbID_all
ARAF	FKBP4	TbID_all
ARAF	SPAG1	TbID_all
ARAF	LGALS3BP	TbID_all
ARAF	PPID	TbID_all
ARAF	CHAF1A	TbID_all
ARAF	CHAF1B	TbID_all
ARAF	OS9	TbID_all
ARAF	LSAMP	TbID_all
ARAF	DHCR24	TbID_all
ARAF	CDC37	TbID_all
ARAF	ALG11	TbID_all
ARAF	ZIK1	TbID_all
ARAF	HSP90AA5P	TbID_all
ARAF	HSP90AA4P	TbID_all
ARAF	CPTP	TbID_all
ARAF	HECTD2	TbID_all
ARAF	FAM171A1	TbID_all
ARAF	EGFLAM	TbID_all
ARAF	ZNF776	TbID_all
ARAF	TXNDC11	TbID_all
ARAF	TECPR1	TbID_all
ARAF	ANKMY2	TbID_all
ARAF	NUDCD3	TbID_all
ARAF	SIRT2	TbID_all
ARAF	ASPM	TbID_all
ARAF	TTC9C	TbID_all
ARAF	EID2	TbID_all
ARAF	ZNF525	TbID_all
ARAF	GATD1	TbID_all
ARAF	UBAC2	TbID_all
ARAF	ADPRHL1	TbID_all
ARAF	FBH1	TbID_all
ARAF	MFSD8	TbID_all
ARAF	AEN	TbID_all
ARAF	ZNF480	TbID_all
ARAF	NUDCD2	TbID_all
ARAF	ANKRD49	TbID_all
ARAF	OVCA2	TbID_all
ARAF	PIK3R3	TbID_all
ARAF	CENPI	TbID_all
ARAF	GLMN	TbID_all
ARAF	RERG	TbID_all
ARAF	TUBGCP3	TbID_all
ARAF	SLC35E1	TbID_all
ARAF	KLHL15	TbID_all
ARAF	DNAAF10	TbID_all
ARAF	GDAP1L1	TbID_all
ARAF	SNX18	TbID_all
ARAF	TTC1	TbID_all
ARAF	KLHDC3	TbID_all
ARAF	TUBGCP2	TbID_all
ARAF	NAT9	TbID_all
ARAF	NAA15	TbID_all
ARAF	UBL5	TbID_all
ARAF	ACTL8	TbID_all
ARAF	RPAP3	TbID_all
ARAF	DNAJC18	TbID_all
ARAF	PELI2	TbID_all
ARAF	CLK4	TbID_all
ARAF	WDR6	TbID_all
ARAF	XPNPEP3	TbID_all
ARAF	KMT5A	TbID_all
ARAF	FBXO8	TbID_all
ARAF	ASB6	TbID_all
ARAF	FBXL12	TbID_all
ARAF	DLGAP2	TbID_all
ARAF	UXT	TbID_all
ARAF	SEL1L	TbID_all
ARAF	FTSJ1	TbID_all
ARAF	SRRD	TbID_all
ARAF	CHORDC1	TbID_all
ARAF	TMEFF2	TbID_all
ARAF	FKBPL	TbID_all
ARAF	FBXL3	TbID_all
ARAF	ATXN7L1	TbID_all
ARAF	EIF3L	TbID_all
ARAF	NUDC	TbID_all
ARAF	KDM2A	TbID_all
ARAF	ZNF256	TbID_all
ARAF	TMA7	TbID_all
ARAF	AP3M1	TbID_all
ARAF	SUGT1	TbID_all
ARAF	UBIAD1	TbID_all
ARAF	SELENOK	TbID_all
ARAF	WSB1	TbID_all
ARAF	MYO1C	TbID_all
ARAF	GAPDHS	TbID_all
ARAF	KCNQ2	TbID_all
ARAF	MYO1B	TbID_all
ARAF	FADS2	TbID_all
ARAF	NRAS	TbID_all
ARAF	HRAS	TbID_all
ARAF	TP53	TbID_all
ARAF	POLR1D	TbID_all
ARAF	ESRRA	TbID_all
ARAF	VCAN	TbID_all
ARAF	TRIM27	TbID_all
ARAF	CSRP1	TbID_all
ARAF	PSMB4	TbID_all
ARAF	GABRB3	TbID_all
ARAF	MAT2A	TbID_all
ARAF	LSS	TbID_all
ARAF	NMU	TbID_all
ARAF	PRMT2	TbID_all
ARAF	FGF12	TbID_all
ARAF	ESRRG	TbID_all
ARAF	LACTB	TbID_all
ARAF	ZNF91	TbID_all
ARAF	SPOCK1	TbID_all
ARAF	CNTN1	TbID_all
ARAF	RAB32	TbID_all
ARAF	IDI1	TbID_all
ARAF	KEAP1	TbID_all
ARAF	BTG3	TbID_all
ARAF	HNF4G	TbID_all
ARAF	PDCD2	TbID_all
ARAF	FSCN1	TbID_all
ARAF	KLHL12	TbID_all
ARAF	ATAT1	TbID_all
ARAF	TENT2	TbID_all
ARAF	CHSY3	TbID_all
ARAF	PREX2	TbID_all
ARAF	NEK8	TbID_all
ARAF	SCD5	TbID_all
ARAF	DHFR2	TbID_all
ARAF	LDLRAD3	TbID_all
ARAF	C12orf56	TbID_all
ARAF	MB21D2	TbID_all
ARAF	DTWD2	TbID_all
ARAF	FGF13	TbID_all
ARAF	RIT1	TbID_all
ARAF	KCTD12	TbID_all
ARAF	NUS1	TbID_all
ARAF	DISP1	TbID_all
ARAF	HAPLN3	TbID_all
ARAF	SELENOS	TbID_all
ARAF	SYT3	TbID_all
ARAF	EMILIN2	TbID_all
ARAF	UCK2	TbID_all
ARAF	KCTD10	TbID_all
ARAF	CACYBP	TbID_all
ARAF	PCDH18	TbID_all
ARAF	EMILIN3	TbID_all
ARAF	ECHDC1	TbID_all
ARAF	PDRG1	TbID_all
ARAF	DNMT3B	TbID_all
ARAF	TNFRSF10D	TbID_all
ARAF	EGFL7	TbID_all
ARAF	SCML1	TbID_all
ARAF	JAG2	TbID_all
ARAF	SLC27A6	TbID_all
ARAF	B3GALT1	TbID_all
ARAF	GPC6	TbID_all
ARAF	PPIAL4E;PPIAL4D;PPIAL4F	TbID_all
ARAF	SMIM26	TbID_all
ARAF	FAM171A2	TbID_all
ARAF	UBXN8	TbID_all
ARAF	LGALS8	TbID_all
ARAF	CTDSP2	TbID_all
ARAF	ENC1	TbID_all
ARAF	PJA2	TbID_all
ARAF	SPRY2	TbID_all
ARAF	SPRY1	TbID_all
ARAF	PCDH7	TbID_all
ARAF	PLOD3	TbID_all
ARAF	SLC16A7	TbID_all
ARAF	ABCB11	TbID_all
ARAF	CA2	TbID_all
ARAF	TGFB1	TbID_all
ARAF	KRT18	TbID_all
ARAF	NEFL	TbID_all
ARAF	C4A;C4B	TbID_all
ARAF	RALB	TbID_all
ARAF	IGF2R	TbID_all
ARAF	ACTN1	TbID_all
ARAF	MIF	TbID_all
ARAF	PRKCSH	TbID_all
ARAF	GNS	TbID_all
ARAF	GJA1	TbID_all
ARAF	FLT1	TbID_all
ARAF	EGR1	TbID_all
ARAF	TAC1	TbID_all
ARAF	ZFP36	TbID_all
ARAF	STOM	TbID_all
ARAF	EPHA2	TbID_all
ARAF	GPC1	TbID_all
ARAF	NF2	TbID_all
ARAF	PIK3CA	TbID_all
ARAF	TFPI2	TbID_all
ARAF	EFNB2	TbID_all
ARAF	F2RL1	TbID_all
ARAF	EPPK1	TbID_all
ARAF	PSMC5	TbID_all
ARAF	YWHAZ	TbID_all
ARAF	TPM4	TbID_all
ARAF	ACTA1	TbID_all
ARAF	EFNB1	TbID_all
ARAF	SPTBN1	TbID_all
ARAF	TAGLN	TbID_all
ARAF	GBE1	TbID_all
ARAF	SQSTM1	TbID_all
ARAF	GFUS	TbID_all
ARAF	ITGA7	TbID_all
ARAF	SPTAN1	TbID_all
ARAF	TNFAIP1	TbID_all
ARAF	NFE2L1	TbID_all
ARAF	DSC3	TbID_all
ARAF	PCLAF	TbID_all
ARAF	CCDC88A	TbID_all
ARAF	ACTBL2	TbID_all
ARAF	MEST	TbID_all
ARAF	ASPHD1	TbID_all
ARAF	PTRHD1	TbID_all
ARAF	ZCCHC12	TbID_all
ARAF	POTEE	TbID_all
ARAF	FAM111B	TbID_all
ARAF	ARC	TbID_all
ARAF	LRP10	TbID_all
ARAF	SPRED2	TbID_all
ARAF	SPRED1	TbID_all
ARAF	C11orf96	TbID_all
ARAF	TMEM200A	TbID_all
ARAF	LSR	TbID_all
ARAF	CCDC125	TbID_all
ARAF	RELL1	TbID_all
ARAF	ANKRD18A	TbID_all
ARAF	CBARP	TbID_all
ARAF	MARVELD2	TbID_all
ARAF	COLGALT1	TbID_all
ARAF	PNMA1	TbID_all
ARAF	GPRC5A	TbID_all
ARAF	NECTIN2	TbID_all
ARAF	NEO1	TbID_all
ARAF	AIDA	TbID_all
ARAF	SARAF	TbID_all
ARAF	KIRREL1	TbID_all
ARAF	FAR2	TbID_all
ARAF	BTBD6	TbID_all
ARAF	GUCD1	TbID_all
ARAF	DCBLD2	TbID_all
ARAF	ERBIN	TbID_all
ARAF	TRIB1	TbID_all
ARAF	SPRY4	TbID_all
ARAF	CTDSP1	TbID_all
ARAF	DNAJC5	TbID_all
ARAF	ANKH	TbID_all
ARAF	NECTIN3	TbID_all
ARAF	ITM2C	TbID_all
ARAF	THSD1	TbID_all
ARAF	SH3BP4	TbID_all
ARAF	SPRR3	TbID_all
ARAF	CEMIP2	TbID_all
ARAF	KLHL21	TbID_all
ARAF	LZTS1	TbID_all
ARAF	CNPY2	TbID_all
ARAF	DLGAP4	TbID_all
ARAF	ASB3	TbID_all
ARAF	SLC30A1	TbID_all
ARAF	SLC4A7	TbID_all
ARAF	ROBO1	TbID_all
HRAS	CTDSP2	TbID_all
HRAS	SLC16A7	TbID_all
HRAS	CA2	TbID_all
HRAS	NRAS	TbID_all
HRAS	HRAS	TbID_all
HRAS	KRAS	TbID_all
HRAS	RAF1	TbID_all
HRAS	BRAF	TbID_all
HRAS	CSRP1	TbID_all
HRAS	NTS	TbID_all
HRAS	MAT2A	TbID_all
HRAS	PIK3CA	TbID_all
HRAS	TFPI2	TbID_all
HRAS	MYOM2	TbID_all
HRAS	RAP1B	TbID_all
HRAS	HSPE1	TbID_all
HRAS	PSMC5	TbID_all
HRAS	ID3	TbID_all
HRAS	MTAP	TbID_all
HRAS	CBLB	TbID_all
HRAS	LSAMP	TbID_all
HRAS	MTF1	TbID_all
HRAS	PCLAF	TbID_all
HRAS	MEST	TbID_all
HRAS	CIAPIN1	TbID_all
HRAS	SIRT2	TbID_all
HRAS	CBARP	TbID_all
HRAS	LZTR1	TbID_all
HRAS	FBH1	TbID_all
HRAS	ELP5	TbID_all
HRAS	PIH1D2	TbID_all
HRAS	CENPI	TbID_all
HRAS	ELP4	TbID_all
HRAS	TMEM74	TbID_all
HRAS	PAIP2	TbID_all
HRAS	SELENOS	TbID_all
HRAS	SCNM1	TbID_all
HRAS	ALOXE3	TbID_all
HRAS	KCTD10	TbID_all
HRAS	XPNPEP3	TbID_all
HRAS	STMN3	TbID_all
HRAS	NDRG2	TbID_all
HRAS	SHOC2	TbID_all
HRAS	SMIM26	TbID_all
HRAS	MSANTD7	TbID_all
HRAS	PRRT4	TbID_all
HRAS	GOSR2	TbID_all
HRAS	PRORP	TbID_all
HRAS	SIVA1	TbID_all
HRAS	CAPN5	TbID_all
HRAS	PLXNB1	TbID_all
HRAS	CYP26A1	TbID_all
HRAS	KCNQ2	TbID_all
HRAS	SUSD5	TbID_all
HRAS	FADS1	TbID_all
HRAS	NBN	TbID_all
HRAS	PEX11A	TbID_all
HRAS	DUSP11	TbID_all
HRAS	C1QL1	TbID_all
HRAS	SLIT2	TbID_all
HRAS	FADS2	TbID_all
HRAS	TGFB1	TbID_all
HRAS	CSTB	TbID_all
HRAS	ALPL	TbID_all
HRAS	LPL	TbID_all
HRAS	NEFL	TbID_all
HRAS	C4A;C4B	TbID_all
HRAS	ELFN1	TbID_all
HRAS	MGST1	TbID_all
HRAS	CHGA	TbID_all
HRAS	ESRRA	TbID_all
HRAS	CD99	TbID_all
HRAS	TRIM27	TbID_all
HRAS	AREG	TbID_all
HRAS	RPA2	TbID_all
HRAS	FGFR3	TbID_all
HRAS	PTPRZ1	TbID_all
HRAS	PRKCH	TbID_all
HRAS	LAMA1	TbID_all
HRAS	RPA1	TbID_all
HRAS	GABRB3	TbID_all
HRAS	CRABP2	TbID_all
HRAS	PPP2R1B	TbID_all
HRAS	SFN	TbID_all
HRAS	RPA3	TbID_all
HRAS	FDFT1	TbID_all
HRAS	CPT1A	TbID_all
HRAS	GAS1	TbID_all
HRAS	PRMT2	TbID_all
HRAS	WNT3A	TbID_all
HRAS	FGF12	TbID_all
HRAS	ESRRG	TbID_all
HRAS	DCD	TbID_all
HRAS	LACTB	TbID_all
HRAS	PFKP	TbID_all
HRAS	EWSR1	TbID_all
HRAS	PRKCQ	TbID_all
HRAS	EEF1A2	TbID_all
HRAS	CNTN1	TbID_all
HRAS	MERTK	TbID_all
HRAS	OS9	TbID_all
HRAS	RAB32	TbID_all
HRAS	IDI1	TbID_all
HRAS	TRIM14	TbID_all
HRAS	SQLE	TbID_all
HRAS	HNF4G	TbID_all
HRAS	MFSD13A	TbID_all
HRAS	DHCR24	TbID_all
HRAS	NHERF2	TbID_all
HRAS	PPP2R5E	TbID_all
HRAS	BAK1	TbID_all
HRAS	FSCN1	TbID_all
HRAS	SLC25A35	TbID_all
HRAS	ORMDL2	TbID_all
HRAS	TMEM177	TbID_all
HRAS	EEF1AKMT2	TbID_all
HRAS	TEX30	TbID_all
HRAS	ELFN2	TbID_all
HRAS	UTF1	TbID_all
HRAS	SFRP5	TbID_all
HRAS	GRAMD4	TbID_all
HRAS	CSPG4	TbID_all
HRAS	TMT1B	TbID_all
HRAS	ZDHHC24	TbID_all
HRAS	APOOL	TbID_all
HRAS	RBPMS2	TbID_all
HRAS	PAQR9	TbID_all
HRAS	CHSY3	TbID_all
HRAS	ABHD13	TbID_all
HRAS	RASGRP2	TbID_all
HRAS	APTX	TbID_all
HRAS	NET1	TbID_all
HRAS	SCD5	TbID_all
HRAS	DHDDS	TbID_all
HRAS	DHFR2	TbID_all
HRAS	CHPF	TbID_all
HRAS	GPC2	TbID_all
HRAS	SFRP1	TbID_all
HRAS	DNAJC22	TbID_all
HRAS	FBXL6	TbID_all
HRAS	DTX3	TbID_all
HRAS	UBAC2	TbID_all
HRAS	CHST13	TbID_all
HRAS	RP9	TbID_all
HRAS	CXorf38	TbID_all
HRAS	SLC35G2	TbID_all
HRAS	IPO4	TbID_all
HRAS	ABHD3	TbID_all
HRAS	THEM6	TbID_all
HRAS	SNX33	TbID_all
HRAS	NUDT8	TbID_all
HRAS	PXDN	TbID_all
HRAS	HTRA1	TbID_all
HRAS	CORO2A	TbID_all
HRAS	ZDHHC16	TbID_all
HRAS	APOBEC3D	TbID_all
HRAS	KCTD12	TbID_all
HRAS	NUS1	TbID_all
HRAS	RNFT2	TbID_all
HRAS	FAR2	TbID_all
HRAS	RITA1	TbID_all
HRAS	GDAP1L1	TbID_all
HRAS	TWNK	TbID_all
HRAS	GDF15	TbID_all
HRAS	STRA6	TbID_all
HRAS	EMILIN2	TbID_all
HRAS	GLT8D2	TbID_all
HRAS	EPB41L4B	TbID_all
HRAS	DNAJC5	TbID_all
HRAS	RNF41	TbID_all
HRAS	ACTL8	TbID_all
HRAS	DNAJC18	TbID_all
HRAS	SLC25A22	TbID_all
HRAS	PATZ1	TbID_all
HRAS	RHOF	TbID_all
HRAS	SPON1	TbID_all
HRAS	CCNB1IP1	TbID_all
HRAS	CCDC177	TbID_all
HRAS	EMILIN3	TbID_all
HRAS	RAB20	TbID_all
HRAS	PODXL2	TbID_all
HRAS	PCDH10	TbID_all
HRAS	NRXN2	TbID_all
HRAS	ZNF219	TbID_all
HRAS	DNMT3B	TbID_all
HRAS	DHCR7	TbID_all
HRAS	APEX2	TbID_all
HRAS	MTFP1	TbID_all
HRAS	PLEKHB1	TbID_all
HRAS	PARP2	TbID_all
HRAS	STEAP1	TbID_all
HRAS	HEG1	TbID_all
HRAS	PLXNB3	TbID_all
HRAS	PROCR	TbID_all
HRAS	RCE1	TbID_all
HRAS	CFL2	TbID_all
HRAS	KDM2A	TbID_all
HRAS	SLC27A6	TbID_all
HRAS	TMX2	TbID_all
HRAS	B3GALT1	TbID_all
HRAS	GPC6	TbID_all
HRAS	SPCS1	TbID_all
HRAS	PXMP4	TbID_all
HRAS	OAS3	TbID_all
HRAS	SQOR	TbID_all
HRAS	PPIAL4E;PPIAL4D;PPIAL4F	TbID_all
HRAS	LGALS8	TbID_all
HRAS	CCN1	TbID_all
HRAS	SPTBN2	TbID_all
HRAS	RGL2	TbID_all
HRAS	PROM1	TbID_all
HRAS	GET3	TbID_all
HRAS	EDIL3	TbID_all
HRAS	CEP104	TbID_all
HRAS	PLOD3	TbID_all
HRAS	CDC123	TbID_all
HRAS	BCAS2	TbID_all
HRAS	LUC7L3	TbID_all
HRAS	PAPSS2	TbID_all
HRAS	FGG	TbID_all
HRAS	FN1	TbID_all
HRAS	TP53	TbID_all
HRAS	KRT18	TbID_all
HRAS	PFN1	TbID_all
HRAS	THBS1	TbID_all
HRAS	ANXA5	TbID_all
HRAS	UCHL1	TbID_all
HRAS	ACTN1	TbID_all
HRAS	PRKCSH	TbID_all
HRAS	DSP	TbID_all
HRAS	RASA1	TbID_all
HRAS	EEF1B2	TbID_all
HRAS	NFYB	TbID_all
HRAS	EEF1G	TbID_all
HRAS	PIK3R1	TbID_all
HRAS	EEF1D	TbID_all
HRAS	GNA11	TbID_all
HRAS	S100A7	TbID_all
HRAS	HOXD13	TbID_all
HRAS	MYH9	TbID_all
HRAS	CDKN1A	TbID_all
HRAS	NES	TbID_all
HRAS	METAP2	TbID_all
HRAS	POLR2H	TbID_all
HRAS	AFDN	TbID_all
HRAS	SESN3	TbID_all
HRAS	TPI1	TbID_all
HRAS	MYL6	TbID_all
HRAS	POLR2F	TbID_all
HRAS	POLR2G	TbID_all
HRAS	POLR2L	TbID_all
HRAS	TPM4	TbID_all
HRAS	ACTA1	TbID_all
HRAS	SPTBN1	TbID_all
HRAS	CACNB2	TbID_all
HRAS	RBBP4	TbID_all
HRAS	RALGDS	TbID_all
HRAS	CHAF1A	TbID_all
HRAS	CHAF1B	TbID_all
HRAS	CBX3	TbID_all
HRAS	GFUS	TbID_all
HRAS	SPTAN1	TbID_all
HRAS	DSG2	TbID_all
HRAS	SCRIB	TbID_all
HRAS	NFE2L1	TbID_all
HRAS	KIF14	TbID_all
HRAS	HMGN3	TbID_all
HRAS	VPS72	TbID_all
HRAS	ACTBL2	TbID_all
HRAS	GPRASP1	TbID_all
HRAS	EGFLAM	TbID_all
HRAS	ZNF776	TbID_all
HRAS	TRAF7	TbID_all
HRAS	POTEE	TbID_all
HRAS	FAM111B	TbID_all
HRAS	TAOK1	TbID_all
HRAS	CCAR1	TbID_all
HRAS	ASPM	TbID_all
HRAS	CENPL	TbID_all
HRAS	ARHGAP18	TbID_all
HRAS	MPND	TbID_all
HRAS	SAMD12	TbID_all
HRAS	COLGALT1	TbID_all
HRAS	RAPGEF6	TbID_all
HRAS	ZNF384	TbID_all
HRAS	RASSF5	TbID_all
HRAS	PIK3R3	TbID_all
HRAS	ENTR1	TbID_all
HRAS	ZNF578	TbID_all
HRAS	CORO1B	TbID_all
HRAS	UBL5	TbID_all
HRAS	WWTR1	TbID_all
HRAS	PELI2	TbID_all
HRAS	EPB41L5	TbID_all
HRAS	ZCCHC17	TbID_all
HRAS	KMT5A	TbID_all
HRAS	TMOD2	TbID_all
HRAS	ATP10D	TbID_all
HRAS	ARHGAP28	TbID_all
HRAS	TNFRSF10D	TbID_all
HRAS	TMEFF2	TbID_all
HRAS	TAOK2	TbID_all
HRAS	CORO1C	TbID_all
HRAS	NFU1	TbID_all
HRAS	NOVA2	TbID_all
HRAS	CNPY2	TbID_all
HRAS	DLGAP4	TbID_all
HRAS	RAPGEF2	TbID_all
HRAS	OARD1	TbID_all
HRAS	HEBP2	TbID_all
HRAS	SCIN	TbID_all
HRAS	TAX1BP3	TbID_all
HRAS	SPINT2	TbID_all
HRAS	CTSV	TbID_all
HRAS	CS	TbID_all
HRAS	SC5D	TbID_all
HRAS	ABCB11	TbID_all
HRAS	ZIC2	TbID_all
HRAS	MPO	TbID_all
HRAS	GSN	TbID_all
HRAS	ATP5F1B	TbID_all
HRAS	P4HB	TbID_all
HRAS	ITGA5	TbID_all
HRAS	DLAT	TbID_all
HRAS	PRKAR1A	TbID_all
HRAS	ESD	TbID_all
HRAS	DBT	TbID_all
HRAS	RALA	TbID_all
HRAS	RALB	TbID_all
HRAS	TPT1	TbID_all
HRAS	ETFA	TbID_all
HRAS	PKM	TbID_all
HRAS	HSP90B1	TbID_all
HRAS	UCHL3	TbID_all
HRAS	FLT1	TbID_all
HRAS	U2AF2	TbID_all
HRAS	CANX	TbID_all
HRAS	EPHA2	TbID_all
HRAS	BLVRB	TbID_all
HRAS	ECHS1	TbID_all
HRAS	PDIA3	TbID_all
HRAS	PPIF	TbID_all
HRAS	CORO1A	TbID_all
HRAS	PRKAR1B	TbID_all
HRAS	DLST	TbID_all
HRAS	MDH2	TbID_all
HRAS	YAP1	TbID_all
HRAS	EFNB2	TbID_all
HRAS	CRIP2	TbID_all
HRAS	EPHA5	TbID_all
HRAS	EPHB4	TbID_all
HRAS	ARPC4	TbID_all
HRAS	ELOF1	TbID_all
HRAS	RAB2A	TbID_all
HRAS	FKBP1A	TbID_all
HRAS	U2AF1	TbID_all
HRAS	TAGLN	TbID_all
HRAS	LMAN2	TbID_all
HRAS	ITGA7	TbID_all
HRAS	CRMP1	TbID_all
HRAS	EPHA7	TbID_all
HRAS	SF3A1	TbID_all
HRAS	RGN	TbID_all
HRAS	GUK1	TbID_all
HRAS	SKIDA1	TbID_all
HRAS	ALG11	TbID_all
HRAS	HSP90B2P	TbID_all
HRAS	ZDHHC20	TbID_all
HRAS	PTRHD1	TbID_all
HRAS	NAA16	TbID_all
HRAS	POGLUT2	TbID_all
HRAS	LSR	TbID_all
HRAS	CKAP2	TbID_all
HRAS	HSPH1	TbID_all
HRAS	MYDGF	TbID_all
HRAS	ACSF2	TbID_all
HRAS	RDH12	TbID_all
HRAS	SEPHS2	TbID_all
HRAS	TM9SF2	TbID_all
HRAS	ARPC5L	TbID_all
HRAS	ERP44	TbID_all
HRAS	HINT2	TbID_all
HRAS	TMEM59	TbID_all
HRAS	ANKH	TbID_all
HRAS	APMAP	TbID_all
HRAS	ITM2C	TbID_all
HRAS	PHPT1	TbID_all
HRAS	PLCE1	TbID_all
HRAS	SUCLA2	TbID_all
HRAS	APOBEC3B	TbID_all
HRAS	POMP	TbID_all
HRAS	ITM2B	TbID_all
HRAS	ROBO1	TbID_all
MAP2K2	UBXN8	TbID_all
MAP2K2	SGK1	TbID_all
MAP2K2	TAX1BP3	TbID_all
MAP2K2	PPP1R12A	TbID_all
MAP2K2	BUB1	TbID_all
MAP2K2	AHCYL1	TbID_all
MAP2K2	SNX3	TbID_all
MAP2K2	SLC16A7	TbID_all
MAP2K2	CLUH	TbID_all
MAP2K2	CSDE1	TbID_all
MAP2K2	CDC123	TbID_all
MAP2K2	RCBTB2	TbID_all
MAP2K2	SNAP29	TbID_all
MAP2K2	ECD	TbID_all
MAP2K2	SOD1	TbID_all
MAP2K2	RAF1	TbID_all
MAP2K2	EIF4E	TbID_all
MAP2K2	ARAF	TbID_all
MAP2K2	CCNB1	TbID_all
MAP2K2	BRAF	TbID_all
MAP2K2	NCK1	TbID_all
MAP2K2	CSRP1	TbID_all
MAP2K2	EIF4B	TbID_all
MAP2K2	STOM	TbID_all
MAP2K2	PSMB4	TbID_all
MAP2K2	DDT	TbID_all
MAP2K2	CDC25C	TbID_all
MAP2K2	NTS	TbID_all
MAP2K2	MAT2A	TbID_all
MAP2K2	TTK	TbID_all
MAP2K2	PSMC2	TbID_all
MAP2K2	MAP2K2	TbID_all
MAP2K2	POLR2I	TbID_all
MAP2K2	TXLNA	TbID_all
MAP2K2	PSMC4	TbID_all
MAP2K2	YAP1	TbID_all
MAP2K2	FASN	TbID_all
MAP2K2	TOB1	TbID_all
MAP2K2	CAPZA1	TbID_all
MAP2K2	ARFIP2	TbID_all
MAP2K2	BCAR1	TbID_all
MAP2K2	SESN3	TbID_all
MAP2K2	TIMM10	TbID_all
MAP2K2	PSMC5	TbID_all
MAP2K2	GLO1	TbID_all
MAP2K2	PPP3CA	TbID_all
MAP2K2	CAMSAP2	TbID_all
MAP2K2	AKAP13	TbID_all
MAP2K2	TRIM26	TbID_all
MAP2K2	RIPK1	TbID_all
MAP2K2	DCTN2	TbID_all
MAP2K2	TP53BP2	TbID_all
MAP2K2	RAB32	TbID_all
MAP2K2	IDI1	TbID_all
MAP2K2	TOB2	TbID_all
MAP2K2	UBAP2L	TbID_all
MAP2K2	CRMP1	TbID_all
MAP2K2	GPR176	TbID_all
MAP2K2	NEDD9	TbID_all
MAP2K2	PCLAF	TbID_all
MAP2K2	SNX17	TbID_all
MAP2K2	DLGAP5	TbID_all
MAP2K2	RTN1	TbID_all
MAP2K2	AAK1	TbID_all
MAP2K2	ERCC6L	TbID_all
MAP2K2	TPRN	TbID_all
MAP2K2	COBLL1	TbID_all
MAP2K2	MEST	TbID_all
MAP2K2	FNBP1L	TbID_all
MAP2K2	OTUD3	TbID_all
MAP2K2	UBAP2	TbID_all
MAP2K2	HECTD2	TbID_all
MAP2K2	FHIP2A	TbID_all
MAP2K2	KANK2	TbID_all
MAP2K2	WASHC2A	TbID_all
MAP2K2	ARHGAP17	TbID_all
MAP2K2	CARMIL2	TbID_all
MAP2K2	CEP85	TbID_all
MAP2K2	KSR2	TbID_all
MAP2K2	Q6ZSR9	TbID_all
MAP2K2	ZFYVE16	TbID_all
MAP2K2	PEG10	TbID_all
MAP2K2	LUZP1	TbID_all
MAP2K2	PRAG1	TbID_all
MAP2K2	RIMKLA	TbID_all
MAP2K2	MB21D2	TbID_all
MAP2K2	SMAP1	TbID_all
MAP2K2	SPART	TbID_all
MAP2K2	EID2	TbID_all
MAP2K2	TMEM102	TbID_all
MAP2K2	ANKRD52	TbID_all
MAP2K2	FAM98A	TbID_all
MAP2K2	TNRC6A	TbID_all
MAP2K2	CIP2A	TbID_all
MAP2K2	PIH1D2	TbID_all
MAP2K2	STAM	TbID_all
MAP2K2	FERMT2	TbID_all
MAP2K2	SNF8	TbID_all
MAP2K2	PDLIM5	TbID_all
MAP2K2	DDRGK1	TbID_all
MAP2K2	LRCH3	TbID_all
MAP2K2	BTBD6	TbID_all
MAP2K2	SPAG5	TbID_all
MAP2K2	PAIP2	TbID_all
MAP2K2	EFHD1	TbID_all
MAP2K2	UBL5	TbID_all
MAP2K2	CTDSP1	TbID_all
MAP2K2	WWTR1	TbID_all
MAP2K2	FAM107B	TbID_all
MAP2K2	AZI2	TbID_all
MAP2K2	ANKRA2	TbID_all
MAP2K2	PELI2	TbID_all
MAP2K2	MKNK2	TbID_all
MAP2K2	TNRC6C	TbID_all
MAP2K2	COMMD8	TbID_all
MAP2K2	OSER1	TbID_all
MAP2K2	OCIAD1	TbID_all
MAP2K2	TMOD3	TbID_all
MAP2K2	KLHL9	TbID_all
MAP2K2	KLHL13	TbID_all
MAP2K2	MTRR	TbID_all
MAP2K2	TMEFF2	TbID_all
MAP2K2	ERRFI1	TbID_all
MAP2K2	JPT1	TbID_all
MAP2K2	NUDT5	TbID_all
MAP2K2	RIMKLB	TbID_all
MAP2K2	NDRG2	TbID_all
MAP2K2	TNRC6B	TbID_all
MAP2K2	POMP	TbID_all
MAP2K2	WDR37	TbID_all
MAP2K2	KNSTRN	TbID_all
MAP2K2	DMXL1	TbID_all
MAP2K2	WDR7	TbID_all
MAP2K2	KCTD3	TbID_all
MAP2K2	CD2AP	TbID_all
MAP2K2	USP16	TbID_all
MAP2K2	MAGED1	TbID_all
MAP2K2	WSB1	TbID_all
MAP2K2	SCIN	TbID_all
MAP2K2	SEC23IP	TbID_all
MAP2K2	TUG1	TbID_all
MAP2K2	CCDC22	TbID_all
MAP2K2	C4A;C4B	TbID_all
MAP2K2	SLC25A6	TbID_all
MAP2K2	VAMP1	TbID_all
MAP2K2	EEF1B2	TbID_all
MAP2K2	EEF1G	TbID_all
MAP2K2	RPA1	TbID_all
MAP2K2	EEF1D	TbID_all
MAP2K2	SLC35A2	TbID_all
MAP2K2	ARF1	TbID_all
MAP2K2	LSAMP	TbID_all
MAP2K2	KEAP1	TbID_all
MAP2K2	SCRIB	TbID_all
MAP2K2	MYPN	TbID_all
MAP2K2	KSR1	TbID_all
MAP2K2	FBXL6	TbID_all
MAP2K2	FBH1	TbID_all
MAP2K2	FBLIM1	TbID_all
MAP2K2	CENPI	TbID_all
MAP2K2	KCTD10	TbID_all
MAP2K2	IPPK	TbID_all
MAP2K2	COPRS	TbID_all
MAP2K2	PDZRN3	TbID_all
MAP2K2	SQOR	TbID_all
MAP2K2	NUDT4B	TbID_all
MAP2K2	FAM83G	TbID_all
MAP2K2	ARHGAP42	TbID_all
MAP2K2	NACA	TbID_all
MAP2K2	PSMD9	TbID_all
MAP2K2	CCN1	TbID_all
MAP2K2	TXNDC9	TbID_all
MAP2K2	DPYSL4	TbID_all
MAP2K2	ABLIM1	TbID_all
MAP2K2	ENC1	TbID_all
MAP2K2	CPLX1	TbID_all
MAP2K2	HGS	TbID_all
MAP2K2	SYN3	TbID_all
MAP2K2	MAST4	TbID_all
MAP2K2	ANGPT2	TbID_all
MAP2K2	RGL2	TbID_all
MAP2K2	VGF	TbID_all
MAP2K2	PJA2	TbID_all
MAP2K2	DYNC1LI2	TbID_all
MAP2K2	MAP3K7	TbID_all
MAP2K2	TPD52L2	TbID_all
MAP2K2	SYNJ1	TbID_all
MAP2K2	SPRY2	TbID_all
MAP2K2	SPOP	TbID_all
MAP2K2	BUB1B	TbID_all
MAP2K2	PLIN3	TbID_all
MAP2K2	SRPX2	TbID_all
MAP2K2	ATG13	TbID_all
MAP2K2	CNOT3	TbID_all
MAP2K2	GADD45B	TbID_all
MAP2K2	BCAR3	TbID_all
MAP2K2	TUSC2	TbID_all
MAP2K2	ZFAND5	TbID_all
MAP2K2	SNAPIN	TbID_all
MAP2K2	ABCB11	TbID_all
MAP2K2	SVIL	TbID_all
MAP2K2	SEC24A	TbID_all
MAP2K2	NFATC1	TbID_all
MAP2K2	TTC4	TbID_all
MAP2K2	BAG3	TbID_all
MAP2K2	BCL10	TbID_all
MAP2K2	CA2	TbID_all
MAP2K2	TIMP1	TbID_all
MAP2K2	FOS	TbID_all
MAP2K2	TGFB1	TbID_all
MAP2K2	ANXA1	TbID_all
MAP2K2	KRT18	TbID_all
MAP2K2	ANXA2	TbID_all
MAP2K2	SRPRA	TbID_all
MAP2K2	HSPA8	TbID_all
MAP2K2	ETS2	TbID_all
MAP2K2	GSPT1	TbID_all
MAP2K2	IFNGR1	TbID_all
MAP2K2	FOSL1	TbID_all
MAP2K2	AREG	TbID_all
MAP2K2	DSP	TbID_all
MAP2K2	CD44	TbID_all
MAP2K2	JUNB	TbID_all
MAP2K2	SYN1	TbID_all
MAP2K2	PSMC3	TbID_all
MAP2K2	EGR1	TbID_all
MAP2K2	VCL	TbID_all
MAP2K2	TAC1	TbID_all
MAP2K2	FLNA	TbID_all
MAP2K2	KITLG	TbID_all
MAP2K2	H1-6	TbID_all
MAP2K2	CBL	TbID_all
MAP2K2	GRK2	TbID_all
MAP2K2	ZFP36	TbID_all
MAP2K2	DUSP1	TbID_all
MAP2K2	EPHA2	TbID_all
MAP2K2	SHC1	TbID_all
MAP2K2	GCH1	TbID_all
MAP2K2	CORO1A	TbID_all
MAP2K2	PRKAR1B	TbID_all
MAP2K2	RRM2	TbID_all
MAP2K2	GPC1	TbID_all
MAP2K2	CHKA	TbID_all
MAP2K2	TAGLN2	TbID_all
MAP2K2	CDKN1A	TbID_all
MAP2K2	PPP1R2	TbID_all
MAP2K2	PRKCI	TbID_all
MAP2K2	RANGAP1	TbID_all
MAP2K2	ZFP36L2	TbID_all
MAP2K2	PREP	TbID_all
MAP2K2	TFPI2	TbID_all
MAP2K2	ARCN1	TbID_all
MAP2K2	MARCKSL1	TbID_all
MAP2K2	PXN	TbID_all
MAP2K2	EIF2B2	TbID_all
MAP2K2	LIG4	TbID_all
MAP2K2	VASP	TbID_all
MAP2K2	UBE2D1	TbID_all
MAP2K2	KIF11	TbID_all
MAP2K2	EFNB2	TbID_all
MAP2K2	CRIP2	TbID_all
MAP2K2	PLK1	TbID_all
MAP2K2	FOSB	TbID_all
MAP2K2	MFAP3	TbID_all
MAP2K2	F2RL1	TbID_all
MAP2K2	CFAP298	TbID_all
MAP2K2	AP3S2	TbID_all
MAP2K2	ARPC4	TbID_all
MAP2K2	COPZ1	TbID_all
MAP2K2	ETF1	TbID_all
MAP2K2	TMSB10	TbID_all
MAP2K2	IGBP1	TbID_all
MAP2K2	CCNA1	TbID_all
MAP2K2	TMF1	TbID_all
MAP2K2	CDK17	TbID_all
MAP2K2	RUNX1	TbID_all
MAP2K2	HMGCS1	TbID_all
MAP2K2	OTUD4	TbID_all
MAP2K2	OCRL	TbID_all
MAP2K2	TAGLN	TbID_all
MAP2K2	CENPE	TbID_all
MAP2K2	APBA1	TbID_all
MAP2K2	PLAUR	TbID_all
MAP2K2	EIF4G1	TbID_all
MAP2K2	PTPN12	TbID_all
MAP2K2	TJP1	TbID_all
MAP2K2	CRYZ	TbID_all
MAP2K2	TROAP	TbID_all
MAP2K2	MYO1E	TbID_all
MAP2K2	PAK2	TbID_all
MAP2K2	G3BP1	TbID_all
MAP2K2	OS9	TbID_all
MAP2K2	SQSTM1	TbID_all
MAP2K2	LAMB3	TbID_all
MAP2K2	NCOA4	TbID_all
MAP2K2	TNFAIP1	TbID_all
MAP2K2	ARHGEF7	TbID_all
MAP2K2	FHL2	TbID_all
MAP2K2	DPYSL3	TbID_all
MAP2K2	CTTN	TbID_all
MAP2K2	CLINT1	TbID_all
MAP2K2	TTLL4	TbID_all
MAP2K2	CASP8	TbID_all
MAP2K2	LASP1	TbID_all
MAP2K2	KIF14	TbID_all
MAP2K2	PEA15	TbID_all
MAP2K2	RCN1	TbID_all
MAP2K2	RHEB	TbID_all
MAP2K2	SEC23B	TbID_all
MAP2K2	ZYX	TbID_all
MAP2K2	SNCB	TbID_all
MAP2K2	MEA1	TbID_all
MAP2K2	FSCN1	TbID_all
MAP2K2	UBE2S	TbID_all
MAP2K2	UPP1	TbID_all
MAP2K2	CLEC16A	TbID_all
MAP2K2	ARHGAP31	TbID_all
MAP2K2	SHROOM1	TbID_all
MAP2K2	ATG2A	TbID_all
MAP2K2	LSM12	TbID_all
MAP2K2	IQCC	TbID_all
MAP2K2	ARHGAP29	TbID_all
MAP2K2	PHLDA2	TbID_all
MAP2K2	PLEKHO1	TbID_all
MAP2K2	SOWAHC	TbID_all
MAP2K2	NHSL2	TbID_all
MAP2K2	CEP170	TbID_all
MAP2K2	FAM83B	TbID_all
MAP2K2	KIAA1217	TbID_all
MAP2K2	CAMSAP1	TbID_all
MAP2K2	ASPHD1	TbID_all
MAP2K2	ARHGEF16	TbID_all
MAP2K2	TUT7	TbID_all
MAP2K2	ZFAND6	TbID_all
MAP2K2	PPP1R18	TbID_all
MAP2K2	CAVIN1	TbID_all
MAP2K2	DENND1B	TbID_all
MAP2K2	ZCCHC12	TbID_all
MAP2K2	SHC4	TbID_all
MAP2K2	SASS6	TbID_all
MAP2K2	FAM83H	TbID_all
MAP2K2	PPP1R3F	TbID_all
MAP2K2	CYB5R4	TbID_all
MAP2K2	ASRGL1	TbID_all
MAP2K2	ARC	TbID_all
MAP2K2	GPRIN1	TbID_all
MAP2K2	LRP10	TbID_all
MAP2K2	SPRED1	TbID_all
MAP2K2	SH3RF1	TbID_all
MAP2K2	YTHDF3	TbID_all
MAP2K2	C11orf96	TbID_all
MAP2K2	ZNF429	TbID_all
MAP2K2	IFTAP	TbID_all
MAP2K2	TMEM200A	TbID_all
MAP2K2	PROSER2	TbID_all
MAP2K2	LSR	TbID_all
MAP2K2	HOMER1	TbID_all
MAP2K2	EPHX4	TbID_all
MAP2K2	LYSMD2	TbID_all
MAP2K2	CCDC50	TbID_all
MAP2K2	DNAI3	TbID_all
MAP2K2	C12orf56	TbID_all
MAP2K2	GSPT2	TbID_all
MAP2K2	UBALD2	TbID_all
MAP2K2	PHACTR4	TbID_all
MAP2K2	SYNPO	TbID_all
MAP2K2	MACO1	TbID_all
MAP2K2	ARFGAP1	TbID_all
MAP2K2	SYT14	TbID_all
MAP2K2	CPEB3	TbID_all
MAP2K2	SLC2A14	TbID_all
MAP2K2	SYTL5	TbID_all
MAP2K2	USP33	TbID_all
MAP2K2	C2CD4C	TbID_all
MAP2K2	WIPF2	TbID_all
MAP2K2	SMAP2	TbID_all
MAP2K2	TMEM263	TbID_all
MAP2K2	CEMIP	TbID_all
MAP2K2	SLC20A1	TbID_all
MAP2K2	ANKRD49	TbID_all
MAP2K2	CKAP2	TbID_all
MAP2K2	HSPH1	TbID_all
MAP2K2	ARHGAP45	TbID_all
MAP2K2	ANKS1A	TbID_all
MAP2K2	RND1	TbID_all
MAP2K2	NEO1	TbID_all
MAP2K2	UFD1	TbID_all
MAP2K2	STMN2	TbID_all
MAP2K2	LPP	TbID_all
MAP2K2	SYAP1	TbID_all
MAP2K2	KCTD12	TbID_all
MAP2K2	GPRASP2	TbID_all
MAP2K2	ERLEC1	TbID_all
MAP2K2	RAB3C	TbID_all
MAP2K2	METTL2A	TbID_all
MAP2K2	BTBD9	TbID_all
MAP2K2	TRIB1	TbID_all
MAP2K2	CYTH2	TbID_all
MAP2K2	S100A13	TbID_all
MAP2K2	TTC1	TbID_all
MAP2K2	CDCA3	TbID_all
MAP2K2	C12orf57	TbID_all
MAP2K2	KIF2C	TbID_all
MAP2K2	RGPD5	TbID_all
MAP2K2	NAP1L4	TbID_all
MAP2K2	CDC6	TbID_all
MAP2K2	SH3GL1	TbID_all
MAP2K2	SH3GL2	TbID_all
MAP2K2	GDF15	TbID_all
MAP2K2	FAM110A	TbID_all
MAP2K2	SDF4	TbID_all
MAP2K2	PDCD2L	TbID_all
MAP2K2	ATG101	TbID_all
MAP2K2	TTPAL	TbID_all
MAP2K2	PBDC1	TbID_all
MAP2K2	CARD6	TbID_all
MAP2K2	TMEM59	TbID_all
MAP2K2	SPRY4	TbID_all
MAP2K2	TRIM5	TbID_all
MAP2K2	ZCCHC2	TbID_all
MAP2K2	NAA50	TbID_all
MAP2K2	KLC2	TbID_all
MAP2K2	BTBD1	TbID_all
MAP2K2	SLK	TbID_all
MAP2K2	MMADHC	TbID_all
MAP2K2	CHMP4B	TbID_all
MAP2K2	GOLPH3L	TbID_all
MAP2K2	RPAP3	TbID_all
MAP2K2	PEAK1	TbID_all
MAP2K2	PLEKHG2	TbID_all
MAP2K2	DNAJC18	TbID_all
MAP2K2	ZFYVE1	TbID_all
MAP2K2	NCKAP5L	TbID_all
MAP2K2	SYTL2	TbID_all
MAP2K2	GOPC	TbID_all
MAP2K2	SH2D2A	TbID_all
MAP2K2	GPRC5C	TbID_all
MAP2K2	THSD1	TbID_all
MAP2K2	DIAPH3	TbID_all
MAP2K2	KCTD5	TbID_all
MAP2K2	TAB2	TbID_all
MAP2K2	WSB2	TbID_all
MAP2K2	GTSE1	TbID_all
MAP2K2	SH3BP4	TbID_all
MAP2K2	SEPTIN10	TbID_all
MAP2K2	CALCOCO1	TbID_all
MAP2K2	JCAD	TbID_all
MAP2K2	CTTNBP2NL	TbID_all
MAP2K2	FRMD4A	TbID_all
MAP2K2	RNF7	TbID_all
MAP2K2	PI4KB	TbID_all
MAP2K2	TJP2	TbID_all
MAP2K2	APOBEC3B	TbID_all
MAP2K2	CHORDC1	TbID_all
MAP2K2	IP6K2	TbID_all
MAP2K2	HOOK1	TbID_all
MAP2K2	KLHL21	TbID_all
MAP2K2	DBNL	TbID_all
MAP2K2	TNIK	TbID_all
MAP2K2	CDV3	TbID_all
MAP2K2	ZNF214	TbID_all
MAP2K2	ASAP1	TbID_all
MAP2K2	CORO1C	TbID_all
MAP2K2	MAGED2	TbID_all
MAP2K2	PPP6R1	TbID_all
MAP2K2	BAIAP2	TbID_all
MAP2K2	CHMP2B	TbID_all
MAP2K2	MTMR6	TbID_all
MAP2K2	DLGAP4	TbID_all
MAP2K2	PLEKHA6	TbID_all
MAP2K2	STRAP	TbID_all
MAP2K2	WDR45	TbID_all
MAP2K2	USP15	TbID_all
MAP2K2	TACC3	TbID_all
MAP2K2	SLC30A1	TbID_all
BRAF	MED19	AP-MS_all
BRAF	ARHGAP42	AP-MS_all
BRAF	USP17L5;USP17L15;USP17L11;USP17L22;USP17L17;USP17L19;USP17L20;USP17L24	AP-MS_all
BRAF	AIP	AP-MS_all
BRAF	PLOD2	AP-MS_all
BRAF	BHLHE40	AP-MS_all
BRAF	KDM6B	AP-MS_all
BRAF	ANGPT2	AP-MS_all
BRAF	GADD45B	AP-MS_all
BRAF	BAG3	AP-MS_all
BRAF	TIMP1	AP-MS_all
BRAF	TGFB1	AP-MS_all
BRAF	TK1	AP-MS_all
BRAF	JUN	AP-MS_all
BRAF	ANXA2	AP-MS_all
BRAF	HSP90AA1	AP-MS_all
BRAF	HSP90AB1	AP-MS_all
BRAF	USP17L7	AP-MS_all
BRAF	HSPA5	AP-MS_all
BRAF	BRAF	AP-MS_all
BRAF	FOSL1	AP-MS_all
BRAF	CD44	AP-MS_all
BRAF	JUNB	AP-MS_all
BRAF	JUND	AP-MS_all
BRAF	EGR1	AP-MS_all
BRAF	CSRP1	AP-MS_all
BRAF	NPPC	AP-MS_all
BRAF	ZFP36	AP-MS_all
BRAF	YWHAQ	AP-MS_all
BRAF	DUSP1	AP-MS_all
BRAF	YWHAB	AP-MS_all
BRAF	SFN	AP-MS_all
BRAF	SDC2	AP-MS_all
BRAF	GPC1	AP-MS_all
BRAF	HSPA9	AP-MS_all
BRAF	CDKN1A	AP-MS_all
BRAF	ETV4	AP-MS_all
BRAF	MAPK8	AP-MS_all
BRAF	NPTX2	AP-MS_all
BRAF	TFPI2	AP-MS_all
BRAF	FOSB	AP-MS_all
BRAF	SMTN	AP-MS_all
BRAF	S100A10	AP-MS_all
BRAF	YWHAG	AP-MS_all
BRAF	YWHAE	AP-MS_all
BRAF	YPEL5	AP-MS_all
BRAF	YWHAZ	AP-MS_all
BRAF	MAP2K1	AP-MS_all
BRAF	PLAUR	AP-MS_all
BRAF	YWHAH	AP-MS_all
BRAF	FKBP5	AP-MS_all
BRAF	MAMLD1	AP-MS_all
BRAF	NAB1	AP-MS_all
BRAF	LAMB3	AP-MS_all
BRAF	LAMC2	AP-MS_all
BRAF	GRB7	AP-MS_all
BRAF	HSP90AA2P	AP-MS_all
BRAF	JMJD1C	AP-MS_all
BRAF	NAB2	AP-MS_all
BRAF	CDC37	AP-MS_all
BRAF	UPP1	AP-MS_all
BRAF	SKOR2	AP-MS_all
BRAF	PLEKHN1	AP-MS_all
BRAF	PHLDA2	AP-MS_all
BRAF	PLEKHO1	AP-MS_all
BRAF	ACTBL2	AP-MS_all
BRAF	HSP90AB4P	AP-MS_all
BRAF	HSP90AB3P	AP-MS_all
BRAF	HSP90AB2P	AP-MS_all
BRAF	HSP90AA4P	AP-MS_all
BRAF	ELFN2	AP-MS_all
BRAF	HIVEP3	AP-MS_all
BRAF	KIAA1217	AP-MS_all
BRAF	LCN1P1	AP-MS_all
BRAF	KCTD16	AP-MS_all
BRAF	REEP3	AP-MS_all
BRAF	CAVIN1	AP-MS_all
BRAF	CSPG4	AP-MS_all
BRAF	WDR87	AP-MS_all
BRAF	ILDR2	AP-MS_all
BRAF	RNF44	AP-MS_all
BRAF	ARC	AP-MS_all
BRAF	C11orf96	AP-MS_all
BRAF	NLRP10	AP-MS_all
BRAF	HOMER1	AP-MS_all
BRAF	MICALL2	AP-MS_all
BRAF	FAM43A	AP-MS_all
BRAF	SYNPO	AP-MS_all
BRAF	SHKBP1	AP-MS_all
BRAF	C2CD4C	AP-MS_all
BRAF	PHLDA1	AP-MS_all
BRAF	NRGN	AP-MS_all
BRAF	KCTD12	AP-MS_all
BRAF	CCDC51	AP-MS_all
BRAF	TRIB3	AP-MS_all
BRAF	TRIB1	AP-MS_all
BRAF	FOXC2	AP-MS_all
BRAF	RAMAC	AP-MS_all
BRAF	HES7	AP-MS_all
BRAF	SH3BGRL3	AP-MS_all
BRAF	LHX5	AP-MS_all
BRAF	CCDC68	AP-MS_all
BRAF	PLEKHA4	AP-MS_all
BRAF	HOMER3	AP-MS_all
BRAF	SPHK1	AP-MS_all
BRAF	UGGT2	AP-MS_all
BRAF	FRMD4A	AP-MS_all
BRAF	HSPB8	AP-MS_all
BRAF	BAIAP2	AP-MS_all
BRAF	SH2B3	AP-MS_all
BRAF	IVNS1ABP	AP-MS_all
BRAF	DCAF8L1;DCAF8L2	AP-MS_all
BRAF	EYA2	AP-MS_all
BRAF	FOXN3	AP-MS_all
BRAF	ZBTB39	AP-MS_all
BRAF	MARCHF6	AP-MS_all
BRAF	SELENOF	AP-MS_all
BRAF	OPHN1	AP-MS_all
BRAF	ATP5PD	AP-MS_all
BRAF	HSPA4L	AP-MS_all
BRAF	KRAS	AP-MS_all
BRAF	RAF1	AP-MS_all
BRAF	PRR35	AP-MS_all
BRAF	ARAF	AP-MS_all
BRAF	MAP2K2	AP-MS_all
BRAF	PPP5C	AP-MS_all
BRAF	APBA1	AP-MS_all
BRAF	FKBP4	AP-MS_all
BRAF	PLOD1	AP-MS_all
BRAF	DELE1	AP-MS_all
BRAF	CUL7	AP-MS_all
BRAF	LETM2	AP-MS_all
BRAF	SLC25A52	AP-MS_all
BRAF	HSP90AA5P	AP-MS_all
BRAF	CPNE8	AP-MS_all
BRAF	P3H3	AP-MS_all
BRAF	RPTOR	AP-MS_all
BRAF	CNNM3	AP-MS_all
BRAF	NT5C	AP-MS_all
BRAF	BRI3BP	AP-MS_all
BRAF	P3H4	AP-MS_all
BRAF	SDF2	AP-MS_all
BRAF	VAMP8	AP-MS_all
BRAF	SLC25A51	AP-MS_all
BRAF	SDF2L1	AP-MS_all
BRAF	WDR6	AP-MS_all
BRAF	SH3GLB2	AP-MS_all
BRAF	OCIAD1	AP-MS_all
BRAF	DNAJB11	AP-MS_all
BRAF	FTSJ1	AP-MS_all
BRAF	VTI1B	AP-MS_all
BRAF	ARMCX3	AP-MS_all
BRAF	ZNF510	AP-MS_all
BRAF	SUGT1	AP-MS_all
BRAF	HCN4	AP-MS_all
BRAF	DPYSL4	AP-MS_all
BRAF	N4BP3	AP-MS_all
BRAF	SPRY2	AP-MS_all
BRAF	KLHL18	AP-MS_all
BRAF	TTC4	AP-MS_all
BRAF	FOS	AP-MS_all
BRAF	KRT18	AP-MS_all
BRAF	LMO1	AP-MS_all
BRAF	SDC4	AP-MS_all
BRAF	SREBF1	AP-MS_all
BRAF	HMGCS2	AP-MS_all
BRAF	CDK17	AP-MS_all
BRAF	FSCN1	AP-MS_all
BRAF	DUSP5	AP-MS_all
BRAF	SHROOM1	AP-MS_all
BRAF	MIDN	AP-MS_all
BRAF	MTUS2	AP-MS_all
BRAF	TNS2	AP-MS_all
BRAF	CRACDL	AP-MS_all
BRAF	ZFPM1	AP-MS_all
BRAF	HYCC2	AP-MS_all
BRAF	C11orf42	AP-MS_all
BRAF	DOT1L	AP-MS_all
BRAF	ARAP3	AP-MS_all
BRAF	HSPH1	AP-MS_all
BRAF	FEM1C	AP-MS_all
BRAF	KLHL5	AP-MS_all
BRAF	S100A13	AP-MS_all
BRAF	GDF15	AP-MS_all
BRAF	CARD6	AP-MS_all
BRAF	KLHL4	AP-MS_all
BRAF	RPAP3	AP-MS_all
BRAF	GPRC5C	AP-MS_all
BRAF	KLHL21	AP-MS_all
BRAF	TBX21	AP-MS_all
BRAF	MAPK8IP3	AP-MS_all
BRAF	UNC13A	AP-MS_all
BRAF	IRS2	AP-MS_all
BRAF	ATP9B	AP-MS_all
BRAF	NR2F1	AP-MS_all
BRAF	VCAN	AP-MS_all
BRAF	SSBP2	AP-MS_all
BRAF	OGDH	AP-MS_all
BRAF	BAMBI	AP-MS_all
BRAF	EEF2KMT	AP-MS_all
NRAS	FNDC10	AP-MS_all
NRAS	RGL2	AP-MS_all
NRAS	SLITRK5	AP-MS_all
NRAS	NRAS	AP-MS_all
NRAS	RAF1	AP-MS_all
NRAS	DERPC	AP-MS_all
NRAS	ARAF	AP-MS_all
NRAS	VCAN	AP-MS_all
NRAS	BRAF	AP-MS_all
NRAS	CSRP1	AP-MS_all
NRAS	LMO1	AP-MS_all
NRAS	YWHAQ	AP-MS_all
NRAS	PSMB5	AP-MS_all
NRAS	YWHAB	AP-MS_all
NRAS	PPP1CC	AP-MS_all
NRAS	PIK3CA	AP-MS_all
NRAS	RAP1GDS1	AP-MS_all
NRAS	CRIP2	AP-MS_all
NRAS	AFDN	AP-MS_all
NRAS	YWHAG	AP-MS_all
NRAS	PPP1CA	AP-MS_all
NRAS	PPP1CB	AP-MS_all
NRAS	YWHAE	AP-MS_all
NRAS	YWHAZ	AP-MS_all
NRAS	PLAUR	AP-MS_all
NRAS	YWHAH	AP-MS_all
NRAS	RALGDS	AP-MS_all
NRAS	PDE7A	AP-MS_all
NRAS	FSCN1	AP-MS_all
NRAS	SKOR2	AP-MS_all
NRAS	SP6	AP-MS_all
NRAS	CEP68	AP-MS_all
NRAS	CBARP	AP-MS_all
NRAS	ABHD3	AP-MS_all
NRAS	SNX33	AP-MS_all
NRAS	RASSF5	AP-MS_all
NRAS	CORO2A	AP-MS_all
NRAS	RADIL	AP-MS_all
NRAS	PDGFD	AP-MS_all
NRAS	RGL1	AP-MS_all
NRAS	PLCE1	AP-MS_all
NRAS	ARHGAP28	AP-MS_all
NRAS	SHOC2	AP-MS_all
NRAS	PADI2	AP-MS_all
NRAS	HCN4	AP-MS_all
NRAS	TMEM120B	AP-MS_all
NRAS	LIPT2	AP-MS_all
NRAS	ZSWIM8	AP-MS_all
NRAS	PIK3CD	AP-MS_all
NRAS	FOXE1	AP-MS_all
NRAS	PIK3R2	AP-MS_all
NRAS	KRIT1	AP-MS_all
NRAS	NEMP1	AP-MS_all
NRAS	DPYSL4	AP-MS_all
NRAS	PHYH	AP-MS_all
NRAS	MGST3	AP-MS_all
NRAS	DCLK1	AP-MS_all
NRAS	CYTH3	AP-MS_all
NRAS	CEP104	AP-MS_all
NRAS	CCNT2	AP-MS_all
NRAS	DEPDC5	AP-MS_all
NRAS	SS18L1	AP-MS_all
NRAS	SLC43A1	AP-MS_all
NRAS	GIGYF1	AP-MS_all
NRAS	ADGRL1	AP-MS_all
NRAS	CSPG5	AP-MS_all
NRAS	PAPLN	AP-MS_all
NRAS	CDS2	AP-MS_all
NRAS	WNT11	AP-MS_all
NRAS	HRAS	AP-MS_all
NRAS	KRAS	AP-MS_all
NRAS	ATP1B1	AP-MS_all
NRAS	CTSB	AP-MS_all
NRAS	GNAO1	AP-MS_all
NRAS	ELFN1	AP-MS_all
NRAS	PRR35	AP-MS_all
NRAS	F5	AP-MS_all
NRAS	CKMT1A	AP-MS_all
NRAS	CD99	AP-MS_all
NRAS	RAC2	AP-MS_all
NRAS	MGMT	AP-MS_all
NRAS	JUND	AP-MS_all
NRAS	GNAZ	AP-MS_all
NRAS	MDK	AP-MS_all
NRAS	KCNA5	AP-MS_all
NRAS	CERS1	AP-MS_all
NRAS	PIK3R1	AP-MS_all
NRAS	PRDX5	AP-MS_all
NRAS	GPC1	AP-MS_all
NRAS	HMGCL	AP-MS_all
NRAS	MATK	AP-MS_all
NRAS	GNG4	AP-MS_all
NRAS	SLC25A1	AP-MS_all
NRAS	CMC4	AP-MS_all
NRAS	RAC3	AP-MS_all
NRAS	CXCR4	AP-MS_all
NRAS	SSBP2	AP-MS_all
NRAS	INSM1	AP-MS_all
NRAS	ACY1	AP-MS_all
NRAS	EMX1	AP-MS_all
NRAS	ABHD18	AP-MS_all
NRAS	MN1	AP-MS_all
NRAS	TMEM94	AP-MS_all
NRAS	ASPH	AP-MS_all
NRAS	ATM	AP-MS_all
NRAS	SCRIB	AP-MS_all
NRAS	CRMP1	AP-MS_all
NRAS	RASA3	AP-MS_all
NRAS	ARHGEF6	AP-MS_all
NRAS	TCEA2	AP-MS_all
NRAS	PDCD4	AP-MS_all
NRAS	TMTC4	AP-MS_all
NRAS	TUT4	AP-MS_all
NRAS	EGFLAM	AP-MS_all
NRAS	RPUSD3	AP-MS_all
NRAS	C22orf39	AP-MS_all
NRAS	ABHD17C	AP-MS_all
NRAS	CRTC1	AP-MS_all
NRAS	CSPG4	AP-MS_all
NRAS	USP43	AP-MS_all
NRAS	SLC25A42	AP-MS_all
NRAS	COMTD1	AP-MS_all
NRAS	TPRA1	AP-MS_all
NRAS	FMNL3	AP-MS_all
NRAS	MMAA	AP-MS_all
NRAS	BRSK2	AP-MS_all
NRAS	VKORC1L1	AP-MS_all
NRAS	LTBP4	AP-MS_all
NRAS	EIF4E3	AP-MS_all
NRAS	PARP16	AP-MS_all
NRAS	UBAC2	AP-MS_all
NRAS	DEPTOR	AP-MS_all
NRAS	SLC25A40	AP-MS_all
NRAS	ADAMTS17	AP-MS_all
NRAS	ARHGEF40	AP-MS_all
NRAS	PARD3B	AP-MS_all
NRAS	NUDT8	AP-MS_all
NRAS	ARAP3	AP-MS_all
NRAS	BCL2L2	AP-MS_all
NRAS	LHX4	AP-MS_all
NRAS	SLC22A18	AP-MS_all
NRAS	SCARF2	AP-MS_all
NRAS	MYO19	AP-MS_all
NRAS	ABHD14B	AP-MS_all
NRAS	FAM210B	AP-MS_all
NRAS	GDAP1L1	AP-MS_all
NRAS	IPO9	AP-MS_all
NRAS	ARHGEF17	AP-MS_all
NRAS	FMNL2	AP-MS_all
NRAS	CYP2S1	AP-MS_all
NRAS	ARID3A	AP-MS_all
NRAS	DUSP9	AP-MS_all
NRAS	DPYSL5	AP-MS_all
NRAS	SLC25A21	AP-MS_all
NRAS	CCM2	AP-MS_all
NRAS	CNPY3	AP-MS_all
NRAS	KIFC1	AP-MS_all
NRAS	SSBP4	AP-MS_all
NRAS	SFXN3	AP-MS_all
NRAS	SETD5	AP-MS_all
NRAS	CTDSP1	AP-MS_all
NRAS	MTFR1L	AP-MS_all
NRAS	LHX5	AP-MS_all
NRAS	SLC6A15	AP-MS_all
NRAS	CPVL	AP-MS_all
NRAS	TXNIP	AP-MS_all
NRAS	SMOC1	AP-MS_all
NRAS	AAMDC	AP-MS_all
NRAS	PPP1R3E	AP-MS_all
NRAS	TMT1A	AP-MS_all
NRAS	AGO3	AP-MS_all
NRAS	TNS1	AP-MS_all
NRAS	SLC38A10	AP-MS_all
NRAS	EIF4ENIF1	AP-MS_all
NRAS	AGPAT4	AP-MS_all
NRAS	AIG1	AP-MS_all
NRAS	ARL15	AP-MS_all
NRAS	MBD5	AP-MS_all
NRAS	BAHCC1	AP-MS_all
NRAS	FRMD4A	AP-MS_all
NRAS	HDAC6	AP-MS_all
NRAS	PRKAG2	AP-MS_all
NRAS	AGO2	AP-MS_all
NRAS	NOTCH3	AP-MS_all
NRAS	CORO2B	AP-MS_all
NRAS	HDAC5	AP-MS_all
NRAS	POMP	AP-MS_all
NRAS	SLC27A6	AP-MS_all
NRAS	MSRB2	AP-MS_all
NRAS	FIS1	AP-MS_all
NRAS	PYGO1	AP-MS_all
NRAS	IRS2	AP-MS_all
NRAS	TIMM9	AP-MS_all
NRAS	GPC6	AP-MS_all
NRAS	RASGRF2	AP-MS_all
NRAS	SLC16A7	AP-MS_all
NRAS	GAS7	AP-MS_all
NRAS	TGFB1	AP-MS_all
NRAS	SDC1	AP-MS_all
NRAS	HADHA	AP-MS_all
NRAS	SMARCA2	AP-MS_all
NRAS	GALC	AP-MS_all
NRAS	HADHB	AP-MS_all
NRAS	IBA57	AP-MS_all
NRAS	ACBD7	AP-MS_all
NRAS	TXNDC5	AP-MS_all
NRAS	HDAC7	AP-MS_all
NRAS	BCL7C	AP-MS_all
NRAS	PLEKHA2	AP-MS_all
NRAS	OAS3	AP-MS_all
NRAS	ATOX1	AP-MS_all
NRAS	DSCAM	AP-MS_all
NRAS	ALDH1L1	AP-MS_all
NRAS	SOD1	AP-MS_all
NRAS	HMGCS2	AP-MS_all
NRAS	NKAPL	AP-MS_all
NRAS	TRAF7	AP-MS_all
NRAS	DZIP3	AP-MS_all
NRAS	LZTR1	AP-MS_all
NRAS	SCML1	AP-MS_all
MAPK3	PTPDC1	AP-MS_all
MAPK3	FNDC10	AP-MS_all
MAPK3	FOXN3	AP-MS_all
MAPK3	DPYSL4	AP-MS_all
MAPK3	PHYH	AP-MS_all
MAPK3	CFLAR	AP-MS_all
MAPK3	SLC16A7	AP-MS_all
MAPK3	HMMR	AP-MS_all
MAPK3	FRAT2	AP-MS_all
MAPK3	RPS6KA5	AP-MS_all
MAPK3	RPS6KA4	AP-MS_all
MAPK3	ADGRL1	AP-MS_all
MAPK3	TIMP1	AP-MS_all
MAPK3	TGFB1	AP-MS_all
MAPK3	HSP90AA1	AP-MS_all
MAPK3	ST6GAL1	AP-MS_all
MAPK3	CSRP1	AP-MS_all
MAPK3	MAPK3	AP-MS_all
MAPK3	MAPK1	AP-MS_all
MAPK3	SLC1A1	AP-MS_all
MAPK3	MAPK8	AP-MS_all
MAPK3	LIMS1	AP-MS_all
MAPK3	ERF	AP-MS_all
MAPK3	RPS6KA3	AP-MS_all
MAPK3	USP4	AP-MS_all
MAPK3	ILK	AP-MS_all
MAPK3	FKBP5	AP-MS_all
MAPK3	RPS6KA2	AP-MS_all
MAPK3	RSU1	AP-MS_all
MAPK3	RPS6KA1	AP-MS_all
MAPK3	CDC37	AP-MS_all
MAPK3	DUSP7	AP-MS_all
MAPK3	AMOT	AP-MS_all
MAPK3	PDCD4	AP-MS_all
MAPK3	HSP90AA4P	AP-MS_all
MAPK3	NKAPL	AP-MS_all
MAPK3	PPM1L	AP-MS_all
MAPK3	ZNF318	AP-MS_all
MAPK3	TCTN3	AP-MS_all
MAPK3	WDR87	AP-MS_all
MAPK3	PRPF39	AP-MS_all
MAPK3	FBXL14	AP-MS_all
MAPK3	LTBP4	AP-MS_all
MAPK3	ENGASE	AP-MS_all
MAPK3	DEPTOR	AP-MS_all
MAPK3	FRS2	AP-MS_all
MAPK3	NUDT8	AP-MS_all
MAPK3	DUSP9	AP-MS_all
MAPK3	MKNK1	AP-MS_all
MAPK3	FAM83D	AP-MS_all
MAPK3	ZNF395	AP-MS_all
MAPK3	ADGRL3	AP-MS_all
MAPK3	MKNK2	AP-MS_all
MAPK3	CHST7	AP-MS_all
MAPK3	PARVA	AP-MS_all
MAPK3	RPS6KA6	AP-MS_all
MAPK3	HCN4	AP-MS_all
MAPK3	IRS2	AP-MS_all
MAPK3	IPP	AP-MS_all
MAPK3	SHANK3	AP-MS_all
MAPK3	SLC22A23	AP-MS_all
MAPK3	DCLK1	AP-MS_all
MAPK3	ADGRL2	AP-MS_all
MAPK3	SOD1	AP-MS_all
MAPK3	HSP90AB1	AP-MS_all
MAPK3	TUBG1	AP-MS_all
MAPK3	MAPK4	AP-MS_all
MAPK3	BMP8B;BMP8A	AP-MS_all
MAPK3	LONP1	AP-MS_all
MAPK3	ETV3	AP-MS_all
MAPK3	NOTCH1	AP-MS_all
MAPK3	DHPS	AP-MS_all
MAPK3	TMEM33	AP-MS_all
MAPK3	MZT1	AP-MS_all
MAPK3	SCRN3	AP-MS_all
MAPK3	GRSF1	AP-MS_all
MAPK3	EIF4EBP1	AP-MS_all
MAPK3	CRMP1	AP-MS_all
MAPK3	DUSP6	AP-MS_all
MAPK3	OCIAD2	AP-MS_all
MAPK3	HSP90AB4P	AP-MS_all
MAPK3	HSP90AB2P	AP-MS_all
MAPK3	MZT2B	AP-MS_all
MAPK3	ABHD17C	AP-MS_all
MAPK3	RHBDF2	AP-MS_all
MAPK3	CSPG4	AP-MS_all
MAPK3	SPRED2	AP-MS_all
MAPK3	ARRDC4	AP-MS_all
MAPK3	NEDD1	AP-MS_all
MAPK3	PCDH19	AP-MS_all
MAPK3	PDCD6IP	AP-MS_all
MAPK3	NEO1	AP-MS_all
MAPK3	FLYWCH2	AP-MS_all
MAPK3	TUBGCP3	AP-MS_all
MAPK3	ITPKC	AP-MS_all
MAPK3	SCARF2	AP-MS_all
MAPK3	DACH2	AP-MS_all
MAPK3	TUBGCP6	AP-MS_all
MAPK3	TUBGCP5	AP-MS_all
MAPK3	EYA3	AP-MS_all
MAPK3	TUBGCP2	AP-MS_all
MAPK3	PARVB	AP-MS_all
MAPK3	SAYSD1	AP-MS_all
MAPK3	TUBG2	AP-MS_all
MAPK3	ANKRD10	AP-MS_all
MAPK3	OGFR	AP-MS_all
MAPK3	TUBGCP4	AP-MS_all
MAPK3	SCML1	AP-MS_all
MAPK3	N4BP3	AP-MS_all
MAPK3	LZTS3	AP-MS_all
MAPK3	H2BC12;H2BC5;H2BC4;H2BC18;H2BC9;H2BC15;H2BC14;H2BC13	AP-MS_all
MAPK3	F5	AP-MS_all
MAPK3	H1-3	AP-MS_all
MAPK3	SDC1	AP-MS_all
MAPK3	SDC2	AP-MS_all
MAPK3	CDKN1A	AP-MS_all
MAPK3	HSP90AB3P	AP-MS_all
MAPK3	PRRC2B	AP-MS_all
MAPK3	ATXN7L2	AP-MS_all
MAPK3	PARD3B	AP-MS_all
MAPK3	BCL7C	AP-MS_all
MAPK3	SMARCC1	AP-MS_all
MAPK3	L3MBTL2	AP-MS_all
MAPK3	CDKN2AIP	AP-MS_all
MAPK3	EPB41L3	AP-MS_all
MAPK3	GPC6	AP-MS_all
KRAS	CFAP90	AP-MS_all
KRAS	SMAP	AP-MS_all
KRAS	PSMD11	AP-MS_all
KRAS	PSMD12	AP-MS_all
KRAS	EEF2K	AP-MS_all
KRAS	RASGRF2	AP-MS_all
KRAS	PPP1R12A	AP-MS_all
KRAS	PPM1G	AP-MS_all
KRAS	RGS16	AP-MS_all
KRAS	TXNL1	AP-MS_all
KRAS	AHCYL1	AP-MS_all
KRAS	SNAP91	AP-MS_all
KRAS	PEX14	AP-MS_all
KRAS	UBXN7	AP-MS_all
KRAS	ARIH2	AP-MS_all
KRAS	NRAS	AP-MS_all
KRAS	HRAS	AP-MS_all
KRAS	KRAS	AP-MS_all
KRAS	HSPB1	AP-MS_all
KRAS	PTMA	AP-MS_all
KRAS	H2BC11;H2BC17;H2BC3;H2BC21	AP-MS_all
KRAS	TPM1	AP-MS_all
KRAS	CTSH	AP-MS_all
KRAS	CALM1;CALM2;CALM3	AP-MS_all
KRAS	RNH1	AP-MS_all
KRAS	SPRR1B;SPRR1A	AP-MS_all
KRAS	DGKA	AP-MS_all
KRAS	ANP32A	AP-MS_all
KRAS	MTHFR	AP-MS_all
KRAS	CDC34	AP-MS_all
KRAS	NT5C2	AP-MS_all
KRAS	PSMD7	AP-MS_all
KRAS	RAP1GDS1	AP-MS_all
KRAS	GTF2A1	AP-MS_all
KRAS	PSMD4	AP-MS_all
KRAS	COPS2	AP-MS_all
KRAS	RAP1B	AP-MS_all
KRAS	EIF4G2	AP-MS_all
KRAS	SRPX	AP-MS_all
KRAS	ZNF117	AP-MS_all
KRAS	SOS1	AP-MS_all
KRAS	MAP3K12	AP-MS_all
KRAS	GPS1	AP-MS_all
KRAS	PSMD2	AP-MS_all
KRAS	GAS6	AP-MS_all
KRAS	KANK1	AP-MS_all
KRAS	MAPK14	AP-MS_all
KRAS	AMZ1	AP-MS_all
KRAS	EAPP	AP-MS_all
KRAS	MSANTD2	AP-MS_all
KRAS	UBE2R2	AP-MS_all
KRAS	COPS6	AP-MS_all
KRAS	FANCM	AP-MS_all
KRAS	PPP1R14C	AP-MS_all
KRAS	ANP32B	AP-MS_all
KRAS	COPS5	AP-MS_all
KRAS	USP7	AP-MS_all
KRAS	AKT1S1	AP-MS_all
KRAS	ZBTB10	AP-MS_all
KRAS	SIRT1	AP-MS_all
KRAS	DYNLL2	AP-MS_all
KRAS	AHCYL2	AP-MS_all
KRAS	USP47	AP-MS_all
KRAS	ZIC5	AP-MS_all
KRAS	PSMD1	AP-MS_all
KRAS	COPS8	AP-MS_all
KRAS	COPS4	AP-MS_all
KRAS	BHLHE41	AP-MS_all
KRAS	ZDHHC6	AP-MS_all
KRAS	COPS7B	AP-MS_all
KRAS	SSU72	AP-MS_all
KRAS	ATG3	AP-MS_all
KRAS	OLA1	AP-MS_all
KRAS	SETD4	AP-MS_all
KRAS	THAP1	AP-MS_all
KRAS	DCAF16	AP-MS_all
KRAS	UBP1	AP-MS_all
KRAS	COPS7A	AP-MS_all
KRAS	PNMA2	AP-MS_all
KRAS	NFU1	AP-MS_all
KRAS	PSMD13	AP-MS_all
KRAS	COPS3	AP-MS_all
KRAS	ARIH1	AP-MS_all
KRAS	PIK3R2	AP-MS_all
KRAS	RGL2	AP-MS_all
KRAS	CEP104	AP-MS_all
KRAS	RAF1	AP-MS_all
KRAS	SETSIP	AP-MS_all
KRAS	ARAF	AP-MS_all
KRAS	BRAF	AP-MS_all
KRAS	CSRP1	AP-MS_all
KRAS	YWHAQ	AP-MS_all
KRAS	PIK3R1	AP-MS_all
KRAS	YWHAB	AP-MS_all
KRAS	PFN2	AP-MS_all
KRAS	CA8	AP-MS_all
KRAS	SOX18	AP-MS_all
KRAS	PPP1R2	AP-MS_all
KRAS	PIK3CA	AP-MS_all
KRAS	AFDN	AP-MS_all
KRAS	YWHAG	AP-MS_all
KRAS	YWHAE	AP-MS_all
KRAS	YWHAZ	AP-MS_all
KRAS	EIF5A	AP-MS_all
KRAS	MAP2K1	AP-MS_all
KRAS	YWHAH	AP-MS_all
KRAS	RALGDS	AP-MS_all
KRAS	PDCL	AP-MS_all
KRAS	CDC37	AP-MS_all
KRAS	FRMPD1	AP-MS_all
KRAS	LZTR1	AP-MS_all
KRAS	RASSF5	AP-MS_all
KRAS	RAPGEF4	AP-MS_all
KRAS	DCUN1D4	AP-MS_all
KRAS	RADIL	AP-MS_all
KRAS	ARHGEF17	AP-MS_all
KRAS	THUMPD1	AP-MS_all
KRAS	RGL1	AP-MS_all
KRAS	PLCE1	AP-MS_all
KRAS	ARHGAP28	AP-MS_all
KRAS	USP25	AP-MS_all
KRAS	USP15	AP-MS_all
KRAS	ZBTB43	AP-MS_all
KRAS	HMGN1	AP-MS_all
KRAS	THRA	AP-MS_all
KRAS	PPIB	AP-MS_all
KRAS	GNL1	AP-MS_all
KRAS	DR1	AP-MS_all
KRAS	IFRD2	AP-MS_all
KRAS	FRG1	AP-MS_all
KRAS	KPRP	AP-MS_all
KRAS	KCTD16	AP-MS_all
KRAS	TRAF7	AP-MS_all
KRAS	HDGFL2	AP-MS_all
KRAS	RIOK1	AP-MS_all
KRAS	ANAPC13	AP-MS_all
KRAS	NUCKS1	AP-MS_all
KRAS	CDSN	AP-MS_all
KRAS	PKD1L3	AP-MS_all
KRAS	EDEM2	AP-MS_all
KRAS	HECTD1	AP-MS_all
RAF1	HNRNPA1L3	AP-MS_all
RAF1	DCAF8L1;DCAF8L2	AP-MS_all
RAF1	ZSWIM8	AP-MS_all
RAF1	ASDURF	AP-MS_all
RAF1	AIP	AP-MS_all
RAF1	PIK3R2	AP-MS_all
RAF1	USP9Y	AP-MS_all
RAF1	IRS4	AP-MS_all
RAF1	PHYH	AP-MS_all
RAF1	PFDN6	AP-MS_all
RAF1	ZNF749	AP-MS_all
RAF1	CFAP410	AP-MS_all
RAF1	EDIL3	AP-MS_all
RAF1	KHDRBS3	AP-MS_all
RAF1	URI1	AP-MS_all
RAF1	UBR5	AP-MS_all
RAF1	HERC2	AP-MS_all
RAF1	TTC4	AP-MS_all
RAF1	BAG2	AP-MS_all
RAF1	TOMM40	AP-MS_all
RAF1	NRAS	AP-MS_all
RAF1	HRAS	AP-MS_all
RAF1	AMH	AP-MS_all
RAF1	RAF1	AP-MS_all
RAF1	HMGN2	AP-MS_all
RAF1	HSP90AA1	AP-MS_all
RAF1	HSP90AB1	AP-MS_all
RAF1	H1-4	AP-MS_all
RAF1	TCP1	AP-MS_all
RAF1	CSRP1	AP-MS_all
RAF1	YWHAQ	AP-MS_all
RAF1	PIK3R1	AP-MS_all
RAF1	YWHAB	AP-MS_all
RAF1	STIP1	AP-MS_all
RAF1	LONP1	AP-MS_all
RAF1	CCT6A	AP-MS_all
RAF1	PIK3CA	AP-MS_all
RAF1	CCT8	AP-MS_all
RAF1	USP11	AP-MS_all
RAF1	ZNF131	AP-MS_all
RAF1	PPP5C	AP-MS_all
RAF1	HMGCS2	AP-MS_all
RAF1	YWHAG	AP-MS_all
RAF1	YWHAE	AP-MS_all
RAF1	YWHAZ	AP-MS_all
RAF1	PAFAH1B2	AP-MS_all
RAF1	CCT2	AP-MS_all
RAF1	FKBP4	AP-MS_all
RAF1	YWHAH	AP-MS_all
RAF1	SPAG1	AP-MS_all
RAF1	BAMBI	AP-MS_all
RAF1	FKBP5	AP-MS_all
RAF1	LAMC2	AP-MS_all
RAF1	FKBP8	AP-MS_all
RAF1	HSP90AA2P	AP-MS_all
RAF1	CUL7	AP-MS_all
RAF1	PDCD2	AP-MS_all
RAF1	CDC37	AP-MS_all
RAF1	PCK2	AP-MS_all
RAF1	HSP90AB4P	AP-MS_all
RAF1	HSP90AB3P	AP-MS_all
RAF1	HSP90AB2P	AP-MS_all
RAF1	HSP90AA5P	AP-MS_all
RAF1	HSP90AA4P	AP-MS_all
RAF1	PPP1R15B	AP-MS_all
RAF1	KLC3	AP-MS_all
RAF1	RUFY3	AP-MS_all
RAF1	HUWE1	AP-MS_all
RAF1	DZIP3	AP-MS_all
RAF1	CPNE8	AP-MS_all
RAF1	ANKMY2	AP-MS_all
RAF1	SMYD4	AP-MS_all
RAF1	WDTC1	AP-MS_all
RAF1	TTC9C	AP-MS_all
RAF1	HDAC7	AP-MS_all
RAF1	SPRYD4	AP-MS_all
RAF1	CCT6B	AP-MS_all
RAF1	PIK3R3	AP-MS_all
RAF1	USP9X	AP-MS_all
RAF1	SIRT1	AP-MS_all
RAF1	KIFBP	AP-MS_all
RAF1	DNAAF10	AP-MS_all
RAF1	TRIB3	AP-MS_all
RAF1	MTR	AP-MS_all
RAF1	CCT7	AP-MS_all
RAF1	HGH1	AP-MS_all
RAF1	RPAP3	AP-MS_all
RAF1	ZFAND3	AP-MS_all
RAF1	WDR6	AP-MS_all
RAF1	PLCB1	AP-MS_all
RAF1	SMYD2	AP-MS_all
RAF1	PDRG1	AP-MS_all
RAF1	UXT	AP-MS_all
RAF1	FTSJ1	AP-MS_all
RAF1	PFDN2	AP-MS_all
RAF1	PNMA2	AP-MS_all
RAF1	STUB1	AP-MS_all
RAF1	MAPK8IP3	AP-MS_all
RAF1	NISCH	AP-MS_all
RAF1	SUGT1	AP-MS_all
RAF1	HCN4	AP-MS_all
RAF1	EYA2	AP-MS_all
RAF1	LRP5	AP-MS_all
RAF1	LRP6	AP-MS_all
RAF1	KLHL18	AP-MS_all
RAF1	KRAS	AP-MS_all
RAF1	MCM4	AP-MS_all
RAF1	RRAS2	AP-MS_all
RAF1	MAP2K1	AP-MS_all
RAF1	AMER1	AP-MS_all
RAF1	ABHD17C	AP-MS_all
RAF1	HYCC2	AP-MS_all
RAF1	FBXW8	AP-MS_all
RAF1	NT5C	AP-MS_all
RAF1	RHBDD1	AP-MS_all
RAF1	KLHL25	AP-MS_all
RAF1	SENP3	AP-MS_all
RAF1	PSMD11	AP-MS_all
RAF1	PSMD12	AP-MS_all
RAF1	FOXN3	AP-MS_all
RAF1	PSMD14	AP-MS_all
RAF1	PPP6C	AP-MS_all
RAF1	BHLHE40	AP-MS_all
RAF1	DPYSL4	AP-MS_all
RAF1	SEC16A	AP-MS_all
RAF1	N4BP3	AP-MS_all
RAF1	ANKRD28	AP-MS_all
RAF1	VGF	AP-MS_all
RAF1	OGT	AP-MS_all
RAF1	P4HA2	AP-MS_all
RAF1	PER1	AP-MS_all
RAF1	PJA2	AP-MS_all
RAF1	CCP110	AP-MS_all
RAF1	MSI1	AP-MS_all
RAF1	TRAK2	AP-MS_all
RAF1	TBC1D4	AP-MS_all
RAF1	PPP1R15A	AP-MS_all
RAF1	TOMM70	AP-MS_all
RAF1	MTCL2	AP-MS_all
RAF1	TRIM37	AP-MS_all
RAF1	EYA4	AP-MS_all
RAF1	TIMP1	AP-MS_all
RAF1	TGFB1	AP-MS_all
RAF1	JUN	AP-MS_all
RAF1	KRT18	AP-MS_all
RAF1	LPL	AP-MS_all
RAF1	CENPB	AP-MS_all
RAF1	ANXA5	AP-MS_all
RAF1	USP17L7	AP-MS_all
RAF1	PRKAR1A	AP-MS_all
RAF1	BCR	AP-MS_all
RAF1	COL6A3	AP-MS_all
RAF1	P4HA1	AP-MS_all
RAF1	ETS2	AP-MS_all
RAF1	FOSL1	AP-MS_all
RAF1	JUNB	AP-MS_all
RAF1	PRKACA	AP-MS_all
RAF1	EGR1	AP-MS_all
RAF1	WT1	AP-MS_all
RAF1	PRKACB	AP-MS_all
RAF1	ZFP36	AP-MS_all
RAF1	EPHA2	AP-MS_all
RAF1	MAPK4	AP-MS_all
RAF1	PRKAR1B	AP-MS_all
RAF1	SFN	AP-MS_all
RAF1	GPC1	AP-MS_all
RAF1	CDKN1A	AP-MS_all
RAF1	ETV4	AP-MS_all
RAF1	ZFP36L2	AP-MS_all
RAF1	CCT5	AP-MS_all
RAF1	CCT3	AP-MS_all
RAF1	CCT4	AP-MS_all
RAF1	PSMD7	AP-MS_all
RAF1	UBE2D1	AP-MS_all
RAF1	CRIP2	AP-MS_all
RAF1	FBXW4	AP-MS_all
RAF1	NAA20	AP-MS_all
RAF1	PSMC6	AP-MS_all
RAF1	YPEL5	AP-MS_all
RAF1	POLR2L	AP-MS_all
RAF1	MDM2	AP-MS_all
RAF1	PLAUR	AP-MS_all
RAF1	ZFP36L1	AP-MS_all
RAF1	DMTN	AP-MS_all
RAF1	PSMD2	AP-MS_all
RAF1	MAPK8IP2	AP-MS_all
RAF1	MAMLD1	AP-MS_all
RAF1	NAB1	AP-MS_all
RAF1	LAMB3	AP-MS_all
RAF1	IQCB1	AP-MS_all
RAF1	PCM1	AP-MS_all
RAF1	TCEAL1	AP-MS_all
RAF1	TARBP2	AP-MS_all
RAF1	NAB2	AP-MS_all
RAF1	FSCN1	AP-MS_all
RAF1	MAPK6	AP-MS_all
RAF1	UPP1	AP-MS_all
RAF1	SKOR2	AP-MS_all
RAF1	PLEKHN1	AP-MS_all
RAF1	LONRF3	AP-MS_all
RAF1	MAP9	AP-MS_all
RAF1	MIDN	AP-MS_all
RAF1	PHLDA2	AP-MS_all
RAF1	PLEKHO1	AP-MS_all
RAF1	PPP6R3	AP-MS_all
RAF1	MTUS2	AP-MS_all
RAF1	GPRASP1	AP-MS_all
RAF1	RNF187	AP-MS_all
RAF1	OBI1	AP-MS_all
RAF1	TNS2	AP-MS_all
RAF1	KCTD16	AP-MS_all
RAF1	CRACDL	AP-MS_all
RAF1	ZCCHC8	AP-MS_all
RAF1	CSPG4	AP-MS_all
RAF1	ABHD15	AP-MS_all
RAF1	FGD6	AP-MS_all
RAF1	USP34	AP-MS_all
RAF1	RNF44	AP-MS_all
RAF1	ARC	AP-MS_all
RAF1	ATG9A	AP-MS_all
RAF1	SPRED2	AP-MS_all
RAF1	C11orf96	AP-MS_all
RAF1	CCDC125	AP-MS_all
RAF1	CEP97	AP-MS_all
RAF1	RUSC2	AP-MS_all
RAF1	VWA5B2	AP-MS_all
RAF1	SYNPO	AP-MS_all
RAF1	HJURP	AP-MS_all
RAF1	PJA1	AP-MS_all
RAF1	SNX33	AP-MS_all
RAF1	ADGRV1	AP-MS_all
RAF1	KIAA0232	AP-MS_all
RAF1	RPGR	AP-MS_all
RAF1	TOMM40L	AP-MS_all
RAF1	ENTR1	AP-MS_all
RAF1	KCTD12	AP-MS_all
RAF1	GPRASP2	AP-MS_all
RAF1	TRIM44	AP-MS_all
RAF1	DNAJA3	AP-MS_all
RAF1	SCARF2	AP-MS_all
RAF1	HIC2	AP-MS_all
RAF1	MAGED4	AP-MS_all
RAF1	DCAF5	AP-MS_all
RAF1	NEURL4	AP-MS_all
RAF1	TUBGCP6	AP-MS_all
RAF1	TESK2	AP-MS_all
RAF1	RANBP9	AP-MS_all
RAF1	CSRNP1	AP-MS_all
RAF1	CDK5RAP2	AP-MS_all
RAF1	PSMD1	AP-MS_all
RAF1	GDF15	AP-MS_all
RAF1	SYT11	AP-MS_all
RAF1	IER2	AP-MS_all
RAF1	THUMPD3	AP-MS_all
RAF1	CARD10	AP-MS_all
RAF1	EMILIN2	AP-MS_all
RAF1	LHX5	AP-MS_all
RAF1	TSPYL2	AP-MS_all
RAF1	MMADHC	AP-MS_all
RAF1	RMND5A	AP-MS_all
RAF1	GPN2	AP-MS_all
RAF1	MLXIP	AP-MS_all
RAF1	CLSPN	AP-MS_all
RAF1	GPN1	AP-MS_all
RAF1	GOPC	AP-MS_all
RAF1	MYO10	AP-MS_all
RAF1	GPRC5C	AP-MS_all
RAF1	XPNPEP3	AP-MS_all
RAF1	THSD1	AP-MS_all
RAF1	SERTAD4	AP-MS_all
RAF1	KLHL28	AP-MS_all
RAF1	SPHK1	AP-MS_all
RAF1	FRMD4A	AP-MS_all
RAF1	TNFRSF10D	AP-MS_all
RAF1	TJP2	AP-MS_all
RAF1	MLX	AP-MS_all
RAF1	ADAMTS1	AP-MS_all
RAF1	FEZ2	AP-MS_all
RAF1	HERC5	AP-MS_all
RAF1	SCOC	AP-MS_all
RAF1	ERRFI1	AP-MS_all
RAF1	KLHL21	AP-MS_all
RAF1	HSPB8	AP-MS_all
RAF1	FEM1B	AP-MS_all
RAF1	AKAP11	AP-MS_all
RAF1	PLEKHG1	AP-MS_all
RAF1	AKAP8L	AP-MS_all
RAF1	PSMD13	AP-MS_all
RAF1	PPP6R1	AP-MS_all
RAF1	PDZRN3	AP-MS_all
RAF1	DICER1	AP-MS_all
RAF1	SH2B3	AP-MS_all
RAF1	LZTS1	AP-MS_all
RAF1	SSX2IP	AP-MS_all
RAF1	DNAJC16	AP-MS_all
RAF1	PADI2	AP-MS_all
RAF1	ZBTB1	AP-MS_all
RAF1	DCAF1	AP-MS_all
RAF1	IRS2	AP-MS_all
RAF1	ENC1	AP-MS_all
RAF1	BACH1	AP-MS_all
RAF1	OBSL1	AP-MS_all
RAF1	PPP6R2	AP-MS_all
RAF1	ECD	AP-MS_all
RAF1	NR2F1	AP-MS_all
RAF1	PKM	AP-MS_all
RAF1	NPPC	AP-MS_all
RAF1	PSMB5	AP-MS_all
RAF1	MTHFR	AP-MS_all
RAF1	SRPX	AP-MS_all
RAF1	FLII	AP-MS_all
RAF1	ZNF791	AP-MS_all
RAF1	EAPP	AP-MS_all
RAF1	CEP170	AP-MS_all
RAF1	DENND4C	AP-MS_all
RAF1	LRIG3	AP-MS_all
RAF1	FAM83H	AP-MS_all
RAF1	VPS36	AP-MS_all
RAF1	BRSK2	AP-MS_all
RAF1	ANKRD52	AP-MS_all
RAF1	PNMA1	AP-MS_all
RAF1	ARHGEF40	AP-MS_all
RAF1	PGAM5	AP-MS_all
RAF1	SNX22	AP-MS_all
RAF1	KLHL15	AP-MS_all
RAF1	TRIB1	AP-MS_all
RAF1	DNAJC7	AP-MS_all
RAF1	TSPYL1	AP-MS_all
RAF1	CCDC8	AP-MS_all
RAF1	PATZ1	AP-MS_all
RAF1	MOV10	AP-MS_all
RAF1	GPAM	AP-MS_all
RAF1	PRDM8	AP-MS_all
RAF1	TCP11L1	AP-MS_all
RAF1	VPS18	AP-MS_all
RAF1	EGFL7	AP-MS_all
RAF1	HECTD1	AP-MS_all
MAPK1	FNDC10	AP-MS_all
MAPK1	N4BP3	AP-MS_all
MAPK1	SLC16A7	AP-MS_all
MAPK1	HMMR	AP-MS_all
MAPK1	RPS6KA5	AP-MS_all
MAPK1	ADGRL1	AP-MS_all
MAPK1	SLITRK5	AP-MS_all
MAPK1	TIMP1	AP-MS_all
MAPK1	HMGN2	AP-MS_all
MAPK1	HSP90AA1	AP-MS_all
MAPK1	DERPC	AP-MS_all
MAPK1	F5	AP-MS_all
MAPK1	LCP1	AP-MS_all
MAPK1	PKM	AP-MS_all
MAPK1	CSRP1	AP-MS_all
MAPK1	PSMB5	AP-MS_all
MAPK1	MAPK1	AP-MS_all
MAPK1	LIMS1	AP-MS_all
MAPK1	ERF	AP-MS_all
MAPK1	RPS6KA3	AP-MS_all
MAPK1	CRIP2	AP-MS_all
MAPK1	FOXG1	AP-MS_all
MAPK1	EMX1	AP-MS_all
MAPK1	SCRN3	AP-MS_all
MAPK1	ILK	AP-MS_all
MAPK1	FKBP5	AP-MS_all
MAPK1	EIF4EBP2	AP-MS_all
MAPK1	CRMP1	AP-MS_all
MAPK1	RPS6KA2	AP-MS_all
MAPK1	RSU1	AP-MS_all
MAPK1	RPS6KA1	AP-MS_all
MAPK1	ADRM1	AP-MS_all
MAPK1	CDC37	AP-MS_all
MAPK1	FSCN1	AP-MS_all
MAPK1	DUSP7	AP-MS_all
MAPK1	PLEKHN1	AP-MS_all
MAPK1	HSP90AB4P	AP-MS_all
MAPK1	PPM1L	AP-MS_all
MAPK1	MCTP2	AP-MS_all
MAPK1	RHBDF2	AP-MS_all
MAPK1	CSPG4	AP-MS_all
MAPK1	MED12L	AP-MS_all
MAPK1	CKAP2L	AP-MS_all
MAPK1	SYNPO	AP-MS_all
MAPK1	NLGN4Y	AP-MS_all
MAPK1	FRS2	AP-MS_all
MAPK1	SPRYD4	AP-MS_all
MAPK1	DPF3	AP-MS_all
MAPK1	CORO2A	AP-MS_all
MAPK1	CHAMP1	AP-MS_all
MAPK1	TRERF1	AP-MS_all
MAPK1	CYP2S1	AP-MS_all
MAPK1	DUSP9	AP-MS_all
MAPK1	LZTS2	AP-MS_all
MAPK1	MKNK1	AP-MS_all
MAPK1	PBDC1	AP-MS_all
MAPK1	EMILIN2	AP-MS_all
MAPK1	FAM83D	AP-MS_all
MAPK1	MKNK2	AP-MS_all
MAPK1	PARVB	AP-MS_all
MAPK1	SERINC1	AP-MS_all
MAPK1	PARVA	AP-MS_all
MAPK1	RPS6KA6	AP-MS_all
MAPK1	AGO2	AP-MS_all
MAPK1	NOTCH3	AP-MS_all
MAPK1	HCN4	AP-MS_all
MAPK1	IPP	AP-MS_all
MAPK1	DCLK1	AP-MS_all
MAPK1	TGFB1	AP-MS_all
MAPK1	DMTN	AP-MS_all
MAPK1	SKOR2	AP-MS_all
MAPK1	PKHD1L1	AP-MS_all
MAPK1	RCOR2	AP-MS_all
MAPK1	DEPTOR	AP-MS_all
MAPK1	KIAA1191	AP-MS_all
MAPK1	ANO8	AP-MS_all
MAPK1	SCML1	AP-MS_all
MAPK1	RAI2	AP-MS_all
MAPK1	DCAF8L1;DCAF8L2	AP-MS_all
MAPK1	SLC30A4	AP-MS_all
MAPK1	BACH1	AP-MS_all
MAPK1	SIVA1	AP-MS_all
MAPK1	PSMD3	AP-MS_all
MAPK1	RPS6KA4	AP-MS_all
MAPK1	UBR5	AP-MS_all
MAPK1	ADGRL2	AP-MS_all
MAPK1	HSP90AB1	AP-MS_all
MAPK1	FGFR1	AP-MS_all
MAPK1	TUBG1	AP-MS_all
MAPK1	LMO1	AP-MS_all
MAPK1	DUSP1	AP-MS_all
MAPK1	MYH9	AP-MS_all
MAPK1	ETV3	AP-MS_all
MAPK1	NOTCH1	AP-MS_all
MAPK1	DHPS	AP-MS_all
MAPK1	NEK3	AP-MS_all
MAPK1	CTBP2	AP-MS_all
MAPK1	TMEM33	AP-MS_all
MAPK1	MZT1	AP-MS_all
MAPK1	GRSF1	AP-MS_all
MAPK1	DUSP4	AP-MS_all
MAPK1	DUSP5	AP-MS_all
MAPK1	DUSP6	AP-MS_all
MAPK1	OCIAD2	AP-MS_all
MAPK1	HSP90AA5P	AP-MS_all
MAPK1	HSP90AA4P	AP-MS_all
MAPK1	FIGN	AP-MS_all
MAPK1	TMEM201	AP-MS_all
MAPK1	ZNF318	AP-MS_all
MAPK1	USPL1	AP-MS_all
MAPK1	LMBRD2	AP-MS_all
MAPK1	MZT2B	AP-MS_all
MAPK1	ZFP1	AP-MS_all
MAPK1	ARC	AP-MS_all
MAPK1	KCTD20	AP-MS_all
MAPK1	SPRED2	AP-MS_all
MAPK1	SPRED1	AP-MS_all
MAPK1	KDM8	AP-MS_all
MAPK1	LEMD2	AP-MS_all
MAPK1	SPRYD3	AP-MS_all
MAPK1	PCDH19	AP-MS_all
MAPK1	PDCD6IP	AP-MS_all
MAPK1	NEO1	AP-MS_all
MAPK1	LHX4	AP-MS_all
MAPK1	MRTFA	AP-MS_all
MAPK1	RHBDF1	AP-MS_all
MAPK1	TUBGCP3	AP-MS_all
MAPK1	USP47	AP-MS_all
MAPK1	TUBGCP6	AP-MS_all
MAPK1	TUBGCP5	AP-MS_all
MAPK1	WRNIP1	AP-MS_all
MAPK1	EYA3	AP-MS_all
MAPK1	TUBGCP2	AP-MS_all
MAPK1	KATNAL1	AP-MS_all
MAPK1	DUSP16	AP-MS_all
MAPK1	ADGRL3	AP-MS_all
MAPK1	COPRS	AP-MS_all
MAPK1	TUBG2	AP-MS_all
MAPK1	FRMD4A	AP-MS_all
MAPK1	XPR1	AP-MS_all
MAPK1	TUBGCP4	AP-MS_all
MAPK1	PNMA2	AP-MS_all
MAPK1	KIDINS220	AP-MS_all
MAPK1	MRTFB	AP-MS_all
MAPK1	ZBTB21	AP-MS_all
MAPK1	USP24	AP-MS_all
MAPK1	SELENOK	AP-MS_all
MAP2K1	USP9Y	AP-MS_all
MAP2K1	RAF1	AP-MS_all
MAP2K1	HSP90AA1	AP-MS_all
MAP2K1	HSP90AB1	AP-MS_all
MAP2K1	ARAF	AP-MS_all
MAP2K1	ITGA4	AP-MS_all
MAP2K1	PGAM1	AP-MS_all
MAP2K1	CSRP1	AP-MS_all
MAP2K1	MAP3K8	AP-MS_all
MAP2K1	ARFIP2	AP-MS_all
MAP2K1	MAP2K1	AP-MS_all
MAP2K1	PIN1	AP-MS_all
MAP2K1	CDC37	AP-MS_all
MAP2K1	HSP90AB4P	AP-MS_all
MAP2K1	HSP90AB2P	AP-MS_all
MAP2K1	KSR1	AP-MS_all
MAP2K1	KDM8	AP-MS_all
MAP2K1	ZNRF1	AP-MS_all
MAP2K1	SPRYD4	AP-MS_all
MAP2K1	ELMO1	AP-MS_all
MAP2K1	CORO2A	AP-MS_all
MAP2K1	USP9X	AP-MS_all
MAP2K1	NTMT1	AP-MS_all
MAP2K1	B4GALT7	AP-MS_all
MAP2K1	CA5B	AP-MS_all
MAP2K1	MGST3	AP-MS_all
MAP2K1	YKT6	AP-MS_all
MAP2K1	OPHN1	AP-MS_all
MAP2K1	PRKCB	AP-MS_all
MAP2K1	MGST1	AP-MS_all
MAP2K1	ANXA7	AP-MS_all
MAP2K1	PTPRE	AP-MS_all
MAP2K1	MDH1	AP-MS_all
MAP2K1	UBE2D1	AP-MS_all
MAP2K1	UBE2N	AP-MS_all
MAP2K1	TUSC3	AP-MS_all
MAP2K1	LAMB3	AP-MS_all
MAP2K1	ERAP2	AP-MS_all
MAP2K1	WDR87	AP-MS_all
MAP2K1	ADIPOR2	AP-MS_all
MAP2K1	KLHL36	AP-MS_all
MAP2K1	GRPEL2	AP-MS_all
MAP2K1	CHST7	AP-MS_all
MAP2K1	ATG3	AP-MS_all
MAP2K1	FAM83G	AP-MS_all
MAP2K1	USP17L5;USP17L15;USP17L11;USP17L22;USP17L17;USP17L19;USP17L20;USP17L24	AP-MS_all
MAP2K1	BHLHE40	AP-MS_all
MAP2K1	ENC1	AP-MS_all
MAP2K1	KDM6B	AP-MS_all
MAP2K1	KLF4	AP-MS_all
MAP2K1	SLC16A7	AP-MS_all
MAP2K1	GADD45B	AP-MS_all
MAP2K1	TIMP1	AP-MS_all
MAP2K1	TGFB1	AP-MS_all
MAP2K1	JUN	AP-MS_all
MAP2K1	USP17L7	AP-MS_all
MAP2K1	PIM1	AP-MS_all
MAP2K1	BRAF	AP-MS_all
MAP2K1	FOSL1	AP-MS_all
MAP2K1	CD44	AP-MS_all
MAP2K1	JUNB	AP-MS_all
MAP2K1	EGR1	AP-MS_all
MAP2K1	NPPC	AP-MS_all
MAP2K1	ZFP36	AP-MS_all
MAP2K1	YWHAQ	AP-MS_all
MAP2K1	DUSP1	AP-MS_all
MAP2K1	CCN2	AP-MS_all
MAP2K1	EPHA2	AP-MS_all
MAP2K1	YWHAB	AP-MS_all
MAP2K1	ELF1	AP-MS_all
MAP2K1	GPC1	AP-MS_all
MAP2K1	CDKN1A	AP-MS_all
MAP2K1	TNFSF9	AP-MS_all
MAP2K1	ETV4	AP-MS_all
MAP2K1	NPTX2	AP-MS_all
MAP2K1	TFPI2	AP-MS_all
MAP2K1	CLK1	AP-MS_all
MAP2K1	HMGCS2	AP-MS_all
MAP2K1	YWHAG	AP-MS_all
MAP2K1	YWHAE	AP-MS_all
MAP2K1	YPEL5	AP-MS_all
MAP2K1	YWHAZ	AP-MS_all
MAP2K1	GTF2B	AP-MS_all
MAP2K1	CDK17	AP-MS_all
MAP2K1	PLAUR	AP-MS_all
MAP2K1	YWHAH	AP-MS_all
MAP2K1	ZFP36L1	AP-MS_all
MAP2K1	CACNB2	AP-MS_all
MAP2K1	MAMLD1	AP-MS_all
MAP2K1	NAB1	AP-MS_all
MAP2K1	TDG	AP-MS_all
MAP2K1	LAMC2	AP-MS_all
MAP2K1	PMAIP1	AP-MS_all
MAP2K1	ARHGAP19	AP-MS_all
MAP2K1	NAB2	AP-MS_all
MAP2K1	DUSP5	AP-MS_all
MAP2K1	UPP1	AP-MS_all
MAP2K1	ARHGAP31	AP-MS_all
MAP2K1	SKOR2	AP-MS_all
MAP2K1	PLEKHN1	AP-MS_all
MAP2K1	PHLDA2	AP-MS_all
MAP2K1	PLEKHO1	AP-MS_all
MAP2K1	ACTBL2	AP-MS_all
MAP2K1	NKAPL	AP-MS_all
MAP2K1	ELFN2	AP-MS_all
MAP2K1	HIVEP3	AP-MS_all
MAP2K1	TNS2	AP-MS_all
MAP2K1	KCTD16	AP-MS_all
MAP2K1	LRRC8E	AP-MS_all
MAP2K1	REEP3	AP-MS_all
MAP2K1	CRACDL	AP-MS_all
MAP2K1	CAVIN1	AP-MS_all
MAP2K1	FIP1L1	AP-MS_all
MAP2K1	CSPG4	AP-MS_all
MAP2K1	CENPQ	AP-MS_all
MAP2K1	ARC	AP-MS_all
MAP2K1	LRP10	AP-MS_all
MAP2K1	C11orf96	AP-MS_all
MAP2K1	PHF13	AP-MS_all
MAP2K1	HOMER1	AP-MS_all
MAP2K1	SYNPO	AP-MS_all
MAP2K1	PHLDA1	AP-MS_all
MAP2K1	NDRG1	AP-MS_all
MAP2K1	KCTD12	AP-MS_all
MAP2K1	CDCA5	AP-MS_all
MAP2K1	TRIB3	AP-MS_all
MAP2K1	TRIB1	AP-MS_all
MAP2K1	FOXC2	AP-MS_all
MAP2K1	REEP2	AP-MS_all
MAP2K1	TMEM147	AP-MS_all
MAP2K1	HES7	AP-MS_all
MAP2K1	PARD6G	AP-MS_all
MAP2K1	PARD6B	AP-MS_all
MAP2K1	STK33	AP-MS_all
MAP2K1	SPRY4	AP-MS_all
MAP2K1	WDR33	AP-MS_all
MAP2K1	LHX5	AP-MS_all
MAP2K1	PLEKHA4	AP-MS_all
MAP2K1	GPRC5C	AP-MS_all
MAP2K1	SPHK1	AP-MS_all
MAP2K1	WSB2	AP-MS_all
MAP2K1	NHSL3	AP-MS_all
MAP2K1	FRMD4A	AP-MS_all
MAP2K1	ADAMTS1	AP-MS_all
MAP2K1	KLHL21	AP-MS_all
MAP2K1	BAIAP2	AP-MS_all
MAP2K1	SH2B3	AP-MS_all
MAP2K1	IRS2	AP-MS_all
ARAF	DCAF8L1;DCAF8L2	AP-MS_all
ARAF	ZSWIM8	AP-MS_all
ARAF	ASDURF	AP-MS_all
ARAF	EYA2	AP-MS_all
ARAF	AIP	AP-MS_all
ARAF	USP9Y	AP-MS_all
ARAF	PPP6C	AP-MS_all
ARAF	IRS4	AP-MS_all
ARAF	SEC16A	AP-MS_all
ARAF	PFDN6	AP-MS_all
ARAF	P4HA2	AP-MS_all
ARAF	PER1	AP-MS_all
ARAF	SGTA	AP-MS_all
ARAF	TRAK2	AP-MS_all
ARAF	AQR	AP-MS_all
ARAF	TBC1D4	AP-MS_all
ARAF	SKAP2	AP-MS_all
ARAF	RPS6KA4	AP-MS_all
ARAF	CRTAP	AP-MS_all
ARAF	URI1	AP-MS_all
ARAF	TOMM70	AP-MS_all
ARAF	USP19	AP-MS_all
ARAF	TRIM37	AP-MS_all
ARAF	UBR5	AP-MS_all
ARAF	TTC4	AP-MS_all
ARAF	BAG2	AP-MS_all
ARAF	GPI	AP-MS_all
ARAF	P4HB	AP-MS_all
ARAF	HSP90AA1	AP-MS_all
ARAF	HSP90AB1	AP-MS_all
ARAF	ANXA5	AP-MS_all
ARAF	ARAF	AP-MS_all
ARAF	NR2F1	AP-MS_all
ARAF	PRKAR1A	AP-MS_all
ARAF	UBL4A	AP-MS_all
ARAF	COL11A1	AP-MS_all
ARAF	P4HA1	AP-MS_all
ARAF	COL5A1	AP-MS_all
ARAF	YWHAQ	AP-MS_all
ARAF	PIK3R1	AP-MS_all
ARAF	GDI1	AP-MS_all
ARAF	PRKAR1B	AP-MS_all
ARAF	YWHAB	AP-MS_all
ARAF	STIP1	AP-MS_all
ARAF	MCM4	AP-MS_all
ARAF	CCT6A	AP-MS_all
ARAF	LSS	AP-MS_all
ARAF	LIG4	AP-MS_all
ARAF	GDI2	AP-MS_all
ARAF	PPP5C	AP-MS_all
ARAF	SEC13	AP-MS_all
ARAF	NAA20	AP-MS_all
ARAF	YWHAG	AP-MS_all
ARAF	YWHAE	AP-MS_all
ARAF	YWHAZ	AP-MS_all
ARAF	PAFAH1B2	AP-MS_all
ARAF	LACTB	AP-MS_all
ARAF	LRP2	AP-MS_all
ARAF	FKBP4	AP-MS_all
ARAF	YWHAH	AP-MS_all
ARAF	SPAG1	AP-MS_all
ARAF	MZT1	AP-MS_all
ARAF	RBBP4	AP-MS_all
ARAF	FLII	AP-MS_all
ARAF	BAMBI	AP-MS_all
ARAF	PDE3B	AP-MS_all
ARAF	MAPK8IP2	AP-MS_all
ARAF	FKBP5	AP-MS_all
ARAF	CAMK1	AP-MS_all
ARAF	UBE4A	AP-MS_all
ARAF	FKBP8	AP-MS_all
ARAF	HSP90AA2P	AP-MS_all
ARAF	PLCB4	AP-MS_all
ARAF	TARBP2	AP-MS_all
ARAF	PDCD2	AP-MS_all
ARAF	DDB1	AP-MS_all
ARAF	CDC37	AP-MS_all
ARAF	P3H1	AP-MS_all
ARAF	KLHL26	AP-MS_all
ARAF	HSP90AB4P	AP-MS_all
ARAF	HSP90AB3P	AP-MS_all
ARAF	HSP90AB2P	AP-MS_all
ARAF	HSP90AA5P	AP-MS_all
ARAF	HSP90AA4P	AP-MS_all
ARAF	PPP6R3	AP-MS_all
ARAF	TTC38	AP-MS_all
ARAF	PPP1R15B	AP-MS_all
ARAF	HYI	AP-MS_all
ARAF	UBR4	AP-MS_all
ARAF	ANKRD40	AP-MS_all
ARAF	ABHD17C	AP-MS_all
ARAF	USP34	AP-MS_all
ARAF	GET4	AP-MS_all
ARAF	ARPIN	AP-MS_all
ARAF	HUWE1	AP-MS_all
ARAF	CPNE8	AP-MS_all
ARAF	ANKMY2	AP-MS_all
ARAF	NUDCD3	AP-MS_all
ARAF	P3H2	AP-MS_all
ARAF	P3H3	AP-MS_all
ARAF	SMYD4	AP-MS_all
ARAF	WDTC1	AP-MS_all
ARAF	TTC9C	AP-MS_all
ARAF	PJA1	AP-MS_all
ARAF	NT5C	AP-MS_all
ARAF	RHBDD1	AP-MS_all
ARAF	SNX33	AP-MS_all
ARAF	CCT6B	AP-MS_all
ARAF	PIK3R3	AP-MS_all
ARAF	P3H4	AP-MS_all
ARAF	GLMN	AP-MS_all
ARAF	USP9X	AP-MS_all
ARAF	FBXW5	AP-MS_all
ARAF	RUNDC1	AP-MS_all
ARAF	ENTR1	AP-MS_all
ARAF	TUBGCP3	AP-MS_all
ARAF	SIRT1	AP-MS_all
ARAF	KIFBP	AP-MS_all
ARAF	MAGED4	AP-MS_all
ARAF	PBK	AP-MS_all
ARAF	DNAAF10	AP-MS_all
ARAF	PASK	AP-MS_all
ARAF	TUBGCP6	AP-MS_all
ARAF	TTC1	AP-MS_all
ARAF	DNAJC7	AP-MS_all
ARAF	MTR	AP-MS_all
ARAF	HDHD3	AP-MS_all
ARAF	MCMBP	AP-MS_all
ARAF	HGH1	AP-MS_all
ARAF	AFG2B	AP-MS_all
ARAF	UNC45A	AP-MS_all
ARAF	RPAP3	AP-MS_all
ARAF	SMYD3	AP-MS_all
ARAF	MARCHF7	AP-MS_all
ARAF	GPN2	AP-MS_all
ARAF	CACYBP	AP-MS_all
ARAF	GPN1	AP-MS_all
ARAF	WDR6	AP-MS_all
ARAF	PLCB1	AP-MS_all
ARAF	SMYD2	AP-MS_all
ARAF	NRBP2	AP-MS_all
ARAF	MAN2C1	AP-MS_all
ARAF	PDRG1	AP-MS_all
ARAF	HSPBP1	AP-MS_all
ARAF	UXT	AP-MS_all
ARAF	FTSJ1	AP-MS_all
ARAF	CHORDC1	AP-MS_all
ARAF	ZNHIT2	AP-MS_all
ARAF	PFDN2	AP-MS_all
ARAF	HERC5	AP-MS_all
ARAF	FKBPL	AP-MS_all
ARAF	BAG5	AP-MS_all
ARAF	PNMA2	AP-MS_all
ARAF	STUB1	AP-MS_all
ARAF	PPP6R1	AP-MS_all
ARAF	MAPK8IP3	AP-MS_all
ARAF	DICER1	AP-MS_all
ARAF	RUVBL2	AP-MS_all
ARAF	RUVBL1	AP-MS_all
ARAF	NISCH	AP-MS_all
ARAF	SUGT1	AP-MS_all
ARAF	DCAF1	AP-MS_all
ARAF	SOWAHD	AP-MS_all
ARAF	FOXN3	AP-MS_all
ARAF	PIK3R2	AP-MS_all
ARAF	ANKRD28	AP-MS_all
ARAF	PPM1G	AP-MS_all
ARAF	PJA2	AP-MS_all
ARAF	SYNGR3	AP-MS_all
ARAF	RAB11FIP3	AP-MS_all
ARAF	PPP6R2	AP-MS_all
ARAF	KLHL18	AP-MS_all
ARAF	MTCL2	AP-MS_all
ARAF	HERC2	AP-MS_all
ARAF	WNT11	AP-MS_all
ARAF	KRAS	AP-MS_all
ARAF	AMH	AP-MS_all
ARAF	ALPP;ALPG	AP-MS_all
ARAF	NEFL	AP-MS_all
ARAF	HSPA8	AP-MS_all
ARAF	BCR	AP-MS_all
ARAF	HSPA6	AP-MS_all
ARAF	PRKACA	AP-MS_all
ARAF	TCP1	AP-MS_all
ARAF	CSRP1	AP-MS_all
ARAF	PRKACB	AP-MS_all
ARAF	PTPRZ1	AP-MS_all
ARAF	MARK3	AP-MS_all
ARAF	MAPK4	AP-MS_all
ARAF	FBN2	AP-MS_all
ARAF	CCT3	AP-MS_all
ARAF	CCT8	AP-MS_all
ARAF	PRMT2	AP-MS_all
ARAF	RIPK4	AP-MS_all
ARAF	POLR2L	AP-MS_all
ARAF	CSNK2B	AP-MS_all
ARAF	CCT2	AP-MS_all
ARAF	APBA1	AP-MS_all
ARAF	GCNT1	AP-MS_all
ARAF	MAP2K1	AP-MS_all
ARAF	PPID	AP-MS_all
ARAF	ZNF816	AP-MS_all
ARAF	ABR	AP-MS_all
ARAF	CDC16	AP-MS_all
ARAF	ITPR2	AP-MS_all
ARAF	ITPR3	AP-MS_all
ARAF	CUL7	AP-MS_all
ARAF	HERC1	AP-MS_all
ARAF	TOMM34	AP-MS_all
ARAF	CCDC85B	AP-MS_all
ARAF	FSCN1	AP-MS_all
ARAF	MAPK6	AP-MS_all
ARAF	GREB1	AP-MS_all
ARAF	AMER1	AP-MS_all
ARAF	PPP4R3B	AP-MS_all
ARAF	DCAF8	AP-MS_all
ARAF	OBI1	AP-MS_all
ARAF	FAM91A1	AP-MS_all
ARAF	CDC42BPG	AP-MS_all
ARAF	FSTL4	AP-MS_all
ARAF	PPP4R4	AP-MS_all
ARAF	ARMCX5	AP-MS_all
ARAF	WDR87	AP-MS_all
ARAF	TRAPPC6B	AP-MS_all
ARAF	RPAP2	AP-MS_all
ARAF	ZNF100	AP-MS_all
ARAF	LARGE2	AP-MS_all
ARAF	ANKRD52	AP-MS_all
ARAF	FBH1	AP-MS_all
ARAF	ZNF507	AP-MS_all
ARAF	ADAMTS19	AP-MS_all
ARAF	RAPGEF6	AP-MS_all
ARAF	NUDCD2	AP-MS_all
ARAF	UBXN4	AP-MS_all
ARAF	KIAA0232	AP-MS_all
ARAF	SORL1	AP-MS_all
ARAF	CORO2A	AP-MS_all
ARAF	RIT1	AP-MS_all
ARAF	GPRASP2	AP-MS_all
ARAF	FAM89A	AP-MS_all
ARAF	SNX22	AP-MS_all
ARAF	DACH2	AP-MS_all
ARAF	ACAP3	AP-MS_all
ARAF	CDK5RAP2	AP-MS_all
ARAF	TSC22D3	AP-MS_all
ARAF	APBA2	AP-MS_all
ARAF	CCT7	AP-MS_all
ARAF	DUSP9	AP-MS_all
ARAF	EIF2AK1	AP-MS_all
ARAF	TCEAL7	AP-MS_all
ARAF	LRRC1	AP-MS_all
ARAF	DPCD	AP-MS_all
ARAF	RPAP1	AP-MS_all
ARAF	WDR11	AP-MS_all
ARAF	TANGO6	AP-MS_all
ARAF	KIF13A	AP-MS_all
ARAF	TSPYL2	AP-MS_all
ARAF	ZNF395	AP-MS_all
ARAF	MTHFD2L	AP-MS_all
ARAF	C17orf75	AP-MS_all
ARAF	CELSR2	AP-MS_all
ARAF	PRDM6	AP-MS_all
ARAF	NANS	AP-MS_all
ARAF	SH3GLB2	AP-MS_all
ARAF	ELOVL2	AP-MS_all
ARAF	ANKRD10	AP-MS_all
ARAF	DBF4	AP-MS_all
ARAF	MLH3	AP-MS_all
ARAF	EGFL7	AP-MS_all
ARAF	NRBP1	AP-MS_all
ARAF	AKAP11	AP-MS_all
ARAF	FBXL3	AP-MS_all
ARAF	HECTD1	AP-MS_all
ARAF	AKAP8L	AP-MS_all
ARAF	SCML1	AP-MS_all
ARAF	PDZRN3	AP-MS_all
ARAF	JAG2	AP-MS_all
ARAF	PADI2	AP-MS_all
ARAF	ZNF835	AP-MS_all
ARAF	MTCL1	AP-MS_all
ARAF	IRS2	AP-MS_all
ARAF	AHRR	AP-MS_all
ARAF	BACH1	AP-MS_all
ARAF	CCP110	AP-MS_all
ARAF	ZNF749	AP-MS_all
ARAF	OBSL1	AP-MS_all
ARAF	CEP152	AP-MS_all
ARAF	TGFB1	AP-MS_all
ARAF	CENPB	AP-MS_all
ARAF	FES	AP-MS_all
ARAF	COL6A3	AP-MS_all
ARAF	FOSL1	AP-MS_all
ARAF	GCFC2	AP-MS_all
ARAF	JUNB	AP-MS_all
ARAF	EGR1	AP-MS_all
ARAF	TUBG1	AP-MS_all
ARAF	APC	AP-MS_all
ARAF	ITPRID2	AP-MS_all
ARAF	HIVEP2	AP-MS_all
ARAF	AHR	AP-MS_all
ARAF	MAP2K2	AP-MS_all
ARAF	LONP1	AP-MS_all
ARAF	ETV4	AP-MS_all
ARAF	MAP1B	AP-MS_all
ARAF	TFPI2	AP-MS_all
ARAF	CCT5	AP-MS_all
ARAF	CCT4	AP-MS_all
ARAF	USP11	AP-MS_all
ARAF	HMGCS2	AP-MS_all
ARAF	MDM2	AP-MS_all
ARAF	ZFP36L1	AP-MS_all
ARAF	PDCL	AP-MS_all
ARAF	NAB1	AP-MS_all
ARAF	LAMB3	AP-MS_all
ARAF	FAT1	AP-MS_all
ARAF	IQCB1	AP-MS_all
ARAF	PCM1	AP-MS_all
ARAF	KIF7	AP-MS_all
ARAF	CCDC88A	AP-MS_all
ARAF	MIDN	AP-MS_all
ARAF	PHLDA2	AP-MS_all
ARAF	CRACDL	AP-MS_all
ARAF	MSANTD2	AP-MS_all
ARAF	ANKS3	AP-MS_all
ARAF	RNF44	AP-MS_all
ARAF	ARC	AP-MS_all
ARAF	TRAPPC11	AP-MS_all
ARAF	KCTD20	AP-MS_all
ARAF	C11orf96	AP-MS_all
ARAF	TEDC1	AP-MS_all
ARAF	DZIP3	AP-MS_all
ARAF	CEP97	AP-MS_all
ARAF	NELFCD	AP-MS_all
ARAF	ZNF567	AP-MS_all
ARAF	FBXW8	AP-MS_all
ARAF	ARRDC4	AP-MS_all
ARAF	PNMA1	AP-MS_all
ARAF	SPATA18	AP-MS_all
ARAF	HSPH1	AP-MS_all
ARAF	DCAF5	AP-MS_all
ARAF	USP47	AP-MS_all
ARAF	TRIB1	AP-MS_all
ARAF	RANBP9	AP-MS_all
ARAF	LYST	AP-MS_all
ARAF	TINF2	AP-MS_all
ARAF	IER2	AP-MS_all
ARAF	KLHL4	AP-MS_all
ARAF	PDCL3	AP-MS_all
ARAF	RMND5A	AP-MS_all
ARAF	CLSPN	AP-MS_all
ARAF	MYO10	AP-MS_all
ARAF	COPRS	AP-MS_all
ARAF	TUBG2	AP-MS_all
ARAF	KLHL28	AP-MS_all
ARAF	PPP4R2	AP-MS_all
ARAF	UGGT2	AP-MS_all
ARAF	MDFIC	AP-MS_all
ARAF	KLHL21	AP-MS_all
ARAF	ANAPC4	AP-MS_all
ARAF	HSPB8	AP-MS_all
ARAF	ZBTB1	AP-MS_all
ARAF	CEP170B	AP-MS_all
HRAS	RASGRF2	AP-MS_all
HRAS	RGL2	AP-MS_all
HRAS	SLC16A7	AP-MS_all
HRAS	ELP1	AP-MS_all
HRAS	NRAS	AP-MS_all
HRAS	HRAS	AP-MS_all
HRAS	KRAS	AP-MS_all
HRAS	RAF1	AP-MS_all
HRAS	PKM	AP-MS_all
HRAS	CSRP1	AP-MS_all
HRAS	PAICS	AP-MS_all
HRAS	PFN2	AP-MS_all
HRAS	PLCD1	AP-MS_all
HRAS	RAP1GDS1	AP-MS_all
HRAS	KIF11	AP-MS_all
HRAS	ARHGEF6	AP-MS_all
HRAS	TCEAL1	AP-MS_all
HRAS	KCTD16	AP-MS_all
HRAS	ELP2	AP-MS_all
HRAS	TRAF7	AP-MS_all
HRAS	CSPG4	AP-MS_all
HRAS	DZIP3	AP-MS_all
HRAS	LZTR1	AP-MS_all
HRAS	ELP5	AP-MS_all
HRAS	CORO2A	AP-MS_all
HRAS	ELP4	AP-MS_all
HRAS	ALOXE3	AP-MS_all
HRAS	ELP3	AP-MS_all
HRAS	PNMA2	AP-MS_all
HRAS	NFU1	AP-MS_all
HRAS	NBDY	AP-MS_all
HRAS	MED19	AP-MS_all
HRAS	SH3PXD2B	AP-MS_all
HRAS	SOWAHD	AP-MS_all
HRAS	LIPT2	AP-MS_all
HRAS	PRRT4	AP-MS_all
HRAS	FNDC10	AP-MS_all
HRAS	EYA2	AP-MS_all
HRAS	DPYSL4	AP-MS_all
HRAS	PHYH	AP-MS_all
HRAS	LIN7A	AP-MS_all
HRAS	N4BP3	AP-MS_all
HRAS	DCLK1	AP-MS_all
HRAS	PLXNB1	AP-MS_all
HRAS	SUSD5	AP-MS_all
HRAS	SS18L1	AP-MS_all
HRAS	DGAT1	AP-MS_all
HRAS	TOX4	AP-MS_all
HRAS	SLITRK5	AP-MS_all
HRAS	CSPG5	AP-MS_all
HRAS	TGFB1	AP-MS_all
HRAS	CSF1	AP-MS_all
HRAS	ELFN1	AP-MS_all
HRAS	DERPC	AP-MS_all
HRAS	CKMT1A	AP-MS_all
HRAS	PTPRZ1	AP-MS_all
HRAS	LMO1	AP-MS_all
HRAS	BLVRB	AP-MS_all
HRAS	SREBF1	AP-MS_all
HRAS	MATK	AP-MS_all
HRAS	CRIP2	AP-MS_all
HRAS	CMC4	AP-MS_all
HRAS	RWDD2B	AP-MS_all
HRAS	LSM11	AP-MS_all
HRAS	ARHGAP8	AP-MS_all
HRAS	EIF4EBP1	AP-MS_all
HRAS	MPP2	AP-MS_all
HRAS	CRMP1	AP-MS_all
HRAS	RASA3	AP-MS_all
HRAS	NHERF2	AP-MS_all
HRAS	FSCN1	AP-MS_all
HRAS	PCK2	AP-MS_all
HRAS	PFKFB3	AP-MS_all
HRAS	PLEKHN1	AP-MS_all
HRAS	ELFN2	AP-MS_all
HRAS	ATAT1	AP-MS_all
HRAS	IBA57	AP-MS_all
HRAS	SDHAF4	AP-MS_all
HRAS	TNS3	AP-MS_all
HRAS	MCTP2	AP-MS_all
HRAS	ALKBH2	AP-MS_all
HRAS	RPUSD3	AP-MS_all
HRAS	USP43	AP-MS_all
HRAS	SAPCD2	AP-MS_all
HRAS	PHLDB1	AP-MS_all
HRAS	TDRP	AP-MS_all
HRAS	BRSK2	AP-MS_all
HRAS	KLHDC8B	AP-MS_all
HRAS	RCOR2	AP-MS_all
HRAS	SFRP1	AP-MS_all
HRAS	ACBD7	AP-MS_all
HRAS	TXNDC5	AP-MS_all
HRAS	SLAIN1	AP-MS_all
HRAS	DEPTOR	AP-MS_all
HRAS	HELQ	AP-MS_all
HRAS	HDAC7	AP-MS_all
HRAS	NUDT8	AP-MS_all
HRAS	SPRYD4	AP-MS_all
HRAS	TTC9	AP-MS_all
HRAS	MED8	AP-MS_all
HRAS	SCARF2	AP-MS_all
HRAS	CHAMP1	AP-MS_all
HRAS	PPM1M	AP-MS_all
HRAS	ARHGEF17	AP-MS_all
HRAS	TRIB1	AP-MS_all
HRAS	CYP2S1	AP-MS_all
HRAS	DUSP9	AP-MS_all
HRAS	DPYSL5	AP-MS_all
HRAS	PBDC1	AP-MS_all
HRAS	TBL1XR1	AP-MS_all
HRAS	SRCIN1	AP-MS_all
HRAS	LHX5	AP-MS_all
HRAS	RSAD1	AP-MS_all
HRAS	PLEKHA2	AP-MS_all
HRAS	TNS1	AP-MS_all
HRAS	ASH1L	AP-MS_all
HRAS	PODXL2	AP-MS_all
HRAS	MED11	AP-MS_all
HRAS	NHSL3	AP-MS_all
HRAS	MBD5	AP-MS_all
HRAS	EGFL7	AP-MS_all
HRAS	SLCO3A1	AP-MS_all
HRAS	AGO2	AP-MS_all
HRAS	PLXNB3	AP-MS_all
HRAS	CORO1C	AP-MS_all
HRAS	NOTCH3	AP-MS_all
HRAS	HCN4	AP-MS_all
HRAS	PYGO1	AP-MS_all
HRAS	IRS2	AP-MS_all
HRAS	PIK3CD	AP-MS_all
HRAS	CEP104	AP-MS_all
HRAS	ARAF	AP-MS_all
HRAS	MAP2	AP-MS_all
HRAS	VCAN	AP-MS_all
HRAS	BRAF	AP-MS_all
HRAS	PIK3R1	AP-MS_all
HRAS	MAPK1	AP-MS_all
HRAS	YWHAB	AP-MS_all
HRAS	PPP1CC	AP-MS_all
HRAS	PIK3CA	AP-MS_all
HRAS	RABIF	AP-MS_all
HRAS	AFDN	AP-MS_all
HRAS	PCBP4	AP-MS_all
HRAS	YWHAG	AP-MS_all
HRAS	PPP1CA	AP-MS_all
HRAS	PPP1CB	AP-MS_all
HRAS	YWHAE	AP-MS_all
HRAS	YWHAZ	AP-MS_all
HRAS	SSBP2	AP-MS_all
HRAS	YWHAH	AP-MS_all
HRAS	RALGDS	AP-MS_all
HRAS	LAMB3	AP-MS_all
HRAS	SCRIB	AP-MS_all
HRAS	CBARP	AP-MS_all
HRAS	RASSF5	AP-MS_all
HRAS	KCTD12	AP-MS_all
HRAS	RADIL	AP-MS_all
HRAS	RGL1	AP-MS_all
HRAS	PLCE1	AP-MS_all
HRAS	ARHGAP28	AP-MS_all
HRAS	FRMD4A	AP-MS_all
HRAS	HSPB8	AP-MS_all
HRAS	SHOC2	AP-MS_all
HRAS	NEBL	AP-MS_all
HRAS	PRKCB	AP-MS_all
HRAS	LGALS1	AP-MS_all
HRAS	F5	AP-MS_all
HRAS	IMPDH2	AP-MS_all
HRAS	JUNB	AP-MS_all
HRAS	DMTN	AP-MS_all
HRAS	LAMC2	AP-MS_all
HRAS	ARHGEF7	AP-MS_all
HRAS	SP6	AP-MS_all
HRAS	PAN3	AP-MS_all
HRAS	TEX30	AP-MS_all
HRAS	MBNL2	AP-MS_all
HRAS	CRACDL	AP-MS_all
HRAS	ARHGAP11A	AP-MS_all
HRAS	SH2D5	AP-MS_all
HRAS	SP8	AP-MS_all
HRAS	SVBP	AP-MS_all
HRAS	SYNPO	AP-MS_all
HRAS	IFT70B	AP-MS_all
HRAS	MDM1	AP-MS_all
HRAS	LMO7	AP-MS_all
HRAS	CKAP2	AP-MS_all
HRAS	PSPC1	AP-MS_all
HRAS	USP6NL	AP-MS_all
HRAS	RIT1	AP-MS_all
HRAS	USP7	AP-MS_all
HRAS	CLUAP1	AP-MS_all
HRAS	USP47	AP-MS_all
HRAS	TTC14	AP-MS_all
HRAS	FOXC2	AP-MS_all
HRAS	SENP7	AP-MS_all
HRAS	EMILIN2	AP-MS_all
HRAS	PAK6	AP-MS_all
HRAS	DLL3	AP-MS_all
HRAS	GAB2	AP-MS_all
MAP2K2	FNDC10	AP-MS_all
MAP2K2	YKT6	AP-MS_all
MAP2K2	HSPA4L	AP-MS_all
MAP2K2	FTH1	AP-MS_all
MAP2K2	RAF1	AP-MS_all
MAP2K2	HSP90AA1	AP-MS_all
MAP2K2	HSP90AB1	AP-MS_all
MAP2K2	HSPA1A;HSPA1B	AP-MS_all
MAP2K2	ARAF	AP-MS_all
MAP2K2	MGST1	AP-MS_all
MAP2K2	HSPA5	AP-MS_all
MAP2K2	HSPA8	AP-MS_all
MAP2K2	BRAF	AP-MS_all
MAP2K2	HSPA6	AP-MS_all
MAP2K2	PGAM1	AP-MS_all
MAP2K2	CSRP1	AP-MS_all
MAP2K2	YWHAQ	AP-MS_all
MAP2K2	MAPK1	AP-MS_all
MAP2K2	YWHAB	AP-MS_all
MAP2K2	HSPA1L	AP-MS_all
MAP2K2	HSPA4	AP-MS_all
MAP2K2	MAP2K2	AP-MS_all
MAP2K2	HSPA9	AP-MS_all
MAP2K2	MDH1	AP-MS_all
MAP2K2	ID1	AP-MS_all
MAP2K2	HSPA2	AP-MS_all
MAP2K2	YWHAG	AP-MS_all
MAP2K2	YWHAE	AP-MS_all
MAP2K2	YWHAZ	AP-MS_all
MAP2K2	MAP2K1	AP-MS_all
MAP2K2	YWHAH	AP-MS_all
MAP2K2	FKBP5	AP-MS_all
MAP2K2	ITGA7	AP-MS_all
MAP2K2	CDC37	AP-MS_all
MAP2K2	HSP90AB4P	AP-MS_all
MAP2K2	HSP90AB2P	AP-MS_all
MAP2K2	HSP90AA4P	AP-MS_all
MAP2K2	MFSD14CP	AP-MS_all
MAP2K2	KSR2	AP-MS_all
MAP2K2	TPRA1	AP-MS_all
MAP2K2	KSR1	AP-MS_all
MAP2K2	GLB1L2	AP-MS_all
MAP2K2	ZNRF1	AP-MS_all
MAP2K2	HSPH1	AP-MS_all
MAP2K2	PCNX1	AP-MS_all
MAP2K2	PDGFD	AP-MS_all
MAP2K2	SAR1A	AP-MS_all
MAP2K2	CMTM6	AP-MS_all
MAP2K2	HSPBP1	AP-MS_all
MAP2K2	PPT2	AP-MS_all
MAP2K2	UNC13A	AP-MS_all
MAP2K2	ALG6	AP-MS_all
MAP2K2	DPYSL4	AP-MS_all
MAP2K2	ATP9B	AP-MS_all
MAP2K2	JUNB	AP-MS_all
MAP2K2	MFAP3	AP-MS_all
MAP2K2	HSP90AB3P	AP-MS_all
MAP2K2	TXLNB	AP-MS_all
MAP2K2	SCML1	AP-MS_all
MAP2K2	TUG1	AP-MS_all
MAP2K2	LINC02872	AP-MS_all
MAP2K2	USP17L5;USP17L15;USP17L11;USP17L22;USP17L17;USP17L19;USP17L20;USP17L24	AP-MS_all
MAP2K2	TMEM250	AP-MS_all
MAP2K2	AIP	AP-MS_all
MAP2K2	PSMD11	AP-MS_all
MAP2K2	PSMD12	AP-MS_all
MAP2K2	PSMD14	AP-MS_all
MAP2K2	ADGRB1	AP-MS_all
MAP2K2	CTDSP2	AP-MS_all
MAP2K2	TOR1B	AP-MS_all
MAP2K2	ENC1	AP-MS_all
MAP2K2	CDIPT	AP-MS_all
MAP2K2	TNFRSF10B	AP-MS_all
MAP2K2	MGST3	AP-MS_all
MAP2K2	AGPAT2	AP-MS_all
MAP2K2	ANGPT2	AP-MS_all
MAP2K2	VGF	AP-MS_all
MAP2K2	LEPROT	AP-MS_all
MAP2K2	SLC31A1	AP-MS_all
MAP2K2	IRAK2	AP-MS_all
MAP2K2	SPINT2	AP-MS_all
MAP2K2	SYNGR3	AP-MS_all
MAP2K2	SPAG9	AP-MS_all
MAP2K2	ACSL4	AP-MS_all
MAP2K2	CNOT3	AP-MS_all
MAP2K2	GADD45B	AP-MS_all
MAP2K2	SEMA7A	AP-MS_all
MAP2K2	SLC43A1	AP-MS_all
MAP2K2	MTX2	AP-MS_all
MAP2K2	JTB	AP-MS_all
MAP2K2	TOMM70	AP-MS_all
MAP2K2	KLHL18	AP-MS_all
MAP2K2	MPC2	AP-MS_all
MAP2K2	CDS2	AP-MS_all
MAP2K2	BAG2	AP-MS_all
MAP2K2	BAG3	AP-MS_all
MAP2K2	CYB5R3	AP-MS_all
MAP2K2	TIMP1	AP-MS_all
MAP2K2	TGFB1	AP-MS_all
MAP2K2	HLA-B	AP-MS_all
MAP2K2	HLA-DRB1	AP-MS_all
MAP2K2	TFRC	AP-MS_all
MAP2K2	RPN1	AP-MS_all
MAP2K2	JUN	AP-MS_all
MAP2K2	KRT18	AP-MS_all
MAP2K2	ITGAV	AP-MS_all
MAP2K2	SERPINE2	AP-MS_all
MAP2K2	PROS1	AP-MS_all
MAP2K2	FURIN	AP-MS_all
MAP2K2	USP17L7	AP-MS_all
MAP2K2	SLC2A3	AP-MS_all
MAP2K2	SLC25A6	AP-MS_all
MAP2K2	P4HA1	AP-MS_all
MAP2K2	MYL6B	AP-MS_all
MAP2K2	PVR	AP-MS_all
MAP2K2	RAC2	AP-MS_all
MAP2K2	FOSL1	AP-MS_all
MAP2K2	CD44	AP-MS_all
MAP2K2	EPCAM	AP-MS_all
MAP2K2	POR	AP-MS_all
MAP2K2	ITGB5	AP-MS_all
MAP2K2	EGR1	AP-MS_all
MAP2K2	NAT1	AP-MS_all
MAP2K2	ELK1	AP-MS_all
MAP2K2	RAB6A	AP-MS_all
MAP2K2	VDAC1	AP-MS_all
MAP2K2	KCNA5	AP-MS_all
MAP2K2	PTPRE	AP-MS_all
MAP2K2	GADD45A	AP-MS_all
MAP2K2	F2R	AP-MS_all
MAP2K2	FAS	AP-MS_all
MAP2K2	ZFP36	AP-MS_all
MAP2K2	DUSP1	AP-MS_all
MAP2K2	EPHA2	AP-MS_all
MAP2K2	PEBP1	AP-MS_all
MAP2K2	GDI1	AP-MS_all
MAP2K2	SFN	AP-MS_all
MAP2K2	STIP1	AP-MS_all
MAP2K2	S100A11	AP-MS_all
MAP2K2	MAN1A1	AP-MS_all
MAP2K2	GPC1	AP-MS_all
MAP2K2	BSG	AP-MS_all
MAP2K2	CDKN1A	AP-MS_all
MAP2K2	IL6ST	AP-MS_all
MAP2K2	TNFSF9	AP-MS_all
MAP2K2	SLC19A1	AP-MS_all
MAP2K2	ACTR1B	AP-MS_all
MAP2K2	ECE1	AP-MS_all
MAP2K2	SLC1A4	AP-MS_all
MAP2K2	ETV4	AP-MS_all
MAP2K2	RABIF	AP-MS_all
MAP2K2	NPTX2	AP-MS_all
MAP2K2	TFPI2	AP-MS_all
MAP2K2	ADGRE5	AP-MS_all
MAP2K2	LMAN1	AP-MS_all
MAP2K2	INPP1	AP-MS_all
MAP2K2	LIG4	AP-MS_all
MAP2K2	RAB27A	AP-MS_all
MAP2K2	PSMD7	AP-MS_all
MAP2K2	UBE2D1	AP-MS_all
MAP2K2	USP11	AP-MS_all
MAP2K2	PTTG1IP	AP-MS_all
MAP2K2	MYOM2	AP-MS_all
MAP2K2	F2RL1	AP-MS_all
MAP2K2	ATP5ME	AP-MS_all
MAP2K2	TMEM33	AP-MS_all
MAP2K2	SYNJ2BP	AP-MS_all
MAP2K2	CXCR4	AP-MS_all
MAP2K2	SEC61A1	AP-MS_all
MAP2K2	DAD1	AP-MS_all
MAP2K2	PSMC6	AP-MS_all
MAP2K2	RAB1A	AP-MS_all
MAP2K2	TUBA4A	AP-MS_all
MAP2K2	B4GALNT1	AP-MS_all
MAP2K2	RUNX1	AP-MS_all
MAP2K2	FKBP4	AP-MS_all
MAP2K2	PLAUR	AP-MS_all
MAP2K2	TAP2	AP-MS_all
MAP2K2	MFGE8	AP-MS_all
MAP2K2	GALNT1	AP-MS_all
MAP2K2	LMAN2	AP-MS_all
MAP2K2	MLLT11	AP-MS_all
MAP2K2	PAK2	AP-MS_all
MAP2K2	PSMD2	AP-MS_all
MAP2K2	MAMLD1	AP-MS_all
MAP2K2	NAB1	AP-MS_all
MAP2K2	LAMB3	AP-MS_all
MAP2K2	LAMC2	AP-MS_all
MAP2K2	GRB7	AP-MS_all
MAP2K2	HSP90AA2P	AP-MS_all
MAP2K2	RHEB	AP-MS_all
MAP2K2	DHCR24	AP-MS_all
MAP2K2	NAB2	AP-MS_all
MAP2K2	STK11	AP-MS_all
MAP2K2	ATP6AP1	AP-MS_all
MAP2K2	MAPK14	AP-MS_all
MAP2K2	SGCB	AP-MS_all
MAP2K2	FSCN1	AP-MS_all
MAP2K2	UPP1	AP-MS_all
MAP2K2	MICB	AP-MS_all
MAP2K2	SHROOM1	AP-MS_all
MAP2K2	ALG11	AP-MS_all
MAP2K2	P3H1	AP-MS_all
MAP2K2	MIDN	AP-MS_all
MAP2K2	GPAT3	AP-MS_all
MAP2K2	PHLDA2	AP-MS_all
MAP2K2	ACTBL2	AP-MS_all
MAP2K2	HSP90AA5P	AP-MS_all
MAP2K2	DCAF6	AP-MS_all
MAP2K2	TMEM41B	AP-MS_all
MAP2K2	ALG10;ALG10B	AP-MS_all
MAP2K2	ODR4	AP-MS_all
MAP2K2	PXDC1	AP-MS_all
MAP2K2	MICOS10	AP-MS_all
MAP2K2	ASPHD1	AP-MS_all
MAP2K2	SPRYD7	AP-MS_all
MAP2K2	SEL1L3	AP-MS_all
MAP2K2	LMBRD2	AP-MS_all
MAP2K2	KCTD16	AP-MS_all
MAP2K2	RNF43	AP-MS_all
MAP2K2	ASPHD2	AP-MS_all
MAP2K2	SLC18B1	AP-MS_all
MAP2K2	RHBDD2	AP-MS_all
MAP2K2	C3orf33	AP-MS_all
MAP2K2	ATPSCKMT	AP-MS_all
MAP2K2	TUBA3E	AP-MS_all
MAP2K2	TXNDC11	AP-MS_all
MAP2K2	CSPG4	AP-MS_all
MAP2K2	SPOCD1	AP-MS_all
MAP2K2	SLC25A26	AP-MS_all
MAP2K2	SV2A	AP-MS_all
MAP2K2	ARC	AP-MS_all
MAP2K2	DYM	AP-MS_all
MAP2K2	LRP10	AP-MS_all
MAP2K2	SPRED2	AP-MS_all
MAP2K2	ANKS1B	AP-MS_all
MAP2K2	C11orf96	AP-MS_all
MAP2K2	SDCCAG8	AP-MS_all
MAP2K2	OAF	AP-MS_all
MAP2K2	EPHX4	AP-MS_all
MAP2K2	P3H2	AP-MS_all
MAP2K2	ITPRIP	AP-MS_all
MAP2K2	LRRC8A	AP-MS_all
MAP2K2	RDH10	AP-MS_all
MAP2K2	FAM43A	AP-MS_all
MAP2K2	SYNPO	AP-MS_all
MAP2K2	TTC39C	AP-MS_all
MAP2K2	WDTC1	AP-MS_all
MAP2K2	SLC15A4	AP-MS_all
MAP2K2	CSGALNACT2	AP-MS_all
MAP2K2	SLC25A29	AP-MS_all
MAP2K2	ZSCAN18	AP-MS_all
MAP2K2	SLC35G2	AP-MS_all
MAP2K2	TLCD3A	AP-MS_all
MAP2K2	MGARP	AP-MS_all
MAP2K2	SLC2A14	AP-MS_all
MAP2K2	MCOLN3	AP-MS_all
MAP2K2	USP33	AP-MS_all
MAP2K2	ABHD3	AP-MS_all
MAP2K2	TMEM263	AP-MS_all
MAP2K2	SLC20A1	AP-MS_all
MAP2K2	PHLDA1	AP-MS_all
MAP2K2	GLMP	AP-MS_all
MAP2K2	ARAP3	AP-MS_all
MAP2K2	BRI3BP	AP-MS_all
MAP2K2	SMPDL3B	AP-MS_all
MAP2K2	MAL2	AP-MS_all
MAP2K2	SLCO4A1	AP-MS_all
MAP2K2	KCTD12	AP-MS_all
MAP2K2	KIFBP	AP-MS_all
MAP2K2	VMP1	AP-MS_all
MAP2K2	ATP5MK	AP-MS_all
MAP2K2	SERAC1	AP-MS_all
MAP2K2	SLC35E1	AP-MS_all
MAP2K2	CLPTM1L	AP-MS_all
MAP2K2	FAM210B	AP-MS_all
MAP2K2	CARD19	AP-MS_all
MAP2K2	FAM210A	AP-MS_all
MAP2K2	TRIB3	AP-MS_all
MAP2K2	TRIB1	AP-MS_all
MAP2K2	PSMD1	AP-MS_all
MAP2K2	CDCA3	AP-MS_all
MAP2K2	FOXC2	AP-MS_all
MAP2K2	GDF15	AP-MS_all
MAP2K2	ATG101	AP-MS_all
MAP2K2	ALG1	AP-MS_all
MAP2K2	IER2	AP-MS_all
MAP2K2	EMC6	AP-MS_all
MAP2K2	TRIM62	AP-MS_all
MAP2K2	ALG8	AP-MS_all
MAP2K2	TMEM147	AP-MS_all
MAP2K2	FUNDC2	AP-MS_all
MAP2K2	SFXN3	AP-MS_all
MAP2K2	CARD6	AP-MS_all
MAP2K2	FUT8	AP-MS_all
MAP2K2	HES7	AP-MS_all
MAP2K2	STK33	AP-MS_all
MAP2K2	SLC29A3	AP-MS_all
MAP2K2	SPRY4	AP-MS_all
MAP2K2	COA1	AP-MS_all
MAP2K2	LMAN2L	AP-MS_all
MAP2K2	SLC25A32	AP-MS_all
MAP2K2	SLC38A1	AP-MS_all
MAP2K2	POFUT1	AP-MS_all
MAP2K2	SMDT1	AP-MS_all
MAP2K2	ACSS3	AP-MS_all
MAP2K2	TMEM185B	AP-MS_all
MAP2K2	PLEKHG2	AP-MS_all
MAP2K2	PACC1	AP-MS_all
MAP2K2	DNAJC18	AP-MS_all
MAP2K2	METTL8	AP-MS_all
MAP2K2	GPN2	AP-MS_all
MAP2K2	BRF2	AP-MS_all
MAP2K2	MKKS	AP-MS_all
MAP2K2	TM9SF3	AP-MS_all
MAP2K2	APMAP	AP-MS_all
MAP2K2	ABCB6	AP-MS_all
MAP2K2	CHST11	AP-MS_all
MAP2K2	IL1RAP	AP-MS_all
MAP2K2	GPR108	AP-MS_all
MAP2K2	GPRC5C	AP-MS_all
MAP2K2	ITM2C	AP-MS_all
MAP2K2	ENTPD7	AP-MS_all
MAP2K2	AGPAT4	AP-MS_all
MAP2K2	RASSF1	AP-MS_all
MAP2K2	PGPEP1	AP-MS_all
MAP2K2	DNAJB12	AP-MS_all
MAP2K2	SPHK1	AP-MS_all
MAP2K2	WSB2	AP-MS_all
MAP2K2	UGGT2	AP-MS_all
MAP2K2	FRMD4A	AP-MS_all
MAP2K2	DPM3	AP-MS_all
MAP2K2	MRC2	AP-MS_all
MAP2K2	DHCR7	AP-MS_all
MAP2K2	ADAMTS1	AP-MS_all
MAP2K2	CEMIP2	AP-MS_all
MAP2K2	HERC5	AP-MS_all
MAP2K2	KLHL21	AP-MS_all
MAP2K2	SARDH	AP-MS_all
MAP2K2	BAG5	AP-MS_all
MAP2K2	PSMD13	AP-MS_all
MAP2K2	PROCR	AP-MS_all
MAP2K2	ST3GAL5	AP-MS_all
MAP2K2	PPP6R1	AP-MS_all
MAP2K2	SH2B3	AP-MS_all
MAP2K2	SLC5A6	AP-MS_all
MAP2K2	PIGL	AP-MS_all
MAP2K2	SLC27A6	AP-MS_all
MAP2K2	SUGT1	AP-MS_all
MAP2K2	UBE2J1	AP-MS_all
MAP2K2	GOLT1B	AP-MS_all
MAP2K2	HYOU1	AP-MS_all
MAP2K2	TIMM22	AP-MS_all
MAP2K2	FADS3	AP-MS_all
MAP2K2	NPTN	AP-MS_all
MAP2K2	SELENOK	AP-MS_all
BRAF	MED19	All
BRAF	ARHGAP42	All
BRAF	USP17L5;USP17L15;USP17L11;USP17L22;USP17L17;USP17L19;USP17L20;USP17L24	All
BRAF	AIP	All
BRAF	PLOD2	All
BRAF	BHLHE40	All
BRAF	KDM6B	All
BRAF	ANGPT2	All
BRAF	GADD45B	All
BRAF	BAG3	All
BRAF	TIMP1	All
BRAF	TGFB1	All
BRAF	TK1	All
BRAF	JUN	All
BRAF	ANXA2	All
BRAF	HSP90AA1	All
BRAF	HSP90AB1	All
BRAF	USP17L7	All
BRAF	HSPA5	All
BRAF	BRAF	All
BRAF	FOSL1	All
BRAF	CD44	All
BRAF	JUNB	All
BRAF	JUND	All
BRAF	EGR1	All
BRAF	CSRP1	All
BRAF	NPPC	All
BRAF	ZFP36	All
BRAF	YWHAQ	All
BRAF	DUSP1	All
BRAF	YWHAB	All
BRAF	SFN	All
BRAF	SDC2	All
BRAF	GPC1	All
BRAF	HSPA9	All
BRAF	CDKN1A	All
BRAF	ETV4	All
BRAF	MAPK8	All
BRAF	NPTX2	All
BRAF	TFPI2	All
BRAF	FOSB	All
BRAF	SMTN	All
BRAF	S100A10	All
BRAF	YWHAG	All
BRAF	YWHAE	All
BRAF	YPEL5	All
BRAF	YWHAZ	All
BRAF	MAP2K1	All
BRAF	PLAUR	All
BRAF	YWHAH	All
BRAF	FKBP5	All
BRAF	MAMLD1	All
BRAF	NAB1	All
BRAF	LAMB3	All
BRAF	LAMC2	All
BRAF	GRB7	All
BRAF	HSP90AA2P	All
BRAF	JMJD1C	All
BRAF	NAB2	All
BRAF	CDC37	All
BRAF	UPP1	All
BRAF	SKOR2	All
BRAF	PLEKHN1	All
BRAF	PHLDA2	All
BRAF	PLEKHO1	All
BRAF	ACTBL2	All
BRAF	HSP90AB4P	All
BRAF	HSP90AB3P	All
BRAF	HSP90AB2P	All
BRAF	HSP90AA4P	All
BRAF	ELFN2	All
BRAF	HIVEP3	All
BRAF	KIAA1217	All
BRAF	LCN1P1	All
BRAF	KCTD16	All
BRAF	REEP3	All
BRAF	CAVIN1	All
BRAF	CSPG4	All
BRAF	WDR87	All
BRAF	ILDR2	All
BRAF	RNF44	All
BRAF	ARC	All
BRAF	C11orf96	All
BRAF	NLRP10	All
BRAF	HOMER1	All
BRAF	MICALL2	All
BRAF	FAM43A	All
BRAF	SYNPO	All
BRAF	SHKBP1	All
BRAF	C2CD4C	All
BRAF	PHLDA1	All
BRAF	NRGN	All
BRAF	KCTD12	All
BRAF	CCDC51	All
BRAF	TRIB3	All
BRAF	TRIB1	All
BRAF	FOXC2	All
BRAF	RAMAC	All
BRAF	HES7	All
BRAF	SH3BGRL3	All
BRAF	LHX5	All
BRAF	CCDC68	All
BRAF	PLEKHA4	All
BRAF	HOMER3	All
BRAF	SPHK1	All
BRAF	UGGT2	All
BRAF	FRMD4A	All
BRAF	HSPB8	All
BRAF	BAIAP2	All
BRAF	SH2B3	All
BRAF	IVNS1ABP	All
BRAF	DCAF8L1;DCAF8L2	All
BRAF	EYA2	All
BRAF	FOXN3	All
BRAF	ZBTB39	All
BRAF	MARCHF6	All
BRAF	SELENOF	All
BRAF	OPHN1	All
BRAF	ATP5PD	All
BRAF	HSPA4L	All
BRAF	KRAS	All
BRAF	RAF1	All
BRAF	PRR35	All
BRAF	ARAF	All
BRAF	MAP2K2	All
BRAF	PPP5C	All
BRAF	APBA1	All
BRAF	FKBP4	All
BRAF	PLOD1	All
BRAF	DELE1	All
BRAF	CUL7	All
BRAF	LETM2	All
BRAF	SLC25A52	All
BRAF	HSP90AA5P	All
BRAF	CPNE8	All
BRAF	P3H3	All
BRAF	RPTOR	All
BRAF	CNNM3	All
BRAF	NT5C	All
BRAF	BRI3BP	All
BRAF	P3H4	All
BRAF	SDF2	All
BRAF	VAMP8	All
BRAF	SLC25A51	All
BRAF	SDF2L1	All
BRAF	WDR6	All
BRAF	SH3GLB2	All
BRAF	OCIAD1	All
BRAF	DNAJB11	All
BRAF	FTSJ1	All
BRAF	VTI1B	All
BRAF	ARMCX3	All
BRAF	ZNF510	All
BRAF	SUGT1	All
BRAF	HCN4	All
BRAF	DPYSL4	All
BRAF	N4BP3	All
BRAF	SPRY2	All
BRAF	KLHL18	All
BRAF	TTC4	All
BRAF	FOS	All
BRAF	KRT18	All
BRAF	LMO1	All
BRAF	SDC4	All
BRAF	SREBF1	All
BRAF	HMGCS2	All
BRAF	CDK17	All
BRAF	FSCN1	All
BRAF	DUSP5	All
BRAF	SHROOM1	All
BRAF	MIDN	All
BRAF	MTUS2	All
BRAF	TNS2	All
BRAF	CRACDL	All
BRAF	ZFPM1	All
BRAF	HYCC2	All
BRAF	C11orf42	All
BRAF	DOT1L	All
BRAF	ARAP3	All
BRAF	HSPH1	All
BRAF	FEM1C	All
BRAF	KLHL5	All
BRAF	S100A13	All
BRAF	GDF15	All
BRAF	CARD6	All
BRAF	KLHL4	All
BRAF	RPAP3	All
BRAF	GPRC5C	All
BRAF	KLHL21	All
BRAF	TBX21	All
BRAF	MAPK8IP3	All
BRAF	UNC13A	All
BRAF	IRS2	All
BRAF	ATP9B	All
BRAF	NR2F1	All
BRAF	VCAN	All
BRAF	SSBP2	All
BRAF	OGDH	All
BRAF	BAMBI	All
BRAF	EEF2KMT	All
BRAF	SMIM26	All
BRAF	TUG1	All
BRAF	ELOVL7	All
BRAF	PEDS1	All
BRAF	TCAF2	All
BRAF	C17orf100	All
BRAF	SGK1	All
BRAF	LGALS8	All
BRAF	PSMD11	All
BRAF	PSMD12	All
BRAF	GOLIM4	All
BRAF	CCN1	All
BRAF	GOSR2	All
BRAF	TOR1B	All
BRAF	ENC1	All
BRAF	BCKDK	All
BRAF	VGF	All
BRAF	SPRY1	All
BRAF	SPOP	All
BRAF	LCMT2	All
BRAF	MAN1A2	All
BRAF	ACSL4	All
BRAF	RANBP6	All
BRAF	SLC16A7	All
BRAF	SRPX2	All
BRAF	UGDH	All
BRAF	DUSP11	All
BRAF	SEMA7A	All
BRAF	STX11	All
BRAF	USP2	All
BRAF	CDC123	All
BRAF	SERF1A	All
BRAF	RGS20	All
BRAF	CCNB2	All
BRAF	LEPROTL1	All
BRAF	ABCB11	All
BRAF	SGPL1	All
BRAF	NTN1	All
BRAF	HRAS	All
BRAF	HLA-B	All
BRAF	TFRC	All
BRAF	HLA-A	All
BRAF	THBD	All
BRAF	YES1	All
BRAF	LYN	All
BRAF	HCK	All
BRAF	CLTB	All
BRAF	TFPI	All
BRAF	CLU	All
BRAF	SLC2A1	All
BRAF	RALB	All
BRAF	CYBA	All
BRAF	TPT1	All
BRAF	CD59	All
BRAF	CPM	All
BRAF	PKM	All
BRAF	PVR	All
BRAF	RAC2	All
BRAF	AREG	All
BRAF	VEGFA	All
BRAF	EPCAM	All
BRAF	FLT1	All
BRAF	ARF4	All
BRAF	SRD5A1	All
BRAF	TAC1	All
BRAF	ATP6V1C1	All
BRAF	MGAT1	All
BRAF	EEF1G	All
BRAF	EPHA2	All
BRAF	CRABP2	All
BRAF	PPP2R1B	All
BRAF	NTS	All
BRAF	CORO1A	All
BRAF	DNAJA1	All
BRAF	MYH9	All
BRAF	GNL1	All
BRAF	FDFT1	All
BRAF	PRKCI	All
BRAF	INPP1	All
BRAF	CLK1	All
BRAF	CLK3	All
BRAF	LIG4	All
BRAF	UBE2D1	All
BRAF	KPNA2	All
BRAF	F2RL1	All
BRAF	TMEM33	All
BRAF	SESN3	All
BRAF	CXCR4	All
BRAF	YPEL3	All
BRAF	ATP6V0D1	All
BRAF	DAD1	All
BRAF	PPP2CB	All
BRAF	RACK1	All
BRAF	ARF1	All
BRAF	SERF2	All
BRAF	SPTBN1	All
BRAF	RUNX1	All
BRAF	PFKP	All
BRAF	GBE1	All
BRAF	PRKCD	All
BRAF	MFGE8	All
BRAF	SPOCK1	All
BRAF	CHAF1A	All
BRAF	CHAF1B	All
BRAF	CALCOCO2	All
BRAF	OS9	All
BRAF	LSAMP	All
BRAF	TUSC3	All
BRAF	SQSTM1	All
BRAF	SERINC3	All
BRAF	TDG	All
BRAF	RAB31	All
BRAF	RAB32	All
BRAF	SPTAN1	All
BRAF	TNFAIP1	All
BRAF	IDI1	All
BRAF	KEAP1	All
BRAF	BTG3	All
BRAF	GALNT3	All
BRAF	ZNF267	All
BRAF	STARD3	All
BRAF	PSME4	All
BRAF	PSMD6	All
BRAF	ARL6IP1	All
BRAF	DHCR24	All
BRAF	RAB30	All
BRAF	EXT1	All
BRAF	PPP2R5E	All
BRAF	UBE2S	All
BRAF	CYP51A1	All
BRAF	UGT8	All
BRAF	ZNF791	All
BRAF	GPAT3	All
BRAF	ORMDL2	All
BRAF	OCIAD2	All
BRAF	TMEM41B	All
BRAF	MEST	All
BRAF	RNFT1	All
BRAF	TMEM201	All
BRAF	ZNF697	All
BRAF	ASPHD1	All
BRAF	HECTD2	All
BRAF	ANKRD22	All
BRAF	DCAF15	All
BRAF	FAAH2	All
BRAF	CCSAP	All
BRAF	SLC25A25	All
BRAF	MFSD5	All
BRAF	PGM2L1	All
BRAF	POTEE	All
BRAF	FAM111B	All
BRAF	TMEM205	All
BRAF	LCLAT1	All
BRAF	ZNF562	All
BRAF	CERS6	All
BRAF	ZNF66	All
BRAF	TMPPE	All
BRAF	LANCL3	All
BRAF	PAQR9	All
BRAF	BZW1	All
BRAF	LRP10	All
BRAF	SPRED2	All
BRAF	SPRED1	All
BRAF	PIGW	All
BRAF	DHDDS	All
BRAF	ADIPOR2	All
BRAF	TMEM200A	All
BRAF	LSR	All
BRAF	VRK2	All
BRAF	DOLPP1	All
BRAF	RAB43	All
BRAF	EPHX4	All
BRAF	ZDHHC21	All
BRAF	ITPRIP	All
BRAF	DCUN1D3	All
BRAF	CMTR2	All
BRAF	ASPM	All
BRAF	ZNF444	All
BRAF	FBXL6	All
BRAF	CERS5	All
BRAF	JAGN1	All
BRAF	FITM2	All
BRAF	ZNF525	All
BRAF	SLC25A29	All
BRAF	FAM98A	All
BRAF	GPRC5A	All
BRAF	FBH1	All
BRAF	SGMS2	All
BRAF	OCC1	All
BRAF	SLC35B2	All
BRAF	SLC35G2	All
BRAF	SFXN5	All
BRAF	SLC2A14	All
BRAF	SLC20A1	All
BRAF	FAR1	All
BRAF	CCNB3	All
BRAF	KCTD13	All
BRAF	PIGB	All
BRAF	CENPI	All
BRAF	RND1	All
BRAF	PEX13	All
BRAF	ATP6V0A1	All
BRAF	FBXO32	All
BRAF	ZDHHC16	All
BRAF	PNPLA2	All
BRAF	AIDA	All
BRAF	SARAF	All
BRAF	PLEKHB2	All
BRAF	FAM241B	All
BRAF	NUS1	All
BRAF	S100A16	All
BRAF	VMP1	All
BRAF	PRR11	All
BRAF	FAR2	All
BRAF	DNAJC1	All
BRAF	BTBD6	All
BRAF	DNAJC30	All
BRAF	INTS15	All
BRAF	GUCD1	All
BRAF	BTBD9	All
BRAF	SLC49A4	All
BRAF	SDHC	All
BRAF	RGPD5	All
BRAF	CDC6	All
BRAF	RNF5	All
BRAF	VRK1	All
BRAF	SELENOS	All
BRAF	ISCA1	All
BRAF	DERL1	All
BRAF	EMC6	All
BRAF	TMEM147	All
BRAF	ELOVL1	All
BRAF	NAA15	All
BRAF	TMEM59	All
BRAF	EMILIN2	All
BRAF	UBL5	All
BRAF	ULBP2	All
BRAF	SPRY4	All
BRAF	BTBD1	All
BRAF	METTL9	All
BRAF	EHD4	All
BRAF	SLC25A32	All
BRAF	KCTD10	All
BRAF	RNF41	All
BRAF	SPRING1	All
BRAF	TMEM185B	All
BRAF	NAA60	All
BRAF	DNAJC18	All
BRAF	RNF122	All
BRAF	CLK4	All
BRAF	ZSWIM6	All
BRAF	PGAP6	All
BRAF	RAB18	All
BRAF	PNPLA8	All
BRAF	TMEM138	All
BRAF	XPNPEP3	All
BRAF	ITM2C	All
BRAF	FBXO8	All
BRAF	SERINC1	All
BRAF	TMEM39A	All
BRAF	GNL3L	All
BRAF	ASB6	All
BRAF	DNAJB12	All
BRAF	UTP6	All
BRAF	WSB2	All
BRAF	RNF181	All
BRAF	CHPF2	All
BRAF	GNG12	All
BRAF	TNFRSF10D	All
BRAF	DKK2	All
BRAF	CLN8	All
BRAF	APOBEC3B	All
BRAF	SRRD	All
BRAF	ADAMTS1	All
BRAF	ZNF225	All
BRAF	FBXO3	All
BRAF	MRTO4	All
BRAF	AMFR	All
BRAF	PROCR	All
BRAF	DOLK	All
BRAF	CORO2B	All
BRAF	RCE1	All
BRAF	EIF3L	All
BRAF	PIGL	All
BRAF	KDM2A	All
BRAF	PTRH2	All
BRAF	RAP2C	All
BRAF	ASB3	All
BRAF	PCDHB2	All
BRAF	FADS3	All
BRAF	LIPG	All
BRAF	UBIAD1	All
BRAF	SPCS1	All
BRAF	SELENOK	All
BRAF	CSNK1G3	All
BRAF	SQOR	All
BRAF	FADS2	All
BRAF	UROD	All
BRAF	NEFL	All
BRAF	C4A;C4B	All
BRAF	RPA2	All
BRAF	EEF1B2	All
BRAF	RPA1	All
BRAF	PSMB4	All
BRAF	MAT2A	All
BRAF	RPA3	All
BRAF	PSMC5	All
BRAF	ESRRG	All
BRAF	ID3	All
BRAF	LGALS3BP	All
BRAF	ORC1	All
BRAF	CRMP1	All
BRAF	GPR176	All
BRAF	PKN2	All
BRAF	RADX	All
BRAF	KSR2	All
BRAF	LDLRAD3	All
BRAF	KSR1	All
BRAF	SIRT2	All
BRAF	EID2	All
BRAF	RP9	All
BRAF	AEN	All
BRAF	ZNF480	All
BRAF	USP6NL	All
BRAF	TWNK	All
BRAF	EPB41L4B	All
BRAF	PELI2	All
BRAF	GGA3	All
BRAF	TMEFF2	All
BRAF	RPUSD1	All
BRAF	OAS3	All
BRAF	NUDT4B	All
BRAF	GFRA2	All
BRAF	PLOD3	All
BRAF	ZNF324	All
BRAF	GABBR2	All
BRAF	CHGB	All
BRAF	ELFN1	All
BRAF	CHGA	All
BRAF	ETS2	All
BRAF	ACAN	All
BRAF	TUBG1	All
BRAF	PIK3CA	All
BRAF	METAP2	All
BRAF	MZT1	All
BRAF	TUBB3	All
BRAF	PCLAF	All
BRAF	ALG11	All
BRAF	ZNF789	All
BRAF	ZNF684	All
BRAF	EGFLAM	All
BRAF	TTC27	All
BRAF	ZCCHC12	All
BRAF	ABHD13	All
BRAF	ZNF765	All
BRAF	FBXO11	All
BRAF	ANKRD18A	All
BRAF	ZNF557	All
BRAF	COLGALT1	All
BRAF	SLC44A5	All
BRAF	PNMA1	All
BRAF	CEMIP	All
BRAF	C11orf52	All
BRAF	ZNF669	All
BRAF	ARMC5	All
BRAF	TUBGCP3	All
BRAF	ARL5B	All
BRAF	LRR1	All
BRAF	ZNF578	All
BRAF	YPEL2	All
BRAF	AGAP2	All
BRAF	TUBGCP2	All
BRAF	STRA6	All
BRAF	DOCK9	All
BRAF	SLC29A3	All
BRAF	ANKH	All
BRAF	GPAM	All
BRAF	MYO10	All
BRAF	SH2D2A	All
BRAF	KMT5A	All
BRAF	ERRFI1	All
BRAF	FBXL3	All
BRAF	ZNF215	All
BRAF	DLGAP4	All
BRAF	ZNF256	All
BRAF	SIVA1	All
BRAF	EDIL3	All
BRAF	SC5D	All
BRAF	SLIT2	All
BRAF	NRAS	All
BRAF	THBS1	All
BRAF	PTPRZ1	All
BRAF	GABRB3	All
BRAF	EEF1D	All
BRAF	DRG2	All
BRAF	POLR2G	All
BRAF	POLR2L	All
BRAF	DHFR2	All
BRAF	FOXRED2	All
BRAF	GATD1	All
BRAF	DTWD2	All
BRAF	ADPRHL1	All
BRAF	KLHL15	All
BRAF	ACTL8	All
BRAF	SPON1	All
BRAF	HPF1	All
BRAF	TAOK2	All
BRAF	SLC27A6	All
BRAF	AP3M1	All
BRAF	GPC6	All
BRAF	WSB1	All
NRAS	FNDC10	All
NRAS	RGL2	All
NRAS	SLITRK5	All
NRAS	NRAS	All
NRAS	RAF1	All
NRAS	DERPC	All
NRAS	ARAF	All
NRAS	VCAN	All
NRAS	BRAF	All
NRAS	CSRP1	All
NRAS	LMO1	All
NRAS	YWHAQ	All
NRAS	PSMB5	All
NRAS	YWHAB	All
NRAS	PPP1CC	All
NRAS	PIK3CA	All
NRAS	RAP1GDS1	All
NRAS	CRIP2	All
NRAS	AFDN	All
NRAS	YWHAG	All
NRAS	PPP1CA	All
NRAS	PPP1CB	All
NRAS	YWHAE	All
NRAS	YWHAZ	All
NRAS	PLAUR	All
NRAS	YWHAH	All
NRAS	RALGDS	All
NRAS	PDE7A	All
NRAS	FSCN1	All
NRAS	SKOR2	All
NRAS	SP6	All
NRAS	CEP68	All
NRAS	CBARP	All
NRAS	ABHD3	All
NRAS	SNX33	All
NRAS	RASSF5	All
NRAS	CORO2A	All
NRAS	RADIL	All
NRAS	PDGFD	All
NRAS	RGL1	All
NRAS	PLCE1	All
NRAS	ARHGAP28	All
NRAS	SHOC2	All
NRAS	PADI2	All
NRAS	HCN4	All
NRAS	TMEM120B	All
NRAS	LIPT2	All
NRAS	ZSWIM8	All
NRAS	PIK3CD	All
NRAS	FOXE1	All
NRAS	PIK3R2	All
NRAS	KRIT1	All
NRAS	NEMP1	All
NRAS	DPYSL4	All
NRAS	PHYH	All
NRAS	MGST3	All
NRAS	DCLK1	All
NRAS	CYTH3	All
NRAS	CEP104	All
NRAS	CCNT2	All
NRAS	DEPDC5	All
NRAS	SS18L1	All
NRAS	SLC43A1	All
NRAS	GIGYF1	All
NRAS	ADGRL1	All
NRAS	CSPG5	All
NRAS	PAPLN	All
NRAS	CDS2	All
NRAS	WNT11	All
NRAS	HRAS	All
NRAS	KRAS	All
NRAS	ATP1B1	All
NRAS	CTSB	All
NRAS	GNAO1	All
NRAS	ELFN1	All
NRAS	PRR35	All
NRAS	F5	All
NRAS	CKMT1A	All
NRAS	CD99	All
NRAS	RAC2	All
NRAS	MGMT	All
NRAS	JUND	All
NRAS	GNAZ	All
NRAS	MDK	All
NRAS	KCNA5	All
NRAS	CERS1	All
NRAS	PIK3R1	All
NRAS	PRDX5	All
NRAS	GPC1	All
NRAS	HMGCL	All
NRAS	MATK	All
NRAS	GNG4	All
NRAS	SLC25A1	All
NRAS	CMC4	All
NRAS	RAC3	All
NRAS	CXCR4	All
NRAS	SSBP2	All
NRAS	INSM1	All
NRAS	ACY1	All
NRAS	EMX1	All
NRAS	ABHD18	All
NRAS	MN1	All
NRAS	TMEM94	All
NRAS	ASPH	All
NRAS	ATM	All
NRAS	SCRIB	All
NRAS	CRMP1	All
NRAS	RASA3	All
NRAS	ARHGEF6	All
NRAS	TCEA2	All
NRAS	PDCD4	All
NRAS	TMTC4	All
NRAS	TUT4	All
NRAS	EGFLAM	All
NRAS	RPUSD3	All
NRAS	C22orf39	All
NRAS	ABHD17C	All
NRAS	CRTC1	All
NRAS	CSPG4	All
NRAS	USP43	All
NRAS	SLC25A42	All
NRAS	COMTD1	All
NRAS	TPRA1	All
NRAS	FMNL3	All
NRAS	MMAA	All
NRAS	BRSK2	All
NRAS	VKORC1L1	All
NRAS	LTBP4	All
NRAS	EIF4E3	All
NRAS	PARP16	All
NRAS	UBAC2	All
NRAS	DEPTOR	All
NRAS	SLC25A40	All
NRAS	ADAMTS17	All
NRAS	ARHGEF40	All
NRAS	PARD3B	All
NRAS	NUDT8	All
NRAS	ARAP3	All
NRAS	BCL2L2	All
NRAS	LHX4	All
NRAS	SLC22A18	All
NRAS	SCARF2	All
NRAS	MYO19	All
NRAS	ABHD14B	All
NRAS	FAM210B	All
NRAS	GDAP1L1	All
NRAS	IPO9	All
NRAS	ARHGEF17	All
NRAS	FMNL2	All
NRAS	CYP2S1	All
NRAS	ARID3A	All
NRAS	DUSP9	All
NRAS	DPYSL5	All
NRAS	SLC25A21	All
NRAS	CCM2	All
NRAS	CNPY3	All
NRAS	KIFC1	All
NRAS	SSBP4	All
NRAS	SFXN3	All
NRAS	SETD5	All
NRAS	CTDSP1	All
NRAS	MTFR1L	All
NRAS	LHX5	All
NRAS	SLC6A15	All
NRAS	CPVL	All
NRAS	TXNIP	All
NRAS	SMOC1	All
NRAS	AAMDC	All
NRAS	PPP1R3E	All
NRAS	TMT1A	All
NRAS	AGO3	All
NRAS	TNS1	All
NRAS	SLC38A10	All
NRAS	EIF4ENIF1	All
NRAS	AGPAT4	All
NRAS	AIG1	All
NRAS	ARL15	All
NRAS	MBD5	All
NRAS	BAHCC1	All
NRAS	FRMD4A	All
NRAS	HDAC6	All
NRAS	PRKAG2	All
NRAS	AGO2	All
NRAS	NOTCH3	All
NRAS	CORO2B	All
NRAS	HDAC5	All
NRAS	POMP	All
NRAS	SLC27A6	All
NRAS	MSRB2	All
NRAS	FIS1	All
NRAS	PYGO1	All
NRAS	IRS2	All
NRAS	TIMM9	All
NRAS	GPC6	All
NRAS	RASGRF2	All
NRAS	SLC16A7	All
NRAS	GAS7	All
NRAS	TGFB1	All
NRAS	SDC1	All
NRAS	HADHA	All
NRAS	SMARCA2	All
NRAS	GALC	All
NRAS	HADHB	All
NRAS	IBA57	All
NRAS	ACBD7	All
NRAS	TXNDC5	All
NRAS	HDAC7	All
NRAS	BCL7C	All
NRAS	PLEKHA2	All
NRAS	OAS3	All
NRAS	ATOX1	All
NRAS	DSCAM	All
NRAS	ALDH1L1	All
NRAS	SOD1	All
NRAS	HMGCS2	All
NRAS	NKAPL	All
NRAS	TRAF7	All
NRAS	DZIP3	All
NRAS	LZTR1	All
NRAS	SCML1	All
NRAS	TUG1	All
NRAS	SGK1	All
NRAS	SC5D	All
NRAS	SULT1C4	All
NRAS	SLIT2	All
NRAS	ZIC2	All
NRAS	FADS2	All
NRAS	THBS1	All
NRAS	C4A;C4B	All
NRAS	CHGA	All
NRAS	PKM	All
NRAS	RPA2	All
NRAS	RASA1	All
NRAS	PTPRZ1	All
NRAS	EEF1B2	All
NRAS	EEF1G	All
NRAS	RPA1	All
NRAS	GABRB3	All
NRAS	RPA3	All
NRAS	CCNG1	All
NRAS	DRG2	All
NRAS	SESN3	All
NRAS	RAP1B	All
NRAS	PSMC5	All
NRAS	SERF2	All
NRAS	ID3	All
NRAS	ZNF91	All
NRAS	CACNB2	All
NRAS	NFE2L1	All
NRAS	PCLAF	All
NRAS	DHCR24	All
NRAS	ORMDL2	All
NRAS	MEST	All
NRAS	SFRP5	All
NRAS	HECTD2	All
NRAS	ECPAS	All
NRAS	ZNF66	All
NRAS	MYPN	All
NRAS	C12orf56	All
NRAS	ASPM	All
NRAS	SLC44A5	All
NRAS	FBH1	All
NRAS	RP9	All
NRAS	AEN	All
NRAS	ANKRD49	All
NRAS	CENPI	All
NRAS	CDC6	All
NRAS	GDF15	All
NRAS	KCTD10	All
NRAS	ACTL8	All
NRAS	DNAJC18	All
NRAS	KMT5A	All
NRAS	ZNF492	All
NRAS	NDRG2	All
NRAS	LZTS1	All
NRAS	KDM2A	All
NRAS	RAPGEF2	All
NRAS	B3GALT1	All
NRAS	MSANTD7	All
NRAS	CPLX1	All
NRAS	VGF	All
NRAS	SIVA1	All
NRAS	BCL2L11	All
NRAS	KCNQ2	All
NRAS	SUSD5	All
NRAS	COL2A1	All
NRAS	RB1	All
NRAS	ACAN	All
NRAS	ITIH2	All
NRAS	MSH3	All
NRAS	COL5A1	All
NRAS	PTMS	All
NRAS	LAMA1	All
NRAS	PTX3	All
NRAS	FBN2	All
NRAS	ZNF93	All
NRAS	CDKN1A	All
NRAS	CDKN1B	All
NRAS	SEPHS1	All
NRAS	GAS1	All
NRAS	MFAP2	All
NRAS	LSAMP	All
NRAS	IDI1	All
NRAS	ARHGEF7	All
NRAS	GIT2	All
NRAS	DOCK1	All
NRAS	GAMT	All
NRAS	MFSD13A	All
NRAS	LLGL1	All
NRAS	SNCB	All
NRAS	CCDC88A	All
NRAS	CYP27C1	All
NRAS	EAPP	All
NRAS	ATXN7L2	All
NRAS	SYT6	All
NRAS	EEIG2	All
NRAS	N4BP2L1	All
NRAS	CPLX2	All
NRAS	THSD4	All
NRAS	PREX2	All
NRAS	RASGRP2	All
NRAS	GPRIN1	All
NRAS	ACOT1	All
NRAS	CHD1L	All
NRAS	HOMEZ	All
NRAS	TMEFF1	All
NRAS	ARHGAP18	All
NRAS	RAPGEF6	All
NRAS	MITD1	All
NRAS	CKAP2	All
NRAS	PIK3R3	All
NRAS	HTRA1	All
NRAS	LOXL4	All
NRAS	HAPLN3	All
NRAS	RPP25	All
NRAS	EMILIN2	All
NRAS	NUCKS1	All
NRAS	PATZ1	All
NRAS	ANKRD10	All
NRAS	ZNF219	All
NRAS	VANGL2	All
NRAS	SHANK2	All
NRAS	AKT3	All
NRAS	GIT1	All
NRAS	CHCHD2	All
NRAS	AK5	All
NRAS	NEFL	All
NRAS	CD44	All
NRAS	EEF1D	All
NRAS	TFPI2	All
NRAS	ACTA1	All
NRAS	SPTBN1	All
NRAS	EEF1A2	All
NRAS	CNTN1	All
NRAS	SPTAN1	All
NRAS	ATXN7L3	All
NRAS	APTX	All
NRAS	MPLKIP	All
NRAS	SLC25A46	All
NRAS	KCTD12	All
NRAS	IGSF21	All
NRAS	ZNF578	All
NRAS	EPB41L4B	All
NRAS	GPAM	All
NRAS	EMILIN3	All
NRAS	TMEFF2	All
NRAS	ZNF214	All
NRAS	ATXN7L1	All
NRAS	SQOR	All
NRAS	SMIM26	All
NRAS	CYBA	All
NRAS	NTS	All
NRAS	MAT2A	All
NRAS	LACTB	All
NRAS	PFKP	All
NRAS	OS9	All
NRAS	RAB32	All
NRAS	TNFAIP1	All
NRAS	DHFR2	All
NRAS	FAR2	All
NRAS	DNAJC30	All
NRAS	TWNK	All
NRAS	SELENOS	All
NRAS	UBL5	All
NRAS	RNF41	All
NRAS	ASB6	All
NRAS	TELO2	All
MAPK3	PTPDC1	All
MAPK3	FNDC10	All
MAPK3	FOXN3	All
MAPK3	DPYSL4	All
MAPK3	PHYH	All
MAPK3	CFLAR	All
MAPK3	SLC16A7	All
MAPK3	HMMR	All
MAPK3	FRAT2	All
MAPK3	RPS6KA5	All
MAPK3	RPS6KA4	All
MAPK3	ADGRL1	All
MAPK3	TIMP1	All
MAPK3	TGFB1	All
MAPK3	HSP90AA1	All
MAPK3	ST6GAL1	All
MAPK3	CSRP1	All
MAPK3	MAPK3	All
MAPK3	MAPK1	All
MAPK3	SLC1A1	All
MAPK3	MAPK8	All
MAPK3	LIMS1	All
MAPK3	ERF	All
MAPK3	RPS6KA3	All
MAPK3	USP4	All
MAPK3	ILK	All
MAPK3	FKBP5	All
MAPK3	RPS6KA2	All
MAPK3	RSU1	All
MAPK3	RPS6KA1	All
MAPK3	CDC37	All
MAPK3	DUSP7	All
MAPK3	AMOT	All
MAPK3	PDCD4	All
MAPK3	HSP90AA4P	All
MAPK3	NKAPL	All
MAPK3	PPM1L	All
MAPK3	ZNF318	All
MAPK3	TCTN3	All
MAPK3	WDR87	All
MAPK3	PRPF39	All
MAPK3	FBXL14	All
MAPK3	LTBP4	All
MAPK3	ENGASE	All
MAPK3	DEPTOR	All
MAPK3	FRS2	All
MAPK3	NUDT8	All
MAPK3	DUSP9	All
MAPK3	MKNK1	All
MAPK3	FAM83D	All
MAPK3	ZNF395	All
MAPK3	ADGRL3	All
MAPK3	MKNK2	All
MAPK3	CHST7	All
MAPK3	PARVA	All
MAPK3	RPS6KA6	All
MAPK3	HCN4	All
MAPK3	IRS2	All
MAPK3	IPP	All
MAPK3	SHANK3	All
MAPK3	SLC22A23	All
MAPK3	DCLK1	All
MAPK3	ADGRL2	All
MAPK3	SOD1	All
MAPK3	HSP90AB1	All
MAPK3	TUBG1	All
MAPK3	MAPK4	All
MAPK3	BMP8B;BMP8A	All
MAPK3	LONP1	All
MAPK3	ETV3	All
MAPK3	NOTCH1	All
MAPK3	DHPS	All
MAPK3	TMEM33	All
MAPK3	MZT1	All
MAPK3	SCRN3	All
MAPK3	GRSF1	All
MAPK3	EIF4EBP1	All
MAPK3	CRMP1	All
MAPK3	DUSP6	All
MAPK3	OCIAD2	All
MAPK3	HSP90AB4P	All
MAPK3	HSP90AB2P	All
MAPK3	MZT2B	All
MAPK3	ABHD17C	All
MAPK3	RHBDF2	All
MAPK3	CSPG4	All
MAPK3	SPRED2	All
MAPK3	ARRDC4	All
MAPK3	NEDD1	All
MAPK3	PCDH19	All
MAPK3	PDCD6IP	All
MAPK3	NEO1	All
MAPK3	FLYWCH2	All
MAPK3	TUBGCP3	All
MAPK3	ITPKC	All
MAPK3	SCARF2	All
MAPK3	DACH2	All
MAPK3	TUBGCP6	All
MAPK3	TUBGCP5	All
MAPK3	EYA3	All
MAPK3	TUBGCP2	All
MAPK3	PARVB	All
MAPK3	SAYSD1	All
MAPK3	TUBG2	All
MAPK3	ANKRD10	All
MAPK3	OGFR	All
MAPK3	TUBGCP4	All
MAPK3	SCML1	All
MAPK3	N4BP3	All
MAPK3	LZTS3	All
MAPK3	H2BC12;H2BC5;H2BC4;H2BC18;H2BC9;H2BC15;H2BC14;H2BC13	All
MAPK3	F5	All
MAPK3	H1-3	All
MAPK3	SDC1	All
MAPK3	SDC2	All
MAPK3	CDKN1A	All
MAPK3	HSP90AB3P	All
MAPK3	PRRC2B	All
MAPK3	ATXN7L2	All
MAPK3	PARD3B	All
MAPK3	BCL7C	All
MAPK3	SMARCC1	All
MAPK3	L3MBTL2	All
MAPK3	CDKN2AIP	All
MAPK3	EPB41L3	All
MAPK3	GPC6	All
MAPK3	WASH3P	All
MAPK3	ATXN7	All
MAPK3	FRS3	All
MAPK3	SUPT3H	All
MAPK3	TAF5L	All
MAPK3	SUPT7L	All
MAPK3	C4A;C4B	All
MAPK3	UCHL3	All
MAPK3	HIVEP1	All
MAPK3	RPA2	All
MAPK3	PTPRZ1	All
MAPK3	RPA1	All
MAPK3	RPA3	All
MAPK3	MAP2K2	All
MAPK3	MEF2A	All
MAPK3	ID3	All
MAPK3	LSAMP	All
MAPK3	GAB1	All
MAPK3	ATXN7L3	All
MAPK3	PEA15	All
MAPK3	IFI16	All
MAPK3	ARHGAP31	All
MAPK3	MEST	All
MAPK3	ANKRD34A	All
MAPK3	ZCCHC12	All
MAPK3	MIDEAS	All
MAPK3	BEND4	All
MAPK3	TADA2B	All
MAPK3	ENAH	All
MAPK3	SUPT20H	All
MAPK3	FBH1	All
MAPK3	PINX1	All
MAPK3	TADA1	All
MAPK3	ARHGEF26	All
MAPK3	BTBD6	All
MAPK3	SOX7	All
MAPK3	CTDSP1	All
MAPK3	DNTTIP1	All
MAPK3	NELFA	All
MAPK3	TAF9B	All
MAPK3	WASH6P	All
MAPK3	STMN3	All
MAPK3	PCDH10	All
MAPK3	TRPS1	All
MAPK3	MRTFB	All
MAPK3	ATXN7L1	All
MAPK3	RAI2	All
MAPK3	B3GALT1	All
MAPK3	CCP110	All
MAPK3	THRB	All
MAPK3	TCF3	All
MAPK3	RAP1GAP	All
MAPK3	CAMSAP2	All
MAPK3	ZXDC	All
MAPK3	C15orf39	All
MAPK3	ERICH1	All
MAPK3	DHFR2	All
MAPK3	TDRP	All
MAPK3	CHERP	All
MAPK3	TNRC6A	All
MAPK3	CEMIP	All
MAPK3	CKAP2	All
MAPK3	PIK3R3	All
MAPK3	KIF16B	All
MAPK3	CCDC138	All
MAPK3	TRERF1	All
MAPK3	NCKAP5L	All
MAPK3	XPNPEP3	All
MAPK3	ZBTB21	All
MAPK3	GRIP1	All
MAPK3	CFAP119	All
MAPK3	VGF	All
MAPK3	BCL2L11	All
MAPK3	EDIL3	All
MAPK3	SLIT2	All
MAPK3	THBS1	All
MAPK3	SERF2	All
MAPK3	TAGLN	All
MAPK3	GPR176	All
MAPK3	MYPN	All
MAPK3	ASPM	All
MAPK3	RP9	All
MAPK3	AEN	All
MAPK3	GDAP1L1	All
MAPK3	TRIB1	All
MAPK3	UBL5	All
MAPK3	KMT5A	All
MAPK3	TMEFF2	All
MAPK3	ZNF256	All
KRAS	CFAP90	All
KRAS	SMAP	All
KRAS	PSMD11	All
KRAS	PSMD12	All
KRAS	EEF2K	All
KRAS	RASGRF2	All
KRAS	PPP1R12A	All
KRAS	PPM1G	All
KRAS	RGS16	All
KRAS	TXNL1	All
KRAS	AHCYL1	All
KRAS	SNAP91	All
KRAS	PEX14	All
KRAS	UBXN7	All
KRAS	ARIH2	All
KRAS	NRAS	All
KRAS	HRAS	All
KRAS	KRAS	All
KRAS	HSPB1	All
KRAS	PTMA	All
KRAS	H2BC11;H2BC17;H2BC3;H2BC21	All
KRAS	TPM1	All
KRAS	CTSH	All
KRAS	CALM1;CALM2;CALM3	All
KRAS	RNH1	All
KRAS	SPRR1B;SPRR1A	All
KRAS	DGKA	All
KRAS	ANP32A	All
KRAS	MTHFR	All
KRAS	CDC34	All
KRAS	NT5C2	All
KRAS	PSMD7	All
KRAS	RAP1GDS1	All
KRAS	GTF2A1	All
KRAS	PSMD4	All
KRAS	COPS2	All
KRAS	RAP1B	All
KRAS	EIF4G2	All
KRAS	SRPX	All
KRAS	ZNF117	All
KRAS	SOS1	All
KRAS	MAP3K12	All
KRAS	GPS1	All
KRAS	PSMD2	All
KRAS	GAS6	All
KRAS	KANK1	All
KRAS	MAPK14	All
KRAS	AMZ1	All
KRAS	EAPP	All
KRAS	MSANTD2	All
KRAS	UBE2R2	All
KRAS	COPS6	All
KRAS	FANCM	All
KRAS	PPP1R14C	All
KRAS	ANP32B	All
KRAS	COPS5	All
KRAS	USP7	All
KRAS	AKT1S1	All
KRAS	ZBTB10	All
KRAS	SIRT1	All
KRAS	DYNLL2	All
KRAS	AHCYL2	All
KRAS	USP47	All
KRAS	ZIC5	All
KRAS	PSMD1	All
KRAS	COPS8	All
KRAS	COPS4	All
KRAS	BHLHE41	All
KRAS	ZDHHC6	All
KRAS	COPS7B	All
KRAS	SSU72	All
KRAS	ATG3	All
KRAS	OLA1	All
KRAS	SETD4	All
KRAS	THAP1	All
KRAS	DCAF16	All
KRAS	UBP1	All
KRAS	COPS7A	All
KRAS	PNMA2	All
KRAS	NFU1	All
KRAS	PSMD13	All
KRAS	COPS3	All
KRAS	ARIH1	All
KRAS	PIK3R2	All
KRAS	RGL2	All
KRAS	CEP104	All
KRAS	RAF1	All
KRAS	SETSIP	All
KRAS	ARAF	All
KRAS	BRAF	All
KRAS	CSRP1	All
KRAS	YWHAQ	All
KRAS	PIK3R1	All
KRAS	YWHAB	All
KRAS	PFN2	All
KRAS	CA8	All
KRAS	SOX18	All
KRAS	PPP1R2	All
KRAS	PIK3CA	All
KRAS	AFDN	All
KRAS	YWHAG	All
KRAS	YWHAE	All
KRAS	YWHAZ	All
KRAS	EIF5A	All
KRAS	MAP2K1	All
KRAS	YWHAH	All
KRAS	RALGDS	All
KRAS	PDCL	All
KRAS	CDC37	All
KRAS	FRMPD1	All
KRAS	LZTR1	All
KRAS	RASSF5	All
KRAS	RAPGEF4	All
KRAS	DCUN1D4	All
KRAS	RADIL	All
KRAS	ARHGEF17	All
KRAS	THUMPD1	All
KRAS	RGL1	All
KRAS	PLCE1	All
KRAS	ARHGAP28	All
KRAS	USP25	All
KRAS	USP15	All
KRAS	ZBTB43	All
KRAS	HMGN1	All
KRAS	THRA	All
KRAS	PPIB	All
KRAS	GNL1	All
KRAS	DR1	All
KRAS	IFRD2	All
KRAS	FRG1	All
KRAS	KPRP	All
KRAS	KCTD16	All
KRAS	TRAF7	All
KRAS	HDGFL2	All
KRAS	RIOK1	All
KRAS	ANAPC13	All
KRAS	NUCKS1	All
KRAS	CDSN	All
KRAS	PKD1L3	All
KRAS	EDEM2	All
KRAS	HECTD1	All
KRAS	TLCD2	All
KRAS	SOWAHD	All
KRAS	PRRT4	All
KRAS	FNDC10	All
KRAS	AP3B1	All
KRAS	CTDSP2	All
KRAS	GNG7	All
KRAS	PEX11A	All
KRAS	CLSTN1	All
KRAS	CSPG5	All
KRAS	WNT11	All
KRAS	TP53	All
KRAS	COL5A2	All
KRAS	H1-0	All
KRAS	YES1	All
KRAS	LYN	All
KRAS	GNAO1	All
KRAS	FAM200B	All
KRAS	ZFTRAF1	All
KRAS	CHGA	All
KRAS	BMP1	All
KRAS	VCAN	All
KRAS	ITGA4	All
KRAS	CD59	All
KRAS	NID1	All
KRAS	PVR	All
KRAS	ARSB	All
KRAS	ITGA2	All
KRAS	COL5A1	All
KRAS	MDK	All
KRAS	NR2F2	All
KRAS	PTX3	All
KRAS	CNTFR	All
KRAS	CYP2C19	All
KRAS	GNG4	All
KRAS	MFAP2	All
KRAS	ITGA1	All
KRAS	S100A10	All
KRAS	NUTF2	All
KRAS	RRAS2	All
KRAS	RPL39;RPL39P5	All
KRAS	SULT2A1	All
KRAS	LOXL1	All
KRAS	MAD2L1	All
KRAS	TCOF1	All
KRAS	GPM6B	All
KRAS	FUT11	All
KRAS	KLHL12	All
KRAS	EEF1AKMT2	All
KRAS	SLC35F1	All
KRAS	N4BP2L1	All
KRAS	TTC39B	All
KRAS	KLHL17	All
KRAS	CSPG4	All
KRAS	MOXD1	All
KRAS	RBPMS2	All
KRAS	MEGF8	All
KRAS	SCD5	All
KRAS	RTN4RL2	All
KRAS	PAQR7	All
KRAS	SULF2	All
KRAS	SULF1	All
KRAS	GALNT12	All
KRAS	ACBD4	All
KRAS	CAMKV	All
KRAS	TTL	All
KRAS	ZNF596	All
KRAS	P3H4	All
KRAS	MAP4K1	All
KRAS	MRAP2	All
KRAS	FOXC2	All
KRAS	ULBP1	All
KRAS	C1orf21	All
KRAS	TMT1A	All
KRAS	UBTD1	All
KRAS	BCL2L12	All
KRAS	PLGRKT	All
KRAS	SIX2	All
KRAS	SDR39U1	All
KRAS	TUBG2	All
KRAS	C1GALT1	All
KRAS	DPM3	All
KRAS	RABAC1	All
KRAS	KIF26A	All
KRAS	PADI2	All
KRAS	EMC9	All
KRAS	COL18A1	All
KRAS	PIK3CD	All
KRAS	RPN2	All
KRAS	CTSB	All
KRAS	IFITM1	All
KRAS	CD99	All
KRAS	SOAT1	All
KRAS	GRIK1	All
KRAS	GNG10	All
KRAS	SLC26A2	All
KRAS	DAD1	All
KRAS	ASIC1	All
KRAS	ACVR1	All
KRAS	SERINC3	All
KRAS	IQGAP2	All
KRAS	SCRIB	All
KRAS	OCLN	All
KRAS	GRTP1	All
KRAS	ECPAS	All
KRAS	EEPD1	All
KRAS	ERO1B	All
KRAS	CYP4X1	All
KRAS	ADPRHL1	All
KRAS	ADAMTS17	All
KRAS	IPO9	All
KRAS	CADM1	All
KRAS	MAGT1	All
KRAS	DOCK5	All
KRAS	SHANK2	All
KRAS	SHOC2	All
KRAS	RNF11	All
KRAS	CCDC61	All
KRAS	SMIM26	All
KRAS	ELOVL7	All
KRAS	MYO1C	All
KRAS	LGALS8	All
KRAS	GET1	All
KRAS	SCD	All
KRAS	DPM1	All
KRAS	SLC19A2	All
KRAS	RP2	All
KRAS	CRTAP	All
KRAS	ZIC2	All
KRAS	HLA-DQB1	All
KRAS	RPN1	All
KRAS	GNAI2	All
KRAS	ANXA2	All
KRAS	ANXA6	All
KRAS	GNAI3	All
KRAS	UQCRFS1P1	All
KRAS	ZNF723	All
KRAS	H1-4	All
KRAS	GNA11	All
KRAS	SRI	All
KRAS	FBN1	All
KRAS	STT3A	All
KRAS	LGALS7	All
KRAS	CLK3	All
KRAS	ZNF83	All
KRAS	DLX6	All
KRAS	ATP5F1E;ATP5F1EP2	All
KRAS	GNAI1	All
KRAS	DCD	All
KRAS	TUSC3	All
KRAS	ARL6IP1	All
KRAS	DHCR24	All
KRAS	TAF1A	All
KRAS	ZNF630	All
KRAS	TMEM128	All
KRAS	TMEM214	All
KRAS	CCDC137	All
KRAS	LCLAT1	All
KRAS	PAQR9	All
KRAS	CHMP1B	All
KRAS	DCXR	All
KRAS	LTBP4	All
KRAS	TMEM256	All
KRAS	ARL6IP6	All
KRAS	CCNYL1	All
KRAS	GDPD1	All
KRAS	XXYLT1	All
KRAS	RBM15B	All
KRAS	SLC30A7	All
KRAS	SLC35B2	All
KRAS	RDH11	All
KRAS	STT3B	All
KRAS	CHPT1	All
KRAS	PIGB	All
KRAS	EDEM1	All
KRAS	TNPO1	All
KRAS	RFT1	All
KRAS	ZNF594	All
KRAS	TLCD4	All
KRAS	GUCD1	All
KRAS	PIGS	All
KRAS	PLEKHF1	All
KRAS	RBM4B	All
KRAS	C7orf50	All
KRAS	RBM4	All
KRAS	ARV1	All
KRAS	KCTD10	All
KRAS	DPAGT1	All
KRAS	TMEM38A	All
KRAS	REEP4	All
KRAS	CPNE5	All
KRAS	PXMP2	All
KRAS	AGPAT3	All
KRAS	OTULINL	All
KRAS	TMEM161A	All
KRAS	DNAJB12	All
KRAS	DNMT3B	All
KRAS	SRRD	All
KRAS	SUN2	All
KRAS	C19orf53	All
KRAS	MOK	All
KRAS	AK6	All
KRAS	FADS3	All
KRAS	H2AC4;H2AC25	All
KRAS	H2BC11;H2BC21	All
KRAS	CD55	All
KRAS	ITGA5	All
KRAS	H2AC11;H2AC20;H2AC18;H2AC12;H2AC14;H2AJ	All
KRAS	CPE	All
KRAS	TLX1	All
KRAS	TIMP3	All
KRAS	HMGA2	All
KRAS	TMBIM6	All
KRAS	H4C1	All
KRAS	H3-3A	All
KRAS	CNTN1	All
KRAS	SLC29A2	All
KRAS	PUM3	All
KRAS	C6orf163	All
KRAS	SDK1	All
KRAS	AIDA	All
KRAS	HAPLN3	All
KRAS	UHRF1	All
KRAS	FUT8	All
KRAS	PROCR	All
KRAS	SLC4A4	All
RAF1	HNRNPA1L3	All
RAF1	DCAF8L1;DCAF8L2	All
RAF1	ZSWIM8	All
RAF1	ASDURF	All
RAF1	AIP	All
RAF1	PIK3R2	All
RAF1	USP9Y	All
RAF1	IRS4	All
RAF1	PHYH	All
RAF1	PFDN6	All
RAF1	ZNF749	All
RAF1	CFAP410	All
RAF1	EDIL3	All
RAF1	KHDRBS3	All
RAF1	URI1	All
RAF1	UBR5	All
RAF1	HERC2	All
RAF1	TTC4	All
RAF1	BAG2	All
RAF1	TOMM40	All
RAF1	NRAS	All
RAF1	HRAS	All
RAF1	AMH	All
RAF1	RAF1	All
RAF1	HMGN2	All
RAF1	HSP90AA1	All
RAF1	HSP90AB1	All
RAF1	H1-4	All
RAF1	TCP1	All
RAF1	CSRP1	All
RAF1	YWHAQ	All
RAF1	PIK3R1	All
RAF1	YWHAB	All
RAF1	STIP1	All
RAF1	LONP1	All
RAF1	CCT6A	All
RAF1	PIK3CA	All
RAF1	CCT8	All
RAF1	USP11	All
RAF1	ZNF131	All
RAF1	PPP5C	All
RAF1	HMGCS2	All
RAF1	YWHAG	All
RAF1	YWHAE	All
RAF1	YWHAZ	All
RAF1	PAFAH1B2	All
RAF1	CCT2	All
RAF1	FKBP4	All
RAF1	YWHAH	All
RAF1	SPAG1	All
RAF1	BAMBI	All
RAF1	FKBP5	All
RAF1	LAMC2	All
RAF1	FKBP8	All
RAF1	HSP90AA2P	All
RAF1	CUL7	All
RAF1	PDCD2	All
RAF1	CDC37	All
RAF1	PCK2	All
RAF1	HSP90AB4P	All
RAF1	HSP90AB3P	All
RAF1	HSP90AB2P	All
RAF1	HSP90AA5P	All
RAF1	HSP90AA4P	All
RAF1	PPP1R15B	All
RAF1	KLC3	All
RAF1	RUFY3	All
RAF1	HUWE1	All
RAF1	DZIP3	All
RAF1	CPNE8	All
RAF1	ANKMY2	All
RAF1	SMYD4	All
RAF1	WDTC1	All
RAF1	TTC9C	All
RAF1	HDAC7	All
RAF1	SPRYD4	All
RAF1	CCT6B	All
RAF1	PIK3R3	All
RAF1	USP9X	All
RAF1	SIRT1	All
RAF1	KIFBP	All
RAF1	DNAAF10	All
RAF1	TRIB3	All
RAF1	MTR	All
RAF1	CCT7	All
RAF1	HGH1	All
RAF1	RPAP3	All
RAF1	ZFAND3	All
RAF1	WDR6	All
RAF1	PLCB1	All
RAF1	SMYD2	All
RAF1	PDRG1	All
RAF1	UXT	All
RAF1	FTSJ1	All
RAF1	PFDN2	All
RAF1	PNMA2	All
RAF1	STUB1	All
RAF1	MAPK8IP3	All
RAF1	NISCH	All
RAF1	SUGT1	All
RAF1	HCN4	All
RAF1	EYA2	All
RAF1	LRP5	All
RAF1	LRP6	All
RAF1	KLHL18	All
RAF1	KRAS	All
RAF1	MCM4	All
RAF1	RRAS2	All
RAF1	MAP2K1	All
RAF1	AMER1	All
RAF1	ABHD17C	All
RAF1	HYCC2	All
RAF1	FBXW8	All
RAF1	NT5C	All
RAF1	RHBDD1	All
RAF1	KLHL25	All
RAF1	SENP3	All
RAF1	PSMD11	All
RAF1	PSMD12	All
RAF1	FOXN3	All
RAF1	PSMD14	All
RAF1	PPP6C	All
RAF1	BHLHE40	All
RAF1	DPYSL4	All
RAF1	SEC16A	All
RAF1	N4BP3	All
RAF1	ANKRD28	All
RAF1	VGF	All
RAF1	OGT	All
RAF1	P4HA2	All
RAF1	PER1	All
RAF1	PJA2	All
RAF1	CCP110	All
RAF1	MSI1	All
RAF1	TRAK2	All
RAF1	TBC1D4	All
RAF1	PPP1R15A	All
RAF1	TOMM70	All
RAF1	MTCL2	All
RAF1	TRIM37	All
RAF1	EYA4	All
RAF1	TIMP1	All
RAF1	TGFB1	All
RAF1	JUN	All
RAF1	KRT18	All
RAF1	LPL	All
RAF1	CENPB	All
RAF1	ANXA5	All
RAF1	USP17L7	All
RAF1	PRKAR1A	All
RAF1	BCR	All
RAF1	COL6A3	All
RAF1	P4HA1	All
RAF1	ETS2	All
RAF1	FOSL1	All
RAF1	JUNB	All
RAF1	PRKACA	All
RAF1	EGR1	All
RAF1	WT1	All
RAF1	PRKACB	All
RAF1	ZFP36	All
RAF1	EPHA2	All
RAF1	MAPK4	All
RAF1	PRKAR1B	All
RAF1	SFN	All
RAF1	GPC1	All
RAF1	CDKN1A	All
RAF1	ETV4	All
RAF1	ZFP36L2	All
RAF1	CCT5	All
RAF1	CCT3	All
RAF1	CCT4	All
RAF1	PSMD7	All
RAF1	UBE2D1	All
RAF1	CRIP2	All
RAF1	FBXW4	All
RAF1	NAA20	All
RAF1	PSMC6	All
RAF1	YPEL5	All
RAF1	POLR2L	All
RAF1	MDM2	All
RAF1	PLAUR	All
RAF1	ZFP36L1	All
RAF1	DMTN	All
RAF1	PSMD2	All
RAF1	MAPK8IP2	All
RAF1	MAMLD1	All
RAF1	NAB1	All
RAF1	LAMB3	All
RAF1	IQCB1	All
RAF1	PCM1	All
RAF1	TCEAL1	All
RAF1	TARBP2	All
RAF1	NAB2	All
RAF1	FSCN1	All
RAF1	MAPK6	All
RAF1	UPP1	All
RAF1	SKOR2	All
RAF1	PLEKHN1	All
RAF1	LONRF3	All
RAF1	MAP9	All
RAF1	MIDN	All
RAF1	PHLDA2	All
RAF1	PLEKHO1	All
RAF1	PPP6R3	All
RAF1	MTUS2	All
RAF1	GPRASP1	All
RAF1	RNF187	All
RAF1	OBI1	All
RAF1	TNS2	All
RAF1	KCTD16	All
RAF1	CRACDL	All
RAF1	ZCCHC8	All
RAF1	CSPG4	All
RAF1	ABHD15	All
RAF1	FGD6	All
RAF1	USP34	All
RAF1	RNF44	All
RAF1	ARC	All
RAF1	ATG9A	All
RAF1	SPRED2	All
RAF1	C11orf96	All
RAF1	CCDC125	All
RAF1	CEP97	All
RAF1	RUSC2	All
RAF1	VWA5B2	All
RAF1	SYNPO	All
RAF1	HJURP	All
RAF1	PJA1	All
RAF1	SNX33	All
RAF1	ADGRV1	All
RAF1	KIAA0232	All
RAF1	RPGR	All
RAF1	TOMM40L	All
RAF1	ENTR1	All
RAF1	KCTD12	All
RAF1	GPRASP2	All
RAF1	TRIM44	All
RAF1	DNAJA3	All
RAF1	SCARF2	All
RAF1	HIC2	All
RAF1	MAGED4	All
RAF1	DCAF5	All
RAF1	NEURL4	All
RAF1	TUBGCP6	All
RAF1	TESK2	All
RAF1	RANBP9	All
RAF1	CSRNP1	All
RAF1	CDK5RAP2	All
RAF1	PSMD1	All
RAF1	GDF15	All
RAF1	SYT11	All
RAF1	IER2	All
RAF1	THUMPD3	All
RAF1	CARD10	All
RAF1	EMILIN2	All
RAF1	LHX5	All
RAF1	TSPYL2	All
RAF1	MMADHC	All
RAF1	RMND5A	All
RAF1	GPN2	All
RAF1	MLXIP	All
RAF1	CLSPN	All
RAF1	GPN1	All
RAF1	GOPC	All
RAF1	MYO10	All
RAF1	GPRC5C	All
RAF1	XPNPEP3	All
RAF1	THSD1	All
RAF1	SERTAD4	All
RAF1	KLHL28	All
RAF1	SPHK1	All
RAF1	FRMD4A	All
RAF1	TNFRSF10D	All
RAF1	TJP2	All
RAF1	MLX	All
RAF1	ADAMTS1	All
RAF1	FEZ2	All
RAF1	HERC5	All
RAF1	SCOC	All
RAF1	ERRFI1	All
RAF1	KLHL21	All
RAF1	HSPB8	All
RAF1	FEM1B	All
RAF1	AKAP11	All
RAF1	PLEKHG1	All
RAF1	AKAP8L	All
RAF1	PSMD13	All
RAF1	PPP6R1	All
RAF1	PDZRN3	All
RAF1	DICER1	All
RAF1	SH2B3	All
RAF1	LZTS1	All
RAF1	SSX2IP	All
RAF1	DNAJC16	All
RAF1	PADI2	All
RAF1	ZBTB1	All
RAF1	DCAF1	All
RAF1	IRS2	All
RAF1	ENC1	All
RAF1	BACH1	All
RAF1	OBSL1	All
RAF1	PPP6R2	All
RAF1	ECD	All
RAF1	NR2F1	All
RAF1	PKM	All
RAF1	NPPC	All
RAF1	PSMB5	All
RAF1	MTHFR	All
RAF1	SRPX	All
RAF1	FLII	All
RAF1	ZNF791	All
RAF1	EAPP	All
RAF1	CEP170	All
RAF1	DENND4C	All
RAF1	LRIG3	All
RAF1	FAM83H	All
RAF1	VPS36	All
RAF1	BRSK2	All
RAF1	ANKRD52	All
RAF1	PNMA1	All
RAF1	ARHGEF40	All
RAF1	PGAM5	All
RAF1	SNX22	All
RAF1	KLHL15	All
RAF1	TRIB1	All
RAF1	DNAJC7	All
RAF1	TSPYL1	All
RAF1	CCDC8	All
RAF1	PATZ1	All
RAF1	MOV10	All
RAF1	GPAM	All
RAF1	PRDM8	All
RAF1	TCP11L1	All
RAF1	VPS18	All
RAF1	EGFL7	All
RAF1	HECTD1	All
RAF1	TUG1	All
RAF1	ELOVL7	All
RAF1	HACD1	All
RAF1	FAAH	All
RAF1	CCN1	All
RAF1	NRP1	All
RAF1	BCKDK	All
RAF1	SPTBN2	All
RAF1	CYP27B1	All
RAF1	GET3	All
RAF1	SUSD5	All
RAF1	LCMT2	All
RAF1	SYNCRIP	All
RAF1	SLC16A7	All
RAF1	ZNF737	All
RAF1	VPS26A	All
RAF1	ZNF324	All
RAF1	CDC123	All
RAF1	DFFB	All
RAF1	SLIT2	All
RAF1	MYO1D	All
RAF1	SGPL1	All
RAF1	NTN1	All
RAF1	F13A1	All
RAF1	FGG	All
RAF1	FN1	All
RAF1	HMGCR	All
RAF1	TP53	All
RAF1	H2AC4;H2AC25	All
RAF1	MPO	All
RAF1	MYL1;MYL3	All
RAF1	NEFL	All
RAF1	PFN1	All
RAF1	APRT	All
RAF1	THBS1	All
RAF1	ASNS	All
RAF1	SERPINF2	All
RAF1	TPM1	All
RAF1	C4A;C4B	All
RAF1	CHGA	All
RAF1	ACTN1	All
RAF1	PRKCSH	All
RAF1	AREG	All
RAF1	CD44	All
RAF1	SLC25A16	All
RAF1	ZNF28	All
RAF1	ITIH2	All
RAF1	ANXA7	All
RAF1	EEF1B2	All
RAF1	GABRB3	All
RAF1	GCA	All
RAF1	EEF1D	All
RAF1	NTS	All
RAF1	CORO1A	All
RAF1	SPR	All
RAF1	THBS4	All
RAF1	MYH9	All
RAF1	MYH10	All
RAF1	SLC6A9	All
RAF1	TFPI2	All
RAF1	PTDSS1	All
RAF1	UBE2A	All
RAF1	GDI2	All
RAF1	ST13	All
RAF1	METAP2	All
RAF1	RAB7A	All
RAF1	PGGT1B	All
RAF1	DRG2	All
RAF1	SESN2	All
RAF1	SESN3	All
RAF1	ELOF1	All
RAF1	MYL6	All
RAF1	RAB2A	All
RAF1	RAB14	All
RAF1	RAP1B	All
RAF1	POLR2G	All
RAF1	RAB1A	All
RAF1	ACTA1	All
RAF1	ARF1	All
RAF1	SERF2	All
RAF1	U2AF1	All
RAF1	SPTBN1	All
RAF1	GBE1	All
RAF1	ZNF91	All
RAF1	LGALS3BP	All
RAF1	TMEM62	All
RAF1	CHAF1A	All
RAF1	CHAF1B	All
RAF1	OS9	All
RAF1	LSAMP	All
RAF1	GFUS	All
RAF1	RAB31	All
RAF1	RAB32	All
RAF1	SPTAN1	All
RAF1	DSG2	All
RAF1	EIF4A2	All
RAF1	HABP2	All
RAF1	DHCR24	All
RAF1	RGN	All
RAF1	UGCG	All
RAF1	ZIK1	All
RAF1	ORMDL2	All
RAF1	ACTBL2	All
RAF1	ZNF326	All
RAF1	MEST	All
RAF1	C6orf136	All
RAF1	SFRP5	All
RAF1	ANXA8L1	All
RAF1	TRAF7	All
RAF1	POTEE	All
RAF1	ZNF66	All
RAF1	ZNF836	All
RAF1	MYH14	All
RAF1	VRK2	All
RAF1	FOXRED2	All
RAF1	CUL9	All
RAF1	TMEM183A	All
RAF1	ALDH16A1	All
RAF1	ASPM	All
RAF1	GATD1	All
RAF1	UBAC2	All
RAF1	CHST13	All
RAF1	FBH1	All
RAF1	RP9	All
RAF1	TLCD3A	All
RAF1	ZNF480	All
RAF1	TRIM41	All
RAF1	DCAKD	All
RAF1	NUDCD2	All
RAF1	ANKRD49	All
RAF1	PIGB	All
RAF1	CENPI	All
RAF1	RABGGTA	All
RAF1	HTRA1	All
RAF1	GLMN	All
RAF1	OXNAD1	All
RAF1	SLC35E1	All
RAF1	GUCD1	All
RAF1	TTC1	All
RAF1	MACROD1	All
RAF1	CORO1B	All
RAF1	PIGQ	All
RAF1	LLPH	All
RAF1	THAP7	All
RAF1	FUT8	All
RAF1	UBL5	All
RAF1	KLHL4	All
RAF1	RAB1B	All
RAF1	DNAJC18	All
RAF1	PPCS	All
RAF1	SPON1	All
RAF1	APMAP	All
RAF1	KMT5A	All
RAF1	SAR1A	All
RAF1	PHPT1	All
RAF1	LANCL2	All
RAF1	EMILIN3	All
RAF1	ARL8B	All
RAF1	NLE1	All
RAF1	HPF1	All
RAF1	OCIAD1	All
RAF1	FBXL12	All
RAF1	RNF181	All
RAF1	ORMDL1	All
RAF1	DLGAP2	All
RAF1	CHORDC1	All
RAF1	UBQLN2	All
RAF1	TMEFF2	All
RAF1	ZNF215	All
RAF1	CORO1C	All
RAF1	UBQLN1	All
RAF1	EIF3L	All
RAF1	CNPY2	All
RAF1	ZNF256	All
RAF1	MEMO1	All
RAF1	ZDHHC9	All
RAF1	TPRKB	All
RAF1	ATG4B	All
RAF1	NPTN	All
RAF1	OAS3	All
RAF1	SQOR	All
RAF1	ROBO1	All
RAF1	SMIM26	All
RAF1	SGK1	All
RAF1	SCD	All
RAF1	SIVA1	All
RAF1	ALOX12B	All
RAF1	SERF1A	All
RAF1	LYPLA2	All
RAF1	FADS2	All
RAF1	RPA2	All
RAF1	PTPRZ1	All
RAF1	RPA1	All
RAF1	MAT2A	All
RAF1	DNAJA1	All
RAF1	RPA3	All
RAF1	MAP2K2	All
RAF1	CCNG1	All
RAF1	ESRRG	All
RAF1	LACTB	All
RAF1	PFKP	All
RAF1	SQSTM1	All
RAF1	TNFAIP1	All
RAF1	IDI1	All
RAF1	PCLAF	All
RAF1	CPTP	All
RAF1	HECTD2	All
RAF1	CHSY3	All
RAF1	SCD5	All
RAF1	SIRT2	All
RAF1	PHTF2	All
RAF1	EID2	All
RAF1	MPLKIP	All
RAF1	AEN	All
RAF1	SARAF	All
RAF1	ARMC5	All
RAF1	BTBD6	All
RAF1	DNAJC30	All
RAF1	ZNF582	All
RAF1	BTBD9	All
RAF1	CDC6	All
RAF1	SELENOS	All
RAF1	TUBGCP2	All
RAF1	UCK2	All
RAF1	ARV1	All
RAF1	KCTD10	All
RAF1	RNF41	All
RAF1	IPPK	All
RAF1	ASB6	All
RAF1	PLA2G3	All
RAF1	TELO2	All
RAF1	UBIAD1	All
RAF1	PEDS1	All
RAF1	LGALS8	All
RAF1	IPO5	All
RAF1	TNFRSF10B	All
RAF1	ANGPT2	All
RAF1	CYP26A1	All
RAF1	SPINT2	All
RAF1	KCNQ2	All
RAF1	SPRY2	All
RAF1	SPOP	All
RAF1	CTSV	All
RAF1	GADD45B	All
RAF1	DUSP11	All
RAF1	STX11	All
RAF1	USP2	All
RAF1	SC5D	All
RAF1	GLS	All
RAF1	ABCB11	All
RAF1	SFT2D2	All
RAF1	TMEM50A	All
RAF1	TSPAN15	All
RAF1	FOS	All
RAF1	HLA-B	All
RAF1	TFRC	All
RAF1	HLA-A	All
RAF1	CHGB	All
RAF1	THBD	All
RAF1	LYN	All
RAF1	ELFN1	All
RAF1	POLR1D	All
RAF1	TFPI	All
RAF1	CLU	All
RAF1	TPT1	All
RAF1	TRIM27	All
RAF1	RAC2	All
RAF1	ARSB	All
RAF1	ACAN	All
RAF1	EPCAM	All
RAF1	GJA1	All
RAF1	FLT1	All
RAF1	TAC1	All
RAF1	EEF1G	All
RAF1	PSMB4	All
RAF1	DUSP1	All
RAF1	CRABP2	All
RAF1	PPP2R1B	All
RAF1	MAN1A1	All
RAF1	GJA5	All
RAF1	GNL1	All
RAF1	SLC19A1	All
RAF1	PRKCI	All
RAF1	NMU	All
RAF1	HSPA13	All
RAF1	LMAN1	All
RAF1	INPP1	All
RAF1	CLK1	All
RAF1	LIG4	All
RAF1	KPNA2	All
RAF1	FOSB	All
RAF1	F2RL1	All
RAF1	CXCR4	All
RAF1	COPS2	All
RAF1	YPEL3	All
RAF1	PSMC5	All
RAF1	EEF1A2	All
RAF1	MFGE8	All
RAF1	SPOCK1	All
RAF1	CD47	All
RAF1	CALCOCO2	All
RAF1	SERINC3	All
RAF1	CUL3	All
RAF1	BTG3	All
RAF1	HNF4G	All
RAF1	MFSD10	All
RAF1	ARL6IP1	All
RAF1	UBE2S	All
RAF1	ALG11	All
RAF1	INAVA	All
RAF1	ITPRIPL2	All
RAF1	KLHL12	All
RAF1	TMEM41B	All
RAF1	SLC35D3	All
RAF1	ELFN2	All
RAF1	TMEM201	All
RAF1	ATAT1	All
RAF1	ODR4	All
RAF1	UTF1	All
RAF1	ZNF697	All
RAF1	ASPHD1	All
RAF1	REEP3	All
RAF1	TMEM154	All
RAF1	ZCCHC12	All
RAF1	FAM111B	All
RAF1	LANCL3	All
RAF1	PAQR9	All
RAF1	ILDR2	All
RAF1	CHST3	All
RAF1	LRP10	All
RAF1	SPRED1	All
RAF1	DHDDS	All
RAF1	ADIPOR2	All
RAF1	TMEM200A	All
RAF1	LSR	All
RAF1	LDLRAD3	All
RAF1	HOMER1	All
RAF1	EPHX4	All
RAF1	ANKRD18A	All
RAF1	DCUN1D3	All
RAF1	TMEM192	All
RAF1	CBARP	All
RAF1	SLC25A29	All
RAF1	TTC13	All
RAF1	KCT2	All
RAF1	SLC44A5	All
RAF1	ADPRHL1	All
RAF1	GPRC5A	All
RAF1	SLC35G2	All
RAF1	SLC20A1	All
RAF1	KCTD13	All
RAF1	RND1	All
RAF1	PEX13	All
RAF1	ATP6V0A1	All
RAF1	AIDA	All
RAF1	FAM241B	All
RAF1	NUS1	All
RAF1	S100A16	All
RAF1	PRR11	All
RAF1	IGSF21	All
RAF1	LOXL4	All
RAF1	FAR2	All
RAF1	APOLD1	All
RAF1	GDAP1L1	All
RAF1	DCBLD2	All
RAF1	YPEL2	All
RAF1	TWNK	All
RAF1	SDHC	All
RAF1	OSMR	All
RAF1	PIP5K1A	All
RAF1	TM9SF2	All
RAF1	FOXC2	All
RAF1	ISCA1	All
RAF1	TRAF4	All
RAF1	STRA6	All
RAF1	NAA15	All
RAF1	TMEM59	All
RAF1	ULBP2	All
RAF1	SPRY4	All
RAF1	SLC25A32	All
RAF1	ACTL8	All
RAF1	TMEM185B	All
RAF1	NAA60	All
RAF1	PRDM10	All
RAF1	ITM2C	All
RAF1	FBXO8	All
RAF1	DUSP22	All
RAF1	SERINC1	All
RAF1	GINM1	All
RAF1	TMEM30A	All
RAF1	GNL3L	All
RAF1	RAB20	All
RAF1	WSB2	All
RAF1	SH3BP4	All
RAF1	DNMT3B	All
RAF1	CLN8	All
RAF1	APOBEC3B	All
RAF1	ARMCX3	All
RAF1	TAOK2	All
RAF1	PROCR	All
RAF1	PDE10A	All
RAF1	ITM2B	All
RAF1	UST	All
RAF1	DLGAP4	All
RAF1	KDM2A	All
RAF1	SLC27A6	All
RAF1	TDRKH	All
RAF1	FADS3	All
RAF1	LIPG	All
RAF1	B3GALT1	All
RAF1	FADS1	All
RAF1	PLOD3	All
RAF1	SULT1C4	All
RAF1	CA2	All
RAF1	SDC4	All
RAF1	RABIF	All
RAF1	POLR2H	All
RAF1	PSMA6	All
RAF1	PRDX4	All
RAF1	TDG	All
RAF1	KEAP1	All
RAF1	CRMP1	All
RAF1	NFE2L1	All
RAF1	LBR	All
RAF1	PPP2R5E	All
RAF1	DUSP5	All
RAF1	TEX30	All
RAF1	MIIP	All
RAF1	RNFT1	All
RAF1	ZMYM1	All
RAF1	ARMC6	All
RAF1	CCBE1	All
RAF1	PREX2	All
RAF1	G2E3	All
RAF1	FBXO11	All
RAF1	COLGALT1	All
RAF1	FAR1	All
RAF1	APOBEC3D	All
RAF1	LRR1	All
RAF1	NOL10	All
RAF1	LIMD2	All
RAF1	THTPA	All
RAF1	BTBD1	All
RAF1	MUC5B	All
RAF1	UTP6	All
RAF1	APEX2	All
RAF1	MRTO4	All
RAF1	FBXL3	All
RAF1	NDRG2	All
RAF1	NOVA2	All
RAF1	PRELID1	All
RAF1	CFL2	All
RAF1	TMX2	All
MAPK1	FNDC10	All
MAPK1	N4BP3	All
MAPK1	SLC16A7	All
MAPK1	HMMR	All
MAPK1	RPS6KA5	All
MAPK1	ADGRL1	All
MAPK1	SLITRK5	All
MAPK1	TIMP1	All
MAPK1	HMGN2	All
MAPK1	HSP90AA1	All
MAPK1	DERPC	All
MAPK1	F5	All
MAPK1	LCP1	All
MAPK1	PKM	All
MAPK1	CSRP1	All
MAPK1	PSMB5	All
MAPK1	MAPK1	All
MAPK1	LIMS1	All
MAPK1	ERF	All
MAPK1	RPS6KA3	All
MAPK1	CRIP2	All
MAPK1	FOXG1	All
MAPK1	EMX1	All
MAPK1	SCRN3	All
MAPK1	ILK	All
MAPK1	FKBP5	All
MAPK1	EIF4EBP2	All
MAPK1	CRMP1	All
MAPK1	RPS6KA2	All
MAPK1	RSU1	All
MAPK1	RPS6KA1	All
MAPK1	ADRM1	All
MAPK1	CDC37	All
MAPK1	FSCN1	All
MAPK1	DUSP7	All
MAPK1	PLEKHN1	All
MAPK1	HSP90AB4P	All
MAPK1	PPM1L	All
MAPK1	MCTP2	All
MAPK1	RHBDF2	All
MAPK1	CSPG4	All
MAPK1	MED12L	All
MAPK1	CKAP2L	All
MAPK1	SYNPO	All
MAPK1	NLGN4Y	All
MAPK1	FRS2	All
MAPK1	SPRYD4	All
MAPK1	DPF3	All
MAPK1	CORO2A	All
MAPK1	CHAMP1	All
MAPK1	TRERF1	All
MAPK1	CYP2S1	All
MAPK1	DUSP9	All
MAPK1	LZTS2	All
MAPK1	MKNK1	All
MAPK1	PBDC1	All
MAPK1	EMILIN2	All
MAPK1	FAM83D	All
MAPK1	MKNK2	All
MAPK1	PARVB	All
MAPK1	SERINC1	All
MAPK1	PARVA	All
MAPK1	RPS6KA6	All
MAPK1	AGO2	All
MAPK1	NOTCH3	All
MAPK1	HCN4	All
MAPK1	IPP	All
MAPK1	DCLK1	All
MAPK1	TGFB1	All
MAPK1	DMTN	All
MAPK1	SKOR2	All
MAPK1	PKHD1L1	All
MAPK1	RCOR2	All
MAPK1	DEPTOR	All
MAPK1	KIAA1191	All
MAPK1	ANO8	All
MAPK1	SCML1	All
MAPK1	RAI2	All
MAPK1	DCAF8L1;DCAF8L2	All
MAPK1	SLC30A4	All
MAPK1	BACH1	All
MAPK1	SIVA1	All
MAPK1	PSMD3	All
MAPK1	RPS6KA4	All
MAPK1	UBR5	All
MAPK1	ADGRL2	All
MAPK1	HSP90AB1	All
MAPK1	FGFR1	All
MAPK1	TUBG1	All
MAPK1	LMO1	All
MAPK1	DUSP1	All
MAPK1	MYH9	All
MAPK1	ETV3	All
MAPK1	NOTCH1	All
MAPK1	DHPS	All
MAPK1	NEK3	All
MAPK1	CTBP2	All
MAPK1	TMEM33	All
MAPK1	MZT1	All
MAPK1	GRSF1	All
MAPK1	DUSP4	All
MAPK1	DUSP5	All
MAPK1	DUSP6	All
MAPK1	OCIAD2	All
MAPK1	HSP90AA5P	All
MAPK1	HSP90AA4P	All
MAPK1	FIGN	All
MAPK1	TMEM201	All
MAPK1	ZNF318	All
MAPK1	USPL1	All
MAPK1	LMBRD2	All
MAPK1	MZT2B	All
MAPK1	ZFP1	All
MAPK1	ARC	All
MAPK1	KCTD20	All
MAPK1	SPRED2	All
MAPK1	SPRED1	All
MAPK1	KDM8	All
MAPK1	LEMD2	All
MAPK1	SPRYD3	All
MAPK1	PCDH19	All
MAPK1	PDCD6IP	All
MAPK1	NEO1	All
MAPK1	LHX4	All
MAPK1	MRTFA	All
MAPK1	RHBDF1	All
MAPK1	TUBGCP3	All
MAPK1	USP47	All
MAPK1	TUBGCP6	All
MAPK1	TUBGCP5	All
MAPK1	WRNIP1	All
MAPK1	EYA3	All
MAPK1	TUBGCP2	All
MAPK1	KATNAL1	All
MAPK1	DUSP16	All
MAPK1	ADGRL3	All
MAPK1	COPRS	All
MAPK1	TUBG2	All
MAPK1	FRMD4A	All
MAPK1	XPR1	All
MAPK1	TUBGCP4	All
MAPK1	PNMA2	All
MAPK1	KIDINS220	All
MAPK1	MRTFB	All
MAPK1	ZBTB21	All
MAPK1	USP24	All
MAPK1	SELENOK	All
MAPK1	MSANTD7	All
MAPK1	TUG1	All
MAPK1	PTPDC1	All
MAPK1	PEDS1	All
MAPK1	SOWAHB	All
MAPK1	SGK1	All
MAPK1	SEC16A	All
MAPK1	TP73	All
MAPK1	FRS3	All
MAPK1	SUSD5	All
MAPK1	SC5D	All
MAPK1	SULT1C4	All
MAPK1	SLIT2	All
MAPK1	PCNT	All
MAPK1	FADS2	All
MAPK1	NEFL	All
MAPK1	THBS1	All
MAPK1	C4A;C4B	All
MAPK1	CHGA	All
MAPK1	RAC2	All
MAPK1	UCHL3	All
MAPK1	HIVEP1	All
MAPK1	RPA2	All
MAPK1	PTPRZ1	All
MAPK1	EEF1B2	All
MAPK1	EEF1G	All
MAPK1	RPA1	All
MAPK1	GABRB3	All
MAPK1	EEF1D	All
MAPK1	PPP2R1B	All
MAPK1	NTS	All
MAPK1	RPA3	All
MAPK1	MAP2K2	All
MAPK1	YAP1	All
MAPK1	RAP1GAP	All
MAPK1	TFPI2	All
MAPK1	PRMT2	All
MAPK1	PSMA6	All
MAPK1	PSMC5	All
MAPK1	ADAM17	All
MAPK1	SERF2	All
MAPK1	ID3	All
MAPK1	SULT2A1	All
MAPK1	OS9	All
MAPK1	LSAMP	All
MAPK1	GAB1	All
MAPK1	KIF14	All
MAPK1	PEA15	All
MAPK1	DHCR24	All
MAPK1	ZXDC	All
MAPK1	ORMDL2	All
MAPK1	MEST	All
MAPK1	PRRC2B	All
MAPK1	SFRP5	All
MAPK1	SYT6	All
MAPK1	RAP1GAP2	All
MAPK1	ANKRD34A	All
MAPK1	MIDEAS	All
MAPK1	ZFYVE16	All
MAPK1	FOXRED2	All
MAPK1	ASPM	All
MAPK1	DNAJC22	All
MAPK1	UBAC2	All
MAPK1	SUPT20H	All
MAPK1	FBH1	All
MAPK1	RP9	All
MAPK1	ABHD3	All
MAPK1	CENPI	All
MAPK1	KCTD12	All
MAPK1	ARHGEF26	All
MAPK1	POM121	All
MAPK1	BTBD6	All
MAPK1	KIF16B	All
MAPK1	CCDC138	All
MAPK1	KLHL15	All
MAPK1	GDAP1L1	All
MAPK1	GDF15	All
MAPK1	SOX7	All
MAPK1	STRA6	All
MAPK1	WWTR1	All
MAPK1	DNTTIP1	All
MAPK1	KCTD10	All
MAPK1	ACTL8	All
MAPK1	DNAJC18	All
MAPK1	CLSPN	All
MAPK1	NCKAP5L	All
MAPK1	CHD8	All
MAPK1	GPAM	All
MAPK1	KMT5A	All
MAPK1	DNMT3B	All
MAPK1	NDRG2	All
MAPK1	CFL2	All
MAPK1	GPC6	All
MAPK1	CYBA	All
MAPK1	SESN3	All
MAPK1	LGALS3BP	All
MAPK1	RAB32	All
MAPK1	TNFAIP1	All
MAPK1	PCLAF	All
MAPK1	ARL6IP1	All
MAPK1	CPTP	All
MAPK1	PIGW	All
MAPK1	C12orf56	All
MAPK1	GATD1	All
MAPK1	PNMA1	All
MAPK1	MPLKIP	All
MAPK1	DNAJC30	All
MAPK1	GUCD1	All
MAPK1	UBL5	All
MAPK1	EPB41L4B	All
MAPK1	DNAJC5	All
MAPK1	EMILIN3	All
MAPK1	TMEFF2	All
MAPK1	ATXN7L1	All
MAPK1	NOVA2	All
MAPK1	KATNIP	All
MAPK1	CDC123	All
MAPK1	CNOT4	All
MAPK1	ZBED1	All
MAPK1	TCF3	All
MAPK1	PSMC2	All
MAPK1	TOB1	All
MAPK1	SEC13	All
MAPK1	CAMSAP2	All
MAPK1	CHAF1A	All
MAPK1	CHAF1B	All
MAPK1	TOB2	All
MAPK1	NFE2L1	All
MAPK1	TRIP12	All
MAPK1	TTLL4	All
MAPK1	TAF7	All
MAPK1	KIF7	All
MAPK1	ARHGAP31	All
MAPK1	ARHGAP29	All
MAPK1	UBAP2	All
MAPK1	SYDE2	All
MAPK1	ZCCHC12	All
MAPK1	C15orf39	All
MAPK1	PEG10	All
MAPK1	TDRP	All
MAPK1	CHERP	All
MAPK1	RAVER1	All
MAPK1	RTKN2	All
MAPK1	SPART	All
MAPK1	CCAR2	All
MAPK1	SYT14	All
MAPK1	NECAP1	All
MAPK1	TNRC6A	All
MAPK1	CKAP2	All
MAPK1	PIK3R3	All
MAPK1	PRCC	All
MAPK1	PINX1	All
MAPK1	OTUD5	All
MAPK1	ZMAT2	All
MAPK1	CDCA3	All
MAPK1	PAIP2	All
MAPK1	NUP58	All
MAPK1	ZCCHC2	All
MAPK1	SENP6	All
MAPK1	AUNIP	All
MAPK1	YY1AP1	All
MAPK1	AGO3	All
MAPK1	FBRS	All
MAPK1	TNRC6C	All
MAPK1	PALMD	All
MAPK1	HPS4	All
MAPK1	DIAPH3	All
MAPK1	ECHDC1	All
MAPK1	GTSE1	All
MAPK1	STMN3	All
MAPK1	TRPS1	All
MAPK1	ERRFI1	All
MAPK1	CDC42EP3	All
MAPK1	AGO1	All
MAPK1	TNRC6B	All
MAPK1	LEMD3	All
MAPK1	GRIP1	All
MAP2K1	USP9Y	All
MAP2K1	RAF1	All
MAP2K1	HSP90AA1	All
MAP2K1	HSP90AB1	All
MAP2K1	ARAF	All
MAP2K1	ITGA4	All
MAP2K1	PGAM1	All
MAP2K1	CSRP1	All
MAP2K1	MAP3K8	All
MAP2K1	ARFIP2	All
MAP2K1	MAP2K1	All
MAP2K1	PIN1	All
MAP2K1	CDC37	All
MAP2K1	HSP90AB4P	All
MAP2K1	HSP90AB2P	All
MAP2K1	KSR1	All
MAP2K1	KDM8	All
MAP2K1	ZNRF1	All
MAP2K1	SPRYD4	All
MAP2K1	ELMO1	All
MAP2K1	CORO2A	All
MAP2K1	USP9X	All
MAP2K1	NTMT1	All
MAP2K1	B4GALT7	All
MAP2K1	CA5B	All
MAP2K1	MGST3	All
MAP2K1	YKT6	All
MAP2K1	OPHN1	All
MAP2K1	PRKCB	All
MAP2K1	MGST1	All
MAP2K1	ANXA7	All
MAP2K1	PTPRE	All
MAP2K1	MDH1	All
MAP2K1	UBE2D1	All
MAP2K1	UBE2N	All
MAP2K1	TUSC3	All
MAP2K1	LAMB3	All
MAP2K1	ERAP2	All
MAP2K1	WDR87	All
MAP2K1	ADIPOR2	All
MAP2K1	KLHL36	All
MAP2K1	GRPEL2	All
MAP2K1	CHST7	All
MAP2K1	ATG3	All
MAP2K1	FAM83G	All
MAP2K1	USP17L5;USP17L15;USP17L11;USP17L22;USP17L17;USP17L19;USP17L20;USP17L24	All
MAP2K1	BHLHE40	All
MAP2K1	ENC1	All
MAP2K1	KDM6B	All
MAP2K1	KLF4	All
MAP2K1	SLC16A7	All
MAP2K1	GADD45B	All
MAP2K1	TIMP1	All
MAP2K1	TGFB1	All
MAP2K1	JUN	All
MAP2K1	USP17L7	All
MAP2K1	PIM1	All
MAP2K1	BRAF	All
MAP2K1	FOSL1	All
MAP2K1	CD44	All
MAP2K1	JUNB	All
MAP2K1	EGR1	All
MAP2K1	NPPC	All
MAP2K1	ZFP36	All
MAP2K1	YWHAQ	All
MAP2K1	DUSP1	All
MAP2K1	CCN2	All
MAP2K1	EPHA2	All
MAP2K1	YWHAB	All
MAP2K1	ELF1	All
MAP2K1	GPC1	All
MAP2K1	CDKN1A	All
MAP2K1	TNFSF9	All
MAP2K1	ETV4	All
MAP2K1	NPTX2	All
MAP2K1	TFPI2	All
MAP2K1	CLK1	All
MAP2K1	HMGCS2	All
MAP2K1	YWHAG	All
MAP2K1	YWHAE	All
MAP2K1	YPEL5	All
MAP2K1	YWHAZ	All
MAP2K1	GTF2B	All
MAP2K1	CDK17	All
MAP2K1	PLAUR	All
MAP2K1	YWHAH	All
MAP2K1	ZFP36L1	All
MAP2K1	CACNB2	All
MAP2K1	MAMLD1	All
MAP2K1	NAB1	All
MAP2K1	TDG	All
MAP2K1	LAMC2	All
MAP2K1	PMAIP1	All
MAP2K1	ARHGAP19	All
MAP2K1	NAB2	All
MAP2K1	DUSP5	All
MAP2K1	UPP1	All
MAP2K1	ARHGAP31	All
MAP2K1	SKOR2	All
MAP2K1	PLEKHN1	All
MAP2K1	PHLDA2	All
MAP2K1	PLEKHO1	All
MAP2K1	ACTBL2	All
MAP2K1	NKAPL	All
MAP2K1	ELFN2	All
MAP2K1	HIVEP3	All
MAP2K1	TNS2	All
MAP2K1	KCTD16	All
MAP2K1	LRRC8E	All
MAP2K1	REEP3	All
MAP2K1	CRACDL	All
MAP2K1	CAVIN1	All
MAP2K1	FIP1L1	All
MAP2K1	CSPG4	All
MAP2K1	CENPQ	All
MAP2K1	ARC	All
MAP2K1	LRP10	All
MAP2K1	C11orf96	All
MAP2K1	PHF13	All
MAP2K1	HOMER1	All
MAP2K1	SYNPO	All
MAP2K1	PHLDA1	All
MAP2K1	NDRG1	All
MAP2K1	KCTD12	All
MAP2K1	CDCA5	All
MAP2K1	TRIB3	All
MAP2K1	TRIB1	All
MAP2K1	FOXC2	All
MAP2K1	REEP2	All
MAP2K1	TMEM147	All
MAP2K1	HES7	All
MAP2K1	PARD6G	All
MAP2K1	PARD6B	All
MAP2K1	STK33	All
MAP2K1	SPRY4	All
MAP2K1	WDR33	All
MAP2K1	LHX5	All
MAP2K1	PLEKHA4	All
MAP2K1	GPRC5C	All
MAP2K1	SPHK1	All
MAP2K1	WSB2	All
MAP2K1	NHSL3	All
MAP2K1	FRMD4A	All
MAP2K1	ADAMTS1	All
MAP2K1	KLHL21	All
MAP2K1	BAIAP2	All
MAP2K1	SH2B3	All
MAP2K1	IRS2	All
MAP2K1	TUG1	All
MAP2K1	UBXN8	All
MAP2K1	SGK1	All
MAP2K1	TAX1BP3	All
MAP2K1	HGS	All
MAP2K1	AHCYL1	All
MAP2K1	CSDE1	All
MAP2K1	CDC123	All
MAP2K1	ECD	All
MAP2K1	THBS1	All
MAP2K1	C4A;C4B	All
MAP2K1	RPA2	All
MAP2K1	RPA1	All
MAP2K1	NTS	All
MAP2K1	MAT2A	All
MAP2K1	RRM2	All
MAP2K1	TTK	All
MAP2K1	RPA3	All
MAP2K1	PSMC2	All
MAP2K1	POLR2I	All
MAP2K1	TXLNA	All
MAP2K1	FASN	All
MAP2K1	TOB1	All
MAP2K1	SESN3	All
MAP2K1	PSMC5	All
MAP2K1	OTUD4	All
MAP2K1	ID3	All
MAP2K1	TRIM26	All
MAP2K1	BFSP1	All
MAP2K1	LSAMP	All
MAP2K1	RAB32	All
MAP2K1	IDI1	All
MAP2K1	UBAP2L	All
MAP2K1	SCRIB	All
MAP2K1	CRMP1	All
MAP2K1	NEDD9	All
MAP2K1	TTLL4	All
MAP2K1	PCLAF	All
MAP2K1	SNX17	All
MAP2K1	DLGAP5	All
MAP2K1	MEA1	All
MAP2K1	ORMDL2	All
MAP2K1	MEST	All
MAP2K1	OTUD3	All
MAP2K1	UBAP2	All
MAP2K1	CCDC102B	All
MAP2K1	Q6ZSR9	All
MAP2K1	PREX2	All
MAP2K1	ZFYVE16	All
MAP2K1	PEG10	All
MAP2K1	MB21D2	All
MAP2K1	EID2	All
MAP2K1	ANKRD52	All
MAP2K1	TNRC6A	All
MAP2K1	FBH1	All
MAP2K1	PIH1D2	All
MAP2K1	CENPI	All
MAP2K1	STAM	All
MAP2K1	RAB3C	All
MAP2K1	SNF8	All
MAP2K1	DDRGK1	All
MAP2K1	BTBD6	All
MAP2K1	FAM193B	All
MAP2K1	SPAG5	All
MAP2K1	PAIP2	All
MAP2K1	UBL5	All
MAP2K1	ZCCHC2	All
MAP2K1	WWTR1	All
MAP2K1	KCTD10	All
MAP2K1	DNAJC5	All
MAP2K1	PELI2	All
MAP2K1	MKNK2	All
MAP2K1	TNRC6C	All
MAP2K1	XPNPEP3	All
MAP2K1	TXLNG	All
MAP2K1	OSER1	All
MAP2K1	KLHL13	All
MAP2K1	MTRR	All
MAP2K1	RIMKLB	All
MAP2K1	NDRG2	All
MAP2K1	POMP	All
MAP2K1	KNSTRN	All
MAP2K1	USP16	All
MAP2K1	MAGED1	All
MAP2K1	ELAPOR2	All
MAP2K1	EDIL3	All
MAP2K1	RCBTB2	All
MAP2K1	NEFL	All
MAP2K1	PRKAR1B	All
MAP2K1	AKAP13	All
MAP2K1	KEAP1	All
MAP2K1	GPR176	All
MAP2K1	RTN1	All
MAP2K1	WASHC2A	All
MAP2K1	CARMIL2	All
MAP2K1	LRCH3	All
MAP2K1	ACTL8	All
MAP2K1	KMT5A	All
MAP2K1	TMEFF2	All
MAP2K1	WDR37	All
MAP2K1	SCIN	All
MAP2K1	SMIM26	All
MAP2K1	PEDS1	All
MAP2K1	LGALS8	All
MAP2K1	CCN1	All
MAP2K1	BCKDK	All
MAP2K1	AURKA	All
MAP2K1	ANGPT2	All
MAP2K1	VGF	All
MAP2K1	EIF3D	All
MAP2K1	SPRY2	All
MAP2K1	GMDS	All
MAP2K1	CRCP	All
MAP2K1	SERF1A	All
MAP2K1	SLIT2	All
MAP2K1	FOS	All
MAP2K1	HRAS	All
MAP2K1	KRT18	All
MAP2K1	THBD	All
MAP2K1	TFPI	All
MAP2K1	CPM	All
MAP2K1	ETS2	All
MAP2K1	AREG	All
MAP2K1	EPCAM	All
MAP2K1	TAC1	All
MAP2K1	SAT1	All
MAP2K1	CORO1A	All
MAP2K1	DNAJA1	All
MAP2K1	PRKCI	All
MAP2K1	PSMC4	All
MAP2K1	NMU	All
MAP2K1	KPNA2	All
MAP2K1	FOSB	All
MAP2K1	F2RL1	All
MAP2K1	MLF1	All
MAP2K1	CCNA1	All
MAP2K1	SERF2	All
MAP2K1	PFKP	All
MAP2K1	GBE1	All
MAP2K1	OS9	All
MAP2K1	SQSTM1	All
MAP2K1	TNFAIP1	All
MAP2K1	BTG3	All
MAP2K1	ARL6IP1	All
MAP2K1	DHCR24	All
MAP2K1	UBE2S	All
MAP2K1	CYP51A1	All
MAP2K1	TMEM201	All
MAP2K1	CFAP58	All
MAP2K1	ASPHD1	All
MAP2K1	HECTD2	All
MAP2K1	ZCCHC12	All
MAP2K1	FAM111B	All
MAP2K1	PAQR9	All
MAP2K1	CHSY3	All
MAP2K1	SPRED1	All
MAP2K1	TMEM200A	All
MAP2K1	EPHX4	All
MAP2K1	DCUN1D3	All
MAP2K1	PNMA1	All
MAP2K1	GPRC5A	All
MAP2K1	OCC1	All
MAP2K1	SLC35G2	All
MAP2K1	SLC2A14	All
MAP2K1	CEMIP	All
MAP2K1	KCTD13	All
MAP2K1	RND1	All
MAP2K1	FBXO32	All
MAP2K1	SARAF	All
MAP2K1	FAM241B	All
MAP2K1	FAR2	All
MAP2K1	ARL5B	All
MAP2K1	BTBD9	All
MAP2K1	RGPD5	All
MAP2K1	CDC6	All
MAP2K1	GDF15	All
MAP2K1	SELENOS	All
MAP2K1	RSRP1	All
MAP2K1	TMEM59	All
MAP2K1	UCK2	All
MAP2K1	BTBD1	All
MAP2K1	RNF41	All
MAP2K1	NAA60	All
MAP2K1	DNAJC18	All
MAP2K1	IPPK	All
MAP2K1	ASB6	All
MAP2K1	NKIRAS1	All
MAP2K1	TNFRSF10D	All
MAP2K1	APOBEC3B	All
MAP2K1	ERRFI1	All
MAP2K1	ZNF225	All
MAP2K1	HEG1	All
MAP2K1	DLGAP4	All
MAP2K1	KDM2A	All
MAP2K1	FADS3	All
MAP2K1	LIPG	All
MAP2K1	SELENOK	All
ARAF	DCAF8L1;DCAF8L2	All
ARAF	ZSWIM8	All
ARAF	ASDURF	All
ARAF	EYA2	All
ARAF	AIP	All
ARAF	USP9Y	All
ARAF	PPP6C	All
ARAF	IRS4	All
ARAF	SEC16A	All
ARAF	PFDN6	All
ARAF	P4HA2	All
ARAF	PER1	All
ARAF	SGTA	All
ARAF	TRAK2	All
ARAF	AQR	All
ARAF	TBC1D4	All
ARAF	SKAP2	All
ARAF	RPS6KA4	All
ARAF	CRTAP	All
ARAF	URI1	All
ARAF	TOMM70	All
ARAF	USP19	All
ARAF	TRIM37	All
ARAF	UBR5	All
ARAF	TTC4	All
ARAF	BAG2	All
ARAF	GPI	All
ARAF	P4HB	All
ARAF	HSP90AA1	All
ARAF	HSP90AB1	All
ARAF	ANXA5	All
ARAF	ARAF	All
ARAF	NR2F1	All
ARAF	PRKAR1A	All
ARAF	UBL4A	All
ARAF	COL11A1	All
ARAF	P4HA1	All
ARAF	COL5A1	All
ARAF	YWHAQ	All
ARAF	PIK3R1	All
ARAF	GDI1	All
ARAF	PRKAR1B	All
ARAF	YWHAB	All
ARAF	STIP1	All
ARAF	MCM4	All
ARAF	CCT6A	All
ARAF	LSS	All
ARAF	LIG4	All
ARAF	GDI2	All
ARAF	PPP5C	All
ARAF	SEC13	All
ARAF	NAA20	All
ARAF	YWHAG	All
ARAF	YWHAE	All
ARAF	YWHAZ	All
ARAF	PAFAH1B2	All
ARAF	LACTB	All
ARAF	LRP2	All
ARAF	FKBP4	All
ARAF	YWHAH	All
ARAF	SPAG1	All
ARAF	MZT1	All
ARAF	RBBP4	All
ARAF	FLII	All
ARAF	BAMBI	All
ARAF	PDE3B	All
ARAF	MAPK8IP2	All
ARAF	FKBP5	All
ARAF	CAMK1	All
ARAF	UBE4A	All
ARAF	FKBP8	All
ARAF	HSP90AA2P	All
ARAF	PLCB4	All
ARAF	TARBP2	All
ARAF	PDCD2	All
ARAF	DDB1	All
ARAF	CDC37	All
ARAF	P3H1	All
ARAF	KLHL26	All
ARAF	HSP90AB4P	All
ARAF	HSP90AB3P	All
ARAF	HSP90AB2P	All
ARAF	HSP90AA5P	All
ARAF	HSP90AA4P	All
ARAF	PPP6R3	All
ARAF	TTC38	All
ARAF	PPP1R15B	All
ARAF	HYI	All
ARAF	UBR4	All
ARAF	ANKRD40	All
ARAF	ABHD17C	All
ARAF	USP34	All
ARAF	GET4	All
ARAF	ARPIN	All
ARAF	HUWE1	All
ARAF	CPNE8	All
ARAF	ANKMY2	All
ARAF	NUDCD3	All
ARAF	P3H2	All
ARAF	P3H3	All
ARAF	SMYD4	All
ARAF	WDTC1	All
ARAF	TTC9C	All
ARAF	PJA1	All
ARAF	NT5C	All
ARAF	RHBDD1	All
ARAF	SNX33	All
ARAF	CCT6B	All
ARAF	PIK3R3	All
ARAF	P3H4	All
ARAF	GLMN	All
ARAF	USP9X	All
ARAF	FBXW5	All
ARAF	RUNDC1	All
ARAF	ENTR1	All
ARAF	TUBGCP3	All
ARAF	SIRT1	All
ARAF	KIFBP	All
ARAF	MAGED4	All
ARAF	PBK	All
ARAF	DNAAF10	All
ARAF	PASK	All
ARAF	TUBGCP6	All
ARAF	TTC1	All
ARAF	DNAJC7	All
ARAF	MTR	All
ARAF	HDHD3	All
ARAF	MCMBP	All
ARAF	HGH1	All
ARAF	AFG2B	All
ARAF	UNC45A	All
ARAF	RPAP3	All
ARAF	SMYD3	All
ARAF	MARCHF7	All
ARAF	GPN2	All
ARAF	CACYBP	All
ARAF	GPN1	All
ARAF	WDR6	All
ARAF	PLCB1	All
ARAF	SMYD2	All
ARAF	NRBP2	All
ARAF	MAN2C1	All
ARAF	PDRG1	All
ARAF	HSPBP1	All
ARAF	UXT	All
ARAF	FTSJ1	All
ARAF	CHORDC1	All
ARAF	ZNHIT2	All
ARAF	PFDN2	All
ARAF	HERC5	All
ARAF	FKBPL	All
ARAF	BAG5	All
ARAF	PNMA2	All
ARAF	STUB1	All
ARAF	PPP6R1	All
ARAF	MAPK8IP3	All
ARAF	DICER1	All
ARAF	RUVBL2	All
ARAF	RUVBL1	All
ARAF	NISCH	All
ARAF	SUGT1	All
ARAF	DCAF1	All
ARAF	SOWAHD	All
ARAF	FOXN3	All
ARAF	PIK3R2	All
ARAF	ANKRD28	All
ARAF	PPM1G	All
ARAF	PJA2	All
ARAF	SYNGR3	All
ARAF	RAB11FIP3	All
ARAF	PPP6R2	All
ARAF	KLHL18	All
ARAF	MTCL2	All
ARAF	HERC2	All
ARAF	WNT11	All
ARAF	KRAS	All
ARAF	AMH	All
ARAF	ALPP;ALPG	All
ARAF	NEFL	All
ARAF	HSPA8	All
ARAF	BCR	All
ARAF	HSPA6	All
ARAF	PRKACA	All
ARAF	TCP1	All
ARAF	CSRP1	All
ARAF	PRKACB	All
ARAF	PTPRZ1	All
ARAF	MARK3	All
ARAF	MAPK4	All
ARAF	FBN2	All
ARAF	CCT3	All
ARAF	CCT8	All
ARAF	PRMT2	All
ARAF	RIPK4	All
ARAF	POLR2L	All
ARAF	CSNK2B	All
ARAF	CCT2	All
ARAF	APBA1	All
ARAF	GCNT1	All
ARAF	MAP2K1	All
ARAF	PPID	All
ARAF	ZNF816	All
ARAF	ABR	All
ARAF	CDC16	All
ARAF	ITPR2	All
ARAF	ITPR3	All
ARAF	CUL7	All
ARAF	HERC1	All
ARAF	TOMM34	All
ARAF	CCDC85B	All
ARAF	FSCN1	All
ARAF	MAPK6	All
ARAF	GREB1	All
ARAF	AMER1	All
ARAF	PPP4R3B	All
ARAF	DCAF8	All
ARAF	OBI1	All
ARAF	FAM91A1	All
ARAF	CDC42BPG	All
ARAF	FSTL4	All
ARAF	PPP4R4	All
ARAF	ARMCX5	All
ARAF	WDR87	All
ARAF	TRAPPC6B	All
ARAF	RPAP2	All
ARAF	ZNF100	All
ARAF	LARGE2	All
ARAF	ANKRD52	All
ARAF	FBH1	All
ARAF	ZNF507	All
ARAF	ADAMTS19	All
ARAF	RAPGEF6	All
ARAF	NUDCD2	All
ARAF	UBXN4	All
ARAF	KIAA0232	All
ARAF	SORL1	All
ARAF	CORO2A	All
ARAF	RIT1	All
ARAF	GPRASP2	All
ARAF	FAM89A	All
ARAF	SNX22	All
ARAF	DACH2	All
ARAF	ACAP3	All
ARAF	CDK5RAP2	All
ARAF	TSC22D3	All
ARAF	APBA2	All
ARAF	CCT7	All
ARAF	DUSP9	All
ARAF	EIF2AK1	All
ARAF	TCEAL7	All
ARAF	LRRC1	All
ARAF	DPCD	All
ARAF	RPAP1	All
ARAF	WDR11	All
ARAF	TANGO6	All
ARAF	KIF13A	All
ARAF	TSPYL2	All
ARAF	ZNF395	All
ARAF	MTHFD2L	All
ARAF	C17orf75	All
ARAF	CELSR2	All
ARAF	PRDM6	All
ARAF	NANS	All
ARAF	SH3GLB2	All
ARAF	ELOVL2	All
ARAF	ANKRD10	All
ARAF	DBF4	All
ARAF	MLH3	All
ARAF	EGFL7	All
ARAF	NRBP1	All
ARAF	AKAP11	All
ARAF	FBXL3	All
ARAF	HECTD1	All
ARAF	AKAP8L	All
ARAF	SCML1	All
ARAF	PDZRN3	All
ARAF	JAG2	All
ARAF	PADI2	All
ARAF	ZNF835	All
ARAF	MTCL1	All
ARAF	IRS2	All
ARAF	AHRR	All
ARAF	BACH1	All
ARAF	CCP110	All
ARAF	ZNF749	All
ARAF	OBSL1	All
ARAF	CEP152	All
ARAF	TGFB1	All
ARAF	CENPB	All
ARAF	FES	All
ARAF	COL6A3	All
ARAF	FOSL1	All
ARAF	GCFC2	All
ARAF	JUNB	All
ARAF	EGR1	All
ARAF	TUBG1	All
ARAF	APC	All
ARAF	ITPRID2	All
ARAF	HIVEP2	All
ARAF	AHR	All
ARAF	MAP2K2	All
ARAF	LONP1	All
ARAF	ETV4	All
ARAF	MAP1B	All
ARAF	TFPI2	All
ARAF	CCT5	All
ARAF	CCT4	All
ARAF	USP11	All
ARAF	HMGCS2	All
ARAF	MDM2	All
ARAF	ZFP36L1	All
ARAF	PDCL	All
ARAF	NAB1	All
ARAF	LAMB3	All
ARAF	FAT1	All
ARAF	IQCB1	All
ARAF	PCM1	All
ARAF	KIF7	All
ARAF	CCDC88A	All
ARAF	MIDN	All
ARAF	PHLDA2	All
ARAF	CRACDL	All
ARAF	MSANTD2	All
ARAF	ANKS3	All
ARAF	RNF44	All
ARAF	ARC	All
ARAF	TRAPPC11	All
ARAF	KCTD20	All
ARAF	C11orf96	All
ARAF	TEDC1	All
ARAF	DZIP3	All
ARAF	CEP97	All
ARAF	NELFCD	All
ARAF	ZNF567	All
ARAF	FBXW8	All
ARAF	ARRDC4	All
ARAF	PNMA1	All
ARAF	SPATA18	All
ARAF	HSPH1	All
ARAF	DCAF5	All
ARAF	USP47	All
ARAF	TRIB1	All
ARAF	RANBP9	All
ARAF	LYST	All
ARAF	TINF2	All
ARAF	IER2	All
ARAF	KLHL4	All
ARAF	PDCL3	All
ARAF	RMND5A	All
ARAF	CLSPN	All
ARAF	MYO10	All
ARAF	COPRS	All
ARAF	TUBG2	All
ARAF	KLHL28	All
ARAF	PPP4R2	All
ARAF	UGGT2	All
ARAF	MDFIC	All
ARAF	KLHL21	All
ARAF	ANAPC4	All
ARAF	HSPB8	All
ARAF	ZBTB1	All
ARAF	CEP170B	All
ARAF	TUG1	All
ARAF	SGK1	All
ARAF	IPO5	All
ARAF	CCN1	All
ARAF	EDIL3	All
ARAF	DNAJB6	All
ARAF	ZNF254	All
ARAF	ZNF324	All
ARAF	CDC123	All
ARAF	SC5D	All
ARAF	DFFB	All
ARAF	SLIT2	All
ARAF	NTN1	All
ARAF	THBS1	All
ARAF	CHGA	All
ARAF	DBT	All
ARAF	PKM	All
ARAF	RPA2	All
ARAF	KITLG	All
ARAF	EEF1B2	All
ARAF	EEF1G	All
ARAF	RPA1	All
ARAF	PSMB5	All
ARAF	EEF1D	All
ARAF	NTS	All
ARAF	DNAJA1	All
ARAF	RPA3	All
ARAF	PSMC2	All
ARAF	BUD31	All
ARAF	SLC19A1	All
ARAF	NAMPT	All
ARAF	RABIF	All
ARAF	CLK1	All
ARAF	METAP2	All
ARAF	EPHB4	All
ARAF	DRG2	All
ARAF	ARF1	All
ARAF	SERF2	All
ARAF	LGALS3BP	All
ARAF	CHAF1A	All
ARAF	CHAF1B	All
ARAF	OS9	All
ARAF	LSAMP	All
ARAF	DHCR24	All
ARAF	ALG11	All
ARAF	ZIK1	All
ARAF	CPTP	All
ARAF	HECTD2	All
ARAF	FAM171A1	All
ARAF	EGFLAM	All
ARAF	ZNF776	All
ARAF	TXNDC11	All
ARAF	TECPR1	All
ARAF	SIRT2	All
ARAF	ASPM	All
ARAF	EID2	All
ARAF	ZNF525	All
ARAF	GATD1	All
ARAF	UBAC2	All
ARAF	ADPRHL1	All
ARAF	MFSD8	All
ARAF	AEN	All
ARAF	ZNF480	All
ARAF	ANKRD49	All
ARAF	OVCA2	All
ARAF	CENPI	All
ARAF	RERG	All
ARAF	SLC35E1	All
ARAF	KLHL15	All
ARAF	GDAP1L1	All
ARAF	SNX18	All
ARAF	KLHDC3	All
ARAF	TUBGCP2	All
ARAF	NAT9	All
ARAF	NAA15	All
ARAF	UBL5	All
ARAF	ACTL8	All
ARAF	DNAJC18	All
ARAF	PELI2	All
ARAF	CLK4	All
ARAF	XPNPEP3	All
ARAF	KMT5A	All
ARAF	FBXO8	All
ARAF	ASB6	All
ARAF	FBXL12	All
ARAF	DLGAP2	All
ARAF	SEL1L	All
ARAF	SRRD	All
ARAF	TMEFF2	All
ARAF	ATXN7L1	All
ARAF	EIF3L	All
ARAF	NUDC	All
ARAF	KDM2A	All
ARAF	ZNF256	All
ARAF	TMA7	All
ARAF	AP3M1	All
ARAF	UBIAD1	All
ARAF	SELENOK	All
ARAF	WSB1	All
ARAF	MYO1C	All
ARAF	GAPDHS	All
ARAF	KCNQ2	All
ARAF	MYO1B	All
ARAF	FADS2	All
ARAF	NRAS	All
ARAF	HRAS	All
ARAF	TP53	All
ARAF	POLR1D	All
ARAF	ESRRA	All
ARAF	VCAN	All
ARAF	TRIM27	All
ARAF	PSMB4	All
ARAF	GABRB3	All
ARAF	MAT2A	All
ARAF	NMU	All
ARAF	FGF12	All
ARAF	ESRRG	All
ARAF	ZNF91	All
ARAF	SPOCK1	All
ARAF	CNTN1	All
ARAF	RAB32	All
ARAF	IDI1	All
ARAF	KEAP1	All
ARAF	BTG3	All
ARAF	HNF4G	All
ARAF	KLHL12	All
ARAF	ATAT1	All
ARAF	TENT2	All
ARAF	CHSY3	All
ARAF	PREX2	All
ARAF	NEK8	All
ARAF	SCD5	All
ARAF	DHFR2	All
ARAF	LDLRAD3	All
ARAF	C12orf56	All
ARAF	MB21D2	All
ARAF	DTWD2	All
ARAF	FGF13	All
ARAF	KCTD12	All
ARAF	NUS1	All
ARAF	DISP1	All
ARAF	HAPLN3	All
ARAF	SELENOS	All
ARAF	SYT3	All
ARAF	EMILIN2	All
ARAF	UCK2	All
ARAF	KCTD10	All
ARAF	PCDH18	All
ARAF	EMILIN3	All
ARAF	ECHDC1	All
ARAF	DNMT3B	All
ARAF	TNFRSF10D	All
ARAF	SLC27A6	All
ARAF	B3GALT1	All
ARAF	GPC6	All
ARAF	PPIAL4E;PPIAL4D;PPIAL4F	All
ARAF	SMIM26	All
ARAF	FAM171A2	All
ARAF	UBXN8	All
ARAF	LGALS8	All
ARAF	CTDSP2	All
ARAF	ENC1	All
ARAF	SPRY2	All
ARAF	SPRY1	All
ARAF	PCDH7	All
ARAF	PLOD3	All
ARAF	SLC16A7	All
ARAF	ABCB11	All
ARAF	CA2	All
ARAF	KRT18	All
ARAF	C4A;C4B	All
ARAF	RALB	All
ARAF	IGF2R	All
ARAF	ACTN1	All
ARAF	MIF	All
ARAF	PRKCSH	All
ARAF	GNS	All
ARAF	GJA1	All
ARAF	FLT1	All
ARAF	TAC1	All
ARAF	ZFP36	All
ARAF	STOM	All
ARAF	EPHA2	All
ARAF	GPC1	All
ARAF	NF2	All
ARAF	PIK3CA	All
ARAF	EFNB2	All
ARAF	F2RL1	All
ARAF	EPPK1	All
ARAF	PSMC5	All
ARAF	TPM4	All
ARAF	ACTA1	All
ARAF	EFNB1	All
ARAF	SPTBN1	All
ARAF	TAGLN	All
ARAF	GBE1	All
ARAF	SQSTM1	All
ARAF	GFUS	All
ARAF	ITGA7	All
ARAF	SPTAN1	All
ARAF	TNFAIP1	All
ARAF	NFE2L1	All
ARAF	DSC3	All
ARAF	PCLAF	All
ARAF	ACTBL2	All
ARAF	MEST	All
ARAF	ASPHD1	All
ARAF	PTRHD1	All
ARAF	ZCCHC12	All
ARAF	POTEE	All
ARAF	FAM111B	All
ARAF	LRP10	All
ARAF	SPRED2	All
ARAF	SPRED1	All
ARAF	TMEM200A	All
ARAF	LSR	All
ARAF	CCDC125	All
ARAF	RELL1	All
ARAF	ANKRD18A	All
ARAF	CBARP	All
ARAF	MARVELD2	All
ARAF	COLGALT1	All
ARAF	GPRC5A	All
ARAF	NECTIN2	All
ARAF	NEO1	All
ARAF	AIDA	All
ARAF	SARAF	All
ARAF	KIRREL1	All
ARAF	FAR2	All
ARAF	BTBD6	All
ARAF	GUCD1	All
ARAF	DCBLD2	All
ARAF	ERBIN	All
ARAF	SPRY4	All
ARAF	CTDSP1	All
ARAF	DNAJC5	All
ARAF	ANKH	All
ARAF	NECTIN3	All
ARAF	ITM2C	All
ARAF	THSD1	All
ARAF	SH3BP4	All
ARAF	SPRR3	All
ARAF	CEMIP2	All
ARAF	LZTS1	All
ARAF	CNPY2	All
ARAF	DLGAP4	All
ARAF	ASB3	All
ARAF	SLC30A1	All
ARAF	SLC4A7	All
ARAF	ROBO1	All
HRAS	RASGRF2	All
HRAS	RGL2	All
HRAS	SLC16A7	All
HRAS	ELP1	All
HRAS	NRAS	All
HRAS	HRAS	All
HRAS	KRAS	All
HRAS	RAF1	All
HRAS	PKM	All
HRAS	CSRP1	All
HRAS	PAICS	All
HRAS	PFN2	All
HRAS	PLCD1	All
HRAS	RAP1GDS1	All
HRAS	KIF11	All
HRAS	ARHGEF6	All
HRAS	TCEAL1	All
HRAS	KCTD16	All
HRAS	ELP2	All
HRAS	TRAF7	All
HRAS	CSPG4	All
HRAS	DZIP3	All
HRAS	LZTR1	All
HRAS	ELP5	All
HRAS	CORO2A	All
HRAS	ELP4	All
HRAS	ALOXE3	All
HRAS	ELP3	All
HRAS	PNMA2	All
HRAS	NFU1	All
HRAS	NBDY	All
HRAS	MED19	All
HRAS	SH3PXD2B	All
HRAS	SOWAHD	All
HRAS	LIPT2	All
HRAS	PRRT4	All
HRAS	FNDC10	All
HRAS	EYA2	All
HRAS	DPYSL4	All
HRAS	PHYH	All
HRAS	LIN7A	All
HRAS	N4BP3	All
HRAS	DCLK1	All
HRAS	PLXNB1	All
HRAS	SUSD5	All
HRAS	SS18L1	All
HRAS	DGAT1	All
HRAS	TOX4	All
HRAS	SLITRK5	All
HRAS	CSPG5	All
HRAS	TGFB1	All
HRAS	CSF1	All
HRAS	ELFN1	All
HRAS	DERPC	All
HRAS	CKMT1A	All
HRAS	PTPRZ1	All
HRAS	LMO1	All
HRAS	BLVRB	All
HRAS	SREBF1	All
HRAS	MATK	All
HRAS	CRIP2	All
HRAS	CMC4	All
HRAS	RWDD2B	All
HRAS	LSM11	All
HRAS	ARHGAP8	All
HRAS	EIF4EBP1	All
HRAS	MPP2	All
HRAS	CRMP1	All
HRAS	RASA3	All
HRAS	NHERF2	All
HRAS	FSCN1	All
HRAS	PCK2	All
HRAS	PFKFB3	All
HRAS	PLEKHN1	All
HRAS	ELFN2	All
HRAS	ATAT1	All
HRAS	IBA57	All
HRAS	SDHAF4	All
HRAS	TNS3	All
HRAS	MCTP2	All
HRAS	ALKBH2	All
HRAS	RPUSD3	All
HRAS	USP43	All
HRAS	SAPCD2	All
HRAS	PHLDB1	All
HRAS	TDRP	All
HRAS	BRSK2	All
HRAS	KLHDC8B	All
HRAS	RCOR2	All
HRAS	SFRP1	All
HRAS	ACBD7	All
HRAS	TXNDC5	All
HRAS	SLAIN1	All
HRAS	DEPTOR	All
HRAS	HELQ	All
HRAS	HDAC7	All
HRAS	NUDT8	All
HRAS	SPRYD4	All
HRAS	TTC9	All
HRAS	MED8	All
HRAS	SCARF2	All
HRAS	CHAMP1	All
HRAS	PPM1M	All
HRAS	ARHGEF17	All
HRAS	TRIB1	All
HRAS	CYP2S1	All
HRAS	DUSP9	All
HRAS	DPYSL5	All
HRAS	PBDC1	All
HRAS	TBL1XR1	All
HRAS	SRCIN1	All
HRAS	LHX5	All
HRAS	RSAD1	All
HRAS	PLEKHA2	All
HRAS	TNS1	All
HRAS	ASH1L	All
HRAS	PODXL2	All
HRAS	MED11	All
HRAS	NHSL3	All
HRAS	MBD5	All
HRAS	EGFL7	All
HRAS	SLCO3A1	All
HRAS	AGO2	All
HRAS	PLXNB3	All
HRAS	CORO1C	All
HRAS	NOTCH3	All
HRAS	HCN4	All
HRAS	PYGO1	All
HRAS	IRS2	All
HRAS	PIK3CD	All
HRAS	CEP104	All
HRAS	ARAF	All
HRAS	MAP2	All
HRAS	VCAN	All
HRAS	BRAF	All
HRAS	PIK3R1	All
HRAS	MAPK1	All
HRAS	YWHAB	All
HRAS	PPP1CC	All
HRAS	PIK3CA	All
HRAS	RABIF	All
HRAS	AFDN	All
HRAS	PCBP4	All
HRAS	YWHAG	All
HRAS	PPP1CA	All
HRAS	PPP1CB	All
HRAS	YWHAE	All
HRAS	YWHAZ	All
HRAS	SSBP2	All
HRAS	YWHAH	All
HRAS	RALGDS	All
HRAS	LAMB3	All
HRAS	SCRIB	All
HRAS	CBARP	All
HRAS	RASSF5	All
HRAS	KCTD12	All
HRAS	RADIL	All
HRAS	RGL1	All
HRAS	PLCE1	All
HRAS	ARHGAP28	All
HRAS	FRMD4A	All
HRAS	HSPB8	All
HRAS	SHOC2	All
HRAS	NEBL	All
HRAS	PRKCB	All
HRAS	LGALS1	All
HRAS	F5	All
HRAS	IMPDH2	All
HRAS	JUNB	All
HRAS	DMTN	All
HRAS	LAMC2	All
HRAS	ARHGEF7	All
HRAS	SP6	All
HRAS	PAN3	All
HRAS	TEX30	All
HRAS	MBNL2	All
HRAS	CRACDL	All
HRAS	ARHGAP11A	All
HRAS	SH2D5	All
HRAS	SP8	All
HRAS	SVBP	All
HRAS	SYNPO	All
HRAS	IFT70B	All
HRAS	MDM1	All
HRAS	LMO7	All
HRAS	CKAP2	All
HRAS	PSPC1	All
HRAS	USP6NL	All
HRAS	RIT1	All
HRAS	USP7	All
HRAS	CLUAP1	All
HRAS	USP47	All
HRAS	TTC14	All
HRAS	FOXC2	All
HRAS	SENP7	All
HRAS	EMILIN2	All
HRAS	PAK6	All
HRAS	DLL3	All
HRAS	GAB2	All
HRAS	CTDSP2	All
HRAS	CA2	All
HRAS	NTS	All
HRAS	MAT2A	All
HRAS	TFPI2	All
HRAS	MYOM2	All
HRAS	RAP1B	All
HRAS	HSPE1	All
HRAS	PSMC5	All
HRAS	ID3	All
HRAS	MTAP	All
HRAS	CBLB	All
HRAS	LSAMP	All
HRAS	MTF1	All
HRAS	PCLAF	All
HRAS	MEST	All
HRAS	CIAPIN1	All
HRAS	SIRT2	All
HRAS	FBH1	All
HRAS	PIH1D2	All
HRAS	CENPI	All
HRAS	TMEM74	All
HRAS	PAIP2	All
HRAS	SELENOS	All
HRAS	SCNM1	All
HRAS	KCTD10	All
HRAS	XPNPEP3	All
HRAS	STMN3	All
HRAS	NDRG2	All
HRAS	SMIM26	All
HRAS	MSANTD7	All
HRAS	GOSR2	All
HRAS	PRORP	All
HRAS	SIVA1	All
HRAS	CAPN5	All
HRAS	CYP26A1	All
HRAS	KCNQ2	All
HRAS	FADS1	All
HRAS	NBN	All
HRAS	PEX11A	All
HRAS	DUSP11	All
HRAS	C1QL1	All
HRAS	SLIT2	All
HRAS	FADS2	All
HRAS	CSTB	All
HRAS	ALPL	All
HRAS	LPL	All
HRAS	NEFL	All
HRAS	C4A;C4B	All
HRAS	MGST1	All
HRAS	CHGA	All
HRAS	ESRRA	All
HRAS	CD99	All
HRAS	TRIM27	All
HRAS	AREG	All
HRAS	RPA2	All
HRAS	FGFR3	All
HRAS	PRKCH	All
HRAS	LAMA1	All
HRAS	RPA1	All
HRAS	GABRB3	All
HRAS	CRABP2	All
HRAS	PPP2R1B	All
HRAS	SFN	All
HRAS	RPA3	All
HRAS	FDFT1	All
HRAS	CPT1A	All
HRAS	GAS1	All
HRAS	PRMT2	All
HRAS	WNT3A	All
HRAS	FGF12	All
HRAS	ESRRG	All
HRAS	DCD	All
HRAS	LACTB	All
HRAS	PFKP	All
HRAS	EWSR1	All
HRAS	PRKCQ	All
HRAS	EEF1A2	All
HRAS	CNTN1	All
HRAS	MERTK	All
HRAS	OS9	All
HRAS	RAB32	All
HRAS	IDI1	All
HRAS	TRIM14	All
HRAS	SQLE	All
HRAS	HNF4G	All
HRAS	MFSD13A	All
HRAS	DHCR24	All
HRAS	PPP2R5E	All
HRAS	BAK1	All
HRAS	SLC25A35	All
HRAS	ORMDL2	All
HRAS	TMEM177	All
HRAS	EEF1AKMT2	All
HRAS	UTF1	All
HRAS	SFRP5	All
HRAS	GRAMD4	All
HRAS	TMT1B	All
HRAS	ZDHHC24	All
HRAS	APOOL	All
HRAS	RBPMS2	All
HRAS	PAQR9	All
HRAS	CHSY3	All
HRAS	ABHD13	All
HRAS	RASGRP2	All
HRAS	APTX	All
HRAS	NET1	All
HRAS	SCD5	All
HRAS	DHDDS	All
HRAS	DHFR2	All
HRAS	CHPF	All
HRAS	GPC2	All
HRAS	DNAJC22	All
HRAS	FBXL6	All
HRAS	DTX3	All
HRAS	UBAC2	All
HRAS	CHST13	All
HRAS	RP9	All
HRAS	CXorf38	All
HRAS	SLC35G2	All
HRAS	IPO4	All
HRAS	ABHD3	All
HRAS	THEM6	All
HRAS	SNX33	All
HRAS	PXDN	All
HRAS	HTRA1	All
HRAS	ZDHHC16	All
HRAS	APOBEC3D	All
HRAS	NUS1	All
HRAS	RNFT2	All
HRAS	FAR2	All
HRAS	RITA1	All
HRAS	GDAP1L1	All
HRAS	TWNK	All
HRAS	GDF15	All
HRAS	STRA6	All
HRAS	GLT8D2	All
HRAS	EPB41L4B	All
HRAS	DNAJC5	All
HRAS	RNF41	All
HRAS	ACTL8	All
HRAS	DNAJC18	All
HRAS	SLC25A22	All
HRAS	PATZ1	All
HRAS	RHOF	All
HRAS	SPON1	All
HRAS	CCNB1IP1	All
HRAS	CCDC177	All
HRAS	EMILIN3	All
HRAS	RAB20	All
HRAS	PCDH10	All
HRAS	NRXN2	All
HRAS	ZNF219	All
HRAS	DNMT3B	All
HRAS	DHCR7	All
HRAS	APEX2	All
HRAS	MTFP1	All
HRAS	PLEKHB1	All
HRAS	PARP2	All
HRAS	STEAP1	All
HRAS	HEG1	All
HRAS	PROCR	All
HRAS	RCE1	All
HRAS	CFL2	All
HRAS	KDM2A	All
HRAS	SLC27A6	All
HRAS	TMX2	All
HRAS	B3GALT1	All
HRAS	GPC6	All
HRAS	SPCS1	All
HRAS	PXMP4	All
HRAS	OAS3	All
HRAS	SQOR	All
HRAS	PPIAL4E;PPIAL4D;PPIAL4F	All
HRAS	LGALS8	All
HRAS	CCN1	All
HRAS	SPTBN2	All
HRAS	PROM1	All
HRAS	GET3	All
HRAS	EDIL3	All
HRAS	PLOD3	All
HRAS	CDC123	All
HRAS	BCAS2	All
HRAS	LUC7L3	All
HRAS	PAPSS2	All
HRAS	FGG	All
HRAS	FN1	All
HRAS	TP53	All
HRAS	KRT18	All
HRAS	PFN1	All
HRAS	THBS1	All
HRAS	ANXA5	All
HRAS	UCHL1	All
HRAS	ACTN1	All
HRAS	PRKCSH	All
HRAS	DSP	All
HRAS	RASA1	All
HRAS	EEF1B2	All
HRAS	NFYB	All
HRAS	EEF1G	All
HRAS	EEF1D	All
HRAS	GNA11	All
HRAS	S100A7	All
HRAS	HOXD13	All
HRAS	MYH9	All
HRAS	CDKN1A	All
HRAS	NES	All
HRAS	METAP2	All
HRAS	POLR2H	All
HRAS	SESN3	All
HRAS	TPI1	All
HRAS	MYL6	All
HRAS	POLR2F	All
HRAS	POLR2G	All
HRAS	POLR2L	All
HRAS	TPM4	All
HRAS	ACTA1	All
HRAS	SPTBN1	All
HRAS	CACNB2	All
HRAS	RBBP4	All
HRAS	CHAF1A	All
HRAS	CHAF1B	All
HRAS	CBX3	All
HRAS	GFUS	All
HRAS	SPTAN1	All
HRAS	DSG2	All
HRAS	NFE2L1	All
HRAS	KIF14	All
HRAS	HMGN3	All
HRAS	VPS72	All
HRAS	ACTBL2	All
HRAS	GPRASP1	All
HRAS	EGFLAM	All
HRAS	ZNF776	All
HRAS	POTEE	All
HRAS	FAM111B	All
HRAS	TAOK1	All
HRAS	CCAR1	All
HRAS	ASPM	All
HRAS	CENPL	All
HRAS	ARHGAP18	All
HRAS	MPND	All
HRAS	SAMD12	All
HRAS	COLGALT1	All
HRAS	RAPGEF6	All
HRAS	ZNF384	All
HRAS	PIK3R3	All
HRAS	ENTR1	All
HRAS	ZNF578	All
HRAS	CORO1B	All
HRAS	UBL5	All
HRAS	WWTR1	All
HRAS	PELI2	All
HRAS	EPB41L5	All
HRAS	ZCCHC17	All
HRAS	KMT5A	All
HRAS	TMOD2	All
HRAS	ATP10D	All
HRAS	TNFRSF10D	All
HRAS	TMEFF2	All
HRAS	TAOK2	All
HRAS	NOVA2	All
HRAS	CNPY2	All
HRAS	DLGAP4	All
HRAS	RAPGEF2	All
HRAS	OARD1	All
HRAS	HEBP2	All
HRAS	SCIN	All
HRAS	TAX1BP3	All
HRAS	SPINT2	All
HRAS	CTSV	All
HRAS	CS	All
HRAS	SC5D	All
HRAS	ABCB11	All
HRAS	ZIC2	All
HRAS	MPO	All
HRAS	GSN	All
HRAS	ATP5F1B	All
HRAS	P4HB	All
HRAS	ITGA5	All
HRAS	DLAT	All
HRAS	PRKAR1A	All
HRAS	ESD	All
HRAS	DBT	All
HRAS	RALA	All
HRAS	RALB	All
HRAS	TPT1	All
HRAS	ETFA	All
HRAS	HSP90B1	All
HRAS	UCHL3	All
HRAS	FLT1	All
HRAS	U2AF2	All
HRAS	CANX	All
HRAS	EPHA2	All
HRAS	ECHS1	All
HRAS	PDIA3	All
HRAS	PPIF	All
HRAS	CORO1A	All
HRAS	PRKAR1B	All
HRAS	DLST	All
HRAS	MDH2	All
HRAS	YAP1	All
HRAS	EFNB2	All
HRAS	EPHA5	All
HRAS	EPHB4	All
HRAS	ARPC4	All
HRAS	ELOF1	All
HRAS	RAB2A	All
HRAS	FKBP1A	All
HRAS	U2AF1	All
HRAS	TAGLN	All
HRAS	LMAN2	All
HRAS	ITGA7	All
HRAS	EPHA7	All
HRAS	SF3A1	All
HRAS	RGN	All
HRAS	GUK1	All
HRAS	SKIDA1	All
HRAS	ALG11	All
HRAS	HSP90B2P	All
HRAS	ZDHHC20	All
HRAS	PTRHD1	All
HRAS	NAA16	All
HRAS	POGLUT2	All
HRAS	LSR	All
HRAS	HSPH1	All
HRAS	MYDGF	All
HRAS	ACSF2	All
HRAS	RDH12	All
HRAS	SEPHS2	All
HRAS	TM9SF2	All
HRAS	ARPC5L	All
HRAS	ERP44	All
HRAS	HINT2	All
HRAS	TMEM59	All
HRAS	ANKH	All
HRAS	APMAP	All
HRAS	ITM2C	All
HRAS	PHPT1	All
HRAS	SUCLA2	All
HRAS	APOBEC3B	All
HRAS	POMP	All
HRAS	ITM2B	All
HRAS	ROBO1	All
MAP2K2	FNDC10	All
MAP2K2	YKT6	All
MAP2K2	HSPA4L	All
MAP2K2	FTH1	All
MAP2K2	RAF1	All
MAP2K2	HSP90AA1	All
MAP2K2	HSP90AB1	All
MAP2K2	HSPA1A;HSPA1B	All
MAP2K2	ARAF	All
MAP2K2	MGST1	All
MAP2K2	HSPA5	All
MAP2K2	HSPA8	All
MAP2K2	BRAF	All
MAP2K2	HSPA6	All
MAP2K2	PGAM1	All
MAP2K2	CSRP1	All
MAP2K2	YWHAQ	All
MAP2K2	MAPK1	All
MAP2K2	YWHAB	All
MAP2K2	HSPA1L	All
MAP2K2	HSPA4	All
MAP2K2	MAP2K2	All
MAP2K2	HSPA9	All
MAP2K2	MDH1	All
MAP2K2	ID1	All
MAP2K2	HSPA2	All
MAP2K2	YWHAG	All
MAP2K2	YWHAE	All
MAP2K2	YWHAZ	All
MAP2K2	MAP2K1	All
MAP2K2	YWHAH	All
MAP2K2	FKBP5	All
MAP2K2	ITGA7	All
MAP2K2	CDC37	All
MAP2K2	HSP90AB4P	All
MAP2K2	HSP90AB2P	All
MAP2K2	HSP90AA4P	All
MAP2K2	MFSD14CP	All
MAP2K2	KSR2	All
MAP2K2	TPRA1	All
MAP2K2	KSR1	All
MAP2K2	GLB1L2	All
MAP2K2	ZNRF1	All
MAP2K2	HSPH1	All
MAP2K2	PCNX1	All
MAP2K2	PDGFD	All
MAP2K2	SAR1A	All
MAP2K2	CMTM6	All
MAP2K2	HSPBP1	All
MAP2K2	PPT2	All
MAP2K2	UNC13A	All
MAP2K2	ALG6	All
MAP2K2	DPYSL4	All
MAP2K2	ATP9B	All
MAP2K2	JUNB	All
MAP2K2	MFAP3	All
MAP2K2	HSP90AB3P	All
MAP2K2	TXLNB	All
MAP2K2	SCML1	All
MAP2K2	TUG1	All
MAP2K2	LINC02872	All
MAP2K2	USP17L5;USP17L15;USP17L11;USP17L22;USP17L17;USP17L19;USP17L20;USP17L24	All
MAP2K2	TMEM250	All
MAP2K2	AIP	All
MAP2K2	PSMD11	All
MAP2K2	PSMD12	All
MAP2K2	PSMD14	All
MAP2K2	ADGRB1	All
MAP2K2	CTDSP2	All
MAP2K2	TOR1B	All
MAP2K2	ENC1	All
MAP2K2	CDIPT	All
MAP2K2	TNFRSF10B	All
MAP2K2	MGST3	All
MAP2K2	AGPAT2	All
MAP2K2	ANGPT2	All
MAP2K2	VGF	All
MAP2K2	LEPROT	All
MAP2K2	SLC31A1	All
MAP2K2	IRAK2	All
MAP2K2	SPINT2	All
MAP2K2	SYNGR3	All
MAP2K2	SPAG9	All
MAP2K2	ACSL4	All
MAP2K2	CNOT3	All
MAP2K2	GADD45B	All
MAP2K2	SEMA7A	All
MAP2K2	SLC43A1	All
MAP2K2	MTX2	All
MAP2K2	JTB	All
MAP2K2	TOMM70	All
MAP2K2	KLHL18	All
MAP2K2	MPC2	All
MAP2K2	CDS2	All
MAP2K2	BAG2	All
MAP2K2	BAG3	All
MAP2K2	CYB5R3	All
MAP2K2	TIMP1	All
MAP2K2	TGFB1	All
MAP2K2	HLA-B	All
MAP2K2	HLA-DRB1	All
MAP2K2	TFRC	All
MAP2K2	RPN1	All
MAP2K2	JUN	All
MAP2K2	KRT18	All
MAP2K2	ITGAV	All
MAP2K2	SERPINE2	All
MAP2K2	PROS1	All
MAP2K2	FURIN	All
MAP2K2	USP17L7	All
MAP2K2	SLC2A3	All
MAP2K2	SLC25A6	All
MAP2K2	P4HA1	All
MAP2K2	MYL6B	All
MAP2K2	PVR	All
MAP2K2	RAC2	All
MAP2K2	FOSL1	All
MAP2K2	CD44	All
MAP2K2	EPCAM	All
MAP2K2	POR	All
MAP2K2	ITGB5	All
MAP2K2	EGR1	All
MAP2K2	NAT1	All
MAP2K2	ELK1	All
MAP2K2	RAB6A	All
MAP2K2	VDAC1	All
MAP2K2	KCNA5	All
MAP2K2	PTPRE	All
MAP2K2	GADD45A	All
MAP2K2	F2R	All
MAP2K2	FAS	All
MAP2K2	ZFP36	All
MAP2K2	DUSP1	All
MAP2K2	EPHA2	All
MAP2K2	PEBP1	All
MAP2K2	GDI1	All
MAP2K2	SFN	All
MAP2K2	STIP1	All
MAP2K2	S100A11	All
MAP2K2	MAN1A1	All
MAP2K2	GPC1	All
MAP2K2	BSG	All
MAP2K2	CDKN1A	All
MAP2K2	IL6ST	All
MAP2K2	TNFSF9	All
MAP2K2	SLC19A1	All
MAP2K2	ACTR1B	All
MAP2K2	ECE1	All
MAP2K2	SLC1A4	All
MAP2K2	ETV4	All
MAP2K2	RABIF	All
MAP2K2	NPTX2	All
MAP2K2	TFPI2	All
MAP2K2	ADGRE5	All
MAP2K2	LMAN1	All
MAP2K2	INPP1	All
MAP2K2	LIG4	All
MAP2K2	RAB27A	All
MAP2K2	PSMD7	All
MAP2K2	UBE2D1	All
MAP2K2	USP11	All
MAP2K2	PTTG1IP	All
MAP2K2	MYOM2	All
MAP2K2	F2RL1	All
MAP2K2	ATP5ME	All
MAP2K2	TMEM33	All
MAP2K2	SYNJ2BP	All
MAP2K2	CXCR4	All
MAP2K2	SEC61A1	All
MAP2K2	DAD1	All
MAP2K2	PSMC6	All
MAP2K2	RAB1A	All
MAP2K2	TUBA4A	All
MAP2K2	B4GALNT1	All
MAP2K2	RUNX1	All
MAP2K2	FKBP4	All
MAP2K2	PLAUR	All
MAP2K2	TAP2	All
MAP2K2	MFGE8	All
MAP2K2	GALNT1	All
MAP2K2	LMAN2	All
MAP2K2	MLLT11	All
MAP2K2	PAK2	All
MAP2K2	PSMD2	All
MAP2K2	MAMLD1	All
MAP2K2	NAB1	All
MAP2K2	LAMB3	All
MAP2K2	LAMC2	All
MAP2K2	GRB7	All
MAP2K2	HSP90AA2P	All
MAP2K2	RHEB	All
MAP2K2	DHCR24	All
MAP2K2	NAB2	All
MAP2K2	STK11	All
MAP2K2	ATP6AP1	All
MAP2K2	MAPK14	All
MAP2K2	SGCB	All
MAP2K2	FSCN1	All
MAP2K2	UPP1	All
MAP2K2	MICB	All
MAP2K2	SHROOM1	All
MAP2K2	ALG11	All
MAP2K2	P3H1	All
MAP2K2	MIDN	All
MAP2K2	GPAT3	All
MAP2K2	PHLDA2	All
MAP2K2	ACTBL2	All
MAP2K2	HSP90AA5P	All
MAP2K2	DCAF6	All
MAP2K2	TMEM41B	All
MAP2K2	ALG10;ALG10B	All
MAP2K2	ODR4	All
MAP2K2	PXDC1	All
MAP2K2	MICOS10	All
MAP2K2	ASPHD1	All
MAP2K2	SPRYD7	All
MAP2K2	SEL1L3	All
MAP2K2	LMBRD2	All
MAP2K2	KCTD16	All
MAP2K2	RNF43	All
MAP2K2	ASPHD2	All
MAP2K2	SLC18B1	All
MAP2K2	RHBDD2	All
MAP2K2	C3orf33	All
MAP2K2	ATPSCKMT	All
MAP2K2	TUBA3E	All
MAP2K2	TXNDC11	All
MAP2K2	CSPG4	All
MAP2K2	SPOCD1	All
MAP2K2	SLC25A26	All
MAP2K2	SV2A	All
MAP2K2	ARC	All
MAP2K2	DYM	All
MAP2K2	LRP10	All
MAP2K2	SPRED2	All
MAP2K2	ANKS1B	All
MAP2K2	C11orf96	All
MAP2K2	SDCCAG8	All
MAP2K2	OAF	All
MAP2K2	EPHX4	All
MAP2K2	P3H2	All
MAP2K2	ITPRIP	All
MAP2K2	LRRC8A	All
MAP2K2	RDH10	All
MAP2K2	FAM43A	All
MAP2K2	SYNPO	All
MAP2K2	TTC39C	All
MAP2K2	WDTC1	All
MAP2K2	SLC15A4	All
MAP2K2	CSGALNACT2	All
MAP2K2	SLC25A29	All
MAP2K2	ZSCAN18	All
MAP2K2	SLC35G2	All
MAP2K2	TLCD3A	All
MAP2K2	MGARP	All
MAP2K2	SLC2A14	All
MAP2K2	MCOLN3	All
MAP2K2	USP33	All
MAP2K2	ABHD3	All
MAP2K2	TMEM263	All
MAP2K2	SLC20A1	All
MAP2K2	PHLDA1	All
MAP2K2	GLMP	All
MAP2K2	ARAP3	All
MAP2K2	BRI3BP	All
MAP2K2	SMPDL3B	All
MAP2K2	MAL2	All
MAP2K2	SLCO4A1	All
MAP2K2	KCTD12	All
MAP2K2	KIFBP	All
MAP2K2	VMP1	All
MAP2K2	ATP5MK	All
MAP2K2	SERAC1	All
MAP2K2	SLC35E1	All
MAP2K2	CLPTM1L	All
MAP2K2	FAM210B	All
MAP2K2	CARD19	All
MAP2K2	FAM210A	All
MAP2K2	TRIB3	All
MAP2K2	TRIB1	All
MAP2K2	PSMD1	All
MAP2K2	CDCA3	All
MAP2K2	FOXC2	All
MAP2K2	GDF15	All
MAP2K2	ATG101	All
MAP2K2	ALG1	All
MAP2K2	IER2	All
MAP2K2	EMC6	All
MAP2K2	TRIM62	All
MAP2K2	ALG8	All
MAP2K2	TMEM147	All
MAP2K2	FUNDC2	All
MAP2K2	SFXN3	All
MAP2K2	CARD6	All
MAP2K2	FUT8	All
MAP2K2	HES7	All
MAP2K2	STK33	All
MAP2K2	SLC29A3	All
MAP2K2	SPRY4	All
MAP2K2	COA1	All
MAP2K2	LMAN2L	All
MAP2K2	SLC25A32	All
MAP2K2	SLC38A1	All
MAP2K2	POFUT1	All
MAP2K2	SMDT1	All
MAP2K2	ACSS3	All
MAP2K2	TMEM185B	All
MAP2K2	PLEKHG2	All
MAP2K2	PACC1	All
MAP2K2	DNAJC18	All
MAP2K2	METTL8	All
MAP2K2	GPN2	All
MAP2K2	BRF2	All
MAP2K2	MKKS	All
MAP2K2	TM9SF3	All
MAP2K2	APMAP	All
MAP2K2	ABCB6	All
MAP2K2	CHST11	All
MAP2K2	IL1RAP	All
MAP2K2	GPR108	All
MAP2K2	GPRC5C	All
MAP2K2	ITM2C	All
MAP2K2	ENTPD7	All
MAP2K2	AGPAT4	All
MAP2K2	RASSF1	All
MAP2K2	PGPEP1	All
MAP2K2	DNAJB12	All
MAP2K2	SPHK1	All
MAP2K2	WSB2	All
MAP2K2	UGGT2	All
MAP2K2	FRMD4A	All
MAP2K2	DPM3	All
MAP2K2	MRC2	All
MAP2K2	DHCR7	All
MAP2K2	ADAMTS1	All
MAP2K2	CEMIP2	All
MAP2K2	HERC5	All
MAP2K2	KLHL21	All
MAP2K2	SARDH	All
MAP2K2	BAG5	All
MAP2K2	PSMD13	All
MAP2K2	PROCR	All
MAP2K2	ST3GAL5	All
MAP2K2	PPP6R1	All
MAP2K2	SH2B3	All
MAP2K2	SLC5A6	All
MAP2K2	PIGL	All
MAP2K2	SLC27A6	All
MAP2K2	SUGT1	All
MAP2K2	UBE2J1	All
MAP2K2	GOLT1B	All
MAP2K2	HYOU1	All
MAP2K2	TIMM22	All
MAP2K2	FADS3	All
MAP2K2	NPTN	All
MAP2K2	SELENOK	All
MAP2K2	UBXN8	All
MAP2K2	SGK1	All
MAP2K2	TAX1BP3	All
MAP2K2	PPP1R12A	All
MAP2K2	BUB1	All
MAP2K2	AHCYL1	All
MAP2K2	SNX3	All
MAP2K2	SLC16A7	All
MAP2K2	CLUH	All
MAP2K2	CSDE1	All
MAP2K2	CDC123	All
MAP2K2	RCBTB2	All
MAP2K2	SNAP29	All
MAP2K2	ECD	All
MAP2K2	SOD1	All
MAP2K2	EIF4E	All
MAP2K2	CCNB1	All
MAP2K2	NCK1	All
MAP2K2	EIF4B	All
MAP2K2	STOM	All
MAP2K2	PSMB4	All
MAP2K2	DDT	All
MAP2K2	CDC25C	All
MAP2K2	NTS	All
MAP2K2	MAT2A	All
MAP2K2	TTK	All
MAP2K2	PSMC2	All
MAP2K2	POLR2I	All
MAP2K2	TXLNA	All
MAP2K2	PSMC4	All
MAP2K2	YAP1	All
MAP2K2	FASN	All
MAP2K2	TOB1	All
MAP2K2	CAPZA1	All
MAP2K2	ARFIP2	All
MAP2K2	BCAR1	All
MAP2K2	SESN3	All
MAP2K2	TIMM10	All
MAP2K2	PSMC5	All
MAP2K2	GLO1	All
MAP2K2	PPP3CA	All
MAP2K2	CAMSAP2	All
MAP2K2	AKAP13	All
MAP2K2	TRIM26	All
MAP2K2	RIPK1	All
MAP2K2	DCTN2	All
MAP2K2	TP53BP2	All
MAP2K2	RAB32	All
MAP2K2	IDI1	All
MAP2K2	TOB2	All
MAP2K2	UBAP2L	All
MAP2K2	CRMP1	All
MAP2K2	GPR176	All
MAP2K2	NEDD9	All
MAP2K2	PCLAF	All
MAP2K2	SNX17	All
MAP2K2	DLGAP5	All
MAP2K2	RTN1	All
MAP2K2	AAK1	All
MAP2K2	ERCC6L	All
MAP2K2	TPRN	All
MAP2K2	COBLL1	All
MAP2K2	MEST	All
MAP2K2	FNBP1L	All
MAP2K2	OTUD3	All
MAP2K2	UBAP2	All
MAP2K2	HECTD2	All
MAP2K2	FHIP2A	All
MAP2K2	KANK2	All
MAP2K2	WASHC2A	All
MAP2K2	ARHGAP17	All
MAP2K2	CARMIL2	All
MAP2K2	CEP85	All
MAP2K2	Q6ZSR9	All
MAP2K2	ZFYVE16	All
MAP2K2	PEG10	All
MAP2K2	LUZP1	All
MAP2K2	PRAG1	All
MAP2K2	RIMKLA	All
MAP2K2	MB21D2	All
MAP2K2	SMAP1	All
MAP2K2	SPART	All
MAP2K2	EID2	All
MAP2K2	TMEM102	All
MAP2K2	ANKRD52	All
MAP2K2	FAM98A	All
MAP2K2	TNRC6A	All
MAP2K2	CIP2A	All
MAP2K2	PIH1D2	All
MAP2K2	STAM	All
MAP2K2	FERMT2	All
MAP2K2	SNF8	All
MAP2K2	PDLIM5	All
MAP2K2	DDRGK1	All
MAP2K2	LRCH3	All
MAP2K2	BTBD6	All
MAP2K2	SPAG5	All
MAP2K2	PAIP2	All
MAP2K2	EFHD1	All
MAP2K2	UBL5	All
MAP2K2	CTDSP1	All
MAP2K2	WWTR1	All
MAP2K2	FAM107B	All
MAP2K2	AZI2	All
MAP2K2	ANKRA2	All
MAP2K2	PELI2	All
MAP2K2	MKNK2	All
MAP2K2	TNRC6C	All
MAP2K2	COMMD8	All
MAP2K2	OSER1	All
MAP2K2	OCIAD1	All
MAP2K2	TMOD3	All
MAP2K2	KLHL9	All
MAP2K2	KLHL13	All
MAP2K2	MTRR	All
MAP2K2	TMEFF2	All
MAP2K2	ERRFI1	All
MAP2K2	JPT1	All
MAP2K2	NUDT5	All
MAP2K2	RIMKLB	All
MAP2K2	NDRG2	All
MAP2K2	TNRC6B	All
MAP2K2	POMP	All
MAP2K2	WDR37	All
MAP2K2	KNSTRN	All
MAP2K2	DMXL1	All
MAP2K2	WDR7	All
MAP2K2	KCTD3	All
MAP2K2	CD2AP	All
MAP2K2	USP16	All
MAP2K2	MAGED1	All
MAP2K2	WSB1	All
MAP2K2	SCIN	All
MAP2K2	SEC23IP	All
MAP2K2	CCDC22	All
MAP2K2	C4A;C4B	All
MAP2K2	VAMP1	All
MAP2K2	EEF1B2	All
MAP2K2	EEF1G	All
MAP2K2	RPA1	All
MAP2K2	EEF1D	All
MAP2K2	SLC35A2	All
MAP2K2	ARF1	All
MAP2K2	LSAMP	All
MAP2K2	KEAP1	All
MAP2K2	SCRIB	All
MAP2K2	MYPN	All
MAP2K2	FBXL6	All
MAP2K2	FBH1	All
MAP2K2	FBLIM1	All
MAP2K2	CENPI	All
MAP2K2	KCTD10	All
MAP2K2	IPPK	All
MAP2K2	COPRS	All
MAP2K2	PDZRN3	All
MAP2K2	SQOR	All
MAP2K2	NUDT4B	All
MAP2K2	FAM83G	All
MAP2K2	ARHGAP42	All
MAP2K2	NACA	All
MAP2K2	PSMD9	All
MAP2K2	CCN1	All
MAP2K2	TXNDC9	All
MAP2K2	ABLIM1	All
MAP2K2	CPLX1	All
MAP2K2	HGS	All
MAP2K2	SYN3	All
MAP2K2	MAST4	All
MAP2K2	RGL2	All
MAP2K2	PJA2	All
MAP2K2	DYNC1LI2	All
MAP2K2	MAP3K7	All
MAP2K2	TPD52L2	All
MAP2K2	SYNJ1	All
MAP2K2	SPRY2	All
MAP2K2	SPOP	All
MAP2K2	BUB1B	All
MAP2K2	PLIN3	All
MAP2K2	SRPX2	All
MAP2K2	ATG13	All
MAP2K2	BCAR3	All
MAP2K2	TUSC2	All
MAP2K2	ZFAND5	All
MAP2K2	SNAPIN	All
MAP2K2	ABCB11	All
MAP2K2	SVIL	All
MAP2K2	SEC24A	All
MAP2K2	NFATC1	All
MAP2K2	TTC4	All
MAP2K2	BCL10	All
MAP2K2	CA2	All
MAP2K2	FOS	All
MAP2K2	ANXA1	All
MAP2K2	ANXA2	All
MAP2K2	SRPRA	All
MAP2K2	ETS2	All
MAP2K2	GSPT1	All
MAP2K2	IFNGR1	All
MAP2K2	AREG	All
MAP2K2	DSP	All
MAP2K2	SYN1	All
MAP2K2	PSMC3	All
MAP2K2	VCL	All
MAP2K2	TAC1	All
MAP2K2	FLNA	All
MAP2K2	KITLG	All
MAP2K2	H1-6	All
MAP2K2	CBL	All
MAP2K2	GRK2	All
MAP2K2	SHC1	All
MAP2K2	GCH1	All
MAP2K2	CORO1A	All
MAP2K2	PRKAR1B	All
MAP2K2	RRM2	All
MAP2K2	CHKA	All
MAP2K2	TAGLN2	All
MAP2K2	PPP1R2	All
MAP2K2	PRKCI	All
MAP2K2	RANGAP1	All
MAP2K2	ZFP36L2	All
MAP2K2	PREP	All
MAP2K2	ARCN1	All
MAP2K2	MARCKSL1	All
MAP2K2	PXN	All
MAP2K2	EIF2B2	All
MAP2K2	VASP	All
MAP2K2	KIF11	All
MAP2K2	EFNB2	All
MAP2K2	CRIP2	All
MAP2K2	PLK1	All
MAP2K2	FOSB	All
MAP2K2	CFAP298	All
MAP2K2	AP3S2	All
MAP2K2	ARPC4	All
MAP2K2	COPZ1	All
MAP2K2	ETF1	All
MAP2K2	TMSB10	All
MAP2K2	IGBP1	All
MAP2K2	CCNA1	All
MAP2K2	TMF1	All
MAP2K2	CDK17	All
MAP2K2	HMGCS1	All
MAP2K2	OTUD4	All
MAP2K2	OCRL	All
MAP2K2	TAGLN	All
MAP2K2	CENPE	All
MAP2K2	APBA1	All
MAP2K2	EIF4G1	All
MAP2K2	PTPN12	All
MAP2K2	TJP1	All
MAP2K2	CRYZ	All
MAP2K2	TROAP	All
MAP2K2	MYO1E	All
MAP2K2	G3BP1	All
MAP2K2	OS9	All
MAP2K2	SQSTM1	All
MAP2K2	NCOA4	All
MAP2K2	TNFAIP1	All
MAP2K2	ARHGEF7	All
MAP2K2	FHL2	All
MAP2K2	DPYSL3	All
MAP2K2	CTTN	All
MAP2K2	CLINT1	All
MAP2K2	TTLL4	All
MAP2K2	CASP8	All
MAP2K2	LASP1	All
MAP2K2	KIF14	All
MAP2K2	PEA15	All
MAP2K2	RCN1	All
MAP2K2	SEC23B	All
MAP2K2	ZYX	All
MAP2K2	SNCB	All
MAP2K2	MEA1	All
MAP2K2	UBE2S	All
MAP2K2	CLEC16A	All
MAP2K2	ARHGAP31	All
MAP2K2	ATG2A	All
MAP2K2	LSM12	All
MAP2K2	IQCC	All
MAP2K2	ARHGAP29	All
MAP2K2	PLEKHO1	All
MAP2K2	SOWAHC	All
MAP2K2	NHSL2	All
MAP2K2	CEP170	All
MAP2K2	FAM83B	All
MAP2K2	KIAA1217	All
MAP2K2	CAMSAP1	All
MAP2K2	ARHGEF16	All
MAP2K2	TUT7	All
MAP2K2	ZFAND6	All
MAP2K2	PPP1R18	All
MAP2K2	CAVIN1	All
MAP2K2	DENND1B	All
MAP2K2	ZCCHC12	All
MAP2K2	SHC4	All
MAP2K2	SASS6	All
MAP2K2	FAM83H	All
MAP2K2	PPP1R3F	All
MAP2K2	CYB5R4	All
MAP2K2	ASRGL1	All
MAP2K2	GPRIN1	All
MAP2K2	SPRED1	All
MAP2K2	SH3RF1	All
MAP2K2	YTHDF3	All
MAP2K2	ZNF429	All
MAP2K2	IFTAP	All
MAP2K2	TMEM200A	All
MAP2K2	PROSER2	All
MAP2K2	LSR	All
MAP2K2	HOMER1	All
MAP2K2	LYSMD2	All
MAP2K2	CCDC50	All
MAP2K2	DNAI3	All
MAP2K2	C12orf56	All
MAP2K2	GSPT2	All
MAP2K2	UBALD2	All
MAP2K2	PHACTR4	All
MAP2K2	MACO1	All
MAP2K2	ARFGAP1	All
MAP2K2	SYT14	All
MAP2K2	CPEB3	All
MAP2K2	SYTL5	All
MAP2K2	C2CD4C	All
MAP2K2	WIPF2	All
MAP2K2	SMAP2	All
MAP2K2	CEMIP	All
MAP2K2	ANKRD49	All
MAP2K2	CKAP2	All
MAP2K2	ARHGAP45	All
MAP2K2	ANKS1A	All
MAP2K2	RND1	All
MAP2K2	NEO1	All
MAP2K2	UFD1	All
MAP2K2	STMN2	All
MAP2K2	LPP	All
MAP2K2	SYAP1	All
MAP2K2	GPRASP2	All
MAP2K2	ERLEC1	All
MAP2K2	RAB3C	All
MAP2K2	METTL2A	All
MAP2K2	BTBD9	All
MAP2K2	CYTH2	All
MAP2K2	S100A13	All
MAP2K2	TTC1	All
MAP2K2	C12orf57	All
MAP2K2	KIF2C	All
MAP2K2	RGPD5	All
MAP2K2	NAP1L4	All
MAP2K2	CDC6	All
MAP2K2	SH3GL1	All
MAP2K2	SH3GL2	All
MAP2K2	FAM110A	All
MAP2K2	SDF4	All
MAP2K2	PDCD2L	All
MAP2K2	TTPAL	All
MAP2K2	PBDC1	All
MAP2K2	TMEM59	All
MAP2K2	TRIM5	All
MAP2K2	ZCCHC2	All
MAP2K2	NAA50	All
MAP2K2	KLC2	All
MAP2K2	BTBD1	All
MAP2K2	SLK	All
MAP2K2	MMADHC	All
MAP2K2	CHMP4B	All
MAP2K2	GOLPH3L	All
MAP2K2	RPAP3	All
MAP2K2	PEAK1	All
MAP2K2	ZFYVE1	All
MAP2K2	NCKAP5L	All
MAP2K2	SYTL2	All
MAP2K2	GOPC	All
MAP2K2	SH2D2A	All
MAP2K2	THSD1	All
MAP2K2	DIAPH3	All
MAP2K2	KCTD5	All
MAP2K2	TAB2	All
MAP2K2	GTSE1	All
MAP2K2	SH3BP4	All
MAP2K2	SEPTIN10	All
MAP2K2	CALCOCO1	All
MAP2K2	JCAD	All
MAP2K2	CTTNBP2NL	All
MAP2K2	RNF7	All
MAP2K2	PI4KB	All
MAP2K2	TJP2	All
MAP2K2	APOBEC3B	All
MAP2K2	CHORDC1	All
MAP2K2	IP6K2	All
MAP2K2	HOOK1	All
MAP2K2	DBNL	All
MAP2K2	TNIK	All
MAP2K2	CDV3	All
MAP2K2	ZNF214	All
MAP2K2	ASAP1	All
MAP2K2	CORO1C	All
MAP2K2	MAGED2	All
MAP2K2	BAIAP2	All
MAP2K2	CHMP2B	All
MAP2K2	MTMR6	All
MAP2K2	DLGAP4	All
MAP2K2	PLEKHA6	All
MAP2K2	STRAP	All
MAP2K2	WDR45	All
MAP2K2	USP15	All
MAP2K2	TACC3	All
MAP2K2	SLC30A1	All
