Network	Bait	Prey	Bait_UniProt	Prey_UniProt	Interaction	SILAC Ratio               (Prey abundance in EGFRNetmtKRAS-Hi AP/Prey abundance in EV control AP)	Log2 (SILAC ratio)	t-test                    P value	Significance A	Is significantly rewired (relative to EGFRNetmtKRAS-Lo)?	Is interaction in Bioplex 2.0 (Huttlin et al., 2017)?	Is interaction in Rolland et al., 2014?	Is interaction in IID (Kotlyar et al. 2016)?	Is interaction in Hein et al., 2015?
EGFRNetmtKRAS-Hi	ABI1	IVNS1ABP	Q8IZP0	Q9Y6Y0	ABI1_IVNS1ABP	2.11	1.07	6.46E-06	4.60E-05	Yes	No	No	No	No
EGFRNetmtKRAS-Hi	ABI1	WASF2	Q8IZP0	Q9Y6W5	ABI1_WASF2	3.46	1.79	2.61E-04	3.23E-11	No	No	No	Yes	No
EGFRNetmtKRAS-Hi	ABI1	NCKAP1	Q8IZP0	Q9Y2A7	ABI1_NCKAP1	6.68	2.74	3.84E-08	6.49E-24	No	No	No	Yes	No
EGFRNetmtKRAS-Hi	ABI1	CORO1C	Q8IZP0	Q9ULV4	ABI1_CORO1C	1.62	0.70	4.89E-03	5.72E-03	Yes	No	No	No	No
EGFRNetmtKRAS-Hi	ABI1	BCLAF1	Q8IZP0	Q9NYF8	ABI1_BCLAF1	1.49	0.57	4.95E-02	1.95E-02	No	No	No	No	No
EGFRNetmtKRAS-Hi	ABI1	CYFIP2	Q8IZP0	Q96F07	ABI1_CYFIP2	2.99	1.58	2.22E-02	4.23E-09	No	No	No	Yes	No
EGFRNetmtKRAS-Hi	ABI1	ABI1	Q8IZP0	Q8IZP0	ABI1_ABI1	10.17	3.35	3.08E-08	1.02E-34	No	No	No	Yes	No
EGFRNetmtKRAS-Hi	ABI1	CYFIP1	Q8IZP0	Q7L576	ABI1_CYFIP1	5.66	2.50	2.33E-06	3.34E-20	No	No	No	Yes	No
EGFRNetmtKRAS-Hi	ABI1	NHSL1	Q8IZP0	Q5SYE7	ABI1_NHSL1	3.21	1.68	1.27E-02	4.22E-10	No	No	No	Yes	No
EGFRNetmtKRAS-Hi	ABI1	PDCD4	Q8IZP0	Q53EL6	ABI1_PDCD4	1.41	0.50	9.18E-03	3.63E-02	Yes	No	No	No	No
EGFRNetmtKRAS-Hi	ABI1	PRPSAP1	Q8IZP0	Q14558	ABI1_PRPSAP1	2.22	1.15	3.33E-05	1.37E-05	Yes	No	No	No	No
EGFRNetmtKRAS-Hi	ABI1	AKAP12	Q8IZP0	Q02952	ABI1_AKAP12	1.46	0.55	2.61E-02	2.38E-02	Yes	No	No	No	No
EGFRNetmtKRAS-Hi	ABI1	SLC25A3	Q8IZP0	Q00325	ABI1_SLC25A3	1.49	0.57	7.41E-03	1.91E-02	No	No	No	No	No
EGFRNetmtKRAS-Hi	ABI1	TUBB4B	Q8IZP0	P68371	ABI1_TUBB4B	1.44	0.52	1.92E-02	2.94E-02	No	No	No	No	No
EGFRNetmtKRAS-Hi	ABI1	TUBA1B	Q8IZP0	P68363	ABI1_TUBA1B	1.44	0.53	2.83E-02	2.88E-02	No	No	No	No	No
EGFRNetmtKRAS-Hi	ABI1	TRA2B	Q8IZP0	P62995	ABI1_TRA2B	1.52	0.61	1.39E-02	1.42E-02	No	No	No	No	No
EGFRNetmtKRAS-Hi	ABI1	PRPS1	Q8IZP0	P60891	ABI1_PRPS1	2.30	1.20	1.61E-04	6.03E-06	Yes	No	No	No	No
EGFRNetmtKRAS-Hi	ABI1	CMPK1	Q8IZP0	P30085	ABI1_CMPK1	1.57	0.65	3.97E-02	9.43E-03	No	No	No	No	No
EGFRNetmtKRAS-Hi	ABI1	PRPS2	Q8IZP0	P11908	ABI1_PRPS2	2.41	1.27	1.50E-04	1.93E-06	Yes	No	No	No	No
EGFRNetmtKRAS-Hi	ABI1	TUBB	Q8IZP0	P07437	ABI1_TUBB	1.47	0.56	9.91E-03	2.18E-02	No	No	No	No	No
EGFRNetmtKRAS-Hi	ABI1	SLC25A5	Q8IZP0	P05141	ABI1_SLC25A5	1.44	0.53	1.56E-04	2.81E-02	No	No	No	No	No
EGFRNetmtKRAS-Hi	ABI1	PRPSAP2	Q8IZP0	O60256	ABI1_PRPSAP2	2.39	1.26	3.92E-06	2.41E-06	Yes	No	No	No	No
EGFRNetmtKRAS-Hi	ABI1	MYO1C	Q8IZP0	O00159	ABI1_MYO1C	1.49	0.58	3.35E-02	1.85E-02	Yes	No	No	No	No
EGFRNetmtKRAS-Hi	AKT1	CDC37	P31749	Q16543	AKT1_CDC37	4.41	2.14	3.36E-08	1.99E-12	No	No	No	Yes	No
EGFRNetmtKRAS-Hi	AKT1	RCN2	P31749	Q14257	AKT1_RCN2	1.47	0.55	2.65E-03	3.75E-02	No	No	No	No	No
EGFRNetmtKRAS-Hi	AKT1	SLC25A3	P31749	Q00325	AKT1_SLC25A3	1.60	0.68	4.33E-03	1.47E-02	No	No	No	No	No
EGFRNetmtKRAS-Hi	AKT1	UBA52	P31749	P62987	AKT1_UBA52	1.85	0.89	6.37E-03	2.09E-03	No	No	No	Yes	No
EGFRNetmtKRAS-Hi	AKT1	UBB	P31749	P0CG47	AKT1_UBB	1.85	0.89	6.37E-03	2.09E-03	No	No	No	No	No
EGFRNetmtKRAS-Hi	AKT1	UBC	P31749	P0CG48	AKT1_UBC	1.85	0.89	6.37E-03	2.09E-03	No	No	No	No	No
EGFRNetmtKRAS-Hi	AKT1	RPS27A	P31749	P62979	AKT1_RPS27A	1.85	0.89	6.37E-03	2.09E-03	No	No	No	No	No
EGFRNetmtKRAS-Hi	AKT1	HSPA9	P31749	P38646	AKT1_HSPA9	1.66	0.73	1.56E-02	9.00E-03	No	No	No	Yes	No
EGFRNetmtKRAS-Hi	AKT1	AKT1	P31749	P31749	AKT1_AKT1	14.33	3.84	5.99E-09	6.34E-36	No	No	No	Yes	Yes
EGFRNetmtKRAS-Hi	AKT1	HSPA6	P31749	P17066	AKT1_HSPA6	1.56	0.64	1.52E-03	1.89E-02	No	No	No	No	No
EGFRNetmtKRAS-Hi	AKT1	HSPA8	P31749	P11142	AKT1_HSPA8	1.82	0.86	1.05E-04	2.70E-03	No	No	No	Yes	No
EGFRNetmtKRAS-Hi	AKT1	HSP90AB3P	P31749	Q58FF7	AKT1_HSP90AB3P	6.40	2.68	3.67E-11	1.93E-18	No	No	No	No	No
EGFRNetmtKRAS-Hi	AKT1	HSP90AB1	P31749	P08238	AKT1_HSP90AB1	6.40	2.68	3.67E-11	1.93E-18	No	No	No	Yes	No
EGFRNetmtKRAS-Hi	AKT1	HSPA1A	P31749	P08107	AKT1_HSPA1A	1.76	0.81	1.79E-04	4.30E-03	No	No	No	No	No
EGFRNetmtKRAS-Hi	AKT1	HSP90AA1	P31749	P07900	AKT1_HSP90AA1	5.67	2.50	1.29E-08	2.49E-16	No	No	No	Yes	No
EGFRNetmtKRAS-Hi	AKT1	HSPB1	P31749	P04792	AKT1_HSPB1	4.22	2.08	3.59E-04	8.77E-12	No	No	No	Yes	No
EGFRNetmtKRAS-Hi	AKT1	BAG2	P31749	O95816	AKT1_BAG2	2.66	1.41	2.58E-03	2.53E-06	No	No	No	No	No
EGFRNetmtKRAS-Hi	AKT1	RSL1D1	P31749	O76021	AKT1_RSL1D1	1.57	0.65	4.50E-02	1.76E-02	No	No	No	No	No
EGFRNetmtKRAS-Hi	AKT1	NOP56	P31749	O00567	AKT1_NOP56	1.47	0.56	1.29E-02	3.62E-02	No	No	No	No	No
EGFRNetmtKRAS-Hi	ARAF	CALML5	P10398	Q9NZT1	ARAF_CALML5	3.86	1.95	2.75E-02	4.37E-07	No	No	No	No	No
EGFRNetmtKRAS-Hi	ARAF	CCT7	P10398	Q99832	ARAF_CCT7	1.69	0.76	2.90E-06	2.89E-02	No	No	No	No	No
EGFRNetmtKRAS-Hi	ARAF	CDC37	P10398	Q16543	ARAF_CDC37	6.43	2.68	7.25E-09	5.62E-12	No	No	No	Yes	Yes
EGFRNetmtKRAS-Hi	ARAF	PKP1	P10398	Q13835	ARAF_PKP1	6.09	2.61	1.41E-02	2.16E-11	No	No	No	No	No
EGFRNetmtKRAS-Hi	ARAF	TGM3	P10398	Q08188	ARAF_TGM3	5.30	2.41	2.70E-03	5.92E-10	No	No	No	No	No
EGFRNetmtKRAS-Hi	ARAF	DSG1	P10398	Q02413	ARAF_DSG1	6.04	2.60	2.56E-02	2.61E-11	No	No	No	No	No
EGFRNetmtKRAS-Hi	ARAF	CCT2	P10398	P78371	ARAF_CCT2	1.74	0.80	7.04E-06	2.36E-02	No	No	No	No	No
EGFRNetmtKRAS-Hi	ARAF	UBA52	P10398	P62987	ARAF_UBA52	1.58	0.66	1.03E-02	4.96E-02	No	No	No	No	No
EGFRNetmtKRAS-Hi	ARAF	UBB	P10398	P0CG47	ARAF_UBB	1.58	0.66	1.03E-02	4.96E-02	No	No	No	No	No
EGFRNetmtKRAS-Hi	ARAF	UBC	P10398	P0CG48	ARAF_UBC	1.58	0.66	1.03E-02	4.96E-02	No	No	No	No	No
EGFRNetmtKRAS-Hi	ARAF	RPS27A	P10398	P62979	ARAF_RPS27A	1.58	0.66	1.03E-02	4.96E-02	No	No	No	No	No
EGFRNetmtKRAS-Hi	ARAF	YWHAG	P10398	P61981	ARAF_YWHAG	1.72	0.79	8.83E-06	2.49E-02	No	No	No	Yes	No
EGFRNetmtKRAS-Hi	ARAF	CCT4	P10398	P50991	ARAF_CCT4	1.63	0.70	1.48E-04	4.01E-02	No	No	No	No	No
EGFRNetmtKRAS-Hi	ARAF	CCT8	P10398	P50990	ARAF_CCT8	1.59	0.67	5.56E-06	4.82E-02	No	No	No	No	No
EGFRNetmtKRAS-Hi	ARAF	CCT3	P10398	P49368	ARAF_CCT3	1.66	0.73	8.36E-06	3.45E-02	No	No	No	No	No
EGFRNetmtKRAS-Hi	ARAF	CCT6A	P10398	P40227	ARAF_CCT6A	1.61	0.68	2.67E-06	4.47E-02	No	No	No	No	No
EGFRNetmtKRAS-Hi	ARAF	YWHAB	P10398	P31946	ARAF_YWHAB	1.64	0.72	1.94E-05	3.69E-02	No	No	No	Yes	No
EGFRNetmtKRAS-Hi	ARAF	YWHAQ	P10398	P27348	ARAF_YWHAQ	1.68	0.74	1.25E-04	3.18E-02	No	No	No	Yes	No
EGFRNetmtKRAS-Hi	ARAF	TCP1	P10398	P17987	ARAF_TCP1	1.74	0.80	1.18E-05	2.33E-02	No	No	No	Yes	No
EGFRNetmtKRAS-Hi	ARAF	DSP	P10398	P15924	ARAF_DSP	2.50	1.32	4.81E-02	4.34E-04	No	No	No	No	No
EGFRNetmtKRAS-Hi	ARAF	BRAF	P10398	P15056	ARAF_BRAF	56.16	5.81	6.09E-08	1.65E-49	No	Yes	No	Yes	No
EGFRNetmtKRAS-Hi	ARAF	JUP	P10398	P14923	ARAF_JUP	4.73	2.24	4.37E-03	7.37E-09	No	No	No	No	No
EGFRNetmtKRAS-Hi	ARAF	HSPA8	P10398	P11142	ARAF_HSPA8	2.02	1.02	2.77E-06	5.48E-03	No	No	No	No	No
EGFRNetmtKRAS-Hi	ARAF	PRKAR1A	P10398	P10644	ARAF_PRKAR1A	1.61	0.68	3.57E-05	4.45E-02	No	No	No	No	No
EGFRNetmtKRAS-Hi	ARAF	ARAF	P10398	P10398	ARAF_ARAF	12.81	3.68	4.19E-10	5.77E-21	No	No	No	Yes	No
EGFRNetmtKRAS-Hi	ARAF	HSP90AB3P	P10398	Q58FF7	ARAF_HSP90AB3P	9.35	3.22	4.43E-11	1.61E-16	No	No	No	No	No
EGFRNetmtKRAS-Hi	ARAF	HSP90AB1	P10398	P08238	ARAF_HSP90AB1	9.35	3.22	4.43E-11	1.61E-16	No	No	No	Yes	No
EGFRNetmtKRAS-Hi	ARAF	HSPA1A	P10398	P08107	ARAF_HSPA1A	2.00	1.00	1.23E-04	6.03E-03	No	No	No	No	No
EGFRNetmtKRAS-Hi	ARAF	HSP90AA1	P10398	P07900	ARAF_HSP90AA1	8.40	3.07	3.06E-11	3.83E-15	No	No	No	Yes	No
EGFRNetmtKRAS-Hi	ARAF	RAF1	P10398	P04049	ARAF_RAF1	14.20	3.83	3.12E-09	1.53E-22	No	No	No	Yes	No
EGFRNetmtKRAS-Hi	ARAF	BAG2	P10398	O95816	ARAF_BAG2	4.03	2.01	8.38E-07	1.88E-07	No	No	No	Yes	No
EGFRNetmtKRAS-Hi	AXL	MRPS7	P30530	Q9Y2R9	AXL_MRPS7	1.95	0.97	3.70E-03	4.81E-02	No	No	No	No	No
EGFRNetmtKRAS-Hi	AXL	G3BP2	P30530	Q9UN86	AXL_G3BP2	1.96	0.97	1.98E-05	4.68E-02	No	No	No	No	No
EGFRNetmtKRAS-Hi	AXL	MRPL17	P30530	Q9NRX2	AXL_MRPL17	1.95	0.96	3.97E-03	4.87E-02	Yes	No	No	No	No
EGFRNetmtKRAS-Hi	AXL	MRPS31	P30530	Q92665	AXL_MRPS31	1.94	0.96	3.04E-03	4.94E-02	No	No	No	No	No
EGFRNetmtKRAS-Hi	AXL	CDC37	P30530	Q16543	AXL_CDC37	3.29	1.72	5.50E-03	1.34E-03	No	No	No	No	No
EGFRNetmtKRAS-Hi	AXL	PCBP2	P30530	Q15366	AXL_PCBP2	3.55	1.83	1.94E-05	6.84E-04	Yes	No	No	No	No
EGFRNetmtKRAS-Hi	AXL	PCBP1	P30530	Q15365	AXL_PCBP1	1.96	0.97	2.27E-02	4.73E-02	No	No	No	No	No
EGFRNetmtKRAS-Hi	AXL	PABPC4	P30530	Q13310	AXL_PABPC4	2.41	1.27	7.16E-07	1.38E-02	Yes	No	No	No	No
EGFRNetmtKRAS-Hi	AXL	MRPS34	P30530	P82930	AXL_MRPS34	2.11	1.07	1.73E-03	3.17E-02	No	No	No	No	No
EGFRNetmtKRAS-Hi	AXL	SEC61B	P30530	P60468	AXL_SEC61B	2.61	1.38	2.27E-02	8.01E-03	No	No	No	No	No
EGFRNetmtKRAS-Hi	AXL	DNAJA1	P30530	P31689	AXL_DNAJA1	2.60	1.38	3.88E-04	8.17E-03	No	No	No	No	No
EGFRNetmtKRAS-Hi	AXL	AXL	P30530	P30530	AXL_AXL	23.15	4.53	1.59E-09	4.96E-16	No	No	No	Yes	No
EGFRNetmtKRAS-Hi	AXL	HSPA6	P30530	P17066	AXL_HSPA6	3.00	1.59	8.73E-04	2.79E-03	No	No	No	No	No
EGFRNetmtKRAS-Hi	AXL	DSP	P30530	P15924	AXL_DSP	6.57	2.71	2.19E-03	8.59E-07	No	No	No	No	No
EGFRNetmtKRAS-Hi	AXL	PABPC3	P30530	Q9H361	AXL_PABPC3	2.26	1.18	1.48E-05	2.05E-02	No	No	No	No	No
EGFRNetmtKRAS-Hi	AXL	PABPC1	P30530	P11940	AXL_PABPC1	2.26	1.18	1.48E-05	2.05E-02	Yes	No	No	No	No
EGFRNetmtKRAS-Hi	AXL	HSPA8	P30530	P11142	AXL_HSPA8	3.42	1.77	2.13E-09	9.49E-04	No	No	No	No	No
EGFRNetmtKRAS-Hi	AXL	HSP90AB3P	P30530	Q58FF7	AXL_HSP90AB3P	2.19	1.13	1.00E-04	2.53E-02	No	No	No	No	No
EGFRNetmtKRAS-Hi	AXL	HSP90AB1	P30530	P08238	AXL_HSP90AB1	2.19	1.13	1.00E-04	2.53E-02	No	No	No	Yes	No
EGFRNetmtKRAS-Hi	AXL	HSPA1A	P30530	P08107	AXL_HSPA1A	2.86	1.52	5.65E-08	4.07E-03	No	No	No	No	No
EGFRNetmtKRAS-Hi	AXL	HSP90AA1	P30530	P07900	AXL_HSP90AA1	2.21	1.15	1.23E-04	2.36E-02	No	No	No	Yes	No
EGFRNetmtKRAS-Hi	AXL	BAG2	P30530	O95816	AXL_BAG2	7.26	2.86	2.75E-09	2.28E-07	No	No	No	No	No
EGFRNetmtKRAS-Hi	AXL	MRPS14	P30530	O60783	AXL_MRPS14	2.15	1.11	1.95E-03	2.79E-02	Yes	No	No	No	No
EGFRNetmtKRAS-Hi	AXL	IGF2BP3	P30530	O00425	AXL_IGF2BP3	2.12	1.08	8.91E-04	3.09E-02	Yes	No	No	No	No
EGFRNetmtKRAS-Hi	BAD	TIMM9	Q92934	Q9Y5J7	BAD_TIMM9	6.04	2.60	6.80E-06	1.50E-02	Yes	No	No	No	No
EGFRNetmtKRAS-Hi	BAD	AKAP8L	Q92934	Q9ULX6	BAD_AKAP8L	5.68	2.51	1.51E-09	1.81E-02	Yes	No	No	No	No
EGFRNetmtKRAS-Hi	BAD	DDX20	Q92934	Q9UHI6	BAD_DDX20	7.05	2.82	3.51E-08	9.23E-03	Yes	No	No	No	No
EGFRNetmtKRAS-Hi	BAD	ATAD3A	Q92934	Q9NVI7	BAD_ATAD3A	6.50	2.70	1.03E-09	1.20E-02	Yes	No	No	No	No
EGFRNetmtKRAS-Hi	BAD	OSBPL8	Q92934	Q9BZF1	BAD_OSBPL8	4.53	2.18	8.40E-07	3.41E-02	Yes	No	No	No	No
EGFRNetmtKRAS-Hi	BAD	IPO9	Q92934	Q96P70	BAD_IPO9	7.08	2.82	1.09E-03	9.11E-03	Yes	No	No	No	No
EGFRNetmtKRAS-Hi	BAD	HOOK2	Q92934	Q96ED9	BAD_HOOK2	5.84	2.55	2.43E-05	1.66E-02	Yes	No	No	No	No
EGFRNetmtKRAS-Hi	BAD	BAD	Q92934	Q92934	BAD_BAD	37.29	5.22	3.09E-11	6.34E-06	No	No	No	No	No
EGFRNetmtKRAS-Hi	BAD	GLG1	Q92934	Q92896	BAD_GLG1	4.04	2.02	6.80E-07	4.59E-02	Yes	No	No	No	No
EGFRNetmtKRAS-Hi	BAD	CASC5	Q92934	Q8NG31	BAD_CASC5	4.96	2.31	2.22E-06	2.67E-02	Yes	No	No	No	No
EGFRNetmtKRAS-Hi	BAD	MCU	Q92934	Q8NE86	BAD_MCU	10.93	3.45	5.38E-03	1.96E-03	Yes	No	No	No	No
EGFRNetmtKRAS-Hi	BAD	ATAD3B	Q92934	Q5T9A4	BAD_ATAD3B	7.47	2.90	1.48E-06	7.65E-03	No	No	No	No	No
EGFRNetmtKRAS-Hi	BAD	AGK	Q92934	Q53H12	BAD_AGK	5.10	2.35	1.30E-08	2.46E-02	Yes	No	No	No	No
EGFRNetmtKRAS-Hi	BAD	SMN1	Q92934	Q16637	BAD_SMN1	7.05	2.82	6.65E-08	9.25E-03	Yes	No	No	No	No
EGFRNetmtKRAS-Hi	BAD	PPP2R5E	Q92934	Q16537	BAD_PPP2R5E	18.59	4.22	8.37E-08	2.11E-04	Yes	No	No	No	No
EGFRNetmtKRAS-Hi	BAD	KPNB1	Q92934	Q14974	BAD_KPNB1	4.30	2.10	1.55E-06	3.93E-02	No	No	No	No	No
EGFRNetmtKRAS-Hi	BAD	PPP2R5C	Q92934	Q13362	BAD_PPP2R5C	9.18	3.20	6.77E-06	3.75E-03	Yes	No	No	No	No
EGFRNetmtKRAS-Hi	BAD	PRKAA1	Q92934	Q13131	BAD_PRKAA1	7.52	2.91	1.49E-03	7.47E-03	No	No	No	No	No
EGFRNetmtKRAS-Hi	BAD	BCL2L1	Q92934	Q07817	BAD_BCL2L1	29.00	4.86	8.31E-07	2.43E-05	No	Yes	Yes	Yes	No
EGFRNetmtKRAS-Hi	BAD	YWHAH	Q92934	Q04917	BAD_YWHAH	11.19	3.48	6.97E-08	1.79E-03	No	No	No	Yes	No
EGFRNetmtKRAS-Hi	BAD	SLC25A3	Q92934	Q00325	BAD_SLC25A3	4.58	2.20	1.06E-13	3.31E-02	Yes	No	No	No	No
EGFRNetmtKRAS-Hi	BAD	PRKDC	Q92934	P78527	BAD_PRKDC	4.50	2.17	3.32E-09	3.47E-02	Yes	No	No	No	No
EGFRNetmtKRAS-Hi	BAD	PPP2CA	Q92934	P67775	BAD_PPP2CA	9.43	3.24	2.63E-09	3.39E-03	Yes	No	No	No	No
EGFRNetmtKRAS-Hi	BAD	YWHAZ	Q92934	P63104	BAD_YWHAZ	11.09	3.47	1.84E-08	1.85E-03	No	No	No	Yes	No
EGFRNetmtKRAS-Hi	BAD	YWHAE	Q92934	P62258	BAD_YWHAE	9.96	3.32	1.92E-08	2.78E-03	No	No	No	Yes	No
EGFRNetmtKRAS-Hi	BAD	YWHAG	Q92934	P61981	BAD_YWHAG	9.41	3.23	1.83E-08	3.42E-03	No	No	No	Yes	No
EGFRNetmtKRAS-Hi	BAD	GEMIN4	Q92934	P57678	BAD_GEMIN4	7.50	2.91	4.29E-04	7.52E-03	Yes	No	No	No	No
EGFRNetmtKRAS-Hi	BAD	EMD	Q92934	P50402	BAD_EMD	5.22	2.38	7.46E-05	2.31E-02	Yes	No	No	No	No
EGFRNetmtKRAS-Hi	BAD	SNCA	Q92934	P37840	BAD_SNCA	8.99	3.17	3.77E-07	4.04E-03	No	No	No	Yes	No
EGFRNetmtKRAS-Hi	BAD	SFN	Q92934	P31947	BAD_SFN	10.19	3.35	1.15E-07	2.55E-03	No	No	No	Yes	No
EGFRNetmtKRAS-Hi	BAD	YWHAB	Q92934	P31946	BAD_YWHAB	6.91	2.79	7.55E-09	9.84E-03	No	No	No	Yes	No
EGFRNetmtKRAS-Hi	BAD	PPP2R1B	Q92934	P30154	BAD_PPP2R1B	12.03	3.59	7.05E-03	1.35E-03	No	No	No	No	No
EGFRNetmtKRAS-Hi	BAD	PPP2R1A	Q92934	P30153	BAD_PPP2R1A	9.59	3.26	1.93E-08	3.20E-03	Yes	No	No	No	No
EGFRNetmtKRAS-Hi	BAD	ABCD3	Q92934	P28288	BAD_ABCD3	4.49	2.17	1.79E-03	3.49E-02	Yes	No	No	No	No
EGFRNetmtKRAS-Hi	BAD	CAD	Q92934	P27708	BAD_CAD	5.09	2.35	1.50E-08	2.48E-02	No	No	No	No	No
EGFRNetmtKRAS-Hi	BAD	YWHAQ	Q92934	P27348	BAD_YWHAQ	11.07	3.47	1.70E-08	1.86E-03	No	No	No	Yes	No
EGFRNetmtKRAS-Hi	BAD	PRKACB	Q92934	P22694	BAD_PRKACB	3.94	1.98	1.84E-12	4.91E-02	No	No	No	No	No
EGFRNetmtKRAS-Hi	BAD	HSPA6	Q92934	P17066	BAD_HSPA6	4.28	2.10	8.39E-07	3.97E-02	No	No	No	No	No
EGFRNetmtKRAS-Hi	BAD	HSPA8	Q92934	P11142	BAD_HSPA8	5.26	2.40	5.89E-11	2.26E-02	No	No	No	No	No
EGFRNetmtKRAS-Hi	BAD	HSPD1	Q92934	P10809	BAD_HSPD1	4.03	2.01	4.80E-09	4.63E-02	Yes	No	No	No	No
EGFRNetmtKRAS-Hi	BAD	CYC1	Q92934	P08574	BAD_CYC1	4.71	2.24	4.36E-08	3.07E-02	Yes	No	No	No	No
EGFRNetmtKRAS-Hi	BAD	IPO7	Q92934	O95373	BAD_IPO7	5.72	2.52	1.39E-02	1.77E-02	No	No	No	No	No
EGFRNetmtKRAS-Hi	BAD	ERLIN1	Q92934	O75477	BAD_ERLIN1	4.58	2.20	1.60E-09	3.31E-02	Yes	No	No	No	No
EGFRNetmtKRAS-Hi	BAD	PPP6C	Q92934	O00743	BAD_PPP6C	4.67	2.22	1.88E-04	3.15E-02	Yes	No	No	No	No
EGFRNetmtKRAS-Hi	BLK	GAR1	P51451	Q9NY12	BLK_GAR1	1.85	0.89	7.77E-03	7.19E-03	No	No	No	No	No
EGFRNetmtKRAS-Hi	BLK	PGAM5	P51451	Q96HS1	BLK_PGAM5	1.61	0.68	1.03E-02	2.90E-02	No	No	No	No	No
EGFRNetmtKRAS-Hi	BLK	CDC37	P51451	Q16543	BLK_CDC37	4.84	2.28	1.62E-02	2.74E-10	No	No	No	No	No
EGFRNetmtKRAS-Hi	BLK	DSG1	P51451	Q02413	BLK_DSG1	6.76	2.76	1.80E-02	3.06E-14	No	No	No	No	No
EGFRNetmtKRAS-Hi	BLK	BLK	P51451	P51451	BLK_BLK	16.59	4.05	3.14E-08	1.70E-28	Yes	No	No	Yes	No
EGFRNetmtKRAS-Hi	BLK	HSPA5	P51451	P11021	BLK_HSPA5	1.95	0.97	1.05E-04	3.89E-03	No	No	No	No	No
EGFRNetmtKRAS-Hi	BLK	PARP1	P51451	P09874	BLK_PARP1	2.30	1.20	1.34E-02	4.75E-04	No	No	No	No	No
EGFRNetmtKRAS-Hi	BLK	VIM	P51451	P08670	BLK_VIM	10.05	3.33	1.53E-03	7.02E-20	Yes	No	No	No	No
EGFRNetmtKRAS-Hi	BLK	HSP90AB3P	P51451	Q58FF7	BLK_HSP90AB3P	1.52	0.61	9.68E-03	4.61E-02	No	No	No	No	No
EGFRNetmtKRAS-Hi	BLK	HSP90AB1	P51451	P08238	BLK_HSP90AB1	1.52	0.61	9.68E-03	4.61E-02	No	No	No	Yes	No
EGFRNetmtKRAS-Hi	BLK	HNRNPCL1	P51451	O60812	BLK_HNRNPCL1	1.82	0.87	5.48E-03	8.40E-03	No	No	No	No	No
EGFRNetmtKRAS-Hi	BLK	HNRNPC	P51451	P07910	BLK_HNRNPC	1.82	0.87	5.48E-03	8.40E-03	No	No	No	No	No
EGFRNetmtKRAS-Hi	BLK	HSP90AA1	P51451	P07900	BLK_HSP90AA1	1.74	0.80	4.25E-03	1.39E-02	No	No	No	Yes	No
EGFRNetmtKRAS-Hi	BLK	TUBB	P51451	P07437	BLK_TUBB	1.61	0.69	1.02E-02	2.83E-02	No	No	No	No	No
EGFRNetmtKRAS-Hi	BLK	P4HB	P51451	P07237	BLK_P4HB	2.27	1.18	2.86E-04	5.85E-04	No	No	No	No	No
EGFRNetmtKRAS-Hi	BLK	ATP5B	P51451	P06576	BLK_ATP5B	1.90	0.92	8.08E-03	5.42E-03	No	No	No	Yes	No
EGFRNetmtKRAS-Hi	BLK	CDK1	P51451	P06493	BLK_CDK1	28.11	4.81	1.16E-04	2.51E-39	Yes	No	No	No	No
EGFRNetmtKRAS-Hi	BLK	HSPB1	P51451	P04792	BLK_HSPB1	2.61	1.38	3.62E-02	7.48E-05	Yes	No	No	No	No
EGFRNetmtKRAS-Hi	BMX	AP3M1	P51813	Q9Y2T2	BMX_AP3M1	2.27	1.19	1.15E-05	3.85E-02	No	No	No	No	No
EGFRNetmtKRAS-Hi	BMX	GRWD1	P51813	Q9BQ67	BMX_GRWD1	2.33	1.22	2.38E-05	3.45E-02	No	No	No	No	No
EGFRNetmtKRAS-Hi	BMX	CCT7	P51813	Q99832	BMX_CCT7	2.23	1.16	2.44E-08	4.24E-02	Yes	No	No	No	No
EGFRNetmtKRAS-Hi	BMX	HSPH1	P51813	Q92598	BMX_HSPH1	2.40	1.26	8.33E-04	2.96E-02	No	No	No	No	No
EGFRNetmtKRAS-Hi	BMX	AP3S1	P51813	Q92572	BMX_AP3S1	2.43	1.28	5.59E-04	2.78E-02	No	No	No	No	No
EGFRNetmtKRAS-Hi	BMX	CDC37	P51813	Q16543	BMX_CDC37	4.48	2.16	3.45E-09	6.20E-04	No	No	No	No	No
EGFRNetmtKRAS-Hi	BMX	BYSL	P51813	Q13895	BMX_BYSL	2.36	1.24	1.89E-03	3.23E-02	No	No	No	No	No
EGFRNetmtKRAS-Hi	BMX	TRIM26	P51813	Q12899	BMX_TRIM26	2.52	1.33	2.89E-02	2.32E-02	Yes	No	No	No	No
EGFRNetmtKRAS-Hi	BMX	CCT2	P51813	P78371	BMX_CCT2	2.41	1.27	3.07E-09	2.90E-02	Yes	No	No	No	No
EGFRNetmtKRAS-Hi	BMX	PPP2R2A	P51813	P63151	BMX_PPP2R2A	2.56	1.36	1.08E-03	2.14E-02	No	No	No	No	No
EGFRNetmtKRAS-Hi	BMX	ABCE1	P51813	P61221	BMX_ABCE1	2.52	1.33	1.51E-04	2.33E-02	Yes	No	No	No	No
EGFRNetmtKRAS-Hi	BMX	BMX	P51813	P51813	BMX_BMX	10.28	3.36	1.90E-09	2.59E-07	No	No	No	Yes	No
EGFRNetmtKRAS-Hi	BMX	CCT4	P51813	P50991	BMX_CCT4	2.27	1.18	4.32E-09	3.87E-02	Yes	No	No	No	No
EGFRNetmtKRAS-Hi	BMX	CCT8	P51813	P50990	BMX_CCT8	2.23	1.16	1.44E-08	4.17E-02	Yes	No	No	No	No
EGFRNetmtKRAS-Hi	BMX	CCT3	P51813	P49368	BMX_CCT3	2.49	1.32	1.93E-09	2.46E-02	Yes	No	No	No	No
EGFRNetmtKRAS-Hi	BMX	CCT6A	P51813	P40227	BMX_CCT6A	2.35	1.23	6.50E-09	3.27E-02	Yes	No	No	No	No
EGFRNetmtKRAS-Hi	BMX	TCP1	P51813	P17987	BMX_TCP1	2.42	1.27	7.99E-10	2.86E-02	Yes	No	No	No	No
EGFRNetmtKRAS-Hi	BMX	GYS1	P51813	P13807	BMX_GYS1	3.06	1.61	2.57E-05	8.06E-03	No	No	No	No	No
EGFRNetmtKRAS-Hi	BMX	PRPS2	P51813	P11908	BMX_PRPS2	2.36	1.24	2.48E-02	3.21E-02	No	No	No	No	No
EGFRNetmtKRAS-Hi	BMX	HSPA5	P51813	P11021	BMX_HSPA5	2.48	1.31	4.42E-07	2.52E-02	No	No	No	No	No
EGFRNetmtKRAS-Hi	BMX	HSP90AB3P	P51813	Q58FF7	BMX_HSP90AB3P	2.63	1.39	2.50E-08	1.88E-02	No	No	No	No	No
EGFRNetmtKRAS-Hi	BMX	HSP90AB1	P51813	P08238	BMX_HSP90AB1	2.63	1.39	2.50E-08	1.88E-02	No	No	No	Yes	No
EGFRNetmtKRAS-Hi	BMX	HSPA1A	P51813	P08107	BMX_HSPA1A	2.88	1.53	6.23E-08	1.13E-02	No	No	No	No	No
EGFRNetmtKRAS-Hi	BMX	HSP90AA1	P51813	P07900	BMX_HSP90AA1	2.33	1.22	1.63E-07	3.45E-02	No	No	No	Yes	No
EGFRNetmtKRAS-Hi	BMX	PPM1G	P51813	O15355	BMX_PPM1G	3.00	1.59	2.47E-06	8.92E-03	No	No	No	No	No
EGFRNetmtKRAS-Hi	BMX	CHD1	P51813	O14646	BMX_CHD1	2.87	1.52	1.15E-04	1.15E-02	No	No	No	No	No
EGFRNetmtKRAS-Hi	BMX	PPP6C	P51813	O00743	BMX_PPP6C	2.16	1.11	1.64E-03	4.85E-02	No	No	No	No	No
EGFRNetmtKRAS-Hi	BMX	SMAP	P51813	O00193	BMX_SMAP	6.48	2.70	1.02E-08	2.85E-05	No	No	No	No	No
EGFRNetmtKRAS-Hi	BRAF	SDF2L1	P15056	Q9HCN8	BRAF_SDF2L1	4.95	2.31	2.24E-03	3.73E-02	No	No	No	No	No
EGFRNetmtKRAS-Hi	BRAF	SLC25A22	P15056	Q9H936	BRAF_SLC25A22	4.40	2.14	1.56E-02	4.88E-02	No	No	No	No	No
EGFRNetmtKRAS-Hi	BRAF	SPTBN4	P15056	Q9H254	BRAF_SPTBN4	10.72	3.42	3.39E-03	4.39E-03	No	No	No	No	No
EGFRNetmtKRAS-Hi	BRAF	RPTOR	P15056	Q8N122	BRAF_RPTOR	4.42	2.14	4.89E-03	4.84E-02	No	Yes	No	No	No
EGFRNetmtKRAS-Hi	BRAF	TMEM33	P15056	P57088	BRAF_TMEM33	4.53	2.18	5.21E-03	4.58E-02	No	No	No	No	No
EGFRNetmtKRAS-Hi	BRAF	CTSB	P15056	P07858	BRAF_CTSB	6.24	2.64	2.87E-02	2.10E-02	No	No	No	No	No
EGFRNetmtKRAS-Hi	BRAF	KRAS	P15056	P01116	BRAF_KRAS	7.70	2.95	5.91E-04	1.18E-02	No	Yes	No	No	No
EGFRNetmtKRAS-Hi	BRAF	ATAD3A	P15056	Q9NVI7	BRAF_ATAD3A	1.72	0.78	1.74E-02	2.08E-03	No	No	No	No	No
EGFRNetmtKRAS-Hi	BRAF	ATAD3B	P15056	Q5T9A4	BRAF_ATAD3B	2.59	1.37	1.95E-02	2.91E-07	No	No	No	No	No
EGFRNetmtKRAS-Hi	BRAF	CDC37	P15056	Q16543	BRAF_CDC37	5.66	2.50	7.09E-07	5.51E-20	No	No	No	Yes	No
EGFRNetmtKRAS-Hi	BRAF	YWHAH	P15056	Q04917	BRAF_YWHAH	6.71	2.75	1.70E-08	1.06E-23	No	Yes	No	Yes	No
EGFRNetmtKRAS-Hi	BRAF	MAP2K1	P15056	Q02750	BRAF_MAP2K1	7.19	2.85	2.48E-03	2.50E-25	No	Yes	No	Yes	Yes
EGFRNetmtKRAS-Hi	BRAF	YWHAZ	P15056	P63104	BRAF_YWHAZ	4.09	2.03	6.29E-07	7.44E-14	No	Yes	No	Yes	Yes
EGFRNetmtKRAS-Hi	BRAF	YWHAE	P15056	P62258	BRAF_YWHAE	4.50	2.17	7.90E-08	1.56E-15	No	Yes	No	Yes	No
EGFRNetmtKRAS-Hi	BRAF	YWHAG	P15056	P61981	BRAF_YWHAG	6.74	2.75	9.82E-08	7.84E-24	Yes	Yes	No	Yes	No
EGFRNetmtKRAS-Hi	BRAF	HSPA9	P15056	P38646	BRAF_HSPA9	1.74	0.80	2.84E-03	1.75E-03	No	No	No	Yes	No
EGFRNetmtKRAS-Hi	BRAF	MAP2K2	P15056	P36507	BRAF_MAP2K2	4.77	2.25	2.99E-04	1.34E-16	No	Yes	No	Yes	No
EGFRNetmtKRAS-Hi	BRAF	SFN	P15056	P31947	BRAF_SFN	4.22	2.08	5.31E-07	2.14E-14	No	No	No	Yes	No
EGFRNetmtKRAS-Hi	BRAF	YWHAB	P15056	P31946	BRAF_YWHAB	4.20	2.07	8.92E-08	2.75E-14	No	Yes	No	Yes	No
EGFRNetmtKRAS-Hi	BRAF	YWHAQ	P15056	P27348	BRAF_YWHAQ	3.76	1.91	1.23E-06	1.80E-12	No	Yes	No	Yes	No
EGFRNetmtKRAS-Hi	BRAF	NCL	P15056	P19338	BRAF_NCL	1.36	0.45	9.77E-04	4.85E-02	No	No	No	No	No
EGFRNetmtKRAS-Hi	BRAF	HSPA6	P15056	P17066	BRAF_HSPA6	1.54	0.62	1.30E-03	1.09E-02	No	No	No	No	No
EGFRNetmtKRAS-Hi	BRAF	BRAF	P15056	P15056	BRAF_BRAF	6.46	2.69	2.08E-08	7.42E-23	No	No	No	Yes	No
EGFRNetmtKRAS-Hi	BRAF	HSPA8	P15056	P11142	BRAF_HSPA8	1.42	0.51	5.35E-08	2.98E-02	No	No	No	Yes	No
EGFRNetmtKRAS-Hi	BRAF	HSPA5	P15056	P11021	BRAF_HSPA5	2.25	1.17	2.80E-05	9.61E-06	No	No	No	Yes	No
EGFRNetmtKRAS-Hi	BRAF	HSP90AB3P	P15056	Q58FF7	BRAF_HSP90AB3P	4.32	2.11	4.49E-08	8.71E-15	No	No	No	No	No
EGFRNetmtKRAS-Hi	BRAF	HSP90AB1	P15056	P08238	BRAF_HSP90AB1	4.32	2.11	4.49E-08	8.71E-15	No	No	No	Yes	No
EGFRNetmtKRAS-Hi	BRAF	HSPA1A	P15056	P08107	BRAF_HSPA1A	1.42	0.51	1.27E-05	3.07E-02	No	No	No	No	No
EGFRNetmtKRAS-Hi	BRAF	HSP90AA1	P15056	P07900	BRAF_HSP90AA1	3.49	1.80	1.99E-06	2.78E-11	No	No	No	Yes	No
EGFRNetmtKRAS-Hi	BRAF	RAF1	P15056	P04049	BRAF_RAF1	12.45	3.64	1.71E-08	4.71E-40	No	Yes	No	Yes	No
EGFRNetmtKRAS-Hi	CAMK2A	CAMK2A	Q9UQM7	Q9UQM7	CAMK2A_CAMK2A	11.77	3.56	2.45E-10	7.37E-11	Yes	No	No	Yes	No
EGFRNetmtKRAS-Hi	CAMK2A	G3BP2	Q9UQM7	Q9UN86	CAMK2A_G3BP2	2.28	1.19	1.05E-03	1.72E-02	No	No	No	No	No
EGFRNetmtKRAS-Hi	CAMK2A	DDX21	Q9UQM7	Q9NR30	CAMK2A_DDX21	3.63	1.86	3.58E-02	4.38E-04	Yes	No	No	No	No
EGFRNetmtKRAS-Hi	CAMK2A	CDC37	Q9UQM7	Q16543	CAMK2A_CDC37	3.89	1.96	4.08E-04	2.22E-04	No	No	No	No	No
EGFRNetmtKRAS-Hi	CAMK2A	CAMK2D	Q9UQM7	Q13557	CAMK2A_CAMK2D	2.40	1.26	1.30E-03	1.24E-02	No	Yes	No	Yes	No
EGFRNetmtKRAS-Hi	CAMK2A	CAMK2G	Q9UQM7	Q13555	CAMK2A_CAMK2G	4.71	2.24	1.35E-02	2.98E-05	No	No	No	Yes	No
EGFRNetmtKRAS-Hi	CAMK2A	RPL6	Q9UQM7	Q02878	CAMK2A_RPL6	1.92	0.94	7.91E-03	4.80E-02	No	No	No	No	No
EGFRNetmtKRAS-Hi	CAMK2A	H3F3C	Q9UQM7	Q6NXT2	CAMK2A_H3F3C	4.07	2.02	3.96E-02	1.44E-04	No	No	No	No	No
EGFRNetmtKRAS-Hi	CAMK2A	HIST2H3A	Q9UQM7	Q71DI3	CAMK2A_HIST2H3A	4.07	2.02	3.96E-02	1.44E-04	No	No	No	No	No
EGFRNetmtKRAS-Hi	CAMK2A	HIST3H3	Q9UQM7	Q16695	CAMK2A_HIST3H3	4.07	2.02	3.96E-02	1.44E-04	No	No	No	No	No
EGFRNetmtKRAS-Hi	CAMK2A	H3F3A	Q9UQM7	P84243	CAMK2A_H3F3A	4.07	2.02	3.96E-02	1.44E-04	No	No	No	No	No
EGFRNetmtKRAS-Hi	CAMK2A	HIST1H3A	Q9UQM7	P68431	CAMK2A_HIST1H3A	4.07	2.02	3.96E-02	1.44E-04	No	No	No	No	No
EGFRNetmtKRAS-Hi	CAMK2A	TUBA4A	Q9UQM7	P68366	CAMK2A_TUBA4A	1.95	0.97	1.48E-02	4.40E-02	No	No	No	No	No
EGFRNetmtKRAS-Hi	CAMK2A	RPL39P5	Q9UQM7	Q59GN2	CAMK2A_RPL39P5	2.42	1.27	2.34E-05	1.18E-02	No	No	No	No	No
EGFRNetmtKRAS-Hi	CAMK2A	RPL39	Q9UQM7	P62891	CAMK2A_RPL39	2.42	1.27	2.34E-05	1.18E-02	No	No	No	No	No
EGFRNetmtKRAS-Hi	CAMK2A	FBL	Q9UQM7	P22087	CAMK2A_FBL	3.36	1.75	2.56E-02	8.82E-04	No	No	No	No	No
EGFRNetmtKRAS-Hi	CAMK2A	HMGA1	Q9UQM7	P17096	CAMK2A_HMGA1	3.19	1.67	1.97E-03	1.38E-03	No	No	No	No	No
EGFRNetmtKRAS-Hi	CAMK2A	HIST1H1D	Q9UQM7	P16402	CAMK2A_HIST1H1D	6.50	2.70	4.79E-03	6.00E-07	No	No	No	No	No
EGFRNetmtKRAS-Hi	CAMK2A	HIST1H1C	Q9UQM7	P16403	CAMK2A_HIST1H1C	6.50	2.70	4.79E-03	6.00E-07	No	No	No	No	No
EGFRNetmtKRAS-Hi	CAMK2A	HSP90AB1	Q9UQM7	P08238	CAMK2A_HSP90AB1	3.28	1.71	4.28E-07	1.09E-03	No	No	No	Yes	No
EGFRNetmtKRAS-Hi	CAMK2A	HSP90AA1	Q9UQM7	P07900	CAMK2A_HSP90AA1	2.69	1.43	6.85E-06	5.42E-03	No	No	No	Yes	No
EGFRNetmtKRAS-Hi	CAMK2A	HPX	Q9UQM7	P02790	CAMK2A_HPX	5.84	2.55	1.30E-02	2.40E-06	No	No	No	No	No
EGFRNetmtKRAS-Hi	CAMK2A	RSL1D1	Q9UQM7	O76021	CAMK2A_RSL1D1	3.37	1.75	3.29E-02	8.60E-04	Yes	No	No	No	No
EGFRNetmtKRAS-Hi	CAMK2A	SEC16A	Q9UQM7	O15027	CAMK2A_SEC16A	3.55	1.83	2.41E-04	5.30E-04	No	No	No	No	No
EGFRNetmtKRAS-Hi	CAMK2A	IGF2BP3	Q9UQM7	O00425	CAMK2A_IGF2BP3	1.93	0.95	2.99E-02	4.70E-02	No	No	No	No	No
EGFRNetmtKRAS-Hi	CASP9	RNPEP	P55211	Q9H4A4	CASP9_RNPEP	1.64	0.72	4.37E-02	2.17E-02	Yes	No	No	No	No
EGFRNetmtKRAS-Hi	CASP9	AKAP12	P55211	Q02952	CASP9_AKAP12	1.77	0.83	5.56E-03	9.71E-03	Yes	No	No	No	No
EGFRNetmtKRAS-Hi	CASP9	CASP9	P55211	P55211	CASP9_CASP9	4.99	2.32	1.07E-02	2.12E-11	No	No	No	Yes	No
EGFRNetmtKRAS-Hi	CASP9	HPRT1	P55211	P00492	CASP9_HPRT1	1.76	0.81	4.82E-03	1.08E-02	Yes	No	No	No	No
EGFRNetmtKRAS-Hi	CAV1	IVNS1ABP	Q03135	Q9Y6Y0	CAV1_IVNS1ABP	2.02	1.01	1.07E-03	1.81E-03	No	No	No	No	No
EGFRNetmtKRAS-Hi	CAV1	THRAP3	Q03135	Q9Y2W1	CAV1_THRAP3	1.51	0.59	1.18E-02	4.50E-02	Yes	No	No	No	No
EGFRNetmtKRAS-Hi	CAV1	HN1	Q03135	Q9UK76	CAV1_HN1	1.67	0.74	2.41E-02	1.64E-02	No	No	No	No	No
EGFRNetmtKRAS-Hi	CAV1	PHB2	Q03135	Q99623	CAV1_PHB2	4.33	2.11	2.40E-08	6.04E-10	Yes	No	No	No	No
EGFRNetmtKRAS-Hi	CAV1	PRPSAP1	Q03135	Q14558	CAV1_PRPSAP1	1.70	0.76	9.85E-04	1.43E-02	No	No	No	No	No
EGFRNetmtKRAS-Hi	CAV1	TARDBP	Q03135	Q13148	CAV1_TARDBP	1.57	0.66	1.07E-02	3.01E-02	No	No	No	No	No
EGFRNetmtKRAS-Hi	CAV1	MTAP	Q03135	Q13126	CAV1_MTAP	1.93	0.95	7.22E-04	3.13E-03	Yes	No	No	No	No
EGFRNetmtKRAS-Hi	CAV1	CAV1	Q03135	Q03135	CAV1_CAV1	17.95	4.17	1.40E-08	2.00E-33	Yes	No	No	Yes	No
EGFRNetmtKRAS-Hi	CAV1	SORD	Q03135	Q00796	CAV1_SORD	1.55	0.63	1.84E-03	3.47E-02	Yes	No	No	No	No
EGFRNetmtKRAS-Hi	CAV1	CYCS	Q03135	P99999	CAV1_CYCS	1.51	0.60	3.34E-03	4.34E-02	No	No	No	No	No
EGFRNetmtKRAS-Hi	CAV1	TMSB10	Q03135	P63313	CAV1_TMSB10	1.81	0.86	3.36E-04	6.96E-03	Yes	No	No	No	No
EGFRNetmtKRAS-Hi	CAV1	TMSB4X	Q03135	P62328	CAV1_TMSB4X	1.73	0.79	2.80E-05	1.14E-02	No	No	No	No	No
EGFRNetmtKRAS-Hi	CAV1	SUMO3	Q03135	P55854	CAV1_SUMO3	1.56	0.64	7.04E-03	3.26E-02	No	No	No	No	No
EGFRNetmtKRAS-Hi	CAV1	SUMO2	Q03135	P61956	CAV1_SUMO2	1.56	0.64	7.04E-03	3.26E-02	No	No	No	No	No
EGFRNetmtKRAS-Hi	CAV1	UBE2NL	Q03135	Q5JXB2	CAV1_UBE2NL	1.56	0.65	1.08E-04	3.20E-02	No	No	No	No	No
EGFRNetmtKRAS-Hi	CAV1	UBE2N	Q03135	P61088	CAV1_UBE2N	1.56	0.65	1.08E-04	3.20E-02	No	No	No	No	No
EGFRNetmtKRAS-Hi	CAV1	PRPS1	Q03135	P60891	CAV1_PRPS1	1.75	0.81	7.28E-04	1.00E-02	No	No	No	No	No
EGFRNetmtKRAS-Hi	CAV1	VCP	Q03135	P55072	CAV1_VCP	3.24	1.70	9.62E-04	5.38E-07	No	No	No	Yes	No
EGFRNetmtKRAS-Hi	CAV1	VDAC2	Q03135	P45880	CAV1_VDAC2	1.59	0.67	2.76E-04	2.74E-02	Yes	No	No	No	No
EGFRNetmtKRAS-Hi	CAV1	ETFB	Q03135	P38117	CAV1_ETFB	1.78	0.84	9.98E-03	8.20E-03	Yes	No	No	No	No
EGFRNetmtKRAS-Hi	CAV1	TALDO1	Q03135	P37837	CAV1_TALDO1	1.63	0.71	2.68E-03	2.12E-02	No	No	No	No	No
EGFRNetmtKRAS-Hi	CAV1	PHB	Q03135	P35232	CAV1_PHB	4.95	2.31	7.99E-09	1.64E-11	Yes	No	No	No	No
EGFRNetmtKRAS-Hi	CAV1	ATIC	Q03135	P31939	CAV1_ATIC	1.65	0.72	9.48E-04	1.88E-02	No	No	No	No	No
EGFRNetmtKRAS-Hi	CAV1	CMPK1	Q03135	P30085	CAV1_CMPK1	1.62	0.70	2.83E-03	2.28E-02	No	No	No	No	No
EGFRNetmtKRAS-Hi	CAV1	VDAC1	Q03135	P21796	CAV1_VDAC1	1.66	0.73	1.25E-05	1.80E-02	Yes	No	No	Yes	No
EGFRNetmtKRAS-Hi	CAV1	CAPN2	Q03135	P17655	CAV1_CAPN2	1.66	0.73	3.12E-02	1.77E-02	Yes	No	No	No	No
EGFRNetmtKRAS-Hi	CAV1	AKR1A1	Q03135	P14550	CAV1_AKR1A1	1.68	0.75	3.14E-03	1.55E-02	No	No	No	No	No
EGFRNetmtKRAS-Hi	CAV1	TPT1	Q03135	P13693	CAV1_TPT1	1.59	0.67	7.19E-04	2.69E-02	No	No	No	No	No
EGFRNetmtKRAS-Hi	CAV1	ANXA3	Q03135	P12429	CAV1_ANXA3	1.52	0.61	1.41E-05	4.07E-02	No	No	No	No	No
EGFRNetmtKRAS-Hi	CAV1	PRPS2	Q03135	P11908	CAV1_PRPS2	1.67	0.74	5.53E-04	1.70E-02	No	No	No	No	No
EGFRNetmtKRAS-Hi	CAV1	ESD	Q03135	P10768	CAV1_ESD	1.83	0.87	9.01E-03	6.09E-03	Yes	No	No	No	No
EGFRNetmtKRAS-Hi	CAV1	TXNDC12	Q03135	O95881	CAV1_TXNDC12	1.58	0.66	8.27E-04	2.97E-02	No	No	No	No	No
EGFRNetmtKRAS-Hi	CAV1	BAG2	Q03135	O95816	CAV1_BAG2	1.98	0.99	1.70E-02	2.28E-03	No	No	No	No	No
EGFRNetmtKRAS-Hi	CAV1	PRPSAP2	Q03135	O60256	CAV1_PRPSAP2	1.69	0.76	1.06E-03	1.44E-02	No	No	No	No	No
EGFRNetmtKRAS-Hi	CAV1	PPM1G	Q03135	O15355	CAV1_PPM1G	1.53	0.61	4.26E-02	4.00E-02	No	No	No	No	No
EGFRNetmtKRAS-Hi	CAV2	IVNS1ABP	P51636	Q9Y6Y0	CAV2_IVNS1ABP	1.79	0.84	1.47E-03	3.67E-03	Yes	No	No	No	No
EGFRNetmtKRAS-Hi	CAV2	ACSL5	P51636	Q9ULC5	CAV2_ACSL5	2.23	1.15	4.50E-02	1.18E-04	Yes	No	No	No	No
EGFRNetmtKRAS-Hi	CAV2	ATPIF1	P51636	Q9UII2	CAV2_ATPIF1	4.59	2.20	1.35E-03	1.62E-12	No	No	No	No	No
EGFRNetmtKRAS-Hi	CAV2	VAPA	P51636	Q9P0L0	CAV2_VAPA	1.44	0.52	2.96E-02	4.65E-02	Yes	No	No	No	No
EGFRNetmtKRAS-Hi	CAV2	PTPLAD1	P51636	Q9P035	CAV2_PTPLAD1	3.21	1.68	1.38E-05	4.44E-08	Yes	No	No	No	No
EGFRNetmtKRAS-Hi	CAV2	SFXN1	P51636	Q9H9B4	CAV2_SFXN1	2.93	1.55	4.94E-02	4.17E-07	No	No	No	No	No
EGFRNetmtKRAS-Hi	CAV2	PHB2	P51636	Q99623	CAV2_PHB2	2.40	1.26	2.15E-04	2.91E-05	Yes	No	No	No	No
EGFRNetmtKRAS-Hi	CAV2	USMG5	P51636	Q96IX5	CAV2_USMG5	2.54	1.35	2.89E-02	9.19E-06	No	No	No	No	No
EGFRNetmtKRAS-Hi	CAV2	HSPH1	P51636	Q92598	CAV2_HSPH1	1.43	0.52	1.18E-02	4.75E-02	Yes	No	No	No	No
EGFRNetmtKRAS-Hi	CAV2	HM13	P51636	Q8TCT9	CAV2_HM13	6.86	2.78	7.34E-03	6.98E-19	Yes	No	No	No	No
EGFRNetmtKRAS-Hi	CAV2	MTMR14	P51636	Q8NCE2	CAV2_MTMR14	1.73	0.79	1.14E-04	5.87E-03	Yes	No	No	No	No
EGFRNetmtKRAS-Hi	CAV2	DHCR24	P51636	Q15392	CAV2_DHCR24	3.54	1.82	1.57E-03	3.52E-09	No	No	No	No	No
EGFRNetmtKRAS-Hi	CAV2	PRPSAP1	P51636	Q14558	CAV2_PRPSAP1	1.64	0.71	1.01E-03	1.14E-02	Yes	No	No	No	No
EGFRNetmtKRAS-Hi	CAV2	CAV1	P51636	Q03135	CAV2_CAV1	11.30	3.50	4.30E-09	8.77E-29	Yes	No	No	Yes	No
EGFRNetmtKRAS-Hi	CAV2	AKAP12	P51636	Q02952	CAV2_AKAP12	1.84	0.88	9.12E-04	2.47E-03	Yes	No	No	No	No
EGFRNetmtKRAS-Hi	CAV2	SLC7A5	P51636	Q01650	CAV2_SLC7A5	2.90	1.53	1.19E-03	5.41E-07	Yes	No	No	No	No
EGFRNetmtKRAS-Hi	CAV2	RAP1A	P51636	P62834	CAV2_RAP1A	1.62	0.70	2.55E-03	1.29E-02	No	No	No	No	No
EGFRNetmtKRAS-Hi	CAV2	RAP1B	P51636	P61224	CAV2_RAP1B	1.62	0.70	2.55E-03	1.29E-02	No	No	No	No	No
EGFRNetmtKRAS-Hi	CAV2	PRPS1	P51636	P60891	CAV2_PRPS1	1.58	0.66	9.20E-04	1.73E-02	Yes	No	No	No	No
EGFRNetmtKRAS-Hi	CAV2	TMEM33	P51636	P57088	CAV2_TMEM33	2.82	1.50	1.74E-03	9.97E-07	No	No	No	No	No
EGFRNetmtKRAS-Hi	CAV2	ATP5I	P51636	P56385	CAV2_ATP5I	4.06	2.02	2.80E-02	7.31E-11	No	No	No	No	No
EGFRNetmtKRAS-Hi	CAV2	ATP5EP2	P51636	Q5VTU8	CAV2_ATP5EP2	3.99	2.00	4.35E-03	1.21E-10	No	No	No	No	No
EGFRNetmtKRAS-Hi	CAV2	ATP5E	P51636	P56381	CAV2_ATP5E	3.99	2.00	4.35E-03	1.21E-10	Yes	No	No	No	No
EGFRNetmtKRAS-Hi	CAV2	ATP5J2	P51636	P56134	CAV2_ATP5J2	5.77	2.53	8.34E-04	5.54E-16	No	No	No	No	No
EGFRNetmtKRAS-Hi	CAV2	VCP	P51636	P55072	CAV2_VCP	3.66	1.87	5.94E-05	1.39E-09	No	No	No	No	No
EGFRNetmtKRAS-Hi	CAV2	CAV2	P51636	P51636	CAV2_CAV2	16.94	4.08	3.24E-09	1.89E-38	Yes	No	No	No	No
EGFRNetmtKRAS-Hi	CAV2	ATP5O	P51636	P48047	CAV2_ATP5O	4.98	2.32	6.16E-09	1.06E-13	Yes	No	No	No	No
EGFRNetmtKRAS-Hi	CAV2	STT3A	P51636	P46977	CAV2_STT3A	2.24	1.16	1.86E-02	1.05E-04	No	No	No	No	No
EGFRNetmtKRAS-Hi	CAV2	VDAC2	P51636	P45880	CAV2_VDAC2	5.82	2.54	3.86E-06	4.23E-16	Yes	No	No	No	No
EGFRNetmtKRAS-Hi	CAV2	PPM1A	P51636	P35813	CAV2_PPM1A	1.44	0.53	1.30E-02	4.38E-02	No	No	No	No	No
EGFRNetmtKRAS-Hi	CAV2	PHB	P51636	P35232	CAV2_PHB	2.33	1.22	2.88E-04	4.99E-05	Yes	No	No	No	No
EGFRNetmtKRAS-Hi	CAV2	SDHA	P51636	P31040	CAV2_SDHA	1.80	0.85	7.07E-05	3.27E-03	Yes	No	No	No	No
EGFRNetmtKRAS-Hi	CAV2	ATP5D	P51636	P30049	CAV2_ATP5D	4.91	2.29	3.30E-06	1.75E-13	No	No	No	No	No
EGFRNetmtKRAS-Hi	CAV2	PSMB6	P51636	P28072	CAV2_PSMB6	1.50	0.58	2.56E-02	3.08E-02	No	No	No	No	No
EGFRNetmtKRAS-Hi	CAV2	VARS	P51636	P26640	CAV2_VARS	1.46	0.54	1.87E-03	4.07E-02	Yes	No	No	No	No
EGFRNetmtKRAS-Hi	CAV2	ATP5A1	P51636	P25705	CAV2_ATP5A1	5.84	2.55	4.21E-09	3.56E-16	Yes	No	No	No	No
EGFRNetmtKRAS-Hi	CAV2	ATP5F1	P51636	P24539	CAV2_ATP5F1	5.33	2.41	4.54E-10	9.83E-15	No	No	No	No	No
EGFRNetmtKRAS-Hi	CAV2	VDAC1	P51636	P21796	CAV2_VDAC1	2.43	1.28	2.17E-05	2.38E-05	Yes	No	No	No	No
EGFRNetmtKRAS-Hi	CAV2	ATP5J	P51636	P18859	CAV2_ATP5J	4.25	2.09	2.38E-05	1.76E-11	No	No	No	No	No
EGFRNetmtKRAS-Hi	CAV2	POR	P51636	P16435	CAV2_POR	1.88	0.91	7.43E-03	1.82E-03	No	No	No	No	No
EGFRNetmtKRAS-Hi	CAV2	PRPS2	P51636	P11908	CAV2_PRPS2	1.80	0.85	8.10E-04	3.40E-03	Yes	No	No	No	No
EGFRNetmtKRAS-Hi	CAV2	MGST1	P51636	P10620	CAV2_MGST1	1.62	0.70	2.38E-02	1.26E-02	No	No	No	No	No
EGFRNetmtKRAS-Hi	CAV2	SLC3A2	P51636	P08195	CAV2_SLC3A2	1.79	0.84	4.66E-04	3.58E-03	No	No	No	No	No
EGFRNetmtKRAS-Hi	CAV2	ATP5B	P51636	P06576	CAV2_ATP5B	5.38	2.43	6.77E-09	7.40E-15	Yes	No	No	No	No
EGFRNetmtKRAS-Hi	CAV2	RPN2	P51636	P04844	CAV2_RPN2	1.48	0.56	5.72E-04	3.53E-02	No	No	No	No	No
EGFRNetmtKRAS-Hi	CAV2	RPN1	P51636	P04843	CAV2_RPN1	2.22	1.15	1.50E-07	1.26E-04	No	No	No	No	No
EGFRNetmtKRAS-Hi	CAV2	AHSG	P51636	P02765	CAV2_AHSG	4.73	2.24	4.55E-02	5.76E-13	Yes	No	No	No	No
EGFRNetmtKRAS-Hi	CAV2	PROSC	P51636	O94903	CAV2_PROSC	1.44	0.53	1.68E-03	4.38E-02	No	No	No	No	No
EGFRNetmtKRAS-Hi	CAV2	ATP5L	P51636	O75964	CAV2_ATP5L	5.50	2.46	8.01E-03	3.27E-15	No	No	No	No	No
EGFRNetmtKRAS-Hi	CAV2	ATP5H	P51636	O75947	CAV2_ATP5H	3.71	1.89	6.36E-09	9.59E-10	No	No	No	No	No
EGFRNetmtKRAS-Hi	CAV2	SCO1	P51636	O75880	CAV2_SCO1	1.89	0.92	3.93E-02	1.74E-03	No	No	No	No	No
EGFRNetmtKRAS-Hi	CAV2	PRPSAP2	P51636	O60256	CAV2_PRPSAP2	1.85	0.88	8.41E-04	2.37E-03	Yes	No	No	No	No
EGFRNetmtKRAS-Hi	CAV2	SURF4	P51636	O15260	CAV2_SURF4	2.63	1.40	3.10E-02	4.41E-06	No	No	No	No	No
EGFRNetmtKRAS-Hi	CDC42	IVNS1ABP	P60953	Q9Y6Y0	CDC42_IVNS1ABP	1.81	0.85	1.07E-02	8.11E-03	No	No	No	No	No
EGFRNetmtKRAS-Hi	CDC42	THRAP3	P60953	Q9Y2W1	CDC42_THRAP3	1.58	0.66	1.54E-02	3.38E-02	No	No	No	No	No
EGFRNetmtKRAS-Hi	CDC42	CORO1C	P60953	Q9ULV4	CDC42_CORO1C	2.01	1.00	1.02E-02	2.18E-03	No	No	No	No	No
EGFRNetmtKRAS-Hi	CDC42	LIMA1	P60953	Q9UHB6	CDC42_LIMA1	1.98	0.99	6.46E-04	2.60E-03	No	No	No	Yes	Yes
EGFRNetmtKRAS-Hi	CDC42	TMOD3	P60953	Q9NYL9	CDC42_TMOD3	1.94	0.96	4.68E-02	3.42E-03	Yes	No	No	No	Yes
EGFRNetmtKRAS-Hi	CDC42	PRPSAP1	P60953	Q14558	CDC42_PRPSAP1	1.79	0.84	4.95E-03	8.99E-03	No	No	No	No	No
EGFRNetmtKRAS-Hi	CDC42	PRPS1	P60953	P60891	CDC42_PRPS1	1.81	0.85	4.16E-03	8.04E-03	Yes	No	No	No	No
EGFRNetmtKRAS-Hi	CDC42	CAPZA1	P60953	P52907	CDC42_CAPZA1	1.60	0.68	2.52E-02	2.97E-02	No	No	No	No	No
EGFRNetmtKRAS-Hi	CDC42	RAP1GDS1	P60953	P52306	CDC42_RAP1GDS1	6.34	2.66	7.97E-03	4.39E-15	Yes	No	No	Yes	No
EGFRNetmtKRAS-Hi	CDC42	CAPZB	P60953	P47756	CDC42_CAPZB	1.77	0.82	2.13E-02	1.06E-02	No	No	No	No	No
EGFRNetmtKRAS-Hi	CDC42	PRPS2	P60953	P11908	CDC42_PRPS2	1.84	0.88	1.36E-02	6.58E-03	Yes	No	No	No	No
EGFRNetmtKRAS-Hi	CDC42	PRPSAP2	P60953	O60256	CDC42_PRPSAP2	1.96	0.97	1.43E-02	3.07E-03	Yes	No	No	No	No
EGFRNetmtKRAS-Hi	CDC42	CDC42SE2	P60953	Q9NRR3	CDC42_CDC42SE2	2.63	1.40	1.53E-05	8.69E-04	No	Yes	No	Yes	Yes
EGFRNetmtKRAS-Hi	CDC42	PAK6	P60953	Q9NQU5	CDC42_PAK6	2.53	1.34	3.77E-03	1.34E-03	No	No	No	Yes	No
EGFRNetmtKRAS-Hi	CDC42	IQGAP2	P60953	Q13576	CDC42_IQGAP2	2.12	1.09	4.22E-02	7.37E-03	No	No	No	Yes	No
EGFRNetmtKRAS-Hi	CDC42	CDC42EP1	P60953	Q00587	CDC42_CDC42EP1	4.42	2.14	5.02E-04	8.16E-07	No	No	Yes	Yes	No
EGFRNetmtKRAS-Hi	CDC42	TUBB4B	P60953	P68371	CDC42_TUBB4B	1.90	0.92	9.93E-07	1.89E-02	No	No	No	No	No
EGFRNetmtKRAS-Hi	CDC42	PPP2R2A	P60953	P63151	CDC42_PPP2R2A	1.95	0.96	9.75E-03	1.54E-02	No	No	No	No	No
EGFRNetmtKRAS-Hi	CDC42	CALM1	P60953	P62158	CDC42_CALM1	16.18	4.02	7.07E-10	1.64E-19	No	No	No	No	No
EGFRNetmtKRAS-Hi	CDC42	CDC42	P60953	P60953	CDC42_CDC42	65.98	6.04	2.80E-09	9.15E-71	Yes	No	No	Yes	Yes
EGFRNetmtKRAS-Hi	CDC42	RPS20	P60953	P60866	CDC42_RPS20	1.79	0.84	3.41E-03	2.90E-02	No	No	No	No	No
EGFRNetmtKRAS-Hi	CDC42	PGGT1B	P60953	P53609	CDC42_PGGT1B	15.67	3.97	1.95E-07	4.10E-19	No	No	No	Yes	No
EGFRNetmtKRAS-Hi	CDC42	ARHGDIA	P60953	P52565	CDC42_ARHGDIA	72.63	6.18	1.20E-09	5.79E-74	Yes	No	No	Yes	No
EGFRNetmtKRAS-Hi	CDC42	FNTA	P60953	P49354	CDC42_FNTA	10.76	3.43	3.96E-07	9.93E-15	No	No	No	No	No
EGFRNetmtKRAS-Hi	CDC42	RPL29	P60953	P47914	CDC42_RPL29	2.29	1.19	1.88E-03	3.66E-03	No	No	No	No	No
EGFRNetmtKRAS-Hi	CDC42	IQGAP1	P60953	P46940	CDC42_IQGAP1	16.42	4.04	4.70E-10	1.64E-32	Yes	No	No	Yes	Yes
EGFRNetmtKRAS-Hi	CDC42	RPS27	P60953	P42677	CDC42_RPS27	1.93	0.95	8.42E-03	1.66E-02	No	No	No	No	No
EGFRNetmtKRAS-Hi	CDC42	MAT2A	P60953	P31153	CDC42_MAT2A	1.93	0.95	1.67E-02	1.61E-02	Yes	No	No	No	No
EGFRNetmtKRAS-Hi	CDC42	RPL12	P60953	P30050	CDC42_RPL12	1.67	0.74	2.54E-02	4.81E-02	No	No	No	No	No
EGFRNetmtKRAS-Hi	CDC42	SLC25A6	P60953	P12236	CDC42_SLC25A6	1.78	0.83	8.43E-03	3.02E-02	No	No	No	No	No
EGFRNetmtKRAS-Hi	CDC42	TUBB	P60953	P07437	CDC42_TUBB	2.08	1.06	2.29E-06	8.79E-03	No	No	No	No	No
EGFRNetmtKRAS-Hi	CDC42	RPLP0P6	P60953	Q8NHW5	CDC42_RPLP0P6	1.70	0.76	3.44E-03	4.23E-02	No	No	No	No	No
EGFRNetmtKRAS-Hi	CDC42	RPLP0	P60953	P05388	CDC42_RPLP0	1.70	0.76	3.44E-03	4.23E-02	No	No	No	No	No
EGFRNetmtKRAS-Hi	CDC42	RPLP2	P60953	P05387	CDC42_RPLP2	1.69	0.75	1.16E-02	4.43E-02	No	No	No	No	No
EGFRNetmtKRAS-Hi	CDC42	RPLP1	P60953	P05386	CDC42_RPLP1	2.54	1.35	1.38E-02	1.28E-03	No	No	No	No	No
EGFRNetmtKRAS-Hi	CDC42	TUBB4A	P60953	P04350	CDC42_TUBB4A	1.67	0.74	3.31E-02	4.80E-02	No	No	No	No	No
EGFRNetmtKRAS-Hi	CDC42	HPX	P60953	P02790	CDC42_HPX	5.63	2.49	1.65E-04	1.28E-08	No	No	No	No	No
EGFRNetmtKRAS-Hi	CRK	IVNS1ABP	P46108	Q9Y6Y0	CRK_IVNS1ABP	1.72	0.78	3.67E-03	2.24E-02	No	No	No	No	No
EGFRNetmtKRAS-Hi	CRK	CD2AP	P46108	Q9Y5K6	CRK_CD2AP	9.97	3.32	2.30E-05	8.03E-10	No	No	No	No	No
EGFRNetmtKRAS-Hi	CRK	ASAP1	P46108	Q9ULH1	CRK_ASAP1	10.48	3.39	6.19E-05	3.56E-10	No	No	No	Yes	No
EGFRNetmtKRAS-Hi	CRK	DCP1A	P46108	Q9NPI6	CRK_DCP1A	7.90	2.98	4.62E-05	2.86E-08	No	No	No	No	No
EGFRNetmtKRAS-Hi	CRK	DOCK5	P46108	Q9H7D0	CRK_DOCK5	39.20	5.29	2.36E-03	3.82E-22	No	No	No	Yes	No
EGFRNetmtKRAS-Hi	CRK	PEAK1	P46108	Q9H792	CRK_PEAK1	10.60	3.41	7.77E-08	2.96E-10	No	No	No	Yes	No
EGFRNetmtKRAS-Hi	CRK	ARAP1	P46108	Q96P48	CRK_ARAP1	4.54	2.18	8.00E-04	3.42E-05	No	No	No	No	No
EGFRNetmtKRAS-Hi	CRK	ELMO2	P46108	Q96JJ3	CRK_ELMO2	17.16	4.10	7.11E-08	1.79E-25	Yes	No	No	Yes	No
EGFRNetmtKRAS-Hi	CRK	EDC3	P46108	Q96F86	CRK_EDC3	11.74	3.55	6.71E-09	5.27E-11	No	No	No	No	No
EGFRNetmtKRAS-Hi	CRK	ELMO3	P46108	Q96BJ8	CRK_ELMO3	30.01	4.91	4.89E-05	2.60E-19	No	No	No	No	No
EGFRNetmtKRAS-Hi	CRK	SH3KBP1	P46108	Q96B97	CRK_SH3KBP1	20.55	4.36	3.26E-05	1.19E-15	No	No	No	Yes	No
EGFRNetmtKRAS-Hi	CRK	PHACTR4	P46108	Q8IZ21	CRK_PHACTR4	23.41	4.55	1.22E-03	7.31E-17	No	No	No	No	No
EGFRNetmtKRAS-Hi	CRK	DCP2	P46108	Q8IU60	CRK_DCP2	5.17	2.37	1.58E-03	7.78E-06	No	No	No	No	No
EGFRNetmtKRAS-Hi	CRK	SGK223	P46108	Q86YV5	CRK_SGK223	45.27	5.50	3.85E-08	9.34E-24	No	No	No	No	No
EGFRNetmtKRAS-Hi	CRK	EDC4	P46108	Q6P2E9	CRK_EDC4	18.69	4.22	8.49E-04	8.42E-15	No	No	No	Yes	No
EGFRNetmtKRAS-Hi	CRK	DOCK1	P46108	Q14185	CRK_DOCK1	317.55	8.31	1.10E-04	1.46E-51	Yes	No	No	Yes	No
EGFRNetmtKRAS-Hi	CRK	RAPGEF1	P46108	Q13905	CRK_RAPGEF1	16.47	4.04	6.93E-09	1.05E-13	No	No	No	Yes	No
EGFRNetmtKRAS-Hi	CRK	ARHGEF5	P46108	Q12774	CRK_ARHGEF5	12.52	3.65	1.11E-03	1.71E-11	No	No	No	No	No
EGFRNetmtKRAS-Hi	CRK	SOS1	P46108	Q07889	CRK_SOS1	41.82	5.39	1.11E-04	7.36E-23	No	No	No	Yes	No
EGFRNetmtKRAS-Hi	CRK	YWHAZ	P46108	P63104	CRK_YWHAZ	2.66	1.41	1.26E-04	4.87E-03	No	No	No	No	No
EGFRNetmtKRAS-Hi	CRK	BCAR1	P46108	P56945	CRK_BCAR1	15.40	3.94	3.65E-06	1.01E-23	No	No	No	Yes	No
EGFRNetmtKRAS-Hi	CRK	CAPZA1	P46108	P52907	CRK_CAPZA1	4.07	2.02	3.81E-05	1.10E-04	No	No	No	No	No
EGFRNetmtKRAS-Hi	CRK	CAPZB	P46108	P47756	CRK_CAPZB	4.21	2.07	6.11E-05	7.73E-05	No	No	No	No	No
EGFRNetmtKRAS-Hi	CRK	CRK	P46108	P46108	CRK_CRK	19.97	4.32	4.54E-11	4.83E-28	No	No	No	No	Yes
EGFRNetmtKRAS-Hi	CRK	EPS15	P46108	P42566	CRK_EPS15	6.82	2.77	1.84E-02	2.28E-07	No	No	No	Yes	No
EGFRNetmtKRAS-Hi	CRK	PIK3CB	P46108	P42338	CRK_PIK3CB	9.13	3.19	1.56E-05	3.25E-09	No	No	No	Yes	No
EGFRNetmtKRAS-Hi	CRK	HSPA9	P46108	P38646	CRK_HSPA9	4.86	2.28	6.17E-09	1.59E-05	No	No	No	Yes	No
EGFRNetmtKRAS-Hi	CRK	DDX6	P46108	P26196	CRK_DDX6	3.90	1.96	3.28E-02	1.68E-04	No	No	No	Yes	No
EGFRNetmtKRAS-Hi	CRK	CBL	P46108	P22681	CRK_CBL	28.55	4.84	2.67E-03	8.33E-19	Yes	No	No	Yes	No
EGFRNetmtKRAS-Hi	CRK	HSPA8	P46108	P11142	CRK_HSPA8	4.38	2.13	5.05E-10	5.12E-05	No	No	No	Yes	No
EGFRNetmtKRAS-Hi	CRK	HSPA5	P46108	P11021	CRK_HSPA5	8.24	3.04	4.57E-12	1.54E-08	No	No	No	Yes	No
EGFRNetmtKRAS-Hi	CRK	HSPA1B	P46108	P0DMV9	CRK_P0DMV9	5.84	2.55	3.06E-11	1.77E-06	No	No	No	Yes	No
EGFRNetmtKRAS-Hi	CRK	ABL1	P46108	P00519	CRK_ABL1	11.31	3.50	1.18E-05	9.95E-11	No	No	No	Yes	No
EGFRNetmtKRAS-Hi	CRK	BCAR3	P46108	O75815	CRK_BCAR3	6.60	2.72	7.25E-03	3.56E-07	No	No	No	No	No
EGFRNetmtKRAS-Hi	CRK	PIK3R2	P46108	O00459	CRK_PIK3R2	4.62	2.21	1.20E-04	2.86E-05	No	No	No	Yes	No
EGFRNetmtKRAS-Hi	CRK	ARHGAP32	P46108	A7KAX9	CRK_ARHGAP32	9.61	3.26	5.27E-10	1.45E-09	No	No	No	Yes	No
EGFRNetmtKRAS-Hi	CRK	ARHGAP42	P46108	A6NI28	CRK_ARHGAP42	9.87	3.30	6.35E-07	9.47E-10	No	No	No	No	No
EGFRNetmtKRAS-Hi	CSK	TJP2	P41240	Q9UDY2	CSK_TJP2	5.64	2.50	1.29E-02	7.84E-10	Yes	No	No	No	No
EGFRNetmtKRAS-Hi	CSK	TMEM161A	P41240	Q9NX61	CSK_TMEM161A	1.63	0.70	1.02E-02	4.73E-02	No	No	No	No	No
EGFRNetmtKRAS-Hi	CSK	USP7	P41240	Q93009	CSK_USP7	1.73	0.79	4.05E-02	2.90E-02	No	No	No	No	No
EGFRNetmtKRAS-Hi	CSK	HSPH1	P41240	Q92598	CSK_HSPH1	2.89	1.53	1.37E-03	1.10E-04	Yes	No	No	No	No
EGFRNetmtKRAS-Hi	CSK	SGK223	P41240	Q86YV5	CSK_SGK223	3.34	1.74	1.27E-03	1.33E-05	No	No	No	No	No
EGFRNetmtKRAS-Hi	CSK	TNS3	P41240	Q68CZ2	CSK_TNS3	2.25	1.17	1.33E-02	2.51E-03	Yes	No	No	No	No
EGFRNetmtKRAS-Hi	CSK	HSP90AB2P	P41240	Q58FF8	CSK_HSP90AB2P	1.77	0.82	8.48E-05	2.49E-02	No	No	No	No	No
EGFRNetmtKRAS-Hi	CSK	CDC37	P41240	Q16543	CSK_CDC37	5.99	2.58	3.74E-09	2.08E-10	No	No	No	No	No
EGFRNetmtKRAS-Hi	CSK	TJP1	P41240	Q07157	CSK_TJP1	2.81	1.49	4.47E-02	1.66E-04	Yes	No	No	No	No
EGFRNetmtKRAS-Hi	CSK	SLC25A3	P41240	Q00325	CSK_SLC25A3	2.14	1.10	4.02E-03	4.19E-03	No	No	No	No	No
EGFRNetmtKRAS-Hi	CSK	TMSB10	P41240	P63313	CSK_TMSB10	1.91	0.93	1.21E-02	1.29E-02	Yes	No	No	No	No
EGFRNetmtKRAS-Hi	CSK	PXN	P41240	P49023	CSK_PXN	6.60	2.72	1.98E-06	2.18E-11	No	No	No	Yes	No
EGFRNetmtKRAS-Hi	CSK	CSK	P41240	P41240	CSK_CSK	14.52	3.86	2.13E-09	4.10E-21	Yes	No	No	Yes	Yes
EGFRNetmtKRAS-Hi	CSK	HSPA9	P41240	P38646	CSK_HSPA9	3.45	1.79	1.36E-10	8.12E-06	Yes	No	No	No	No
EGFRNetmtKRAS-Hi	CSK	HSPA4	P41240	P34932	CSK_HSPA4	1.88	0.91	3.16E-07	1.43E-02	Yes	No	No	No	No
EGFRNetmtKRAS-Hi	CSK	STIP1	P41240	P31948	CSK_STIP1	1.74	0.80	3.51E-05	2.75E-02	No	No	No	No	No
EGFRNetmtKRAS-Hi	CSK	DNAJA1	P41240	P31689	CSK_DNAJA1	1.76	0.81	1.63E-03	2.59E-02	No	No	No	No	No
EGFRNetmtKRAS-Hi	CSK	GRN	P41240	P28799	CSK_GRN	1.95	0.96	3.32E-02	1.04E-02	No	No	No	No	No
EGFRNetmtKRAS-Hi	CSK	HSPA7	P41240	P48741	CSK_HSPA7	2.98	1.58	4.73E-02	7.26E-05	Yes	No	No	No	No
EGFRNetmtKRAS-Hi	CSK	HSPA6	P41240	P17066	CSK_HSPA6	2.98	1.58	4.73E-02	7.26E-05	Yes	No	No	No	No
EGFRNetmtKRAS-Hi	CSK	RALB	P41240	P11234	CSK_RALB	6.00	2.58	4.66E-02	1.99E-10	No	No	No	No	No
EGFRNetmtKRAS-Hi	CSK	HSPA8	P41240	P11142	CSK_HSPA8	3.62	1.86	3.33E-12	3.63E-06	Yes	No	No	No	No
EGFRNetmtKRAS-Hi	CSK	HSPA5	P41240	P11021	CSK_HSPA5	2.24	1.17	5.43E-11	2.55E-03	No	No	No	No	No
EGFRNetmtKRAS-Hi	CSK	HSP90AB1	P41240	P08238	CSK_HSP90AB1	1.72	0.78	3.28E-07	3.13E-02	No	No	No	No	No
EGFRNetmtKRAS-Hi	CSK	HSPA1A	P41240	P08107	CSK_HSPA1A	4.87	2.28	7.43E-11	1.67E-08	Yes	No	No	No	No
EGFRNetmtKRAS-Hi	CSK	HSP90AA1	P41240	P07900	CSK_HSP90AA1	1.64	0.71	3.50E-05	4.47E-02	No	No	No	Yes	No
EGFRNetmtKRAS-Hi	CSK	LCK	P41240	P06239	CSK_LCK	25.00	4.64	2.19E-02	9.78E-30	No	No	No	Yes	No
EGFRNetmtKRAS-Hi	DOK2	IVNS1ABP	O60496	Q9Y6Y0	DOK2_IVNS1ABP	1.63	0.71	3.59E-12	2.34E-02	No	No	No	No	No
EGFRNetmtKRAS-Hi	DOK2	USP15	O60496	Q9Y4E8	DOK2_USP15	1.89	0.92	2.35E-08	5.40E-03	No	No	No	No	No
EGFRNetmtKRAS-Hi	DOK2	THRAP3	O60496	Q9Y2W1	DOK2_THRAP3	1.84	0.88	1.03E-04	7.18E-03	Yes	No	No	No	No
EGFRNetmtKRAS-Hi	DOK2	CORO1C	O60496	Q9ULV4	DOK2_CORO1C	2.21	1.14	4.75E-05	8.09E-04	Yes	No	No	No	No
EGFRNetmtKRAS-Hi	DOK2	DPP7	O60496	Q9UHL4	DOK2_DPP7	1.93	0.95	5.39E-04	4.09E-03	No	No	No	No	No
EGFRNetmtKRAS-Hi	DOK2	LIMA1	O60496	Q9UHB6	DOK2_LIMA1	1.63	0.71	6.63E-10	2.33E-02	No	No	No	No	No
EGFRNetmtKRAS-Hi	DOK2	TMOD3	O60496	Q9NYL9	DOK2_TMOD3	1.70	0.77	4.78E-08	1.58E-02	Yes	No	No	No	No
EGFRNetmtKRAS-Hi	DOK2	BCLAF1	O60496	Q9NYF8	DOK2_BCLAF1	2.30	1.20	1.92E-04	4.55E-04	Yes	No	No	No	No
EGFRNetmtKRAS-Hi	DOK2	COPR5	O60496	Q9NQ92	DOK2_COPR5	1.59	0.67	9.73E-07	2.93E-02	No	No	No	No	No
EGFRNetmtKRAS-Hi	DOK2	RIOK1	O60496	Q9BRS2	DOK2_RIOK1	1.50	0.59	6.89E-10	4.67E-02	Yes	No	No	No	No
EGFRNetmtKRAS-Hi	DOK2	CORO1B	O60496	Q9BR76	DOK2_CORO1B	2.39	1.25	7.96E-04	2.79E-04	Yes	No	No	No	No
EGFRNetmtKRAS-Hi	DOK2	MTMR14	O60496	Q8NCE2	DOK2_MTMR14	1.61	0.69	2.59E-02	2.64E-02	No	No	No	No	No
EGFRNetmtKRAS-Hi	DOK2	ACTBL2	O60496	Q562R1	DOK2_ACTBL2	2.06	1.05	1.20E-02	1.89E-03	Yes	No	No	No	No
EGFRNetmtKRAS-Hi	DOK2	DBN1	O60496	Q16643	DOK2_DBN1	2.46	1.30	8.19E-05	1.83E-04	Yes	No	No	No	No
EGFRNetmtKRAS-Hi	DOK2	ACAP2	O60496	Q15057	DOK2_ACAP2	1.77	0.83	1.01E-11	1.04E-02	Yes	No	No	No	No
EGFRNetmtKRAS-Hi	DOK2	PRPSAP1	O60496	Q14558	DOK2_PRPSAP1	1.93	0.95	6.18E-12	4.07E-03	No	No	No	No	No
EGFRNetmtKRAS-Hi	DOK2	AKAP12	O60496	Q02952	DOK2_AKAP12	1.53	0.61	1.48E-02	4.16E-02	Yes	No	No	No	No
EGFRNetmtKRAS-Hi	DOK2	ERH	O60496	P84090	DOK2_ERH	2.29	1.20	2.93E-05	4.83E-04	Yes	No	No	No	No
EGFRNetmtKRAS-Hi	DOK2	ACTG1	O60496	P63261	DOK2_ACTG1	1.72	0.79	1.56E-04	1.38E-02	Yes	No	No	No	No
EGFRNetmtKRAS-Hi	DOK2	RPS21	O60496	P63220	DOK2_RPS21	1.51	0.59	9.09E-06	4.52E-02	No	No	No	No	No
EGFRNetmtKRAS-Hi	DOK2	SNRPD2	O60496	P62316	DOK2_SNRPD2	1.68	0.75	3.81E-10	1.74E-02	Yes	No	No	No	No
EGFRNetmtKRAS-Hi	DOK2	SNRPD1	O60496	P62314	DOK2_SNRPD1	1.55	0.63	5.30E-09	3.65E-02	No	No	No	No	No
EGFRNetmtKRAS-Hi	DOK2	SNRPF	O60496	P62306	DOK2_SNRPF	1.55	0.63	6.86E-04	3.63E-02	Yes	No	No	No	No
EGFRNetmtKRAS-Hi	DOK2	SNRPE	O60496	P62304	DOK2_SNRPE	1.50	0.58	2.16E-07	4.86E-02	Yes	No	No	No	No
EGFRNetmtKRAS-Hi	DOK2	PRPS1	O60496	P60891	DOK2_PRPS1	2.10	1.07	3.18E-11	1.56E-03	No	No	No	No	No
EGFRNetmtKRAS-Hi	DOK2	ACTB	O60496	P60709	DOK2_ACTB	1.91	0.94	1.17E-05	4.63E-03	Yes	No	No	No	No
EGFRNetmtKRAS-Hi	DOK2	CLNS1A	O60496	P54105	DOK2_CLNS1A	1.52	0.60	3.03E-12	4.38E-02	No	No	No	No	No
EGFRNetmtKRAS-Hi	DOK2	CAPZA1	O60496	P52907	DOK2_CAPZA1	1.92	0.94	8.82E-04	4.44E-03	Yes	No	No	No	No
EGFRNetmtKRAS-Hi	DOK2	CAPZB	O60496	P47756	DOK2_CAPZB	1.91	0.94	9.73E-04	4.63E-03	Yes	No	No	No	No
EGFRNetmtKRAS-Hi	DOK2	CAPZA2	O60496	P47755	DOK2_CAPZA2	2.18	1.12	1.97E-03	9.48E-04	Yes	No	No	No	No
EGFRNetmtKRAS-Hi	DOK2	VARS	O60496	P26640	DOK2_VARS	1.67	0.74	1.22E-03	1.89E-02	Yes	No	No	No	No
EGFRNetmtKRAS-Hi	DOK2	EIF4B	O60496	P23588	DOK2_EIF4B	1.62	0.69	2.19E-08	2.54E-02	No	No	No	No	No
EGFRNetmtKRAS-Hi	DOK2	PRPS2	O60496	P11908	DOK2_PRPS2	2.12	1.08	1.00E-17	1.37E-03	No	No	No	No	No
EGFRNetmtKRAS-Hi	DOK2	PROSC	O60496	O94903	DOK2_PROSC	1.52	0.60	1.60E-02	4.34E-02	Yes	No	No	No	No
EGFRNetmtKRAS-Hi	DOK2	H2BFS	O60496	P57053	DOK2_H2BFS	1.88	0.91	7.26E-03	5.47E-03	Yes	No	No	No	No
EGFRNetmtKRAS-Hi	DOK2	HIST1H2BL	O60496	Q99880	DOK2_HIST1H2BL	1.88	0.91	7.26E-03	5.47E-03	No	No	No	No	No
EGFRNetmtKRAS-Hi	DOK2	HIST1H2BM	O60496	Q99879	DOK2_HIST1H2BM	1.88	0.91	7.26E-03	5.47E-03	No	No	No	No	No
EGFRNetmtKRAS-Hi	DOK2	HIST1H2BN	O60496	Q99877	DOK2_HIST1H2BN	1.88	0.91	7.26E-03	5.47E-03	No	No	No	No	No
EGFRNetmtKRAS-Hi	DOK2	HIST1H2BH	O60496	Q93079	DOK2_HIST1H2BH	1.88	0.91	7.26E-03	5.47E-03	No	No	No	No	No
EGFRNetmtKRAS-Hi	DOK2	HIST2H2BF	O60496	Q5QNW6	DOK2_HIST2H2BF	1.88	0.91	7.26E-03	5.47E-03	No	No	No	No	No
EGFRNetmtKRAS-Hi	DOK2	HIST1H2BC	O60496	P62807	DOK2_HIST1H2BC	1.88	0.91	7.26E-03	5.47E-03	No	No	No	No	No
EGFRNetmtKRAS-Hi	DOK2	HIST1H2BD	O60496	P58876	DOK2_HIST1H2BD	1.88	0.91	7.26E-03	5.47E-03	No	No	No	No	No
EGFRNetmtKRAS-Hi	DOK2	HIST1H2BK	O60496	O60814	DOK2_HIST1H2BK	1.88	0.91	7.26E-03	5.47E-03	No	No	No	No	No
EGFRNetmtKRAS-Hi	DOK2	DOK2	O60496	O60496	DOK2_DOK2	19.96	4.32	1.53E-12	1.65E-31	Yes	No	No	Yes	No
EGFRNetmtKRAS-Hi	DOK2	PRPSAP2	O60496	O60256	DOK2_PRPSAP2	2.15	1.11	1.78E-12	1.12E-03	No	No	No	No	No
EGFRNetmtKRAS-Hi	DOK2	ARPC2	O60496	O15144	DOK2_ARPC2	1.54	0.62	2.33E-05	3.90E-02	No	No	No	No	No
EGFRNetmtKRAS-Hi	DOK2	MYO1C	O60496	O00159	DOK2_MYO1C	1.78	0.83	9.62E-08	9.97E-03	Yes	No	No	No	No
EGFRNetmtKRAS-Hi	DUSP1	IGF2BP2	P28562	Q9Y6M1	DUSP1_IGF2BP2	1.71	0.77	8.98E-05	3.31E-03	No	No	No	No	No
EGFRNetmtKRAS-Hi	DUSP1	FASTKD2	P28562	Q9NYY8	DUSP1_FASTKD2	1.68	0.75	2.43E-03	4.42E-03	Yes	No	No	No	No
EGFRNetmtKRAS-Hi	DUSP1	DDX28	P28562	Q9NUL7	DUSP1_DDX28	1.56	0.64	4.96E-03	1.27E-02	No	No	No	No	No
EGFRNetmtKRAS-Hi	DUSP1	MRPL17	P28562	Q9NRX2	DUSP1_MRPL17	1.40	0.48	1.23E-03	4.55E-02	No	No	No	No	No
EGFRNetmtKRAS-Hi	DUSP1	SLIRP	P28562	Q9GZT3	DUSP1_SLIRP	1.82	0.87	2.20E-05	1.14E-03	No	No	No	No	No
EGFRNetmtKRAS-Hi	DUSP1	HNRNPAB	P28562	Q99729	DUSP1_HNRNPAB	1.44	0.52	8.93E-03	3.36E-02	No	No	No	No	No
EGFRNetmtKRAS-Hi	DUSP1	MRPS31	P28562	Q92665	DUSP1_MRPS31	1.39	0.47	1.48E-04	4.91E-02	No	No	No	No	No
EGFRNetmtKRAS-Hi	DUSP1	HNRPLL	P28562	Q8WVV9	DUSP1_HNRPLL	1.94	0.96	1.13E-03	3.82E-04	No	No	No	No	No
EGFRNetmtKRAS-Hi	DUSP1	MRPL50	P28562	Q8N5N7	DUSP1_MRPL50	1.39	0.47	7.11E-04	4.92E-02	No	No	No	No	No
EGFRNetmtKRAS-Hi	DUSP1	KIAA1967	P28562	Q8N163	DUSP1_KIAA1967	2.45	1.30	3.91E-06	2.42E-06	No	No	No	No	No
EGFRNetmtKRAS-Hi	DUSP1	SRRM1	P28562	Q8IYB3	DUSP1_SRRM1	1.46	0.55	4.06E-02	2.73E-02	No	No	No	No	No
EGFRNetmtKRAS-Hi	DUSP1	ERC1	P28562	Q8IUD2	DUSP1_ERC1	1.49	0.57	1.63E-03	2.25E-02	No	No	No	No	No
EGFRNetmtKRAS-Hi	DUSP1	MTDH	P28562	Q86UE4	DUSP1_MTDH	1.40	0.49	7.52E-05	4.38E-02	No	No	No	No	No
EGFRNetmtKRAS-Hi	DUSP1	DHX30	P28562	Q7L2E3	DUSP1_DHX30	1.64	0.71	1.23E-06	6.34E-03	No	No	No	No	No
EGFRNetmtKRAS-Hi	DUSP1	LARP1	P28562	Q6PKG0	DUSP1_LARP1	1.44	0.53	1.66E-03	3.24E-02	No	No	No	No	No
EGFRNetmtKRAS-Hi	DUSP1	RPUSD3	P28562	Q6P087	DUSP1_RPUSD3	1.97	0.98	1.37E-02	2.79E-04	No	No	No	No	No
EGFRNetmtKRAS-Hi	DUSP1	PCBP2	P28562	Q15366	DUSP1_PCBP2	1.74	0.80	1.27E-04	2.38E-03	No	No	No	No	No
EGFRNetmtKRAS-Hi	DUSP1	CAPRIN1	P28562	Q14444	DUSP1_CAPRIN1	1.39	0.47	8.80E-04	4.90E-02	No	No	No	No	No
EGFRNetmtKRAS-Hi	DUSP1	MRPL49	P28562	Q13405	DUSP1_MRPL49	1.50	0.59	4.75E-02	1.94E-02	No	No	No	No	No
EGFRNetmtKRAS-Hi	DUSP1	PABPC4	P28562	Q13310	DUSP1_PABPC4	1.87	0.90	2.85E-05	7.71E-04	No	No	No	No	No
EGFRNetmtKRAS-Hi	DUSP1	KHDRBS1	P28562	Q07666	DUSP1_KHDRBS1	1.39	0.48	3.03E-03	4.66E-02	No	No	No	No	No
EGFRNetmtKRAS-Hi	DUSP1	YBX1	P28562	P67809	DUSP1_YBX1	1.66	0.73	1.70E-04	5.03E-03	No	No	No	No	No
EGFRNetmtKRAS-Hi	DUSP1	HNRNPK	P28562	P61978	DUSP1_HNRNPK	1.47	0.55	3.03E-05	2.61E-02	No	No	No	No	No
EGFRNetmtKRAS-Hi	DUSP1	PRPS1	P28562	P60891	DUSP1_PRPS1	1.41	0.50	7.77E-05	4.00E-02	Yes	No	No	No	No
EGFRNetmtKRAS-Hi	DUSP1	SSR4	P28562	P51571	DUSP1_SSR4	1.64	0.72	4.66E-03	6.00E-03	No	No	No	No	No
EGFRNetmtKRAS-Hi	DUSP1	DAP3	P28562	P51398	DUSP1_DAP3	1.44	0.53	1.95E-06	3.25E-02	No	No	No	No	No
EGFRNetmtKRAS-Hi	DUSP1	LRPPRC	P28562	P42704	DUSP1_LRPPRC	1.91	0.93	7.61E-06	5.26E-04	No	No	No	No	No
EGFRNetmtKRAS-Hi	DUSP1	DUSP1	P28562	P28562	DUSP1_DUSP1	6.45	2.69	1.97E-08	8.78E-22	Yes	No	No	No	No
EGFRNetmtKRAS-Hi	DUSP1	PTBP1	P28562	P26599	DUSP1_PTBP1	1.63	0.71	2.35E-04	6.57E-03	No	No	No	No	No
EGFRNetmtKRAS-Hi	DUSP1	U2AF2	P28562	P26368	DUSP1_U2AF2	1.64	0.71	1.20E-02	6.09E-03	No	No	No	No	No
EGFRNetmtKRAS-Hi	DUSP1	HNRNPL	P28562	P14866	DUSP1_HNRNPL	1.67	0.74	6.94E-04	4.50E-03	No	No	No	No	No
EGFRNetmtKRAS-Hi	DUSP1	PABPC3	P28562	Q9H361	DUSP1_PABPC3	1.75	0.81	1.38E-06	2.20E-03	No	No	No	No	No
EGFRNetmtKRAS-Hi	DUSP1	PABPC1	P28562	P11940	DUSP1_PABPC1	1.75	0.81	1.38E-06	2.20E-03	No	No	No	No	No
EGFRNetmtKRAS-Hi	DUSP1	TRUB2	P28562	O95900	DUSP1_TRUB2	1.54	0.63	4.90E-03	1.41E-02	No	No	No	No	No
EGFRNetmtKRAS-Hi	DUSP1	STAU1	P28562	O95793	DUSP1_STAU1	1.43	0.51	1.52E-04	3.60E-02	No	No	No	No	No
EGFRNetmtKRAS-Hi	DUSP1	PTCD1	P28562	O75127	DUSP1_PTCD1	1.48	0.57	5.33E-03	2.35E-02	No	No	No	No	No
EGFRNetmtKRAS-Hi	DUSP1	SYNCRIP	P28562	O60506	DUSP1_SYNCRIP	1.64	0.71	4.70E-06	6.08E-03	No	No	No	No	No
EGFRNetmtKRAS-Hi	DUSP1	IGF2BP3	P28562	O00425	DUSP1_IGF2BP3	1.73	0.79	1.47E-04	2.74E-03	No	No	No	No	No
EGFRNetmtKRAS-Hi	DUSP4	G3BP2	Q13115	Q9UN86	DUSP4_G3BP2	1.57	0.65	3.19E-02	3.39E-03	Yes	No	No	No	No
EGFRNetmtKRAS-Hi	DUSP4	GNG12	Q13115	Q9UBI6	DUSP4_GNG12	3.59	1.84	4.05E-02	6.00E-15	Yes	No	No	No	No
EGFRNetmtKRAS-Hi	DUSP4	LARS	Q13115	Q9P2J5	DUSP4_LARS	1.72	0.79	4.96E-02	5.55E-04	Yes	No	No	No	No
EGFRNetmtKRAS-Hi	DUSP4	LYAR	Q13115	Q9NX58	DUSP4_LYAR	1.61	0.69	4.96E-02	2.12E-03	No	No	No	No	No
EGFRNetmtKRAS-Hi	DUSP4	PKP2	Q13115	Q99959	DUSP4_PKP2	3.49	1.80	1.05E-02	2.24E-14	Yes	No	No	No	No
EGFRNetmtKRAS-Hi	DUSP4	HSPH1	Q13115	Q92598	DUSP4_HSPH1	1.45	0.54	3.84E-03	1.37E-02	No	No	No	No	No
EGFRNetmtKRAS-Hi	DUSP4	C19ORF21	Q13115	Q8IVT2	DUSP4_C19ORF21	4.03	2.01	1.39E-02	1.84E-17	Yes	No	No	No	No
EGFRNetmtKRAS-Hi	DUSP4	DBN1	Q13115	Q16643	DUSP4_DBN1	4.01	2.00	1.96E-04	2.48E-17	Yes	No	No	No	No
EGFRNetmtKRAS-Hi	DUSP4	ADRM1	Q13115	Q16186	DUSP4_ADRM1	1.37	0.46	1.64E-02	3.05E-02	No	No	No	No	No
EGFRNetmtKRAS-Hi	DUSP4	SF3A1	Q13115	Q15459	DUSP4_SF3A1	1.32	0.41	3.42E-02	4.88E-02	No	No	No	No	No
EGFRNetmtKRAS-Hi	DUSP4	PLEC	Q13115	Q15149	DUSP4_PLEC	2.52	1.33	1.97E-02	1.25E-08	Yes	No	No	No	No
EGFRNetmtKRAS-Hi	DUSP4	DSG2	Q13115	Q14126	DUSP4_DSG2	4.67	2.22	7.90E-04	5.96E-21	Yes	No	No	No	No
EGFRNetmtKRAS-Hi	DUSP4	SRSF6	Q13115	Q13247	DUSP4_SRSF6	1.40	0.49	9.11E-03	2.24E-02	Yes	No	No	No	No
EGFRNetmtKRAS-Hi	DUSP4	DUSP4	Q13115	Q13115	DUSP4_DUSP4	11.57	3.53	5.39E-09	4.19E-50	No	No	No	No	No
EGFRNetmtKRAS-Hi	DUSP4	GNB4	Q13115	Q9HAV0	DUSP4_GNB4	2.27	1.19	1.08E-02	3.83E-07	No	No	No	No	No
EGFRNetmtKRAS-Hi	DUSP4	GNB2	Q13115	P62879	DUSP4_GNB2	2.27	1.19	1.08E-02	3.83E-07	No	No	No	No	No
EGFRNetmtKRAS-Hi	DUSP4	PSMC6	Q13115	P62333	DUSP4_PSMC6	1.39	0.47	2.51E-07	2.60E-02	No	No	No	No	No
EGFRNetmtKRAS-Hi	DUSP4	PSMC5	Q13115	P62195	DUSP4_PSMC5	1.35	0.44	1.33E-03	3.74E-02	No	No	No	No	No
EGFRNetmtKRAS-Hi	DUSP4	ACTR2	Q13115	P61160	DUSP4_ACTR2	1.43	0.51	3.53E-02	1.73E-02	No	No	No	No	No
EGFRNetmtKRAS-Hi	DUSP4	PSMD7	Q13115	P51665	DUSP4_PSMD7	1.42	0.51	2.53E-02	1.84E-02	No	No	No	No	No
EGFRNetmtKRAS-Hi	DUSP4	PSMC2	Q13115	P35998	DUSP4_PSMC2	1.35	0.43	1.33E-07	3.99E-02	No	No	No	No	No
EGFRNetmtKRAS-Hi	DUSP4	CTNNA1	Q13115	P35221	DUSP4_CTNNA1	1.77	0.82	3.76E-02	3.08E-04	Yes	No	No	No	No
EGFRNetmtKRAS-Hi	DUSP4	SSFA2	Q13115	P28290	DUSP4_SSFA2	2.08	1.06	7.28E-03	5.39E-06	Yes	No	No	No	No
EGFRNetmtKRAS-Hi	DUSP4	VARS	Q13115	P26640	DUSP4_VARS	1.44	0.53	9.02E-03	1.47E-02	Yes	No	No	No	No
EGFRNetmtKRAS-Hi	DUSP4	PSMC3	Q13115	P17980	DUSP4_PSMC3	1.46	0.55	5.11E-03	1.20E-02	No	No	No	No	No
EGFRNetmtKRAS-Hi	DUSP4	EPCAM	Q13115	P16422	DUSP4_EPCAM	5.85	2.55	3.22E-02	5.70E-27	Yes	No	No	No	No
EGFRNetmtKRAS-Hi	DUSP4	DSP	Q13115	P15924	DUSP4_DSP	1.98	0.99	1.31E-02	2.01E-05	No	No	No	No	No
EGFRNetmtKRAS-Hi	DUSP4	JUP	Q13115	P14923	DUSP4_JUP	3.99	2.00	1.04E-02	3.07E-17	No	No	No	No	No
EGFRNetmtKRAS-Hi	DUSP4	CD59	Q13115	P13987	DUSP4_CD59	4.24	2.08	2.82E-02	1.21E-18	Yes	No	No	No	No
EGFRNetmtKRAS-Hi	DUSP4	IMPDH2	Q13115	P12268	DUSP4_IMPDH2	1.49	0.57	1.05E-02	9.14E-03	Yes	No	No	No	No
EGFRNetmtKRAS-Hi	DUSP4	LYN	Q13115	P07948	DUSP4_LYN	1.85	0.89	2.65E-02	1.13E-04	Yes	No	No	No	No
EGFRNetmtKRAS-Hi	DUSP4	GNAI2	Q13115	P04899	DUSP4_GNAI2	4.16	2.06	3.42E-04	3.41E-18	Yes	No	No	No	No
EGFRNetmtKRAS-Hi	DUSP4	AMY2B	Q13115	P19961	DUSP4_AMY2B	3.27	1.71	2.01E-02	4.10E-13	No	No	No	No	No
EGFRNetmtKRAS-Hi	DUSP4	AMY2A	Q13115	P04746	DUSP4_AMY2A	3.27	1.71	2.01E-02	4.10E-13	No	No	No	No	No
EGFRNetmtKRAS-Hi	DUSP4	AMY1A	Q13115	P04745	DUSP4_AMY1A	3.27	1.71	2.01E-02	4.10E-13	No	No	No	No	No
EGFRNetmtKRAS-Hi	DUSP4	MYO1B	Q13115	O43795	DUSP4_MYO1B	6.58	2.72	1.10E-04	1.93E-30	Yes	No	No	No	No
EGFRNetmtKRAS-Hi	DUSP4	PSMD3	Q13115	O43242	DUSP4_PSMD3	1.37	0.46	7.69E-06	3.07E-02	No	No	No	No	No
EGFRNetmtKRAS-Hi	DUSP4	PSMD14	Q13115	O00487	DUSP4_PSMD14	1.34	0.43	1.98E-04	4.09E-02	No	No	No	No	No
EGFRNetmtKRAS-Hi	DUSP4	PSMD11	Q13115	O00231	DUSP4_PSMD11	1.38	0.47	8.21E-07	2.77E-02	No	No	No	No	No
EGFRNetmtKRAS-Hi	DUSP4	MYO1C	Q13115	O00159	DUSP4_MYO1C	3.70	1.89	3.04E-02	1.31E-15	Yes	No	No	No	No
EGFRNetmtKRAS-Hi	DUSP6	G3BP2	Q16828	Q9UN86	DUSP6_G3BP2	2.01	1.01	2.49E-02	3.66E-06	Yes	No	No	No	No
EGFRNetmtKRAS-Hi	DUSP6	SERBP1	Q16828	Q8NC51	DUSP6_SERBP1	1.33	0.42	2.11E-02	3.38E-02	Yes	No	No	No	No
EGFRNetmtKRAS-Hi	DUSP6	RPL22L1	Q16828	Q6P5R6	DUSP6_RPL22L1	1.42	0.51	1.71E-02	1.21E-02	Yes	No	No	No	No
EGFRNetmtKRAS-Hi	DUSP6	DUSP6	Q16828	Q16828	DUSP6_DUSP6	7.66	2.94	3.70E-07	1.85E-39	No	No	No	No	No
EGFRNetmtKRAS-Hi	DUSP6	CAPRIN1	Q16828	Q14444	DUSP6_CAPRIN1	3.23	1.69	3.27E-02	2.77E-14	Yes	No	No	No	No
EGFRNetmtKRAS-Hi	DUSP6	G3BP1	Q16828	Q13283	DUSP6_G3BP1	1.51	0.59	3.15E-02	4.55E-03	No	No	No	No	No
EGFRNetmtKRAS-Hi	DUSP6	RPL39P5	Q16828	Q59GN2	DUSP6_RPL39P5	1.61	0.69	2.47E-02	1.12E-03	No	No	No	No	No
EGFRNetmtKRAS-Hi	DUSP6	RPL39	Q16828	P62891	DUSP6_RPL39	1.61	0.69	2.47E-02	1.12E-03	No	No	No	No	No
EGFRNetmtKRAS-Hi	DUSP6	PSMC1	Q16828	P62191	DUSP6_PSMC1	1.31	0.39	1.98E-02	4.36E-02	No	No	No	No	No
EGFRNetmtKRAS-Hi	DUSP6	FXR1	Q16828	P51114	DUSP6_FXR1	2.52	1.33	1.94E-02	1.60E-09	No	No	No	No	No
EGFRNetmtKRAS-Hi	DUSP6	CCT8	Q16828	P50990	DUSP6_CCT8	1.31	0.39	2.49E-02	4.20E-02	No	No	No	No	No
EGFRNetmtKRAS-Hi	DUSP6	LRPPRC	Q16828	P42704	DUSP6_LRPPRC	1.48	0.56	2.48E-02	6.30E-03	No	No	No	No	No
EGFRNetmtKRAS-Hi	DUSP6	RPS27	Q16828	P42677	DUSP6_RPS27	1.31	0.39	2.91E-02	4.11E-02	Yes	No	No	No	No
EGFRNetmtKRAS-Hi	DUSP6	MAT2A	Q16828	P31153	DUSP6_MAT2A	1.52	0.60	1.54E-02	3.89E-03	Yes	No	No	No	No
EGFRNetmtKRAS-Hi	DUSP6	MAPK1	Q16828	P28482	DUSP6_MAPK1	7.76	2.96	9.77E-07	6.68E-40	No	No	No	Yes	No
EGFRNetmtKRAS-Hi	DUSP6	MAPK3	Q16828	P27361	DUSP6_MAPK3	6.86	2.78	1.59E-04	1.64E-35	Yes	No	No	Yes	No
EGFRNetmtKRAS-Hi	DUSP6	VARS	Q16828	P26640	DUSP6_VARS	1.47	0.56	1.46E-03	6.70E-03	Yes	No	No	No	No
EGFRNetmtKRAS-Hi	DUSP6	HSPA6	Q16828	P17066	DUSP6_HSPA6	1.54	0.62	1.12E-02	3.04E-03	No	No	No	No	No
EGFRNetmtKRAS-Hi	DUSP6	HSPA8	Q16828	P11142	DUSP6_HSPA8	1.72	0.78	2.33E-05	2.64E-04	No	No	No	No	No
EGFRNetmtKRAS-Hi	DUSP6	HSPA1A	Q16828	P08107	DUSP6_HSPA1A	1.75	0.81	1.43E-05	1.60E-04	No	No	No	No	No
EGFRNetmtKRAS-Hi	EGFR	DNAJC10	P00533	Q8IXB1	EGFR_DNAJC10	3.66	1.87	3.76E-03	1.58E-17	No	No	No	No	No
EGFRNetmtKRAS-Hi	EGFR	CDC37	P00533	Q16543	EGFR_CDC37	3.86	1.95	4.71E-05	7.36E-19	No	No	No	Yes	No
EGFRNetmtKRAS-Hi	EGFR	ABCE1	P00533	P61221	EGFR_ABCE1	2.14	1.09	3.48E-02	4.19E-07	Yes	No	No	No	No
EGFRNetmtKRAS-Hi	EGFR	DDX5	P00533	P17844	EGFR_DDX5	1.58	0.66	2.12E-02	1.60E-03	No	No	No	No	No
EGFRNetmtKRAS-Hi	EGFR	HSPA8	P00533	P11142	EGFR_HSPA8	2.42	1.27	1.78E-03	4.95E-09	No	No	No	Yes	No
EGFRNetmtKRAS-Hi	EGFR	HNRNPA1L2	P00533	Q32P51	EGFR_HNRNPA1L2	1.96	0.97	2.78E-02	6.71E-06	No	No	No	No	No
EGFRNetmtKRAS-Hi	EGFR	HNRNPA1	P00533	P09651	EGFR_HNRNPA1	1.96	0.97	2.78E-02	6.71E-06	No	No	No	No	No
EGFRNetmtKRAS-Hi	EGFR	HSP90AB3P	P00533	Q58FF7	EGFR_HSP90AB3P	1.81	0.85	6.17E-03	6.35E-05	No	No	No	No	No
EGFRNetmtKRAS-Hi	EGFR	HSP90AB1	P00533	P08238	EGFR_HSP90AB1	1.81	0.85	6.17E-03	6.35E-05	No	No	No	Yes	No
EGFRNetmtKRAS-Hi	EGFR	HSPA1A	P00533	P08107	EGFR_HSPA1A	2.87	1.52	7.55E-05	3.60E-12	Yes	No	No	No	No
EGFRNetmtKRAS-Hi	EGFR	HSP90AA1	P00533	P07900	EGFR_HSP90AA1	1.82	0.86	6.73E-03	5.39E-05	No	No	No	Yes	No
EGFRNetmtKRAS-Hi	EGFR	EGFR	P00533	P00533	EGFR_EGFR	15.45	3.95	1.37E-04	1.73E-71	No	No	No	Yes	No
EGFRNetmtKRAS-Hi	ELK1	CEPT1	P19419	Q9Y6K0	ELK1_CEPT1	4.47	2.16	5.50E-04	1.20E-02	No	No	No	No	No
EGFRNetmtKRAS-Hi	ELK1	TELO2	P19419	Q9Y4R8	ELK1_TELO2	4.03	2.01	3.20E-04	1.78E-02	Yes	No	No	No	No
EGFRNetmtKRAS-Hi	ELK1	HIGD1A	P19419	Q9Y241	ELK1_HIGD1A	5.20	2.38	3.19E-02	6.52E-03	Yes	No	No	No	No
EGFRNetmtKRAS-Hi	ELK1	ACSL5	P19419	Q9ULC5	ELK1_ACSL5	3.53	1.82	3.32E-05	2.82E-02	Yes	No	No	No	No
EGFRNetmtKRAS-Hi	ELK1	SLC25A10	P19419	Q9UBX3	ELK1_SLC25A10	3.25	1.70	9.23E-05	3.72E-02	No	No	No	No	No
EGFRNetmtKRAS-Hi	ELK1	TMEM161A	P19419	Q9NX61	ELK1_TMEM161A	3.41	1.77	4.35E-03	3.19E-02	No	No	No	No	No
EGFRNetmtKRAS-Hi	ELK1	GRPEL1	P19419	Q9HAV7	ELK1_GRPEL1	3.24	1.70	2.09E-04	3.76E-02	Yes	No	No	No	No
EGFRNetmtKRAS-Hi	ELK1	SLC25A22	P19419	Q9H936	ELK1_SLC25A22	4.40	2.14	1.35E-02	1.28E-02	No	No	No	No	No
EGFRNetmtKRAS-Hi	ELK1	FANCD2	P19419	Q9BXW9	ELK1_FANCD2	3.31	1.73	1.38E-04	3.53E-02	No	No	No	No	No
EGFRNetmtKRAS-Hi	ELK1	TUBB6	P19419	Q9BUF5	ELK1_TUBB6	4.57	2.19	4.18E-06	1.10E-02	No	No	No	No	No
EGFRNetmtKRAS-Hi	ELK1	CBWD2	P19419	Q8IUF1	ELK1_CBWD2	4.59	2.20	1.54E-04	1.08E-02	No	No	No	No	No
EGFRNetmtKRAS-Hi	ELK1	CBWD5	P19419	Q5RIA9	ELK1_CBWD5	4.59	2.20	1.54E-04	1.08E-02	No	No	No	No	No
EGFRNetmtKRAS-Hi	ELK1	CBWD3	P19419	Q5JTY5	ELK1_CBWD3	4.59	2.20	1.54E-04	1.08E-02	No	No	No	No	No
EGFRNetmtKRAS-Hi	ELK1	CBWD6	P19419	Q4V339	ELK1_CBWD6	4.59	2.20	1.54E-04	1.08E-02	No	No	No	No	No
EGFRNetmtKRAS-Hi	ELK1	CBWD1	P19419	Q9BRT8	ELK1_CBWD1	4.59	2.20	1.54E-04	1.08E-02	Yes	No	No	No	No
EGFRNetmtKRAS-Hi	ELK1	TUBA1C	P19419	Q9BQE3	ELK1_TUBA1C	3.72	1.90	7.99E-09	2.36E-02	Yes	No	No	No	No
EGFRNetmtKRAS-Hi	ELK1	MMS19	P19419	Q96T76	ELK1_MMS19	4.38	2.13	7.11E-03	1.29E-02	No	No	No	No	No
EGFRNetmtKRAS-Hi	ELK1	HSPH1	P19419	Q92598	ELK1_HSPH1	3.17	1.67	6.42E-06	4.04E-02	Yes	No	No	No	No
EGFRNetmtKRAS-Hi	ELK1	SLC39A7	P19419	Q92504	ELK1_SLC39A7	4.01	2.00	1.93E-03	1.80E-02	Yes	No	No	No	No
EGFRNetmtKRAS-Hi	ELK1	HM13	P19419	Q8TCT9	ELK1_HM13	3.58	1.84	4.40E-02	2.71E-02	No	No	No	No	No
EGFRNetmtKRAS-Hi	ELK1	NUP188	P19419	Q5SRE5	ELK1_NUP188	3.60	1.85	4.11E-04	2.65E-02	No	No	No	No	No
EGFRNetmtKRAS-Hi	ELK1	HSD17B12	P19419	Q53GQ0	ELK1_HSD17B12	2.96	1.57	1.30E-05	5.00E-02	No	No	No	No	No
EGFRNetmtKRAS-Hi	ELK1	PHLDA2	P19419	Q53GA4	ELK1_PHLDA2	5.57	2.48	2.87E-03	4.85E-03	No	No	No	No	No
EGFRNetmtKRAS-Hi	ELK1	TIMM50	P19419	Q3ZCQ8	ELK1_TIMM50	3.77	1.92	2.48E-03	2.25E-02	Yes	No	No	No	No
EGFRNetmtKRAS-Hi	ELK1	TUBB8	P19419	Q3ZCM7	ELK1_TUBB8	3.51	1.81	6.47E-07	2.90E-02	Yes	No	No	No	No
EGFRNetmtKRAS-Hi	ELK1	RCN2	P19419	Q14257	ELK1_RCN2	6.75	2.76	4.01E-07	2.03E-03	No	No	No	No	No
EGFRNetmtKRAS-Hi	ELK1	TUBB2A	P19419	Q13885	ELK1_TUBB2A	2.99	1.58	4.47E-05	4.85E-02	Yes	No	No	No	No
EGFRNetmtKRAS-Hi	ELK1	PPP3CA	P19419	Q08209	ELK1_PPP3CA	5.53	2.47	4.85E-08	5.00E-03	Yes	No	No	No	No
EGFRNetmtKRAS-Hi	ELK1	SLC25A11	P19419	Q02978	ELK1_SLC25A11	3.64	1.86	3.83E-04	2.55E-02	No	No	No	No	No
EGFRNetmtKRAS-Hi	ELK1	BDH1	P19419	Q02338	ELK1_BDH1	5.76	2.53	2.35E-04	4.20E-03	Yes	No	No	No	No
EGFRNetmtKRAS-Hi	ELK1	SLC7A5	P19419	Q01650	ELK1_SLC7A5	3.06	1.62	3.99E-04	4.51E-02	No	No	No	No	No
EGFRNetmtKRAS-Hi	ELK1	SLC25A3	P19419	Q00325	ELK1_SLC25A3	6.25	2.64	5.17E-09	2.90E-03	Yes	No	No	No	No
EGFRNetmtKRAS-Hi	ELK1	TFAM	P19419	Q00059	ELK1_TFAM	5.50	2.46	1.20E-03	5.11E-03	No	No	No	No	No
EGFRNetmtKRAS-Hi	ELK1	TUBB4B	P19419	P68371	ELK1_TUBB4B	4.48	2.16	1.18E-09	1.19E-02	Yes	No	No	No	No
EGFRNetmtKRAS-Hi	ELK1	TUBA1B	P19419	P68363	ELK1_TUBA1B	6.71	2.75	1.63E-09	2.10E-03	No	No	No	No	No
EGFRNetmtKRAS-Hi	ELK1	TMEM33	P19419	P57088	ELK1_TMEM33	3.40	1.77	2.53E-06	3.22E-02	No	No	No	No	No
EGFRNetmtKRAS-Hi	ELK1	SLC25A1	P19419	P53007	ELK1_SLC25A1	3.74	1.90	2.45E-05	2.33E-02	No	No	No	No	No
EGFRNetmtKRAS-Hi	ELK1	CPT1A	P19419	P50416	ELK1_CPT1A	3.61	1.85	2.26E-02	2.63E-02	No	No	No	No	No
EGFRNetmtKRAS-Hi	ELK1	EMD	P19419	P50402	ELK1_EMD	3.18	1.67	1.02E-03	3.99E-02	Yes	No	No	No	No
EGFRNetmtKRAS-Hi	ELK1	SSR1	P19419	P43307	ELK1_SSR1	3.13	1.65	9.33E-05	4.21E-02	Yes	No	No	No	No
EGFRNetmtKRAS-Hi	ELK1	ARL1	P19419	P40616	ELK1_ARL1	4.73	2.24	5.81E-05	9.58E-03	Yes	No	No	No	No
EGFRNetmtKRAS-Hi	ELK1	HSPA9	P19419	P38646	ELK1_HSPA9	5.46	2.45	5.19E-08	5.27E-03	Yes	No	No	No	No
EGFRNetmtKRAS-Hi	ELK1	DNAJA1	P19419	P31689	ELK1_DNAJA1	3.73	1.90	6.77E-07	2.34E-02	No	No	No	No	No
EGFRNetmtKRAS-Hi	ELK1	ALDH1B1	P19419	P30837	ELK1_ALDH1B1	4.04	2.02	8.32E-03	1.75E-02	No	No	No	No	No
EGFRNetmtKRAS-Hi	ELK1	GRN	P19419	P28799	ELK1_GRN	2.97	1.57	7.41E-04	4.99E-02	No	No	No	No	No
EGFRNetmtKRAS-Hi	ELK1	CAD	P19419	P27708	ELK1_CAD	3.50	1.81	4.17E-07	2.93E-02	No	No	No	No	No
EGFRNetmtKRAS-Hi	ELK1	CDH3	P19419	P22223	ELK1_CDH3	3.41	1.77	8.41E-04	3.19E-02	No	No	No	No	No
EGFRNetmtKRAS-Hi	ELK1	ELK1	P19419	P19419	ELK1_ELK1	10.87	3.44	4.26E-09	1.69E-04	No	No	No	Yes	No
EGFRNetmtKRAS-Hi	ELK1	HSPA7	P19419	P48741	ELK1_HSPA7	5.10	2.35	6.63E-07	7.02E-03	Yes	No	No	No	No
EGFRNetmtKRAS-Hi	ELK1	HSPA6	P19419	P17066	ELK1_HSPA6	5.10	2.35	6.63E-07	7.02E-03	Yes	No	No	No	No
EGFRNetmtKRAS-Hi	ELK1	SLC25A6	P19419	P12236	ELK1_SLC25A6	3.87	1.95	6.89E-08	2.05E-02	Yes	No	No	No	No
EGFRNetmtKRAS-Hi	ELK1	HSPA8	P19419	P11142	ELK1_HSPA8	5.20	2.38	8.90E-08	6.48E-03	Yes	No	No	No	No
EGFRNetmtKRAS-Hi	ELK1	HSPA5	P19419	P11021	ELK1_HSPA5	3.50	1.81	1.03E-07	2.93E-02	No	No	No	No	No
EGFRNetmtKRAS-Hi	ELK1	HSPA1A	P19419	P08107	ELK1_HSPA1A	3.90	1.96	5.52E-07	2.00E-02	Yes	No	No	No	No
EGFRNetmtKRAS-Hi	ELK1	TUBB	P19419	P07437	ELK1_TUBB	4.39	2.13	3.09E-09	1.29E-02	No	No	No	No	No
EGFRNetmtKRAS-Hi	ELK1	SLC25A5	P19419	P05141	ELK1_SLC25A5	3.78	1.92	1.55E-03	2.24E-02	No	No	No	No	No
EGFRNetmtKRAS-Hi	ELK1	TUBB4A	P19419	P04350	ELK1_TUBB4A	8.11	3.02	1.10E-07	8.25E-04	Yes	No	No	No	No
EGFRNetmtKRAS-Hi	ELK1	BAG2	P19419	O95816	ELK1_BAG2	3.27	1.71	5.29E-03	3.67E-02	No	No	No	No	No
EGFRNetmtKRAS-Hi	ELK1	DNAJA2	P19419	O60884	ELK1_DNAJA2	3.33	1.73	1.35E-05	3.46E-02	No	No	No	No	No
EGFRNetmtKRAS-Hi	ELK1	DPM1	P19419	O60762	ELK1_DPM1	3.06	1.61	6.82E-06	4.55E-02	No	No	No	No	No
EGFRNetmtKRAS-Hi	ELK1	ICMT	P19419	O60725	ELK1_ICMT	5.58	2.48	2.88E-03	4.80E-03	No	No	No	No	No
EGFRNetmtKRAS-Hi	ELK1	SLC16A3	P19419	O15427	ELK1_SLC16A3	3.09	1.63	1.77E-03	4.38E-02	No	No	No	No	No
EGFRNetmtKRAS-Hi	ELK1	SPTLC1	P19419	O15269	ELK1_SPTLC1	4.41	2.14	8.41E-03	1.27E-02	No	No	No	No	No
EGFRNetmtKRAS-Hi	ELK1	TPP1	P19419	O14773	ELK1_TPP1	3.79	1.92	4.44E-04	2.22E-02	No	No	No	No	No
EGFRNetmtKRAS-Hi	ELK4	IVNS1ABP	P28324	Q9Y6Y0	ELK4_IVNS1ABP	2.40	1.26	1.29E-04	7.54E-12	Yes	No	No	No	No
EGFRNetmtKRAS-Hi	ELK4	THRAP3	P28324	Q9Y2W1	ELK4_THRAP3	2.10	1.07	4.51E-04	4.94E-09	Yes	No	No	No	No
EGFRNetmtKRAS-Hi	ELK4	CORO1C	P28324	Q9ULV4	ELK4_CORO1C	1.65	0.72	1.83E-02	4.92E-05	No	No	No	No	No
EGFRNetmtKRAS-Hi	ELK4	BCLAF1	P28324	Q9NYF8	ELK4_BCLAF1	1.80	0.85	1.43E-03	2.30E-06	No	No	No	No	No
EGFRNetmtKRAS-Hi	ELK4	RIOK1	P28324	Q9BRS2	ELK4_RIOK1	1.58	0.66	2.39E-03	1.84E-04	Yes	No	No	No	No
EGFRNetmtKRAS-Hi	ELK4	WDR77	P28324	Q9BQA1	ELK4_WDR77	1.29	0.37	1.70E-02	2.19E-02	No	No	No	No	No
EGFRNetmtKRAS-Hi	ELK4	MYCBP	P28324	Q99417	ELK4_MYCBP	1.31	0.39	6.44E-03	1.67E-02	No	No	No	No	No
EGFRNetmtKRAS-Hi	ELK4	MTMR14	P28324	Q8NCE2	ELK4_MTMR14	1.33	0.41	3.25E-02	1.21E-02	Yes	No	No	No	No
EGFRNetmtKRAS-Hi	ELK4	LARP1	P28324	Q6PKG0	ELK4_LARP1	1.39	0.48	3.29E-02	4.66E-03	No	No	No	No	No
EGFRNetmtKRAS-Hi	ELK4	ACTBL2	P28324	Q562R1	ELK4_ACTBL2	1.58	0.66	3.37E-02	1.67E-04	No	No	No	No	No
EGFRNetmtKRAS-Hi	ELK4	SRSF7	P28324	Q16629	ELK4_SRSF7	1.69	0.76	1.66E-02	2.26E-05	Yes	No	No	No	No
EGFRNetmtKRAS-Hi	ELK4	ACAP2	P28324	Q15057	ELK4_ACAP2	1.28	0.35	1.10E-02	2.61E-02	Yes	No	No	No	No
EGFRNetmtKRAS-Hi	ELK4	PRPSAP1	P28324	Q14558	ELK4_PRPSAP1	2.53	1.34	1.23E-04	3.81E-13	Yes	No	No	No	No
EGFRNetmtKRAS-Hi	ELK4	ROCK1	P28324	Q13464	ELK4_ROCK1	1.40	0.48	1.62E-02	4.14E-03	Yes	No	No	No	No
EGFRNetmtKRAS-Hi	ELK4	PABPC4	P28324	Q13310	ELK4_PABPC4	1.34	0.43	1.32E-03	9.57E-03	Yes	No	No	No	No
EGFRNetmtKRAS-Hi	ELK4	AKAP12	P28324	Q02952	ELK4_AKAP12	1.46	0.55	1.25E-02	1.48E-03	Yes	No	No	No	No
EGFRNetmtKRAS-Hi	ELK4	OTUD4	P28324	Q01804	ELK4_OTUD4	1.26	0.34	1.14E-02	3.05E-02	No	No	No	No	No
EGFRNetmtKRAS-Hi	ELK4	ERH	P28324	P84090	ELK4_ERH	2.04	1.03	1.28E-04	1.59E-08	Yes	No	No	No	No
EGFRNetmtKRAS-Hi	ELK4	H3F3C	P28324	Q6NXT2	ELK4_H3F3C	1.40	0.49	1.53E-02	3.80E-03	No	No	No	No	No
EGFRNetmtKRAS-Hi	ELK4	HIST2H3A	P28324	Q71DI3	ELK4_HIST2H3A	1.40	0.49	1.53E-02	3.80E-03	No	No	No	No	No
EGFRNetmtKRAS-Hi	ELK4	HIST3H3	P28324	Q16695	ELK4_HIST3H3	1.40	0.49	1.53E-02	3.80E-03	No	No	No	No	No
EGFRNetmtKRAS-Hi	ELK4	H3F3A	P28324	P84243	ELK4_H3F3A	1.40	0.49	1.53E-02	3.80E-03	Yes	No	No	No	No
EGFRNetmtKRAS-Hi	ELK4	HIST1H3A	P28324	P68431	ELK4_HIST1H3A	1.40	0.49	1.53E-02	3.80E-03	No	No	No	No	No
EGFRNetmtKRAS-Hi	ELK4	ACTG1	P28324	P63261	ELK4_ACTG1	1.62	0.70	6.43E-03	8.19E-05	No	No	No	No	No
EGFRNetmtKRAS-Hi	ELK4	TRA2B	P28324	P62995	ELK4_TRA2B	1.54	0.62	2.14E-02	3.60E-04	Yes	No	No	No	No
EGFRNetmtKRAS-Hi	ELK4	HIST1H4A	P28324	P62805	ELK4_HIST1H4A	1.58	0.66	1.01E-02	1.75E-04	Yes	No	No	No	No
EGFRNetmtKRAS-Hi	ELK4	SNRPD2	P28324	P62316	ELK4_SNRPD2	1.42	0.51	3.58E-04	2.73E-03	Yes	No	No	No	No
EGFRNetmtKRAS-Hi	ELK4	SNRPD1	P28324	P62314	ELK4_SNRPD1	1.47	0.55	1.19E-03	1.28E-03	Yes	No	No	No	No
EGFRNetmtKRAS-Hi	ELK4	PRPS1	P28324	P60891	ELK4_PRPS1	2.46	1.30	9.87E-05	1.85E-12	Yes	No	No	No	No
EGFRNetmtKRAS-Hi	ELK4	ACTB	P28324	P60709	ELK4_ACTB	1.29	0.37	1.71E-02	2.14E-02	No	No	No	No	No
EGFRNetmtKRAS-Hi	ELK4	CLNS1A	P28324	P54105	ELK4_CLNS1A	1.32	0.40	1.08E-02	1.39E-02	No	No	No	No	No
EGFRNetmtKRAS-Hi	ELK4	CAPZA1	P28324	P52907	ELK4_CAPZA1	1.30	0.38	1.21E-02	1.79E-02	No	No	No	No	No
EGFRNetmtKRAS-Hi	ELK4	KIF11	P28324	P52732	ELK4_KIF11	1.35	0.44	1.41E-03	8.45E-03	Yes	No	No	No	No
EGFRNetmtKRAS-Hi	ELK4	CAPZB	P28324	P47756	ELK4_CAPZB	1.45	0.54	3.30E-02	1.73E-03	No	No	No	No	No
EGFRNetmtKRAS-Hi	ELK4	ELK4	P28324	P28324	ELK4_ELK4	7.89	2.98	4.67E-05	9.30E-57	Yes	No	No	No	No
EGFRNetmtKRAS-Hi	ELK4	CSDA	P28324	P16989	ELK4_CSDA	1.24	0.31	1.20E-02	4.23E-02	Yes	No	No	No	No
EGFRNetmtKRAS-Hi	ELK4	PRPS2	P28324	P11908	ELK4_PRPS2	2.67	1.41	8.74E-05	2.04E-14	Yes	No	No	No	No
EGFRNetmtKRAS-Hi	ELK4	HIST2H2AC	P28324	Q16777	ELK4_HIST2H2AC	1.32	0.40	2.49E-03	1.33E-02	No	No	No	No	No
EGFRNetmtKRAS-Hi	ELK4	HIST1H2AC	P28324	Q93077	ELK4_HIST1H2AC	1.32	0.40	2.49E-03	1.33E-02	No	No	No	No	No
EGFRNetmtKRAS-Hi	ELK4	HIST3H2A	P28324	Q7L7L0	ELK4_HIST3H2A	1.32	0.40	2.49E-03	1.33E-02	No	No	No	No	No
EGFRNetmtKRAS-Hi	ELK4	HIST1H2AB	P28324	P04908	ELK4_HIST1H2AB	1.32	0.40	2.49E-03	1.33E-02	Yes	No	No	No	No
EGFRNetmtKRAS-Hi	ELK4	HIST2H2AA3	P28324	Q6FI13	ELK4_HIST2H2AA3	1.32	0.40	2.49E-03	1.33E-02	No	No	No	No	No
EGFRNetmtKRAS-Hi	ELK4	HIST1H2AJ	P28324	Q99878	ELK4_HIST1H2AJ	1.32	0.40	2.49E-03	1.33E-02	No	No	No	No	No
EGFRNetmtKRAS-Hi	ELK4	HIST1H2AH	P28324	Q96KK5	ELK4_HIST1H2AH	1.32	0.40	2.49E-03	1.33E-02	No	No	No	No	No
EGFRNetmtKRAS-Hi	ELK4	H2AFJ	P28324	Q9BTM1	ELK4_H2AFJ	1.32	0.40	2.49E-03	1.33E-02	Yes	No	No	No	No
EGFRNetmtKRAS-Hi	ELK4	HIST1H2AD	P28324	P20671	ELK4_HIST1H2AD	1.32	0.40	2.49E-03	1.33E-02	No	No	No	No	No
EGFRNetmtKRAS-Hi	ELK4	HIST1H2AG	P28324	P0C0S8	ELK4_HIST1H2AG	1.32	0.40	2.49E-03	1.33E-02	No	No	No	No	No
EGFRNetmtKRAS-Hi	ELK4	LUC7L3	P28324	O95232	ELK4_LUC7L3	1.71	0.78	6.48E-03	1.45E-05	No	No	No	No	No
EGFRNetmtKRAS-Hi	ELK4	PPM1B	P28324	O75688	ELK4_PPM1B	1.28	0.35	9.91E-03	2.53E-02	No	No	No	No	No
EGFRNetmtKRAS-Hi	ELK4	HIST1H2BA	P28324	Q96A08	ELK4_HIST1H2BA	1.63	0.70	4.87E-03	7.22E-05	Yes	No	No	No	No
EGFRNetmtKRAS-Hi	ELK4	H2BFS	P28324	P57053	ELK4_H2BFS	1.63	0.70	4.87E-03	7.22E-05	Yes	No	No	No	No
EGFRNetmtKRAS-Hi	ELK4	HIST1H2BL	P28324	Q99880	ELK4_HIST1H2BL	1.63	0.70	4.87E-03	7.22E-05	No	No	No	No	No
EGFRNetmtKRAS-Hi	ELK4	HIST1H2BM	P28324	Q99879	ELK4_HIST1H2BM	1.63	0.70	4.87E-03	7.22E-05	No	No	No	No	No
EGFRNetmtKRAS-Hi	ELK4	HIST1H2BN	P28324	Q99877	ELK4_HIST1H2BN	1.63	0.70	4.87E-03	7.22E-05	No	No	No	No	No
EGFRNetmtKRAS-Hi	ELK4	HIST1H2BH	P28324	Q93079	ELK4_HIST1H2BH	1.63	0.70	4.87E-03	7.22E-05	No	No	No	No	No
EGFRNetmtKRAS-Hi	ELK4	HIST2H2BF	P28324	Q5QNW6	ELK4_HIST2H2BF	1.63	0.70	4.87E-03	7.22E-05	No	No	No	No	No
EGFRNetmtKRAS-Hi	ELK4	HIST1H2BC	P28324	P62807	ELK4_HIST1H2BC	1.63	0.70	4.87E-03	7.22E-05	No	No	No	No	No
EGFRNetmtKRAS-Hi	ELK4	HIST1H2BD	P28324	P58876	ELK4_HIST1H2BD	1.63	0.70	4.87E-03	7.22E-05	No	No	No	No	No
EGFRNetmtKRAS-Hi	ELK4	HIST1H2BK	P28324	O60814	ELK4_HIST1H2BK	1.63	0.70	4.87E-03	7.22E-05	No	No	No	No	No
EGFRNetmtKRAS-Hi	ELK4	PRPSAP2	P28324	O60256	ELK4_PRPSAP2	2.87	1.52	8.20E-05	2.46E-16	Yes	No	No	No	No
EGFRNetmtKRAS-Hi	ELK4	PRMT5	P28324	O14744	ELK4_PRMT5	1.31	0.39	1.09E-02	1.56E-02	No	No	No	No	No
EGFRNetmtKRAS-Hi	ELK4	MYO1C	P28324	O00159	ELK4_MYO1C	1.47	0.55	2.25E-03	1.36E-03	No	No	No	No	No
EGFRNetmtKRAS-Hi	FGFR1	TBL2	P11362	Q9Y4P3	FGFR1_TBL2	1.77	0.82	4.20E-02	4.76E-02	No	No	No	No	No
EGFRNetmtKRAS-Hi	FGFR1	DIMT1	P11362	Q9UNQ2	FGFR1_DIMT1	1.91	0.94	2.52E-02	2.79E-02	No	No	No	No	No
EGFRNetmtKRAS-Hi	FGFR1	SPATS2L	P11362	Q9NUQ6	FGFR1_SPATS2L	2.06	1.04	4.58E-02	1.63E-02	No	No	No	No	No
EGFRNetmtKRAS-Hi	FGFR1	FARSB	P11362	Q9NSD9	FGFR1_FARSB	1.96	0.97	4.94E-02	2.40E-02	No	No	No	No	No
EGFRNetmtKRAS-Hi	FGFR1	HSD17B10	P11362	Q99714	FGFR1_HSD17B10	2.21	1.14	3.96E-02	9.30E-03	No	No	No	No	No
EGFRNetmtKRAS-Hi	FGFR1	NUFIP2	P11362	Q7Z417	FGFR1_NUFIP2	2.59	1.38	4.98E-02	2.24E-03	Yes	No	No	No	No
EGFRNetmtKRAS-Hi	FGFR1	RG9MTD1	P11362	Q7L0Y3	FGFR1_RG9MTD1	2.54	1.34	2.51E-02	2.76E-03	Yes	No	No	No	No
EGFRNetmtKRAS-Hi	FGFR1	SND1	P11362	Q7KZF4	FGFR1_SND1	1.87	0.90	4.16E-02	3.29E-02	No	No	No	No	No
EGFRNetmtKRAS-Hi	FGFR1	RPL22L1	P11362	Q6P5R6	FGFR1_RPL22L1	1.90	0.92	9.62E-03	2.96E-02	Yes	No	No	No	No
EGFRNetmtKRAS-Hi	FGFR1	OBSCN	P11362	Q5VST9	FGFR1_OBSCN	5.10	2.35	9.89E-03	4.59E-07	Yes	No	No	No	No
EGFRNetmtKRAS-Hi	FGFR1	CDC37	P11362	Q16543	FGFR1_CDC37	5.58	2.48	6.12E-03	1.09E-07	No	No	No	No	No
EGFRNetmtKRAS-Hi	FGFR1	AIMP2	P11362	Q13155	FGFR1_AIMP2	2.02	1.02	3.55E-02	1.86E-02	No	No	No	No	No
EGFRNetmtKRAS-Hi	FGFR1	RARS	P11362	P54136	FGFR1_RARS	1.82	0.86	2.56E-02	3.98E-02	Yes	No	No	No	No
EGFRNetmtKRAS-Hi	FGFR1	FGFR1	P11362	P11362	FGFR1_FGFR1	18.49	4.21	5.96E-05	4.79E-19	Yes	No	No	Yes	Yes
EGFRNetmtKRAS-Hi	FGFR1	SRP19	P11362	P09132	FGFR1_SRP19	3.11	1.64	2.91E-02	3.41E-04	No	No	No	No	No
EGFRNetmtKRAS-Hi	FGFR1	HSP90AB3P	P11362	Q58FF7	FGFR1_HSP90AB3P	1.83	0.87	1.56E-02	3.80E-02	No	No	No	No	No
EGFRNetmtKRAS-Hi	FGFR1	HSP90AB1	P11362	P08238	FGFR1_HSP90AB1	1.83	0.87	1.56E-02	3.80E-02	No	No	No	Yes	No
EGFRNetmtKRAS-Hi	FGFR1	CDK1	P11362	P06493	FGFR1_CDK1	9.95	3.31	8.52E-05	1.87E-12	Yes	No	No	No	No
EGFRNetmtKRAS-Hi	FGFR1	BAG2	P11362	O95816	FGFR1_BAG2	3.67	1.87	2.91E-05	4.86E-05	Yes	No	No	No	No
EGFRNetmtKRAS-Hi	FGFR1	POLRMT	P11362	O00411	FGFR1_POLRMT	2.06	1.04	3.96E-02	1.65E-02	No	No	No	No	No
EGFRNetmtKRAS-Hi	FGR	CORO1C	P09769	Q9ULV4	FGR_CORO1C	1.64	0.71	3.30E-07	9.29E-05	No	No	No	No	No
EGFRNetmtKRAS-Hi	FGR	ATAD3A	P09769	Q9NVI7	FGR_ATAD3A	1.56	0.64	8.33E-06	3.79E-04	No	No	No	No	No
EGFRNetmtKRAS-Hi	FGR	SLC25A18	P09769	Q9H1K4	FGR_SLC25A18	1.64	0.71	2.58E-02	9.49E-05	No	No	No	No	No
EGFRNetmtKRAS-Hi	FGR	SLC25A22	P09769	Q9H936	FGR_SLC25A22	1.64	0.71	2.58E-02	9.49E-05	No	No	No	No	No
EGFRNetmtKRAS-Hi	FGR	CCT7	P09769	Q99832	FGR_CCT7	2.02	1.01	5.52E-07	4.70E-08	No	No	No	No	No
EGFRNetmtKRAS-Hi	FGR	PGAM5	P09769	Q96HS1	FGR_PGAM5	1.35	0.44	7.13E-03	1.11E-02	No	No	No	No	No
EGFRNetmtKRAS-Hi	FGR	HSP90AB2P	P09769	Q58FF8	FGR_HSP90AB2P	2.44	1.29	3.94E-06	6.15E-12	No	No	No	No	No
EGFRNetmtKRAS-Hi	FGR	QPCT	P09769	Q16769	FGR_QPCT	18.97	4.25	1.53E-02	2.08E-111	No	No	No	No	No
EGFRNetmtKRAS-Hi	FGR	CDC37	P09769	Q16543	FGR_CDC37	7.66	2.94	1.04E-08	2.07E-54	No	No	No	No	No
EGFRNetmtKRAS-Hi	FGR	PRPSAP1	P09769	Q14558	FGR_PRPSAP1	1.32	0.40	3.24E-02	1.80E-02	No	No	No	No	No
EGFRNetmtKRAS-Hi	FGR	FKBP5	P09769	Q13451	FGR_FKBP5	1.26	0.33	4.38E-02	4.35E-02	No	No	No	No	No
EGFRNetmtKRAS-Hi	FGR	GSTO1	P09769	P78417	FGR_GSTO1	1.53	0.61	2.65E-02	6.88E-04	No	No	No	No	No
EGFRNetmtKRAS-Hi	FGR	CCT2	P09769	P78371	FGR_CCT2	2.11	1.08	9.48E-07	7.37E-09	No	No	No	No	No
EGFRNetmtKRAS-Hi	FGR	RPL23	P09769	P62829	FGR_RPL23	1.26	0.34	2.45E-04	3.95E-02	No	No	No	No	No
EGFRNetmtKRAS-Hi	FGR	PRPS1	P09769	P60891	FGR_PRPS1	1.37	0.46	2.56E-02	8.38E-03	No	No	No	No	No
EGFRNetmtKRAS-Hi	FGR	ACTB	P09769	P60709	FGR_ACTB	1.30	0.37	6.16E-09	2.56E-02	No	No	No	No	No
EGFRNetmtKRAS-Hi	FGR	HNRNPA3	P09769	P51991	FGR_HNRNPA3	1.29	0.37	5.70E-04	2.75E-02	No	No	No	No	No
EGFRNetmtKRAS-Hi	FGR	CCT4	P09769	P50991	FGR_CCT4	2.07	1.05	5.97E-07	1.83E-08	No	No	No	No	No
EGFRNetmtKRAS-Hi	FGR	CCT8	P09769	P50990	FGR_CCT8	2.11	1.08	7.46E-07	6.61E-09	No	No	No	No	No
EGFRNetmtKRAS-Hi	FGR	CCT3	P09769	P49368	FGR_CCT3	2.12	1.08	8.15E-07	6.06E-09	No	No	No	No	No
EGFRNetmtKRAS-Hi	FGR	CCT5	P09769	P48643	FGR_CCT5	1.94	0.96	9.78E-07	2.28E-07	No	No	No	No	No
EGFRNetmtKRAS-Hi	FGR	CCT6A	P09769	P40227	FGR_CCT6A	2.04	1.03	5.89E-07	3.24E-08	No	No	No	No	No
EGFRNetmtKRAS-Hi	FGR	CAD	P09769	P27708	FGR_CAD	1.44	0.53	9.71E-05	2.74E-03	No	No	No	No	No
EGFRNetmtKRAS-Hi	FGR	HNRNPA2B1	P09769	P22626	FGR_HNRNPA2B1	1.28	0.36	1.02E-03	3.11E-02	No	No	No	No	No
EGFRNetmtKRAS-Hi	FGR	TCP1	P09769	P17987	FGR_TCP1	2.12	1.09	9.92E-07	5.42E-09	No	No	No	No	No
EGFRNetmtKRAS-Hi	FGR	PRPS2	P09769	P11908	FGR_PRPS2	1.33	0.41	4.87E-02	1.49E-02	No	No	No	No	No
EGFRNetmtKRAS-Hi	FGR	FGR	P09769	P09769	FGR_FGR	12.83	3.68	8.54E-09	2.51E-84	No	No	No	Yes	No
EGFRNetmtKRAS-Hi	FGR	HSP90AB3P	P09769	Q58FF7	FGR_HSP90AB3P	2.47	1.31	6.45E-07	2.93E-12	No	No	No	No	No
EGFRNetmtKRAS-Hi	FGR	HSP90AB1	P09769	P08238	FGR_HSP90AB1	2.47	1.31	6.45E-07	2.93E-12	No	No	No	Yes	No
EGFRNetmtKRAS-Hi	FGR	YES1	P09769	P07947	FGR_YES1	35.71	5.16	5.30E-07	1.98E-163	No	Yes	No	No	No
EGFRNetmtKRAS-Hi	FGR	HNRNPCL1	P09769	O60812	FGR_HNRNPCL1	1.31	0.39	5.11E-04	2.20E-02	No	No	No	No	No
EGFRNetmtKRAS-Hi	FGR	HNRNPC	P09769	P07910	FGR_HNRNPC	1.31	0.39	5.11E-04	2.20E-02	No	No	No	No	No
EGFRNetmtKRAS-Hi	FGR	HSP90AA1	P09769	P07900	FGR_HSP90AA1	2.76	1.46	6.85E-07	6.33E-15	No	No	No	Yes	No
EGFRNetmtKRAS-Hi	FGR	CDK1	P09769	P06493	FGR_CDK1	91.33	6.51	1.75E-07	3.38E-259	No	No	No	No	No
EGFRNetmtKRAS-Hi	FGR	BAG2	P09769	O95816	FGR_BAG2	1.45	0.54	1.52E-03	2.34E-03	No	No	No	No	No
EGFRNetmtKRAS-Hi	FYN	IVNS1ABP	P06241	Q9Y6Y0	FYN_IVNS1ABP	2.08	1.06	2.55E-02	3.06E-07	Yes	No	No	No	No
EGFRNetmtKRAS-Hi	FYN	SLC4A1AP	P06241	Q9BWU0	FYN_SLC4A1AP	1.35	0.44	9.05E-04	2.18E-02	No	No	No	No	No
EGFRNetmtKRAS-Hi	FYN	USP7	P06241	Q93009	FYN_USP7	1.59	0.67	3.77E-06	8.35E-04	No	No	No	No	No
EGFRNetmtKRAS-Hi	FYN	HSPH1	P06241	Q92598	FYN_HSPH1	2.48	1.31	3.88E-05	2.82E-10	Yes	No	No	No	No
EGFRNetmtKRAS-Hi	FYN	SERBP1	P06241	Q8NC51	FYN_SERBP1	1.29	0.37	4.37E-03	4.35E-02	Yes	No	No	No	No
EGFRNetmtKRAS-Hi	FYN	MEPCE	P06241	Q7L2J0	FYN_MEPCE	1.30	0.38	3.57E-03	4.16E-02	No	No	No	No	No
EGFRNetmtKRAS-Hi	FYN	CDC37	P06241	Q16543	FYN_CDC37	2.65	1.41	2.47E-07	1.45E-11	No	Yes	No	Yes	No
EGFRNetmtKRAS-Hi	FYN	LBR	P06241	Q14739	FYN_LBR	1.33	0.41	5.13E-05	2.82E-02	No	No	No	No	No
EGFRNetmtKRAS-Hi	FYN	PRPSAP1	P06241	Q14558	FYN_PRPSAP1	2.14	1.10	8.97E-03	1.12E-07	Yes	No	No	Yes	No
EGFRNetmtKRAS-Hi	FYN	TRIM28	P06241	Q13263	FYN_TRIM28	1.50	0.59	1.27E-03	3.07E-03	No	No	No	No	No
EGFRNetmtKRAS-Hi	FYN	SNRPD2	P06241	P62316	FYN_SNRPD2	1.29	0.37	3.19E-03	4.57E-02	No	No	No	No	No
EGFRNetmtKRAS-Hi	FYN	PRPS1	P06241	P60891	FYN_PRPS1	2.26	1.18	8.76E-03	1.37E-08	Yes	No	No	No	No
EGFRNetmtKRAS-Hi	FYN	EIF5	P06241	P55010	FYN_EIF5	1.44	0.52	2.35E-02	7.52E-03	No	No	No	No	No
EGFRNetmtKRAS-Hi	FYN	KIF11	P06241	P52732	FYN_KIF11	1.32	0.40	5.10E-03	3.14E-02	Yes	No	No	No	No
EGFRNetmtKRAS-Hi	FYN	HSPA4	P06241	P34932	FYN_HSPA4	1.82	0.86	1.21E-03	2.44E-05	No	No	No	No	No
EGFRNetmtKRAS-Hi	FYN	MAT2A	P06241	P31153	FYN_MAT2A	1.41	0.50	1.98E-04	1.02E-02	Yes	No	No	No	No
EGFRNetmtKRAS-Hi	FYN	VARS	P06241	P26640	FYN_VARS	1.37	0.46	4.89E-03	1.68E-02	Yes	No	No	No	No
EGFRNetmtKRAS-Hi	FYN	PRKACB	P06241	P22694	FYN_PRKACB	1.39	0.47	2.09E-02	1.42E-02	Yes	No	No	No	No
EGFRNetmtKRAS-Hi	FYN	FBL	P06241	P22087	FYN_FBL	2.02	1.02	4.42E-03	8.29E-07	Yes	No	No	No	No
EGFRNetmtKRAS-Hi	FYN	HMGA1	P06241	P17096	FYN_HMGA1	1.28	0.36	3.67E-02	4.82E-02	No	No	No	No	No
EGFRNetmtKRAS-Hi	FYN	DSP	P06241	P15924	FYN_DSP	1.72	0.78	1.10E-02	1.16E-04	No	No	No	No	No
EGFRNetmtKRAS-Hi	FYN	TRIM27	P06241	P14373	FYN_TRIM27	1.54	0.63	5.33E-03	1.69E-03	No	No	No	No	No
EGFRNetmtKRAS-Hi	FYN	EEF2	P06241	P13639	FYN_EEF2	1.31	0.39	1.21E-02	3.68E-02	No	No	No	No	No
EGFRNetmtKRAS-Hi	FYN	SRC	P06241	P12931	FYN_SRC	9.42	3.24	1.66E-04	1.38E-53	No	Yes	No	Yes	No
EGFRNetmtKRAS-Hi	FYN	PRPS2	P06241	P11908	FYN_PRPS2	2.21	1.15	9.87E-03	3.18E-08	Yes	No	No	No	No
EGFRNetmtKRAS-Hi	FYN	HSPA8	P06241	P11142	FYN_HSPA8	1.88	0.91	5.29E-09	9.05E-06	No	No	No	No	No
EGFRNetmtKRAS-Hi	FYN	HSPA5	P06241	P11021	FYN_HSPA5	1.76	0.81	9.55E-05	6.83E-05	No	No	No	No	No
EGFRNetmtKRAS-Hi	FYN	HIST1H1E	P06241	P10412	FYN_HIST1H1E	1.32	0.40	1.84E-02	3.12E-02	No	No	No	No	No
EGFRNetmtKRAS-Hi	FYN	HNRNPA1L2	P06241	Q32P51	FYN_HNRNPA1L2	1.30	0.38	1.81E-03	4.13E-02	No	No	No	No	No
EGFRNetmtKRAS-Hi	FYN	HNRNPA1	P06241	P09651	FYN_HNRNPA1	1.30	0.38	1.81E-03	4.13E-02	No	No	No	No	No
EGFRNetmtKRAS-Hi	FYN	HSP90AB1	P06241	P08238	FYN_HSP90AB1	1.57	0.65	2.76E-07	1.16E-03	No	Yes	No	Yes	No
EGFRNetmtKRAS-Hi	FYN	HSPA1A	P06241	P08107	FYN_HSPA1A	1.67	0.74	3.11E-09	2.65E-04	No	No	No	No	No
EGFRNetmtKRAS-Hi	FYN	HSP90AA1	P06241	P07900	FYN_HSP90AA1	1.49	0.57	5.81E-05	3.80E-03	No	Yes	No	Yes	No
EGFRNetmtKRAS-Hi	FYN	NPM1	P06241	P06748	FYN_NPM1	1.51	0.60	2.23E-05	2.67E-03	Yes	No	No	No	No
EGFRNetmtKRAS-Hi	FYN	FYN	P06241	P06241	FYN_FYN	3.30	1.72	1.64E-04	1.75E-16	No	No	No	Yes	No
EGFRNetmtKRAS-Hi	FYN	AHSG	P06241	P02765	FYN_AHSG	2.16	1.11	2.21E-02	8.67E-08	No	No	No	No	No
EGFRNetmtKRAS-Hi	FYN	PRPSAP2	P06241	O60256	FYN_PRPSAP2	2.31	1.21	9.37E-03	5.61E-09	Yes	No	No	No	No
EGFRNetmtKRAS-Hi	FYN	SNRPG	P06241	P62308	FYN_SNRPG	1.32	0.41	2.56E-02	3.03E-02	Yes	No	No	No	No
EGFRNetmtKRAS-Hi	GAB1	CALML5	Q13480	Q9NZT1	GAB1_CALML5	4.43	2.15	4.58E-02	7.15E-13	No	No	No	No	No
EGFRNetmtKRAS-Hi	GAB1	ARL6IP4	Q13480	Q66PJ3	GAB1_ARL6IP4	1.81	0.85	2.50E-02	2.72E-03	No	No	No	No	No
EGFRNetmtKRAS-Hi	GAB1	GAB1	Q13480	Q13480	GAB1_GAB1	7.89	2.98	5.95E-07	3.23E-23	Yes	No	No	No	No
EGFRNetmtKRAS-Hi	GAB1	CAV1	Q13480	Q03135	GAB1_CAV1	1.94	0.96	4.78E-02	8.85E-04	Yes	No	No	No	No
EGFRNetmtKRAS-Hi	GAB1	DSG1	Q13480	Q02413	GAB1_DSG1	4.99	2.32	1.63E-02	9.75E-15	No	No	No	No	No
EGFRNetmtKRAS-Hi	GAB1	GRB2	Q13480	P62993	GAB1_GRB2	5.38	2.43	3.89E-04	5.23E-16	No	Yes	No	Yes	No
EGFRNetmtKRAS-Hi	GAB1	RPS27A	Q13480	P62979	GAB1_RPS27A	1.75	0.81	9.75E-03	4.34E-03	No	No	No	No	No
EGFRNetmtKRAS-Hi	GAB1	DSP	Q13480	P15924	GAB1_DSP	3.02	1.59	1.21E-02	7.95E-08	No	No	No	No	No
EGFRNetmtKRAS-Hi	GAB1	JUP	Q13480	P14923	GAB1_JUP	5.40	2.43	8.04E-03	4.56E-16	No	No	No	No	No
EGFRNetmtKRAS-Hi	GAB1	HSPA1A	Q13480	P08107	GAB1_HSPA1A	1.86	0.89	6.92E-05	1.84E-03	No	No	No	No	No
EGFRNetmtKRAS-Hi	GAB2	YWHAH	Q9UQC2	Q04917	GAB2_YWHAH	2.34	1.22	4.95E-02	2.23E-04	No	No	No	Yes	No
EGFRNetmtKRAS-Hi	GAB2	GAB2	Q9UQC2	Q9UQC2	GAB2_GAB2	22.84	4.51	6.58E-05	1.64E-39	Yes	No	No	Yes	No
EGFRNetmtKRAS-Hi	GAB2	PARK7	Q9UQC2	Q99497	GAB2_PARK7	1.85	0.89	2.05E-02	4.16E-02	No	No	No	No	No
EGFRNetmtKRAS-Hi	GAB2	EIF5A2	Q9UQC2	Q9GZV4	GAB2_EIF5A2	3.75	1.91	1.37E-02	1.02E-04	No	No	No	No	No
EGFRNetmtKRAS-Hi	GAB2	EIF5AL1	Q9UQC2	Q6IS14	GAB2_EIF5AL1	3.75	1.91	1.37E-02	1.02E-04	No	No	No	No	No
EGFRNetmtKRAS-Hi	GAB2	EIF5A	Q9UQC2	P63241	GAB2_EIF5A	3.75	1.91	1.37E-02	1.02E-04	Yes	No	No	No	No
EGFRNetmtKRAS-Hi	GAB2	YWHAZ	Q9UQC2	P63104	GAB2_YWHAZ	3.58	1.84	7.94E-06	5.58E-08	No	No	No	Yes	No
EGFRNetmtKRAS-Hi	GAB2	GRB2	Q9UQC2	P62993	GAB2_GRB2	3.20	1.68	7.65E-06	5.42E-04	No	Yes	Yes	Yes	No
EGFRNetmtKRAS-Hi	GAB2	PPIA	Q9UQC2	P62937	GAB2_PPIA	2.45	1.29	6.52E-03	5.89E-03	Yes	No	No	No	No
EGFRNetmtKRAS-Hi	GAB2	RAN	Q9UQC2	P62826	GAB2_RAN	2.14	1.10	2.02E-02	1.64E-02	No	No	No	No	No
EGFRNetmtKRAS-Hi	GAB2	RPS8	Q9UQC2	P62241	GAB2_RPS8	1.50	0.59	3.90E-04	4.86E-02	No	No	No	No	No
EGFRNetmtKRAS-Hi	GAB2	SFN	Q9UQC2	P31947	GAB2_SFN	1.87	0.90	6.55E-05	3.95E-02	No	No	No	Yes	No
EGFRNetmtKRAS-Hi	GAB2	YWHAQ	Q9UQC2	P27348	GAB2_YWHAQ	2.32	1.21	1.01E-04	9.10E-03	No	No	No	Yes	No
EGFRNetmtKRAS-Hi	GAB2	HSPA6	Q9UQC2	P17066	GAB2_HSPA6	2.06	1.05	1.98E-04	2.10E-02	No	No	No	No	No
EGFRNetmtKRAS-Hi	GAB2	PRPS2	Q9UQC2	P11908	GAB2_PRPS2	1.87	0.90	1.81E-02	3.97E-02	No	No	No	No	No
EGFRNetmtKRAS-Hi	GAB2	HSPA5	Q9UQC2	P11021	GAB2_HSPA5	1.60	0.67	5.22E-06	2.82E-02	No	No	No	No	No
EGFRNetmtKRAS-Hi	GAB2	HSPD1	Q9UQC2	P10809	GAB2_HSPD1	1.82	0.87	2.70E-03	4.63E-02	Yes	No	No	No	No
EGFRNetmtKRAS-Hi	GRB10	IGF2BP2	Q13322	Q9Y6M1	GRB10_IGF2BP2	1.77	0.83	2.11E-02	4.36E-02	No	No	No	No	No
EGFRNetmtKRAS-Hi	GRB10	EXOSC1	Q13322	Q9Y3B2	GRB10_EXOSC1	2.40	1.26	1.29E-02	4.55E-03	No	No	No	No	No
EGFRNetmtKRAS-Hi	GRB10	RCL1	Q13322	Q9Y2P8	GRB10_RCL1	1.83	0.87	2.30E-02	3.57E-02	No	No	No	No	No
EGFRNetmtKRAS-Hi	GRB10	G3BP2	Q13322	Q9UN86	GRB10_G3BP2	1.79	0.84	1.53E-02	4.03E-02	Yes	No	No	Yes	No
EGFRNetmtKRAS-Hi	GRB10	AKAP8L	Q13322	Q9ULX6	GRB10_AKAP8L	2.09	1.07	1.36E-02	1.37E-02	No	No	No	No	No
EGFRNetmtKRAS-Hi	GRB10	RBM28	Q13322	Q9NW13	GRB10_RBM28	3.71	1.89	1.23E-02	4.60E-05	No	No	No	No	No
EGFRNetmtKRAS-Hi	GRB10	EXOSC3	Q13322	Q9NQT5	GRB10_EXOSC3	1.93	0.95	2.72E-02	2.51E-02	No	No	No	No	No
EGFRNetmtKRAS-Hi	GRB10	WDR6	Q13322	Q9NNW5	GRB10_WDR6	4.09	2.03	8.30E-03	1.33E-05	No	No	No	No	No
EGFRNetmtKRAS-Hi	GRB10	GRPEL1	Q13322	Q9HAV7	GRB10_GRPEL1	1.83	0.87	2.66E-03	3.61E-02	Yes	No	No	No	No
EGFRNetmtKRAS-Hi	GRB10	DDX24	Q13322	Q9GZR7	GRB10_DDX24	2.85	1.51	1.37E-02	9.05E-04	No	No	No	No	No
EGFRNetmtKRAS-Hi	GRB10	GTPBP4	Q13322	Q9BZE4	GRB10_GTPBP4	3.45	1.79	3.98E-02	1.13E-04	No	No	No	No	No
EGFRNetmtKRAS-Hi	GRB10	MKI67IP	Q13322	Q9BYG3	GRB10_MKI67IP	3.25	1.70	3.11E-02	2.19E-04	No	No	No	No	No
EGFRNetmtKRAS-Hi	GRB10	GRWD1	Q13322	Q9BQ67	GRB10_GRWD1	2.25	1.17	2.73E-02	7.80E-03	No	No	No	No	No
EGFRNetmtKRAS-Hi	GRB10	EBNA1BP2	Q13322	Q99848	GRB10_EBNA1BP2	2.77	1.47	2.40E-02	1.21E-03	No	No	No	No	No
EGFRNetmtKRAS-Hi	GRB10	USP9X	Q13322	Q93008	GRB10_USP9X	4.53	2.18	6.61E-03	3.35E-06	No	No	No	No	No
EGFRNetmtKRAS-Hi	GRB10	HSPH1	Q13322	Q92598	GRB10_HSPH1	3.07	1.62	2.54E-05	4.12E-04	Yes	No	No	No	No
EGFRNetmtKRAS-Hi	GRB10	H1FX	Q13322	Q92522	GRB10_H1FX	3.05	1.61	2.28E-02	4.48E-04	No	No	No	No	No
EGFRNetmtKRAS-Hi	GRB10	TFB1M	Q13322	Q8WVM0	GRB10_TFB1M	2.93	1.55	8.20E-03	6.76E-04	No	No	No	No	No
EGFRNetmtKRAS-Hi	GRB10	CHCHD4	Q13322	Q8N4Q1	GRB10_CHCHD4	13.34	3.74	1.38E-05	6.09E-15	Yes	No	No	No	No
EGFRNetmtKRAS-Hi	GRB10	DHX30	Q13322	Q7L2E3	GRB10_DHX30	1.81	0.86	7.14E-03	3.82E-02	No	No	No	No	No
EGFRNetmtKRAS-Hi	GRB10	PPP2R2D	Q13322	Q66LE6	GRB10_PPP2R2D	6.02	2.59	3.64E-04	4.44E-08	No	No	No	No	No
EGFRNetmtKRAS-Hi	GRB10	SRSF7	Q13322	Q16629	GRB10_SRSF7	1.82	0.86	2.20E-03	3.68E-02	No	No	No	Yes	No
EGFRNetmtKRAS-Hi	GRB10	TRIP6	Q13322	Q15654	GRB10_TRIP6	2.38	1.25	2.68E-02	4.86E-03	No	No	No	No	No
EGFRNetmtKRAS-Hi	GRB10	SEC23B	Q13322	Q15437	GRB10_SEC23B	3.17	1.66	3.87E-03	2.94E-04	No	No	No	No	No
EGFRNetmtKRAS-Hi	GRB10	CUL7	Q13322	Q14999	GRB10_CUL7	3.70	1.89	2.61E-02	4.83E-05	No	No	No	No	No
EGFRNetmtKRAS-Hi	GRB10	RBM39	Q13322	Q14498	GRB10_RBM39	2.32	1.22	2.98E-02	5.98E-03	No	No	No	No	No
EGFRNetmtKRAS-Hi	GRB10	GRB10	Q13322	Q13322	GRB10_GRB10	13.13	3.72	7.19E-12	8.69E-15	Yes	No	No	Yes	No
EGFRNetmtKRAS-Hi	GRB10	PPP3CB	Q13322	P16298	GRB10_PPP3CB	2.12	1.09	1.25E-02	1.22E-02	Yes	No	No	No	No
EGFRNetmtKRAS-Hi	GRB10	PPP3CA	Q13322	Q08209	GRB10_PPP3CA	2.12	1.09	1.25E-02	1.22E-02	Yes	No	No	No	No
EGFRNetmtKRAS-Hi	GRB10	YWHAH	Q13322	Q04917	GRB10_YWHAH	3.50	1.81	3.22E-02	9.44E-05	Yes	No	No	No	No
EGFRNetmtKRAS-Hi	GRB10	PPP2CA	Q13322	P67775	GRB10_PPP2CA	9.79	3.29	4.14E-08	5.42E-12	No	No	No	No	No
EGFRNetmtKRAS-Hi	GRB10	PPP2R2A	Q13322	P63151	GRB10_PPP2R2A	9.60	3.26	2.30E-08	8.17E-12	Yes	No	No	No	No
EGFRNetmtKRAS-Hi	GRB10	UBB	Q13322	P0CG47	GRB10_UBB	1.86	0.90	2.71E-02	3.14E-02	No	No	No	No	No
EGFRNetmtKRAS-Hi	GRB10	UBC	Q13322	P0CG48	GRB10_UBC	1.86	0.90	2.71E-02	3.14E-02	No	No	No	No	No
EGFRNetmtKRAS-Hi	GRB10	UBA52	Q13322	P62987	GRB10_UBA52	1.86	0.90	2.71E-02	3.14E-02	No	No	No	No	No
EGFRNetmtKRAS-Hi	GRB10	RPL37	Q13322	P61927	GRB10_RPL37	1.91	0.93	1.82E-02	2.67E-02	No	No	No	No	No
EGFRNetmtKRAS-Hi	GRB10	USP11	Q13322	P51784	GRB10_USP11	2.18	1.13	2.55E-02	9.83E-03	No	No	No	No	No
EGFRNetmtKRAS-Hi	GRB10	FXR1	Q13322	P51114	GRB10_FXR1	3.63	1.86	2.59E-02	6.08E-05	No	No	No	Yes	No
EGFRNetmtKRAS-Hi	GRB10	RPL5	Q13322	P46777	GRB10_RPL5	2.29	1.20	4.76E-04	6.59E-03	No	No	No	No	No
EGFRNetmtKRAS-Hi	GRB10	NOP2	Q13322	P46087	GRB10_NOP2	3.86	1.95	1.33E-02	2.80E-05	No	No	No	Yes	No
EGFRNetmtKRAS-Hi	GRB10	HSPA9	Q13322	P38646	GRB10_HSPA9	3.56	1.83	7.74E-07	7.73E-05	No	No	No	No	No
EGFRNetmtKRAS-Hi	GRB10	HSPA4	Q13322	P34932	GRB10_HSPA4	2.12	1.08	8.41E-04	1.24E-02	No	No	No	No	No
EGFRNetmtKRAS-Hi	GRB10	SFN	Q13322	P31947	GRB10_SFN	3.01	1.59	3.70E-03	5.07E-04	Yes	No	No	No	No
EGFRNetmtKRAS-Hi	GRB10	PPP2R1A	Q13322	P30153	GRB10_PPP2R1A	8.01	3.00	1.02E-08	2.90E-10	Yes	No	No	Yes	No
EGFRNetmtKRAS-Hi	GRB10	CDH3	Q13322	P22223	GRB10_CDH3	2.21	1.14	3.82E-03	9.06E-03	No	No	No	No	No
EGFRNetmtKRAS-Hi	GRB10	BTF3	Q13322	P20290	GRB10_BTF3	2.48	1.31	3.16E-02	3.42E-03	Yes	No	No	No	No
EGFRNetmtKRAS-Hi	GRB10	HSPA7	Q13322	P48741	GRB10_HSPA7	4.49	2.17	3.71E-04	3.80E-06	No	No	No	No	No
EGFRNetmtKRAS-Hi	GRB10	HSPA6	Q13322	P17066	GRB10_HSPA6	4.49	2.17	3.71E-04	3.80E-06	No	No	No	No	No
EGFRNetmtKRAS-Hi	GRB10	HIST1H1C	Q13322	P16403	GRB10_HIST1H1C	3.69	1.88	1.88E-02	5.03E-05	No	No	No	No	No
EGFRNetmtKRAS-Hi	GRB10	HSPA8	Q13322	P11142	GRB10_HSPA8	2.35	1.23	3.61E-06	5.42E-03	No	No	No	No	No
EGFRNetmtKRAS-Hi	GRB10	HSPA5	Q13322	P11021	GRB10_HSPA5	3.33	1.73	1.18E-06	1.70E-04	No	No	No	No	No
EGFRNetmtKRAS-Hi	GRB10	HIST1H1D	Q13322	P16402	GRB10_HIST1H1D	2.67	1.42	2.97E-04	1.69E-03	No	No	No	No	No
EGFRNetmtKRAS-Hi	GRB10	HIST1H1E	Q13322	P10412	GRB10_HIST1H1E	2.67	1.42	2.97E-04	1.69E-03	No	No	No	No	No
EGFRNetmtKRAS-Hi	GRB10	HSPA1A	Q13322	P08107	GRB10_HSPA1A	2.99	1.58	2.21E-06	5.40E-04	Yes	No	No	No	No
EGFRNetmtKRAS-Hi	GRB10	P4HB	Q13322	P07237	GRB10_P4HB	2.04	1.03	2.09E-03	1.69E-02	No	No	No	No	No
EGFRNetmtKRAS-Hi	GRB10	RPLP1	Q13322	P05386	GRB10_RPLP1	3.76	1.91	1.70E-02	3.95E-05	No	No	No	Yes	No
EGFRNetmtKRAS-Hi	GRB10	AIFM1	Q13322	O95831	GRB10_AIFM1	8.91	3.16	3.23E-07	3.66E-11	Yes	No	No	Yes	No
EGFRNetmtKRAS-Hi	GRB10	BAG2	Q13322	O95816	GRB10_BAG2	1.85	0.89	5.11E-03	3.29E-02	No	No	No	No	No
EGFRNetmtKRAS-Hi	GRB10	HSPA4L	Q13322	O95757	GRB10_HSPA4L	3.28	1.71	3.80E-03	1.99E-04	Yes	No	No	No	No
EGFRNetmtKRAS-Hi	GRB10	CRTAP	Q13322	O75718	GRB10_CRTAP	4.36	2.12	7.29E-03	5.75E-06	Yes	No	No	No	No
EGFRNetmtKRAS-Hi	GRB10	POLRMT	Q13322	O00411	GRB10_POLRMT	2.90	1.54	2.19E-03	7.38E-04	No	No	No	No	No
EGFRNetmtKRAS-Hi	GRB2	RUVBL1	P62993	Q9Y265	GRB2_RUVBL1	1.47	0.55	2.97E-05	3.43E-02	Yes	No	No	Yes	No
EGFRNetmtKRAS-Hi	GRB2	RUVBL2	P62993	Q9Y230	GRB2_RUVBL2	1.50	0.58	1.55E-05	2.80E-02	Yes	No	No	Yes	No
EGFRNetmtKRAS-Hi	GRB2	TUBB6	P62993	Q9BUF5	GRB2_TUBB6	1.59	0.67	4.64E-03	1.42E-02	No	No	No	No	No
EGFRNetmtKRAS-Hi	GRB2	PTPN11	P62993	Q06124	GRB2_PTPN11	2.62	1.39	8.78E-03	2.08E-06	No	Yes	No	Yes	No
EGFRNetmtKRAS-Hi	GRB2	AKAP12	P62993	Q02952	GRB2_AKAP12	1.74	0.80	4.77E-03	4.20E-03	Yes	No	No	No	No
EGFRNetmtKRAS-Hi	GRB2	FKBP4	P62993	Q02790	GRB2_FKBP4	1.48	0.57	1.65E-02	3.06E-02	No	No	No	No	No
EGFRNetmtKRAS-Hi	GRB2	TMSB10	P62993	P63313	GRB2_TMSB10	1.50	0.58	4.55E-04	2.81E-02	Yes	No	No	No	No
EGFRNetmtKRAS-Hi	GRB2	HIST1H4A	P62993	P62805	GRB2_HIST1H4A	1.97	0.98	3.41E-02	6.38E-04	Yes	No	No	Yes	No
EGFRNetmtKRAS-Hi	GRB2	HNRNPK	P62993	P61978	GRB2_HNRNPK	1.53	0.61	4.14E-05	2.19E-02	No	No	Yes	Yes	No
EGFRNetmtKRAS-Hi	GRB2	CSE1L	P62993	P55060	GRB2_CSE1L	1.49	0.57	1.29E-02	3.01E-02	No	No	No	Yes	No
EGFRNetmtKRAS-Hi	GRB2	YWHAB	P62993	P31946	GRB2_YWHAB	1.43	0.51	1.49E-02	4.58E-02	No	No	No	Yes	No
EGFRNetmtKRAS-Hi	GRB2	GOT1	P62993	P17174	GRB2_GOT1	1.80	0.85	4.37E-02	2.65E-03	Yes	No	No	No	No
EGFRNetmtKRAS-Hi	GRB2	SLC25A6	P62993	P12236	GRB2_SLC25A6	1.68	0.75	4.52E-02	6.59E-03	No	No	No	Yes	No
EGFRNetmtKRAS-Hi	GRB2	HSPA1A	P62993	P08107	GRB2_HSPA1A	1.48	0.57	1.19E-04	3.05E-02	Yes	No	No	No	No
EGFRNetmtKRAS-Hi	GRB2	SLC25A5	P62993	P05141	GRB2_SLC25A5	1.97	0.98	3.43E-05	6.22E-04	Yes	No	No	Yes	No
EGFRNetmtKRAS-Hi	GRB2	CAPNS1	P62993	P04632	GRB2_CAPNS1	1.55	0.63	2.46E-02	1.86E-02	No	No	No	No	No
EGFRNetmtKRAS-Hi	GRB2	EGFR	P62993	P00533	GRB2_EGFR	3.07	1.62	2.35E-04	4.22E-08	No	No	No	Yes	No
EGFRNetmtKRAS-Hi	GRB2	H2BFS	P62993	P57053	GRB2_H2BFS	2.16	1.11	4.39E-02	1.23E-04	Yes	No	No	No	No
EGFRNetmtKRAS-Hi	GRB2	HIST1H2BL	P62993	Q99880	GRB2_HIST1H2BL	2.16	1.11	4.39E-02	1.23E-04	No	No	No	No	No
EGFRNetmtKRAS-Hi	GRB2	HIST1H2BM	P62993	Q99879	GRB2_HIST1H2BM	2.16	1.11	4.39E-02	1.23E-04	No	No	No	No	No
EGFRNetmtKRAS-Hi	GRB2	HIST1H2BN	P62993	Q99877	GRB2_HIST1H2BN	2.16	1.11	4.39E-02	1.23E-04	No	No	No	No	No
EGFRNetmtKRAS-Hi	GRB2	HIST1H2BH	P62993	Q93079	GRB2_HIST1H2BH	2.16	1.11	4.39E-02	1.23E-04	No	No	No	Yes	No
EGFRNetmtKRAS-Hi	GRB2	HIST2H2BF	P62993	Q5QNW6	GRB2_HIST2H2BF	2.16	1.11	4.39E-02	1.23E-04	No	No	No	No	No
EGFRNetmtKRAS-Hi	GRB2	HIST1H2BC	P62993	P62807	GRB2_HIST1H2BC	2.16	1.11	4.39E-02	1.23E-04	No	No	No	No	No
EGFRNetmtKRAS-Hi	GRB2	HIST1H2BD	P62993	P58876	GRB2_HIST1H2BD	2.16	1.11	4.39E-02	1.23E-04	No	No	No	No	No
EGFRNetmtKRAS-Hi	GRB2	HIST1H2BK	P62993	O60814	GRB2_HIST1H2BK	2.16	1.11	4.39E-02	1.23E-04	No	No	No	No	No
EGFRNetmtKRAS-Hi	GRB2	ARHGEF35	P62993	A5YM69	GRB2_ARHGEF35	3.69	1.88	2.83E-02	2.26E-10	Yes	No	No	No	No
EGFRNetmtKRAS-Hi	GRB2	GIT1	P62993	Q9Y2X7	GRB2_GIT1	4.55	2.18	2.78E-04	5.39E-07	No	No	No	Yes	No
EGFRNetmtKRAS-Hi	GRB2	DNM3	P62993	Q9UQ16	GRB2_DNM3	8.23	3.04	4.50E-07	7.05E-12	No	Yes	No	Yes	No
EGFRNetmtKRAS-Hi	GRB2	ASAP1	P62993	Q9ULH1	GRB2_ASAP1	15.74	3.98	3.24E-06	6.44E-19	No	Yes	No	Yes	No
EGFRNetmtKRAS-Hi	GRB2	ERRFI1	P62993	Q9UJM3	GRB2_ERRFI1	12.12	3.60	1.25E-04	3.27E-33	Yes	Yes	No	Yes	No
EGFRNetmtKRAS-Hi	GRB2	VPS37B	P62993	Q9H9H4	GRB2_VPS37B	6.77	2.76	1.41E-03	4.21E-10	No	Yes	No	No	No
EGFRNetmtKRAS-Hi	GRB2	DOCK5	P62993	Q9H7D0	GRB2_DOCK5	7.37	2.88	1.06E-07	7.44E-11	No	Yes	No	Yes	No
EGFRNetmtKRAS-Hi	GRB2	FAM59A	P62993	Q9H706	GRB2_FAM59A	7.71	2.95	3.16E-06	2.89E-11	Yes	Yes	No	Yes	No
EGFRNetmtKRAS-Hi	GRB2	TSG101	P62993	Q99816	GRB2_TSG101	8.19	3.03	1.35E-04	7.99E-12	No	No	No	Yes	No
EGFRNetmtKRAS-Hi	GRB2	PHB2	P62993	Q99623	GRB2_PHB2	1.51	0.59	7.15E-03	2.58E-02	Yes	No	No	No	No
EGFRNetmtKRAS-Hi	GRB2	SNX18	P62993	Q96RF0	GRB2_SNX18	8.38	3.07	2.15E-02	4.79E-12	No	Yes	No	Yes	No
EGFRNetmtKRAS-Hi	GRB2	ARAP1	P62993	Q96P48	GRB2_ARAP1	13.55	3.76	9.93E-04	3.97E-17	No	Yes	No	Yes	No
EGFRNetmtKRAS-Hi	GRB2	ELMO2	P62993	Q96JJ3	GRB2_ELMO2	5.65	2.50	8.97E-04	1.32E-08	No	Yes	No	Yes	No
EGFRNetmtKRAS-Hi	GRB2	ELMO3	P62993	Q96BJ8	GRB2_ELMO3	7.85	2.97	1.35E-05	1.99E-11	No	No	No	No	No
EGFRNetmtKRAS-Hi	GRB2	WIPF2	P62993	Q8TF74	GRB2_WIPF2	25.23	4.66	1.00E-05	3.56E-25	No	Yes	No	Yes	No
EGFRNetmtKRAS-Hi	GRB2	DOCK4	P62993	Q8N1I0	GRB2_DOCK4	8.28	3.05	3.34E-03	6.27E-12	No	Yes	No	Yes	No
EGFRNetmtKRAS-Hi	GRB2	SGK223	P62993	Q86YV5	GRB2_SGK223	1.96	0.97	3.13E-02	1.36E-02	No	No	No	No	No
EGFRNetmtKRAS-Hi	GRB2	PIK3AP1	P62993	Q6ZUJ8	GRB2_PIK3AP1	11.53	3.53	2.72E-08	2.63E-15	No	Yes	No	Yes	No
EGFRNetmtKRAS-Hi	GRB2	RPL22L1	P62993	Q6P5R6	GRB2_RPL22L1	2.29	1.20	4.59E-03	3.34E-03	Yes	No	No	No	No
EGFRNetmtKRAS-Hi	GRB2	LRRK1	P62993	Q38SD2	GRB2_LRRK1	5.23	2.39	2.34E-02	5.20E-08	No	No	No	Yes	No
EGFRNetmtKRAS-Hi	GRB2	DOCK1	P62993	Q14185	GRB2_DOCK1	5.43	2.44	8.02E-04	2.68E-08	No	Yes	No	Yes	No
EGFRNetmtKRAS-Hi	GRB2	CBLB	P62993	Q13191	GRB2_CBLB	7.95	2.99	2.97E-03	1.49E-11	No	Yes	Yes	Yes	No
EGFRNetmtKRAS-Hi	GRB2	ARHGEF5	P62993	Q12774	GRB2_ARHGEF5	26.01	4.70	5.99E-04	1.30E-25	Yes	No	No	Yes	No
EGFRNetmtKRAS-Hi	GRB2	SOS2	P62993	Q07890	GRB2_SOS2	9.16	3.20	1.37E-06	1.39E-26	No	Yes	No	Yes	No
EGFRNetmtKRAS-Hi	GRB2	SOS1	P62993	Q07889	GRB2_SOS1	35.29	5.14	1.30E-04	3.25E-30	No	Yes	No	Yes	No
EGFRNetmtKRAS-Hi	GRB2	DNM1	P62993	Q05193	GRB2_DNM1	15.61	3.96	1.69E-02	8.12E-19	No	Yes	No	Yes	No
EGFRNetmtKRAS-Hi	GRB2	PLOD1	P62993	Q02809	GRB2_PLOD1	5.56	2.47	9.17E-05	1.76E-08	No	No	No	No	No
EGFRNetmtKRAS-Hi	GRB2	CLTC	P62993	Q00610	GRB2_CLTC	2.06	1.04	3.18E-03	8.79E-03	No	No	No	Yes	No
EGFRNetmtKRAS-Hi	GRB2	SLC25A3	P62993	Q00325	GRB2_SLC25A3	1.54	0.62	2.91E-03	2.10E-02	Yes	No	No	Yes	No
EGFRNetmtKRAS-Hi	GRB2	YWHAZ	P62993	P63104	GRB2_YWHAZ	2.00	1.00	1.11E-04	1.13E-02	No	No	No	Yes	No
EGFRNetmtKRAS-Hi	GRB2	GRB2	P62993	P62993	GRB2_GRB2	16.21	4.02	2.42E-12	6.61E-41	Yes	No	No	Yes	No
EGFRNetmtKRAS-Hi	GRB2	PPIA	P62993	P62937	GRB2_PPIA	1.76	0.82	2.20E-02	2.99E-02	No	No	No	Yes	No
EGFRNetmtKRAS-Hi	GRB2	YWHAE	P62993	P62258	GRB2_YWHAE	1.68	0.75	3.35E-03	4.15E-02	No	No	No	Yes	No
EGFRNetmtKRAS-Hi	GRB2	YWHAG	P62993	P61981	GRB2_YWHAG	1.79	0.84	3.51E-04	2.65E-02	No	No	No	Yes	No
EGFRNetmtKRAS-Hi	GRB2	DNM2	P62993	P50570	GRB2_DNM2	10.41	3.38	9.70E-05	1.68E-29	Yes	Yes	No	Yes	No
EGFRNetmtKRAS-Hi	GRB2	HSPA9	P62993	P38646	GRB2_HSPA9	1.84	0.88	1.18E-03	2.20E-02	Yes	No	No	Yes	No
EGFRNetmtKRAS-Hi	GRB2	PHB	P62993	P35232	GRB2_PHB	1.96	0.97	1.56E-02	6.97E-04	Yes	No	No	No	No
EGFRNetmtKRAS-Hi	GRB2	CAD	P62993	P27708	GRB2_CAD	5.06	2.34	1.34E-04	8.99E-08	Yes	No	No	Yes	No
EGFRNetmtKRAS-Hi	GRB2	CBL	P62993	P22681	GRB2_CBL	36.60	5.19	6.56E-05	8.67E-31	Yes	Yes	No	Yes	No
EGFRNetmtKRAS-Hi	GRB2	PTPRA	P62993	P18433	GRB2_PTPRA	5.07	2.34	2.55E-04	4.09E-15	Yes	Yes	No	Yes	No
EGFRNetmtKRAS-Hi	GRB2	PTPN1	P62993	P18031	GRB2_PTPN1	5.30	2.41	1.66E-02	4.08E-08	No	No	No	Yes	No
EGFRNetmtKRAS-Hi	GRB2	EEF2	P62993	P13639	GRB2_EEF2	1.75	0.81	7.97E-05	3.14E-02	No	No	No	Yes	No
EGFRNetmtKRAS-Hi	GRB2	HSPA8	P62993	P11142	GRB2_HSPA8	1.90	0.93	2.68E-05	1.71E-02	No	No	No	Yes	No
EGFRNetmtKRAS-Hi	GRB2	HSPA5	P62993	P11021	GRB2_HSPA5	2.00	1.00	2.18E-06	1.13E-02	No	No	No	Yes	No
EGFRNetmtKRAS-Hi	GRB2	HSPB1	P62993	P04792	GRB2_HSPB1	1.96	0.97	4.61E-03	1.35E-02	No	No	No	Yes	No
EGFRNetmtKRAS-Hi	GRB2	TRUB2	P62993	O95900	GRB2_TRUB2	2.05	1.04	3.08E-02	9.17E-03	Yes	No	No	No	No
EGFRNetmtKRAS-Hi	GRB2	PIK3C2B	P62993	O00750	GRB2_PIK3C2B	7.03	2.81	1.07E-05	1.98E-10	No	Yes	No	Yes	No
EGFRNetmtKRAS-Hi	GRB2	WASL	P62993	O00401	GRB2_WASL	18.76	4.23	4.17E-08	3.93E-21	Yes	Yes	Yes	Yes	No
EGFRNetmtKRAS-Hi	GRB2	WIPF3	P62993	A6NGB9	GRB2_WIPF3	7.71	2.95	1.12E-06	2.93E-11	No	Yes	No	Yes	No
EGFRNetmtKRAS-Hi	GRB7	NOC2L	Q14451	Q9Y3T9	GRB7_NOC2L	4.53	2.18	2.37E-03	2.05E-02	No	No	No	No	No
EGFRNetmtKRAS-Hi	GRB7	MRPS2	Q14451	Q9Y399	GRB7_MRPS2	4.03	2.01	2.38E-03	2.90E-02	No	No	No	No	No
EGFRNetmtKRAS-Hi	GRB7	MRPS7	Q14451	Q9Y2R9	GRB7_MRPS7	4.68	2.23	1.65E-03	1.85E-02	No	No	No	No	No
EGFRNetmtKRAS-Hi	GRB7	C19ORF53	Q14451	Q9UNZ5	GRB7_C19ORF53	4.79	2.26	1.84E-03	1.72E-02	No	No	No	No	No
EGFRNetmtKRAS-Hi	GRB7	RPF2	Q14451	Q9H7B2	GRB7_RPF2	4.54	2.18	1.53E-02	2.03E-02	No	No	No	No	No
EGFRNetmtKRAS-Hi	GRB7	MRPS26	Q14451	Q9BYN8	GRB7_MRPS26	4.00	2.00	1.49E-03	2.97E-02	No	No	No	No	No
EGFRNetmtKRAS-Hi	GRB7	RIOK2	Q14451	Q9BVS4	GRB7_RIOK2	3.55	1.83	4.21E-02	4.19E-02	No	No	No	No	No
EGFRNetmtKRAS-Hi	GRB7	MMTAG2	Q14451	Q9BU76	GRB7_MMTAG2	3.75	1.91	2.50E-03	3.60E-02	No	No	No	No	No
EGFRNetmtKRAS-Hi	GRB7	PURB	Q14451	Q96QR8	GRB7_PURB	3.84	1.94	4.44E-02	3.34E-02	No	No	No	No	No
EGFRNetmtKRAS-Hi	GRB7	MRPS24	Q14451	Q96EL2	GRB7_MRPS24	4.03	2.01	2.45E-03	2.91E-02	No	No	No	No	No
EGFRNetmtKRAS-Hi	GRB7	MRPS27	Q14451	Q92552	GRB7_MRPS27	3.34	1.74	2.21E-03	4.91E-02	No	No	No	No	No
EGFRNetmtKRAS-Hi	GRB7	BRIX1	Q14451	Q8TDN6	GRB7_BRIX1	3.69	1.88	2.13E-02	3.76E-02	No	No	No	No	No
EGFRNetmtKRAS-Hi	GRB7	RPP25L	Q14451	Q8N5L8	GRB7_RPP25L	3.37	1.75	6.74E-03	4.80E-02	No	No	No	No	No
EGFRNetmtKRAS-Hi	GRB7	MCAT	Q14451	Q8IVS2	GRB7_MCAT	3.77	1.91	2.32E-03	3.54E-02	No	No	No	No	No
EGFRNetmtKRAS-Hi	GRB7	MINA	Q14451	Q8IUF8	GRB7_MINA	4.32	2.11	2.52E-02	2.37E-02	Yes	No	No	No	No
EGFRNetmtKRAS-Hi	GRB7	GRB7	Q14451	Q14451	GRB7_GRB7	5.34	2.42	9.69E-04	1.20E-02	No	No	No	Yes	No
EGFRNetmtKRAS-Hi	GRB7	RPL19	Q14451	P84098	GRB7_RPL19	3.86	1.95	2.27E-03	3.30E-02	No	No	No	No	No
EGFRNetmtKRAS-Hi	GRB7	MRPS34	Q14451	P82930	GRB7_MRPS34	4.28	2.10	7.53E-03	2.44E-02	No	No	No	No	No
EGFRNetmtKRAS-Hi	GRB7	MRPS21	Q14451	P82921	GRB7_MRPS21	4.88	2.29	7.83E-04	1.61E-02	No	No	No	No	No
EGFRNetmtKRAS-Hi	GRB7	MRPS5	Q14451	P82675	GRB7_MRPS5	3.34	1.74	6.37E-03	4.92E-02	No	No	No	No	No
EGFRNetmtKRAS-Hi	GRB7	MRPS35	Q14451	P82673	GRB7_MRPS35	5.43	2.44	2.80E-03	1.14E-02	No	No	No	No	No
EGFRNetmtKRAS-Hi	GRB7	MRPS10	Q14451	P82664	GRB7_MRPS10	4.31	2.11	8.90E-04	2.38E-02	No	No	No	No	No
EGFRNetmtKRAS-Hi	GRB7	RPL32	Q14451	P62910	GRB7_RPL32	3.63	1.86	2.02E-03	3.94E-02	No	No	No	Yes	No
EGFRNetmtKRAS-Hi	GRB7	RPL31	Q14451	P62899	GRB7_RPL31	3.48	1.80	1.92E-03	4.43E-02	No	No	No	No	No
EGFRNetmtKRAS-Hi	GRB7	RPL39P5	Q14451	Q59GN2	GRB7_RPL39P5	6.05	2.60	1.77E-03	7.82E-03	No	No	No	No	No
EGFRNetmtKRAS-Hi	GRB7	RPL39	Q14451	P62891	GRB7_RPL39	6.05	2.60	1.77E-03	7.82E-03	No	No	No	No	No
EGFRNetmtKRAS-Hi	GRB7	POLR2L	Q14451	P62875	GRB7_POLR2L	5.44	2.44	7.91E-03	1.13E-02	No	No	No	No	No
EGFRNetmtKRAS-Hi	GRB7	RPL23A	Q14451	P62750	GRB7_RPL23A	3.33	1.73	2.96E-03	4.98E-02	No	No	No	No	No
EGFRNetmtKRAS-Hi	GRB7	RPL35	Q14451	P42766	GRB7_RPL35	4.13	2.05	2.10E-03	2.71E-02	No	No	No	Yes	No
EGFRNetmtKRAS-Hi	GRB7	RSL1D1	Q14451	O76021	GRB7_RSL1D1	4.53	2.18	1.16E-03	2.04E-02	No	No	No	Yes	No
EGFRNetmtKRAS-Hi	GRB7	MRPS14	Q14451	O60783	GRB7_MRPS14	3.59	1.84	2.45E-03	4.05E-02	No	No	No	No	No
EGFRNetmtKRAS-Hi	GRB7	NEMF	Q14451	O60524	GRB7_NEMF	4.03	2.01	1.11E-02	2.91E-02	No	No	No	No	No
EGFRNetmtKRAS-Hi	GRB7	RIOK3	Q14451	O14730	GRB7_RIOK3	4.15	2.05	4.42E-02	2.68E-02	No	No	No	No	No
EGFRNetmtKRAS-Hi	HCK	IVNS1ABP	P08631	Q9Y6Y0	HCK_IVNS1ABP	1.63	0.71	1.60E-02	3.92E-03	Yes	No	No	No	No
EGFRNetmtKRAS-Hi	HCK	PGAM5	P08631	Q96HS1	HCK_PGAM5	1.39	0.48	1.45E-02	3.42E-02	Yes	No	No	No	No
EGFRNetmtKRAS-Hi	HCK	HSP90AB2P	P08631	Q58FF8	HCK_HSP90AB2P	4.09	2.03	3.34E-07	3.03E-14	No	No	No	No	No
EGFRNetmtKRAS-Hi	HCK	CDC37	P08631	Q16543	HCK_CDC37	8.70	3.12	5.64E-08	6.99E-31	No	No	No	Yes	No
EGFRNetmtKRAS-Hi	HCK	CHD5	P08631	Q8TDI0	HCK_CHD5	1.41	0.49	3.91E-03	3.08E-02	No	No	No	No	No
EGFRNetmtKRAS-Hi	HCK	CHD3	P08631	Q12873	HCK_CHD3	1.41	0.49	3.91E-03	3.08E-02	No	No	No	No	No
EGFRNetmtKRAS-Hi	HCK	CHD4	P08631	Q14839	HCK_CHD4	1.41	0.49	3.91E-03	3.08E-02	No	No	No	No	No
EGFRNetmtKRAS-Hi	HCK	PRPSAP1	P08631	Q14558	HCK_PRPSAP1	1.70	0.76	1.03E-02	2.10E-03	Yes	No	No	No	No
EGFRNetmtKRAS-Hi	HCK	AKAP12	P08631	Q02952	HCK_AKAP12	1.55	0.63	1.21E-02	8.64E-03	No	No	No	No	No
EGFRNetmtKRAS-Hi	HCK	PRPS1	P08631	P60891	HCK_PRPS1	1.88	0.91	1.87E-03	3.24E-04	Yes	No	No	No	No
EGFRNetmtKRAS-Hi	HCK	HSPA9	P08631	P38646	HCK_HSPA9	1.83	0.87	6.64E-13	5.36E-04	No	No	No	No	No
EGFRNetmtKRAS-Hi	HCK	HSPA6	P08631	P17066	HCK_HSPA6	1.60	0.67	4.50E-07	5.58E-03	No	No	No	No	No
EGFRNetmtKRAS-Hi	HCK	IMPDH2	P08631	P12268	HCK_IMPDH2	1.45	0.54	1.41E-02	2.11E-02	Yes	No	No	No	No
EGFRNetmtKRAS-Hi	HCK	PRPS2	P08631	P11908	HCK_PRPS2	1.90	0.93	3.49E-03	2.71E-04	Yes	No	No	No	No
EGFRNetmtKRAS-Hi	HCK	HSPA8	P08631	P11142	HCK_HSPA8	1.58	0.66	3.73E-11	6.72E-03	No	No	No	No	No
EGFRNetmtKRAS-Hi	HCK	HSPA5	P08631	P11021	HCK_HSPA5	1.37	0.46	1.67E-05	4.06E-02	No	No	No	No	No
EGFRNetmtKRAS-Hi	HCK	HCK	P08631	P08631	HCK_HCK	7.72	2.95	4.08E-09	8.22E-28	No	No	No	Yes	No
EGFRNetmtKRAS-Hi	HCK	HSP90AB3P	P08631	Q58FF7	HCK_HSP90AB3P	5.03	2.33	3.98E-07	4.06E-18	No	No	No	No	No
EGFRNetmtKRAS-Hi	HCK	HSP90AB1	P08631	P08238	HCK_HSP90AB1	5.03	2.33	3.98E-07	4.06E-18	No	No	No	Yes	No
EGFRNetmtKRAS-Hi	HCK	HSPA1A	P08631	P08107	HCK_HSPA1A	1.80	0.85	3.86E-10	7.22E-04	No	No	No	No	No
EGFRNetmtKRAS-Hi	HCK	HNRNPCL1	P08631	O60812	HCK_HNRNPCL1	1.59	0.67	2.64E-03	5.84E-03	No	No	No	No	No
EGFRNetmtKRAS-Hi	HCK	HNRNPC	P08631	P07910	HCK_HNRNPC	1.59	0.67	2.64E-03	5.84E-03	No	No	No	No	No
EGFRNetmtKRAS-Hi	HCK	HSP90AA1	P08631	P07900	HCK_HSP90AA1	6.04	2.60	2.09E-07	5.25E-22	No	No	No	Yes	No
EGFRNetmtKRAS-Hi	HCK	HSPB1	P08631	P04792	HCK_HSPB1	2.01	1.01	1.14E-03	8.19E-05	No	No	No	No	No
EGFRNetmtKRAS-Hi	HCK	TXNDC12	P08631	O95881	HCK_TXNDC12	1.79	0.84	3.69E-02	8.54E-04	No	No	No	No	No
EGFRNetmtKRAS-Hi	HCK	BAG2	P08631	O95816	HCK_BAG2	1.83	0.87	8.89E-06	5.74E-04	No	No	No	No	No
EGFRNetmtKRAS-Hi	HCK	PRPSAP2	P08631	O60256	HCK_PRPSAP2	1.86	0.90	3.48E-03	3.86E-04	Yes	No	No	No	No
EGFRNetmtKRAS-Hi	HDAC1	TLN1	Q13547	Q9Y490	HDAC1_TLN1	13.76	3.78	5.25E-03	1.07E-05	No	No	No	No	No
EGFRNetmtKRAS-Hi	HDAC1	HIGD1C	Q13547	A8MV81	HDAC1_HIGD1C	4.72	2.24	2.83E-02	5.98E-03	No	No	No	No	No
EGFRNetmtKRAS-Hi	HDAC1	HIGD1A	Q13547	Q9Y241	HDAC1_HIGD1A	4.72	2.24	2.83E-02	5.98E-03	No	No	No	No	No
EGFRNetmtKRAS-Hi	HDAC1	PRPF19	Q13547	Q9UMS4	HDAC1_PRPF19	43.39	5.44	4.63E-03	4.99E-10	No	No	No	No	No
EGFRNetmtKRAS-Hi	HDAC1	PDCL3	Q13547	Q9H2J4	HDAC1_PDCL3	7.84	2.97	9.07E-04	4.24E-04	No	No	No	No	No
EGFRNetmtKRAS-Hi	HDAC1	TUBB6	Q13547	Q9BUF5	HDAC1_TUBB6	3.04	1.61	2.58E-02	3.57E-02	No	No	No	No	No
EGFRNetmtKRAS-Hi	HDAC1	CCT7	Q13547	Q99832	HDAC1_CCT7	7.30	2.87	1.28E-06	6.38E-04	No	Yes	No	Yes	Yes
EGFRNetmtKRAS-Hi	HDAC1	PFDN5	Q13547	Q99471	HDAC1_PFDN5	3.09	1.63	2.80E-02	3.37E-02	No	No	No	Yes	No
EGFRNetmtKRAS-Hi	HDAC1	HDAC1	Q13547	Q13547	HDAC1_HDAC1	9.42	3.24	5.84E-06	1.39E-04	No	No	No	Yes	Yes
EGFRNetmtKRAS-Hi	HDAC1	SLC25A3	Q13547	Q00325	HDAC1_SLC25A3	3.97	1.99	6.45E-05	1.27E-02	No	No	No	No	No
EGFRNetmtKRAS-Hi	HDAC1	CCT2	Q13547	P78371	HDAC1_CCT2	11.04	3.46	1.08E-06	4.98E-05	No	Yes	No	Yes	Yes
EGFRNetmtKRAS-Hi	HDAC1	TUBB4B	Q13547	P68371	HDAC1_TUBB4B	2.99	1.58	4.71E-05	3.78E-02	No	No	No	No	No
EGFRNetmtKRAS-Hi	HDAC1	RPS27A	Q13547	P62979	HDAC1_RPS27A	3.24	1.70	1.84E-03	2.83E-02	No	No	No	No	No
EGFRNetmtKRAS-Hi	HDAC1	TMEM33	Q13547	P57088	HDAC1_TMEM33	3.53	1.82	7.31E-05	2.04E-02	No	No	No	No	No
EGFRNetmtKRAS-Hi	HDAC1	HNRNPM	Q13547	P52272	HDAC1_HNRNPM	3.46	1.79	7.02E-03	2.21E-02	No	No	No	No	No
EGFRNetmtKRAS-Hi	HDAC1	CCT4	Q13547	P50991	HDAC1_CCT4	9.01	3.17	3.08E-06	1.84E-04	No	Yes	No	Yes	Yes
EGFRNetmtKRAS-Hi	HDAC1	CCT8	Q13547	P50990	HDAC1_CCT8	10.05	3.33	3.58E-06	9.21E-05	No	No	No	Yes	Yes
EGFRNetmtKRAS-Hi	HDAC1	CCT3	Q13547	P49368	HDAC1_CCT3	9.02	3.17	5.31E-07	1.82E-04	No	Yes	No	Yes	Yes
EGFRNetmtKRAS-Hi	HDAC1	CCT5	Q13547	P48643	HDAC1_CCT5	8.01	3.00	8.18E-07	3.74E-04	No	Yes	No	Yes	Yes
EGFRNetmtKRAS-Hi	HDAC1	CCT6A	Q13547	P40227	HDAC1_CCT6A	6.07	2.60	6.47E-07	1.74E-03	No	No	No	Yes	Yes
EGFRNetmtKRAS-Hi	HDAC1	CAD	Q13547	P27708	HDAC1_CAD	3.00	1.59	3.36E-05	3.74E-02	No	No	No	No	No
EGFRNetmtKRAS-Hi	HDAC1	TCP1	Q13547	P17987	HDAC1_TCP1	8.09	3.02	7.51E-07	3.52E-04	No	Yes	No	Yes	Yes
EGFRNetmtKRAS-Hi	HDAC1	HSPA6	Q13547	P17066	HDAC1_HSPA6	5.85	2.55	9.01E-04	2.09E-03	No	No	No	No	No
EGFRNetmtKRAS-Hi	HDAC1	SLC25A6	Q13547	P12236	HDAC1_SLC25A6	3.36	1.75	4.90E-04	2.49E-02	No	No	No	No	No
EGFRNetmtKRAS-Hi	HDAC1	HSPA8	Q13547	P11142	HDAC1_HSPA8	4.08	2.03	8.57E-05	1.13E-02	No	No	No	No	No
EGFRNetmtKRAS-Hi	HDAC1	HSPA1A	Q13547	P08107	HDAC1_HSPA1A	3.33	1.74	2.61E-04	2.57E-02	No	No	No	No	No
EGFRNetmtKRAS-Hi	HDAC1	TUBB	Q13547	P07437	HDAC1_TUBB	2.91	1.54	8.52E-05	4.20E-02	No	No	No	No	No
EGFRNetmtKRAS-Hi	HDAC1	SLC25A5	Q13547	P05141	HDAC1_SLC25A5	3.57	1.83	8.86E-05	1.97E-02	No	No	No	No	No
EGFRNetmtKRAS-Hi	HDAC1	HSPB1	Q13547	P04792	HDAC1_HSPB1	3.66	1.87	9.28E-05	1.77E-02	No	No	No	No	No
EGFRNetmtKRAS-Hi	HDAC1	BAG2	Q13547	O95816	HDAC1_BAG2	3.14	1.65	5.43E-05	3.18E-02	No	No	No	No	No
EGFRNetmtKRAS-Hi	HDAC1	DNAJA2	Q13547	O60884	HDAC1_DNAJA2	3.01	1.59	3.99E-02	3.73E-02	No	No	No	No	No
EGFRNetmtKRAS-Hi	HDAC1	PDCD5	Q13547	O14737	HDAC1_PDCD5	3.01	1.59	2.42E-03	3.72E-02	No	No	No	No	No
EGFRNetmtKRAS-Hi	KLF11	BOLA2	O14901	Q9H3K6	KLF11_BOLA2	2.53	1.34	3.49E-02	4.09E-06	No	No	No	No	No
EGFRNetmtKRAS-Hi	KLF11	MAPK3	O14901	P27361	KLF11_MAPK3	21.55	4.43	1.97E-02	1.29E-49	No	No	No	No	No
EGFRNetmtKRAS-Hi	KLF11	P4HB	O14901	P07237	KLF11_P4HB	3.94	1.98	1.00E-02	2.25E-11	No	No	No	No	No
EGFRNetmtKRAS-Hi	KLF11	KLF11	O14901	O14901	KLF11_KLF11	12.17	3.61	6.62E-06	1.52E-33	No	No	No	No	No
EGFRNetmtKRAS-Hi	LCK	SLC25A18	P06239	Q9H1K4	LCK_SLC25A18	1.66	0.73	1.89E-04	1.01E-02	No	No	No	No	No
EGFRNetmtKRAS-Hi	LCK	SLC25A22	P06239	Q9H936	LCK_SLC25A22	1.66	0.73	1.89E-04	1.01E-02	No	No	No	No	No
EGFRNetmtKRAS-Hi	LCK	CCT7	P06239	Q99832	LCK_CCT7	2.39	1.26	2.57E-08	3.33E-05	Yes	No	No	No	No
EGFRNetmtKRAS-Hi	LCK	E2F7	P06239	Q96AV8	LCK_E2F7	1.62	0.70	1.12E-02	1.36E-02	No	No	No	No	No
EGFRNetmtKRAS-Hi	LCK	RPL22L1	P06239	Q6P5R6	LCK_RPL22L1	1.69	0.75	2.04E-02	8.32E-03	Yes	No	No	No	No
EGFRNetmtKRAS-Hi	LCK	CDC37	P06239	Q16543	LCK_CDC37	8.30	3.05	1.25E-09	1.71E-22	Yes	No	No	Yes	No
EGFRNetmtKRAS-Hi	LCK	PTS	P06239	Q03393	LCK_PTS	2.24	1.16	2.68E-02	1.15E-04	Yes	No	No	No	No
EGFRNetmtKRAS-Hi	LCK	RBM3	P06239	P98179	LCK_RBM3	1.53	0.61	6.01E-05	2.58E-02	No	No	No	No	No
EGFRNetmtKRAS-Hi	LCK	CCT2	P06239	P78371	LCK_CCT2	2.58	1.37	2.14E-08	7.11E-06	Yes	No	No	No	No
EGFRNetmtKRAS-Hi	LCK	EIF4A1	P06239	P60842	LCK_EIF4A1	1.51	0.60	3.49E-02	2.94E-02	Yes	No	No	No	No
EGFRNetmtKRAS-Hi	LCK	RARS	P06239	P54136	LCK_RARS	1.46	0.54	8.17E-03	4.24E-02	Yes	No	No	No	No
EGFRNetmtKRAS-Hi	LCK	BMX	P06239	P51813	LCK_BMX	10.03	3.33	4.62E-04	2.43E-26	No	No	No	No	No
EGFRNetmtKRAS-Hi	LCK	CCT4	P06239	P50991	LCK_CCT4	2.39	1.25	2.46E-08	3.45E-05	Yes	No	No	No	No
EGFRNetmtKRAS-Hi	LCK	CCT8	P06239	P50990	LCK_CCT8	2.62	1.39	3.25E-08	5.08E-06	Yes	No	No	No	No
EGFRNetmtKRAS-Hi	LCK	CCT3	P06239	P49368	LCK_CCT3	2.48	1.31	2.23E-08	1.63E-05	Yes	No	No	No	No
EGFRNetmtKRAS-Hi	LCK	CCT5	P06239	P48643	LCK_CCT5	2.21	1.14	1.07E-07	1.44E-04	Yes	No	No	No	No
EGFRNetmtKRAS-Hi	LCK	IARS	P06239	P41252	LCK_IARS	1.48	0.56	4.68E-02	3.74E-02	No	No	No	No	No
EGFRNetmtKRAS-Hi	LCK	CCT6A	P06239	P40227	LCK_CCT6A	2.59	1.37	2.43E-08	6.86E-06	Yes	No	No	No	No
EGFRNetmtKRAS-Hi	LCK	MAT2A	P06239	P31153	LCK_MAT2A	2.00	1.00	1.38E-06	7.74E-04	Yes	No	No	No	No
EGFRNetmtKRAS-Hi	LCK	EEF1G	P06239	P26641	LCK_EEF1G	1.55	0.64	8.97E-03	2.17E-02	No	No	No	No	No
EGFRNetmtKRAS-Hi	LCK	VARS	P06239	P26640	LCK_VARS	1.84	0.88	1.95E-08	2.69E-03	Yes	No	No	No	No
EGFRNetmtKRAS-Hi	LCK	EEF1B2	P06239	P24534	LCK_EEF1B2	1.56	0.64	8.50E-03	2.13E-02	Yes	No	No	No	No
EGFRNetmtKRAS-Hi	LCK	NF1	P06239	P21359	LCK_NF1	1.57	0.65	2.48E-02	1.98E-02	No	No	No	No	No
EGFRNetmtKRAS-Hi	LCK	TCP1	P06239	P17987	LCK_TCP1	2.44	1.29	2.17E-08	2.26E-05	Yes	No	No	No	No
EGFRNetmtKRAS-Hi	LCK	DSP	P06239	P15924	LCK_DSP	4.16	2.06	6.40E-03	3.44E-11	No	No	No	No	No
EGFRNetmtKRAS-Hi	LCK	HSPA5	P06239	P11021	LCK_HSPA5	1.63	0.70	1.00E-04	1.30E-02	No	No	No	No	No
EGFRNetmtKRAS-Hi	LCK	HSP90AB3P	P06239	Q58FF7	LCK_HSP90AB3P	3.58	1.84	1.23E-07	2.56E-09	Yes	No	No	No	No
EGFRNetmtKRAS-Hi	LCK	HSP90AB1	P06239	P08238	LCK_HSP90AB1	3.58	1.84	1.23E-07	2.56E-09	Yes	No	No	Yes	No
EGFRNetmtKRAS-Hi	LCK	HSPA1A	P06239	P08107	LCK_HSPA1A	1.71	0.77	3.48E-06	7.17E-03	No	No	No	No	No
EGFRNetmtKRAS-Hi	LCK	YES1	P06239	P07947	LCK_YES1	6.41	2.68	3.34E-02	9.24E-18	Yes	No	No	No	Yes
EGFRNetmtKRAS-Hi	LCK	HSP90AA1	P06239	P07900	LCK_HSP90AA1	3.10	1.63	3.04E-07	1.09E-07	Yes	No	No	Yes	No
EGFRNetmtKRAS-Hi	LCK	CDK1	P06239	P06493	LCK_CDK1	8.07	3.01	1.46E-03	5.70E-22	Yes	No	No	Yes	No
EGFRNetmtKRAS-Hi	LCK	LCK	P06239	P06239	LCK_LCK	9.25	3.21	6.70E-08	1.17E-24	Yes	No	No	Yes	Yes
EGFRNetmtKRAS-Hi	LYN	SRRM2	P07948	Q9UQ35	LYN_SRRM2	2.75	1.46	5.16E-06	1.16E-02	No	No	No	No	No
EGFRNetmtKRAS-Hi	LYN	ARGLU1	P07948	Q9NWB6	LYN_ARGLU1	2.12	1.08	3.26E-04	4.61E-02	No	No	No	No	No
EGFRNetmtKRAS-Hi	LYN	CCAR1	P07948	Q8IX12	LYN_CCAR1	2.12	1.09	4.50E-05	4.54E-02	No	No	No	No	No
EGFRNetmtKRAS-Hi	LYN	CDC37	P07948	Q16543	LYN_CDC37	2.95	1.56	1.22E-03	7.69E-03	No	No	No	No	No
EGFRNetmtKRAS-Hi	LYN	DSP	P07948	P15924	LYN_DSP	2.46	1.30	2.24E-03	2.17E-02	No	No	No	No	No
EGFRNetmtKRAS-Hi	LYN	FGR	P07948	P09769	LYN_FGR	9.28	3.21	1.92E-04	3.15E-07	No	No	No	No	No
EGFRNetmtKRAS-Hi	LYN	HCK	P07948	P08631	LYN_HCK	24.97	4.64	1.85E-05	3.24E-13	No	No	No	No	No
EGFRNetmtKRAS-Hi	LYN	LYN	P07948	P07948	LYN_LYN	13.38	3.74	1.30E-04	3.35E-09	No	No	No	Yes	No
EGFRNetmtKRAS-Hi	LYN	HSP90AA1	P07948	P07900	LYN_HSP90AA1	2.22	1.15	1.86E-03	3.71E-02	No	No	No	Yes	No
EGFRNetmtKRAS-Hi	LYN	CDK1	P07948	P06493	LYN_CDK1	17.42	4.12	9.05E-04	8.50E-11	No	No	No	Yes	No
EGFRNetmtKRAS-Hi	LYN	PRPF4	P07948	O43172	LYN_PRPF4	2.27	1.18	2.40E-02	3.30E-02	No	No	No	No	No
EGFRNetmtKRAS-Hi	MAP2K1	NOC2L	Q02750	Q9Y3T9	MAP2K1_NOC2L	2.98	1.58	1.10E-02	2.66E-06	Yes	No	No	No	No
EGFRNetmtKRAS-Hi	MAP2K1	NOP58	Q02750	Q9Y2X3	MAP2K1_NOP58	2.15	1.10	3.35E-03	7.23E-04	Yes	No	No	No	No
EGFRNetmtKRAS-Hi	MAP2K1	RALY	Q02750	Q9UKM9	MAP2K1_RALY	2.98	1.57	1.56E-02	2.76E-06	Yes	No	No	No	No
EGFRNetmtKRAS-Hi	MAP2K1	DDX18	Q02750	Q9NVP1	MAP2K1_DDX18	1.80	0.85	2.24E-03	7.18E-03	Yes	No	No	No	No
EGFRNetmtKRAS-Hi	MAP2K1	ATAD3A	Q02750	Q9NVI7	MAP2K1_ATAD3A	1.55	0.63	2.56E-02	3.43E-02	No	No	No	No	No
EGFRNetmtKRAS-Hi	MAP2K1	TOMM22	Q02750	Q9NS69	MAP2K1_TOMM22	3.67	1.88	2.46E-02	3.04E-08	No	No	No	No	No
EGFRNetmtKRAS-Hi	MAP2K1	NAT10	Q02750	Q9H0A0	MAP2K1_NAT10	2.10	1.07	1.21E-02	9.89E-04	No	No	No	No	No
EGFRNetmtKRAS-Hi	MAP2K1	GNL3	Q02750	Q9BVP2	MAP2K1_GNL3	2.59	1.38	1.65E-02	3.55E-05	Yes	No	No	No	No
EGFRNetmtKRAS-Hi	MAP2K1	KSR1	Q02750	Q8IVT5	MAP2K1_KSR1	3.04	1.61	4.12E-03	1.78E-06	No	No	No	Yes	Yes
EGFRNetmtKRAS-Hi	MAP2K1	TOR1AIP1	Q02750	Q5JTV8	MAP2K1_TOR1AIP1	2.18	1.12	2.54E-02	5.87E-04	Yes	No	No	No	No
EGFRNetmtKRAS-Hi	MAP2K1	CDC37	Q02750	Q16543	MAP2K1_CDC37	1.72	0.78	1.80E-03	1.19E-02	No	No	No	No	No
EGFRNetmtKRAS-Hi	MAP2K1	KRR1	Q02750	Q13601	MAP2K1_KRR1	2.57	1.36	1.72E-02	4.20E-05	Yes	No	No	No	No
EGFRNetmtKRAS-Hi	MAP2K1	FKBP5	Q02750	Q13451	MAP2K1_FKBP5	4.04	2.02	2.93E-02	3.04E-09	No	No	No	No	No
EGFRNetmtKRAS-Hi	MAP2K1	SRSF5	Q02750	Q13243	MAP2K1_SRSF5	2.14	1.10	2.03E-03	7.45E-04	No	No	No	No	No
EGFRNetmtKRAS-Hi	MAP2K1	CBX3	Q02750	Q13185	MAP2K1_CBX3	2.04	1.03	1.02E-02	1.44E-03	Yes	No	No	No	No
EGFRNetmtKRAS-Hi	MAP2K1	TARDBP	Q02750	Q13148	MAP2K1_TARDBP	1.88	0.91	1.69E-03	4.26E-03	Yes	No	No	No	No
EGFRNetmtKRAS-Hi	MAP2K1	YWHAH	Q02750	Q04917	MAP2K1_YWHAH	4.93	2.30	2.78E-05	1.60E-11	No	No	No	No	No
EGFRNetmtKRAS-Hi	MAP2K1	AKAP12	Q02750	Q02952	MAP2K1_AKAP12	1.71	0.77	2.55E-02	1.26E-02	No	No	No	No	No
EGFRNetmtKRAS-Hi	MAP2K1	MAP2K1	Q02750	Q02750	MAP2K1_MAP2K1	17.07	4.09	2.85E-10	2.03E-32	No	No	No	Yes	Yes
EGFRNetmtKRAS-Hi	MAP2K1	CBX1	Q02750	P83916	MAP2K1_CBX1	2.43	1.28	1.19E-03	1.08E-04	Yes	No	No	No	No
EGFRNetmtKRAS-Hi	MAP2K1	YWHAZ	Q02750	P63104	MAP2K1_YWHAZ	1.89	0.92	1.42E-05	3.95E-03	No	No	No	Yes	No
EGFRNetmtKRAS-Hi	MAP2K1	YWHAE	Q02750	P62258	MAP2K1_YWHAE	2.73	1.45	4.09E-06	1.45E-05	No	No	No	Yes	No
EGFRNetmtKRAS-Hi	MAP2K1	YWHAG	Q02750	P61981	MAP2K1_YWHAG	3.14	1.65	2.96E-06	9.55E-07	No	No	No	No	No
EGFRNetmtKRAS-Hi	MAP2K1	RBM25	Q02750	P49756	MAP2K1_RBM25	2.85	1.51	1.09E-03	6.58E-06	Yes	No	No	No	No
EGFRNetmtKRAS-Hi	MAP2K1	UQCRFS1P1	Q02750	P0C7P4	MAP2K1_UQCRFS1P1	2.32	1.22	3.52E-02	2.19E-04	No	No	No	No	No
EGFRNetmtKRAS-Hi	MAP2K1	UQCRFS1	Q02750	P47985	MAP2K1_UQCRFS1	2.32	1.22	3.52E-02	2.19E-04	Yes	No	No	No	No
EGFRNetmtKRAS-Hi	MAP2K1	RPL29	Q02750	P47914	MAP2K1_RPL29	1.53	0.62	4.08E-02	3.67E-02	No	No	No	No	No
EGFRNetmtKRAS-Hi	MAP2K1	NOP2	Q02750	P46087	MAP2K1_NOP2	2.09	1.06	2.44E-02	1.08E-03	Yes	No	No	No	No
EGFRNetmtKRAS-Hi	MAP2K1	MCM4	Q02750	P33991	MAP2K1_MCM4	1.61	0.69	3.35E-02	2.35E-02	Yes	No	No	No	No
EGFRNetmtKRAS-Hi	MAP2K1	YWHAB	Q02750	P31946	MAP2K1_YWHAB	3.01	1.59	4.20E-05	2.17E-06	No	No	No	Yes	No
EGFRNetmtKRAS-Hi	MAP2K1	YWHAQ	Q02750	P27348	MAP2K1_YWHAQ	1.70	0.77	7.42E-05	1.33E-02	No	No	No	No	No
EGFRNetmtKRAS-Hi	MAP2K1	VARS	Q02750	P26640	MAP2K1_VARS	1.85	0.89	2.39E-02	5.09E-03	No	No	No	No	No
EGFRNetmtKRAS-Hi	MAP2K1	HMGA1	Q02750	P17096	MAP2K1_HMGA1	5.30	2.41	1.98E-02	1.98E-12	No	No	No	No	No
EGFRNetmtKRAS-Hi	MAP2K1	UQCRB	Q02750	P14927	MAP2K1_UQCRB	1.50	0.58	2.30E-03	4.59E-02	Yes	No	No	No	No
EGFRNetmtKRAS-Hi	MAP2K1	TPR	Q02750	P12270	MAP2K1_TPR	2.40	1.26	1.18E-02	1.32E-04	Yes	No	No	No	No
EGFRNetmtKRAS-Hi	MAP2K1	ARAF	Q02750	P10398	MAP2K1_ARAF	5.18	2.37	1.13E-04	3.85E-12	No	No	No	Yes	Yes
EGFRNetmtKRAS-Hi	MAP2K1	H1F0	Q02750	P07305	MAP2K1_H1F0	2.39	1.26	2.61E-02	1.39E-04	No	No	No	No	No
EGFRNetmtKRAS-Hi	MAP2K1	RAF1	Q02750	P04049	MAP2K1_RAF1	5.13	2.36	2.78E-05	5.12E-12	No	No	No	Yes	Yes
EGFRNetmtKRAS-Hi	MAP2K1	KRAS	Q02750	P01116	MAP2K1_KRAS	1.67	0.74	1.64E-02	1.64E-02	No	No	No	No	No
EGFRNetmtKRAS-Hi	MAP2K1	NDUFA10	Q02750	O95299	MAP2K1_NDUFA10	2.28	1.19	1.17E-03	2.99E-04	Yes	No	No	No	No
EGFRNetmtKRAS-Hi	MAP2K1	NPM3	Q02750	O75607	MAP2K1_NPM3	1.60	0.68	1.05E-02	2.44E-02	Yes	No	No	No	No
EGFRNetmtKRAS-Hi	MAP2K1	RRP9	Q02750	O43818	MAP2K1_RRP9	3.05	1.61	4.86E-03	1.74E-06	Yes	No	No	No	No
EGFRNetmtKRAS-Hi	MAP2K1	HNRPDL	Q02750	O14979	MAP2K1_HNRPDL	2.25	1.17	2.46E-02	3.62E-04	Yes	No	No	No	No
EGFRNetmtKRAS-Hi	MAP2K2	TUBA1C	P36507	Q9BQE3	MAP2K2_TUBA1C	1.78	0.83	2.83E-02	3.98E-02	No	No	No	No	No
EGFRNetmtKRAS-Hi	MAP2K2	KSR1	P36507	Q8IVT5	MAP2K2_KSR1	2.08	1.05	5.78E-03	1.50E-02	No	No	No	Yes	No
EGFRNetmtKRAS-Hi	MAP2K2	IMMT	P36507	Q16891	MAP2K2_IMMT	3.78	1.92	3.32E-03	7.42E-05	No	No	No	No	No
EGFRNetmtKRAS-Hi	MAP2K2	CDC37	P36507	Q16543	MAP2K2_CDC37	5.81	2.54	8.57E-08	3.62E-07	No	No	No	No	No
EGFRNetmtKRAS-Hi	MAP2K2	YWHAH	P36507	Q04917	MAP2K2_YWHAH	4.73	2.24	1.56E-05	5.54E-06	No	No	No	No	No
EGFRNetmtKRAS-Hi	MAP2K2	SLC25A11	P36507	Q02978	MAP2K2_SLC25A11	2.39	1.26	3.56E-03	5.35E-03	No	No	No	No	No
EGFRNetmtKRAS-Hi	MAP2K2	SLC25A3	P36507	Q00325	MAP2K2_SLC25A3	2.10	1.07	5.95E-10	1.40E-02	No	No	No	No	No
EGFRNetmtKRAS-Hi	MAP2K2	TUBB4B	P36507	P68371	MAP2K2_TUBB4B	1.81	0.86	8.01E-07	3.61E-02	No	No	No	No	No
EGFRNetmtKRAS-Hi	MAP2K2	TUBA4A	P36507	P68366	MAP2K2_TUBA4A	1.79	0.84	7.48E-10	3.79E-02	No	Yes	No	No	No
EGFRNetmtKRAS-Hi	MAP2K2	TUBA1B	P36507	P68363	MAP2K2_TUBA1B	1.79	0.84	7.48E-10	3.79E-02	No	No	No	No	No
EGFRNetmtKRAS-Hi	MAP2K2	YWHAZ	P36507	P63104	MAP2K2_YWHAZ	3.44	1.78	2.08E-08	2.02E-04	Yes	No	No	No	No
EGFRNetmtKRAS-Hi	MAP2K2	HSPA9	P36507	P38646	MAP2K2_HSPA9	2.77	1.47	1.47E-07	1.58E-03	No	No	No	No	No
EGFRNetmtKRAS-Hi	MAP2K2	MAP2K2	P36507	P36507	MAP2K2_MAP2K2	9.41	3.23	4.61E-11	1.93E-10	No	No	No	Yes	No
EGFRNetmtKRAS-Hi	MAP2K2	HSPA4	P36507	P34932	MAP2K2_HSPA4	2.51	1.33	1.64E-06	3.62E-03	No	No	No	No	No
EGFRNetmtKRAS-Hi	MAP2K2	YWHAB	P36507	P31946	MAP2K2_YWHAB	3.70	1.89	8.13E-06	9.51E-05	Yes	No	No	Yes	No
EGFRNetmtKRAS-Hi	MAP2K2	YWHAQ	P36507	P27348	MAP2K2_YWHAQ	3.23	1.69	1.62E-03	3.80E-04	Yes	No	No	No	No
EGFRNetmtKRAS-Hi	MAP2K2	NCL	P36507	P19338	MAP2K2_NCL	1.82	0.86	1.21E-04	3.52E-02	Yes	No	No	No	No
EGFRNetmtKRAS-Hi	MAP2K2	HSPA8	P36507	P11142	MAP2K2_HSPA8	6.87	2.78	4.03E-11	3.23E-08	No	Yes	No	No	No
EGFRNetmtKRAS-Hi	MAP2K2	HSPA5	P36507	P11021	MAP2K2_HSPA5	6.38	2.67	6.47E-10	9.64E-08	No	No	No	No	No
EGFRNetmtKRAS-Hi	MAP2K2	HSP90AB1	P36507	P08238	MAP2K2_HSP90AB1	6.64	2.73	3.86E-09	5.33E-08	No	No	No	No	No
EGFRNetmtKRAS-Hi	MAP2K2	HSPA1A	P36507	P08107	MAP2K2_HSPA1A	6.89	2.78	5.66E-10	3.07E-08	No	No	No	No	No
EGFRNetmtKRAS-Hi	MAP2K2	HSP90AA1	P36507	P07900	MAP2K2_HSP90AA1	5.92	2.57	4.73E-08	2.79E-07	No	No	No	No	No
EGFRNetmtKRAS-Hi	MAP2K2	TUBB	P36507	P07437	MAP2K2_TUBB	2.24	1.16	5.10E-08	8.69E-03	No	No	No	No	No
EGFRNetmtKRAS-Hi	MAP2K2	EIF2S1	P36507	P05198	MAP2K2_EIF2S1	1.73	0.79	2.33E-02	4.63E-02	No	No	No	No	No
EGFRNetmtKRAS-Hi	MAP2K2	RAF1	P36507	P04049	MAP2K2_RAF1	8.44	3.08	1.32E-09	1.23E-09	No	No	No	Yes	No
EGFRNetmtKRAS-Hi	MAP2K2	BAG2	P36507	O95816	MAP2K2_BAG2	3.18	1.67	3.68E-04	4.39E-04	No	No	No	No	No
EGFRNetmtKRAS-Hi	MAP2K3	RUVBL1	P46734	Q9Y265	MAP2K3_RUVBL1	2.05	1.04	9.54E-04	5.29E-03	Yes	No	No	No	No
EGFRNetmtKRAS-Hi	MAP2K3	RUVBL2	P46734	Q9Y230	MAP2K3_RUVBL2	2.07	1.05	8.66E-04	4.76E-03	No	No	No	No	No
EGFRNetmtKRAS-Hi	MAP2K3	DNAJB11	P46734	Q9UBS4	MAP2K3_DNAJB11	2.13	1.09	4.95E-02	3.60E-03	No	No	No	No	No
EGFRNetmtKRAS-Hi	MAP2K3	HSPBP1	P46734	Q9NZL4	MAP2K3_HSPBP1	1.77	0.82	1.49E-02	2.20E-02	No	No	No	No	No
EGFRNetmtKRAS-Hi	MAP2K3	TUBB6	P46734	Q9BUF5	MAP2K3_TUBB6	2.70	1.43	1.40E-02	1.99E-04	No	No	No	No	No
EGFRNetmtKRAS-Hi	MAP2K3	TUBA1C	P46734	Q9BQE3	MAP2K3_TUBA1C	2.37	1.24	4.06E-03	1.06E-03	No	No	No	No	No
EGFRNetmtKRAS-Hi	MAP2K3	MAP3K5	P46734	Q99683	MAP2K3_MAP3K5	5.12	2.36	4.36E-05	2.39E-09	No	No	No	Yes	No
EGFRNetmtKRAS-Hi	MAP2K3	USP7	P46734	Q93009	MAP2K3_USP7	8.35	3.06	5.56E-05	1.22E-14	No	No	No	No	No
EGFRNetmtKRAS-Hi	MAP2K3	USP9Y	P46734	O00507	MAP2K3_USP9Y	2.39	1.26	6.01E-04	9.34E-04	No	No	No	No	No
EGFRNetmtKRAS-Hi	MAP2K3	USP9X	P46734	Q93008	MAP2K3_USP9X	2.39	1.26	6.01E-04	9.34E-04	No	No	No	No	No
EGFRNetmtKRAS-Hi	MAP2K3	HSPH1	P46734	Q92598	MAP2K3_HSPH1	4.62	2.21	4.38E-04	2.01E-08	No	No	No	No	No
EGFRNetmtKRAS-Hi	MAP2K3	NAPRT1	P46734	Q6XQN6	MAP2K3_NAPRT1	1.60	0.68	2.76E-02	4.84E-02	No	No	No	No	No
EGFRNetmtKRAS-Hi	MAP2K3	DCAF8	P46734	Q5TAQ9	MAP2K3_DCAF8	3.76	1.91	4.22E-02	1.05E-06	No	No	No	No	No
EGFRNetmtKRAS-Hi	MAP2K3	TUBB8	P46734	Q3ZCM7	MAP2K3_TUBB8	2.41	1.27	3.49E-04	8.35E-04	No	No	No	No	No
EGFRNetmtKRAS-Hi	MAP2K3	RBBP7	P46734	Q16576	MAP2K3_RBBP7	2.05	1.04	2.18E-02	5.31E-03	No	No	No	No	No
EGFRNetmtKRAS-Hi	MAP2K3	CDC37	P46734	Q16543	MAP2K3_CDC37	2.40	1.26	3.67E-04	8.94E-04	No	No	No	No	No
EGFRNetmtKRAS-Hi	MAP2K3	DDB1	P46734	Q16531	MAP2K3_DDB1	1.93	0.95	4.85E-04	9.87E-03	No	No	No	No	No
EGFRNetmtKRAS-Hi	MAP2K3	TUBB2A	P46734	Q13885	MAP2K3_TUBB2A	2.57	1.36	1.71E-03	3.74E-04	Yes	No	No	No	No
EGFRNetmtKRAS-Hi	MAP2K3	MAD2L1	P46734	Q13257	MAP2K3_MAD2L1	8.74	3.13	4.01E-02	3.41E-15	No	No	No	No	No
EGFRNetmtKRAS-Hi	MAP2K3	RBBP4	P46734	Q09028	MAP2K3_RBBP4	2.47	1.31	1.56E-03	6.26E-04	No	No	No	No	No
EGFRNetmtKRAS-Hi	MAP2K3	AKAP12	P46734	Q02952	MAP2K3_AKAP12	2.60	1.38	2.22E-04	3.21E-04	Yes	No	No	No	No
EGFRNetmtKRAS-Hi	MAP2K3	SLC25A3	P46734	Q00325	MAP2K3_SLC25A3	1.97	0.98	4.55E-04	8.08E-03	Yes	No	No	No	No
EGFRNetmtKRAS-Hi	MAP2K3	TUBB4B	P46734	P68371	MAP2K3_TUBB4B	2.42	1.27	4.85E-05	8.24E-04	No	No	No	No	No
EGFRNetmtKRAS-Hi	MAP2K3	TUBA1B	P46734	P68363	MAP2K3_TUBA1B	1.87	0.90	3.67E-04	1.34E-02	No	No	No	No	No
EGFRNetmtKRAS-Hi	MAP2K3	GNB2L1	P46734	P63244	MAP2K3_GNB2L1	1.76	0.81	5.69E-03	2.28E-02	No	No	No	No	No
EGFRNetmtKRAS-Hi	MAP2K3	RPS21	P46734	P63220	MAP2K3_RPS21	1.86	0.89	5.88E-03	1.41E-02	No	No	No	No	No
EGFRNetmtKRAS-Hi	MAP2K3	GRB2	P46734	P62993	MAP2K3_GRB2	1.95	0.96	6.26E-03	8.79E-03	No	No	No	No	No
EGFRNetmtKRAS-Hi	MAP2K3	EIF6	P46734	P56537	MAP2K3_EIF6	2.98	1.58	2.10E-02	4.72E-05	No	No	No	No	No
EGFRNetmtKRAS-Hi	MAP2K3	MAP2K3	P46734	P46734	MAP2K3_MAP2K3	21.07	4.40	2.90E-12	2.79E-28	No	No	No	Yes	No
EGFRNetmtKRAS-Hi	MAP2K3	HSPA9	P46734	P38646	MAP2K3_HSPA9	3.06	1.62	4.25E-04	3.12E-05	No	No	No	No	No
EGFRNetmtKRAS-Hi	MAP2K3	CTNNB1	P46734	P35222	MAP2K3_CTNNB1	1.66	0.73	6.23E-03	3.61E-02	No	No	No	No	No
EGFRNetmtKRAS-Hi	MAP2K3	HSPA4	P46734	P34932	MAP2K3_HSPA4	3.19	1.67	3.48E-04	1.68E-05	No	No	No	No	No
EGFRNetmtKRAS-Hi	MAP2K3	SFN	P46734	P31947	MAP2K3_SFN	1.80	0.85	8.31E-03	1.86E-02	Yes	No	No	No	No
EGFRNetmtKRAS-Hi	MAP2K3	DNAJA1	P46734	P31689	MAP2K3_DNAJA1	2.11	1.08	4.78E-04	4.02E-03	No	No	No	No	No
EGFRNetmtKRAS-Hi	MAP2K3	PPP2R1A	P46734	P30153	MAP2K3_PPP2R1A	1.96	0.97	6.23E-03	8.57E-03	No	No	No	No	No
EGFRNetmtKRAS-Hi	MAP2K3	MAPK1	P46734	P28482	MAP2K3_MAPK1	8.34	3.06	4.63E-04	1.26E-14	No	No	No	No	No
EGFRNetmtKRAS-Hi	MAP2K3	CAD	P46734	P27708	MAP2K3_CAD	2.11	1.08	2.54E-03	3.95E-03	No	No	No	No	No
EGFRNetmtKRAS-Hi	MAP2K3	BTF3	P46734	P20290	MAP2K3_BTF3	2.19	1.13	3.08E-02	2.60E-03	No	No	No	No	No
EGFRNetmtKRAS-Hi	MAP2K3	CTPS	P46734	P17812	MAP2K3_CTPS	1.62	0.70	4.92E-03	4.42E-02	No	No	No	No	No
EGFRNetmtKRAS-Hi	MAP2K3	HSPA6	P46734	P17066	MAP2K3_HSPA6	6.00	2.58	1.65E-04	6.46E-11	No	No	No	No	No
EGFRNetmtKRAS-Hi	MAP2K3	HSPA8	P46734	P11142	MAP2K3_HSPA8	5.69	2.51	1.51E-04	2.25E-10	No	No	No	No	No
EGFRNetmtKRAS-Hi	MAP2K3	HSPA5	P46734	P11021	MAP2K3_HSPA5	4.60	2.20	1.69E-04	2.22E-08	No	No	No	No	No
EGFRNetmtKRAS-Hi	MAP2K3	RPSA	P46734	P08865	MAP2K3_RPSA	1.94	0.96	4.46E-03	9.12E-03	No	No	No	No	No
EGFRNetmtKRAS-Hi	MAP2K3	SLC3A2	P46734	P08195	MAP2K3_SLC3A2	1.63	0.71	1.75E-03	4.21E-02	No	No	No	No	No
EGFRNetmtKRAS-Hi	MAP2K3	HSPA1A	P46734	P08107	MAP2K3_HSPA1A	5.09	2.35	1.35E-04	2.63E-09	Yes	No	No	No	No
EGFRNetmtKRAS-Hi	MAP2K3	TUBB	P46734	P07437	MAP2K3_TUBB	2.46	1.30	4.25E-05	6.51E-04	No	No	No	No	No
EGFRNetmtKRAS-Hi	MAP2K3	NPM1	P46734	P06748	MAP2K3_NPM1	2.03	1.02	4.77E-03	5.85E-03	No	No	No	No	No
EGFRNetmtKRAS-Hi	MAP2K3	SLC25A5	P46734	P05141	MAP2K3_SLC25A5	2.09	1.06	2.64E-03	4.35E-03	Yes	No	No	No	No
EGFRNetmtKRAS-Hi	MAP2K3	MAP3K6	P46734	O95382	MAP2K3_MAP3K6	6.57	2.72	4.47E-05	6.94E-12	No	No	No	No	No
EGFRNetmtKRAS-Hi	MAP2K3	NPM3	P46734	O75607	MAP2K3_NPM3	2.46	1.30	1.07E-03	6.80E-04	No	No	No	No	No
EGFRNetmtKRAS-Hi	MAP2K3	DNAJA2	P46734	O60884	MAP2K3_DNAJA2	2.44	1.29	2.29E-04	7.25E-04	No	No	No	No	No
EGFRNetmtKRAS-Hi	MAP2K3	HAT1	P46734	O14929	MAP2K3_HAT1	3.07	1.62	1.85E-02	3.03E-05	No	No	No	No	No
EGFRNetmtKRAS-Hi	MAP2K3	PSMA7	P46734	O14818	MAP2K3_PSMA7	1.60	0.68	1.86E-02	4.83E-02	No	No	No	No	No
EGFRNetmtKRAS-Hi	MAP2K3	SUPT5H	P46734	O00267	MAP2K3_SUPT5H	1.70	0.76	1.71E-03	3.07E-02	No	No	No	No	No
EGFRNetmtKRAS-Hi	MAP2K5	MAP3K2	Q13163	Q9Y2U5	MAP2K5_MAP3K2	3.49	1.80	3.72E-03	1.28E-05	No	Yes	No	Yes	No
EGFRNetmtKRAS-Hi	MAP2K5	SLC25A18	Q13163	Q9H1K4	MAP2K5_SLC25A18	2.97	1.57	2.89E-03	1.19E-04	No	No	No	No	No
EGFRNetmtKRAS-Hi	MAP2K5	SLC25A22	Q13163	Q9H936	MAP2K5_SLC25A22	2.97	1.57	2.89E-03	1.19E-04	No	No	No	No	No
EGFRNetmtKRAS-Hi	MAP2K5	CCT7	Q13163	Q99832	MAP2K5_CCT7	1.79	0.84	4.89E-06	2.21E-02	No	No	No	No	No
EGFRNetmtKRAS-Hi	MAP2K5	RPL22L1	Q13163	Q6P5R6	MAP2K5_RPL22L1	1.71	0.78	1.79E-04	3.09E-02	Yes	No	No	No	No
EGFRNetmtKRAS-Hi	MAP2K5	CDC37	Q13163	Q16543	MAP2K5_CDC37	3.83	1.94	1.51E-05	3.21E-06	No	Yes	No	No	No
EGFRNetmtKRAS-Hi	MAP2K5	SQSTM1	Q13163	Q13501	MAP2K5_SQSTM1	3.25	1.70	1.21E-05	3.56E-05	No	No	No	Yes	No
EGFRNetmtKRAS-Hi	MAP2K5	MAP2K5	Q13163	Q13163	MAP2K5_MAP2K5	10.57	3.40	1.27E-06	2.03E-15	No	No	No	Yes	No
EGFRNetmtKRAS-Hi	MAP2K5	SLC25A11	Q13163	Q02978	MAP2K5_SLC25A11	1.71	0.77	1.47E-02	3.17E-02	No	No	No	No	No
EGFRNetmtKRAS-Hi	MAP2K5	SLC25A3	Q13163	Q00325	MAP2K5_SLC25A3	1.77	0.82	1.00E-06	2.42E-02	No	No	No	No	No
EGFRNetmtKRAS-Hi	MAP2K5	CCT2	Q13163	P78371	MAP2K5_CCT2	1.87	0.90	4.57E-06	1.57E-02	No	No	No	No	No
EGFRNetmtKRAS-Hi	MAP2K5	TUBB4B	Q13163	P68371	MAP2K5_TUBB4B	1.79	0.84	7.98E-05	2.19E-02	No	No	No	No	No
EGFRNetmtKRAS-Hi	MAP2K5	CCT4	Q13163	P50991	MAP2K5_CCT4	1.64	0.71	1.43E-05	4.26E-02	No	No	No	No	No
EGFRNetmtKRAS-Hi	MAP2K5	CCT8	Q13163	P50990	MAP2K5_CCT8	1.85	0.89	6.12E-05	1.71E-02	No	No	No	No	No
EGFRNetmtKRAS-Hi	MAP2K5	EMD	Q13163	P50402	MAP2K5_EMD	1.90	0.93	2.37E-02	1.36E-02	No	No	No	No	No
EGFRNetmtKRAS-Hi	MAP2K5	CCT3	Q13163	P49368	MAP2K5_CCT3	2.02	1.01	9.24E-07	8.04E-03	No	No	No	No	No
EGFRNetmtKRAS-Hi	MAP2K5	CCT5	Q13163	P48643	MAP2K5_CCT5	1.67	0.74	3.76E-06	3.61E-02	No	No	No	No	No
EGFRNetmtKRAS-Hi	MAP2K5	CCT6A	Q13163	P40227	MAP2K5_CCT6A	2.03	1.02	9.12E-06	7.46E-03	No	No	No	No	No
EGFRNetmtKRAS-Hi	MAP2K5	DNAJA1	Q13163	P31689	MAP2K5_DNAJA1	1.88	0.91	1.25E-06	1.50E-02	No	No	No	No	No
EGFRNetmtKRAS-Hi	MAP2K5	ATP5A1	Q13163	P25705	MAP2K5_ATP5A1	1.69	0.76	3.76E-04	3.40E-02	No	No	No	No	No
EGFRNetmtKRAS-Hi	MAP2K5	TCP1	Q13163	P17987	MAP2K5_TCP1	2.02	1.02	6.12E-06	7.78E-03	No	No	No	No	No
EGFRNetmtKRAS-Hi	MAP2K5	HSPA7	Q13163	P48741	MAP2K5_HSPA7	4.61	2.20	1.03E-02	1.50E-07	No	No	No	No	No
EGFRNetmtKRAS-Hi	MAP2K5	HSPA6	Q13163	P17066	MAP2K5_HSPA6	4.61	2.20	1.03E-02	1.50E-07	No	No	No	No	No
EGFRNetmtKRAS-Hi	MAP2K5	HSPA8	Q13163	P11142	MAP2K5_HSPA8	3.74	1.90	4.04E-05	4.57E-06	No	No	No	No	No
EGFRNetmtKRAS-Hi	MAP2K5	HSP90AB1	Q13163	P08238	MAP2K5_HSP90AB1	4.08	2.03	4.89E-06	1.15E-06	No	No	No	Yes	No
EGFRNetmtKRAS-Hi	MAP2K5	HSPA1A	Q13163	P08107	MAP2K5_HSPA1A	4.39	2.13	1.85E-03	3.45E-07	No	No	No	No	No
EGFRNetmtKRAS-Hi	MAP2K5	HSP90AA1	Q13163	P07900	MAP2K5_HSP90AA1	4.16	2.06	5.19E-05	8.33E-07	No	No	No	Yes	No
EGFRNetmtKRAS-Hi	MAP2K5	TUBB	Q13163	P07437	MAP2K5_TUBB	2.07	1.05	7.08E-06	6.27E-03	No	No	No	No	No
EGFRNetmtKRAS-Hi	MAP2K5	HSPB1	Q13163	P04792	MAP2K5_HSPB1	2.43	1.28	4.77E-03	1.23E-03	No	No	No	No	No
EGFRNetmtKRAS-Hi	MAP2K5	BAG2	Q13163	O95816	MAP2K5_BAG2	3.32	1.73	3.78E-03	2.58E-05	No	No	No	No	No
EGFRNetmtKRAS-Hi	MAP2K5	DNAJA2	Q13163	O60884	MAP2K5_DNAJA2	2.49	1.32	7.77E-05	9.70E-04	No	No	No	No	No
EGFRNetmtKRAS-Hi	MAP3K14	TIMM50	Q99558	Q3ZCQ8	MAP3K14_TIMM50	2.07	1.05	3.27E-02	3.79E-02	No	No	No	Yes	No
EGFRNetmtKRAS-Hi	MAP3K14	SLC25A4	Q99558	P12235	MAP3K14_SLC25A4	2.08	1.06	9.83E-04	3.70E-02	No	No	No	No	No
EGFRNetmtKRAS-Hi	MAP3K14	IKBKG	Q99558	Q9Y6K9	MAP3K14_IKBKG	4.94	2.31	2.22E-07	8.25E-05	No	Yes	No	Yes	No
EGFRNetmtKRAS-Hi	MAP3K14	TIMM13	Q99558	Q9Y5L4	MAP3K14_TIMM13	3.19	1.67	3.79E-04	2.85E-03	No	No	No	No	No
EGFRNetmtKRAS-Hi	MAP3K14	MAP3K14	Q99558	Q99558	MAP3K14_MAP3K14	20.12	4.33	9.84E-06	5.66E-06	No	No	No	Yes	No
EGFRNetmtKRAS-Hi	MAP3K14	DNAJA3	Q99558	Q96EY1	MAP3K14_DNAJA3	3.02	1.59	6.01E-05	4.90E-02	Yes	No	No	No	No
EGFRNetmtKRAS-Hi	MAP3K14	CDC37	Q99558	Q16543	MAP3K14_CDC37	8.01	3.00	6.61E-09	1.10E-03	No	No	No	Yes	No
EGFRNetmtKRAS-Hi	MAP3K14	TRAF3	Q99558	Q13114	MAP3K14_TRAF3	3.83	1.94	1.73E-02	7.22E-04	No	Yes	No	Yes	No
EGFRNetmtKRAS-Hi	MAP3K14	TRAF2	Q99558	Q12933	MAP3K14_TRAF2	4.37	2.13	3.77E-03	1.43E-02	Yes	No	Yes	Yes	No
EGFRNetmtKRAS-Hi	MAP3K14	ASPH	Q99558	Q12797	MAP3K14_ASPH	2.22	1.15	3.40E-02	2.64E-02	No	No	No	No	No
EGFRNetmtKRAS-Hi	MAP3K14	RPL18	Q99558	Q07020	MAP3K14_RPL18	2.64	1.40	6.07E-07	9.90E-03	No	No	No	Yes	No
EGFRNetmtKRAS-Hi	MAP3K14	RPL6	Q99558	Q02878	MAP3K14_RPL6	2.47	1.31	9.87E-07	1.45E-02	No	No	No	Yes	No
EGFRNetmtKRAS-Hi	MAP3K14	RPL18A	Q99558	Q02543	MAP3K14_RPL18A	2.70	1.43	1.65E-06	8.58E-03	No	No	No	No	No
EGFRNetmtKRAS-Hi	MAP3K14	NFKB2	Q99558	Q00653	MAP3K14_NFKB2	2.92	1.55	2.27E-05	5.18E-03	No	No	No	Yes	No
EGFRNetmtKRAS-Hi	MAP3K14	SLC25A3	Q99558	Q00325	MAP3K14_SLC25A3	2.20	1.14	3.35E-07	2.77E-02	No	No	No	No	No
EGFRNetmtKRAS-Hi	MAP3K14	RPL19	Q99558	P84098	MAP3K14_RPL19	2.17	1.12	9.41E-07	2.98E-02	No	No	No	No	No
EGFRNetmtKRAS-Hi	MAP3K14	RPL36A	Q99558	P83881	MAP3K14_RPL36A	2.32	1.21	3.51E-06	2.08E-02	No	No	No	No	No
EGFRNetmtKRAS-Hi	MAP3K14	RPL24	Q99558	P83731	MAP3K14_RPL24	2.83	1.50	5.30E-06	6.32E-03	No	No	No	Yes	No
EGFRNetmtKRAS-Hi	MAP3K14	RPL8	Q99558	P62917	MAP3K14_RPL8	2.15	1.10	3.00E-06	3.14E-02	No	No	No	Yes	No
EGFRNetmtKRAS-Hi	MAP3K14	RPL32	Q99558	P62910	MAP3K14_RPL32	2.27	1.18	6.13E-07	2.34E-02	No	No	No	Yes	No
EGFRNetmtKRAS-Hi	MAP3K14	RPL10A	Q99558	P62906	MAP3K14_RPL10A	2.33	1.22	3.96E-07	2.01E-02	No	No	No	Yes	No
EGFRNetmtKRAS-Hi	MAP3K14	RPS26P11	Q99558	Q5JNZ5	MAP3K14_RPS26P11	2.66	1.41	1.90E-02	9.43E-03	No	No	No	No	No
EGFRNetmtKRAS-Hi	MAP3K14	RPS26	Q99558	P62854	MAP3K14_RPS26	2.66	1.41	1.90E-02	9.43E-03	No	No	No	No	No
EGFRNetmtKRAS-Hi	MAP3K14	RPS24	Q99558	P62847	MAP3K14_RPS24	2.07	1.05	3.17E-02	3.75E-02	No	No	No	Yes	No
EGFRNetmtKRAS-Hi	MAP3K14	RPL23	Q99558	P62829	MAP3K14_RPL23	2.35	1.23	4.19E-07	1.95E-02	No	No	No	Yes	No
EGFRNetmtKRAS-Hi	MAP3K14	RPL7A	Q99558	P62424	MAP3K14_RPL7A	2.19	1.13	1.55E-06	2.87E-02	No	No	No	Yes	No
EGFRNetmtKRAS-Hi	MAP3K14	RPS11	Q99558	P62280	MAP3K14_RPS11	2.16	1.11	1.08E-02	3.04E-02	No	No	No	Yes	No
EGFRNetmtKRAS-Hi	MAP3K14	RPS13	Q99558	P62277	MAP3K14_RPS13	2.13	1.09	1.54E-02	3.25E-02	No	No	No	Yes	No
EGFRNetmtKRAS-Hi	MAP3K14	RPL37A	Q99558	P61513	MAP3K14_RPL37A	2.66	1.41	1.21E-05	9.31E-03	No	No	No	No	No
EGFRNetmtKRAS-Hi	MAP3K14	RPL27	Q99558	P61353	MAP3K14_RPL27	2.16	1.11	3.95E-07	3.04E-02	No	No	No	Yes	No
EGFRNetmtKRAS-Hi	MAP3K14	RPL15	Q99558	P61313	MAP3K14_RPL15	2.29	1.20	1.31E-06	2.24E-02	No	No	No	No	No
EGFRNetmtKRAS-Hi	MAP3K14	HNRNPM	Q99558	P52272	MAP3K14_HNRNPM	2.99	1.58	8.25E-08	4.46E-03	No	No	No	Yes	No
EGFRNetmtKRAS-Hi	MAP3K14	RPL14	Q99558	P50914	MAP3K14_RPL14	2.75	1.46	2.98E-06	7.59E-03	No	No	No	Yes	No
EGFRNetmtKRAS-Hi	MAP3K14	RPL34	Q99558	P49207	MAP3K14_RPL34	2.23	1.16	1.63E-06	2.59E-02	No	No	No	No	No
EGFRNetmtKRAS-Hi	MAP3K14	RPL28	Q99558	P46779	MAP3K14_RPL28	2.43	1.28	1.88E-06	1.59E-02	No	No	No	No	No
EGFRNetmtKRAS-Hi	MAP3K14	RPL21	Q99558	P46778	MAP3K14_RPL21	2.25	1.17	1.87E-06	2.47E-02	No	No	No	No	No
EGFRNetmtKRAS-Hi	MAP3K14	RPS27	Q99558	P42677	MAP3K14_RPS27	2.09	1.07	2.16E-05	3.58E-02	No	No	No	No	No
EGFRNetmtKRAS-Hi	MAP3K14	RPL13A	Q99558	P40429	MAP3K14_RPL13A	2.67	1.42	2.42E-06	9.10E-03	No	No	No	No	No
EGFRNetmtKRAS-Hi	MAP3K14	RPL3	Q99558	P39023	MAP3K14_RPL3	2.06	1.04	1.80E-06	3.89E-02	No	No	No	Yes	No
EGFRNetmtKRAS-Hi	MAP3K14	RPL4	Q99558	P36578	MAP3K14_RPL4	2.32	1.21	8.65E-07	2.09E-02	No	No	No	Yes	No
EGFRNetmtKRAS-Hi	MAP3K14	RPL9	Q99558	P32969	MAP3K14_RPL9	2.36	1.24	2.38E-06	1.88E-02	No	No	No	Yes	No
EGFRNetmtKRAS-Hi	MAP3K14	RPL10L	Q99558	Q96L21	MAP3K14_RPL10L	2.73	1.45	2.02E-06	7.96E-03	No	No	No	Yes	No
EGFRNetmtKRAS-Hi	MAP3K14	RPL10	Q99558	P27635	MAP3K14_RPL10	2.73	1.45	2.02E-06	7.96E-03	No	No	No	Yes	No
EGFRNetmtKRAS-Hi	MAP3K14	RPL13	Q99558	P26373	MAP3K14_RPL13	2.55	1.35	1.11E-06	1.21E-02	No	No	No	Yes	No
EGFRNetmtKRAS-Hi	MAP3K14	RPL7	Q99558	P18124	MAP3K14_RPL7	2.51	1.33	1.90E-06	1.32E-02	No	No	No	Yes	No
EGFRNetmtKRAS-Hi	MAP3K14	RPL35A	Q99558	P18077	MAP3K14_RPL35A	2.29	1.19	8.78E-07	2.25E-02	No	No	No	No	No
EGFRNetmtKRAS-Hi	MAP3K14	HSPA7	Q99558	P48741	MAP3K14_HSPA7	3.76	1.91	1.32E-03	2.43E-02	No	No	No	No	No
EGFRNetmtKRAS-Hi	MAP3K14	HSPA6	Q99558	P17066	MAP3K14_HSPA6	3.76	1.91	1.32E-03	2.43E-02	No	No	No	Yes	No
EGFRNetmtKRAS-Hi	MAP3K14	SLC25A6	Q99558	P12236	MAP3K14_SLC25A6	2.08	1.06	6.42E-08	3.70E-02	No	No	No	No	No
EGFRNetmtKRAS-Hi	MAP3K14	HSPA8	Q99558	P11142	MAP3K14_HSPA8	6.15	2.62	2.47E-10	3.65E-03	No	No	No	Yes	No
EGFRNetmtKRAS-Hi	MAP3K14	HSPA1B	Q99558	P0DMV9	MAP3K14_P0DMV9	6.83	2.77	6.31E-10	2.30E-03	Yes	No	No	No	No
EGFRNetmtKRAS-Hi	MAP3K14	HSP90AB1	Q99558	P08238	MAP3K14_HSP90AB1	3.73	1.90	6.82E-07	2.48E-02	No	No	No	Yes	No
EGFRNetmtKRAS-Hi	MAP3K14	HSP90AA1	Q99558	P07900	MAP3K14_HSP90AA1	3.69	1.89	2.00E-06	2.57E-02	No	No	No	Yes	No
EGFRNetmtKRAS-Hi	MAP3K14	SLC25A5	Q99558	P05141	MAP3K14_SLC25A5	3.04	1.61	1.83E-08	4.77E-02	No	No	No	No	No
EGFRNetmtKRAS-Hi	MAP3K14	BAG2	Q99558	O95816	MAP3K14_BAG2	4.26	2.09	8.96E-05	1.57E-02	No	No	No	Yes	No
EGFRNetmtKRAS-Hi	MAP3K14	DPM1	Q99558	O60762	MAP3K14_DPM1	2.87	1.52	3.79E-07	5.80E-03	No	No	No	No	No
EGFRNetmtKRAS-Hi	MAP3K14	CHUK	Q99558	O15111	MAP3K14_CHUK	8.08	3.01	4.73E-07	1.05E-03	No	Yes	No	Yes	No
EGFRNetmtKRAS-Hi	MAP3K7	CDC37	O43318	Q16543	MAP3K7_CDC37	6.57	2.72	1.58E-07	4.43E-02	No	No	No	Yes	No
EGFRNetmtKRAS-Hi	MAP3K7	MAP3K7	O43318	O43318	MAP3K7_MAP3K7	13.76	3.78	4.18E-10	9.75E-03	No	No	No	Yes	No
EGFRNetmtKRAS-Hi	MAP4K1	NUDC	Q92918	Q9Y266	MAP4K1_NUDC	4.58	2.19	5.66E-04	8.01E-08	No	No	No	No	No
EGFRNetmtKRAS-Hi	MAP4K1	MAP4K1	Q92918	Q92918	MAP4K1_MAP4K1	6.28	2.65	2.21E-07	1.50E-10	No	No	No	Yes	No
EGFRNetmtKRAS-Hi	MAP4K1	EIF4A1	Q92918	P60842	MAP4K1_EIF4A1	1.97	0.98	1.08E-05	8.02E-03	No	No	No	No	No
EGFRNetmtKRAS-Hi	MAP4K1	MAP2K2	Q92918	P36507	MAP4K1_MAP2K2	4.69	2.23	1.01E-02	5.25E-08	No	No	No	No	No
EGFRNetmtKRAS-Hi	MAP4K1	PHB	Q92918	P35232	MAP4K1_PHB	1.90	0.92	3.77E-02	1.12E-02	No	No	No	No	No
EGFRNetmtKRAS-Hi	MAP4K1	EIF2S2	Q92918	P20042	MAP4K1_EIF2S2	1.61	0.69	5.31E-04	4.13E-02	No	No	No	No	No
EGFRNetmtKRAS-Hi	MAP4K1	HSP90AB1	Q92918	P08238	MAP4K1_HSP90AB1	1.60	0.68	5.37E-05	4.23E-02	No	No	No	Yes	No
EGFRNetmtKRAS-Hi	MAPK1	IPP	P28482	Q9Y573	MAPK1_IPP	5.11	2.35	5.39E-05	7.93E-03	Yes	No	No	No	No
EGFRNetmtKRAS-Hi	MAPK1	MKL2	P28482	Q9ULH7	MAPK1_MKL2	7.51	2.91	4.61E-05	1.43E-03	No	No	No	No	No
EGFRNetmtKRAS-Hi	MAPK1	TUBGCP4	P28482	Q9UGJ1	MAPK1_TUBGCP4	3.22	1.69	1.80E-02	4.24E-02	No	No	No	No	No
EGFRNetmtKRAS-Hi	MAPK1	C2ORF44	P28482	Q9H6R7	MAPK1_C2ORF44	3.28	1.72	1.69E-03	3.98E-02	No	No	No	No	No
EGFRNetmtKRAS-Hi	MAPK1	MKNK1	P28482	Q9BUB5	MAPK1_MKNK1	7.72	2.95	5.32E-03	1.24E-03	No	No	No	Yes	No
EGFRNetmtKRAS-Hi	MAPK1	TUBGCP2	P28482	Q9BSJ2	MAPK1_TUBGCP2	7.42	2.89	2.21E-06	1.51E-03	No	No	No	No	No
EGFRNetmtKRAS-Hi	MAPK1	DUSP9	P28482	Q99956	MAPK1_DUSP9	7.72	2.95	6.49E-06	1.25E-03	No	No	No	Yes	No
EGFRNetmtKRAS-Hi	MAPK1	AGAP3	P28482	Q96P47	MAPK1_AGAP3	8.33	3.06	5.62E-03	8.53E-04	No	No	No	No	No
EGFRNetmtKRAS-Hi	MAPK1	TUBGCP3	P28482	Q96CW5	MAPK1_TUBGCP3	3.34	1.74	1.18E-05	3.77E-02	No	No	No	No	No
EGFRNetmtKRAS-Hi	MAPK1	MKL1	P28482	Q969V6	MAPK1_MKL1	3.48	1.80	2.98E-03	3.29E-02	No	No	No	No	No
EGFRNetmtKRAS-Hi	MAPK1	H1FX	P28482	Q92522	MAPK1_H1FX	3.17	1.66	1.72E-02	4.46E-02	Yes	No	No	No	No
EGFRNetmtKRAS-Hi	MAPK1	RFWD2	P28482	Q8NHY2	MAPK1_RFWD2	3.89	1.96	9.78E-04	2.24E-02	No	No	No	No	No
EGFRNetmtKRAS-Hi	MAPK1	GCC2	P28482	Q8IWJ2	MAPK1_GCC2	3.95	1.98	2.70E-04	2.13E-02	No	No	No	No	No
EGFRNetmtKRAS-Hi	MAPK1	MZT2B	P28482	Q6NZ67	MAPK1_MZT2B	4.63	2.21	1.04E-05	1.18E-02	No	No	No	No	No
EGFRNetmtKRAS-Hi	MAPK1	RPS6KA1	P28482	Q15418	MAPK1_RPS6KA1	8.98	3.17	2.82E-06	5.78E-04	No	No	No	Yes	No
EGFRNetmtKRAS-Hi	MAPK1	TRIM25	P28482	Q14258	MAPK1_TRIM25	3.07	1.62	3.12E-05	4.93E-02	No	No	No	No	No
EGFRNetmtKRAS-Hi	MAPK1	ILK	P28482	Q13418	MAPK1_ILK	3.26	1.70	2.77E-03	4.09E-02	No	No	No	No	No
EGFRNetmtKRAS-Hi	MAPK1	MAPK7	P28482	Q13164	MAPK1_MAPK7	224.84	7.81	2.85E-03	4.49E-16	No	No	No	No	No
EGFRNetmtKRAS-Hi	MAPK1	DUSP4	P28482	Q13115	MAPK1_DUSP4	4.94	2.31	1.84E-05	9.09E-03	Yes	No	No	Yes	No
EGFRNetmtKRAS-Hi	MAPK1	RPS6KA3	P28482	P51812	MAPK1_RPS6KA3	11.67	3.54	3.14E-07	1.37E-04	No	No	No	Yes	No
EGFRNetmtKRAS-Hi	MAPK1	ERF	P28482	P50548	MAPK1_ERF	5.05	2.34	3.45E-05	8.36E-03	Yes	No	No	Yes	No
EGFRNetmtKRAS-Hi	MAPK1	DHPS	P28482	P49366	MAPK1_DHPS	9.92	3.31	6.89E-07	3.39E-04	No	No	No	No	No
EGFRNetmtKRAS-Hi	MAPK1	RAP1GAP	P28482	P47736	MAPK1_RAP1GAP	3.17	1.66	4.68E-03	4.46E-02	No	No	No	No	No
EGFRNetmtKRAS-Hi	MAPK1	ETV3	P28482	P41162	MAPK1_ETV3	6.35	2.67	5.80E-05	3.14E-03	Yes	No	No	No	No
EGFRNetmtKRAS-Hi	MAPK1	MAPK1	P28482	P28482	MAPK1_MAPK1	15.28	3.93	1.61E-07	2.67E-05	No	No	No	Yes	No
EGFRNetmtKRAS-Hi	MAPK1	TUBG2	P28482	Q9NRH3	MAPK1_TUBG2	5.56	2.47	1.79E-05	5.61E-03	No	No	No	No	No
EGFRNetmtKRAS-Hi	MAPK1	TUBG1	P28482	P23258	MAPK1_TUBG1	5.56	2.47	1.79E-05	5.61E-03	No	No	No	No	No
EGFRNetmtKRAS-Hi	MAPK1	RPS6KA4	P28482	O75676	MAPK1_RPS6KA4	3.57	1.84	9.95E-04	3.02E-02	No	No	No	Yes	No
EGFRNetmtKRAS-Hi	MAPK1	SEC16A	P28482	O15027	MAPK1_SEC16A	4.14	2.05	8.30E-05	1.80E-02	No	No	No	No	No
EGFRNetmtKRAS-Hi	MAPK14	PKP3	Q16539	Q9Y446	MAPK14_PKP3	2.85	1.51	3.11E-02	3.24E-05	No	No	No	No	No
EGFRNetmtKRAS-Hi	MAPK14	PRPF31	Q16539	Q8WWY3	MAPK14_PRPF31	1.84	0.88	6.12E-08	9.92E-03	No	No	No	No	No
EGFRNetmtKRAS-Hi	MAPK14	MAPKAPK3	Q16539	Q16644	MAPK14_MAPKAPK3	12.69	3.67	5.33E-07	1.73E-22	No	Yes	No	Yes	Yes
EGFRNetmtKRAS-Hi	MAPK14	MAPK14	Q16539	Q16539	MAPK14_MAPK14	8.97	3.16	4.74E-08	3.07E-17	No	No	No	Yes	Yes
EGFRNetmtKRAS-Hi	MAPK14	EEF1A1P5	Q16539	Q5VTE0	MAPK14_EEF1A1P5	2.74	1.46	4.01E-09	5.93E-05	No	No	No	No	No
EGFRNetmtKRAS-Hi	MAPK14	EEF1A1	Q16539	P68104	MAPK14_EEF1A1	2.74	1.46	4.01E-09	5.93E-05	No	No	No	Yes	No
EGFRNetmtKRAS-Hi	MAPK14	RPL38	Q16539	P63173	MAPK14_RPL38	2.95	1.56	3.34E-06	1.82E-05	No	No	No	No	No
EGFRNetmtKRAS-Hi	MAPK14	RPS20	Q16539	P60866	MAPK14_RPS20	1.61	0.69	2.94E-04	3.39E-02	No	No	No	No	No
EGFRNetmtKRAS-Hi	MAPK14	MAPKAPK2	Q16539	P49137	MAPK14_MAPKAPK2	12.92	3.69	2.18E-07	8.81E-23	No	Yes	No	Yes	Yes
EGFRNetmtKRAS-Hi	MAPK14	IQGAP1	Q16539	P46940	MAPK14_IQGAP1	2.78	1.48	5.48E-05	4.82E-05	No	Yes	No	Yes	No
EGFRNetmtKRAS-Hi	MAPK14	MAP2K3	Q16539	P46734	MAPK14_MAP2K3	11.65	3.54	2.50E-07	5.44E-19	No	Yes	No	Yes	No
EGFRNetmtKRAS-Hi	MAPK14	SNRPN	Q16539	P63162	MAPK14_SNRPN	1.70	0.76	4.81E-02	2.18E-02	No	No	No	No	No
EGFRNetmtKRAS-Hi	MAPK14	SNRPB	Q16539	P14678	MAPK14_SNRPB	1.70	0.76	4.81E-02	2.18E-02	No	No	No	No	No
EGFRNetmtKRAS-Hi	MAPK14	EEF2	Q16539	P13639	MAPK14_EEF2	1.84	0.88	8.21E-04	1.01E-02	No	No	No	Yes	No
EGFRNetmtKRAS-Hi	MAPK14	IMPDH2	Q16539	P12268	MAPK14_IMPDH2	2.66	1.41	1.22E-02	9.58E-05	No	No	No	No	No
EGFRNetmtKRAS-Hi	MAPK14	HSPA8	Q16539	P11142	MAPK14_HSPA8	1.96	0.97	1.30E-05	5.28E-03	No	No	No	No	No
EGFRNetmtKRAS-Hi	MAPK14	HSP90AB1	Q16539	P08238	MAPK14_HSP90AB1	2.21	1.14	1.13E-06	1.29E-03	No	No	No	No	No
EGFRNetmtKRAS-Hi	MAPK14	HSPA1A	Q16539	P08107	MAPK14_HSPA1A	1.57	0.65	1.08E-02	4.31E-02	No	No	No	No	No
EGFRNetmtKRAS-Hi	MAPK14	HSP90AA1	Q16539	P07900	MAPK14_HSP90AA1	2.21	1.14	9.69E-07	1.27E-03	No	No	No	No	No
EGFRNetmtKRAS-Hi	MAPK14	RPS6KA4	Q16539	O75676	MAPK14_RPS6KA4	4.97	2.31	7.86E-04	4.94E-10	No	Yes	No	Yes	No
EGFRNetmtKRAS-Hi	MAPK3	FAM83D	P27361	Q9H4H8	MAPK3_FAM83D	6.36	2.67	1.52E-04	2.86E-03	No	No	No	No	No
EGFRNetmtKRAS-Hi	MAPK3	HSP90AB2P	P27361	Q58FF8	MAPK3_HSP90AB2P	4.93	2.30	7.46E-05	8.62E-03	No	No	No	No	No
EGFRNetmtKRAS-Hi	MAPK3	CDC37	P27361	Q16543	MAPK3_CDC37	5.27	2.40	2.15E-03	6.53E-03	No	No	No	No	No
EGFRNetmtKRAS-Hi	MAPK3	FKBP5	P27361	Q13451	MAPK3_FKBP5	3.20	1.68	1.14E-03	4.11E-02	No	No	No	No	No
EGFRNetmtKRAS-Hi	MAPK3	ILK	P27361	Q13418	MAPK3_ILK	3.04	1.61	7.14E-03	4.82E-02	No	No	No	No	No
EGFRNetmtKRAS-Hi	MAPK3	RPS6KA3	P27361	P51812	MAPK3_RPS6KA3	6.71	2.75	2.97E-06	2.23E-03	No	No	No	Yes	No
EGFRNetmtKRAS-Hi	MAPK3	DHPS	P27361	P49366	MAPK3_DHPS	4.51	2.17	4.27E-05	1.22E-02	No	No	No	Yes	Yes
EGFRNetmtKRAS-Hi	MAPK3	MAPK1	P27361	P28482	MAPK3_MAPK1	4.53	2.18	4.81E-06	1.20E-02	No	No	No	Yes	No
EGFRNetmtKRAS-Hi	MAPK3	MAPK3	P27361	P27361	MAPK3_MAPK3	7.51	2.91	3.05E-06	1.30E-03	No	No	No	Yes	Yes
EGFRNetmtKRAS-Hi	MAPK3	HSPA7	P27361	P48741	MAPK3_HSPA7	5.49	2.46	6.02E-05	5.49E-03	No	No	No	No	No
EGFRNetmtKRAS-Hi	MAPK3	HSPA6	P27361	P17066	MAPK3_HSPA6	5.49	2.46	6.02E-05	5.49E-03	No	No	No	No	No
EGFRNetmtKRAS-Hi	MAPK3	HSPA8	P27361	P11142	MAPK3_HSPA8	4.59	2.20	3.73E-06	1.14E-02	No	No	No	No	No
EGFRNetmtKRAS-Hi	MAPK3	HSPA5	P27361	P11021	MAPK3_HSPA5	5.54	2.47	1.38E-05	5.27E-03	No	No	No	No	No
EGFRNetmtKRAS-Hi	MAPK3	HSP90AB1	P27361	P08238	MAPK3_HSP90AB1	5.50	2.46	2.62E-06	5.44E-03	No	No	No	No	No
EGFRNetmtKRAS-Hi	MAPK3	HSPA1A	P27361	P08107	MAPK3_HSPA1A	4.70	2.23	7.94E-06	1.04E-02	No	No	No	No	No
EGFRNetmtKRAS-Hi	MAPK3	HSP90AA1	P27361	P07900	MAPK3_HSP90AA1	4.22	2.08	1.38E-04	1.58E-02	No	No	No	No	No
EGFRNetmtKRAS-Hi	MAPK7	IVNS1ABP	Q13164	Q9Y6Y0	MAPK7_IVNS1ABP	1.89	0.92	2.94E-02	2.16E-02	No	No	No	No	No
EGFRNetmtKRAS-Hi	MAPK7	RUVBL1	Q13164	Q9Y265	MAPK7_RUVBL1	1.90	0.93	4.18E-02	2.06E-02	No	No	No	No	No
EGFRNetmtKRAS-Hi	MAPK7	RUVBL2	Q13164	Q9Y230	MAPK7_RUVBL2	1.86	0.90	9.26E-03	2.45E-02	No	No	No	No	No
EGFRNetmtKRAS-Hi	MAPK7	CORO1C	Q13164	Q9ULV4	MAPK7_CORO1C	1.81	0.86	1.02E-03	3.00E-02	No	No	No	No	No
EGFRNetmtKRAS-Hi	MAPK7	PFDN2	Q13164	Q9UHV9	MAPK7_PFDN2	13.87	3.79	1.13E-03	3.87E-17	No	No	No	Yes	No
EGFRNetmtKRAS-Hi	MAPK7	LIMA1	Q13164	Q9UHB6	MAPK7_LIMA1	2.20	1.14	2.45E-02	6.15E-03	No	No	No	No	No
EGFRNetmtKRAS-Hi	MAPK7	STK39	Q13164	Q9UEW8	MAPK7_STK39	1.80	0.85	1.52E-02	3.10E-02	No	No	No	No	No
EGFRNetmtKRAS-Hi	MAPK7	ATAD3A	Q13164	Q9NVI7	MAPK7_ATAD3A	3.45	1.79	2.98E-02	4.25E-05	No	No	No	No	No
EGFRNetmtKRAS-Hi	MAPK7	PFDN4	Q13164	Q9NQP4	MAPK7_PFDN4	16.98	4.09	1.21E-04	1.41E-19	No	No	No	Yes	No
EGFRNetmtKRAS-Hi	MAPK7	PFDN5	Q13164	Q99471	MAPK7_PFDN5	13.14	3.72	4.16E-04	1.66E-16	No	No	No	Yes	No
EGFRNetmtKRAS-Hi	MAPK7	MMS19	Q13164	Q96T76	MAPK7_MMS19	2.38	1.25	4.51E-02	3.02E-03	No	No	No	No	No
EGFRNetmtKRAS-Hi	MAPK7	IPO9	Q13164	Q96P70	MAPK7_IPO9	2.47	1.30	9.95E-04	2.10E-03	No	No	No	No	No
EGFRNetmtKRAS-Hi	MAPK7	GLG1	Q13164	Q92896	MAPK7_GLG1	2.11	1.08	6.55E-03	9.07E-03	No	No	No	No	No
EGFRNetmtKRAS-Hi	MAPK7	ACTBL2	Q13164	Q562R1	MAPK7_ACTBL2	1.85	0.89	1.10E-03	2.51E-02	No	No	No	No	No
EGFRNetmtKRAS-Hi	MAPK7	HSD17B12	Q13164	Q53GQ0	MAPK7_HSD17B12	1.81	0.86	5.21E-03	2.98E-02	No	No	No	No	No
EGFRNetmtKRAS-Hi	MAPK7	TIMM50	Q13164	Q3ZCQ8	MAPK7_TIMM50	2.56	1.36	4.70E-02	1.44E-03	No	No	No	No	No
EGFRNetmtKRAS-Hi	MAPK7	KPNB1	Q13164	Q14974	MAPK7_KPNB1	1.68	0.75	5.46E-04	4.99E-02	No	No	No	No	No
EGFRNetmtKRAS-Hi	MAPK7	TUBB2A	Q13164	Q13885	MAPK7_TUBB2A	1.74	0.80	3.86E-02	3.96E-02	No	No	No	No	No
EGFRNetmtKRAS-Hi	MAPK7	MAPK7	Q13164	Q13164	MAPK7_MAPK7	20.73	4.37	2.96E-04	3.73E-22	Yes	No	No	Yes	No
EGFRNetmtKRAS-Hi	MAPK7	ASPH	Q13164	Q12797	MAPK7_ASPH	1.89	0.92	2.49E-02	2.20E-02	No	No	No	No	No
EGFRNetmtKRAS-Hi	MAPK7	SLC7A5	Q13164	Q01650	MAPK7_SLC7A5	2.26	1.18	5.03E-04	4.82E-03	No	No	No	No	No
EGFRNetmtKRAS-Hi	MAPK7	SLC25A3	Q13164	Q00325	MAPK7_SLC25A3	2.92	1.55	2.00E-04	3.39E-04	Yes	No	No	No	No
EGFRNetmtKRAS-Hi	MAPK7	TUBB4B	Q13164	P68371	MAPK7_TUBB4B	1.73	0.79	3.61E-04	4.19E-02	No	No	No	No	No
EGFRNetmtKRAS-Hi	MAPK7	TUBA1B	Q13164	P68363	MAPK7_TUBA1B	1.76	0.82	2.91E-04	3.62E-02	No	No	No	No	No
EGFRNetmtKRAS-Hi	MAPK7	ACTG1	Q13164	P63261	MAPK7_ACTG1	1.79	0.84	4.95E-02	3.29E-02	No	No	No	No	No
EGFRNetmtKRAS-Hi	MAPK7	VBP1	Q13164	P61758	MAPK7_VBP1	9.21	3.20	3.40E-04	9.80E-13	No	No	No	Yes	No
EGFRNetmtKRAS-Hi	MAPK7	PRPS1	Q13164	P60891	MAPK7_PRPS1	1.78	0.84	1.38E-02	3.32E-02	No	No	No	No	No
EGFRNetmtKRAS-Hi	MAPK7	TMEM33	Q13164	P57088	MAPK7_TMEM33	2.92	1.55	4.67E-03	3.37E-04	No	No	No	No	No
EGFRNetmtKRAS-Hi	MAPK7	DNAJA1	Q13164	P31689	MAPK7_DNAJA1	1.84	0.88	1.79E-02	2.70E-02	No	No	No	No	No
EGFRNetmtKRAS-Hi	MAPK7	ALDH1B1	Q13164	P30837	MAPK7_ALDH1B1	2.03	1.02	4.83E-02	1.25E-02	Yes	No	No	No	No
EGFRNetmtKRAS-Hi	MAPK7	PRKACA	Q13164	P17612	MAPK7_PRKACA	1.90	0.92	1.34E-02	2.11E-02	No	No	No	No	No
EGFRNetmtKRAS-Hi	MAPK7	ATP2A2	Q13164	P16615	MAPK7_ATP2A2	1.78	0.84	1.28E-03	3.31E-02	No	No	No	No	No
EGFRNetmtKRAS-Hi	MAPK7	SLC25A4	Q13164	P12235	MAPK7_SLC25A4	2.36	1.24	9.61E-04	3.29E-03	No	No	No	No	No
EGFRNetmtKRAS-Hi	MAPK7	SLC25A6	Q13164	P12236	MAPK7_SLC25A6	2.36	1.24	9.61E-04	3.29E-03	No	No	No	No	No
EGFRNetmtKRAS-Hi	MAPK7	HSPA8	Q13164	P11142	MAPK7_HSPA8	1.89	0.91	7.07E-03	2.22E-02	No	No	No	No	No
EGFRNetmtKRAS-Hi	MAPK7	PRKAR1A	Q13164	P10644	MAPK7_PRKAR1A	1.77	0.83	1.20E-02	3.44E-02	No	No	No	No	No
EGFRNetmtKRAS-Hi	MAPK7	SLC3A2	Q13164	P08195	MAPK7_SLC3A2	1.78	0.83	2.82E-04	3.40E-02	No	No	No	No	No
EGFRNetmtKRAS-Hi	MAPK7	HSPA1A	Q13164	P08107	MAPK7_HSPA1A	1.80	0.85	9.76E-03	3.06E-02	No	No	No	No	No
EGFRNetmtKRAS-Hi	MAPK7	SLC25A5	Q13164	P05141	MAPK7_SLC25A5	2.10	1.07	1.46E-04	9.15E-03	No	No	No	No	No
EGFRNetmtKRAS-Hi	MAPK7	TUBB4A	Q13164	P04350	MAPK7_TUBB4A	1.90	0.93	5.88E-03	2.09E-02	No	No	No	No	No
EGFRNetmtKRAS-Hi	MAPK7	BAG2	Q13164	O95816	MAPK7_BAG2	3.14	1.65	9.63E-03	1.41E-04	Yes	No	No	No	No
EGFRNetmtKRAS-Hi	MAPK7	PFDN1	Q13164	O60925	MAPK7_PFDN1	14.51	3.86	2.72E-03	1.15E-17	No	No	No	Yes	No
EGFRNetmtKRAS-Hi	MAPK7	H2BFS	Q13164	P57053	MAPK7_H2BFS	1.69	0.76	4.70E-02	4.81E-02	No	No	No	No	No
EGFRNetmtKRAS-Hi	MAPK7	HIST1H2BL	Q13164	Q99880	MAPK7_HIST1H2BL	1.69	0.76	4.70E-02	4.81E-02	No	No	No	No	No
EGFRNetmtKRAS-Hi	MAPK7	HIST1H2BM	Q13164	Q99879	MAPK7_HIST1H2BM	1.69	0.76	4.70E-02	4.81E-02	No	No	No	No	No
EGFRNetmtKRAS-Hi	MAPK7	HIST1H2BN	Q13164	Q99877	MAPK7_HIST1H2BN	1.69	0.76	4.70E-02	4.81E-02	No	No	No	No	No
EGFRNetmtKRAS-Hi	MAPK7	HIST1H2BH	Q13164	Q93079	MAPK7_HIST1H2BH	1.69	0.76	4.70E-02	4.81E-02	No	No	No	No	No
EGFRNetmtKRAS-Hi	MAPK7	HIST2H2BF	Q13164	Q5QNW6	MAPK7_HIST2H2BF	1.69	0.76	4.70E-02	4.81E-02	No	No	No	No	No
EGFRNetmtKRAS-Hi	MAPK7	HIST1H2BC	Q13164	P62807	MAPK7_HIST1H2BC	1.69	0.76	4.70E-02	4.81E-02	No	No	No	No	No
EGFRNetmtKRAS-Hi	MAPK7	HIST1H2BD	Q13164	P58876	MAPK7_HIST1H2BD	1.69	0.76	4.70E-02	4.81E-02	No	No	No	No	No
EGFRNetmtKRAS-Hi	MAPK7	HIST1H2BK	Q13164	O60814	MAPK7_HIST1H2BK	1.69	0.76	4.70E-02	4.81E-02	No	No	No	No	No
EGFRNetmtKRAS-Hi	MAPK7	DPM1	Q13164	O60762	MAPK7_DPM1	1.75	0.80	1.89E-02	3.86E-02	No	No	No	No	No
EGFRNetmtKRAS-Hi	MAPK7	PRPSAP2	Q13164	O60256	MAPK7_PRPSAP2	1.90	0.93	1.50E-02	2.07E-02	No	No	No	No	No
EGFRNetmtKRAS-Hi	MAPK7	PFDN6	Q13164	O15212	MAPK7_PFDN6	15.60	3.96	2.88E-04	1.56E-18	Yes	No	No	Yes	No
EGFRNetmtKRAS-Hi	MAPK8	RUVBL1	P45983	Q9Y265	MAPK8_RUVBL1	1.38	0.47	4.88E-02	1.33E-02	No	No	No	No	No
EGFRNetmtKRAS-Hi	MAPK8	PRPSAP1	P45983	Q14558	MAPK8_PRPSAP1	1.42	0.51	4.83E-02	7.43E-03	No	No	No	No	No
EGFRNetmtKRAS-Hi	MAPK8	MAPK8	P45983	P45983	MAPK8_MAPK8	14.05	3.81	6.43E-06	4.26E-77	No	No	No	Yes	No
EGFRNetmtKRAS-Hi	MTA2	MRPS23	O94776	Q9Y3D9	MTA2_MRPS23	4.13	2.05	4.53E-02	2.18E-09	Yes	No	No	No	No
EGFRNetmtKRAS-Hi	MTA2	LIMA1	O94776	Q9UHB6	MTA2_LIMA1	1.65	0.73	8.41E-03	1.80E-02	Yes	No	No	No	No
EGFRNetmtKRAS-Hi	MTA2	TMOD3	O94776	Q9NYL9	MTA2_TMOD3	2.05	1.04	1.96E-02	1.40E-03	No	No	No	No	No
EGFRNetmtKRAS-Hi	MTA2	BOLA2	O94776	Q9H3K6	MTA2_BOLA2	1.62	0.69	3.28E-02	2.25E-02	No	No	No	No	No
EGFRNetmtKRAS-Hi	MTA2	SLIRP	O94776	Q9GZT3	MTA2_SLIRP	5.25	2.39	4.61E-03	3.39E-12	No	No	No	No	No
EGFRNetmtKRAS-Hi	MTA2	HDAC2	O94776	Q92769	MTA2_HDAC2	9.32	3.22	1.40E-05	1.33E-20	No	No	No	Yes	Yes
EGFRNetmtKRAS-Hi	MTA2	MTMR14	O94776	Q8NCE2	MTA2_MTMR14	2.78	1.47	3.22E-02	1.13E-05	No	No	No	No	No
EGFRNetmtKRAS-Hi	MTA2	DHX30	O94776	Q7L2E3	MTA2_DHX30	1.60	0.68	3.11E-02	2.52E-02	No	No	No	No	No
EGFRNetmtKRAS-Hi	MTA2	RBBP7	O94776	Q16576	MTA2_RBBP7	24.48	4.61	1.29E-05	3.47E-40	No	Yes	No	Yes	Yes
EGFRNetmtKRAS-Hi	MTA2	PCBP1	O94776	Q15365	MTA2_PCBP1	3.34	1.74	4.63E-02	2.83E-07	No	No	No	No	No
EGFRNetmtKRAS-Hi	MTA2	HDAC1	O94776	Q13547	MTA2_HDAC1	4.88	2.29	2.07E-04	2.61E-11	No	Yes	No	Yes	Yes
EGFRNetmtKRAS-Hi	MTA2	G3BP1	O94776	Q13283	MTA2_G3BP1	1.62	0.69	1.68E-02	2.25E-02	Yes	No	No	No	No
EGFRNetmtKRAS-Hi	MTA2	RBBP4	O94776	Q09028	MTA2_RBBP4	8.37	3.07	1.71E-05	7.55E-19	No	No	No	Yes	No
EGFRNetmtKRAS-Hi	MTA2	KHDRBS1	O94776	Q07666	MTA2_KHDRBS1	3.79	1.92	3.70E-02	1.70E-08	Yes	No	No	No	No
EGFRNetmtKRAS-Hi	MTA2	MRPS34	O94776	P82930	MTA2_MRPS34	2.16	1.11	3.86E-02	6.82E-04	No	No	No	No	No
EGFRNetmtKRAS-Hi	MTA2	FBL	O94776	P22087	MTA2_FBL	1.75	0.80	4.27E-02	1.02E-02	No	No	No	No	No
EGFRNetmtKRAS-Hi	MTA2	PABPC3	O94776	Q9H361	MTA2_PABPC3	1.61	0.69	4.21E-02	2.29E-02	No	No	No	No	No
EGFRNetmtKRAS-Hi	MTA2	PABPC1	O94776	P11940	MTA2_PABPC1	1.61	0.69	4.21E-02	2.29E-02	Yes	No	No	No	No
EGFRNetmtKRAS-Hi	MTA2	SLC25A5	O94776	P05141	MTA2_SLC25A5	1.53	0.61	7.71E-03	3.86E-02	No	No	No	No	No
EGFRNetmtKRAS-Hi	MTA2	MTA2	O94776	O94776	MTA2_MTA2	14.10	3.82	1.87E-06	3.71E-28	No	No	No	No	Yes
EGFRNetmtKRAS-Hi	MTA2	MRPS14	O94776	O60783	MTA2_MRPS14	4.13	2.05	4.51E-02	2.16E-09	Yes	No	No	No	No
EGFRNetmtKRAS-Hi	MTA2	EEF1E1	O94776	O43324	MTA2_EEF1E1	1.50	0.58	2.68E-02	4.62E-02	No	No	No	No	No
EGFRNetmtKRAS-Hi	MYLK2	NOP58	Q9H1R3	Q9Y2X3	MYLK2_NOP58	3.61	1.85	4.65E-02	4.41E-03	Yes	No	No	No	No
EGFRNetmtKRAS-Hi	MYLK2	RALY	Q9H1R3	Q9UKM9	MYLK2_RALY	4.17	2.06	4.19E-02	1.80E-03	Yes	No	No	No	No
EGFRNetmtKRAS-Hi	MYLK2	DDX18	Q9H1R3	Q9NVP1	MYLK2_DDX18	3.36	1.75	2.35E-02	6.75E-03	Yes	No	No	No	No
EGFRNetmtKRAS-Hi	MYLK2	NAT10	Q9H1R3	Q9H0A0	MYLK2_NAT10	7.19	2.85	9.43E-04	2.87E-05	Yes	No	No	No	No
EGFRNetmtKRAS-Hi	MYLK2	EBNA1BP2	Q9H1R3	Q99848	MYLK2_EBNA1BP2	3.09	1.63	2.67E-02	1.07E-02	Yes	No	No	No	No
EGFRNetmtKRAS-Hi	MYLK2	CDC5L	Q9H1R3	Q99459	MYLK2_CDC5L	4.17	2.06	4.01E-02	1.81E-03	No	No	No	No	No
EGFRNetmtKRAS-Hi	MYLK2	HIST3H2A	Q9H1R3	Q7L7L0	MYLK2_HIST3H2A	4.36	2.13	4.39E-02	1.34E-03	No	No	No	No	No
EGFRNetmtKRAS-Hi	MYLK2	HIST1H2AB	Q9H1R3	P04908	MYLK2_HIST1H2AB	4.36	2.13	4.39E-02	1.34E-03	Yes	No	No	No	No
EGFRNetmtKRAS-Hi	MYLK2	HIST1H2AC	Q9H1R3	Q93077	MYLK2_HIST1H2AC	4.36	2.13	4.39E-02	1.34E-03	No	No	No	No	No
EGFRNetmtKRAS-Hi	MYLK2	BRIX1	Q9H1R3	Q8TDN6	MYLK2_BRIX1	5.06	2.34	4.95E-02	4.72E-04	Yes	No	No	No	No
EGFRNetmtKRAS-Hi	MYLK2	FTSJ3	Q9H1R3	Q8IY81	MYLK2_FTSJ3	5.08	2.34	2.43E-02	4.61E-04	Yes	No	No	No	No
EGFRNetmtKRAS-Hi	MYLK2	CDC37	Q9H1R3	Q16543	MYLK2_CDC37	3.65	1.87	3.49E-05	4.18E-03	Yes	No	No	No	No
EGFRNetmtKRAS-Hi	MYLK2	SAFB	Q9H1R3	Q15424	MYLK2_SAFB	4.83	2.27	3.56E-02	6.57E-04	Yes	No	No	No	No
EGFRNetmtKRAS-Hi	MYLK2	WDR43	Q9H1R3	Q15061	MYLK2_WDR43	2.30	1.20	4.84E-02	4.48E-02	Yes	No	No	No	No
EGFRNetmtKRAS-Hi	MYLK2	RRS1	Q9H1R3	Q15050	MYLK2_RRS1	2.28	1.19	4.94E-02	4.69E-02	Yes	No	No	No	No
EGFRNetmtKRAS-Hi	MYLK2	LMNB2	Q9H1R3	Q03252	MYLK2_LMNB2	5.11	2.35	4.59E-02	4.39E-04	Yes	No	No	No	No
EGFRNetmtKRAS-Hi	MYLK2	H3F3C	Q9H1R3	Q6NXT2	MYLK2_H3F3C	4.02	2.01	7.70E-03	2.29E-03	No	No	No	No	No
EGFRNetmtKRAS-Hi	MYLK2	HIST2H3A	Q9H1R3	Q71DI3	MYLK2_HIST2H3A	4.02	2.01	7.70E-03	2.29E-03	No	No	No	No	No
EGFRNetmtKRAS-Hi	MYLK2	HIST3H3	Q9H1R3	Q16695	MYLK2_HIST3H3	4.02	2.01	7.70E-03	2.29E-03	No	No	No	No	No
EGFRNetmtKRAS-Hi	MYLK2	H3F3A	Q9H1R3	P84243	MYLK2_H3F3A	4.02	2.01	7.70E-03	2.29E-03	Yes	No	No	No	No
EGFRNetmtKRAS-Hi	MYLK2	HIST1H3A	Q9H1R3	P68431	MYLK2_HIST1H3A	4.02	2.01	7.70E-03	2.29E-03	No	No	No	No	No
EGFRNetmtKRAS-Hi	MYLK2	HIST1H4A	Q9H1R3	P62805	MYLK2_HIST1H4A	3.54	1.82	6.97E-03	4.98E-03	Yes	No	No	No	No
EGFRNetmtKRAS-Hi	MYLK2	CALM1	Q9H1R3	P62158	MYLK2_CALM1	2.37	1.25	2.44E-02	3.93E-02	No	No	No	No	No
EGFRNetmtKRAS-Hi	MYLK2	ADAR	Q9H1R3	P55265	MYLK2_ADAR	2.93	1.55	4.00E-02	1.44E-02	Yes	No	No	No	No
EGFRNetmtKRAS-Hi	MYLK2	HNRNPA3	Q9H1R3	P51991	MYLK2_HNRNPA3	2.51	1.33	3.99E-02	3.04E-02	Yes	No	No	No	No
EGFRNetmtKRAS-Hi	MYLK2	RCC1	Q9H1R3	P18754	MYLK2_RCC1	6.12	2.61	2.07E-02	1.10E-04	Yes	No	No	No	No
EGFRNetmtKRAS-Hi	MYLK2	TOP1	Q9H1R3	P11387	MYLK2_TOP1	4.43	2.15	7.50E-03	1.20E-03	Yes	No	No	No	No
EGFRNetmtKRAS-Hi	MYLK2	H2AFV	Q9H1R3	Q71UI9	MYLK2_H2AFV	4.34	2.12	3.03E-02	1.39E-03	Yes	No	No	No	No
EGFRNetmtKRAS-Hi	MYLK2	H2AFZ	Q9H1R3	P0C0S5	MYLK2_H2AFZ	4.34	2.12	3.03E-02	1.39E-03	No	No	No	No	No
EGFRNetmtKRAS-Hi	MYLK2	HNRNPA1L2	Q9H1R3	Q32P51	MYLK2_HNRNPA1L2	2.73	1.45	2.49E-02	2.03E-02	No	No	No	No	No
EGFRNetmtKRAS-Hi	MYLK2	HNRNPA1	Q9H1R3	P09651	MYLK2_HNRNPA1	2.73	1.45	2.49E-02	2.03E-02	Yes	No	No	No	No
EGFRNetmtKRAS-Hi	MYLK2	HSP90AB3P	Q9H1R3	Q58FF7	MYLK2_HSP90AB3P	2.38	1.25	3.35E-04	3.88E-02	Yes	No	No	No	No
EGFRNetmtKRAS-Hi	MYLK2	HSP90AB1	Q9H1R3	P08238	MYLK2_HSP90AB1	2.38	1.25	3.35E-04	3.88E-02	Yes	No	No	Yes	No
EGFRNetmtKRAS-Hi	MYLK2	HNRNPCL1	Q9H1R3	O60812	MYLK2_HNRNPCL1	2.90	1.54	4.94E-02	1.51E-02	No	No	No	No	No
EGFRNetmtKRAS-Hi	MYLK2	HNRNPC	Q9H1R3	P07910	MYLK2_HNRNPC	2.90	1.54	4.94E-02	1.51E-02	Yes	No	No	No	No
EGFRNetmtKRAS-Hi	MYLK2	SMARCA5	Q9H1R3	O60264	MYLK2_SMARCA5	6.27	2.65	2.84E-02	9.07E-05	Yes	No	No	No	No
EGFRNetmtKRAS-Hi	MYLK2	NOP56	Q9H1R3	O00567	MYLK2_NOP56	2.56	1.36	4.72E-02	2.79E-02	Yes	No	No	No	No
EGFRNetmtKRAS-Hi	MYLK2	PES1	Q9H1R3	O00541	MYLK2_PES1	4.00	2.00	3.89E-02	2.35E-03	Yes	No	No	No	No
EGFRNetmtKRAS-Hi	MYLK2	MYLK2	Q9H1R3	Q9H1R3	MYLK2_MYLK2	5.44	2.44	7.12E-07	2.74E-04	Yes	No	No	No	No
EGFRNetmtKRAS-Hi	MYLK2	MYLK	Q9H1R3	Q15746	MYLK2_MYLK	11.44	3.52	3.28E-05	3.29E-07	Yes	No	No	No	No
EGFRNetmtKRAS-Hi	NCK1	IVNS1ABP	P16333	Q9Y6Y0	NCK1_IVNS1ABP	1.59	0.67	5.20E-03	1.08E-02	Yes	No	No	No	No
EGFRNetmtKRAS-Hi	NCK1	GIT1	P16333	Q9Y2X7	NCK1_GIT1	5.41	2.44	1.34E-06	5.81E-17	No	No	No	Yes	No
EGFRNetmtKRAS-Hi	NCK1	PRPSAP1	P16333	Q14558	NCK1_PRPSAP1	2.06	1.05	5.67E-03	1.85E-04	Yes	No	No	No	No
EGFRNetmtKRAS-Hi	NCK1	GIT2	P16333	Q14161	NCK1_GIT2	5.80	2.54	1.64E-04	3.21E-18	Yes	No	No	Yes	No
EGFRNetmtKRAS-Hi	NCK1	ARHGEF7	P16333	Q14155	NCK1_ARHGEF7	2.86	1.51	1.92E-04	1.27E-07	Yes	No	No	Yes	No
EGFRNetmtKRAS-Hi	NCK1	PRPS1	P16333	P60891	NCK1_PRPS1	2.89	1.53	5.53E-03	9.37E-08	Yes	No	No	No	No
EGFRNetmtKRAS-Hi	NCK1	NCK1	P16333	P16333	NCK1_NCK1	14.75	3.88	2.40E-12	4.20E-40	Yes	No	No	No	Yes
EGFRNetmtKRAS-Hi	NCK1	JUP	P16333	P14923	NCK1_JUP	3.12	1.64	2.81E-02	1.20E-08	No	No	No	No	No
EGFRNetmtKRAS-Hi	NCK1	MBP	P16333	P02686	NCK1_MBP	2.22	1.15	2.21E-02	4.40E-05	No	No	No	No	No
EGFRNetmtKRAS-Hi	NCK1	PRPSAP2	P16333	O60256	NCK1_PRPSAP2	2.45	1.29	5.63E-03	5.33E-06	Yes	No	No	No	No
EGFRNetmtKRAS-Hi	NCK1	NCK2	P16333	O43639	NCK1_NCK2	31.02	4.96	1.85E-08	5.35E-64	No	Yes	No	Yes	No
EGFRNetmtKRAS-Hi	NME1	RUVBL1	P15531	Q9Y265	NME1_RUVBL1	1.48	0.56	2.00E-03	4.89E-02	No	No	No	No	No
EGFRNetmtKRAS-Hi	NME1	C20ORF11	P15531	Q9NWU2	NME1_C20ORF11	1.51	0.59	3.97E-02	4.16E-02	No	No	No	No	No
EGFRNetmtKRAS-Hi	NME1	CCT7	P15531	Q99832	NME1_CCT7	1.99	0.99	3.57E-09	2.14E-03	No	No	No	No	No
EGFRNetmtKRAS-Hi	NME1	PGAM5	P15531	Q96HS1	NME1_PGAM5	2.18	1.12	1.07E-10	6.49E-04	Yes	No	No	No	No
EGFRNetmtKRAS-Hi	NME1	RANBP10	P15531	Q6VN20	NME1_RANBP10	1.48	0.57	2.10E-02	4.82E-02	No	No	No	No	No
EGFRNetmtKRAS-Hi	NME1	TRIM28	P15531	Q13263	NME1_TRIM28	1.54	0.62	1.45E-04	3.49E-02	No	No	No	No	No
EGFRNetmtKRAS-Hi	NME1	PRDX1	P15531	Q06830	NME1_PRDX1	1.59	0.67	6.84E-07	2.60E-02	Yes	No	No	No	No
EGFRNetmtKRAS-Hi	NME1	DSG1	P15531	Q02413	NME1_DSG1	6.72	2.75	1.55E-02	4.49E-15	No	No	No	No	No
EGFRNetmtKRAS-Hi	NME1	CCT2	P15531	P78371	NME1_CCT2	2.12	1.08	6.64E-09	9.37E-04	No	No	No	No	No
EGFRNetmtKRAS-Hi	NME1	YWHAZ	P15531	P63104	NME1_YWHAZ	1.66	0.73	3.70E-04	1.71E-02	No	No	No	No	No
EGFRNetmtKRAS-Hi	NME1	RARS	P15531	P54136	NME1_RARS	1.72	0.79	6.52E-04	1.15E-02	Yes	No	No	No	No
EGFRNetmtKRAS-Hi	NME1	CCT4	P15531	P50991	NME1_CCT4	2.05	1.03	1.58E-09	1.51E-03	No	No	No	No	No
EGFRNetmtKRAS-Hi	NME1	CCT8	P15531	P50990	NME1_CCT8	2.09	1.06	1.49E-09	1.17E-03	No	No	No	No	No
EGFRNetmtKRAS-Hi	NME1	CCT3	P15531	P49368	NME1_CCT3	2.04	1.03	7.97E-10	1.57E-03	No	No	No	No	No
EGFRNetmtKRAS-Hi	NME1	FASN	P15531	P49327	NME1_FASN	1.82	0.86	2.37E-04	6.32E-03	No	No	No	No	No
EGFRNetmtKRAS-Hi	NME1	CCT5	P15531	P48643	NME1_CCT5	1.83	0.87	1.32E-07	5.99E-03	No	No	No	No	No
EGFRNetmtKRAS-Hi	NME1	IARS	P15531	P41252	NME1_IARS	1.59	0.67	6.19E-03	2.59E-02	Yes	No	No	No	No
EGFRNetmtKRAS-Hi	NME1	CCT6A	P15531	P40227	NME1_CCT6A	2.06	1.05	7.97E-10	1.35E-03	No	No	No	No	No
EGFRNetmtKRAS-Hi	NME1	HSPA9	P15531	P38646	NME1_HSPA9	2.93	1.55	3.83E-05	5.23E-06	No	No	No	No	No
EGFRNetmtKRAS-Hi	NME1	PRDX6	P15531	P30041	NME1_PRDX6	2.13	1.09	1.12E-03	9.11E-04	No	No	No	No	No
EGFRNetmtKRAS-Hi	NME1	PTPN6	P15531	P29350	NME1_PTPN6	5.30	2.41	7.10E-04	5.32E-12	No	No	No	No	No
EGFRNetmtKRAS-Hi	NME1	YWHAQ	P15531	P27348	NME1_YWHAQ	2.72	1.45	6.94E-04	1.93E-05	No	No	No	No	No
EGFRNetmtKRAS-Hi	NME1	VARS	P15531	P26640	NME1_VARS	1.51	0.59	2.00E-03	4.13E-02	Yes	No	No	No	No
EGFRNetmtKRAS-Hi	NME1	NME2P1	P15531	O60361	NME1_NME2P1	22.99	4.52	3.42E-07	2.92E-37	No	No	No	No	No
EGFRNetmtKRAS-Hi	NME1	NME2	P15531	P22392	NME1_NME2	22.99	4.52	3.42E-07	2.92E-37	No	No	No	Yes	No
EGFRNetmtKRAS-Hi	NME1	TCP1	P15531	P17987	NME1_TCP1	2.04	1.03	9.45E-10	1.56E-03	No	No	No	No	No
EGFRNetmtKRAS-Hi	NME1	DSP	P15531	P15924	NME1_DSP	8.37	3.07	1.07E-02	2.93E-18	No	No	No	No	No
EGFRNetmtKRAS-Hi	NME1	NME1	P15531	P15531	NME1_NME1	16.07	4.01	8.65E-10	1.03E-29	No	No	Yes	Yes	No
EGFRNetmtKRAS-Hi	NME1	EEF2	P15531	P13639	NME1_EEF2	1.79	0.84	1.68E-06	7.41E-03	No	No	No	No	No
EGFRNetmtKRAS-Hi	NME1	IMPDH2	P15531	P12268	NME1_IMPDH2	2.23	1.16	1.63E-02	4.51E-04	No	No	No	No	No
EGFRNetmtKRAS-Hi	NME1	HSPA8	P15531	P11142	NME1_HSPA8	1.90	0.93	6.80E-10	3.81E-03	No	No	No	No	No
EGFRNetmtKRAS-Hi	NME1	HSPA5	P15531	P11021	NME1_HSPA5	2.41	1.27	2.40E-07	1.42E-04	No	No	No	No	No
EGFRNetmtKRAS-Hi	NME1	HSPD1	P15531	P10809	NME1_HSPD1	2.00	1.00	1.81E-06	2.08E-03	No	No	No	No	No
EGFRNetmtKRAS-Hi	NME1	HSPA1A	P15531	P08107	NME1_HSPA1A	2.39	1.26	1.30E-10	1.68E-04	Yes	No	No	No	No
EGFRNetmtKRAS-Hi	NME1	TUBB	P15531	P07437	NME1_TUBB	1.53	0.61	1.60E-05	3.71E-02	No	No	No	No	No
EGFRNetmtKRAS-Hi	NME1	HSPB1	P15531	P04792	NME1_HSPB1	1.52	0.60	1.89E-02	3.93E-02	No	No	No	No	No
EGFRNetmtKRAS-Hi	NME1-NME2	PLBD2	Q32Q12	Q8NHP8	NME1-NME2_PLBD2	2.61	1.38	4.85E-02	1.69E-06	Yes	No	No	No	No
EGFRNetmtKRAS-Hi	NME1-NME2	RCN2	Q32Q12	Q14257	NME1-NME2_RCN2	1.77	0.82	2.15E-05	2.93E-03	No	No	No	No	No
EGFRNetmtKRAS-Hi	NME1-NME2	WARS	Q32Q12	P23381	NME1-NME2_WARS	1.61	0.68	4.64E-02	1.11E-02	No	No	No	No	No
EGFRNetmtKRAS-Hi	NME1-NME2	NME2P1	Q32Q12	O60361	NME1-NME2_NME2P1	22.45	4.49	5.01E-07	5.91E-52	No	No	No	No	No
EGFRNetmtKRAS-Hi	NME1-NME2	NME2	Q32Q12	P22392	NME1-NME2_NME2	22.45	4.49	5.01E-07	5.91E-52	No	No	No	No	No
EGFRNetmtKRAS-Hi	NME1-NME2	NME1	Q32Q12	P15531	NME1-NME2_NME1	15.74	3.98	4.77E-08	3.31E-41	No	No	No	No	No
EGFRNetmtKRAS-Hi	NME1-NME2	HSPA8	Q32Q12	P11142	NME1-NME2_HSPA8	1.61	0.68	1.39E-06	1.12E-02	No	No	No	No	No
EGFRNetmtKRAS-Hi	NME1-NME2	HSPA5	Q32Q12	P11021	NME1-NME2_HSPA5	1.61	0.69	1.89E-04	1.06E-02	No	No	No	No	No
EGFRNetmtKRAS-Hi	NME1-NME2	HSPA1A	Q32Q12	P08107	NME1-NME2_HSPA1A	1.48	0.56	2.85E-06	3.01E-02	No	No	No	No	No
EGFRNetmtKRAS-Hi	NME1-NME2	BAG2	Q32Q12	O95816	NME1-NME2_BAG2	2.19	1.13	2.52E-04	7.24E-05	No	No	No	No	No
EGFRNetmtKRAS-Hi	NME1-NME2	CALU	Q32Q12	O43852	NME1-NME2_CALU	1.43	0.52	2.63E-04	4.16E-02	No	No	No	No	No
EGFRNetmtKRAS-Hi	NME1-NME2	SART1	Q32Q12	O43290	NME1-NME2_SART1	1.50	0.58	1.99E-04	2.55E-02	No	No	No	No	No
EGFRNetmtKRAS-Hi	NME1-NME2	MYLK2	Q32Q12	Q9H1R3	NME1-NME2_MYLK2	4.00	2.00	2.53E-02	8.96E-12	No	No	No	No	No
EGFRNetmtKRAS-Hi	PAK1	IVNS1ABP	Q13153	Q9Y6Y0	PAK1_IVNS1ABP	2.77	1.47	1.88E-03	2.80E-05	No	No	No	No	No
EGFRNetmtKRAS-Hi	PAK1	GIT1	Q13153	Q9Y2X7	PAK1_GIT1	16.28	4.02	1.12E-08	1.52E-28	Yes	No	No	Yes	No
EGFRNetmtKRAS-Hi	PAK1	RUVBL1	Q13153	Q9Y265	PAK1_RUVBL1	1.65	0.72	1.38E-05	2.32E-02	Yes	No	No	No	No
EGFRNetmtKRAS-Hi	PAK1	HIGD1C	Q13153	A8MV81	PAK1_HIGD1C	5.52	2.46	1.29E-03	7.29E-12	No	No	No	No	No
EGFRNetmtKRAS-Hi	PAK1	HIGD1A	Q13153	Q9Y241	PAK1_HIGD1A	5.52	2.46	1.29E-03	7.29E-12	No	No	No	No	No
EGFRNetmtKRAS-Hi	PAK1	RUVBL2	Q13153	Q9Y230	PAK1_RUVBL2	1.67	0.74	1.10E-04	2.06E-02	Yes	No	No	No	No
EGFRNetmtKRAS-Hi	PAK1	ACSL5	Q13153	Q9ULC5	PAK1_ACSL5	2.02	1.01	5.16E-06	2.65E-03	Yes	No	No	No	No
EGFRNetmtKRAS-Hi	PAK1	PDP1	Q13153	Q9P0J1	PAK1_PDP1	1.59	0.67	3.90E-02	3.20E-02	No	No	No	No	No
EGFRNetmtKRAS-Hi	PAK1	SLC25A22	Q13153	Q9H936	PAK1_SLC25A22	4.27	2.10	2.60E-06	4.59E-09	No	No	No	No	No
EGFRNetmtKRAS-Hi	PAK1	TUBB6	Q13153	Q9BUF5	PAK1_TUBB6	2.42	1.28	7.03E-05	2.26E-04	No	No	No	No	No
EGFRNetmtKRAS-Hi	PAK1	RIOK1	Q13153	Q9BRS2	PAK1_RIOK1	1.63	0.71	3.86E-02	2.58E-02	No	No	No	No	No
EGFRNetmtKRAS-Hi	PAK1	TUBA1C	Q13153	Q9BQE3	PAK1_TUBA1C	1.71	0.77	2.13E-04	1.69E-02	No	No	No	No	No
EGFRNetmtKRAS-Hi	PAK1	MMS19	Q13153	Q96T76	PAK1_MMS19	1.71	0.77	6.40E-04	1.67E-02	No	No	No	No	No
EGFRNetmtKRAS-Hi	PAK1	PGAM5	Q13153	Q96HS1	PAK1_PGAM5	1.83	0.87	3.95E-03	8.45E-03	No	No	No	No	No
EGFRNetmtKRAS-Hi	PAK1	GCN1L1	Q13153	Q92616	PAK1_GCN1L1	2.29	1.20	4.31E-05	5.12E-04	No	No	No	No	No
EGFRNetmtKRAS-Hi	PAK1	SLC39A7	Q13153	Q92504	PAK1_SLC39A7	1.95	0.96	4.42E-02	4.15E-03	No	No	No	No	No
EGFRNetmtKRAS-Hi	PAK1	TUBA3E	Q13153	Q6PEY2	PAK1_TUBA3E	1.99	0.99	1.15E-05	3.20E-03	No	No	No	No	No
EGFRNetmtKRAS-Hi	PAK1	TUBA3C	Q13153	Q13748	PAK1_TUBA3C	1.99	0.99	1.15E-05	3.20E-03	No	No	No	No	No
EGFRNetmtKRAS-Hi	PAK1	TUBA1A	Q13153	Q71U36	PAK1_TUBA1A	1.99	0.99	1.15E-05	3.20E-03	No	No	No	No	No
EGFRNetmtKRAS-Hi	PAK1	HSD17B12	Q13153	Q53GQ0	PAK1_HSD17B12	2.44	1.29	1.51E-06	2.03E-04	No	No	No	No	No
EGFRNetmtKRAS-Hi	PAK1	TUBB8	Q13153	Q3ZCM7	PAK1_TUBB8	1.98	0.99	4.78E-07	3.33E-03	No	No	No	No	No
EGFRNetmtKRAS-Hi	PAK1	DBN1	Q13153	Q16643	PAK1_DBN1	1.82	0.87	3.46E-02	8.47E-03	Yes	No	No	No	No
EGFRNetmtKRAS-Hi	PAK1	DDB1	Q13153	Q16531	PAK1_DDB1	1.58	0.66	3.64E-05	3.53E-02	No	No	No	No	No
EGFRNetmtKRAS-Hi	PAK1	ARHGEF6	Q13153	Q15052	PAK1_ARHGEF6	8.90	3.15	7.09E-03	2.85E-18	No	Yes	No	Yes	No
EGFRNetmtKRAS-Hi	PAK1	PRPSAP1	Q13153	Q14558	PAK1_PRPSAP1	2.58	1.37	3.80E-03	8.88E-05	No	No	No	Yes	No
EGFRNetmtKRAS-Hi	PAK1	RCN2	Q13153	Q14257	PAK1_RCN2	2.28	1.19	2.95E-03	5.49E-04	No	No	No	No	No
EGFRNetmtKRAS-Hi	PAK1	GIT2	Q13153	Q14161	PAK1_GIT2	7.89	2.98	2.03E-07	1.65E-16	No	No	No	Yes	No
EGFRNetmtKRAS-Hi	PAK1	SCRIB	Q13153	Q14160	PAK1_SCRIB	6.60	2.72	1.97E-05	4.28E-14	Yes	No	No	Yes	No
EGFRNetmtKRAS-Hi	PAK1	ARHGEF7	Q13153	Q14155	PAK1_ARHGEF7	12.28	3.62	6.20E-08	1.88E-23	No	Yes	No	Yes	No
EGFRNetmtKRAS-Hi	PAK1	PAK2	Q13153	Q13177	PAK1_PAK2	6.95	2.80	1.86E-03	9.15E-15	No	No	No	Yes	No
EGFRNetmtKRAS-Hi	PAK1	PAK1	Q13153	Q13153	PAK1_PAK1	18.47	4.21	1.05E-08	5.36E-31	No	No	No	Yes	No
EGFRNetmtKRAS-Hi	PAK1	ASPH	Q13153	Q12797	PAK1_ASPH	1.69	0.76	2.45E-03	1.85E-02	No	No	No	No	No
EGFRNetmtKRAS-Hi	PAK1	SLC25A11	Q13153	Q02978	PAK1_SLC25A11	3.67	1.88	1.56E-02	1.31E-07	No	No	No	No	No
EGFRNetmtKRAS-Hi	PAK1	AKAP12	Q13153	Q02952	PAK1_AKAP12	1.91	0.94	2.18E-05	5.03E-03	Yes	No	No	No	No
EGFRNetmtKRAS-Hi	PAK1	SLC7A5	Q13153	Q01650	PAK1_SLC7A5	2.14	1.10	7.70E-03	1.30E-03	No	No	No	No	No
EGFRNetmtKRAS-Hi	PAK1	SLC25A3	Q13153	Q00325	PAK1_SLC25A3	3.67	1.88	3.52E-08	1.33E-07	Yes	No	No	No	No
EGFRNetmtKRAS-Hi	PAK1	TUBB4B	Q13153	P68371	PAK1_TUBB4B	2.19	1.13	3.10E-08	9.29E-04	No	No	No	No	No
EGFRNetmtKRAS-Hi	PAK1	TUBA1B	Q13153	P68363	PAK1_TUBA1B	1.84	0.88	1.05E-07	7.68E-03	No	No	No	Yes	No
EGFRNetmtKRAS-Hi	PAK1	PRPS1	Q13153	P60891	PAK1_PRPS1	2.50	1.32	3.71E-03	1.38E-04	No	No	No	No	No
EGFRNetmtKRAS-Hi	PAK1	TMEM33	Q13153	P57088	PAK1_TMEM33	2.40	1.26	3.12E-07	2.62E-04	No	No	No	No	No
EGFRNetmtKRAS-Hi	PAK1	SLC25A1	Q13153	P53007	PAK1_SLC25A1	1.61	0.68	6.82E-03	2.97E-02	No	No	No	No	No
EGFRNetmtKRAS-Hi	PAK1	ARL1	Q13153	P40616	PAK1_ARL1	1.67	0.74	3.04E-02	2.03E-02	No	No	No	No	No
EGFRNetmtKRAS-Hi	PAK1	DNAJA1	Q13153	P31689	PAK1_DNAJA1	2.05	1.03	3.22E-05	2.25E-03	No	No	No	Yes	No
EGFRNetmtKRAS-Hi	PAK1	CAD	Q13153	P27708	PAK1_CAD	3.40	1.77	1.25E-06	6.45E-07	No	No	No	No	No
EGFRNetmtKRAS-Hi	PAK1	HSPA7	Q13153	P48741	PAK1_HSPA7	2.11	1.08	2.98E-08	1.52E-03	No	No	No	No	No
EGFRNetmtKRAS-Hi	PAK1	HSPA6	Q13153	P17066	PAK1_HSPA6	2.11	1.08	2.98E-08	1.52E-03	No	No	No	No	No
EGFRNetmtKRAS-Hi	PAK1	SLC25A4	Q13153	P12235	PAK1_SLC25A4	3.15	1.65	1.22E-07	2.86E-06	Yes	No	No	No	No
EGFRNetmtKRAS-Hi	PAK1	SLC25A6	Q13153	P12236	PAK1_SLC25A6	3.15	1.65	1.22E-07	2.86E-06	Yes	No	No	No	No
EGFRNetmtKRAS-Hi	PAK1	PRPS2	Q13153	P11908	PAK1_PRPS2	2.65	1.41	2.06E-03	5.56E-05	Yes	No	No	Yes	No
EGFRNetmtKRAS-Hi	PAK1	HSPA8	Q13153	P11142	PAK1_HSPA8	2.50	1.32	1.91E-09	1.39E-04	No	No	No	No	No
EGFRNetmtKRAS-Hi	PAK1	MGST1	Q13153	P10620	PAK1_MGST1	1.75	0.81	1.71E-02	1.32E-02	No	No	No	No	No
EGFRNetmtKRAS-Hi	PAK1	CYC1	Q13153	P08574	PAK1_CYC1	1.91	0.93	7.02E-03	5.12E-03	Yes	No	No	No	No
EGFRNetmtKRAS-Hi	PAK1	SLC3A2	Q13153	P08195	PAK1_SLC3A2	1.92	0.94	2.18E-05	4.79E-03	No	No	No	No	No
EGFRNetmtKRAS-Hi	PAK1	HSPA1A	Q13153	P08107	PAK1_HSPA1A	2.30	1.20	3.02E-10	4.83E-04	No	No	No	No	No
EGFRNetmtKRAS-Hi	PAK1	PSAP	Q13153	P07602	PAK1_PSAP	1.57	0.65	3.68E-02	3.73E-02	No	No	No	No	No
EGFRNetmtKRAS-Hi	PAK1	TUBB	Q13153	P07437	PAK1_TUBB	2.24	1.16	1.26E-07	7.02E-04	No	No	No	No	No
EGFRNetmtKRAS-Hi	PAK1	SLC25A5	Q13153	P05141	PAK1_SLC25A5	3.48	1.80	1.86E-07	3.91E-07	Yes	No	No	No	No
EGFRNetmtKRAS-Hi	PAK1	HSPB1	Q13153	P04792	PAK1_HSPB1	1.57	0.65	7.98E-04	3.58E-02	No	No	No	No	No
EGFRNetmtKRAS-Hi	PAK1	AIFM1	Q13153	O95831	PAK1_AIFM1	3.20	1.68	2.61E-03	2.13E-06	No	No	No	No	No
EGFRNetmtKRAS-Hi	PAK1	UBR5	Q13153	O95071	PAK1_UBR5	1.72	0.79	3.75E-02	1.52E-02	Yes	No	No	No	No
EGFRNetmtKRAS-Hi	PAK1	DNAJA2	Q13153	O60884	PAK1_DNAJA2	1.92	0.94	8.17E-03	4.73E-03	No	No	No	No	No
EGFRNetmtKRAS-Hi	PAK1	DPM1	Q13153	O60762	PAK1_DPM1	2.01	1.01	1.77E-02	2.82E-03	No	No	No	No	No
EGFRNetmtKRAS-Hi	PAK1	PRPSAP2	Q13153	O60256	PAK1_PRPSAP2	2.86	1.52	1.82E-03	1.55E-05	No	No	No	No	No
EGFRNetmtKRAS-Hi	PAK1	XPO1	Q13153	O14980	PAK1_XPO1	1.76	0.81	6.78E-04	1.27E-02	No	No	No	No	No
EGFRNetmtKRAS-Hi	PDPK1	GTF3C5	O15530	Q9Y5Q8	PDPK1_GTF3C5	2.25	1.17	1.17E-02	8.45E-06	No	No	No	No	No
EGFRNetmtKRAS-Hi	PDPK1	TMED7	O15530	Q9Y3B3	PDPK1_TMED7	1.60	0.68	8.72E-03	5.82E-03	No	No	No	No	No
EGFRNetmtKRAS-Hi	PDPK1	ACOT9	O15530	Q9Y305	PDPK1_ACOT9	1.47	0.56	6.18E-03	1.86E-02	No	No	No	No	No
EGFRNetmtKRAS-Hi	PDPK1	TMEM161A	O15530	Q9NX61	PDPK1_TMEM161A	1.37	0.46	4.67E-02	4.20E-02	No	No	No	No	No
EGFRNetmtKRAS-Hi	PDPK1	GRPEL1	O15530	Q9HAV7	PDPK1_GRPEL1	2.47	1.30	2.33E-04	8.47E-07	Yes	No	No	No	No
EGFRNetmtKRAS-Hi	PDPK1	DDX24	O15530	Q9GZR7	PDPK1_DDX24	5.54	2.47	1.29E-03	8.67E-20	Yes	No	No	No	No
EGFRNetmtKRAS-Hi	PDPK1	OSBPL8	O15530	Q9BZF1	PDPK1_OSBPL8	6.50	2.70	5.08E-04	2.79E-23	Yes	No	No	No	No
EGFRNetmtKRAS-Hi	PDPK1	TCF25	O15530	Q9BQ70	PDPK1_TCF25	1.43	0.52	4.30E-03	2.64E-02	No	No	No	No	No
EGFRNetmtKRAS-Hi	PDPK1	SLC29A1	O15530	Q99808	PDPK1_SLC29A1	1.56	0.64	2.43E-02	8.52E-03	No	No	No	No	No
EGFRNetmtKRAS-Hi	PDPK1	SNX18	O15530	Q96RF0	PDPK1_SNX18	7.96	2.99	1.86E-02	4.21E-28	Yes	No	No	No	No
EGFRNetmtKRAS-Hi	PDPK1	LRRC59	O15530	Q96AG4	PDPK1_LRRC59	1.49	0.58	9.07E-03	1.56E-02	No	No	No	No	No
EGFRNetmtKRAS-Hi	PDPK1	USP7	O15530	Q93009	PDPK1_USP7	1.90	0.93	5.22E-04	3.09E-04	Yes	No	No	No	No
EGFRNetmtKRAS-Hi	PDPK1	GLG1	O15530	Q92896	PDPK1_GLG1	4.14	2.05	4.67E-04	3.20E-14	Yes	No	No	No	No
EGFRNetmtKRAS-Hi	PDPK1	HSPH1	O15530	Q92598	PDPK1_HSPH1	2.97	1.57	2.46E-07	3.93E-09	Yes	No	No	No	No
EGFRNetmtKRAS-Hi	PDPK1	PRPF31	O15530	Q8WWY3	PDPK1_PRPF31	1.36	0.45	1.51E-02	4.69E-02	No	No	No	No	No
EGFRNetmtKRAS-Hi	PDPK1	TBC1D15	O15530	Q8TC07	PDPK1_TBC1D15	4.92	2.30	1.51E-02	2.05E-17	No	No	No	No	No
EGFRNetmtKRAS-Hi	PDPK1	PTRF	O15530	Q6NZI2	PDPK1_PTRF	4.14	2.05	1.07E-04	3.23E-14	Yes	No	No	No	No
EGFRNetmtKRAS-Hi	PDPK1	CDC37	O15530	Q16543	PDPK1_CDC37	2.53	1.34	6.09E-03	4.27E-07	No	No	No	Yes	No
EGFRNetmtKRAS-Hi	PDPK1	CHD4	O15530	Q14839	PDPK1_CHD4	1.41	0.49	7.13E-03	3.27E-02	No	No	No	No	No
EGFRNetmtKRAS-Hi	PDPK1	FLNC	O15530	Q14315	PDPK1_FLNC	1.42	0.51	4.08E-04	2.88E-02	No	No	No	No	No
EGFRNetmtKRAS-Hi	PDPK1	SQSTM1	O15530	Q13501	PDPK1_SQSTM1	4.04	2.01	2.62E-04	8.28E-14	Yes	No	No	No	No
EGFRNetmtKRAS-Hi	PDPK1	MTA1	O15530	Q13330	PDPK1_MTA1	1.75	0.81	1.25E-03	1.32E-03	No	No	No	No	No
EGFRNetmtKRAS-Hi	PDPK1	CHAF1B	O15530	Q13112	PDPK1_CHAF1B	3.10	1.63	5.10E-03	1.06E-09	Yes	No	No	No	No
EGFRNetmtKRAS-Hi	PDPK1	ASPH	O15530	Q12797	PDPK1_ASPH	1.72	0.78	4.70E-02	1.86E-03	Yes	No	No	No	No
EGFRNetmtKRAS-Hi	PDPK1	DHX9	O15530	Q08211	PDPK1_DHX9	1.68	0.75	2.32E-03	2.71E-03	Yes	No	No	No	No
EGFRNetmtKRAS-Hi	PDPK1	YWHAH	O15530	Q04917	PDPK1_YWHAH	2.41	1.27	7.81E-07	1.54E-06	Yes	No	No	Yes	No
EGFRNetmtKRAS-Hi	PDPK1	AKAP12	O15530	Q02952	PDPK1_AKAP12	1.44	0.53	1.93E-02	2.37E-02	Yes	No	No	No	No
EGFRNetmtKRAS-Hi	PDPK1	HSPG2	O15530	P98160	PDPK1_HSPG2	5.25	2.39	1.61E-04	1.12E-18	No	No	No	No	No
EGFRNetmtKRAS-Hi	PDPK1	GTF2I	O15530	P78347	PDPK1_GTF2I	4.92	2.30	2.42E-05	2.05E-17	Yes	No	No	No	No
EGFRNetmtKRAS-Hi	PDPK1	RPL38	O15530	P63173	PDPK1_RPL38	1.87	0.90	3.69E-02	4.29E-04	No	No	No	No	No
EGFRNetmtKRAS-Hi	PDPK1	YWHAZ	O15530	P63104	PDPK1_YWHAZ	1.48	0.57	7.23E-05	1.68E-02	No	No	No	No	No
EGFRNetmtKRAS-Hi	PDPK1	YWHAE	O15530	P62258	PDPK1_YWHAE	2.27	1.18	4.52E-10	6.45E-06	No	No	No	No	No
EGFRNetmtKRAS-Hi	PDPK1	YWHAG	O15530	P61981	PDPK1_YWHAG	1.72	0.78	7.28E-06	1.93E-03	No	No	No	No	No
EGFRNetmtKRAS-Hi	PDPK1	HADHB	O15530	P55084	PDPK1_HADHB	7.44	2.90	2.02E-03	1.95E-26	Yes	No	No	No	No
EGFRNetmtKRAS-Hi	PDPK1	CSNK1E	O15530	P49674	PDPK1_CSNK1E	4.02	2.01	5.71E-04	1.04E-13	No	No	No	No	No
EGFRNetmtKRAS-Hi	PDPK1	CSNK1D	O15530	P48730	PDPK1_CSNK1D	4.02	2.01	5.71E-04	1.04E-13	Yes	No	No	No	No
EGFRNetmtKRAS-Hi	PDPK1	PRKCI	O15530	P41743	PDPK1_PRKCI	4.53	2.18	2.21E-02	7.86E-16	No	No	No	Yes	No
EGFRNetmtKRAS-Hi	PDPK1	HADHA	O15530	P40939	PDPK1_HADHA	5.05	2.34	1.27E-03	6.20E-18	Yes	No	No	No	No
EGFRNetmtKRAS-Hi	PDPK1	HSPA9	O15530	P38646	PDPK1_HSPA9	3.98	1.99	1.16E-05	1.41E-13	Yes	No	No	No	No
EGFRNetmtKRAS-Hi	PDPK1	GPC1	O15530	P35052	PDPK1_GPC1	2.99	1.58	4.13E-03	3.33E-09	Yes	No	No	No	No
EGFRNetmtKRAS-Hi	PDPK1	HSPA4	O15530	P34932	PDPK1_HSPA4	2.47	1.31	1.58E-05	7.84E-07	Yes	No	No	No	No
EGFRNetmtKRAS-Hi	PDPK1	SFN	O15530	P31947	PDPK1_SFN	1.78	0.83	4.33E-05	1.05E-03	Yes	No	No	No	No
EGFRNetmtKRAS-Hi	PDPK1	YWHAB	O15530	P31946	PDPK1_YWHAB	1.58	0.66	1.71E-06	6.92E-03	No	No	No	No	No
EGFRNetmtKRAS-Hi	PDPK1	UQCRC1	O15530	P31930	PDPK1_UQCRC1	2.19	1.13	9.70E-03	1.49E-05	Yes	No	No	No	No
EGFRNetmtKRAS-Hi	PDPK1	SDC4	O15530	P31431	PDPK1_SDC4	6.40	2.68	4.91E-04	6.40E-23	No	No	No	No	No
EGFRNetmtKRAS-Hi	PDPK1	POLR2A	O15530	P24928	PDPK1_POLR2A	1.42	0.51	1.48E-02	2.84E-02	Yes	No	No	No	No
EGFRNetmtKRAS-Hi	PDPK1	UQCRC2	O15530	P22695	PDPK1_UQCRC2	2.61	1.38	2.67E-04	1.83E-07	Yes	No	No	No	No
EGFRNetmtKRAS-Hi	PDPK1	SDC1	O15530	P18827	PDPK1_SDC1	34.77	5.12	2.33E-03	5.90E-78	No	No	No	No	No
EGFRNetmtKRAS-Hi	PDPK1	HSPA6	O15530	P17066	PDPK1_HSPA6	5.99	2.58	1.57E-04	1.85E-21	Yes	No	No	No	No
EGFRNetmtKRAS-Hi	PDPK1	CD44	O15530	P16070	PDPK1_CD44	5.23	2.39	4.18E-04	1.32E-18	Yes	No	No	No	No
EGFRNetmtKRAS-Hi	PDPK1	HSPA8	O15530	P11142	PDPK1_HSPA8	4.88	2.29	9.08E-07	2.93E-17	Yes	Yes	No	No	No
EGFRNetmtKRAS-Hi	PDPK1	HSPA5	O15530	P11021	PDPK1_HSPA5	3.39	1.76	1.98E-06	5.58E-11	Yes	No	No	No	No
EGFRNetmtKRAS-Hi	PDPK1	FGF2	O15530	P09038	PDPK1_FGF2	12.61	3.66	5.12E-03	6.98E-41	Yes	No	No	No	No
EGFRNetmtKRAS-Hi	PDPK1	HSPA1A	O15530	P08107	PDPK1_HSPA1A	2.86	1.52	3.80E-05	1.32E-08	Yes	No	No	No	No
EGFRNetmtKRAS-Hi	PDPK1	GPC4	O15530	O75487	PDPK1_GPC4	3.56	1.83	4.65E-03	9.33E-12	No	No	No	No	No
EGFRNetmtKRAS-Hi	PDPK1	ROCK2	O15530	O75116	PDPK1_ROCK2	2.95	1.56	1.96E-02	5.06E-09	No	No	No	No	No
EGFRNetmtKRAS-Hi	PDPK1	PDPK2	O15530	Q6A1A2	PDPK1_PDPK2	14.23	3.83	4.57E-08	1.16E-44	No	No	No	No	No
EGFRNetmtKRAS-Hi	PDPK1	PDPK1	O15530	O15530	PDPK1_PDPK1	14.23	3.83	4.57E-08	1.16E-44	Yes	No	No	Yes	No
EGFRNetmtKRAS-Hi	PDPK1	AGRN	O15530	O00468	PDPK1_AGRN	6.68	2.74	1.15E-03	6.73E-24	Yes	No	No	No	No
EGFRNetmtKRAS-Hi	PDPK1	POLRMT	O15530	O00411	PDPK1_POLRMT	3.21	1.68	3.60E-05	3.52E-10	Yes	No	No	No	No
EGFRNetmtKRAS-Hi	PEBP1	ACSL5	P30086	Q9ULC5	PEBP1_ACSL5	2.38	1.25	3.03E-02	8.29E-03	Yes	No	No	No	No
EGFRNetmtKRAS-Hi	PEBP1	MAGEE1	P30086	Q9HCI5	PEBP1_MAGEE1	1.86	0.89	2.05E-02	4.45E-02	No	No	No	No	No
EGFRNetmtKRAS-Hi	PEBP1	CACYBP	P30086	Q9HB71	PEBP1_CACYBP	1.91	0.94	1.53E-06	3.71E-02	Yes	No	No	No	No
EGFRNetmtKRAS-Hi	PEBP1	TMSB10	P30086	P63313	PEBP1_TMSB10	2.33	1.22	1.25E-04	9.92E-03	Yes	No	No	No	No
EGFRNetmtKRAS-Hi	PEBP1	FKBP1A	P30086	P62942	PEBP1_FKBP1A	1.83	0.87	1.87E-03	4.91E-02	Yes	No	No	No	No
EGFRNetmtKRAS-Hi	PEBP1	HSPE1	P30086	P61604	PEBP1_HSPE1	1.92	0.94	5.63E-11	3.66E-02	No	No	No	Yes	No
EGFRNetmtKRAS-Hi	PEBP1	MDH2	P30086	P40926	PEBP1_MDH2	1.95	0.96	4.88E-10	3.32E-02	Yes	No	No	No	No
EGFRNetmtKRAS-Hi	PEBP1	SFN	P30086	P31947	PEBP1_SFN	1.85	0.89	4.38E-10	4.52E-02	Yes	No	No	No	No
EGFRNetmtKRAS-Hi	PEBP1	S100A4	P30086	P26447	PEBP1_S100A4	2.15	1.10	2.23E-05	1.75E-02	No	No	No	No	No
EGFRNetmtKRAS-Hi	PEBP1	STMN1	P30086	P16949	PEBP1_STMN1	2.09	1.06	1.35E-05	2.14E-02	Yes	No	No	No	No
EGFRNetmtKRAS-Hi	PEBP1	ALDOC	P30086	P09972	PEBP1_ALDOC	2.03	1.02	7.28E-04	2.58E-02	No	No	No	No	No
EGFRNetmtKRAS-Hi	PEBP1	S100A6	P30086	P06703	PEBP1_S100A6	1.84	0.88	3.25E-12	4.67E-02	No	No	No	No	No
EGFRNetmtKRAS-Hi	PEBP1	IVNS1ABP	P30086	Q9Y6Y0	PEBP1_IVNS1ABP	1.41	0.49	7.38E-03	3.06E-02	Yes	No	No	No	No
EGFRNetmtKRAS-Hi	PEBP1	BOLA2	P30086	Q9H3K6	PEBP1_BOLA2	1.65	0.72	2.69E-05	3.49E-03	No	No	No	No	No
EGFRNetmtKRAS-Hi	PEBP1	RIOK1	P30086	Q9BRS2	PEBP1_RIOK1	1.45	0.54	3.61E-02	2.09E-02	Yes	No	No	No	No
EGFRNetmtKRAS-Hi	PEBP1	MTMR14	P30086	Q8NCE2	PEBP1_MTMR14	1.51	0.59	2.17E-03	1.31E-02	Yes	No	No	No	No
EGFRNetmtKRAS-Hi	PEBP1	PFKFB3	P30086	Q16875	PEBP1_PFKFB3	1.79	0.84	3.74E-02	8.64E-04	No	No	No	No	No
EGFRNetmtKRAS-Hi	PEBP1	DSG1	P30086	Q02413	PEBP1_DSG1	2.79	1.48	4.10E-02	2.61E-08	No	No	No	No	No
EGFRNetmtKRAS-Hi	PEBP1	RPS27A	P30086	P62979	PEBP1_RPS27A	1.42	0.51	4.40E-02	2.66E-02	No	No	No	No	No
EGFRNetmtKRAS-Hi	PEBP1	PRPS1	P30086	P60891	PEBP1_PRPS1	1.37	0.46	5.81E-03	4.11E-02	Yes	No	No	No	No
EGFRNetmtKRAS-Hi	PEBP1	MAT2A	P30086	P31153	PEBP1_MAT2A	1.44	0.52	4.97E-02	2.40E-02	Yes	No	No	No	No
EGFRNetmtKRAS-Hi	PEBP1	PEBP1	P30086	P30086	PEBP1_PEBP1	10.99	3.46	1.37E-06	9.32E-37	Yes	No	No	Yes	No
EGFRNetmtKRAS-Hi	PEBP1	DSP	P30086	P15924	PEBP1_DSP	2.63	1.39	3.47E-02	1.42E-07	No	No	No	No	No
EGFRNetmtKRAS-Hi	PEBP1	JUP	P30086	P14923	PEBP1_JUP	2.88	1.52	7.38E-03	1.05E-08	No	No	No	No	No
EGFRNetmtKRAS-Hi	PEBP1	HPX	P30086	P02790	PEBP1_HPX	22.34	4.48	1.05E-02	3.55E-60	No	No	No	No	No
EGFRNetmtKRAS-Hi	PEBP1	CP	P30086	P00450	PEBP1_CP	4.42	2.14	7.54E-03	2.09E-15	Yes	No	No	No	No
EGFRNetmtKRAS-Hi	PEBP1	PRPSAP2	P30086	O60256	PEBP1_PRPSAP2	1.46	0.55	8.03E-03	1.95E-02	Yes	No	No	No	No
EGFRNetmtKRAS-Hi	PRKAR1A	GTF3C5	P10644	Q9Y5Q8	PRKAR1A_GTF3C5	1.34	0.43	2.26E-06	2.87E-02	No	No	No	No	No
EGFRNetmtKRAS-Hi	PRKAR1A	HIGD1C	P10644	A8MV81	PRKAR1A_HIGD1C	1.36	0.44	2.53E-06	2.47E-02	No	No	No	No	No
EGFRNetmtKRAS-Hi	PRKAR1A	HIGD1A	P10644	Q9Y241	PRKAR1A_HIGD1A	1.36	0.44	2.53E-06	2.47E-02	No	No	No	No	No
EGFRNetmtKRAS-Hi	PRKAR1A	AKAP11	P10644	Q9UKA4	PRKAR1A_AKAP11	4.86	2.28	4.11E-06	2.81E-26	Yes	Yes	No	Yes	No
EGFRNetmtKRAS-Hi	PRKAR1A	STK39	P10644	Q9UEW8	PRKAR1A_STK39	1.30	0.38	4.89E-03	4.56E-02	No	No	No	No	No
EGFRNetmtKRAS-Hi	PRKAR1A	BCCIP	P10644	Q9P287	PRKAR1A_BCCIP	1.33	0.41	4.17E-02	3.51E-02	No	No	No	No	No
EGFRNetmtKRAS-Hi	PRKAR1A	VAPA	P10644	Q9P0L0	PRKAR1A_VAPA	1.84	0.88	4.08E-06	3.10E-05	Yes	No	No	Yes	No
EGFRNetmtKRAS-Hi	PRKAR1A	GNL3	P10644	Q9BVP2	PRKAR1A_GNL3	1.32	0.40	3.13E-03	3.69E-02	Yes	No	No	No	No
EGFRNetmtKRAS-Hi	PRKAR1A	PDCD2L	P10644	Q9BRP1	PRKAR1A_PDCD2L	1.73	0.79	1.37E-03	1.61E-04	No	No	No	No	No
EGFRNetmtKRAS-Hi	PRKAR1A	GRWD1	P10644	Q9BQ67	PRKAR1A_GRWD1	1.34	0.42	1.79E-02	3.20E-02	No	No	No	No	No
EGFRNetmtKRAS-Hi	PRKAR1A	UHRF1	P10644	Q96T88	PRKAR1A_UHRF1	1.37	0.45	2.80E-03	2.25E-02	No	No	No	No	No
EGFRNetmtKRAS-Hi	PRKAR1A	ZFP91	P10644	Q96JP5	PRKAR1A_ZFP91	1.32	0.40	3.66E-05	3.91E-02	No	No	No	No	No
EGFRNetmtKRAS-Hi	PRKAR1A	PGAM5	P10644	Q96HS1	PRKAR1A_PGAM5	1.39	0.47	5.31E-04	1.75E-02	No	No	No	No	No
EGFRNetmtKRAS-Hi	PRKAR1A	AP3S1	P10644	Q92572	PRKAR1A_AP3S1	1.35	0.43	4.14E-03	2.69E-02	Yes	No	No	No	No
EGFRNetmtKRAS-Hi	PRKAR1A	GATAD2B	P10644	Q8WXI9	PRKAR1A_GATAD2B	1.52	0.61	9.63E-03	3.10E-03	Yes	No	No	No	No
EGFRNetmtKRAS-Hi	PRKAR1A	DDX42	P10644	Q86XP3	PRKAR1A_DDX42	1.30	0.38	8.57E-03	4.69E-02	No	No	No	No	No
EGFRNetmtKRAS-Hi	PRKAR1A	CCDC108	P10644	Q6ZU64	PRKAR1A_CCDC108	1.65	0.72	1.05E-04	5.24E-04	No	No	No	No	No
EGFRNetmtKRAS-Hi	PRKAR1A	LLGL2	P10644	Q6P1M3	PRKAR1A_LLGL2	1.32	0.40	3.77E-05	3.70E-02	No	No	No	No	No
EGFRNetmtKRAS-Hi	PRKAR1A	SUZ12	P10644	Q15022	PRKAR1A_SUZ12	1.88	0.91	1.40E-04	1.58E-05	No	No	No	No	No
EGFRNetmtKRAS-Hi	PRKAR1A	USP10	P10644	Q14694	PRKAR1A_USP10	1.34	0.42	9.10E-05	3.01E-02	No	No	No	No	No
EGFRNetmtKRAS-Hi	PRKAR1A	ROCK1	P10644	Q13464	PRKAR1A_ROCK1	1.42	0.51	3.13E-02	1.16E-02	Yes	No	No	No	No
EGFRNetmtKRAS-Hi	PRKAR1A	C1QBP	P10644	Q07021	PRKAR1A_C1QBP	1.43	0.52	3.34E-05	1.03E-02	No	No	No	No	No
EGFRNetmtKRAS-Hi	PRKAR1A	SLC25A11	P10644	Q02978	PRKAR1A_SLC25A11	1.40	0.48	4.14E-02	1.57E-02	No	No	No	No	No
EGFRNetmtKRAS-Hi	PRKAR1A	AKAP12	P10644	Q02952	PRKAR1A_AKAP12	1.70	0.76	4.78E-03	2.64E-04	Yes	No	No	No	No
EGFRNetmtKRAS-Hi	PRKAR1A	RPL6	P10644	Q02878	PRKAR1A_RPL6	1.33	0.41	8.76E-04	3.48E-02	No	No	No	No	No
EGFRNetmtKRAS-Hi	PRKAR1A	RPL36A	P10644	P83881	PRKAR1A_RPL36A	1.47	0.56	9.87E-03	5.88E-03	No	No	No	No	No
EGFRNetmtKRAS-Hi	PRKAR1A	RPL8	P10644	P62917	PRKAR1A_RPL8	1.35	0.43	1.17E-03	2.80E-02	No	No	No	No	No
EGFRNetmtKRAS-Hi	PRKAR1A	NAP1L1	P10644	P55209	PRKAR1A_NAP1L1	1.56	0.64	5.16E-06	1.96E-03	No	No	No	No	No
EGFRNetmtKRAS-Hi	PRKAR1A	PLK1	P10644	P53350	PRKAR1A_PLK1	1.30	0.38	3.30E-03	4.67E-02	No	No	No	No	No
EGFRNetmtKRAS-Hi	PRKAR1A	PYCR1	P10644	P32322	PRKAR1A_PYCR1	1.68	0.75	4.71E-03	3.35E-04	No	No	No	No	No
EGFRNetmtKRAS-Hi	PRKAR1A	PRKAR1B	P10644	P31321	PRKAR1A_PRKAR1B	16.37	4.03	2.70E-09	1.69E-78	Yes	Yes	No	Yes	No
EGFRNetmtKRAS-Hi	PRKAR1A	S100A7A	P10644	Q86SG5	PRKAR1A_S100A7A	9.63	3.27	1.04E-04	3.71E-52	No	No	No	No	No
EGFRNetmtKRAS-Hi	PRKAR1A	S100A7	P10644	P31151	PRKAR1A_S100A7	9.63	3.27	1.04E-04	3.71E-52	Yes	No	No	No	No
EGFRNetmtKRAS-Hi	PRKAR1A	MCM3	P10644	P25205	PRKAR1A_MCM3	1.32	0.40	6.75E-04	3.92E-02	Yes	No	No	No	No
EGFRNetmtKRAS-Hi	PRKAR1A	PRKACB	P10644	P22694	PRKAR1A_PRKACB	2.00	1.00	8.66E-04	2.30E-06	Yes	Yes	No	Yes	Yes
EGFRNetmtKRAS-Hi	PRKAR1A	GART	P10644	P22102	PRKAR1A_GART	1.63	0.70	7.50E-03	7.08E-04	Yes	No	No	No	No
EGFRNetmtKRAS-Hi	PRKAR1A	PRKACA	P10644	P17612	PRKAR1A_PRKACA	15.21	3.93	1.13E-05	1.62E-74	Yes	Yes	No	Yes	No
EGFRNetmtKRAS-Hi	PRKAR1A	HIST1H1C	P10644	P16403	PRKAR1A_HIST1H1C	1.71	0.78	3.64E-05	2.05E-04	Yes	No	No	No	No
EGFRNetmtKRAS-Hi	PRKAR1A	HSPA8	P10644	P11142	PRKAR1A_HSPA8	1.35	0.43	3.15E-03	2.69E-02	No	No	No	No	No
EGFRNetmtKRAS-Hi	PRKAR1A	PRKAR1A	P10644	P10644	PRKAR1A_PRKAR1A	20.60	4.36	5.74E-10	1.29E-91	Yes	No	No	Yes	No
EGFRNetmtKRAS-Hi	PRKAR1A	HIST1H1E	P10644	P10412	PRKAR1A_HIST1H1E	1.36	0.44	1.57E-04	2.39E-02	Yes	No	No	No	No
EGFRNetmtKRAS-Hi	PRKAR1A	PRKCB	P10644	P05771	PRKAR1A_PRKCB	3.75	1.91	1.04E-03	6.83E-19	No	No	No	No	No
EGFRNetmtKRAS-Hi	PRKAR1A	VAPB	P10644	O95292	PRKAR1A_VAPB	2.49	1.31	1.33E-02	7.81E-10	Yes	Yes	No	No	No
EGFRNetmtKRAS-Hi	PRKAR1A	EPB41L2	P10644	O43491	PRKAR1A_EPB41L2	1.36	0.44	8.68E-04	2.49E-02	No	No	No	No	No
EGFRNetmtKRAS-Hi	PRKAR1A	RBFOX3	P10644	Q9NWB1	PRKAR1A_RBFOX3	1.40	0.49	7.89E-03	1.43E-02	No	No	No	No	No
EGFRNetmtKRAS-Hi	PRKAR1A	RBFOX2	P10644	O43251	PRKAR1A_RBFOX2	1.40	0.49	7.89E-03	1.43E-02	No	No	No	No	No
EGFRNetmtKRAS-Hi	PRKAR1A	RBFOX1	P10644	A6NFN3	PRKAR1A_RBFOX1	1.40	0.49	7.89E-03	1.43E-02	No	No	No	No	No
EGFRNetmtKRAS-Hi	PRKCA	IVNS1ABP	P17252	Q9Y6Y0	PRKCA_IVNS1ABP	1.66	0.73	1.63E-04	1.08E-07	No	No	No	No	No
EGFRNetmtKRAS-Hi	PRKCA	DBN1	P17252	Q16643	PRKCA_DBN1	1.35	0.44	2.66E-03	9.53E-04	No	No	No	No	No
EGFRNetmtKRAS-Hi	PRKCA	CDC37	P17252	Q16543	PRKCA_CDC37	1.91	0.93	2.33E-02	1.83E-11	No	No	No	No	No
EGFRNetmtKRAS-Hi	PRKCA	PRPSAP1	P17252	Q14558	PRKCA_PRPSAP1	1.96	0.97	2.63E-06	3.58E-12	No	No	No	No	No
EGFRNetmtKRAS-Hi	PRKCA	AKAP12	P17252	Q02952	PRKCA_AKAP12	1.28	0.35	2.49E-02	6.07E-03	Yes	No	No	Yes	No
EGFRNetmtKRAS-Hi	PRKCA	PRKCE	P17252	Q02156	PRKCA_PRKCE	52.15	5.70	2.38E-02	0.00E+00	No	No	No	Yes	No
EGFRNetmtKRAS-Hi	PRKCA	ACTG1	P17252	P63261	PRKCA_ACTG1	1.26	0.33	4.23E-02	8.69E-03	No	No	No	No	No
EGFRNetmtKRAS-Hi	PRKCA	PRPS1	P17252	P60891	PRKCA_PRPS1	2.01	1.01	6.34E-06	4.30E-13	No	No	No	No	No
EGFRNetmtKRAS-Hi	PRKCA	ACTB	P17252	P60709	PRKCA_ACTB	1.20	0.27	4.24E-02	2.95E-02	No	No	No	No	No
EGFRNetmtKRAS-Hi	PRKCA	VARS	P17252	P26640	PRKCA_VARS	1.21	0.28	2.17E-02	2.46E-02	Yes	No	No	No	No
EGFRNetmtKRAS-Hi	PRKCA	PRKCA	P17252	P17252	PRKCA_PRKCA	9.42	3.24	4.11E-07	4.31E-116	Yes	No	No	Yes	No
EGFRNetmtKRAS-Hi	PRKCA	PRPS2	P17252	P11908	PRKCA_PRPS2	1.98	0.99	2.09E-06	1.56E-12	Yes	No	No	No	No
EGFRNetmtKRAS-Hi	PRKCA	HSPA1A	P17252	P08107	PRKCA_HSPA1A	1.21	0.27	9.23E-03	2.63E-02	No	No	No	No	No
EGFRNetmtKRAS-Hi	PRKCA	PRKCG	P17252	P05129	PRKCA_PRKCG	5.61	2.49	2.52E-06	1.37E-69	Yes	Yes	No	No	No
EGFRNetmtKRAS-Hi	PRKCA	PRPSAP2	P17252	O60256	PRKCA_PRPSAP2	2.03	1.02	1.70E-06	2.56E-13	No	No	No	No	No
EGFRNetmtKRAS-Hi	PRKCA	MYO1C	P17252	O00159	PRKCA_MYO1C	1.73	0.79	3.54E-04	9.06E-09	Yes	No	No	No	No
EGFRNetmtKRAS-Hi	PRKCB	MTO1	P05771	Q9Y2Z2	PRKCB_MTO1	1.75	0.81	1.52E-06	3.29E-02	No	No	No	No	No
EGFRNetmtKRAS-Hi	PRKCB	ACSL5	P05771	Q9ULC5	PRKCB_ACSL5	1.72	0.78	2.33E-02	3.80E-02	Yes	No	No	No	No
EGFRNetmtKRAS-Hi	PRKCB	ABCF2	P05771	Q9UG63	PRKCB_ABCF2	1.65	0.72	3.02E-04	4.95E-02	No	No	No	No	No
EGFRNetmtKRAS-Hi	PRKCB	STK39	P05771	Q9UEW8	PRKCB_STK39	2.04	1.03	4.33E-05	9.54E-03	No	No	No	No	No
EGFRNetmtKRAS-Hi	PRKCB	DHCR7	P05771	Q9UBM7	PRKCB_DHCR7	1.96	0.97	6.65E-03	1.39E-02	No	No	No	No	No
EGFRNetmtKRAS-Hi	PRKCB	FAM18B1	P05771	Q9NYZ1	PRKCB_FAM18B1	1.77	0.82	1.48E-02	3.10E-02	No	No	No	No	No
EGFRNetmtKRAS-Hi	PRKCB	C4ORF27	P05771	Q9NWY4	PRKCB_C4ORF27	1.92	0.94	2.59E-02	1.60E-02	No	No	No	No	No
EGFRNetmtKRAS-Hi	PRKCB	DDX18	P05771	Q9NVP1	PRKCB_DDX18	1.66	0.73	3.45E-05	4.82E-02	Yes	No	No	No	No
EGFRNetmtKRAS-Hi	PRKCB	DDX21	P05771	Q9NR30	PRKCB_DDX21	1.70	0.77	1.96E-08	4.02E-02	Yes	No	No	No	No
EGFRNetmtKRAS-Hi	PRKCB	DHX33	P05771	Q9H6R0	PRKCB_DHX33	1.86	0.89	1.49E-02	2.10E-02	No	No	No	No	No
EGFRNetmtKRAS-Hi	PRKCB	OSBPL8	P05771	Q9BZF1	PRKCB_OSBPL8	1.72	0.78	1.52E-02	3.71E-02	No	No	No	No	No
EGFRNetmtKRAS-Hi	PRKCB	DERL1	P05771	Q9BUN8	PRKCB_DERL1	1.71	0.77	1.15E-02	3.90E-02	No	No	No	No	No
EGFRNetmtKRAS-Hi	PRKCB	TBCD	P05771	Q9BTW9	PRKCB_TBCD	1.67	0.74	4.90E-02	4.59E-02	No	No	No	No	No
EGFRNetmtKRAS-Hi	PRKCB	PELO	P05771	Q9BRX2	PRKCB_PELO	1.65	0.73	1.47E-03	4.90E-02	No	No	No	No	No
EGFRNetmtKRAS-Hi	PRKCB	DDX50	P05771	Q9BQ39	PRKCB_DDX50	1.89	0.92	3.38E-04	1.83E-02	Yes	No	No	No	No
EGFRNetmtKRAS-Hi	PRKCB	UHRF1	P05771	Q96T88	PRKCB_UHRF1	1.89	0.92	2.53E-05	1.85E-02	Yes	No	No	No	No
EGFRNetmtKRAS-Hi	PRKCB	PURB	P05771	Q96QR8	PRKCB_PURB	1.74	0.80	3.05E-04	3.49E-02	No	No	No	No	No
EGFRNetmtKRAS-Hi	PRKCB	TAMM41	P05771	Q96BW9	PRKCB_TAMM41	2.06	1.04	5.12E-03	8.85E-03	No	No	No	No	No
EGFRNetmtKRAS-Hi	PRKCB	HIST3H2A	P05771	Q7L7L0	PRKCB_HIST3H2A	3.09	1.63	2.94E-05	1.14E-04	No	No	No	No	No
EGFRNetmtKRAS-Hi	PRKCB	HIST1H2AB	P05771	P04908	PRKCB_HIST1H2AB	3.09	1.63	2.94E-05	1.14E-04	Yes	No	No	No	No
EGFRNetmtKRAS-Hi	PRKCB	HIST1H2AC	P05771	Q93077	PRKCB_HIST1H2AC	3.09	1.63	2.94E-05	1.14E-04	No	No	No	No	No
EGFRNetmtKRAS-Hi	PRKCB	NDRG1	P05771	Q92597	PRKCB_NDRG1	1.97	0.98	4.38E-03	1.29E-02	Yes	No	No	No	No
EGFRNetmtKRAS-Hi	PRKCB	AP3S1	P05771	Q92572	PRKCB_AP3S1	1.65	0.72	3.00E-05	4.98E-02	Yes	No	No	No	No
EGFRNetmtKRAS-Hi	PRKCB	GEMIN5	P05771	Q8TEQ6	PRKCB_GEMIN5	1.73	0.79	3.07E-03	3.61E-02	Yes	No	No	No	No
EGFRNetmtKRAS-Hi	PRKCB	SRBD1	P05771	Q8N5C6	PRKCB_SRBD1	2.17	1.12	6.31E-04	5.61E-03	No	No	No	No	No
EGFRNetmtKRAS-Hi	PRKCB	CCAR1	P05771	Q8IX12	PRKCB_CCAR1	2.98	1.58	7.05E-03	1.76E-04	Yes	No	No	No	No
EGFRNetmtKRAS-Hi	PRKCB	DDX42	P05771	Q86XP3	PRKCB_DDX42	1.77	0.82	5.03E-05	3.07E-02	No	No	No	No	No
EGFRNetmtKRAS-Hi	PRKCB	DDX46	P05771	Q7L014	PRKCB_DDX46	1.65	0.73	3.77E-05	4.91E-02	Yes	No	No	No	No
EGFRNetmtKRAS-Hi	PRKCB	HIST2H3A	P05771	Q71DI3	PRKCB_HIST2H3A	2.90	1.53	8.27E-05	2.53E-04	No	No	No	No	No
EGFRNetmtKRAS-Hi	PRKCB	HIST2H2AC	P05771	Q16777	PRKCB_HIST2H2AC	2.15	1.11	1.14E-04	5.94E-03	No	No	No	No	No
EGFRNetmtKRAS-Hi	PRKCB	HIST2H2AA3	P05771	Q6FI13	PRKCB_HIST2H2AA3	2.15	1.11	1.14E-04	5.94E-03	No	No	No	No	No
EGFRNetmtKRAS-Hi	PRKCB	CDC37	P05771	Q16543	PRKCB_CDC37	2.13	1.09	5.18E-05	6.58E-03	No	No	No	No	No
EGFRNetmtKRAS-Hi	PRKCB	NOLC1	P05771	Q14978	PRKCB_NOLC1	2.04	1.03	4.66E-09	9.66E-03	Yes	No	No	No	No
EGFRNetmtKRAS-Hi	PRKCB	LBR	P05771	Q14739	PRKCB_LBR	1.74	0.80	1.43E-08	3.48E-02	No	No	No	No	No
EGFRNetmtKRAS-Hi	PRKCB	AKAP12	P05771	Q02952	PRKCB_AKAP12	1.71	0.77	6.86E-04	3.96E-02	Yes	No	No	No	No
EGFRNetmtKRAS-Hi	PRKCB	SRSF2	P05771	Q01130	PRKCB_SRSF2	2.15	1.11	6.86E-07	6.00E-03	Yes	No	No	No	No
EGFRNetmtKRAS-Hi	PRKCB	MRPS6	P05771	P82932	PRKCB_MRPS6	1.80	0.85	1.02E-02	2.69E-02	No	No	No	No	No
EGFRNetmtKRAS-Hi	PRKCB	MRPS5	P05771	P82675	PRKCB_MRPS5	1.72	0.79	1.45E-07	3.67E-02	No	No	No	No	No
EGFRNetmtKRAS-Hi	PRKCB	UBB	P05771	P0CG47	PRKCB_UBB	2.49	1.32	1.08E-02	1.40E-03	No	No	No	No	No
EGFRNetmtKRAS-Hi	PRKCB	UBC	P05771	P0CG48	PRKCB_UBC	2.49	1.32	1.08E-02	1.40E-03	No	No	No	No	No
EGFRNetmtKRAS-Hi	PRKCB	UBA52	P05771	P62987	PRKCB_UBA52	2.49	1.32	1.08E-02	1.40E-03	No	No	No	No	No
EGFRNetmtKRAS-Hi	PRKCB	HIST1H4A	P05771	P62805	PRKCB_HIST1H4A	3.22	1.69	2.74E-05	6.47E-05	Yes	No	No	No	No
EGFRNetmtKRAS-Hi	PRKCB	ARL2	P05771	P36404	PRKCB_ARL2	1.73	0.79	1.23E-04	3.62E-02	No	No	No	No	No
EGFRNetmtKRAS-Hi	PRKCB	HMGB2	P05771	P26583	PRKCB_HMGB2	1.66	0.73	1.18E-03	4.79E-02	Yes	No	No	No	No
EGFRNetmtKRAS-Hi	PRKCB	FBL	P05771	P22087	PRKCB_FBL	1.83	0.87	1.27E-08	2.40E-02	Yes	No	No	No	No
EGFRNetmtKRAS-Hi	PRKCB	H2AFX	P05771	P16104	PRKCB_H2AFX	1.78	0.83	2.02E-04	2.88E-02	Yes	No	No	No	No
EGFRNetmtKRAS-Hi	PRKCB	IMPDH2	P05771	P12268	PRKCB_IMPDH2	2.33	1.22	2.43E-04	2.86E-03	Yes	No	No	No	No
EGFRNetmtKRAS-Hi	PRKCB	H2AFJ	P05771	Q9BTM1	PRKCB_H2AFJ	2.32	1.22	1.16E-04	2.88E-03	Yes	No	No	No	No
EGFRNetmtKRAS-Hi	PRKCB	HIST1H2AD	P05771	P20671	PRKCB_HIST1H2AD	2.32	1.22	1.16E-04	2.88E-03	No	No	No	No	No
EGFRNetmtKRAS-Hi	PRKCB	HIST1H2AJ	P05771	Q99878	PRKCB_HIST1H2AJ	2.32	1.22	1.16E-04	2.88E-03	No	No	No	No	No
EGFRNetmtKRAS-Hi	PRKCB	HIST1H2AH	P05771	Q96KK5	PRKCB_HIST1H2AH	2.32	1.22	1.16E-04	2.88E-03	No	No	No	No	No
EGFRNetmtKRAS-Hi	PRKCB	HIST1H2AG	P05771	P0C0S8	PRKCB_HIST1H2AG	2.32	1.22	1.16E-04	2.88E-03	No	No	No	No	No
EGFRNetmtKRAS-Hi	PRKCB	H2AFV	P05771	Q71UI9	PRKCB_H2AFV	2.34	1.22	1.45E-04	2.72E-03	Yes	No	No	No	No
EGFRNetmtKRAS-Hi	PRKCB	H2AFZ	P05771	P0C0S5	PRKCB_H2AFZ	2.34	1.22	1.45E-04	2.72E-03	No	No	No	No	No
EGFRNetmtKRAS-Hi	PRKCB	COX6C	P05771	P09669	PRKCB_COX6C	1.66	0.73	9.03E-04	4.78E-02	Yes	No	No	No	No
EGFRNetmtKRAS-Hi	PRKCB	HIST1H2BB	P05771	P33778	PRKCB_HIST1H2BB	2.84	1.50	5.10E-05	3.23E-04	Yes	No	No	No	No
EGFRNetmtKRAS-Hi	PRKCB	HIST2H2BE	P05771	Q16778	PRKCB_HIST2H2BE	2.84	1.50	5.10E-05	3.23E-04	No	No	No	No	No
EGFRNetmtKRAS-Hi	PRKCB	HIST1H2BJ	P05771	P06899	PRKCB_HIST1H2BJ	2.84	1.50	5.10E-05	3.23E-04	No	No	No	No	No
EGFRNetmtKRAS-Hi	PRKCB	PRKCB	P05771	P05771	PRKCB_PRKCB	5.49	2.46	2.35E-12	1.36E-08	No	No	No	Yes	No
EGFRNetmtKRAS-Hi	PRKCB	BAG2	P05771	O95816	PRKCB_BAG2	1.96	0.97	5.26E-04	1.36E-02	Yes	No	No	No	No
EGFRNetmtKRAS-Hi	PRKCB	RPS6KA4	P05771	O75676	PRKCB_RPS6KA4	1.97	0.98	6.34E-03	1.33E-02	No	No	No	No	No
EGFRNetmtKRAS-Hi	PRKCB	HIST1H2BL	P05771	Q99880	PRKCB_HIST1H2BL	2.66	1.41	4.33E-05	6.79E-04	No	No	No	No	No
EGFRNetmtKRAS-Hi	PRKCB	H2BFS	P05771	P57053	PRKCB_H2BFS	2.66	1.41	4.33E-05	6.79E-04	Yes	No	No	No	No
EGFRNetmtKRAS-Hi	PRKCB	HIST1H2BM	P05771	Q99879	PRKCB_HIST1H2BM	2.66	1.41	4.33E-05	6.79E-04	No	No	No	No	No
EGFRNetmtKRAS-Hi	PRKCB	HIST1H2BN	P05771	Q99877	PRKCB_HIST1H2BN	2.66	1.41	4.33E-05	6.79E-04	No	No	No	No	No
EGFRNetmtKRAS-Hi	PRKCB	HIST1H2BD	P05771	P58876	PRKCB_HIST1H2BD	2.66	1.41	4.33E-05	6.79E-04	No	No	No	No	No
EGFRNetmtKRAS-Hi	PRKCB	HIST1H2BC	P05771	P62807	PRKCB_HIST1H2BC	2.66	1.41	4.33E-05	6.79E-04	No	No	No	No	No
EGFRNetmtKRAS-Hi	PRKCB	HIST1H2BK	P05771	O60814	PRKCB_HIST1H2BK	2.66	1.41	4.33E-05	6.79E-04	No	No	No	No	No
EGFRNetmtKRAS-Hi	PRKCB	ICMT	P05771	O60725	PRKCB_ICMT	1.67	0.74	9.57E-05	4.53E-02	No	No	No	No	No
EGFRNetmtKRAS-Hi	PRKCB	TIMM44	P05771	O43615	PRKCB_TIMM44	2.03	1.02	9.84E-05	1.02E-02	No	No	No	No	No
EGFRNetmtKRAS-Hi	PRKCB	HNRPDL	P05771	O14979	PRKCB_HNRPDL	1.73	0.79	2.66E-02	3.66E-02	No	No	No	No	No
EGFRNetmtKRAS-Hi	PRKCE	PSAT1	Q02156	Q9Y617	PRKCE_PSAT1	1.57	0.65	4.19E-02	9.98E-03	No	No	No	No	No
EGFRNetmtKRAS-Hi	PRKCE	THRAP3	Q02156	Q9Y2W1	PRKCE_THRAP3	1.38	0.46	3.22E-02	4.87E-02	Yes	No	No	No	No
EGFRNetmtKRAS-Hi	PRKCE	BCLAF1	Q02156	Q9NYF8	PRKCE_BCLAF1	1.52	0.61	2.59E-02	1.52E-02	Yes	No	No	No	No
EGFRNetmtKRAS-Hi	PRKCE	METTL11A	Q02156	Q9BV86	PRKCE_METTL11A	1.38	0.47	3.41E-03	4.69E-02	No	No	No	No	No
EGFRNetmtKRAS-Hi	PRKCE	TUBA1C	Q02156	Q9BQE3	PRKCE_TUBA1C	1.43	0.52	4.15E-02	3.17E-02	Yes	No	No	No	No
EGFRNetmtKRAS-Hi	PRKCE	HSP90AB2P	Q02156	Q58FF8	PRKCE_HSP90AB2P	1.74	0.80	7.60E-03	2.23E-03	No	No	No	No	No
EGFRNetmtKRAS-Hi	PRKCE	TUBB8	Q02156	Q3ZCM7	PRKCE_TUBB8	1.49	0.58	6.78E-03	1.94E-02	No	No	No	No	No
EGFRNetmtKRAS-Hi	PRKCE	FSCN1	Q02156	Q16658	PRKCE_FSCN1	1.82	0.86	3.34E-02	1.08E-03	Yes	No	No	No	No
EGFRNetmtKRAS-Hi	PRKCE	CDC37	Q02156	Q16543	PRKCE_CDC37	5.03	2.33	4.33E-05	9.91E-17	Yes	No	No	No	No
EGFRNetmtKRAS-Hi	PRKCE	NEDD8	Q02156	Q15843	PRKCE_NEDD8	2.01	1.01	4.11E-02	1.70E-04	Yes	No	No	No	No
EGFRNetmtKRAS-Hi	PRKCE	RCN2	Q02156	Q14257	PRKCE_RCN2	1.91	0.93	3.64E-02	4.72E-04	No	No	No	No	No
EGFRNetmtKRAS-Hi	PRKCE	KEAP1	Q02156	Q14145	PRKCE_KEAP1	1.68	0.75	3.66E-02	3.89E-03	Yes	No	No	Yes	No
EGFRNetmtKRAS-Hi	PRKCE	AKAP12	Q02156	Q02952	PRKCE_AKAP12	1.60	0.68	3.20E-02	7.77E-03	Yes	No	No	No	No
EGFRNetmtKRAS-Hi	PRKCE	FKBP4	Q02156	Q02790	PRKCE_FKBP4	1.39	0.47	3.49E-02	4.44E-02	No	No	No	No	No
EGFRNetmtKRAS-Hi	PRKCE	PRKCE	Q02156	Q02156	PRKCE_PRKCE	18.71	4.23	2.40E-10	2.59E-50	Yes	No	No	Yes	No
EGFRNetmtKRAS-Hi	PRKCE	SORD	Q02156	Q00796	PRKCE_SORD	1.56	0.64	5.75E-03	1.11E-02	No	No	No	No	No
EGFRNetmtKRAS-Hi	PRKCE	SLC25A3	Q02156	Q00325	PRKCE_SLC25A3	1.81	0.86	2.68E-03	1.14E-03	Yes	No	No	No	No
EGFRNetmtKRAS-Hi	PRKCE	TUBB4B	Q02156	P68371	PRKCE_TUBB4B	1.60	0.68	1.61E-03	7.80E-03	No	No	No	No	No
EGFRNetmtKRAS-Hi	PRKCE	TUBA1B	Q02156	P68363	PRKCE_TUBA1B	1.39	0.48	5.02E-03	4.35E-02	No	No	No	No	No
EGFRNetmtKRAS-Hi	PRKCE	YWHAZ	Q02156	P63104	PRKCE_YWHAZ	1.88	0.91	8.14E-05	5.94E-04	No	No	No	Yes	No
EGFRNetmtKRAS-Hi	PRKCE	RPS27A	Q02156	P62979	PRKCE_RPS27A	1.40	0.48	9.97E-04	4.20E-02	No	No	No	No	No
EGFRNetmtKRAS-Hi	PRKCE	YWHAE	Q02156	P62258	PRKCE_YWHAE	1.98	0.98	2.21E-05	2.42E-04	No	No	No	No	No
EGFRNetmtKRAS-Hi	PRKCE	YWHAG	Q02156	P61981	PRKCE_YWHAG	2.71	1.44	3.53E-03	1.76E-07	No	No	No	No	No
EGFRNetmtKRAS-Hi	PRKCE	SERPINB1	Q02156	P30740	PRKCE_SERPINB1	1.52	0.60	3.70E-02	1.59E-02	No	No	No	No	No
EGFRNetmtKRAS-Hi	PRKCE	SERPINI2	Q02156	O75830	PRKCE_SERPINI2	1.52	0.60	3.70E-02	1.59E-02	No	No	No	No	No
EGFRNetmtKRAS-Hi	PRKCE	SERPINB8	Q02156	P50452	PRKCE_SERPINB8	1.52	0.60	3.70E-02	1.59E-02	No	No	No	No	No
EGFRNetmtKRAS-Hi	PRKCE	SERPINB9	Q02156	P50453	PRKCE_SERPINB9	1.52	0.60	3.70E-02	1.59E-02	No	No	No	No	No
EGFRNetmtKRAS-Hi	PRKCE	GDI2	Q02156	P50395	PRKCE_GDI2	1.45	0.54	1.51E-02	2.71E-02	No	No	No	No	No
EGFRNetmtKRAS-Hi	PRKCE	SFN	Q02156	P31947	PRKCE_SFN	1.86	0.89	1.95E-03	7.59E-04	Yes	No	No	No	No
EGFRNetmtKRAS-Hi	PRKCE	YWHAB	Q02156	P31946	PRKCE_YWHAB	2.05	1.04	3.16E-03	1.18E-04	No	No	No	No	No
EGFRNetmtKRAS-Hi	PRKCE	ATIC	Q02156	P31939	PRKCE_ATIC	1.59	0.67	4.06E-02	8.80E-03	No	No	No	No	No
EGFRNetmtKRAS-Hi	PRKCE	DNAJA1	Q02156	P31689	PRKCE_DNAJA1	2.12	1.08	3.15E-02	6.12E-05	No	No	No	No	No
EGFRNetmtKRAS-Hi	PRKCE	CAD	Q02156	P27708	PRKCE_CAD	1.96	0.97	3.29E-02	2.86E-04	No	No	No	No	No
EGFRNetmtKRAS-Hi	PRKCE	YWHAQ	Q02156	P27348	PRKCE_YWHAQ	1.51	0.59	2.03E-02	1.68E-02	No	No	No	No	No
EGFRNetmtKRAS-Hi	PRKCE	SLC25A6	Q02156	P12236	PRKCE_SLC25A6	2.43	1.28	3.19E-04	2.89E-06	Yes	No	No	No	No
EGFRNetmtKRAS-Hi	PRKCE	PRPS2	Q02156	P11908	PRKCE_PRPS2	1.49	0.58	3.43E-02	1.96E-02	No	No	No	No	No
EGFRNetmtKRAS-Hi	PRKCE	HSPA8	Q02156	P11142	PRKCE_HSPA8	1.49	0.58	3.39E-03	1.96E-02	No	No	No	No	No
EGFRNetmtKRAS-Hi	PRKCE	HSP90AB1	Q02156	P08238	PRKCE_HSP90AB1	1.80	0.85	1.21E-03	1.25E-03	No	No	No	Yes	No
EGFRNetmtKRAS-Hi	PRKCE	HSPA1A	Q02156	P08107	PRKCE_HSPA1A	1.49	0.57	1.35E-03	2.00E-02	Yes	No	No	No	No
EGFRNetmtKRAS-Hi	PRKCE	HSP90AA1	Q02156	P07900	PRKCE_HSP90AA1	1.67	0.74	3.74E-03	4.17E-03	No	No	No	Yes	No
EGFRNetmtKRAS-Hi	PRKCE	TUBB	Q02156	P07437	PRKCE_TUBB	1.53	0.61	6.77E-03	1.43E-02	No	No	No	No	No
EGFRNetmtKRAS-Hi	PRKCE	SLC25A5	Q02156	P05141	PRKCE_SLC25A5	1.87	0.90	6.66E-03	6.52E-04	Yes	No	No	No	No
EGFRNetmtKRAS-Hi	PRKCE	PRPSAP2	Q02156	O60256	PRKCE_PRPSAP2	1.50	0.59	3.46E-02	1.79E-02	No	No	No	No	No
EGFRNetmtKRAS-Hi	PRKCG	IVNS1ABP	P05129	Q9Y6Y0	PRKCG_IVNS1ABP	1.62	0.70	4.35E-03	2.60E-05	Yes	No	No	No	No
EGFRNetmtKRAS-Hi	PRKCG	TCF25	P05129	Q9BQ70	PRKCG_TCF25	1.25	0.32	6.33E-03	2.93E-02	No	No	No	No	No
EGFRNetmtKRAS-Hi	PRKCG	HSP90AB2P	P05129	Q58FF8	PRKCG_HSP90AB2P	1.40	0.48	6.24E-03	2.36E-03	No	No	No	No	No
EGFRNetmtKRAS-Hi	PRKCG	PCK2	P05129	Q16822	PRKCG_PCK2	1.33	0.41	1.81E-02	7.86E-03	No	No	No	No	No
EGFRNetmtKRAS-Hi	PRKCG	CDC37	P05129	Q16543	PRKCG_CDC37	4.31	2.11	2.86E-09	6.51E-34	Yes	No	No	No	No
EGFRNetmtKRAS-Hi	PRKCG	PRPSAP1	P05129	Q14558	PRKCG_PRPSAP1	2.04	1.03	1.20E-03	1.43E-09	Yes	No	No	No	No
EGFRNetmtKRAS-Hi	PRKCG	RCN2	P05129	Q14257	PRKCG_RCN2	1.62	0.69	3.75E-05	2.90E-05	No	No	No	No	No
EGFRNetmtKRAS-Hi	PRKCG	SLC25A3	P05129	Q00325	PRKCG_SLC25A3	1.35	0.43	2.32E-05	6.00E-03	Yes	No	No	No	No
EGFRNetmtKRAS-Hi	PRKCG	TUBB4B	P05129	P68371	PRKCG_TUBB4B	1.21	0.28	2.85E-02	4.89E-02	No	No	No	No	No
EGFRNetmtKRAS-Hi	PRKCG	PRPS1	P05129	P60891	PRKCG_PRPS1	1.97	0.98	9.43E-04	8.42E-09	Yes	No	No	No	No
EGFRNetmtKRAS-Hi	PRKCG	LONP1	P05129	P36776	PRKCG_LONP1	1.35	0.43	1.31E-04	6.00E-03	No	No	No	No	No
EGFRNetmtKRAS-Hi	PRKCG	STIP1	P05129	P31948	PRKCG_STIP1	1.36	0.44	2.35E-02	4.83E-03	No	No	No	No	No
EGFRNetmtKRAS-Hi	PRKCG	DNAJA1	P05129	P31689	PRKCG_DNAJA1	1.54	0.62	5.36E-04	1.49E-04	No	No	No	No	No
EGFRNetmtKRAS-Hi	PRKCG	HSPA7	P05129	P48741	PRKCG_HSPA7	1.69	0.75	9.37E-03	6.31E-06	No	No	No	No	No
EGFRNetmtKRAS-Hi	PRKCG	HSPA6	P05129	P17066	PRKCG_HSPA6	1.69	0.75	9.37E-03	6.31E-06	No	No	No	No	No
EGFRNetmtKRAS-Hi	PRKCG	PRPS2	P05129	P11908	PRKCG_PRPS2	2.13	1.09	1.01E-03	1.68E-10	Yes	No	No	No	No
EGFRNetmtKRAS-Hi	PRKCG	HSPA8	P05129	P11142	PRKCG_HSPA8	1.73	0.79	1.04E-05	2.31E-06	Yes	No	No	No	No
EGFRNetmtKRAS-Hi	PRKCG	HSPD1	P05129	P10809	PRKCG_HSPD1	1.62	0.69	1.08E-06	2.92E-05	Yes	No	No	No	No
EGFRNetmtKRAS-Hi	PRKCG	HSP90AB1	P05129	P08238	PRKCG_HSP90AB1	1.40	0.49	6.45E-03	2.17E-03	No	No	No	Yes	No
EGFRNetmtKRAS-Hi	PRKCG	HSPA1A	P05129	P08107	PRKCG_HSPA1A	1.84	0.88	1.02E-05	1.85E-07	Yes	No	No	No	No
EGFRNetmtKRAS-Hi	PRKCG	HSP90AA1	P05129	P07900	PRKCG_HSP90AA1	1.38	0.46	2.89E-02	3.49E-03	No	No	No	Yes	No
EGFRNetmtKRAS-Hi	PRKCG	SLC25A5	P05129	P05141	PRKCG_SLC25A5	1.29	0.37	3.90E-06	1.54E-02	No	No	No	No	No
EGFRNetmtKRAS-Hi	PRKCG	PRKCG	P05129	P05129	PRKCG_PRKCG	18.40	4.20	2.25E-09	8.13E-128	Yes	No	No	Yes	No
EGFRNetmtKRAS-Hi	PRKCG	AIFM1	P05129	O95831	PRKCG_AIFM1	1.32	0.40	6.53E-04	9.66E-03	No	No	No	No	No
EGFRNetmtKRAS-Hi	PRKCG	BAG2	P05129	O95816	PRKCG_BAG2	4.39	2.14	5.28E-04	9.56E-35	Yes	No	No	No	No
EGFRNetmtKRAS-Hi	PRKCG	PRPSAP2	P05129	O60256	PRKCG_PRPSAP2	2.14	1.10	9.21E-04	1.16E-10	Yes	No	No	No	No
EGFRNetmtKRAS-Hi	PRKCI	GTF3C5	P41743	Q9Y5Q8	PRKCI_GTF3C5	1.76	0.81	1.42E-02	2.89E-02	No	No	No	No	No
EGFRNetmtKRAS-Hi	PRKCI	NOC2L	P41743	Q9Y3T9	PRKCI_NOC2L	2.67	1.42	6.45E-03	6.31E-04	Yes	No	No	No	No
EGFRNetmtKRAS-Hi	PRKCI	MRPS18C	P41743	Q9Y3D5	PRKCI_MRPS18C	1.78	0.83	1.99E-04	2.60E-02	Yes	No	No	No	No
EGFRNetmtKRAS-Hi	PRKCI	MRPS2	P41743	Q9Y399	PRKCI_MRPS2	2.67	1.42	5.26E-03	6.39E-04	Yes	No	No	No	No
EGFRNetmtKRAS-Hi	PRKCI	DHCR7	P41743	Q9UBM7	PRKCI_DHCR7	2.09	1.06	6.17E-03	7.29E-03	No	No	No	No	No
EGFRNetmtKRAS-Hi	PRKCI	TMEM160	P41743	Q9NX00	PRKCI_TMEM160	4.09	2.03	1.63E-03	2.51E-06	No	No	No	No	Yes
EGFRNetmtKRAS-Hi	PRKCI	ABHD10	P41743	Q9NUJ1	PRKCI_ABHD10	1.97	0.98	1.14E-06	1.21E-02	No	No	No	No	No
EGFRNetmtKRAS-Hi	PRKCI	PARD6B	P41743	Q9BYG5	PRKCI_PARD6B	9.33	3.22	4.49E-07	3.98E-13	Yes	Yes	Yes	Yes	Yes
EGFRNetmtKRAS-Hi	PRKCI	PARD6G	P41743	Q9BYG4	PRKCI_PARD6G	12.32	3.62	3.23E-04	4.65E-16	No	No	No	Yes	No
EGFRNetmtKRAS-Hi	PRKCI	TUBB2A	P41743	Q13885	PRKCI_TUBB2A	1.73	0.79	2.61E-03	3.22E-02	No	No	No	No	No
EGFRNetmtKRAS-Hi	PRKCI	TUBB2B	P41743	Q9BVA1	PRKCI_TUBB2B	1.73	0.79	2.61E-03	3.22E-02	No	No	No	No	No
EGFRNetmtKRAS-Hi	PRKCI	MYBBP1A	P41743	Q9BQG0	PRKCI_MYBBP1A	2.03	1.02	3.23E-02	9.42E-03	No	No	No	No	No
EGFRNetmtKRAS-Hi	PRKCI	TCF25	P41743	Q9BQ70	PRKCI_TCF25	1.82	0.87	2.71E-03	2.20E-02	No	No	No	No	No
EGFRNetmtKRAS-Hi	PRKCI	NIPSNAP1	P41743	Q9BPW8	PRKCI_NIPSNAP1	4.76	2.25	9.83E-07	2.31E-07	No	No	No	Yes	Yes
EGFRNetmtKRAS-Hi	PRKCI	ERBB2IP	P41743	Q96RT1	PRKCI_ERBB2IP	5.25	2.39	4.77E-03	4.35E-08	Yes	No	No	No	No
EGFRNetmtKRAS-Hi	PRKCI	MRPL53	P41743	Q96EL3	PRKCI_MRPL53	3.85	1.94	4.42E-06	6.22E-06	Yes	No	No	No	No
EGFRNetmtKRAS-Hi	PRKCI	RPUSD4	P41743	Q96CM3	PRKCI_RPUSD4	1.70	0.76	1.64E-03	3.68E-02	No	No	No	No	No
EGFRNetmtKRAS-Hi	PRKCI	USP7	P41743	Q93009	PRKCI_USP7	2.11	1.08	2.35E-04	6.57E-03	Yes	No	No	No	No
EGFRNetmtKRAS-Hi	PRKCI	PARD3	P41743	Q8TEW0	PRKCI_PARD3	4.52	2.18	1.14E-05	5.34E-07	No	No	No	Yes	No
EGFRNetmtKRAS-Hi	PRKCI	BRIX1	P41743	Q8TDN6	PRKCI_BRIX1	1.74	0.80	9.34E-03	3.03E-02	Yes	No	No	No	No
EGFRNetmtKRAS-Hi	PRKCI	MRPL10	P41743	Q7Z7H8	PRKCI_MRPL10	4.94	2.30	5.00E-03	1.26E-07	Yes	No	No	No	No
EGFRNetmtKRAS-Hi	PRKCI	LLGL2	P41743	Q6P1M3	PRKCI_LLGL2	10.25	3.36	8.09E-09	4.43E-14	Yes	Yes	No	Yes	No
EGFRNetmtKRAS-Hi	PRKCI	TIMM50	P41743	Q3ZCQ8	PRKCI_TIMM50	4.23	2.08	2.58E-03	1.53E-06	Yes	No	No	No	No
EGFRNetmtKRAS-Hi	PRKCI	SLC35G1	P41743	Q2M3R5	PRKCI_SLC35G1	3.99	2.00	3.99E-05	3.63E-06	Yes	No	No	No	No
EGFRNetmtKRAS-Hi	PRKCI	CDC37	P41743	Q16543	PRKCI_CDC37	4.37	2.13	3.54E-09	9.19E-07	Yes	No	No	Yes	No
EGFRNetmtKRAS-Hi	PRKCI	LLGL1	P41743	Q15334	PRKCI_LLGL1	6.77	2.76	3.22E-08	3.86E-10	Yes	No	No	Yes	Yes
EGFRNetmtKRAS-Hi	PRKCI	RCN2	P41743	Q14257	PRKCI_RCN2	2.34	1.23	3.50E-06	2.49E-03	No	No	No	No	No
EGFRNetmtKRAS-Hi	PRKCI	KEAP1	P41743	Q14145	PRKCI_KEAP1	6.71	2.75	6.29E-06	4.61E-10	Yes	No	No	No	Yes
EGFRNetmtKRAS-Hi	PRKCI	MOGS	P41743	Q13724	PRKCI_MOGS	2.01	1.00	1.19E-02	1.02E-02	No	No	No	No	No
EGFRNetmtKRAS-Hi	PRKCI	SQSTM1	P41743	Q13501	PRKCI_SQSTM1	13.63	3.77	2.74E-09	3.25E-17	Yes	No	No	Yes	Yes
EGFRNetmtKRAS-Hi	PRKCI	ASPH	P41743	Q12797	PRKCI_ASPH	2.31	1.21	1.54E-02	2.84E-03	Yes	No	No	No	No
EGFRNetmtKRAS-Hi	PRKCI	C1QBP	P41743	Q07021	PRKCI_C1QBP	4.08	2.03	2.02E-10	2.65E-06	Yes	No	No	No	No
EGFRNetmtKRAS-Hi	PRKCI	PRKCZ	P41743	Q05513	PRKCI_PRKCZ	32.77	5.03	3.77E-08	5.05E-29	Yes	Yes	No	Yes	No
EGFRNetmtKRAS-Hi	PRKCI	SSBP1	P41743	Q04837	PRKCI_SSBP1	2.15	1.10	8.40E-05	5.60E-03	Yes	No	No	No	No
EGFRNetmtKRAS-Hi	PRKCI	SLC7A5	P41743	Q01650	PRKCI_SLC7A5	1.77	0.82	1.78E-03	2.76E-02	No	No	No	No	No
EGFRNetmtKRAS-Hi	PRKCI	SLC25A3	P41743	Q00325	PRKCI_SLC25A3	2.19	1.13	4.32E-07	4.69E-03	Yes	No	No	No	No
EGFRNetmtKRAS-Hi	PRKCI	MRPS9	P41743	P82933	PRKCI_MRPS9	2.52	1.33	6.45E-03	1.21E-03	Yes	No	No	No	No
EGFRNetmtKRAS-Hi	PRKCI	MRPS34	P41743	P82930	PRKCI_MRPS34	1.66	0.73	1.04E-03	4.19E-02	No	No	No	No	No
EGFRNetmtKRAS-Hi	PRKCI	MRPS35	P41743	P82673	PRKCI_MRPS35	1.66	0.73	1.05E-04	4.27E-02	No	No	No	No	No
EGFRNetmtKRAS-Hi	PRKCI	MRPS10	P41743	P82664	PRKCI_MRPS10	1.66	0.73	1.08E-03	4.25E-02	No	No	No	No	No
EGFRNetmtKRAS-Hi	PRKCI	MRPS25	P41743	P82663	PRKCI_MRPS25	1.85	0.89	6.43E-03	1.95E-02	Yes	No	No	No	No
EGFRNetmtKRAS-Hi	PRKCI	MRPS22	P41743	P82650	PRKCI_MRPS22	1.70	0.76	1.48E-02	3.69E-02	Yes	No	No	No	No
EGFRNetmtKRAS-Hi	PRKCI	CSNK2A3 	P41743	Q8NEV1	PRKCI_CSNK2A3	1.69	0.76	2.87E-06	3.77E-02	No	No	No	No	No
EGFRNetmtKRAS-Hi	PRKCI	CSNK2A1	P41743	P68400	PRKCI_CSNK2A1	1.69	0.76	2.87E-06	3.77E-02	Yes	No	No	No	No
EGFRNetmtKRAS-Hi	PRKCI	CSNK2B	P41743	P67870	PRKCI_CSNK2B	1.77	0.82	7.35E-05	2.73E-02	No	No	No	No	No
EGFRNetmtKRAS-Hi	PRKCI	MRPL12	P41743	P52815	PRKCI_MRPL12	3.14	1.65	1.23E-05	9.46E-05	Yes	No	No	No	No
EGFRNetmtKRAS-Hi	PRKCI	ALDH3A2	P41743	P51648	PRKCI_ALDH3A2	1.72	0.78	1.59E-02	3.32E-02	No	No	No	No	Yes
EGFRNetmtKRAS-Hi	PRKCI	DAP3	P41743	P51398	PRKCI_DAP3	1.75	0.81	4.66E-04	2.92E-02	Yes	No	No	No	No
EGFRNetmtKRAS-Hi	PRKCI	CPT1A	P41743	P50416	PRKCI_CPT1A	1.83	0.87	9.07E-05	2.09E-02	Yes	No	No	No	No
EGFRNetmtKRAS-Hi	PRKCI	SSR1	P41743	P43307	PRKCI_SSR1	1.81	0.85	7.49E-03	2.33E-02	No	No	No	No	No
EGFRNetmtKRAS-Hi	PRKCI	PRKCI	P41743	P41743	PRKCI_PRKCI	15.57	3.96	1.33E-09	8.63E-19	Yes	No	No	No	Yes
EGFRNetmtKRAS-Hi	PRKCI	DNAJA1	P41743	P31689	PRKCI_DNAJA1	1.99	1.00	4.21E-05	1.08E-02	No	No	No	No	No
EGFRNetmtKRAS-Hi	PRKCI	S100A7A	P41743	Q86SG5	PRKCI_S100A7A	31.13	4.96	1.49E-02	3.04E-28	No	No	No	No	No
EGFRNetmtKRAS-Hi	PRKCI	S100A7	P41743	P31151	PRKCI_S100A7	31.13	4.96	1.49E-02	3.04E-28	Yes	No	No	No	No
EGFRNetmtKRAS-Hi	PRKCI	PRKACB	P41743	P22694	PRKCI_PRKACB	2.85	1.51	2.10E-03	3.07E-04	Yes	No	No	No	No
EGFRNetmtKRAS-Hi	PRKCI	FBL	P41743	P22087	PRKCI_FBL	6.83	2.77	4.54E-02	3.22E-10	Yes	No	No	No	No
EGFRNetmtKRAS-Hi	PRKCI	HSPA7	P41743	P48741	PRKCI_HSPA7	2.08	1.05	1.30E-07	7.65E-03	Yes	No	No	No	No
EGFRNetmtKRAS-Hi	PRKCI	HSPA6	P41743	P17066	PRKCI_HSPA6	2.08	1.05	1.30E-07	7.65E-03	Yes	No	No	No	No
EGFRNetmtKRAS-Hi	PRKCI	CD44	P41743	P16070	PRKCI_CD44	2.01	1.01	9.80E-06	1.00E-02	No	Yes	No	No	No
EGFRNetmtKRAS-Hi	PRKCI	SLC25A4	P41743	P12235	PRKCI_SLC25A4	2.15	1.10	1.28E-07	5.63E-03	Yes	No	No	No	No
EGFRNetmtKRAS-Hi	PRKCI	SLC25A6	P41743	P12236	PRKCI_SLC25A6	2.15	1.10	1.28E-07	5.63E-03	Yes	No	No	No	No
EGFRNetmtKRAS-Hi	PRKCI	HSPA8	P41743	P11142	PRKCI_HSPA8	2.27	1.18	4.73E-09	3.43E-03	Yes	No	No	No	No
EGFRNetmtKRAS-Hi	PRKCI	PRKAR1A	P41743	P10644	PRKCI_PRKAR1A	1.63	0.71	5.31E-04	4.76E-02	No	No	No	No	No
EGFRNetmtKRAS-Hi	PRKCI	HSPA1A	P41743	P08107	PRKCI_HSPA1A	2.78	1.47	2.67E-10	4.17E-04	Yes	No	No	No	No
EGFRNetmtKRAS-Hi	PRKCI	SLC25A5	P41743	P05141	PRKCI_SLC25A5	1.85	0.89	2.78E-04	1.96E-02	No	No	No	No	No
EGFRNetmtKRAS-Hi	PRKCI	HSPB1	P41743	P04792	PRKCI_HSPB1	2.32	1.21	6.73E-04	2.81E-03	No	No	No	No	No
EGFRNetmtKRAS-Hi	PRKCI	BAG2	P41743	O95816	PRKCI_BAG2	6.47	2.69	1.09E-03	9.49E-10	Yes	No	No	No	No
EGFRNetmtKRAS-Hi	PRKCI	RSL1D1	P41743	O76021	PRKCI_RSL1D1	1.67	0.74	2.19E-03	4.05E-02	Yes	No	No	No	No
EGFRNetmtKRAS-Hi	PRKCI	GBAS	P41743	O75323	PRKCI_GBAS	8.77	3.13	2.45E-08	1.65E-12	No	No	No	Yes	Yes
EGFRNetmtKRAS-Hi	PRKCI	DNAJA2	P41743	O60884	PRKCI_DNAJA2	2.16	1.11	2.75E-06	5.41E-03	Yes	No	No	No	No
EGFRNetmtKRAS-Hi	PRKCI	DPM1	P41743	O60762	PRKCI_DPM1	1.91	0.94	7.06E-03	1.50E-02	No	No	No	No	No
EGFRNetmtKRAS-Hi	PRKCI	POLRMT	P41743	O00411	PRKCI_POLRMT	3.00	1.58	1.05E-03	1.69E-04	Yes	No	No	No	No
EGFRNetmtKRAS-Hi	PRKCZ	GTF3C5	Q05513	Q9Y5Q8	PRKCZ_GTF3C5	2.28	1.19	2.00E-02	2.09E-02	No	No	No	No	No
EGFRNetmtKRAS-Hi	PRKCZ	VPRBP	Q05513	Q9Y4B6	PRKCZ_VPRBP	7.20	2.85	1.01E-07	5.59E-07	No	No	No	No	No
EGFRNetmtKRAS-Hi	PRKCZ	NOC2L	Q05513	Q9Y3T9	PRKCZ_NOC2L	2.41	1.27	3.21E-05	1.53E-02	No	No	No	No	No
EGFRNetmtKRAS-Hi	PRKCZ	MRPS2	Q05513	Q9Y399	PRKCZ_MRPS2	2.21	1.14	6.45E-04	2.55E-02	No	No	No	No	No
EGFRNetmtKRAS-Hi	PRKCZ	CAMSAP3	Q05513	Q9P1Y5	PRKCZ_CAMSAP3	3.21	1.68	2.29E-07	2.01E-03	No	No	No	No	No
EGFRNetmtKRAS-Hi	PRKCZ	ITSN2	Q05513	Q9NZM3	PRKCZ_ITSN2	10.77	3.43	5.58E-03	2.25E-09	No	No	No	No	No
EGFRNetmtKRAS-Hi	PRKCZ	WDR26	Q05513	Q9H7D7	PRKCZ_WDR26	3.20	1.68	5.15E-03	2.08E-03	No	No	No	No	No
EGFRNetmtKRAS-Hi	PRKCZ	EPB41L4B	Q05513	Q9H329	PRKCZ_EPB41L4B	13.79	3.79	6.40E-03	4.73E-11	Yes	No	No	No	No
EGFRNetmtKRAS-Hi	PRKCZ	UBE2O	Q05513	Q9C0C9	PRKCZ_UBE2O	2.52	1.33	9.77E-04	1.14E-02	No	No	No	No	No
EGFRNetmtKRAS-Hi	PRKCZ	PARD6B	Q05513	Q9BYG5	PRKCZ_PARD6B	10.87	3.44	7.17E-10	1.94E-09	No	Yes	No	Yes	Yes
EGFRNetmtKRAS-Hi	PRKCZ	PARD6G	Q05513	Q9BYG4	PRKCZ_PARD6G	8.52	3.09	6.84E-05	6.21E-08	No	Yes	No	Yes	No
EGFRNetmtKRAS-Hi	PRKCZ	DDA1	Q05513	Q9BW61	PRKCZ_DDA1	5.73	2.52	1.68E-06	8.24E-06	No	No	No	No	No
EGFRNetmtKRAS-Hi	PRKCZ	TUBB6	Q05513	Q9BUF5	PRKCZ_TUBB6	2.59	1.37	6.87E-04	9.45E-03	No	No	No	No	No
EGFRNetmtKRAS-Hi	PRKCZ	NIPSNAP1	Q05513	Q9BPW8	PRKCZ_NIPSNAP1	6.28	2.65	1.44E-04	2.89E-06	No	No	No	No	No
EGFRNetmtKRAS-Hi	PRKCZ	NAP1L4	Q05513	Q99733	PRKCZ_NAP1L4	2.36	1.24	2.79E-07	1.74E-02	No	No	No	No	No
EGFRNetmtKRAS-Hi	PRKCZ	MRPL53	Q05513	Q96EL3	PRKCZ_MRPL53	3.41	1.77	1.96E-04	1.24E-03	Yes	No	No	No	No
EGFRNetmtKRAS-Hi	PRKCZ	AP2M1	Q05513	Q96CW1	PRKCZ_AP2M1	2.90	1.53	5.02E-05	4.37E-03	Yes	No	No	No	No
EGFRNetmtKRAS-Hi	PRKCZ	RPUSD4	Q05513	Q96CM3	PRKCZ_RPUSD4	2.10	1.07	3.81E-03	3.37E-02	No	No	No	No	No
EGFRNetmtKRAS-Hi	PRKCZ	GLG1	Q05513	Q92896	PRKCZ_GLG1	2.30	1.20	2.55E-06	2.01E-02	No	No	No	No	No
EGFRNetmtKRAS-Hi	PRKCZ	AP3S1	Q05513	Q92572	PRKCZ_AP3S1	1.96	0.97	1.88E-02	4.87E-02	Yes	No	No	No	No
EGFRNetmtKRAS-Hi	PRKCZ	PARD3	Q05513	Q8TEW0	PRKCZ_PARD3	4.94	2.30	4.58E-04	4.09E-05	No	No	No	Yes	No
EGFRNetmtKRAS-Hi	PRKCZ	WWC1	Q05513	Q8IX03	PRKCZ_WWC1	6.81	2.77	1.49E-07	1.11E-06	Yes	Yes	No	Yes	No
EGFRNetmtKRAS-Hi	PRKCZ	HUWE1	Q05513	Q7Z6Z7	PRKCZ_HUWE1	2.19	1.13	7.17E-03	2.70E-02	No	No	No	No	No
EGFRNetmtKRAS-Hi	PRKCZ	LLGL2	Q05513	Q6P1M3	PRKCZ_LLGL2	16.23	4.02	3.62E-11	3.02E-12	Yes	Yes	No	Yes	No
EGFRNetmtKRAS-Hi	PRKCZ	TIMM50	Q05513	Q3ZCQ8	PRKCZ_TIMM50	5.88	2.56	1.36E-03	6.21E-06	No	No	No	No	No
EGFRNetmtKRAS-Hi	PRKCZ	SLC35G1	Q05513	Q2M3R5	PRKCZ_SLC35G1	4.92	2.30	7.30E-04	4.21E-05	Yes	No	No	No	No
EGFRNetmtKRAS-Hi	PRKCZ	CDC37	Q05513	Q16543	PRKCZ_CDC37	6.00	2.58	1.33E-11	4.96E-06	Yes	No	No	No	No
EGFRNetmtKRAS-Hi	PRKCZ	DDB1	Q05513	Q16531	PRKCZ_DDB1	2.77	1.47	1.42E-10	6.06E-03	No	No	No	No	No
EGFRNetmtKRAS-Hi	PRKCZ	NEDD8	Q05513	Q15843	PRKCZ_NEDD8	2.57	1.36	7.55E-05	9.98E-03	Yes	No	No	No	No
EGFRNetmtKRAS-Hi	PRKCZ	LLGL1	Q05513	Q15334	PRKCZ_LLGL1	10.47	3.39	1.84E-07	3.39E-09	No	Yes	No	Yes	No
EGFRNetmtKRAS-Hi	PRKCZ	RCN2	Q05513	Q14257	PRKCZ_RCN2	5.72	2.52	2.05E-09	8.48E-06	No	No	No	No	No
EGFRNetmtKRAS-Hi	PRKCZ	KEAP1	Q05513	Q14145	PRKCZ_KEAP1	4.21	2.07	1.99E-05	1.96E-04	No	No	No	No	No
EGFRNetmtKRAS-Hi	PRKCZ	SQSTM1	Q05513	Q13501	PRKCZ_SQSTM1	9.67	3.27	3.80E-09	1.07E-08	Yes	Yes	No	Yes	No
EGFRNetmtKRAS-Hi	PRKCZ	TRIM28	Q05513	Q13263	PRKCZ_TRIM28	2.66	1.41	5.60E-11	7.90E-03	Yes	No	No	No	No
EGFRNetmtKRAS-Hi	PRKCZ	TRIM26	Q05513	Q12899	PRKCZ_TRIM26	7.62	2.93	4.98E-03	2.71E-07	No	No	No	No	No
EGFRNetmtKRAS-Hi	PRKCZ	ASPH	Q05513	Q12797	PRKCZ_ASPH	2.55	1.35	1.88E-03	1.04E-02	Yes	No	No	No	No
EGFRNetmtKRAS-Hi	PRKCZ	C1QBP	Q05513	Q07021	PRKCZ_C1QBP	9.61	3.26	4.70E-10	1.17E-08	Yes	No	No	Yes	No
EGFRNetmtKRAS-Hi	PRKCZ	PRKCZ	Q05513	Q05513	PRKCZ_PRKCZ	25.10	4.65	8.39E-12	8.89E-16	Yes	No	No	Yes	Yes
EGFRNetmtKRAS-Hi	PRKCZ	SLC25A3	Q05513	Q00325	PRKCZ_SLC25A3	2.57	1.36	9.64E-08	9.89E-03	Yes	No	No	No	No
EGFRNetmtKRAS-Hi	PRKCZ	PKD1	Q05513	P98161	PRKCZ_PKD1	111.85	6.81	3.10E-02	1.19E-31	No	No	No	No	No
EGFRNetmtKRAS-Hi	PRKCZ	CSNK2A3 	Q05513	Q8NEV1	PRKCZ_CSNK2A3	8.05	3.01	6.61E-11	1.32E-07	No	No	No	No	No
EGFRNetmtKRAS-Hi	PRKCZ	CSNK2A1	Q05513	P68400	PRKCZ_CSNK2A1	8.05	3.01	6.61E-11	1.32E-07	Yes	No	No	Yes	No
EGFRNetmtKRAS-Hi	PRKCZ	TUBB4B	Q05513	P68371	PRKCZ_TUBB4B	1.96	0.97	5.22E-08	4.82E-02	No	No	No	No	No
EGFRNetmtKRAS-Hi	PRKCZ	CSNK2B	Q05513	P67870	PRKCZ_CSNK2B	6.99	2.81	4.23E-09	8.01E-07	Yes	No	No	Yes	No
EGFRNetmtKRAS-Hi	PRKCZ	PSME3	Q05513	P61289	PRKCZ_PSME3	9.29	3.22	2.41E-06	1.89E-08	Yes	No	No	No	No
EGFRNetmtKRAS-Hi	PRKCZ	NAP1L1	Q05513	P55209	PRKCZ_NAP1L1	3.20	1.68	4.93E-11	2.09E-03	No	No	No	No	No
EGFRNetmtKRAS-Hi	PRKCZ	HADHB	Q05513	P55084	PRKCZ_HADHB	2.87	1.52	6.17E-09	4.67E-03	Yes	No	No	No	No
EGFRNetmtKRAS-Hi	PRKCZ	MRPL12	Q05513	P52815	PRKCZ_MRPL12	4.08	2.03	6.57E-05	2.61E-04	Yes	No	No	No	No
EGFRNetmtKRAS-Hi	PRKCZ	CPT1A	Q05513	P50416	PRKCZ_CPT1A	2.65	1.40	6.43E-03	8.20E-03	No	No	No	No	No
EGFRNetmtKRAS-Hi	PRKCZ	HADHA	Q05513	P40939	PRKCZ_HADHA	2.93	1.55	2.71E-07	4.00E-03	Yes	No	No	No	No
EGFRNetmtKRAS-Hi	PRKCZ	DNAJA1	Q05513	P31689	PRKCZ_DNAJA1	3.80	1.93	2.75E-08	4.98E-04	No	No	No	No	No
EGFRNetmtKRAS-Hi	PRKCZ	POLD1	Q05513	P28340	PRKCZ_POLD1	2.21	1.14	1.67E-03	2.57E-02	No	No	No	No	No
EGFRNetmtKRAS-Hi	PRKCZ	CAD	Q05513	P27708	PRKCZ_CAD	2.26	1.18	3.36E-08	2.24E-02	No	No	No	No	No
EGFRNetmtKRAS-Hi	PRKCZ	PRKACB	Q05513	P22694	PRKCZ_PRKACB	2.64	1.40	2.18E-03	8.34E-03	Yes	No	No	No	No
EGFRNetmtKRAS-Hi	PRKCZ	FBL	Q05513	P22087	PRKCZ_FBL	20.13	4.33	1.85E-02	6.28E-14	No	No	No	No	No
EGFRNetmtKRAS-Hi	PRKCZ	HSPA7	Q05513	P48741	PRKCZ_HSPA7	2.37	1.25	1.98E-06	1.67E-02	No	No	No	No	No
EGFRNetmtKRAS-Hi	PRKCZ	HSPA6	Q05513	P17066	PRKCZ_HSPA6	2.37	1.25	1.98E-06	1.67E-02	No	No	No	No	No
EGFRNetmtKRAS-Hi	PRKCZ	CD44	Q05513	P16070	PRKCZ_CD44	4.39	2.13	3.73E-08	1.33E-04	Yes	No	No	Yes	No
EGFRNetmtKRAS-Hi	PRKCZ	SLC25A4	Q05513	P12235	PRKCZ_SLC25A4	2.36	1.24	1.48E-08	1.71E-02	Yes	No	No	No	No
EGFRNetmtKRAS-Hi	PRKCZ	SLC25A6	Q05513	P12236	PRKCZ_SLC25A6	2.36	1.24	1.48E-08	1.71E-02	Yes	No	No	No	No
EGFRNetmtKRAS-Hi	PRKCZ	HSPA8	Q05513	P11142	PRKCZ_HSPA8	2.71	1.44	2.42E-07	7.08E-03	No	No	No	No	No
EGFRNetmtKRAS-Hi	PRKCZ	PRKAR1A	Q05513	P10644	PRKCZ_PRKAR1A	2.15	1.11	7.81E-07	2.95E-02	No	No	No	No	No
EGFRNetmtKRAS-Hi	PRKCZ	HSPA1A	Q05513	P08107	PRKCZ_HSPA1A	2.66	1.41	9.22E-07	7.92E-03	Yes	No	No	No	No
EGFRNetmtKRAS-Hi	PRKCZ	TUBB	Q05513	P07437	PRKCZ_TUBB	1.97	0.98	6.69E-07	4.74E-02	No	No	No	No	No
EGFRNetmtKRAS-Hi	PRKCZ	NPM1	Q05513	P06748	PRKCZ_NPM1	3.34	1.74	6.70E-08	1.47E-03	No	No	No	Yes	No
EGFRNetmtKRAS-Hi	PRKCZ	SLC25A5	Q05513	P05141	PRKCZ_SLC25A5	2.54	1.34	8.71E-04	1.09E-02	No	No	No	No	No
EGFRNetmtKRAS-Hi	PRKCZ	HSPB1	Q05513	P04792	PRKCZ_HSPB1	2.09	1.06	1.28E-03	3.50E-02	No	No	No	No	No
EGFRNetmtKRAS-Hi	PRKCZ	ADH1C	Q05513	P00326	PRKCZ_ADH1C	20.07	4.33	2.78E-03	6.61E-14	Yes	No	No	No	No
EGFRNetmtKRAS-Hi	PRKCZ	AIFM1	Q05513	O95831	PRKCZ_AIFM1	2.05	1.04	4.71E-05	3.86E-02	No	No	No	No	No
EGFRNetmtKRAS-Hi	PRKCZ	BAG2	Q05513	O95816	PRKCZ_BAG2	5.45	2.45	1.93E-04	1.45E-05	No	No	No	No	No
EGFRNetmtKRAS-Hi	PRKCZ	AP2A2	Q05513	O94973	PRKCZ_AP2A2	2.23	1.16	2.76E-03	2.40E-02	Yes	No	No	No	No
EGFRNetmtKRAS-Hi	PRKCZ	FARP2	Q05513	O94887	PRKCZ_FARP2	4.61	2.20	2.84E-04	8.23E-05	Yes	No	No	No	No
EGFRNetmtKRAS-Hi	PRKCZ	NPM3	Q05513	O75607	PRKCZ_NPM3	4.92	2.30	8.99E-07	4.27E-05	Yes	No	No	No	No
EGFRNetmtKRAS-Hi	PRKCZ	GBAS	Q05513	O75323	PRKCZ_GBAS	11.03	3.46	1.26E-06	1.57E-09	Yes	Yes	No	No	No
EGFRNetmtKRAS-Hi	PRKCZ	DNAJA2	Q05513	O60884	PRKCZ_DNAJA2	3.56	1.83	5.93E-06	8.79E-04	No	No	No	No	No
EGFRNetmtKRAS-Hi	PRKCZ	POLRMT	Q05513	O00411	PRKCZ_POLRMT	4.59	2.20	2.60E-05	8.50E-05	Yes	No	No	No	No
EGFRNetmtKRAS-Hi	PRKCZ	IPO5	Q05513	O00410	PRKCZ_IPO5	2.76	1.46	2.01E-10	6.22E-03	Yes	No	No	No	No
EGFRNetmtKRAS-Hi	PRKD1	IVNS1ABP	Q15139	Q9Y6Y0	PRKD1_IVNS1ABP	1.65	0.73	2.89E-07	7.21E-03	Yes	No	No	No	No
EGFRNetmtKRAS-Hi	PRKD1	ACSL5	Q15139	Q9ULC5	PRKD1_ACSL5	2.74	1.45	3.41E-02	3.59E-07	Yes	No	No	No	No
EGFRNetmtKRAS-Hi	PRKD1	TJP2	Q15139	Q9UDY2	PRKD1_TJP2	1.50	0.59	7.67E-05	2.47E-02	No	No	No	No	No
EGFRNetmtKRAS-Hi	PRKD1	MAT2B	Q15139	Q9NZL9	PRKD1_MAT2B	1.65	0.72	2.92E-02	7.68E-03	Yes	No	No	No	No
EGFRNetmtKRAS-Hi	PRKD1	GAR1	Q15139	Q9NY12	PRKD1_GAR1	1.49	0.58	3.30E-02	2.63E-02	Yes	No	No	No	No
EGFRNetmtKRAS-Hi	PRKD1	C19ORF43	Q15139	Q9BQ61	PRKD1_C19ORF43	1.61	0.69	1.32E-03	1.06E-02	No	No	No	No	No
EGFRNetmtKRAS-Hi	PRKD1	POP1	Q15139	Q99575	PRKD1_POP1	1.67	0.74	9.28E-03	6.13E-03	No	No	No	No	No
EGFRNetmtKRAS-Hi	PRKD1	UHRF1	Q15139	Q96T88	PRKD1_UHRF1	1.58	0.66	3.41E-03	1.37E-02	Yes	No	No	No	No
EGFRNetmtKRAS-Hi	PRKD1	USP9Y	Q15139	O00507	PRKD1_USP9Y	1.57	0.65	1.60E-02	1.43E-02	No	No	No	No	No
EGFRNetmtKRAS-Hi	PRKD1	USP9X	Q15139	Q93008	PRKD1_USP9X	1.57	0.65	1.60E-02	1.43E-02	No	No	No	No	No
EGFRNetmtKRAS-Hi	PRKD1	AP3S1	Q15139	Q92572	PRKD1_AP3S1	1.56	0.65	1.53E-04	1.51E-02	No	No	No	No	No
EGFRNetmtKRAS-Hi	PRKD1	MTMR14	Q15139	Q8NCE2	PRKD1_MTMR14	1.41	0.50	8.30E-04	4.82E-02	No	No	No	No	No
EGFRNetmtKRAS-Hi	PRKD1	MEPCE	Q15139	Q7L2J0	PRKD1_MEPCE	1.51	0.60	4.58E-03	2.29E-02	No	No	No	No	No
EGFRNetmtKRAS-Hi	PRKD1	UBR4	Q15139	Q5T4S7	PRKD1_UBR4	1.49	0.58	2.41E-02	2.65E-02	No	No	No	No	No
EGFRNetmtKRAS-Hi	PRKD1	CDC37	Q15139	Q16543	PRKD1_CDC37	1.68	0.75	4.27E-05	5.70E-03	No	No	No	No	No
EGFRNetmtKRAS-Hi	PRKD1	PRKD1	Q15139	Q15139	PRKD1_PRKD1	9.48	3.24	1.00E-17	4.63E-29	Yes	No	No	Yes	No
EGFRNetmtKRAS-Hi	PRKD1	PRPSAP1	Q15139	Q14558	PRKD1_PRPSAP1	1.85	0.89	1.39E-06	1.35E-03	Yes	No	No	No	No
EGFRNetmtKRAS-Hi	PRKD1	DSG2	Q15139	Q14126	PRKD1_DSG2	1.67	0.74	2.91E-02	6.14E-03	No	No	No	No	No
EGFRNetmtKRAS-Hi	PRKD1	TRAP1	Q15139	Q12931	PRKD1_TRAP1	1.42	0.50	1.17E-03	4.68E-02	No	No	No	No	No
EGFRNetmtKRAS-Hi	PRKD1	YWHAH	Q15139	Q04917	PRKD1_YWHAH	2.09	1.06	2.94E-02	1.52E-04	No	No	No	No	No
EGFRNetmtKRAS-Hi	PRKD1	AKAP12	Q15139	Q02952	PRKD1_AKAP12	1.48	0.57	6.30E-03	2.90E-02	Yes	No	No	No	No
EGFRNetmtKRAS-Hi	PRKD1	SORD	Q15139	Q00796	PRKD1_SORD	1.59	0.67	8.29E-04	1.27E-02	No	No	No	No	No
EGFRNetmtKRAS-Hi	PRKD1	MRPS22	Q15139	P82650	PRKD1_MRPS22	1.46	0.55	3.93E-02	3.37E-02	No	No	No	No	No
EGFRNetmtKRAS-Hi	PRKD1	RPS21	Q15139	P63220	PRKD1_RPS21	1.49	0.57	2.82E-02	2.75E-02	No	No	No	No	No
EGFRNetmtKRAS-Hi	PRKD1	YWHAZ	Q15139	P63104	PRKD1_YWHAZ	2.13	1.09	1.44E-07	1.10E-04	No	No	No	Yes	No
EGFRNetmtKRAS-Hi	PRKD1	GNAI1	Q15139	P63096	PRKD1_GNAI1	1.94	0.95	2.89E-03	6.15E-04	No	No	No	No	No
EGFRNetmtKRAS-Hi	PRKD1	YWHAE	Q15139	P62258	PRKD1_YWHAE	2.38	1.25	2.10E-07	1.05E-05	No	No	No	No	No
EGFRNetmtKRAS-Hi	PRKD1	YWHAG	Q15139	P61981	PRKD1_YWHAG	1.79	0.84	5.45E-04	2.20E-03	No	No	No	No	No
EGFRNetmtKRAS-Hi	PRKD1	PRPS1	Q15139	P60891	PRKD1_PRPS1	1.77	0.82	2.17E-07	2.75E-03	Yes	No	No	No	No
EGFRNetmtKRAS-Hi	PRKD1	ACLY	Q15139	P53396	PRKD1_ACLY	1.57	0.65	5.50E-04	1.48E-02	Yes	No	No	No	No
EGFRNetmtKRAS-Hi	PRKD1	SARS	Q15139	P49591	PRKD1_SARS	1.68	0.75	1.20E-02	5.65E-03	No	No	No	No	No
EGFRNetmtKRAS-Hi	PRKD1	MCM7	Q15139	P33993	PRKD1_MCM7	1.46	0.54	1.24E-06	3.53E-02	No	No	No	No	No
EGFRNetmtKRAS-Hi	PRKD1	MCM5	Q15139	P33992	PRKD1_MCM5	1.55	0.63	2.87E-03	1.75E-02	No	No	No	No	No
EGFRNetmtKRAS-Hi	PRKD1	YWHAQ	Q15139	P27348	PRKD1_YWHAQ	2.05	1.04	3.78E-02	2.22E-04	No	No	No	Yes	No
EGFRNetmtKRAS-Hi	PRKD1	VARS	Q15139	P26640	PRKD1_VARS	1.67	0.74	7.96E-07	6.19E-03	Yes	No	No	No	No
EGFRNetmtKRAS-Hi	PRKD1	GART	Q15139	P22102	PRKD1_GART	1.80	0.85	3.14E-02	2.05E-03	Yes	No	No	No	No
EGFRNetmtKRAS-Hi	PRKD1	COX6B1	Q15139	P14854	PRKD1_COX6B1	1.44	0.53	4.39E-02	3.88E-02	Yes	No	No	No	No
EGFRNetmtKRAS-Hi	PRKD1	PRPS2	Q15139	P11908	PRKD1_PRPS2	1.97	0.98	4.13E-07	4.60E-04	Yes	No	No	No	No
EGFRNetmtKRAS-Hi	PRKD1	LTA4H	Q15139	P09960	PRKD1_LTA4H	2.26	1.17	2.17E-04	3.28E-05	No	No	No	No	No
EGFRNetmtKRAS-Hi	PRKD1	ANXA5	Q15139	P08758	PRKD1_ANXA5	2.46	1.30	3.39E-02	4.89E-06	No	No	No	No	No
EGFRNetmtKRAS-Hi	PRKD1	YES1	Q15139	P07947	PRKD1_YES1	2.40	1.26	1.81E-02	8.75E-06	Yes	No	No	No	No
EGFRNetmtKRAS-Hi	PRKD1	APRT	Q15139	P07741	PRKD1_APRT	1.73	0.79	1.63E-02	3.71E-03	No	No	No	No	No
EGFRNetmtKRAS-Hi	PRKD1	TK1	Q15139	P04183	PRKD1_TK1	1.67	0.74	1.45E-02	6.27E-03	No	No	No	No	No
EGFRNetmtKRAS-Hi	PRKD1	PRNP	Q15139	P04156	PRKD1_PRNP	1.51	0.59	3.70E-04	2.35E-02	No	No	No	No	No
EGFRNetmtKRAS-Hi	PRKD1	PLAU	Q15139	P00749	PRKD1_PLAU	2.54	1.35	2.48E-02	2.32E-06	No	No	No	No	No
EGFRNetmtKRAS-Hi	PRKD1	TXNDC12	Q15139	O95881	PRKD1_TXNDC12	1.51	0.60	8.07E-03	2.26E-02	Yes	No	No	No	No
EGFRNetmtKRAS-Hi	PRKD1	GCAT	Q15139	O75600	PRKD1_GCAT	1.44	0.52	1.47E-02	4.11E-02	No	No	No	No	No
EGFRNetmtKRAS-Hi	PRKD1	CSDE1	Q15139	O75534	PRKD1_CSDE1	1.43	0.51	5.82E-03	4.32E-02	No	No	No	No	No
EGFRNetmtKRAS-Hi	PRKD1	CS	Q15139	O75390	PRKD1_CS	1.98	0.99	3.59E-02	4.12E-04	No	No	No	No	No
EGFRNetmtKRAS-Hi	PRKD1	PRPSAP2	Q15139	O60256	PRKD1_PRPSAP2	1.91	0.93	5.44E-08	7.82E-04	Yes	No	No	No	No
EGFRNetmtKRAS-Hi	PRKD1	MYO1B	Q15139	O43795	PRKD1_MYO1B	1.89	0.92	1.06E-02	9.57E-04	Yes	No	No	No	No
EGFRNetmtKRAS-Hi	PRKD1	CCP110	Q15139	O43303	PRKD1_CCP110	4.83	2.27	2.75E-03	3.76E-15	Yes	No	No	No	No
EGFRNetmtKRAS-Hi	PRKD1	EIF1AX	Q15139	P47813	PRKD1_EIF1AX	1.69	0.76	1.81E-05	5.22E-03	No	No	No	No	No
EGFRNetmtKRAS-Hi	PRKD1	EIF1AY	Q15139	O14602	PRKD1_EIF1AY	1.69	0.76	1.81E-05	5.22E-03	No	No	No	No	No
EGFRNetmtKRAS-Hi	PRKD1	RTCD1	Q15139	O00442	PRKD1_RTCD1	1.54	0.62	1.76E-03	1.87E-02	No	No	No	No	No
EGFRNetmtKRAS-Hi	PRKD1	MYO1C	Q15139	O00159	PRKD1_MYO1C	1.49	0.57	1.29E-03	2.81E-02	No	No	No	No	No
EGFRNetmtKRAS-Hi	PTK6	CCT7	Q13882	Q99832	PTK6_CCT7	5.73	2.52	7.83E-06	8.39E-33	Yes	No	No	No	No
EGFRNetmtKRAS-Hi	PTK6	CDC37	Q13882	Q16543	PTK6_CDC37	7.62	2.93	1.01E-02	1.36E-43	No	No	No	No	No
EGFRNetmtKRAS-Hi	PTK6	PTK6	Q13882	Q13882	PTK6_PTK6	8.77	3.13	4.78E-04	1.64E-49	Yes	No	No	Yes	No
EGFRNetmtKRAS-Hi	PTK6	KHDRBS1	Q13882	Q07666	PTK6_KHDRBS1	1.49	0.57	3.02E-04	3.07E-03	No	No	No	Yes	No
EGFRNetmtKRAS-Hi	PTK6	CCT2	Q13882	P78371	PTK6_CCT2	6.18	2.63	3.95E-05	1.72E-35	Yes	No	No	No	No
EGFRNetmtKRAS-Hi	PTK6	CCT4	Q13882	P50991	PTK6_CCT4	5.23	2.39	3.64E-05	1.24E-29	Yes	No	No	Yes	No
EGFRNetmtKRAS-Hi	PTK6	CCT8	Q13882	P50990	PTK6_CCT8	5.88	2.56	2.25E-05	1.06E-33	Yes	No	No	Yes	No
EGFRNetmtKRAS-Hi	PTK6	CCT3	Q13882	P49368	PTK6_CCT3	5.58	2.48	3.53E-05	7.61E-32	Yes	No	No	Yes	No
EGFRNetmtKRAS-Hi	PTK6	CCT5	Q13882	P48643	PTK6_CCT5	5.15	2.37	1.23E-04	3.62E-29	Yes	No	No	No	No
EGFRNetmtKRAS-Hi	PTK6	CCT6A	Q13882	P40227	PTK6_CCT6A	5.38	2.43	2.77E-05	1.31E-30	Yes	No	No	No	No
EGFRNetmtKRAS-Hi	PTK6	MAT2A	Q13882	P31153	PTK6_MAT2A	1.49	0.57	3.26E-02	3.11E-03	Yes	No	No	No	No
EGFRNetmtKRAS-Hi	PTK6	EEF1B2	Q13882	P24534	PTK6_EEF1B2	1.28	0.35	1.33E-02	4.42E-02	No	No	No	No	No
EGFRNetmtKRAS-Hi	PTK6	TCP1	Q13882	P17987	PTK6_TCP1	5.78	2.53	1.18E-05	4.08E-33	Yes	No	No	Yes	No
EGFRNetmtKRAS-Hi	PTK6	DDX5	Q13882	P17844	PTK6_DDX5	1.33	0.41	4.34E-02	2.39E-02	No	No	No	No	No
EGFRNetmtKRAS-Hi	PTK6	HSPA6	Q13882	P17066	PTK6_HSPA6	1.60	0.68	1.03E-02	5.86E-04	No	No	No	No	No
EGFRNetmtKRAS-Hi	PTK6	HSPA8	Q13882	P11142	PTK6_HSPA8	2.14	1.10	7.56E-04	1.03E-07	Yes	No	No	No	No
EGFRNetmtKRAS-Hi	PTK6	HSPA5	Q13882	P11021	PTK6_HSPA5	1.64	0.71	2.18E-04	3.54E-04	No	No	No	No	No
EGFRNetmtKRAS-Hi	PTK6	HSPD1	Q13882	P10809	PTK6_HSPD1	6.81	2.77	9.84E-06	3.97E-39	Yes	No	No	No	No
EGFRNetmtKRAS-Hi	PTK6	PRKAR1A	Q13882	P10644	PTK6_PRKAR1A	1.59	0.67	2.37E-02	6.91E-04	No	No	No	No	No
EGFRNetmtKRAS-Hi	PTK6	HSP90AB3P	Q13882	Q58FF7	PTK6_HSP90AB3P	3.15	1.65	1.40E-05	2.70E-15	No	No	No	No	No
EGFRNetmtKRAS-Hi	PTK6	HSP90AB1	Q13882	P08238	PTK6_HSP90AB1	3.15	1.65	1.40E-05	2.70E-15	No	No	No	Yes	No
EGFRNetmtKRAS-Hi	PTK6	HSPA1A	Q13882	P08107	PTK6_HSPA1A	1.99	1.00	3.09E-02	1.14E-06	No	No	No	No	No
EGFRNetmtKRAS-Hi	PTK6	HSP90AA1	Q13882	P07900	PTK6_HSP90AA1	2.76	1.47	4.53E-04	2.11E-12	Yes	No	No	Yes	No
EGFRNetmtKRAS-Hi	PTK6	TUBB	Q13882	P07437	PTK6_TUBB	1.28	0.36	5.70E-03	3.98E-02	No	No	No	No	No
EGFRNetmtKRAS-Hi	PTK6	HSPB1	Q13882	P04792	PTK6_HSPB1	1.73	0.79	5.35E-03	8.72E-05	Yes	No	No	No	No
EGFRNetmtKRAS-Hi	PTPN12	VAPA	Q05209	Q9P0L0	PTPN12_VAPA	1.34	0.43	3.57E-02	4.83E-04	No	Yes	No	No	No
EGFRNetmtKRAS-Hi	PTPN12	PSTPIP2	Q05209	Q9H939	PTPN12_PSTPIP2	12.47	3.64	3.77E-10	1.17E-177	No	Yes	No	Yes	No
EGFRNetmtKRAS-Hi	PTPN12	MGA	Q05209	Q8IWI9	PTPN12_MGA	1.30	0.38	4.80E-03	1.69E-03	Yes	No	No	No	No
EGFRNetmtKRAS-Hi	PTPN12	PHF5A	Q05209	Q7RTV0	PTPN12_PHF5A	1.16	0.22	3.39E-02	4.77E-02	No	No	No	No	No
EGFRNetmtKRAS-Hi	PTPN12	RANBP10	Q05209	Q6VN20	PTPN12_RANBP10	1.16	0.22	3.02E-02	4.74E-02	No	No	No	No	No
EGFRNetmtKRAS-Hi	PTPN12	SF3A1	Q05209	Q15459	PTPN12_SF3A1	1.22	0.29	3.07E-02	1.25E-02	No	No	No	No	No
EGFRNetmtKRAS-Hi	PTPN12	PRPSAP1	Q05209	Q14558	PTPN12_PRPSAP1	1.50	0.58	4.07E-02	2.81E-06	Yes	No	No	No	No
EGFRNetmtKRAS-Hi	PTPN12	DDX39B	Q05209	Q13838	PTPN12_DDX39B	1.26	0.34	6.53E-03	4.41E-03	No	No	No	No	No
EGFRNetmtKRAS-Hi	PTPN12	DUSP4	Q05209	Q13115	PTPN12_DUSP4	3.35	1.74	4.40E-05	2.29E-42	No	No	No	No	No
EGFRNetmtKRAS-Hi	PTPN12	PTPN12	Q05209	Q05209	PTPN12_PTPN12	16.33	4.03	1.41E-10	3.89E-217	No	No	No	No	No
EGFRNetmtKRAS-Hi	PTPN12	PRKDC	Q05209	P78527	PTPN12_PRKDC	1.26	0.33	1.64E-02	5.49E-03	No	No	No	No	No
EGFRNetmtKRAS-Hi	PTPN12	CSNK2B	Q05209	P67870	PTPN12_CSNK2B	1.17	0.23	3.03E-02	4.01E-02	Yes	No	No	No	No
EGFRNetmtKRAS-Hi	PTPN12	RHOC	Q05209	P08134	PTPN12_RHOC	3.26	1.70	9.82E-03	1.54E-40	No	No	No	No	No
EGFRNetmtKRAS-Hi	PTPN12	RHOA	Q05209	P61586	PTPN12_RHOA	3.26	1.70	9.82E-03	1.54E-40	Yes	No	No	No	No
EGFRNetmtKRAS-Hi	PTPN12	PRPS1	Q05209	P60891	PTPN12_PRPS1	1.59	0.66	3.23E-02	1.19E-07	Yes	No	No	No	No
EGFRNetmtKRAS-Hi	PTPN12	MAT2A	Q05209	P31153	PTPN12_MAT2A	1.24	0.31	5.55E-03	8.73E-03	Yes	No	No	No	No
EGFRNetmtKRAS-Hi	PTPN12	VARS	Q05209	P26640	PTPN12_VARS	1.41	0.50	3.68E-02	5.92E-05	Yes	No	No	No	No
EGFRNetmtKRAS-Hi	PTPN12	WARS	Q05209	P23381	PTPN12_WARS	1.16	0.22	6.43E-03	4.66E-02	No	No	No	No	No
EGFRNetmtKRAS-Hi	PTPN12	HSPA6	Q05209	P17066	PTPN12_HSPA6	1.19	0.26	7.30E-06	2.41E-02	No	No	No	No	No
EGFRNetmtKRAS-Hi	PTPN12	PRPS2	Q05209	P11908	PTPN12_PRPS2	1.51	0.59	3.51E-02	1.88E-06	Yes	No	No	No	No
EGFRNetmtKRAS-Hi	PTPN12	HSPA8	Q05209	P11142	PTPN12_HSPA8	1.23	0.30	6.87E-06	9.40E-03	No	No	No	No	No
EGFRNetmtKRAS-Hi	PTPN12	HIST1H1D	Q05209	P16402	PTPN12_HIST1H1D	1.20	0.26	1.01E-04	2.09E-02	No	No	No	No	No
EGFRNetmtKRAS-Hi	PTPN12	HIST1H1E	Q05209	P10412	PTPN12_HIST1H1E	1.20	0.26	1.01E-04	2.09E-02	No	No	No	No	No
EGFRNetmtKRAS-Hi	PTPN12	HSPA1A	Q05209	P08107	PTPN12_HSPA1A	1.29	0.36	2.18E-05	2.40E-03	No	No	No	No	No
EGFRNetmtKRAS-Hi	PTPN12	NPM1	Q05209	P06748	PTPN12_NPM1	1.22	0.29	1.10E-02	1.33E-02	No	No	No	No	No
EGFRNetmtKRAS-Hi	PTPN12	PRPSAP2	Q05209	O60256	PTPN12_PRPSAP2	1.50	0.58	3.60E-02	3.23E-06	Yes	No	No	No	No
EGFRNetmtKRAS-Hi	PTPN6	RPL36	P29350	Q9Y3U8	PTPN6_RPL36	6.31	2.66	1.04E-11	1.59E-02	No	No	No	No	No
EGFRNetmtKRAS-Hi	PTPN6	RRP15	P29350	Q9Y3B9	PTPN6_RRP15	9.22	3.20	4.82E-03	4.88E-03	No	No	No	No	No
EGFRNetmtKRAS-Hi	PTPN6	C8ORF33	P29350	Q9H7E9	PTPN6_C8ORF33	4.67	2.22	1.91E-08	3.60E-02	No	No	No	No	No
EGFRNetmtKRAS-Hi	PTPN6	SMARCC2	P29350	Q8TAQ2	PTPN6_SMARCC2	5.46	2.45	4.31E-04	2.39E-02	No	No	No	No	No
EGFRNetmtKRAS-Hi	PTPN6	PTPN12	P29350	Q05209	PTPN6_PTPN12	8.09	3.02	4.45E-06	7.46E-03	No	Yes	No	No	No
EGFRNetmtKRAS-Hi	PTPN6	RPL6	P29350	Q02878	PTPN6_RPL6	4.74	2.25	5.19E-12	3.45E-02	No	No	No	No	No
EGFRNetmtKRAS-Hi	PTPN6	RPL18A	P29350	Q02543	PTPN6_RPL18A	4.65	2.22	2.27E-09	3.62E-02	No	No	No	No	No
EGFRNetmtKRAS-Hi	PTPN6	RPL19	P29350	P84098	PTPN6_RPL19	4.92	2.30	3.00E-12	3.14E-02	No	No	No	No	No
EGFRNetmtKRAS-Hi	PTPN6	RPL8	P29350	P62917	PTPN6_RPL8	4.41	2.14	5.02E-11	4.15E-02	No	No	No	No	No
EGFRNetmtKRAS-Hi	PTPN6	RPL11	P29350	P62913	PTPN6_RPL11	4.50	2.17	2.11E-11	3.94E-02	No	No	No	No	No
EGFRNetmtKRAS-Hi	PTPN6	RPL39P5	P29350	Q59GN2	PTPN6_RPL39P5	4.29	2.10	3.85E-11	4.43E-02	No	No	No	No	No
EGFRNetmtKRAS-Hi	PTPN6	RPL39	P29350	P62891	PTPN6_RPL39	4.29	2.10	3.85E-11	4.43E-02	No	No	No	No	No
EGFRNetmtKRAS-Hi	PTPN6	RPL7A	P29350	P62424	PTPN6_RPL7A	4.98	2.32	1.46E-08	3.05E-02	No	No	No	No	No
EGFRNetmtKRAS-Hi	PTPN6	RPL37A	P29350	P61513	PTPN6_RPL37A	4.24	2.08	5.08E-11	4.57E-02	No	No	No	No	No
EGFRNetmtKRAS-Hi	PTPN6	RPL27	P29350	P61353	PTPN6_RPL27	4.69	2.23	2.91E-08	3.55E-02	No	No	No	No	No
EGFRNetmtKRAS-Hi	PTPN6	RPL15	P29350	P61313	PTPN6_RPL15	4.35	2.12	2.34E-08	4.28E-02	No	No	No	No	No
EGFRNetmtKRAS-Hi	PTPN6	RPL26	P29350	P61254	PTPN6_RPL26	5.54	2.47	3.76E-13	2.29E-02	No	No	No	No	No
EGFRNetmtKRAS-Hi	PTPN6	RPL14	P29350	P50914	PTPN6_RPL14	5.55	2.47	3.73E-11	2.28E-02	No	No	No	No	No
EGFRNetmtKRAS-Hi	PTPN6	RPL34	P29350	P49207	PTPN6_RPL34	6.24	2.64	3.17E-11	1.64E-02	No	No	No	No	No
EGFRNetmtKRAS-Hi	PTPN6	PTDSS1	P29350	P48651	PTPN6_PTDSS1	5.66	2.50	7.44E-08	2.16E-02	No	No	No	No	No
EGFRNetmtKRAS-Hi	PTPN6	RPL28	P29350	P46779	PTPN6_RPL28	6.09	2.61	3.77E-11	1.76E-02	No	No	No	No	No
EGFRNetmtKRAS-Hi	PTPN6	RPL21	P29350	P46778	PTPN6_RPL21	4.39	2.13	4.37E-11	4.19E-02	No	No	No	No	No
EGFRNetmtKRAS-Hi	PTPN6	RPL35	P29350	P42766	PTPN6_RPL35	5.21	2.38	4.93E-12	2.70E-02	No	No	No	No	No
EGFRNetmtKRAS-Hi	PTPN6	RPL13A	P29350	P40429	PTPN6_RPL13A	5.44	2.44	8.55E-11	2.41E-02	No	No	No	No	No
EGFRNetmtKRAS-Hi	PTPN6	RPL4	P29350	P36578	PTPN6_RPL4	4.77	2.26	2.13E-10	3.40E-02	No	No	No	No	No
EGFRNetmtKRAS-Hi	PTPN6	RPL12	P29350	P30050	PTPN6_RPL12	4.57	2.19	3.14E-11	3.80E-02	No	No	No	No	No
EGFRNetmtKRAS-Hi	PTPN6	RPL10L	P29350	Q96L21	PTPN6_RPL10L	4.91	2.30	1.27E-12	3.16E-02	No	No	No	No	No
EGFRNetmtKRAS-Hi	PTPN6	RPL10	P29350	P27635	PTPN6_RPL10	4.91	2.30	1.27E-12	3.16E-02	No	No	No	No	No
EGFRNetmtKRAS-Hi	PTPN6	RPL13	P29350	P26373	PTPN6_RPL13	5.06	2.34	1.41E-10	2.93E-02	No	No	No	No	No
EGFRNetmtKRAS-Hi	PTPN6	RPL7	P29350	P18124	PTPN6_RPL7	5.06	2.34	3.42E-13	2.92E-02	No	No	No	No	No
EGFRNetmtKRAS-Hi	PTPN6	RPL35A	P29350	P18077	PTPN6_RPL35A	4.40	2.14	5.99E-09	4.16E-02	No	No	No	No	No
EGFRNetmtKRAS-Hi	PTPRR	ATAD3A	Q15256	Q9NVI7	PTPRR_ATAD3A	1.59	0.67	4.50E-04	3.90E-02	No	No	No	No	No
EGFRNetmtKRAS-Hi	PTPRR	DDX28	Q15256	Q9NUL7	PTPRR_DDX28	1.59	0.67	7.02E-03	3.95E-02	No	No	No	No	No
EGFRNetmtKRAS-Hi	PTPRR	FARSB	Q15256	Q9NSD9	PTPRR_FARSB	1.84	0.88	1.44E-02	1.08E-02	No	No	No	No	No
EGFRNetmtKRAS-Hi	PTPRR	GRWD1	Q15256	Q9BQ67	PTPRR_GRWD1	1.59	0.67	2.59E-02	3.91E-02	No	No	No	No	No
EGFRNetmtKRAS-Hi	PTPRR	CCT7	Q15256	Q99832	PTPRR_CCT7	2.33	1.22	8.48E-03	7.55E-04	No	No	No	No	No
EGFRNetmtKRAS-Hi	PTPRR	RPL22L1	Q15256	Q6P5R6	PTPRR_RPL22L1	2.06	1.04	6.66E-03	3.30E-03	Yes	No	No	No	No
EGFRNetmtKRAS-Hi	PTPRR	KIAA1614	Q15256	Q5VZ46	PTPRR_KIAA1614	2.10	1.07	3.31E-02	2.57E-03	No	No	No	No	No
EGFRNetmtKRAS-Hi	PTPRR	PTPRR	Q15256	Q15256	PTPRR_PTPRR	14.94	3.90	2.21E-04	2.14E-24	No	No	No	Yes	No
EGFRNetmtKRAS-Hi	PTPRR	PWP1	Q15256	Q13610	PTPRR_PWP1	1.57	0.65	4.85E-02	4.52E-02	Yes	No	No	No	No
EGFRNetmtKRAS-Hi	PTPRR	CCT2	Q15256	P78371	PTPRR_CCT2	2.44	1.28	5.32E-03	4.11E-04	No	No	No	No	No
EGFRNetmtKRAS-Hi	PTPRR	CCT4	Q15256	P50991	PTPRR_CCT4	2.25	1.17	8.69E-03	1.17E-03	No	No	No	No	No
EGFRNetmtKRAS-Hi	PTPRR	CCT8	Q15256	P50990	PTPRR_CCT8	2.31	1.21	8.66E-03	8.16E-04	No	No	No	No	No
EGFRNetmtKRAS-Hi	PTPRR	CCT3	Q15256	P49368	PTPRR_CCT3	2.26	1.17	6.19E-03	1.10E-03	No	No	No	No	No
EGFRNetmtKRAS-Hi	PTPRR	CCT5	Q15256	P48643	PTPRR_CCT5	2.24	1.16	8.54E-03	1.23E-03	No	No	No	No	No
EGFRNetmtKRAS-Hi	PTPRR	CCT6A	Q15256	P40227	PTPRR_CCT6A	2.36	1.24	7.34E-03	6.15E-04	No	No	No	No	No
EGFRNetmtKRAS-Hi	PTPRR	FBL	Q15256	P22087	PTPRR_FBL	1.91	0.93	6.82E-03	7.57E-03	No	No	No	No	No
EGFRNetmtKRAS-Hi	PTPRR	NCL	Q15256	P19338	PTPRR_NCL	1.84	0.88	3.89E-02	1.09E-02	No	No	No	No	No
EGFRNetmtKRAS-Hi	PTPRR	TCP1	Q15256	P17987	PTPRR_TCP1	2.26	1.17	6.60E-03	1.11E-03	No	No	No	No	No
EGFRNetmtKRAS-Hi	PXN	IVNS1ABP	P49023	Q9Y6Y0	PXN_IVNS1ABP	1.75	0.81	1.90E-02	6.42E-03	No	No	No	No	No
EGFRNetmtKRAS-Hi	PXN	GIT1	P49023	Q9Y2X7	PXN_GIT1	11.78	3.56	2.78E-07	1.24E-28	No	No	No	Yes	No
EGFRNetmtKRAS-Hi	PXN	MRPL32	P49023	Q9BYC8	PXN_MRPL32	3.72	1.90	9.43E-04	2.10E-09	Yes	No	No	No	No
EGFRNetmtKRAS-Hi	PXN	PGAM5	P49023	Q96HS1	PXN_PGAM5	1.94	0.95	7.29E-03	1.61E-03	No	No	No	No	No
EGFRNetmtKRAS-Hi	PXN	USP7	P49023	Q93009	PXN_USP7	1.57	0.65	4.20E-03	2.21E-02	No	No	No	No	No
EGFRNetmtKRAS-Hi	PXN	IQGAP3	P49023	Q86VI3	PXN_IQGAP3	1.82	0.87	9.34E-03	3.71E-03	No	No	No	No	No
EGFRNetmtKRAS-Hi	PXN	TRIP6	P49023	Q15654	PXN_TRIP6	2.47	1.31	2.21E-03	2.67E-05	No	No	No	Yes	No
EGFRNetmtKRAS-Hi	PXN	PRPSAP1	P49023	Q14558	PXN_PRPSAP1	1.60	0.68	9.13E-03	1.77E-02	No	No	No	No	No
EGFRNetmtKRAS-Hi	PXN	PTK2B	P49023	Q14289	PXN_PTK2B	5.69	2.51	9.19E-03	3.76E-15	No	No	No	Yes	No
EGFRNetmtKRAS-Hi	PXN	GIT2	P49023	Q14161	PXN_GIT2	5.34	2.42	1.13E-06	3.35E-14	No	No	No	Yes	No
EGFRNetmtKRAS-Hi	PXN	ARHGEF7	P49023	Q14155	PXN_ARHGEF7	6.60	2.72	4.02E-08	1.57E-17	No	No	No	Yes	No
EGFRNetmtKRAS-Hi	PXN	SQSTM1	P49023	Q13501	PXN_SQSTM1	2.78	1.48	4.87E-06	2.45E-06	No	No	No	No	No
EGFRNetmtKRAS-Hi	PXN	ROCK1	P49023	Q13464	PXN_ROCK1	1.48	0.56	4.61E-03	4.08E-02	No	No	No	No	No
EGFRNetmtKRAS-Hi	PXN	ILK	P49023	Q13418	PXN_ILK	6.27	2.65	1.26E-02	1.07E-16	No	No	No	Yes	No
EGFRNetmtKRAS-Hi	PXN	PAK2	P49023	Q13177	PXN_PAK2	4.09	2.03	3.29E-02	1.56E-10	No	No	No	No	No
EGFRNetmtKRAS-Hi	PXN	PAK1	P49023	Q13153	PXN_PAK1	8.19	3.03	1.07E-03	2.45E-21	No	No	No	Yes	No
EGFRNetmtKRAS-Hi	PXN	PTK2	P49023	Q05397	PXN_PTK2	5.49	2.46	2.95E-03	1.29E-14	No	No	No	Yes	No
EGFRNetmtKRAS-Hi	PXN	SLC25A11	P49023	Q02978	PXN_SLC25A11	1.60	0.68	2.64E-02	1.82E-02	No	No	No	No	No
EGFRNetmtKRAS-Hi	PXN	CLTC	P49023	Q00610	PXN_CLTC	4.43	2.15	7.87E-04	1.42E-11	No	No	No	Yes	No
EGFRNetmtKRAS-Hi	PXN	SLC25A3	P49023	Q00325	PXN_SLC25A3	1.73	0.79	1.53E-02	7.14E-03	No	No	No	No	No
EGFRNetmtKRAS-Hi	PXN	PRPS1	P49023	P60891	PXN_PRPS1	1.67	0.74	1.23E-02	1.08E-02	No	No	No	No	No
EGFRNetmtKRAS-Hi	PXN	TMEM33	P49023	P57088	PXN_TMEM33	1.49	0.58	6.70E-03	3.72E-02	No	No	No	No	No
EGFRNetmtKRAS-Hi	PXN	PXN	P49023	P49023	PXN_PXN	20.01	4.32	1.93E-09	2.61E-41	No	No	No	Yes	No
EGFRNetmtKRAS-Hi	PXN	CSNK1A1L	P49023	Q8N752	PXN_CSNK1A1L	1.73	0.79	2.52E-02	7.14E-03	No	No	No	No	No
EGFRNetmtKRAS-Hi	PXN	CSNK1A1	P49023	P48729	PXN_CSNK1A1	1.73	0.79	2.52E-02	7.14E-03	No	No	No	No	No
EGFRNetmtKRAS-Hi	PXN	HSPA9	P49023	P38646	PXN_HSPA9	2.54	1.34	1.77E-03	1.60E-05	No	No	No	No	No
EGFRNetmtKRAS-Hi	PXN	LONP1	P49023	P36776	PXN_LONP1	1.81	0.86	3.93E-03	3.93E-03	No	No	No	No	No
EGFRNetmtKRAS-Hi	PXN	HSPA4	P49023	P34932	PXN_HSPA4	1.55	0.63	2.24E-03	2.61E-02	No	No	No	No	No
EGFRNetmtKRAS-Hi	PXN	PYCR1	P49023	P32322	PXN_PYCR1	7.85	2.97	1.52E-06	1.51E-20	No	No	No	No	No
EGFRNetmtKRAS-Hi	PXN	HSPA7	P49023	P48741	PXN_HSPA7	2.99	1.58	5.24E-03	4.88E-07	No	No	No	No	No
EGFRNetmtKRAS-Hi	PXN	HSPA6	P49023	P17066	PXN_HSPA6	2.99	1.58	5.24E-03	4.88E-07	No	No	No	No	No
EGFRNetmtKRAS-Hi	PXN	SLC25A6	P49023	P12236	PXN_SLC25A6	1.60	0.67	8.55E-03	1.86E-02	No	No	No	No	No
EGFRNetmtKRAS-Hi	PXN	PRPS2	P49023	P11908	PXN_PRPS2	1.79	0.84	7.13E-03	4.80E-03	No	No	No	No	No
EGFRNetmtKRAS-Hi	PXN	HSPA8	P49023	P11142	PXN_HSPA8	2.42	1.28	5.47E-05	3.83E-05	No	No	No	Yes	No
EGFRNetmtKRAS-Hi	PXN	HSPA5	P49023	P11021	PXN_HSPA5	3.53	1.82	1.10E-03	8.51E-09	No	No	No	Yes	No
EGFRNetmtKRAS-Hi	PXN	HSPA1A	P49023	P08107	PXN_HSPA1A	2.37	1.24	1.88E-03	5.81E-05	No	No	No	No	No
EGFRNetmtKRAS-Hi	PXN	SLC25A5	P49023	P05141	PXN_SLC25A5	1.74	0.80	7.11E-03	6.68E-03	No	No	No	Yes	No
EGFRNetmtKRAS-Hi	PXN	DPM1	P49023	O60762	PXN_DPM1	1.53	0.61	8.96E-03	2.99E-02	No	No	No	No	No
EGFRNetmtKRAS-Hi	PXN	PRPSAP2	P49023	O60256	PXN_PRPSAP2	1.84	0.88	7.25E-03	3.36E-03	No	No	No	No	No
EGFRNetmtKRAS-Hi	PXN	IPO8	P49023	O15397	PXN_IPO8	1.54	0.62	6.51E-03	2.82E-02	No	No	No	No	No
EGFRNetmtKRAS-Hi	PXN	GAK	P49023	O14976	PXN_GAK	3.11	1.64	1.28E-03	1.96E-07	No	No	No	No	No
EGFRNetmtKRAS-Hi	PXN	PIK3C2A	P49023	O00443	PXN_PIK3C2A	9.05	3.18	1.25E-02	3.23E-23	No	No	No	No	No
EGFRNetmtKRAS-Hi	RAB5A	MTCH2	P20339	Q9Y6C9	RAB5A_MTCH2	1.43	0.52	7.33E-04	2.59E-02	Yes	No	No	No	No
EGFRNetmtKRAS-Hi	RAB5A	ST14	P20339	Q9Y5Y6	RAB5A_ST14	1.36	0.44	3.64E-06	4.88E-02	No	No	No	No	No
EGFRNetmtKRAS-Hi	RAB5A	TMED7	P20339	Q9Y3B3	RAB5A_TMED7	1.45	0.53	4.32E-04	2.24E-02	No	No	No	No	No
EGFRNetmtKRAS-Hi	RAB5A	THRAP3	P20339	Q9Y2W1	RAB5A_THRAP3	1.90	0.92	3.98E-03	2.71E-04	No	No	No	No	No
EGFRNetmtKRAS-Hi	RAB5A	FARSA	P20339	Q9Y285	RAB5A_FARSA	2.02	1.02	8.28E-03	7.17E-05	Yes	No	No	No	No
EGFRNetmtKRAS-Hi	RAB5A	DCTN4	P20339	Q9UJW0	RAB5A_DCTN4	1.40	0.48	5.20E-03	3.53E-02	No	No	No	No	No
EGFRNetmtKRAS-Hi	RAB5A	DPP7	P20339	Q9UHL4	RAB5A_DPP7	1.50	0.58	4.49E-08	1.42E-02	No	No	No	No	No
EGFRNetmtKRAS-Hi	RAB5A	SUN2	P20339	Q9UH99	RAB5A_SUN2	9.88	3.30	6.05E-13	3.39E-35	No	Yes	No	Yes	Yes
EGFRNetmtKRAS-Hi	RAB5A	CCDC88C	P20339	Q9P219	RAB5A_CCDC88C	1.39	0.47	1.66E-02	3.70E-02	No	No	No	No	No
EGFRNetmtKRAS-Hi	RAB5A	BCLAF1	P20339	Q9NYF8	RAB5A_BCLAF1	1.41	0.50	3.81E-04	3.08E-02	Yes	No	No	No	No
EGFRNetmtKRAS-Hi	RAB5A	LYAR	P20339	Q9NX58	RAB5A_LYAR	1.39	0.48	1.24E-02	3.61E-02	No	No	No	No	No
EGFRNetmtKRAS-Hi	RAB5A	FANCI	P20339	Q9NVI1	RAB5A_FANCI	1.50	0.59	4.43E-02	1.40E-02	No	No	No	No	No
EGFRNetmtKRAS-Hi	RAB5A	DDX21	P20339	Q9NR30	RAB5A_DDX21	3.46	1.79	2.01E-02	1.17E-11	Yes	No	No	No	No
EGFRNetmtKRAS-Hi	RAB5A	COPR5	P20339	Q9NQ92	RAB5A_COPR5	1.43	0.52	2.52E-03	2.56E-02	No	No	No	No	No
EGFRNetmtKRAS-Hi	RAB5A	SDF2L1	P20339	Q9HCN8	RAB5A_SDF2L1	1.49	0.57	1.66E-02	1.58E-02	No	No	No	No	No
EGFRNetmtKRAS-Hi	RAB5A	OSBPL11	P20339	Q9BXB4	RAB5A_OSBPL11	1.39	0.48	7.98E-03	3.56E-02	No	No	No	No	No
EGFRNetmtKRAS-Hi	RAB5A	SLC29A1	P20339	Q99808	RAB5A_SLC29A1	1.37	0.45	2.35E-05	4.43E-02	No	No	No	No	No
EGFRNetmtKRAS-Hi	RAB5A	IPO9	P20339	Q96P70	RAB5A_IPO9	1.63	0.70	1.93E-03	4.14E-03	No	No	No	No	No
EGFRNetmtKRAS-Hi	RAB5A	FAM162A	P20339	Q96A26	RAB5A_FAM162A	1.42	0.51	1.75E-04	2.86E-02	Yes	No	No	No	No
EGFRNetmtKRAS-Hi	RAB5A	NDRG1	P20339	Q92597	RAB5A_NDRG1	1.48	0.57	2.54E-04	1.68E-02	Yes	No	No	No	No
EGFRNetmtKRAS-Hi	RAB5A	FAM3C	P20339	Q92520	RAB5A_FAM3C	1.60	0.68	7.02E-04	5.57E-03	Yes	No	No	No	No
EGFRNetmtKRAS-Hi	RAB5A	MTMR14	P20339	Q8NCE2	RAB5A_MTMR14	1.91	0.93	1.77E-03	2.36E-04	No	No	No	No	No
EGFRNetmtKRAS-Hi	RAB5A	ARHGAP12	P20339	Q8IWW6	RAB5A_ARHGAP12	1.39	0.48	1.68E-02	3.57E-02	No	No	No	No	No
EGFRNetmtKRAS-Hi	RAB5A	CARM1	P20339	Q86X55	RAB5A_CARM1	1.86	0.89	2.71E-02	4.10E-04	Yes	No	No	No	No
EGFRNetmtKRAS-Hi	RAB5A	RANBP10	P20339	Q6VN20	RAB5A_RANBP10	1.41	0.50	3.25E-02	3.05E-02	No	No	No	No	No
EGFRNetmtKRAS-Hi	RAB5A	PDXDC1	P20339	Q6P996	RAB5A_PDXDC1	1.92	0.94	1.19E-03	2.06E-04	No	No	No	No	No
EGFRNetmtKRAS-Hi	RAB5A	AGK	P20339	Q53H12	RAB5A_AGK	2.24	1.17	4.03E-03	6.56E-06	Yes	No	No	No	No
EGFRNetmtKRAS-Hi	RAB5A	DBN1	P20339	Q16643	RAB5A_DBN1	1.67	0.74	3.05E-03	2.67E-03	No	No	No	No	No
EGFRNetmtKRAS-Hi	RAB5A	SMN1	P20339	Q16637	RAB5A_SMN1	1.40	0.48	2.79E-03	3.42E-02	No	No	No	No	No
EGFRNetmtKRAS-Hi	RAB5A	ZYX	P20339	Q15942	RAB5A_ZYX	2.43	1.28	2.06E-02	8.15E-07	No	No	No	No	No
EGFRNetmtKRAS-Hi	RAB5A	TMED2	P20339	Q15363	RAB5A_TMED2	1.39	0.47	5.71E-03	3.82E-02	No	No	No	No	No
EGFRNetmtKRAS-Hi	RAB5A	PRPSAP1	P20339	Q14558	RAB5A_PRPSAP1	1.48	0.56	9.35E-03	1.71E-02	No	No	No	No	No
EGFRNetmtKRAS-Hi	RAB5A	ALCAM	P20339	Q13740	RAB5A_ALCAM	1.63	0.70	6.47E-03	4.24E-03	Yes	No	No	No	No
EGFRNetmtKRAS-Hi	RAB5A	ROCK1	P20339	Q13464	RAB5A_ROCK1	2.78	1.48	5.05E-03	1.75E-08	No	No	No	No	No
EGFRNetmtKRAS-Hi	RAB5A	ASPH	P20339	Q12797	RAB5A_ASPH	1.39	0.47	5.89E-03	3.78E-02	No	No	No	No	No
EGFRNetmtKRAS-Hi	RAB5A	PTK2	P20339	Q05397	RAB5A_PTK2	1.89	0.92	9.12E-04	2.94E-04	Yes	No	No	No	No
EGFRNetmtKRAS-Hi	RAB5A	SLC25A11	P20339	Q02978	RAB5A_SLC25A11	1.40	0.49	7.00E-06	3.37E-02	No	No	No	No	No
EGFRNetmtKRAS-Hi	RAB5A	GTF2B	P20339	Q00403	RAB5A_GTF2B	3.24	1.70	5.36E-03	1.19E-10	No	No	No	No	No
EGFRNetmtKRAS-Hi	RAB5A	RBM3	P20339	P98179	RAB5A_RBM3	1.52	0.60	6.46E-03	1.18E-02	No	No	No	No	No
EGFRNetmtKRAS-Hi	RAB5A	ERH	P20339	P84090	RAB5A_ERH	1.45	0.53	1.38E-03	2.24E-02	No	No	No	No	No
EGFRNetmtKRAS-Hi	RAB5A	CNBP	P20339	P62633	RAB5A_CNBP	3.60	1.85	9.98E-03	2.65E-12	No	No	No	No	No
EGFRNetmtKRAS-Hi	RAB5A	PRPS1	P20339	P60891	RAB5A_PRPS1	1.54	0.63	8.40E-03	9.26E-03	No	No	No	No	No
EGFRNetmtKRAS-Hi	RAB5A	HNRNPA3	P20339	P51991	RAB5A_HNRNPA3	1.70	0.77	2.42E-03	1.98E-03	No	No	No	No	No
EGFRNetmtKRAS-Hi	RAB5A	GDI2	P20339	P50395	RAB5A_GDI2	6.43	2.69	9.07E-13	6.30E-24	No	Yes	No	Yes	No
EGFRNetmtKRAS-Hi	RAB5A	SSR1	P20339	P43307	RAB5A_SSR1	1.47	0.56	1.28E-02	1.77E-02	No	No	No	No	No
EGFRNetmtKRAS-Hi	RAB5A	RPS27L	P20339	Q71UM5	RAB5A_RPS27L	1.36	0.45	2.98E-02	4.60E-02	No	No	No	No	No
EGFRNetmtKRAS-Hi	RAB5A	RPS27	P20339	P42677	RAB5A_RPS27	1.36	0.45	2.98E-02	4.60E-02	No	No	No	No	No
EGFRNetmtKRAS-Hi	RAB5A	HNRNPH3	P20339	P31942	RAB5A_HNRNPH3	1.45	0.54	1.09E-02	2.20E-02	No	No	No	No	No
EGFRNetmtKRAS-Hi	RAB5A	GDI1	P20339	P31150	RAB5A_GDI1	5.01	2.32	4.39E-12	2.11E-18	No	Yes	No	No	No
EGFRNetmtKRAS-Hi	RAB5A	VARS	P20339	P26640	RAB5A_VARS	1.40	0.49	1.32E-02	3.39E-02	Yes	No	No	No	No
EGFRNetmtKRAS-Hi	RAB5A	COMT	P20339	P21964	RAB5A_COMT	1.43	0.51	3.61E-02	2.71E-02	No	No	No	No	No
EGFRNetmtKRAS-Hi	RAB5A	RAB6B	P20339	Q9NRW1	RAB5A_RAB6B	1.45	0.53	1.07E-02	2.26E-02	No	No	No	No	No
EGFRNetmtKRAS-Hi	RAB5A	RAB6A	P20339	P20340	RAB5A_RAB6A	1.45	0.53	1.07E-02	2.26E-02	No	No	No	Yes	No
EGFRNetmtKRAS-Hi	RAB5A	RAB5A	P20339	P20339	RAB5A_RAB5A	8.69	3.12	1.00E-07	1.35E-31	No	No	No	Yes	Yes
EGFRNetmtKRAS-Hi	RAB5A	CSDA	P20339	P16989	RAB5A_CSDA	1.84	0.88	1.29E-02	4.75E-04	No	No	No	No	No
EGFRNetmtKRAS-Hi	RAB5A	HIST1H1D	P20339	P16402	RAB5A_HIST1H1D	1.80	0.85	2.77E-02	7.14E-04	Yes	No	No	No	No
EGFRNetmtKRAS-Hi	RAB5A	HIST1H1C	P20339	P16403	RAB5A_HIST1H1C	1.80	0.85	2.77E-02	7.14E-04	Yes	No	No	No	No
EGFRNetmtKRAS-Hi	RAB5A	PRPS2	P20339	P11908	RAB5A_PRPS2	1.70	0.76	1.32E-04	2.08E-03	No	No	No	No	No
EGFRNetmtKRAS-Hi	RAB5A	H2AFV	P20339	Q71UI9	RAB5A_H2AFV	2.14	1.10	6.57E-03	1.91E-05	Yes	No	No	No	No
EGFRNetmtKRAS-Hi	RAB5A	H2AFZ	P20339	P0C0S5	RAB5A_H2AFZ	2.14	1.10	6.57E-03	1.91E-05	No	No	No	No	No
EGFRNetmtKRAS-Hi	RAB5A	KIAA0100	P20339	Q14667	RAB5A_KIAA0100	1.36	0.44	3.70E-03	4.78E-02	No	No	No	No	No
EGFRNetmtKRAS-Hi	RAB5A	UQCRH	P20339	P07919	RAB5A_UQCRH	1.36	0.44	3.70E-03	4.78E-02	No	No	No	No	No
EGFRNetmtKRAS-Hi	RAB5A	HNRNPCL1	P20339	O60812	RAB5A_HNRNPCL1	1.89	0.92	5.47E-03	2.77E-04	No	No	No	No	No
EGFRNetmtKRAS-Hi	RAB5A	HNRNPC	P20339	P07910	RAB5A_HNRNPC	1.89	0.92	5.47E-03	2.77E-04	Yes	No	No	No	No
EGFRNetmtKRAS-Hi	RAB5A	HMGN2	P20339	P05204	RAB5A_HMGN2	2.36	1.24	3.62E-02	1.74E-06	Yes	No	No	No	No
EGFRNetmtKRAS-Hi	RAB5A	HMGN3	P20339	Q15651	RAB5A_HMGN3	2.36	1.24	3.62E-02	1.74E-06	No	No	No	No	No
EGFRNetmtKRAS-Hi	RAB5A	LDLR	P20339	P01130	RAB5A_LDLR	1.53	0.61	8.14E-03	1.10E-02	Yes	No	No	Yes	No
EGFRNetmtKRAS-Hi	RAB5A	EIF3J	P20339	O75822	RAB5A_EIF3J	1.47	0.55	6.34E-04	1.89E-02	No	No	No	No	No
EGFRNetmtKRAS-Hi	RAB5A	PPM1B	P20339	O75688	RAB5A_PPM1B	1.48	0.57	8.01E-03	1.64E-02	No	No	No	No	No
EGFRNetmtKRAS-Hi	RAB5A	PRPSAP2	P20339	O60256	RAB5A_PRPSAP2	1.69	0.76	4.28E-04	2.32E-03	No	No	No	No	No
EGFRNetmtKRAS-Hi	RAB5A	TIMM44	P20339	O43615	RAB5A_TIMM44	1.51	0.59	3.04E-02	1.29E-02	No	No	No	No	No
EGFRNetmtKRAS-Hi	RAB5A	HNRNPR	P20339	O43390	RAB5A_HNRNPR	1.55	0.64	3.05E-03	8.49E-03	No	No	No	No	No
EGFRNetmtKRAS-Hi	RAB5A	SURF4	P20339	O15260	RAB5A_SURF4	1.47	0.56	1.41E-02	1.77E-02	No	No	No	No	No
EGFRNetmtKRAS-Hi	RAB5A	PSMD14	P20339	O00487	RAB5A_PSMD14	1.46	0.54	4.66E-03	2.04E-02	No	No	No	No	No
EGFRNetmtKRAS-Hi	RAC1	MTCH2	P63000	Q9Y6C9	RAC1_MTCH2	3.50	1.81	3.40E-04	1.61E-04	Yes	No	No	No	No
EGFRNetmtKRAS-Hi	RAC1	NOC2L	P63000	Q9Y3T9	RAC1_NOC2L	2.21	1.14	5.30E-05	1.15E-02	Yes	No	No	No	No
EGFRNetmtKRAS-Hi	RAC1	GOLT1B	P63000	Q9Y3E0	RAC1_GOLT1B	2.07	1.05	3.54E-04	1.81E-02	No	No	No	No	No
EGFRNetmtKRAS-Hi	RAC1	HIGD1A	P63000	Q9Y241	RAC1_HIGD1A	2.00	1.00	1.58E-03	2.34E-02	No	No	No	No	No
EGFRNetmtKRAS-Hi	RAC1	TMCO1	P63000	Q9UM00	RAC1_TMCO1	2.12	1.09	4.90E-05	1.54E-02	Yes	No	No	No	No
EGFRNetmtKRAS-Hi	RAC1	SLC39A10	P63000	Q9ULF5	RAC1_SLC39A10	2.10	1.07	2.88E-02	1.67E-02	Yes	No	No	No	No
EGFRNetmtKRAS-Hi	RAC1	TMEM14C	P63000	Q9P0S9	RAC1_TMEM14C	2.58	1.37	2.68E-03	3.23E-03	Yes	No	No	No	No
EGFRNetmtKRAS-Hi	RAC1	HSPBP1	P63000	Q9NZL4	RAC1_HSPBP1	1.95	0.96	3.01E-02	2.80E-02	No	No	No	No	No
EGFRNetmtKRAS-Hi	RAC1	MTCH1	P63000	Q9NZJ7	RAC1_MTCH1	2.51	1.33	6.11E-05	4.14E-03	Yes	No	No	No	No
EGFRNetmtKRAS-Hi	RAC1	OCIAD1	P63000	Q9NX40	RAC1_OCIAD1	2.71	1.44	1.25E-03	2.14E-03	Yes	No	No	No	No
EGFRNetmtKRAS-Hi	RAC1	DDX28	P63000	Q9NUL7	RAC1_DDX28	2.06	1.04	1.72E-02	1.90E-02	Yes	No	No	No	No
EGFRNetmtKRAS-Hi	RAC1	FARSB	P63000	Q9NSD9	RAC1_FARSB	2.27	1.18	1.10E-02	9.32E-03	Yes	No	No	No	No
EGFRNetmtKRAS-Hi	RAC1	ATP13A1	P63000	Q9HD20	RAC1_ATP13A1	3.35	1.75	2.26E-02	2.60E-04	Yes	No	No	No	No
EGFRNetmtKRAS-Hi	RAC1	SFXN1	P63000	Q9H9B4	RAC1_SFXN1	1.93	0.95	4.22E-04	2.92E-02	No	No	No	No	No
EGFRNetmtKRAS-Hi	RAC1	TMX1	P63000	Q9H3N1	RAC1_TMX1	1.81	0.86	2.10E-05	4.37E-02	No	No	No	No	No
EGFRNetmtKRAS-Hi	RAC1	DERL1	P63000	Q9BUN8	RAC1_DERL1	2.64	1.40	7.86E-06	2.70E-03	Yes	No	No	No	No
EGFRNetmtKRAS-Hi	RAC1	TBCD	P63000	Q9BTW9	RAC1_TBCD	3.14	1.65	2.63E-03	5.10E-04	Yes	No	No	No	No
EGFRNetmtKRAS-Hi	RAC1	SLC29A1	P63000	Q99808	RAC1_SLC29A1	2.82	1.49	4.97E-02	1.49E-03	Yes	No	No	No	No
EGFRNetmtKRAS-Hi	RAC1	PHB2	P63000	Q99623	RAC1_PHB2	8.82	3.14	1.50E-03	2.16E-10	Yes	No	No	No	No
EGFRNetmtKRAS-Hi	RAC1	TNPO1	P63000	Q92973	RAC1_TNPO1	4.30	2.11	4.27E-05	1.43E-05	Yes	No	No	No	No
EGFRNetmtKRAS-Hi	RAC1	GBF1	P63000	Q92538	RAC1_GBF1	1.94	0.96	5.96E-03	2.82E-02	No	No	No	No	No
EGFRNetmtKRAS-Hi	RAC1	MCU	P63000	Q8NE86	RAC1_MCU	8.83	3.14	2.59E-03	2.12E-10	Yes	No	No	No	No
EGFRNetmtKRAS-Hi	RAC1	KIAA2013	P63000	Q8IYS2	RAC1_KIAA2013	2.58	1.37	6.46E-05	3.29E-03	No	No	No	No	No
EGFRNetmtKRAS-Hi	RAC1	HUWE1	P63000	Q7Z6Z7	RAC1_HUWE1	2.53	1.34	5.13E-05	3.86E-03	No	No	No	No	No
EGFRNetmtKRAS-Hi	RAC1	LLGL2	P63000	Q6P1M3	RAC1_LLGL2	7.97	3.00	5.25E-05	1.31E-09	Yes	No	No	No	No
EGFRNetmtKRAS-Hi	RAC1	LBR	P63000	Q14739	RAC1_LBR	2.92	1.55	1.08E-10	1.04E-03	Yes	No	No	No	No
EGFRNetmtKRAS-Hi	RAC1	FAT1	P63000	Q14517	RAC1_FAT1	1.95	0.96	4.98E-03	2.76E-02	No	No	No	No	No
EGFRNetmtKRAS-Hi	RAC1	MOGS	P63000	Q13724	RAC1_MOGS	1.93	0.95	9.75E-03	2.91E-02	No	No	No	No	No
EGFRNetmtKRAS-Hi	RAC1	NUP160	P63000	Q12769	RAC1_NUP160	1.82	0.86	1.74E-02	4.28E-02	No	No	No	No	No
EGFRNetmtKRAS-Hi	RAC1	SLC25A11	P63000	Q02978	RAC1_SLC25A11	1.88	0.91	9.54E-03	3.53E-02	No	No	No	No	No
EGFRNetmtKRAS-Hi	RAC1	RAC1	P63000	P63000	RAC1_RAC1	16.04	4.00	4.37E-07	8.92E-16	Yes	No	No	Yes	No
EGFRNetmtKRAS-Hi	RAC1	GRB2	P63000	P62993	RAC1_GRB2	3.52	1.82	3.64E-02	1.53E-04	No	Yes	No	Yes	No
EGFRNetmtKRAS-Hi	RAC1	CALM1	P63000	P62158	RAC1_CALM1	5.15	2.36	6.85E-04	1.31E-06	Yes	No	No	Yes	No
EGFRNetmtKRAS-Hi	RAC1	CSE1L	P63000	P55060	RAC1_CSE1L	2.72	1.45	5.70E-05	2.02E-03	Yes	No	No	No	No
EGFRNetmtKRAS-Hi	RAC1	ARHGDIA	P63000	P52565	RAC1_ARHGDIA	11.73	3.55	1.55E-07	8.32E-13	Yes	No	No	Yes	No
EGFRNetmtKRAS-Hi	RAC1	RAP1GDS1	P63000	P52306	RAC1_RAP1GDS1	6.81	2.77	3.42E-04	1.88E-08	Yes	Yes	No	Yes	No
EGFRNetmtKRAS-Hi	RAC1	ALDH3A2	P63000	P51648	RAC1_ALDH3A2	1.89	0.92	4.59E-02	3.40E-02	No	No	No	No	No
EGFRNetmtKRAS-Hi	RAC1	CPT1A	P63000	P50416	RAC1_CPT1A	2.88	1.53	3.33E-04	1.20E-03	Yes	No	No	No	No
EGFRNetmtKRAS-Hi	RAC1	IQGAP1	P63000	P46940	RAC1_IQGAP1	5.86	2.55	3.91E-03	2.00E-07	Yes	No	No	Yes	No
EGFRNetmtKRAS-Hi	RAC1	FDFT1	P63000	P37268	RAC1_FDFT1	1.90	0.92	1.95E-02	3.30E-02	No	No	No	No	No
EGFRNetmtKRAS-Hi	RAC1	PHB	P63000	P35232	RAC1_PHB	8.26	3.05	4.09E-04	7.00E-10	Yes	No	No	No	No
EGFRNetmtKRAS-Hi	RAC1	KDELR1	P63000	P24390	RAC1_KDELR1	2.14	1.10	1.90E-06	1.45E-02	Yes	No	No	No	No
EGFRNetmtKRAS-Hi	RAC1	ATP2A2	P63000	P16615	RAC1_ATP2A2	1.92	0.94	6.34E-05	3.02E-02	Yes	No	No	No	No
EGFRNetmtKRAS-Hi	RAC1	MGST1	P63000	P10620	RAC1_MGST1	2.15	1.10	5.34E-07	1.40E-02	Yes	No	No	No	No
EGFRNetmtKRAS-Hi	RAC1	UQCRH	P63000	P07919	RAC1_UQCRH	2.46	1.30	3.98E-02	4.96E-03	No	No	No	No	No
EGFRNetmtKRAS-Hi	RAC1	MT-ND4	P63000	P03905	RAC1_MT-ND4	2.06	1.04	3.85E-04	1.91E-02	Yes	No	No	No	No
EGFRNetmtKRAS-Hi	RAC1	MT-CO1	P63000	P00395	RAC1_MT-CO1	8.96	3.16	1.79E-07	1.61E-10	Yes	No	No	No	No
EGFRNetmtKRAS-Hi	RAC1	IPO7	P63000	O95373	RAC1_IPO7	4.41	2.14	3.44E-03	1.03E-05	Yes	No	No	No	No
EGFRNetmtKRAS-Hi	RAC1	NDUFC2-KCTD14	P63000	E9PQ53	RAC1_NDUFC2-KCTD14	1.91	0.94	2.51E-03	3.13E-02	No	No	No	No	No
EGFRNetmtKRAS-Hi	RAC1	NDUFC2	P63000	O95298	RAC1_NDUFC2	1.91	0.94	2.51E-03	3.13E-02	Yes	No	No	No	No
EGFRNetmtKRAS-Hi	RAC1	NDUFS2	P63000	O75306	RAC1_NDUFS2	1.96	0.97	1.06E-03	2.64E-02	Yes	No	No	No	No
EGFRNetmtKRAS-Hi	RAC1	IPO8	P63000	O15397	RAC1_IPO8	2.11	1.08	1.19E-04	1.60E-02	Yes	No	No	No	No
EGFRNetmtKRAS-Hi	RAC1	XPO1	P63000	O14980	RAC1_XPO1	2.53	1.34	1.16E-04	3.86E-03	Yes	No	No	No	No
EGFRNetmtKRAS-Hi	RAF1	NUBP2	P04049	Q9Y5Y2	RAF1_NUBP2	3.13	1.65	6.80E-04	3.34E-02	No	No	No	No	No
EGFRNetmtKRAS-Hi	RAF1	AKAP8L	P04049	Q9ULX6	RAF1_AKAP8L	2.80	1.48	3.37E-02	4.92E-02	No	No	No	No	No
EGFRNetmtKRAS-Hi	RAF1	ABCF2	P04049	Q9UG63	RAF1_ABCF2	3.11	1.64	9.16E-05	3.43E-02	No	No	No	No	No
EGFRNetmtKRAS-Hi	RAF1	STK39	P04049	Q9UEW8	RAF1_STK39	3.08	1.62	1.01E-04	3.56E-02	No	No	No	No	No
EGFRNetmtKRAS-Hi	RAF1	SLC25A10	P04049	Q9UBX3	RAF1_SLC25A10	3.14	1.65	3.86E-04	3.34E-02	No	No	No	No	No
EGFRNetmtKRAS-Hi	RAF1	TMEM161A	P04049	Q9NX61	RAF1_TMEM161A	2.86	1.51	9.93E-05	4.59E-02	No	No	No	No	No
EGFRNetmtKRAS-Hi	RAF1	TM9SF3	P04049	Q9HD45	RAF1_TM9SF3	3.21	1.68	5.73E-03	3.07E-02	No	No	No	No	No
EGFRNetmtKRAS-Hi	RAF1	SLC25A22	P04049	Q9H936	RAF1_SLC25A22	2.95	1.56	4.70E-03	4.13E-02	No	No	No	No	No
EGFRNetmtKRAS-Hi	RAF1	FANCD2	P04049	Q9BXW9	RAF1_FANCD2	4.09	2.03	9.68E-04	1.21E-02	No	No	No	No	No
EGFRNetmtKRAS-Hi	RAF1	NCLN	P04049	Q969V3	RAF1_NCLN	3.03	1.60	1.97E-04	3.77E-02	No	No	No	No	No
EGFRNetmtKRAS-Hi	RAF1	HSP90AB2P	P04049	Q58FF8	RAF1_HSP90AB2P	3.13	1.64	8.03E-06	3.37E-02	No	No	No	No	No
EGFRNetmtKRAS-Hi	RAF1	TIMM50	P04049	Q3ZCQ8	RAF1_TIMM50	4.29	2.10	1.41E-05	9.89E-03	Yes	No	No	Yes	No
EGFRNetmtKRAS-Hi	RAF1	KEAP1	P04049	Q14145	RAF1_KEAP1	3.44	1.78	6.18E-04	2.38E-02	Yes	No	No	No	No
EGFRNetmtKRAS-Hi	RAF1	SQSTM1	P04049	Q13501	RAF1_SQSTM1	3.59	1.84	1.58E-02	2.03E-02	No	No	No	No	No
EGFRNetmtKRAS-Hi	RAF1	SLC25A11	P04049	Q02978	RAF1_SLC25A11	4.09	2.03	8.62E-04	1.21E-02	No	No	No	No	No
EGFRNetmtKRAS-Hi	RAF1	SEC61A2	P04049	Q9H9S3	RAF1_SEC61A2	2.98	1.57	6.29E-04	3.99E-02	No	No	No	No	No
EGFRNetmtKRAS-Hi	RAF1	SEC61A1	P04049	P61619	RAF1_SEC61A1	2.98	1.57	6.29E-04	3.99E-02	No	No	No	No	No
EGFRNetmtKRAS-Hi	RAF1	TMEM33	P04049	P57088	RAF1_TMEM33	3.59	1.84	9.42E-04	2.03E-02	No	No	No	No	No
EGFRNetmtKRAS-Hi	RAF1	EMD	P04049	P50402	RAF1_EMD	3.51	1.81	2.00E-04	2.20E-02	No	No	No	Yes	No
EGFRNetmtKRAS-Hi	RAF1	ARL1	P04049	P40616	RAF1_ARL1	4.09	2.03	7.18E-04	1.21E-02	No	No	No	No	No
EGFRNetmtKRAS-Hi	RAF1	POLD1	P04049	P28340	RAF1_POLD1	3.18	1.67	1.78E-03	3.18E-02	No	No	No	No	No
EGFRNetmtKRAS-Hi	RAF1	ABCD3	P04049	P28288	RAF1_ABCD3	3.27	1.71	7.50E-04	2.88E-02	No	No	No	No	No
EGFRNetmtKRAS-Hi	RAF1	TUBG2	P04049	Q9NRH3	RAF1_TUBG2	4.29	2.10	2.82E-04	9.89E-03	No	No	No	No	No
EGFRNetmtKRAS-Hi	RAF1	TUBG1	P04049	P23258	RAF1_TUBG1	4.29	2.10	2.82E-04	9.89E-03	No	No	No	No	No
EGFRNetmtKRAS-Hi	RAF1	MGST1	P04049	P10620	RAF1_MGST1	2.79	1.48	3.85E-04	4.99E-02	No	No	No	No	No
EGFRNetmtKRAS-Hi	RAF1	TUBB4A	P04049	P04350	RAF1_TUBB4A	3.03	1.60	2.90E-02	3.75E-02	No	No	No	No	No
EGFRNetmtKRAS-Hi	RAF1	KRAS	P04049	P01116	RAF1_KRAS	5.78	2.53	4.37E-04	2.52E-03	No	No	No	Yes	No
EGFRNetmtKRAS-Hi	RAF1	NRAS	P04049	P01111	RAF1_NRAS	4.36	2.13	3.85E-05	9.17E-03	No	No	No	Yes	No
EGFRNetmtKRAS-Hi	RAF1	AIFM1	P04049	O95831	RAF1_AIFM1	3.16	1.66	7.14E-04	3.26E-02	No	No	No	No	No
EGFRNetmtKRAS-Hi	RAF1	ATAD3A	P04049	Q9NVI7	RAF1_ATAD3A	1.55	0.63	2.83E-05	2.27E-02	No	No	No	No	No
EGFRNetmtKRAS-Hi	RAF1	CCT7	P04049	Q99832	RAF1_CCT7	2.39	1.26	2.30E-09	5.41E-05	No	No	No	No	No
EGFRNetmtKRAS-Hi	RAF1	CDC37	P04049	Q16543	RAF1_CDC37	6.21	2.64	2.62E-06	6.98E-16	No	No	No	Yes	No
EGFRNetmtKRAS-Hi	RAF1	YWHAH	P04049	Q04917	RAF1_YWHAH	2.73	1.45	7.05E-08	4.43E-06	No	No	No	Yes	Yes
EGFRNetmtKRAS-Hi	RAF1	SLC25A3	P04049	Q00325	RAF1_SLC25A3	3.17	1.66	4.13E-06	3.21E-02	No	No	No	No	No
EGFRNetmtKRAS-Hi	RAF1	CCT2	P04049	P78371	RAF1_CCT2	2.41	1.27	3.02E-09	4.56E-05	No	No	No	No	No
EGFRNetmtKRAS-Hi	RAF1	TUBB4B	P04049	P68371	RAF1_TUBB4B	1.55	0.64	6.38E-09	2.19E-02	No	No	No	No	No
EGFRNetmtKRAS-Hi	RAF1	YWHAZ	P04049	P63104	RAF1_YWHAZ	2.01	1.01	8.18E-06	8.71E-04	No	No	No	Yes	No
EGFRNetmtKRAS-Hi	RAF1	YWHAE	P04049	P62258	RAF1_YWHAE	2.11	1.08	6.59E-07	4.13E-04	No	No	No	Yes	No
EGFRNetmtKRAS-Hi	RAF1	YWHAG	P04049	P61981	RAF1_YWHAG	2.48	1.31	6.50E-06	2.70E-05	No	No	No	Yes	No
EGFRNetmtKRAS-Hi	RAF1	CCT4	P04049	P50991	RAF1_CCT4	2.48	1.31	6.81E-08	2.71E-05	No	No	No	No	No
EGFRNetmtKRAS-Hi	RAF1	CCT8	P04049	P50990	RAF1_CCT8	2.84	1.51	1.23E-11	1.97E-06	No	No	No	Yes	No
EGFRNetmtKRAS-Hi	RAF1	CCT3	P04049	P49368	RAF1_CCT3	2.40	1.26	2.02E-07	5.06E-05	No	No	No	Yes	No
EGFRNetmtKRAS-Hi	RAF1	CCT5	P04049	P48643	RAF1_CCT5	1.80	0.85	6.52E-07	4.00E-03	No	No	No	No	No
EGFRNetmtKRAS-Hi	RAF1	CCT6A	P04049	P40227	RAF1_CCT6A	2.72	1.44	5.30E-09	4.72E-06	No	No	No	No	No
EGFRNetmtKRAS-Hi	RAF1	SFN	P04049	P31947	RAF1_SFN	1.68	0.75	9.15E-03	9.34E-03	No	No	No	Yes	No
EGFRNetmtKRAS-Hi	RAF1	YWHAB	P04049	P31946	RAF1_YWHAB	2.07	1.05	4.23E-06	5.80E-04	No	No	No	Yes	No
EGFRNetmtKRAS-Hi	RAF1	YWHAQ	P04049	P27348	RAF1_YWHAQ	2.23	1.16	1.98E-07	1.75E-04	No	No	No	Yes	No
EGFRNetmtKRAS-Hi	RAF1	TCP1	P04049	P17987	RAF1_TCP1	2.20	1.14	4.66E-07	2.26E-04	No	No	No	No	No
EGFRNetmtKRAS-Hi	RAF1	HSPA6	P04049	P17066	RAF1_HSPA6	1.66	0.73	4.54E-07	1.05E-02	No	No	No	No	No
EGFRNetmtKRAS-Hi	RAF1	HSPA8	P04049	P11142	RAF1_HSPA8	1.88	0.91	1.58E-09	2.21E-03	No	No	No	Yes	No
EGFRNetmtKRAS-Hi	RAF1	HSP90AB3P	P04049	Q58FF7	RAF1_HSP90AB3P	4.93	2.30	7.38E-08	1.41E-12	No	No	No	No	No
EGFRNetmtKRAS-Hi	RAF1	HSP90AB1	P04049	P08238	RAF1_HSP90AB1	4.93	2.30	7.38E-08	1.41E-12	No	No	No	Yes	No
EGFRNetmtKRAS-Hi	RAF1	HSPA1A	P04049	P08107	RAF1_HSPA1A	1.74	0.80	2.08E-07	6.03E-03	Yes	No	No	No	No
EGFRNetmtKRAS-Hi	RAF1	HSP90AA1	P04049	P07900	RAF1_HSP90AA1	5.73	2.52	1.05E-06	1.10E-14	No	No	No	Yes	No
EGFRNetmtKRAS-Hi	RAF1	TUBB	P04049	P07437	RAF1_TUBB	1.69	0.76	6.68E-06	8.61E-03	No	No	No	No	No
EGFRNetmtKRAS-Hi	RAF1	RAF1	P04049	P04049	RAF1_RAF1	10.65	3.41	5.55E-08	3.28E-25	No	No	No	Yes	Yes
EGFRNetmtKRAS-Hi	RAF1	BAG2	P04049	O95816	RAF1_BAG2	3.44	1.78	9.84E-08	2.63E-08	No	No	No	Yes	No
EGFRNetmtKRAS-Hi	RAF1	DNAJA2	P04049	O60884	RAF1_DNAJA2	1.62	0.70	3.24E-03	1.36E-02	No	No	No	No	No
EGFRNetmtKRAS-Hi	RAF1	CALU	P04049	O43852	RAF1_CALU	1.83	0.87	9.91E-06	3.18E-03	No	No	No	Yes	Yes
EGFRNetmtKRAS-Hi	RALB	UQCR10	P11234	Q9UDW1	RALB_UQCR10	4.70	2.23	1.29E-03	3.73E-02	No	No	No	No	No
EGFRNetmtKRAS-Hi	RALB	PHB2	P11234	Q99623	RALB_PHB2	5.61	2.49	3.56E-05	2.29E-02	No	No	No	No	No
EGFRNetmtKRAS-Hi	RALB	TNPO1	P11234	Q92973	RALB_TNPO1	4.97	2.31	1.22E-04	3.21E-02	No	No	No	No	No
EGFRNetmtKRAS-Hi	RALB	GCN1L1	P11234	Q92616	RALB_GCN1L1	4.23	2.08	1.95E-03	4.91E-02	No	No	No	No	No
EGFRNetmtKRAS-Hi	RALB	MCU	P11234	Q8NE86	RALB_MCU	5.31	2.41	3.63E-04	2.68E-02	No	No	No	No	No
EGFRNetmtKRAS-Hi	RALB	TTC35	P11234	Q15006	RALB_TTC35	4.22	2.08	7.55E-03	4.94E-02	No	No	No	No	No
EGFRNetmtKRAS-Hi	RALB	KPNB1	P11234	Q14974	RALB_KPNB1	5.18	2.37	3.79E-04	2.87E-02	No	No	No	No	No
EGFRNetmtKRAS-Hi	RALB	SLC25A3	P11234	Q00325	RALB_SLC25A3	5.23	2.39	1.68E-05	2.79E-02	No	No	No	No	No
EGFRNetmtKRAS-Hi	RALB	HADHB	P11234	P55084	RALB_HADHB	8.39	3.07	3.54E-04	6.47E-03	No	No	No	No	No
EGFRNetmtKRAS-Hi	RALB	SLC25A1	P11234	P53007	RALB_SLC25A1	5.13	2.36	8.67E-04	2.95E-02	No	No	No	No	No
EGFRNetmtKRAS-Hi	RALB	RAP1GDS1	P11234	P52306	RALB_RAP1GDS1	4.46	2.16	7.70E-06	4.28E-02	No	No	No	No	No
EGFRNetmtKRAS-Hi	RALB	RANBP2	P11234	P49792	RALB_RANBP2	4.83	2.27	9.96E-03	3.48E-02	No	No	No	No	No
EGFRNetmtKRAS-Hi	RALB	PHB	P11234	P35232	RALB_PHB	4.73	2.24	1.74E-05	3.68E-02	No	No	No	No	No
EGFRNetmtKRAS-Hi	RALB	COX4I1	P11234	P13073	RALB_COX4I1	4.97	2.31	1.13E-03	3.21E-02	No	No	No	No	No
EGFRNetmtKRAS-Hi	RALB	RALB	P11234	P11234	RALB_RALB	8.14	3.03	1.82E-04	7.17E-03	No	No	No	No	No
EGFRNetmtKRAS-Hi	RALB	MGST1	P11234	P10620	RALB_MGST1	7.15	2.84	1.45E-03	1.10E-02	No	No	No	No	No
EGFRNetmtKRAS-Hi	RALB	CYC1	P11234	P08574	RALB_CYC1	4.96	2.31	8.32E-04	3.24E-02	No	No	No	No	No
EGFRNetmtKRAS-Hi	RALB	SLC25A5	P11234	P05141	RALB_SLC25A5	4.49	2.17	3.33E-05	4.20E-02	No	No	No	No	No
EGFRNetmtKRAS-Hi	RALB	IPO8	P11234	O15397	RALB_IPO8	5.62	2.49	3.11E-03	2.28E-02	No	No	No	No	No
EGFRNetmtKRAS-Hi	RALB	XPO1	P11234	O14980	RALB_XPO1	4.35	2.12	2.41E-05	4.56E-02	No	No	No	No	No
EGFRNetmtKRAS-Hi	RALBP1	SEPT9	Q15311	Q9UHD8	RALBP1_SEPT9	2.94	1.56	5.85E-03	3.31E-03	No	No	No	No	No
EGFRNetmtKRAS-Hi	RALBP1	SEPT10	Q15311	Q9P0V9	RALBP1_SEPT10	4.19	2.07	3.05E-02	1.48E-04	No	No	No	No	No
EGFRNetmtKRAS-Hi	RALBP1	LIN7C	Q15311	Q9NUP9	RALBP1_LIN7C	8.11	3.02	4.03E-06	5.41E-08	No	No	No	No	No
EGFRNetmtKRAS-Hi	RALBP1	BIRC6	Q15311	Q9NR09	RALBP1_BIRC6	3.40	1.77	8.85E-04	1.00E-03	No	No	No	No	No
EGFRNetmtKRAS-Hi	RALBP1	GOPC	Q15311	Q9HD26	RALBP1_GOPC	5.10	2.35	2.23E-02	1.88E-05	No	Yes	No	No	No
EGFRNetmtKRAS-Hi	RALBP1	HOOK2	Q15311	Q96ED9	RALBP1_HOOK2	4.15	2.05	4.64E-04	1.60E-04	No	No	No	Yes	No
EGFRNetmtKRAS-Hi	RALBP1	REPS1	Q15311	Q96D71	RALBP1_REPS1	9.45	3.24	5.98E-05	5.85E-09	No	Yes	No	Yes	No
EGFRNetmtKRAS-Hi	RALBP1	HIST3H2A	Q15311	Q7L7L0	RALBP1_HIST3H2A	2.78	1.47	9.69E-04	5.13E-03	No	No	No	No	No
EGFRNetmtKRAS-Hi	RALBP1	HIST1H2AB	Q15311	P04908	RALBP1_HIST1H2AB	2.78	1.47	9.69E-04	5.13E-03	Yes	No	No	No	No
EGFRNetmtKRAS-Hi	RALBP1	HIST1H2AC	Q15311	Q93077	RALBP1_HIST1H2AC	2.78	1.47	9.69E-04	5.13E-03	No	No	No	No	No
EGFRNetmtKRAS-Hi	RALBP1	PPP4R1	Q15311	Q8TF05	RALBP1_PPP4R1	3.63	1.86	1.36E-04	5.69E-04	No	Yes	No	No	No
EGFRNetmtKRAS-Hi	RALBP1	SAPCD2	Q15311	Q86UD0	RALBP1_SAPCD2	5.48	2.45	1.01E-03	8.32E-06	No	No	No	No	No
EGFRNetmtKRAS-Hi	RALBP1	GRAMD4	Q15311	Q6IC98	RALBP1_GRAMD4	7.93	2.99	5.71E-04	7.47E-08	No	No	No	No	No
EGFRNetmtKRAS-Hi	RALBP1	MPP7	Q15311	Q5T2T1	RALBP1_MPP7	5.23	2.39	1.33E-04	1.41E-05	No	No	No	No	No
EGFRNetmtKRAS-Hi	RALBP1	PFKFB3	Q15311	Q16875	RALBP1_PFKFB3	2.28	1.19	1.88E-02	1.95E-02	No	No	No	No	No
EGFRNetmtKRAS-Hi	RALBP1	CCDC6	Q15311	Q16204	RALBP1_CCDC6	10.62	3.41	2.31E-06	9.68E-10	No	Yes	No	No	No
EGFRNetmtKRAS-Hi	RALBP1	SEPT7	Q15311	Q16181	RALBP1_SEPT7	4.64	2.21	6.84E-04	5.17E-05	No	No	No	Yes	No
EGFRNetmtKRAS-Hi	RALBP1	RALBP1	Q15311	Q15311	RALBP1_RALBP1	23.74	4.57	2.65E-05	3.75E-16	No	No	No	No	No
EGFRNetmtKRAS-Hi	RALBP1	GPS2	Q15311	Q13227	RALBP1_GPS2	12.52	3.65	4.91E-04	6.65E-11	Yes	Yes	Yes	Yes	No
EGFRNetmtKRAS-Hi	RALBP1	DLG1	Q15311	Q12959	RALBP1_DLG1	5.90	2.56	1.11E-04	3.47E-06	No	No	No	Yes	No
EGFRNetmtKRAS-Hi	RALBP1	DSG1	Q15311	Q02413	RALBP1_DSG1	41.91	5.39	2.98E-02	8.95E-22	No	No	No	No	No
EGFRNetmtKRAS-Hi	RALBP1	CLTC	Q15311	Q00610	RALBP1_CLTC	1.97	0.98	4.69E-02	4.54E-02	No	No	No	No	No
EGFRNetmtKRAS-Hi	RALBP1	H3F3C	Q15311	Q6NXT2	RALBP1_H3F3C	2.50	1.32	1.19E-03	1.07E-02	No	No	No	No	No
EGFRNetmtKRAS-Hi	RALBP1	HIST2H3A	Q15311	Q71DI3	RALBP1_HIST2H3A	2.50	1.32	1.19E-03	1.07E-02	No	No	No	No	No
EGFRNetmtKRAS-Hi	RALBP1	HIST3H3	Q15311	Q16695	RALBP1_HIST3H3	2.50	1.32	1.19E-03	1.07E-02	No	No	No	No	No
EGFRNetmtKRAS-Hi	RALBP1	H3F3A	Q15311	P84243	RALBP1_H3F3A	2.50	1.32	1.19E-03	1.07E-02	No	No	No	No	No
EGFRNetmtKRAS-Hi	RALBP1	HIST1H3A	Q15311	P68431	RALBP1_HIST1H3A	2.50	1.32	1.19E-03	1.07E-02	No	No	No	No	No
EGFRNetmtKRAS-Hi	RALBP1	PSMC5	Q15311	P62195	RALBP1_PSMC5	7.65	2.93	1.34E-04	1.23E-07	No	Yes	No	No	No
EGFRNetmtKRAS-Hi	RALBP1	PPP4C	Q15311	P60510	RALBP1_PPP4C	2.87	1.52	2.61E-02	4.04E-03	No	No	No	No	No
EGFRNetmtKRAS-Hi	RALBP1	EMD	Q15311	P50402	RALBP1_EMD	4.08	2.03	2.10E-02	1.93E-04	No	No	No	No	No
EGFRNetmtKRAS-Hi	RALBP1	NES	Q15311	P48681	RALBP1_NES	2.42	1.27	2.62E-02	1.35E-02	No	No	No	No	No
EGFRNetmtKRAS-Hi	RALBP1	TMPO	Q15311	P42166	RALBP1_TMPO	5.30	2.41	1.42E-04	1.20E-05	Yes	No	No	No	No
EGFRNetmtKRAS-Hi	RALBP1	PRDX2	Q15311	P32119	RALBP1_PRDX2	5.61	2.49	1.63E-02	6.21E-06	No	No	No	No	No
EGFRNetmtKRAS-Hi	RALBP1	HMGA1	Q15311	P17096	RALBP1_HMGA1	4.11	2.04	2.72E-02	1.79E-04	No	No	No	No	No
EGFRNetmtKRAS-Hi	RALBP1	DSP	Q15311	P15924	RALBP1_DSP	6.43	2.69	7.47E-03	1.19E-06	No	No	No	No	No
EGFRNetmtKRAS-Hi	RALBP1	JUP	Q15311	P14923	RALBP1_JUP	26.08	4.70	4.00E-05	5.12E-17	No	No	No	No	No
EGFRNetmtKRAS-Hi	RALBP1	TOP1	Q15311	P11387	RALBP1_TOP1	2.07	1.05	4.64E-02	3.44E-02	No	No	No	No	No
EGFRNetmtKRAS-Hi	RALBP1	RALA	Q15311	P11233	RALBP1_RALA	5.60	2.48	1.47E-04	6.44E-06	No	No	No	Yes	No
EGFRNetmtKRAS-Hi	RALBP1	HIST1H1E	Q15311	P10412	RALBP1_HIST1H1E	2.37	1.25	6.39E-04	1.53E-02	Yes	No	No	No	No
EGFRNetmtKRAS-Hi	RALBP1	HMGB1P1	Q15311	B2RPK0	RALBP1_HMGB1P1	2.05	1.04	1.66E-02	3.66E-02	No	No	No	No	No
EGFRNetmtKRAS-Hi	RALBP1	HMGB1	Q15311	P09429	RALBP1_HMGB1	2.05	1.04	1.66E-02	3.66E-02	No	No	No	No	No
EGFRNetmtKRAS-Hi	RALBP1	HCK	Q15311	P08631	RALBP1_HCK	33.32	5.06	7.06E-05	2.14E-19	No	No	No	No	No
EGFRNetmtKRAS-Hi	RALBP1	H1F0	Q15311	P07305	RALBP1_H1F0	2.74	1.45	1.66E-02	5.66E-03	No	No	No	No	No
EGFRNetmtKRAS-Hi	RALBP1	LMNA	Q15311	P02545	RALBP1_LMNA	4.90	2.29	4.52E-04	2.86E-05	Yes	No	No	No	No
EGFRNetmtKRAS-Hi	RALBP1	BANF1	Q15311	O75531	RALBP1_BANF1	8.65	3.11	1.56E-03	2.17E-08	Yes	No	No	No	No
EGFRNetmtKRAS-Hi	RALBP1	PPL	Q15311	O60437	RALBP1_PPL	2.63	1.39	3.90E-02	7.66E-03	No	No	Yes	Yes	No
EGFRNetmtKRAS-Hi	RASA1	IVNS1ABP	P20936	Q9Y6Y0	RASA1_IVNS1ABP	1.69	0.75	7.61E-06	2.86E-04	Yes	No	No	No	No
EGFRNetmtKRAS-Hi	RASA1	DRG1	P20936	Q9Y295	RASA1_DRG1	1.50	0.58	4.97E-02	4.14E-03	No	No	No	No	No
EGFRNetmtKRAS-Hi	RASA1	CORO1C	P20936	Q9ULV4	RASA1_CORO1C	1.74	0.80	1.17E-10	1.37E-04	Yes	No	No	No	No
EGFRNetmtKRAS-Hi	RASA1	DPP7	P20936	Q9UHL4	RASA1_DPP7	1.42	0.51	1.55E-08	1.04E-02	No	No	No	No	No
EGFRNetmtKRAS-Hi	RASA1	TMOD3	P20936	Q9NYL9	RASA1_TMOD3	1.40	0.48	4.27E-08	1.43E-02	No	No	No	No	No
EGFRNetmtKRAS-Hi	RASA1	MAGEE1	P20936	Q9HCI5	RASA1_MAGEE1	1.46	0.54	1.01E-05	6.92E-03	No	No	No	No	No
EGFRNetmtKRAS-Hi	RASA1	CORO1B	P20936	Q9BR76	RASA1_CORO1B	1.46	0.55	2.68E-03	6.28E-03	No	No	No	No	No
EGFRNetmtKRAS-Hi	RASA1	HSPH1	P20936	Q92598	RASA1_HSPH1	1.37	0.45	2.17E-02	2.01E-02	Yes	No	No	No	No
EGFRNetmtKRAS-Hi	RASA1	MTMR14	P20936	Q8NCE2	RASA1_MTMR14	1.47	0.55	9.91E-06	6.08E-03	No	No	No	No	No
EGFRNetmtKRAS-Hi	RASA1	DBN1	P20936	Q16643	RASA1_DBN1	1.61	0.68	2.22E-04	8.99E-04	No	No	No	No	No
EGFRNetmtKRAS-Hi	RASA1	ACAP2	P20936	Q15057	RASA1_ACAP2	1.34	0.43	1.16E-03	2.71E-02	Yes	No	No	No	No
EGFRNetmtKRAS-Hi	RASA1	PRPSAP1	P20936	Q14558	RASA1_PRPSAP1	1.98	0.99	6.85E-08	3.28E-06	Yes	No	No	No	No
EGFRNetmtKRAS-Hi	RASA1	TWF1	P20936	Q12792	RASA1_TWF1	1.44	0.53	6.89E-03	7.94E-03	Yes	No	No	No	No
EGFRNetmtKRAS-Hi	RASA1	AKAP12	P20936	Q02952	RASA1_AKAP12	1.62	0.70	6.56E-03	7.09E-04	Yes	No	No	No	No
EGFRNetmtKRAS-Hi	RASA1	ACTG1	P20936	P63261	RASA1_ACTG1	1.52	0.61	2.53E-07	2.80E-03	Yes	No	No	No	No
EGFRNetmtKRAS-Hi	RASA1	SNRPF	P20936	P62306	RASA1_SNRPF	1.41	0.50	1.21E-02	1.20E-02	Yes	No	No	No	No
EGFRNetmtKRAS-Hi	RASA1	SNRPE	P20936	P62304	RASA1_SNRPE	1.30	0.38	2.26E-02	4.28E-02	No	No	No	No	No
EGFRNetmtKRAS-Hi	RASA1	CALM1	P20936	P62158	RASA1_CALM1	1.40	0.49	1.05E-04	1.32E-02	No	No	No	No	No
EGFRNetmtKRAS-Hi	RASA1	PRPS1	P20936	P60891	RASA1_PRPS1	2.11	1.08	3.56E-09	4.02E-07	Yes	No	No	No	No
EGFRNetmtKRAS-Hi	RASA1	ACTB	P20936	P60709	RASA1_ACTB	1.45	0.54	4.47E-11	7.45E-03	No	No	No	No	No
EGFRNetmtKRAS-Hi	RASA1	CAPZA1	P20936	P52907	RASA1_CAPZA1	1.42	0.51	1.11E-07	1.04E-02	Yes	No	No	No	No
EGFRNetmtKRAS-Hi	RASA1	ACADVL	P20936	P49748	RASA1_ACADVL	1.51	0.59	1.68E-02	3.45E-03	No	No	No	No	No
EGFRNetmtKRAS-Hi	RASA1	CAPZB	P20936	P47756	RASA1_CAPZB	1.53	0.61	2.23E-09	2.74E-03	No	No	No	No	No
EGFRNetmtKRAS-Hi	RASA1	HSPA9	P20936	P38646	RASA1_HSPA9	1.62	0.70	5.15E-11	7.23E-04	No	No	No	No	No
EGFRNetmtKRAS-Hi	RASA1	S100A4	P20936	P26447	RASA1_S100A4	1.60	0.68	2.83E-03	9.58E-04	Yes	No	No	No	No
EGFRNetmtKRAS-Hi	RASA1	RASA1	P20936	P20936	RASA1_RASA1	15.14	3.92	5.77E-11	4.23E-73	Yes	No	No	Yes	No
EGFRNetmtKRAS-Hi	RASA1	PRPS2	P20936	P11908	RASA1_PRPS2	2.10	1.07	6.17E-11	4.64E-07	Yes	No	No	No	No
EGFRNetmtKRAS-Hi	RASA1	HSPA8	P20936	P11142	RASA1_HSPA8	1.40	0.48	3.92E-09	1.41E-02	No	No	No	No	No
EGFRNetmtKRAS-Hi	RASA1	MGST1	P20936	P10620	RASA1_MGST1	1.48	0.57	3.46E-03	4.88E-03	Yes	No	No	No	No
EGFRNetmtKRAS-Hi	RASA1	HSPA1A	P20936	P08107	RASA1_HSPA1A	1.37	0.45	1.13E-05	2.09E-02	Yes	No	No	No	No
EGFRNetmtKRAS-Hi	RASA1	SLC25A5	P20936	P05141	RASA1_SLC25A5	1.34	0.43	2.77E-04	2.68E-02	No	No	No	No	No
EGFRNetmtKRAS-Hi	RASA1	PROSC	P20936	O94903	RASA1_PROSC	1.30	0.38	3.23E-02	4.50E-02	No	No	No	No	No
EGFRNetmtKRAS-Hi	RASA1	MYO1D	P20936	O94832	RASA1_MYO1D	1.73	0.79	4.36E-02	1.46E-04	No	No	No	No	No
EGFRNetmtKRAS-Hi	RASA1	PRPSAP2	P20936	O60256	RASA1_PRPSAP2	2.13	1.09	3.92E-11	2.98E-07	Yes	No	No	No	No
EGFRNetmtKRAS-Hi	RASA1	MYO1C	P20936	O00159	RASA1_MYO1C	1.92	0.94	2.16E-08	8.98E-06	No	No	No	No	No
EGFRNetmtKRAS-Hi	RHOA	CHP	P61586	Q99653	RHOA_CHP	3.04	1.60	1.36E-02	3.12E-02	No	No	No	No	No
EGFRNetmtKRAS-Hi	RHOA	IPO9	P61586	Q96P70	RHOA_IPO9	3.54	1.82	2.71E-02	1.72E-02	No	No	No	No	No
EGFRNetmtKRAS-Hi	RHOA	C2ORF47	P61586	Q8WWC4	RHOA_C2ORF47	3.02	1.59	1.87E-02	3.20E-02	No	No	No	No	No
EGFRNetmtKRAS-Hi	RHOA	TIMM50	P61586	Q3ZCQ8	RHOA_TIMM50	2.72	1.45	3.28E-02	4.61E-02	No	No	No	No	No
EGFRNetmtKRAS-Hi	RHOA	TCEB2	P61586	Q15370	RHOA_TCEB2	10.93	3.45	1.09E-02	3.39E-05	No	No	No	No	No
EGFRNetmtKRAS-Hi	RHOA	RHOC	P61586	P08134	RHOA_RHOC	2.90	1.53	4.99E-02	3.71E-02	No	Yes	No	No	No
EGFRNetmtKRAS-Hi	RHOA	RHOA	P61586	P61586	RHOA_RHOA	2.90	1.53	4.99E-02	3.71E-02	No	No	No	Yes	Yes
EGFRNetmtKRAS-Hi	RHOA	RAP1GDS1	P61586	P52306	RHOA_RAP1GDS1	3.15	1.66	1.61E-05	2.70E-02	No	Yes	No	Yes	No
EGFRNetmtKRAS-Hi	RHOA	SSR4	P61586	P51571	RHOA_SSR4	2.96	1.57	1.07E-03	3.41E-02	No	No	No	No	No
EGFRNetmtKRAS-Hi	RHOA	EIF4A3	P61586	P38919	RHOA_EIF4A3	3.77	1.91	2.15E-02	1.32E-02	Yes	No	No	No	No
EGFRNetmtKRAS-Hi	RHOA	SNCA	P61586	P37840	RHOA_SNCA	3.08	1.63	8.23E-04	2.94E-02	No	No	No	No	No
EGFRNetmtKRAS-Hi	RHOA	FDFT1	P61586	P37268	RHOA_FDFT1	3.81	1.93	1.29E-02	1.25E-02	No	No	No	No	No
EGFRNetmtKRAS-Hi	RHOA	CTNNA1	P61586	P35221	RHOA_CTNNA1	2.96	1.56	4.16E-03	3.44E-02	No	No	No	No	No
EGFRNetmtKRAS-Hi	RHOA	CAD	P61586	P27708	RHOA_CAD	2.66	1.41	2.38E-02	4.98E-02	No	No	No	No	No
EGFRNetmtKRAS-Hi	RHOA	ATP2A2	P61586	P16615	RHOA_ATP2A2	3.26	1.71	1.38E-02	2.36E-02	No	No	No	No	No
EGFRNetmtKRAS-Hi	RHOA	COX7A2	P61586	P14406	RHOA_COX7A2	2.97	1.57	3.45E-03	3.38E-02	No	No	No	No	No
EGFRNetmtKRAS-Hi	RHOA	SGPL1	P61586	O95470	RHOA_SGPL1	3.15	1.65	2.89E-02	2.72E-02	No	No	No	No	No
EGFRNetmtKRAS-Hi	RHOA	ERLIN1	P61586	O75477	RHOA_ERLIN1	2.74	1.46	3.32E-03	4.50E-02	No	No	No	No	No
EGFRNetmtKRAS-Hi	RIN1	IVNS1ABP	Q13671	Q9Y6Y0	RIN1_IVNS1ABP	1.79	0.84	3.87E-02	2.76E-05	No	No	No	No	No
EGFRNetmtKRAS-Hi	RIN1	RIN1	Q13671	Q13671	RIN1_RIN1	13.87	3.79	1.28E-02	5.88E-75	No	No	No	No	No
EGFRNetmtKRAS-Hi	RIPK1	MRPS17	Q13546	Q9Y2R5	RIPK1_MRPS17	1.70	0.76	1.31E-03	2.21E-02	No	No	No	No	No
EGFRNetmtKRAS-Hi	RIPK1	SRRM2	Q13546	Q9UQ35	RIPK1_SRRM2	2.49	1.31	3.14E-06	2.71E-04	No	No	No	No	No
EGFRNetmtKRAS-Hi	RIPK1	ARGLU1	Q13546	Q9NWB6	RIPK1_ARGLU1	1.77	0.82	2.55E-06	1.50E-02	No	No	No	No	No
EGFRNetmtKRAS-Hi	RIPK1	SLC4A1AP	Q13546	Q9BWU0	RIPK1_SLC4A1AP	2.06	1.04	4.11E-03	3.05E-03	No	No	No	No	No
EGFRNetmtKRAS-Hi	RIPK1	PRMT1	Q13546	Q99873	RIPK1_PRMT1	1.58	0.66	9.44E-06	4.17E-02	No	No	No	No	No
EGFRNetmtKRAS-Hi	RIPK1	PHLDA1	Q13546	Q8WV24	RIPK1_PHLDA1	1.69	0.76	2.45E-02	2.26E-02	No	No	No	No	No
EGFRNetmtKRAS-Hi	RIPK1	RP9	Q13546	Q8TA86	RIPK1_RP9	2.50	1.32	1.50E-02	2.57E-04	No	No	No	No	No
EGFRNetmtKRAS-Hi	RIPK1	KIAA1967	Q13546	Q8N163	RIPK1_KIAA1967	2.15	1.10	1.17E-03	1.84E-03	No	No	No	No	No
EGFRNetmtKRAS-Hi	RIPK1	RIPK1	Q13546	Q13546	RIPK1_RIPK1	25.76	4.69	6.37E-11	4.63E-35	Yes	No	Yes	Yes	No
EGFRNetmtKRAS-Hi	RIPK1	CSNK2A3	Q13546	Q8NEV1	RIPK1_CSNK2A3	1.69	0.76	1.39E-04	2.28E-02	No	No	No	No	No
EGFRNetmtKRAS-Hi	RIPK1	CSNK2A1	Q13546	P68400	RIPK1_CSNK2A1	1.69	0.76	1.39E-04	2.28E-02	No	No	No	No	No
EGFRNetmtKRAS-Hi	RIPK1	RPS21	Q13546	P63220	RIPK1_RPS21	2.00	1.00	2.26E-03	4.30E-03	No	No	No	No	No
EGFRNetmtKRAS-Hi	RIPK1	RPS27A	Q13546	P62979	RIPK1_RPS27A	1.75	0.81	3.84E-03	1.69E-02	No	No	No	No	No
EGFRNetmtKRAS-Hi	RIPK1	SNRPD2	Q13546	P62316	RIPK1_SNRPD2	1.83	0.87	4.50E-09	1.09E-02	No	No	No	No	No
EGFRNetmtKRAS-Hi	RIPK1	SNRPD1	Q13546	P62314	RIPK1_SNRPD1	1.82	0.87	1.21E-07	1.11E-02	No	No	No	No	No
EGFRNetmtKRAS-Hi	RIPK1	TPP2	Q13546	P29144	RIPK1_TPP2	1.89	0.92	2.40E-06	7.57E-03	No	No	No	No	No
EGFRNetmtKRAS-Hi	RIPK1	S100A4	Q13546	P26447	RIPK1_S100A4	2.37	1.24	1.71E-02	5.34E-04	No	No	No	No	No
EGFRNetmtKRAS-Hi	RIPK1	RPSA	Q13546	P08865	RIPK1_RPSA	1.89	0.92	2.80E-04	7.88E-03	No	No	No	No	No
EGFRNetmtKRAS-Hi	RIPK1	P4HB	Q13546	P07237	RIPK1_P4HB	1.73	0.79	3.89E-04	1.86E-02	No	No	No	No	No
EGFRNetmtKRAS-Hi	RIPK1	BAG2	Q13546	O95816	RIPK1_BAG2	4.56	2.19	1.76E-05	4.45E-09	Yes	No	No	No	No
EGFRNetmtKRAS-Hi	RIPK1	HNRNPR	Q13546	O43390	RIPK1_HNRNPR	1.67	0.74	9.25E-03	2.55E-02	No	No	No	No	No
EGFRNetmtKRAS-Hi	RIPK1	TAF4	Q13546	O00268	RIPK1_TAF4	1.71	0.77	3.93E-04	2.05E-02	No	No	No	No	No
EGFRNetmtKRAS-Hi	RPS6KA1	USP9X	Q15418	Q93008	RPS6KA1_USP9X	3.06	1.61	8.18E-09	3.74E-02	No	No	No	No	No
EGFRNetmtKRAS-Hi	RPS6KA1	HSP90AB2P	Q15418	Q58FF8	RPS6KA1_HSP90AB2P	4.37	2.13	7.30E-08	9.37E-03	No	No	No	No	No
EGFRNetmtKRAS-Hi	RPS6KA1	CDC37	Q15418	Q16543	RPS6KA1_CDC37	6.82	2.77	6.94E-09	1.11E-03	No	No	No	Yes	No
EGFRNetmtKRAS-Hi	RPS6KA1	RPS6KA1	Q15418	Q15418	RPS6KA1_RPS6KA1	8.36	3.06	1.72E-10	3.56E-04	No	No	No	Yes	No
EGFRNetmtKRAS-Hi	RPS6KA1	DGCR2	Q15418	P98153	RPS6KA1_DGCR2	4.20	2.07	2.40E-04	1.11E-02	No	No	No	No	No
EGFRNetmtKRAS-Hi	RPS6KA1	CSNK2B	Q15418	P67870	RPS6KA1_CSNK2B	7.70	2.95	9.07E-09	5.70E-04	No	No	No	Yes	No
EGFRNetmtKRAS-Hi	RPS6KA1	HSPA6	Q15418	P17066	RPS6KA1_HSPA6	5.51	2.46	2.35E-03	3.25E-03	No	No	No	No	No
EGFRNetmtKRAS-Hi	RPS6KA1	HSPA8	Q15418	P11142	RPS6KA1_HSPA8	6.01	2.59	9.82E-11	2.12E-03	No	No	No	No	No
EGFRNetmtKRAS-Hi	RPS6KA1	HSPA5	Q15418	P11021	RPS6KA1_HSPA5	4.83	2.27	1.48E-10	6.03E-03	No	No	No	No	No
EGFRNetmtKRAS-Hi	RPS6KA1	HSP90AB1	Q15418	P08238	RPS6KA1_HSP90AB1	6.36	2.67	5.14E-10	1.60E-03	No	No	No	Yes	No
EGFRNetmtKRAS-Hi	RPS6KA1	HSPA1A	Q15418	P08107	RPS6KA1_HSPA1A	3.61	1.85	2.15E-09	2.03E-02	No	No	No	No	No
EGFRNetmtKRAS-Hi	RPS6KA1	HSP90AA1	Q15418	P07900	RPS6KA1_HSP90AA1	6.76	2.76	8.38E-10	1.16E-03	No	No	No	Yes	No
EGFRNetmtKRAS-Hi	RPS6KA2	RPS6KA1	Q15349	Q15418	RPS6KA2_RPS6KA1	3.34	1.74	1.56E-06	2.04E-02	No	No	No	Yes	No
EGFRNetmtKRAS-Hi	RPS6KA2	RPS6KA2	Q15349	Q15349	RPS6KA2_RPS6KA2	3.98	1.99	1.46E-10	1.00E-02	No	No	No	Yes	No
EGFRNetmtKRAS-Hi	RPS6KA2	RPS15	Q15349	P62841	RPS6KA2_RPS15	2.65	1.41	4.91E-03	4.63E-02	No	No	No	No	No
EGFRNetmtKRAS-Hi	RPS6KA2	RPS6KA3	Q15349	P51812	RPS6KA2_RPS6KA3	2.66	1.41	1.11E-03	4.57E-02	No	No	No	Yes	No
EGFRNetmtKRAS-Hi	RPS6KA3	HIST3H2A	P51812	Q7L7L0	RPS6KA3_HIST3H2A	1.60	0.68	1.74E-02	1.83E-02	No	No	No	No	No
EGFRNetmtKRAS-Hi	RPS6KA3	HIST1H2AB	P51812	P04908	RPS6KA3_HIST1H2AB	1.60	0.68	1.74E-02	1.83E-02	No	No	No	No	No
EGFRNetmtKRAS-Hi	RPS6KA3	HIST1H2AC	P51812	Q93077	RPS6KA3_HIST1H2AC	1.60	0.68	1.74E-02	1.83E-02	No	No	No	No	No
EGFRNetmtKRAS-Hi	RPS6KA3	HSPH1	P51812	Q92598	RPS6KA3_HSPH1	1.46	0.54	6.02E-03	4.83E-02	No	No	No	No	No
EGFRNetmtKRAS-Hi	RPS6KA3	KIAA1967	P51812	Q8N163	RPS6KA3_KIAA1967	1.65	0.72	2.12E-03	1.33E-02	Yes	No	No	No	No
EGFRNetmtKRAS-Hi	RPS6KA3	H3F3C	P51812	Q6NXT2	RPS6KA3_H3F3C	1.67	0.74	4.15E-02	1.16E-02	No	No	No	No	No
EGFRNetmtKRAS-Hi	RPS6KA3	HIST3H3	P51812	Q16695	RPS6KA3_HIST3H3	1.67	0.74	4.15E-02	1.16E-02	No	No	No	Yes	No
EGFRNetmtKRAS-Hi	RPS6KA3	H3F3A	P51812	P84243	RPS6KA3_H3F3A	1.67	0.74	4.15E-02	1.16E-02	No	No	No	No	No
EGFRNetmtKRAS-Hi	RPS6KA3	HIST1H3A	P51812	P68431	RPS6KA3_HIST1H3A	1.67	0.74	4.15E-02	1.16E-02	No	No	No	Yes	No
EGFRNetmtKRAS-Hi	RPS6KA3	HIST2H3A	P51812	Q71DI3	RPS6KA3_HIST2H3A	1.67	0.74	4.15E-02	1.16E-02	No	No	No	No	No
EGFRNetmtKRAS-Hi	RPS6KA3	HSP90AB2P	P51812	Q58FF8	RPS6KA3_HSP90AB2P	1.77	0.82	1.07E-05	5.81E-03	No	No	No	No	No
EGFRNetmtKRAS-Hi	RPS6KA3	CDC37	P51812	Q16543	RPS6KA3_CDC37	3.11	1.64	2.07E-05	2.10E-07	No	No	No	Yes	No
EGFRNetmtKRAS-Hi	RPS6KA3	SF3B4	P51812	Q15427	RPS6KA3_SF3B4	1.79	0.84	1.89E-02	4.76E-03	No	No	No	No	No
EGFRNetmtKRAS-Hi	RPS6KA3	RPS6KA1	P51812	Q15418	RPS6KA3_RPS6KA1	16.65	4.06	1.03E-10	1.42E-36	No	No	No	Yes	No
EGFRNetmtKRAS-Hi	RPS6KA3	RBBP4	P51812	Q09028	RPS6KA3_RBBP4	1.60	0.68	3.96E-02	1.88E-02	No	No	No	No	No
EGFRNetmtKRAS-Hi	RPS6KA3	HNRNPU	P51812	Q00839	RPS6KA3_HNRNPU	1.48	0.56	1.34E-02	4.29E-02	No	No	No	No	No
EGFRNetmtKRAS-Hi	RPS6KA3	CSNK2A3 	P51812	Q8NEV1	RPS6KA3_CSNK2A3	1.58	0.66	2.04E-05	2.11E-02	No	No	No	No	No
EGFRNetmtKRAS-Hi	RPS6KA3	CSNK2A1	P51812	P68400	RPS6KA3_CSNK2A1	1.58	0.66	2.04E-05	2.11E-02	No	No	No	No	No
EGFRNetmtKRAS-Hi	RPS6KA3	CSNK2B	P51812	P67870	RPS6KA3_CSNK2B	11.75	3.55	1.96E-10	1.64E-28	No	No	No	Yes	No
EGFRNetmtKRAS-Hi	RPS6KA3	HIST1H4A	P51812	P62805	RPS6KA3_HIST1H4A	1.70	0.77	1.27E-02	9.27E-03	No	No	No	No	No
EGFRNetmtKRAS-Hi	RPS6KA3	PRPS1	P51812	P60891	RPS6KA3_PRPS1	1.78	0.83	4.17E-03	5.23E-03	Yes	No	No	No	No
EGFRNetmtKRAS-Hi	RPS6KA3	HNRNPM	P51812	P52272	RPS6KA3_HNRNPM	1.78	0.83	3.01E-03	5.39E-03	No	No	No	No	No
EGFRNetmtKRAS-Hi	RPS6KA3	RPS6KA3	P51812	P51812	RPS6KA3_RPS6KA3	14.62	3.87	2.83E-11	1.90E-33	No	No	No	Yes	No
EGFRNetmtKRAS-Hi	RPS6KA3	HSPA9	P51812	P38646	RPS6KA3_HSPA9	1.64	0.72	5.40E-07	1.39E-02	No	No	No	No	No
EGFRNetmtKRAS-Hi	RPS6KA3	HIST1H2BJ	P51812	P06899	RPS6KA3_HIST1H2BJ	1.58	0.66	6.88E-03	2.20E-02	No	No	No	No	No
EGFRNetmtKRAS-Hi	RPS6KA3	HIST2H2BE	P51812	Q16778	RPS6KA3_HIST2H2BE	1.58	0.66	6.88E-03	2.20E-02	No	No	No	No	No
EGFRNetmtKRAS-Hi	RPS6KA3	HIST1H2BB	P51812	P33778	RPS6KA3_HIST1H2BB	1.58	0.66	6.88E-03	2.20E-02	No	No	No	No	No
EGFRNetmtKRAS-Hi	RPS6KA3	HIST1H2BO	P51812	P23527	RPS6KA3_HIST1H2BO	1.58	0.66	6.88E-03	2.20E-02	No	No	No	No	No
EGFRNetmtKRAS-Hi	RPS6KA3	NCL	P51812	P19338	RPS6KA3_NCL	1.46	0.55	1.15E-03	4.74E-02	No	No	No	No	No
EGFRNetmtKRAS-Hi	RPS6KA3	HMGA1	P51812	P17096	RPS6KA3_HMGA1	2.01	1.01	4.97E-02	9.83E-04	No	No	No	No	No
EGFRNetmtKRAS-Hi	RPS6KA3	HSPA6	P51812	P17066	RPS6KA3_HSPA6	4.06	2.02	4.72E-03	1.97E-10	No	No	No	No	No
EGFRNetmtKRAS-Hi	RPS6KA3	HSPA8	P51812	P11142	RPS6KA3_HSPA8	5.06	2.34	3.41E-12	2.28E-13	No	No	No	Yes	No
EGFRNetmtKRAS-Hi	RPS6KA3	HSPA5	P51812	P11021	RPS6KA3_HSPA5	3.15	1.66	2.34E-10	1.52E-07	No	No	No	No	No
EGFRNetmtKRAS-Hi	RPS6KA3	HIST1H1D	P51812	P16402	RPS6KA3_HIST1H1D	1.88	0.91	1.07E-02	2.53E-03	No	No	No	No	No
EGFRNetmtKRAS-Hi	RPS6KA3	HIST1H1E	P51812	P10412	RPS6KA3_HIST1H1E	1.88	0.91	1.07E-02	2.53E-03	No	No	No	No	No
EGFRNetmtKRAS-Hi	RPS6KA3	HNRNPA1L2	P51812	Q32P51	RPS6KA3_HNRNPA1L2	1.74	0.80	2.82E-03	7.17E-03	No	No	No	No	No
EGFRNetmtKRAS-Hi	RPS6KA3	HNRNPA1	P51812	P09651	RPS6KA3_HNRNPA1	1.74	0.80	2.82E-03	7.17E-03	No	No	No	No	No
EGFRNetmtKRAS-Hi	RPS6KA3	HSP90AB1	P51812	P08238	RPS6KA3_HSP90AB1	2.90	1.54	2.61E-10	1.02E-06	No	No	No	Yes	No
EGFRNetmtKRAS-Hi	RPS6KA3	HSPA1A	P51812	P08107	RPS6KA3_HSPA1A	2.67	1.42	2.68E-10	6.06E-06	No	No	No	No	No
EGFRNetmtKRAS-Hi	RPS6KA3	HSP90AA1	P51812	P07900	RPS6KA3_HSP90AA1	3.07	1.62	2.41E-09	3.00E-07	No	No	No	Yes	No
EGFRNetmtKRAS-Hi	RPS6KA3	NPM1	P51812	P06748	RPS6KA3_NPM1	1.85	0.89	1.42E-02	3.12E-03	No	No	No	No	No
EGFRNetmtKRAS-Hi	RPS6KA3	HSPB1	P51812	P04792	RPS6KA3_HSPB1	1.79	0.84	6.61E-03	4.80E-03	No	No	No	No	No
EGFRNetmtKRAS-Hi	RPS6KA3	BAG2	P51812	O95816	RPS6KA3_BAG2	2.23	1.16	1.11E-05	1.78E-04	No	No	No	No	No
EGFRNetmtKRAS-Hi	SH2D3C	SLC4A7	Q8N5H7	Q9Y6M7	SH2D3C_SLC4A7	1.65	0.72	3.23E-02	4.64E-03	No	No	No	No	No
EGFRNetmtKRAS-Hi	SH2D3C	NOC2L	Q8N5H7	Q9Y3T9	SH2D3C_NOC2L	1.39	0.47	2.02E-04	4.40E-02	Yes	No	No	No	No
EGFRNetmtKRAS-Hi	SH2D3C	DIS3	Q8N5H7	Q9Y2L1	SH2D3C_DIS3	1.85	0.89	5.23E-03	6.29E-04	No	No	No	No	No
EGFRNetmtKRAS-Hi	SH2D3C	HPS5	Q8N5H7	Q9UPZ3	SH2D3C_HPS5	1.58	0.66	1.10E-02	8.64E-03	Yes	No	No	No	No
EGFRNetmtKRAS-Hi	SH2D3C	ACSL5	Q8N5H7	Q9ULC5	SH2D3C_ACSL5	4.44	2.15	1.37E-02	3.28E-15	Yes	No	No	No	No
EGFRNetmtKRAS-Hi	SH2D3C	GTF3C4	Q8N5H7	Q9UKN8	SH2D3C_GTF3C4	1.38	0.46	1.82E-02	4.69E-02	No	No	No	No	No
EGFRNetmtKRAS-Hi	SH2D3C	STK39	Q8N5H7	Q9UEW8	SH2D3C_STK39	1.46	0.55	6.22E-03	2.35E-02	Yes	No	No	No	No
EGFRNetmtKRAS-Hi	SH2D3C	WNT16	Q8N5H7	Q9UBV4	SH2D3C_WNT16	2.16	1.11	8.67E-03	2.76E-05	Yes	No	No	No	No
EGFRNetmtKRAS-Hi	SH2D3C	STIM2	Q8N5H7	Q9P246	SH2D3C_STIM2	1.42	0.51	3.25E-03	3.29E-02	Yes	No	No	No	No
EGFRNetmtKRAS-Hi	SH2D3C	EHD2	Q8N5H7	Q9NZN4	SH2D3C_EHD2	1.91	0.94	2.67E-04	3.54E-04	Yes	No	No	No	No
EGFRNetmtKRAS-Hi	SH2D3C	CISD1	Q8N5H7	Q9NZ45	SH2D3C_CISD1	1.56	0.65	4.22E-02	9.75E-03	Yes	No	No	No	No
EGFRNetmtKRAS-Hi	SH2D3C	FASTKD2	Q8N5H7	Q9NYY8	SH2D3C_FASTKD2	1.66	0.73	8.68E-03	3.99E-03	Yes	No	No	No	No
EGFRNetmtKRAS-Hi	SH2D3C	CLN6	Q8N5H7	Q9NWW5	SH2D3C_CLN6	1.49	0.57	2.72E-05	1.89E-02	Yes	No	No	No	No
EGFRNetmtKRAS-Hi	SH2D3C	FARSB	Q8N5H7	Q9NSD9	SH2D3C_FARSB	3.26	1.70	3.86E-02	3.38E-10	Yes	No	No	No	No
EGFRNetmtKRAS-Hi	SH2D3C	AGPAT4	Q8N5H7	Q9NRZ5	SH2D3C_AGPAT4	1.82	0.86	4.13E-02	9.00E-04	Yes	No	No	No	No
EGFRNetmtKRAS-Hi	SH2D3C	TIMMDC1	Q8N5H7	Q9NPL8	SH2D3C_TIMMDC1	1.48	0.57	8.97E-04	2.01E-02	No	No	No	No	No
EGFRNetmtKRAS-Hi	SH2D3C	GRPEL1	Q8N5H7	Q9HAV7	SH2D3C_GRPEL1	1.43	0.52	1.27E-03	3.02E-02	No	No	No	No	No
EGFRNetmtKRAS-Hi	SH2D3C	WDR13	Q8N5H7	Q9H1Z4	SH2D3C_WDR13	1.54	0.63	1.01E-02	1.18E-02	No	No	No	No	No
EGFRNetmtKRAS-Hi	SH2D3C	TMEM126A	Q8N5H7	Q9H061	SH2D3C_TMEM126A	1.86	0.90	2.34E-02	5.94E-04	Yes	No	No	No	No
EGFRNetmtKRAS-Hi	SH2D3C	OSBPL8	Q8N5H7	Q9BZF1	SH2D3C_OSBPL8	1.39	0.47	8.09E-06	4.43E-02	No	No	No	No	No
EGFRNetmtKRAS-Hi	SH2D3C	EIF2A	Q8N5H7	Q9BY44	SH2D3C_EIF2A	1.58	0.66	4.65E-02	8.67E-03	No	No	No	No	No
EGFRNetmtKRAS-Hi	SH2D3C	TBCD	Q8N5H7	Q9BTW9	SH2D3C_TBCD	1.44	0.52	2.96E-04	2.91E-02	Yes	No	No	No	No
EGFRNetmtKRAS-Hi	SH2D3C	SDF4	Q8N5H7	Q9BRK5	SH2D3C_SDF4	1.48	0.57	1.23E-02	2.01E-02	No	No	No	No	No
EGFRNetmtKRAS-Hi	SH2D3C	SLC29A1	Q8N5H7	Q99808	SH2D3C_SLC29A1	1.49	0.58	1.34E-04	1.82E-02	No	No	No	No	No
EGFRNetmtKRAS-Hi	SH2D3C	UHRF1	Q8N5H7	Q96T88	SH2D3C_UHRF1	1.51	0.59	2.36E-07	1.60E-02	Yes	No	No	No	No
EGFRNetmtKRAS-Hi	SH2D3C	ERGIC2	Q8N5H7	Q96RQ1	SH2D3C_ERGIC2	1.42	0.51	4.17E-02	3.27E-02	No	No	No	No	No
EGFRNetmtKRAS-Hi	SH2D3C	ABHD14B	Q8N5H7	Q96IU4	SH2D3C_ABHD14B	1.38	0.47	1.80E-04	4.57E-02	No	No	No	No	No
EGFRNetmtKRAS-Hi	SH2D3C	PDLIM5	Q8N5H7	Q96HC4	SH2D3C_PDLIM5	2.24	1.16	5.52E-03	1.25E-05	Yes	No	No	No	No
EGFRNetmtKRAS-Hi	SH2D3C	TLCD1	Q8N5H7	Q96CP7	SH2D3C_TLCD1	1.58	0.66	1.34E-02	8.30E-03	No	No	No	No	No
EGFRNetmtKRAS-Hi	SH2D3C	EXOC4	Q8N5H7	Q96A65	SH2D3C_EXOC4	1.40	0.49	1.40E-03	3.79E-02	No	No	No	No	No
EGFRNetmtKRAS-Hi	SH2D3C	NDRG1	Q8N5H7	Q92597	SH2D3C_NDRG1	2.23	1.16	1.35E-06	1.40E-05	Yes	No	No	No	No
EGFRNetmtKRAS-Hi	SH2D3C	AP3S1	Q8N5H7	Q92572	SH2D3C_AP3S1	1.66	0.73	8.01E-04	4.20E-03	Yes	No	No	No	No
EGFRNetmtKRAS-Hi	SH2D3C	PTCD2	Q8N5H7	Q8WV60	SH2D3C_PTCD2	1.39	0.47	6.86E-04	4.35E-02	No	No	No	No	No
EGFRNetmtKRAS-Hi	SH2D3C	IPO4	Q8N5H7	Q8TEX9	SH2D3C_IPO4	1.40	0.48	1.03E-03	4.01E-02	No	No	No	No	No
EGFRNetmtKRAS-Hi	SH2D3C	GEMIN5	Q8N5H7	Q8TEQ6	SH2D3C_GEMIN5	1.95	0.96	1.69E-02	2.46E-04	Yes	No	No	No	No
EGFRNetmtKRAS-Hi	SH2D3C	CEP192	Q8N5H7	Q8TEP8	SH2D3C_CEP192	1.89	0.92	1.89E-02	4.42E-04	Yes	No	No	No	No
EGFRNetmtKRAS-Hi	SH2D3C	SLC25A40	Q8N5H7	Q8TBP6	SH2D3C_SLC25A40	1.57	0.65	3.80E-02	9.61E-03	No	No	No	No	No
EGFRNetmtKRAS-Hi	SH2D3C	ADCK3	Q8N5H7	Q8NI60	SH2D3C_ADCK3	1.66	0.73	7.79E-05	4.15E-03	Yes	No	No	No	No
EGFRNetmtKRAS-Hi	SH2D3C	HSD17B11	Q8N5H7	Q8NBQ5	SH2D3C_HSD17B11	1.87	0.91	8.44E-03	5.17E-04	Yes	No	No	No	No
EGFRNetmtKRAS-Hi	SH2D3C	SLC43A3	Q8N5H7	Q8NBI5	SH2D3C_SLC43A3	1.41	0.50	3.91E-02	3.57E-02	No	No	No	No	No
EGFRNetmtKRAS-Hi	SH2D3C	SH2D3C	Q8N5H7	Q8N5H7	SH2D3C_SH2D3C	10.57	3.40	1.22E-07	3.48E-35	Yes	No	No	No	No
EGFRNetmtKRAS-Hi	SH2D3C	SRBD1	Q8N5H7	Q8N5C6	SH2D3C_SRBD1	1.50	0.59	2.33E-02	1.69E-02	No	No	No	No	No
EGFRNetmtKRAS-Hi	SH2D3C	KIAA2013	Q8N5H7	Q8IYS2	SH2D3C_KIAA2013	1.38	0.46	1.05E-02	4.69E-02	No	No	No	No	No
EGFRNetmtKRAS-Hi	SH2D3C	MINA	Q8N5H7	Q8IUF8	SH2D3C_MINA	1.54	0.63	6.66E-03	1.18E-02	Yes	No	No	No	No
EGFRNetmtKRAS-Hi	SH2D3C	HEATR2	Q8N5H7	Q86Y56	SH2D3C_HEATR2	1.38	0.46	4.49E-04	4.79E-02	Yes	No	No	No	No
EGFRNetmtKRAS-Hi	SH2D3C	PARS2	Q8N5H7	Q7L3T8	SH2D3C_PARS2	1.41	0.50	9.43E-04	3.55E-02	Yes	No	No	No	No
EGFRNetmtKRAS-Hi	SH2D3C	ARMC6	Q8N5H7	Q6NXE6	SH2D3C_ARMC6	1.44	0.53	9.95E-03	2.82E-02	No	No	No	No	No
EGFRNetmtKRAS-Hi	SH2D3C	TBC1D9B	Q8N5H7	Q66K14	SH2D3C_TBC1D9B	1.56	0.64	1.03E-02	1.05E-02	No	No	No	No	No
EGFRNetmtKRAS-Hi	SH2D3C	LRRC16A	Q8N5H7	Q5VZK9	SH2D3C_LRRC16A	1.38	0.46	1.81E-02	4.67E-02	No	No	No	No	No
EGFRNetmtKRAS-Hi	SH2D3C	RIF1	Q8N5H7	Q5UIP0	SH2D3C_RIF1	1.49	0.58	4.18E-02	1.80E-02	Yes	No	No	No	No
EGFRNetmtKRAS-Hi	SH2D3C	GLYR1	Q8N5H7	Q49A26	SH2D3C_GLYR1	1.62	0.69	1.56E-02	6.01E-03	Yes	No	No	No	No
EGFRNetmtKRAS-Hi	SH2D3C	TRIP6	Q8N5H7	Q15654	SH2D3C_TRIP6	2.50	1.32	6.82E-04	8.12E-07	No	No	No	No	No
EGFRNetmtKRAS-Hi	SH2D3C	PON2	Q8N5H7	Q15165	SH2D3C_PON2	1.44	0.53	6.57E-04	2.74E-02	No	No	No	No	No
EGFRNetmtKRAS-Hi	SH2D3C	UBE4A	Q8N5H7	Q14139	SH2D3C_UBE4A	1.63	0.71	2.42E-03	5.13E-03	No	No	No	No	No
EGFRNetmtKRAS-Hi	SH2D3C	ALCAM	Q8N5H7	Q13740	SH2D3C_ALCAM	1.46	0.55	3.53E-02	2.38E-02	Yes	No	No	No	No
EGFRNetmtKRAS-Hi	SH2D3C	RIN1	Q8N5H7	Q13671	SH2D3C_RIN1	1.64	0.71	1.67E-08	4.91E-03	No	No	No	No	No
EGFRNetmtKRAS-Hi	SH2D3C	CAMK2D	Q8N5H7	Q13557	SH2D3C_CAMK2D	1.52	0.60	8.19E-08	1.47E-02	Yes	No	No	No	No
EGFRNetmtKRAS-Hi	SH2D3C	MALL	Q8N5H7	Q13021	SH2D3C_MALL	1.59	0.66	5.61E-03	8.03E-03	Yes	No	No	No	No
EGFRNetmtKRAS-Hi	SH2D3C	TRAF2	Q8N5H7	Q12933	SH2D3C_TRAF2	1.53	0.61	1.43E-03	1.31E-02	Yes	No	No	No	No
EGFRNetmtKRAS-Hi	SH2D3C	CDC20	Q8N5H7	Q12834	SH2D3C_CDC20	1.40	0.48	2.64E-03	3.99E-02	No	No	No	No	No
EGFRNetmtKRAS-Hi	SH2D3C	POLE	Q8N5H7	Q07864	SH2D3C_POLE	1.41	0.50	2.17E-04	3.50E-02	Yes	No	No	No	No
EGFRNetmtKRAS-Hi	SH2D3C	AKAP12	Q8N5H7	Q02952	SH2D3C_AKAP12	1.51	0.59	1.93E-02	1.60E-02	Yes	No	No	No	No
EGFRNetmtKRAS-Hi	SH2D3C	SRSF2	Q8N5H7	Q01130	SH2D3C_SRSF2	1.49	0.57	4.37E-02	1.92E-02	No	No	No	No	No
EGFRNetmtKRAS-Hi	SH2D3C	ADK	Q8N5H7	P55263	SH2D3C_ADK	1.39	0.47	1.08E-02	4.36E-02	Yes	No	No	No	No
EGFRNetmtKRAS-Hi	SH2D3C	ALDH18A1	Q8N5H7	P54886	SH2D3C_ALDH18A1	1.38	0.47	2.63E-05	4.52E-02	Yes	No	No	No	No
EGFRNetmtKRAS-Hi	SH2D3C	SUCLG1	Q8N5H7	P53597	SH2D3C_SUCLG1	1.47	0.56	1.08E-05	2.13E-02	No	No	No	No	No
EGFRNetmtKRAS-Hi	SH2D3C	DEK	Q8N5H7	P35659	SH2D3C_DEK	1.37	0.46	8.09E-08	4.83E-02	No	No	No	No	No
EGFRNetmtKRAS-Hi	SH2D3C	PYCR1	Q8N5H7	P32322	SH2D3C_PYCR1	1.45	0.54	1.56E-06	2.57E-02	No	No	No	No	No
EGFRNetmtKRAS-Hi	SH2D3C	SSFA2	Q8N5H7	P28290	SH2D3C_SSFA2	1.42	0.50	1.94E-02	3.44E-02	Yes	No	No	No	No
EGFRNetmtKRAS-Hi	SH2D3C	POLR2A	Q8N5H7	P24928	SH2D3C_POLR2A	1.38	0.47	4.69E-03	4.56E-02	No	No	No	No	No
EGFRNetmtKRAS-Hi	SH2D3C	ACAT1	Q8N5H7	P24752	SH2D3C_ACAT1	1.68	0.75	3.22E-03	3.33E-03	No	No	No	No	No
EGFRNetmtKRAS-Hi	SH2D3C	GART	Q8N5H7	P22102	SH2D3C_GART	1.47	0.55	1.16E-03	2.24E-02	Yes	No	No	No	No
EGFRNetmtKRAS-Hi	SH2D3C	COMT	Q8N5H7	P21964	SH2D3C_COMT	1.40	0.49	7.54E-03	3.87E-02	No	No	No	No	No
EGFRNetmtKRAS-Hi	SH2D3C	PTPRF	Q8N5H7	P10586	SH2D3C_PTPRF	2.02	1.02	4.99E-02	1.18E-04	Yes	No	No	No	No
EGFRNetmtKRAS-Hi	SH2D3C	GSN	Q8N5H7	P06396	SH2D3C_GSN	1.45	0.53	1.20E-02	2.66E-02	No	No	No	No	No
EGFRNetmtKRAS-Hi	SH2D3C	LDLR	Q8N5H7	P01130	SH2D3C_LDLR	1.45	0.53	1.63E-02	2.65E-02	Yes	No	No	No	No
EGFRNetmtKRAS-Hi	SH2D3C	PGM3	Q8N5H7	O95394	SH2D3C_PGM3	1.46	0.54	2.44E-03	2.47E-02	No	No	No	No	No
EGFRNetmtKRAS-Hi	SH2D3C	POP7	Q8N5H7	O75817	SH2D3C_POP7	1.63	0.70	2.06E-02	5.46E-03	No	No	No	No	No
EGFRNetmtKRAS-Hi	SH2D3C	SLC25A12	Q8N5H7	O75746	SH2D3C_SLC25A12	1.46	0.55	1.91E-03	2.36E-02	No	No	No	No	No
EGFRNetmtKRAS-Hi	SH2D3C	IGF2BP3	Q8N5H7	O00425	SH2D3C_IGF2BP3	1.41	0.50	6.66E-03	3.59E-02	Yes	No	No	No	No
EGFRNetmtKRAS-Hi	SH2D3C	TMEM14B	Q8N5H7	Q9NUH8	SH2D3C_TMEM14B	1.44	0.52	5.50E-03	2.87E-02	Yes	No	No	No	No
EGFRNetmtKRAS-Hi	SH2D3C	TMEM14D	Q8N5H7	A8MWL7	SH2D3C_TMEM14D	1.44	0.52	5.50E-03	2.87E-02	No	No	No	No	No
EGFRNetmtKRAS-Hi	SH3BGRL	IVNS1ABP	O75368	Q9Y6Y0	SH3BGRL_IVNS1ABP	1.60	0.68	8.18E-03	5.68E-03	Yes	No	No	No	No
EGFRNetmtKRAS-Hi	SH3BGRL	MTCH2	O75368	Q9Y6C9	SH3BGRL_MTCH2	1.54	0.62	3.77E-02	1.02E-02	Yes	No	No	No	No
EGFRNetmtKRAS-Hi	SH3BGRL	RUVBL1	O75368	Q9Y265	SH3BGRL_RUVBL1	1.60	0.68	5.30E-03	5.63E-03	Yes	No	No	No	No
EGFRNetmtKRAS-Hi	SH3BGRL	MYO6	O75368	Q9UM54	SH3BGRL_MYO6	2.86	1.52	1.34E-02	1.30E-08	Yes	No	No	No	No
EGFRNetmtKRAS-Hi	SH3BGRL	CORO1C	O75368	Q9ULV4	SH3BGRL_CORO1C	4.58	2.20	2.99E-11	5.34E-16	No	No	No	No	No
EGFRNetmtKRAS-Hi	SH3BGRL	MYO5B	O75368	Q9ULV0	SH3BGRL_MYO5B	1.95	0.97	6.48E-06	1.79E-04	No	No	No	No	No
EGFRNetmtKRAS-Hi	SH3BGRL	LIMA1	O75368	Q9UHB6	SH3BGRL_LIMA1	2.62	1.39	7.48E-06	1.75E-07	No	No	No	No	No
EGFRNetmtKRAS-Hi	SH3BGRL	STK39	O75368	Q9UEW8	SH3BGRL_STK39	1.80	0.85	3.97E-02	8.55E-04	Yes	No	No	No	No
EGFRNetmtKRAS-Hi	SH3BGRL	TMEM14C	O75368	Q9P0S9	SH3BGRL_TMEM14C	1.78	0.84	6.62E-03	9.87E-04	No	No	No	No	No
EGFRNetmtKRAS-Hi	SH3BGRL	TMOD3	O75368	Q9NYL9	SH3BGRL_TMOD3	3.38	1.76	1.48E-09	6.29E-11	No	No	No	No	No
EGFRNetmtKRAS-Hi	SH3BGRL	DDX19B	O75368	Q9NUU7	SH3BGRL_DDX19B	1.36	0.44	3.03E-02	4.83E-02	No	No	No	No	No
EGFRNetmtKRAS-Hi	SH3BGRL	DDX25	O75368	Q9UHL0	SH3BGRL_DDX25	1.36	0.44	3.03E-02	4.83E-02	No	No	No	No	No
EGFRNetmtKRAS-Hi	SH3BGRL	DDX19A	O75368	Q9UMR2	SH3BGRL_DDX19A	1.36	0.44	3.03E-02	4.83E-02	No	No	No	No	No
EGFRNetmtKRAS-Hi	SH3BGRL	MYO5C	O75368	Q9NQX4	SH3BGRL_MYO5C	3.86	1.95	9.70E-04	5.38E-13	Yes	No	No	No	No
EGFRNetmtKRAS-Hi	SH3BGRL	SFXN1	O75368	Q9H9B4	SH3BGRL_SFXN1	1.66	0.73	1.42E-02	3.35E-03	No	No	No	No	No
EGFRNetmtKRAS-Hi	SH3BGRL	CORO1B	O75368	Q9BR76	SH3BGRL_CORO1B	3.70	1.89	1.91E-06	2.49E-12	No	No	No	No	No
EGFRNetmtKRAS-Hi	SH3BGRL	TUBA1C	O75368	Q9BQE3	SH3BGRL_TUBA1C	1.50	0.58	1.98E-02	1.47E-02	No	No	No	No	No
EGFRNetmtKRAS-Hi	SH3BGRL	ARPC5L	O75368	Q9BPX5	SH3BGRL_ARPC5L	3.37	1.75	1.68E-05	6.81E-11	No	No	No	No	No
EGFRNetmtKRAS-Hi	SH3BGRL	PGAM5	O75368	Q96HS1	SH3BGRL_PGAM5	1.49	0.58	6.78E-03	1.55E-02	Yes	No	No	No	No
EGFRNetmtKRAS-Hi	SH3BGRL	SH3KBP1	O75368	Q96B97	SH3BGRL_SH3KBP1	4.81	2.27	2.36E-02	6.23E-17	Yes	No	No	No	No
EGFRNetmtKRAS-Hi	SH3BGRL	CORO2A	O75368	Q92828	SH3BGRL_CORO2A	2.81	1.49	1.47E-03	2.20E-08	No	No	No	No	No
EGFRNetmtKRAS-Hi	SH3BGRL	ARPC1A	O75368	Q92747	SH3BGRL_ARPC1A	4.07	2.03	8.90E-04	6.68E-14	No	No	No	No	No
EGFRNetmtKRAS-Hi	SH3BGRL	HSPH1	O75368	Q92598	SH3BGRL_HSPH1	1.60	0.68	3.22E-02	5.75E-03	Yes	No	No	No	No
EGFRNetmtKRAS-Hi	SH3BGRL	TWF2	O75368	Q6IBS0	SH3BGRL_TWF2	1.77	0.83	3.77E-02	1.11E-03	No	No	No	No	No
EGFRNetmtKRAS-Hi	SH3BGRL	ACTBL2	O75368	Q562R1	SH3BGRL_ACTBL2	2.87	1.52	4.23E-03	1.19E-08	No	No	No	No	No
EGFRNetmtKRAS-Hi	SH3BGRL	DBN1	O75368	Q16643	SH3BGRL_DBN1	3.68	1.88	4.74E-03	3.10E-12	No	No	No	No	No
EGFRNetmtKRAS-Hi	SH3BGRL	PRPSAP1	O75368	Q14558	SH3BGRL_PRPSAP1	1.43	0.52	1.55E-03	2.63E-02	Yes	No	No	No	No
EGFRNetmtKRAS-Hi	SH3BGRL	CTTN	O75368	Q14247	SH3BGRL_CTTN	1.87	0.91	1.60E-03	4.09E-04	No	No	No	No	No
EGFRNetmtKRAS-Hi	SH3BGRL	SQSTM1	O75368	Q13501	SH3BGRL_SQSTM1	1.39	0.48	1.03E-04	3.66E-02	No	No	No	No	No
EGFRNetmtKRAS-Hi	SH3BGRL	FLII	O75368	Q13045	SH3BGRL_FLII	1.87	0.90	4.83E-04	4.38E-04	No	No	No	No	No
EGFRNetmtKRAS-Hi	SH3BGRL	TWF1	O75368	Q12792	SH3BGRL_TWF1	3.42	1.77	6.03E-08	4.34E-11	No	No	No	No	No
EGFRNetmtKRAS-Hi	SH3BGRL	SLC25A3	O75368	Q00325	SH3BGRL_SLC25A3	1.72	0.78	5.52E-04	1.84E-03	Yes	No	No	No	No
EGFRNetmtKRAS-Hi	SH3BGRL	TUBB4B	O75368	P68371	SH3BGRL_TUBB4B	1.36	0.44	2.31E-02	4.77E-02	No	No	No	No	No
EGFRNetmtKRAS-Hi	SH3BGRL	ACTG1	O75368	P63261	SH3BGRL_ACTG1	3.00	1.59	4.67E-10	3.00E-09	No	No	No	No	No
EGFRNetmtKRAS-Hi	SH3BGRL	RPS27A	O75368	P62979	SH3BGRL_RPS27A	1.38	0.47	2.14E-02	3.86E-02	No	No	No	No	No
EGFRNetmtKRAS-Hi	SH3BGRL	ACTR2	O75368	P61160	SH3BGRL_ACTR2	2.36	1.24	1.03E-05	2.76E-06	No	No	No	No	No
EGFRNetmtKRAS-Hi	SH3BGRL	ACTR3	O75368	P61158	SH3BGRL_ACTR3	3.05	1.61	1.88E-06	1.86E-09	No	No	No	No	No
EGFRNetmtKRAS-Hi	SH3BGRL	DSTN	O75368	P60981	SH3BGRL_DSTN	2.21	1.14	1.76E-04	1.32E-05	No	No	No	No	No
EGFRNetmtKRAS-Hi	SH3BGRL	PRPS1	O75368	P60891	SH3BGRL_PRPS1	1.39	0.48	9.42E-04	3.66E-02	Yes	No	No	No	No
EGFRNetmtKRAS-Hi	SH3BGRL	ACTB	O75368	P60709	SH3BGRL_ACTB	2.75	1.46	6.42E-10	4.13E-08	No	No	No	No	No
EGFRNetmtKRAS-Hi	SH3BGRL	ARPC4	O75368	P59998	SH3BGRL_ARPC4	3.31	1.73	9.38E-06	1.30E-10	No	No	No	No	No
EGFRNetmtKRAS-Hi	SH3BGRL	ATP5J2	O75368	P56134	SH3BGRL_ATP5J2	1.37	0.45	1.39E-02	4.38E-02	No	No	No	No	No
EGFRNetmtKRAS-Hi	SH3BGRL	SLC25A1	O75368	P53007	SH3BGRL_SLC25A1	1.61	0.69	1.34E-02	5.10E-03	No	No	No	No	No
EGFRNetmtKRAS-Hi	SH3BGRL	CAPZA1	O75368	P52907	SH3BGRL_CAPZA1	3.48	1.80	4.97E-10	2.20E-11	No	No	No	No	No
EGFRNetmtKRAS-Hi	SH3BGRL	HNRNPM	O75368	P52272	SH3BGRL_HNRNPM	1.72	0.78	1.23E-05	1.81E-03	No	No	No	No	No
EGFRNetmtKRAS-Hi	SH3BGRL	CAPZB	O75368	P47756	SH3BGRL_CAPZB	4.09	2.03	1.40E-10	5.45E-14	No	No	No	No	No
EGFRNetmtKRAS-Hi	SH3BGRL	CAPZA2	O75368	P47755	SH3BGRL_CAPZA2	3.61	1.85	6.42E-10	6.23E-12	No	No	No	No	No
EGFRNetmtKRAS-Hi	SH3BGRL	HSPA4	O75368	P34932	SH3BGRL_HSPA4	1.42	0.51	1.70E-04	2.82E-02	No	No	No	No	No
EGFRNetmtKRAS-Hi	SH3BGRL	ALDH1B1	O75368	P30837	SH3BGRL_ALDH1B1	1.65	0.73	3.21E-02	3.49E-03	No	No	No	No	No
EGFRNetmtKRAS-Hi	SH3BGRL	CAD	O75368	P27708	SH3BGRL_CAD	1.79	0.84	4.34E-04	9.63E-04	No	No	No	No	No
EGFRNetmtKRAS-Hi	SH3BGRL	CFL1	O75368	P23528	SH3BGRL_CFL1	1.79	0.84	6.74E-05	9.60E-04	No	No	No	No	No
EGFRNetmtKRAS-Hi	SH3BGRL	VDAC1	O75368	P21796	SH3BGRL_VDAC1	1.69	0.76	4.55E-03	2.40E-03	No	No	No	No	No
EGFRNetmtKRAS-Hi	SH3BGRL	ELK1	O75368	P19419	SH3BGRL_ELK1	7.48	2.90	2.80E-02	1.79E-26	No	No	No	No	No
EGFRNetmtKRAS-Hi	SH3BGRL	ATP2A1	O75368	O14983	SH3BGRL_ATP2A1	1.55	0.63	2.30E-02	9.51E-03	No	No	No	No	No
EGFRNetmtKRAS-Hi	SH3BGRL	ATP2A2	O75368	P16615	SH3BGRL_ATP2A2	1.55	0.63	2.30E-02	9.51E-03	No	No	No	No	No
EGFRNetmtKRAS-Hi	SH3BGRL	PLS3	O75368	P13797	SH3BGRL_PLS3	1.53	0.61	5.83E-03	1.12E-02	No	No	No	No	No
EGFRNetmtKRAS-Hi	SH3BGRL	SLC25A6	O75368	P12236	SH3BGRL_SLC25A6	1.70	0.77	5.94E-03	2.19E-03	No	No	No	No	No
EGFRNetmtKRAS-Hi	SH3BGRL	PRPS2	O75368	P11908	SH3BGRL_PRPS2	1.57	0.65	1.15E-03	7.69E-03	Yes	No	No	No	No
EGFRNetmtKRAS-Hi	SH3BGRL	HSPA8	O75368	P11142	SH3BGRL_HSPA8	1.82	0.86	2.54E-07	7.22E-04	Yes	No	No	No	No
EGFRNetmtKRAS-Hi	SH3BGRL	HSPA1A	O75368	P08107	SH3BGRL_HSPA1A	1.71	0.77	1.19E-07	2.13E-03	Yes	No	No	No	No
EGFRNetmtKRAS-Hi	SH3BGRL	HNRNPCL1	O75368	O60812	SH3BGRL_HNRNPCL1	1.84	0.88	1.33E-02	5.46E-04	No	No	No	No	No
EGFRNetmtKRAS-Hi	SH3BGRL	HNRNPC	O75368	P07910	SH3BGRL_HNRNPC	1.84	0.88	1.33E-02	5.46E-04	No	No	No	No	No
EGFRNetmtKRAS-Hi	SH3BGRL	GSN	O75368	P06396	SH3BGRL_GSN	2.67	1.42	9.90E-04	9.94E-08	No	No	No	No	No
EGFRNetmtKRAS-Hi	SH3BGRL	BAG2	O75368	O95816	SH3BGRL_BAG2	2.82	1.50	3.50E-03	2.00E-08	Yes	No	No	No	No
EGFRNetmtKRAS-Hi	SH3BGRL	SVIL	O75368	O95425	SH3BGRL_SVIL	2.72	1.44	5.68E-03	5.84E-08	No	No	No	No	No
EGFRNetmtKRAS-Hi	SH3BGRL	MYO1D	O75368	O94832	SH3BGRL_MYO1D	3.49	1.80	3.61E-02	2.15E-11	No	No	No	No	No
EGFRNetmtKRAS-Hi	SH3BGRL	SH3BGRL	O75368	O75368	SH3BGRL_SH3BGRL	25.95	4.70	3.37E-11	1.01E-65	Yes	No	No	No	No
EGFRNetmtKRAS-Hi	SH3BGRL	WDR1	O75368	O75083	SH3BGRL_WDR1	2.78	1.47	6.87E-08	3.29E-08	No	No	No	No	No
EGFRNetmtKRAS-Hi	SH3BGRL	ACSL4	O75368	O60488	SH3BGRL_ACSL4	1.53	0.62	4.33E-02	1.05E-02	No	No	No	No	No
EGFRNetmtKRAS-Hi	SH3BGRL	PRPSAP2	O75368	O60256	SH3BGRL_PRPSAP2	1.63	0.70	1.61E-03	4.45E-03	Yes	No	No	No	No
EGFRNetmtKRAS-Hi	SH3BGRL	MYO1B	O75368	O43795	SH3BGRL_MYO1B	3.90	1.96	6.69E-03	3.63E-13	Yes	No	No	No	No
EGFRNetmtKRAS-Hi	SH3BGRL	ARPC5	O75368	O15511	SH3BGRL_ARPC5	2.73	1.45	5.66E-03	5.25E-08	No	No	No	No	No
EGFRNetmtKRAS-Hi	SH3BGRL	ARPC3	O75368	O15145	SH3BGRL_ARPC3	3.05	1.61	1.86E-05	1.96E-09	No	No	No	No	No
EGFRNetmtKRAS-Hi	SH3BGRL	ARPC2	O75368	O15144	SH3BGRL_ARPC2	2.92	1.55	8.05E-06	7.12E-09	No	No	No	No	No
EGFRNetmtKRAS-Hi	SH3BGRL	ARPC1B	O75368	O15143	SH3BGRL_ARPC1B	2.72	1.44	1.09E-06	5.78E-08	No	No	No	No	No
EGFRNetmtKRAS-Hi	SH3BGRL	MYO1C	O75368	O00159	SH3BGRL_MYO1C	3.60	1.85	4.22E-06	6.62E-12	Yes	No	No	No	No
EGFRNetmtKRAS-Hi	SH3GL3	MEMO1	Q99963	Q9Y316	SH3GL3_MEMO1	1.48	0.57	4.20E-02	4.78E-02	Yes	No	No	No	No
EGFRNetmtKRAS-Hi	SH3GL3	MAT2B	Q99963	Q9NZL9	SH3GL3_MAT2B	1.54	0.62	5.25E-03	3.52E-02	Yes	No	No	No	No
EGFRNetmtKRAS-Hi	SH3GL3	SH3GL3	Q99963	Q99963	SH3GL3_SH3GL3	13.79	3.79	1.30E-12	1.05E-28	No	No	No	Yes	No
EGFRNetmtKRAS-Hi	SH3GL3	PARK7	Q99963	Q99497	SH3GL3_PARK7	1.55	0.64	5.18E-06	3.15E-02	Yes	No	No	No	No
EGFRNetmtKRAS-Hi	SH3GL3	ITCH	Q99963	Q96J02	SH3GL3_ITCH	4.52	2.18	4.92E-03	1.00E-10	Yes	No	No	No	No
EGFRNetmtKRAS-Hi	SH3GL3	HSPH1	Q99963	Q92598	SH3GL3_HSPH1	1.88	0.91	1.66E-02	3.84E-03	No	No	No	No	No
EGFRNetmtKRAS-Hi	SH3GL3	FSCN1	Q99963	Q16658	SH3GL3_FSCN1	1.91	0.93	4.25E-09	3.25E-03	Yes	No	No	No	No
EGFRNetmtKRAS-Hi	SH3GL3	PAFAH1B3	Q99963	Q15102	SH3GL3_PAFAH1B3	1.81	0.86	6.98E-03	6.04E-03	Yes	No	No	No	No
EGFRNetmtKRAS-Hi	SH3GL3	DDX39B	Q99963	Q13838	SH3GL3_DDX39B	1.50	0.58	4.13E-06	4.42E-02	Yes	No	No	No	No
EGFRNetmtKRAS-Hi	SH3GL3	MTAP	Q99963	Q13126	SH3GL3_MTAP	1.68	0.75	6.76E-03	1.46E-02	Yes	No	No	No	No
EGFRNetmtKRAS-Hi	SH3GL3	ECH1	Q99963	Q13011	SH3GL3_ECH1	1.59	0.67	6.30E-06	2.56E-02	Yes	No	No	No	No
EGFRNetmtKRAS-Hi	SH3GL3	AKAP12	Q99963	Q02952	SH3GL3_AKAP12	1.69	0.76	3.68E-04	1.36E-02	Yes	No	No	No	No
EGFRNetmtKRAS-Hi	SH3GL3	CYCS	Q99963	P99999	SH3GL3_CYCS	1.88	0.91	1.41E-09	3.98E-03	Yes	No	No	No	No
EGFRNetmtKRAS-Hi	SH3GL3	TMSB10	Q99963	P63313	SH3GL3_TMSB10	1.91	0.93	2.71E-06	3.19E-03	Yes	No	No	No	No
EGFRNetmtKRAS-Hi	SH3GL3	EIF5AL1	Q99963	Q6IS14	SH3GL3_EIF5AL1	1.64	0.71	4.61E-06	1.89E-02	No	No	No	No	No
EGFRNetmtKRAS-Hi	SH3GL3	EIF5A	Q99963	P63241	SH3GL3_EIF5A	1.64	0.71	4.61E-06	1.89E-02	Yes	No	No	No	No
EGFRNetmtKRAS-Hi	SH3GL3	RPL32	Q99963	P62910	SH3GL3_RPL32	1.71	0.77	1.66E-08	1.19E-02	No	No	No	No	No
EGFRNetmtKRAS-Hi	SH3GL3	HSPE1	Q99963	P61604	SH3GL3_HSPE1	1.50	0.58	8.23E-07	4.37E-02	Yes	No	No	No	No
EGFRNetmtKRAS-Hi	SH3GL3	EIF4A2	Q99963	Q14240	SH3GL3_EIF4A2	1.58	0.66	1.81E-05	2.64E-02	Yes	No	No	No	No
EGFRNetmtKRAS-Hi	SH3GL3	EIF4A1	Q99963	P60842	SH3GL3_EIF4A1	1.58	0.66	1.81E-05	2.64E-02	Yes	No	No	No	No
EGFRNetmtKRAS-Hi	SH3GL3	RAD23B	Q99963	P54727	SH3GL3_RAD23B	1.86	0.89	2.44E-04	4.51E-03	Yes	No	No	No	No
EGFRNetmtKRAS-Hi	SH3GL3	HDGF	Q99963	P51858	SH3GL3_HDGF	1.68	0.74	5.89E-05	1.48E-02	Yes	No	No	No	No
EGFRNetmtKRAS-Hi	SH3GL3	TUFM	Q99963	P49411	SH3GL3_TUFM	1.51	0.60	7.35E-07	4.06E-02	Yes	No	No	No	No
EGFRNetmtKRAS-Hi	SH3GL3	LONP1	Q99963	P36776	SH3GL3_LONP1	1.49	0.58	2.07E-07	4.62E-02	No	No	No	No	No
EGFRNetmtKRAS-Hi	SH3GL3	ATIC	Q99963	P31939	SH3GL3_ATIC	1.62	0.70	2.12E-04	2.09E-02	Yes	No	No	No	No
EGFRNetmtKRAS-Hi	SH3GL3	MAT2A	Q99963	P31153	SH3GL3_MAT2A	1.58	0.66	2.04E-02	2.64E-02	No	No	No	No	No
EGFRNetmtKRAS-Hi	SH3GL3	CMPK1	Q99963	P30085	SH3GL3_CMPK1	1.73	0.79	2.80E-06	1.01E-02	Yes	No	No	No	No
EGFRNetmtKRAS-Hi	SH3GL3	BLVRB	Q99963	P30043	SH3GL3_BLVRB	1.51	0.60	3.24E-04	4.07E-02	Yes	No	No	No	No
EGFRNetmtKRAS-Hi	SH3GL3	VARS	Q99963	P26640	SH3GL3_VARS	1.52	0.61	1.64E-03	3.80E-02	No	No	No	No	No
EGFRNetmtKRAS-Hi	SH3GL3	HMGB2	Q99963	P26583	SH3GL3_HMGB2	1.72	0.78	4.69E-07	1.13E-02	Yes	No	No	No	No
EGFRNetmtKRAS-Hi	SH3GL3	UBA1	Q99963	P22314	SH3GL3_UBA1	1.66	0.73	4.61E-03	1.65E-02	No	No	No	No	No
EGFRNetmtKRAS-Hi	SH3GL3	PAICS	Q99963	P22234	SH3GL3_PAICS	1.52	0.61	4.17E-06	3.83E-02	No	No	No	No	No
EGFRNetmtKRAS-Hi	SH3GL3	GART	Q99963	P22102	SH3GL3_GART	1.64	0.71	2.35E-03	1.88E-02	No	No	No	No	No
EGFRNetmtKRAS-Hi	SH3GL3	EEF2	Q99963	P13639	SH3GL3_EEF2	1.48	0.57	6.02E-07	4.79E-02	Yes	No	No	No	No
EGFRNetmtKRAS-Hi	SH3GL3	G6PD	Q99963	P11413	SH3GL3_G6PD	1.60	0.68	1.53E-02	2.40E-02	No	No	No	No	No
EGFRNetmtKRAS-Hi	SH3GL3	PRKAR1A	Q99963	P10644	SH3GL3_PRKAR1A	2.54	1.35	3.80E-06	4.23E-05	No	No	No	No	No
EGFRNetmtKRAS-Hi	SH3GL3	HMGB1P1	Q99963	B2RPK0	SH3GL3_HMGB1P1	1.62	0.69	3.32E-05	2.12E-02	No	No	No	No	No
EGFRNetmtKRAS-Hi	SH3GL3	HMGB1	Q99963	P09429	SH3GL3_HMGB1	1.62	0.69	3.32E-05	2.12E-02	Yes	No	No	No	No
EGFRNetmtKRAS-Hi	SH3GL3	ANXA5	Q99963	P08758	SH3GL3_ANXA5	1.59	0.67	1.87E-04	2.54E-02	Yes	No	No	No	No
EGFRNetmtKRAS-Hi	SH3GL3	ASNS	Q99963	P08243	SH3GL3_ASNS	2.17	1.12	1.03E-05	5.54E-04	Yes	No	No	No	No
EGFRNetmtKRAS-Hi	SH3GL3	S100A6	Q99963	P06703	SH3GL3_S100A6	1.62	0.70	3.50E-06	2.08E-02	No	No	No	No	No
EGFRNetmtKRAS-Hi	SH3GL3	PRKCB	Q99963	P05771	SH3GL3_PRKCB	5.76	2.53	1.83E-03	7.94E-14	No	No	No	No	No
EGFRNetmtKRAS-Hi	SH3GL3	GLUD2	Q99963	P49448	SH3GL3_GLUD2	1.53	0.61	7.08E-05	3.72E-02	No	No	No	No	No
EGFRNetmtKRAS-Hi	SH3GL3	GLUD1	Q99963	P00367	SH3GL3_GLUD1	1.53	0.61	7.08E-05	3.72E-02	No	No	No	No	No
EGFRNetmtKRAS-Hi	SH3GL3	BUB3	Q99963	O43684	SH3GL3_BUB3	1.51	0.60	5.82E-05	4.02E-02	Yes	No	No	No	No
EGFRNetmtKRAS-Hi	SH3KBP1	IVNS1ABP	Q96B97	Q9Y6Y0	SH3KBP1_IVNS1ABP	1.48	0.56	2.76E-04	4.36E-02	Yes	No	No	No	No
EGFRNetmtKRAS-Hi	SH3KBP1	CD2AP	Q96B97	Q9Y5K6	SH3KBP1_CD2AP	11.68	3.55	9.44E-09	3.27E-27	No	Yes	No	Yes	Yes
EGFRNetmtKRAS-Hi	SH3KBP1	SH3BP1	Q96B97	Q9Y3L3	SH3KBP1_SH3BP1	11.84	3.57	8.12E-09	1.67E-27	No	Yes	No	No	No
EGFRNetmtKRAS-Hi	SH3KBP1	ASAP1	Q96B97	Q9ULH1	SH3KBP1_ASAP1	9.48	3.25	1.09E-06	4.10E-23	No	Yes	No	Yes	No
EGFRNetmtKRAS-Hi	SH3KBP1	GRPEL1	Q96B97	Q9HAV7	SH3KBP1_GRPEL1	1.52	0.61	4.22E-02	3.27E-02	No	No	No	No	No
EGFRNetmtKRAS-Hi	SH3KBP1	ARAP1	Q96B97	Q96P48	SH3KBP1_ARAP1	9.49	3.25	1.07E-08	3.99E-23	No	Yes	No	Yes	No
EGFRNetmtKRAS-Hi	SH3KBP1	SH3KBP1	Q96B97	Q96B97	SH3KBP1_SH3KBP1	16.73	4.06	1.31E-08	3.87E-35	No	No	Yes	Yes	No
EGFRNetmtKRAS-Hi	SH3KBP1	USP7	Q96B97	Q93009	SH3KBP1_USP7	1.47	0.55	2.03E-03	4.71E-02	No	No	No	No	No
EGFRNetmtKRAS-Hi	SH3KBP1	HSPH1	Q96B97	Q92598	SH3KBP1_HSPH1	1.52	0.60	7.41E-05	3.39E-02	Yes	No	No	No	No
EGFRNetmtKRAS-Hi	SH3KBP1	ARAP3	Q96B97	Q8WWN8	SH3KBP1_ARAP3	9.34	3.22	9.52E-04	7.85E-23	No	No	No	Yes	No
EGFRNetmtKRAS-Hi	SH3KBP1	MICALL1	Q96B97	Q8N3F8	SH3KBP1_MICALL1	7.12	2.83	4.65E-03	4.84E-18	No	Yes	No	Yes	No
EGFRNetmtKRAS-Hi	SH3KBP1	RTKN2	Q96B97	Q8IZC4	SH3KBP1_RTKN2	10.10	3.34	3.32E-03	2.51E-24	No	Yes	No	No	No
EGFRNetmtKRAS-Hi	SH3KBP1	DNMBP	Q96B97	Q6XZF7	SH3KBP1_DNMBP	3.75	1.91	1.34E-03	3.80E-09	No	No	No	No	No
EGFRNetmtKRAS-Hi	SH3KBP1	ARHGAP17	Q96B97	Q68EM7	SH3KBP1_ARHGAP17	7.19	2.85	9.54E-08	3.30E-18	No	Yes	No	Yes	No
EGFRNetmtKRAS-Hi	SH3KBP1	PFKFB3	Q96B97	Q16875	SH3KBP1_PFKFB3	1.55	0.63	1.91E-02	2.85E-02	Yes	No	No	No	No
EGFRNetmtKRAS-Hi	SH3KBP1	PDIA6	Q96B97	Q15084	SH3KBP1_PDIA6	1.57	0.65	3.91E-02	2.45E-02	No	No	No	No	No
EGFRNetmtKRAS-Hi	SH3KBP1	PPP3CA	Q96B97	Q08209	SH3KBP1_PPP3CA	1.53	0.61	5.21E-03	3.24E-02	No	No	No	No	No
EGFRNetmtKRAS-Hi	SH3KBP1	PPP3CB	Q96B97	P16298	SH3KBP1_PPP3CB	1.53	0.61	5.21E-03	3.24E-02	No	No	No	No	No
EGFRNetmtKRAS-Hi	SH3KBP1	AKAP12	Q96B97	Q02952	SH3KBP1_AKAP12	1.74	0.80	3.02E-04	7.64E-03	Yes	No	No	No	No
EGFRNetmtKRAS-Hi	SH3KBP1	SLC25A3	Q96B97	Q00325	SH3KBP1_SLC25A3	1.50	0.59	1.92E-03	3.78E-02	No	No	No	No	No
EGFRNetmtKRAS-Hi	SH3KBP1	CSNK2A3 	Q96B97	Q8NEV1	SH3KBP1_CSNK2A3	1.55	0.64	9.86E-03	2.70E-02	No	No	No	No	No
EGFRNetmtKRAS-Hi	SH3KBP1	CSNK2A1	Q96B97	P68400	SH3KBP1_CSNK2A1	1.55	0.64	9.86E-03	2.70E-02	No	No	No	No	No
EGFRNetmtKRAS-Hi	SH3KBP1	GRB2	Q96B97	P62993	SH3KBP1_GRB2	1.46	0.55	1.53E-03	4.92E-02	No	No	No	Yes	No
EGFRNetmtKRAS-Hi	SH3KBP1	CAPZA1	Q96B97	P52907	SH3KBP1_CAPZA1	9.69	3.28	1.86E-08	1.59E-23	No	Yes	No	Yes	No
EGFRNetmtKRAS-Hi	SH3KBP1	CAPZB	Q96B97	P47756	SH3KBP1_CAPZB	13.64	3.77	1.23E-08	1.67E-30	No	Yes	No	Yes	No
EGFRNetmtKRAS-Hi	SH3KBP1	CAPZA2	Q96B97	P47755	SH3KBP1_CAPZA2	8.59	3.10	4.98E-08	2.78E-21	No	Yes	No	Yes	Yes
EGFRNetmtKRAS-Hi	SH3KBP1	CRKL	Q96B97	P46109	SH3KBP1_CRKL	2.12	1.09	7.58E-04	4.95E-04	No	No	No	No	No
EGFRNetmtKRAS-Hi	SH3KBP1	HSPA9	Q96B97	P38646	SH3KBP1_HSPA9	2.57	1.36	1.66E-06	1.90E-05	No	No	No	No	No
EGFRNetmtKRAS-Hi	SH3KBP1	CBL	Q96B97	P22681	SH3KBP1_CBL	7.43	2.89	1.40E-02	9.21E-19	No	Yes	No	Yes	No
EGFRNetmtKRAS-Hi	SH3KBP1	IMPDH2	Q96B97	P12268	SH3KBP1_IMPDH2	1.98	0.98	1.15E-02	1.46E-03	Yes	No	No	Yes	No
EGFRNetmtKRAS-Hi	SH3KBP1	HSPA8	Q96B97	P11142	SH3KBP1_HSPA8	1.78	0.83	2.72E-06	5.77E-03	No	No	No	No	No
EGFRNetmtKRAS-Hi	SH3KBP1	HSPA5	Q96B97	P11021	SH3KBP1_HSPA5	2.32	1.21	1.74E-06	1.17E-04	No	No	No	No	No
EGFRNetmtKRAS-Hi	SH3KBP1	HSPA1A	Q96B97	P08107	SH3KBP1_HSPA1A	1.83	0.87	6.97E-07	4.06E-03	No	No	No	No	No
EGFRNetmtKRAS-Hi	SH3KBP1	ASAP2	Q96B97	O43150	SH3KBP1_ASAP2	7.50	2.91	1.20E-07	6.33E-19	No	Yes	Yes	Yes	No
EGFRNetmtKRAS-Hi	SH3KBP1	SYNJ2	Q96B97	O15056	SH3KBP1_SYNJ2	4.70	2.23	4.04E-04	6.89E-12	No	Yes	No	Yes	No
EGFRNetmtKRAS-Hi	SH3KBP1	USP27X	Q96B97	A6NNY8	SH3KBP1_USP27X	11.81	3.56	5.72E-04	1.92E-27	No	Yes	No	No	No
EGFRNetmtKRAS-Hi	SHC1	ACOT9	P29353	Q9Y305	SHC1_ACOT9	1.33	0.41	7.29E-03	4.85E-02	No	No	No	No	No
EGFRNetmtKRAS-Hi	SHC1	GRPEL1	P29353	Q9HAV7	SHC1_GRPEL1	1.46	0.54	2.41E-03	1.38E-02	No	No	No	No	No
EGFRNetmtKRAS-Hi	SHC1	FAM59A	P29353	Q9H706	SHC1_FAM59A	5.75	2.52	3.88E-04	2.20E-25	No	Yes	No	Yes	No
EGFRNetmtKRAS-Hi	SHC1	AP2M1	P29353	Q96CW1	SHC1_AP2M1	10.47	3.39	1.28E-07	2.77E-44	No	No	No	Yes	No
EGFRNetmtKRAS-Hi	SHC1	USP7	P29353	Q93009	SHC1_USP7	2.13	1.09	7.76E-03	4.35E-06	No	No	No	No	No
EGFRNetmtKRAS-Hi	SHC1	USP9X	P29353	Q93008	SHC1_USP9X	6.93	2.79	3.25E-03	1.07E-30	No	No	No	Yes	No
EGFRNetmtKRAS-Hi	SHC1	ANP32B	P29353	Q92688	SHC1_ANP32B	1.33	0.42	4.57E-02	4.71E-02	No	No	No	Yes	No
EGFRNetmtKRAS-Hi	SHC1	ANKS1B	P29353	Q7Z6G8	SHC1_ANKS1B	9.98	3.32	3.63E-03	1.50E-42	No	No	No	No	No
EGFRNetmtKRAS-Hi	SHC1	ANKS1A	P29353	Q92625	SHC1_ANKS1A	9.98	3.32	3.63E-03	1.50E-42	No	No	No	No	No
EGFRNetmtKRAS-Hi	SHC1	HSPH1	P29353	Q92598	SHC1_HSPH1	1.75	0.80	3.23E-03	5.38E-04	No	No	No	No	No
EGFRNetmtKRAS-Hi	SHC1	IPO4	P29353	Q8TEX9	SHC1_IPO4	1.36	0.44	1.32E-02	3.74E-02	No	No	No	No	No
EGFRNetmtKRAS-Hi	SHC1	MTMR14	P29353	Q8NCE2	SHC1_MTMR14	1.35	0.43	4.28E-02	4.22E-02	No	No	No	No	No
EGFRNetmtKRAS-Hi	SHC1	LRRK1	P29353	Q38SD2	SHC1_LRRK1	2.61	1.38	1.02E-04	7.99E-09	No	No	No	Yes	No
EGFRNetmtKRAS-Hi	SHC1	DDB1	P29353	Q16531	SHC1_DDB1	1.35	0.43	8.56E-03	4.20E-02	No	No	No	Yes	No
EGFRNetmtKRAS-Hi	SHC1	NCAPD2	P29353	Q15021	SHC1_NCAPD2	1.34	0.43	3.57E-02	4.25E-02	No	No	No	No	No
EGFRNetmtKRAS-Hi	SHC1	PRKCD	P29353	Q05655	SHC1_PRKCD	4.55	2.19	8.20E-05	1.61E-19	No	No	No	Yes	No
EGFRNetmtKRAS-Hi	SHC1	PTPN12	P29353	Q05209	SHC1_PTPN12	3.17	1.66	7.64E-05	4.72E-12	No	Yes	No	Yes	No
EGFRNetmtKRAS-Hi	SHC1	SLC25A11	P29353	Q02978	SHC1_SLC25A11	1.45	0.53	2.61E-02	1.52E-02	No	No	No	No	No
EGFRNetmtKRAS-Hi	SHC1	AKAP12	P29353	Q02952	SHC1_AKAP12	1.43	0.51	7.65E-03	1.89E-02	Yes	No	No	No	No
EGFRNetmtKRAS-Hi	SHC1	PPP2R2D	P29353	Q66LE6	SHC1_PPP2R2D	1.61	0.69	2.19E-02	2.49E-03	No	No	No	No	No
EGFRNetmtKRAS-Hi	SHC1	PPP2R2A	P29353	P63151	SHC1_PPP2R2A	1.61	0.69	2.19E-02	2.49E-03	No	No	No	No	No
EGFRNetmtKRAS-Hi	SHC1	AP2B1	P29353	P63010	SHC1_AP2B1	6.71	2.75	8.31E-07	9.22E-30	No	No	No	Yes	No
EGFRNetmtKRAS-Hi	SHC1	GRB2	P29353	P62993	SHC1_GRB2	6.57	2.72	1.60E-04	3.99E-29	No	No	No	Yes	No
EGFRNetmtKRAS-Hi	SHC1	YWHAE	P29353	P62258	SHC1_YWHAE	1.44	0.53	1.09E-02	1.59E-02	No	No	No	No	No
EGFRNetmtKRAS-Hi	SHC1	AP2S1	P29353	P53680	SHC1_AP2S1	8.65	3.11	5.76E-04	1.10E-37	No	No	No	No	No
EGFRNetmtKRAS-Hi	SHC1	ACLY	P29353	P53396	SHC1_ACLY	1.69	0.75	2.46E-02	1.08E-03	Yes	No	No	Yes	No
EGFRNetmtKRAS-Hi	SHC1	USP11	P29353	P51784	SHC1_USP11	1.50	0.58	1.74E-02	9.12E-03	No	No	No	No	No
EGFRNetmtKRAS-Hi	SHC1	PXN	P29353	P49023	SHC1_PXN	8.49	3.09	2.92E-02	4.53E-37	No	No	No	Yes	No
EGFRNetmtKRAS-Hi	SHC1	BRCC3	P29353	P46736	SHC1_BRCC3	1.68	0.75	9.48E-03	1.17E-03	No	No	No	No	No
EGFRNetmtKRAS-Hi	SHC1	HSPA9	P29353	P38646	SHC1_HSPA9	1.94	0.96	1.34E-09	4.72E-05	No	No	No	Yes	No
EGFRNetmtKRAS-Hi	SHC1	HSPA4	P29353	P34932	SHC1_HSPA4	1.35	0.44	1.83E-05	3.94E-02	No	No	No	No	No
EGFRNetmtKRAS-Hi	SHC1	SFN	P29353	P31947	SHC1_SFN	2.18	1.12	7.65E-03	2.30E-06	Yes	No	No	No	No
EGFRNetmtKRAS-Hi	SHC1	SHC1	P29353	P29353	SHC1_SHC1	11.50	3.52	7.81E-11	9.75E-48	No	No	No	Yes	No
EGFRNetmtKRAS-Hi	SHC1	GRN	P29353	P28799	SHC1_GRN	8.25	3.04	1.13E-03	4.09E-36	Yes	No	No	No	No
EGFRNetmtKRAS-Hi	SHC1	PAICS	P29353	P22234	SHC1_PAICS	1.60	0.68	1.11E-02	2.83E-03	Yes	No	No	No	No
EGFRNetmtKRAS-Hi	SHC1	EEF2	P29353	P13639	SHC1_EEF2	1.40	0.48	2.69E-03	2.51E-02	Yes	No	No	Yes	No
EGFRNetmtKRAS-Hi	SHC1	HSPA8	P29353	P11142	SHC1_HSPA8	1.52	0.61	6.53E-07	6.84E-03	No	No	No	Yes	No
EGFRNetmtKRAS-Hi	SHC1	HSPA5	P29353	P11021	SHC1_HSPA5	1.91	0.94	2.87E-06	6.81E-05	No	No	No	Yes	No
EGFRNetmtKRAS-Hi	SHC1	HSPA1A	P29353	P08107	SHC1_HSPA1A	1.60	0.68	3.47E-06	2.92E-03	No	No	No	No	No
EGFRNetmtKRAS-Hi	SHC1	HNRNPC	P29353	P07910	SHC1_HNRNPC	1.50	0.58	3.16E-02	8.98E-03	Yes	No	No	No	No
EGFRNetmtKRAS-Hi	SHC1	S100A6	P29353	P06703	SHC1_S100A6	1.33	0.41	4.31E-02	4.89E-02	No	No	No	No	No
EGFRNetmtKRAS-Hi	SHC1	AP2A1	P29353	O95782	SHC1_AP2A1	7.47	2.90	1.55E-06	5.73E-33	No	Yes	No	Yes	No
EGFRNetmtKRAS-Hi	SHC1	IPO7	P29353	O95373	SHC1_IPO7	1.38	0.47	3.16E-02	3.00E-02	No	No	No	No	No
EGFRNetmtKRAS-Hi	SHC1	AP2A2	P29353	O94973	SHC1_AP2A2	6.30	2.66	5.04E-04	6.38E-28	No	No	No	Yes	No
EGFRNetmtKRAS-Hi	SHC1	PLIN3	P29353	O60664	SHC1_PLIN3	1.53	0.61	1.26E-02	6.47E-03	No	No	No	No	No
EGFRNetmtKRAS-Hi	SHC1	KDM1A	P29353	O60341	SHC1_KDM1A	2.70	1.43	1.47E-04	2.34E-09	No	No	No	No	No
EGFRNetmtKRAS-Hi	SHOC2	SUGT1	Q9UQ13	Q9Y2Z0	SHOC2_SUGT1	3.66	1.87	8.90E-03	9.16E-07	No	No	No	Yes	No
EGFRNetmtKRAS-Hi	SHOC2	SHOC2	Q9UQ13	Q9UQ13	SHOC2_SHOC2	13.92	3.80	1.05E-08	1.70E-22	No	No	No	No	Yes
EGFRNetmtKRAS-Hi	SHOC2	TMEM14C	Q9UQ13	Q9P0S9	SHOC2_TMEM14C	1.73	0.79	2.42E-02	2.21E-02	No	No	No	No	No
EGFRNetmtKRAS-Hi	SHOC2	OLA1	Q9UQ13	Q9NTK5	SHOC2_OLA1	1.87	0.91	4.78E-02	1.05E-02	No	No	No	No	No
EGFRNetmtKRAS-Hi	SHOC2	GLO1	Q9UQ13	Q04760	SHOC2_GLO1	1.97	0.98	3.03E-02	6.40E-03	No	No	No	No	No
EGFRNetmtKRAS-Hi	SHOC2	TUFM	Q9UQ13	P49411	SHOC2_TUFM	1.62	0.70	1.97E-02	3.73E-02	No	No	No	No	No
EGFRNetmtKRAS-Hi	SHOC2	ATIC	Q9UQ13	P31939	SHOC2_ATIC	1.64	0.71	4.92E-02	3.53E-02	No	No	No	No	No
EGFRNetmtKRAS-Hi	SHOC2	PRDX5	Q9UQ13	P30044	SHOC2_PRDX5	1.86	0.90	3.91E-02	1.12E-02	No	No	No	No	No
EGFRNetmtKRAS-Hi	SHOC2	ASNS	Q9UQ13	P08243	SHOC2_ASNS	1.71	0.77	4.25E-02	2.42E-02	Yes	No	No	No	No
EGFRNetmtKRAS-Hi	SHOC2	GOT2	Q9UQ13	P00505	SHOC2_GOT2	1.62	0.70	3.67E-02	3.79E-02	No	No	No	No	No
EGFRNetmtKRAS-Hi	SHOC2	PNP	Q9UQ13	P00491	SHOC2_PNP	1.62	0.70	2.73E-02	3.77E-02	No	No	No	No	No
EGFRNetmtKRAS-Hi	SNCA	MRPS33	P37840	Q9Y291	SNCA_MRPS33	1.81	0.86	4.65E-02	2.24E-02	Yes	No	No	No	No
EGFRNetmtKRAS-Hi	SNCA	DCP1A	P37840	Q9NPI6	SNCA_DCP1A	10.91	3.45	5.80E-07	6.96E-18	Yes	No	No	No	No
EGFRNetmtKRAS-Hi	SNCA	EDC3	P37840	Q96F86	SNCA_EDC3	7.56	2.92	8.97E-08	2.92E-13	Yes	No	No	No	No
EGFRNetmtKRAS-Hi	SNCA	HSPH1	P37840	Q92598	SNCA_HSPH1	6.58	2.72	1.67E-08	1.06E-11	Yes	No	No	No	No
EGFRNetmtKRAS-Hi	SNCA	DCP2	P37840	Q8IU60	SNCA_DCP2	9.69	3.28	5.73E-03	2.63E-16	No	No	No	No	No
EGFRNetmtKRAS-Hi	SNCA	EDC4	P37840	Q6P2E9	SNCA_EDC4	11.34	3.50	7.07E-12	2.04E-18	Yes	No	No	No	No
EGFRNetmtKRAS-Hi	SNCA	IARS	P37840	P41252	SNCA_IARS	1.75	0.80	1.31E-03	3.06E-02	Yes	No	No	Yes	No
EGFRNetmtKRAS-Hi	SNCA	HSPA9	P37840	P38646	SNCA_HSPA9	4.54	2.18	1.93E-09	4.52E-08	Yes	No	No	No	No
EGFRNetmtKRAS-Hi	SNCA	SNCA	P37840	P37840	SNCA_SNCA	14.98	3.90	5.03E-12	1.67E-22	Yes	No	No	Yes	No
EGFRNetmtKRAS-Hi	SNCA	HSPA4	P37840	P34932	SNCA_HSPA4	2.92	1.55	2.69E-08	9.21E-05	Yes	No	No	Yes	No
EGFRNetmtKRAS-Hi	SNCA	DDX6	P37840	P26196	SNCA_DDX6	2.88	1.53	2.57E-08	1.11E-04	Yes	No	No	No	No
EGFRNetmtKRAS-Hi	SNCA	DSP	P37840	P15924	SNCA_DSP	4.35	2.12	3.08E-03	1.05E-07	Yes	No	No	No	No
EGFRNetmtKRAS-Hi	SNCA	DARS	P37840	P14868	SNCA_DARS	1.69	0.75	3.61E-02	4.07E-02	No	No	No	No	No
EGFRNetmtKRAS-Hi	SNCA	HSPA8	P37840	P11142	SNCA_HSPA8	6.22	2.64	5.76E-10	4.23E-11	Yes	No	No	Yes	No
EGFRNetmtKRAS-Hi	SNCA	HSPA5	P37840	P11021	SNCA_HSPA5	8.32	3.06	2.17E-11	2.13E-14	Yes	No	No	No	No
EGFRNetmtKRAS-Hi	SNCA	HSPA1A	P37840	P08107	SNCA_HSPA1A	5.85	2.55	3.96E-09	1.81E-10	Yes	No	No	No	No
EGFRNetmtKRAS-Hi	SNCA	HSPB1	P37840	P04792	SNCA_HSPB1	1.70	0.77	3.85E-04	3.82E-02	No	No	No	Yes	No
EGFRNetmtKRAS-Hi	SNCA	HSPA4L	P37840	O95757	SNCA_HSPA4L	6.30	2.65	1.29E-02	3.15E-11	Yes	No	No	No	No
EGFRNetmtKRAS-Hi	SOCS1	MRPS28	O15524	Q9Y2Q9	SOCS1_MRPS28	1.46	0.55	3.58E-03	2.14E-02	No	No	No	No	No
EGFRNetmtKRAS-Hi	SOCS1	AKAP8L	O15524	Q9ULX6	SOCS1_AKAP8L	2.61	1.39	6.90E-08	2.65E-07	No	No	No	No	No
EGFRNetmtKRAS-Hi	SOCS1	ATAD3A	O15524	Q9NVI7	SOCS1_ATAD3A	1.50	0.59	4.85E-05	1.52E-02	No	No	No	No	No
EGFRNetmtKRAS-Hi	SOCS1	OSBPL8	O15524	Q9BZF1	SOCS1_OSBPL8	2.05	1.03	1.61E-02	8.56E-05	Yes	No	No	No	No
EGFRNetmtKRAS-Hi	SOCS1	HSP90AB2P	O15524	Q58FF8	SOCS1_HSP90AB2P	1.42	0.50	9.82E-06	3.15E-02	No	No	No	No	No
EGFRNetmtKRAS-Hi	SOCS1	TIMM50	O15524	Q3ZCQ8	SOCS1_TIMM50	1.94	0.96	1.61E-04	2.52E-04	No	No	No	No	No
EGFRNetmtKRAS-Hi	SOCS1	TCEB2	O15524	Q15370	SOCS1_TCEB2	8.49	3.09	4.60E-08	7.10E-29	No	No	No	Yes	No
EGFRNetmtKRAS-Hi	SOCS1	TCEB1	O15524	Q15369	SOCS1_TCEB1	14.19	3.83	1.16E-08	3.01E-43	No	No	No	Yes	No
EGFRNetmtKRAS-Hi	SOCS1	PRPSAP1	O15524	Q14558	SOCS1_PRPSAP1	1.48	0.56	8.10E-04	1.88E-02	Yes	No	No	No	No
EGFRNetmtKRAS-Hi	SOCS1	RCN2	O15524	Q14257	SOCS1_RCN2	1.40	0.49	5.19E-07	3.59E-02	No	No	No	No	No
EGFRNetmtKRAS-Hi	SOCS1	TRIM28	O15524	Q13263	SOCS1_TRIM28	1.73	0.79	1.75E-07	1.98E-03	No	No	No	No	No
EGFRNetmtKRAS-Hi	SOCS1	SLC25A3	O15524	Q00325	SOCS1_SLC25A3	1.40	0.49	1.38E-07	3.54E-02	No	No	No	No	No
EGFRNetmtKRAS-Hi	SOCS1	PRKDC	O15524	P78527	SOCS1_PRKDC	1.37	0.45	8.82E-06	4.62E-02	No	No	No	No	No
EGFRNetmtKRAS-Hi	SOCS1	CCT2	O15524	P78371	SOCS1_CCT2	1.48	0.57	8.31E-09	1.83E-02	No	No	No	No	No
EGFRNetmtKRAS-Hi	SOCS1	TUBB4B	O15524	P68371	SOCS1_TUBB4B	1.41	0.49	1.17E-10	3.42E-02	No	No	No	No	No
EGFRNetmtKRAS-Hi	SOCS1	RPL39P5	O15524	Q59GN2	SOCS1_RPL39P5	1.59	0.67	1.46E-02	7.33E-03	No	No	No	No	No
EGFRNetmtKRAS-Hi	SOCS1	RPL39	O15524	P62891	SOCS1_RPL39	1.59	0.67	1.46E-02	7.33E-03	No	No	No	No	No
EGFRNetmtKRAS-Hi	SOCS1	PSME3	O15524	P61289	SOCS1_PSME3	7.02	2.81	1.65E-07	2.45E-24	No	No	No	No	No
EGFRNetmtKRAS-Hi	SOCS1	ABCE1	O15524	P61221	SOCS1_ABCE1	1.40	0.48	3.43E-02	3.76E-02	Yes	No	No	No	No
EGFRNetmtKRAS-Hi	SOCS1	PRPS1	O15524	P60891	SOCS1_PRPS1	1.52	0.61	9.98E-05	1.30E-02	Yes	No	No	No	No
EGFRNetmtKRAS-Hi	SOCS1	FXR1	O15524	P51114	SOCS1_FXR1	1.62	0.70	5.63E-03	5.32E-03	No	No	No	No	No
EGFRNetmtKRAS-Hi	SOCS1	CCT4	O15524	P50991	SOCS1_CCT4	1.49	0.57	6.68E-08	1.76E-02	No	No	No	No	No
EGFRNetmtKRAS-Hi	SOCS1	CCT8	O15524	P50990	SOCS1_CCT8	1.48	0.57	8.44E-08	1.86E-02	No	No	No	No	No
EGFRNetmtKRAS-Hi	SOCS1	CCT3	O15524	P49368	SOCS1_CCT3	1.50	0.59	8.11E-08	1.53E-02	No	No	No	No	No
EGFRNetmtKRAS-Hi	SOCS1	CCT5	O15524	P48643	SOCS1_CCT5	1.40	0.49	5.09E-07	3.49E-02	No	No	No	No	No
EGFRNetmtKRAS-Hi	SOCS1	CCT6A	O15524	P40227	SOCS1_CCT6A	1.53	0.62	7.03E-08	1.17E-02	No	No	No	No	No
EGFRNetmtKRAS-Hi	SOCS1	CTNNB1	O15524	P35222	SOCS1_CTNNB1	1.63	0.71	8.67E-05	4.90E-03	No	No	No	No	No
EGFRNetmtKRAS-Hi	SOCS1	DNAJA1	O15524	P31689	SOCS1_DNAJA1	1.41	0.50	5.34E-04	3.23E-02	No	No	No	No	No
EGFRNetmtKRAS-Hi	SOCS1	CAD	O15524	P27708	SOCS1_CAD	1.63	0.71	6.75E-05	4.87E-03	No	No	No	No	No
EGFRNetmtKRAS-Hi	SOCS1	PRKACB	O15524	P22694	SOCS1_PRKACB	1.43	0.52	3.37E-03	2.81E-02	No	No	No	No	No
EGFRNetmtKRAS-Hi	SOCS1	TCP1	O15524	P17987	SOCS1_TCP1	1.55	0.63	8.15E-08	1.04E-02	No	No	No	No	No
EGFRNetmtKRAS-Hi	SOCS1	HSPA6	O15524	P17066	SOCS1_HSPA6	2.50	1.32	5.30E-06	8.65E-07	No	No	No	No	No
EGFRNetmtKRAS-Hi	SOCS1	PRPS2	O15524	P11908	SOCS1_PRPS2	1.36	0.44	4.99E-04	4.93E-02	Yes	No	No	No	No
EGFRNetmtKRAS-Hi	SOCS1	HSPA8	O15524	P11142	SOCS1_HSPA8	2.51	1.33	1.90E-09	7.84E-07	No	No	No	No	No
EGFRNetmtKRAS-Hi	SOCS1	HSP90AB3P	O15524	Q58FF7	SOCS1_HSP90AB3P	1.44	0.52	8.55E-04	2.66E-02	No	No	No	No	No
EGFRNetmtKRAS-Hi	SOCS1	HSP90AB1	O15524	P08238	SOCS1_HSP90AB1	1.44	0.52	8.55E-04	2.66E-02	No	No	No	No	No
EGFRNetmtKRAS-Hi	SOCS1	HSPA1A	O15524	P08107	SOCS1_HSPA1A	2.76	1.46	9.44E-09	5.92E-08	No	No	No	No	No
EGFRNetmtKRAS-Hi	SOCS1	HSP90AA1	O15524	P07900	SOCS1_HSP90AA1	1.53	0.61	4.64E-06	1.25E-02	No	No	No	No	No
EGFRNetmtKRAS-Hi	SOCS1	TUBB	O15524	P07437	SOCS1_TUBB	1.41	0.49	1.32E-08	3.36E-02	No	No	No	No	No
EGFRNetmtKRAS-Hi	SOCS1	HSPB1	O15524	P04792	SOCS1_HSPB1	2.47	1.30	3.52E-05	1.20E-06	No	No	No	No	No
EGFRNetmtKRAS-Hi	SOCS1	TUBB4A	O15524	P04350	SOCS1_TUBB4A	1.40	0.48	2.19E-03	3.70E-02	No	No	No	No	No
EGFRNetmtKRAS-Hi	SOCS1	BAG2	O15524	O95816	SOCS1_BAG2	2.56	1.35	5.52E-06	4.68E-07	No	No	No	No	No
EGFRNetmtKRAS-Hi	SOCS1	DPM1	O15524	O60762	SOCS1_DPM1	1.40	0.49	1.98E-02	3.61E-02	No	No	No	No	No
EGFRNetmtKRAS-Hi	SOCS1	PRPSAP2	O15524	O60256	SOCS1_PRPSAP2	1.47	0.55	1.30E-03	2.09E-02	Yes	No	No	No	No
EGFRNetmtKRAS-Hi	SOCS1	SOCS1	O15524	O15524	SOCS1_SOCS1	11.98	3.58	7.38E-08	3.39E-38	No	No	No	Yes	No
EGFRNetmtKRAS-Hi	SOCS1	NDUFA4	O15524	O00483	SOCS1_NDUFA4	1.50	0.58	3.98E-02	1.63E-02	No	No	No	No	No
EGFRNetmtKRAS-Hi	SRC	CDCP1	P12931	Q9H5V8	SRC_CDCP1	6.33	2.66	8.90E-03	5.13E-26	Yes	No	No	Yes	No
EGFRNetmtKRAS-Hi	SRC	USP7	P12931	Q93009	SRC_USP7	1.56	0.64	4.87E-02	6.17E-03	Yes	No	No	No	No
EGFRNetmtKRAS-Hi	SRC	HSPH1	P12931	Q92598	SRC_HSPH1	1.78	0.83	4.88E-02	5.42E-04	Yes	No	No	No	No
EGFRNetmtKRAS-Hi	SRC	KIAA1967	P12931	Q8N163	SRC_KIAA1967	1.84	0.88	3.91E-03	2.86E-04	No	No	No	No	No
EGFRNetmtKRAS-Hi	SRC	TCEB2	P12931	Q15370	SRC_TCEB2	2.37	1.24	3.80E-02	5.30E-07	No	No	No	No	No
EGFRNetmtKRAS-Hi	SRC	CHD4	P12931	Q14839	SRC_CHD4	1.57	0.65	9.22E-03	5.32E-03	No	No	No	No	No
EGFRNetmtKRAS-Hi	SRC	TRIM28	P12931	Q13263	SRC_TRIM28	1.73	0.79	1.15E-03	9.46E-04	Yes	No	No	No	No
EGFRNetmtKRAS-Hi	SRC	HNRNPA0	P12931	Q13151	SRC_HNRNPA0	2.32	1.22	6.27E-03	9.07E-07	Yes	No	No	No	No
EGFRNetmtKRAS-Hi	SRC	AKAP12	P12931	Q02952	SRC_AKAP12	1.58	0.66	1.71E-02	5.21E-03	Yes	No	No	No	No
EGFRNetmtKRAS-Hi	SRC	U2AF1	P12931	Q01081	SRC_U2AF1	1.50	0.58	3.54E-04	1.16E-02	No	No	No	No	No
EGFRNetmtKRAS-Hi	SRC	CSNK2A3 	P12931	Q8NEV1	SRC_CSNK2A3	1.48	0.56	2.18E-02	1.39E-02	No	No	No	No	No
EGFRNetmtKRAS-Hi	SRC	CSNK2A1	P12931	P68400	SRC_CSNK2A1	1.48	0.56	2.18E-02	1.39E-02	Yes	No	No	Yes	No
EGFRNetmtKRAS-Hi	SRC	TUBA4A	P12931	P68366	SRC_TUBA4A	1.39	0.48	9.26E-03	3.14E-02	No	No	No	No	No
EGFRNetmtKRAS-Hi	SRC	TUBA1B	P12931	P68363	SRC_TUBA1B	1.39	0.48	9.26E-03	3.14E-02	No	No	No	No	No
EGFRNetmtKRAS-Hi	SRC	TMSB10	P12931	P63313	SRC_TMSB10	2.75	1.46	2.58E-02	5.18E-09	No	No	No	No	No
EGFRNetmtKRAS-Hi	SRC	HSPA9	P12931	P38646	SRC_HSPA9	1.71	0.77	1.30E-03	1.28E-03	No	No	No	No	No
EGFRNetmtKRAS-Hi	SRC	HSPA4	P12931	P34932	SRC_HSPA4	1.59	0.67	1.99E-02	4.51E-03	Yes	No	No	No	No
EGFRNetmtKRAS-Hi	SRC	MCM7	P12931	P33993	SRC_MCM7	1.45	0.54	9.13E-03	1.82E-02	Yes	No	No	No	No
EGFRNetmtKRAS-Hi	SRC	CAD	P12931	P27708	SRC_CAD	1.68	0.75	3.53E-02	1.66E-03	No	No	No	No	No
EGFRNetmtKRAS-Hi	SRC	SLC25A6	P12931	P12236	SRC_SLC25A6	1.34	0.42	1.90E-02	4.95E-02	No	No	No	No	No
EGFRNetmtKRAS-Hi	SRC	HSPA8	P12931	P11142	SRC_HSPA8	1.91	0.93	4.25E-04	1.32E-04	No	No	No	No	No
EGFRNetmtKRAS-Hi	SRC	HNRNPA1L2	P12931	Q32P51	SRC_HNRNPA1L2	1.85	0.88	2.15E-04	2.66E-04	No	No	No	No	No
EGFRNetmtKRAS-Hi	SRC	HNRNPA1	P12931	P09651	SRC_HNRNPA1	1.85	0.88	2.15E-04	2.66E-04	Yes	No	No	No	No
EGFRNetmtKRAS-Hi	SRC	HSPA1A	P12931	P08107	SRC_HSPA1A	1.82	0.87	6.33E-04	3.52E-04	No	No	No	No	No
EGFRNetmtKRAS-Hi	SRC	HNRNPC	P12931	P07910	SRC_HNRNPC	10.01	3.32	1.90E-03	1.80E-39	No	No	No	No	No
EGFRNetmtKRAS-Hi	SRC	AQR	P12931	O60306	SRC_AQR	1.39	0.47	1.35E-02	3.23E-02	Yes	No	No	No	No
EGFRNetmtKRAS-Hi	SRC	MRPS7	P12931	Q9Y2R9	SRC_MRPS7	1.53	0.61	3.74E-02	4.44E-02	No	No	No	No	No
EGFRNetmtKRAS-Hi	SRC	MRPS33	P12931	Q9Y291	SRC_MRPS33	2.11	1.08	3.03E-02	1.02E-03	No	No	No	No	No
EGFRNetmtKRAS-Hi	SRC	ATXN2	P12931	Q99700	SRC_ATXN2	1.57	0.65	3.15E-02	3.35E-02	No	No	No	No	No
EGFRNetmtKRAS-Hi	SRC	LRRC59	P12931	Q96AG4	SRC_LRRC59	1.53	0.61	1.91E-02	8.73E-03	No	No	No	No	No
EGFRNetmtKRAS-Hi	SRC	LARP4	P12931	Q71RC2	SRC_LARP4	1.77	0.82	4.00E-02	9.67E-03	No	No	No	No	No
EGFRNetmtKRAS-Hi	SRC	CDC37	P12931	Q16543	SRC_CDC37	2.68	1.42	3.96E-02	1.11E-08	No	No	No	Yes	No
EGFRNetmtKRAS-Hi	SRC	PCBP3	P12931	P57721	SRC_PCBP3	1.72	0.78	1.16E-03	1.37E-02	No	No	No	No	No
EGFRNetmtKRAS-Hi	SRC	PCBP2	P12931	Q15366	SRC_PCBP2	1.72	0.78	1.16E-03	1.37E-02	No	No	No	No	No
EGFRNetmtKRAS-Hi	SRC	PABPC4	P12931	Q13310	SRC_PABPC4	1.83	0.87	5.11E-04	6.46E-03	No	No	No	No	No
EGFRNetmtKRAS-Hi	SRC	HDLBP	P12931	Q00341	SRC_HDLBP	1.93	0.95	5.70E-03	3.39E-03	No	No	No	No	No
EGFRNetmtKRAS-Hi	SRC	SLC25A3	P12931	Q00325	SRC_SLC25A3	1.36	0.44	5.73E-04	4.28E-02	Yes	No	No	No	No
EGFRNetmtKRAS-Hi	SRC	MRPS15	P12931	P82914	SRC_MRPS15	1.70	0.77	4.18E-02	1.49E-02	No	No	No	No	No
EGFRNetmtKRAS-Hi	SRC	MRPS22	P12931	P82650	SRC_MRPS22	1.54	0.63	3.63E-02	4.00E-02	No	No	No	No	No
EGFRNetmtKRAS-Hi	SRC	TPM3	P12931	P06753	SRC_TPM3	2.42	1.28	3.68E-02	1.15E-04	No	No	No	No	No
EGFRNetmtKRAS-Hi	SRC	TPM4	P12931	P67936	SRC_TPM4	2.42	1.28	3.68E-02	1.15E-04	No	No	No	No	No
EGFRNetmtKRAS-Hi	SRC	HADHA	P12931	P40939	SRC_HADHA	2.05	1.04	9.06E-03	1.51E-03	No	No	No	No	No
EGFRNetmtKRAS-Hi	SRC	SRC	P12931	P12931	SRC_SRC	17.84	4.16	1.24E-08	1.24E-60	Yes	No	No	Yes	No
EGFRNetmtKRAS-Hi	SRC	PABPC3	P12931	Q9H361	SRC_PABPC3	1.99	0.99	6.00E-04	2.32E-03	No	No	No	No	No
EGFRNetmtKRAS-Hi	SRC	PABPC1	P12931	P11940	SRC_PABPC1	1.99	0.99	6.00E-04	2.32E-03	No	No	No	No	No
EGFRNetmtKRAS-Hi	SRC	HSPA5	P12931	P11021	SRC_HSPA5	2.17	1.12	2.96E-02	5.79E-06	No	No	No	No	No
EGFRNetmtKRAS-Hi	SRC	HSP90AB1	P12931	P08238	SRC_HSP90AB1	1.56	0.64	9.19E-04	6.16E-03	No	No	No	No	No
EGFRNetmtKRAS-Hi	SRC	HSP90AA1	P12931	P07900	SRC_HSP90AA1	1.49	0.57	3.78E-02	1.30E-02	No	No	No	Yes	No
EGFRNetmtKRAS-Hi	SRC	TUBB	P12931	P07437	SRC_TUBB	1.37	0.46	1.11E-03	3.79E-02	No	No	No	No	No
EGFRNetmtKRAS-Hi	SRC	MRPS14	P12931	O60783	SRC_MRPS14	1.54	0.63	4.05E-02	3.95E-02	No	No	No	No	No
EGFRNetmtKRAS-Hi	SRC	ACTN4	P12931	O43707	SRC_ACTN4	4.45	2.16	2.25E-02	1.62E-10	Yes	No	No	No	No
EGFRNetmtKRAS-Hi	TNK2	MRPL55	Q07912	Q7Z7F7	TNK2_MRPL55	1.95	0.97	3.70E-02	1.90E-02	No	No	No	No	No
EGFRNetmtKRAS-Hi	TNK2	CDC37	Q07912	Q16543	TNK2_CDC37	9.50	3.25	5.89E-03	1.40E-12	No	Yes	No	No	No
EGFRNetmtKRAS-Hi	TNK2	TNK2	Q07912	Q07912	TNK2_TNK2	9.36	3.23	6.49E-04	1.94E-12	No	No	Yes	Yes	No
EGFRNetmtKRAS-Hi	TNK2	CCT2	Q07912	P78371	TNK2_CCT2	4.10	2.03	4.40E-02	6.07E-06	No	No	No	No	No
EGFRNetmtKRAS-Hi	TNK2	CCT4	Q07912	P50991	TNK2_CCT4	4.95	2.31	3.65E-03	3.43E-07	No	No	No	No	No
EGFRNetmtKRAS-Hi	TNK2	CCT5	Q07912	P48643	TNK2_CCT5	3.68	1.88	4.07E-02	2.70E-05	No	No	No	No	No
EGFRNetmtKRAS-Hi	TNK2	CCT6A	Q07912	P40227	TNK2_CCT6A	4.35	2.12	3.80E-02	2.51E-06	No	No	No	No	No
EGFRNetmtKRAS-Hi	TNK2	TCP1	Q07912	P17987	TNK2_TCP1	3.57	1.84	4.80E-02	3.88E-05	No	No	No	No	No
EGFRNetmtKRAS-Hi	TNK2	HSPD1	Q07912	P10809	TNK2_HSPD1	1.92	0.94	5.74E-03	2.16E-02	No	No	No	No	No
EGFRNetmtKRAS-Hi	TNK2	HSP90AB3P	Q07912	Q58FF7	TNK2_HSP90AB3P	2.42	1.27	3.98E-02	3.11E-03	No	Yes	No	No	No
EGFRNetmtKRAS-Hi	TNK2	HSP90AB1	Q07912	P08238	TNK2_HSP90AB1	2.42	1.27	3.98E-02	3.11E-03	No	No	No	Yes	No
EGFRNetmtKRAS-Hi	TNK2	HSPA1A	Q07912	P08107	TNK2_HSPA1A	1.75	0.81	8.67E-04	4.08E-02	No	No	No	No	No
EGFRNetmtKRAS-Hi	TNK2	HSP90AA1	Q07912	P07900	TNK2_HSP90AA1	2.36	1.24	4.17E-02	3.87E-03	No	No	No	Yes	No
EGFRNetmtKRAS-Hi	VAV1	IVNS1ABP	P15498	Q9Y6Y0	VAV1_IVNS1ABP	1.88	0.91	6.63E-06	3.17E-02	Yes	No	No	No	No
EGFRNetmtKRAS-Hi	VAV1	VAPA	P15498	Q9P0L0	VAV1_VAPA	1.78	0.83	1.66E-02	4.53E-02	No	No	No	No	No
EGFRNetmtKRAS-Hi	VAV1	MRP63	P15498	Q9BQC6	VAV1_MRP63	2.23	1.16	2.24E-02	9.56E-03	No	No	No	No	No
EGFRNetmtKRAS-Hi	VAV1	TIMM50	P15498	Q3ZCQ8	VAV1_TIMM50	2.48	1.31	3.68E-04	3.96E-03	No	No	No	No	No
EGFRNetmtKRAS-Hi	VAV1	PRPSAP1	P15498	Q14558	VAV1_PRPSAP1	2.16	1.11	4.80E-03	1.20E-02	Yes	No	No	No	No
EGFRNetmtKRAS-Hi	VAV1	PSMD2	P15498	Q13200	VAV1_PSMD2	1.75	0.81	1.08E-02	4.91E-02	No	No	No	No	No
EGFRNetmtKRAS-Hi	VAV1	ASPH	P15498	Q12797	VAV1_ASPH	1.91	0.93	2.80E-02	2.86E-02	No	No	No	No	No
EGFRNetmtKRAS-Hi	VAV1	SLC25A3	P15498	Q00325	VAV1_SLC25A3	2.72	1.44	8.35E-03	1.77E-03	No	No	No	No	No
EGFRNetmtKRAS-Hi	VAV1	TUBB4B	P15498	P68371	VAV1_TUBB4B	2.15	1.11	9.66E-04	1.23E-02	No	No	No	No	No
EGFRNetmtKRAS-Hi	VAV1	TUBA1B	P15498	P68363	VAV1_TUBA1B	2.06	1.04	1.26E-03	1.72E-02	No	No	No	No	No
EGFRNetmtKRAS-Hi	VAV1	RPL38	P15498	P63173	VAV1_RPL38	1.78	0.83	3.43E-02	4.45E-02	No	No	No	No	No
EGFRNetmtKRAS-Hi	VAV1	RPL23	P15498	P62829	VAV1_RPL23	1.85	0.89	1.97E-02	3.55E-02	No	No	No	No	No
EGFRNetmtKRAS-Hi	VAV1	PRPS1	P15498	P60891	VAV1_PRPS1	2.45	1.29	1.30E-04	4.41E-03	Yes	No	No	No	No
EGFRNetmtKRAS-Hi	VAV1	TMEM33	P15498	P57088	VAV1_TMEM33	1.96	0.97	3.84E-02	2.38E-02	No	No	No	No	No
EGFRNetmtKRAS-Hi	VAV1	SLC25A1	P15498	P53007	VAV1_SLC25A1	2.03	1.02	4.34E-02	1.90E-02	No	No	No	No	No
EGFRNetmtKRAS-Hi	VAV1	TUFM	P15498	P49411	VAV1_TUFM	1.91	0.94	1.94E-02	2.85E-02	No	No	No	No	No
EGFRNetmtKRAS-Hi	VAV1	CAD	P15498	P27708	VAV1_CAD	2.22	1.15	4.96E-03	9.81E-03	No	No	No	No	No
EGFRNetmtKRAS-Hi	VAV1	VAV1	P15498	P15498	VAV1_VAV1	6.09	2.61	3.75E-06	7.47E-08	No	No	No	No	No
EGFRNetmtKRAS-Hi	VAV1	SLC25A6	P15498	P12236	VAV1_SLC25A6	1.81	0.85	4.97E-02	4.08E-02	No	No	No	No	No
EGFRNetmtKRAS-Hi	VAV1	PRPS2	P15498	P11908	VAV1_PRPS2	2.47	1.31	4.21E-04	4.08E-03	Yes	No	No	No	No
EGFRNetmtKRAS-Hi	VAV1	TUBB	P15498	P07437	VAV1_TUBB	2.04	1.03	1.93E-03	1.85E-02	No	No	No	Yes	No
EGFRNetmtKRAS-Hi	VAV1	SLC25A5	P15498	P05141	VAV1_SLC25A5	1.97	0.98	2.95E-02	2.31E-02	No	No	No	No	No
EGFRNetmtKRAS-Hi	VAV1	DNAJA2	P15498	O60884	VAV1_DNAJA2	1.97	0.98	2.35E-02	2.31E-02	No	No	No	No	No
EGFRNetmtKRAS-Hi	VAV1	PRPSAP2	P15498	O60256	VAV1_PRPSAP2	2.57	1.36	3.30E-04	2.91E-03	Yes	No	No	No	No
EGFRNetmtKRAS-Hi	YES1	CDC37	P07947	Q16543	YES1_CDC37	3.87	1.95	6.34E-03	2.95E-10	No	Yes	No	Yes	No
EGFRNetmtKRAS-Hi	YES1	CCT3	P07947	P49368	YES1_CCT3	1.69	0.76	2.44E-02	6.75E-03	No	No	No	No	No
EGFRNetmtKRAS-Hi	YES1	TCP1	P07947	P17987	YES1_TCP1	1.72	0.78	4.59E-03	5.30E-03	No	No	No	No	No
EGFRNetmtKRAS-Hi	YES1	SNRPN	P07947	P63162	YES1_SNRPN	1.52	0.61	2.89E-02	2.24E-02	No	No	No	No	No
EGFRNetmtKRAS-Hi	YES1	SNRPB	P07947	P14678	YES1_SNRPB	1.52	0.61	2.89E-02	2.24E-02	No	No	No	No	No
EGFRNetmtKRAS-Hi	YES1	HSPA8	P07947	P11142	YES1_HSPA8	1.77	0.82	2.39E-02	3.77E-03	No	No	No	No	No
EGFRNetmtKRAS-Hi	YES1	HSP90AB3P	P07947	Q58FF7	YES1_HSP90AB3P	3.40	1.77	2.91E-02	9.90E-09	No	Yes	No	No	No
EGFRNetmtKRAS-Hi	YES1	HSP90AB1	P07947	P08238	YES1_HSP90AB1	3.40	1.77	2.91E-02	9.90E-09	No	No	No	Yes	No
EGFRNetmtKRAS-Hi	YES1	HSPA1A	P07947	P08107	YES1_HSPA1A	2.06	1.04	3.70E-03	3.99E-04	No	No	No	No	No
EGFRNetmtKRAS-Hi	YES1	YES1	P07947	P07947	YES1_YES1	6.62	2.73	2.93E-04	3.85E-18	No	No	No	Yes	No
EGFRNetmtKRAS-Hi	YWHAE	LRCH1	P62258	Q9Y2L9	YWHAE_LRCH1	5.68	2.51	2.13E-02	1.67E-02	Yes	No	No	No	No
EGFRNetmtKRAS-Hi	YWHAE	SH2B3	P62258	Q9UQQ2	YWHAE_SH2B3	3.97	1.99	1.33E-02	4.54E-02	Yes	No	No	No	No
EGFRNetmtKRAS-Hi	YWHAE	ERRFI1	P62258	Q9UJM3	YWHAE_ERRFI1	5.45	2.45	5.81E-06	1.89E-02	No	No	No	Yes	No
EGFRNetmtKRAS-Hi	YWHAE	CDK12	P62258	Q9NYV4	YWHAE_CDK12	6.45	2.69	2.02E-02	1.12E-02	No	No	No	No	No
EGFRNetmtKRAS-Hi	YWHAE	TANC2	P62258	Q9HCD6	YWHAE_TANC2	8.52	3.09	3.17E-02	4.36E-03	No	No	No	No	No
EGFRNetmtKRAS-Hi	YWHAE	EPN3	P62258	Q9H201	YWHAE_EPN3	6.65	2.73	7.40E-03	1.02E-02	No	No	No	No	No
EGFRNetmtKRAS-Hi	YWHAE	PANK2	P62258	Q9BZ23	YWHAE_PANK2	3.97	1.99	1.05E-02	4.55E-02	No	No	No	No	No
EGFRNetmtKRAS-Hi	YWHAE	MAP3K15	P62258	Q6ZN16	YWHAE_MAP3K15	3.85	1.94	1.82E-02	4.91E-02	No	No	No	No	No
EGFRNetmtKRAS-Hi	YWHAE	MAP3K5	P62258	Q99683	YWHAE_MAP3K5	3.85	1.94	1.82E-02	4.91E-02	No	No	No	Yes	No
EGFRNetmtKRAS-Hi	YWHAE	PIK3R4	P62258	Q99570	YWHAE_PIK3R4	4.16	2.06	2.26E-02	4.02E-02	No	No	No	Yes	No
EGFRNetmtKRAS-Hi	YWHAE	CEP89	P62258	Q96ST8	YWHAE_CEP89	9.26	3.21	1.65E-04	3.22E-03	No	No	No	No	No
EGFRNetmtKRAS-Hi	YWHAE	FRMD6	P62258	Q96NE9	YWHAE_FRMD6	5.04	2.33	7.40E-05	2.37E-02	No	No	No	No	No
EGFRNetmtKRAS-Hi	YWHAE	THAP11	P62258	Q96EK4	YWHAE_THAP11	42.88	5.42	2.03E-02	2.18E-06	No	No	No	No	No
EGFRNetmtKRAS-Hi	YWHAE	TTC17	P62258	Q96AE7	YWHAE_TTC17	4.16	2.06	5.97E-04	4.01E-02	No	No	No	No	No
EGFRNetmtKRAS-Hi	YWHAE	CCNY	P62258	Q8ND76	YWHAE_CCNY	4.41	2.14	1.13E-03	3.45E-02	Yes	No	No	No	No
EGFRNetmtKRAS-Hi	YWHAE	PHACTR4	P62258	Q8IZ21	YWHAE_PHACTR4	5.95	2.57	7.12E-03	1.44E-02	No	No	No	No	No
EGFRNetmtKRAS-Hi	YWHAE	ARHGEF19	P62258	Q8IW93	YWHAE_ARHGEF19	9.14	3.19	2.64E-03	3.38E-03	No	No	No	No	No
EGFRNetmtKRAS-Hi	YWHAE	LSR	P62258	Q86X29	YWHAE_LSR	3.99	1.99	1.87E-03	4.49E-02	No	No	No	Yes	No
EGFRNetmtKRAS-Hi	YWHAE	FAM122B	P62258	Q7Z309	YWHAE_FAM122B	6.85	2.78	2.10E-05	9.21E-03	Yes	No	No	No	No
EGFRNetmtKRAS-Hi	YWHAE	DAB2IP	P62258	Q5VWQ8	YWHAE_DAB2IP	5.97	2.58	1.98E-02	1.43E-02	Yes	No	No	No	No
EGFRNetmtKRAS-Hi	YWHAE	FAM110C	P62258	Q1W6H9	YWHAE_FAM110C	6.36	2.67	1.03E-03	1.17E-02	No	No	No	No	No
EGFRNetmtKRAS-Hi	YWHAE	NOLC1	P62258	Q14978	YWHAE_NOLC1	7.26	2.86	4.21E-04	7.59E-03	No	No	No	Yes	No
EGFRNetmtKRAS-Hi	YWHAE	LPIN1	P62258	Q14693	YWHAE_LPIN1	5.55	2.47	3.82E-02	1.78E-02	No	No	No	No	No
EGFRNetmtKRAS-Hi	YWHAE	CHAF1B	P62258	Q13112	YWHAE_CHAF1B	9.54	3.25	5.78E-03	2.89E-03	No	No	No	No	No
EGFRNetmtKRAS-Hi	YWHAE	CHAF1A	P62258	Q13111	YWHAE_CHAF1A	4.09	2.03	2.26E-02	4.20E-02	No	No	No	Yes	No
EGFRNetmtKRAS-Hi	YWHAE	YWHAH	P62258	Q04917	YWHAE_YWHAH	6.83	2.77	1.93E-08	9.32E-03	No	No	No	Yes	Yes
EGFRNetmtKRAS-Hi	YWHAE	PRR5	P62258	P85299	YWHAE_PRR5	12.92	3.69	1.27E-02	8.75E-04	No	No	No	No	No
EGFRNetmtKRAS-Hi	YWHAE	YWHAZ	P62258	P63104	YWHAE_YWHAZ	5.13	2.36	7.71E-08	2.25E-02	No	No	No	Yes	Yes
EGFRNetmtKRAS-Hi	YWHAE	YWHAE	P62258	P62258	YWHAE_YWHAE	5.03	2.33	5.50E-07	2.39E-02	No	No	No	Yes	No
EGFRNetmtKRAS-Hi	YWHAE	YWHAG	P62258	P61981	YWHAE_YWHAG	4.86	2.28	3.11E-06	2.64E-02	No	No	No	Yes	No
EGFRNetmtKRAS-Hi	YWHAE	SFN	P62258	P31947	YWHAE_SFN	7.16	2.84	4.04E-04	7.99E-03	No	No	No	No	No
EGFRNetmtKRAS-Hi	YWHAE	YWHAB	P62258	P31946	YWHAE_YWHAB	4.93	2.30	8.76E-08	2.52E-02	No	No	No	Yes	No
EGFRNetmtKRAS-Hi	YWHAE	YWHAQ	P62258	P27348	YWHAE_YWHAQ	5.50	2.46	3.05E-08	1.83E-02	No	No	No	Yes	No
EGFRNetmtKRAS-Hi	YWHAE	DNMT1	P62258	P26358	YWHAE_DNMT1	5.26	2.39	3.62E-04	2.10E-02	Yes	No	No	No	No
EGFRNetmtKRAS-Hi	YWHAE	CDK11A	P62258	P21127	YWHAE_CDK11A	13.47	3.75	7.63E-05	7.34E-04	No	No	No	Yes	No
EGFRNetmtKRAS-Hi	YWHAE	CDK11B	P62258	Q9UQ88	YWHAE_CDK11B	13.47	3.75	7.63E-05	7.34E-04	No	No	No	No	No
EGFRNetmtKRAS-Hi	YWHAE	SRSF10	P62258	O75494	YWHAE_SRSF10	4.57	2.19	6.42E-03	3.12E-02	No	No	No	No	No
