Network	Bait	Prey	Bait_uniprot	Prey_uniprot	Interaction	SILAC Ratio               (Prey abundance in EGFRNetmtKRAS-Lo AP/Prey abundance in EV control AP)	Log2 (SILAC ratio)	t-test                                   P value	Significance A	Is significantly rewired (relative to EGFRNetmtKRAS-Hi)?	Is interaction in Bioplex 2.0 (Huttlin et al., 2017)?	Is interaction in Rolland et al., 2014?	Is interaction in IID (Kotlyar et al. 2016)?	Is interaction in Hein et al., 2015?
EGFRNetmtKRAS-Lo	ABI1	WASF2	Q8IZP0	Q9Y6W5	ABI1_WASF2	6.34	2.66	1.60E-02	2.54E-34	No	No	No	Yes	No
EGFRNetmtKRAS-Lo	ABI1	NCKAP1	Q8IZP0	Q9Y2A7	ABI1_NCKAP1	6.94	2.79	1.73E-08	1.41E-37	No	No	No	Yes	No
EGFRNetmtKRAS-Lo	ABI1	DPP7	Q8IZP0	Q9UHL4	ABI1_DPP7	1.83	0.87	7.44E-03	4.21E-05	No	No	No	No	No
EGFRNetmtKRAS-Lo	ABI1	KIAA1522	Q8IZP0	Q9P206	ABI1_KIAA1522	2.88	1.53	1.72E-02	1.92E-12	No	No	No	Yes	No
EGFRNetmtKRAS-Lo	ABI1	WASF1	Q8IZP0	Q92558	ABI1_WASF1	2.81	1.49	4.91E-02	6.54E-12	No	No	No	Yes	No
EGFRNetmtKRAS-Lo	ABI1	ABI1	Q8IZP0	Q8IZP0	ABI1_ABI1	11.68	3.55	1.33E-08	2.29E-59	No	No	No	Yes	No
EGFRNetmtKRAS-Lo	ABI1	CYFIP1	Q8IZP0	Q7L576	ABI1_CYFIP1	8.27	3.05	1.49E-07	2.27E-44	No	No	No	Yes	No
EGFRNetmtKRAS-Lo	ABI1	NHSL1	Q8IZP0	Q5SYE7	ABI1_NHSL1	4.21	2.08	1.59E-02	1.59E-21	No	No	No	Yes	No
EGFRNetmtKRAS-Lo	ABI1	HSD17B12	Q8IZP0	Q53GQ0	ABI1_HSD17B12	1.35	0.43	7.20E-03	2.80E-02	No	No	No	No	No
EGFRNetmtKRAS-Lo	ABI1	SLC25A11	Q8IZP0	Q02978	ABI1_SLC25A11	1.93	0.95	3.03E-02	8.75E-06	No	No	No	No	No
EGFRNetmtKRAS-Lo	ABI1	TUBB4B	Q8IZP0	P68371	ABI1_TUBB4B	1.48	0.56	1.56E-02	6.11E-03	No	No	No	No	No
EGFRNetmtKRAS-Lo	ABI1	TUBA1B	Q8IZP0	P68363	ABI1_TUBA1B	1.40	0.49	1.88E-02	1.54E-02	No	No	No	No	No
EGFRNetmtKRAS-Lo	ABI1	PRPS1	Q8IZP0	P60891	ABI1_PRPS1	1.45	0.54	1.09E-02	8.10E-03	Yes	No	No	No	No
EGFRNetmtKRAS-Lo	ABI1	CAD	Q8IZP0	P27708	ABI1_CAD	1.54	0.62	6.45E-03	2.72E-03	No	No	No	No	No
EGFRNetmtKRAS-Lo	ABI1	ITGA3	Q8IZP0	P26006	ABI1_ITGA3	1.30	0.38	3.24E-02	4.55E-02	Yes	No	No	No	No
EGFRNetmtKRAS-Lo	ABI1	HSPA7	Q8IZP0	P48741	ABI1_HSPA7	1.34	0.43	6.54E-04	2.94E-02	No	No	No	No	No
EGFRNetmtKRAS-Lo	ABI1	HSPA6	Q8IZP0	P17066	ABI1_HSPA6	1.34	0.43	6.54E-04	2.94E-02	No	No	No	No	No
EGFRNetmtKRAS-Lo	ABI1	HSPA8	Q8IZP0	P11142	ABI1_HSPA8	1.40	0.49	1.80E-02	1.50E-02	No	No	No	Yes	No
EGFRNetmtKRAS-Lo	ABI1	HSPB1	Q8IZP0	P04792	ABI1_HSPB1	1.63	0.70	2.00E-03	7.92E-04	Yes	No	No	No	No
EGFRNetmtKRAS-Lo	AKT1	CCT7	P31749	Q99832	AKT1_CCT7	2.02	1.02	1.01E-07	1.17E-02	No	No	No	No	No
EGFRNetmtKRAS-Lo	AKT1	CDC37	P31749	Q16543	AKT1_CDC37	7.99	3.00	1.92E-09	3.21E-11	Yes	No	No	Yes	No
EGFRNetmtKRAS-Lo	AKT1	RCN2	P31749	Q14257	AKT1_RCN2	1.76	0.81	8.31E-07	3.38E-02	No	No	No	No	No
EGFRNetmtKRAS-Lo	AKT1	DSG1	P31749	Q02413	AKT1_DSG1	3.08	1.62	4.36E-02	1.75E-04	No	No	No	No	No
EGFRNetmtKRAS-Lo	AKT1	CCT2	P31749	P78371	AKT1_CCT2	2.10	1.07	7.31E-08	8.58E-03	No	No	No	No	No
EGFRNetmtKRAS-Lo	AKT1	UBA52	P31749	P62987	AKT1_UBA52	2.52	1.33	1.54E-03	1.57E-03	No	No	No	Yes	No
EGFRNetmtKRAS-Lo	AKT1	UBB	P31749	P0CG47	AKT1_UBB	2.52	1.33	1.54E-03	1.57E-03	No	No	No	No	No
EGFRNetmtKRAS-Lo	AKT1	UBC	P31749	P0CG48	AKT1_UBC	2.52	1.33	1.54E-03	1.57E-03	No	No	No	No	No
EGFRNetmtKRAS-Lo	AKT1	RPS27A	P31749	P62979	AKT1_RPS27A	2.52	1.33	1.54E-03	1.57E-03	No	No	No	No	No
EGFRNetmtKRAS-Lo	AKT1	CCT4	P31749	P50991	AKT1_CCT4	1.85	0.88	1.24E-05	2.36E-02	No	No	No	No	No
EGFRNetmtKRAS-Lo	AKT1	CCT8	P31749	P50990	AKT1_CCT8	2.14	1.09	5.52E-07	7.43E-03	No	No	No	No	No
EGFRNetmtKRAS-Lo	AKT1	CCT3	P31749	P49368	AKT1_CCT3	2.03	1.02	3.38E-08	1.13E-02	No	No	No	No	No
EGFRNetmtKRAS-Lo	AKT1	FASN	P31749	P49327	AKT1_FASN	1.67	0.74	7.68E-05	4.65E-02	No	No	No	Yes	No
EGFRNetmtKRAS-Lo	AKT1	CCT5	P31749	P48643	AKT1_CCT5	1.77	0.82	1.27E-05	3.18E-02	No	No	No	No	No
EGFRNetmtKRAS-Lo	AKT1	CCT6A	P31749	P40227	AKT1_CCT6A	2.41	1.27	1.21E-05	2.42E-03	No	No	No	No	No
EGFRNetmtKRAS-Lo	AKT1	AKT1	P31749	P31749	AKT1_AKT1	24.07	4.59	2.53E-10	1.15E-23	Yes	No	No	Yes	Yes
EGFRNetmtKRAS-Lo	AKT1	TCP1	P31749	P17987	AKT1_TCP1	2.09	1.07	2.33E-07	8.75E-03	No	No	No	No	No
EGFRNetmtKRAS-Lo	AKT1	HSPA6	P31749	P17066	AKT1_HSPA6	2.22	1.15	1.00E-07	5.24E-03	No	No	No	No	No
EGFRNetmtKRAS-Lo	AKT1	DSP	P31749	P15924	AKT1_DSP	2.20	1.14	1.61E-02	5.78E-03	No	No	No	No	No
EGFRNetmtKRAS-Lo	AKT1	HSPA8	P31749	P11142	AKT1_HSPA8	2.36	1.24	1.22E-10	3.07E-03	No	No	No	Yes	No
EGFRNetmtKRAS-Lo	AKT1	HSP90AB3P	P31749	Q58FF7	AKT1_HSP90AB3P	10.60	3.41	1.66E-11	6.14E-14	No	No	No	No	No
EGFRNetmtKRAS-Lo	AKT1	HSP90AB1	P31749	P08238	AKT1_HSP90AB1	10.60	3.41	1.66E-11	6.14E-14	No	No	No	Yes	No
EGFRNetmtKRAS-Lo	AKT1	HSP90AA1	P31749	P07900	AKT1_HSP90AA1	10.30	3.36	1.98E-09	1.21E-13	Yes	No	No	Yes	No
EGFRNetmtKRAS-Lo	AKT1	ANXA2P2	P31749	A6NMY6	AKT1_ANXA2P2	1.84	0.88	2.38E-04	2.39E-02	No	No	No	No	No
EGFRNetmtKRAS-Lo	AKT1	ANXA2	P31749	P07355	AKT1_ANXA2	1.84	0.88	2.38E-04	2.39E-02	No	No	No	No	No
EGFRNetmtKRAS-Lo	AKT1	HSPB1	P31749	P04792	AKT1_HSPB1	4.73	2.24	1.66E-04	4.63E-07	No	No	No	Yes	No
EGFRNetmtKRAS-Lo	AKT1	BAG2	P31749	O95816	AKT1_BAG2	4.41	2.14	1.67E-03	1.37E-06	No	No	No	No	No
EGFRNetmtKRAS-Lo	ARAF	CCT7	P10398	Q99832	ARAF_CCT7	2.46	1.30	8.31E-10	1.80E-02	No	No	No	No	No
EGFRNetmtKRAS-Lo	ARAF	CDC37	P10398	Q16543	ARAF_CDC37	10.13	3.34	2.13E-09	5.61E-08	No	No	No	Yes	Yes
EGFRNetmtKRAS-Lo	ARAF	PKP1	P10398	Q13835	ARAF_PKP1	4.10	2.04	1.84E-02	5.62E-04	No	No	No	No	No
EGFRNetmtKRAS-Lo	ARAF	DSG1	P10398	Q02413	ARAF_DSG1	4.58	2.20	5.71E-03	2.26E-04	No	No	No	No	No
EGFRNetmtKRAS-Lo	ARAF	CCT2	P10398	P78371	ARAF_CCT2	2.18	1.12	4.16E-09	3.42E-02	No	No	No	No	No
EGFRNetmtKRAS-Lo	ARAF	YWHAZ	P10398	P63104	ARAF_YWHAZ	2.42	1.28	5.63E-07	1.96E-02	No	No	No	Yes	No
EGFRNetmtKRAS-Lo	ARAF	YWHAG	P10398	P61981	ARAF_YWHAG	2.60	1.38	1.83E-07	1.31E-02	No	No	No	Yes	No
EGFRNetmtKRAS-Lo	ARAF	CCT4	P10398	P50991	ARAF_CCT4	2.16	1.11	1.51E-06	3.57E-02	No	No	No	No	No
EGFRNetmtKRAS-Lo	ARAF	CCT8	P10398	P50990	ARAF_CCT8	2.20	1.14	8.59E-10	3.24E-02	No	No	No	No	No
EGFRNetmtKRAS-Lo	ARAF	CCT3	P10398	P49368	ARAF_CCT3	2.16	1.11	7.12E-09	3.59E-02	No	No	No	No	No
EGFRNetmtKRAS-Lo	ARAF	MTNR1B	P10398	P49286	ARAF_MTNR1B	126.55	6.98	7.32E-03	1.35E-28	Yes	No	No	No	No
EGFRNetmtKRAS-Lo	ARAF	CCT6A	P10398	P40227	ARAF_CCT6A	2.25	1.17	3.55E-08	2.91E-02	No	No	No	No	No
EGFRNetmtKRAS-Lo	ARAF	SFN	P10398	P31947	ARAF_SFN	2.18	1.12	1.60E-07	3.42E-02	No	No	No	Yes	No
EGFRNetmtKRAS-Lo	ARAF	YWHAB	P10398	P31946	ARAF_YWHAB	2.28	1.19	1.92E-07	2.70E-02	No	No	No	Yes	No
EGFRNetmtKRAS-Lo	ARAF	YWHAQ	P10398	P27348	ARAF_YWHAQ	2.21	1.14	2.08E-06	3.21E-02	No	No	No	Yes	No
EGFRNetmtKRAS-Lo	ARAF	TCP1	P10398	P17987	ARAF_TCP1	2.29	1.20	1.95E-09	2.62E-02	No	No	No	Yes	No
EGFRNetmtKRAS-Lo	ARAF	DSP	P10398	P15924	ARAF_DSP	3.50	1.81	1.77E-03	1.88E-03	No	No	No	No	No
EGFRNetmtKRAS-Lo	ARAF	BRAF	P10398	P15056	ARAF_BRAF	86.12	6.43	7.54E-09	1.51E-24	No	Yes	No	Yes	No
EGFRNetmtKRAS-Lo	ARAF	JUP	P10398	P14923	ARAF_JUP	2.34	1.23	3.01E-04	2.37E-02	No	No	No	No	No
EGFRNetmtKRAS-Lo	ARAF	HSPA8	P10398	P11142	ARAF_HSPA8	2.64	1.40	5.13E-08	1.19E-02	No	No	No	No	No
EGFRNetmtKRAS-Lo	ARAF	ARAF	P10398	P10398	ARAF_ARAF	17.61	4.14	1.90E-11	2.69E-11	No	No	No	Yes	No
EGFRNetmtKRAS-Lo	ARAF	HSP90AB3P	P10398	Q58FF7	ARAF_HSP90AB3P	13.51	3.76	3.69E-12	1.27E-09	No	No	No	No	No
EGFRNetmtKRAS-Lo	ARAF	HSP90AB1	P10398	P08238	ARAF_HSP90AB1	13.51	3.76	3.69E-12	1.27E-09	No	No	No	Yes	No
EGFRNetmtKRAS-Lo	ARAF	HSP90AA1	P10398	P07900	ARAF_HSP90AA1	16.28	4.02	1.86E-12	8.75E-11	Yes	No	No	Yes	No
EGFRNetmtKRAS-Lo	ARAF	ANXA1	P10398	P04083	ARAF_ANXA1	2.82	1.50	4.92E-02	7.98E-03	No	No	No	No	No
EGFRNetmtKRAS-Lo	ARAF	RAF1	P10398	P04049	ARAF_RAF1	19.67	4.30	8.84E-10	4.84E-12	No	No	No	Yes	No
EGFRNetmtKRAS-Lo	ARAF	BAG2	P10398	O95816	ARAF_BAG2	6.99	2.81	8.63E-09	3.96E-06	Yes	No	No	Yes	No
EGFRNetmtKRAS-Lo	AXL	CDC37	P30530	Q16543	AXL_CDC37	3.74	1.90	3.33E-02	2.66E-06	No	No	No	No	No
EGFRNetmtKRAS-Lo	AXL	PPIA	P30530	P62937	AXL_PPIA	1.63	0.71	2.05E-03	4.78E-02	No	No	No	No	No
EGFRNetmtKRAS-Lo	AXL	RPL39P5	P30530	Q59GN2	AXL_RPL39P5	2.03	1.02	2.89E-03	7.82E-03	No	No	No	No	No
EGFRNetmtKRAS-Lo	AXL	RPL39	P30530	P62891	AXL_RPL39	2.03	1.02	2.89E-03	7.82E-03	No	No	No	No	No
EGFRNetmtKRAS-Lo	AXL	SEC61B	P30530	P60468	AXL_SEC61B	2.32	1.22	1.32E-03	1.92E-03	No	No	No	No	No
EGFRNetmtKRAS-Lo	AXL	SLC25A1	P30530	P53007	AXL_SLC25A1	2.14	1.10	1.13E-05	4.62E-03	Yes	No	No	No	No
EGFRNetmtKRAS-Lo	AXL	DNAJA1	P30530	P31689	AXL_DNAJA1	2.73	1.45	4.33E-04	2.74E-04	No	No	No	No	No
EGFRNetmtKRAS-Lo	AXL	AXL	P30530	P30530	AXL_AXL	16.39	4.04	1.45E-07	1.55E-22	No	No	No	Yes	No
EGFRNetmtKRAS-Lo	AXL	HSPA6	P30530	P17066	AXL_HSPA6	2.39	1.26	1.19E-02	1.36E-03	No	No	No	No	No
EGFRNetmtKRAS-Lo	AXL	HSPA8	P30530	P11142	AXL_HSPA8	2.77	1.47	1.01E-05	2.24E-04	No	No	No	No	No
EGFRNetmtKRAS-Lo	AXL	HSP90AB3P	P30530	Q58FF7	AXL_HSP90AB3P	1.85	0.89	2.55E-05	1.76E-02	No	No	No	No	No
EGFRNetmtKRAS-Lo	AXL	HSP90AB1	P30530	P08238	AXL_HSP90AB1	1.85	0.89	2.55E-05	1.76E-02	No	No	No	Yes	No
EGFRNetmtKRAS-Lo	AXL	HSPA1A	P30530	P08107	AXL_HSPA1A	2.50	1.32	9.82E-05	8.29E-04	No	No	No	No	No
EGFRNetmtKRAS-Lo	AXL	HSP90AA1	P30530	P07900	AXL_HSP90AA1	1.92	0.94	1.09E-05	1.30E-02	No	No	No	Yes	No
EGFRNetmtKRAS-Lo	AXL	RPLP1	P30530	P05386	AXL_RPLP1	1.98	0.99	3.40E-08	9.68E-03	No	No	No	No	No
EGFRNetmtKRAS-Lo	AXL	BAG2	P30530	O95816	AXL_BAG2	6.52	2.71	2.18E-06	4.35E-11	No	No	No	No	No
EGFRNetmtKRAS-Lo	AXL	DNAJA2	P30530	O60884	AXL_DNAJA2	1.88	0.91	1.84E-03	1.56E-02	No	No	No	No	No
EGFRNetmtKRAS-Lo	BAD	TIMM9	Q92934	Q9Y5J7	BAD_TIMM9	2.17	1.12	9.41E-03	2.10E-02	Yes	No	No	No	No
EGFRNetmtKRAS-Lo	BAD	AKAP8L	Q92934	Q9ULX6	BAD_AKAP8L	2.20	1.14	8.74E-07	1.94E-02	Yes	No	No	No	No
EGFRNetmtKRAS-Lo	BAD	SLC25A10	Q92934	Q9UBX3	BAD_SLC25A10	2.18	1.13	2.31E-03	2.03E-02	No	No	No	No	No
EGFRNetmtKRAS-Lo	BAD	ATAD3A	Q92934	Q9NVI7	BAD_ATAD3A	2.33	1.22	4.12E-08	1.32E-02	Yes	No	No	No	No
EGFRNetmtKRAS-Lo	BAD	IPO9	Q92934	Q96P70	BAD_IPO9	2.64	1.40	1.04E-02	5.46E-03	Yes	No	No	No	No
EGFRNetmtKRAS-Lo	BAD	HOOK2	Q92934	Q96ED9	BAD_HOOK2	1.95	0.96	4.05E-03	3.99E-02	Yes	No	No	No	No
EGFRNetmtKRAS-Lo	BAD	BAD	Q92934	Q92934	BAD_BAD	18.22	4.19	7.04E-14	1.16E-14	No	No	No	No	No
EGFRNetmtKRAS-Lo	BAD	HDAC2	Q92934	Q92769	BAD_HDAC2	1.93	0.95	1.67E-04	4.20E-02	No	No	No	No	No
EGFRNetmtKRAS-Lo	BAD	PTRF	Q92934	Q6NZI2	BAD_PTRF	2.37	1.24	2.92E-04	1.20E-02	No	No	No	No	No
EGFRNetmtKRAS-Lo	BAD	RNF219	Q92934	Q5W0B1	BAD_RNF219	1.97	0.98	1.76E-05	3.81E-02	No	No	No	No	No
EGFRNetmtKRAS-Lo	BAD	ATAD3B	Q92934	Q5T9A4	BAD_ATAD3B	2.85	1.51	1.91E-06	2.97E-03	No	No	No	No	No
EGFRNetmtKRAS-Lo	BAD	SMN1	Q92934	Q16637	BAD_SMN1	2.00	1.00	5.11E-05	3.51E-02	Yes	No	No	No	No
EGFRNetmtKRAS-Lo	BAD	PPP2R5E	Q92934	Q16537	BAD_PPP2R5E	6.33	2.66	3.12E-08	6.17E-07	Yes	No	No	No	No
EGFRNetmtKRAS-Lo	BAD	PPP2R5C	Q92934	Q13362	BAD_PPP2R5C	2.92	1.55	5.31E-05	2.44E-03	Yes	No	No	No	No
EGFRNetmtKRAS-Lo	BAD	PRKAA1	Q92934	Q13131	BAD_PRKAA1	3.87	1.95	4.88E-03	1.90E-04	No	No	No	No	No
EGFRNetmtKRAS-Lo	BAD	RBBP4	Q92934	Q09028	BAD_RBBP4	1.95	0.97	3.09E-07	3.95E-02	No	No	No	No	No
EGFRNetmtKRAS-Lo	BAD	BCL2L1	Q92934	Q07817	BAD_BCL2L1	47.26	5.56	4.34E-07	1.83E-24	No	Yes	Yes	Yes	No
EGFRNetmtKRAS-Lo	BAD	YWHAH	Q92934	Q04917	BAD_YWHAH	8.91	3.16	3.51E-10	4.50E-09	No	No	No	Yes	No
EGFRNetmtKRAS-Lo	BAD	SLC25A11	Q92934	Q02978	BAD_SLC25A11	1.89	0.92	1.36E-04	4.74E-02	No	No	No	No	No
EGFRNetmtKRAS-Lo	BAD	PPP2CA	Q92934	P67775	BAD_PPP2CA	4.16	2.06	1.11E-08	8.96E-05	Yes	No	No	No	No
EGFRNetmtKRAS-Lo	BAD	YWHAZ	Q92934	P63104	BAD_YWHAZ	9.37	3.23	7.04E-14	2.03E-09	No	No	No	Yes	No
EGFRNetmtKRAS-Lo	BAD	YWHAE	Q92934	P62258	BAD_YWHAE	8.06	3.01	1.90E-12	2.07E-08	No	No	No	Yes	No
EGFRNetmtKRAS-Lo	BAD	YWHAG	Q92934	P61981	BAD_YWHAG	9.40	3.23	8.07E-10	1.94E-09	No	No	No	Yes	No
EGFRNetmtKRAS-Lo	BAD	ATP5J2	Q92934	P56134	BAD_ATP5J2	1.89	0.92	4.33E-02	4.72E-02	No	No	No	No	No
EGFRNetmtKRAS-Lo	BAD	SNCA	Q92934	P37840	BAD_SNCA	10.11	3.34	1.02E-07	5.94E-10	No	No	No	Yes	No
EGFRNetmtKRAS-Lo	BAD	SFN	Q92934	P31947	BAD_SFN	7.52	2.91	1.27E-08	5.74E-08	No	No	No	Yes	No
EGFRNetmtKRAS-Lo	BAD	YWHAB	Q92934	P31946	BAD_YWHAB	7.05	2.82	8.32E-10	1.42E-07	No	No	No	Yes	No
EGFRNetmtKRAS-Lo	BAD	PPP2R1A	Q92934	P30153	BAD_PPP2R1A	3.95	1.98	1.07E-08	1.53E-04	Yes	No	No	No	No
EGFRNetmtKRAS-Lo	BAD	CAD	Q92934	P27708	BAD_CAD	2.76	1.46	5.33E-10	3.86E-03	No	No	No	No	No
EGFRNetmtKRAS-Lo	BAD	YWHAQ	Q92934	P27348	BAD_YWHAQ	8.42	3.07	1.72E-11	1.07E-08	No	No	No	Yes	No
EGFRNetmtKRAS-Lo	BAD	PRKACB	Q92934	P22694	BAD_PRKACB	2.04	1.03	1.68E-04	3.09E-02	No	No	No	No	No
EGFRNetmtKRAS-Lo	BAD	PRKACA	Q92934	P17612	BAD_PRKACA	2.46	1.30	3.33E-07	9.16E-03	No	No	No	Yes	No
EGFRNetmtKRAS-Lo	BAD	HSPA6	Q92934	P17066	BAD_HSPA6	2.08	1.05	1.75E-03	2.78E-02	No	No	No	No	No
EGFRNetmtKRAS-Lo	BAD	HSPA8	Q92934	P11142	BAD_HSPA8	2.72	1.44	1.38E-05	4.29E-03	No	No	No	No	No
EGFRNetmtKRAS-Lo	BAD	PRKAR1A	Q92934	P10644	BAD_PRKAR1A	2.23	1.15	4.27E-05	1.80E-02	No	No	No	No	No
EGFRNetmtKRAS-Lo	BAD	CYC1	Q92934	P08574	BAD_CYC1	1.88	0.91	8.39E-06	4.95E-02	Yes	No	No	No	No
EGFRNetmtKRAS-Lo	BAD	HSPA1A	Q92934	P08107	BAD_HSPA1A	2.02	1.01	6.04E-04	3.28E-02	No	No	No	No	No
EGFRNetmtKRAS-Lo	BAD	HSPB1	Q92934	P04792	BAD_HSPB1	2.43	1.28	9.96E-09	9.96E-03	No	No	No	No	No
EGFRNetmtKRAS-Lo	BAD	SGPL1	Q92934	O95470	BAD_SGPL1	2.18	1.13	1.48E-02	2.04E-02	No	No	No	No	No
EGFRNetmtKRAS-Lo	BAD	MTA2	Q92934	O94776	BAD_MTA2	2.35	1.23	1.71E-05	1.25E-02	No	No	No	No	No
EGFRNetmtKRAS-Lo	BAD	ERLIN1	Q92934	O75477	BAD_ERLIN1	2.00	1.00	2.76E-04	3.44E-02	Yes	No	No	No	No
EGFRNetmtKRAS-Lo	BLK	DSG1	P51451	Q02413	BLK_DSG1	4.60	2.20	3.77E-02	7.89E-09	No	No	No	No	No
EGFRNetmtKRAS-Lo	BLK	BLK	P51451	P51451	BLK_BLK	9.15	3.19	3.60E-08	1.48E-16	No	No	No	Yes	No
EGFRNetmtKRAS-Lo	BLK	HSPA9	P51451	P38646	BLK_HSPA9	1.58	0.66	1.23E-03	4.05E-02	No	No	No	No	No
EGFRNetmtKRAS-Lo	BLK	HSPA5	P51451	P11021	BLK_HSPA5	1.86	0.89	2.15E-03	9.87E-03	No	No	No	No	No
EGFRNetmtKRAS-Lo	BLK	HSP90AA1	P51451	P07900	BLK_HSP90AA1	1.59	0.67	1.81E-03	3.99E-02	No	No	No	Yes	No
EGFRNetmtKRAS-Lo	BLK	CDK1	P51451	P06493	BLK_CDK1	17.51	4.13	5.87E-04	2.37E-26	No	No	No	No	No
EGFRNetmtKRAS-Lo	BMX	AP3M1	P51813	Q9Y2T2	BMX_AP3M1	4.78	2.26	3.03E-08	5.06E-03	Yes	No	No	No	No
EGFRNetmtKRAS-Lo	BMX	DDX47	P51813	Q9H0S4	BMX_DDX47	2.78	1.48	2.49E-04	4.66E-02	Yes	No	No	No	No
EGFRNetmtKRAS-Lo	BMX	WDR61	P51813	Q9GZS3	BMX_WDR61	11.81	3.56	1.87E-07	2.38E-05	Yes	No	No	No	No
EGFRNetmtKRAS-Lo	BMX	GRWD1	P51813	Q9BQ67	BMX_GRWD1	3.40	1.76	7.70E-06	2.23E-02	No	No	No	No	No
EGFRNetmtKRAS-Lo	BMX	CCT7	P51813	Q99832	BMX_CCT7	5.93	2.57	1.03E-10	1.71E-03	Yes	No	No	No	No
EGFRNetmtKRAS-Lo	BMX	HSPH1	P51813	Q92598	BMX_HSPH1	3.38	1.76	9.89E-04	2.28E-02	No	No	No	No	No
EGFRNetmtKRAS-Lo	BMX	LEO1	P51813	Q8WVC0	BMX_LEO1	6.67	2.74	9.56E-08	8.95E-04	Yes	No	No	No	No
EGFRNetmtKRAS-Lo	BMX	PAF1	P51813	Q8N7H5	BMX_PAF1	10.46	3.39	8.70E-09	5.52E-05	Yes	No	No	No	No
EGFRNetmtKRAS-Lo	BMX	CTR9	P51813	Q6PD62	BMX_CTR9	7.69	2.94	1.85E-10	3.94E-04	Yes	No	No	No	No
EGFRNetmtKRAS-Lo	BMX	CDC73	P51813	Q6P1J9	BMX_CDC73	11.01	3.46	4.00E-11	3.89E-05	Yes	No	No	No	No
EGFRNetmtKRAS-Lo	BMX	CDC37	P51813	Q16543	BMX_CDC37	7.31	2.87	7.26E-09	5.28E-04	No	No	No	No	No
EGFRNetmtKRAS-Lo	BMX	TRIM26	P51813	Q12899	BMX_TRIM26	6.35	2.67	1.36E-03	1.17E-03	Yes	No	No	No	No
EGFRNetmtKRAS-Lo	BMX	CCT2	P51813	P78371	BMX_CCT2	5.65	2.50	2.32E-10	2.20E-03	Yes	No	No	No	No
EGFRNetmtKRAS-Lo	BMX	PPP2R2A	P51813	P63151	BMX_PPP2R2A	4.94	2.31	7.61E-05	4.29E-03	No	No	No	No	No
EGFRNetmtKRAS-Lo	BMX	BMX	P51813	P51813	BMX_BMX	20.36	4.35	1.17E-10	3.42E-07	Yes	No	No	Yes	No
EGFRNetmtKRAS-Lo	BMX	CCT4	P51813	P50991	BMX_CCT4	4.92	2.30	1.17E-11	4.41E-03	Yes	No	No	No	No
EGFRNetmtKRAS-Lo	BMX	CCT8	P51813	P50990	BMX_CCT8	5.26	2.40	4.87E-11	3.16E-03	Yes	No	No	No	No
EGFRNetmtKRAS-Lo	BMX	CCT3	P51813	P49368	BMX_CCT3	6.20	2.63	5.88E-11	1.34E-03	Yes	No	No	No	No
EGFRNetmtKRAS-Lo	BMX	CCT5	P51813	P48643	BMX_CCT5	4.67	2.22	8.82E-11	5.66E-03	Yes	No	No	No	No
EGFRNetmtKRAS-Lo	BMX	IQGAP1	P51813	P46940	BMX_IQGAP1	2.93	1.55	4.97E-06	3.88E-02	Yes	No	No	No	No
EGFRNetmtKRAS-Lo	BMX	CCT6A	P51813	P40227	BMX_CCT6A	5.65	2.50	4.61E-11	2.20E-03	Yes	No	No	No	No
EGFRNetmtKRAS-Lo	BMX	PPP2R1A	P51813	P30153	BMX_PPP2R1A	3.37	1.75	4.23E-05	2.29E-02	No	No	No	No	No
EGFRNetmtKRAS-Lo	BMX	TCP1	P51813	P17987	BMX_TCP1	5.69	2.51	4.14E-11	2.11E-03	Yes	No	No	No	No
EGFRNetmtKRAS-Lo	BMX	GYS1	P51813	P13807	BMX_GYS1	3.81	1.93	9.91E-06	1.40E-02	No	No	No	No	No
EGFRNetmtKRAS-Lo	BMX	HSPA8	P51813	P11142	BMX_HSPA8	3.62	1.86	1.29E-09	1.73E-02	Yes	No	No	No	No
EGFRNetmtKRAS-Lo	BMX	HSPA5	P51813	P11021	BMX_HSPA5	3.68	1.88	1.91E-09	1.61E-02	No	No	No	No	No
EGFRNetmtKRAS-Lo	BMX	HSP90AB3P	P51813	Q58FF7	BMX_HSP90AB3P	4.04	2.01	1.82E-09	1.09E-02	No	No	No	No	No
EGFRNetmtKRAS-Lo	BMX	HSP90AB1	P51813	P08238	BMX_HSP90AB1	4.04	2.01	1.82E-09	1.09E-02	No	No	No	Yes	No
EGFRNetmtKRAS-Lo	BMX	HSPA1A	P51813	P08107	BMX_HSPA1A	4.52	2.18	6.76E-10	6.54E-03	No	No	No	No	No
EGFRNetmtKRAS-Lo	BMX	HSP90AA1	P51813	P07900	BMX_HSP90AA1	3.92	1.97	4.92E-09	1.24E-02	No	No	No	Yes	No
EGFRNetmtKRAS-Lo	BMX	PPM1G	P51813	O15355	BMX_PPM1G	4.11	2.04	3.53E-07	1.00E-02	No	No	No	No	No
EGFRNetmtKRAS-Lo	BMX	CHD1	P51813	O14646	BMX_CHD1	2.84	1.51	1.71E-05	4.32E-02	No	No	No	No	No
EGFRNetmtKRAS-Lo	BMX	AP3D1	P51813	O14617	BMX_AP3D1	3.98	1.99	3.70E-05	1.16E-02	Yes	No	No	No	No
EGFRNetmtKRAS-Lo	BMX	PPP6C	P51813	O00743	BMX_PPP6C	5.90	2.56	3.19E-04	1.75E-03	No	No	No	No	No
EGFRNetmtKRAS-Lo	BMX	AP3B1	P51813	O00203	BMX_AP3B1	3.42	1.77	1.41E-08	2.17E-02	Yes	No	No	No	No
EGFRNetmtKRAS-Lo	BMX	SMAP	P51813	O00193	BMX_SMAP	13.26	3.73	3.19E-10	1.03E-05	No	No	No	No	No
EGFRNetmtKRAS-Lo	BRAF	DNAJB11	P15056	Q9UBS4	BRAF_DNAJB11	7.58	2.92	2.70E-02	4.46E-02	No	No	No	No	No
EGFRNetmtKRAS-Lo	BRAF	FAR1	P15056	Q8WVX9	BRAF_FAR1	7.78	2.96	5.65E-03	4.26E-02	No	No	No	No	No
EGFRNetmtKRAS-Lo	BRAF	TMEM33	P15056	P57088	BRAF_TMEM33	9.87	3.30	1.11E-03	2.74E-02	No	No	No	No	No
EGFRNetmtKRAS-Lo	BRAF	KRAS	P15056	P01116	BRAF_KRAS	7.68	2.94	1.31E-03	4.36E-02	No	Yes	No	No	No
EGFRNetmtKRAS-Lo	BRAF	NDUFA4	P15056	O00483	BRAF_NDUFA4	7.16	2.84	1.60E-03	4.94E-02	No	No	No	No	No
EGFRNetmtKRAS-Lo	BRAF	ATAD3B	P15056	Q5T9A4	BRAF_ATAD3B	2.05	1.04	1.96E-02	3.84E-03	No	No	No	No	No
EGFRNetmtKRAS-Lo	BRAF	CDC37	P15056	Q16543	BRAF_CDC37	6.67	2.74	2.79E-06	5.92E-13	No	No	No	Yes	No
EGFRNetmtKRAS-Lo	BRAF	YWHAH	P15056	Q04917	BRAF_YWHAH	14.14	3.82	3.08E-10	1.46E-23	No	Yes	No	Yes	No
EGFRNetmtKRAS-Lo	BRAF	SLC25A11	P15056	Q02978	BRAF_SLC25A11	1.82	0.86	2.79E-02	1.34E-02	No	No	No	No	No
EGFRNetmtKRAS-Lo	BRAF	MAP2K1	P15056	Q02750	BRAF_MAP2K1	12.95	3.69	4.76E-03	3.86E-22	No	Yes	No	Yes	Yes
EGFRNetmtKRAS-Lo	BRAF	YWHAZ	P15056	P63104	BRAF_YWHAZ	9.40	3.23	5.04E-09	2.27E-17	No	Yes	No	Yes	Yes
EGFRNetmtKRAS-Lo	BRAF	UBA52	P15056	P62987	BRAF_UBA52	2.37	1.25	8.84E-03	6.54E-04	No	No	No	Yes	No
EGFRNetmtKRAS-Lo	BRAF	UBB	P15056	P0CG47	BRAF_UBB	2.37	1.25	8.84E-03	6.54E-04	No	No	No	Yes	No
EGFRNetmtKRAS-Lo	BRAF	UBC	P15056	P0CG48	BRAF_UBC	2.37	1.25	8.84E-03	6.54E-04	No	No	No	Yes	No
EGFRNetmtKRAS-Lo	BRAF	RPS27A	P15056	P62979	BRAF_RPS27A	2.37	1.25	8.84E-03	6.54E-04	No	No	No	Yes	No
EGFRNetmtKRAS-Lo	BRAF	YWHAE	P15056	P62258	BRAF_YWHAE	8.25	3.04	4.12E-09	1.32E-15	No	Yes	No	Yes	No
EGFRNetmtKRAS-Lo	BRAF	YWHAG	P15056	P61981	BRAF_YWHAG	16.09	4.01	6.01E-10	1.01E-25	Yes	Yes	No	Yes	No
EGFRNetmtKRAS-Lo	BRAF	PSMC4	P15056	P43686	BRAF_PSMC4	1.61	0.69	3.96E-02	3.99E-02	No	No	No	No	No
EGFRNetmtKRAS-Lo	BRAF	MAP2K2	P15056	P36507	BRAF_MAP2K2	8.58	3.10	1.46E-04	4.07E-16	No	Yes	No	Yes	No
EGFRNetmtKRAS-Lo	BRAF	SFN	P15056	P31947	BRAF_SFN	7.36	2.88	5.24E-09	3.86E-14	No	No	No	Yes	No
EGFRNetmtKRAS-Lo	BRAF	YWHAB	P15056	P31946	BRAF_YWHAB	9.16	3.20	1.73E-09	5.20E-17	No	Yes	No	Yes	No
EGFRNetmtKRAS-Lo	BRAF	YWHAQ	P15056	P27348	BRAF_YWHAQ	6.36	2.67	1.75E-08	2.13E-12	No	Yes	No	Yes	No
EGFRNetmtKRAS-Lo	BRAF	HSPA6	P15056	P17066	BRAF_HSPA6	1.61	0.69	6.63E-03	3.91E-02	No	No	No	No	No
EGFRNetmtKRAS-Lo	BRAF	DSP	P15056	P15924	BRAF_DSP	2.51	1.33	8.65E-03	3.08E-04	No	No	No	No	No
EGFRNetmtKRAS-Lo	BRAF	BRAF	P15056	P15056	BRAF_BRAF	11.96	3.58	3.45E-09	6.79E-21	No	No	No	Yes	No
EGFRNetmtKRAS-Lo	BRAF	HSPA5	P15056	P11021	BRAF_HSPA5	3.26	1.71	2.96E-07	5.10E-06	No	No	No	Yes	No
EGFRNetmtKRAS-Lo	BRAF	HSP90AB3P	P15056	Q58FF7	BRAF_HSP90AB3P	4.75	2.25	2.94E-06	2.80E-09	No	No	No	No	No
EGFRNetmtKRAS-Lo	BRAF	HSP90AB1	P15056	P08238	BRAF_HSP90AB1	4.75	2.25	2.94E-06	2.80E-09	No	No	No	Yes	No
EGFRNetmtKRAS-Lo	BRAF	HSP90AA1	P15056	P07900	BRAF_HSP90AA1	5.86	2.55	3.50E-07	1.79E-11	No	No	No	Yes	No
EGFRNetmtKRAS-Lo	BRAF	P4HB	P15056	P07237	BRAF_P4HB	1.76	0.81	6.03E-03	1.84E-02	No	No	No	No	No
EGFRNetmtKRAS-Lo	BRAF	HSPB1	P15056	P04792	BRAF_HSPB1	2.26	1.17	1.77E-04	1.25E-03	No	No	No	No	No
EGFRNetmtKRAS-Lo	BRAF	RAF1	P15056	P04049	BRAF_RAF1	31.41	4.97	6.06E-09	1.36E-38	No	Yes	No	Yes	No
EGFRNetmtKRAS-Lo	BRAF	HPX	P15056	P02790	BRAF_HPX	4.09	2.03	1.83E-02	6.92E-08	No	No	No	No	No
EGFRNetmtKRAS-Lo	BRAF	TXNDC12	P15056	O95881	BRAF_TXNDC12	2.97	1.57	2.62E-02	2.45E-05	Yes	No	No	No	No
EGFRNetmtKRAS-Lo	CAMK2A	CAMK2A	Q9UQM7	Q9UQM7	CAMK2A_CAMK2A	24.62	4.62	2.82E-11	3.23E-14	Yes	No	No	Yes	No
EGFRNetmtKRAS-Lo	CAMK2A	G3BP2	Q9UQM7	Q9UN86	CAMK2A_G3BP2	2.89	1.53	4.05E-03	7.01E-03	No	No	No	No	No
EGFRNetmtKRAS-Lo	CAMK2A	HIST3H2A	Q9UQM7	Q7L7L0	CAMK2A_HIST3H2A	2.69	1.43	2.45E-02	1.12E-02	No	No	No	No	No
EGFRNetmtKRAS-Lo	CAMK2A	HIST1H2AB	Q9UQM7	P04908	CAMK2A_HIST1H2AB	2.69	1.43	2.45E-02	1.12E-02	No	No	No	No	No
EGFRNetmtKRAS-Lo	CAMK2A	HIST1H2AC	Q9UQM7	Q93077	CAMK2A_HIST1H2AC	2.69	1.43	2.45E-02	1.12E-02	No	No	No	No	No
EGFRNetmtKRAS-Lo	CAMK2A	HSP90AB2P	Q9UQM7	Q58FF8	CAMK2A_HSP90AB2P	6.00	2.59	5.47E-03	1.48E-05	No	No	No	No	No
EGFRNetmtKRAS-Lo	CAMK2A	CDC37	Q9UQM7	Q16543	CAMK2A_CDC37	5.99	2.58	4.94E-06	1.52E-05	Yes	No	No	No	No
EGFRNetmtKRAS-Lo	CAMK2A	PCBP1	Q9UQM7	Q15365	CAMK2A_PCBP1	2.42	1.28	1.67E-03	2.07E-02	No	No	No	No	No
EGFRNetmtKRAS-Lo	CAMK2A	CAMK2D	Q9UQM7	Q13557	CAMK2A_CAMK2D	2.58	1.37	1.80E-03	1.44E-02	No	Yes	No	Yes	No
EGFRNetmtKRAS-Lo	CAMK2A	CAMK2G	Q9UQM7	Q13555	CAMK2A_CAMK2G	8.57	3.10	4.17E-02	2.65E-07	No	No	No	Yes	No
EGFRNetmtKRAS-Lo	CAMK2A	DSG1	Q9UQM7	Q02413	CAMK2A_DSG1	4.11	2.04	1.09E-03	5.14E-04	No	No	No	No	No
EGFRNetmtKRAS-Lo	CAMK2A	H3F3C	Q9UQM7	Q6NXT2	CAMK2A_H3F3C	3.50	1.81	1.16E-02	1.82E-03	No	No	No	No	No
EGFRNetmtKRAS-Lo	CAMK2A	HIST2H3A	Q9UQM7	Q71DI3	CAMK2A_HIST2H3A	3.50	1.81	1.16E-02	1.82E-03	No	No	No	No	No
EGFRNetmtKRAS-Lo	CAMK2A	HIST3H3	Q9UQM7	Q16695	CAMK2A_HIST3H3	3.50	1.81	1.16E-02	1.82E-03	No	No	No	No	No
EGFRNetmtKRAS-Lo	CAMK2A	H3F3A	Q9UQM7	P84243	CAMK2A_H3F3A	3.50	1.81	1.16E-02	1.82E-03	No	No	No	No	No
EGFRNetmtKRAS-Lo	CAMK2A	HIST1H3A	Q9UQM7	P68431	CAMK2A_HIST1H3A	3.50	1.81	1.16E-02	1.82E-03	No	No	No	No	No
EGFRNetmtKRAS-Lo	CAMK2A	TUBA4A	Q9UQM7	P68366	CAMK2A_TUBA4A	2.95	1.56	1.42E-02	6.08E-03	No	No	No	No	No
EGFRNetmtKRAS-Lo	CAMK2A	HIST1H4A	Q9UQM7	P62805	CAMK2A_HIST1H4A	2.91	1.54	3.97E-03	6.79E-03	Yes	No	No	No	No
EGFRNetmtKRAS-Lo	CAMK2A	FBL	Q9UQM7	P22087	CAMK2A_FBL	2.52	1.33	3.90E-02	1.64E-02	No	No	No	No	No
EGFRNetmtKRAS-Lo	CAMK2A	HMGA1	Q9UQM7	P17096	CAMK2A_HMGA1	2.32	1.22	4.72E-03	2.60E-02	No	No	No	No	No
EGFRNetmtKRAS-Lo	CAMK2A	HIST1H1D	Q9UQM7	P16402	CAMK2A_HIST1H1D	5.45	2.45	7.31E-04	3.90E-05	No	No	No	No	No
EGFRNetmtKRAS-Lo	CAMK2A	HIST1H1C	Q9UQM7	P16403	CAMK2A_HIST1H1C	5.45	2.45	7.31E-04	3.90E-05	No	No	No	No	No
EGFRNetmtKRAS-Lo	CAMK2A	HSPA8	Q9UQM7	P11142	CAMK2A_HSPA8	2.41	1.27	2.86E-07	2.12E-02	Yes	No	No	No	No
EGFRNetmtKRAS-Lo	CAMK2A	HIST1H1E	Q9UQM7	P10412	CAMK2A_HIST1H1E	2.22	1.15	2.32E-02	3.32E-02	No	No	No	No	No
EGFRNetmtKRAS-Lo	CAMK2A	HSP90AB1	Q9UQM7	P08238	CAMK2A_HSP90AB1	5.03	2.33	2.31E-08	8.52E-05	Yes	No	No	Yes	No
EGFRNetmtKRAS-Lo	CAMK2A	HSP90AA1	Q9UQM7	P07900	CAMK2A_HSP90AA1	4.20	2.07	2.83E-08	4.27E-04	No	No	No	Yes	No
EGFRNetmtKRAS-Lo	CAMK2A	NPM1	Q9UQM7	P06748	CAMK2A_NPM1	2.10	1.07	2.87E-03	4.44E-02	No	No	No	No	No
EGFRNetmtKRAS-Lo	CAMK2A	HSPB1	Q9UQM7	P04792	CAMK2A_HSPB1	4.56	2.19	1.86E-06	2.10E-04	Yes	No	No	No	No
EGFRNetmtKRAS-Lo	CAMK2A	BAG2	Q9UQM7	O95816	CAMK2A_BAG2	3.53	1.82	1.42E-04	1.73E-03	Yes	No	No	No	No
EGFRNetmtKRAS-Lo	CAMK2A	SEC16A	Q9UQM7	O15027	CAMK2A_SEC16A	5.11	2.35	3.19E-03	7.29E-05	No	No	No	No	No
EGFRNetmtKRAS-Lo	CASP9	TRIM72	P55211	Q6ZMU5	CASP9_TRIM72	1.63	0.71	3.72E-02	8.68E-03	No	No	No	No	No
EGFRNetmtKRAS-Lo	CASP9	HSP90AB2P	P55211	Q58FF8	CASP9_HSP90AB2P	1.61	0.69	3.73E-02	1.03E-02	Yes	No	No	No	No
EGFRNetmtKRAS-Lo	CASP9	ACTR3	P55211	P61158	CASP9_ACTR3	1.43	0.52	4.03E-02	4.24E-02	Yes	No	No	No	No
EGFRNetmtKRAS-Lo	CASP9	EIF4A1	P55211	P60842	CASP9_EIF4A1	1.57	0.65	1.75E-02	1.43E-02	No	No	No	No	No
EGFRNetmtKRAS-Lo	CASP9	CASP9	P55211	P55211	CASP9_CASP9	7.27	2.86	1.96E-04	2.18E-22	No	No	No	Yes	No
EGFRNetmtKRAS-Lo	CASP9	CFL1	P55211	P23528	CASP9_CFL1	1.42	0.51	2.34E-02	4.49E-02	No	No	No	No	No
EGFRNetmtKRAS-Lo	CASP9	HMGB1P1	P55211	B2RPK0	CASP9_HMGB1P1	1.52	0.60	4.01E-02	2.22E-02	No	No	No	No	No
EGFRNetmtKRAS-Lo	CASP9	HMGB1	P55211	P09429	CASP9_HMGB1	1.52	0.60	4.01E-02	2.22E-02	No	No	No	No	No
EGFRNetmtKRAS-Lo	CASP9	P4HB	P55211	P07237	CASP9_P4HB	1.67	0.74	2.73E-02	6.75E-03	Yes	No	No	No	No
EGFRNetmtKRAS-Lo	CASP9	HSPB1	P55211	P04792	CASP9_HSPB1	2.32	1.22	3.37E-02	2.10E-05	Yes	No	No	No	No
EGFRNetmtKRAS-Lo	CAV1	PHB2	Q03135	Q99623	CAV1_PHB2	3.09	1.63	1.21E-03	3.82E-07	No	No	No	No	No
EGFRNetmtKRAS-Lo	CAV1	STK38	Q03135	Q15208	CAV1_STK38	1.91	0.93	3.26E-02	2.36E-03	Yes	No	No	No	No
EGFRNetmtKRAS-Lo	CAV1	PRPSAP1	Q03135	Q14558	CAV1_PRPSAP1	1.54	0.62	9.35E-03	2.96E-02	No	No	No	No	No
EGFRNetmtKRAS-Lo	CAV1	CAV1	Q03135	Q03135	CAV1_CAV1	11.63	3.54	3.20E-04	3.15E-27	Yes	No	No	Yes	No
EGFRNetmtKRAS-Lo	CAV1	UBE2NL	Q03135	Q7T3F3	CAV1_UBE2NL	1.61	0.69	2.80E-02	1.86E-02	No	No	No	No	No
EGFRNetmtKRAS-Lo	CAV1	UBE2N	Q03135	P61088	CAV1_UBE2N	1.61	0.69	2.80E-02	1.86E-02	No	No	No	No	No
EGFRNetmtKRAS-Lo	CAV1	PRPS1	Q03135	P60891	CAV1_PRPS1	1.62	0.70	5.77E-03	1.75E-02	No	No	No	No	No
EGFRNetmtKRAS-Lo	CAV1	NPEPPS	Q03135	P55786	CAV1_NPEPPS	1.65	0.72	4.08E-02	1.47E-02	No	No	No	No	No
EGFRNetmtKRAS-Lo	CAV1	VCP	Q03135	P55072	CAV1_VCP	2.03	1.02	1.08E-02	9.62E-04	No	No	No	Yes	No
EGFRNetmtKRAS-Lo	CAV1	SLC25A1	Q03135	P53007	CAV1_SLC25A1	1.52	0.60	3.77E-02	3.44E-02	No	No	No	No	No
EGFRNetmtKRAS-Lo	CAV1	SERPINH1	Q03135	P50454	CAV1_SERPINH1	1.47	0.56	4.62E-02	4.49E-02	Yes	No	No	No	No
EGFRNetmtKRAS-Lo	CAV1	SARS	Q03135	P49591	CAV1_SARS	1.58	0.66	2.67E-02	2.23E-02	No	No	No	No	No
EGFRNetmtKRAS-Lo	CAV1	ALDH1A3	Q03135	P47895	CAV1_ALDH1A3	1.55	0.63	3.33E-02	2.79E-02	Yes	No	No	No	No
EGFRNetmtKRAS-Lo	CAV1	USP5	Q03135	P45974	CAV1_USP5	1.65	0.72	2.55E-02	1.42E-02	No	No	No	No	No
EGFRNetmtKRAS-Lo	CAV1	PHB	Q03135	P35232	CAV1_PHB	3.58	1.84	1.55E-03	1.17E-08	No	No	No	No	No
EGFRNetmtKRAS-Lo	CAV1	CMPK1	Q03135	P30085	CAV1_CMPK1	1.50	0.59	2.85E-02	3.71E-02	No	No	No	No	No
EGFRNetmtKRAS-Lo	CAV1	DNAJB1	Q03135	P25685	CAV1_DNAJB1	1.58	0.66	3.00E-02	2.24E-02	No	No	No	No	No
EGFRNetmtKRAS-Lo	CAV1	VCL	Q03135	P18206	CAV1_VCL	1.84	0.88	3.93E-02	3.93E-03	No	No	No	No	No
EGFRNetmtKRAS-Lo	CAV1	NQO1	Q03135	P15559	CAV1_NQO1	1.73	0.79	2.67E-02	8.22E-03	Yes	No	No	No	No
EGFRNetmtKRAS-Lo	CAV1	TPT1	Q03135	P13693	CAV1_TPT1	1.71	0.78	3.00E-02	9.36E-03	No	No	No	No	No
EGFRNetmtKRAS-Lo	CAV1	PRPS2	Q03135	P11908	CAV1_PRPS2	1.49	0.58	2.02E-02	3.96E-02	No	No	No	No	No
EGFRNetmtKRAS-Lo	CAV1	MTHFD1	Q03135	P11586	CAV1_MTHFD1	1.64	0.71	1.01E-02	1.57E-02	No	No	No	No	No
EGFRNetmtKRAS-Lo	CAV1	G6PD	Q03135	P11413	CAV1_G6PD	1.86	0.90	1.83E-02	3.33E-03	Yes	No	No	No	No
EGFRNetmtKRAS-Lo	CAV1	ESD	Q03135	P10768	CAV1_ESD	1.57	0.65	3.79E-02	2.49E-02	No	No	No	No	No
EGFRNetmtKRAS-Lo	CAV1	ANXA6	Q03135	P08133	CAV1_ANXA6	1.58	0.66	2.78E-02	2.24E-02	Yes	No	No	No	No
EGFRNetmtKRAS-Lo	CAV1	CAPN1	Q03135	P07384	CAV1_CAPN1	1.46	0.54	2.05E-02	4.96E-02	Yes	No	No	No	No
EGFRNetmtKRAS-Lo	CAV1	HSPB1	Q03135	P04792	CAV1_HSPB1	1.56	0.65	6.91E-03	2.53E-02	Yes	No	No	No	No
EGFRNetmtKRAS-Lo	CAV1	TXNDC12	Q03135	O95881	CAV1_TXNDC12	1.63	0.71	8.87E-03	1.58E-02	No	No	No	No	No
EGFRNetmtKRAS-Lo	CAV1	BAG2	Q03135	O95816	CAV1_BAG2	1.51	0.59	3.75E-02	3.60E-02	No	No	No	No	No
EGFRNetmtKRAS-Lo	CAV1	TBCA	Q03135	O75347	CAV1_TBCA	1.91	0.93	3.54E-02	2.31E-03	No	No	No	No	No
EGFRNetmtKRAS-Lo	CAV1	PRPSAP2	Q03135	O60256	CAV1_PRPSAP2	1.48	0.57	1.90E-02	4.21E-02	No	No	No	No	No
EGFRNetmtKRAS-Lo	CAV1	ACOT7	Q03135	O00154	CAV1_ACOT7	1.74	0.80	2.70E-02	7.70E-03	Yes	No	No	No	No
EGFRNetmtKRAS-Lo	CAV2	FBXO2	P51636	Q9UK22	CAV2_FBXO2	1.86	0.89	1.79E-02	1.27E-03	Yes	No	No	No	No
EGFRNetmtKRAS-Lo	CAV2	ATPIF1	P51636	Q9UII2	CAV2_ATPIF1	2.81	1.49	1.34E-03	1.81E-07	No	No	No	No	No
EGFRNetmtKRAS-Lo	CAV2	PTPLAD1	P51636	Q9P035	CAV2_PTPLAD1	1.80	0.85	6.05E-04	2.07E-03	No	No	No	No	No
EGFRNetmtKRAS-Lo	CAV2	DIABLO	P51636	Q9NR28	CAV2_DIABLO	1.45	0.54	2.17E-02	3.56E-02	No	No	No	No	No
EGFRNetmtKRAS-Lo	CAV2	RAB1C	P51636	Q15286	CAV2_RAB1C	1.53	0.61	3.32E-02	2.00E-02	No	No	No	No	No
EGFRNetmtKRAS-Lo	CAV2	RAB1B	P51636	Q9H0U4	CAV2_RAB1B	1.53	0.61	3.32E-02	2.00E-02	No	No	No	No	No
EGFRNetmtKRAS-Lo	CAV2	PHB2	P51636	Q99623	CAV2_PHB2	1.42	0.50	3.39E-02	4.64E-02	No	No	No	No	No
EGFRNetmtKRAS-Lo	CAV2	USMG5	P51636	Q96IX5	CAV2_USMG5	2.24	1.16	4.98E-02	3.87E-05	No	No	No	No	No
EGFRNetmtKRAS-Lo	CAV2	HM13	P51636	Q8TCT9	CAV2_HM13	3.43	1.78	1.50E-02	6.36E-10	No	No	No	No	No
EGFRNetmtKRAS-Lo	CAV2	DHCR24	P51636	Q15392	CAV2_DHCR24	3.67	1.88	1.76E-03	7.27E-11	No	No	No	No	No
EGFRNetmtKRAS-Lo	CAV2	STK38	P51636	Q15208	CAV2_STK38	1.93	0.95	2.10E-02	6.57E-04	Yes	No	No	No	No
EGFRNetmtKRAS-Lo	CAV2	CAV1	P51636	Q03135	CAV2_CAV1	7.24	2.86	9.52E-09	6.11E-23	No	No	No	Yes	No
EGFRNetmtKRAS-Lo	CAV2	SLC7A5	P51636	Q01650	CAV2_SLC7A5	1.89	0.92	4.66E-03	9.32E-04	No	No	No	No	No
EGFRNetmtKRAS-Lo	CAV2	TMEM33	P51636	P57088	CAV2_TMEM33	2.70	1.43	1.90E-02	5.16E-07	No	No	No	No	No
EGFRNetmtKRAS-Lo	CAV2	ATP5I	P51636	P56385	CAV2_ATP5I	2.66	1.41	1.55E-02	7.40E-07	No	No	No	No	No
EGFRNetmtKRAS-Lo	CAV2	ATP5EP2	P51636	Q5VTU8	CAV2_ATP5EP2	2.82	1.49	8.82E-03	1.74E-07	No	No	No	No	No
EGFRNetmtKRAS-Lo	CAV2	ATP5E	P51636	P56381	CAV2_ATP5E	2.82	1.49	8.82E-03	1.74E-07	No	No	No	No	No
EGFRNetmtKRAS-Lo	CAV2	ATP5J2	P51636	P56134	CAV2_ATP5J2	4.64	2.21	1.66E-03	1.79E-14	No	No	No	No	No
EGFRNetmtKRAS-Lo	CAV2	VCP	P51636	P55072	CAV2_VCP	3.24	1.70	2.04E-04	3.37E-09	No	No	No	No	No
EGFRNetmtKRAS-Lo	CAV2	CAV2	P51636	P51636	CAV2_CAV2	12.81	3.68	1.39E-09	7.01E-37	No	No	No	No	No
EGFRNetmtKRAS-Lo	CAV2	ATP5O	P51636	P48047	CAV2_ATP5O	3.66	1.87	9.04E-09	8.31E-11	No	No	No	No	No
EGFRNetmtKRAS-Lo	CAV2	STT3A	P51636	P46977	CAV2_STT3A	1.91	0.93	5.71E-03	8.18E-04	No	No	No	No	No
EGFRNetmtKRAS-Lo	CAV2	VDAC2	P51636	P45880	CAV2_VDAC2	2.55	1.35	3.00E-05	2.06E-06	No	No	No	No	No
EGFRNetmtKRAS-Lo	CAV2	PPM1A	P51636	P35813	CAV2_PPM1A	1.48	0.56	1.69E-02	2.99E-02	No	No	No	No	No
EGFRNetmtKRAS-Lo	CAV2	PHB	P51636	P35232	CAV2_PHB	1.44	0.53	4.28E-02	3.93E-02	No	No	No	No	No
EGFRNetmtKRAS-Lo	CAV2	ATP5D	P51636	P30049	CAV2_ATP5D	4.21	2.07	1.21E-06	6.79E-13	No	No	No	No	No
EGFRNetmtKRAS-Lo	CAV2	ATP5A1	P51636	P25705	CAV2_ATP5A1	3.89	1.96	1.44E-08	1.06E-11	No	No	No	No	No
EGFRNetmtKRAS-Lo	CAV2	ATP5F1	P51636	P24539	CAV2_ATP5F1	3.91	1.97	6.51E-10	8.72E-12	No	No	No	No	No
EGFRNetmtKRAS-Lo	CAV2	VDAC1	P51636	P21796	CAV2_VDAC1	1.55	0.63	4.98E-03	1.76E-02	No	No	No	No	No
EGFRNetmtKRAS-Lo	CAV2	FLNA	P51636	P21333	CAV2_FLNA	1.56	0.64	1.67E-02	1.63E-02	No	No	No	No	No
EGFRNetmtKRAS-Lo	CAV2	ATP5J	P51636	P18859	CAV2_ATP5J	3.48	1.80	3.63E-05	4.00E-10	No	No	No	No	No
EGFRNetmtKRAS-Lo	CAV2	POR	P51636	P16435	CAV2_POR	2.29	1.19	1.26E-02	2.51E-05	No	No	No	No	No
EGFRNetmtKRAS-Lo	CAV2	MGST1	P51636	P10620	CAV2_MGST1	1.49	0.58	9.34E-04	2.63E-02	No	No	No	No	No
EGFRNetmtKRAS-Lo	CAV2	SLC3A2	P51636	P08195	CAV2_SLC3A2	1.47	0.56	1.64E-03	3.08E-02	No	No	No	No	No
EGFRNetmtKRAS-Lo	CAV2	ATP5B	P51636	P06576	CAV2_ATP5B	4.19	2.07	5.26E-09	7.54E-13	No	No	No	No	No
EGFRNetmtKRAS-Lo	CAV2	RPN2	P51636	P04844	CAV2_RPN2	1.50	0.58	1.27E-02	2.52E-02	No	No	No	No	No
EGFRNetmtKRAS-Lo	CAV2	RPN1	P51636	P04843	CAV2_RPN1	1.75	0.80	5.71E-06	3.35E-03	No	No	No	No	No
EGFRNetmtKRAS-Lo	CAV2	HSPB1	P51636	P04792	CAV2_HSPB1	1.89	0.92	7.93E-05	9.67E-04	Yes	No	No	No	No
EGFRNetmtKRAS-Lo	CAV2	ATP5L	P51636	O75964	CAV2_ATP5L	4.34	2.12	1.60E-03	2.09E-13	No	No	No	No	No
EGFRNetmtKRAS-Lo	CAV2	ATP5H	P51636	O75947	CAV2_ATP5H	2.89	1.53	9.04E-10	8.53E-08	No	No	No	No	No
EGFRNetmtKRAS-Lo	CAV2	SCO1	P51636	O75880	CAV2_SCO1	1.60	0.68	1.55E-02	1.14E-02	No	No	No	No	No
EGFRNetmtKRAS-Lo	CAV2	CYB5B	P51636	O43169	CAV2_CYB5B	1.62	0.70	2.11E-02	9.71E-03	No	No	No	No	No
EGFRNetmtKRAS-Lo	CDC42	CDC42SE2	P60953	Q9NRR3	CDC42_CDC42SE2	2.99	1.58	2.06E-02	1.75E-02	No	Yes	No	Yes	Yes
EGFRNetmtKRAS-Lo	CDC42	PAK6	P60953	Q9NQU5	CDC42_PAK6	4.52	2.18	1.40E-03	1.80E-03	No	No	No	Yes	No
EGFRNetmtKRAS-Lo	CDC42	IQGAP2	P60953	Q13576	CDC42_IQGAP2	4.39	2.13	1.88E-02	2.16E-03	No	No	No	Yes	No
EGFRNetmtKRAS-Lo	CDC42	CDC42EP1	P60953	Q00587	CDC42_CDC42EP1	7.15	2.84	1.95E-03	7.25E-05	No	No	Yes	Yes	No
EGFRNetmtKRAS-Lo	CDC42	CALM1	P60953	P62158	CDC42_CALM1	15.49	3.95	1.23E-04	5.80E-08	No	No	No	No	No
EGFRNetmtKRAS-Lo	CDC42	CDC42	P60953	P60953	CDC42_CDC42	7.86	2.97	9.96E-05	2.77E-19	Yes	No	No	Yes	Yes
EGFRNetmtKRAS-Lo	CDC42	PGGT1B	P60953	P53609	CDC42_PGGT1B	11.51	3.52	2.19E-04	1.16E-06	No	No	No	Yes	No
EGFRNetmtKRAS-Lo	CDC42	ARHGDIA	P60953	P52565	CDC42_ARHGDIA	10.27	3.36	1.58E-04	3.36E-06	Yes	No	No	Yes	No
EGFRNetmtKRAS-Lo	CDC42	FNTA	P60953	P49354	CDC42_FNTA	10.30	3.36	1.19E-04	3.27E-06	No	No	No	No	No
EGFRNetmtKRAS-Lo	CDC42	IQGAP1	P60953	P46940	CDC42_IQGAP1	12.00	3.59	1.47E-04	7.74E-07	Yes	No	No	Yes	Yes
EGFRNetmtKRAS-Lo	CDC42	RPL22	P60953	P35268	CDC42_RPL22	6.45	2.69	4.14E-02	1.58E-04	No	No	No	Yes	No
EGFRNetmtKRAS-Lo	CDC42	RPLP1	P60953	P05386	CDC42_RPLP1	6.12	2.61	3.84E-02	2.34E-04	No	No	No	No	No
EGFRNetmtKRAS-Lo	CDC42	HSPB1	P60953	P04792	CDC42_HSPB1	2.45	1.29	9.12E-04	4.24E-02	Yes	No	No	No	No
EGFRNetmtKRAS-Lo	CRK	SCYL2	P46108	Q6P3W7	CRK_SCYL2	1.50	0.59	1.60E-02	4.18E-02	No	No	No	No	No
EGFRNetmtKRAS-Lo	CRK	CD2AP	P46108	Q9Y5K6	CRK_CD2AP	11.57	3.53	2.53E-09	3.02E-09	No	No	No	No	No
EGFRNetmtKRAS-Lo	CRK	ASAP1	P46108	Q9ULH1	CRK_ASAP1	21.65	4.44	1.12E-11	1.43E-13	No	No	No	Yes	No
EGFRNetmtKRAS-Lo	CRK	DCP1A	P46108	Q9NPI6	CRK_DCP1A	9.34	3.22	3.07E-07	5.57E-08	No	No	No	No	No
EGFRNetmtKRAS-Lo	CRK	DOCK5	P46108	Q9H7D0	CRK_DOCK5	35.73	5.16	4.24E-05	1.05E-17	No	No	No	Yes	No
EGFRNetmtKRAS-Lo	CRK	PEAK1	P46108	Q9H792	CRK_PEAK1	14.42	3.85	1.68E-04	1.17E-10	No	No	No	Yes	No
EGFRNetmtKRAS-Lo	CRK	ARAP1	P46108	Q96P48	CRK_ARAP1	8.14	3.02	2.13E-07	3.17E-07	No	No	No	No	No
EGFRNetmtKRAS-Lo	CRK	ELMO2	P46108	Q96JJ3	CRK_ELMO2	23.09	4.53	4.49E-05	4.57E-14	Yes	No	No	Yes	No
EGFRNetmtKRAS-Lo	CRK	EDC3	P46108	Q96F86	CRK_EDC3	17.58	4.14	1.31E-08	5.00E-12	No	No	No	No	No
EGFRNetmtKRAS-Lo	CRK	ELMO3	P46108	Q96BJ8	CRK_ELMO3	8.25	3.04	5.47E-05	3.88E-20	Yes	No	No	No	No
EGFRNetmtKRAS-Lo	CRK	SH3KBP1	P46108	Q96B97	CRK_SH3KBP1	16.57	4.05	3.77E-08	1.31E-11	No	No	No	Yes	No
EGFRNetmtKRAS-Lo	CRK	PHACTR4	P46108	Q8IZ21	CRK_PHACTR4	12.70	3.67	4.96E-03	7.93E-10	No	No	No	No	No
EGFRNetmtKRAS-Lo	CRK	DCP2	P46108	Q8IU60	CRK_DCP2	11.05	3.47	8.09E-04	5.79E-09	No	No	No	No	No
EGFRNetmtKRAS-Lo	CRK	SGK223	P46108	Q86YV5	CRK_SGK223	79.04	6.30	2.17E-05	1.70E-25	Yes	No	No	No	No
EGFRNetmtKRAS-Lo	CRK	EDC4	P46108	Q6P2E9	CRK_EDC4	23.44	4.55	5.99E-05	3.49E-14	No	No	No	Yes	No
EGFRNetmtKRAS-Lo	CRK	STK38	P46108	Q15208	CRK_STK38	2.57	1.36	1.96E-02	1.22E-02	Yes	No	No	No	No
EGFRNetmtKRAS-Lo	CRK	DOCK1	P46108	Q14185	CRK_DOCK1	44.04	5.46	4.62E-05	1.31E-19	Yes	No	No	Yes	No
EGFRNetmtKRAS-Lo	CRK	RAPGEF1	P46108	Q13905	CRK_RAPGEF1	22.54	4.49	2.04E-06	7.00E-14	No	No	No	Yes	No
EGFRNetmtKRAS-Lo	CRK	ARHGEF5	P46108	Q12774	CRK_ARHGEF5	10.94	3.45	5.33E-04	6.62E-09	Yes	No	No	No	No
EGFRNetmtKRAS-Lo	CRK	SOS1	P46108	Q07889	CRK_SOS1	20.91	4.39	4.82E-11	2.64E-13	No	No	No	Yes	No
EGFRNetmtKRAS-Lo	CRK	YWHAZ	P46108	P63104	CRK_YWHAZ	3.74	1.90	2.86E-07	8.58E-04	No	No	No	No	No
EGFRNetmtKRAS-Lo	CRK	BCAR1	P46108	P56945	CRK_BCAR1	11.22	3.49	7.33E-07	7.32E-26	No	No	No	Yes	No
EGFRNetmtKRAS-Lo	CRK	CAPZA1	P46108	P52907	CRK_CAPZA1	7.77	2.96	1.04E-10	5.54E-07	No	No	No	No	No
EGFRNetmtKRAS-Lo	CRK	CAPZB	P46108	P47756	CRK_CAPZB	6.53	2.71	1.63E-09	4.11E-06	No	No	No	No	No
EGFRNetmtKRAS-Lo	CRK	CRK	P46108	P46108	CRK_CRK	62.57	5.97	4.27E-09	4.80E-23	No	No	No	No	Yes
EGFRNetmtKRAS-Lo	CRK	EPS15	P46108	P42566	CRK_EPS15	4.19	2.07	1.68E-02	3.31E-04	No	No	No	Yes	No
EGFRNetmtKRAS-Lo	CRK	PIK3CB	P46108	P42338	CRK_PIK3CB	9.12	3.19	5.38E-06	7.60E-08	No	No	No	Yes	No
EGFRNetmtKRAS-Lo	CRK	HSPA9	P46108	P38646	CRK_HSPA9	5.35	2.42	2.48E-06	3.34E-05	No	No	No	Yes	No
EGFRNetmtKRAS-Lo	CRK	DDX6	P46108	P26196	CRK_DDX6	6.37	2.67	2.52E-02	5.36E-06	No	No	No	Yes	No
EGFRNetmtKRAS-Lo	CRK	CBL	P46108	P22681	CRK_CBL	60.76	5.93	8.02E-04	9.53E-23	Yes	No	No	Yes	No
EGFRNetmtKRAS-Lo	CRK	HSPA8	P46108	P11142	CRK_HSPA8	5.91	2.56	9.09E-11	1.22E-05	No	No	No	Yes	No
EGFRNetmtKRAS-Lo	CRK	HSPA5	P46108	P11021	CRK_HSPA5	8.81	3.14	1.96E-11	1.18E-07	No	No	No	Yes	No
EGFRNetmtKRAS-Lo	CRK	HSPA1B	P46108	P0DMV9	CRK_P0DMV9	6.08	2.60	3.79E-09	8.90E-06	No	No	No	Yes	No
EGFRNetmtKRAS-Lo	CRK	HSPB1	P46108	P04792	CRK_HSPB1	2.90	1.54	1.90E-03	5.62E-03	Yes	No	No	Yes	No
EGFRNetmtKRAS-Lo	CRK	ABL1	P46108	P00519	CRK_ABL1	16.76	4.07	7.83E-06	1.09E-11	No	No	No	Yes	No
EGFRNetmtKRAS-Lo	CRK	BCAR3	P46108	O75815	CRK_BCAR3	9.33	3.22	6.75E-04	5.65E-08	No	No	No	No	No
EGFRNetmtKRAS-Lo	CRK	PIK3R2	P46108	O00459	CRK_PIK3R2	4.25	2.09	9.40E-06	2.91E-04	No	No	No	Yes	No
EGFRNetmtKRAS-Lo	CRK	ARHGAP32	P46108	A7KAX9	CRK_ARHGAP32	11.57	3.53	6.02E-10	3.03E-09	No	No	No	Yes	No
EGFRNetmtKRAS-Lo	CRK	ARHGAP42	P46108	A6NI28	CRK_ARHGAP42	12.32	3.62	6.43E-08	1.23E-09	No	No	No	No	No
EGFRNetmtKRAS-Lo	CSK	DPP7	P41240	Q9UHL4	CSK_DPP7	1.45	0.54	2.96E-03	4.26E-02	No	No	No	No	No
EGFRNetmtKRAS-Lo	CSK	TJP2	P41240	Q9UDY2	CSK_TJP2	2.49	1.32	3.72E-02	1.04E-05	Yes	No	No	No	No
EGFRNetmtKRAS-Lo	CSK	SGK223	P41240	Q86YV5	CSK_SGK223	7.04	2.81	1.77E-06	3.27E-20	No	No	No	No	No
EGFRNetmtKRAS-Lo	CSK	TNS3	P41240	Q68CZ2	CSK_TNS3	6.14	2.62	1.81E-06	1.01E-17	Yes	No	No	No	No
EGFRNetmtKRAS-Lo	CSK	HSP90AB2P	P41240	Q58FF8	CSK_HSP90AB2P	1.69	0.76	4.16E-04	7.35E-03	No	No	No	No	No
EGFRNetmtKRAS-Lo	CSK	CDC37	P41240	Q16543	CSK_CDC37	3.17	1.66	1.98E-06	3.57E-08	No	No	No	No	No
EGFRNetmtKRAS-Lo	CSK	TUBA1B	P41240	P68363	CSK_TUBA1B	1.44	0.52	1.80E-04	4.79E-02	No	No	No	No	No
EGFRNetmtKRAS-Lo	CSK	YWHAZ	P41240	P63104	CSK_YWHAZ	1.58	0.66	9.98E-04	1.74E-02	No	No	No	No	No
EGFRNetmtKRAS-Lo	CSK	GRB2	P41240	P62993	CSK_GRB2	1.68	0.75	1.78E-02	8.25E-03	No	No	No	Yes	No
EGFRNetmtKRAS-Lo	CSK	YWHAE	P41240	P62258	CSK_YWHAE	1.82	0.86	2.86E-03	2.80E-03	No	No	No	No	No
EGFRNetmtKRAS-Lo	CSK	YWHAG	P41240	P61981	CSK_YWHAG	1.49	0.58	4.62E-03	3.22E-02	No	No	No	No	No
EGFRNetmtKRAS-Lo	CSK	BCAP31	P41240	P51572	CSK_BCAP31	1.67	0.74	2.56E-02	8.94E-03	No	No	No	No	No
EGFRNetmtKRAS-Lo	CSK	FASN	P41240	P49327	CSK_FASN	1.61	0.69	2.10E-04	1.35E-02	No	No	No	No	No
EGFRNetmtKRAS-Lo	CSK	PXN	P41240	P49023	CSK_PXN	9.58	3.26	9.41E-08	1.72E-26	No	No	No	Yes	No
EGFRNetmtKRAS-Lo	CSK	CSK	P41240	P41240	CSK_CSK	10.19	3.35	4.46E-08	7.35E-28	Yes	No	No	Yes	Yes
EGFRNetmtKRAS-Lo	CSK	HSPA9	P41240	P38646	CSK_HSPA9	2.38	1.25	2.37E-06	2.64E-05	No	No	No	No	No
EGFRNetmtKRAS-Lo	CSK	CTNNA1	P41240	P35221	CSK_CTNNA1	1.64	0.72	3.02E-02	1.08E-02	No	No	No	No	No
EGFRNetmtKRAS-Lo	CSK	STIP1	P41240	P31948	CSK_STIP1	1.73	0.79	3.54E-05	5.44E-03	No	No	No	No	No
EGFRNetmtKRAS-Lo	CSK	YWHAB	P41240	P31946	CSK_YWHAB	1.91	0.93	4.88E-03	1.35E-03	No	No	No	No	No
EGFRNetmtKRAS-Lo	CSK	DNAJA1	P41240	P31689	CSK_DNAJA1	1.60	0.68	9.70E-03	1.51E-02	No	No	No	No	No
EGFRNetmtKRAS-Lo	CSK	CAD	P41240	P27708	CSK_CAD	1.58	0.66	2.10E-05	1.72E-02	No	No	No	No	No
EGFRNetmtKRAS-Lo	CSK	HSPA8	P41240	P11142	CSK_HSPA8	2.64	1.40	2.65E-06	2.89E-06	No	No	No	No	No
EGFRNetmtKRAS-Lo	CSK	HSPA5	P41240	P11021	CSK_HSPA5	1.94	0.96	2.69E-06	1.02E-03	No	No	No	No	No
EGFRNetmtKRAS-Lo	CSK	HSP90AB1	P41240	P08238	CSK_HSP90AB1	1.68	0.75	2.81E-05	8.23E-03	No	No	No	No	No
EGFRNetmtKRAS-Lo	CSK	HSPA1A	P41240	P08107	CSK_HSPA1A	2.77	1.47	1.94E-05	1.00E-06	No	No	No	No	No
EGFRNetmtKRAS-Lo	CSK	HSP90AA1	P41240	P07900	CSK_HSP90AA1	1.61	0.69	5.38E-05	1.35E-02	No	No	No	Yes	No
EGFRNetmtKRAS-Lo	CSK	LCK	P41240	P06239	CSK_LCK	23.11	4.53	2.13E-02	2.26E-49	No	No	No	Yes	No
EGFRNetmtKRAS-Lo	CSK	SLC25A5	P41240	P05141	CSK_SLC25A5	1.45	0.54	1.90E-02	4.38E-02	No	No	No	No	No
EGFRNetmtKRAS-Lo	CSK	ATP1A1	P41240	P05023	CSK_ATP1A1	1.45	0.54	1.69E-02	4.31E-02	No	No	No	No	No
EGFRNetmtKRAS-Lo	CSK	HSPB1	P41240	P04792	CSK_HSPB1	2.09	1.07	9.78E-04	2.92E-04	No	No	No	No	No
EGFRNetmtKRAS-Lo	DOK2	IVNS1ABP	O60496	Q9Y6Y0	DOK2_IVNS1ABP	1.35	0.44	1.87E-06	2.83E-02	No	No	No	No	No
EGFRNetmtKRAS-Lo	DOK2	SPIN1	O60496	Q9Y657	DOK2_SPIN1	1.70	0.77	1.14E-02	3.43E-04	No	No	No	No	No
EGFRNetmtKRAS-Lo	DOK2	USP15	O60496	Q9Y4E8	DOK2_USP15	1.41	0.50	2.27E-04	1.42E-02	No	No	No	No	No
EGFRNetmtKRAS-Lo	DOK2	STK38L	O60496	Q9Y2H1	DOK2_STK38L	1.75	0.81	1.86E-02	1.83E-04	Yes	No	No	No	No
EGFRNetmtKRAS-Lo	DOK2	CORO1C	O60496	Q9ULV4	DOK2_CORO1C	1.33	0.41	2.29E-02	3.64E-02	No	No	No	No	No
EGFRNetmtKRAS-Lo	DOK2	DPP7	O60496	Q9UHL4	DOK2_DPP7	2.21	1.14	2.04E-06	2.11E-07	No	No	No	No	No
EGFRNetmtKRAS-Lo	DOK2	C11ORF84	O60496	Q9BUA3	DOK2_C11ORF84	1.50	0.58	1.52E-02	5.14E-03	No	No	No	No	No
EGFRNetmtKRAS-Lo	DOK2	CORO1B	O60496	Q9BR76	DOK2_CORO1B	1.63	0.70	7.61E-05	9.64E-04	No	No	No	No	No
EGFRNetmtKRAS-Lo	DOK2	TCF25	O60496	Q9BQ70	DOK2_TCF25	1.42	0.50	2.59E-02	1.34E-02	Yes	No	No	No	No
EGFRNetmtKRAS-Lo	DOK2	MYCBP	O60496	Q99417	DOK2_MYCBP	1.41	0.50	1.23E-03	1.41E-02	No	No	No	No	No
EGFRNetmtKRAS-Lo	DOK2	PRPF31	O60496	Q8WWY3	DOK2_PRPF31	1.56	0.64	1.25E-03	2.41E-03	No	No	No	No	No
EGFRNetmtKRAS-Lo	DOK2	EIF3M	O60496	Q7L2H7	DOK2_EIF3M	1.30	0.38	2.44E-04	4.88E-02	No	No	No	No	No
EGFRNetmtKRAS-Lo	DOK2	DBN1	O60496	Q16643	DOK2_DBN1	1.39	0.47	1.01E-02	1.90E-02	No	No	No	No	No
EGFRNetmtKRAS-Lo	DOK2	MVP	O60496	Q14764	DOK2_MVP	1.37	0.46	4.71E-03	2.24E-02	No	No	No	No	No
EGFRNetmtKRAS-Lo	DOK2	PRPSAP1	O60496	Q14558	DOK2_PRPSAP1	1.83	0.88	1.86E-06	5.43E-05	No	No	No	No	No
EGFRNetmtKRAS-Lo	DOK2	OTUD4	O60496	Q01804	DOK2_OTUD4	1.46	0.55	8.70E-03	8.22E-03	No	No	No	No	No
EGFRNetmtKRAS-Lo	DOK2	RBM10	O60496	P98175	DOK2_RBM10	1.36	0.45	1.84E-03	2.47E-02	No	No	No	No	No
EGFRNetmtKRAS-Lo	DOK2	PRPS1	O60496	P60891	DOK2_PRPS1	1.95	0.97	1.04E-08	9.39E-06	No	No	No	No	No
EGFRNetmtKRAS-Lo	DOK2	ACTB	O60496	P60709	DOK2_ACTB	1.39	0.47	5.69E-03	1.93E-02	No	No	No	No	No
EGFRNetmtKRAS-Lo	DOK2	VCP	O60496	P55072	DOK2_VCP	1.33	0.41	1.61E-06	3.73E-02	No	No	No	No	No
EGFRNetmtKRAS-Lo	DOK2	CAPZB	O60496	P47756	DOK2_CAPZB	1.34	0.42	5.39E-04	3.36E-02	No	No	No	No	No
EGFRNetmtKRAS-Lo	DOK2	EIF4B	O60496	P23588	DOK2_EIF4B	1.35	0.43	1.40E-04	2.95E-02	No	No	No	No	No
EGFRNetmtKRAS-Lo	DOK2	FLNA	O60496	P21333	DOK2_FLNA	1.51	0.59	1.84E-02	4.64E-03	No	No	No	No	No
EGFRNetmtKRAS-Lo	DOK2	PRPS2	O60496	P11908	DOK2_PRPS2	1.82	0.86	1.09E-10	6.75E-05	No	No	No	No	No
EGFRNetmtKRAS-Lo	DOK2	HSPB1	O60496	P04792	DOK2_HSPB1	1.48	0.57	7.17E-03	6.09E-03	Yes	No	No	No	No
EGFRNetmtKRAS-Lo	DOK2	DOK2	O60496	O60496	DOK2_DOK2	7.24	2.86	1.28E-09	2.26E-37	Yes	No	No	Yes	No
EGFRNetmtKRAS-Lo	DOK2	PRPSAP2	O60496	O60256	DOK2_PRPSAP2	1.81	0.86	1.14E-10	7.21E-05	No	No	No	No	No
EGFRNetmtKRAS-Lo	DOK2	ARPC2	O60496	O15144	DOK2_ARPC2	1.36	0.45	8.64E-04	2.55E-02	No	No	No	No	No
EGFRNetmtKRAS-Lo	DUSP1	MRPS31	P28562	Q92665	DUSP1_MRPS31	2.03	1.02	2.90E-02	7.55E-03	No	No	No	No	No
EGFRNetmtKRAS-Lo	DUSP1	KIAA1967	P28562	Q8N163	DUSP1_KIAA1967	1.66	0.73	2.81E-03	4.10E-02	No	No	No	No	No
EGFRNetmtKRAS-Lo	DUSP1	ERC1	P28562	Q8IUD2	DUSP1_ERC1	1.71	0.78	3.18E-03	3.20E-02	No	No	No	No	No
EGFRNetmtKRAS-Lo	DUSP1	PABPN1	P28562	Q86U42	DUSP1_PABPN1	2.69	1.43	9.38E-03	3.23E-04	No	No	No	No	No
EGFRNetmtKRAS-Lo	DUSP1	ELAVL1	P28562	Q15717	DUSP1_ELAVL1	2.42	1.28	1.31E-02	1.14E-03	No	No	No	No	No
EGFRNetmtKRAS-Lo	DUSP1	PABPC4	P28562	Q13310	DUSP1_PABPC4	1.68	0.75	1.42E-02	3.76E-02	No	No	No	No	No
EGFRNetmtKRAS-Lo	DUSP1	ILF3	P28562	Q12906	DUSP1_ILF3	1.70	0.76	1.93E-02	3.47E-02	No	No	No	No	No
EGFRNetmtKRAS-Lo	DUSP1	ILF2	P28562	Q12905	DUSP1_ILF2	2.08	1.05	1.56E-02	5.93E-03	No	No	No	No	No
EGFRNetmtKRAS-Lo	DUSP1	NCBP1	P28562	Q09161	DUSP1_NCBP1	2.01	1.01	1.98E-03	7.97E-03	Yes	No	No	No	No
EGFRNetmtKRAS-Lo	DUSP1	MRPS35	P28562	P82673	DUSP1_MRPS35	1.64	0.71	2.67E-03	4.58E-02	No	No	No	No	No
EGFRNetmtKRAS-Lo	DUSP1	SSR4	P28562	P51571	DUSP1_SSR4	1.86	0.89	1.84E-02	1.66E-02	No	No	No	No	No
EGFRNetmtKRAS-Lo	DUSP1	DUSP1	P28562	P28562	DUSP1_DUSP1	12.39	3.63	7.58E-10	1.58E-18	Yes	No	No	No	No
EGFRNetmtKRAS-Lo	DUSP1	PTBP1	P28562	P26599	DUSP1_PTBP1	1.80	0.85	3.22E-02	2.16E-02	No	No	No	No	No
EGFRNetmtKRAS-Lo	DUSP1	DSP	P28562	P15924	DUSP1_DSP	2.26	1.18	9.60E-03	2.50E-03	No	No	No	No	No
EGFRNetmtKRAS-Lo	DUSP1	HNRNPL	P28562	P14866	DUSP1_HNRNPL	2.65	1.41	3.52E-02	3.91E-04	No	No	No	No	No
EGFRNetmtKRAS-Lo	DUSP1	PABPC3	P28562	Q9H361	DUSP1_PABPC3	1.95	0.96	1.23E-02	1.09E-02	No	No	No	No	No
EGFRNetmtKRAS-Lo	DUSP1	PABPC1	P28562	P11940	DUSP1_PABPC1	1.95	0.96	1.23E-02	1.09E-02	No	No	No	No	No
EGFRNetmtKRAS-Lo	DUSP1	HSPB1	P28562	P04792	DUSP1_HSPB1	2.00	1.00	2.32E-05	8.56E-03	Yes	No	No	No	No
EGFRNetmtKRAS-Lo	DUSP4	CORO1C	Q13115	Q9ULV4	DUSP4_CORO1C	1.55	0.63	1.43E-02	2.70E-03	No	No	No	No	No
EGFRNetmtKRAS-Lo	DUSP4	TECR	Q13115	Q9NZ01	DUSP4_TECR	1.54	0.62	3.93E-02	3.12E-03	Yes	No	No	No	No
EGFRNetmtKRAS-Lo	DUSP4	TMOD3	Q13115	Q9NYL9	DUSP4_TMOD3	1.37	0.45	6.61E-03	2.30E-02	No	No	No	No	No
EGFRNetmtKRAS-Lo	DUSP4	C20ORF11	Q13115	Q9NWU2	DUSP4_C20ORF11	1.35	0.44	3.47E-03	2.67E-02	No	No	No	No	No
EGFRNetmtKRAS-Lo	DUSP4	KIAA1967	Q13115	Q8N163	DUSP4_KIAA1967	1.41	0.50	6.15E-07	1.41E-02	No	No	No	No	No
EGFRNetmtKRAS-Lo	DUSP4	DDX39B	Q13115	Q13838	DUSP4_DDX39B	1.42	0.51	1.28E-05	1.28E-02	No	No	No	No	No
EGFRNetmtKRAS-Lo	DUSP4	DUSP4	Q13115	Q13115	DUSP4_DUSP4	11.91	3.57	4.48E-11	3.62E-55	No	No	No	No	No
EGFRNetmtKRAS-Lo	DUSP4	PSMC6	Q13115	P62333	DUSP4_PSMC6	1.38	0.47	2.67E-07	2.01E-02	No	No	No	No	No
EGFRNetmtKRAS-Lo	DUSP4	PSMC5	Q13115	P62195	DUSP4_PSMC5	1.32	0.40	2.08E-05	3.79E-02	No	No	No	No	No
EGFRNetmtKRAS-Lo	DUSP4	PSMC4	Q13115	P43686	DUSP4_PSMC4	1.31	0.39	4.51E-03	4.10E-02	No	No	No	No	No
EGFRNetmtKRAS-Lo	DUSP4	PSMC2	Q13115	P35998	DUSP4_PSMC2	1.37	0.46	7.10E-05	2.16E-02	No	No	No	No	No
EGFRNetmtKRAS-Lo	DUSP4	CAD	Q13115	P27708	DUSP4_CAD	1.31	0.39	1.64E-02	4.30E-02	No	No	No	No	No
EGFRNetmtKRAS-Lo	DUSP4	PSMC3	Q13115	P17980	DUSP4_PSMC3	1.36	0.44	3.06E-03	2.51E-02	No	No	No	No	No
EGFRNetmtKRAS-Lo	DUSP4	HSPA5	Q13115	P11021	DUSP4_HSPA5	1.38	0.47	5.03E-06	2.00E-02	No	No	No	No	No
EGFRNetmtKRAS-Lo	DUSP4	HSPB1	Q13115	P04792	DUSP4_HSPB1	1.70	0.76	9.57E-03	3.93E-04	No	No	No	No	No
EGFRNetmtKRAS-Lo	DUSP4	AMY2B	Q13115	P19961	DUSP4_AMY2B	7.71	2.95	6.41E-04	3.54E-38	No	No	No	No	No
EGFRNetmtKRAS-Lo	DUSP4	AMY2A	Q13115	P04746	DUSP4_AMY2A	7.71	2.95	6.41E-04	3.54E-38	No	No	No	No	No
EGFRNetmtKRAS-Lo	DUSP4	AMY1A	Q13115	P04745	DUSP4_AMY1A	7.71	2.95	6.41E-04	3.54E-38	No	No	No	No	No
EGFRNetmtKRAS-Lo	DUSP4	AHSG	Q13115	P02765	DUSP4_AHSG	6.45	2.69	2.67E-03	3.90E-32	Yes	No	No	No	No
EGFRNetmtKRAS-Lo	DUSP4	PSMD3	Q13115	O43242	DUSP4_PSMD3	1.43	0.52	3.02E-05	1.09E-02	No	No	No	No	No
EGFRNetmtKRAS-Lo	DUSP4	PSMD14	Q13115	O00487	DUSP4_PSMD14	1.39	0.47	4.64E-03	1.86E-02	No	No	No	No	No
EGFRNetmtKRAS-Lo	DUSP4	PSMD11	Q13115	O00231	DUSP4_PSMD11	1.30	0.38	3.62E-04	4.81E-02	No	No	No	No	No
EGFRNetmtKRAS-Lo	DUSP6	QPCTL	Q16828	Q9NXS2	DUSP6_QPCTL	1.37	0.45	1.89E-03	8.87E-03	No	No	No	No	No
EGFRNetmtKRAS-Lo	DUSP6	RP9	Q16828	Q8TA86	DUSP6_RP9	1.27	0.34	8.80E-03	3.50E-02	Yes	No	No	No	No
EGFRNetmtKRAS-Lo	DUSP6	DUSP6	Q16828	Q16828	DUSP6_DUSP6	10.65	3.41	2.67E-06	4.09E-67	No	No	No	No	No
EGFRNetmtKRAS-Lo	DUSP6	CCT2	Q16828	P78371	DUSP6_CCT2	1.28	0.36	2.35E-03	2.94E-02	No	No	No	No	No
EGFRNetmtKRAS-Lo	DUSP6	PSMC1	Q16828	P62191	DUSP6_PSMC1	1.39	0.47	2.88E-02	6.89E-03	No	No	No	No	No
EGFRNetmtKRAS-Lo	DUSP6	CCT4	Q16828	P50991	DUSP6_CCT4	1.26	0.33	2.20E-03	4.02E-02	No	No	No	No	No
EGFRNetmtKRAS-Lo	DUSP6	CCT8	Q16828	P50990	DUSP6_CCT8	1.27	0.34	1.90E-03	3.54E-02	No	No	No	No	No
EGFRNetmtKRAS-Lo	DUSP6	TMED10	Q16828	P49755	DUSP6_TMED10	1.79	0.84	4.75E-02	8.17E-06	No	No	No	No	No
EGFRNetmtKRAS-Lo	DUSP6	CCT6A	Q16828	P40227	DUSP6_CCT6A	1.27	0.35	1.90E-03	3.23E-02	No	No	No	No	No
EGFRNetmtKRAS-Lo	DUSP6	HSPA9	Q16828	P38646	DUSP6_HSPA9	1.33	0.41	1.95E-03	1.61E-02	No	No	No	No	No
EGFRNetmtKRAS-Lo	DUSP6	MAPK1	Q16828	P28482	DUSP6_MAPK1	13.21	3.72	1.65E-06	1.99E-79	No	No	No	Yes	No
EGFRNetmtKRAS-Lo	DUSP6	MAPK3	Q16828	P27361	DUSP6_MAPK3	13.13	3.71	3.09E-06	4.87E-79	Yes	No	No	Yes	No
EGFRNetmtKRAS-Lo	DUSP6	HSPA6	Q16828	P17066	DUSP6_HSPA6	1.47	0.55	2.35E-02	2.00E-03	No	No	No	No	No
EGFRNetmtKRAS-Lo	DUSP6	EZR	Q16828	P15311	DUSP6_EZR	1.37	0.46	3.45E-02	8.50E-03	Yes	No	No	No	No
EGFRNetmtKRAS-Lo	DUSP6	HSPA8	Q16828	P11142	DUSP6_HSPA8	1.84	0.88	1.30E-04	3.02E-06	No	No	No	No	No
EGFRNetmtKRAS-Lo	DUSP6	HSPA5	Q16828	P11021	DUSP6_HSPA5	1.71	0.78	3.51E-04	3.10E-05	No	No	No	No	No
EGFRNetmtKRAS-Lo	DUSP6	HSPA1A	Q16828	P08107	DUSP6_HSPA1A	1.65	0.72	6.03E-05	9.56E-05	No	No	No	No	No
EGFRNetmtKRAS-Lo	DUSP6	HSPB1	Q16828	P04792	DUSP6_HSPB1	1.63	0.70	5.37E-03	1.42E-04	No	No	No	No	No
EGFRNetmtKRAS-Lo	EGFR	LUC7L2	P00533	Q9Y383	EGFR_LUC7L2	2.32	1.21	3.40E-02	3.87E-02	Yes	No	No	No	No
EGFRNetmtKRAS-Lo	EGFR	CORO1C	P00533	Q9ULV4	EGFR_CORO1C	2.40	1.27	1.62E-02	3.27E-02	No	No	No	No	No
EGFRNetmtKRAS-Lo	EGFR	LIMA1	P00533	Q9UHB6	EGFR_LIMA1	4.09	2.03	6.71E-03	1.45E-03	Yes	No	No	Yes	No
EGFRNetmtKRAS-Lo	EGFR	DNAJC10	P00533	Q8IXB1	EGFR_DNAJC10	4.27	2.09	4.91E-03	1.08E-03	No	No	No	No	No
EGFRNetmtKRAS-Lo	EGFR	PFKFB3	P00533	Q16875	EGFR_PFKFB3	2.79	1.48	2.08E-02	1.52E-02	No	No	No	Yes	No
EGFRNetmtKRAS-Lo	EGFR	CDC37	P00533	Q16543	EGFR_CDC37	4.14	2.05	4.90E-05	1.34E-03	No	No	No	Yes	No
EGFRNetmtKRAS-Lo	EGFR	STK38	P00533	Q15208	EGFR_STK38	2.67	1.42	2.82E-02	1.95E-02	Yes	No	No	No	No
EGFRNetmtKRAS-Lo	EGFR	ACTB	P00533	P60709	EGFR_ACTB	2.68	1.42	2.41E-03	1.88E-02	No	No	No	Yes	No
EGFRNetmtKRAS-Lo	EGFR	EGFR	P00533	P00533	EGFR_EGFR	19.42	4.28	1.30E-03	1.50E-10	No	No	No	Yes	No
EGFRNetmtKRAS-Lo	ELK1	CEPT1	P19419	Q9Y6K0	ELK1_CEPT1	2.92	1.54	9.17E-03	1.12E-02	No	No	No	No	No
EGFRNetmtKRAS-Lo	ELK1	TELO2	P19419	Q9Y4R8	ELK1_TELO2	2.24	1.16	5.95E-03	4.21E-02	No	No	No	No	No
EGFRNetmtKRAS-Lo	ELK1	SLC25A10	P19419	Q9UBX3	ELK1_SLC25A10	2.45	1.29	6.36E-03	2.76E-02	No	No	No	No	No
EGFRNetmtKRAS-Lo	ELK1	FANCD2	P19419	Q9BXW9	ELK1_FANCD2	3.24	1.70	3.59E-04	6.10E-03	No	No	No	No	No
EGFRNetmtKRAS-Lo	ELK1	TUBB6	P19419	Q9BUF5	ELK1_TUBB6	2.69	1.43	3.08E-04	1.73E-02	No	No	No	No	No
EGFRNetmtKRAS-Lo	ELK1	CBWD2	P19419	Q8IUF1	ELK1_CBWD2	2.29	1.19	6.66E-03	3.82E-02	No	No	No	No	No
EGFRNetmtKRAS-Lo	ELK1	CBWD5	P19419	Q5RIA9	ELK1_CBWD5	2.29	1.19	6.66E-03	3.82E-02	No	No	No	No	No
EGFRNetmtKRAS-Lo	ELK1	CBWD3	P19419	Q5JTY5	ELK1_CBWD3	2.29	1.19	6.66E-03	3.82E-02	No	No	No	No	No
EGFRNetmtKRAS-Lo	ELK1	CBWD6	P19419	Q4V339	ELK1_CBWD6	2.29	1.19	6.66E-03	3.82E-02	No	No	No	No	No
EGFRNetmtKRAS-Lo	ELK1	CBWD1	P19419	Q9BRT8	ELK1_CBWD1	2.29	1.19	6.66E-03	3.82E-02	Yes	No	No	No	No
EGFRNetmtKRAS-Lo	ELK1	TUBA1C	P19419	Q9BQE3	ELK1_TUBA1C	2.23	1.15	2.07E-03	4.34E-02	Yes	No	No	No	No
EGFRNetmtKRAS-Lo	ELK1	MMS19	P19419	Q96T76	ELK1_MMS19	3.16	1.66	3.08E-02	7.12E-03	No	No	No	No	No
EGFRNetmtKRAS-Lo	ELK1	NUP188	P19419	Q5SRE5	ELK1_NUP188	3.09	1.63	2.72E-03	8.04E-03	No	No	No	No	No
EGFRNetmtKRAS-Lo	ELK1	HSD17B12	P19419	Q53GQ0	ELK1_HSD17B12	2.24	1.16	5.91E-04	4.19E-02	No	No	No	No	No
EGFRNetmtKRAS-Lo	ELK1	PHLDA2	P19419	Q53GA4	ELK1_PHLDA2	4.83	2.27	1.73E-02	4.11E-04	No	No	No	No	No
EGFRNetmtKRAS-Lo	ELK1	TIMM50	P19419	Q3ZCQ8	ELK1_TIMM50	2.16	1.11	4.94E-03	4.99E-02	No	No	No	No	No
EGFRNetmtKRAS-Lo	ELK1	FAT1	P19419	Q14517	ELK1_FAT1	3.33	1.73	1.14E-05	5.25E-03	No	No	No	No	No
EGFRNetmtKRAS-Lo	ELK1	RCN2	P19419	Q14257	ELK1_RCN2	4.97	2.31	5.62E-07	3.29E-04	No	No	No	No	No
EGFRNetmtKRAS-Lo	ELK1	TUBB2A	P19419	Q13885	ELK1_TUBB2A	2.58	1.37	2.96E-02	2.15E-02	No	No	No	No	No
EGFRNetmtKRAS-Lo	ELK1	BDH1	P19419	Q02338	ELK1_BDH1	2.75	1.46	4.96E-03	1.53E-02	No	No	No	No	No
EGFRNetmtKRAS-Lo	ELK1	SLC7A5	P19419	Q01650	ELK1_SLC7A5	2.26	1.18	7.86E-05	4.06E-02	No	No	No	No	No
EGFRNetmtKRAS-Lo	ELK1	SLC25A3	P19419	Q00325	ELK1_SLC25A3	2.65	1.41	3.62E-04	1.86E-02	Yes	No	No	No	No
EGFRNetmtKRAS-Lo	ELK1	TFAM	P19419	Q00059	ELK1_TFAM	6.19	2.63	5.69E-03	5.52E-05	No	No	No	No	No
EGFRNetmtKRAS-Lo	ELK1	PRKDC	P19419	P78527	ELK1_PRKDC	2.18	1.12	6.30E-05	4.77E-02	No	No	No	No	No
EGFRNetmtKRAS-Lo	ELK1	TUBB4B	P19419	P68371	ELK1_TUBB4B	2.40	1.26	1.93E-04	3.04E-02	No	No	No	No	No
EGFRNetmtKRAS-Lo	ELK1	TUBA1B	P19419	P68363	ELK1_TUBA1B	3.33	1.73	2.00E-05	5.25E-03	No	No	No	No	No
EGFRNetmtKRAS-Lo	ELK1	SSR4	P19419	P51571	ELK1_SSR4	2.25	1.17	2.39E-02	4.13E-02	No	No	No	No	No
EGFRNetmtKRAS-Lo	ELK1	EMD	P19419	P50402	ELK1_EMD	2.22	1.15	3.25E-02	4.38E-02	No	No	No	No	No
EGFRNetmtKRAS-Lo	ELK1	ARL1	P19419	P40616	ELK1_ARL1	2.95	1.56	3.72E-04	1.05E-02	No	No	No	No	No
EGFRNetmtKRAS-Lo	ELK1	HSPA9	P19419	P38646	ELK1_HSPA9	3.13	1.65	3.27E-06	7.48E-03	No	No	No	No	No
EGFRNetmtKRAS-Lo	ELK1	CTNNB1	P19419	P35222	ELK1_CTNNB1	2.21	1.15	3.28E-04	4.45E-02	No	No	No	Yes	No
EGFRNetmtKRAS-Lo	ELK1	DNAJA1	P19419	P31689	ELK1_DNAJA1	2.79	1.48	3.34E-05	1.42E-02	No	No	No	No	No
EGFRNetmtKRAS-Lo	ELK1	GRN	P19419	P28799	ELK1_GRN	3.31	1.73	7.00E-05	5.39E-03	No	No	No	No	No
EGFRNetmtKRAS-Lo	ELK1	CAD	P19419	P27708	ELK1_CAD	2.42	1.27	1.92E-05	2.96E-02	No	No	No	No	No
EGFRNetmtKRAS-Lo	ELK1	CDH3	P19419	P22223	ELK1_CDH3	3.70	1.89	5.72E-03	2.70E-03	No	No	No	No	No
EGFRNetmtKRAS-Lo	ELK1	ELK1	P19419	P19419	ELK1_ELK1	5.71	2.51	7.20E-05	1.09E-04	No	No	No	Yes	No
EGFRNetmtKRAS-Lo	ELK1	ERCC2	P19419	P18074	ELK1_ERCC2	2.32	1.21	2.85E-02	3.60E-02	No	No	No	No	No
EGFRNetmtKRAS-Lo	ELK1	HSPA7	P19419	P48741	ELK1_HSPA7	2.78	1.47	1.67E-05	1.46E-02	No	No	No	No	No
EGFRNetmtKRAS-Lo	ELK1	HSPA6	P19419	P17066	ELK1_HSPA6	2.78	1.47	1.67E-05	1.46E-02	No	No	No	No	No
EGFRNetmtKRAS-Lo	ELK1	HSPA8	P19419	P11142	ELK1_HSPA8	3.13	1.65	3.31E-07	7.54E-03	No	No	No	No	No
EGFRNetmtKRAS-Lo	ELK1	HSPA5	P19419	P11021	ELK1_HSPA5	2.45	1.29	9.18E-07	2.76E-02	No	No	No	No	No
EGFRNetmtKRAS-Lo	ELK1	HSPA1A	P19419	P08107	ELK1_HSPA1A	2.21	1.15	1.83E-05	4.43E-02	No	No	No	No	No
EGFRNetmtKRAS-Lo	ELK1	TUBB	P19419	P07437	ELK1_TUBB	2.38	1.25	1.95E-04	3.19E-02	No	No	No	No	No
EGFRNetmtKRAS-Lo	ELK1	SLC25A5	P19419	P05141	ELK1_SLC25A5	2.32	1.21	3.25E-02	3.61E-02	No	No	No	No	No
EGFRNetmtKRAS-Lo	ELK1	HSPB1	P19419	P04792	ELK1_HSPB1	3.06	1.61	2.99E-05	8.62E-03	No	No	No	No	No
EGFRNetmtKRAS-Lo	ELK1	TUBB4A	P19419	P04350	ELK1_TUBB4A	3.12	1.64	8.11E-05	7.63E-03	No	No	No	No	No
EGFRNetmtKRAS-Lo	ELK1	DNAJA2	P19419	O60884	ELK1_DNAJA2	2.22	1.15	2.83E-03	4.40E-02	No	No	No	No	No
EGFRNetmtKRAS-Lo	ELK1	ICMT	P19419	O60725	ELK1_ICMT	3.97	1.99	1.13E-02	1.69E-03	No	No	No	No	No
EGFRNetmtKRAS-Lo	ELK1	SPTLC1	P19419	O15269	ELK1_SPTLC1	2.29	1.20	1.92E-02	3.81E-02	No	No	No	No	No
EGFRNetmtKRAS-Lo	ELK1	TPP1	P19419	O14773	ELK1_TPP1	2.21	1.14	1.80E-02	4.49E-02	No	No	No	No	No
EGFRNetmtKRAS-Lo	ELK1	PPP6C	P19419	O00743	ELK1_PPP6C	2.18	1.13	1.25E-02	4.71E-02	No	No	No	No	No
EGFRNetmtKRAS-Lo	ELK4	IVNS1ABP	P28324	Q9Y6Y0	ELK4_IVNS1ABP	1.41	0.49	8.61E-03	4.59E-03	Yes	No	No	No	No
EGFRNetmtKRAS-Lo	ELK4	THRAP3	P28324	Q9Y2W1	ELK4_THRAP3	1.55	0.63	1.91E-02	4.77E-04	No	No	No	No	No
EGFRNetmtKRAS-Lo	ELK4	LIMA1	P28324	Q9UHB6	ELK4_LIMA1	1.61	0.69	2.64E-02	1.55E-04	No	No	No	No	No
EGFRNetmtKRAS-Lo	ELK4	BCLAF1	P28324	Q9NYF8	ELK4_BCLAF1	1.81	0.86	3.04E-02	3.67E-06	No	No	No	No	No
EGFRNetmtKRAS-Lo	ELK4	MRPL16	P28324	Q9NX20	ELK4_MRPL16	1.33	0.41	1.75E-02	1.50E-02	No	No	No	No	No
EGFRNetmtKRAS-Lo	ELK4	MRPL4	P28324	Q9BYD3	ELK4_MRPL4	1.24	0.31	4.21E-02	4.97E-02	No	No	No	No	No
EGFRNetmtKRAS-Lo	ELK4	TCF25	P28324	Q9BQ70	ELK4_TCF25	1.25	0.32	4.90E-02	4.59E-02	No	No	No	No	No
EGFRNetmtKRAS-Lo	ELK4	MYCBP	P28324	Q99417	ELK4_MYCBP	1.34	0.42	1.85E-02	1.32E-02	No	No	No	No	No
EGFRNetmtKRAS-Lo	ELK4	PRPF31	P28324	Q8WWY3	ELK4_PRPF31	1.37	0.45	1.62E-02	8.38E-03	No	No	No	No	No
EGFRNetmtKRAS-Lo	ELK4	SRSF7	P28324	Q16629	ELK4_SRSF7	1.28	0.36	4.78E-02	2.93E-02	No	No	No	No	No
EGFRNetmtKRAS-Lo	ELK4	PRPSAP1	P28324	Q14558	ELK4_PRPSAP1	1.77	0.82	1.13E-03	8.33E-06	No	No	No	No	No
EGFRNetmtKRAS-Lo	ELK4	OTUD4	P28324	Q01804	ELK4_OTUD4	1.39	0.47	1.80E-02	6.48E-03	No	No	No	No	No
EGFRNetmtKRAS-Lo	ELK4	ERH	P28324	P84090	ELK4_ERH	1.60	0.67	8.71E-03	2.00E-04	No	No	No	No	No
EGFRNetmtKRAS-Lo	ELK4	PRPS1	P28324	P60891	ELK4_PRPS1	1.71	0.77	7.24E-04	2.43E-05	No	No	No	No	No
EGFRNetmtKRAS-Lo	ELK4	SERPINH1	P28324	P50454	ELK4_SERPINH1	1.26	0.34	3.22E-02	3.64E-02	No	No	No	No	No
EGFRNetmtKRAS-Lo	ELK4	ACADVL	P28324	P49748	ELK4_ACADVL	1.33	0.41	1.52E-02	1.43E-02	No	No	No	No	No
EGFRNetmtKRAS-Lo	ELK4	ELK4	P28324	P28324	ELK4_ELK4	2.05	1.04	1.70E-02	2.86E-08	No	No	No	No	No
EGFRNetmtKRAS-Lo	ELK4	ITGA3	P28324	P26006	ELK4_ITGA3	1.43	0.52	1.03E-02	3.31E-03	Yes	No	No	No	No
EGFRNetmtKRAS-Lo	ELK4	PRPS2	P28324	P11908	ELK4_PRPS2	1.63	0.71	1.81E-03	1.02E-04	No	No	No	No	No
EGFRNetmtKRAS-Lo	ELK4	HSPB1	P28324	P04792	ELK4_HSPB1	1.55	0.63	1.23E-02	4.65E-04	Yes	No	No	No	No
EGFRNetmtKRAS-Lo	ELK4	PRPSAP2	P28324	O60256	ELK4_PRPSAP2	1.57	0.65	1.97E-03	3.32E-04	No	No	No	No	No
EGFRNetmtKRAS-Lo	FGFR1	MRPS2	P11362	Q9Y399	FGFR1_MRPS2	2.41	1.27	8.15E-03	3.17E-02	No	No	No	No	No
EGFRNetmtKRAS-Lo	FGFR1	MRPS7	P11362	Q9Y2R9	FGFR1_MRPS7	2.38	1.25	1.59E-02	3.42E-02	Yes	No	No	No	No
EGFRNetmtKRAS-Lo	FGFR1	MRPS33	P11362	Q9Y291	FGFR1_MRPS33	2.81	1.49	1.96E-02	1.44E-02	Yes	No	No	No	No
EGFRNetmtKRAS-Lo	FGFR1	CORO1C	P11362	Q9ULV4	FGFR1_CORO1C	3.59	1.85	3.70E-04	3.34E-03	Yes	No	No	No	No
EGFRNetmtKRAS-Lo	FGFR1	LIMA1	P11362	Q9UHB6	FGFR1_LIMA1	3.15	1.66	6.79E-04	7.53E-03	Yes	No	No	No	No
EGFRNetmtKRAS-Lo	FGFR1	TMOD3	P11362	Q9NYL9	FGFR1_TMOD3	3.18	1.67	7.46E-03	7.22E-03	Yes	No	No	No	No
EGFRNetmtKRAS-Lo	FGFR1	KCTD5	P11362	Q9NXV2	FGFR1_KCTD5	2.87	1.52	2.19E-03	1.30E-02	Yes	No	No	No	No
EGFRNetmtKRAS-Lo	FGFR1	ARGLU1	P11362	Q9NWB6	FGFR1_ARGLU1	2.55	1.35	1.85E-04	2.43E-02	Yes	No	No	No	No
EGFRNetmtKRAS-Lo	FGFR1	BOLA2	P11362	Q9H3K6	FGFR1_BOLA2	2.52	1.33	2.17E-04	2.56E-02	No	No	No	No	No
EGFRNetmtKRAS-Lo	FGFR1	MRPS26	P11362	Q9BYN8	FGFR1_MRPS26	2.28	1.19	3.94E-02	4.15E-02	Yes	No	No	No	No
EGFRNetmtKRAS-Lo	FGFR1	CORO1B	P11362	Q9BR76	FGFR1_CORO1B	3.57	1.84	1.51E-02	3.47E-03	No	No	No	No	No
EGFRNetmtKRAS-Lo	FGFR1	MRPS31	P11362	Q92665	FGFR1_MRPS31	2.82	1.49	7.42E-03	1.43E-02	Yes	No	No	No	No
EGFRNetmtKRAS-Lo	FGFR1	PFKFB3	P11362	Q16875	FGFR1_PFKFB3	5.04	2.33	3.49E-04	2.90E-04	Yes	No	No	No	No
EGFRNetmtKRAS-Lo	FGFR1	CDC37	P11362	Q16543	FGFR1_CDC37	3.00	1.59	1.40E-02	1.00E-02	No	No	No	No	No
EGFRNetmtKRAS-Lo	FGFR1	PLEC	P11362	Q15149	FGFR1_PLEC	2.92	1.55	3.96E-02	1.17E-02	No	No	No	No	No
EGFRNetmtKRAS-Lo	FGFR1	MRPS6	P11362	P82932	FGFR1_MRPS6	2.33	1.22	2.11E-03	3.77E-02	Yes	No	No	No	No
EGFRNetmtKRAS-Lo	FGFR1	ACTB	P11362	P60709	FGFR1_ACTB	2.55	1.35	2.90E-03	2.41E-02	Yes	No	No	No	No
EGFRNetmtKRAS-Lo	FGFR1	ATP5O	P11362	P48047	FGFR1_ATP5O	2.37	1.25	2.34E-02	3.45E-02	No	No	No	No	No
EGFRNetmtKRAS-Lo	FGFR1	RPL22	P11362	P35268	FGFR1_RPL22	2.83	1.50	4.18E-02	1.39E-02	No	No	No	No	No
EGFRNetmtKRAS-Lo	FGFR1	CFL1	P11362	P23528	FGFR1_CFL1	2.32	1.21	1.18E-04	3.85E-02	Yes	No	No	No	No
EGFRNetmtKRAS-Lo	FGFR1	FGFR1	P11362	P11362	FGFR1_FGFR1	6.12	2.61	1.15E-04	5.63E-05	Yes	No	No	Yes	Yes
EGFRNetmtKRAS-Lo	FGFR1	SRP19	P11362	P09132	FGFR1_SRP19	3.38	1.76	3.22E-02	4.93E-03	No	No	No	No	No
EGFRNetmtKRAS-Lo	FGFR1	P4HB	P11362	P07237	FGFR1_P4HB	5.19	2.38	6.60E-05	2.27E-04	Yes	No	No	No	No
EGFRNetmtKRAS-Lo	FGFR1	CDK1	P11362	P06493	FGFR1_CDK1	3.49	1.80	1.52E-04	4.03E-03	Yes	No	No	No	No
EGFRNetmtKRAS-Lo	FGFR1	HPX	P11362	P02790	FGFR1_HPX	6.17	2.63	3.19E-02	5.25E-05	No	No	No	No	No
EGFRNetmtKRAS-Lo	FGFR1	PPM1B	P11362	O75688	FGFR1_PPM1B	3.63	1.86	1.11E-04	3.15E-03	Yes	No	No	No	No
EGFRNetmtKRAS-Lo	FGFR1	MRPS14	P11362	O60783	FGFR1_MRPS14	3.02	1.60	2.19E-02	9.61E-03	Yes	No	No	No	No
EGFRNetmtKRAS-Lo	FGR	CORO1C	P09769	Q9ULV4	FGR_CORO1C	1.70	0.76	2.01E-04	4.58E-04	No	No	No	No	No
EGFRNetmtKRAS-Lo	FGR	ATAD3A	P09769	Q9NVI7	FGR_ATAD3A	1.51	0.59	1.17E-05	5.02E-03	No	No	No	No	No
EGFRNetmtKRAS-Lo	FGR	CCT7	P09769	Q99832	FGR_CCT7	1.75	0.81	2.00E-05	2.18E-04	No	No	No	No	No
EGFRNetmtKRAS-Lo	FGR	PGAM5	P09769	Q96HS1	FGR_PGAM5	1.35	0.43	7.40E-03	3.00E-02	No	No	No	No	No
EGFRNetmtKRAS-Lo	FGR	RANBP10	P09769	Q6VN20	FGR_RANBP10	1.81	0.86	4.09E-02	9.02E-05	No	No	No	No	No
EGFRNetmtKRAS-Lo	FGR	HSP90AB2P	P09769	Q58FF8	FGR_HSP90AB2P	1.98	0.98	4.42E-04	9.00E-06	No	No	No	No	No
EGFRNetmtKRAS-Lo	FGR	CDC37	P09769	Q16543	FGR_CDC37	7.14	2.84	7.78E-06	1.52E-35	No	No	No	No	No
EGFRNetmtKRAS-Lo	FGR	EFTUD2	P09769	Q15029	FGR_EFTUD2	1.31	0.39	2.62E-02	4.53E-02	No	No	No	No	No
EGFRNetmtKRAS-Lo	FGR	CCT2	P09769	P78371	FGR_CCT2	1.84	0.88	6.89E-06	6.57E-05	No	No	No	No	No
EGFRNetmtKRAS-Lo	FGR	ACTB	P09769	P60709	FGR_ACTB	1.35	0.44	1.11E-05	2.95E-02	No	No	No	No	No
EGFRNetmtKRAS-Lo	FGR	TPI1	P09769	P60174	FGR_TPI1	1.36	0.44	1.14E-02	2.81E-02	No	No	No	No	No
EGFRNetmtKRAS-Lo	FGR	COPA	P09769	P53621	FGR_COPA	1.32	0.40	1.14E-02	4.06E-02	No	No	No	No	No
EGFRNetmtKRAS-Lo	FGR	FXR1	P09769	P51114	FGR_FXR1	1.52	0.61	4.92E-02	4.24E-03	No	No	No	No	No
EGFRNetmtKRAS-Lo	FGR	CCT4	P09769	P50991	FGR_CCT4	1.81	0.85	1.82E-05	1.00E-04	No	No	No	No	No
EGFRNetmtKRAS-Lo	FGR	CCT8	P09769	P50990	FGR_CCT8	1.81	0.86	1.39E-05	9.53E-05	No	No	No	No	No
EGFRNetmtKRAS-Lo	FGR	CCT3	P09769	P49368	FGR_CCT3	1.83	0.87	1.22E-05	7.33E-05	No	No	No	No	No
EGFRNetmtKRAS-Lo	FGR	CCT5	P09769	P48643	FGR_CCT5	1.71	0.78	1.06E-05	3.56E-04	No	No	No	No	No
EGFRNetmtKRAS-Lo	FGR	CCT6A	P09769	P40227	FGR_CCT6A	1.82	0.86	1.30E-05	8.57E-05	No	No	No	No	No
EGFRNetmtKRAS-Lo	FGR	CAD	P09769	P27708	FGR_CAD	1.44	0.53	8.50E-03	1.05E-02	No	No	No	No	No
EGFRNetmtKRAS-Lo	FGR	HNRNPA2B1	P09769	P22626	FGR_HNRNPA2B1	1.33	0.41	1.34E-04	3.90E-02	No	No	No	No	No
EGFRNetmtKRAS-Lo	FGR	TCP1	P09769	P17987	FGR_TCP1	1.86	0.90	7.04E-06	4.76E-05	No	No	No	No	No
EGFRNetmtKRAS-Lo	FGR	FGR	P09769	P09769	FGR_FGR	13.84	3.79	2.34E-06	7.14E-62	No	No	No	Yes	No
EGFRNetmtKRAS-Lo	FGR	ANXA5	P09769	P08758	FGR_ANXA5	1.32	0.40	1.46E-02	4.26E-02	No	No	No	No	No
EGFRNetmtKRAS-Lo	FGR	HSP90AB3P	P09769	Q58FF7	FGR_HSP90AB3P	2.13	1.09	1.90E-05	1.02E-06	No	No	No	No	No
EGFRNetmtKRAS-Lo	FGR	HSP90AB1	P09769	P08238	FGR_HSP90AB1	2.13	1.09	1.90E-05	1.02E-06	No	No	No	Yes	No
EGFRNetmtKRAS-Lo	FGR	YES1	P09769	P07947	FGR_YES1	26.71	4.74	1.67E-06	1.56E-95	No	Yes	No	No	No
EGFRNetmtKRAS-Lo	FGR	HNRNPCL1	P09769	O60812	FGR_HNRNPCL1	1.31	0.39	8.62E-03	4.67E-02	No	No	No	No	No
EGFRNetmtKRAS-Lo	FGR	HNRNPC	P09769	P07910	FGR_HNRNPC	1.31	0.39	8.62E-03	4.67E-02	No	No	No	No	No
EGFRNetmtKRAS-Lo	FGR	HSP90AA1	P09769	P07900	FGR_HSP90AA1	2.37	1.24	1.81E-05	2.91E-08	No	No	No	Yes	No
EGFRNetmtKRAS-Lo	FGR	CDK1	P09769	P06493	FGR_CDK1	90.70	6.50	2.55E-06	6.87E-178	No	No	No	No	No
EGFRNetmtKRAS-Lo	FGR	HSPB1	P09769	P04792	FGR_HSPB1	1.41	0.50	5.20E-03	1.48E-02	No	No	No	No	No
EGFRNetmtKRAS-Lo	FYN	CCDC72	P06241	Q9Y2S6	FYN_CCDC72	1.44	0.52	4.50E-02	1.13E-02	No	No	No	No	No
EGFRNetmtKRAS-Lo	FYN	TECR	P06241	Q9NZ01	FYN_TECR	1.33	0.42	2.61E-02	3.42E-02	Yes	No	No	No	No
EGFRNetmtKRAS-Lo	FYN	DDX23	P06241	Q9BUQ8	FYN_DDX23	1.91	0.93	1.72E-02	2.56E-05	Yes	No	No	No	No
EGFRNetmtKRAS-Lo	FYN	SNRNP40	P06241	Q96DI7	FYN_SNRNP40	1.99	1.00	7.03E-03	7.60E-06	No	No	No	No	No
EGFRNetmtKRAS-Lo	FYN	USP7	P06241	Q93009	FYN_USP7	1.41	0.49	2.67E-05	1.57E-02	No	No	No	No	No
EGFRNetmtKRAS-Lo	FYN	HSPH1	P06241	Q92598	FYN_HSPH1	1.54	0.62	2.49E-02	3.41E-03	No	No	No	No	No
EGFRNetmtKRAS-Lo	FYN	RP9	P06241	Q8TA86	FYN_RP9	1.34	0.42	2.95E-03	3.35E-02	Yes	No	No	No	No
EGFRNetmtKRAS-Lo	FYN	KIAA1967	P06241	Q8N163	FYN_KIAA1967	1.34	0.42	7.26E-03	3.38E-02	No	No	No	No	No
EGFRNetmtKRAS-Lo	FYN	PRPF8	P06241	Q6P2Q9	FYN_PRPF8	1.59	0.67	1.82E-02	1.85E-03	Yes	No	No	Yes	No
EGFRNetmtKRAS-Lo	FYN	CDC37	P06241	Q16543	FYN_CDC37	3.16	1.66	3.33E-07	3.20E-13	No	Yes	No	Yes	No
EGFRNetmtKRAS-Lo	FYN	EFTUD2	P06241	Q15029	FYN_EFTUD2	1.54	0.62	1.46E-02	3.47E-03	Yes	No	No	No	No
EGFRNetmtKRAS-Lo	FYN	DDX39B	P06241	Q13838	FYN_DDX39B	1.32	0.41	2.75E-05	3.78E-02	No	No	No	No	No
EGFRNetmtKRAS-Lo	FYN	HNRNPA0	P06241	Q13151	FYN_HNRNPA0	1.37	0.46	7.59E-03	2.28E-02	No	No	No	No	No
EGFRNetmtKRAS-Lo	FYN	ILF3	P06241	Q12906	FYN_ILF3	1.34	0.43	6.41E-05	3.12E-02	No	No	No	No	No
EGFRNetmtKRAS-Lo	FYN	KHDRBS1	P06241	Q07666	FYN_KHDRBS1	1.56	0.64	4.04E-03	2.60E-03	No	No	No	Yes	No
EGFRNetmtKRAS-Lo	FYN	HSPA4	P06241	P34932	FYN_HSPA4	1.54	0.62	1.45E-02	3.31E-03	No	No	No	No	No
EGFRNetmtKRAS-Lo	FYN	PRDX2	P06241	P32119	FYN_PRDX2	2.40	1.26	3.11E-02	2.15E-08	Yes	No	No	No	No
EGFRNetmtKRAS-Lo	FYN	CAD	P06241	P27708	FYN_CAD	1.46	0.55	1.14E-02	8.50E-03	No	No	No	No	No
EGFRNetmtKRAS-Lo	FYN	PTBP1	P06241	P26599	FYN_PTBP1	1.40	0.48	7.11E-03	1.70E-02	No	No	No	No	No
EGFRNetmtKRAS-Lo	FYN	ITGA3	P06241	P26006	FYN_ITGA3	2.51	1.33	4.11E-03	4.26E-09	Yes	No	No	No	No
EGFRNetmtKRAS-Lo	FYN	HSP90B1	P06241	P14625	FYN_HSP90B1	1.55	0.64	4.35E-02	2.80E-03	Yes	No	No	No	No
EGFRNetmtKRAS-Lo	FYN	TRIM27	P06241	P14373	FYN_TRIM27	1.30	0.38	1.80E-02	4.97E-02	No	No	No	No	No
EGFRNetmtKRAS-Lo	FYN	SRC	P06241	P12931	FYN_SRC	10.17	3.35	4.82E-04	6.60E-48	No	Yes	No	Yes	No
EGFRNetmtKRAS-Lo	FYN	HSPA8	P06241	P11142	FYN_HSPA8	2.07	1.05	1.16E-05	2.36E-06	No	No	No	No	No
EGFRNetmtKRAS-Lo	FYN	HSPA5	P06241	P11021	FYN_HSPA5	2.40	1.26	1.68E-05	2.15E-08	Yes	No	No	No	No
EGFRNetmtKRAS-Lo	FYN	HSP90AB1	P06241	P08238	FYN_HSP90AB1	1.47	0.55	2.49E-05	8.07E-03	No	Yes	No	Yes	No
EGFRNetmtKRAS-Lo	FYN	HSPA1A	P06241	P08107	FYN_HSPA1A	1.69	0.76	1.78E-05	4.77E-04	No	No	No	No	No
EGFRNetmtKRAS-Lo	FYN	HSP90AA1	P06241	P07900	FYN_HSP90AA1	1.61	0.69	2.75E-05	1.33E-03	No	Yes	No	Yes	No
EGFRNetmtKRAS-Lo	FYN	FYN	P06241	P06241	FYN_FYN	3.39	1.76	1.95E-05	1.10E-14	No	No	No	Yes	No
EGFRNetmtKRAS-Lo	FYN	CD2BP2	P06241	O95400	FYN_CD2BP2	1.89	0.92	1.61E-02	3.18E-05	Yes	No	No	No	No
EGFRNetmtKRAS-Lo	FYN	PRPF6	P06241	O94906	FYN_PRPF6	1.75	0.81	1.40E-02	2.08E-04	Yes	No	No	No	No
EGFRNetmtKRAS-Lo	FYN	SNRNP200	P06241	O75643	FYN_SNRNP200	1.70	0.77	1.27E-02	4.21E-04	Yes	No	No	No	No
EGFRNetmtKRAS-Lo	FYN	SART1	P06241	O43290	FYN_SART1	1.97	0.97	6.71E-03	1.13E-05	No	No	No	No	No
EGFRNetmtKRAS-Lo	FYN	MRPS12	P06241	O15235	FYN_MRPS12	1.30	0.38	1.78E-03	4.90E-02	Yes	No	No	No	No
EGFRNetmtKRAS-Lo	GAB1	SLIRP	Q13480	Q9GZT3	GAB1_SLIRP	2.81	1.49	3.22E-03	1.27E-07	No	No	No	No	No
EGFRNetmtKRAS-Lo	GAB1	GAB1	Q13480	Q13480	GAB1_GAB1	25.69	4.68	2.46E-13	6.27E-60	Yes	No	No	No	No
EGFRNetmtKRAS-Lo	GAB1	DSG1	Q13480	Q02413	GAB1_DSG1	4.55	2.19	1.05E-02	1.72E-14	No	No	No	No	No
EGFRNetmtKRAS-Lo	GAB1	GRB2	Q13480	P62993	GAB1_GRB2	10.12	3.34	3.45E-09	2.04E-31	Yes	Yes	No	Yes	No
EGFRNetmtKRAS-Lo	GAB1	RPS27A	Q13480	P62979	GAB1_RPS27A	1.81	0.86	1.24E-03	1.55E-03	No	No	No	No	No
EGFRNetmtKRAS-Lo	GAB1	LRPPRC	Q13480	P42704	GAB1_LRPPRC	3.03	1.60	1.79E-03	1.55E-08	No	No	No	No	No
EGFRNetmtKRAS-Lo	GAB1	DSP	Q13480	P15924	GAB1_DSP	3.49	1.81	1.59E-03	1.99E-10	No	No	No	No	No
EGFRNetmtKRAS-Lo	GAB1	JUP	Q13480	P14923	GAB1_JUP	3.62	1.86	2.06E-02	6.04E-11	No	No	No	No	No
EGFRNetmtKRAS-Lo	GAB1	PABPC3	Q13480	Q9H361	GAB1_PABPC3	1.45	0.54	2.07E-03	3.31E-02	No	No	No	No	No
EGFRNetmtKRAS-Lo	GAB1	PABPC1	Q13480	P11940	GAB1_PABPC1	1.45	0.54	2.07E-03	3.31E-02	No	No	No	No	No
EGFRNetmtKRAS-Lo	GAB1	HSPA1A	Q13480	P08107	GAB1_HSPA1A	2.01	1.01	1.59E-04	2.58E-04	No	No	No	No	No
EGFRNetmtKRAS-Lo	GAB2	RPL7A	Q9UQC2	P62424	GAB2_RPL7A	1.37	0.45	4.42E-03	4.21E-02	No	No	No	No	No
EGFRNetmtKRAS-Lo	GAB2	GSN	Q9UQC2	P06396	GAB2_GSN	2.01	1.00	4.94E-02	3.70E-05	No	No	No	No	No
EGFRNetmtKRAS-Lo	GAB2	GAB2	Q9UQC2	Q9UQC2	GAB2_GAB2	7.85	2.97	4.37E-09	7.90E-10	Yes	No	No	Yes	No
EGFRNetmtKRAS-Lo	GAB2	STK38	Q9UQC2	Q15208	GAB2_STK38	1.86	0.89	9.53E-03	3.14E-02	Yes	No	No	No	No
EGFRNetmtKRAS-Lo	GAB2	DSG1	Q9UQC2	Q02413	GAB2_DSG1	2.22	1.15	8.42E-03	8.56E-03	No	No	No	No	No
EGFRNetmtKRAS-Lo	GAB2	YWHAZ	Q9UQC2	P63104	GAB2_YWHAZ	2.64	1.40	8.70E-09	1.96E-03	No	No	No	Yes	No
EGFRNetmtKRAS-Lo	GAB2	GRB2	Q9UQC2	P62993	GAB2_GRB2	4.87	2.29	4.17E-06	1.62E-06	No	Yes	Yes	Yes	No
EGFRNetmtKRAS-Lo	GAB2	SFN	Q9UQC2	P31947	GAB2_SFN	2.85	1.51	5.10E-05	9.63E-04	No	No	No	Yes	No
EGFRNetmtKRAS-Lo	GAB2	YWHAQ	Q9UQC2	P27348	GAB2_YWHAQ	2.85	1.51	3.93E-08	9.65E-04	No	No	No	Yes	No
EGFRNetmtKRAS-Lo	GAB2	JUP	Q9UQC2	P14923	GAB2_JUP	2.43	1.28	4.13E-03	4.08E-03	No	No	No	No	No
EGFRNetmtKRAS-Lo	GAB2	HSPA5	Q9UQC2	P11021	GAB2_HSPA5	1.89	0.92	5.20E-07	2.79E-02	No	No	No	No	No
EGFRNetmtKRAS-Lo	GAB2	HSPB1	Q9UQC2	P04792	GAB2_HSPB1	2.07	1.05	1.13E-04	1.50E-02	No	No	No	No	No
EGFRNetmtKRAS-Lo	GRB10	EXOSC1	Q13322	Q9Y3B2	GRB10_EXOSC1	1.86	0.89	3.84E-02	1.27E-02	No	No	No	No	No
EGFRNetmtKRAS-Lo	GRB10	C19ORF53	Q13322	Q9UNZ5	GRB10_C19ORF53	2.32	1.21	2.79E-02	1.18E-03	No	No	No	No	No
EGFRNetmtKRAS-Lo	GRB10	AKAP8L	Q13322	Q9ULX6	GRB10_AKAP8L	1.90	0.92	3.25E-04	1.04E-02	No	No	No	No	No
EGFRNetmtKRAS-Lo	GRB10	RBM28	Q13322	Q9NW13	GRB10_RBM28	3.22	1.69	4.80E-03	1.10E-05	No	No	No	No	No
EGFRNetmtKRAS-Lo	GRB10	EXOSC3	Q13322	Q9NQT5	GRB10_EXOSC3	2.11	1.08	2.56E-02	3.47E-03	No	No	No	No	No
EGFRNetmtKRAS-Lo	GRB10	WDR6	Q13322	Q9NNW5	GRB10_WDR6	3.65	1.87	4.84E-02	1.27E-06	No	No	No	No	No
EGFRNetmtKRAS-Lo	GRB10	WDR61	Q13322	Q9GZS3	GRB10_WDR61	2.12	1.08	1.62E-03	3.32E-03	No	No	No	No	No
EGFRNetmtKRAS-Lo	GRB10	DDX24	Q13322	Q9GZR7	GRB10_DDX24	2.11	1.08	4.39E-03	3.47E-03	No	No	No	No	No
EGFRNetmtKRAS-Lo	GRB10	EBNA1BP2	Q13322	Q99848	GRB10_EBNA1BP2	2.96	1.56	1.65E-02	4.19E-05	No	No	No	No	No
EGFRNetmtKRAS-Lo	GRB10	USP9X	Q13322	Q93008	GRB10_USP9X	3.78	1.92	4.70E-03	6.88E-07	No	No	No	No	No
EGFRNetmtKRAS-Lo	GRB10	HSPH1	Q13322	Q92598	GRB10_HSPH1	1.81	0.86	3.27E-04	1.62E-02	No	No	No	No	No
EGFRNetmtKRAS-Lo	GRB10	H1FX	Q13322	Q92522	GRB10_H1FX	3.08	1.62	1.89E-02	2.28E-05	No	No	No	No	No
EGFRNetmtKRAS-Lo	GRB10	TFB1M	Q13322	Q8WVM0	GRB10_TFB1M	2.70	1.43	2.79E-02	1.57E-04	No	No	No	No	No
EGFRNetmtKRAS-Lo	GRB10	PAF1	Q13322	Q8N7H5	GRB10_PAF1	2.20	1.14	1.91E-02	2.21E-03	No	No	No	No	No
EGFRNetmtKRAS-Lo	GRB10	CHCHD4	Q13322	Q8N4Q1	GRB10_CHCHD4	6.79	2.76	6.31E-05	1.55E-12	Yes	No	No	No	No
EGFRNetmtKRAS-Lo	GRB10	FTSJ3	Q13322	Q8IY81	GRB10_FTSJ3	2.00	1.00	3.80E-02	6.29E-03	No	No	No	Yes	No
EGFRNetmtKRAS-Lo	GRB10	DHX30	Q13322	Q7L2E3	GRB10_DHX30	1.61	0.69	4.28E-03	4.30E-02	No	No	No	No	No
EGFRNetmtKRAS-Lo	GRB10	CDC73	Q13322	Q6P1J9	GRB10_CDC73	2.11	1.08	3.80E-02	3.47E-03	No	No	No	No	No
EGFRNetmtKRAS-Lo	GRB10	PPP2R2D	Q13322	Q66LE6	GRB10_PPP2R2D	6.94	2.79	1.42E-04	8.96E-13	No	No	No	No	No
EGFRNetmtKRAS-Lo	GRB10	TRIP6	Q13322	Q15654	GRB10_TRIP6	2.72	1.44	4.64E-02	1.43E-04	No	No	No	No	No
EGFRNetmtKRAS-Lo	GRB10	SEC23B	Q13322	Q15437	GRB10_SEC23B	2.15	1.10	4.11E-03	2.83E-03	No	No	No	No	No
EGFRNetmtKRAS-Lo	GRB10	SART3	Q13322	Q15020	GRB10_SART3	1.69	0.76	2.05E-03	2.91E-02	No	No	No	No	No
EGFRNetmtKRAS-Lo	GRB10	FAT1	Q13322	Q14517	GRB10_FAT1	1.94	0.95	6.57E-05	8.52E-03	Yes	No	No	No	No
EGFRNetmtKRAS-Lo	GRB10	GRB10	Q13322	Q13322	GRB10_GRB10	11.01	3.46	6.48E-11	1.20E-18	No	No	No	Yes	No
EGFRNetmtKRAS-Lo	GRB10	PPP2CA	Q13322	P67775	GRB10_PPP2CA	6.61	2.73	1.61E-09	3.13E-12	No	No	No	No	No
EGFRNetmtKRAS-Lo	GRB10	RPL38	Q13322	P63173	GRB10_RPL38	1.58	0.66	1.02E-02	4.98E-02	No	No	No	Yes	No
EGFRNetmtKRAS-Lo	GRB10	PPP2R2A	Q13322	P63151	GRB10_PPP2R2A	6.48	2.70	2.43E-10	5.30E-12	No	No	No	No	No
EGFRNetmtKRAS-Lo	GRB10	DCAF7	Q13322	P61962	GRB10_DCAF7	3.30	1.72	2.86E-02	7.36E-06	Yes	No	No	No	No
EGFRNetmtKRAS-Lo	GRB10	USP11	Q13322	P51784	GRB10_USP11	2.15	1.10	9.29E-03	2.89E-03	No	No	No	No	No
EGFRNetmtKRAS-Lo	GRB10	FXR1	Q13322	P51114	GRB10_FXR1	3.27	1.71	7.08E-03	8.76E-06	No	No	No	Yes	No
EGFRNetmtKRAS-Lo	GRB10	ALDH1A3	Q13322	P47895	GRB10_ALDH1A3	2.81	1.49	1.68E-02	9.20E-05	Yes	No	No	No	No
EGFRNetmtKRAS-Lo	GRB10	HSPA9	Q13322	P38646	GRB10_HSPA9	2.30	1.20	5.32E-08	1.26E-03	No	No	No	No	No
EGFRNetmtKRAS-Lo	GRB10	CTNNB1	Q13322	P35222	GRB10_CTNNB1	1.67	0.74	3.40E-05	3.23E-02	No	No	No	No	No
EGFRNetmtKRAS-Lo	GRB10	CTNNA1	Q13322	P35221	GRB10_CTNNA1	1.60	0.67	1.90E-04	4.68E-02	No	No	No	No	No
EGFRNetmtKRAS-Lo	GRB10	PPP2R1A	Q13322	P30153	GRB10_PPP2R1A	6.74	2.75	2.74E-10	1.89E-12	No	No	No	Yes	No
EGFRNetmtKRAS-Lo	GRB10	CAD	Q13322	P27708	GRB10_CAD	1.84	0.88	5.78E-06	1.43E-02	No	No	No	Yes	No
EGFRNetmtKRAS-Lo	GRB10	CDH3	Q13322	P22223	GRB10_CDH3	1.87	0.91	1.58E-03	1.18E-02	No	No	No	No	No
EGFRNetmtKRAS-Lo	GRB10	HSPA7	Q13322	P48741	GRB10_HSPA7	3.06	1.61	1.74E-04	2.50E-05	No	No	No	No	No
EGFRNetmtKRAS-Lo	GRB10	HSPA6	Q13322	P17066	GRB10_HSPA6	3.06	1.61	1.74E-04	2.50E-05	No	No	No	No	No
EGFRNetmtKRAS-Lo	GRB10	JUP	Q13322	P14923	GRB10_JUP	1.60	0.68	6.13E-08	4.58E-02	No	No	No	No	No
EGFRNetmtKRAS-Lo	GRB10	TOP1	Q13322	P11387	GRB10_TOP1	1.62	0.70	4.09E-03	4.11E-02	No	No	No	No	No
EGFRNetmtKRAS-Lo	GRB10	HSPA8	Q13322	P11142	GRB10_HSPA8	1.91	0.93	5.20E-05	9.75E-03	No	No	No	No	No
EGFRNetmtKRAS-Lo	GRB10	HSPA5	Q13322	P11021	GRB10_HSPA5	2.85	1.51	1.20E-07	7.22E-05	No	No	No	No	No
EGFRNetmtKRAS-Lo	GRB10	HSPA1A	Q13322	P08107	GRB10_HSPA1A	2.04	1.03	1.80E-05	5.03E-03	No	No	No	No	No
EGFRNetmtKRAS-Lo	GRB10	P4HB	Q13322	P07237	GRB10_P4HB	2.78	1.48	4.21E-06	1.04E-04	No	No	No	No	No
EGFRNetmtKRAS-Lo	GRB10	RPLP1	Q13322	P05386	GRB10_RPLP1	2.66	1.41	9.23E-03	1.93E-04	No	No	No	Yes	No
EGFRNetmtKRAS-Lo	GRB10	HSPB1	Q13322	P04792	GRB10_HSPB1	1.94	0.95	1.72E-03	8.58E-03	Yes	No	No	No	No
EGFRNetmtKRAS-Lo	GRB10	AIFM1	Q13322	O95831	GRB10_AIFM1	4.32	2.11	8.61E-07	5.20E-08	No	No	No	Yes	No
EGFRNetmtKRAS-Lo	GRB10	BAG2	Q13322	O95816	GRB10_BAG2	1.61	0.69	2.01E-02	4.35E-02	No	No	No	No	No
EGFRNetmtKRAS-Lo	GRB10	HSPA4L	Q13322	O95757	GRB10_HSPA4L	1.63	0.71	1.65E-03	3.88E-02	No	No	No	No	No
EGFRNetmtKRAS-Lo	GRB10	ANKRD28	Q13322	O15084	GRB10_ANKRD28	2.11	1.08	2.23E-02	3.51E-03	No	No	No	No	No
EGFRNetmtKRAS-Lo	GRB10	POLRMT	Q13322	O00411	GRB10_POLRMT	2.37	1.24	4.58E-02	9.16E-04	No	No	No	No	No
EGFRNetmtKRAS-Lo	GRB2	HYOU1	P62993	Q9Y4L1	GRB2_HYOU1	1.63	0.70	1.84E-02	4.09E-03	Yes	No	No	No	No
EGFRNetmtKRAS-Lo	GRB2	SEC23B	P62993	Q15437	GRB2_SEC23B	1.43	0.51	1.49E-02	2.72E-02	No	No	No	No	No
EGFRNetmtKRAS-Lo	GRB2	YWHAB	P62993	P31946	GRB2_YWHAB	1.54	0.63	6.62E-04	9.22E-03	No	No	No	Yes	No
EGFRNetmtKRAS-Lo	GRB2	SHC1	P62993	P29353	GRB2_SHC1	11.28	3.50	1.55E-02	2.24E-47	Yes	No	No	Yes	No
EGFRNetmtKRAS-Lo	GRB2	NQO1	P62993	P15559	GRB2_NQO1	1.64	0.72	2.11E-05	3.54E-03	Yes	No	No	No	No
EGFRNetmtKRAS-Lo	GRB2	FDPS	P62993	P14324	GRB2_FDPS	1.38	0.47	4.09E-03	3.89E-02	No	No	No	No	No
EGFRNetmtKRAS-Lo	GRB2	G6PD	P62993	P11413	GRB2_G6PD	1.40	0.48	1.92E-02	3.40E-02	Yes	No	No	No	No
EGFRNetmtKRAS-Lo	GRB2	SLC25A5	P62993	P05141	GRB2_SLC25A5	1.43	0.51	4.24E-03	2.70E-02	No	No	No	Yes	No
EGFRNetmtKRAS-Lo	GRB2	EGFR	P62993	P00533	GRB2_EGFR	2.59	1.38	1.15E-03	1.29E-07	No	No	No	Yes	No
EGFRNetmtKRAS-Lo	GRB2	ARHGEF35	P62993	A5YM69	GRB2_ARHGEF35	13.42	3.75	7.56E-03	7.66E-45	Yes	No	No	No	No
EGFRNetmtKRAS-Lo	GRB2	GIT1	P62993	Q9Y2X7	GRB2_GIT1	6.89	2.79	5.83E-04	2.49E-13	No	No	No	Yes	No
EGFRNetmtKRAS-Lo	GRB2	DNM3	P62993	Q9UQ16	GRB2_DNM3	11.47	3.52	1.33E-07	3.55E-20	No	Yes	No	Yes	No
EGFRNetmtKRAS-Lo	GRB2	ASAP1	P62993	Q9ULH1	GRB2_ASAP1	9.38	3.23	3.74E-05	2.78E-17	No	Yes	No	Yes	No
EGFRNetmtKRAS-Lo	GRB2	ERRFI1	P62993	Q9UJM3	GRB2_ERRFI1	16.69	4.06	2.03E-04	3.25E-26	Yes	Yes	No	Yes	No
EGFRNetmtKRAS-Lo	GRB2	VPS37B	P62993	Q9H9H4	GRB2_VPS37B	5.64	2.50	9.95E-04	4.73E-11	No	Yes	No	No	No
EGFRNetmtKRAS-Lo	GRB2	DOCK5	P62993	Q9H7D0	GRB2_DOCK5	6.76	2.76	4.81E-06	4.34E-13	No	Yes	No	Yes	No
EGFRNetmtKRAS-Lo	GRB2	FAM59A	P62993	Q9H706	GRB2_FAM59A	7.99	3.00	2.14E-04	3.73E-15	No	Yes	No	Yes	No
EGFRNetmtKRAS-Lo	GRB2	TSG101	P62993	Q99816	GRB2_TSG101	7.19	2.85	1.32E-04	7.76E-14	No	No	No	Yes	No
EGFRNetmtKRAS-Lo	GRB2	ARAP1	P62993	Q96P48	GRB2_ARAP1	16.93	4.08	3.58E-04	1.85E-26	No	Yes	No	Yes	No
EGFRNetmtKRAS-Lo	GRB2	ELMO2	P62993	Q96JJ3	GRB2_ELMO2	4.11	2.04	3.36E-03	5.98E-08	No	Yes	No	Yes	No
EGFRNetmtKRAS-Lo	GRB2	ELMO3	P62993	Q96BJ8	GRB2_ELMO3	11.36	3.51	4.39E-06	4.86E-20	No	No	No	No	No
EGFRNetmtKRAS-Lo	GRB2	WIPF2	P62993	Q8TF74	GRB2_WIPF2	40.69	5.35	1.25E-04	5.93E-44	No	Yes	No	Yes	No
EGFRNetmtKRAS-Lo	GRB2	DOCK4	P62993	Q8N1I0	GRB2_DOCK4	5.55	2.47	4.75E-03	6.84E-11	No	Yes	No	Yes	No
EGFRNetmtKRAS-Lo	GRB2	SGK223	P62993	Q86YV5	GRB2_SGK223	3.84	1.94	8.36E-04	2.28E-07	Yes	No	No	No	No
EGFRNetmtKRAS-Lo	GRB2	PIK3AP1	P62993	Q6ZUJ8	GRB2_PIK3AP1	10.30	3.36	7.76E-05	1.34E-18	No	Yes	No	Yes	No
EGFRNetmtKRAS-Lo	GRB2	DOCK1	P62993	Q14185	GRB2_DOCK1	8.55	3.10	1.09E-07	4.81E-16	No	Yes	No	Yes	No
EGFRNetmtKRAS-Lo	GRB2	CBLB	P62993	Q13191	GRB2_CBLB	10.88	3.44	1.81E-06	2.13E-19	No	Yes	Yes	Yes	No
EGFRNetmtKRAS-Lo	GRB2	ARHGEF5	P62993	Q12774	GRB2_ARHGEF5	9.16	3.20	3.45E-03	3.46E-33	Yes	No	No	Yes	No
EGFRNetmtKRAS-Lo	GRB2	SOS2	P62993	Q07890	GRB2_SOS2	8.63	3.11	2.40E-07	1.59E-31	No	Yes	No	Yes	No
EGFRNetmtKRAS-Lo	GRB2	SOS1	P62993	Q07889	GRB2_SOS1	16.66	4.06	2.10E-04	3.45E-26	No	Yes	No	Yes	No
EGFRNetmtKRAS-Lo	GRB2	DNM1	P62993	Q05193	GRB2_DNM1	23.94	4.58	7.05E-03	7.97E-33	No	Yes	No	Yes	No
EGFRNetmtKRAS-Lo	GRB2	PLOD1	P62993	Q02809	GRB2_PLOD1	6.27	2.65	1.53E-04	3.18E-12	No	No	No	No	No
EGFRNetmtKRAS-Lo	GRB2	CLTC	P62993	Q00610	GRB2_CLTC	1.80	0.85	1.03E-02	1.32E-02	No	No	No	Yes	No
EGFRNetmtKRAS-Lo	GRB2	YWHAZ	P62993	P63104	GRB2_YWHAZ	3.57	1.84	1.42E-06	9.30E-07	Yes	No	No	Yes	No
EGFRNetmtKRAS-Lo	GRB2	GRB2	P62993	P62993	GRB2_GRB2	35.96	5.17	3.88E-07	3.29E-41	No	No	No	Yes	No
EGFRNetmtKRAS-Lo	GRB2	YWHAE	P62993	P62258	GRB2_YWHAE	2.21	1.14	3.86E-03	1.48E-03	No	No	No	Yes	No
EGFRNetmtKRAS-Lo	GRB2	YWHAG	P62993	P61981	GRB2_YWHAG	2.76	1.47	1.65E-06	6.93E-05	Yes	No	No	Yes	No
EGFRNetmtKRAS-Lo	GRB2	CAPZA1	P62993	P52907	GRB2_CAPZA1	1.80	0.85	5.71E-03	1.37E-02	No	No	No	No	No
EGFRNetmtKRAS-Lo	GRB2	DNM2	P62993	P50570	GRB2_DNM2	20.20	4.34	7.78E-05	1.31E-29	No	Yes	No	Yes	No
EGFRNetmtKRAS-Lo	GRB2	KRT2	P62993	P35908	GRB2_KRT2	6.03	2.59	1.22E-02	8.88E-12	No	No	No	Yes	No
EGFRNetmtKRAS-Lo	GRB2	CAD	P62993	P27708	GRB2_CAD	7.30	2.87	1.76E-05	5.04E-14	Yes	No	No	Yes	No
EGFRNetmtKRAS-Lo	GRB2	CBL	P62993	P22681	GRB2_CBL	25.82	4.69	1.26E-04	2.66E-34	No	Yes	No	Yes	No
EGFRNetmtKRAS-Lo	GRB2	PTPRA	P62993	P18433	GRB2_PTPRA	3.14	1.65	2.50E-03	3.20E-10	No	Yes	No	Yes	No
EGFRNetmtKRAS-Lo	GRB2	PTPN1	P62993	P18031	GRB2_PTPN1	11.34	3.50	6.15E-03	5.18E-20	Yes	No	No	Yes	No
EGFRNetmtKRAS-Lo	GRB2	PKM	P62993	P14618	GRB2_PKM	1.83	0.87	1.68E-02	1.16E-02	No	No	No	Yes	No
EGFRNetmtKRAS-Lo	GRB2	HSPA8	P62993	P11142	GRB2_HSPA8	1.81	0.86	5.14E-05	1.26E-02	No	No	No	Yes	No
EGFRNetmtKRAS-Lo	GRB2	HSPA5	P62993	P11021	GRB2_HSPA5	1.94	0.95	1.01E-04	6.41E-03	No	No	No	Yes	No
EGFRNetmtKRAS-Lo	GRB2	ANXA2P2	P62993	A6NMY6	GRB2_ANXA2P2	1.57	0.65	1.03E-03	4.35E-02	No	No	No	No	No
EGFRNetmtKRAS-Lo	GRB2	ANXA2	P62993	P07355	GRB2_ANXA2	1.57	0.65	1.03E-03	4.35E-02	Yes	No	No	Yes	No
EGFRNetmtKRAS-Lo	GRB2	HSPB1	P62993	P04792	GRB2_HSPB1	2.14	1.10	7.63E-06	2.01E-05	Yes	No	No	Yes	No
EGFRNetmtKRAS-Lo	GRB2	PIK3C2B	P62993	O00750	GRB2_PIK3C2B	7.10	2.83	5.72E-04	1.12E-13	No	Yes	No	Yes	No
EGFRNetmtKRAS-Lo	GRB2	WASL	P62993	O00401	GRB2_WASL	11.63	3.54	5.19E-04	2.19E-20	No	Yes	Yes	Yes	No
EGFRNetmtKRAS-Lo	GRB2	WIPF3	P62993	A6NGB9	GRB2_WIPF3	8.78	3.13	2.20E-04	2.15E-16	No	Yes	No	Yes	No
EGFRNetmtKRAS-Lo	GRB7	NOC2L	Q14451	Q9Y3T9	GRB7_NOC2L	4.69	2.23	7.93E-04	4.54E-02	No	No	No	No	No
EGFRNetmtKRAS-Lo	GRB7	C19ORF53	Q14451	Q9UNZ5	GRB7_C19ORF53	5.20	2.38	5.49E-03	3.63E-02	No	No	No	No	No
EGFRNetmtKRAS-Lo	GRB7	GRB7	Q14451	Q14451	GRB7_GRB7	9.23	3.21	1.54E-06	8.66E-03	No	No	No	Yes	No
EGFRNetmtKRAS-Lo	GRB7	RPL18	Q14451	Q07020	GRB7_RPL18	4.52	2.18	1.25E-07	4.91E-02	No	No	No	No	No
EGFRNetmtKRAS-Lo	GRB7	RPL6	Q14451	Q02878	GRB7_RPL6	4.71	2.23	1.58E-08	4.52E-02	No	No	No	No	No
EGFRNetmtKRAS-Lo	GRB7	RPL19	Q14451	P84098	GRB7_RPL19	4.51	2.17	3.97E-08	4.95E-02	No	No	No	No	No
EGFRNetmtKRAS-Lo	GRB7	MRPS21	Q14451	P82921	GRB7_MRPS21	4.99	2.32	1.82E-02	3.97E-02	No	No	No	No	No
EGFRNetmtKRAS-Lo	GRB7	RPL32	Q14451	P62910	GRB7_RPL32	5.11	2.35	4.12E-07	3.77E-02	No	No	No	Yes	No
EGFRNetmtKRAS-Lo	GRB7	POLR2L	Q14451	P62875	GRB7_POLR2L	5.71	2.51	3.44E-03	2.93E-02	No	No	No	No	No
EGFRNetmtKRAS-Lo	GRB7	RPL37A	Q14451	P61513	GRB7_RPL37A	4.89	2.29	3.30E-09	4.15E-02	No	No	No	No	No
EGFRNetmtKRAS-Lo	GRB7	RPL27	Q14451	P61353	GRB7_RPL27	4.69	2.23	2.84E-08	4.56E-02	No	No	No	No	No
EGFRNetmtKRAS-Lo	GRB7	RPL15	Q14451	P61313	GRB7_RPL15	4.63	2.21	1.07E-08	4.68E-02	No	No	No	No	No
EGFRNetmtKRAS-Lo	GRB7	RPL14	Q14451	P50914	GRB7_RPL14	4.60	2.20	4.00E-07	4.75E-02	No	No	No	No	No
EGFRNetmtKRAS-Lo	GRB7	RPL35	Q14451	P42766	GRB7_RPL35	5.25	2.39	2.03E-08	3.56E-02	No	No	No	Yes	No
EGFRNetmtKRAS-Lo	GRB7	RPL13A	Q14451	P40429	GRB7_RPL13A	4.99	2.32	3.12E-09	3.97E-02	No	No	No	No	No
EGFRNetmtKRAS-Lo	GRB7	RPL4	Q14451	P36578	GRB7_RPL4	4.50	2.17	4.44E-09	4.97E-02	No	No	No	No	No
EGFRNetmtKRAS-Lo	GRB7	RPL12	Q14451	P30050	GRB7_RPL12	4.74	2.25	9.89E-09	4.45E-02	No	No	No	No	No
EGFRNetmtKRAS-Lo	GRB7	RPL10L	Q14451	Q96L21	GRB7_RPL10L	4.71	2.24	1.99E-08	4.51E-02	No	No	No	No	No
EGFRNetmtKRAS-Lo	GRB7	RPL10	Q14451	P27635	GRB7_RPL10	4.71	2.24	1.99E-08	4.51E-02	No	No	No	No	No
EGFRNetmtKRAS-Lo	GRB7	RPL35A	Q14451	P18077	GRB7_RPL35A	4.74	2.25	5.00E-07	4.45E-02	No	No	No	Yes	No
EGFRNetmtKRAS-Lo	GRB7	NEMF	Q14451	O60524	GRB7_NEMF	5.57	2.48	8.46E-04	3.10E-02	No	No	No	No	No
EGFRNetmtKRAS-Lo	GRB7	RIOK3	Q14451	O14730	GRB7_RIOK3	6.02	2.59	1.69E-02	2.60E-02	No	No	No	No	No
EGFRNetmtKRAS-Lo	HCK	DPP7	P08631	Q9UHL4	HCK_DPP7	1.38	0.47	3.56E-05	4.89E-02	No	No	No	No	No
EGFRNetmtKRAS-Lo	HCK	HSP90AB2P	P08631	Q58FF8	HCK_HSP90AB2P	4.79	2.26	1.24E-06	5.96E-15	No	No	No	No	No
EGFRNetmtKRAS-Lo	HCK	CDC37	P08631	Q16543	HCK_CDC37	11.54	3.53	7.37E-08	1.47E-33	No	No	No	Yes	No
EGFRNetmtKRAS-Lo	HCK	RPL37	P08631	P61927	HCK_RPL37	1.42	0.50	4.54E-02	3.79E-02	No	No	No	No	No
EGFRNetmtKRAS-Lo	HCK	FXR1	P08631	P51114	HCK_FXR1	1.60	0.68	1.91E-02	8.79E-03	No	No	No	No	No
EGFRNetmtKRAS-Lo	HCK	CDK9	P08631	P50750	HCK_CDK9	3.50	1.81	2.06E-02	2.95E-10	No	No	No	No	No
EGFRNetmtKRAS-Lo	HCK	LRPPRC	P08631	P42704	HCK_LRPPRC	1.45	0.53	1.45E-02	3.05E-02	No	No	No	No	No
EGFRNetmtKRAS-Lo	HCK	HSPA9	P08631	P38646	HCK_HSPA9	1.68	0.75	2.24E-06	4.47E-03	No	No	No	No	No
EGFRNetmtKRAS-Lo	HCK	RPL22	P08631	P35268	HCK_RPL22	1.53	0.62	1.00E-03	1.54E-02	No	No	No	No	No
EGFRNetmtKRAS-Lo	HCK	HSPA6	P08631	P17066	HCK_HSPA6	1.62	0.69	3.59E-05	7.65E-03	No	No	No	No	No
EGFRNetmtKRAS-Lo	HCK	HSPA8	P08631	P11142	HCK_HSPA8	1.62	0.70	4.08E-05	7.27E-03	No	No	No	No	No
EGFRNetmtKRAS-Lo	HCK	HSPA5	P08631	P11021	HCK_HSPA5	1.72	0.78	2.02E-04	3.35E-03	No	No	No	No	No
EGFRNetmtKRAS-Lo	HCK	HCK	P08631	P08631	HCK_HCK	10.42	3.38	8.49E-07	5.36E-31	No	No	No	Yes	No
EGFRNetmtKRAS-Lo	HCK	HSP90AB3P	P08631	Q58FF7	HCK_HSP90AB3P	5.70	2.51	1.43E-06	5.00E-18	No	No	No	No	No
EGFRNetmtKRAS-Lo	HCK	HSP90AB1	P08631	P08238	HCK_HSP90AB1	5.70	2.51	1.43E-06	5.00E-18	No	No	No	Yes	No
EGFRNetmtKRAS-Lo	HCK	HSPA1A	P08631	P08107	HCK_HSPA1A	1.52	0.61	4.06E-06	1.68E-02	No	No	No	No	No
EGFRNetmtKRAS-Lo	HCK	HNRNPCL1	P08631	O60812	HCK_HNRNPCL1	1.51	0.60	1.29E-03	1.84E-02	No	No	No	No	No
EGFRNetmtKRAS-Lo	HCK	HNRNPC	P08631	P07910	HCK_HNRNPC	1.51	0.60	1.29E-03	1.84E-02	No	No	No	No	No
EGFRNetmtKRAS-Lo	HCK	HSP90AA1	P08631	P07900	HCK_HSP90AA1	7.43	2.89	1.40E-06	2.97E-23	No	No	No	Yes	No
EGFRNetmtKRAS-Lo	HCK	HSPB1	P08631	P04792	HCK_HSPB1	3.62	1.86	1.38E-05	1.06E-10	Yes	No	No	No	No
EGFRNetmtKRAS-Lo	HCK	BAG2	P08631	O95816	HCK_BAG2	2.32	1.21	8.78E-05	1.51E-05	No	No	No	No	No
EGFRNetmtKRAS-Lo	HCK	MAGEB2	P08631	O15479	HCK_MAGEB2	1.55	0.63	1.12E-03	1.38E-02	No	No	No	No	No
EGFRNetmtKRAS-Lo	HDAC1	TLN1	Q13547	Q9Y490	HDAC1_TLN1	11.41	3.51	3.69E-02	5.65E-05	No	No	No	No	No
EGFRNetmtKRAS-Lo	HDAC1	PRPF19	Q13547	Q9UMS4	HDAC1_PRPF19	45.60	5.51	2.00E-03	7.32E-10	No	No	No	No	No
EGFRNetmtKRAS-Lo	HDAC1	PFDN4	Q13547	Q9NQP4	HDAC1_PFDN4	6.17	2.62	1.09E-02	1.93E-03	No	No	No	No	No
EGFRNetmtKRAS-Lo	HDAC1	WDR26	Q13547	Q9H7D7	HDAC1_WDR26	27.01	4.76	3.93E-02	8.88E-08	No	No	No	No	No
EGFRNetmtKRAS-Lo	HDAC1	PDCL3	Q13547	Q9H2J4	HDAC1_PDCL3	9.72	3.28	7.26E-04	1.55E-04	No	No	No	No	No
EGFRNetmtKRAS-Lo	HDAC1	FANCD2	Q13547	Q9BXW9	HDAC1_FANCD2	3.17	1.66	1.35E-02	3.29E-02	No	No	No	No	No
EGFRNetmtKRAS-Lo	HDAC1	CCT7	Q13547	Q99832	HDAC1_CCT7	9.14	3.19	2.02E-10	2.24E-04	No	Yes	No	Yes	Yes
EGFRNetmtKRAS-Lo	HDAC1	PFDN5	Q13547	Q99471	HDAC1_PFDN5	2.87	1.52	3.71E-02	4.63E-02	No	No	No	Yes	No
EGFRNetmtKRAS-Lo	HDAC1	SLC39A7	Q13547	Q92504	HDAC1_SLC39A7	3.19	1.67	2.20E-04	3.22E-02	No	No	No	No	No
EGFRNetmtKRAS-Lo	HDAC1	RB1CC1	Q13547	Q8TDY2	HDAC1_RB1CC1	3.09	1.63	1.73E-02	3.62E-02	No	No	No	No	No
EGFRNetmtKRAS-Lo	HDAC1	RCN2	Q13547	Q14257	HDAC1_RCN2	2.89	1.53	2.43E-04	4.54E-02	No	No	No	No	No
EGFRNetmtKRAS-Lo	HDAC1	HDAC1	Q13547	Q13547	HDAC1_HDAC1	9.18	3.20	1.71E-09	2.18E-04	No	No	No	Yes	Yes
EGFRNetmtKRAS-Lo	HDAC1	TUBB3	Q13547	Q13509	HDAC1_TUBB3	2.86	1.51	4.16E-03	4.69E-02	No	No	No	No	No
EGFRNetmtKRAS-Lo	HDAC1	SLC25A3	Q13547	Q00325	HDAC1_SLC25A3	2.96	1.56	4.21E-07	4.19E-02	No	No	No	No	No
EGFRNetmtKRAS-Lo	HDAC1	CCT2	Q13547	P78371	HDAC1_CCT2	11.44	3.52	3.75E-11	5.56E-05	No	Yes	No	Yes	Yes
EGFRNetmtKRAS-Lo	HDAC1	RPS27A	Q13547	P62979	HDAC1_RPS27A	3.86	1.95	2.02E-04	1.58E-02	No	No	No	No	No
EGFRNetmtKRAS-Lo	HDAC1	VBP1	Q13547	P61758	HDAC1_VBP1	3.43	1.78	1.65E-05	2.48E-02	No	No	No	Yes	No
EGFRNetmtKRAS-Lo	HDAC1	TMEM33	Q13547	P57088	HDAC1_TMEM33	3.14	1.65	3.96E-06	3.40E-02	No	No	No	No	No
EGFRNetmtKRAS-Lo	HDAC1	HNRNPM	Q13547	P52272	HDAC1_HNRNPM	3.95	1.98	4.66E-04	1.44E-02	No	No	No	No	No
EGFRNetmtKRAS-Lo	HDAC1	CCT4	Q13547	P50991	HDAC1_CCT4	8.52	3.09	4.89E-09	3.37E-04	No	Yes	No	Yes	Yes
EGFRNetmtKRAS-Lo	HDAC1	CCT8	Q13547	P50990	HDAC1_CCT8	10.26	3.36	2.28E-09	1.11E-04	No	No	No	Yes	Yes
EGFRNetmtKRAS-Lo	HDAC1	CCT3	Q13547	P49368	HDAC1_CCT3	9.64	3.27	2.13E-10	1.62E-04	No	Yes	No	Yes	Yes
EGFRNetmtKRAS-Lo	HDAC1	CCT5	Q13547	P48643	HDAC1_CCT5	9.87	3.30	5.43E-09	1.41E-04	No	Yes	No	Yes	Yes
EGFRNetmtKRAS-Lo	HDAC1	IQGAP1	Q13547	P46940	HDAC1_IQGAP1	9.33	3.22	1.92E-02	1.98E-04	No	No	No	No	No
EGFRNetmtKRAS-Lo	HDAC1	SSR1	Q13547	P43307	HDAC1_SSR1	3.17	1.67	3.83E-02	3.28E-02	No	No	No	No	No
EGFRNetmtKRAS-Lo	HDAC1	CCT6A	Q13547	P40227	HDAC1_CCT6A	6.65	2.73	2.35E-10	1.32E-03	No	No	No	Yes	Yes
EGFRNetmtKRAS-Lo	HDAC1	TCP1	Q13547	P17987	HDAC1_TCP1	7.53	2.91	4.26E-10	6.74E-04	No	Yes	No	Yes	Yes
EGFRNetmtKRAS-Lo	HDAC1	HSPA6	Q13547	P17066	HDAC1_HSPA6	6.63	2.73	2.13E-04	1.33E-03	No	No	No	No	No
EGFRNetmtKRAS-Lo	HDAC1	HSPA8	Q13547	P11142	HDAC1_HSPA8	5.07	2.34	2.36E-05	4.93E-03	No	No	No	No	No
EGFRNetmtKRAS-Lo	HDAC1	HSPA1A	Q13547	P08107	HDAC1_HSPA1A	3.57	1.84	1.99E-04	2.13E-02	No	No	No	No	No
EGFRNetmtKRAS-Lo	HDAC1	SLC25A5	Q13547	P05141	HDAC1_SLC25A5	3.10	1.63	4.83E-09	3.57E-02	No	No	No	No	No
EGFRNetmtKRAS-Lo	HDAC1	HSPB1	Q13547	P04792	HDAC1_HSPB1	7.21	2.85	4.47E-07	8.57E-04	Yes	No	No	No	No
EGFRNetmtKRAS-Lo	HDAC1	AIFM1	Q13547	O95831	HDAC1_AIFM1	5.02	2.33	3.19E-02	5.17E-03	No	No	No	No	No
EGFRNetmtKRAS-Lo	HDAC1	BAG2	Q13547	O95816	HDAC1_BAG2	3.80	1.93	8.00E-05	1.67E-02	No	No	No	No	No
EGFRNetmtKRAS-Lo	HDAC1	PFDN1	Q13547	O60925	HDAC1_PFDN1	3.32	1.73	3.05E-02	2.80E-02	No	No	No	No	No
EGFRNetmtKRAS-Lo	HDAC1	DNAJA2	Q13547	O60884	HDAC1_DNAJA2	3.64	1.86	5.25E-03	1.99E-02	No	No	No	No	No
EGFRNetmtKRAS-Lo	KLF11	KLF11	O14901	O14901	KLF11_KLF11	15.59	3.96	4.04E-04	4.71E-17	No	No	No	No	No
EGFRNetmtKRAS-Lo	LCK	SLC25A18	P06239	Q9H1K4	LCK_SLC25A18	1.95	0.96	5.09E-04	1.30E-02	No	No	No	No	No
EGFRNetmtKRAS-Lo	LCK	SLC25A22	P06239	Q9H936	LCK_SLC25A22	1.95	0.96	5.09E-04	1.30E-02	No	No	No	No	No
EGFRNetmtKRAS-Lo	LCK	CDCP1	P06239	Q9H5V8	LCK_CDCP1	7.40	2.89	4.21E-02	6.31E-12	No	No	No	No	No
EGFRNetmtKRAS-Lo	LCK	HIST1H2BL	P06239	Q99880	LCK_HIST1H2BL	1.71	0.77	4.56E-02	3.83E-02	No	No	No	No	No
EGFRNetmtKRAS-Lo	LCK	HIST1H2BN	P06239	Q99877	LCK_HIST1H2BN	1.71	0.77	4.56E-02	3.83E-02	No	No	No	No	No
EGFRNetmtKRAS-Lo	LCK	HIST1H2BH	P06239	Q93079	LCK_HIST1H2BH	1.71	0.77	4.56E-02	3.83E-02	No	No	No	No	No
EGFRNetmtKRAS-Lo	LCK	HIST2H2BF	P06239	Q5QNW6	LCK_HIST2H2BF	1.71	0.77	4.56E-02	3.83E-02	No	No	No	No	No
EGFRNetmtKRAS-Lo	LCK	HIST1H2BC	P06239	P62807	LCK_HIST1H2BC	1.71	0.77	4.56E-02	3.83E-02	No	No	No	No	No
EGFRNetmtKRAS-Lo	LCK	HIST1H2BD	P06239	P58876	LCK_HIST1H2BD	1.71	0.77	4.56E-02	3.83E-02	No	No	No	No	No
EGFRNetmtKRAS-Lo	LCK	HIST1H2BM	P06239	Q99879	LCK_HIST1H2BM	1.71	0.77	4.56E-02	3.83E-02	No	No	No	No	No
EGFRNetmtKRAS-Lo	LCK	CCT7	P06239	Q99832	LCK_CCT7	7.88	2.98	6.11E-11	1.39E-12	Yes	No	No	No	No
EGFRNetmtKRAS-Lo	LCK	RP9	P06239	Q8TA86	LCK_RP9	1.86	0.90	8.24E-03	1.93E-02	No	No	No	No	No
EGFRNetmtKRAS-Lo	LCK	CDC37	P06239	Q16543	LCK_CDC37	24.31	4.60	1.04E-09	1.22E-27	Yes	No	No	Yes	No
EGFRNetmtKRAS-Lo	LCK	SAFB	P06239	Q15424	LCK_SAFB	4.18	2.06	2.08E-03	6.84E-07	Yes	No	No	No	No
EGFRNetmtKRAS-Lo	LCK	STK38	P06239	Q15208	LCK_STK38	2.19	1.13	4.51E-03	4.37E-03	Yes	No	No	No	No
EGFRNetmtKRAS-Lo	LCK	NOLC1	P06239	Q14978	LCK_NOLC1	4.97	2.31	3.51E-02	3.07E-08	Yes	No	No	No	No
EGFRNetmtKRAS-Lo	LCK	CCT2	P06239	P78371	LCK_CCT2	8.91	3.16	6.48E-11	6.42E-14	Yes	No	No	No	No
EGFRNetmtKRAS-Lo	LCK	TUBB4B	P06239	P68371	LCK_TUBB4B	1.74	0.80	4.46E-08	3.29E-02	No	No	No	No	No
EGFRNetmtKRAS-Lo	LCK	YWHAZ	P06239	P63104	LCK_YWHAZ	1.67	0.74	2.99E-02	4.56E-02	No	No	No	No	No
EGFRNetmtKRAS-Lo	LCK	RAN	P06239	P62826	LCK_RAN	3.17	1.67	2.76E-03	5.09E-05	Yes	No	No	No	No
EGFRNetmtKRAS-Lo	LCK	BMX	P06239	P51813	LCK_BMX	11.02	3.46	3.82E-05	2.08E-16	No	No	No	No	No
EGFRNetmtKRAS-Lo	LCK	CCT4	P06239	P50991	LCK_CCT4	8.36	3.06	7.18E-11	3.23E-13	Yes	No	No	No	No
EGFRNetmtKRAS-Lo	LCK	CCT8	P06239	P50990	LCK_CCT8	8.18	3.03	6.01E-11	5.51E-13	Yes	No	No	No	No
EGFRNetmtKRAS-Lo	LCK	CCT3	P06239	P49368	LCK_CCT3	8.39	3.07	1.25E-10	2.99E-13	Yes	No	No	No	No
EGFRNetmtKRAS-Lo	LCK	CCT5	P06239	P48643	LCK_CCT5	6.63	2.73	5.94E-11	7.90E-11	Yes	No	No	No	No
EGFRNetmtKRAS-Lo	LCK	TMPO	P06239	P42166	LCK_TMPO	1.67	0.74	5.48E-03	4.46E-02	No	No	No	No	No
EGFRNetmtKRAS-Lo	LCK	CCT6A	P06239	P40227	LCK_CCT6A	8.73	3.13	6.55E-11	1.09E-13	Yes	No	No	No	No
EGFRNetmtKRAS-Lo	LCK	HSPA9	P06239	P38646	LCK_HSPA9	2.33	1.22	3.06E-06	2.26E-03	No	No	No	No	No
EGFRNetmtKRAS-Lo	LCK	RBMXL1	P06239	Q96E39	LCK_RBMXL1	1.89	0.92	3.26E-02	1.72E-02	No	No	No	No	No
EGFRNetmtKRAS-Lo	LCK	RBMX	P06239	P38159	LCK_RBMX	1.89	0.92	3.26E-02	1.72E-02	Yes	No	No	No	No
EGFRNetmtKRAS-Lo	LCK	DNAJA1	P06239	P31689	LCK_DNAJA1	1.83	0.87	1.49E-06	2.26E-02	No	No	No	No	No
EGFRNetmtKRAS-Lo	LCK	ATP5A1	P06239	P25705	LCK_ATP5A1	1.71	0.77	1.31E-03	3.76E-02	No	No	No	No	No
EGFRNetmtKRAS-Lo	LCK	TCP1	P06239	P17987	LCK_TCP1	7.59	2.92	5.33E-11	3.39E-12	Yes	No	No	No	No
EGFRNetmtKRAS-Lo	LCK	HSPA6	P06239	P17066	LCK_HSPA6	1.98	0.98	1.05E-04	1.15E-02	No	No	No	No	No
EGFRNetmtKRAS-Lo	LCK	DSP	P06239	P15924	LCK_DSP	3.16	1.66	8.80E-03	5.38E-05	No	No	No	No	No
EGFRNetmtKRAS-Lo	LCK	EEF2	P06239	P13639	LCK_EEF2	1.72	0.78	2.48E-05	3.66E-02	No	No	No	No	No
EGFRNetmtKRAS-Lo	LCK	XRCC5	P06239	P13010	LCK_XRCC5	1.78	0.84	7.05E-03	2.73E-02	No	No	No	No	No
EGFRNetmtKRAS-Lo	LCK	SLC25A6	P06239	P12236	LCK_SLC25A6	1.88	0.91	3.13E-04	1.77E-02	No	No	No	No	No
EGFRNetmtKRAS-Lo	LCK	HSPA8	P06239	P11142	LCK_HSPA8	2.82	1.50	6.68E-10	2.47E-04	Yes	No	No	No	No
EGFRNetmtKRAS-Lo	LCK	HSPA5	P06239	P11021	LCK_HSPA5	2.79	1.48	4.63E-10	2.88E-04	Yes	No	No	No	No
EGFRNetmtKRAS-Lo	LCK	HSP90AB3P	P06239	Q58FF7	LCK_HSP90AB3P	11.27	3.49	5.65E-11	1.11E-16	Yes	No	No	No	No
EGFRNetmtKRAS-Lo	LCK	HSP90AB1	P06239	P08238	LCK_HSP90AB1	11.27	3.49	5.65E-11	1.11E-16	Yes	No	No	Yes	No
EGFRNetmtKRAS-Lo	LCK	HSPA1A	P06239	P08107	LCK_HSPA1A	3.45	1.79	3.19E-10	1.48E-05	Yes	No	No	No	No
EGFRNetmtKRAS-Lo	LCK	YES1	P06239	P07947	LCK_YES1	33.22	5.05	3.35E-03	6.10E-33	Yes	No	No	No	Yes
EGFRNetmtKRAS-Lo	LCK	HSP90AA1	P06239	P07900	LCK_HSP90AA1	11.85	3.57	5.67E-11	2.61E-17	Yes	No	No	Yes	No
EGFRNetmtKRAS-Lo	LCK	TUBB	P06239	P07437	LCK_TUBB	1.80	0.85	2.00E-06	2.57E-02	Yes	No	No	No	No
EGFRNetmtKRAS-Lo	LCK	CDK1	P06239	P06493	LCK_CDK1	16.66	4.06	4.39E-04	6.90E-22	Yes	No	No	Yes	No
EGFRNetmtKRAS-Lo	LCK	LCK	P06239	P06239	LCK_LCK	40.57	5.34	7.46E-11	1.38E-36	Yes	No	No	Yes	Yes
EGFRNetmtKRAS-Lo	LCK	HSPB1	P06239	P04792	LCK_HSPB1	3.68	1.88	2.71E-03	5.59E-06	Yes	No	No	No	No
EGFRNetmtKRAS-Lo	LCK	BAG2	P06239	O95816	LCK_BAG2	1.80	0.85	4.17E-02	2.53E-02	Yes	No	No	No	No
EGFRNetmtKRAS-Lo	LCK	UQCRQ	P06239	O14949	LCK_UQCRQ	1.84	0.88	7.19E-03	2.15E-02	Yes	No	No	No	No
EGFRNetmtKRAS-Lo	LYN	THRAP3	P07948	Q9Y2W1	LYN_THRAP3	1.96	0.97	1.32E-06	3.54E-02	No	No	No	No	No
EGFRNetmtKRAS-Lo	LYN	SRRM2	P07948	Q9UQ35	LYN_SRRM2	3.28	1.71	2.40E-07	8.14E-04	No	No	No	No	No
EGFRNetmtKRAS-Lo	LYN	DDX23	P07948	Q9BUQ8	LYN_DDX23	2.31	1.21	1.20E-02	1.27E-02	No	No	No	No	No
EGFRNetmtKRAS-Lo	LYN	PRMT1	P07948	Q99873	LYN_PRMT1	1.98	0.99	1.85E-07	3.27E-02	No	No	No	No	No
EGFRNetmtKRAS-Lo	LYN	CCAR1	P07948	Q8IX12	LYN_CCAR1	2.68	1.42	7.66E-06	4.32E-03	No	No	No	No	No
EGFRNetmtKRAS-Lo	LYN	CHERP	P07948	Q8IWX8	LYN_CHERP	1.88	0.91	2.81E-04	4.43E-02	No	No	No	No	No
EGFRNetmtKRAS-Lo	LYN	PRPF8	P07948	Q6P2Q9	LYN_PRPF8	1.96	0.97	1.12E-05	3.55E-02	No	No	No	No	No
EGFRNetmtKRAS-Lo	LYN	CDC37	P07948	Q16543	LYN_CDC37	3.98	1.99	3.00E-04	1.29E-04	No	No	No	No	No
EGFRNetmtKRAS-Lo	LYN	SF3A1	P07948	Q15459	LYN_SF3A1	2.12	1.09	9.37E-06	2.19E-02	No	No	No	No	No
EGFRNetmtKRAS-Lo	LYN	SF3A2	P07948	Q15428	LYN_SF3A2	2.08	1.06	2.03E-05	2.49E-02	No	No	No	No	No
EGFRNetmtKRAS-Lo	LYN	EFTUD2	P07948	Q15029	LYN_EFTUD2	2.08	1.05	1.61E-03	2.50E-02	No	No	No	No	No
EGFRNetmtKRAS-Lo	LYN	SF3A3	P07948	Q12874	LYN_SF3A3	2.12	1.08	1.36E-05	2.21E-02	No	No	No	No	No
EGFRNetmtKRAS-Lo	LYN	DSG1	P07948	Q02413	LYN_DSG1	2.26	1.18	4.41E-02	1.46E-02	No	No	No	No	No
EGFRNetmtKRAS-Lo	LYN	ERH	P07948	P84090	LYN_ERH	1.92	0.94	2.89E-06	3.99E-02	No	No	No	No	No
EGFRNetmtKRAS-Lo	LYN	CSNK2A3 	P07948	Q8NEV1	LYN_CSNK2A3	2.19	1.13	7.67E-06	1.78E-02	No	No	No	No	No
EGFRNetmtKRAS-Lo	LYN	CSNK2A1	P07948	P68400	LYN_CSNK2A1	2.19	1.13	7.67E-06	1.78E-02	No	No	No	No	No
EGFRNetmtKRAS-Lo	LYN	TPP2	P07948	P29144	LYN_TPP2	1.89	0.92	7.31E-05	4.33E-02	No	No	No	No	No
EGFRNetmtKRAS-Lo	LYN	FGR	P07948	P09769	LYN_FGR	14.03	3.81	4.71E-04	2.13E-12	No	No	No	No	No
EGFRNetmtKRAS-Lo	LYN	HCK	P07948	P08631	LYN_HCK	36.35	5.18	7.86E-06	2.62E-21	No	No	No	No	No
EGFRNetmtKRAS-Lo	LYN	HSP90AB3P	P07948	Q58FF7	LYN_HSP90AB3P	2.35	1.23	1.38E-04	1.12E-02	No	No	No	No	No
EGFRNetmtKRAS-Lo	LYN	HSP90AB1	P07948	P08238	LYN_HSP90AB1	2.35	1.23	1.38E-04	1.12E-02	No	No	No	Yes	No
EGFRNetmtKRAS-Lo	LYN	LYN	P07948	P07948	LYN_LYN	16.27	4.02	1.34E-05	1.30E-13	No	No	No	Yes	No
EGFRNetmtKRAS-Lo	LYN	HSP90AA1	P07948	P07900	LYN_HSP90AA1	2.49	1.32	2.10E-04	7.49E-03	No	No	No	Yes	No
EGFRNetmtKRAS-Lo	LYN	CDK1	P07948	P06493	LYN_CDK1	11.59	3.54	2.13E-04	6.29E-11	No	No	No	Yes	No
EGFRNetmtKRAS-Lo	MAP2K1	DPP7	Q02750	Q9UHL4	MAP2K1_DPP7	1.50	0.59	1.72E-05	1.37E-02	Yes	No	No	No	No
EGFRNetmtKRAS-Lo	MAP2K1	SLAIN2	Q02750	Q9P270	MAP2K1_SLAIN2	1.59	0.67	3.28E-02	6.43E-03	Yes	No	No	No	No
EGFRNetmtKRAS-Lo	MAP2K1	CAMSAP3	Q02750	Q9P1Y5	MAP2K1_CAMSAP3	1.35	0.43	1.79E-03	4.91E-02	Yes	No	No	No	No
EGFRNetmtKRAS-Lo	MAP2K1	TCF25	Q02750	Q9BQ70	MAP2K1_TCF25	1.72	0.79	9.11E-03	1.83E-03	Yes	No	No	No	No
EGFRNetmtKRAS-Lo	MAP2K1	KSR1	Q02750	Q8IVT5	MAP2K1_KSR1	5.38	2.43	1.33E-05	1.33E-18	Yes	No	No	Yes	Yes
EGFRNetmtKRAS-Lo	MAP2K1	CDC37	Q02750	Q16543	MAP2K1_CDC37	1.92	0.94	1.78E-05	2.83E-04	No	No	No	No	No
EGFRNetmtKRAS-Lo	MAP2K1	RCN1	Q02750	Q15293	MAP2K1_RCN1	1.40	0.48	6.72E-04	3.30E-02	Yes	No	No	No	No
EGFRNetmtKRAS-Lo	MAP2K1	STK38	Q02750	Q15208	MAP2K1_STK38	1.70	0.76	1.58E-02	2.31E-03	Yes	No	No	No	No
EGFRNetmtKRAS-Lo	MAP2K1	FAT1	Q02750	Q14517	MAP2K1_FAT1	1.35	0.44	1.54E-03	4.69E-02	Yes	No	No	No	No
EGFRNetmtKRAS-Lo	MAP2K1	FKBP5	Q02750	Q13451	MAP2K1_FKBP5	2.86	1.52	2.65E-03	1.92E-08	No	No	No	No	No
EGFRNetmtKRAS-Lo	MAP2K1	YWHAH	Q02750	Q04917	MAP2K1_YWHAH	5.12	2.36	1.82E-08	1.16E-17	No	No	No	No	No
EGFRNetmtKRAS-Lo	MAP2K1	MAP2K1	Q02750	Q02750	MAP2K1_MAP2K1	14.30	3.84	8.20E-12	3.44E-43	No	No	No	Yes	Yes
EGFRNetmtKRAS-Lo	MAP2K1	SLC7A5	Q02750	Q01650	MAP2K1_SLC7A5	1.40	0.49	8.06E-04	3.21E-02	No	No	No	No	No
EGFRNetmtKRAS-Lo	MAP2K1	YWHAZ	Q02750	P63104	MAP2K1_YWHAZ	3.69	1.88	2.38E-06	5.25E-12	Yes	No	No	Yes	No
EGFRNetmtKRAS-Lo	MAP2K1	YWHAE	Q02750	P62258	MAP2K1_YWHAE	3.30	1.72	1.68E-08	2.44E-10	No	No	No	Yes	No
EGFRNetmtKRAS-Lo	MAP2K1	YWHAG	Q02750	P61981	MAP2K1_YWHAG	5.20	2.38	1.98E-08	5.86E-18	Yes	No	No	No	No
EGFRNetmtKRAS-Lo	MAP2K1	RAB5C	Q02750	P51148	MAP2K1_RAB5C	1.39	0.48	3.77E-03	3.48E-02	Yes	No	No	No	No
EGFRNetmtKRAS-Lo	MAP2K1	NT5C2	Q02750	P49902	MAP2K1_NT5C2	1.63	0.71	9.22E-03	4.21E-03	Yes	No	No	No	No
EGFRNetmtKRAS-Lo	MAP2K1	RPL29	Q02750	P47914	MAP2K1_RPL29	1.36	0.44	1.64E-02	4.49E-02	No	No	No	No	No
EGFRNetmtKRAS-Lo	MAP2K1	YWHAB	Q02750	P31946	MAP2K1_YWHAB	3.70	1.89	3.89E-09	4.94E-12	Yes	No	No	Yes	No
EGFRNetmtKRAS-Lo	MAP2K1	CAD	Q02750	P27708	MAP2K1_CAD	1.46	0.54	1.50E-06	2.04E-02	No	No	No	No	No
EGFRNetmtKRAS-Lo	MAP2K1	YWHAQ	Q02750	P27348	MAP2K1_YWHAQ	2.11	1.08	1.98E-10	4.12E-05	No	No	No	No	No
EGFRNetmtKRAS-Lo	MAP2K1	ITGA3	Q02750	P26006	MAP2K1_ITGA3	1.35	0.44	3.49E-02	4.78E-02	No	No	No	No	No
EGFRNetmtKRAS-Lo	MAP2K1	FBL	Q02750	P22087	MAP2K1_FBL	1.99	1.00	3.05E-02	1.30E-04	No	No	No	No	No
EGFRNetmtKRAS-Lo	MAP2K1	CD9	Q02750	P21926	MAP2K1_CD9	1.36	0.44	2.96E-05	4.61E-02	Yes	No	No	No	No
EGFRNetmtKRAS-Lo	MAP2K1	ARAF	Q02750	P10398	MAP2K1_ARAF	7.41	2.89	9.19E-08	1.74E-25	Yes	No	No	Yes	Yes
EGFRNetmtKRAS-Lo	MAP2K1	HSPB1	Q02750	P04792	MAP2K1_HSPB1	1.86	0.89	1.86E-04	5.09E-04	Yes	No	No	No	No
EGFRNetmtKRAS-Lo	MAP2K1	RAF1	Q02750	P04049	MAP2K1_RAF1	6.84	2.77	1.98E-10	1.16E-23	Yes	No	No	Yes	Yes
EGFRNetmtKRAS-Lo	MAP2K1	KRAS	Q02750	P01116	MAP2K1_KRAS	1.80	0.85	4.74E-03	8.99E-04	No	No	No	No	No
EGFRNetmtKRAS-Lo	MAP2K1	PROSC	Q02750	O94903	MAP2K1_PROSC	1.65	0.72	2.36E-02	3.65E-03	No	No	No	No	No
EGFRNetmtKRAS-Lo	MAP2K1	DNAJA2	Q02750	O60884	MAP2K1_DNAJA2	1.45	0.54	1.50E-06	2.11E-02	No	No	No	No	No
EGFRNetmtKRAS-Lo	MAP2K1	SLC16A3	Q02750	O15427	MAP2K1_SLC16A3	1.44	0.52	4.33E-05	2.41E-02	Yes	No	No	No	No
EGFRNetmtKRAS-Lo	MAP2K2	TUBA1C	P36507	Q9BQE3	MAP2K2_TUBA1C	2.57	1.36	5.03E-03	6.00E-04	No	No	No	No	No
EGFRNetmtKRAS-Lo	MAP2K2	KSR1	P36507	Q8IVT5	MAP2K2_KSR1	4.46	2.16	9.42E-04	2.03E-07	No	No	No	Yes	No
EGFRNetmtKRAS-Lo	MAP2K2	IMMT	P36507	Q16891	MAP2K2_IMMT	4.11	2.04	1.80E-03	7.93E-07	No	No	No	No	No
EGFRNetmtKRAS-Lo	MAP2K2	CDC37	P36507	Q16543	MAP2K2_CDC37	9.24	3.21	4.05E-08	3.57E-14	No	No	No	No	No
EGFRNetmtKRAS-Lo	MAP2K2	PRDX1	P36507	Q06830	MAP2K2_PRDX1	1.67	0.74	9.93E-07	3.52E-02	No	No	No	No	No
EGFRNetmtKRAS-Lo	MAP2K2	YWHAH	P36507	Q04917	MAP2K2_YWHAH	9.44	3.24	2.97E-05	2.09E-14	No	No	No	No	No
EGFRNetmtKRAS-Lo	MAP2K2	SLC25A11	P36507	Q02978	MAP2K2_SLC25A11	2.59	1.37	7.01E-03	5.53E-04	No	No	No	No	No
EGFRNetmtKRAS-Lo	MAP2K2	DSG1	P36507	Q02413	MAP2K2_DSG1	4.06	2.02	2.04E-02	9.85E-07	Yes	No	No	No	No
EGFRNetmtKRAS-Lo	MAP2K2	SLC25A3	P36507	Q00325	MAP2K2_SLC25A3	1.62	0.70	2.14E-07	4.37E-02	No	No	No	No	No
EGFRNetmtKRAS-Lo	MAP2K2	TUBB4B	P36507	P68371	MAP2K2_TUBB4B	2.18	1.13	3.11E-05	3.48E-03	No	No	No	No	No
EGFRNetmtKRAS-Lo	MAP2K2	TUBA4A	P36507	P68366	MAP2K2_TUBA4A	2.45	1.29	5.41E-08	1.02E-03	No	Yes	No	No	No
EGFRNetmtKRAS-Lo	MAP2K2	TUBA1B	P36507	P68363	MAP2K2_TUBA1B	2.45	1.29	5.41E-08	1.02E-03	No	No	No	No	No
EGFRNetmtKRAS-Lo	MAP2K2	YWHAZ	P36507	P63104	MAP2K2_YWHAZ	9.68	3.28	9.23E-09	1.09E-14	Yes	No	No	No	No
EGFRNetmtKRAS-Lo	MAP2K2	CCT6A	P36507	P40227	MAP2K2_CCT6A	1.60	0.68	2.73E-05	4.71E-02	No	No	No	No	No
EGFRNetmtKRAS-Lo	MAP2K2	HSPA9	P36507	P38646	MAP2K2_HSPA9	3.06	1.61	5.19E-07	6.80E-05	No	No	No	No	No
EGFRNetmtKRAS-Lo	MAP2K2	MAP2K2	P36507	P36507	MAP2K2_MAP2K2	16.90	4.08	6.17E-10	1.20E-21	No	No	No	Yes	No
EGFRNetmtKRAS-Lo	MAP2K2	HSPA4	P36507	P34932	MAP2K2_HSPA4	3.25	1.70	1.04E-05	2.93E-05	No	No	No	No	No
EGFRNetmtKRAS-Lo	MAP2K2	YWHAB	P36507	P31946	MAP2K2_YWHAB	8.96	3.16	7.91E-08	7.80E-14	Yes	No	No	Yes	No
EGFRNetmtKRAS-Lo	MAP2K2	DNAJA1	P36507	P31689	MAP2K2_DNAJA1	1.74	0.80	1.24E-06	2.59E-02	No	No	No	No	No
EGFRNetmtKRAS-Lo	MAP2K2	YWHAQ	P36507	P27348	MAP2K2_YWHAQ	9.49	3.25	6.11E-05	1.83E-14	Yes	No	No	No	No
EGFRNetmtKRAS-Lo	MAP2K2	DSP	P36507	P15924	MAP2K2_DSP	4.30	2.10	1.28E-02	3.76E-07	No	No	No	No	No
EGFRNetmtKRAS-Lo	MAP2K2	HSPA8	P36507	P11142	MAP2K2_HSPA8	10.41	3.38	1.94E-08	1.62E-15	No	Yes	No	No	No
EGFRNetmtKRAS-Lo	MAP2K2	HSPA5	P36507	P11021	MAP2K2_HSPA5	6.93	2.79	1.67E-08	3.25E-11	No	No	No	No	No
EGFRNetmtKRAS-Lo	MAP2K2	ARAF	P36507	P10398	MAP2K2_ARAF	5.96	2.58	2.03E-07	8.10E-10	Yes	No	No	Yes	No
EGFRNetmtKRAS-Lo	MAP2K2	HSP90AB1	P36507	P08238	MAP2K2_HSP90AB1	8.86	3.15	4.18E-08	1.02E-13	No	No	No	No	No
EGFRNetmtKRAS-Lo	MAP2K2	HSPA1A	P36507	P08107	MAP2K2_HSPA1A	8.09	3.02	7.85E-08	9.27E-13	No	No	No	No	No
EGFRNetmtKRAS-Lo	MAP2K2	HSP90AA1	P36507	P07900	MAP2K2_HSP90AA1	6.99	2.81	4.15E-08	2.71E-11	No	No	No	No	No
EGFRNetmtKRAS-Lo	MAP2K2	TUBB	P36507	P07437	MAP2K2_TUBB	2.59	1.37	5.77E-06	5.47E-04	No	No	No	No	No
EGFRNetmtKRAS-Lo	MAP2K2	EIF2S1	P36507	P05198	MAP2K2_EIF2S1	1.96	0.97	1.13E-02	9.60E-03	No	No	No	No	No
EGFRNetmtKRAS-Lo	MAP2K2	RAF1	P36507	P04049	MAP2K2_RAF1	10.75	3.43	8.56E-08	6.88E-16	No	No	No	Yes	No
EGFRNetmtKRAS-Lo	MAP2K2	HPX	P36507	P02790	MAP2K2_HPX	16.25	4.02	2.09E-02	4.13E-21	No	No	No	No	No
EGFRNetmtKRAS-Lo	MAP2K2	BAG2	P36507	O95816	MAP2K2_BAG2	5.22	2.38	3.83E-06	1.13E-08	No	No	No	No	No
EGFRNetmtKRAS-Lo	MAP2K2	DNAJA2	P36507	O60884	MAP2K2_DNAJA2	2.05	1.03	2.08E-05	6.45E-03	No	No	No	No	No
EGFRNetmtKRAS-Lo	MAP2K3	DNAJB11	P46734	Q9UBS4	MAP2K3_DNAJB11	2.83	1.50	1.12E-02	2.25E-03	No	No	No	No	No
EGFRNetmtKRAS-Lo	MAP2K3	HSPBP1	P46734	Q9NZL4	MAP2K3_HSPBP1	2.11	1.07	1.55E-04	2.17E-02	No	No	No	No	No
EGFRNetmtKRAS-Lo	MAP2K3	MAP3K5	P46734	Q99683	MAP2K3_MAP3K5	4.79	2.26	5.70E-03	8.35E-06	No	No	No	Yes	No
EGFRNetmtKRAS-Lo	MAP2K3	MMS19	P46734	Q96T76	MAP2K3_MMS19	1.90	0.93	1.22E-02	4.08E-02	No	No	No	No	No
EGFRNetmtKRAS-Lo	MAP2K3	USP7	P46734	Q93009	MAP2K3_USP7	3.36	1.75	8.44E-04	4.46E-04	No	No	No	No	No
EGFRNetmtKRAS-Lo	MAP2K3	USP9Y	P46734	O00507	MAP2K3_USP9Y	3.18	1.67	2.45E-04	7.76E-04	No	No	No	No	No
EGFRNetmtKRAS-Lo	MAP2K3	USP9X	P46734	Q93008	MAP2K3_USP9X	3.18	1.67	2.45E-04	7.76E-04	No	No	No	No	No
EGFRNetmtKRAS-Lo	MAP2K3	HDAC2	P46734	Q92769	MAP2K3_HDAC2	1.87	0.90	1.89E-02	4.58E-02	No	No	No	No	No
EGFRNetmtKRAS-Lo	MAP2K3	HSPH1	P46734	Q92598	MAP2K3_HSPH1	2.45	1.30	2.62E-03	7.21E-03	No	No	No	No	No
EGFRNetmtKRAS-Lo	MAP2K3	HUWE1	P46734	Q7Z6Z7	MAP2K3_HUWE1	2.50	1.32	5.89E-03	6.30E-03	No	No	No	No	No
EGFRNetmtKRAS-Lo	MAP2K3	DCAF8	P46734	Q5TAQ9	MAP2K3_DCAF8	2.81	1.49	3.20E-02	2.40E-03	No	No	No	No	No
EGFRNetmtKRAS-Lo	MAP2K3	PDCD4	P46734	Q53EL6	MAP2K3_PDCD4	2.10	1.07	6.17E-03	2.21E-02	No	No	No	No	No
EGFRNetmtKRAS-Lo	MAP2K3	RBBP7	P46734	Q16576	MAP2K3_RBBP7	2.40	1.26	3.88E-02	8.54E-03	No	No	No	No	No
EGFRNetmtKRAS-Lo	MAP2K3	CDC37	P46734	Q16543	MAP2K3_CDC37	2.18	1.12	8.02E-03	1.72E-02	No	No	No	No	No
EGFRNetmtKRAS-Lo	MAP2K3	MAPK14	P46734	Q16539	MAP2K3_MAPK14	11.24	3.49	2.85E-03	1.25E-11	No	Yes	No	Yes	No
EGFRNetmtKRAS-Lo	MAP2K3	DDB1	P46734	Q16531	MAP2K3_DDB1	1.86	0.90	4.97E-04	4.68E-02	No	No	No	No	No
EGFRNetmtKRAS-Lo	MAP2K3	FAT1	P46734	Q14517	MAP2K3_FAT1	2.03	1.02	3.06E-03	2.78E-02	No	No	No	No	No
EGFRNetmtKRAS-Lo	MAP2K3	TUBB2A	P46734	Q13885	MAP2K3_TUBB2A	1.85	0.88	1.41E-02	4.88E-02	No	No	No	No	No
EGFRNetmtKRAS-Lo	MAP2K3	PDAP1	P46734	Q13442	MAP2K3_PDAP1	2.42	1.28	1.97E-02	7.96E-03	No	No	No	No	No
EGFRNetmtKRAS-Lo	MAP2K3	MTA1	P46734	Q13330	MAP2K3_MTA1	1.98	0.98	3.12E-02	3.25E-02	No	No	No	No	No
EGFRNetmtKRAS-Lo	MAP2K3	MAD2L1	P46734	Q13257	MAP2K3_MAD2L1	6.33	2.66	2.68E-02	1.93E-07	No	No	No	No	No
EGFRNetmtKRAS-Lo	MAP2K3	TUBB4B	P46734	P68371	MAP2K3_TUBB4B	1.96	0.97	1.61E-04	3.41E-02	No	No	No	No	No
EGFRNetmtKRAS-Lo	MAP2K3	RPS21	P46734	P63220	MAP2K3_RPS21	2.16	1.11	1.24E-02	1.85E-02	No	No	No	No	No
EGFRNetmtKRAS-Lo	MAP2K3	GRB2	P46734	P62993	MAP2K3_GRB2	2.10	1.07	1.41E-04	2.22E-02	No	No	No	No	No
EGFRNetmtKRAS-Lo	MAP2K3	PPP2CA	P46734	P67775	MAP2K3_PPP2CA	2.17	1.12	4.18E-02	1.78E-02	No	No	No	No	No
EGFRNetmtKRAS-Lo	MAP2K3	PPP2CB	P46734	P62714	MAP2K3_PPP2CB	2.17	1.12	4.18E-02	1.78E-02	No	No	No	No	No
EGFRNetmtKRAS-Lo	MAP2K3	EIF6	P46734	P56537	MAP2K3_EIF6	4.31	2.11	1.86E-02	3.02E-05	No	No	No	No	No
EGFRNetmtKRAS-Lo	MAP2K3	USP11	P46734	P51784	MAP2K3_USP11	4.39	2.13	1.12E-02	2.45E-05	No	No	No	No	No
EGFRNetmtKRAS-Lo	MAP2K3	BCAP31	P46734	P51572	MAP2K3_BCAP31	1.86	0.90	4.32E-02	4.65E-02	No	No	No	No	No
EGFRNetmtKRAS-Lo	MAP2K3	EIF1AY	P46734	O14602	MAP2K3_EIF1AY	2.29	1.20	2.32E-03	1.20E-02	No	No	No	No	No
EGFRNetmtKRAS-Lo	MAP2K3	EIF1AX	P46734	P47813	MAP2K3_EIF1AX	2.29	1.20	2.32E-03	1.20E-02	No	No	No	No	No
EGFRNetmtKRAS-Lo	MAP2K3	MAP2K3	P46734	P46734	MAP2K3_MAP2K3	15.66	3.97	1.97E-09	1.56E-14	No	No	No	Yes	No
EGFRNetmtKRAS-Lo	MAP2K3	HSPA9	P46734	P38646	MAP2K3_HSPA9	2.36	1.24	2.13E-03	9.65E-03	No	No	No	No	No
EGFRNetmtKRAS-Lo	MAP2K3	CTNNB1	P46734	P35222	MAP2K3_CTNNB1	2.11	1.08	1.76E-04	2.13E-02	No	No	No	No	No
EGFRNetmtKRAS-Lo	MAP2K3	CTNNA1	P46734	P35221	MAP2K3_CTNNA1	2.37	1.25	4.07E-02	9.31E-03	No	No	No	No	No
EGFRNetmtKRAS-Lo	MAP2K3	HSPA4	P46734	P34932	MAP2K3_HSPA4	2.56	1.36	1.44E-03	5.15E-03	No	No	No	No	No
EGFRNetmtKRAS-Lo	MAP2K3	DNAJA1	P46734	P31689	MAP2K3_DNAJA1	2.27	1.18	3.54E-03	1.31E-02	No	No	No	No	No
EGFRNetmtKRAS-Lo	MAP2K3	POLR2B	P46734	P30876	MAP2K3_POLR2B	1.88	0.91	6.01E-03	4.41E-02	No	No	No	No	No
EGFRNetmtKRAS-Lo	MAP2K3	MAPK1	P46734	P28482	MAP2K3_MAPK1	7.54	2.92	3.61E-04	1.31E-08	No	No	No	No	No
EGFRNetmtKRAS-Lo	MAP2K3	CAD	P46734	P27708	MAP2K3_CAD	2.92	1.55	2.31E-04	1.68E-03	No	No	No	No	No
EGFRNetmtKRAS-Lo	MAP2K3	CTNNA2	P46734	P26232	MAP2K3_CTNNA2	2.20	1.14	6.21E-03	1.61E-02	No	No	No	No	No
EGFRNetmtKRAS-Lo	MAP2K3	HSPA6	P46734	P17066	MAP2K3_HSPA6	5.94	2.57	6.62E-04	4.74E-07	No	No	No	No	No
EGFRNetmtKRAS-Lo	MAP2K3	HSPA8	P46734	P11142	MAP2K3_HSPA8	4.65	2.22	6.68E-04	1.23E-05	No	No	No	No	No
EGFRNetmtKRAS-Lo	MAP2K3	HSPA5	P46734	P11021	MAP2K3_HSPA5	4.09	2.03	5.11E-04	5.58E-05	No	No	No	No	No
EGFRNetmtKRAS-Lo	MAP2K3	HSPA1A	P46734	P08107	MAP2K3_HSPA1A	3.04	1.60	2.03E-03	1.19E-03	No	No	No	No	No
EGFRNetmtKRAS-Lo	MAP2K3	TUBB	P46734	P07437	MAP2K3_TUBB	2.18	1.12	4.59E-05	1.72E-02	No	No	No	No	No
EGFRNetmtKRAS-Lo	MAP2K3	HSPB1	P46734	P04792	MAP2K3_HSPB1	2.47	1.30	3.45E-04	6.85E-03	Yes	No	No	No	No
EGFRNetmtKRAS-Lo	MAP2K3	HSPA4L	P46734	O95757	MAP2K3_HSPA4L	5.17	2.37	2.27E-02	3.18E-06	No	No	No	No	No
EGFRNetmtKRAS-Lo	MAP2K3	MAP3K6	P46734	O95382	MAP2K3_MAP3K6	12.49	3.64	3.59E-04	1.63E-12	No	No	No	No	No
EGFRNetmtKRAS-Lo	MAP2K3	NPM3	P46734	O75607	MAP2K3_NPM3	1.92	0.94	6.66E-03	3.94E-02	No	No	No	No	No
EGFRNetmtKRAS-Lo	MAP2K3	DNAJA2	P46734	O60884	MAP2K3_DNAJA2	2.38	1.25	8.64E-04	9.21E-03	No	No	No	No	No
EGFRNetmtKRAS-Lo	MAP2K3	HAT1	P46734	O14929	MAP2K3_HAT1	3.06	1.61	1.26E-03	1.11E-03	No	No	No	No	No
EGFRNetmtKRAS-Lo	MAP2K5	MAP3K2	Q13163	Q9Y2U5	MAP2K5_MAP3K2	2.76	1.47	3.25E-02	5.20E-05	No	Yes	No	Yes	No
EGFRNetmtKRAS-Lo	MAP2K5	SLC25A18	Q13163	Q9H1K4	MAP2K5_SLC25A18	2.40	1.26	1.09E-02	4.21E-04	No	No	No	No	No
EGFRNetmtKRAS-Lo	MAP2K5	SLC25A22	Q13163	Q9H936	MAP2K5_SLC25A22	2.40	1.26	1.09E-02	4.21E-04	No	No	No	No	No
EGFRNetmtKRAS-Lo	MAP2K5	CCT7	Q13163	Q99832	MAP2K5_CCT7	1.62	0.69	4.56E-05	3.20E-02	No	No	No	No	No
EGFRNetmtKRAS-Lo	MAP2K5	CDC37	Q13163	Q16543	MAP2K5_CDC37	5.46	2.45	7.60E-05	5.39E-11	No	Yes	No	No	No
EGFRNetmtKRAS-Lo	MAP2K5	SQSTM1	Q13163	Q13501	MAP2K5_SQSTM1	4.73	2.24	4.62E-04	1.65E-09	No	No	No	Yes	No
EGFRNetmtKRAS-Lo	MAP2K5	MAP2K5	Q13163	Q13163	MAP2K5_MAP2K5	15.00	3.91	1.08E-05	4.09E-25	No	No	No	Yes	No
EGFRNetmtKRAS-Lo	MAP2K5	SLC25A11	Q13163	Q02978	MAP2K5_SLC25A11	1.96	0.97	6.46E-04	4.99E-03	No	No	No	No	No
EGFRNetmtKRAS-Lo	MAP2K5	CCT2	Q13163	P78371	MAP2K5_CCT2	1.76	0.82	2.57E-05	1.50E-02	No	No	No	No	No
EGFRNetmtKRAS-Lo	MAP2K5	TUBB4B	Q13163	P68371	MAP2K5_TUBB4B	1.81	0.86	4.99E-05	1.12E-02	No	No	No	No	No
EGFRNetmtKRAS-Lo	MAP2K5	TUBA4A	Q13163	P68366	MAP2K5_TUBA4A	1.60	0.68	1.16E-05	3.55E-02	No	No	No	No	No
EGFRNetmtKRAS-Lo	MAP2K5	TUBA1B	Q13163	P68363	MAP2K5_TUBA1B	1.60	0.68	1.16E-05	3.55E-02	No	No	No	No	No
EGFRNetmtKRAS-Lo	MAP2K5	CCT8	Q13163	P50990	MAP2K5_CCT8	1.62	0.70	1.03E-04	3.09E-02	No	No	No	No	No
EGFRNetmtKRAS-Lo	MAP2K5	EMD	Q13163	P50402	MAP2K5_EMD	1.90	0.93	4.84E-02	6.78E-03	No	No	No	No	No
EGFRNetmtKRAS-Lo	MAP2K5	CCT3	Q13163	P49368	MAP2K5_CCT3	1.92	0.94	1.30E-05	6.37E-03	No	No	No	No	No
EGFRNetmtKRAS-Lo	MAP2K5	CCT6A	Q13163	P40227	MAP2K5_CCT6A	1.77	0.82	4.51E-05	1.45E-02	No	No	No	No	No
EGFRNetmtKRAS-Lo	MAP2K5	DNAJA1	Q13163	P31689	MAP2K5_DNAJA1	2.04	1.03	2.00E-06	3.22E-03	No	No	No	No	No
EGFRNetmtKRAS-Lo	MAP2K5	TCP1	Q13163	P17987	MAP2K5_TCP1	1.93	0.95	2.15E-05	5.86E-03	No	No	No	No	No
EGFRNetmtKRAS-Lo	MAP2K5	HSPA7	Q13163	P48741	MAP2K5_HSPA7	3.99	2.00	4.74E-03	6.75E-08	No	No	No	No	No
EGFRNetmtKRAS-Lo	MAP2K5	HSPA6	Q13163	P17066	MAP2K5_HSPA6	3.99	2.00	4.74E-03	6.75E-08	No	No	No	No	No
EGFRNetmtKRAS-Lo	MAP2K5	HSPA8	Q13163	P11142	MAP2K5_HSPA8	4.23	2.08	9.80E-06	1.95E-08	No	No	No	No	No
EGFRNetmtKRAS-Lo	MAP2K5	HSP90AB1	Q13163	P08238	MAP2K5_HSP90AB1	4.92	2.30	4.78E-05	6.55E-10	No	No	No	Yes	No
EGFRNetmtKRAS-Lo	MAP2K5	HSPA1A	Q13163	P08107	MAP2K5_HSPA1A	3.60	1.85	1.09E-03	5.16E-07	No	No	No	No	No
EGFRNetmtKRAS-Lo	MAP2K5	HSP90AA1	Q13163	P07900	MAP2K5_HSP90AA1	5.92	2.57	8.03E-05	6.70E-12	No	No	No	Yes	No
EGFRNetmtKRAS-Lo	MAP2K5	TUBB	Q13163	P07437	MAP2K5_TUBB	1.83	0.87	1.25E-05	1.03E-02	No	No	No	No	No
EGFRNetmtKRAS-Lo	MAP2K5	HSPB1	Q13163	P04792	MAP2K5_HSPB1	2.32	1.21	1.52E-03	6.57E-04	No	No	No	No	No
EGFRNetmtKRAS-Lo	MAP2K5	BAG2	Q13163	O95816	MAP2K5_BAG2	5.23	2.39	2.58E-04	1.50E-10	No	No	No	No	No
EGFRNetmtKRAS-Lo	MAP2K5	DNAJA2	Q13163	O60884	MAP2K5_DNAJA2	2.27	1.18	1.16E-05	8.69E-04	No	No	No	No	No
EGFRNetmtKRAS-Lo	MAP2K5	MAGEB2	Q13163	O15479	MAP2K5_MAGEB2	1.69	0.76	6.98E-05	2.19E-02	No	No	No	No	No
EGFRNetmtKRAS-Lo	MAP3K14	GNL3	Q99558	Q9BVP2	MAP3K14_GNL3	2.08	1.06	6.37E-03	1.84E-02	No	No	No	No	No
EGFRNetmtKRAS-Lo	MAP3K14	H1FX	Q99558	Q92522	MAP3K14_H1FX	1.83	0.87	4.30E-03	4.16E-02	No	No	No	No	No
EGFRNetmtKRAS-Lo	MAP3K14	DHX30	Q99558	Q7L2E3	MAP3K14_DHX30	1.79	0.84	1.40E-03	4.59E-02	No	No	No	No	No
EGFRNetmtKRAS-Lo	MAP3K14	TRAF2	Q99558	Q12933	MAP3K14_TRAF2	3.74	1.90	3.39E-02	1.20E-04	Yes	No	Yes	Yes	No
EGFRNetmtKRAS-Lo	MAP3K14	TMEM33	Q99558	P57088	MAP3K14_TMEM33	2.27	1.18	1.06E-02	1.00E-02	No	No	No	No	No
EGFRNetmtKRAS-Lo	MAP3K14	SLC25A4	Q99558	P12235	MAP3K14_SLC25A4	1.92	0.94	3.33E-05	3.11E-02	No	No	No	No	No
EGFRNetmtKRAS-Lo	MAP3K14	H1F0	Q99558	P07305	MAP3K14_H1F0	1.83	0.88	2.86E-03	4.03E-02	No	No	No	No	No
EGFRNetmtKRAS-Lo	MAP3K14	IKBKG	Q99558	Q9Y6K9	MAP3K14_IKBKG	4.88	2.29	8.51E-06	5.69E-06	No	Yes	No	Yes	No
EGFRNetmtKRAS-Lo	MAP3K14	TIMM13	Q99558	Q9Y5L4	MAP3K14_TIMM13	4.32	2.11	1.53E-04	2.50E-05	No	No	No	No	No
EGFRNetmtKRAS-Lo	MAP3K14	YTHDF2	Q99558	Q9Y5A9	MAP3K14_YTHDF2	2.50	1.32	7.66E-05	4.92E-03	No	No	No	No	No
EGFRNetmtKRAS-Lo	MAP3K14	RPL36	Q99558	Q9Y3U8	MAP3K14_RPL36	1.77	0.83	4.33E-06	4.89E-02	No	No	No	No	No
EGFRNetmtKRAS-Lo	MAP3K14	MTUS1	Q99558	Q9ULD2	MAP3K14_MTUS1	2.89	1.53	1.85E-03	4.98E-02	No	No	No	No	No
EGFRNetmtKRAS-Lo	MAP3K14	SLC25A10	Q99558	Q9UBX3	MAP3K14_SLC25A10	3.18	1.67	1.48E-03	3.67E-02	Yes	No	No	No	No
EGFRNetmtKRAS-Lo	MAP3K14	RRBP1	Q99558	Q9P2E9	MAP3K14_RRBP1	2.07	1.05	2.41E-09	1.89E-02	No	No	No	No	No
EGFRNetmtKRAS-Lo	MAP3K14	TECR	Q99558	Q9NZ01	MAP3K14_TECR	3.43	1.78	1.99E-02	2.85E-02	Yes	No	No	No	No
EGFRNetmtKRAS-Lo	MAP3K14	MAP3K14	Q99558	Q99558	MAP3K14_MAP3K14	6.71	2.75	4.42E-05	7.80E-08	No	No	No	Yes	No
EGFRNetmtKRAS-Lo	MAP3K14	CDC37	Q99558	Q16543	MAP3K14_CDC37	8.03	3.01	7.60E-09	7.59E-04	No	No	No	Yes	No
EGFRNetmtKRAS-Lo	MAP3K14	TRAF3	Q99558	Q13114	MAP3K14_TRAF3	5.64	2.50	1.89E-02	8.78E-07	No	Yes	No	Yes	No
EGFRNetmtKRAS-Lo	MAP3K14	RPL18	Q99558	Q07020	MAP3K14_RPL18	2.34	1.22	3.37E-06	8.23E-03	No	No	No	Yes	No
EGFRNetmtKRAS-Lo	MAP3K14	RPL6	Q99558	Q02878	MAP3K14_RPL6	2.30	1.20	2.89E-06	9.13E-03	No	No	No	Yes	No
EGFRNetmtKRAS-Lo	MAP3K14	RPL18A	Q99558	Q02543	MAP3K14_RPL18A	2.31	1.21	2.54E-06	8.80E-03	No	No	No	No	No
EGFRNetmtKRAS-Lo	MAP3K14	NFKB2	Q99558	Q00653	MAP3K14_NFKB2	4.19	2.07	5.59E-05	3.53E-05	No	No	No	Yes	No
EGFRNetmtKRAS-Lo	MAP3K14	RPL19	Q99558	P84098	MAP3K14_RPL19	1.88	0.91	3.00E-06	3.45E-02	No	No	No	No	No
EGFRNetmtKRAS-Lo	MAP3K14	RPL24	Q99558	P83731	MAP3K14_RPL24	2.65	1.41	1.26E-06	3.08E-03	No	No	No	Yes	No
EGFRNetmtKRAS-Lo	MAP3K14	RPL38	Q99558	P63173	MAP3K14_RPL38	1.87	0.90	1.53E-03	3.59E-02	No	No	No	No	No
EGFRNetmtKRAS-Lo	MAP3K14	RPL8	Q99558	P62917	MAP3K14_RPL8	1.91	0.93	3.01E-06	3.20E-02	No	No	No	Yes	No
EGFRNetmtKRAS-Lo	MAP3K14	RPL32	Q99558	P62910	MAP3K14_RPL32	2.16	1.11	4.86E-06	1.46E-02	No	No	No	Yes	No
EGFRNetmtKRAS-Lo	MAP3K14	RPL10A	Q99558	P62906	MAP3K14_RPL10A	2.14	1.10	1.44E-06	1.51E-02	No	No	No	Yes	No
EGFRNetmtKRAS-Lo	MAP3K14	RPS26P11	Q99558	Q5JNZ5	MAP3K14_RPS26P11	2.16	1.11	9.10E-03	1.44E-02	No	No	No	No	No
EGFRNetmtKRAS-Lo	MAP3K14	RPS26	Q99558	P62854	MAP3K14_RPS26	2.16	1.11	9.10E-03	1.44E-02	No	No	No	No	No
EGFRNetmtKRAS-Lo	MAP3K14	RPL23	Q99558	P62829	MAP3K14_RPL23	2.03	1.02	2.77E-06	2.14E-02	No	No	No	Yes	No
EGFRNetmtKRAS-Lo	MAP3K14	RPL7A	Q99558	P62424	MAP3K14_RPL7A	2.03	1.02	5.94E-06	2.15E-02	No	No	No	Yes	No
EGFRNetmtKRAS-Lo	MAP3K14	RPS11	Q99558	P62280	MAP3K14_RPS11	1.80	0.85	6.22E-03	4.47E-02	No	No	No	Yes	No
EGFRNetmtKRAS-Lo	MAP3K14	RPS13	Q99558	P62277	MAP3K14_RPS13	1.78	0.83	5.59E-03	4.75E-02	No	No	No	Yes	No
EGFRNetmtKRAS-Lo	MAP3K14	RPS18	Q99558	P62269	MAP3K14_RPS18	1.78	0.83	3.82E-03	4.84E-02	No	No	No	Yes	No
EGFRNetmtKRAS-Lo	MAP3K14	RPL37A	Q99558	P61513	MAP3K14_RPL37A	2.10	1.07	5.83E-07	1.74E-02	No	No	No	No	No
EGFRNetmtKRAS-Lo	MAP3K14	RPL27	Q99558	P61353	MAP3K14_RPL27	2.02	1.02	8.85E-07	2.22E-02	No	No	No	Yes	No
EGFRNetmtKRAS-Lo	MAP3K14	RPL15	Q99558	P61313	MAP3K14_RPL15	2.09	1.06	2.01E-06	1.80E-02	No	No	No	No	No
EGFRNetmtKRAS-Lo	MAP3K14	SLC25A1	Q99558	P53007	MAP3K14_SLC25A1	3.49	1.81	5.52E-07	2.67E-02	Yes	No	No	No	No
EGFRNetmtKRAS-Lo	MAP3K14	HNRNPF	Q99558	P52597	MAP3K14_HNRNPF	1.81	0.86	1.23E-06	4.31E-02	No	No	No	No	No
EGFRNetmtKRAS-Lo	MAP3K14	HNRNPM	Q99558	P52272	MAP3K14_HNRNPM	3.20	1.68	2.63E-08	5.82E-04	No	No	No	Yes	No
EGFRNetmtKRAS-Lo	MAP3K14	RPL14	Q99558	P50914	MAP3K14_RPL14	2.31	1.21	2.84E-06	9.03E-03	No	No	No	Yes	No
EGFRNetmtKRAS-Lo	MAP3K14	RPL34	Q99558	P49207	MAP3K14_RPL34	2.08	1.06	1.08E-06	1.83E-02	No	No	No	No	No
EGFRNetmtKRAS-Lo	MAP3K14	RPL28	Q99558	P46779	MAP3K14_RPL28	2.05	1.04	2.07E-06	2.01E-02	No	No	No	No	No
EGFRNetmtKRAS-Lo	MAP3K14	RPL21	Q99558	P46778	MAP3K14_RPL21	1.99	0.99	2.10E-06	2.46E-02	No	No	No	No	No
EGFRNetmtKRAS-Lo	MAP3K14	RPS27	Q99558	P42677	MAP3K14_RPS27	1.79	0.84	1.51E-02	4.63E-02	No	No	No	No	No
EGFRNetmtKRAS-Lo	MAP3K14	RPL13A	Q99558	P40429	MAP3K14_RPL13A	2.10	1.07	2.77E-06	1.71E-02	No	No	No	No	No
EGFRNetmtKRAS-Lo	MAP3K14	RPL3	Q99558	P39023	MAP3K14_RPL3	2.00	1.00	2.76E-06	2.40E-02	No	No	No	Yes	No
EGFRNetmtKRAS-Lo	MAP3K14	RPL4	Q99558	P36578	MAP3K14_RPL4	2.09	1.06	4.04E-06	1.82E-02	No	No	No	Yes	No
EGFRNetmtKRAS-Lo	MAP3K14	RPL9	Q99558	P32969	MAP3K14_RPL9	2.08	1.06	2.85E-06	1.84E-02	No	No	No	Yes	No
EGFRNetmtKRAS-Lo	MAP3K14	CAD	Q99558	P27708	MAP3K14_CAD	3.62	1.86	4.94E-04	2.36E-02	Yes	No	No	Yes	No
EGFRNetmtKRAS-Lo	MAP3K14	RPL10L	Q99558	Q96L21	MAP3K14_RPL10L	2.34	1.23	1.00E-06	8.14E-03	No	No	No	Yes	No
EGFRNetmtKRAS-Lo	MAP3K14	RPL10	Q99558	P27635	MAP3K14_RPL10	2.34	1.23	1.00E-06	8.14E-03	No	No	No	Yes	No
EGFRNetmtKRAS-Lo	MAP3K14	RPL13	Q99558	P26373	MAP3K14_RPL13	2.35	1.23	3.04E-06	7.99E-03	No	No	No	Yes	No
EGFRNetmtKRAS-Lo	MAP3K14	RPL7	Q99558	P18124	MAP3K14_RPL7	2.13	1.09	2.75E-06	1.57E-02	No	No	No	Yes	No
EGFRNetmtKRAS-Lo	MAP3K14	RPL35A	Q99558	P18077	MAP3K14_RPL35A	1.83	0.87	1.37E-06	4.15E-02	No	No	No	No	No
EGFRNetmtKRAS-Lo	MAP3K14	HSPA7	Q99558	P48741	MAP3K14_HSPA7	3.36	1.75	1.88E-04	3.07E-02	No	No	No	No	No
EGFRNetmtKRAS-Lo	MAP3K14	HSPA6	Q99558	P17066	MAP3K14_HSPA6	3.36	1.75	1.88E-04	3.07E-02	No	No	No	Yes	No
EGFRNetmtKRAS-Lo	MAP3K14	SLC25A6	Q99558	P12236	MAP3K14_SLC25A6	3.37	1.75	9.10E-09	3.01E-02	No	No	No	No	No
EGFRNetmtKRAS-Lo	MAP3K14	HSPA8	Q99558	P11142	MAP3K14_HSPA8	5.86	2.55	3.63E-11	3.44E-03	No	No	No	Yes	No
EGFRNetmtKRAS-Lo	MAP3K14	HSPA1B	Q99558	P0DMV9	MAP3K14_P0DMV9	4.70	2.23	3.39E-09	8.79E-03	No	No	No	No	No
EGFRNetmtKRAS-Lo	MAP3K14	HSP90AB1	Q99558	P08238	MAP3K14_HSP90AB1	3.59	1.84	1.44E-06	2.44E-02	No	No	No	Yes	No
EGFRNetmtKRAS-Lo	MAP3K14	HSP90AA1	Q99558	P07900	MAP3K14_HSP90AA1	3.93	1.97	1.52E-06	1.76E-02	No	No	No	Yes	No
EGFRNetmtKRAS-Lo	MAP3K14	SLC25A5	Q99558	P05141	MAP3K14_SLC25A5	3.11	1.64	2.91E-08	3.94E-02	No	No	No	No	No
EGFRNetmtKRAS-Lo	MAP3K14	BAG2	Q99558	O95816	MAP3K14_BAG2	2.78	1.48	1.54E-06	2.05E-03	No	No	No	Yes	No
EGFRNetmtKRAS-Lo	MAP3K14	DPM1	Q99558	O60762	MAP3K14_DPM1	2.91	1.54	6.22E-04	1.41E-03	No	No	No	No	No
EGFRNetmtKRAS-Lo	MAP3K14	CHUK	Q99558	O15111	MAP3K14_CHUK	3.64	1.86	1.03E-03	1.61E-04	No	Yes	No	Yes	No
EGFRNetmtKRAS-Lo	MAP3K7	MAP3K7	O43318	O43318	MAP3K7_MAP3K7	19.84	4.31	5.22E-11	3.76E-02	No	No	No	Yes	No
EGFRNetmtKRAS-Lo	MAP4K1	NUDC	Q92918	Q9Y266	MAP4K1_NUDC	5.73	2.52	8.26E-04	8.67E-10	No	No	No	No	No
EGFRNetmtKRAS-Lo	MAP4K1	MAP4K1	Q92918	Q92918	MAP4K1_MAP4K1	8.23	3.04	1.17E-07	1.97E-13	No	No	No	Yes	No
EGFRNetmtKRAS-Lo	MAP4K1	SLC25A1	Q92918	P53007	MAP4K1_SLC25A1	1.64	0.71	4.28E-02	3.97E-02	Yes	No	No	No	No
EGFRNetmtKRAS-Lo	MAP4K1	MAP2K2	Q92918	P36507	MAP4K1_MAP2K2	7.49	2.90	4.92E-03	2.02E-12	No	No	No	No	No
EGFRNetmtKRAS-Lo	MAP4K1	NF2	Q92918	P35240	MAP4K1_NF2	1.63	0.71	8.56E-04	4.07E-02	Yes	No	No	No	No
EGFRNetmtKRAS-Lo	MAP4K1	HSP90AB1	Q92918	P08238	MAP4K1_HSP90AB1	1.74	0.80	1.84E-04	2.54E-02	No	No	No	Yes	No
EGFRNetmtKRAS-Lo	MAP4K1	HSP90AA1	Q92918	P07900	MAP4K1_HSP90AA1	1.89	0.92	1.80E-02	1.23E-02	No	No	No	Yes	No
EGFRNetmtKRAS-Lo	MAPK1	MKL2	P28482	Q9ULH7	MAPK1_MKL2	8.13	3.02	2.78E-07	2.26E-04	No	No	No	No	No
EGFRNetmtKRAS-Lo	MAPK1	DDX41	P28482	Q9UJV9	MAPK1_DDX41	4.27	2.09	4.65E-05	7.81E-03	No	No	No	No	No
EGFRNetmtKRAS-Lo	MAPK1	TUBGCP4	P28482	Q9UGJ1	MAPK1_TUBGCP4	3.52	1.82	5.14E-03	1.82E-02	No	No	No	No	No
EGFRNetmtKRAS-Lo	MAPK1	C2ORF44	P28482	Q9H6R7	MAPK1_C2ORF44	2.97	1.57	1.84E-03	3.57E-02	No	No	No	No	No
EGFRNetmtKRAS-Lo	MAPK1	MKNK1	P28482	Q9BUB5	MAPK1_MKNK1	5.06	2.34	7.62E-03	3.39E-03	No	No	No	Yes	No
EGFRNetmtKRAS-Lo	MAPK1	TUBGCP2	P28482	Q9BSJ2	MAPK1_TUBGCP2	7.66	2.94	1.03E-06	3.28E-04	No	No	No	No	No
EGFRNetmtKRAS-Lo	MAPK1	LZTS2	P28482	Q9BRK4	MAPK1_LZTS2	2.75	1.46	9.53E-03	4.69E-02	No	No	No	No	No
EGFRNetmtKRAS-Lo	MAPK1	DUSP9	P28482	Q99956	MAPK1_DUSP9	6.23	2.64	1.63E-06	1.11E-03	No	No	No	Yes	No
EGFRNetmtKRAS-Lo	MAPK1	AGAP3	P28482	Q96P47	MAPK1_AGAP3	5.64	2.50	2.98E-03	1.93E-03	No	No	No	No	No
EGFRNetmtKRAS-Lo	MAPK1	TUBGCP3	P28482	Q96CW5	MAPK1_TUBGCP3	4.40	2.14	3.54E-06	6.79E-03	No	No	No	No	No
EGFRNetmtKRAS-Lo	MAPK1	MKL1	P28482	Q969V6	MAPK1_MKL1	3.00	1.59	3.63E-05	3.41E-02	No	No	No	No	No
EGFRNetmtKRAS-Lo	MAPK1	HMHA1	P28482	Q92619	MAPK1_HMHA1	3.43	1.78	5.98E-06	2.01E-02	No	No	No	No	No
EGFRNetmtKRAS-Lo	MAPK1	BRIX1	P28482	Q8TDN6	MAPK1_BRIX1	3.22	1.69	4.29E-02	2.61E-02	No	No	No	No	No
EGFRNetmtKRAS-Lo	MAPK1	RFWD2	P28482	Q8NHY2	MAPK1_RFWD2	2.84	1.51	9.72E-03	4.16E-02	No	No	No	No	No
EGFRNetmtKRAS-Lo	MAPK1	NKAPL	P28482	Q5M9Q1	MAPK1_NKAPL	4.21	2.07	9.19E-04	8.31E-03	No	No	No	No	No
EGFRNetmtKRAS-Lo	MAPK1	NKAP	P28482	Q8N5F7	MAPK1_NKAP	4.21	2.07	9.19E-04	8.31E-03	No	No	No	No	No
EGFRNetmtKRAS-Lo	MAPK1	GCC2	P28482	Q8IWJ2	MAPK1_GCC2	2.81	1.49	2.57E-05	4.37E-02	No	No	No	No	No
EGFRNetmtKRAS-Lo	MAPK1	MZT2B	P28482	Q6NZ67	MAPK1_MZT2B	4.95	2.31	5.95E-05	3.79E-03	No	No	No	No	No
EGFRNetmtKRAS-Lo	MAPK1	RPS6KA1	P28482	Q15418	MAPK1_RPS6KA1	15.07	3.91	9.05E-08	2.66E-06	Yes	No	No	Yes	No
EGFRNetmtKRAS-Lo	MAPK1	TRIM25	P28482	Q14258	MAPK1_TRIM25	2.93	1.55	9.93E-07	3.74E-02	No	No	No	No	No
EGFRNetmtKRAS-Lo	MAPK1	ILK	P28482	Q13418	MAPK1_ILK	3.62	1.86	1.96E-05	1.62E-02	No	No	No	No	No
EGFRNetmtKRAS-Lo	MAPK1	MAPK7	P28482	Q13164	MAPK1_MAPK7	432.90	8.76	1.23E-03	7.53E-25	No	No	No	No	No
EGFRNetmtKRAS-Lo	MAPK1	MZT1	P28482	Q08AG7	MAPK1_MZT1	2.97	1.57	1.38E-05	3.55E-02	No	No	No	No	No
EGFRNetmtKRAS-Lo	MAPK1	RPS6KA3	P28482	P51812	MAPK1_RPS6KA3	11.44	3.52	1.20E-07	2.21E-05	No	No	No	Yes	No
EGFRNetmtKRAS-Lo	MAPK1	ERF	P28482	P50548	MAPK1_ERF	3.04	1.61	5.40E-03	3.24E-02	Yes	No	No	Yes	No
EGFRNetmtKRAS-Lo	MAPK1	DHPS	P28482	P49366	MAPK1_DHPS	10.77	3.43	4.40E-07	3.39E-05	No	No	No	No	No
EGFRNetmtKRAS-Lo	MAPK1	ETV3	P28482	P41162	MAPK1_ETV3	4.02	2.01	8.53E-04	1.02E-02	No	No	No	No	No
EGFRNetmtKRAS-Lo	MAPK1	RPL22	P28482	P35268	MAPK1_RPL22	6.60	2.72	2.52E-04	8.04E-04	Yes	No	No	No	No
EGFRNetmtKRAS-Lo	MAPK1	MAPK1	P28482	P28482	MAPK1_MAPK1	17.75	4.15	5.77E-08	6.92E-07	No	No	No	Yes	No
EGFRNetmtKRAS-Lo	MAPK1	TUBG2	P28482	Q9NRH3	MAPK1_TUBG2	7.36	2.88	5.00E-06	4.19E-04	No	No	No	No	No
EGFRNetmtKRAS-Lo	MAPK1	TUBG1	P28482	P23258	MAPK1_TUBG1	7.36	2.88	5.00E-06	4.19E-04	No	No	No	No	No
EGFRNetmtKRAS-Lo	MAPK1	HIST1H1D	P28482	P16402	MAPK1_HIST1H1D	3.11	1.64	2.76E-02	2.98E-02	No	No	No	No	No
EGFRNetmtKRAS-Lo	MAPK1	HIST1H1E	P28482	P10412	MAPK1_HIST1H1E	3.11	1.64	2.76E-02	2.98E-02	No	No	No	No	No
EGFRNetmtKRAS-Lo	MAPK1	RPS6KA4	P28482	O75676	MAPK1_RPS6KA4	2.82	1.49	1.02E-03	4.31E-02	No	No	No	Yes	No
EGFRNetmtKRAS-Lo	MAPK1	HMMR	P28482	O75330	MAPK1_HMMR	3.45	1.79	1.30E-06	1.97E-02	No	No	No	Yes	No
EGFRNetmtKRAS-Lo	MAPK1	ANKRD28	P28482	O15084	MAPK1_ANKRD28	2.74	1.45	8.03E-03	4.78E-02	No	No	No	No	No
EGFRNetmtKRAS-Lo	MAPK1	SEC16A	P28482	O15027	MAPK1_SEC16A	5.10	2.35	8.97E-07	3.27E-03	No	No	No	No	No
EGFRNetmtKRAS-Lo	MAPK14	MAPKAPK3	Q16539	Q16644	MAPK14_MAPKAPK3	11.89	3.57	4.49E-02	5.41E-11	No	Yes	No	Yes	Yes
EGFRNetmtKRAS-Lo	MAPK14	SRSF7	Q16539	Q16629	MAPK14_SRSF7	2.30	1.20	4.80E-02	1.86E-02	Yes	No	No	No	No
EGFRNetmtKRAS-Lo	MAPK14	MAPK14	Q16539	Q16539	MAPK14_MAPK14	11.65	3.54	3.53E-03	7.72E-11	No	No	No	Yes	Yes
EGFRNetmtKRAS-Lo	MAPK14	EEF1A1P5	Q16539	Q5VTE0	MAPK14_EEF1A1P5	3.04	1.60	9.59E-03	2.36E-03	No	No	No	No	No
EGFRNetmtKRAS-Lo	MAPK14	EEF1A1	Q16539	P68104	MAPK14_EEF1A1	3.04	1.60	9.59E-03	2.36E-03	No	No	No	Yes	No
EGFRNetmtKRAS-Lo	MAPK14	RPL38	Q16539	P63173	MAPK14_RPL38	3.40	1.77	1.73E-02	8.87E-04	No	No	No	No	No
EGFRNetmtKRAS-Lo	MAPK14	RPS20	Q16539	P60866	MAPK14_RPS20	2.22	1.15	3.08E-04	2.33E-02	No	No	No	No	No
EGFRNetmtKRAS-Lo	MAPK14	MAPKAPK2	Q16539	P49137	MAPK14_MAPKAPK2	11.71	3.55	1.64E-02	7.13E-11	No	Yes	No	Yes	Yes
EGFRNetmtKRAS-Lo	MAPK14	CSNK1A1	Q16539	P48729	MAPK14_CSNK1A1	6.76	2.76	3.24E-03	3.65E-07	Yes	No	No	No	No
EGFRNetmtKRAS-Lo	MAPK14	IQGAP1	Q16539	P46940	MAPK14_IQGAP1	4.48	2.16	3.84E-03	5.65E-05	No	Yes	No	Yes	No
EGFRNetmtKRAS-Lo	MAPK14	HSPA8	Q16539	P11142	MAPK14_HSPA8	2.35	1.23	4.42E-08	1.61E-02	No	No	No	No	No
EGFRNetmtKRAS-Lo	MAPK14	HSP90AB1	Q16539	P08238	MAPK14_HSP90AB1	2.25	1.17	4.50E-04	2.10E-02	No	No	No	No	No
EGFRNetmtKRAS-Lo	MAPK14	HSP90AA1	Q16539	P07900	MAPK14_HSP90AA1	2.48	1.31	3.24E-03	1.10E-02	No	No	No	No	No
EGFRNetmtKRAS-Lo	MAPK14	RPS6KA4	Q16539	O75676	MAPK14_RPS6KA4	6.05	2.60	1.64E-02	1.61E-06	No	Yes	No	Yes	No
EGFRNetmtKRAS-Lo	MAPK3	FAM83D	P27361	Q9H4H8	MAPK3_FAM83D	4.69	2.23	3.52E-03	4.43E-03	No	No	No	No	No
EGFRNetmtKRAS-Lo	MAPK3	HSP90AB2P	P27361	Q58FF8	MAPK3_HSP90AB2P	2.92	1.55	8.33E-03	3.66E-02	No	No	No	No	No
EGFRNetmtKRAS-Lo	MAPK3	CDC37	P27361	Q16543	MAPK3_CDC37	3.47	1.79	9.15E-03	1.83E-02	No	No	No	No	No
EGFRNetmtKRAS-Lo	MAPK3	RPS6KA1	P27361	Q15418	MAPK3_RPS6KA1	4.04	2.01	9.16E-03	9.22E-03	No	No	No	Yes	No
EGFRNetmtKRAS-Lo	MAPK3	ILK	P27361	Q13418	MAPK3_ILK	3.93	1.97	3.14E-02	1.05E-02	No	No	No	No	No
EGFRNetmtKRAS-Lo	MAPK3	RPS6KA3	P27361	P51812	MAPK3_RPS6KA3	4.75	2.25	2.96E-03	4.15E-03	No	No	No	Yes	No
EGFRNetmtKRAS-Lo	MAPK3	DHPS	P27361	P49366	MAPK3_DHPS	3.46	1.79	4.00E-03	1.86E-02	No	No	No	Yes	Yes
EGFRNetmtKRAS-Lo	MAPK3	LRPPRC	P27361	P42704	MAPK3_LRPPRC	6.81	2.77	3.32E-02	5.39E-04	No	No	No	No	No
EGFRNetmtKRAS-Lo	MAPK3	MAPK1	P27361	P28482	MAPK3_MAPK1	3.29	1.72	3.77E-03	2.30E-02	No	No	No	Yes	No
EGFRNetmtKRAS-Lo	MAPK3	MAPK3	P27361	P27361	MAPK3_MAPK3	6.15	2.62	2.70E-03	9.99E-04	No	No	No	Yes	Yes
EGFRNetmtKRAS-Lo	MAPK3	HSPA7	P27361	P48741	MAPK3_HSPA7	6.30	2.66	4.07E-03	8.61E-04	No	No	No	No	No
EGFRNetmtKRAS-Lo	MAPK3	HSPA6	P27361	P17066	MAPK3_HSPA6	6.30	2.66	4.07E-03	8.61E-04	No	No	No	No	No
EGFRNetmtKRAS-Lo	MAPK3	HSPA8	P27361	P11142	MAPK3_HSPA8	4.23	2.08	2.73E-03	7.42E-03	No	No	No	No	No
EGFRNetmtKRAS-Lo	MAPK3	HSPA5	P27361	P11021	MAPK3_HSPA5	3.51	1.81	6.31E-03	1.73E-02	No	No	No	No	No
EGFRNetmtKRAS-Lo	MAPK3	HSP90AB1	P27361	P08238	MAPK3_HSP90AB1	3.92	1.97	2.87E-03	1.06E-02	No	No	No	No	No
EGFRNetmtKRAS-Lo	MAPK3	HSPA1A	P27361	P08107	MAPK3_HSPA1A	3.54	1.82	3.85E-03	1.68E-02	No	No	No	No	No
EGFRNetmtKRAS-Lo	MAPK3	HSP90AA1	P27361	P07900	MAPK3_HSP90AA1	3.28	1.71	6.79E-03	2.32E-02	No	No	No	No	No
EGFRNetmtKRAS-Lo	MAPK7	IVNS1ABP	Q13164	Q9Y6Y0	MAPK7_IVNS1ABP	1.88	0.91	1.20E-02	4.32E-03	No	No	No	No	No
EGFRNetmtKRAS-Lo	MAPK7	MYO5B	Q13164	Q9ULV0	MAPK7_MYO5B	1.80	0.85	1.16E-02	7.12E-03	No	No	No	No	No
EGFRNetmtKRAS-Lo	MAPK7	PFDN2	Q13164	Q9UHV9	MAPK7_PFDN2	6.78	2.76	1.12E-04	1.15E-15	No	No	No	Yes	No
EGFRNetmtKRAS-Lo	MAPK7	PFDN4	Q13164	Q9NQP4	MAPK7_PFDN4	9.62	3.27	8.51E-07	3.57E-21	No	No	No	Yes	No
EGFRNetmtKRAS-Lo	MAPK7	C11ORF84	Q13164	Q9BUA3	MAPK7_C11ORF84	1.82	0.86	4.65E-02	6.29E-03	Yes	No	No	No	No
EGFRNetmtKRAS-Lo	MAPK7	PFDN5	Q13164	Q99471	MAPK7_PFDN5	7.38	2.88	2.44E-04	6.22E-17	No	No	No	Yes	No
EGFRNetmtKRAS-Lo	MAPK7	IPO9	Q13164	Q96P70	MAPK7_IPO9	1.86	0.89	1.56E-02	4.98E-03	No	No	No	No	No
EGFRNetmtKRAS-Lo	MAPK7	HSD17B12	Q13164	Q53GQ0	MAPK7_HSD17B12	1.80	0.85	5.81E-03	6.97E-03	No	No	No	No	No
EGFRNetmtKRAS-Lo	MAPK7	PRPSAP1	Q13164	Q14558	MAPK7_PRPSAP1	2.10	1.07	1.21E-02	9.88E-04	No	No	No	No	No
EGFRNetmtKRAS-Lo	MAPK7	MAPK7	Q13164	Q13164	MAPK7_MAPK7	10.75	3.43	2.23E-04	4.27E-23	No	No	No	Yes	No
EGFRNetmtKRAS-Lo	MAPK7	PTS	Q13164	Q03393	MAPK7_PTS	2.11	1.08	3.50E-03	9.17E-04	No	No	No	No	No
EGFRNetmtKRAS-Lo	MAPK7	OTUD4	Q13164	Q01804	MAPK7_OTUD4	1.98	0.98	2.63E-02	2.27E-03	No	No	No	No	No
EGFRNetmtKRAS-Lo	MAPK7	VBP1	Q13164	P61758	MAPK7_VBP1	7.30	2.87	1.19E-04	9.43E-17	No	No	No	Yes	No
EGFRNetmtKRAS-Lo	MAPK7	PRPS1	Q13164	P60891	MAPK7_PRPS1	1.87	0.91	1.46E-02	4.41E-03	No	No	No	No	No
EGFRNetmtKRAS-Lo	MAPK7	TMEM33	Q13164	P57088	MAPK7_TMEM33	2.62	1.39	1.23E-02	3.11E-05	No	No	No	No	No
EGFRNetmtKRAS-Lo	MAPK7	DNAJA1	Q13164	P31689	MAPK7_DNAJA1	1.67	0.74	3.46E-02	1.64E-02	No	No	No	No	No
EGFRNetmtKRAS-Lo	MAPK7	CAD	Q13164	P27708	MAPK7_CAD	1.75	0.80	6.13E-03	9.95E-03	No	No	No	No	No
EGFRNetmtKRAS-Lo	MAPK7	CD9	Q13164	P21926	MAPK7_CD9	1.52	0.61	8.29E-03	3.88E-02	No	No	No	No	No
EGFRNetmtKRAS-Lo	MAPK7	SLC25A4	Q13164	P12235	MAPK7_SLC25A4	1.72	0.78	2.23E-03	1.21E-02	No	No	No	No	No
EGFRNetmtKRAS-Lo	MAPK7	SLC25A6	Q13164	P12236	MAPK7_SLC25A6	1.72	0.78	2.23E-03	1.21E-02	No	No	No	No	No
EGFRNetmtKRAS-Lo	MAPK7	PRPS2	Q13164	P11908	MAPK7_PRPS2	1.73	0.79	4.65E-03	1.13E-02	No	No	No	No	No
EGFRNetmtKRAS-Lo	MAPK7	SLC25A5	Q13164	P05141	MAPK7_SLC25A5	1.60	0.68	1.27E-03	2.42E-02	No	No	No	No	No
EGFRNetmtKRAS-Lo	MAPK7	ATP1A1	Q13164	P05023	MAPK7_ATP1A1	1.50	0.58	2.45E-02	4.52E-02	No	No	No	No	No
EGFRNetmtKRAS-Lo	MAPK7	HSPB1	Q13164	P04792	MAPK7_HSPB1	2.17	1.12	5.03E-03	6.39E-04	Yes	No	No	No	No
EGFRNetmtKRAS-Lo	MAPK7	ACSL3	Q13164	O95573	MAPK7_ACSL3	1.59	0.67	1.56E-02	2.64E-02	No	No	No	No	No
EGFRNetmtKRAS-Lo	MAPK7	PFDN1	Q13164	O60925	MAPK7_PFDN1	8.77	3.13	2.26E-03	1.26E-19	No	No	No	Yes	No
EGFRNetmtKRAS-Lo	MAPK7	DPM1	Q13164	O60762	MAPK7_DPM1	1.89	0.92	3.25E-02	4.02E-03	No	No	No	No	No
EGFRNetmtKRAS-Lo	MAPK7	PRPSAP2	Q13164	O60256	MAPK7_PRPSAP2	1.79	0.84	1.57E-02	7.53E-03	No	No	No	No	No
EGFRNetmtKRAS-Lo	MAPK7	PFDN6	Q13164	O15212	MAPK7_PFDN6	8.71	3.12	1.82E-04	1.60E-19	No	No	No	Yes	No
EGFRNetmtKRAS-Lo	MAPK8	MAPK8	P45983	P45983	MAPK8_MAPK8	11.71	3.55	6.12E-03	1.89E-50	No	No	No	Yes	No
EGFRNetmtKRAS-Lo	MAPK8	ANKRD28	P45983	O15084	MAPK8_ANKRD28	2.55	1.35	1.77E-02	9.03E-09	Yes	No	No	No	No
EGFRNetmtKRAS-Lo	MTA2	LIMA1	O94776	Q9UHB6	MTA2_LIMA1	4.97	2.31	8.39E-05	1.79E-05	Yes	No	No	No	No
EGFRNetmtKRAS-Lo	MTA2	TMOD3	O94776	Q9NYL9	MTA2_TMOD3	3.48	1.80	9.42E-03	5.96E-04	Yes	No	No	No	No
EGFRNetmtKRAS-Lo	MTA2	BOLA2	O94776	Q9H3K6	MTA2_BOLA2	3.58	1.84	1.58E-04	4.56E-04	No	No	No	No	No
EGFRNetmtKRAS-Lo	MTA2	HDAC2	O94776	Q92769	MTA2_HDAC2	10.01	3.32	1.89E-06	2.01E-09	No	No	No	Yes	Yes
EGFRNetmtKRAS-Lo	MTA2	MTMR14	O94776	Q8NCE2	MTA2_MTMR14	3.00	1.58	1.24E-02	2.04E-03	No	No	No	No	No
EGFRNetmtKRAS-Lo	MTA2	RBBP7	O94776	Q16576	MTA2_RBBP7	26.81	4.74	5.74E-10	3.58E-17	No	Yes	No	Yes	Yes
EGFRNetmtKRAS-Lo	MTA2	HDAC1	O94776	Q13547	MTA2_HDAC1	5.63	2.49	1.22E-06	4.42E-06	No	Yes	No	Yes	Yes
EGFRNetmtKRAS-Lo	MTA2	AHNAK	O94776	Q09666	MTA2_AHNAK	3.30	1.72	4.82E-02	9.31E-04	Yes	No	No	No	No
EGFRNetmtKRAS-Lo	MTA2	RBBP4	O94776	Q09028	MTA2_RBBP4	11.98	3.58	5.78E-10	1.21E-10	No	No	No	Yes	No
EGFRNetmtKRAS-Lo	MTA2	ACTB	O94776	P60709	MTA2_ACTB	2.81	1.49	2.70E-02	3.38E-03	Yes	No	No	No	No
EGFRNetmtKRAS-Lo	MTA2	TUFM	O94776	P49411	MTA2_TUFM	2.07	1.05	8.40E-03	2.59E-02	No	No	No	No	No
EGFRNetmtKRAS-Lo	MTA2	LRPPRC	O94776	P42704	MTA2_LRPPRC	2.92	1.54	3.63E-02	2.53E-03	No	No	No	No	No
EGFRNetmtKRAS-Lo	MTA2	EEF1G	O94776	P26641	MTA2_EEF1G	2.00	1.00	8.31E-05	3.10E-02	Yes	No	No	No	Yes
EGFRNetmtKRAS-Lo	MTA2	EEF1B2	O94776	P24534	MTA2_EEF1B2	1.99	1.00	7.10E-05	3.21E-02	Yes	No	No	No	No
EGFRNetmtKRAS-Lo	MTA2	CFL1	O94776	P23528	MTA2_CFL1	2.64	1.40	4.98E-04	5.33E-03	Yes	No	No	No	No
EGFRNetmtKRAS-Lo	MTA2	WARS	O94776	P23381	MTA2_WARS	1.98	0.99	3.16E-02	3.32E-02	No	No	No	No	No
EGFRNetmtKRAS-Lo	MTA2	HSPA8	O94776	P11142	MTA2_HSPA8	1.91	0.93	1.34E-04	4.05E-02	No	No	No	No	No
EGFRNetmtKRAS-Lo	MTA2	HSP90AA1	O94776	P07900	MTA2_HSP90AA1	1.95	0.96	8.51E-03	3.66E-02	No	No	No	No	No
EGFRNetmtKRAS-Lo	MTA2	MTA2	O94776	O94776	MTA2_MTA2	20.33	4.35	3.21E-10	9.80E-15	No	No	No	No	Yes
EGFRNetmtKRAS-Lo	MYLK2	UQCR10	Q9H1R3	Q9UDW1	MYLK2_UQCR10	1.46	0.55	6.61E-03	2.81E-02	No	No	No	No	No
EGFRNetmtKRAS-Lo	MYLK2	TECR	Q9H1R3	Q9NZ01	MYLK2_TECR	1.56	0.64	9.78E-03	1.29E-02	No	No	No	No	No
EGFRNetmtKRAS-Lo	MYLK2	NAP1L4	Q9H1R3	Q99733	MYLK2_NAP1L4	2.36	1.24	3.71E-03	7.60E-06	No	No	No	No	No
EGFRNetmtKRAS-Lo	MYLK2	KIAA1967	Q9H1R3	Q8N163	MYLK2_KIAA1967	2.05	1.03	1.69E-03	1.60E-04	Yes	No	No	No	No
EGFRNetmtKRAS-Lo	MYLK2	CDC37	Q9H1R3	Q16543	MYLK2_CDC37	10.43	3.38	7.55E-09	2.07E-32	Yes	No	No	No	No
EGFRNetmtKRAS-Lo	MYLK2	YWHAZ	Q9H1R3	P63104	MYLK2_YWHAZ	2.47	1.31	4.80E-05	2.67E-06	Yes	No	No	Yes	No
EGFRNetmtKRAS-Lo	MYLK2	PSMC1	Q9H1R3	P62191	MYLK2_PSMC1	1.46	0.54	2.47E-04	2.92E-02	No	No	No	No	No
EGFRNetmtKRAS-Lo	MYLK2	YWHAG	Q9H1R3	P61981	MYLK2_YWHAG	3.78	1.92	1.03E-02	1.17E-11	Yes	No	No	No	No
EGFRNetmtKRAS-Lo	MYLK2	NAP1L1	Q9H1R3	P55209	MYLK2_NAP1L1	2.29	1.20	4.56E-05	1.52E-05	Yes	No	No	No	No
EGFRNetmtKRAS-Lo	MYLK2	SLC25A1	Q9H1R3	P53007	MYLK2_SLC25A1	2.02	1.02	1.08E-02	1.97E-04	Yes	No	No	No	No
EGFRNetmtKRAS-Lo	MYLK2	PSMC2	Q9H1R3	P35998	MYLK2_PSMC2	1.48	0.57	9.99E-04	2.39E-02	No	No	No	No	No
EGFRNetmtKRAS-Lo	MYLK2	HSPA4	Q9H1R3	P34932	MYLK2_HSPA4	1.52	0.61	1.25E-02	1.74E-02	No	No	No	No	No
EGFRNetmtKRAS-Lo	MYLK2	DNAJA1	Q9H1R3	P31689	MYLK2_DNAJA1	1.70	0.76	7.27E-05	3.99E-03	No	No	No	No	No
EGFRNetmtKRAS-Lo	MYLK2	YWHAQ	Q9H1R3	P27348	MYLK2_YWHAQ	3.26	1.70	7.20E-03	1.45E-09	No	No	No	Yes	No
EGFRNetmtKRAS-Lo	MYLK2	HSPA8	Q9H1R3	P11142	MYLK2_HSPA8	3.48	1.80	5.80E-07	1.82E-10	Yes	No	No	No	No
EGFRNetmtKRAS-Lo	MYLK2	HSP90AB3P	Q9H1R3	Q58FF7	MYLK2_HSP90AB3P	4.54	2.18	3.35E-08	1.34E-14	Yes	No	No	No	No
EGFRNetmtKRAS-Lo	MYLK2	HSP90AB1	Q9H1R3	P08238	MYLK2_HSP90AB1	4.54	2.18	3.35E-08	1.34E-14	Yes	No	No	Yes	No
EGFRNetmtKRAS-Lo	MYLK2	HSPA1A	Q9H1R3	P08107	MYLK2_HSPA1A	2.80	1.49	7.74E-06	1.09E-07	No	No	No	No	No
EGFRNetmtKRAS-Lo	MYLK2	UQCRH	Q9H1R3	P07919	MYLK2_UQCRH	1.80	0.85	1.15E-04	1.54E-03	No	No	No	No	No
EGFRNetmtKRAS-Lo	MYLK2	HSP90AA1	Q9H1R3	P07900	MYLK2_HSP90AA1	4.02	2.01	4.00E-07	1.34E-12	Yes	No	No	Yes	No
EGFRNetmtKRAS-Lo	MYLK2	SLC25A5	Q9H1R3	P05141	MYLK2_SLC25A5	1.44	0.53	1.81E-04	3.33E-02	No	No	No	No	No
EGFRNetmtKRAS-Lo	MYLK2	HSPB1	Q9H1R3	P04792	MYLK2_HSPB1	9.91	3.31	4.08E-06	4.10E-31	Yes	No	No	No	No
EGFRNetmtKRAS-Lo	MYLK2	AHSG	Q9H1R3	P02765	MYLK2_AHSG	9.76	3.29	6.87E-03	9.90E-31	No	No	No	No	No
EGFRNetmtKRAS-Lo	MYLK2	BAG2	Q9H1R3	O95816	MYLK2_BAG2	3.87	1.95	9.39E-08	5.01E-12	Yes	No	No	No	No
EGFRNetmtKRAS-Lo	MYLK2	DNAJA2	Q9H1R3	O60884	MYLK2_DNAJA2	1.83	0.87	3.83E-02	1.17E-03	No	No	No	No	No
EGFRNetmtKRAS-Lo	MYLK2	PSMD3	Q9H1R3	O43242	MYLK2_PSMD3	1.39	0.48	3.07E-04	4.94E-02	No	No	No	No	No
EGFRNetmtKRAS-Lo	MYLK2	MYLK2	Q9H1R3	Q9H1R3	MYLK2_MYLK2	21.05	4.40	1.38E-12	2.32E-53	Yes	No	No	No	No
EGFRNetmtKRAS-Lo	MYLK2	MYLK	Q9H1R3	Q15746	MYLK2_MYLK	49.82	5.64	2.17E-06	1.97E-86	Yes	No	No	No	No
EGFRNetmtKRAS-Lo	NCK1	GIT1	P16333	Q9Y2X7	NCK1_GIT1	10.31	3.37	9.69E-07	6.85E-18	Yes	No	No	Yes	No
EGFRNetmtKRAS-Lo	NCK1	ABCF1	P16333	Q8NE71	NCK1_ABCF1	2.16	1.11	1.08E-02	2.29E-03	Yes	No	No	No	No
EGFRNetmtKRAS-Lo	NCK1	STK38	P16333	Q15208	NCK1_STK38	1.97	0.98	2.23E-02	6.12E-03	Yes	No	No	No	No
EGFRNetmtKRAS-Lo	NCK1	GIT2	P16333	Q14161	NCK1_GIT2	19.12	4.26	4.41E-06	1.90E-27	Yes	No	No	Yes	No
EGFRNetmtKRAS-Lo	NCK1	ARHGEF7	P16333	Q14155	NCK1_ARHGEF7	5.71	2.51	1.96E-06	8.84E-11	Yes	No	No	Yes	No
EGFRNetmtKRAS-Lo	NCK1	RPL6	P16333	Q02878	NCK1_RPL6	1.60	0.68	8.52E-04	4.11E-02	No	No	No	No	No
EGFRNetmtKRAS-Lo	NCK1	DSG1	P16333	Q02413	NCK1_DSG1	4.62	2.21	7.19E-03	1.04E-08	No	No	No	No	No
EGFRNetmtKRAS-Lo	NCK1	RPL10A	P16333	P62906	NCK1_RPL10A	2.01	1.01	7.81E-04	5.12E-03	No	No	No	No	No
EGFRNetmtKRAS-Lo	NCK1	RPL30	P16333	P62888	NCK1_RPL30	1.57	0.66	5.24E-04	4.65E-02	No	No	No	No	No
EGFRNetmtKRAS-Lo	NCK1	RPL12	P16333	P30050	NCK1_RPL12	1.59	0.67	1.79E-04	4.25E-02	No	No	No	No	No
EGFRNetmtKRAS-Lo	NCK1	RPL35A	P16333	P18077	NCK1_RPL35A	1.94	0.95	3.64E-02	7.39E-03	No	No	No	No	No
EGFRNetmtKRAS-Lo	NCK1	NCK1	P16333	P16333	NCK1_NCK1	32.43	5.02	2.51E-12	2.33E-37	Yes	No	No	No	Yes
EGFRNetmtKRAS-Lo	NCK1	DSP	P16333	P15924	NCK1_DSP	1.86	0.89	1.98E-02	1.11E-02	No	No	No	No	No
EGFRNetmtKRAS-Lo	NCK1	JUP	P16333	P14923	NCK1_JUP	3.05	1.61	1.96E-02	2.18E-05	No	No	No	No	No
EGFRNetmtKRAS-Lo	NCK1	P4HB	P16333	P07237	NCK1_P4HB	1.64	0.72	3.14E-02	3.33E-02	Yes	No	No	No	No
EGFRNetmtKRAS-Lo	NCK1	RPLP0P6	P16333	Q8NHW5	NCK1_RPLP0P6	1.87	0.90	2.97E-03	1.06E-02	No	No	No	No	No
EGFRNetmtKRAS-Lo	NCK1	RPLP0	P16333	P05388	NCK1_RPLP0	1.87	0.90	2.97E-03	1.06E-02	No	No	No	No	No
EGFRNetmtKRAS-Lo	NCK1	MBP	P16333	P02686	NCK1_MBP	3.37	1.75	1.05E-02	4.12E-06	No	No	No	No	No
EGFRNetmtKRAS-Lo	NCK1	NCK2	P16333	O43639	NCK1_NCK2	81.99	6.36	5.27E-12	1.20E-58	Yes	Yes	No	Yes	No
EGFRNetmtKRAS-Lo	NME1	CCT7	P15531	Q99832	NME1_CCT7	1.83	0.87	7.11E-09	4.16E-03	No	No	No	No	No
EGFRNetmtKRAS-Lo	NME1	PGAM5	P15531	Q96HS1	NME1_PGAM5	1.54	0.63	5.81E-08	2.88E-02	No	No	No	No	No
EGFRNetmtKRAS-Lo	NME1	CCT2	P15531	P78371	NME1_CCT2	1.88	0.91	8.34E-09	2.90E-03	No	No	No	No	No
EGFRNetmtKRAS-Lo	NME1	YWHAZ	P15531	P63104	NME1_YWHAZ	1.58	0.66	1.58E-04	2.24E-02	No	No	No	No	No
EGFRNetmtKRAS-Lo	NME1	CCT4	P15531	P50991	NME1_CCT4	1.86	0.89	7.00E-09	3.48E-03	No	No	No	No	No
EGFRNetmtKRAS-Lo	NME1	CCT8	P15531	P50990	NME1_CCT8	1.87	0.90	8.13E-09	3.32E-03	No	No	No	No	No
EGFRNetmtKRAS-Lo	NME1	CCT3	P15531	P49368	NME1_CCT3	1.86	0.90	6.01E-09	3.40E-03	No	No	No	No	No
EGFRNetmtKRAS-Lo	NME1	FASN	P15531	P49327	NME1_FASN	2.03	1.02	8.20E-06	1.04E-03	No	No	No	No	No
EGFRNetmtKRAS-Lo	NME1	CCT5	P15531	P48643	NME1_CCT5	1.74	0.80	5.99E-09	7.79E-03	No	No	No	No	No
EGFRNetmtKRAS-Lo	NME1	CCT6A	P15531	P40227	NME1_CCT6A	1.90	0.93	1.75E-09	2.55E-03	No	No	No	No	No
EGFRNetmtKRAS-Lo	NME1	HSPA9	P15531	P38646	NME1_HSPA9	1.98	0.99	1.12E-02	1.44E-03	No	No	No	No	No
EGFRNetmtKRAS-Lo	NME1	PRDX6	P15531	P30041	NME1_PRDX6	1.90	0.92	7.77E-03	2.63E-03	No	No	No	No	No
EGFRNetmtKRAS-Lo	NME1	PTPN6	P15531	P29350	NME1_PTPN6	3.94	1.98	6.17E-05	1.45E-09	No	No	No	No	No
EGFRNetmtKRAS-Lo	NME1	YWHAQ	P15531	P27348	NME1_YWHAQ	2.35	1.23	9.33E-03	1.02E-04	No	No	No	No	No
EGFRNetmtKRAS-Lo	NME1	NME2P1	P15531	O60361	NME1_NME2P1	13.34	3.74	3.44E-07	2.50E-29	No	No	No	No	No
EGFRNetmtKRAS-Lo	NME1	NME2	P15531	P22392	NME1_NME2	13.34	3.74	3.44E-07	2.50E-29	No	No	No	Yes	No
EGFRNetmtKRAS-Lo	NME1	TCP1	P15531	P17987	NME1_TCP1	1.87	0.90	9.94E-09	3.25E-03	No	No	No	No	No
EGFRNetmtKRAS-Lo	NME1	NME1	P15531	P15531	NME1_NME1	12.83	3.68	1.42E-08	1.64E-28	No	No	Yes	Yes	No
EGFRNetmtKRAS-Lo	NME1	EEF2	P15531	P13639	NME1_EEF2	1.50	0.59	7.72E-05	3.75E-02	No	No	No	No	No
EGFRNetmtKRAS-Lo	NME1	HSPA8	P15531	P11142	NME1_HSPA8	1.57	0.65	6.95E-08	2.49E-02	No	No	No	No	No
EGFRNetmtKRAS-Lo	NME1	HSPA5	P15531	P11021	NME1_HSPA5	2.00	1.00	2.52E-08	1.25E-03	No	No	No	No	No
EGFRNetmtKRAS-Lo	NME1	HSPD1	P15531	P10809	NME1_HSPD1	1.84	0.88	1.76E-05	4.07E-03	No	No	No	No	No
EGFRNetmtKRAS-Lo	NME1	HSP90AB3P	P15531	Q58FF7	NME1_HSP90AB3P	1.59	0.67	8.57E-06	2.13E-02	No	No	No	No	No
EGFRNetmtKRAS-Lo	NME1	HSP90AB1	P15531	P08238	NME1_HSP90AB1	1.59	0.67	8.57E-06	2.13E-02	No	No	No	No	No
EGFRNetmtKRAS-Lo	NME1	HSPA1A	P15531	P08107	NME1_HSPA1A	1.67	0.74	3.45E-08	1.24E-02	No	No	No	No	No
EGFRNetmtKRAS-Lo	NME1	S100A6	P15531	P06703	NME1_S100A6	1.62	0.69	1.56E-02	1.80E-02	No	No	No	No	No
EGFRNetmtKRAS-Lo	NME1	HSPB1	P15531	P04792	NME1_HSPB1	1.52	0.60	5.45E-04	3.39E-02	No	No	No	No	No
EGFRNetmtKRAS-Lo	NME1-NME2	MRPS28	Q32Q12	Q9Y2Q9	NME1-NME2_MRPS28	1.53	0.61	1.67E-02	2.07E-02	No	No	No	No	No
EGFRNetmtKRAS-Lo	NME1-NME2	RCN2	Q32Q12	Q14257	NME1-NME2_RCN2	1.41	0.50	7.82E-03	4.75E-02	No	No	No	No	No
EGFRNetmtKRAS-Lo	NME1-NME2	TUFM	Q32Q12	P49411	NME1-NME2_TUFM	1.50	0.58	1.66E-05	2.63E-02	No	No	No	No	No
EGFRNetmtKRAS-Lo	NME1-NME2	EEF1G	Q32Q12	P26641	NME1-NME2_EEF1G	1.45	0.54	2.77E-06	3.71E-02	No	No	No	No	No
EGFRNetmtKRAS-Lo	NME1-NME2	NME2P1	Q32Q12	O60361	NME1-NME2_NME2P1	20.88	4.38	8.08E-06	1.26E-48	No	No	No	No	No
EGFRNetmtKRAS-Lo	NME1-NME2	NME2	Q32Q12	P22392	NME1-NME2_NME2	20.88	4.38	8.08E-06	1.26E-48	No	No	No	No	No
EGFRNetmtKRAS-Lo	NME1-NME2	NME1	Q32Q12	P15531	NME1-NME2_NME1	14.45	3.85	2.57E-07	5.02E-38	No	No	No	No	No
EGFRNetmtKRAS-Lo	NME1-NME2	HSPA8	Q32Q12	P11142	NME1-NME2_HSPA8	1.66	0.73	5.11E-05	7.63E-03	No	No	No	No	No
EGFRNetmtKRAS-Lo	NME1-NME2	HSPA5	Q32Q12	P11021	NME1-NME2_HSPA5	1.70	0.76	3.11E-02	5.46E-03	No	No	No	No	No
EGFRNetmtKRAS-Lo	NME1-NME2	HSPD1	Q32Q12	P10809	NME1-NME2_HSPD1	1.48	0.57	1.30E-02	2.90E-02	No	No	No	No	No
EGFRNetmtKRAS-Lo	NME1-NME2	HSPA1A	Q32Q12	P08107	NME1-NME2_HSPA1A	1.54	0.62	1.81E-05	1.95E-02	No	No	No	No	No
EGFRNetmtKRAS-Lo	NME1-NME2	BAG2	Q32Q12	O95816	NME1-NME2_BAG2	2.39	1.26	7.34E-05	1.38E-05	No	No	No	No	No
EGFRNetmtKRAS-Lo	NME1-NME2	MYLK2	Q32Q12	Q9H1R3	NME1-NME2_MYLK2	3.22	1.69	2.35E-02	9.63E-09	No	No	No	No	No
EGFRNetmtKRAS-Lo	PAK1	GIT1	Q13153	Q9Y2X7	PAK1_GIT1	8.42	3.07	2.82E-07	4.04E-13	No	No	No	Yes	No
EGFRNetmtKRAS-Lo	PAK1	HIGD1C	Q13153	A8MV81	PAK1_HIGD1C	3.16	1.66	9.60E-03	5.13E-05	No	No	No	No	No
EGFRNetmtKRAS-Lo	PAK1	HIGD1A	Q13153	Q9Y241	PAK1_HIGD1A	3.16	1.66	9.60E-03	5.13E-05	No	No	No	No	No
EGFRNetmtKRAS-Lo	PAK1	LIMA1	Q13153	Q9UHB6	PAK1_LIMA1	1.68	0.75	1.53E-03	3.85E-02	Yes	No	No	No	No
EGFRNetmtKRAS-Lo	PAK1	TECR	Q13153	Q9NZ01	PAK1_TECR	3.05	1.61	1.53E-02	8.37E-05	No	No	No	No	No
EGFRNetmtKRAS-Lo	PAK1	TMEM161A	Q13153	Q9NX61	PAK1_TMEM161A	2.37	1.25	3.59E-02	1.71E-03	No	No	No	No	No
EGFRNetmtKRAS-Lo	PAK1	SLC25A22	Q13153	Q9H936	PAK1_SLC25A22	2.46	1.30	4.73E-03	1.16E-03	No	No	No	No	No
EGFRNetmtKRAS-Lo	PAK1	FANCD2	Q13153	Q9BXW9	PAK1_FANCD2	2.68	1.42	7.28E-03	4.29E-04	Yes	No	No	No	No
EGFRNetmtKRAS-Lo	PAK1	TUBB2B	Q13153	Q9BVA1	PAK1_TUBB2B	2.05	1.03	2.60E-03	7.53E-03	No	No	No	No	No
EGFRNetmtKRAS-Lo	PAK1	TUBB6	Q13153	Q9BUF5	PAK1_TUBB6	1.91	0.93	5.36E-04	1.38E-02	No	No	No	No	No
EGFRNetmtKRAS-Lo	PAK1	ARPC5L	Q13153	Q9BPX5	PAK1_ARPC5L	1.62	0.70	2.54E-03	4.86E-02	No	No	No	No	No
EGFRNetmtKRAS-Lo	PAK1	VAT1	Q13153	Q99536	PAK1_VAT1	1.62	0.70	4.16E-02	4.91E-02	Yes	No	No	No	No
EGFRNetmtKRAS-Lo	PAK1	MMS19	Q13153	Q96T76	PAK1_MMS19	1.83	0.87	4.09E-03	1.97E-02	No	No	No	No	No
EGFRNetmtKRAS-Lo	PAK1	GCN1L1	Q13153	Q92616	PAK1_GCN1L1	2.22	1.15	1.38E-07	3.47E-03	No	No	No	No	No
EGFRNetmtKRAS-Lo	PAK1	TUBA3E	Q13153	Q6PEY2	PAK1_TUBA3E	1.68	0.75	7.82E-04	3.78E-02	No	No	No	No	No
EGFRNetmtKRAS-Lo	PAK1	TUBA3C	Q13153	Q13748	PAK1_TUBA3C	1.68	0.75	7.82E-04	3.78E-02	No	No	No	No	No
EGFRNetmtKRAS-Lo	PAK1	TUBA1A	Q13153	Q71U36	PAK1_TUBA1A	1.68	0.75	7.82E-04	3.78E-02	No	No	No	No	No
EGFRNetmtKRAS-Lo	PAK1	HSD17B12	Q13153	Q53GQ0	PAK1_HSD17B12	2.21	1.14	1.84E-08	3.62E-03	No	No	No	No	No
EGFRNetmtKRAS-Lo	PAK1	ARHGEF6	Q13153	Q15052	PAK1_ARHGEF6	7.23	2.85	9.29E-03	1.45E-11	No	Yes	No	Yes	No
EGFRNetmtKRAS-Lo	PAK1	RCN2	Q13153	Q14257	PAK1_RCN2	2.19	1.13	2.26E-04	3.98E-03	No	No	No	No	No
EGFRNetmtKRAS-Lo	PAK1	GIT2	Q13153	Q14161	PAK1_GIT2	5.71	2.51	4.57E-07	2.25E-09	No	No	No	Yes	No
EGFRNetmtKRAS-Lo	PAK1	SCRIB	Q13153	Q14160	PAK1_SCRIB	3.58	1.84	8.40E-05	8.49E-06	No	No	No	Yes	No
EGFRNetmtKRAS-Lo	PAK1	ARHGEF7	Q13153	Q14155	PAK1_ARHGEF7	7.91	2.98	4.72E-06	1.79E-12	No	Yes	No	Yes	No
EGFRNetmtKRAS-Lo	PAK1	PAK2	Q13153	Q13177	PAK1_PAK2	5.22	2.38	1.63E-04	1.34E-08	No	No	No	Yes	No
EGFRNetmtKRAS-Lo	PAK1	PAK1	Q13153	Q13153	PAK1_PAK1	8.85	3.15	2.13E-08	1.15E-13	No	No	No	Yes	No
EGFRNetmtKRAS-Lo	PAK1	SLC25A11	Q13153	Q02978	PAK1_SLC25A11	2.81	1.49	3.08E-03	2.42E-04	No	No	No	No	No
EGFRNetmtKRAS-Lo	PAK1	SLC25A3	Q13153	Q00325	PAK1_SLC25A3	2.16	1.11	4.59E-04	4.54E-03	No	No	No	No	No
EGFRNetmtKRAS-Lo	PAK1	TUBB4B	Q13153	P68371	PAK1_TUBB4B	1.84	0.88	2.70E-08	1.89E-02	No	No	No	No	No
EGFRNetmtKRAS-Lo	PAK1	TMEM33	Q13153	P57088	PAK1_TMEM33	2.10	1.07	2.78E-08	6.00E-03	No	No	No	No	No
EGFRNetmtKRAS-Lo	PAK1	CPT1A	Q13153	P50416	PAK1_CPT1A	2.02	1.01	4.67E-02	8.46E-03	No	No	No	No	No
EGFRNetmtKRAS-Lo	PAK1	DNAJA1	Q13153	P31689	PAK1_DNAJA1	1.84	0.88	2.76E-05	1.89E-02	No	No	No	Yes	No
EGFRNetmtKRAS-Lo	PAK1	POLR2B	Q13153	P30876	PAK1_POLR2B	1.62	0.70	4.86E-02	4.92E-02	No	No	No	No	No
EGFRNetmtKRAS-Lo	PAK1	CAD	Q13153	P27708	PAK1_CAD	2.44	1.28	2.31E-07	1.28E-03	No	No	No	No	No
EGFRNetmtKRAS-Lo	PAK1	HLA-B	Q13153	Q31610	PAK1_HLA-B	1.80	0.85	5.79E-03	2.23E-02	Yes	No	No	No	No
EGFRNetmtKRAS-Lo	PAK1	HSPA7	Q13153	P48741	PAK1_HSPA7	1.69	0.76	4.76E-06	3.66E-02	No	No	No	No	No
EGFRNetmtKRAS-Lo	PAK1	HSPA6	Q13153	P17066	PAK1_HSPA6	1.69	0.76	4.76E-06	3.66E-02	No	No	No	No	No
EGFRNetmtKRAS-Lo	PAK1	SLC25A4	Q13153	P12235	PAK1_SLC25A4	2.02	1.01	1.71E-04	8.48E-03	No	No	No	No	No
EGFRNetmtKRAS-Lo	PAK1	SLC25A6	Q13153	P12236	PAK1_SLC25A6	2.02	1.01	1.71E-04	8.48E-03	No	No	No	No	No
EGFRNetmtKRAS-Lo	PAK1	HSPA8	Q13153	P11142	PAK1_HSPA8	1.93	0.95	9.89E-08	1.25E-02	No	No	No	No	No
EGFRNetmtKRAS-Lo	PAK1	TUBB	Q13153	P07437	PAK1_TUBB	2.03	1.02	1.32E-07	7.90E-03	No	No	No	No	No
EGFRNetmtKRAS-Lo	PAK1	GSN	Q13153	P06396	PAK1_GSN	2.34	1.22	1.36E-02	2.03E-03	Yes	No	No	No	No
EGFRNetmtKRAS-Lo	PAK1	SLC25A5	Q13153	P05141	PAK1_SLC25A5	2.16	1.11	5.08E-04	4.44E-03	No	No	No	No	No
EGFRNetmtKRAS-Lo	PAK1	HSPB1	Q13153	P04792	PAK1_HSPB1	2.12	1.08	1.43E-04	5.36E-03	No	No	No	No	No
EGFRNetmtKRAS-Lo	PAK1	HLA-C	Q13153	P10321	PAK1_HLA-C	1.75	0.81	1.12E-04	2.78E-02	No	No	No	No	No
EGFRNetmtKRAS-Lo	PAK1	HLA-A	Q13153	P16188	PAK1_HLA-A	1.75	0.81	1.12E-04	2.78E-02	No	No	No	No	No
EGFRNetmtKRAS-Lo	PAK1	AIFM1	Q13153	O95831	PAK1_AIFM1	2.95	1.56	9.21E-05	1.29E-04	No	No	No	No	No
EGFRNetmtKRAS-Lo	PAK1	DPM1	Q13153	O60762	PAK1_DPM1	2.14	1.09	2.02E-03	5.01E-03	No	No	No	No	No
EGFRNetmtKRAS-Lo	PAK1	NCK2	Q13153	O43639	PAK1_NCK2	6.04	2.59	1.63E-02	7.20E-10	Yes	Yes	Yes	Yes	No
EGFRNetmtKRAS-Lo	PAK1	SLC16A3	Q13153	O15427	PAK1_SLC16A3	1.83	0.87	2.22E-02	1.94E-02	No	No	No	No	No
EGFRNetmtKRAS-Lo	PDPK1	CAMSAP3	O15530	Q9P1Y5	PDPK1_CAMSAP3	1.39	0.48	3.07E-02	1.27E-02	Yes	No	No	No	No
EGFRNetmtKRAS-Lo	PDPK1	TCF25	O15530	Q9BQ70	PDPK1_TCF25	1.66	0.73	1.33E-02	2.90E-04	No	No	No	No	No
EGFRNetmtKRAS-Lo	PDPK1	GLG1	O15530	Q92896	PDPK1_GLG1	1.57	0.65	2.71E-02	1.06E-03	No	No	No	No	No
EGFRNetmtKRAS-Lo	PDPK1	PTRF	O15530	Q6NZI2	PDPK1_PTRF	1.56	0.64	4.13E-02	1.36E-03	Yes	No	No	No	No
EGFRNetmtKRAS-Lo	PDPK1	CDC37	O15530	Q16543	PDPK1_CDC37	1.42	0.50	2.14E-02	9.13E-03	No	No	No	Yes	No
EGFRNetmtKRAS-Lo	PDPK1	CHD4	O15530	Q14839	PDPK1_CHD4	1.28	0.36	3.03E-02	4.50E-02	No	No	No	No	No
EGFRNetmtKRAS-Lo	PDPK1	SQSTM1	O15530	Q13501	PDPK1_SQSTM1	1.63	0.71	3.98E-02	4.66E-04	No	No	No	No	No
EGFRNetmtKRAS-Lo	PDPK1	YWHAH	O15530	Q04917	PDPK1_YWHAH	1.40	0.48	7.12E-03	1.18E-02	No	No	No	Yes	No
EGFRNetmtKRAS-Lo	PDPK1	YWHAZ	O15530	P63104	PDPK1_YWHAZ	1.28	0.36	1.22E-02	4.69E-02	No	No	No	No	No
EGFRNetmtKRAS-Lo	PDPK1	YWHAE	O15530	P62258	PDPK1_YWHAE	1.65	0.72	2.85E-04	3.73E-04	No	No	No	No	No
EGFRNetmtKRAS-Lo	PDPK1	YWHAG	O15530	P61981	PDPK1_YWHAG	1.51	0.59	4.17E-03	2.75E-03	No	No	No	No	No
EGFRNetmtKRAS-Lo	PDPK1	HADHB	O15530	P55084	PDPK1_HADHB	1.53	0.61	3.25E-02	2.03E-03	No	No	No	No	No
EGFRNetmtKRAS-Lo	PDPK1	IQGAP1	O15530	P46940	PDPK1_IQGAP1	1.44	0.53	3.62E-02	6.44E-03	No	No	No	No	No
EGFRNetmtKRAS-Lo	PDPK1	LRPPRC	O15530	P42704	PDPK1_LRPPRC	1.52	0.61	1.59E-02	2.19E-03	No	No	No	No	No
EGFRNetmtKRAS-Lo	PDPK1	HADHA	O15530	P40939	PDPK1_HADHA	1.41	0.50	4.16E-02	9.41E-03	No	No	No	No	No
EGFRNetmtKRAS-Lo	PDPK1	HSPA9	O15530	P38646	PDPK1_HSPA9	1.54	0.62	1.32E-02	1.68E-03	No	No	No	No	No
EGFRNetmtKRAS-Lo	PDPK1	HSPA4	O15530	P34932	PDPK1_HSPA4	1.28	0.36	2.23E-02	4.46E-02	No	No	No	No	No
EGFRNetmtKRAS-Lo	PDPK1	YWHAB	O15530	P31946	PDPK1_YWHAB	1.35	0.43	5.55E-03	2.09E-02	No	No	No	No	No
EGFRNetmtKRAS-Lo	PDPK1	SDC4	O15530	P31431	PDPK1_SDC4	4.93	2.30	2.61E-02	2.01E-27	No	No	No	No	No
EGFRNetmtKRAS-Lo	PDPK1	SDC1	O15530	P18827	PDPK1_SDC1	27.60	4.79	5.28E-03	9.86E-112	No	No	No	No	No
EGFRNetmtKRAS-Lo	PDPK1	HSPA6	O15530	P17066	PDPK1_HSPA6	2.29	1.20	2.70E-02	9.88E-09	No	No	No	No	No
EGFRNetmtKRAS-Lo	PDPK1	CD44	O15530	P16070	PDPK1_CD44	1.94	0.95	3.61E-02	3.80E-06	No	No	No	No	No
EGFRNetmtKRAS-Lo	PDPK1	JUP	O15530	P14923	PDPK1_JUP	1.42	0.51	3.81E-03	8.46E-03	No	No	No	No	No
EGFRNetmtKRAS-Lo	PDPK1	HSPA8	O15530	P11142	PDPK1_HSPA8	1.59	0.67	8.40E-03	8.42E-04	Yes	Yes	No	No	No
EGFRNetmtKRAS-Lo	PDPK1	HSPA5	O15530	P11021	PDPK1_HSPA5	1.77	0.82	3.64E-03	5.71E-05	No	No	No	No	No
EGFRNetmtKRAS-Lo	PDPK1	PDPK2	O15530	Q4V3C8	PDPK1_PDPK2	6.44	2.69	2.76E-03	1.08E-36	No	No	No	No	No
EGFRNetmtKRAS-Lo	PDPK1	PDPK1	O15530	O15530	PDPK1_PDPK1	6.44	2.69	2.76E-03	1.08E-36	Yes	No	No	Yes	No
EGFRNetmtKRAS-Lo	PDPK1	ARPC5	O15530	O15511	PDPK1_ARPC5	1.30	0.38	1.46E-02	3.87E-02	Yes	No	No	No	No
EGFRNetmtKRAS-Lo	PEBP1	IVNS1ABP	P30086	Q9Y6Y0	PEBP1_IVNS1ABP	1.40	0.48	1.70E-04	3.65E-02	Yes	No	No	No	No
EGFRNetmtKRAS-Lo	PEBP1	IER3IP1	P30086	Q9Y5U9	PEBP1_IER3IP1	1.74	0.80	1.68E-03	1.32E-03	Yes	No	No	No	No
EGFRNetmtKRAS-Lo	PEBP1	TMED5	P30086	Q9Y3A6	PEBP1_TMED5	1.90	0.92	2.28E-03	2.35E-04	Yes	No	No	No	No
EGFRNetmtKRAS-Lo	PEBP1	ATPIF1	P30086	Q9UII2	PEBP1_ATPIF1	1.88	0.91	3.91E-04	2.83E-04	No	No	No	No	No
EGFRNetmtKRAS-Lo	PEBP1	RAB18	P30086	Q9NP72	PEBP1_RAB18	1.49	0.58	3.05E-02	1.53E-02	Yes	No	No	No	No
EGFRNetmtKRAS-Lo	PEBP1	TMED4	P30086	Q7Z7H5	PEBP1_TMED4	1.41	0.49	8.12E-03	3.41E-02	Yes	No	No	No	No
EGFRNetmtKRAS-Lo	PEBP1	EIF3A	P30086	Q14152	PEBP1_EIF3A	1.36	0.45	3.97E-04	4.94E-02	No	No	No	No	No
EGFRNetmtKRAS-Lo	PEBP1	PTK7	P30086	Q13308	PEBP1_PTK7	1.54	0.62	4.85E-02	9.73E-03	Yes	No	No	No	No
EGFRNetmtKRAS-Lo	PEBP1	LMAN2	P30086	Q12907	PEBP1_LMAN2	1.51	0.59	1.97E-02	1.37E-02	Yes	No	No	No	No
EGFRNetmtKRAS-Lo	PEBP1	PRPS1	P30086	P60891	PEBP1_PRPS1	1.54	0.62	1.16E-02	1.03E-02	Yes	No	No	No	No
EGFRNetmtKRAS-Lo	PEBP1	TMEM33	P30086	P57088	PEBP1_TMEM33	1.47	0.56	3.82E-03	1.85E-02	Yes	No	No	No	No
EGFRNetmtKRAS-Lo	PEBP1	ATP1B3	P30086	P54709	PEBP1_ATP1B3	1.36	0.45	2.62E-02	4.86E-02	Yes	No	No	No	No
EGFRNetmtKRAS-Lo	PEBP1	SERPINH1	P30086	P50454	PEBP1_SERPINH1	1.52	0.60	4.97E-02	1.21E-02	No	No	No	No	No
EGFRNetmtKRAS-Lo	PEBP1	FASN	P30086	P49327	PEBP1_FASN	1.39	0.48	6.88E-08	3.85E-02	No	No	No	No	No
EGFRNetmtKRAS-Lo	PEBP1	CD151	P30086	P48509	PEBP1_CD151	1.41	0.50	1.98E-02	3.22E-02	Yes	No	No	No	No
EGFRNetmtKRAS-Lo	PEBP1	DLST	P30086	P36957	PEBP1_DLST	1.37	0.45	2.83E-02	4.76E-02	No	No	No	No	No
EGFRNetmtKRAS-Lo	PEBP1	SHMT2	P30086	P34897	PEBP1_SHMT2	1.40	0.49	1.26E-02	3.50E-02	No	No	No	No	No
EGFRNetmtKRAS-Lo	PEBP1	PYCR1	P30086	P32322	PEBP1_PYCR1	1.51	0.59	8.40E-04	1.37E-02	No	No	No	No	No
EGFRNetmtKRAS-Lo	PEBP1	YWHAB	P30086	P31946	PEBP1_YWHAB	1.41	0.49	3.01E-04	3.39E-02	No	No	No	No	No
EGFRNetmtKRAS-Lo	PEBP1	MARCKS	P30086	P29966	PEBP1_MARCKS	1.54	0.62	1.79E-02	9.99E-03	Yes	No	No	No	No
EGFRNetmtKRAS-Lo	PEBP1	EPHA2	P30086	P29317	PEBP1_EPHA2	1.36	0.45	3.68E-02	4.85E-02	Yes	No	No	No	No
EGFRNetmtKRAS-Lo	PEBP1	CANX	P30086	P27824	PEBP1_CANX	1.37	0.46	1.84E-02	4.50E-02	Yes	No	No	No	No
EGFRNetmtKRAS-Lo	PEBP1	S100A4	P30086	P26447	PEBP1_S100A4	2.11	1.07	1.48E-04	2.31E-05	No	No	No	No	No
EGFRNetmtKRAS-Lo	PEBP1	ITGA3	P30086	P26006	PEBP1_ITGA3	1.43	0.51	1.61E-03	2.84E-02	Yes	No	No	No	No
EGFRNetmtKRAS-Lo	PEBP1	KDELR1	P30086	P24390	PEBP1_KDELR1	1.38	0.47	6.49E-03	4.17E-02	Yes	No	No	No	No
EGFRNetmtKRAS-Lo	PEBP1	POR	P30086	P16435	PEBP1_POR	1.57	0.65	4.37E-02	7.48E-03	Yes	No	No	No	No
EGFRNetmtKRAS-Lo	PEBP1	CKB	P30086	P12277	PEBP1_CKB	1.43	0.52	3.62E-06	2.74E-02	No	No	No	No	No
EGFRNetmtKRAS-Lo	PEBP1	GSN	P30086	P06396	PEBP1_GSN	1.68	0.75	1.49E-04	2.31E-03	Yes	No	No	No	No
EGFRNetmtKRAS-Lo	PEBP1	ATP1A1	P30086	P05023	PEBP1_ATP1A1	1.47	0.56	1.83E-02	1.84E-02	Yes	No	No	No	No
EGFRNetmtKRAS-Lo	PEBP1	ANXA1	P30086	P04083	PEBP1_ANXA1	1.55	0.63	4.43E-06	8.80E-03	No	No	No	No	No
EGFRNetmtKRAS-Lo	PEBP1	SGPL1	P30086	O95470	PEBP1_SGPL1	2.24	1.16	1.47E-02	4.86E-06	Yes	No	No	No	No
EGFRNetmtKRAS-Lo	PEBP1	SLC16A3	P30086	O15427	PEBP1_SLC16A3	1.48	0.56	5.48E-03	1.80E-02	Yes	No	No	No	No
EGFRNetmtKRAS-Lo	PEBP1	EIF3H	P30086	O15372	PEBP1_EIF3H	1.98	0.98	3.57E-02	9.72E-05	Yes	No	No	No	No
EGFRNetmtKRAS-Lo	PEBP1	CWC25	P30086	Q9NXE8	PEBP1_CWC25	1.59	0.67	5.08E-03	4.09E-02	No	No	No	No	No
EGFRNetmtKRAS-Lo	PEBP1	ARGLU1	P30086	Q9NWB6	PEBP1_ARGLU1	1.71	0.77	8.31E-03	2.20E-02	No	No	No	No	No
EGFRNetmtKRAS-Lo	PEBP1	STK38	P30086	Q15208	PEBP1_STK38	1.80	0.84	1.53E-02	1.40E-02	Yes	No	No	No	No
EGFRNetmtKRAS-Lo	PEBP1	DSG1	P30086	Q02413	PEBP1_DSG1	3.51	1.81	1.32E-02	1.20E-06	No	No	No	No	No
EGFRNetmtKRAS-Lo	PEBP1	GDI2	P30086	P50395	PEBP1_GDI2	1.58	0.66	2.87E-03	4.27E-02	No	No	No	No	No
EGFRNetmtKRAS-Lo	PEBP1	PEBP1	P30086	P30086	PEBP1_PEBP1	27.27	4.77	1.10E-06	8.34E-36	Yes	No	No	Yes	No
EGFRNetmtKRAS-Lo	PEBP1	JAK1	P30086	P23458	PEBP1_JAK1	1.63	0.70	1.95E-02	3.40E-02	No	No	No	No	No
EGFRNetmtKRAS-Lo	PEBP1	HMGA1	P30086	P17096	PEBP1_HMGA1	2.35	1.23	1.10E-02	6.79E-04	No	No	No	No	No
EGFRNetmtKRAS-Lo	PEBP1	DSP	P30086	P15924	PEBP1_DSP	5.69	2.51	4.40E-03	3.05E-11	No	No	No	No	No
EGFRNetmtKRAS-Lo	PEBP1	JUP	P30086	P14923	PEBP1_JUP	4.95	2.31	1.75E-06	9.05E-10	No	No	No	No	No
EGFRNetmtKRAS-Lo	PEBP1	ANXA2P2	P30086	A6NMY6	PEBP1_ANXA2P2	1.67	0.74	1.43E-03	2.65E-02	No	No	No	No	No
EGFRNetmtKRAS-Lo	PEBP1	ANXA2	P30086	P07355	PEBP1_ANXA2	1.67	0.74	1.43E-03	2.65E-02	No	No	No	No	No
EGFRNetmtKRAS-Lo	PEBP1	HSPB1	P30086	P04792	PEBP1_HSPB1	1.66	0.73	1.64E-02	2.94E-03	Yes	No	No	No	No
EGFRNetmtKRAS-Lo	PEBP1	HPX	P30086	P02790	PEBP1_HPX	9.00	3.17	1.84E-02	7.07E-17	No	No	No	No	No
EGFRNetmtKRAS-Lo	PEBP1	TXNDC12	P30086	O95881	PEBP1_TXNDC12	1.58	0.66	1.26E-02	4.23E-02	No	No	No	No	No
EGFRNetmtKRAS-Lo	PEBP1	PPM1B	P30086	O75688	PEBP1_PPM1B	1.96	0.97	1.65E-02	5.87E-03	Yes	No	No	No	No
EGFRNetmtKRAS-Lo	PRKAR1A	COQ6	P10644	Q9Y2Z9	PRKAR1A_COQ6	1.31	0.38	1.39E-03	3.24E-02	No	No	No	No	No
EGFRNetmtKRAS-Lo	PRKAR1A	AKAP11	P10644	Q9UKA4	PRKAR1A_AKAP11	1.85	0.89	8.72E-04	1.36E-05	Yes	Yes	No	Yes	No
EGFRNetmtKRAS-Lo	PRKAR1A	NXF1	P10644	Q9UBU9	PRKAR1A_NXF1	1.38	0.46	3.16E-05	1.34E-02	No	No	No	No	No
EGFRNetmtKRAS-Lo	PRKAR1A	VPS29	P10644	Q9UBQ0	PRKAR1A_VPS29	1.40	0.49	8.91E-03	9.86E-03	No	No	No	No	No
EGFRNetmtKRAS-Lo	PRKAR1A	CAMSAP3	P10644	Q9P1Y5	PRKAR1A_CAMSAP3	1.36	0.44	3.21E-03	1.77E-02	No	No	No	No	No
EGFRNetmtKRAS-Lo	PRKAR1A	PDCD2L	P10644	Q9BRP1	PRKAR1A_PDCD2L	1.68	0.75	2.26E-02	1.92E-04	No	No	No	No	No
EGFRNetmtKRAS-Lo	PRKAR1A	CORO1B	P10644	Q9BR76	PRKAR1A_CORO1B	1.42	0.51	1.93E-02	7.73E-03	Yes	No	No	No	No
EGFRNetmtKRAS-Lo	PRKAR1A	UHRF1	P10644	Q96T88	PRKAR1A_UHRF1	1.27	0.34	9.75E-03	4.97E-02	No	No	No	No	No
EGFRNetmtKRAS-Lo	PRKAR1A	SNRNP40	P10644	Q96DI7	PRKAR1A_SNRNP40	1.34	0.42	1.77E-02	2.22E-02	Yes	No	No	No	No
EGFRNetmtKRAS-Lo	PRKAR1A	GPX8	P10644	Q8TED1	PRKAR1A_GPX8	1.28	0.35	3.53E-03	4.50E-02	No	No	No	No	No
EGFRNetmtKRAS-Lo	PRKAR1A	DOCK4	P10644	Q8N1I0	PRKAR1A_DOCK4	1.33	0.41	3.04E-07	2.58E-02	Yes	No	No	No	No
EGFRNetmtKRAS-Lo	PRKAR1A	MEPCE	P10644	Q7L2J0	PRKAR1A_MEPCE	1.28	0.35	2.58E-04	4.43E-02	No	No	No	No	No
EGFRNetmtKRAS-Lo	PRKAR1A	MOB2	P10644	Q70IA6	PRKAR1A_MOB2	1.69	0.76	1.01E-02	1.72E-04	Yes	No	No	No	No
EGFRNetmtKRAS-Lo	PRKAR1A	ADRM1	P10644	Q16186	PRKAR1A_ADRM1	1.31	0.39	2.41E-02	3.19E-02	No	No	No	No	No
EGFRNetmtKRAS-Lo	PRKAR1A	FAT1	P10644	Q14517	PRKAR1A_FAT1	1.42	0.51	1.80E-03	7.87E-03	Yes	No	No	No	No
EGFRNetmtKRAS-Lo	PRKAR1A	ACACA	P10644	Q13085	PRKAR1A_ACACA	1.34	0.42	2.85E-04	2.27E-02	No	No	No	No	No
EGFRNetmtKRAS-Lo	PRKAR1A	KHDRBS1	P10644	Q07666	PRKAR1A_KHDRBS1	1.33	0.42	1.12E-04	2.34E-02	Yes	No	No	No	No
EGFRNetmtKRAS-Lo	PRKAR1A	SLC25A11	P10644	Q02978	PRKAR1A_SLC25A11	1.29	0.37	8.62E-04	3.77E-02	No	No	No	No	No
EGFRNetmtKRAS-Lo	PRKAR1A	RPL6	P10644	Q02878	PRKAR1A_RPL6	1.28	0.36	1.60E-03	4.37E-02	No	No	No	No	No
EGFRNetmtKRAS-Lo	PRKAR1A	RPL36A	P10644	P83881	PRKAR1A_RPL36A	1.64	0.72	2.37E-03	3.36E-04	No	No	No	No	No
EGFRNetmtKRAS-Lo	PRKAR1A	SERPINH1	P10644	P50454	PRKAR1A_SERPINH1	1.29	0.37	1.68E-02	3.74E-02	Yes	No	No	No	No
EGFRNetmtKRAS-Lo	PRKAR1A	PYCR1	P10644	P32322	PRKAR1A_PYCR1	1.52	0.61	6.26E-04	1.99E-03	No	No	No	No	No
EGFRNetmtKRAS-Lo	PRKAR1A	PRKAR1B	P10644	P31321	PRKAR1A_PRKAR1B	7.73	2.95	5.51E-10	8.74E-44	Yes	Yes	No	Yes	No
EGFRNetmtKRAS-Lo	PRKAR1A	HLA-A	P10644	P16188	PRKAR1A_HLA-A	1.31	0.39	3.28E-02	3.14E-02	No	No	No	No	No
EGFRNetmtKRAS-Lo	PRKAR1A	HLA-C	P10644	P10321	PRKAR1A_HLA-C	1.31	0.39	3.28E-02	3.14E-02	No	No	No	No	No
EGFRNetmtKRAS-Lo	PRKAR1A	KDELR1	P10644	P24390	PRKAR1A_KDELR1	1.34	0.43	5.67E-03	2.05E-02	Yes	No	No	No	No
EGFRNetmtKRAS-Lo	PRKAR1A	CFL1	P10644	P23528	PRKAR1A_CFL1	1.28	0.36	1.45E-06	4.37E-02	No	No	No	No	No
EGFRNetmtKRAS-Lo	PRKAR1A	PRKACA	P10644	P17612	PRKAR1A_PRKACA	5.78	2.53	2.91E-04	8.87E-33	Yes	Yes	No	Yes	No
EGFRNetmtKRAS-Lo	PRKAR1A	JUP	P10644	P14923	PRKAR1A_JUP	1.33	0.41	6.95E-03	2.45E-02	No	No	No	No	No
EGFRNetmtKRAS-Lo	PRKAR1A	G6PD	P10644	P11413	PRKAR1A_G6PD	1.83	0.87	1.89E-02	1.85E-05	Yes	No	No	No	No
EGFRNetmtKRAS-Lo	PRKAR1A	PRKAR1A	P10644	P10644	PRKAR1A_PRKAR1A	9.01	3.17	1.00E-17	2.99E-50	Yes	No	No	Yes	No
EGFRNetmtKRAS-Lo	PRKAR1A	PRKCB	P10644	P05771	PRKAR1A_PRKCB	4.05	2.02	1.89E-03	1.41E-21	No	No	No	No	No
EGFRNetmtKRAS-Lo	PRKAR1A	HSPB1	P10644	P04792	PRKAR1A_HSPB1	1.50	0.58	9.79E-04	2.77E-03	Yes	No	No	No	No
EGFRNetmtKRAS-Lo	PRKAR1A	AHSA1	P10644	O95433	PRKAR1A_AHSA1	1.31	0.39	2.33E-02	3.16E-02	No	No	No	No	No
EGFRNetmtKRAS-Lo	PRKAR1A	MGEA5	P10644	O60502	PRKAR1A_MGEA5	1.39	0.47	1.87E-02	1.19E-02	No	No	No	No	No
EGFRNetmtKRAS-Lo	PRKAR1A	AP1G1	P10644	O43747	PRKAR1A_AP1G1	1.60	0.68	3.38E-02	6.38E-04	Yes	No	No	No	No
EGFRNetmtKRAS-Lo	PRKAR1A	MAGEB2	P10644	O15479	PRKAR1A_MAGEB2	1.28	0.35	1.41E-02	4.39E-02	Yes	No	No	No	No
EGFRNetmtKRAS-Lo	PRKAR1A	ADAM10	P10644	O14672	PRKAR1A_ADAM10	1.65	0.72	2.77E-03	2.97E-04	Yes	No	No	No	No
EGFRNetmtKRAS-Lo	PRKCA	HYOU1	P17252	Q9Y4L1	PRKCA_HYOU1	1.37	0.46	3.29E-02	2.15E-02	Yes	No	No	No	No
EGFRNetmtKRAS-Lo	PRKCA	CDC37	P17252	Q16543	PRKCA_CDC37	1.44	0.53	3.34E-02	9.94E-03	No	No	No	No	No
EGFRNetmtKRAS-Lo	PRKCA	PRPSAP1	P17252	Q14558	PRKCA_PRPSAP1	1.54	0.63	2.78E-02	2.85E-03	No	No	No	No	No
EGFRNetmtKRAS-Lo	PRKCA	PRPS1	P17252	P60891	PRKCA_PRPS1	1.50	0.58	2.40E-02	5.24E-03	No	No	No	No	No
EGFRNetmtKRAS-Lo	PRKCA	PRKCA	P17252	P17252	PRKCA_PRKCA	4.05	2.02	2.24E-03	4.71E-19	Yes	No	No	Yes	No
EGFRNetmtKRAS-Lo	PRKCA	PRPS2	P17252	P11908	PRKCA_PRPS2	1.44	0.53	3.32E-02	1.02E-02	No	No	No	No	No
EGFRNetmtKRAS-Lo	PRKCA	PRKCG	P17252	P05129	PRKCA_PRKCG	2.64	1.40	3.23E-02	3.93E-10	No	Yes	No	No	No
EGFRNetmtKRAS-Lo	PRKCA	HSPB1	P17252	P04792	PRKCA_HSPB1	1.84	0.88	4.00E-03	5.20E-05	Yes	No	No	No	No
EGFRNetmtKRAS-Lo	PRKCA	PRPSAP2	P17252	O60256	PRKCA_PRPSAP2	1.41	0.50	3.40E-02	1.39E-02	No	No	No	No	No
EGFRNetmtKRAS-Lo	PRKCB	MTO1	P05771	Q9Y2Z2	PRKCB_MTO1	1.85	0.88	1.78E-03	3.51E-03	No	No	No	No	No
EGFRNetmtKRAS-Lo	PRKCB	LEMD3	P05771	Q9Y2U8	PRKCB_LEMD3	1.56	0.64	4.69E-05	2.55E-02	No	No	No	No	No
EGFRNetmtKRAS-Lo	PRKCB	CPSF3	P05771	Q9UKF6	PRKCB_CPSF3	1.72	0.79	4.31E-03	8.15E-03	No	No	No	No	No
EGFRNetmtKRAS-Lo	PRKCB	STK39	P05771	Q9UEW8	PRKCB_STK39	1.70	0.76	1.83E-02	9.87E-03	No	No	No	No	No
EGFRNetmtKRAS-Lo	PRKCB	SLC25A10	P05771	Q9UBX3	PRKCB_SLC25A10	1.68	0.75	1.07E-02	1.12E-02	No	No	No	No	No
EGFRNetmtKRAS-Lo	PRKCB	DHCR7	P05771	Q9UBM7	PRKCB_DHCR7	1.85	0.89	3.61E-03	3.30E-03	No	No	No	No	No
EGFRNetmtKRAS-Lo	PRKCB	TECR	P05771	Q9NZ01	PRKCB_TECR	2.10	1.07	7.64E-04	5.68E-04	No	No	No	No	No
EGFRNetmtKRAS-Lo	PRKCB	FAM18B1	P05771	Q9NYZ1	PRKCB_FAM18B1	1.56	0.64	1.17E-02	2.55E-02	No	No	No	No	No
EGFRNetmtKRAS-Lo	PRKCB	C4ORF27	P05771	Q9NWY4	PRKCB_C4ORF27	2.06	1.04	2.86E-02	7.40E-04	No	No	No	No	No
EGFRNetmtKRAS-Lo	PRKCB	APOBEC3C	P05771	Q9NRW3	PRKCB_APOBEC3C	5.14	2.36	1.66E-02	3.86E-13	Yes	No	No	No	No
EGFRNetmtKRAS-Lo	PRKCB	PDLIM7	P05771	Q9NR12	PRKCB_PDLIM7	1.69	0.76	3.00E-02	1.04E-02	No	No	No	Yes	No
EGFRNetmtKRAS-Lo	PRKCB	MAGT1	P05771	Q9H0U3	PRKCB_MAGT1	1.50	0.59	8.36E-06	3.61E-02	No	No	No	No	No
EGFRNetmtKRAS-Lo	PRKCB	TSEN34	P05771	Q9BSV6	PRKCB_TSEN34	1.45	0.54	2.78E-06	4.87E-02	No	No	No	No	No
EGFRNetmtKRAS-Lo	PRKCB	GDF15	P05771	Q99988	PRKCB_GDF15	1.74	0.80	2.39E-04	7.48E-03	Yes	No	No	No	No
EGFRNetmtKRAS-Lo	PRKCB	TAMM41	P05771	Q96BW9	PRKCB_TAMM41	1.73	0.79	3.92E-03	7.87E-03	No	No	No	No	No
EGFRNetmtKRAS-Lo	PRKCB	HIST3H2A	P05771	Q7L7L0	PRKCB_HIST3H2A	1.97	0.98	1.32E-06	1.39E-03	No	No	No	No	No
EGFRNetmtKRAS-Lo	PRKCB	HIST1H2AB	P05771	P04908	PRKCB_HIST1H2AB	1.97	0.98	1.32E-06	1.39E-03	No	No	No	No	No
EGFRNetmtKRAS-Lo	PRKCB	HIST1H2AC	P05771	Q93077	PRKCB_HIST1H2AC	1.97	0.98	1.32E-06	1.39E-03	No	No	No	No	No
EGFRNetmtKRAS-Lo	PRKCB	RHPN1	P05771	Q8TCX5	PRKCB_RHPN1	1.63	0.70	3.86E-02	1.60E-02	No	No	No	No	No
EGFRNetmtKRAS-Lo	PRKCB	SRBD1	P05771	Q8N5C6	PRKCB_SRBD1	1.78	0.83	1.86E-02	5.45E-03	No	No	No	No	No
EGFRNetmtKRAS-Lo	PRKCB	KIAA1967	P05771	Q8N163	PRKCB_KIAA1967	1.46	0.55	6.31E-08	4.60E-02	No	No	No	No	No
EGFRNetmtKRAS-Lo	PRKCB	CCAR1	P05771	Q8IX12	PRKCB_CCAR1	1.87	0.90	1.44E-02	3.04E-03	No	No	No	No	No
EGFRNetmtKRAS-Lo	PRKCB	DOLPP1	P05771	Q86YN1	PRKCB_DOLPP1	1.48	0.57	2.72E-02	4.04E-02	No	No	No	No	No
EGFRNetmtKRAS-Lo	PRKCB	ZC3HC1	P05771	Q86WB0	PRKCB_ZC3HC1	1.50	0.58	2.40E-04	3.70E-02	No	No	No	No	No
EGFRNetmtKRAS-Lo	PRKCB	HUWE1	P05771	Q7Z6Z7	PRKCB_HUWE1	1.46	0.55	1.06E-07	4.70E-02	No	No	No	No	No
EGFRNetmtKRAS-Lo	PRKCB	HIST2H3A	P05771	Q71DI3	PRKCB_HIST2H3A	1.89	0.91	3.60E-05	2.63E-03	No	No	No	No	No
EGFRNetmtKRAS-Lo	PRKCB	HSDL2	P05771	Q6YN16	PRKCB_HSDL2	1.52	0.61	1.67E-02	3.14E-02	No	No	No	No	No
EGFRNetmtKRAS-Lo	PRKCB	HIST2H2AC	P05771	Q16777	PRKCB_HIST2H2AC	1.78	0.83	5.76E-08	5.53E-03	No	No	No	No	No
EGFRNetmtKRAS-Lo	PRKCB	HIST2H2AA3	P05771	Q6FI13	PRKCB_HIST2H2AA3	1.78	0.83	5.76E-08	5.53E-03	No	No	No	No	No
EGFRNetmtKRAS-Lo	PRKCB	LRRC16A	P05771	Q5VZK9	PRKCB_LRRC16A	1.63	0.70	3.30E-02	1.61E-02	No	No	No	No	No
EGFRNetmtKRAS-Lo	PRKCB	EML3	P05771	Q32P44	PRKCB_EML3	1.46	0.54	1.64E-02	4.78E-02	Yes	No	No	No	No
EGFRNetmtKRAS-Lo	PRKCB	CDC37	P05771	Q16543	PRKCB_CDC37	1.83	0.87	3.55E-03	3.92E-03	No	No	No	No	No
EGFRNetmtKRAS-Lo	PRKCB	MLF2	P05771	Q15773	PRKCB_MLF2	1.72	0.78	8.58E-06	8.60E-03	No	No	No	No	No
EGFRNetmtKRAS-Lo	PRKCB	TRIP13	P05771	Q15645	PRKCB_TRIP13	1.45	0.54	2.27E-02	4.95E-02	No	No	No	No	No
EGFRNetmtKRAS-Lo	PRKCB	ZNF638	P05771	Q14966	PRKCB_ZNF638	1.51	0.60	2.50E-02	3.32E-02	No	No	No	No	No
EGFRNetmtKRAS-Lo	PRKCB	LBR	P05771	Q14739	PRKCB_LBR	1.45	0.54	2.74E-07	4.93E-02	No	No	No	No	No
EGFRNetmtKRAS-Lo	PRKCB	UBXN1	P05771	Q04323	PRKCB_UBXN1	1.70	0.77	2.24E-02	9.47E-03	No	No	No	No	No
EGFRNetmtKRAS-Lo	PRKCB	MRPS6	P05771	P82932	PRKCB_MRPS6	1.79	0.84	3.56E-03	5.16E-03	No	No	No	No	No
EGFRNetmtKRAS-Lo	PRKCB	TUBA4A	P05771	P68366	PRKCB_TUBA4A	2.04	1.03	5.68E-03	8.35E-04	Yes	No	No	No	No
EGFRNetmtKRAS-Lo	PRKCB	UBB	P05771	P0CG47	PRKCB_UBB	1.90	0.92	2.41E-02	2.43E-03	No	No	No	No	No
EGFRNetmtKRAS-Lo	PRKCB	UBC	P05771	P0CG48	PRKCB_UBC	1.90	0.92	2.41E-02	2.43E-03	No	No	No	No	No
EGFRNetmtKRAS-Lo	PRKCB	UBA52	P05771	P62987	PRKCB_UBA52	1.90	0.92	2.41E-02	2.43E-03	No	No	No	No	No
EGFRNetmtKRAS-Lo	PRKCB	HIST1H4A	P05771	P62805	PRKCB_HIST1H4A	2.03	1.02	2.63E-07	9.10E-04	No	No	No	No	No
EGFRNetmtKRAS-Lo	PRKCB	ETF1	P05771	P62495	PRKCB_ETF1	1.50	0.59	3.30E-06	3.60E-02	No	No	No	No	No
EGFRNetmtKRAS-Lo	PRKCB	RPL15	P05771	P61313	PRKCB_RPL15	1.47	0.56	4.63E-07	4.35E-02	No	No	No	No	No
EGFRNetmtKRAS-Lo	PRKCB	SLC16A1	P05771	P53985	PRKCB_SLC16A1	1.51	0.60	4.62E-03	3.37E-02	No	No	No	No	No
EGFRNetmtKRAS-Lo	PRKCB	ARCN1	P05771	P48444	PRKCB_ARCN1	1.50	0.58	2.92E-07	3.72E-02	No	No	No	No	No
EGFRNetmtKRAS-Lo	PRKCB	RPL27A	P05771	P46776	PRKCB_RPL27A	1.54	0.62	2.88E-07	2.79E-02	No	No	No	No	No
EGFRNetmtKRAS-Lo	PRKCB	STAT1	P05771	P42224	PRKCB_STAT1	1.63	0.71	2.90E-07	1.55E-02	No	No	No	No	No
EGFRNetmtKRAS-Lo	PRKCB	AKT1	P05771	P31749	PRKCB_AKT1	1.46	0.55	7.73E-04	4.56E-02	No	No	No	Yes	No
EGFRNetmtKRAS-Lo	PRKCB	POLD1	P05771	P28340	PRKCB_POLD1	1.85	0.89	1.45E-02	3.41E-03	No	No	No	No	No
EGFRNetmtKRAS-Lo	PRKCB	EIF2S2	P05771	P20042	PRKCB_EIF2S2	1.47	0.56	2.01E-04	4.36E-02	No	No	No	No	No
EGFRNetmtKRAS-Lo	PRKCB	HIST1H1C	P05771	P16403	PRKCB_HIST1H1C	1.53	0.61	1.64E-02	3.03E-02	No	No	No	No	No
EGFRNetmtKRAS-Lo	PRKCB	SLC2A1	P05771	P11166	PRKCB_SLC2A1	1.72	0.79	2.17E-05	8.20E-03	No	No	No	No	No
EGFRNetmtKRAS-Lo	PRKCB	HIST1H1E	P05771	P10412	PRKCB_HIST1H1E	1.52	0.61	6.05E-03	3.15E-02	No	No	No	No	No
EGFRNetmtKRAS-Lo	PRKCB	H2AFJ	P05771	Q9BTM1	PRKCB_H2AFJ	1.55	0.64	8.45E-08	2.59E-02	No	No	No	No	No
EGFRNetmtKRAS-Lo	PRKCB	HIST1H2AD	P05771	P20671	PRKCB_HIST1H2AD	1.55	0.64	8.45E-08	2.59E-02	No	No	No	No	No
EGFRNetmtKRAS-Lo	PRKCB	HIST1H2AJ	P05771	Q99878	PRKCB_HIST1H2AJ	1.55	0.64	8.45E-08	2.59E-02	No	No	No	No	No
EGFRNetmtKRAS-Lo	PRKCB	HIST1H2AH	P05771	Q96KK5	PRKCB_HIST1H2AH	1.55	0.64	8.45E-08	2.59E-02	No	No	No	No	No
EGFRNetmtKRAS-Lo	PRKCB	HIST1H2AG	P05771	P0C0S8	PRKCB_HIST1H2AG	1.55	0.64	8.45E-08	2.59E-02	No	No	No	No	No
EGFRNetmtKRAS-Lo	PRKCB	CNP	P05771	P09543	PRKCB_CNP	1.46	0.55	4.96E-04	4.62E-02	Yes	No	No	No	No
EGFRNetmtKRAS-Lo	PRKCB	HIST1H2BB	P05771	P33778	PRKCB_HIST1H2BB	1.82	0.87	8.60E-07	4.13E-03	No	No	No	No	No
EGFRNetmtKRAS-Lo	PRKCB	HIST2H2BE	P05771	Q16778	PRKCB_HIST2H2BE	1.82	0.87	8.60E-07	4.13E-03	No	No	No	No	No
EGFRNetmtKRAS-Lo	PRKCB	HIST1H2BJ	P05771	P06899	PRKCB_HIST1H2BJ	1.82	0.87	8.60E-07	4.13E-03	No	No	No	No	No
EGFRNetmtKRAS-Lo	PRKCB	PRKCB	P05771	P05771	PRKCB_PRKCB	5.67	2.50	7.83E-13	1.58E-14	No	No	No	Yes	No
EGFRNetmtKRAS-Lo	PRKCB	HSPB1	P05771	P04792	PRKCB_HSPB1	1.68	0.75	4.81E-04	1.10E-02	Yes	No	No	No	No
EGFRNetmtKRAS-Lo	PRKCB	SEC24A	P05771	O95486	PRKCB_SEC24A	1.47	0.55	2.09E-03	4.50E-02	No	No	No	No	No
EGFRNetmtKRAS-Lo	PRKCB	RPS6KA4	P05771	O75676	PRKCB_RPS6KA4	1.75	0.81	3.33E-03	6.96E-03	No	No	No	No	No
EGFRNetmtKRAS-Lo	PRKCB	HIST1H2BL	P05771	Q99880	PRKCB_HIST1H2BL	1.76	0.82	5.10E-06	6.18E-03	No	No	No	No	No
EGFRNetmtKRAS-Lo	PRKCB	H2BFS	P05771	P57053	PRKCB_H2BFS	1.76	0.82	5.10E-06	6.18E-03	No	No	No	No	No
EGFRNetmtKRAS-Lo	PRKCB	HIST1H2BM	P05771	Q99879	PRKCB_HIST1H2BM	1.76	0.82	5.10E-06	6.18E-03	No	No	No	No	No
EGFRNetmtKRAS-Lo	PRKCB	HIST1H2BN	P05771	Q99877	PRKCB_HIST1H2BN	1.76	0.82	5.10E-06	6.18E-03	No	No	No	No	No
EGFRNetmtKRAS-Lo	PRKCB	HIST1H2BD	P05771	P58876	PRKCB_HIST1H2BD	1.76	0.82	5.10E-06	6.18E-03	No	No	No	No	No
EGFRNetmtKRAS-Lo	PRKCB	HIST1H2BC	P05771	P62807	PRKCB_HIST1H2BC	1.76	0.82	5.10E-06	6.18E-03	No	No	No	No	No
EGFRNetmtKRAS-Lo	PRKCB	HIST1H2BK	P05771	O60814	PRKCB_HIST1H2BK	1.76	0.82	5.10E-06	6.18E-03	No	No	No	No	No
EGFRNetmtKRAS-Lo	PRKCB	ICMT	P05771	O60725	PRKCB_ICMT	1.76	0.82	8.86E-05	6.29E-03	No	No	No	No	No
EGFRNetmtKRAS-Lo	PRKCB	TIMM44	P05771	O43615	PRKCB_TIMM44	1.72	0.78	4.63E-04	8.38E-03	No	No	No	No	No
EGFRNetmtKRAS-Lo	PRKCB	CHEK1	P05771	O14757	PRKCB_CHEK1	1.56	0.65	2.92E-03	2.41E-02	No	No	No	No	No
EGFRNetmtKRAS-Lo	PRKCE	DPP7	Q02156	Q9UHL4	PRKCE_DPP7	1.41	0.50	4.27E-03	3.12E-02	Yes	No	No	No	No
EGFRNetmtKRAS-Lo	PRKCE	HSP90AB2P	Q02156	Q58FF8	PRKCE_HSP90AB2P	1.36	0.45	4.78E-03	4.83E-02	No	No	No	No	No
EGFRNetmtKRAS-Lo	PRKCE	PCK2	Q02156	Q16822	PRKCE_PCK2	1.47	0.56	3.76E-02	1.86E-02	No	No	No	No	No
EGFRNetmtKRAS-Lo	PRKCE	CDC37	Q02156	Q16543	PRKCE_CDC37	2.89	1.53	1.06E-03	3.29E-09	No	No	No	No	No
EGFRNetmtKRAS-Lo	PRKCE	ECH1	Q02156	Q13011	PRKCE_ECH1	1.43	0.51	3.98E-03	2.75E-02	No	No	No	No	No
EGFRNetmtKRAS-Lo	PRKCE	PRKCE	Q02156	Q02156	PRKCE_PRKCE	7.38	2.88	2.68E-06	3.06E-28	Yes	No	No	Yes	No
EGFRNetmtKRAS-Lo	PRKCE	YWHAZ	Q02156	P63104	PRKCE_YWHAZ	1.53	0.62	7.68E-04	1.06E-02	No	No	No	Yes	No
EGFRNetmtKRAS-Lo	PRKCE	YWHAE	Q02156	P62258	PRKCE_YWHAE	1.43	0.52	1.39E-04	2.66E-02	No	No	No	No	No
EGFRNetmtKRAS-Lo	PRKCE	YWHAG	Q02156	P61981	PRKCE_YWHAG	1.89	0.92	1.42E-03	2.71E-04	No	No	No	No	No
EGFRNetmtKRAS-Lo	PRKCE	SHMT2	Q02156	P34897	PRKCE_SHMT2	1.40	0.49	2.46E-02	3.49E-02	No	No	No	No	No
EGFRNetmtKRAS-Lo	PRKCE	ATIC	Q02156	P31939	PRKCE_ATIC	1.43	0.51	3.67E-02	2.78E-02	No	No	No	No	No
EGFRNetmtKRAS-Lo	PRKCE	LAP3	Q02156	P28838	PRKCE_LAP3	1.42	0.51	2.64E-02	2.98E-02	No	No	No	No	No
EGFRNetmtKRAS-Lo	PRKCE	SLC25A6	Q02156	P12236	PRKCE_SLC25A6	1.49	0.58	2.48E-02	1.55E-02	No	No	No	No	No
EGFRNetmtKRAS-Lo	PRKCE	G6PD	Q02156	P11413	PRKCE_G6PD	1.41	0.50	1.40E-02	3.23E-02	Yes	No	No	No	No
EGFRNetmtKRAS-Lo	PRKCE	HSP90AB1	Q02156	P08238	PRKCE_HSP90AB1	1.41	0.50	2.64E-04	3.25E-02	No	No	No	Yes	No
EGFRNetmtKRAS-Lo	PRKCE	HSPB1	Q02156	P04792	PRKCE_HSPB1	2.04	1.03	4.86E-03	5.29E-05	Yes	No	No	No	No
EGFRNetmtKRAS-Lo	PRKCE	PAPSS1	Q02156	O43252	PRKCE_PAPSS1	1.44	0.52	3.12E-02	2.57E-02	No	No	No	No	No
EGFRNetmtKRAS-Lo	PRKCG	CDC37	P05129	Q16543	PRKCG_CDC37	2.50	1.32	1.56E-05	1.35E-07	No	No	No	No	No
EGFRNetmtKRAS-Lo	PRKCG	LTBP1	P05129	Q14766	PRKCG_LTBP1	1.68	0.75	3.10E-02	1.96E-03	No	No	No	No	No
EGFRNetmtKRAS-Lo	PRKCG	RCN2	P05129	Q14257	PRKCG_RCN2	1.52	0.60	4.74E-02	1.09E-02	No	No	No	No	No
EGFRNetmtKRAS-Lo	PRKCG	HSPA7	P05129	P48741	PRKCG_HSPA7	1.36	0.44	4.73E-02	4.89E-02	No	No	No	No	No
EGFRNetmtKRAS-Lo	PRKCG	HSPA6	P05129	P17066	PRKCG_HSPA6	1.36	0.44	4.73E-02	4.89E-02	No	No	No	No	No
EGFRNetmtKRAS-Lo	PRKCG	G6PD	P05129	P11413	PRKCG_G6PD	1.57	0.65	4.59E-02	6.35E-03	Yes	No	No	No	No
EGFRNetmtKRAS-Lo	PRKCG	PRKCG	P05129	P05129	PRKCG_PRKCG	7.33	2.87	5.69E-07	6.13E-30	Yes	No	No	Yes	No
EGFRNetmtKRAS-Lo	PRKCG	HSPB1	P05129	P04792	PRKCG_HSPB1	1.83	0.87	2.45E-02	3.70E-04	Yes	No	No	No	No
EGFRNetmtKRAS-Lo	PRKCI	DHCR7	P41743	Q9UBM7	PRKCI_DHCR7	1.65	0.72	3.94E-02	1.06E-02	No	No	No	No	No
EGFRNetmtKRAS-Lo	PRKCI	CAMSAP3	P41743	Q9P1Y5	PRKCI_CAMSAP3	2.06	1.04	2.54E-02	5.32E-04	Yes	No	No	No	No
EGFRNetmtKRAS-Lo	PRKCI	MRPL15	P41743	Q9P015	PRKCI_MRPL15	1.51	0.59	2.91E-02	2.82E-02	No	No	No	No	No
EGFRNetmtKRAS-Lo	PRKCI	MRPL39	P41743	Q9NYK5	PRKCI_MRPL39	1.48	0.56	1.57E-02	3.42E-02	No	No	No	No	No
EGFRNetmtKRAS-Lo	PRKCI	TMEM160	P41743	Q9NX00	PRKCI_TMEM160	3.58	1.84	9.40E-03	5.68E-09	No	No	No	No	Yes
EGFRNetmtKRAS-Lo	PRKCI	MRPS18A	P41743	Q9NVS2	PRKCI_MRPS18A	1.48	0.56	6.00E-03	3.44E-02	No	No	No	No	No
EGFRNetmtKRAS-Lo	PRKCI	MRPL47	P41743	Q9HD33	PRKCI_MRPL47	1.47	0.56	7.77E-03	3.52E-02	No	No	No	No	No
EGFRNetmtKRAS-Lo	PRKCI	PARD6B	P41743	Q9BYG5	PRKCI_PARD6B	5.05	2.34	1.84E-05	2.54E-13	No	Yes	Yes	Yes	Yes
EGFRNetmtKRAS-Lo	PRKCI	PARD6G	P41743	Q9BYG4	PRKCI_PARD6G	9.59	3.26	1.01E-03	5.27E-24	No	No	No	Yes	No
EGFRNetmtKRAS-Lo	PRKCI	MRPL45	P41743	Q9BRJ2	PRKCI_MRPL45	1.52	0.61	1.04E-02	2.54E-02	No	No	No	No	No
EGFRNetmtKRAS-Lo	PRKCI	MYBBP1A	P41743	Q9BQG0	PRKCI_MYBBP1A	1.44	0.52	1.94E-02	4.53E-02	No	No	No	No	No
EGFRNetmtKRAS-Lo	PRKCI	TCF25	P41743	Q9BQ70	PRKCI_TCF25	1.95	0.97	2.41E-03	1.15E-03	No	No	No	No	No
EGFRNetmtKRAS-Lo	PRKCI	NIPSNAP1	P41743	Q9BPW8	PRKCI_NIPSNAP1	3.74	1.90	4.73E-06	1.76E-09	No	No	No	Yes	Yes
EGFRNetmtKRAS-Lo	PRKCI	ERBB2IP	P41743	Q96RT1	PRKCI_ERBB2IP	2.88	1.53	3.49E-03	1.01E-06	No	No	No	No	No
EGFRNetmtKRAS-Lo	PRKCI	MRPL53	P41743	Q96EL3	PRKCI_MRPL53	2.63	1.40	9.13E-05	6.65E-06	No	No	No	No	No
EGFRNetmtKRAS-Lo	PRKCI	MRPL38	P41743	Q96DV4	PRKCI_MRPL38	1.48	0.56	1.36E-02	3.48E-02	No	No	No	No	No
EGFRNetmtKRAS-Lo	PRKCI	DHX38	P41743	Q92620	PRKCI_DHX38	1.74	0.80	2.82E-02	5.74E-03	No	No	No	No	No
EGFRNetmtKRAS-Lo	PRKCI	PARD3	P41743	Q8TEW0	PRKCI_PARD3	5.39	2.43	2.09E-06	2.97E-14	No	No	No	Yes	No
EGFRNetmtKRAS-Lo	PRKCI	MRPL43	P41743	Q8N983	PRKCI_MRPL43	1.45	0.54	3.95E-03	4.06E-02	No	No	No	No	No
EGFRNetmtKRAS-Lo	PRKCI	MRPL10	P41743	Q7Z7H8	PRKCI_MRPL10	3.44	1.78	1.64E-02	1.62E-08	No	No	No	No	No
EGFRNetmtKRAS-Lo	PRKCI	HUWE1	P41743	Q7Z6Z7	PRKCI_HUWE1	1.46	0.55	2.02E-02	3.79E-02	No	No	No	No	No
EGFRNetmtKRAS-Lo	PRKCI	LLGL2	P41743	Q6P1M3	PRKCI_LLGL2	4.14	2.05	4.35E-06	1.08E-10	Yes	Yes	No	Yes	No
EGFRNetmtKRAS-Lo	PRKCI	MRPL2	P41743	Q5T653	PRKCI_MRPL2	1.61	0.68	1.92E-02	1.44E-02	No	No	No	No	No
EGFRNetmtKRAS-Lo	PRKCI	TIMM50	P41743	Q3ZCQ8	PRKCI_TIMM50	2.46	1.30	1.51E-02	2.42E-05	No	No	No	No	No
EGFRNetmtKRAS-Lo	PRKCI	SLC35G1	P41743	Q2M3R5	PRKCI_SLC35G1	2.27	1.19	1.86E-03	1.02E-04	No	No	No	No	No
EGFRNetmtKRAS-Lo	PRKCI	CDC37	P41743	Q16543	PRKCI_CDC37	2.50	1.32	4.81E-06	1.81E-05	Yes	No	No	Yes	No
EGFRNetmtKRAS-Lo	PRKCI	MRPL23	P41743	Q16540	PRKCI_MRPL23	1.48	0.56	1.81E-02	3.46E-02	No	No	No	No	No
EGFRNetmtKRAS-Lo	PRKCI	LLGL1	P41743	Q15334	PRKCI_LLGL1	5.09	2.35	2.29E-06	2.08E-13	No	No	No	Yes	Yes
EGFRNetmtKRAS-Lo	PRKCI	RCN2	P41743	Q14257	PRKCI_RCN2	1.98	0.98	1.10E-04	9.74E-04	No	No	No	No	No
EGFRNetmtKRAS-Lo	PRKCI	KEAP1	P41743	Q14145	PRKCI_KEAP1	4.28	2.10	5.83E-05	4.09E-11	No	No	No	No	Yes
EGFRNetmtKRAS-Lo	PRKCI	SQSTM1	P41743	Q13501	PRKCI_SQSTM1	8.62	3.11	1.10E-08	5.36E-22	No	No	No	Yes	Yes
EGFRNetmtKRAS-Lo	PRKCI	DDX10	P41743	Q13206	PRKCI_DDX10	1.58	0.66	7.58E-03	1.73E-02	No	No	No	No	No
EGFRNetmtKRAS-Lo	PRKCI	MRPL28	P41743	Q13084	PRKCI_MRPL28	1.44	0.53	7.56E-03	4.27E-02	No	No	No	No	No
EGFRNetmtKRAS-Lo	PRKCI	C1QBP	P41743	Q07021	PRKCI_C1QBP	2.19	1.13	6.20E-07	2.01E-04	No	No	No	No	No
EGFRNetmtKRAS-Lo	PRKCI	PRKCZ	P41743	Q05513	PRKCI_PRKCZ	16.96	4.08	5.04E-07	2.19E-36	Yes	Yes	No	Yes	No
EGFRNetmtKRAS-Lo	PRKCI	MRPL12	P41743	P52815	PRKCI_MRPL12	2.37	1.24	8.67E-04	4.97E-05	No	No	No	No	No
EGFRNetmtKRAS-Lo	PRKCI	ALDH3A2	P41743	P51648	PRKCI_ALDH3A2	1.57	0.65	3.35E-03	1.90E-02	No	No	No	No	Yes
EGFRNetmtKRAS-Lo	PRKCI	PRKCI	P41743	P41743	PRKCI_PRKCI	6.91	2.79	5.89E-08	3.99E-18	Yes	No	No	No	Yes
EGFRNetmtKRAS-Lo	PRKCI	DNAJA1	P41743	P31689	PRKCI_DNAJA1	1.59	0.67	8.85E-04	1.60E-02	No	No	No	No	No
EGFRNetmtKRAS-Lo	PRKCI	CD44	P41743	P16070	PRKCI_CD44	1.56	0.64	7.95E-04	1.98E-02	No	Yes	No	No	No
EGFRNetmtKRAS-Lo	PRKCI	HSPB1	P41743	P04792	PRKCI_HSPB1	2.48	1.31	6.94E-04	2.10E-05	No	No	No	No	No
EGFRNetmtKRAS-Lo	PRKCI	BAG2	P41743	O95816	PRKCI_BAG2	3.02	1.60	1.59E-02	3.41E-07	Yes	No	No	No	No
EGFRNetmtKRAS-Lo	PRKCI	GBAS	P41743	O75323	PRKCI_GBAS	5.91	2.56	1.78E-07	1.32E-15	No	No	No	Yes	Yes
EGFRNetmtKRAS-Lo	PRKCI	DNAJA2	P41743	O60884	PRKCI_DNAJA2	1.69	0.76	1.54E-03	8.04E-03	No	No	No	No	No
EGFRNetmtKRAS-Lo	PRKCI	DPM1	P41743	O60762	PRKCI_DPM1	1.47	0.56	3.95E-02	3.59E-02	No	No	No	No	No
EGFRNetmtKRAS-Lo	PRKCI	POLRMT	P41743	O00411	PRKCI_POLRMT	1.77	0.83	7.63E-03	4.42E-03	No	No	No	No	No
EGFRNetmtKRAS-Lo	PRKCZ	VPRBP	Q05513	Q9Y4B6	PRKCZ_VPRBP	5.58	2.48	4.26E-08	3.92E-09	No	No	No	No	No
EGFRNetmtKRAS-Lo	PRKCZ	NOC2L	Q05513	Q9Y3T9	PRKCZ_NOC2L	1.86	0.90	2.27E-03	1.61E-02	No	No	No	No	No
EGFRNetmtKRAS-Lo	PRKCZ	CAMSAP3	Q05513	Q9P1Y5	PRKCZ_CAMSAP3	3.25	1.70	5.96E-06	3.35E-05	No	No	No	No	No
EGFRNetmtKRAS-Lo	PRKCZ	ITSN2	Q05513	Q9NZM3	PRKCZ_ITSN2	5.40	2.43	1.58E-02	7.32E-09	No	No	No	No	No
EGFRNetmtKRAS-Lo	PRKCZ	WDR26	Q05513	Q9H7D7	PRKCZ_WDR26	2.28	1.19	2.25E-03	2.46E-03	No	No	No	No	No
EGFRNetmtKRAS-Lo	PRKCZ	UBE2O	Q05513	Q9C0C9	PRKCZ_UBE2O	2.15	1.10	8.35E-04	4.55E-03	No	No	No	No	No
EGFRNetmtKRAS-Lo	PRKCZ	PARD6B	Q05513	Q9BYG5	PRKCZ_PARD6B	5.95	2.57	4.13E-08	1.09E-09	No	Yes	No	Yes	Yes
EGFRNetmtKRAS-Lo	PRKCZ	PARD6G	Q05513	Q9BYG4	PRKCZ_PARD6G	8.96	3.16	5.38E-04	1.05E-13	No	Yes	No	Yes	No
EGFRNetmtKRAS-Lo	PRKCZ	DDA1	Q05513	Q9BW61	PRKCZ_DDA1	5.06	2.34	1.49E-05	2.50E-08	No	No	No	No	No
EGFRNetmtKRAS-Lo	PRKCZ	TUBB6	Q05513	Q9BUF5	PRKCZ_TUBB6	1.80	0.84	1.37E-02	2.19E-02	No	No	No	No	No
EGFRNetmtKRAS-Lo	PRKCZ	NIPSNAP1	Q05513	Q9BPW8	PRKCZ_NIPSNAP1	3.88	1.96	2.94E-03	2.44E-06	No	No	No	No	No
EGFRNetmtKRAS-Lo	PRKCZ	NAP1L4	Q05513	Q99733	PRKCZ_NAP1L4	1.71	0.78	2.65E-04	3.11E-02	No	No	No	No	No
EGFRNetmtKRAS-Lo	PRKCZ	MRPL53	Q05513	Q96EL3	PRKCZ_MRPL53	2.02	1.01	1.59E-02	8.11E-03	No	No	No	No	No
EGFRNetmtKRAS-Lo	PRKCZ	GLG1	Q05513	Q92896	PRKCZ_GLG1	1.63	0.70	4.42E-02	4.49E-02	No	No	No	No	No
EGFRNetmtKRAS-Lo	PRKCZ	PARD3	Q05513	Q8TEW0	PRKCZ_PARD3	7.66	2.94	2.12E-04	4.46E-12	Yes	No	No	Yes	No
EGFRNetmtKRAS-Lo	PRKCZ	WWC1	Q05513	Q8IX03	PRKCZ_WWC1	3.73	1.90	1.17E-04	4.48E-06	No	Yes	No	Yes	No
EGFRNetmtKRAS-Lo	PRKCZ	PPFIBP1	Q05513	Q86W92	PRKCZ_PPFIBP1	2.35	1.23	7.46E-03	1.83E-03	No	No	No	No	No
EGFRNetmtKRAS-Lo	PRKCZ	HUWE1	Q05513	Q7Z6Z7	PRKCZ_HUWE1	2.01	1.01	1.86E-02	8.34E-03	No	No	No	No	No
EGFRNetmtKRAS-Lo	PRKCZ	LLGL2	Q05513	Q6P1M3	PRKCZ_LLGL2	8.55	3.10	3.31E-09	3.33E-13	No	Yes	No	Yes	No
EGFRNetmtKRAS-Lo	PRKCZ	TIMM50	Q05513	Q3ZCQ8	PRKCZ_TIMM50	3.40	1.76	2.15E-03	1.81E-05	No	No	No	No	No
EGFRNetmtKRAS-Lo	PRKCZ	SLC35G1	Q05513	Q2M3R5	PRKCZ_SLC35G1	2.93	1.55	1.88E-02	1.37E-04	No	No	No	No	No
EGFRNetmtKRAS-Lo	PRKCZ	CDC37	Q05513	Q16543	PRKCZ_CDC37	3.06	1.61	2.94E-09	7.68E-05	No	No	No	No	No
EGFRNetmtKRAS-Lo	PRKCZ	DDB1	Q05513	Q16531	PRKCZ_DDB1	2.21	1.14	3.94E-08	3.43E-03	No	No	No	No	No
EGFRNetmtKRAS-Lo	PRKCZ	LLGL1	Q05513	Q15334	PRKCZ_LLGL1	8.93	3.16	4.04E-08	1.14E-13	No	Yes	No	Yes	No
EGFRNetmtKRAS-Lo	PRKCZ	FAT1	Q05513	Q14517	PRKCZ_FAT1	2.24	1.16	2.19E-02	3.04E-03	Yes	No	No	No	No
EGFRNetmtKRAS-Lo	PRKCZ	RCN2	Q05513	Q14257	PRKCZ_RCN2	3.33	1.74	4.80E-06	2.40E-05	No	No	No	No	No
EGFRNetmtKRAS-Lo	PRKCZ	KEAP1	Q05513	Q14145	PRKCZ_KEAP1	3.12	1.64	4.71E-05	5.92E-05	No	No	No	No	No
EGFRNetmtKRAS-Lo	PRKCZ	SQSTM1	Q05513	Q13501	PRKCZ_SQSTM1	7.11	2.83	4.94E-07	2.45E-11	No	Yes	No	Yes	No
EGFRNetmtKRAS-Lo	PRKCZ	TRIM26	Q05513	Q12899	PRKCZ_TRIM26	6.95	2.80	1.44E-02	3.97E-11	No	No	No	No	No
EGFRNetmtKRAS-Lo	PRKCZ	C1QBP	Q05513	Q07021	PRKCZ_C1QBP	5.18	2.37	2.18E-10	1.65E-08	No	No	No	Yes	No
EGFRNetmtKRAS-Lo	PRKCZ	PRKCZ	Q05513	Q05513	PRKCZ_PRKCZ	8.68	3.12	2.10E-08	2.32E-13	Yes	No	No	Yes	Yes
EGFRNetmtKRAS-Lo	PRKCZ	CSNK2A1	Q05513	P68400	PRKCZ_HCG21984	3.74	1.90	8.00E-10	4.36E-06	No	No	No	Yes	No
EGFRNetmtKRAS-Lo	PRKCZ	CSNK2A1	Q05513	P68400	PRKCZ_CSNK2A1	3.74	1.90	8.00E-10	4.36E-06	No	No	No	Yes	No
EGFRNetmtKRAS-Lo	PRKCZ	CSNK2B	Q05513	P67870	PRKCZ_CSNK2B	3.58	1.84	3.77E-08	8.24E-06	No	No	No	Yes	No
EGFRNetmtKRAS-Lo	PRKCZ	PSME3	Q05513	P61289	PRKCZ_PSME3	5.02	2.33	2.04E-04	2.90E-08	No	No	No	No	No
EGFRNetmtKRAS-Lo	PRKCZ	NAP1L1	Q05513	P55209	PRKCZ_NAP1L1	2.05	1.04	7.95E-08	6.86E-03	No	No	No	No	No
EGFRNetmtKRAS-Lo	PRKCZ	MRPL12	Q05513	P52815	PRKCZ_MRPL12	2.14	1.10	1.50E-02	4.64E-03	No	No	No	No	No
EGFRNetmtKRAS-Lo	PRKCZ	CPT1A	Q05513	P50416	PRKCZ_CPT1A	1.89	0.92	2.88E-02	1.46E-02	No	No	No	No	No
EGFRNetmtKRAS-Lo	PRKCZ	DNAJA1	Q05513	P31689	PRKCZ_DNAJA1	2.12	1.08	1.37E-04	5.21E-03	No	No	No	No	No
EGFRNetmtKRAS-Lo	PRKCZ	POLD1	Q05513	P28340	PRKCZ_POLD1	1.76	0.82	1.14E-02	2.55E-02	No	No	No	No	No
EGFRNetmtKRAS-Lo	PRKCZ	FBL	Q05513	P22087	PRKCZ_FBL	5.51	2.46	2.09E-02	4.97E-09	No	No	No	No	No
EGFRNetmtKRAS-Lo	PRKCZ	PRKACA	Q05513	P17612	PRKCZ_PRKACA	1.91	0.93	2.35E-02	1.32E-02	No	No	No	No	No
EGFRNetmtKRAS-Lo	PRKCZ	PRKAR1A	Q05513	P10644	PRKCZ_PRKAR1A	2.21	1.14	2.75E-05	3.43E-03	No	No	No	No	No
EGFRNetmtKRAS-Lo	PRKCZ	NPM1	Q05513	P06748	PRKCZ_NPM1	2.17	1.12	3.40E-08	4.08E-03	No	No	No	Yes	No
EGFRNetmtKRAS-Lo	PRKCZ	HSPB1	Q05513	P04792	PRKCZ_HSPB1	2.51	1.33	1.15E-04	8.85E-04	No	No	No	No	No
EGFRNetmtKRAS-Lo	PRKCZ	ADH1C	Q05513	P00326	PRKCZ_ADH1C	8.11	3.02	4.06E-03	1.17E-12	Yes	No	No	No	No
EGFRNetmtKRAS-Lo	PRKCZ	AIFM1	Q05513	O95831	PRKCZ_AIFM1	1.61	0.69	6.54E-04	4.79E-02	No	No	No	No	No
EGFRNetmtKRAS-Lo	PRKCZ	BAG2	Q05513	O95816	PRKCZ_BAG2	4.29	2.10	2.30E-03	4.80E-07	No	No	No	No	No
EGFRNetmtKRAS-Lo	PRKCZ	NPM3	Q05513	O75607	PRKCZ_NPM3	1.97	0.98	2.88E-05	9.86E-03	No	No	No	No	No
EGFRNetmtKRAS-Lo	PRKCZ	GBAS	Q05513	O75323	PRKCZ_GBAS	5.82	2.54	1.35E-04	1.65E-09	No	Yes	No	No	No
EGFRNetmtKRAS-Lo	PRKCZ	DNAJA2	Q05513	O60884	PRKCZ_DNAJA2	2.17	1.12	1.30E-03	4.07E-03	No	No	No	No	No
EGFRNetmtKRAS-Lo	PRKCZ	CALU	Q05513	O43852	PRKCZ_CALU	1.78	0.83	2.13E-03	2.34E-02	No	No	No	No	No
EGFRNetmtKRAS-Lo	PRKCZ	POLRMT	Q05513	O00411	PRKCZ_POLRMT	2.25	1.17	2.54E-04	2.87E-03	Yes	No	No	No	No
EGFRNetmtKRAS-Lo	PRKD1	MYO5A	Q15139	Q9Y4I1	PRKD1_MYO5A	2.44	1.29	2.88E-04	4.56E-03	Yes	No	No	No	No
EGFRNetmtKRAS-Lo	PRKD1	PKP3	Q15139	Q9Y446	PRKD1_PKP3	3.83	1.94	5.61E-04	3.84E-05	Yes	No	No	No	No
EGFRNetmtKRAS-Lo	PRKD1	MRTO4	Q15139	Q9UKD2	PRKD1_MRTO4	1.88	0.91	4.38E-03	3.43E-02	Yes	No	No	No	No
EGFRNetmtKRAS-Lo	PRKD1	LAMTOR3	Q15139	Q9UHA4	PRKD1_LAMTOR3	3.65	1.87	7.62E-06	7.04E-05	Yes	No	No	No	No
EGFRNetmtKRAS-Lo	PRKD1	TOMM22	Q15139	Q9NS69	PRKD1_TOMM22	2.44	1.29	1.26E-02	4.54E-03	Yes	No	No	No	No
EGFRNetmtKRAS-Lo	PRKD1	DDX21	Q15139	Q9NR30	PRKD1_DDX21	3.19	1.67	3.90E-02	3.30E-04	No	No	No	No	No
EGFRNetmtKRAS-Lo	PRKD1	MYO5C	Q15139	Q9NQX4	PRKD1_MYO5C	2.98	1.58	4.45E-02	6.69E-04	Yes	No	No	No	No
EGFRNetmtKRAS-Lo	PRKD1	MMTAG2	Q15139	Q9BU76	PRKD1_MMTAG2	2.14	1.10	1.25E-04	1.35E-02	Yes	No	No	No	No
EGFRNetmtKRAS-Lo	PRKD1	TMEM43	Q15139	Q9BTV4	PRKD1_TMEM43	2.59	1.37	3.29E-02	2.65E-03	Yes	No	No	No	No
EGFRNetmtKRAS-Lo	PRKD1	GDF15	Q15139	Q99988	PRKD1_GDF15	1.85	0.89	5.44E-06	3.69E-02	Yes	No	No	No	No
EGFRNetmtKRAS-Lo	PRKD1	POP1	Q15139	Q99575	PRKD1_POP1	2.99	1.58	3.15E-05	6.64E-04	Yes	No	No	No	No
EGFRNetmtKRAS-Lo	PRKD1	UHRF1	Q15139	Q96T88	PRKD1_UHRF1	3.67	1.87	1.66E-02	6.57E-05	Yes	No	No	No	No
EGFRNetmtKRAS-Lo	PRKD1	EFHD2	Q15139	Q96C19	PRKD1_EFHD2	2.62	1.39	9.27E-03	2.44E-03	Yes	No	No	No	No
EGFRNetmtKRAS-Lo	PRKD1	PRKCDBP	Q15139	Q969G5	PRKD1_PRKCDBP	2.28	1.19	4.74E-03	8.18E-03	Yes	No	No	No	No
EGFRNetmtKRAS-Lo	PRKD1	ATP6V0A1	Q15139	Q93050	PRKD1_ATP6V0A1	4.43	2.15	4.25E-02	5.74E-06	Yes	No	No	No	No
EGFRNetmtKRAS-Lo	PRKD1	UPF1	Q15139	Q92900	PRKD1_UPF1	2.17	1.12	1.56E-02	1.22E-02	No	No	No	No	No
EGFRNetmtKRAS-Lo	PRKD1	SMPDL3B	Q15139	Q92485	PRKD1_SMPDL3B	4.11	2.04	1.24E-02	1.58E-05	Yes	No	No	No	No
EGFRNetmtKRAS-Lo	PRKD1	KIAA1967	Q15139	Q8N163	PRKD1_KIAA1967	1.97	0.98	4.48E-05	2.43E-02	Yes	No	No	No	No
EGFRNetmtKRAS-Lo	PRKD1	APOBEC3F	Q15139	Q8IUX4	PRKD1_APOBEC3F	2.19	1.13	3.57E-04	1.12E-02	Yes	No	No	No	No
EGFRNetmtKRAS-Lo	PRKD1	DHX30	Q15139	Q7L2E3	PRKD1_DHX30	1.86	0.90	7.56E-03	3.58E-02	No	No	No	No	No
EGFRNetmtKRAS-Lo	PRKD1	FAM83H	Q15139	Q6ZRV2	PRKD1_FAM83H	2.63	1.39	3.96E-02	2.36E-03	Yes	No	No	No	No
EGFRNetmtKRAS-Lo	PRKD1	IMMT	Q15139	Q16891	PRKD1_IMMT	1.81	0.85	3.86E-02	4.36E-02	No	No	No	No	No
EGFRNetmtKRAS-Lo	PRKD1	DBN1	Q15139	Q16643	PRKD1_DBN1	4.42	2.14	2.10E-02	5.95E-06	No	No	No	No	No
EGFRNetmtKRAS-Lo	PRKD1	ZYX	Q15139	Q15942	PRKD1_ZYX	3.69	1.88	3.80E-06	6.10E-05	Yes	No	No	No	No
EGFRNetmtKRAS-Lo	PRKD1	NONO	Q15139	Q15233	PRKD1_NONO	3.23	1.69	2.95E-02	2.89E-04	No	No	No	No	No
EGFRNetmtKRAS-Lo	PRKD1	PLEC	Q15139	Q15149	PRKD1_PLEC	4.59	2.20	1.83E-06	3.51E-06	Yes	No	No	No	No
EGFRNetmtKRAS-Lo	PRKD1	PRKD1	Q15139	Q15139	PRKD1_PRKD1	4.81	2.26	2.16E-11	1.81E-06	No	No	No	Yes	No
EGFRNetmtKRAS-Lo	PRKD1	USP10	Q15139	Q14694	PRKD1_USP10	2.13	1.09	2.23E-02	1.40E-02	No	No	No	No	No
EGFRNetmtKRAS-Lo	PRKD1	ITPR3	Q15139	Q14573	PRKD1_ITPR3	2.39	1.25	1.00E-02	5.56E-03	Yes	No	No	No	No
EGFRNetmtKRAS-Lo	PRKD1	DSG2	Q15139	Q14126	PRKD1_DSG2	2.35	1.23	1.30E-02	6.34E-03	No	No	No	No	No
EGFRNetmtKRAS-Lo	PRKD1	G3BP1	Q15139	Q13283	PRKD1_G3BP1	1.94	0.96	1.01E-02	2.71E-02	Yes	No	No	No	No
EGFRNetmtKRAS-Lo	PRKD1	RPL18	Q15139	Q07020	PRKD1_RPL18	1.77	0.82	9.40E-03	4.95E-02	No	No	No	No	No
EGFRNetmtKRAS-Lo	PRKD1	SRSF2	Q15139	Q01130	PRKD1_SRSF2	2.69	1.43	2.18E-02	1.88E-03	Yes	No	No	No	No
EGFRNetmtKRAS-Lo	PRKD1	GNAI1	Q15139	P63096	PRKD1_GNAI1	3.31	1.73	1.33E-03	2.15E-04	No	No	No	No	No
EGFRNetmtKRAS-Lo	PRKD1	GNB2	Q15139	P62879	PRKD1_GNB2	2.06	1.04	3.57E-02	1.78E-02	No	No	No	No	No
EGFRNetmtKRAS-Lo	PRKD1	GNB1	Q15139	P62873	PRKD1_GNB1	1.85	0.89	1.84E-02	3.73E-02	No	No	No	No	No
EGFRNetmtKRAS-Lo	PRKD1	CALM1	Q15139	P62158	PRKD1_CALM1	1.85	0.89	1.99E-02	3.71E-02	No	No	No	No	No
EGFRNetmtKRAS-Lo	PRKD1	PPP1CA	Q15139	P62136	PRKD1_PPP1CA	2.12	1.09	1.68E-02	1.43E-02	Yes	No	No	No	No
EGFRNetmtKRAS-Lo	PRKD1	FXR2	Q15139	P51116	PRKD1_FXR2	7.52	2.91	7.71E-03	1.19E-09	Yes	No	No	No	No
EGFRNetmtKRAS-Lo	PRKD1	FXR1	Q15139	P51114	PRKD1_FXR1	3.36	1.75	1.17E-02	1.81E-04	Yes	No	No	No	No
EGFRNetmtKRAS-Lo	PRKD1	RPL14	Q15139	P50914	PRKD1_RPL14	1.95	0.96	7.94E-03	2.64E-02	No	No	No	No	No
EGFRNetmtKRAS-Lo	PRKD1	CRIP1	Q15139	P50238	PRKD1_CRIP1	3.56	1.83	2.09E-06	9.28E-05	Yes	No	No	No	No
EGFRNetmtKRAS-Lo	PRKD1	CSNK1A1L	Q15139	Q8N752	PRKD1_CSNK1A1L	2.72	1.44	1.18E-02	1.70E-03	Yes	No	No	No	No
EGFRNetmtKRAS-Lo	PRKD1	CSNK1A1	Q15139	P48729	PRKD1_CSNK1A1	2.72	1.44	1.18E-02	1.70E-03	Yes	No	No	No	No
EGFRNetmtKRAS-Lo	PRKD1	ALDH1A3	Q15139	P47895	PRKD1_ALDH1A3	1.95	0.97	4.71E-02	2.62E-02	Yes	No	No	No	No
EGFRNetmtKRAS-Lo	PRKD1	ATP6V1A	Q15139	P38606	PRKD1_ATP6V1A	1.83	0.87	2.60E-02	4.05E-02	No	No	No	No	No
EGFRNetmtKRAS-Lo	PRKD1	RPL4	Q15139	P36578	PRKD1_RPL4	1.82	0.87	1.63E-05	4.14E-02	Yes	No	No	No	No
EGFRNetmtKRAS-Lo	PRKD1	FUS	Q15139	P35637	PRKD1_FUS	1.77	0.82	2.49E-02	4.96E-02	No	No	No	No	No
EGFRNetmtKRAS-Lo	PRKD1	GTF2F1	Q15139	P35269	PRKD1_GTF2F1	2.24	1.16	4.82E-03	9.48E-03	Yes	No	No	No	No
EGFRNetmtKRAS-Lo	PRKD1	CMPK1	Q15139	P30085	PRKD1_CMPK1	2.09	1.06	1.13E-02	1.60E-02	No	No	No	No	No
EGFRNetmtKRAS-Lo	PRKD1	SSFA2	Q15139	P28290	PRKD1_SSFA2	2.55	1.35	6.58E-03	3.14E-03	No	No	No	No	No
EGFRNetmtKRAS-Lo	PRKD1	ABCD3	Q15139	P28288	PRKD1_ABCD3	1.93	0.95	2.56E-03	2.84E-02	Yes	No	No	No	No
EGFRNetmtKRAS-Lo	PRKD1	SFPQ	Q15139	P23246	PRKD1_SFPQ	4.06	2.02	2.55E-02	1.83E-05	No	No	No	No	No
EGFRNetmtKRAS-Lo	PRKD1	HNRNPA2B1	Q15139	P22626	PRKD1_HNRNPA2B1	1.87	0.90	4.37E-02	3.49E-02	No	No	No	No	No
EGFRNetmtKRAS-Lo	PRKD1	DSP	Q15139	P15924	PRKD1_DSP	3.04	1.61	2.85E-02	5.42E-04	No	No	No	No	No
EGFRNetmtKRAS-Lo	PRKD1	COX6B1	Q15139	P14854	PRKD1_COX6B1	4.90	2.29	1.04E-02	1.37E-06	Yes	No	No	No	No
EGFRNetmtKRAS-Lo	PRKD1	COX4I1	Q15139	P13073	PRKD1_COX4I1	2.95	1.56	7.81E-05	7.44E-04	Yes	No	No	No	No
EGFRNetmtKRAS-Lo	PRKD1	COX6C	Q15139	P09669	PRKD1_COX6C	3.03	1.60	3.87E-02	5.61E-04	Yes	No	No	No	No
EGFRNetmtKRAS-Lo	PRKD1	YES1	Q15139	P07947	PRKD1_YES1	5.77	2.53	9.98E-03	1.14E-07	Yes	No	No	No	No
EGFRNetmtKRAS-Lo	PRKD1	TPM3	Q15139	P06753	PRKD1_TPM3	2.36	1.24	9.07E-03	6.06E-03	No	No	No	No	No
EGFRNetmtKRAS-Lo	PRKD1	GNAI2	Q15139	P04899	PRKD1_GNAI2	2.84	1.51	9.91E-04	1.10E-03	Yes	No	No	No	No
EGFRNetmtKRAS-Lo	PRKD1	HSPB1	Q15139	P04792	PRKD1_HSPB1	1.78	0.84	1.22E-04	4.73E-02	Yes	No	No	Yes	No
EGFRNetmtKRAS-Lo	PRKD1	PRNP	Q15139	P04156	PRKD1_PRNP	2.95	1.56	1.68E-05	7.57E-04	Yes	No	No	No	No
EGFRNetmtKRAS-Lo	PRKD1	PLAU	Q15139	P00749	PRKD1_PLAU	2.51	1.33	1.40E-02	3.60E-03	No	No	No	No	No
EGFRNetmtKRAS-Lo	PRKD1	MT-CO1	Q15139	P00395	PRKD1_MT-CO1	1.85	0.88	1.19E-02	3.81E-02	Yes	No	No	No	No
EGFRNetmtKRAS-Lo	PRKD1	SVIL	Q15139	O95425	PRKD1_SVIL	1.80	0.85	4.29E-03	4.44E-02	Yes	No	No	No	No
EGFRNetmtKRAS-Lo	PRKD1	MYO1D	Q15139	O94832	PRKD1_MYO1D	4.36	2.12	1.26E-02	7.19E-06	Yes	No	No	No	No
EGFRNetmtKRAS-Lo	PRKD1	PPM1B	Q15139	O75688	PRKD1_PPM1B	1.82	0.86	2.06E-02	4.18E-02	No	No	No	No	No
EGFRNetmtKRAS-Lo	PRKD1	RBMXL2	Q15139	O75526	PRKD1_RBMXL2	2.51	1.32	4.53E-02	3.62E-03	Yes	No	No	No	No
EGFRNetmtKRAS-Lo	PRKD1	PPL	Q15139	O60437	PRKD1_PPL	2.90	1.53	3.39E-02	9.09E-04	No	No	No	No	No
EGFRNetmtKRAS-Lo	PRKD1	MYO1B	Q15139	O43795	PRKD1_MYO1B	3.58	1.84	1.67E-03	8.75E-05	Yes	No	No	No	No
EGFRNetmtKRAS-Lo	PRKD1	CCP110	Q15139	O43303	PRKD1_CCP110	1.93	0.95	3.16E-03	2.87E-02	Yes	No	No	No	No
EGFRNetmtKRAS-Lo	PRKD1	HNRPDL	Q15139	O14979	PRKD1_HNRPDL	2.03	1.02	1.35E-02	1.98E-02	Yes	No	No	No	No
EGFRNetmtKRAS-Lo	PRKD1	MGST3	Q15139	O14880	PRKD1_MGST3	2.07	1.05	2.70E-02	1.71E-02	Yes	No	No	No	No
EGFRNetmtKRAS-Lo	PRKD1	LAD1	Q15139	O00515	PRKD1_LAD1	3.54	1.82	8.29E-03	1.01E-04	Yes	No	No	No	No
EGFRNetmtKRAS-Lo	PRKD1	CLIC1	Q15139	O00299	PRKD1_CLIC1	1.94	0.96	3.52E-03	2.72E-02	No	No	No	No	No
EGFRNetmtKRAS-Lo	PRKD1	MYO1C	Q15139	O00159	PRKD1_MYO1C	2.19	1.13	3.83E-02	1.12E-02	No	No	No	No	No
EGFRNetmtKRAS-Lo	PTK6	YTHDF3	Q13882	Q7Z739	PTK6_YTHDF3	1.54	0.63	4.93E-02	1.36E-02	No	No	No	No	No
EGFRNetmtKRAS-Lo	PTK6	YTHDF2	Q13882	Q9Y5A9	PTK6_YTHDF2	1.54	0.63	4.93E-02	1.36E-02	No	No	No	No	No
EGFRNetmtKRAS-Lo	PTK6	TECR	Q13882	Q9NZ01	PTK6_TECR	2.80	1.48	5.39E-04	1.33E-07	Yes	No	No	No	No
EGFRNetmtKRAS-Lo	PTK6	ATAD3A	Q13882	Q9NVI7	PTK6_ATAD3A	1.63	0.71	1.12E-02	6.68E-03	No	No	No	No	No
EGFRNetmtKRAS-Lo	PTK6	CCT7	Q13882	Q99832	PTK6_CCT7	14.14	3.82	9.33E-09	6.35E-40	Yes	No	No	No	No
EGFRNetmtKRAS-Lo	PTK6	DDX17	Q13882	Q92841	PTK6_DDX17	1.54	0.62	2.50E-02	1.45E-02	No	No	No	No	No
EGFRNetmtKRAS-Lo	PTK6	CDC37	Q13882	Q16543	PTK6_CDC37	10.37	3.37	3.78E-04	1.37E-31	No	No	No	No	No
EGFRNetmtKRAS-Lo	PTK6	PTK6	Q13882	Q13882	PTK6_PTK6	26.81	4.74	3.43E-06	2.56E-60	Yes	No	No	Yes	No
EGFRNetmtKRAS-Lo	PTK6	CCT2	Q13882	P78371	PTK6_CCT2	13.51	3.76	2.89E-07	1.27E-38	Yes	No	No	No	No
EGFRNetmtKRAS-Lo	PTK6	TUBB4B	Q13882	P68371	PTK6_TUBB4B	1.52	0.61	2.98E-04	1.62E-02	No	No	No	No	No
EGFRNetmtKRAS-Lo	PTK6	TUBA4A	Q13882	P68366	PTK6_TUBA4A	1.68	0.74	1.92E-05	4.54E-03	No	No	No	No	No
EGFRNetmtKRAS-Lo	PTK6	TUBA1B	Q13882	P68363	PTK6_TUBA1B	1.68	0.74	1.92E-05	4.54E-03	No	No	No	No	No
EGFRNetmtKRAS-Lo	PTK6	SLC25A1	Q13882	P53007	PTK6_SLC25A1	2.33	1.22	4.23E-03	1.07E-05	Yes	No	No	No	No
EGFRNetmtKRAS-Lo	PTK6	HNRNPM	Q13882	P52272	PTK6_HNRNPM	1.63	0.70	5.15E-03	6.76E-03	No	No	No	No	No
EGFRNetmtKRAS-Lo	PTK6	CCT4	Q13882	P50991	PTK6_CCT4	12.26	3.62	2.64E-07	5.70E-36	Yes	No	No	Yes	No
EGFRNetmtKRAS-Lo	PTK6	CCT8	Q13882	P50990	PTK6_CCT8	14.21	3.83	8.17E-08	4.69E-40	Yes	No	No	Yes	No
EGFRNetmtKRAS-Lo	PTK6	CCT3	Q13882	P49368	PTK6_CCT3	12.92	3.69	2.96E-07	2.15E-37	Yes	No	No	Yes	No
EGFRNetmtKRAS-Lo	PTK6	CCT5	Q13882	P48643	PTK6_CCT5	12.20	3.61	7.97E-07	7.97E-36	Yes	No	No	No	No
EGFRNetmtKRAS-Lo	PTK6	CCT6A	Q13882	P40227	PTK6_CCT6A	11.80	3.56	9.97E-08	6.14E-35	Yes	No	No	No	No
EGFRNetmtKRAS-Lo	PTK6	HSPA9	Q13882	P38646	PTK6_HSPA9	2.21	1.15	3.15E-02	3.30E-05	Yes	No	No	No	No
EGFRNetmtKRAS-Lo	PTK6	DNAJA1	Q13882	P31689	PTK6_DNAJA1	1.69	0.76	7.14E-04	3.90E-03	Yes	No	No	No	No
EGFRNetmtKRAS-Lo	PTK6	TCP1	Q13882	P17987	PTK6_TCP1	12.84	3.68	3.71E-08	3.21E-37	Yes	No	No	Yes	No
EGFRNetmtKRAS-Lo	PTK6	HSPA6	Q13882	P17066	PTK6_HSPA6	2.09	1.07	1.37E-03	1.02E-04	No	No	No	No	No
EGFRNetmtKRAS-Lo	PTK6	HSPA8	Q13882	P11142	PTK6_HSPA8	4.38	2.13	2.98E-07	8.49E-14	Yes	No	No	No	No
EGFRNetmtKRAS-Lo	PTK6	HSPA5	Q13882	P11021	PTK6_HSPA5	2.06	1.05	1.15E-05	1.36E-04	No	No	No	No	No
EGFRNetmtKRAS-Lo	PTK6	HSPD1	Q13882	P10809	PTK6_HSPD1	15.63	3.97	1.74E-08	7.90E-43	Yes	No	No	No	No
EGFRNetmtKRAS-Lo	PTK6	PRKAR1A	Q13882	P10644	PTK6_PRKAR1A	1.43	0.51	2.97E-02	3.50E-02	No	No	No	No	No
EGFRNetmtKRAS-Lo	PTK6	HSP90AB3P	Q13882	Q58FF7	PTK6_HSP90AB3P	5.03	2.33	2.91E-07	4.13E-16	Yes	No	No	No	No
EGFRNetmtKRAS-Lo	PTK6	HSP90AB1	Q13882	P08238	PTK6_HSP90AB1	5.03	2.33	2.91E-07	4.13E-16	Yes	No	No	Yes	No
EGFRNetmtKRAS-Lo	PTK6	HSPA1A	Q13882	P08107	PTK6_HSPA1A	3.65	1.87	2.86E-03	4.89E-11	Yes	No	No	No	No
EGFRNetmtKRAS-Lo	PTK6	HNRNPCL1	Q13882	O60812	PTK6_HNRNPCL1	1.46	0.54	4.23E-02	2.76E-02	No	No	No	No	No
EGFRNetmtKRAS-Lo	PTK6	HNRNPC	Q13882	P07910	PTK6_HNRNPC	1.46	0.54	4.23E-02	2.76E-02	Yes	No	No	No	No
EGFRNetmtKRAS-Lo	PTK6	HSP90AA1	Q13882	P07900	PTK6_HSP90AA1	5.56	2.47	4.38E-05	6.37E-18	Yes	No	No	Yes	No
EGFRNetmtKRAS-Lo	PTK6	TUBB	Q13882	P07437	PTK6_TUBB	1.74	0.80	6.20E-04	2.49E-03	No	No	No	No	No
EGFRNetmtKRAS-Lo	PTK6	HSPB1	Q13882	P04792	PTK6_HSPB1	4.10	2.04	6.12E-05	9.23E-13	Yes	No	No	No	No
EGFRNetmtKRAS-Lo	PTK6	SGPL1	Q13882	O95470	PTK6_SGPL1	1.62	0.70	1.85E-02	7.25E-03	Yes	No	No	No	No
EGFRNetmtKRAS-Lo	PTK6	SNRNP200	Q13882	O75643	PTK6_SNRNP200	1.75	0.80	2.35E-03	2.45E-03	Yes	No	No	No	No
EGFRNetmtKRAS-Lo	PTK6	DNAJA2	Q13882	O60884	PTK6_DNAJA2	1.75	0.81	1.29E-02	2.30E-03	Yes	No	No	No	No
EGFRNetmtKRAS-Lo	PTK6	HNRNPR	Q13882	O43390	PTK6_HNRNPR	1.50	0.59	3.78E-02	1.93E-02	Yes	No	No	No	No
EGFRNetmtKRAS-Lo	PTK6	UQCRQ	Q13882	O14949	PTK6_UQCRQ	1.55	0.63	1.19E-02	1.34E-02	Yes	No	No	No	No
EGFRNetmtKRAS-Lo	PTPN12	DPP7	Q05209	Q9UHL4	PTPN12_DPP7	1.34	0.42	3.23E-02	5.76E-03	No	No	No	No	No
EGFRNetmtKRAS-Lo	PTPN12	VAPA	Q05209	Q9P0L0	PTPN12_VAPA	1.54	0.63	7.60E-03	8.90E-05	No	Yes	No	No	No
EGFRNetmtKRAS-Lo	PTPN12	MRPL47	Q05209	Q9HD33	PTPN12_MRPL47	1.40	0.48	3.02E-02	1.93E-03	No	No	No	No	No
EGFRNetmtKRAS-Lo	PTPN12	PSTPIP2	Q05209	Q9H939	PTPN12_PSTPIP2	10.08	3.33	4.62E-08	2.63E-89	No	Yes	No	Yes	No
EGFRNetmtKRAS-Lo	PTPN12	MRPL50	Q05209	Q8N5N7	PTPN12_MRPL50	1.21	0.28	1.34E-02	4.68E-02	No	No	No	No	No
EGFRNetmtKRAS-Lo	PTPN12	KIAA1967	Q05209	Q8N163	PTPN12_KIAA1967	1.39	0.47	3.23E-04	2.25E-03	No	No	No	No	No
EGFRNetmtKRAS-Lo	PTPN12	DDX39B	Q05209	Q13838	PTPN12_DDX39B	1.33	0.41	2.45E-04	7.15E-03	No	No	No	No	No
EGFRNetmtKRAS-Lo	PTPN12	MRPL49	Q05209	Q13405	PTPN12_MRPL49	1.24	0.31	7.65E-03	3.08E-02	No	No	No	No	No
EGFRNetmtKRAS-Lo	PTPN12	DUSP4	Q05209	Q13115	PTPN12_DUSP4	5.02	2.33	1.98E-04	1.37E-44	Yes	No	No	No	No
EGFRNetmtKRAS-Lo	PTPN12	PTPN12	Q05209	Q05209	PTPN12_PTPN12	19.24	4.27	8.51E-09	7.08E-145	No	No	No	No	No
EGFRNetmtKRAS-Lo	PTPN12	PRKDC	Q05209	P78527	PTPN12_PRKDC	1.30	0.38	6.41E-03	1.20E-02	No	No	No	No	No
EGFRNetmtKRAS-Lo	PTPN12	ACTG1	Q05209	P63261	PTPN12_ACTG1	1.31	0.39	1.66E-02	1.06E-02	No	No	No	No	No
EGFRNetmtKRAS-Lo	PTPN12	RPL37	Q05209	P61927	PTPN12_RPL37	1.25	0.32	4.93E-02	2.90E-02	No	No	No	No	No
EGFRNetmtKRAS-Lo	PTPN12	FLNA	Q05209	P21333	PTPN12_FLNA	1.23	0.30	2.38E-02	3.67E-02	Yes	No	No	No	No
EGFRNetmtKRAS-Lo	PTPN12	HSPA6	Q05209	P17066	PTPN12_HSPA6	1.21	0.28	9.85E-05	4.75E-02	No	No	No	No	No
EGFRNetmtKRAS-Lo	PTPN12	EZR	Q05209	P15311	PTPN12_EZR	1.25	0.33	4.37E-03	2.58E-02	No	No	No	No	No
EGFRNetmtKRAS-Lo	PTPN12	HSPB1	Q05209	P04792	PTPN12_HSPB1	1.33	0.41	4.23E-03	6.97E-03	Yes	No	No	No	No
EGFRNetmtKRAS-Lo	PTPN6	RPL36	P29350	Q9Y3U8	PTPN6_RPL36	7.05	2.82	1.30E-12	1.02E-02	No	No	No	No	No
EGFRNetmtKRAS-Lo	PTPN6	RRP15	P29350	Q9Y3B9	PTPN6_RRP15	5.52	2.46	2.98E-03	2.11E-02	No	No	No	No	No
EGFRNetmtKRAS-Lo	PTPN6	C8ORF33	P29350	Q9H7E9	PTPN6_C8ORF33	5.22	2.38	3.46E-11	2.47E-02	No	No	No	No	No
EGFRNetmtKRAS-Lo	PTPN6	AKAP9	P29350	Q99996	PTPN6_AKAP9	5.21	2.38	3.37E-06	2.48E-02	No	No	No	No	No
EGFRNetmtKRAS-Lo	PTPN6	SMARCC2	P29350	Q8TAQ2	PTPN6_SMARCC2	6.16	2.62	1.31E-03	1.54E-02	No	No	No	No	No
EGFRNetmtKRAS-Lo	PTPN6	RPL18	P29350	Q07020	PTPN6_RPL18	4.39	2.13	1.09E-10	3.91E-02	No	No	No	No	No
EGFRNetmtKRAS-Lo	PTPN6	PTPN12	P29350	Q05209	PTPN6_PTPN12	13.19	3.72	5.91E-07	1.13E-03	Yes	Yes	No	No	No
EGFRNetmtKRAS-Lo	PTPN6	RPL6	P29350	Q02878	PTPN6_RPL6	5.23	2.39	2.39E-13	2.46E-02	No	No	No	No	No
EGFRNetmtKRAS-Lo	PTPN6	RPL18A	P29350	Q02543	PTPN6_RPL18A	4.76	2.25	1.72E-10	3.17E-02	No	No	No	No	No
EGFRNetmtKRAS-Lo	PTPN6	RPL19	P29350	P84098	PTPN6_RPL19	5.60	2.48	2.74E-13	2.03E-02	No	No	No	No	No
EGFRNetmtKRAS-Lo	PTPN6	RPL8	P29350	P62917	PTPN6_RPL8	5.01	2.32	6.32E-11	2.76E-02	No	No	No	No	No
EGFRNetmtKRAS-Lo	PTPN6	RPL11	P29350	P62913	PTPN6_RPL11	4.71	2.23	7.18E-12	3.26E-02	No	No	No	No	No
EGFRNetmtKRAS-Lo	PTPN6	RPL32	P29350	P62910	PTPN6_RPL32	4.08	2.03	4.39E-12	4.67E-02	No	No	No	No	No
EGFRNetmtKRAS-Lo	PTPN6	RPL39P5	P29350	Q59GN2	PTPN6_RPL39P5	5.68	2.51	2.73E-13	1.95E-02	No	No	No	No	No
EGFRNetmtKRAS-Lo	PTPN6	RPL39	P29350	P62891	PTPN6_RPL39	5.68	2.51	2.73E-13	1.95E-02	No	No	No	No	No
EGFRNetmtKRAS-Lo	PTPN6	RPL23A	P29350	P62750	PTPN6_RPL23A	4.36	2.12	3.41E-12	3.97E-02	No	No	No	No	No
EGFRNetmtKRAS-Lo	PTPN6	RPL7A	P29350	P62424	PTPN6_RPL7A	5.31	2.41	1.33E-08	2.35E-02	No	No	No	No	No
EGFRNetmtKRAS-Lo	PTPN6	RPL37	P29350	P61927	PTPN6_RPL37	4.37	2.13	5.85E-10	3.93E-02	No	No	No	No	No
EGFRNetmtKRAS-Lo	PTPN6	RPL37A	P29350	P61513	PTPN6_RPL37A	4.76	2.25	2.70E-11	3.16E-02	No	No	No	No	No
EGFRNetmtKRAS-Lo	PTPN6	RPL27	P29350	P61353	PTPN6_RPL27	4.96	2.31	6.97E-09	2.83E-02	No	No	No	No	No
EGFRNetmtKRAS-Lo	PTPN6	RPL15	P29350	P61313	PTPN6_RPL15	4.63	2.21	2.44E-08	3.40E-02	No	No	No	No	No
EGFRNetmtKRAS-Lo	PTPN6	RPL26	P29350	P61254	PTPN6_RPL26	6.06	2.60	6.84E-14	1.61E-02	No	No	No	No	No
EGFRNetmtKRAS-Lo	PTPN6	RPL14	P29350	P50914	PTPN6_RPL14	6.12	2.61	4.45E-11	1.57E-02	No	No	No	No	No
EGFRNetmtKRAS-Lo	PTPN6	RPL34	P29350	P49207	PTPN6_RPL34	6.43	2.68	1.90E-09	1.36E-02	No	No	No	No	No
EGFRNetmtKRAS-Lo	PTPN6	PTDSS1	P29350	P48651	PTPN6_PTDSS1	4.48	2.16	7.33E-07	3.69E-02	No	No	No	No	No
EGFRNetmtKRAS-Lo	PTPN6	RPL29	P29350	P47914	PTPN6_RPL29	4.60	2.20	4.74E-07	3.46E-02	No	No	No	No	No
EGFRNetmtKRAS-Lo	PTPN6	RPL28	P29350	P46779	PTPN6_RPL28	6.41	2.68	1.65E-11	1.37E-02	No	No	No	No	No
EGFRNetmtKRAS-Lo	PTPN6	RPL21	P29350	P46778	PTPN6_RPL21	5.02	2.33	5.52E-12	2.75E-02	No	No	No	No	No
EGFRNetmtKRAS-Lo	PTPN6	RPL5	P29350	P46777	PTPN6_RPL5	4.10	2.04	1.20E-12	4.63E-02	No	No	No	No	No
EGFRNetmtKRAS-Lo	PTPN6	RPL35	P29350	P42766	PTPN6_RPL35	6.06	2.60	1.18E-10	1.61E-02	No	No	No	No	No
EGFRNetmtKRAS-Lo	PTPN6	RPL13A	P29350	P40429	PTPN6_RPL13A	5.89	2.56	8.38E-11	1.75E-02	No	No	No	No	No
EGFRNetmtKRAS-Lo	PTPN6	RPL4	P29350	P36578	PTPN6_RPL4	5.07	2.34	3.17E-12	2.68E-02	No	No	No	No	No
EGFRNetmtKRAS-Lo	PTPN6	RPL22	P29350	P35268	PTPN6_RPL22	4.39	2.14	1.22E-10	3.89E-02	Yes	No	No	No	No
EGFRNetmtKRAS-Lo	PTPN6	RPL12	P29350	P30050	PTPN6_RPL12	4.73	2.24	1.35E-10	3.22E-02	No	No	No	No	No
EGFRNetmtKRAS-Lo	PTPN6	PTPN6	P29350	P29350	PTPN6_PTPN6	5.17	2.37	9.29E-13	2.54E-02	Yes	No	No	Yes	No
EGFRNetmtKRAS-Lo	PTPN6	RPL10L	P29350	Q96L21	PTPN6_RPL10L	5.61	2.49	1.11E-11	2.01E-02	No	No	No	No	No
EGFRNetmtKRAS-Lo	PTPN6	RPL10	P29350	P27635	PTPN6_RPL10	5.61	2.49	1.11E-11	2.01E-02	No	No	No	No	No
EGFRNetmtKRAS-Lo	PTPN6	RPL13	P29350	P26373	PTPN6_RPL13	5.28	2.40	1.64E-11	2.39E-02	No	No	No	No	No
EGFRNetmtKRAS-Lo	PTPN6	RPL7	P29350	P18124	PTPN6_RPL7	5.43	2.44	9.56E-13	2.21E-02	No	No	No	No	No
EGFRNetmtKRAS-Lo	PTPN6	RPL35A	P29350	P18077	PTPN6_RPL35A	4.89	2.29	1.04E-10	2.94E-02	No	No	No	No	No
EGFRNetmtKRAS-Lo	PTPRR	MRPS23	Q15256	Q9Y3D9	PTPRR_MRPS23	1.88	0.91	1.61E-03	3.20E-02	Yes	No	No	No	No
EGFRNetmtKRAS-Lo	PTPRR	MRPS2	Q15256	Q9Y399	PTPRR_MRPS2	1.77	0.82	9.95E-03	4.67E-02	No	No	No	No	No
EGFRNetmtKRAS-Lo	PTPRR	MRPS7	Q15256	Q9Y2R9	PTPRR_MRPS7	2.14	1.10	8.82E-03	1.30E-02	Yes	No	No	No	No
EGFRNetmtKRAS-Lo	PTPRR	MRPS28	Q15256	Q9Y2Q9	PTPRR_MRPS28	1.87	0.90	3.09E-02	3.30E-02	No	No	No	No	No
EGFRNetmtKRAS-Lo	PTPRR	MRPS33	Q15256	Q9Y291	PTPRR_MRPS33	2.80	1.49	1.86E-02	1.37E-03	Yes	No	No	No	No
EGFRNetmtKRAS-Lo	PTPRR	CORO1C	Q15256	Q9ULV4	PTPRR_CORO1C	2.61	1.38	2.87E-02	2.63E-03	Yes	No	No	No	No
EGFRNetmtKRAS-Lo	PTPRR	KCTD5	Q15256	Q9NXV2	PTPRR_KCTD5	4.14	2.05	1.46E-03	1.98E-05	Yes	No	No	No	No
EGFRNetmtKRAS-Lo	PTPRR	ARGLU1	Q15256	Q9NWB6	PTPRR_ARGLU1	1.88	0.91	9.87E-03	3.15E-02	Yes	No	No	No	No
EGFRNetmtKRAS-Lo	PTPRR	ATAD3A	Q15256	Q9NVI7	PTPRR_ATAD3A	1.75	0.81	3.48E-03	4.84E-02	No	No	No	No	No
EGFRNetmtKRAS-Lo	PTPRR	BOLA2	Q15256	Q9H3K6	PTPRR_BOLA2	2.63	1.39	1.56E-04	2.46E-03	Yes	No	No	No	No
EGFRNetmtKRAS-Lo	PTPRR	SLIRP	Q15256	Q9GZT3	PTPRR_SLIRP	3.81	1.93	1.55E-03	5.33E-05	Yes	No	No	No	No
EGFRNetmtKRAS-Lo	PTPRR	MMTAG2	Q15256	Q9BU76	PTPRR_MMTAG2	2.86	1.52	4.19E-02	1.11E-03	No	No	No	No	No
EGFRNetmtKRAS-Lo	PTPRR	CCT7	Q15256	Q99832	PTPRR_CCT7	3.00	1.58	2.64E-05	7.12E-04	No	No	No	No	No
EGFRNetmtKRAS-Lo	PTPRR	PTCD3	Q15256	Q96EY7	PTPRR_PTCD3	1.83	0.87	1.61E-03	3.80E-02	Yes	No	No	No	No
EGFRNetmtKRAS-Lo	PTPRR	DNAJA3	Q15256	Q96EY1	PTPRR_DNAJA3	1.77	0.83	1.94E-02	4.53E-02	No	No	No	No	No
EGFRNetmtKRAS-Lo	PTPRR	MRPS31	Q15256	Q92665	PTPRR_MRPS31	2.80	1.48	1.50E-03	1.38E-03	Yes	No	No	No	No
EGFRNetmtKRAS-Lo	PTPRR	MRPS27	Q15256	Q92552	PTPRR_MRPS27	1.99	1.00	2.59E-03	2.13E-02	Yes	No	No	No	No
EGFRNetmtKRAS-Lo	PTPRR	MTMR14	Q15256	Q8NCE2	PTPRR_MTMR14	3.51	1.81	1.56E-02	1.34E-04	Yes	No	No	No	No
EGFRNetmtKRAS-Lo	PTPRR	DDX46	Q15256	Q7L014	PTPRR_DDX46	2.08	1.05	1.96E-02	1.62E-02	Yes	No	No	No	No
EGFRNetmtKRAS-Lo	PTPRR	PFKFB3	Q15256	Q16875	PTPRR_PFKFB3	3.25	1.70	1.63E-03	3.14E-04	Yes	No	No	No	No
EGFRNetmtKRAS-Lo	PTPRR	PTPRR	Q15256	Q15256	PTPRR_PTPRR	16.26	4.02	2.28E-07	5.43E-16	No	No	No	Yes	No
EGFRNetmtKRAS-Lo	PTPRR	PLEC	Q15256	Q15149	PTPRR_PLEC	1.97	0.98	3.97E-03	2.32E-02	No	No	No	No	No
EGFRNetmtKRAS-Lo	PTPRR	SLC25A11	Q15256	Q02978	PTPRR_SLC25A11	2.13	1.09	1.98E-02	1.36E-02	No	No	No	No	No
EGFRNetmtKRAS-Lo	PTPRR	MRPS34	Q15256	P82930	PTPRR_MRPS34	1.81	0.86	2.16E-03	4.02E-02	No	No	No	No	No
EGFRNetmtKRAS-Lo	PTPRR	MRPS15	Q15256	P82914	PTPRR_MRPS15	2.52	1.34	7.24E-03	3.47E-03	Yes	No	No	No	No
EGFRNetmtKRAS-Lo	PTPRR	MRPS5	Q15256	P82675	PTPRR_MRPS5	2.27	1.18	9.36E-05	8.36E-03	Yes	No	No	No	No
EGFRNetmtKRAS-Lo	PTPRR	MRPS35	Q15256	P82673	PTPRR_MRPS35	1.93	0.95	5.49E-03	2.63E-02	No	No	No	No	No
EGFRNetmtKRAS-Lo	PTPRR	MRPS22	Q15256	P82650	PTPRR_MRPS22	2.13	1.09	1.39E-03	1.32E-02	Yes	No	No	No	No
EGFRNetmtKRAS-Lo	PTPRR	CCT2	Q15256	P78371	PTPRR_CCT2	3.16	1.66	9.20E-05	4.24E-04	No	No	No	No	No
EGFRNetmtKRAS-Lo	PTPRR	ACTG1	Q15256	P63261	PTPRR_ACTG1	2.60	1.38	2.55E-02	2.71E-03	Yes	No	No	No	No
EGFRNetmtKRAS-Lo	PTPRR	ATP5J2	Q15256	P56134	PTPRR_ATP5J2	2.17	1.12	1.35E-02	1.17E-02	Yes	No	No	No	No
EGFRNetmtKRAS-Lo	PTPRR	CCT4	Q15256	P50991	PTPRR_CCT4	2.56	1.36	1.25E-04	3.03E-03	No	No	No	No	No
EGFRNetmtKRAS-Lo	PTPRR	CCT8	Q15256	P50990	PTPRR_CCT8	2.73	1.45	3.36E-05	1.74E-03	No	No	No	No	No
EGFRNetmtKRAS-Lo	PTPRR	CCT3	Q15256	P49368	PTPRR_CCT3	2.56	1.35	1.30E-04	3.12E-03	No	No	No	No	No
EGFRNetmtKRAS-Lo	PTPRR	CCT5	Q15256	P48643	PTPRR_CCT5	2.71	1.44	8.90E-05	1.88E-03	No	No	No	No	No
EGFRNetmtKRAS-Lo	PTPRR	LRPPRC	Q15256	P42704	PTPRR_LRPPRC	3.84	1.94	1.97E-03	4.88E-05	Yes	No	No	No	No
EGFRNetmtKRAS-Lo	PTPRR	TMPO	Q15256	P42166	PTPRR_TMPO	2.16	1.11	2.23E-02	1.21E-02	No	No	No	No	No
EGFRNetmtKRAS-Lo	PTPRR	CCT6A	Q15256	P40227	PTPRR_CCT6A	2.99	1.58	9.73E-05	7.36E-04	No	No	No	No	No
EGFRNetmtKRAS-Lo	PTPRR	MAT2A	Q15256	P31153	PTPRR_MAT2A	1.77	0.82	1.01E-02	4.66E-02	No	No	No	No	No
EGFRNetmtKRAS-Lo	PTPRR	CFL1	Q15256	P23528	PTPRR_CFL1	2.60	1.38	3.02E-02	2.65E-03	Yes	No	No	No	No
EGFRNetmtKRAS-Lo	PTPRR	TCP1	Q15256	P17987	PTPRR_TCP1	3.46	1.79	7.34E-05	1.61E-04	No	No	No	No	No
EGFRNetmtKRAS-Lo	PTPRR	HSP90B1	Q15256	P14625	PTPRR_HSP90B1	2.35	1.23	1.40E-03	6.32E-03	Yes	No	No	No	No
EGFRNetmtKRAS-Lo	PTPRR	HSPD1	Q15256	P10809	PTPRR_HSPD1	11.80	3.56	2.37E-05	6.11E-13	Yes	No	No	No	No
EGFRNetmtKRAS-Lo	PTPRR	P4HB	Q15256	P07237	PTPRR_P4HB	5.61	2.49	3.46E-05	3.21E-07	Yes	No	No	No	No
EGFRNetmtKRAS-Lo	PTPRR	LMNA	Q15256	P02545	PTPRR_LMNA	5.90	2.56	1.62E-03	1.49E-07	Yes	No	No	No	No
EGFRNetmtKRAS-Lo	PTPRR	PPM1B	Q15256	O75688	PTPRR_PPM1B	3.79	1.92	1.33E-04	5.74E-05	Yes	No	No	No	No
EGFRNetmtKRAS-Lo	PTPRR	MRPS14	Q15256	O60783	PTPRR_MRPS14	2.30	1.20	1.79E-03	7.43E-03	Yes	No	No	No	No
EGFRNetmtKRAS-Lo	PXN	GIT1	P49023	Q9Y2X7	PXN_GIT1	13.53	3.76	3.45E-03	1.12E-32	No	No	No	Yes	No
EGFRNetmtKRAS-Lo	PXN	MRPL16	P49023	Q9NX20	PXN_MRPL16	2.04	1.03	3.70E-03	5.72E-04	No	No	No	No	No
EGFRNetmtKRAS-Lo	PXN	MRPL4	P49023	Q9BYD3	PXN_MRPL4	2.08	1.06	1.40E-02	3.93E-04	No	No	No	No	No
EGFRNetmtKRAS-Lo	PXN	MRPL32	P49023	Q9BYC8	PXN_MRPL32	2.02	1.01	1.55E-02	6.77E-04	No	No	No	No	No
EGFRNetmtKRAS-Lo	PXN	PGAM5	P49023	Q96HS1	PXN_PGAM5	1.62	0.69	3.36E-03	1.38E-02	No	No	No	No	No
EGFRNetmtKRAS-Lo	PXN	EXOSC8	P49023	Q96B26	PXN_EXOSC8	2.58	1.37	3.15E-02	7.62E-06	No	Yes	No	Yes	No
EGFRNetmtKRAS-Lo	PXN	MRPL43	P49023	Q8N983	PXN_MRPL43	2.10	1.07	2.59E-02	3.36E-04	No	No	No	No	No
EGFRNetmtKRAS-Lo	PXN	MRPL23	P49023	Q16540	PXN_MRPL23	1.92	0.94	1.86E-02	1.40E-03	No	No	No	No	No
EGFRNetmtKRAS-Lo	PXN	TRIP6	P49023	Q15654	PXN_TRIP6	1.82	0.86	2.39E-02	3.16E-03	No	No	No	Yes	No
EGFRNetmtKRAS-Lo	PXN	ARHGEF6	P49023	Q15052	PXN_ARHGEF6	5.26	2.40	3.20E-02	1.98E-14	No	No	No	No	No
EGFRNetmtKRAS-Lo	PXN	GIT2	P49023	Q14161	PXN_GIT2	9.53	3.25	1.36E-05	5.44E-25	No	No	No	Yes	No
EGFRNetmtKRAS-Lo	PXN	ARHGEF7	P49023	Q14155	PXN_ARHGEF7	13.78	3.78	2.03E-03	4.03E-33	No	No	No	Yes	No
EGFRNetmtKRAS-Lo	PXN	SQSTM1	P49023	Q13501	PXN_SQSTM1	2.39	1.26	8.15E-04	3.49E-05	No	No	No	No	No
EGFRNetmtKRAS-Lo	PXN	ILK	P49023	Q13418	PXN_ILK	7.97	2.99	9.83E-04	1.76E-21	No	No	No	Yes	No
EGFRNetmtKRAS-Lo	PXN	PAK2	P49023	Q13177	PXN_PAK2	5.06	2.34	3.52E-02	7.78E-14	No	No	No	No	No
EGFRNetmtKRAS-Lo	PXN	PAK1	P49023	Q13153	PXN_PAK1	12.60	3.66	5.06E-05	4.94E-31	No	No	No	Yes	No
EGFRNetmtKRAS-Lo	PXN	PTK2	P49023	Q05397	PXN_PTK2	5.27	2.40	9.56E-03	1.91E-14	No	No	No	Yes	No
EGFRNetmtKRAS-Lo	PXN	CLTC	P49023	Q00610	PXN_CLTC	1.56	0.65	8.24E-03	1.99E-02	No	No	No	Yes	No
EGFRNetmtKRAS-Lo	PXN	MRPL12	P49023	P52815	PXN_MRPL12	1.75	0.81	9.77E-03	5.00E-03	No	No	No	No	No
EGFRNetmtKRAS-Lo	PXN	PXN	P49023	P49023	PXN_PXN	15.22	3.93	6.34E-05	1.61E-35	No	No	No	Yes	No
EGFRNetmtKRAS-Lo	PXN	HSPA9	P49023	P38646	PXN_HSPA9	1.61	0.69	3.42E-03	1.43E-02	No	No	No	No	No
EGFRNetmtKRAS-Lo	PXN	PYCR1	P49023	P32322	PXN_PYCR1	3.14	1.65	7.80E-04	9.31E-08	No	No	No	No	No
EGFRNetmtKRAS-Lo	PXN	HSPA7	P49023	P48741	PXN_HSPA7	2.26	1.17	4.91E-03	1.00E-04	No	No	No	No	No
EGFRNetmtKRAS-Lo	PXN	HSPA6	P49023	P17066	PXN_HSPA6	2.26	1.17	4.91E-03	1.00E-04	No	No	No	No	No
EGFRNetmtKRAS-Lo	PXN	HSPA8	P49023	P11142	PXN_HSPA8	1.63	0.71	8.28E-04	1.25E-02	No	No	No	Yes	No
EGFRNetmtKRAS-Lo	PXN	HSPA5	P49023	P11021	PXN_HSPA5	1.97	0.98	8.11E-04	9.54E-04	No	No	No	Yes	No
EGFRNetmtKRAS-Lo	PXN	MRPL3	P49023	P09001	PXN_MRPL3	2.02	1.01	2.58E-02	6.67E-04	No	No	No	No	No
EGFRNetmtKRAS-Lo	PXN	HSPA1A	P49023	P08107	PXN_HSPA1A	1.45	0.54	4.02E-03	4.30E-02	No	No	No	No	No
EGFRNetmtKRAS-Lo	PXN	HSPB1	P49023	P04792	PXN_HSPB1	2.42	1.27	2.29E-02	2.74E-05	Yes	No	No	No	No
EGFRNetmtKRAS-Lo	PXN	HLA-C	P49023	P10321	PXN_HLA-C	1.60	0.67	1.88E-02	1.59E-02	No	No	No	No	No
EGFRNetmtKRAS-Lo	PXN	HLA-A	P49023	P16188	PXN_HLA-A	1.60	0.67	1.88E-02	1.59E-02	No	No	No	No	No
EGFRNetmtKRAS-Lo	PXN	AP2A2	P49023	O94973	PXN_AP2A2	2.04	1.03	1.72E-02	5.73E-04	No	No	No	No	No
EGFRNetmtKRAS-Lo	PXN	GAK	P49023	O14976	PXN_GAK	2.25	1.17	2.39E-02	1.04E-04	No	No	No	No	No
EGFRNetmtKRAS-Lo	RAB5A	ST14	P20339	Q9Y5Y6	RAB5A_ST14	1.39	0.48	1.71E-02	2.61E-02	No	No	No	No	No
EGFRNetmtKRAS-Lo	RAB5A	EIF3L	P20339	Q9Y262	RAB5A_EIF3L	1.62	0.69	4.23E-03	2.63E-03	No	No	No	No	No
EGFRNetmtKRAS-Lo	RAB5A	DPP7	P20339	Q9UHL4	RAB5A_DPP7	2.56	1.35	2.65E-03	3.50E-08	No	No	No	No	No
EGFRNetmtKRAS-Lo	RAB5A	SUN2	P20339	Q9UH99	RAB5A_SUN2	8.14	3.03	9.98E-05	2.51E-33	No	Yes	No	Yes	Yes
EGFRNetmtKRAS-Lo	RAB5A	EIF3K	P20339	Q9UBQ5	RAB5A_EIF3K	1.56	0.64	3.00E-02	5.08E-03	No	No	No	No	No
EGFRNetmtKRAS-Lo	RAB5A	CAMSAP3	P20339	Q9P1Y5	RAB5A_CAMSAP3	2.21	1.15	4.14E-02	2.37E-06	Yes	No	No	No	No
EGFRNetmtKRAS-Lo	RAB5A	FAM120A	P20339	Q9NZB2	RAB5A_FAM120A	1.35	0.44	8.71E-03	3.74E-02	No	No	No	No	No
EGFRNetmtKRAS-Lo	RAB5A	MRPL22	P20339	Q9NWU5	RAB5A_MRPL22	1.36	0.44	4.10E-03	3.57E-02	Yes	No	No	No	No
EGFRNetmtKRAS-Lo	RAB5A	FANCI	P20339	Q9NVI1	RAB5A_FANCI	1.67	0.74	1.53E-02	1.43E-03	No	No	No	No	No
EGFRNetmtKRAS-Lo	RAB5A	DDX47	P20339	Q9H0S4	RAB5A_DDX47	2.10	1.07	3.35E-02	9.68E-06	No	No	No	No	No
EGFRNetmtKRAS-Lo	RAB5A	WDR77	P20339	Q9BQA1	RAB5A_WDR77	1.44	0.53	1.62E-03	1.61E-02	No	No	No	No	No
EGFRNetmtKRAS-Lo	RAB5A	TCF25	P20339	Q9BQ70	RAB5A_TCF25	1.41	0.50	6.17E-03	2.18E-02	No	No	No	No	No
EGFRNetmtKRAS-Lo	RAB5A	EIF3CL	P20339	B5ME19	RAB5A_EIF3CL	1.43	0.52	1.16E-02	1.74E-02	No	No	No	No	No
EGFRNetmtKRAS-Lo	RAB5A	EIF3C	P20339	Q99613	RAB5A_EIF3C	1.43	0.52	1.16E-02	1.74E-02	No	No	No	No	No
EGFRNetmtKRAS-Lo	RAB5A	IPO9	P20339	Q96P70	RAB5A_IPO9	1.53	0.62	4.55E-03	6.52E-03	No	No	No	No	No
EGFRNetmtKRAS-Lo	RAB5A	GLG1	P20339	Q92896	RAB5A_GLG1	1.53	0.62	2.01E-02	6.53E-03	No	No	No	No	No
EGFRNetmtKRAS-Lo	RAB5A	PRPF31	P20339	Q8WWY3	RAB5A_PRPF31	1.44	0.53	1.58E-02	1.65E-02	No	No	No	No	No
EGFRNetmtKRAS-Lo	RAB5A	RDH11	P20339	Q8TC12	RAB5A_RDH11	2.04	1.03	2.79E-02	1.96E-05	Yes	No	No	No	No
EGFRNetmtKRAS-Lo	RAB5A	MTMR14	P20339	Q8NCE2	RAB5A_MTMR14	1.41	0.50	3.70E-02	2.21E-02	No	No	No	No	No
EGFRNetmtKRAS-Lo	RAB5A	KIAA1967	P20339	Q8N163	RAB5A_KIAA1967	1.57	0.65	3.48E-02	4.48E-03	No	No	No	No	No
EGFRNetmtKRAS-Lo	RAB5A	EIF3M	P20339	Q7L2H7	RAB5A_EIF3M	1.57	0.65	6.76E-03	4.31E-03	No	No	No	No	No
EGFRNetmtKRAS-Lo	RAB5A	MRPL2	P20339	Q5T653	RAB5A_MRPL2	1.32	0.41	2.38E-04	4.86E-02	Yes	No	No	No	No
EGFRNetmtKRAS-Lo	RAB5A	HSD17B12	P20339	Q53GQ0	RAB5A_HSD17B12	1.51	0.60	3.94E-02	8.05E-03	No	No	No	No	No
EGFRNetmtKRAS-Lo	RAB5A	DBN1	P20339	Q16643	RAB5A_DBN1	2.62	1.39	1.60E-04	1.51E-08	Yes	No	No	No	No
EGFRNetmtKRAS-Lo	RAB5A	ZYX	P20339	Q15942	RAB5A_ZYX	1.68	0.75	1.53E-02	1.35E-03	No	No	No	No	No
EGFRNetmtKRAS-Lo	RAB5A	STK38	P20339	Q15208	RAB5A_STK38	4.50	2.17	1.33E-02	3.78E-18	Yes	No	No	No	No
EGFRNetmtKRAS-Lo	RAB5A	ACAP2	P20339	Q15057	RAB5A_ACAP2	1.82	0.86	8.15E-03	2.64E-04	No	No	No	No	No
EGFRNetmtKRAS-Lo	RAB5A	MVP	P20339	Q14764	RAB5A_MVP	1.36	0.44	2.15E-02	3.53E-02	No	No	No	No	No
EGFRNetmtKRAS-Lo	RAB5A	DYNC1H1	P20339	Q14204	RAB5A_DYNC1H1	1.40	0.48	1.83E-02	2.53E-02	No	No	No	No	No
EGFRNetmtKRAS-Lo	RAB5A	EIF3A	P20339	Q14152	RAB5A_EIF3A	1.51	0.60	3.63E-03	7.99E-03	No	No	No	No	No
EGFRNetmtKRAS-Lo	RAB5A	CKAP5	P20339	Q14008	RAB5A_CKAP5	1.43	0.51	3.44E-02	1.86E-02	No	No	No	No	No
EGFRNetmtKRAS-Lo	RAB5A	SPTAN1	P20339	Q13813	RAB5A_SPTAN1	1.41	0.49	1.91E-02	2.30E-02	No	No	No	No	No
EGFRNetmtKRAS-Lo	RAB5A	EIF3I	P20339	Q13347	RAB5A_EIF3I	1.34	0.43	9.99E-04	4.13E-02	No	No	No	No	No
EGFRNetmtKRAS-Lo	RAB5A	DHX9	P20339	Q08211	RAB5A_DHX9	1.61	0.69	4.58E-03	2.86E-03	No	No	No	No	No
EGFRNetmtKRAS-Lo	RAB5A	RPL18	P20339	Q07020	RAB5A_RPL18	1.34	0.42	1.64E-02	4.38E-02	No	No	No	No	No
EGFRNetmtKRAS-Lo	RAB5A	SLC25A11	P20339	Q02978	RAB5A_SLC25A11	1.33	0.41	1.28E-03	4.62E-02	No	No	No	No	No
EGFRNetmtKRAS-Lo	RAB5A	RPL6	P20339	Q02878	RAB5A_RPL6	1.34	0.42	1.68E-03	4.32E-02	No	No	No	No	No
EGFRNetmtKRAS-Lo	RAB5A	RPL18A	P20339	Q02543	RAB5A_RPL18A	1.35	0.43	4.12E-03	3.85E-02	No	No	No	No	No
EGFRNetmtKRAS-Lo	RAB5A	HNRNPU	P20339	Q00839	RAB5A_HNRNPU	1.39	0.47	5.89E-03	2.78E-02	No	No	No	No	No
EGFRNetmtKRAS-Lo	RAB5A	PRKDC	P20339	P78527	RAB5A_PRKDC	1.32	0.40	2.79E-02	4.92E-02	No	No	No	No	No
EGFRNetmtKRAS-Lo	RAB5A	RPL32	P20339	P62910	RAB5A_RPL32	1.39	0.48	1.30E-02	2.66E-02	No	No	No	No	No
EGFRNetmtKRAS-Lo	RAB5A	CNBP	P20339	P62633	RAB5A_CNBP	1.47	0.56	2.24E-03	1.21E-02	No	No	No	No	No
EGFRNetmtKRAS-Lo	RAB5A	SNRPD3	P20339	P62318	RAB5A_SNRPD3	1.78	0.83	4.04E-03	4.14E-04	No	No	No	No	No
EGFRNetmtKRAS-Lo	RAB5A	RPL37A	P20339	P61513	RAB5A_RPL37A	1.41	0.50	6.32E-03	2.17E-02	No	No	No	No	No
EGFRNetmtKRAS-Lo	RAB5A	RPL27	P20339	P61353	RAB5A_RPL27	1.36	0.44	1.05E-02	3.52E-02	No	No	No	No	No
EGFRNetmtKRAS-Lo	RAB5A	RPL15	P20339	P61313	RAB5A_RPL15	1.34	0.42	2.43E-04	4.20E-02	No	No	No	No	No
EGFRNetmtKRAS-Lo	RAB5A	ACTR1A	P20339	P61163	RAB5A_ACTR1A	1.50	0.58	7.60E-03	9.39E-03	No	No	No	No	No
EGFRNetmtKRAS-Lo	RAB5A	EIF3E	P20339	P60228	RAB5A_EIF3E	1.54	0.62	2.46E-03	5.95E-03	No	No	No	No	No
EGFRNetmtKRAS-Lo	RAB5A	MP68	P20339	P56378	RAB5A_MP68	1.44	0.53	1.84E-02	1.66E-02	No	No	No	No	No
EGFRNetmtKRAS-Lo	RAB5A	EIF3B	P20339	P55884	RAB5A_EIF3B	1.51	0.59	1.65E-03	8.36E-03	No	No	No	No	No
EGFRNetmtKRAS-Lo	RAB5A	CLNS1A	P20339	P54105	RAB5A_CLNS1A	1.37	0.46	4.16E-04	3.19E-02	No	No	No	No	No
EGFRNetmtKRAS-Lo	RAB5A	HNRNPM	P20339	P52272	RAB5A_HNRNPM	1.52	0.60	2.20E-02	7.63E-03	No	No	No	No	No
EGFRNetmtKRAS-Lo	RAB5A	HNRNPA3	P20339	P51991	RAB5A_HNRNPA3	1.34	0.42	2.56E-03	4.41E-02	No	No	No	No	No
EGFRNetmtKRAS-Lo	RAB5A	GDI2	P20339	P50395	RAB5A_GDI2	4.69	2.23	9.07E-13	4.72E-19	No	Yes	No	Yes	No
EGFRNetmtKRAS-Lo	RAB5A	PPOX	P20339	P50336	RAB5A_PPOX	1.45	0.53	3.67E-03	1.57E-02	No	No	No	No	No
EGFRNetmtKRAS-Lo	RAB5A	QARS	P20339	P47897	RAB5A_QARS	1.63	0.71	2.60E-02	2.21E-03	No	No	No	No	No
EGFRNetmtKRAS-Lo	RAB5A	ALDH1A3	P20339	P47895	RAB5A_ALDH1A3	1.79	0.84	3.43E-02	3.96E-04	Yes	No	No	No	No
EGFRNetmtKRAS-Lo	RAB5A	RPL28	P20339	P46779	RAB5A_RPL28	1.34	0.42	6.31E-03	4.28E-02	No	No	No	No	No
EGFRNetmtKRAS-Lo	RAB5A	RPL21	P20339	P46778	RAB5A_RPL21	1.38	0.47	1.31E-02	2.84E-02	No	No	No	No	No
EGFRNetmtKRAS-Lo	RAB5A	RPL27A	P20339	P46776	RAB5A_RPL27A	1.47	0.55	3.07E-02	1.24E-02	No	No	No	No	No
EGFRNetmtKRAS-Lo	RAB5A	RPL13A	P20339	P40429	RAB5A_RPL13A	1.34	0.42	9.95E-03	4.35E-02	No	No	No	No	No
EGFRNetmtKRAS-Lo	RAB5A	RPL3	P20339	P39023	RAB5A_RPL3	1.37	0.46	6.12E-03	3.08E-02	No	No	No	No	No
EGFRNetmtKRAS-Lo	RAB5A	GDI1	P20339	P31150	RAB5A_GDI1	3.27	1.71	5.55E-08	5.39E-12	No	Yes	No	No	No
EGFRNetmtKRAS-Lo	RAB5A	RPL12	P20339	P30050	RAB5A_RPL12	1.34	0.42	9.53E-03	4.39E-02	No	No	No	No	No
EGFRNetmtKRAS-Lo	RAB5A	CRABP2	P20339	P29373	RAB5A_CRABP2	2.51	1.33	9.01E-03	6.55E-08	Yes	No	No	No	No
EGFRNetmtKRAS-Lo	RAB5A	CANX	P20339	P27824	RAB5A_CANX	1.35	0.44	3.90E-03	3.72E-02	No	No	No	No	No
EGFRNetmtKRAS-Lo	RAB5A	MAP4	P20339	P27816	RAB5A_MAP4	1.44	0.52	1.73E-02	1.68E-02	No	No	No	No	No
EGFRNetmtKRAS-Lo	RAB5A	CAD	P20339	P27708	RAB5A_CAD	1.37	0.46	1.80E-02	3.15E-02	No	No	No	No	No
EGFRNetmtKRAS-Lo	RAB5A	S100A4	P20339	P26447	RAB5A_S100A4	1.35	0.43	3.24E-02	3.95E-02	Yes	No	No	No	No
EGFRNetmtKRAS-Lo	RAB5A	RPL13	P20339	P26373	RAB5A_RPL13	1.44	0.53	1.39E-02	1.61E-02	No	No	No	No	No
EGFRNetmtKRAS-Lo	RAB5A	ITGA3	P20339	P26006	RAB5A_ITGA3	1.66	0.73	5.33E-03	1.70E-03	No	No	No	No	No
EGFRNetmtKRAS-Lo	RAB5A	EIF4B	P20339	P23588	RAB5A_EIF4B	1.39	0.48	1.53E-02	2.56E-02	No	No	No	No	No
EGFRNetmtKRAS-Lo	RAB5A	FBL	P20339	P22087	RAB5A_FBL	1.84	0.88	2.16E-03	2.25E-04	No	No	No	No	No
EGFRNetmtKRAS-Lo	RAB5A	RAB5A	P20339	P20339	RAB5A_RAB5A	5.09	2.35	6.81E-10	6.90E-21	No	No	No	Yes	Yes
EGFRNetmtKRAS-Lo	RAB5A	TRIM21	P20339	P19474	RAB5A_TRIM21	2.77	1.47	1.01E-02	2.64E-09	No	No	No	No	No
EGFRNetmtKRAS-Lo	RAB5A	NCL	P20339	P19338	RAB5A_NCL	1.45	0.54	4.43E-03	1.49E-02	No	No	No	No	No
EGFRNetmtKRAS-Lo	RAB5A	ITGA2	P20339	P17301	RAB5A_ITGA2	1.34	0.42	4.29E-02	4.31E-02	No	No	No	No	No
EGFRNetmtKRAS-Lo	RAB5A	EPCAM	P20339	P16422	RAB5A_EPCAM	1.35	0.43	3.92E-02	3.82E-02	No	No	No	No	No
EGFRNetmtKRAS-Lo	RAB5A	JUP	P20339	P14923	RAB5A_JUP	1.42	0.50	1.41E-04	2.06E-02	No	No	No	No	No
EGFRNetmtKRAS-Lo	RAB5A	SNRPN	P20339	P63162	RAB5A_SNRPN	1.60	0.68	8.20E-03	3.25E-03	No	No	No	No	No
EGFRNetmtKRAS-Lo	RAB5A	SNRPB	P20339	P14678	RAB5A_SNRPB	1.60	0.68	8.20E-03	3.25E-03	No	No	No	No	No
EGFRNetmtKRAS-Lo	RAB5A	PDHB	P20339	P11177	RAB5A_PDHB	1.33	0.41	3.12E-03	4.84E-02	No	No	No	No	No
EGFRNetmtKRAS-Lo	RAB5A	RPLP0P6	P20339	Q8NHW5	RAB5A_RPLP0P6	1.32	0.41	5.01E-04	4.89E-02	No	No	No	No	No
EGFRNetmtKRAS-Lo	RAB5A	RPLP0	P20339	P05388	RAB5A_RPLP0	1.32	0.41	5.01E-04	4.89E-02	No	No	No	No	No
EGFRNetmtKRAS-Lo	RAB5A	HSPB1	P20339	P04792	RAB5A_HSPB1	2.73	1.45	1.81E-03	3.88E-09	Yes	No	No	No	No
EGFRNetmtKRAS-Lo	RAB5A	ACSL3	P20339	O95573	RAB5A_ACSL3	1.48	0.57	3.77E-02	1.06E-02	No	No	No	No	No
EGFRNetmtKRAS-Lo	RAB5A	EIF3G	P20339	O75821	RAB5A_EIF3G	1.45	0.53	6.41E-03	1.52E-02	No	No	No	No	No
EGFRNetmtKRAS-Lo	RAB5A	SMARCA1	P20339	P28370	RAB5A_SMARCA1	1.63	0.70	1.13E-02	2.28E-03	No	No	No	No	No
EGFRNetmtKRAS-Lo	RAB5A	SMARCA5	P20339	O60264	RAB5A_SMARCA5	1.63	0.70	1.13E-02	2.28E-03	No	No	No	No	No
EGFRNetmtKRAS-Lo	RAB5A	AP1G1	P20339	O43747	RAB5A_AP1G1	1.50	0.58	4.99E-03	9.32E-03	Yes	No	No	No	No
EGFRNetmtKRAS-Lo	RAB5A	MAGEB2	P20339	O15479	RAB5A_MAGEB2	1.42	0.51	4.77E-03	2.00E-02	No	No	No	No	No
EGFRNetmtKRAS-Lo	RAB5A	EIF3H	P20339	O15372	RAB5A_EIF3H	1.57	0.65	3.18E-03	4.42E-03	No	No	No	No	No
EGFRNetmtKRAS-Lo	RAB5A	SURF4	P20339	O15260	RAB5A_SURF4	1.87	0.90	1.52E-03	1.54E-04	No	No	No	No	No
EGFRNetmtKRAS-Lo	RAB5A	PRMT5	P20339	O14744	RAB5A_PRMT5	1.52	0.61	7.06E-04	7.08E-03	No	No	No	No	No
EGFRNetmtKRAS-Lo	RAB5A	POLRMT	P20339	O00411	RAB5A_POLRMT	1.45	0.53	3.33E-02	1.56E-02	No	No	No	No	No
EGFRNetmtKRAS-Lo	RAB5A	EIF3F	P20339	O00303	RAB5A_EIF3F	1.32	0.40	2.86E-02	4.93E-02	No	No	No	No	No
EGFRNetmtKRAS-Lo	RAC1	ACOT9	P63000	Q9Y305	RAC1_ACOT9	1.36	0.45	1.91E-02	3.95E-02	No	No	No	No	No
EGFRNetmtKRAS-Lo	RAC1	STK39	P63000	Q9UEW8	RAC1_STK39	1.41	0.49	1.68E-02	2.68E-02	No	No	No	No	No
EGFRNetmtKRAS-Lo	RAC1	PYCR2	P63000	Q96C36	RAC1_PYCR2	1.34	0.42	7.91E-04	4.82E-02	No	No	No	No	No
EGFRNetmtKRAS-Lo	RAC1	KIAA2013	P63000	Q8IYS2	RAC1_KIAA2013	1.37	0.46	9.63E-03	3.60E-02	No	No	No	No	No
EGFRNetmtKRAS-Lo	RAC1	HUWE1	P63000	Q7Z6Z7	RAC1_HUWE1	1.49	0.57	2.12E-02	1.26E-02	No	No	No	No	No
EGFRNetmtKRAS-Lo	RAC1	LLGL2	P63000	Q6P1M3	RAC1_LLGL2	1.49	0.57	3.62E-02	1.23E-02	Yes	No	No	No	No
EGFRNetmtKRAS-Lo	RAC1	PRPSAP1	P63000	Q14558	RAC1_PRPSAP1	1.43	0.52	4.76E-02	2.15E-02	Yes	No	No	No	No
EGFRNetmtKRAS-Lo	RAC1	TUBB3	P63000	Q13509	RAC1_TUBB3	1.74	0.80	2.98E-02	9.17E-04	No	No	No	No	No
EGFRNetmtKRAS-Lo	RAC1	MAP2K1	P63000	Q02750	RAC1_MAP2K1	1.37	0.46	1.77E-02	3.58E-02	No	No	No	No	No
EGFRNetmtKRAS-Lo	RAC1	CYCS	P63000	P99999	RAC1_CYCS	1.78	0.83	2.45E-02	5.86E-04	Yes	No	No	No	No
EGFRNetmtKRAS-Lo	RAC1	YWHAZ	P63000	P63104	RAC1_YWHAZ	1.69	0.76	1.42E-03	1.63E-03	No	No	No	No	No
EGFRNetmtKRAS-Lo	RAC1	RAC1	P63000	P63000	RAC1_RAC1	4.20	2.07	2.50E-04	6.92E-16	Yes	No	No	Yes	No
EGFRNetmtKRAS-Lo	RAC1	UBB	P63000	P0CG47	RAC1_UBB	1.40	0.48	1.14E-03	2.95E-02	No	No	No	Yes	No
EGFRNetmtKRAS-Lo	RAC1	UBC	P63000	P0CG48	RAC1_UBC	1.40	0.48	1.14E-03	2.95E-02	No	No	No	Yes	No
EGFRNetmtKRAS-Lo	RAC1	RPS27A	P63000	P62979	RAC1_RPS27A	1.40	0.48	1.14E-03	2.95E-02	No	No	No	Yes	No
EGFRNetmtKRAS-Lo	RAC1	PPIA	P63000	P62937	RAC1_PPIA	1.48	0.56	9.49E-03	1.36E-02	No	No	No	No	No
EGFRNetmtKRAS-Lo	RAC1	RAN	P63000	P62826	RAC1_RAN	1.35	0.44	1.11E-02	4.33E-02	No	No	No	No	No
EGFRNetmtKRAS-Lo	RAC1	HSPE1	P63000	P61604	RAC1_HSPE1	1.50	0.58	2.48E-02	1.12E-02	No	No	No	No	No
EGFRNetmtKRAS-Lo	RAC1	PRPS1	P63000	P60891	RAC1_PRPS1	1.52	0.61	2.20E-03	8.72E-03	Yes	No	No	No	No
EGFRNetmtKRAS-Lo	RAC1	TPI1	P63000	P60174	RAC1_TPI1	1.41	0.50	1.04E-02	2.56E-02	No	No	No	No	No
EGFRNetmtKRAS-Lo	RAC1	ARHGDIA	P63000	P52565	RAC1_ARHGDIA	3.35	1.74	1.66E-03	8.60E-12	Yes	No	No	Yes	No
EGFRNetmtKRAS-Lo	RAC1	AARS	P63000	P49588	RAC1_AARS	1.36	0.45	8.85E-03	3.96E-02	Yes	No	No	No	No
EGFRNetmtKRAS-Lo	RAC1	FASN	P63000	P49327	RAC1_FASN	1.46	0.55	7.21E-03	1.61E-02	Yes	No	No	No	No
EGFRNetmtKRAS-Lo	RAC1	IQGAP1	P63000	P46940	RAC1_IQGAP1	1.46	0.55	3.33E-02	1.58E-02	Yes	No	No	Yes	No
EGFRNetmtKRAS-Lo	RAC1	EZR	P63000	P15311	RAC1_EZR	1.50	0.58	1.15E-03	1.12E-02	Yes	No	No	No	No
EGFRNetmtKRAS-Lo	RAC1	EEF2	P63000	P13639	RAC1_EEF2	1.37	0.45	8.27E-04	3.88E-02	No	No	No	No	No
EGFRNetmtKRAS-Lo	RAC1	PRPS2	P63000	P11908	RAC1_PRPS2	1.45	0.54	1.53E-02	1.73E-02	Yes	No	No	No	No
EGFRNetmtKRAS-Lo	RAC1	HMGB1P1	P63000	B2RPK0	RAC1_HMGB1P1	1.46	0.55	1.33E-03	1.58E-02	No	No	No	No	No
EGFRNetmtKRAS-Lo	RAC1	HMGB1	P63000	P09429	RAC1_HMGB1	1.46	0.55	1.33E-03	1.58E-02	No	No	No	No	No
EGFRNetmtKRAS-Lo	RAC1	GSTP1	P63000	P09211	RAC1_GSTP1	1.46	0.54	2.64E-03	1.65E-02	No	No	No	No	No
EGFRNetmtKRAS-Lo	RAC1	ANXA5	P63000	P08758	RAC1_ANXA5	1.52	0.61	2.17E-03	9.02E-03	Yes	No	No	No	No
EGFRNetmtKRAS-Lo	RAC1	ANXA2P2	P63000	A6NMY6	RAC1_ANXA2P2	1.69	0.76	2.69E-03	1.64E-03	No	No	No	No	No
EGFRNetmtKRAS-Lo	RAC1	ANXA2	P63000	P07355	RAC1_ANXA2	1.69	0.76	2.69E-03	1.64E-03	Yes	No	No	No	No
EGFRNetmtKRAS-Lo	RAC1	HSPB1	P63000	P04792	RAC1_HSPB1	1.95	0.96	7.03E-04	9.30E-05	No	No	No	No	No
EGFRNetmtKRAS-Lo	RAC1	ANXA1	P63000	P04083	RAC1_ANXA1	1.82	0.87	2.00E-02	3.86E-04	Yes	No	No	No	No
EGFRNetmtKRAS-Lo	RAC1	PRPSAP2	P63000	O60256	RAC1_PRPSAP2	1.42	0.51	3.35E-03	2.35E-02	No	No	No	No	No
EGFRNetmtKRAS-Lo	RAC1	MAGEB2	P63000	O15479	RAC1_MAGEB2	1.46	0.55	2.15E-02	1.60E-02	No	No	No	No	No
EGFRNetmtKRAS-Lo	RAC1	HMGB3	P63000	O15347	RAC1_HMGB3	1.53	0.62	9.39E-04	8.07E-03	Yes	No	No	No	No
EGFRNetmtKRAS-Lo	RAF1	ABCF2	P04049	Q9UG63	RAF1_ABCF2	2.82	1.50	7.45E-03	4.19E-02	No	No	No	No	No
EGFRNetmtKRAS-Lo	RAF1	SLC25A10	P04049	Q9UBX3	RAF1_SLC25A10	3.03	1.60	7.77E-05	3.24E-02	No	No	No	No	No
EGFRNetmtKRAS-Lo	RAF1	TMEM161A	P04049	Q9NX61	RAF1_TMEM161A	2.71	1.44	4.61E-05	4.84E-02	No	No	No	No	No
EGFRNetmtKRAS-Lo	RAF1	IARS2	P04049	Q9NSE4	RAF1_IARS2	2.76	1.46	1.31E-03	4.54E-02	No	No	No	No	No
EGFRNetmtKRAS-Lo	RAF1	TM9SF3	P04049	Q9HD45	RAF1_TM9SF3	2.84	1.50	3.45E-04	4.13E-02	No	No	No	No	No
EGFRNetmtKRAS-Lo	RAF1	SLC25A22	P04049	Q9H936	RAF1_SLC25A22	2.95	1.56	7.95E-03	3.56E-02	No	No	No	No	No
EGFRNetmtKRAS-Lo	RAF1	FANCD2	P04049	Q9BXW9	RAF1_FANCD2	3.86	1.95	2.46E-04	1.23E-02	No	No	No	No	No
EGFRNetmtKRAS-Lo	RAF1	NCLN	P04049	Q969V3	RAF1_NCLN	2.94	1.56	3.50E-04	3.63E-02	No	No	No	No	No
EGFRNetmtKRAS-Lo	RAF1	GCN1L1	P04049	Q92616	RAF1_GCN1L1	3.14	1.65	6.05E-04	2.84E-02	No	No	No	No	No
EGFRNetmtKRAS-Lo	RAF1	HSP90AB2P	P04049	Q58FF8	RAF1_HSP90AB2P	3.07	1.62	1.91E-05	3.08E-02	No	No	No	No	No
EGFRNetmtKRAS-Lo	RAF1	HSD17B12	P04049	Q53GQ0	RAF1_HSD17B12	2.96	1.57	4.29E-05	3.52E-02	No	No	No	No	No
EGFRNetmtKRAS-Lo	RAF1	TIMM50	P04049	Q3ZCQ8	RAF1_TIMM50	2.94	1.56	1.20E-05	3.60E-02	No	No	No	Yes	No
EGFRNetmtKRAS-Lo	RAF1	TUBB3	P04049	Q13509	RAF1_TUBB3	2.90	1.54	6.60E-04	3.79E-02	No	No	No	No	No
EGFRNetmtKRAS-Lo	RAF1	SQSTM1	P04049	Q13501	RAF1_SQSTM1	2.93	1.55	1.13E-02	3.69E-02	No	No	No	No	No
EGFRNetmtKRAS-Lo	RAF1	TMED1	P04049	Q13445	RAF1_TMED1	2.87	1.52	5.97E-04	3.94E-02	No	No	No	No	No
EGFRNetmtKRAS-Lo	RAF1	SEC61A2	P04049	Q9H9S3	RAF1_SEC61A2	2.79	1.48	4.77E-04	4.35E-02	No	No	No	No	No
EGFRNetmtKRAS-Lo	RAF1	SEC61A1	P04049	P61619	RAF1_SEC61A1	2.79	1.48	4.77E-04	4.35E-02	No	No	No	No	No
EGFRNetmtKRAS-Lo	RAF1	TMEM33	P04049	P57088	RAF1_TMEM33	3.26	1.70	1.12E-03	2.46E-02	No	No	No	No	No
EGFRNetmtKRAS-Lo	RAF1	SLC25A1	P04049	P53007	RAF1_SLC25A1	2.96	1.56	1.14E-03	3.55E-02	No	No	No	No	No
EGFRNetmtKRAS-Lo	RAF1	ALDH1A3	P04049	P47895	RAF1_ALDH1A3	4.16	2.06	2.50E-04	8.91E-03	Yes	No	No	No	No
EGFRNetmtKRAS-Lo	RAF1	MSH2	P04049	P43246	RAF1_MSH2	2.69	1.43	4.09E-03	4.95E-02	No	No	No	No	No
EGFRNetmtKRAS-Lo	RAF1	ARL1	P04049	P40616	RAF1_ARL1	3.86	1.95	9.44E-04	1.24E-02	No	No	No	No	No
EGFRNetmtKRAS-Lo	RAF1	POLR2B	P04049	P30876	RAF1_POLR2B	2.86	1.51	1.30E-02	4.02E-02	No	No	No	No	No
EGFRNetmtKRAS-Lo	RAF1	POLD1	P04049	P28340	RAF1_POLD1	3.37	1.75	2.71E-03	2.17E-02	No	No	No	No	No
EGFRNetmtKRAS-Lo	RAF1	ABCD3	P04049	P28288	RAF1_ABCD3	3.04	1.61	5.29E-04	3.19E-02	No	No	No	No	No
EGFRNetmtKRAS-Lo	RAF1	TUBG2	P04049	Q9NRH3	RAF1_TUBG2	3.33	1.74	1.46E-03	2.26E-02	No	No	No	No	No
EGFRNetmtKRAS-Lo	RAF1	TUBG1	P04049	P23258	RAF1_TUBG1	3.33	1.74	1.46E-03	2.26E-02	No	No	No	No	No
EGFRNetmtKRAS-Lo	RAF1	KRAS	P04049	P01116	RAF1_KRAS	3.74	1.90	1.35E-03	1.41E-02	No	No	No	Yes	No
EGFRNetmtKRAS-Lo	RAF1	NRAS	P04049	P01111	RAF1_NRAS	4.14	2.05	1.74E-04	9.13E-03	No	No	No	Yes	No
EGFRNetmtKRAS-Lo	RAF1	DPM1	P04049	O60762	RAF1_DPM1	3.19	1.67	2.23E-03	2.67E-02	No	No	No	No	No
EGFRNetmtKRAS-Lo	RAF1	TUBB6	P04049	Q9BUF5	RAF1_TUBB6	1.75	0.81	5.40E-04	3.64E-02	No	No	No	No	No
EGFRNetmtKRAS-Lo	RAF1	CCT7	P04049	Q99832	RAF1_CCT7	2.66	1.41	1.22E-05	9.13E-04	No	No	No	No	No
EGFRNetmtKRAS-Lo	RAF1	KIAA1967	P04049	Q8N163	RAF1_KIAA1967	2.00	1.00	4.02E-02	1.34E-02	Yes	No	No	No	No
EGFRNetmtKRAS-Lo	RAF1	CDC37	P04049	Q16543	RAF1_CDC37	5.59	2.48	3.69E-06	2.48E-08	No	No	No	Yes	No
EGFRNetmtKRAS-Lo	RAF1	YWHAH	P04049	Q04917	RAF1_YWHAH	2.83	1.50	3.70E-07	4.75E-04	No	No	No	Yes	Yes
EGFRNetmtKRAS-Lo	RAF1	SLC25A11	P04049	Q02978	RAF1_SLC25A11	4.25	2.09	4.90E-03	8.12E-03	No	No	No	No	No
EGFRNetmtKRAS-Lo	RAF1	DSG1	P04049	Q02413	RAF1_DSG1	2.40	1.26	2.81E-02	2.66E-03	No	No	No	No	No
EGFRNetmtKRAS-Lo	RAF1	CCT2	P04049	P78371	RAF1_CCT2	2.48	1.31	9.04E-06	1.91E-03	No	No	No	No	No
EGFRNetmtKRAS-Lo	RAF1	TUBA4A	P04049	P68366	RAF1_TUBA4A	2.74	1.45	3.45E-02	4.65E-02	No	No	No	No	No
EGFRNetmtKRAS-Lo	RAF1	YWHAZ	P04049	P63104	RAF1_YWHAZ	2.42	1.28	6.63E-07	2.42E-03	No	No	No	Yes	No
EGFRNetmtKRAS-Lo	RAF1	YWHAE	P04049	P62258	RAF1_YWHAE	2.07	1.05	3.22E-07	1.02E-02	No	No	No	Yes	No
EGFRNetmtKRAS-Lo	RAF1	YWHAG	P04049	P61981	RAF1_YWHAG	2.95	1.56	3.54E-07	2.96E-04	No	No	No	Yes	No
EGFRNetmtKRAS-Lo	RAF1	CCT4	P04049	P50991	RAF1_CCT4	2.62	1.39	3.17E-06	1.08E-03	No	No	No	No	No
EGFRNetmtKRAS-Lo	RAF1	CCT8	P04049	P50990	RAF1_CCT8	3.14	1.65	2.28E-06	1.39E-04	No	No	No	Yes	No
EGFRNetmtKRAS-Lo	RAF1	CCT3	P04049	P49368	RAF1_CCT3	2.29	1.19	3.10E-05	4.13E-03	No	No	No	Yes	No
EGFRNetmtKRAS-Lo	RAF1	CCT5	P04049	P48643	RAF1_CCT5	1.76	0.81	8.19E-05	3.51E-02	No	No	No	No	No
EGFRNetmtKRAS-Lo	RAF1	CCT6A	P04049	P40227	RAF1_CCT6A	3.00	1.59	6.90E-06	2.34E-04	No	No	No	No	No
EGFRNetmtKRAS-Lo	RAF1	SFN	P04049	P31947	RAF1_SFN	2.19	1.13	4.41E-04	6.19E-03	No	No	No	Yes	No
EGFRNetmtKRAS-Lo	RAF1	YWHAB	P04049	P31946	RAF1_YWHAB	2.08	1.06	6.64E-07	9.54E-03	No	No	No	Yes	No
EGFRNetmtKRAS-Lo	RAF1	YWHAQ	P04049	P27348	RAF1_YWHAQ	2.19	1.13	2.41E-06	6.27E-03	No	No	No	Yes	No
EGFRNetmtKRAS-Lo	RAF1	TCP1	P04049	P17987	RAF1_TCP1	2.21	1.15	7.82E-05	5.67E-03	No	No	No	No	No
EGFRNetmtKRAS-Lo	RAF1	HSPA8	P04049	P11142	RAF1_HSPA8	1.68	0.75	4.13E-07	4.71E-02	No	No	No	Yes	No
EGFRNetmtKRAS-Lo	RAF1	HSP90AB3P	P04049	Q58FF7	RAF1_HSP90AB3P	5.51	2.46	8.80E-07	3.12E-08	No	No	No	No	No
EGFRNetmtKRAS-Lo	RAF1	HSP90AB1	P04049	P08238	RAF1_HSP90AB1	5.51	2.46	8.80E-07	3.12E-08	No	No	No	Yes	No
EGFRNetmtKRAS-Lo	RAF1	HSP90AA1	P04049	P07900	RAF1_HSP90AA1	5.69	2.51	1.30E-06	1.76E-08	No	No	No	Yes	No
EGFRNetmtKRAS-Lo	RAF1	HSPB1	P04049	P04792	RAF1_HSPB1	2.02	1.02	2.47E-07	1.23E-02	No	No	No	No	No
EGFRNetmtKRAS-Lo	RAF1	RAF1	P04049	P04049	RAF1_RAF1	11.93	3.58	3.24E-07	2.20E-15	No	No	No	Yes	Yes
EGFRNetmtKRAS-Lo	RAF1	HPX	P04049	P02790	RAF1_HPX	3.54	1.82	7.50E-03	2.96E-05	No	No	No	No	No
EGFRNetmtKRAS-Lo	RAF1	BAG2	P04049	O95816	RAF1_BAG2	3.63	1.86	9.77E-07	2.14E-05	No	No	No	Yes	No
EGFRNetmtKRAS-Lo	RAF1	DNAJA2	P04049	O60884	RAF1_DNAJA2	3.48	1.80	3.33E-02	1.91E-02	No	No	No	No	No
EGFRNetmtKRAS-Lo	RAF1	CALU	P04049	O43852	RAF1_CALU	1.94	0.96	6.05E-07	1.69E-02	No	No	No	Yes	Yes
EGFRNetmtKRAS-Lo	RALB	UQCR10	P11234	Q9UDW1	RALB_UQCR10	5.43	2.44	2.59E-03	4.74E-02	No	No	No	No	No
EGFRNetmtKRAS-Lo	RALB	PHB2	P11234	Q99623	RALB_PHB2	6.37	2.67	3.30E-04	3.37E-02	No	No	No	No	No
EGFRNetmtKRAS-Lo	RALB	MCU	P11234	Q8NE86	RALB_MCU	5.85	2.55	3.45E-04	4.05E-02	No	No	No	No	No
EGFRNetmtKRAS-Lo	RALB	HADHB	P11234	P55084	RALB_HADHB	8.83	3.14	9.29E-04	1.57E-02	No	No	No	No	No
EGFRNetmtKRAS-Lo	RALB	SLC25A1	P11234	P53007	RALB_SLC25A1	6.02	2.59	7.76E-05	3.81E-02	No	No	No	No	No
EGFRNetmtKRAS-Lo	RALB	RANBP2	P11234	P49792	RALB_RANBP2	5.35	2.42	1.06E-02	4.89E-02	No	No	No	No	No
EGFRNetmtKRAS-Lo	RALB	PHB	P11234	P35232	RALB_PHB	5.91	2.56	1.17E-03	3.97E-02	No	No	No	No	No
EGFRNetmtKRAS-Lo	RALB	COX4I1	P11234	P13073	RALB_COX4I1	6.22	2.64	2.00E-03	3.55E-02	No	No	No	No	No
EGFRNetmtKRAS-Lo	RALB	RALB	P11234	P11234	RALB_RALB	6.91	2.79	1.51E-03	2.81E-02	No	No	No	No	No
EGFRNetmtKRAS-Lo	RALB	SLC25A5	P11234	P05141	RALB_SLC25A5	5.43	2.44	1.63E-05	4.74E-02	No	No	No	No	No
EGFRNetmtKRAS-Lo	RALB	MT-CO2	P11234	P00403	RALB_MT-CO2	6.21	2.64	2.60E-03	3.56E-02	No	No	No	No	No
EGFRNetmtKRAS-Lo	RALB	IPO8	P11234	O15397	RALB_IPO8	6.92	2.79	4.38E-04	2.80E-02	No	No	No	No	No
EGFRNetmtKRAS-Lo	RALBP1	SEPT9	Q15311	Q9UHD8	RALBP1_SEPT9	3.58	1.84	1.83E-03	3.05E-05	No	No	No	No	No
EGFRNetmtKRAS-Lo	RALBP1	LIN7C	Q15311	Q9NUP9	RALBP1_LIN7C	16.67	4.06	8.04E-06	2.35E-19	No	No	No	No	No
EGFRNetmtKRAS-Lo	RALBP1	BIRC6	Q15311	Q9NR09	RALBP1_BIRC6	4.35	2.12	1.56E-03	1.82E-06	No	No	No	No	No
EGFRNetmtKRAS-Lo	RALBP1	GOPC	Q15311	Q9HD26	RALBP1_GOPC	7.47	2.90	2.19E-02	1.03E-10	No	Yes	No	No	No
EGFRNetmtKRAS-Lo	RALBP1	HOOK2	Q15311	Q96ED9	RALBP1_HOOK2	5.10	2.35	1.72E-04	1.39E-07	No	No	No	Yes	No
EGFRNetmtKRAS-Lo	RALBP1	REPS1	Q15311	Q96D71	RALBP1_REPS1	13.03	3.70	5.07E-06	2.13E-16	No	Yes	No	Yes	No
EGFRNetmtKRAS-Lo	RALBP1	PPP4R1	Q15311	Q8TF05	RALBP1_PPP4R1	3.98	1.99	1.39E-03	6.87E-06	No	Yes	No	No	No
EGFRNetmtKRAS-Lo	RALBP1	SAPCD2	Q15311	Q86UD0	RALBP1_SAPCD2	6.39	2.68	8.76E-04	2.36E-09	No	No	No	No	No
EGFRNetmtKRAS-Lo	RALBP1	PTRF	Q15311	Q6NZI2	RALBP1_PTRF	2.30	1.20	5.64E-04	4.67E-03	No	No	No	No	No
EGFRNetmtKRAS-Lo	RALBP1	PHLDB3	Q15311	Q6NSJ2	RALBP1_PHLDB3	5.31	2.41	1.69E-02	6.99E-08	Yes	Yes	No	No	No
EGFRNetmtKRAS-Lo	RALBP1	GRAMD4	Q15311	Q6IC98	RALBP1_GRAMD4	9.43	3.24	4.82E-04	6.24E-13	No	No	No	No	No
EGFRNetmtKRAS-Lo	RALBP1	CDC42BPG	Q15311	Q6DT37	RALBP1_CDC42BPG	2.20	1.13	7.13E-03	7.16E-03	No	No	No	No	No
EGFRNetmtKRAS-Lo	RALBP1	MPP7	Q15311	Q5T2T1	RALBP1_MPP7	8.85	3.15	1.09E-05	2.62E-12	No	No	No	No	No
EGFRNetmtKRAS-Lo	RALBP1	TUBB8	Q15311	Q3ZCM7	RALBP1_TUBB8	1.85	0.89	3.61E-02	2.87E-02	No	No	No	No	No
EGFRNetmtKRAS-Lo	RALBP1	CCDC6	Q15311	Q16204	RALBP1_CCDC6	15.78	3.98	1.20E-07	1.13E-18	No	Yes	No	No	No
EGFRNetmtKRAS-Lo	RALBP1	SEPT7	Q15311	Q16181	RALBP1_SEPT7	5.43	2.44	1.32E-05	4.63E-08	No	No	No	Yes	No
EGFRNetmtKRAS-Lo	RALBP1	RALBP1	Q15311	Q15311	RALBP1_RALBP1	43.34	5.44	1.08E-07	2.62E-33	No	No	No	No	No
EGFRNetmtKRAS-Lo	RALBP1	GPS2	Q15311	Q13227	RALBP1_GPS2	8.12	3.02	1.39E-03	1.75E-11	No	Yes	Yes	Yes	No
EGFRNetmtKRAS-Lo	RALBP1	DLG1	Q15311	Q12959	RALBP1_DLG1	9.27	3.21	5.97E-05	9.15E-13	No	No	No	Yes	No
EGFRNetmtKRAS-Lo	RALBP1	CSNK2B	Q15311	P67870	RALBP1_CSNK2B	2.58	1.37	4.86E-03	1.54E-03	No	No	No	No	No
EGFRNetmtKRAS-Lo	RALBP1	HIST1H4A	Q15311	P62805	RALBP1_HIST1H4A	1.73	0.79	2.50E-02	4.49E-02	No	No	No	No	No
EGFRNetmtKRAS-Lo	RALBP1	PSMC5	Q15311	P62195	RALBP1_PSMC5	6.26	2.65	2.54E-06	3.44E-09	No	Yes	No	No	No
EGFRNetmtKRAS-Lo	RALBP1	PPP4C	Q15311	P60510	RALBP1_PPP4C	3.35	1.74	2.59E-02	7.43E-05	No	No	No	No	No
EGFRNetmtKRAS-Lo	RALBP1	NES	Q15311	P48681	RALBP1_NES	4.92	2.30	2.40E-03	2.54E-07	No	No	No	No	No
EGFRNetmtKRAS-Lo	RALBP1	DSP	Q15311	P15924	RALBP1_DSP	2.56	1.35	1.48E-03	1.68E-03	No	No	No	No	No
EGFRNetmtKRAS-Lo	RALBP1	RALA	Q15311	P11233	RALBP1_RALA	6.77	2.76	1.34E-04	7.49E-10	No	No	No	Yes	No
EGFRNetmtKRAS-Lo	RALBP1	HSPA5	Q15311	P11021	RALBP1_HSPA5	2.13	1.09	3.20E-05	9.47E-03	No	No	No	No	No
EGFRNetmtKRAS-Lo	RALBP1	HCK	Q15311	P08631	RALBP1_HCK	36.82	5.20	2.14E-03	1.22E-30	No	No	No	No	No
EGFRNetmtKRAS-Lo	RALBP1	AP2A1	Q15311	O95782	RALBP1_AP2A1	2.08	1.05	1.43E-04	1.15E-02	No	Yes	No	Yes	No
EGFRNetmtKRAS-Lo	RALBP1	PPL	Q15311	O60437	RALBP1_PPL	2.78	1.48	6.62E-03	6.80E-04	No	No	Yes	Yes	No
EGFRNetmtKRAS-Lo	RALBP1	ABLIM1	Q15311	O14639	RALBP1_ABLIM1	1.92	0.94	8.20E-04	2.20E-02	Yes	No	No	No	No
EGFRNetmtKRAS-Lo	RASA1	MRPL42	P20936	Q9Y6G3	RASA1_MRPL42	1.28	0.36	6.04E-04	4.01E-02	No	No	No	No	No
EGFRNetmtKRAS-Lo	RASA1	MRPL11	P20936	Q9Y3B7	RASA1_MRPL11	1.47	0.56	1.89E-03	2.96E-03	No	No	No	No	No
EGFRNetmtKRAS-Lo	RASA1	DPP7	P20936	Q9UHL4	RASA1_DPP7	1.46	0.55	1.29E-04	3.24E-03	No	No	No	No	No
EGFRNetmtKRAS-Lo	RASA1	MRPL15	P20936	Q9P015	RASA1_MRPL15	1.29	0.37	4.23E-02	3.57E-02	No	No	No	No	No
EGFRNetmtKRAS-Lo	RASA1	MRPL44	P20936	Q9H9J2	RASA1_MRPL44	1.30	0.38	4.23E-03	3.10E-02	No	No	No	No	No
EGFRNetmtKRAS-Lo	RASA1	MRPL18	P20936	Q9H0U6	RASA1_MRPL18	1.35	0.43	2.98E-02	1.70E-02	Yes	No	No	No	No
EGFRNetmtKRAS-Lo	RASA1	MRPL53	P20936	Q96EL3	RASA1_MRPL53	1.30	0.37	1.98E-02	3.40E-02	No	No	No	No	No
EGFRNetmtKRAS-Lo	RASA1	MRPL24	P20936	Q96A35	RASA1_MRPL24	1.30	0.38	1.52E-02	3.28E-02	No	No	No	No	No
EGFRNetmtKRAS-Lo	RASA1	MRPL10	P20936	Q7Z7H8	RASA1_MRPL10	1.27	0.35	1.22E-03	4.47E-02	No	No	No	No	No
EGFRNetmtKRAS-Lo	RASA1	MRPL2	P20936	Q5T653	RASA1_MRPL2	1.34	0.42	6.75E-03	1.99E-02	No	No	No	No	No
EGFRNetmtKRAS-Lo	RASA1	PRPSAP1	P20936	Q14558	RASA1_PRPSAP1	1.42	0.51	7.51E-04	6.30E-03	No	No	No	No	No
EGFRNetmtKRAS-Lo	RASA1	PRPS1	P20936	P60891	RASA1_PRPS1	1.42	0.50	6.33E-03	6.45E-03	No	No	No	No	No
EGFRNetmtKRAS-Lo	RASA1	ARPC4	P20936	P59998	RASA1_ARPC4	1.55	0.64	1.53E-02	7.84E-04	No	No	No	No	No
EGFRNetmtKRAS-Lo	RASA1	PGD	P20936	P52209	RASA1_PGD	1.32	0.40	2.23E-02	2.50E-02	No	No	No	No	No
EGFRNetmtKRAS-Lo	RASA1	ACADVL	P20936	P49748	RASA1_ACADVL	1.32	0.40	2.06E-02	2.38E-02	No	No	No	No	No
EGFRNetmtKRAS-Lo	RASA1	FASN	P20936	P49327	RASA1_FASN	1.28	0.36	3.56E-02	4.01E-02	Yes	No	No	No	No
EGFRNetmtKRAS-Lo	RASA1	S100A4	P20936	P26447	RASA1_S100A4	4.01	2.00	2.28E-05	2.63E-24	Yes	No	No	No	No
EGFRNetmtKRAS-Lo	RASA1	FLNA	P20936	P21333	RASA1_FLNA	1.29	0.36	2.06E-03	3.82E-02	No	No	No	No	No
EGFRNetmtKRAS-Lo	RASA1	RASA1	P20936	P20936	RASA1_RASA1	6.66	2.74	4.60E-09	1.07E-43	Yes	No	No	Yes	No
EGFRNetmtKRAS-Lo	RASA1	JUP	P20936	P14923	RASA1_JUP	3.51	1.81	1.41E-02	3.37E-20	No	No	No	No	No
EGFRNetmtKRAS-Lo	RASA1	PRPS2	P20936	P11908	RASA1_PRPS2	1.43	0.52	1.50E-02	5.18E-03	No	No	No	No	No
EGFRNetmtKRAS-Lo	RASA1	HSPB1	P20936	P04792	RASA1_HSPB1	1.60	0.68	3.99E-03	3.66E-04	Yes	No	No	No	No
EGFRNetmtKRAS-Lo	RASA1	PRPSAP2	P20936	O60256	RASA1_PRPSAP2	1.41	0.49	2.47E-02	7.37E-03	No	No	No	No	No
EGFRNetmtKRAS-Lo	RASA1	ARPC5	P20936	O15511	RASA1_ARPC5	1.31	0.39	2.78E-02	2.91E-02	No	No	No	No	No
EGFRNetmtKRAS-Lo	RASA1	ARPC1B	P20936	O15143	RASA1_ARPC1B	1.41	0.50	2.78E-02	6.91E-03	No	No	No	No	No
EGFRNetmtKRAS-Lo	RASA1	PPP6C	P20936	O00743	RASA1_PPP6C	1.28	0.36	3.59E-02	3.88E-02	No	No	No	No	No
EGFRNetmtKRAS-Lo	RASA1	MYO1C	P20936	O00159	RASA1_MYO1C	1.57	0.65	3.60E-04	6.36E-04	No	No	No	No	No
EGFRNetmtKRAS-Lo	RHOA	NUBP2	P61586	Q9Y5Y2	RHOA_NUBP2	5.33	2.41	4.93E-02	1.33E-02	No	No	No	Yes	No
EGFRNetmtKRAS-Lo	RHOA	PDP1	P61586	Q9P0J1	RHOA_PDP1	4.52	2.18	2.48E-02	2.25E-02	No	No	No	No	No
EGFRNetmtKRAS-Lo	RHOA	TECR	P61586	Q9NZ01	RHOA_TECR	5.01	2.33	1.87E-02	1.63E-02	No	No	No	No	No
EGFRNetmtKRAS-Lo	RHOA	ATAD3A	P61586	Q9NVI7	RHOA_ATAD3A	4.57	2.19	9.33E-04	2.17E-02	No	No	No	No	No
EGFRNetmtKRAS-Lo	RHOA	AGPAT5	P61586	Q9NUQ2	RHOA_AGPAT5	6.27	2.65	3.91E-02	7.61E-03	No	No	No	No	No
EGFRNetmtKRAS-Lo	RHOA	TUBB6	P61586	Q9BUF5	RHOA_TUBB6	3.60	1.85	3.73E-02	4.36E-02	No	No	No	No	No
EGFRNetmtKRAS-Lo	RHOA	TUBA1C	P61586	Q9BQE3	RHOA_TUBA1C	3.77	1.91	8.99E-04	3.85E-02	No	No	No	No	No
EGFRNetmtKRAS-Lo	RHOA	IPO9	P61586	Q96P70	RHOA_IPO9	5.65	2.50	1.01E-02	1.10E-02	No	No	No	No	No
EGFRNetmtKRAS-Lo	RHOA	GCN1L1	P61586	Q92616	RHOA_GCN1L1	4.63	2.21	3.06E-02	2.10E-02	No	No	No	No	No
EGFRNetmtKRAS-Lo	RHOA	THEM6	P61586	Q8WUY1	RHOA_THEM6	4.44	2.15	4.45E-02	2.38E-02	No	No	No	No	No
EGFRNetmtKRAS-Lo	RHOA	IPO4	P61586	Q8TEX9	RHOA_IPO4	4.23	2.08	3.35E-02	2.76E-02	No	No	No	No	No
EGFRNetmtKRAS-Lo	RHOA	CHPF	P61586	Q8IZ52	RHOA_CHPF	3.90	1.96	1.15E-02	3.50E-02	No	No	No	No	No
EGFRNetmtKRAS-Lo	RHOA	TCEB2	P61586	Q15370	RHOA_TCEB2	8.72	3.12	2.11E-03	2.16E-03	No	No	No	No	No
EGFRNetmtKRAS-Lo	RHOA	FAT1	P61586	Q14517	RHOA_FAT1	5.36	2.42	9.00E-03	1.31E-02	No	No	No	No	No
EGFRNetmtKRAS-Lo	RHOA	SLC25A3	P61586	Q00325	RHOA_SLC25A3	4.18	2.06	5.80E-05	2.86E-02	No	No	No	No	No
EGFRNetmtKRAS-Lo	RHOA	PRKDC	P61586	P78527	RHOA_PRKDC	3.53	1.82	1.03E-02	4.62E-02	No	No	No	No	No
EGFRNetmtKRAS-Lo	RHOA	TUBB4B	P61586	P68371	RHOA_TUBB4B	5.15	2.36	3.20E-03	1.49E-02	No	No	No	No	No
EGFRNetmtKRAS-Lo	RHOA	RHOC	P61586	P08134	RHOA_RHOC	7.77	2.96	1.13E-02	3.42E-03	No	Yes	No	No	No
EGFRNetmtKRAS-Lo	RHOA	RHOA	P61586	P61586	RHOA_RHOA	7.77	2.96	1.13E-02	3.42E-03	Yes	No	No	Yes	Yes
EGFRNetmtKRAS-Lo	RHOA	GEMIN4	P61586	P57678	RHOA_GEMIN4	3.63	1.86	4.14E-02	4.25E-02	No	No	No	No	No
EGFRNetmtKRAS-Lo	RHOA	TMEM33	P61586	P57088	RHOA_TMEM33	3.70	1.89	5.53E-05	4.04E-02	No	No	No	No	No
EGFRNetmtKRAS-Lo	RHOA	SLC16A1	P61586	P53985	RHOA_SLC16A1	3.65	1.87	9.43E-05	4.20E-02	No	No	No	No	No
EGFRNetmtKRAS-Lo	RHOA	RAP1GDS1	P61586	P52306	RHOA_RAP1GDS1	13.66	3.77	9.14E-04	2.98E-04	Yes	Yes	No	Yes	No
EGFRNetmtKRAS-Lo	RHOA	CTNNB1	P61586	P35222	RHOA_CTNNB1	5.15	2.36	3.13E-03	1.49E-02	No	No	No	No	No
EGFRNetmtKRAS-Lo	RHOA	CTNNA1	P61586	P35221	RHOA_CTNNA1	4.32	2.11	4.10E-03	2.58E-02	No	No	No	No	No
EGFRNetmtKRAS-Lo	RHOA	DNAJA1	P61586	P31689	RHOA_DNAJA1	3.46	1.79	2.96E-03	4.85E-02	No	No	No	No	No
EGFRNetmtKRAS-Lo	RHOA	CAD	P61586	P27708	RHOA_CAD	5.07	2.34	1.30E-02	1.57E-02	No	No	No	No	No
EGFRNetmtKRAS-Lo	RHOA	CTNNA2	P61586	P26232	RHOA_CTNNA2	5.33	2.41	1.13E-02	1.33E-02	No	No	No	No	No
EGFRNetmtKRAS-Lo	RHOA	CDH3	P61586	P22223	RHOA_CDH3	5.28	2.40	9.03E-04	1.37E-02	No	No	No	No	No
EGFRNetmtKRAS-Lo	RHOA	COX5A	P61586	P20674	RHOA_COX5A	3.80	1.93	6.75E-04	3.76E-02	No	No	No	No	Yes
EGFRNetmtKRAS-Lo	RHOA	HSPA6	P61586	P17066	RHOA_HSPA6	7.80	2.96	1.91E-04	3.38E-03	Yes	No	No	No	No
EGFRNetmtKRAS-Lo	RHOA	ATP2A2	P61586	P16615	RHOA_ATP2A2	5.74	2.52	9.21E-03	1.04E-02	No	No	No	No	No
EGFRNetmtKRAS-Lo	RHOA	JUP	P61586	P14923	RHOA_JUP	5.37	2.43	8.81E-03	1.30E-02	No	No	No	No	No
EGFRNetmtKRAS-Lo	RHOA	COX7A2	P61586	P14406	RHOA_COX7A2	4.12	2.04	2.71E-05	2.97E-02	No	No	No	No	No
EGFRNetmtKRAS-Lo	RHOA	COX4I1	P61586	P13073	RHOA_COX4I1	4.60	2.20	1.68E-03	2.14E-02	No	No	No	No	No
EGFRNetmtKRAS-Lo	RHOA	CDH1	P61586	P12830	RHOA_CDH1	6.21	2.64	3.38E-02	7.87E-03	No	No	No	No	No
EGFRNetmtKRAS-Lo	RHOA	HSPA8	P61586	P11142	RHOA_HSPA8	6.36	2.67	2.21E-03	7.25E-03	Yes	No	No	No	No
EGFRNetmtKRAS-Lo	RHOA	SLC3A2	P61586	P08195	RHOA_SLC3A2	3.98	1.99	2.29E-03	3.29E-02	No	No	No	No	No
EGFRNetmtKRAS-Lo	RHOA	HSPA1A	P61586	P08107	RHOA_HSPA1A	4.43	2.15	9.28E-04	2.40E-02	No	No	No	No	No
EGFRNetmtKRAS-Lo	RHOA	UQCRH	P61586	P07919	RHOA_UQCRH	3.65	1.87	6.63E-05	4.21E-02	No	No	No	No	No
EGFRNetmtKRAS-Lo	RHOA	TUBB	P61586	P07437	RHOA_TUBB	4.12	2.04	1.26E-02	2.97E-02	No	No	No	No	No
EGFRNetmtKRAS-Lo	RHOA	SLC25A5	P61586	P05141	RHOA_SLC25A5	4.01	2.00	6.09E-06	3.22E-02	Yes	No	No	Yes	No
EGFRNetmtKRAS-Lo	RHOA	ATP1A1	P61586	P05023	RHOA_ATP1A1	4.62	2.21	1.35E-02	2.10E-02	No	No	No	No	No
EGFRNetmtKRAS-Lo	RHOA	HSPB1	P61586	P04792	RHOA_HSPB1	3.84	1.94	1.30E-04	3.64E-02	No	No	No	No	No
EGFRNetmtKRAS-Lo	RHOA	MT-CO2	P61586	P00403	RHOA_MT-CO2	5.91	2.56	1.09E-03	9.36E-03	Yes	No	No	No	No
EGFRNetmtKRAS-Lo	RHOA	ERLIN2	P61586	O94905	RHOA_ERLIN2	5.01	2.33	1.70E-03	1.63E-02	No	No	No	No	No
EGFRNetmtKRAS-Lo	RHOA	ERLIN1	P61586	O75477	RHOA_ERLIN1	4.75	2.25	4.50E-03	1.94E-02	No	No	No	No	No
EGFRNetmtKRAS-Lo	RHOA	PPM1G	P61586	O15355	RHOA_PPM1G	4.06	2.02	3.98E-02	3.12E-02	No	No	No	No	No
EGFRNetmtKRAS-Lo	RHOA	PPP6C	P61586	O00743	RHOA_PPP6C	5.27	2.40	1.03E-02	1.38E-02	No	No	No	No	No
EGFRNetmtKRAS-Lo	RIN1	SPIN1	Q13671	Q9Y657	RIN1_SPIN1	1.55	0.63	2.72E-02	8.59E-03	No	No	No	No	No
EGFRNetmtKRAS-Lo	RIN1	C11ORF84	Q13671	Q9BUA3	RIN1_C11ORF84	1.48	0.57	2.39E-02	1.55E-02	No	No	No	No	No
EGFRNetmtKRAS-Lo	RIN1	MYCBP	Q13671	Q99417	RIN1_MYCBP	1.41	0.50	3.52E-02	3.00E-02	No	No	No	No	No
EGFRNetmtKRAS-Lo	RIN1	RIN1	Q13671	Q13671	RIN1_RIN1	14.85	3.89	2.31E-02	1.70E-48	No	No	No	No	No
EGFRNetmtKRAS-Lo	RIN1	YWHAH	Q13671	Q04917	RIN1_YWHAH	5.93	2.57	3.33E-02	2.87E-22	No	Yes	No	No	No
EGFRNetmtKRAS-Lo	RIN1	OTUD4	Q13671	Q01804	RIN1_OTUD4	1.36	0.44	3.55E-02	4.65E-02	No	No	No	No	No
EGFRNetmtKRAS-Lo	RIN1	RBM10	Q13671	P98175	RIN1_RBM10	1.63	0.70	4.28E-02	4.00E-03	No	No	No	No	No
EGFRNetmtKRAS-Lo	RIN1	YWHAE	Q13671	P62258	RIN1_YWHAE	4.71	2.23	2.49E-02	2.55E-17	No	Yes	No	Yes	No
EGFRNetmtKRAS-Lo	RIN1	YWHAG	Q13671	P61981	RIN1_YWHAG	3.33	1.74	2.47E-02	3.42E-11	No	Yes	No	No	No
EGFRNetmtKRAS-Lo	RIN1	HIST1H1E	Q13671	P10412	RIN1_HIST1H1E	1.42	0.51	2.85E-02	2.70E-02	No	No	No	No	No
EGFRNetmtKRAS-Lo	RIPK1	THRAP3	Q13546	Q9Y2W1	RIPK1_THRAP3	2.07	1.05	3.91E-02	1.21E-02	No	No	No	No	No
EGFRNetmtKRAS-Lo	RIPK1	MRPS17	Q13546	Q9Y2R5	RIPK1_MRPS17	2.17	1.12	2.73E-02	8.13E-03	No	No	No	No	No
EGFRNetmtKRAS-Lo	RIPK1	SRRM2	Q13546	Q9UQ35	RIPK1_SRRM2	3.35	1.74	6.04E-05	8.70E-05	No	No	No	No	No
EGFRNetmtKRAS-Lo	RIPK1	ARGLU1	Q13546	Q9NWB6	RIPK1_ARGLU1	1.84	0.88	1.12E-04	2.92E-02	No	No	No	No	No
EGFRNetmtKRAS-Lo	RIPK1	PRMT1	Q13546	Q99873	RIPK1_PRMT1	2.16	1.11	5.78E-03	8.60E-03	No	No	No	No	No
EGFRNetmtKRAS-Lo	RIPK1	RIPK1	Q13546	Q13546	RIPK1_RIPK1	12.43	3.64	2.88E-06	2.25E-15	Yes	No	Yes	Yes	No
EGFRNetmtKRAS-Lo	RIPK1	MRPS6	Q13546	P82932	RIPK1_MRPS6	2.00	1.00	2.15E-02	1.58E-02	No	No	No	No	No
EGFRNetmtKRAS-Lo	RIPK1	CSNK2A3 	Q13546	Q8NEV1	RIPK1_CSNK2A3	2.50	1.32	5.31E-07	2.25E-03	No	No	No	No	No
EGFRNetmtKRAS-Lo	RIPK1	CSNK2A1	Q13546	P68400	RIPK1_CSNK2A1	2.50	1.32	5.31E-07	2.25E-03	No	No	No	No	No
EGFRNetmtKRAS-Lo	RIPK1	SNRPD2	Q13546	P62316	RIPK1_SNRPD2	1.84	0.88	1.70E-06	3.00E-02	No	No	No	No	No
EGFRNetmtKRAS-Lo	RIPK1	SNRPD1	Q13546	P62314	RIPK1_SNRPD1	1.75	0.81	3.45E-07	4.17E-02	No	No	No	No	No
EGFRNetmtKRAS-Lo	RIPK1	ABCE1	Q13546	P61221	RIPK1_ABCE1	1.81	0.86	1.81E-02	3.27E-02	No	No	No	No	No
EGFRNetmtKRAS-Lo	RIPK1	TPP2	Q13546	P29144	RIPK1_TPP2	1.81	0.86	1.84E-06	3.26E-02	No	No	No	No	No
EGFRNetmtKRAS-Lo	RIPK1	P4HB	Q13546	P07237	RIPK1_P4HB	1.77	0.82	3.78E-02	3.88E-02	No	No	No	No	No
EGFRNetmtKRAS-Lo	RIPK1	HSPB1	Q13546	P04792	RIPK1_HSPB1	1.84	0.88	5.59E-04	2.99E-02	No	No	No	No	No
EGFRNetmtKRAS-Lo	RIPK1	BAG2	Q13546	O95816	RIPK1_BAG2	2.27	1.18	2.05E-03	5.49E-03	No	No	No	No	No
EGFRNetmtKRAS-Lo	RPS6KA1	HSP90AB2P	Q15418	Q58FF8	RPS6KA1_HSP90AB2P	5.46	2.45	4.25E-08	3.51E-02	No	No	No	No	No
EGFRNetmtKRAS-Lo	RPS6KA1	CDC37	Q15418	Q16543	RPS6KA1_CDC37	7.23	2.85	5.37E-10	1.74E-02	No	No	No	Yes	No
EGFRNetmtKRAS-Lo	RPS6KA1	RPS6KA1	Q15418	Q15418	RPS6KA1_RPS6KA1	9.63	3.27	2.08E-10	7.76E-03	No	No	No	Yes	No
EGFRNetmtKRAS-Lo	RPS6KA1	CSNK2B	Q15418	P67870	RPS6KA1_CSNK2B	6.83	2.77	2.19E-09	2.01E-02	No	No	No	Yes	No
EGFRNetmtKRAS-Lo	RPS6KA1	HSPA6	Q15418	P17066	RPS6KA1_HSPA6	5.89	2.56	3.16E-03	2.93E-02	No	No	No	No	No
EGFRNetmtKRAS-Lo	RPS6KA1	HSPA8	Q15418	P11142	RPS6KA1_HSPA8	6.98	2.80	2.29E-10	1.91E-02	No	No	No	No	No
EGFRNetmtKRAS-Lo	RPS6KA1	HSPA5	Q15418	P11021	RPS6KA1_HSPA5	4.86	2.28	6.79E-11	4.61E-02	No	No	No	No	No
EGFRNetmtKRAS-Lo	RPS6KA1	HSP90AB1	Q15418	P08238	RPS6KA1_HSP90AB1	6.63	2.73	3.09E-10	2.18E-02	No	No	No	Yes	No
EGFRNetmtKRAS-Lo	RPS6KA1	HSP90AA1	Q15418	P07900	RPS6KA1_HSP90AA1	6.59	2.72	3.53E-09	2.21E-02	No	No	No	Yes	No
EGFRNetmtKRAS-Lo	RPS6KA2	RPS6KA1	Q15349	Q15418	RPS6KA2_RPS6KA1	3.72	1.90	1.22E-06	3.24E-02	No	No	No	Yes	No
EGFRNetmtKRAS-Lo	RPS6KA2	RPS6KA2	Q15349	Q15349	RPS6KA2_RPS6KA2	4.60	2.20	5.70E-13	1.69E-02	No	No	No	Yes	No
EGFRNetmtKRAS-Lo	RPS6KA2	RPL34	Q15349	P49207	RPS6KA2_RPL34	3.35	1.74	3.35E-06	4.36E-02	No	No	No	No	No
EGFRNetmtKRAS-Lo	RPS6KA3	PGAM5	P51812	Q96HS1	RPS6KA3_PGAM5	1.74	0.80	2.76E-04	3.17E-02	No	No	No	No	No
EGFRNetmtKRAS-Lo	RPS6KA3	HSP90AB2P	P51812	Q58FF8	RPS6KA3_HSP90AB2P	2.14	1.10	7.36E-06	5.20E-03	No	No	No	No	No
EGFRNetmtKRAS-Lo	RPS6KA3	CDC37	P51812	Q16543	RPS6KA3_CDC37	4.60	2.20	1.02E-06	1.32E-07	No	No	No	Yes	No
EGFRNetmtKRAS-Lo	RPS6KA3	RPS6KA1	P51812	Q15418	RPS6KA3_RPS6KA1	25.33	4.66	5.60E-11	4.35E-28	No	No	No	Yes	No
EGFRNetmtKRAS-Lo	RPS6KA3	CSNK2A3 	P51812	Q8NEV1	RPS6KA3_CSNK2A3	1.80	0.85	7.89E-06	2.41E-02	No	No	No	No	No
EGFRNetmtKRAS-Lo	RPS6KA3	CSNK2A1	P51812	P68400	RPS6KA3_CSNK2A1	1.80	0.85	7.89E-06	2.41E-02	No	No	No	No	No
EGFRNetmtKRAS-Lo	RPS6KA3	CSNK2B	P51812	P67870	RPS6KA3_CSNK2B	12.39	3.63	7.22E-09	9.00E-18	No	No	No	Yes	No
EGFRNetmtKRAS-Lo	RPS6KA3	HNRNPM	P51812	P52272	RPS6KA3_HNRNPM	1.92	0.94	9.35E-03	1.42E-02	No	No	No	No	No
EGFRNetmtKRAS-Lo	RPS6KA3	RPS6KA3	P51812	P51812	RPS6KA3_RPS6KA3	22.72	4.51	4.86E-11	2.34E-26	No	No	No	Yes	No
EGFRNetmtKRAS-Lo	RPS6KA3	HSPA9	P51812	P38646	RPS6KA3_HSPA9	2.23	1.16	1.62E-06	3.39E-03	No	No	No	No	No
EGFRNetmtKRAS-Lo	RPS6KA3	HNRNPA2B1	P51812	P22626	RPS6KA3_HNRNPA2B1	1.79	0.84	2.30E-02	2.52E-02	No	No	No	No	No
EGFRNetmtKRAS-Lo	RPS6KA3	HSPA6	P51812	P17066	RPS6KA3_HSPA6	5.06	2.34	4.43E-03	2.21E-08	No	No	No	No	No
EGFRNetmtKRAS-Lo	RPS6KA3	HSPA8	P51812	P11142	RPS6KA3_HSPA8	6.67	2.74	4.27E-11	7.35E-11	No	No	No	Yes	No
EGFRNetmtKRAS-Lo	RPS6KA3	HSPA5	P51812	P11021	RPS6KA3_HSPA5	3.03	1.60	1.10E-07	9.39E-05	No	No	No	No	No
EGFRNetmtKRAS-Lo	RPS6KA3	PRKAR1A	P51812	P10644	RPS6KA3_PRKAR1A	1.64	0.71	6.11E-04	4.91E-02	No	No	No	No	No
EGFRNetmtKRAS-Lo	RPS6KA3	HNRNPA1L2	P51812	Q32P51	RPS6KA3_HNRNPA1L2	1.68	0.75	5.91E-04	4.12E-02	No	No	No	No	No
EGFRNetmtKRAS-Lo	RPS6KA3	HNRNPA1	P51812	P09651	RPS6KA3_HNRNPA1	1.68	0.75	5.91E-04	4.12E-02	No	No	No	No	No
EGFRNetmtKRAS-Lo	RPS6KA3	HSP90AB1	P51812	P08238	RPS6KA3_HSP90AB1	3.47	1.80	5.30E-11	1.34E-05	No	No	No	Yes	No
EGFRNetmtKRAS-Lo	RPS6KA3	HSPA1A	P51812	P08107	RPS6KA3_HSPA1A	3.67	1.88	1.95E-10	5.64E-06	Yes	No	No	No	No
EGFRNetmtKRAS-Lo	RPS6KA3	HSP90AA1	P51812	P07900	RPS6KA3_HSP90AA1	3.27	1.71	1.07E-09	3.15E-05	No	No	No	Yes	No
EGFRNetmtKRAS-Lo	RPS6KA3	HSPB1	P51812	P04792	RPS6KA3_HSPB1	3.34	1.74	9.50E-04	2.39E-05	Yes	No	No	No	No
EGFRNetmtKRAS-Lo	RPS6KA3	BAG2	P51812	O95816	RPS6KA3_BAG2	2.81	1.49	2.47E-08	2.47E-04	Yes	No	No	No	No
EGFRNetmtKRAS-Lo	SH2D3C	PSAT1	Q8N5H7	Q9Y617	SH2D3C_PSAT1	2.95	1.56	1.61E-02	8.94E-09	Yes	No	No	No	No
EGFRNetmtKRAS-Lo	SH2D3C	HYOU1	Q8N5H7	Q9Y4L1	SH2D3C_HYOU1	1.42	0.51	4.47E-02	3.51E-02	Yes	No	No	No	No
EGFRNetmtKRAS-Lo	SH2D3C	TLN1	Q8N5H7	Q9Y490	SH2D3C_TLN1	2.05	1.04	1.22E-02	9.67E-05	Yes	No	No	No	No
EGFRNetmtKRAS-Lo	SH2D3C	USP24	Q8N5H7	Q9UPU5	SH2D3C_USP24	1.67	0.74	4.05E-02	4.18E-03	Yes	No	No	No	No
EGFRNetmtKRAS-Lo	SH2D3C	MYO6	Q8N5H7	Q9UM54	SH2D3C_MYO6	1.45	0.53	2.12E-03	2.89E-02	No	No	No	No	No
EGFRNetmtKRAS-Lo	SH2D3C	ATPIF1	Q8N5H7	Q9UII2	SH2D3C_ATPIF1	1.43	0.52	1.67E-02	3.23E-02	Yes	No	No	No	No
EGFRNetmtKRAS-Lo	SH2D3C	CYB5R1	Q8N5H7	Q9UHQ9	SH2D3C_CYB5R1	1.47	0.56	2.20E-02	2.31E-02	No	No	No	No	No
EGFRNetmtKRAS-Lo	SH2D3C	DPP7	Q8N5H7	Q9UHL4	SH2D3C_DPP7	1.40	0.48	2.92E-08	4.34E-02	No	No	No	No	No
EGFRNetmtKRAS-Lo	SH2D3C	GRHPR	Q8N5H7	Q9UBQ7	SH2D3C_GRHPR	3.49	1.80	9.97E-04	3.55E-11	Yes	No	No	No	No
EGFRNetmtKRAS-Lo	SH2D3C	VPS29	Q8N5H7	Q9UBQ0	SH2D3C_VPS29	1.78	0.83	1.65E-02	1.45E-03	Yes	No	No	No	No
EGFRNetmtKRAS-Lo	SH2D3C	RCC2	Q8N5H7	Q9P258	SH2D3C_RCC2	1.84	0.88	1.56E-02	8.04E-04	Yes	No	No	No	No
EGFRNetmtKRAS-Lo	SH2D3C	RNPEP	Q8N5H7	Q9H4A4	SH2D3C_RNPEP	1.51	0.59	4.39E-03	1.68E-02	Yes	No	No	No	No
EGFRNetmtKRAS-Lo	SH2D3C	WDR13	Q8N5H7	Q9H1Z4	SH2D3C_WDR13	2.24	1.16	6.72E-03	1.46E-05	No	No	No	No	No
EGFRNetmtKRAS-Lo	SH2D3C	HINT2	Q8N5H7	Q9BX68	SH2D3C_HINT2	2.64	1.40	2.15E-03	2.12E-07	Yes	No	No	No	No
EGFRNetmtKRAS-Lo	SH2D3C	GMPPA	Q8N5H7	Q96IJ6	SH2D3C_GMPPA	1.89	0.91	2.16E-02	5.07E-04	Yes	No	No	No	No
EGFRNetmtKRAS-Lo	SH2D3C	OTUB1	Q8N5H7	Q96FW1	SH2D3C_OTUB1	1.94	0.95	1.61E-02	3.09E-04	No	No	No	No	No
EGFRNetmtKRAS-Lo	SH2D3C	PYCR2	Q8N5H7	Q96C36	SH2D3C_PYCR2	1.51	0.59	6.73E-06	1.69E-02	No	No	No	No	No
EGFRNetmtKRAS-Lo	SH2D3C	LPP	Q8N5H7	Q93052	SH2D3C_LPP	1.44	0.53	6.81E-03	3.00E-02	No	No	No	No	No
EGFRNetmtKRAS-Lo	SH2D3C	DDX11L8	Q8N5H7	A8MPP1	SH2D3C_DDX11L8	1.43	0.51	3.84E-03	3.33E-02	No	No	No	No	No
EGFRNetmtKRAS-Lo	SH2D3C	DDX12P	Q8N5H7	Q92771	SH2D3C_DDX12P	1.43	0.51	3.84E-03	3.33E-02	No	No	No	No	No
EGFRNetmtKRAS-Lo	SH2D3C	LEMD2	Q8N5H7	Q8NC56	SH2D3C_LEMD2	1.45	0.54	1.17E-02	2.79E-02	No	No	No	No	No
EGFRNetmtKRAS-Lo	SH2D3C	SH2D3C	Q8N5H7	Q8N5H7	SH2D3C_SH2D3C	5.54	2.47	2.61E-07	2.03E-19	No	No	No	No	No
EGFRNetmtKRAS-Lo	SH2D3C	KIAA1967	Q8N5H7	Q8N163	SH2D3C_KIAA1967	1.43	0.51	7.78E-04	3.43E-02	No	No	No	No	No
EGFRNetmtKRAS-Lo	SH2D3C	DDX42	Q8N5H7	Q86XP3	SH2D3C_DDX42	1.52	0.60	3.40E-02	1.55E-02	No	No	No	No	No
EGFRNetmtKRAS-Lo	SH2D3C	USP34	Q8N5H7	Q70CQ2	SH2D3C_USP34	1.64	0.71	3.91E-02	5.53E-03	No	No	No	No	No
EGFRNetmtKRAS-Lo	SH2D3C	TRIM72	Q8N5H7	Q6ZMU5	SH2D3C_TRIM72	1.58	0.66	2.26E-04	9.13E-03	No	No	No	No	No
EGFRNetmtKRAS-Lo	SH2D3C	RNF213	Q8N5H7	Q63HN8	SH2D3C_RNF213	1.41	0.50	8.57E-03	3.89E-02	Yes	No	No	No	No
EGFRNetmtKRAS-Lo	SH2D3C	NEDD8	Q8N5H7	Q15843	SH2D3C_NEDD8	1.71	0.77	2.73E-04	2.74E-03	Yes	No	No	No	No
EGFRNetmtKRAS-Lo	SH2D3C	PTGES3	Q8N5H7	Q15185	SH2D3C_PTGES3	2.24	1.17	1.41E-03	1.34E-05	Yes	No	No	No	No
EGFRNetmtKRAS-Lo	SH2D3C	PAFAH1B3	Q8N5H7	Q15102	SH2D3C_PAFAH1B3	3.17	1.66	2.39E-02	9.38E-10	Yes	No	No	No	No
EGFRNetmtKRAS-Lo	SH2D3C	PRPSAP1	Q8N5H7	Q14558	SH2D3C_PRPSAP1	1.42	0.50	7.14E-06	3.72E-02	No	No	No	No	No
EGFRNetmtKRAS-Lo	SH2D3C	TTLL12	Q8N5H7	Q14166	SH2D3C_TTLL12	2.13	1.09	1.96E-02	4.27E-05	Yes	No	No	No	No
EGFRNetmtKRAS-Lo	SH2D3C	COTL1	Q8N5H7	Q14019	SH2D3C_COTL1	3.66	1.87	5.51E-06	6.89E-12	Yes	No	No	No	No
EGFRNetmtKRAS-Lo	SH2D3C	PPID	Q8N5H7	Q08752	SH2D3C_PPID	1.60	0.67	3.68E-02	7.92E-03	Yes	No	No	No	No
EGFRNetmtKRAS-Lo	SH2D3C	GSTO1	Q8N5H7	P78417	SH2D3C_GSTO1	2.74	1.45	2.07E-02	8.14E-08	Yes	No	No	No	No
EGFRNetmtKRAS-Lo	SH2D3C	PAFAH1B2	Q8N5H7	P68402	SH2D3C_PAFAH1B2	3.03	1.60	1.83E-05	3.91E-09	Yes	No	No	No	No
EGFRNetmtKRAS-Lo	SH2D3C	TUBA4A	Q8N5H7	P68366	SH2D3C_TUBA4A	1.60	0.68	3.16E-02	7.70E-03	Yes	No	No	No	No
EGFRNetmtKRAS-Lo	SH2D3C	YWHAZ	Q8N5H7	P63104	SH2D3C_YWHAZ	1.53	0.62	4.83E-02	1.39E-02	No	No	No	No	No
EGFRNetmtKRAS-Lo	SH2D3C	PPIA	Q8N5H7	P62937	SH2D3C_PPIA	1.54	0.62	4.62E-02	1.30E-02	No	No	No	No	No
EGFRNetmtKRAS-Lo	SH2D3C	YWHAG	Q8N5H7	P61981	SH2D3C_YWHAG	1.68	0.75	2.55E-02	3.62E-03	Yes	No	No	No	No
EGFRNetmtKRAS-Lo	SH2D3C	PRPS1	Q8N5H7	P60891	SH2D3C_PRPS1	1.64	0.72	1.20E-04	5.09E-03	No	No	No	No	No
EGFRNetmtKRAS-Lo	SH2D3C	ADK	Q8N5H7	P55263	SH2D3C_ADK	3.48	1.80	7.43E-06	3.99E-11	Yes	No	No	No	No
EGFRNetmtKRAS-Lo	SH2D3C	ARHGDIA	Q8N5H7	P52565	SH2D3C_ARHGDIA	2.52	1.34	5.43E-03	7.33E-07	Yes	No	No	No	No
EGFRNetmtKRAS-Lo	SH2D3C	HDGF	Q8N5H7	P51858	SH2D3C_HDGF	1.43	0.51	4.80E-02	3.42E-02	Yes	No	No	No	No
EGFRNetmtKRAS-Lo	SH2D3C	CRIP1	Q8N5H7	P50238	SH2D3C_CRIP1	1.81	0.85	7.43E-03	1.09E-03	Yes	No	No	No	No
EGFRNetmtKRAS-Lo	SH2D3C	MARCKSL1	Q8N5H7	P49006	SH2D3C_MARCKSL1	2.08	1.06	2.20E-03	7.12E-05	Yes	No	No	No	No
EGFRNetmtKRAS-Lo	SH2D3C	ALDH1A3	Q8N5H7	P47895	SH2D3C_ALDH1A3	1.93	0.95	7.73E-07	3.14E-04	Yes	No	No	No	No
EGFRNetmtKRAS-Lo	SH2D3C	EIF4A3	Q8N5H7	P38919	SH2D3C_EIF4A3	1.48	0.56	3.38E-02	2.21E-02	Yes	No	No	No	No
EGFRNetmtKRAS-Lo	SH2D3C	PRDX2	Q8N5H7	P32119	SH2D3C_PRDX2	1.46	0.54	7.58E-03	2.63E-02	Yes	No	No	No	No
EGFRNetmtKRAS-Lo	SH2D3C	HLA-B	Q8N5H7	Q31610	SH2D3C_HLA-B	1.70	0.76	2.82E-04	3.10E-03	Yes	No	No	No	No
EGFRNetmtKRAS-Lo	SH2D3C	DNAJB1	Q8N5H7	P25685	SH2D3C_DNAJB1	2.08	1.06	5.84E-03	7.09E-05	Yes	No	No	No	No
EGFRNetmtKRAS-Lo	SH2D3C	UBA1	Q8N5H7	P22314	SH2D3C_UBA1	1.94	0.96	3.97E-02	2.82E-04	No	No	No	No	No
EGFRNetmtKRAS-Lo	SH2D3C	NQO1	Q8N5H7	P15559	SH2D3C_NQO1	1.51	0.59	4.71E-02	1.74E-02	Yes	No	No	No	No
EGFRNetmtKRAS-Lo	SH2D3C	EZR	Q8N5H7	P15311	SH2D3C_EZR	1.40	0.48	2.31E-03	4.30E-02	No	No	No	No	No
EGFRNetmtKRAS-Lo	SH2D3C	ANXA3	Q8N5H7	P12429	SH2D3C_ANXA3	2.59	1.37	4.72E-02	3.80E-07	Yes	No	No	No	No
EGFRNetmtKRAS-Lo	SH2D3C	CKB	Q8N5H7	P12277	SH2D3C_CKB	2.87	1.52	1.83E-04	1.94E-08	Yes	No	No	No	No
EGFRNetmtKRAS-Lo	SH2D3C	PRPS2	Q8N5H7	P11908	SH2D3C_PRPS2	1.69	0.76	8.26E-04	3.21E-03	No	No	No	No	No
EGFRNetmtKRAS-Lo	SH2D3C	G6PD	Q8N5H7	P11413	SH2D3C_G6PD	1.55	0.64	4.36E-03	1.16E-02	Yes	No	No	No	No
EGFRNetmtKRAS-Lo	SH2D3C	GAA	Q8N5H7	P10253	SH2D3C_GAA	1.63	0.70	3.43E-02	6.07E-03	Yes	No	No	No	No
EGFRNetmtKRAS-Lo	SH2D3C	GSTP1	Q8N5H7	P09211	SH2D3C_GSTP1	1.93	0.95	2.92E-02	3.15E-04	No	No	No	No	No
EGFRNetmtKRAS-Lo	SH2D3C	ANXA2P2	Q8N5H7	A6NMY6	SH2D3C_ANXA2P2	1.40	0.49	2.22E-02	4.11E-02	No	No	No	No	No
EGFRNetmtKRAS-Lo	SH2D3C	ANXA2	Q8N5H7	P07355	SH2D3C_ANXA2	1.40	0.49	2.22E-02	4.11E-02	Yes	No	No	No	No
EGFRNetmtKRAS-Lo	SH2D3C	ISG15	Q8N5H7	P05161	SH2D3C_ISG15	1.80	0.85	1.84E-03	1.15E-03	Yes	No	No	No	No
EGFRNetmtKRAS-Lo	SH2D3C	HSPB1	Q8N5H7	P04792	SH2D3C_HSPB1	1.74	0.80	2.35E-02	1.99E-03	No	No	No	No	No
EGFRNetmtKRAS-Lo	SH2D3C	CAT	Q8N5H7	P04040	SH2D3C_CAT	2.16	1.11	7.16E-05	3.16E-05	Yes	No	No	No	No
EGFRNetmtKRAS-Lo	SH2D3C	HLA-C	Q8N5H7	P10321	SH2D3C_HLA-C	1.42	0.50	2.04E-04	3.65E-02	No	No	No	No	No
EGFRNetmtKRAS-Lo	SH2D3C	PGK1	Q8N5H7	P00558	SH2D3C_PGK1	3.55	1.83	7.77E-03	2.11E-11	Yes	No	No	No	No
EGFRNetmtKRAS-Lo	SH2D3C	TXNDC12	Q8N5H7	O95881	SH2D3C_TXNDC12	1.75	0.81	5.99E-03	1.87E-03	Yes	No	No	No	No
EGFRNetmtKRAS-Lo	SH2D3C	IDH1	Q8N5H7	O75874	SH2D3C_IDH1	2.58	1.37	1.18E-02	4.21E-07	Yes	No	No	No	No
EGFRNetmtKRAS-Lo	SH2D3C	CS	Q8N5H7	O75390	SH2D3C_CS	2.04	1.03	8.21E-03	1.09E-04	Yes	No	No	No	No
EGFRNetmtKRAS-Lo	SH2D3C	PRPSAP2	Q8N5H7	O60256	SH2D3C_PRPSAP2	1.54	0.62	1.05E-03	1.36E-02	No	No	No	No	No
EGFRNetmtKRAS-Lo	SH2D3C	ACTN4	Q8N5H7	O43707	SH2D3C_ACTN4	1.39	0.47	2.01E-04	4.64E-02	Yes	No	No	No	No
EGFRNetmtKRAS-Lo	SH2D3C	B4GALT5	Q8N5H7	O43286	SH2D3C_B4GALT5	1.71	0.77	1.44E-03	2.76E-03	Yes	No	No	No	No
EGFRNetmtKRAS-Lo	SH2D3C	CLIC1	Q8N5H7	O00299	SH2D3C_CLIC1	4.56	2.19	6.27E-03	1.30E-15	Yes	No	No	No	No
EGFRNetmtKRAS-Lo	SH2D3C	ACOT7	Q8N5H7	O00154	SH2D3C_ACOT7	2.18	1.13	1.67E-02	2.50E-05	No	No	No	No	No
EGFRNetmtKRAS-Lo	SH3BGRL	MYO6	O75368	Q9UM54	SH3BGRL_MYO6	1.64	0.71	1.25E-02	2.04E-02	No	No	No	No	No
EGFRNetmtKRAS-Lo	SH3BGRL	CORO1C	O75368	Q9ULV4	SH3BGRL_CORO1C	3.87	1.95	7.27E-09	1.16E-08	No	No	No	No	No
EGFRNetmtKRAS-Lo	SH3BGRL	MYO5B	O75368	Q9ULV0	SH3BGRL_MYO5B	1.80	0.85	5.19E-03	7.20E-03	No	No	No	No	No
EGFRNetmtKRAS-Lo	SH3BGRL	PSME2	O75368	Q9UL46	SH3BGRL_PSME2	1.97	0.98	9.68E-03	2.49E-03	Yes	No	No	No	No
EGFRNetmtKRAS-Lo	SH3BGRL	LIMA1	O75368	Q9UHB6	SH3BGRL_LIMA1	2.63	1.40	1.48E-06	3.13E-05	No	No	No	No	No
EGFRNetmtKRAS-Lo	SH3BGRL	TMOD3	O75368	Q9NYL9	SH3BGRL_TMOD3	2.97	1.57	3.21E-06	3.38E-06	No	No	No	No	No
EGFRNetmtKRAS-Lo	SH3BGRL	FANCD2	O75368	Q9BXW9	SH3BGRL_FANCD2	2.82	1.49	1.17E-02	9.39E-06	No	No	No	No	No
EGFRNetmtKRAS-Lo	SH3BGRL	CORO1B	O75368	Q9BR76	SH3BGRL_CORO1B	3.04	1.60	2.40E-06	2.19E-06	No	No	No	No	No
EGFRNetmtKRAS-Lo	SH3BGRL	ARPC5L	O75368	Q9BPX5	SH3BGRL_ARPC5L	2.64	1.40	2.02E-05	2.94E-05	No	No	No	No	No
EGFRNetmtKRAS-Lo	SH3BGRL	SH3KBP1	O75368	Q96B97	SH3BGRL_SH3KBP1	2.32	1.22	3.90E-02	2.44E-04	No	No	No	No	No
EGFRNetmtKRAS-Lo	SH3BGRL	CORO2A	O75368	Q92828	SH3BGRL_CORO2A	2.26	1.17	1.16E-02	3.80E-04	No	No	No	No	No
EGFRNetmtKRAS-Lo	SH3BGRL	ARPC1A	O75368	Q92747	SH3BGRL_ARPC1A	2.22	1.15	3.44E-02	4.76E-04	No	No	No	No	No
EGFRNetmtKRAS-Lo	SH3BGRL	IPO4	O75368	Q8TEX9	SH3BGRL_IPO4	1.60	0.68	4.08E-02	2.54E-02	No	No	No	No	No
EGFRNetmtKRAS-Lo	SH3BGRL	RDH11	O75368	Q8TC12	SH3BGRL_RDH11	1.88	0.91	2.67E-02	4.55E-03	No	No	No	No	No
EGFRNetmtKRAS-Lo	SH3BGRL	ACTBL2	O75368	Q562R1	SH3BGRL_ACTBL2	2.47	1.30	1.16E-02	9.54E-05	No	No	No	No	No
EGFRNetmtKRAS-Lo	SH3BGRL	DBN1	O75368	Q16643	SH3BGRL_DBN1	2.27	1.18	1.26E-03	3.41E-04	No	No	No	No	No
EGFRNetmtKRAS-Lo	SH3BGRL	TOMM34	O75368	Q15785	SH3BGRL_TOMM34	1.57	0.65	3.82E-02	3.11E-02	No	No	No	No	No
EGFRNetmtKRAS-Lo	SH3BGRL	CTTN	O75368	Q14247	SH3BGRL_CTTN	1.52	0.60	1.55E-03	4.10E-02	No	No	No	No	No
EGFRNetmtKRAS-Lo	SH3BGRL	FLII	O75368	Q13045	SH3BGRL_FLII	1.72	0.78	5.62E-04	1.25E-02	No	No	No	No	No
EGFRNetmtKRAS-Lo	SH3BGRL	TWF1	O75368	Q12792	SH3BGRL_TWF1	2.43	1.28	1.02E-08	1.18E-04	No	No	No	No	No
EGFRNetmtKRAS-Lo	SH3BGRL	REEP5	O75368	Q00765	SH3BGRL_REEP5	1.78	0.83	1.58E-02	8.50E-03	Yes	No	No	No	No
EGFRNetmtKRAS-Lo	SH3BGRL	ACTG1	O75368	P63261	SH3BGRL_ACTG1	2.29	1.20	7.58E-06	2.98E-04	No	No	No	No	No
EGFRNetmtKRAS-Lo	SH3BGRL	ACTR2	O75368	P61160	SH3BGRL_ACTR2	2.13	1.09	7.52E-11	8.79E-04	No	No	No	No	No
EGFRNetmtKRAS-Lo	SH3BGRL	ACTR3	O75368	P61158	SH3BGRL_ACTR3	2.19	1.13	1.10E-07	5.93E-04	No	No	No	No	No
EGFRNetmtKRAS-Lo	SH3BGRL	DSTN	O75368	P60981	SH3BGRL_DSTN	1.55	0.63	7.02E-03	3.44E-02	No	No	No	No	No
EGFRNetmtKRAS-Lo	SH3BGRL	ACTB	O75368	P60709	SH3BGRL_ACTB	2.44	1.29	6.43E-07	1.14E-04	No	No	No	No	No
EGFRNetmtKRAS-Lo	SH3BGRL	ARPC4	O75368	P59998	SH3BGRL_ARPC4	2.77	1.47	1.90E-05	1.30E-05	No	No	No	No	No
EGFRNetmtKRAS-Lo	SH3BGRL	CAPZA1	O75368	P52907	SH3BGRL_CAPZA1	3.21	1.68	2.42E-06	7.22E-07	No	No	No	No	No
EGFRNetmtKRAS-Lo	SH3BGRL	HNRNPM	O75368	P52272	SH3BGRL_HNRNPM	1.54	0.62	2.53E-04	3.65E-02	No	No	No	No	No
EGFRNetmtKRAS-Lo	SH3BGRL	CAPZB	O75368	P47756	SH3BGRL_CAPZB	3.39	1.76	1.84E-06	2.30E-07	No	No	No	No	No
EGFRNetmtKRAS-Lo	SH3BGRL	CAPZA2	O75368	P47755	SH3BGRL_CAPZA2	3.18	1.67	7.11E-06	8.97E-07	No	No	No	No	No
EGFRNetmtKRAS-Lo	SH3BGRL	CFL1	O75368	P23528	SH3BGRL_CFL1	1.93	0.95	1.05E-05	3.20E-03	No	No	No	No	No
EGFRNetmtKRAS-Lo	SH3BGRL	ELK1	O75368	P19419	SH3BGRL_ELK1	6.86	2.78	6.14E-03	9.94E-16	No	No	No	No	No
EGFRNetmtKRAS-Lo	SH3BGRL	ITGA2	O75368	P17301	SH3BGRL_ITGA2	1.60	0.68	9.55E-03	2.56E-02	No	No	No	No	No
EGFRNetmtKRAS-Lo	SH3BGRL	AKR1A1	O75368	P14550	SH3BGRL_AKR1A1	2.46	1.30	9.94E-03	9.64E-05	Yes	No	No	No	No
EGFRNetmtKRAS-Lo	SH3BGRL	HSPA8	O75368	P11142	SH3BGRL_HSPA8	1.51	0.59	9.15E-05	4.38E-02	No	No	No	No	No
EGFRNetmtKRAS-Lo	SH3BGRL	GSN	O75368	P06396	SH3BGRL_GSN	2.46	1.30	3.37E-04	1.02E-04	No	No	No	No	No
EGFRNetmtKRAS-Lo	SH3BGRL	HSPB1	O75368	P04792	SH3BGRL_HSPB1	1.93	0.95	1.55E-03	3.16E-03	Yes	No	No	No	No
EGFRNetmtKRAS-Lo	SH3BGRL	BAG2	O75368	O95816	SH3BGRL_BAG2	1.86	0.90	1.70E-02	5.02E-03	No	No	No	No	No
EGFRNetmtKRAS-Lo	SH3BGRL	SVIL	O75368	O95425	SH3BGRL_SVIL	2.73	1.45	6.95E-05	1.72E-05	No	No	No	No	No
EGFRNetmtKRAS-Lo	SH3BGRL	MYO1D	O75368	O94832	SH3BGRL_MYO1D	1.87	0.90	1.66E-02	4.86E-03	No	No	No	No	No
EGFRNetmtKRAS-Lo	SH3BGRL	SH3BGRL	O75368	O75368	SH3BGRL_SH3BGRL	17.84	4.16	6.14E-10	8.34E-33	No	No	No	No	No
EGFRNetmtKRAS-Lo	SH3BGRL	WDR1	O75368	O75083	SH3BGRL_WDR1	1.93	0.95	2.39E-07	3.30E-03	No	No	No	No	No
EGFRNetmtKRAS-Lo	SH3BGRL	MYO1B	O75368	O43795	SH3BGRL_MYO1B	1.73	0.79	4.43E-02	1.14E-02	No	No	No	No	No
EGFRNetmtKRAS-Lo	SH3BGRL	ARPC5	O75368	O15511	SH3BGRL_ARPC5	2.28	1.19	1.83E-03	3.37E-04	No	No	No	No	No
EGFRNetmtKRAS-Lo	SH3BGRL	ARPC3	O75368	O15145	SH3BGRL_ARPC3	2.39	1.26	4.30E-07	1.57E-04	No	No	No	No	No
EGFRNetmtKRAS-Lo	SH3BGRL	ARPC2	O75368	O15144	SH3BGRL_ARPC2	2.15	1.10	7.21E-06	7.87E-04	No	No	No	No	No
EGFRNetmtKRAS-Lo	SH3BGRL	ARPC1B	O75368	O15143	SH3BGRL_ARPC1B	2.12	1.08	5.50E-07	9.69E-04	No	No	No	No	No
EGFRNetmtKRAS-Lo	SH3BGRL	MYO1C	O75368	O00159	SH3BGRL_MYO1C	1.71	0.78	2.51E-04	1.29E-02	No	No	No	No	No
EGFRNetmtKRAS-Lo	SH3GL3	THRAP3	Q99963	Q9Y2W1	SH3GL3_THRAP3	1.54	0.62	3.46E-02	3.66E-02	No	No	No	No	No
EGFRNetmtKRAS-Lo	SH3GL3	RCL1	Q99963	Q9Y2P8	SH3GL3_RCL1	1.68	0.75	1.22E-03	1.53E-02	No	No	No	No	No
EGFRNetmtKRAS-Lo	SH3GL3	PPP6R1	Q99963	Q9UPN7	SH3GL3_PPP6R1	1.53	0.62	5.54E-03	3.74E-02	Yes	No	No	No	No
EGFRNetmtKRAS-Lo	SH3GL3	DPP7	Q99963	Q9UHL4	SH3GL3_DPP7	1.52	0.60	5.63E-04	4.14E-02	No	No	No	No	No
EGFRNetmtKRAS-Lo	SH3GL3	SUN2	Q99963	Q9UH99	SH3GL3_SUN2	1.52	0.60	2.78E-02	4.08E-02	No	No	No	No	No
EGFRNetmtKRAS-Lo	SH3GL3	MRPS18A	Q99963	Q9NVS2	SH3GL3_MRPS18A	1.49	0.57	3.44E-10	4.89E-02	Yes	No	No	No	No
EGFRNetmtKRAS-Lo	SH3GL3	MRPL32	Q99963	Q9BYC8	SH3GL3_MRPL32	1.79	0.84	2.71E-09	7.66E-03	Yes	No	No	No	No
EGFRNetmtKRAS-Lo	SH3GL3	C11ORF84	Q99963	Q9BUA3	SH3GL3_C11ORF84	1.50	0.59	2.42E-07	4.55E-02	Yes	No	No	No	No
EGFRNetmtKRAS-Lo	SH3GL3	SH3GL3	Q99963	Q99963	SH3GL3_SH3GL3	12.94	3.69	1.00E-17	1.77E-26	No	No	No	Yes	No
EGFRNetmtKRAS-Lo	SH3GL3	MRPL24	Q99963	Q96A35	SH3GL3_MRPL24	1.51	0.60	5.41E-06	4.27E-02	No	No	No	No	No
EGFRNetmtKRAS-Lo	SH3GL3	PPHLN1	Q99963	Q8NEY8	SH3GL3_PPHLN1	1.90	0.93	6.33E-04	3.80E-03	Yes	No	No	No	No
EGFRNetmtKRAS-Lo	SH3GL3	SCYL2	Q99963	Q6P3W7	SH3GL3_SCYL2	6.47	2.69	2.47E-02	5.64E-15	Yes	No	No	No	No
EGFRNetmtKRAS-Lo	SH3GL3	PPP6R3	Q99963	Q5H9R7	SH3GL3_PPP6R3	1.65	0.72	4.57E-02	1.91E-02	No	No	No	No	No
EGFRNetmtKRAS-Lo	SH3GL3	DECR1	Q99963	Q16698	SH3GL3_DECR1	1.81	0.86	7.85E-03	6.92E-03	No	No	No	No	No
EGFRNetmtKRAS-Lo	SH3GL3	STK38	Q99963	Q15208	SH3GL3_STK38	2.04	1.03	1.09E-02	1.61E-03	Yes	No	No	No	No
EGFRNetmtKRAS-Lo	SH3GL3	BMS1	Q99963	Q14692	SH3GL3_BMS1	1.57	0.65	1.83E-06	3.03E-02	Yes	No	No	No	No
EGFRNetmtKRAS-Lo	SH3GL3	ACACA	Q99963	Q13085	SH3GL3_ACACA	1.49	0.57	4.02E-02	4.98E-02	No	No	No	No	No
EGFRNetmtKRAS-Lo	SH3GL3	RPL36AL	Q99963	Q969Q0	SH3GL3_RPL36AL	1.85	0.88	3.91E-02	5.50E-03	No	No	No	No	No
EGFRNetmtKRAS-Lo	SH3GL3	RPL36A	Q99963	P83881	SH3GL3_RPL36A	1.85	0.88	3.91E-02	5.50E-03	No	No	No	No	No
EGFRNetmtKRAS-Lo	SH3GL3	PRPS1	Q99963	P60891	SH3GL3_PRPS1	1.53	0.62	4.76E-02	3.78E-02	No	No	No	No	No
EGFRNetmtKRAS-Lo	SH3GL3	BCAP31	Q99963	P51572	SH3GL3_BCAP31	1.65	0.72	1.72E-02	1.85E-02	No	No	No	No	No
EGFRNetmtKRAS-Lo	SH3GL3	ITGA3	Q99963	P26006	SH3GL3_ITGA3	1.53	0.61	6.00E-04	3.91E-02	No	No	No	No	No
EGFRNetmtKRAS-Lo	SH3GL3	DSP	Q99963	P15924	SH3GL3_DSP	1.61	0.69	4.43E-02	2.38E-02	No	No	No	No	No
EGFRNetmtKRAS-Lo	SH3GL3	PRKAR1A	Q99963	P10644	SH3GL3_PRKAR1A	2.71	1.44	2.13E-07	1.82E-05	No	No	No	No	No
EGFRNetmtKRAS-Lo	SH3GL3	PARP1	Q99963	P09874	SH3GL3_PARP1	1.72	0.78	1.83E-02	1.21E-02	No	No	No	No	No
EGFRNetmtKRAS-Lo	SH3GL3	PRKCB	Q99963	P05771	SH3GL3_PRKCB	8.75	3.13	6.42E-03	1.51E-19	No	No	No	No	No
EGFRNetmtKRAS-Lo	SH3GL3	HSPB1	Q99963	P04792	SH3GL3_HSPB1	1.70	0.76	1.52E-02	1.39E-02	Yes	No	No	No	No
EGFRNetmtKRAS-Lo	SH3GL3	RNGTT	Q99963	O60942	SH3GL3_RNGTT	1.59	0.67	3.94E-03	2.73E-02	No	No	No	No	No
EGFRNetmtKRAS-Lo	SH3GL3	ANKRD28	Q99963	O15084	SH3GL3_ANKRD28	2.19	1.13	2.04E-03	5.68E-04	Yes	No	No	No	No
EGFRNetmtKRAS-Lo	SH3GL3	ADAM10	Q99963	O14672	SH3GL3_ADAM10	1.67	0.74	2.44E-03	1.66E-02	No	No	No	No	No
EGFRNetmtKRAS-Lo	SH3GL3	RBFOX3	Q99963	Q8BIF2	SH3GL3_RBFOX3	1.71	0.77	4.68E-02	1.29E-02	No	No	No	No	No
EGFRNetmtKRAS-Lo	SH3GL3	RBFOX2	Q99963	O43251	SH3GL3_RBFOX2	1.71	0.77	4.68E-02	1.29E-02	No	No	No	No	No
EGFRNetmtKRAS-Lo	SH3GL3	RBFOX1	Q99963	Q9NWB1	SH3GL3_RBFOX1	1.71	0.77	4.68E-02	1.29E-02	No	No	No	No	No
EGFRNetmtKRAS-Lo	SH3KBP1	CD2AP	Q96B97	Q9Y5K6	SH3KBP1_CD2AP	11.64	3.54	9.77E-09	2.96E-37	No	Yes	No	Yes	Yes
EGFRNetmtKRAS-Lo	SH3KBP1	SH3BP1	Q96B97	Q9Y3L3	SH3KBP1_SH3BP1	11.09	3.47	1.09E-07	7.17E-36	No	Yes	No	No	No
EGFRNetmtKRAS-Lo	SH3KBP1	ASAP1	Q96B97	Q9ULH1	SH3KBP1_ASAP1	8.19	3.03	2.30E-07	8.19E-28	No	Yes	No	Yes	No
EGFRNetmtKRAS-Lo	SH3KBP1	WDR26	Q96B97	Q9H7D7	SH3KBP1_WDR26	1.68	0.75	4.25E-02	4.44E-03	No	No	No	No	No
EGFRNetmtKRAS-Lo	SH3KBP1	ARAP1	Q96B97	Q96P48	SH3KBP1_ARAP1	14.82	3.89	1.12E-08	1.42E-44	No	Yes	No	Yes	No
EGFRNetmtKRAS-Lo	SH3KBP1	SH3KBP1	Q96B97	Q96B97	SH3KBP1_SH3KBP1	16.86	4.08	8.34E-10	9.37E-49	No	No	Yes	Yes	No
EGFRNetmtKRAS-Lo	SH3KBP1	ARAP3	Q96B97	Q8WWN8	SH3KBP1_ARAP3	10.65	3.41	3.97E-03	1.00E-34	No	No	No	Yes	No
EGFRNetmtKRAS-Lo	SH3KBP1	MICALL1	Q96B97	Q8N3F8	SH3KBP1_MICALL1	5.57	2.48	1.54E-03	4.11E-19	No	Yes	No	Yes	No
EGFRNetmtKRAS-Lo	SH3KBP1	RTKN2	Q96B97	Q8IZC4	SH3KBP1_RTKN2	13.20	3.72	5.26E-04	5.54E-41	No	Yes	No	No	No
EGFRNetmtKRAS-Lo	SH3KBP1	DNMBP	Q96B97	Q6XZF7	SH3KBP1_DNMBP	2.82	1.49	6.27E-04	5.53E-08	No	No	No	No	No
EGFRNetmtKRAS-Lo	SH3KBP1	ARHGAP17	Q96B97	Q68EM7	SH3KBP1_ARHGAP17	6.07	2.60	1.11E-06	6.67E-21	No	Yes	No	Yes	No
EGFRNetmtKRAS-Lo	SH3KBP1	HSD17B12	Q96B97	Q53GQ0	SH3KBP1_HSD17B12	1.45	0.54	1.44E-04	3.09E-02	No	No	No	No	No
EGFRNetmtKRAS-Lo	SH3KBP1	SLC25A11	Q96B97	Q02978	SH3KBP1_SLC25A11	1.51	0.59	2.73E-02	2.00E-02	No	No	No	No	No
EGFRNetmtKRAS-Lo	SH3KBP1	CSNK2A3 	Q96B97	Q8NEV1	SH3KBP1_CSNK2A3	1.50	0.59	1.57E-02	2.04E-02	No	No	No	No	No
EGFRNetmtKRAS-Lo	SH3KBP1	CSNK2A1	Q96B97	P68400	SH3KBP1_CSNK2A1	1.50	0.59	1.57E-02	2.04E-02	No	No	No	No	No
EGFRNetmtKRAS-Lo	SH3KBP1	CSNK2B	Q96B97	P67870	SH3KBP1_CSNK2B	1.42	0.51	7.80E-03	4.02E-02	No	No	No	No	No
EGFRNetmtKRAS-Lo	SH3KBP1	GRB2	Q96B97	P62993	SH3KBP1_GRB2	2.07	1.05	6.96E-03	1.03E-04	Yes	No	No	Yes	No
EGFRNetmtKRAS-Lo	SH3KBP1	CAPZA1	Q96B97	P52907	SH3KBP1_CAPZA1	12.16	3.60	2.15E-08	1.64E-38	No	Yes	No	Yes	No
EGFRNetmtKRAS-Lo	SH3KBP1	SERPINH1	Q96B97	P50454	SH3KBP1_SERPINH1	1.45	0.54	4.36E-03	3.16E-02	Yes	No	No	Yes	No
EGFRNetmtKRAS-Lo	SH3KBP1	ALDH1A3	Q96B97	P47895	SH3KBP1_ALDH1A3	2.13	1.09	2.50E-02	5.56E-05	Yes	No	No	No	No
EGFRNetmtKRAS-Lo	SH3KBP1	CAPZB	Q96B97	P47756	SH3KBP1_CAPZB	15.06	3.91	6.91E-10	4.32E-45	No	Yes	No	Yes	No
EGFRNetmtKRAS-Lo	SH3KBP1	CAPZA2	Q96B97	P47755	SH3KBP1_CAPZA2	11.74	3.55	3.60E-08	1.68E-37	No	Yes	No	Yes	Yes
EGFRNetmtKRAS-Lo	SH3KBP1	CRKL	Q96B97	P46109	SH3KBP1_CRKL	1.87	0.91	5.45E-04	7.13E-04	No	No	No	No	No
EGFRNetmtKRAS-Lo	SH3KBP1	HSPA9	Q96B97	P38646	SH3KBP1_HSPA9	2.16	1.11	9.94E-09	4.28E-05	No	No	No	No	No
EGFRNetmtKRAS-Lo	SH3KBP1	ITGA3	Q96B97	P26006	SH3KBP1_ITGA3	1.50	0.58	4.69E-02	2.19E-02	No	No	No	No	No
EGFRNetmtKRAS-Lo	SH3KBP1	HSPA8	Q96B97	P11142	SH3KBP1_HSPA8	1.57	0.65	4.82E-11	1.20E-02	No	No	No	No	No
EGFRNetmtKRAS-Lo	SH3KBP1	HSPA5	Q96B97	P11021	SH3KBP1_HSPA5	2.53	1.34	2.82E-08	9.73E-07	No	No	No	No	No
EGFRNetmtKRAS-Lo	SH3KBP1	HSPA1A	Q96B97	P08107	SH3KBP1_HSPA1A	1.44	0.53	4.58E-09	3.45E-02	No	No	No	No	No
EGFRNetmtKRAS-Lo	SH3KBP1	HSPB1	Q96B97	P04792	SH3KBP1_HSPB1	1.63	0.70	1.72E-03	7.15E-03	Yes	No	No	No	No
EGFRNetmtKRAS-Lo	SH3KBP1	MTA2	Q96B97	O94776	SH3KBP1_MTA2	1.63	0.70	4.85E-02	7.19E-03	No	No	No	No	No
EGFRNetmtKRAS-Lo	SH3KBP1	ASAP2	Q96B97	O43150	SH3KBP1_ASAP2	9.44	3.24	4.66E-07	1.91E-31	No	Yes	Yes	Yes	No
EGFRNetmtKRAS-Lo	SH3KBP1	SYNJ2	Q96B97	O15056	SH3KBP1_SYNJ2	4.31	2.11	2.22E-03	2.73E-14	No	Yes	No	Yes	No
EGFRNetmtKRAS-Lo	SH3KBP1	USP27X	Q96B97	A6NNY8	SH3KBP1_USP27X	11.94	3.58	1.11E-03	5.54E-38	No	Yes	No	No	No
EGFRNetmtKRAS-Lo	SHC1	PROCR	P29353	Q9UNN8	SHC1_PROCR	1.98	0.98	3.26E-02	2.67E-05	No	No	No	No	No
EGFRNetmtKRAS-Lo	SHC1	FAM59A	P29353	Q9H706	SHC1_FAM59A	4.88	2.29	1.10E-03	2.19E-21	No	Yes	No	Yes	No
EGFRNetmtKRAS-Lo	SHC1	AP2M1	P29353	Q96CW1	SHC1_AP2M1	6.90	2.79	2.31E-04	8.62E-31	No	No	No	Yes	No
EGFRNetmtKRAS-Lo	SHC1	PYCR2	P29353	Q96C36	SHC1_PYCR2	1.37	0.46	3.23E-02	3.18E-02	No	No	No	No	No
EGFRNetmtKRAS-Lo	SHC1	USP7	P29353	Q93009	SHC1_USP7	1.55	0.63	3.46E-04	4.70E-03	No	No	No	No	No
EGFRNetmtKRAS-Lo	SHC1	USP9X	P29353	Q93008	SHC1_USP9X	4.72	2.24	7.46E-03	1.43E-20	No	No	No	Yes	No
EGFRNetmtKRAS-Lo	SHC1	ANKS1B	P29353	Q7Z6G8	SHC1_ANKS1B	8.74	3.13	1.14E-02	2.54E-38	No	No	No	No	No
EGFRNetmtKRAS-Lo	SHC1	ANKS1A	P29353	Q92625	SHC1_ANKS1A	8.74	3.13	1.14E-02	2.54E-38	No	No	No	No	No
EGFRNetmtKRAS-Lo	SHC1	LRRK1	P29353	Q38SD2	SHC1_LRRK1	4.07	2.03	7.94E-05	3.72E-17	Yes	No	No	Yes	No
EGFRNetmtKRAS-Lo	SHC1	TMED1	P29353	Q13445	SHC1_TMED1	1.40	0.49	3.18E-02	2.33E-02	No	No	No	No	No
EGFRNetmtKRAS-Lo	SHC1	ARHGEF5	P29353	Q12774	SHC1_ARHGEF5	4.91	2.30	4.20E-02	1.54E-21	Yes	No	No	Yes	No
EGFRNetmtKRAS-Lo	SHC1	PRKCD	P29353	Q05655	SHC1_PRKCD	7.32	2.87	3.67E-03	1.28E-32	No	No	No	Yes	No
EGFRNetmtKRAS-Lo	SHC1	PTPN12	P29353	Q05209	SHC1_PTPN12	4.80	2.26	8.96E-04	5.69E-21	No	Yes	No	Yes	No
EGFRNetmtKRAS-Lo	SHC1	PPP2R2D	P29353	Q66LE6	SHC1_PPP2R2D	1.67	0.74	3.49E-02	1.17E-03	No	No	No	No	No
EGFRNetmtKRAS-Lo	SHC1	PPP2R2A	P29353	P63151	SHC1_PPP2R2A	1.67	0.74	3.49E-02	1.17E-03	No	No	No	No	No
EGFRNetmtKRAS-Lo	SHC1	AP2B1	P29353	P63010	SHC1_AP2B1	4.01	2.00	8.23E-04	8.14E-17	No	No	No	Yes	No
EGFRNetmtKRAS-Lo	SHC1	YWHAE	P29353	P62258	SHC1_YWHAE	1.48	0.56	1.98E-02	1.07E-02	No	No	No	No	No
EGFRNetmtKRAS-Lo	SHC1	YWHAG	P29353	P61981	SHC1_YWHAG	1.37	0.45	1.50E-02	3.35E-02	No	No	No	No	No
EGFRNetmtKRAS-Lo	SHC1	AP2S1	P29353	P53680	SHC1_AP2S1	11.80	3.56	1.24E-02	4.39E-49	No	No	No	No	No
EGFRNetmtKRAS-Lo	SHC1	USP11	P29353	P51784	SHC1_USP11	2.05	1.04	3.35E-02	1.01E-05	No	No	No	No	No
EGFRNetmtKRAS-Lo	SHC1	PXN	P29353	P49023	SHC1_PXN	7.87	2.98	3.03E-02	7.11E-35	No	No	No	Yes	No
EGFRNetmtKRAS-Lo	SHC1	BRCC3	P29353	P46736	SHC1_BRCC3	1.40	0.49	4.38E-02	2.33E-02	No	No	No	No	No
EGFRNetmtKRAS-Lo	SHC1	HSPA9	P29353	P38646	SHC1_HSPA9	2.10	1.07	1.90E-07	5.27E-06	No	No	No	Yes	No
EGFRNetmtKRAS-Lo	SHC1	SHC1	P29353	P29353	SHC1_SHC1	12.12	3.60	1.14E-07	4.36E-50	No	No	No	Yes	No
EGFRNetmtKRAS-Lo	SHC1	GRN	P29353	P28799	SHC1_GRN	19.91	4.32	6.02E-04	3.94E-71	Yes	No	No	No	No
EGFRNetmtKRAS-Lo	SHC1	JUP	P29353	P14923	SHC1_JUP	1.47	0.56	3.18E-02	1.15E-02	No	No	No	No	No
EGFRNetmtKRAS-Lo	SHC1	HSPA8	P29353	P11142	SHC1_HSPA8	1.48	0.56	2.46E-04	1.10E-02	No	No	No	Yes	No
EGFRNetmtKRAS-Lo	SHC1	HSPA5	P29353	P11021	SHC1_HSPA5	2.38	1.25	2.33E-07	1.42E-07	No	No	No	Yes	No
EGFRNetmtKRAS-Lo	SHC1	HSPA1A	P29353	P08107	SHC1_HSPA1A	1.37	0.46	1.15E-02	3.15E-02	No	No	No	No	No
EGFRNetmtKRAS-Lo	SHC1	HSPB1	P29353	P04792	SHC1_HSPB1	1.54	0.62	4.12E-03	5.65E-03	No	No	No	No	No
EGFRNetmtKRAS-Lo	SHC1	CAPNS1	P29353	P04632	SHC1_CAPNS1	1.33	0.41	4.08E-02	4.67E-02	No	No	No	No	No
EGFRNetmtKRAS-Lo	SHC1	AP2A1	P29353	O95782	SHC1_AP2A1	6.99	2.81	1.02E-03	3.29E-31	No	Yes	No	Yes	No
EGFRNetmtKRAS-Lo	SHC1	AP2A2	P29353	O94973	SHC1_AP2A2	3.92	1.97	2.05E-02	2.55E-16	No	No	No	Yes	No
EGFRNetmtKRAS-Lo	SHC1	KDM1A	P29353	O60341	SHC1_KDM1A	3.13	1.64	7.33E-03	6.72E-12	No	No	No	No	No
EGFRNetmtKRAS-Lo	SHOC2	SUGT1	Q9UQ13	Q9Y2Z0	SHOC2_SUGT1	2.64	1.40	4.24E-03	6.08E-07	No	No	No	Yes	No
EGFRNetmtKRAS-Lo	SHOC2	SHOC2	Q9UQ13	Q9UQ13	SHOC2_SHOC2	8.56	3.10	4.08E-06	1.98E-27	No	No	No	No	Yes
EGFRNetmtKRAS-Lo	SHOC2	MAPRE1	Q9UQ13	Q15691	SHOC2_MAPRE1	1.41	0.50	3.88E-03	4.48E-02	No	No	No	No	No
EGFRNetmtKRAS-Lo	SHOC2	TUBB3	Q9UQ13	Q13509	SHOC2_TUBB3	1.52	0.60	2.47E-02	1.95E-02	No	No	No	No	No
EGFRNetmtKRAS-Lo	SHOC2	YWHAE	Q9UQ13	P62258	SHOC2_YWHAE	1.47	0.56	9.68E-03	2.81E-02	No	No	No	No	No
EGFRNetmtKRAS-Lo	SHOC2	PPP1CA	Q9UQ13	P62136	SHOC2_PPP1CA	1.45	0.54	9.46E-03	3.30E-02	No	Yes	No	Yes	No
EGFRNetmtKRAS-Lo	SHOC2	PRPS1	Q9UQ13	P60891	SHOC2_PRPS1	1.50	0.59	4.09E-03	2.24E-02	No	No	No	No	No
EGFRNetmtKRAS-Lo	SHOC2	YWHAB	Q9UQ13	P31946	SHOC2_YWHAB	1.69	0.76	3.15E-02	4.64E-03	No	No	No	No	No
EGFRNetmtKRAS-Lo	SHOC2	JUP	Q9UQ13	P14923	SHOC2_JUP	1.43	0.52	5.97E-03	3.97E-02	No	No	No	No	No
EGFRNetmtKRAS-Lo	SHOC2	TPT1	Q9UQ13	P13693	SHOC2_TPT1	1.50	0.59	1.16E-02	2.28E-02	No	No	No	No	No
EGFRNetmtKRAS-Lo	SHOC2	G6PD	Q9UQ13	P11413	SHOC2_G6PD	1.68	0.75	4.63E-02	5.02E-03	Yes	No	No	No	No
EGFRNetmtKRAS-Lo	SHOC2	ALDOC	Q9UQ13	P09972	SHOC2_ALDOC	1.40	0.49	2.40E-02	4.82E-02	No	No	No	No	No
EGFRNetmtKRAS-Lo	SHOC2	ANXA6	Q9UQ13	P08133	SHOC2_ANXA6	1.47	0.55	4.60E-02	2.98E-02	No	No	No	No	No
EGFRNetmtKRAS-Lo	SHOC2	HSPB1	Q9UQ13	P04792	SHOC2_HSPB1	1.81	0.86	5.66E-03	1.60E-03	Yes	No	No	No	No
EGFRNetmtKRAS-Lo	SHOC2	ANXA1	Q9UQ13	P04083	SHOC2_ANXA1	1.48	0.56	2.44E-02	2.70E-02	No	No	No	No	No
EGFRNetmtKRAS-Lo	SHOC2	HLA-C	Q9UQ13	P10321	SHOC2_HLA-C	1.50	0.58	1.56E-02	2.37E-02	No	No	No	No	No
EGFRNetmtKRAS-Lo	SHOC2	HLA-A	Q9UQ13	P16188	SHOC2_HLA-A	1.50	0.58	1.56E-02	2.37E-02	No	No	No	No	No
EGFRNetmtKRAS-Lo	SHOC2	PGK1	Q9UQ13	P00558	SHOC2_PGK1	1.45	0.53	4.75E-02	3.46E-02	No	No	No	No	No
EGFRNetmtKRAS-Lo	SHOC2	IDH1	Q9UQ13	O75874	SHOC2_IDH1	1.40	0.48	1.54E-02	4.97E-02	No	No	No	No	No
EGFRNetmtKRAS-Lo	SNCA	FBXO2	P37840	Q9UK22	SNCA_FBXO2	1.79	0.84	2.14E-02	2.79E-03	Yes	No	No	No	No
EGFRNetmtKRAS-Lo	SNCA	LUC7L	P37840	Q9NQ29	SNCA_LUC7L	1.58	0.66	1.12E-02	1.44E-02	No	No	No	No	No
EGFRNetmtKRAS-Lo	SNCA	DCP1A	P37840	Q9NPI6	SNCA_DCP1A	6.47	2.69	4.52E-04	1.22E-19	Yes	No	No	No	No
EGFRNetmtKRAS-Lo	SNCA	EDC3	P37840	Q96F86	SNCA_EDC3	3.58	1.84	6.89E-05	4.24E-10	Yes	No	No	No	No
EGFRNetmtKRAS-Lo	SNCA	HSPH1	P37840	Q92598	SNCA_HSPH1	3.16	1.66	1.41E-06	1.55E-08	Yes	No	No	No	No
EGFRNetmtKRAS-Lo	SNCA	DCP2	P37840	Q8IU60	SNCA_DCP2	6.50	2.70	7.02E-03	1.04E-19	No	No	No	No	No
EGFRNetmtKRAS-Lo	SNCA	EDC4	P37840	Q6P2E9	SNCA_EDC4	5.71	2.51	1.91E-06	2.55E-17	Yes	No	No	No	No
EGFRNetmtKRAS-Lo	SNCA	RCN1	P37840	Q15293	SNCA_RCN1	1.56	0.64	7.96E-04	1.72E-02	No	No	No	No	No
EGFRNetmtKRAS-Lo	SNCA	STK38	P37840	Q15208	SNCA_STK38	2.15	1.10	1.64E-02	1.24E-04	Yes	No	No	No	No
EGFRNetmtKRAS-Lo	SNCA	SART3	P37840	Q15020	SNCA_SART3	1.58	0.66	6.11E-03	1.44E-02	Yes	No	No	No	No
EGFRNetmtKRAS-Lo	SNCA	MRPS22	P37840	P82650	SNCA_MRPS22	1.61	0.68	2.47E-02	1.19E-02	No	No	No	No	No
EGFRNetmtKRAS-Lo	SNCA	SKP1	P37840	P63208	SNCA_SKP1	1.65	0.72	1.24E-04	8.27E-03	Yes	No	No	No	No
EGFRNetmtKRAS-Lo	SNCA	YWHAZ	P37840	P63104	SNCA_YWHAZ	1.44	0.52	1.07E-05	4.26E-02	No	No	No	No	No
EGFRNetmtKRAS-Lo	SNCA	PPIA	P37840	P62937	SNCA_PPIA	1.47	0.55	8.29E-04	3.42E-02	No	No	No	No	No
EGFRNetmtKRAS-Lo	SNCA	RARS	P37840	P54136	SNCA_RARS	1.57	0.65	8.57E-03	1.64E-02	No	No	No	No	No
EGFRNetmtKRAS-Lo	SNCA	SUB1	P37840	P53999	SNCA_SUB1	1.81	0.85	1.14E-02	2.32E-03	No	No	No	No	No
EGFRNetmtKRAS-Lo	SNCA	FASN	P37840	P49327	SNCA_FASN	1.50	0.59	3.21E-05	2.67E-02	No	No	No	No	No
EGFRNetmtKRAS-Lo	SNCA	HSPA9	P37840	P38646	SNCA_HSPA9	3.11	1.64	5.03E-10	2.41E-08	No	No	No	No	No
EGFRNetmtKRAS-Lo	SNCA	SNCA	P37840	P37840	SNCA_SNCA	8.12	3.02	8.99E-10	3.20E-24	No	No	No	Yes	No
EGFRNetmtKRAS-Lo	SNCA	HSPA4	P37840	P34932	SNCA_HSPA4	2.15	1.10	5.50E-06	1.24E-04	No	No	No	Yes	No
EGFRNetmtKRAS-Lo	SNCA	DDX6	P37840	P26196	SNCA_DDX6	1.58	0.66	7.71E-04	1.47E-02	No	No	No	No	No
EGFRNetmtKRAS-Lo	SNCA	HSPA8	P37840	P11142	SNCA_HSPA8	3.64	1.87	1.03E-11	2.54E-10	No	No	No	Yes	No
EGFRNetmtKRAS-Lo	SNCA	HSPA5	P37840	P11021	SNCA_HSPA5	6.06	2.60	5.62E-11	2.10E-18	No	No	No	No	No
EGFRNetmtKRAS-Lo	SNCA	SET	P37840	Q9NQR1	SNCA_SET	1.57	0.65	2.97E-02	1.62E-02	No	No	No	No	No
EGFRNetmtKRAS-Lo	SNCA	HSPA1A	P37840	P08107	SNCA_HSPA1A	3.05	1.61	1.86E-10	4.37E-08	No	No	No	No	No
EGFRNetmtKRAS-Lo	SNCA	HSPB1	P37840	P04792	SNCA_HSPB1	1.67	0.74	4.25E-05	7.04E-03	No	No	No	Yes	No
EGFRNetmtKRAS-Lo	SNCA	HSPA4L	P37840	O95757	SNCA_HSPA4L	3.06	1.61	7.65E-03	4.03E-08	No	No	No	No	No
EGFRNetmtKRAS-Lo	SNCA	CALU	P37840	O43852	SNCA_CALU	1.49	0.58	2.47E-04	2.86E-02	No	No	No	No	No
EGFRNetmtKRAS-Lo	SOCS1	AKAP8L	O15524	Q9ULX6	SOCS1_AKAP8L	2.58	1.37	3.66E-07	5.67E-06	No	No	No	No	No
EGFRNetmtKRAS-Lo	SOCS1	DHX29	O15524	Q7Z478	SOCS1_DHX29	1.76	0.82	1.32E-02	4.13E-03	Yes	No	No	No	No
EGFRNetmtKRAS-Lo	SOCS1	HSP90AB2P	O15524	Q58FF8	SOCS1_HSP90AB2P	1.45	0.54	2.75E-04	4.02E-02	No	No	No	No	No
EGFRNetmtKRAS-Lo	SOCS1	TIMM50	O15524	Q3ZCQ8	SOCS1_TIMM50	1.55	0.63	2.03E-03	1.99E-02	No	No	No	No	No
EGFRNetmtKRAS-Lo	SOCS1	TCEB2	O15524	Q15370	SOCS1_TCEB2	7.35	2.88	5.97E-09	1.72E-20	No	No	No	Yes	No
EGFRNetmtKRAS-Lo	SOCS1	TCEB1	O15524	Q15369	SOCS1_TCEB1	15.08	3.91	9.97E-10	3.51E-36	No	No	No	Yes	No
EGFRNetmtKRAS-Lo	SOCS1	TRIM28	O15524	Q13263	SOCS1_TRIM28	1.66	0.73	1.51E-06	9.28E-03	No	No	No	No	No
EGFRNetmtKRAS-Lo	SOCS1	CCT2	O15524	P78371	SOCS1_CCT2	1.46	0.54	3.90E-07	3.89E-02	No	No	No	No	No
EGFRNetmtKRAS-Lo	SOCS1	PSME3	O15524	P61289	SOCS1_PSME3	7.55	2.92	2.70E-07	5.53E-21	No	No	No	No	No
EGFRNetmtKRAS-Lo	SOCS1	SLC25A1	O15524	P53007	SOCS1_SLC25A1	1.49	0.58	2.98E-04	3.05E-02	Yes	No	No	No	No
EGFRNetmtKRAS-Lo	SOCS1	CCT4	O15524	P50991	SOCS1_CCT4	1.43	0.52	1.22E-06	4.51E-02	No	No	No	No	No
EGFRNetmtKRAS-Lo	SOCS1	CCT8	O15524	P50990	SOCS1_CCT8	1.44	0.52	3.62E-07	4.43E-02	No	No	No	No	No
EGFRNetmtKRAS-Lo	SOCS1	CCT6A	O15524	P40227	SOCS1_CCT6A	1.44	0.53	1.87E-07	4.27E-02	No	No	No	No	No
EGFRNetmtKRAS-Lo	SOCS1	CTNNB1	O15524	P35222	SOCS1_CTNNB1	1.57	0.65	1.95E-05	1.70E-02	No	No	No	No	No
EGFRNetmtKRAS-Lo	SOCS1	DNAJA1	O15524	P31689	SOCS1_DNAJA1	1.49	0.57	4.44E-07	3.17E-02	No	No	No	No	No
EGFRNetmtKRAS-Lo	SOCS1	CAD	O15524	P27708	SOCS1_CAD	2.01	1.01	3.30E-06	5.87E-04	No	No	No	No	No
EGFRNetmtKRAS-Lo	SOCS1	TCP1	O15524	P17987	SOCS1_TCP1	1.46	0.55	1.92E-07	3.67E-02	No	No	No	No	No
EGFRNetmtKRAS-Lo	SOCS1	HSPA6	O15524	P17066	SOCS1_HSPA6	2.05	1.04	3.63E-05	4.09E-04	No	No	No	No	No
EGFRNetmtKRAS-Lo	SOCS1	HSPA8	O15524	P11142	SOCS1_HSPA8	2.30	1.20	7.18E-10	5.76E-05	No	No	No	No	No
EGFRNetmtKRAS-Lo	SOCS1	HSP90AB3P	O15524	Q58FF7	SOCS1_HSP90AB3P	1.53	0.61	1.45E-04	2.33E-02	No	No	No	No	No
EGFRNetmtKRAS-Lo	SOCS1	HSP90AB1	O15524	P08238	SOCS1_HSP90AB1	1.53	0.61	1.45E-04	2.33E-02	No	No	No	No	No
EGFRNetmtKRAS-Lo	SOCS1	HSPA1A	O15524	P08107	SOCS1_HSPA1A	2.20	1.14	9.81E-08	1.22E-04	No	No	No	No	No
EGFRNetmtKRAS-Lo	SOCS1	HSP90AA1	O15524	P07900	SOCS1_HSP90AA1	1.60	0.68	4.25E-07	1.40E-02	No	No	No	No	No
EGFRNetmtKRAS-Lo	SOCS1	HSPB1	O15524	P04792	SOCS1_HSPB1	2.41	1.27	1.73E-07	2.27E-05	No	No	No	No	No
EGFRNetmtKRAS-Lo	SOCS1	BAG2	O15524	O95816	SOCS1_BAG2	2.43	1.28	7.50E-06	1.89E-05	No	No	No	No	No
EGFRNetmtKRAS-Lo	SOCS1	DPM1	O15524	O60762	SOCS1_DPM1	1.61	0.69	1.28E-02	1.30E-02	No	No	No	No	No
EGFRNetmtKRAS-Lo	SOCS1	SOCS1	O15524	O15524	SOCS1_SOCS1	14.54	3.86	1.18E-07	2.79E-35	No	No	No	Yes	No
EGFRNetmtKRAS-Lo	SOCS1	NDUFA4	O15524	O00483	SOCS1_NDUFA4	1.67	0.74	6.60E-04	8.38E-03	No	No	No	No	No
EGFRNetmtKRAS-Lo	SRC	KIAA1967	P12931	Q8N163	SRC_KIAA1967	1.54	0.62	1.83E-02	8.49E-04	No	No	No	No	No
EGFRNetmtKRAS-Lo	SRC	CDC37	P12931	Q16543	SRC_CDC37	2.88	1.52	4.94E-02	5.94E-15	No	No	No	Yes	No
EGFRNetmtKRAS-Lo	SRC	HSPA9	P12931	P38646	SRC_HSPA9	1.48	0.57	3.89E-02	1.94E-03	No	No	No	No	No
EGFRNetmtKRAS-Lo	SRC	HNRNPC	P12931	P07910	SRC_HNRNPC	4.80	2.26	4.09E-02	1.16E-30	No	No	No	No	No
EGFRNetmtKRAS-Lo	SRC	SMARCA1	P12931	P28370	SRC_SMARCA1	1.61	0.69	3.75E-02	2.43E-04	No	No	No	No	No
EGFRNetmtKRAS-Lo	SRC	SMARCA5	P12931	O60264	SRC_SMARCA5	1.61	0.69	3.75E-02	2.43E-04	No	No	No	No	No
EGFRNetmtKRAS-Lo	SRC	KARS	P12931	Q15046	SRC_KARS	1.43	0.51	4.82E-02	9.81E-03	No	No	No	No	No
EGFRNetmtKRAS-Lo	SRC	AIMP1	P12931	Q12904	SRC_AIMP1	1.58	0.66	3.62E-02	1.27E-03	No	No	No	No	No
EGFRNetmtKRAS-Lo	SRC	SRC	P12931	P12931	SRC_SRC	11.55	3.53	4.28E-03	1.16E-71	Yes	No	No	Yes	No
EGFRNetmtKRAS-Lo	SRC	HSPA8	P12931	P11142	SRC_HSPA8	1.58	0.66	3.04E-02	4.44E-04	No	No	No	No	No
EGFRNetmtKRAS-Lo	SRC	HSPA5	P12931	P11021	SRC_HSPA5	2.35	1.23	1.15E-04	2.34E-10	No	No	No	No	No
EGFRNetmtKRAS-Lo	SRC	RPLP2	P12931	P05387	SRC_RPLP2	1.33	0.41	1.87E-02	3.26E-02	No	No	No	No	No
EGFRNetmtKRAS-Lo	TNK2	HSP90AB2P	Q07912	Q58FF8	TNK2_HSP90AB2P	2.21	1.14	4.41E-02	3.32E-03	No	No	No	No	No
EGFRNetmtKRAS-Lo	TNK2	CDC37	Q07912	Q16543	TNK2_CDC37	5.95	2.57	3.82E-02	5.71E-10	No	Yes	No	No	No
EGFRNetmtKRAS-Lo	TNK2	TNK2	Q07912	Q07912	TNK2_TNK2	8.01	3.00	1.43E-02	6.20E-13	No	No	Yes	Yes	No
EGFRNetmtKRAS-Lo	TNK2	CCT2	Q07912	P78371	TNK2_CCT2	3.03	1.60	4.37E-02	7.46E-05	No	No	No	No	No
EGFRNetmtKRAS-Lo	TNK2	CCT4	Q07912	P50991	TNK2_CCT4	3.65	1.87	4.36E-02	4.89E-06	No	No	No	No	No
EGFRNetmtKRAS-Lo	TNK2	CCT8	Q07912	P50990	TNK2_CCT8	3.64	1.86	3.97E-02	5.03E-06	No	No	No	No	No
EGFRNetmtKRAS-Lo	TNK2	TUFM	Q07912	P49411	TNK2_TUFM	1.83	0.87	4.57E-02	1.92E-02	No	No	No	No	No
EGFRNetmtKRAS-Lo	TNK2	CCT3	Q07912	P49368	TNK2_CCT3	2.66	1.41	4.52E-02	4.15E-04	No	No	No	No	No
EGFRNetmtKRAS-Lo	TNK2	CCT5	Q07912	P48643	TNK2_CCT5	2.53	1.34	4.01E-02	7.52E-04	No	No	No	No	No
EGFRNetmtKRAS-Lo	TNK2	CCT6A	Q07912	P40227	TNK2_CCT6A	3.31	1.73	4.42E-02	2.14E-05	No	No	No	No	No
EGFRNetmtKRAS-Lo	TNK2	TCP1	Q07912	P17987	TNK2_TCP1	2.45	1.29	4.47E-02	1.11E-03	No	No	No	No	No
EGFRNetmtKRAS-Lo	TNK2	HSP90AB3P	Q07912	Q58FF7	TNK2_HSP90AB3P	2.09	1.07	2.64E-02	5.76E-03	No	Yes	No	No	No
EGFRNetmtKRAS-Lo	TNK2	HSP90AB1	Q07912	P08238	TNK2_HSP90AB1	2.09	1.07	2.64E-02	5.76E-03	No	No	No	Yes	No
EGFRNetmtKRAS-Lo	TNK2	SLC25A5	Q07912	P05141	TNK2_SLC25A5	1.76	0.81	4.02E-02	2.66E-02	No	No	No	No	No
EGFRNetmtKRAS-Lo	VAV1	SLC25A10	P15498	Q9UBX3	VAV1_SLC25A10	4.00	2.00	2.09E-02	9.02E-04	No	No	No	No	No
EGFRNetmtKRAS-Lo	VAV1	SLC25A22	P15498	Q9H936	VAV1_SLC25A22	2.28	1.19	1.12E-03	3.15E-02	No	No	No	No	No
EGFRNetmtKRAS-Lo	VAV1	USMG5	P15498	Q96IX5	VAV1_USMG5	2.51	1.33	1.98E-02	1.93E-02	No	No	No	No	No
EGFRNetmtKRAS-Lo	VAV1	PGAM5	P15498	Q96HS1	VAV1_PGAM5	3.49	1.80	2.06E-02	2.46E-03	No	No	No	No	No
EGFRNetmtKRAS-Lo	VAV1	TUBA3E	P15498	Q6PEY2	VAV1_TUBA3E	2.43	1.28	3.49E-02	2.28E-02	No	No	No	No	No
EGFRNetmtKRAS-Lo	VAV1	TUBA3C	P15498	Q13748	VAV1_TUBA3C	2.43	1.28	3.49E-02	2.28E-02	No	No	No	No	No
EGFRNetmtKRAS-Lo	VAV1	TUBA1A	P15498	Q71U36	VAV1_TUBA1A	2.43	1.28	3.49E-02	2.28E-02	No	No	No	Yes	No
EGFRNetmtKRAS-Lo	VAV1	HSD17B12	P15498	Q53GQ0	VAV1_HSD17B12	2.47	1.30	9.42E-03	2.09E-02	No	No	No	No	No
EGFRNetmtKRAS-Lo	VAV1	TIMM50	P15498	Q3ZCQ8	VAV1_TIMM50	2.71	1.44	1.54E-03	1.23E-02	No	No	No	No	No
EGFRNetmtKRAS-Lo	VAV1	TUBB3	P15498	Q13509	VAV1_TUBB3	2.34	1.23	1.93E-03	2.78E-02	No	No	No	No	No
EGFRNetmtKRAS-Lo	VAV1	SRSF4	P15498	Q08170	VAV1_SRSF4	2.42	1.28	2.05E-02	2.30E-02	No	No	No	No	No
EGFRNetmtKRAS-Lo	VAV1	SRSF6	P15498	Q13247	VAV1_SRSF6	2.42	1.28	2.05E-02	2.30E-02	No	No	No	No	No
EGFRNetmtKRAS-Lo	VAV1	SLC25A11	P15498	Q02978	VAV1_SLC25A11	2.55	1.35	1.44E-02	1.76E-02	No	No	No	No	No
EGFRNetmtKRAS-Lo	VAV1	SLC25A3	P15498	Q00325	VAV1_SLC25A3	3.22	1.69	1.38E-03	4.28E-03	No	No	No	No	No
EGFRNetmtKRAS-Lo	VAV1	TUBB4B	P15498	P68371	VAV1_TUBB4B	2.33	1.22	1.26E-03	2.82E-02	No	No	No	No	No
EGFRNetmtKRAS-Lo	VAV1	TUBA1B	P15498	P68363	VAV1_TUBA1B	2.26	1.18	1.56E-03	3.27E-02	No	No	No	No	No
EGFRNetmtKRAS-Lo	VAV1	RPL38	P15498	P63173	VAV1_RPL38	2.71	1.44	7.38E-03	1.24E-02	No	No	No	No	No
EGFRNetmtKRAS-Lo	VAV1	RPL23	P15498	P62829	VAV1_RPL23	2.34	1.23	2.29E-03	2.78E-02	No	No	No	No	No
EGFRNetmtKRAS-Lo	VAV1	SEC61A1	P15498	P61619	VAV1_SEC61A1	2.53	1.34	6.22E-03	1.83E-02	No	No	No	No	No
EGFRNetmtKRAS-Lo	VAV1	TMEM33	P15498	P57088	VAV1_TMEM33	3.21	1.68	5.05E-03	4.31E-03	No	No	No	No	No
EGFRNetmtKRAS-Lo	VAV1	ATP5J2	P15498	P56134	VAV1_ATP5J2	2.59	1.38	2.30E-02	1.59E-02	No	No	No	No	No
EGFRNetmtKRAS-Lo	VAV1	SLC25A1	P15498	P53007	VAV1_SLC25A1	3.18	1.67	1.38E-02	4.62E-03	No	No	No	No	No
EGFRNetmtKRAS-Lo	VAV1	MRPL12	P15498	P52815	VAV1_MRPL12	3.41	1.77	4.45E-02	2.88E-03	No	No	No	No	No
EGFRNetmtKRAS-Lo	VAV1	TUFM	P15498	P49411	VAV1_TUFM	2.35	1.24	1.45E-02	2.68E-02	No	No	No	No	No
EGFRNetmtKRAS-Lo	VAV1	ALDH1A3	P15498	P47895	VAV1_ALDH1A3	4.02	2.01	3.90E-03	8.66E-04	Yes	No	No	No	No
EGFRNetmtKRAS-Lo	VAV1	DNAJA1	P15498	P31689	VAV1_DNAJA1	2.08	1.05	7.31E-03	4.96E-02	No	No	No	No	No
EGFRNetmtKRAS-Lo	VAV1	CAD	P15498	P27708	VAV1_CAD	3.00	1.58	1.42E-03	6.71E-03	No	No	No	No	No
EGFRNetmtKRAS-Lo	VAV1	ATP5A1	P15498	P25705	VAV1_ATP5A1	2.13	1.09	1.38E-02	4.37E-02	No	No	No	No	No
EGFRNetmtKRAS-Lo	VAV1	ARF4	P15498	P18085	VAV1_ARF4	3.32	1.73	2.93E-02	3.43E-03	No	No	No	No	No
EGFRNetmtKRAS-Lo	VAV1	VAV1	P15498	P15498	VAV1_VAV1	9.32	3.22	1.18E-09	2.63E-07	No	No	No	No	No
EGFRNetmtKRAS-Lo	VAV1	SLC25A6	P15498	P12236	VAV1_SLC25A6	2.98	1.57	3.78E-03	7.05E-03	No	No	No	No	No
EGFRNetmtKRAS-Lo	VAV1	TUBB	P15498	P07437	VAV1_TUBB	2.34	1.23	1.52E-03	2.75E-02	No	No	No	Yes	No
EGFRNetmtKRAS-Lo	VAV1	SLC25A5	P15498	P05141	VAV1_SLC25A5	3.22	1.69	1.31E-03	4.23E-03	No	No	No	No	No
EGFRNetmtKRAS-Lo	VAV1	ATP1A1	P15498	P05023	VAV1_ATP1A1	2.11	1.07	1.47E-03	4.65E-02	No	No	No	No	No
EGFRNetmtKRAS-Lo	VAV1	HSPB1	P15498	P04792	VAV1_HSPB1	2.38	1.25	1.41E-03	2.51E-02	Yes	No	No	No	No
EGFRNetmtKRAS-Lo	VAV1	HLA-A	P15498	P16188	VAV1_HLA-A	2.29	1.20	2.77E-02	3.07E-02	Yes	No	No	No	No
EGFRNetmtKRAS-Lo	VAV1	DNAJA2	P15498	O60884	VAV1_DNAJA2	2.67	1.42	6.30E-03	1.34E-02	No	No	No	No	No
EGFRNetmtKRAS-Lo	YES1	BCLAF1	P07947	Q9NYF8	YES1_BCLAF1	1.77	0.82	3.20E-02	1.95E-02	No	No	No	No	No
EGFRNetmtKRAS-Lo	YES1	RBM17	P07947	Q96I25	YES1_RBM17	2.39	1.26	1.02E-02	7.71E-04	Yes	No	No	No	No
EGFRNetmtKRAS-Lo	YES1	CHERP	P07947	Q8IWX8	YES1_CHERP	1.78	0.83	1.68E-02	1.81E-02	Yes	No	No	Yes	No
EGFRNetmtKRAS-Lo	YES1	CDC37	P07947	Q16543	YES1_CDC37	3.29	1.72	5.33E-04	6.96E-06	No	Yes	No	Yes	No
EGFRNetmtKRAS-Lo	YES1	SF3A1	P07947	Q15459	YES1_SF3A1	1.84	0.88	3.42E-02	1.32E-02	No	No	No	No	No
EGFRNetmtKRAS-Lo	YES1	SF3B3	P07947	Q15393	YES1_SF3B3	1.95	0.97	1.91E-03	7.60E-03	Yes	No	No	No	No
EGFRNetmtKRAS-Lo	YES1	SF3B2	P07947	Q13435	YES1_SF3B2	1.79	0.84	2.48E-02	1.74E-02	Yes	No	No	No	No
EGFRNetmtKRAS-Lo	YES1	ERH	P07947	P84090	YES1_ERH	1.69	0.75	3.81E-02	2.93E-02	No	No	No	Yes	No
EGFRNetmtKRAS-Lo	YES1	CCT2	P07947	P78371	YES1_CCT2	1.65	0.72	1.59E-03	3.52E-02	No	No	No	Yes	No
EGFRNetmtKRAS-Lo	YES1	CALM1	P07947	P62158	YES1_CALM1	1.92	0.94	2.66E-02	9.09E-03	No	No	No	Yes	No
EGFRNetmtKRAS-Lo	YES1	CCT3	P07947	P49368	YES1_CCT3	1.59	0.67	1.26E-02	4.64E-02	No	No	No	No	No
EGFRNetmtKRAS-Lo	YES1	CCT6A	P07947	P40227	YES1_CCT6A	1.62	0.70	1.27E-02	4.04E-02	No	No	No	Yes	No
EGFRNetmtKRAS-Lo	YES1	TCP1	P07947	P17987	YES1_TCP1	1.79	0.84	4.95E-04	1.73E-02	No	No	No	No	No
EGFRNetmtKRAS-Lo	YES1	HSPA8	P07947	P11142	YES1_HSPA8	2.32	1.22	1.66E-05	1.09E-03	No	No	No	No	No
EGFRNetmtKRAS-Lo	YES1	HSP90AB3P	P07947	Q58FF7	YES1_HSP90AB3P	2.35	1.23	6.46E-04	9.51E-04	No	Yes	No	No	No
EGFRNetmtKRAS-Lo	YES1	HSP90AB1	P07947	P08238	YES1_HSP90AB1	2.35	1.23	6.46E-04	9.51E-04	No	No	No	Yes	No
EGFRNetmtKRAS-Lo	YES1	HSPA1A	P07947	P08107	YES1_HSPA1A	2.07	1.05	4.78E-03	4.08E-03	No	No	No	No	No
EGFRNetmtKRAS-Lo	YES1	YES1	P07947	P07947	YES1_YES1	7.67	2.94	4.32E-05	4.82E-14	No	No	No	Yes	No
EGFRNetmtKRAS-Lo	YES1	HNRNPCL1	P07947	O60812	YES1_HNRNPCL1	1.96	0.97	1.41E-02	7.32E-03	No	No	No	No	No
EGFRNetmtKRAS-Lo	YES1	HNRNPC	P07947	P07910	YES1_HNRNPC	1.96	0.97	1.41E-02	7.32E-03	Yes	No	No	No	No
EGFRNetmtKRAS-Lo	YES1	HSP90AA1	P07947	P07900	YES1_HSP90AA1	4.02	2.01	3.30E-03	1.96E-07	Yes	No	No	Yes	No
EGFRNetmtKRAS-Lo	YES1	CDK1	P07947	P06493	YES1_CDK1	9.83	3.30	1.24E-02	3.16E-17	No	No	No	No	No
EGFRNetmtKRAS-Lo	YES1	SF3B1	P07947	O75533	YES1_SF3B1	1.87	0.90	1.16E-02	1.18E-02	Yes	No	No	Yes	No
EGFRNetmtKRAS-Lo	YES1	DHX15	P07947	O43143	YES1_DHX15	1.89	0.92	1.23E-02	1.04E-02	Yes	No	No	No	No
EGFRNetmtKRAS-Lo	YES1	U2SURP	P07947	O15042	YES1_U2SURP	1.79	0.84	2.82E-02	1.74E-02	Yes	No	No	No	No
EGFRNetmtKRAS-Lo	YWHAE	CAMSAP3	P62258	Q9P1Y5	YWHAE_CAMSAP3	6.59	2.72	2.66E-02	3.40E-02	No	No	No	No	No
EGFRNetmtKRAS-Lo	YWHAE	TBC1D7	P62258	Q9P0N9	YWHAE_TBC1D7	7.49	2.90	3.23E-02	2.59E-02	No	No	No	No	No
EGFRNetmtKRAS-Lo	YWHAE	TANC2	P62258	Q9HCD6	YWHAE_TANC2	7.74	2.95	1.24E-02	2.41E-02	No	No	No	No	No
EGFRNetmtKRAS-Lo	YWHAE	EPN3	P62258	Q9H201	YWHAE_EPN3	12.05	3.59	3.73E-04	8.36E-03	No	No	No	No	No
EGFRNetmtKRAS-Lo	YWHAE	CEP89	P62258	Q96ST8	YWHAE_CEP89	9.03	3.17	1.42E-04	1.70E-02	No	No	No	No	No
EGFRNetmtKRAS-Lo	YWHAE	NEDD4L	P62258	Q96PU5	YWHAE_NEDD4L	5.75	2.52	4.79E-02	4.50E-02	No	No	No	No	No
EGFRNetmtKRAS-Lo	YWHAE	THAP11	P62258	Q96EK4	YWHAE_THAP11	32.03	5.00	1.72E-02	4.58E-04	No	No	No	No	No
EGFRNetmtKRAS-Lo	YWHAE	TTC17	P62258	Q96AE7	YWHAE_TTC17	6.05	2.60	8.56E-04	4.06E-02	No	No	No	No	No
EGFRNetmtKRAS-Lo	YWHAE	PHACTR4	P62258	Q8IZ21	YWHAE_PHACTR4	9.26	3.21	8.12E-03	1.60E-02	No	No	No	No	No
EGFRNetmtKRAS-Lo	YWHAE	ARHGEF19	P62258	Q8IW93	YWHAE_ARHGEF19	12.21	3.61	1.48E-03	8.07E-03	No	No	No	No	No
EGFRNetmtKRAS-Lo	YWHAE	FAM117B	P62258	Q6P1L5	YWHAE_FAM117B	10.14	3.34	2.90E-03	1.29E-02	No	No	No	No	No
EGFRNetmtKRAS-Lo	YWHAE	KANK1	P62258	Q14678	YWHAE_KANK1	10.41	3.38	1.88E-02	1.21E-02	Yes	No	No	Yes	No
EGFRNetmtKRAS-Lo	YWHAE	KANK2	P62258	Q63ZY3	YWHAE_KANK2	10.41	3.38	1.88E-02	1.21E-02	No	No	No	No	No
EGFRNetmtKRAS-Lo	YWHAE	DENND4C	P62258	Q5VZ89	YWHAE_DENND4C	5.61	2.49	2.39E-03	4.72E-02	No	No	No	No	No
EGFRNetmtKRAS-Lo	YWHAE	LPIN1	P62258	Q14693	YWHAE_LPIN1	6.07	2.60	1.31E-02	4.03E-02	No	No	No	No	No
EGFRNetmtKRAS-Lo	YWHAE	CHAF1B	P62258	Q13112	YWHAE_CHAF1B	8.22	3.04	8.04E-03	2.10E-02	No	No	No	No	No
EGFRNetmtKRAS-Lo	YWHAE	YWHAH	P62258	Q04917	YWHAE_YWHAH	7.11	2.83	1.20E-06	2.90E-02	No	No	No	Yes	Yes
EGFRNetmtKRAS-Lo	YWHAE	PRR5	P62258	P85299	YWHAE_PRR5	15.28	3.93	7.27E-03	4.43E-03	No	No	No	No	No
EGFRNetmtKRAS-Lo	YWHAE	YWHAZ	P62258	P63104	YWHAE_YWHAZ	6.49	2.70	1.12E-05	3.51E-02	No	No	No	Yes	Yes
EGFRNetmtKRAS-Lo	YWHAE	PRKCI	P62258	P41743	YWHAE_PRKCI	6.02	2.59	8.07E-04	4.10E-02	Yes	No	No	Yes	No
EGFRNetmtKRAS-Lo	YWHAE	SFN	P62258	P31947	YWHAE_SFN	10.74	3.42	5.27E-04	1.12E-02	No	No	No	No	No
EGFRNetmtKRAS-Lo	YWHAE	YWHAB	P62258	P31946	YWHAE_YWHAB	5.66	2.50	1.60E-05	4.63E-02	No	No	No	Yes	No
EGFRNetmtKRAS-Lo	YWHAE	YWHAQ	P62258	P27348	YWHAE_YWHAQ	6.09	2.61	1.90E-05	4.01E-02	No	No	No	Yes	No
EGFRNetmtKRAS-Lo	YWHAE	CDK11A	P62258	Q9UQ88	YWHAE_CDK11A	14.20	3.83	8.09E-05	5.42E-03	No	No	No	No	No
EGFRNetmtKRAS-Lo	YWHAE	CDK11B	P62258	P21127	YWHAE_CDK11B	14.20	3.83	8.09E-05	5.42E-03	No	No	No	Yes	No
EGFRNetmtKRAS-Lo	YWHAE	RGS12	P62258	O14924	YWHAE_RGS12	5.79	2.53	1.29E-02	4.44E-02	No	No	No	No	No
