diseaseName	diseaseUMLSCUI	source	numGenesAssociatedToDisease	intersection	intersectionSize	geneRatio	bgRatio	pvalue	totalGenesSource	p_adjusted	query	bait	method	type
Prostatic Neoplasms	C0033578	CURATED	660	HRAS,HSP90AB1,SELENOS,SERINC3,VEGFA,CXCR4,KEAP1,ETV4,PLAUR,IVNS1ABP,STARD3,CLU,SESN3,GUCD1,GDF15,CD44,EGR1,TGFB1,TPT1,SPOP,RUNX1,CSRP1,ACSL4,ARL6IP1,GALNT3,EPCAM,GRB7,LIG4,PTRH2,MAP2K1,PVR,SPOCK1,SRD5A1,BRAF,CDKN1A	35	35/415	35/14132	0.00105618469359956	14132	0.0616107007227544	combined_BrafG469A	BrafG469A	combined	Active
Inflammation	C0021368	CURATED	134	TIMP1,TAC1,VEGFA,SH2B3,PROCR,SELENOS,TGFB1,ZFP36,F2RL1,EGR1,TFRC,PLAUR	12	12/415	12/14132	0.00198577842933481	14132	0.0616107007227544	combined_BrafG469A	BrafG469A	combined	Active
Hemangiosarcoma	C0018923	CURATED	19	HRAS,FLT1,JUN,VEGFA,ANGPT2	5	5/415	5/14132	0.00200118812202883	14132	0.0616107007227544	combined_BrafG469A	BrafG469A	combined	Active
Angiosarcoma nonmetastatic	C0854893	CURATED	19	VEGFA,FLT1,HRAS,JUN,ANGPT2	5	5/415	5/14132	0.00200118812202883	14132	0.0616107007227544	combined_BrafG469A	BrafG469A	combined	Active
Acute polyarticular juvenile rheumatoid arthritis	C0157916	CURATED	138	CLU,PLAUR,JUN,EGR1,FOS,FOSB,TFPI,BTG3,AREG,DUSP1,PLOD2,CXCR4	12	12/415	12/14132	0.00250473064503051	14132	0.0616107007227544	combined_BrafG469A	BrafG469A	combined	Active
Pauciarticular juvenile rheumatoid arthritis	C0157917	CURATED	138	PLAUR,BTG3,EGR1,JUN,TFPI,CXCR4,DUSP1,PLOD2,FOS,AREG,CLU,FOSB	12	12/415	12/14132	0.00250473064503051	14132	0.0616107007227544	combined_BrafG469A	BrafG469A	combined	Active
Monoarticular juvenile rheumatoid arthritis	C0157918	CURATED	138	DUSP1,BTG3,EGR1,JUN,CLU,AREG,PLAUR,CXCR4,FOS,TFPI,FOSB,PLOD2	12	12/415	12/14132	0.00250473064503051	14132	0.0616107007227544	combined_BrafG469A	BrafG469A	combined	Active
Juvenile Chronic Polyarthritis	C0409667	CURATED	138	BTG3,CLU,DUSP1,PLAUR,PLOD2,EGR1,FOSB,JUN,AREG,CXCR4,FOS,TFPI	12	12/415	12/14132	0.00250473064503051	14132	0.0616107007227544	combined_BrafG469A	BrafG469A	combined	Active
Cholestasis, Extrahepatic	C0005398	CURATED	33	MAPK8,TIMP1,KEAP1,JUN,TGFB1,FOS	6	6/415	6/14132	0.00256711253011476	14132	0.0616107007227544	combined_BrafG469A	BrafG469A	combined	Active
Noonan Syndrome	C0028326	CURATED	35	EPHA2,HRAS,BRAF,SPRED1,SPRED2,MAP2K1	6	6/415	6/14132	0.00334685633889091	14132	0.0683269326839758	combined_BrafG469A	BrafG469A	combined	Active
Mouth Diseases	C0026636	CURATED	11	DNAJA1,GDF15,CHAF1A,CHAF1B	4	4/415	4/14132	0.00347961231260988	14132	0.0683269326839758	combined_BrafG469A	BrafG469A	combined	Active
Costello syndrome (disorder)	C0587248	CURATED	13	MAP2K1,BRAF,SPRED1,HRAS	4	4/415	4/14132	0.00577361394710504	14132	0.100020187143474	combined_BrafG469A	BrafG469A	combined	Active
Lung Neoplasms	C0024121	CURATED	269	ANXA2,JUND,CDKN1A,CLTB,EGR1,TGFB1,GRB7,JUNB,FOS,CCN1,JUN,BRAF,TFRC,HRAS,PPP2R1B,SPRY2,FOSB	17	17/415	17/14132	0.00601973348548686	14132	0.100020187143474	combined_BrafG469A	BrafG469A	combined	Active
Vascular anomaly	C0158570	CURATED	14	HRAS,BRAF,MAP2K1,YES1	4	4/415	4/14132	0.00718989175608896	14132	0.110929758522515	combined_BrafG469A	BrafG469A	combined	Active
HIV Infections	C0019693	CURATED	127	HSPA9,LYN,PSMD6,HLA-B,HSP90AA1,CDKN1A,RAB32,PSME4,BAG3,HSP90AB1	10	10/415	10/14132	0.0125672982307416	14132	0.180969094522679	combined_BrafG469A	BrafG469A	combined	Active
Glioma	C0017638	CURATED	109	BRAF,TFRC,MAP2K1,HRAS,CHAF1A,CCN1,LIG4,HLA-A,CDKN1A	9	9/415	9/14132	0.0149307954015181	14132	0.191818968468115	combined_BrafG469A	BrafG469A	combined	Active
Liver carcinoma	C2239176	CURATED	646	GDF15,CSPG4,FDFT1,FOSB,BRAF,PKM,USP2,TFPI2,ASPM,SFN,TGFB1,PHLDA1,FOS,CCN1,JUN,VEGFA,SPOP,CCNB2,EGR1,HRAS,HSPA5,SPOCK1,TK1,ZFP36,ACSL4,HSPA9,CHAF1B,SLC2A1,ADAMTS1,CDC6	30	30/415	30/14132	0.0154428436424235	14132	0.191818968468115	combined_BrafG469A	BrafG469A	combined	Active
melanoma	C0025202	CURATED	250	TFPI2,SLC35G2,GDF15,BZW1,F2RL1,DNAJC1,JUNB,FLT1,NUS1,BRAF,HRAS,RAC2,CMTR2,MAP2K1,CLU	15	15/415	15/14132	0.0159849140390096	14132	0.191818968468115	combined_BrafG469A	BrafG469A	combined	Active
Malignant Glioma	C0555198	CURATED	112	LIG4,CDKN1A,HRAS,BRAF,TFRC,MAP2K1,CHAF1A,HLA-A,CCN1	9	9/415	9/14132	0.0173368859292734	14132	0.197093018985423	combined_BrafG469A	BrafG469A	combined	Active
Liver Cirrhosis	C0023890	CURATED	164	JUND,FLT1,LAMC2,CYBA,TGFB1,KRT18,ABCB11,TFPI,VEGFA,PLOD2,TUG1	11	11/415	11/14132	0.0230064681558169	14132	0.248469856082823	combined_BrafG469A	BrafG469A	combined	Active
Uveitis	C0042164	CURATED	22	HLA-A,HLA-B,TGFB1,HSPA9	4	4/415	4/14132	0.0255852906053981	14132	0.263162989084095	combined_BrafG469A	BrafG469A	combined	Active
LEOPARD Syndrome	C0175704	CURATED	9	MAP2K1,EPHA2,BRAF	3	3/415	3/14132	0.0270144163544176	14132	0.265232451479736	combined_BrafG469A	BrafG469A	combined	Active
Osteosarcoma	C0029463	CURATED	60	VEGFA,SQSTM1,PHLDA2,CCNB3,JUN,CXCR4	6	6/415	6/14132	0.0311170040975925	14132	0.292229255873043	combined_BrafG469A	BrafG469A	combined	Active
PROSTATE CANCER, HEREDITARY, 1	C4722327	CURATED	10	BRAF,HRAS,VEGFA	3	3/415	3/14132	0.0331213656714051	14132	0.298092291042646	combined_BrafG469A	BrafG469A	combined	Active
Noonan syndrome and Noonan-related syndrome	C5681679	CURATED	25	HRAS,MAP2K1,BRAF,SPRED1	4	4/415	4/14132	0.0358315550376405	14132	0.309584635525214	combined_BrafG469A	BrafG469A	combined	Active
Papilloma	C0030354	CURATED	11	TGFB1,CDKN1A,HRAS	3	3/415	3/14132	0.0397084219733595	14132	0.317667375786876	combined_BrafG469A	BrafG469A	combined	Active
Papillomatosis	C0205875	CURATED	11	CDKN1A,TGFB1,HRAS	3	3/415	3/14132	0.0397084219733595	14132	0.317667375786876	combined_BrafG469A	BrafG469A	combined	Active
Respiratory allergy	C3825727	CURATED	28	F2RL1,UPP1,VEGFA,HSPA5	4	4/415	4/14132	0.0478728573362608	14132	0.369304899451155	combined_BrafG469A	BrafG469A	combined	Active
Pruritus	C0033774	CURATED	13	F2RL1,TAC1,ABCB11	3	3/415	3/14132	0.0541911112474537	14132	0.403630345843103	combined_BrafG469A	BrafG469A	combined	Active
Mood Disorders	C0525045	CURATED	168	VGF,FKBP5,FOSB,NTS,S100A10,TAC1,TGFB1,HSP90AA1,KCTD12,VEGFA	10	10/415	10/14132	0.0598500496320211	14132	0.405979513064822	combined_BrafG469A	BrafG469A	combined	Active
Distal spinal muscular atrophy	C0393541	CURATED	31	SPTAN1,BAG3,VRK1,HSPB8	4	4/415	4/14132	0.0616345502320037	14132	0.405979513064822	combined_BrafG469A	BrafG469A	combined	Active
Ductal Carcinoma	C1176475	CURATED	14	SLC2A1,CD44,SPOP	3	3/415	3/14132	0.0620246478293478	14132	0.405979513064822	combined_BrafG469A	BrafG469A	combined	Active
Cardio-facio-cutaneous syndrome	C1275081	CURATED	14	BRAF,MAP2K1,HRAS	3	3/415	3/14132	0.0620246478293478	14132	0.405979513064822	combined_BrafG469A	BrafG469A	combined	Active
Liver neoplasms	C0023903	CURATED	146	CDKN1A,FOSB,ANXA2,HRAS,JUN,BRAF,UGDH,KRT18,SLC2A1	9	9/415	9/14132	0.0661719744595341	14132	0.415937778113808	combined_BrafG469A	BrafG469A	combined	Active
Neoplasm Invasiveness	C0027626	CURATED	198	TGFB1,ADAMTS1,ZFP36,CXCR4,HRAS,ARF1,PLAUR,TIMP1,MYH9,PKM,ANXA2	11	11/415	11/14132	0.06739732515733	14132	0.415937778113808	combined_BrafG469A	BrafG469A	combined	Active
Squamous cell carcinoma	C0007137	CURATED	150	VEGFA,RACK1,TGFB1,SFN,ANXA2,EGR1,FLT1,HRAS,AREG	9	9/415	9/14132	0.0748696785069374	14132	0.449218071041624	combined_BrafG469A	BrafG469A	combined	Active
Bipolar Disorder	C0005586	CURATED	483	RNF41,RACK1,CSRP1,FKBP5,INPP1,NRGN,TGFB1,VEGFA,S100A10,HSPA5,MFGE8,YWHAZ,KCTD12,PLEKHO1,LHX5,TAC1,VGF,YWHAE,YWHAH,BHLHE40,PRKCI	21	21/415	21/14132	0.0775416426902163	14132	0.452675535705047	combined_BrafG469A	BrafG469A	combined	Active
Neoplasms, Bone Tissue	C0206639	CURATED	56	JUN,PHLDA2,CCNB3,VEGFA,CXCR4	5	5/415	5/14132	0.0817626407964676	14132	0.461245211446274	combined_BrafG469A	BrafG469A	combined	Active
Renal Cell Carcinoma	C0007134	CURATED	180	KEAP1,GRB7,MAP2K1,FLT1,BTG3,SDHC,TGFB1,SLC49A4,HSPA9,SLC2A1	10	10/415	10/14132	0.0839364252773237	14132	0.461245211446274	combined_BrafG469A	BrafG469A	combined	Active
Heart Diseases	C0018799	CURATED	57	CYBA,VEGFA,PNPLA2,RAC2,TIMP1	5	5/415	5/14132	0.0860014549938939	14132	0.461245211446274	combined_BrafG469A	BrafG469A	combined	Active
Adenocarcinoma of pancreas (disorder)	C0281361	CURATED	17	MAP2K1,RALB,CXCR4	3	3/415	3/14132	0.0875511743948945	14132	0.461245211446274	combined_BrafG469A	BrafG469A	combined	Active
Leukemia, Myelocytic, Acute	C0023467	CURATED	210	RAC2,SPRY4,CXCR4,PVR,TFPI2,S100A10,VEGFA,RUNX1,ANXA2,SGK1,CD44	11	11/415	11/14132	0.0911565273453171	14132	0.468804997775917	combined_BrafG469A	BrafG469A	combined	Active
Uremia	C0041948	CURATED	18	TGFB1,FLT1,SGK1	3	3/415	3/14132	0.0966478211693583	14132	0.485486729594916	combined_BrafG469A	BrafG469A	combined	Active
Abnormality of the musculature	C4021745	CURATED	61	PNPLA8,PNPLA2,SLC2A1,BAG3,VRK1	5	5/415	5/14132	0.103987882703174	14132	0.494829109425497	combined_BrafG469A	BrafG469A	combined	Active
Carcinoma	C0007097	CURATED	163	PKM,SGK1,YWHAZ,EPCAM,LSR,PLAUR,CORO1A,HRAS,TGFB1	9	9/415	9/14132	0.107671148810178	14132	0.494829109425497	combined_BrafG469A	BrafG469A	combined	Active
Malignant epithelioma	C0553707	CURATED	163	LSR,HRAS,PLAUR,TGFB1,CORO1A,YWHAZ,EPCAM,SGK1,PKM	9	9/415	9/14132	0.107671148810178	14132	0.494829109425497	combined_BrafG469A	BrafG469A	combined	Active
Epithelioma	C1368683	CURATED	163	HRAS,PLAUR,CORO1A,TGFB1,YWHAZ,EPCAM,PKM,LSR,SGK1	9	9/415	9/14132	0.107671148810178	14132	0.494829109425497	combined_BrafG469A	BrafG469A	combined	Active
Cocaine-Related Disorders	C0236736	CURATED	112	ARC,FOS,FOSB,EGR1,JUND,FDFT1,HOMER1	7	7/415	7/14132	0.111909212382631	14132	0.503591455721841	combined_BrafG469A	BrafG469A	combined	Active
Myocardial Ischemia	C0151744	CURATED	338	LIPG,GDF15,SH2B3,TRIB1,ZFP36,CYBA,DUSP1,PROCR,F2RL1,AREG,TFRC,BHLHE40,HSPA9,JUNB,VEGFA	15	15/415	15/14132	0.124231430708446	14132	0.526329780764847	combined_BrafG469A	BrafG469A	combined	Active
Pre-Eclampsia	C0032914	CURATED	42	FLT1,HLA-A,VEGFA,CLU	4	4/415	4/14132	0.124994729275218	14132	0.526329780764847	combined_BrafG469A	BrafG469A	combined	Active
Noonan Syndrome 1	C4551602	CURATED	21	HRAS,BRAF,MAP2K1	3	3/415	3/14132	0.125367875751118	14132	0.526329780764847	combined_BrafG469A	BrafG469A	combined	Active
Non-Small Cell Adenocarcinoma	C1335060	CURATED	197	SPOP,TK1,SFN,HRAS,KPNA2,CMTR2,MAP2K1,BRAF,ACSL4,JUNB	10	10/415	10/14132	0.126709021295241	14132	0.526329780764847	combined_BrafG469A	BrafG469A	combined	Active
Mental Depression	C0011570	CURATED	283	NPPC,PRKCI,S100A10,SRD5A1,VEGFA,TAC1,NTS,MAPK8,FKBP5,DUSP1,ACSL4,VGF,HOMER1	13	13/415	13/14132	0.130187264945558	14132	0.530574513740387	combined_BrafG469A	BrafG469A	combined	Active
Multiple Myeloma	C0026764	CURATED	146	HLA-A,BRAF,LIG4,VEGFA,TFRC,SGK1,SH2B3,TGFB1	8	8/415	8/14132	0.138596231095548	14132	0.554384924382193	combined_BrafG469A	BrafG469A	combined	Active
Status Epilepticus	C0038220	CURATED	69	JUNB,FOS,JUND,VEGFA,JUN	5	5/415	5/14132	0.144508557387232	14132	0.5675245162844	combined_BrafG469A	BrafG469A	combined	Active
Diabetic Nephropathy	C0011881	CURATED	46	VEGFA,CDKN1A,TGFB1,TNFAIP1	4	4/415	4/14132	0.152160584151183	14132	0.586905110297421	combined_BrafG469A	BrafG469A	combined	Active
Contact Dermatitis	C0011616	CURATED	71	CD44,PSMD12,VEGFA,DUSP1,HSP90AA1	5	5/415	5/14132	0.155484814594626	14132	0.588064357422317	combined_BrafG469A	BrafG469A	combined	Active
Malignant Squamous Cell Neoplasm	C0751688	CURATED	124	AREG,TGFB1,VEGFA,RACK1,SFN,ANXA2,HRAS	7	7/415	7/14132	0.157906170048585	14132	0.588064357422317	combined_BrafG469A	BrafG469A	combined	Active
Rhabdomyosarcoma	C0035412	CURATED	25	VEGFA,HRAS,SDHC	3	3/415	3/14132	0.16622304645403	14132	0.608545390407974	combined_BrafG469A	BrafG469A	combined	Active
Juvenile Myelomonocytic Leukemia	C0349639	CURATED	26	RUNX1,SH2B3,RAC2	3	3/415	3/14132	0.1767708896256	14132	0.629982142438084	combined_BrafG469A	BrafG469A	combined	Active
Depressive disorder	C0011581	CURATED	272	MAPK8,S100A10,SRD5A1,TAC1,FKBP5,PRKCI,VGF,NTS,TGFB1,VEGFA,HOMER1,DUSP1	12	12/415	12/14132	0.177911623558903	14132	0.629982142438084	combined_BrafG469A	BrafG469A	combined	Active
Hydrops Fetalis, Non-Immune	C0455988	CURATED	50	ANGPT2,HRAS,FOXC2,DHCR24	4	4/415	4/14132	0.18098358445507	14132	0.63052345552089	combined_BrafG469A	BrafG469A	combined	Active
Ankylosing spondylitis and other inflammatory spondylopathies	C0003089	CURATED	51	HSPA9,EGR1,HCK,TIMP1	4	4/415	4/14132	0.188408001487904	14132	0.630798928828488	combined_BrafG469A	BrafG469A	combined	Active
Cerebral Infarction	C0007785	CURATED	51	HLA-B,THBD,LIPG,HLA-A	4	4/415	4/14132	0.188408001487904	14132	0.630798928828488	combined_BrafG469A	BrafG469A	combined	Active
Non-Small Cell Lung Carcinoma	C0007131	CURATED	276	KEAP1,LAMC2,PHLDA2,MAP2K1,SDHC,HRAS,BRAF,KDM2A,VEGFA,ADAMTS1,AREG,SELENOS	12	12/415	12/14132	0.189823751730795	14132	0.630798928828488	combined_BrafG469A	BrafG469A	combined	Active
Mouth Neoplasms	C0026640	CURATED	52	SFN,HRAS,RACK1,ANXA2	4	4/415	4/14132	0.195909356153854	14132	0.638824272649683	combined_BrafG469A	BrafG469A	combined	Active
Diabetic Neuropathies	C0011882	CURATED	28	TGFB1,VEGFA,SGK1	3	3/415	3/14132	0.198153825312633	14132	0.638824272649683	combined_BrafG469A	BrafG469A	combined	Active
Rheumatoid Arthritis	C0003873	CURATED	222	TFPI2,THBD,PLAUR,VEGFA,GPRC5A,SPRED2,FKBP5,CCN1,RUNX1,CXCR4	10	10/415	10/14132	0.206617246658348	14132	0.6563136070324	combined_BrafG469A	BrafG469A	combined	Active
Congenital anomaly of cartilage (disorder)	C0008449	CURATED	30	FLT1,TGFB1,VEGFA	3	3/415	3/14132	0.219823909652196	14132	0.669258293650157	combined_BrafG469A	BrafG469A	combined	Active
Adenocarcinoma of lung (disorder)	C0152013	CURATED	286	FLT1,KPNA2,TK1,KEAP1,CMTR2,MAP2K1,ACSL4,SFN,JUNB,BRAF,SPOP,HRAS	12	12/415	12/14132	0.221113712200711	14132	0.669258293650157	combined_BrafG469A	BrafG469A	combined	Active
Carcinoma, Transitional Cell	C0007138	CURATED	56	CD44,SFN,HRAS,CDKN1A	4	4/415	4/14132	0.226581933619215	14132	0.669258293650157	combined_BrafG469A	BrafG469A	combined	Active
Transitional Cell Neoplasm	C0334265	CURATED	56	CD44,SFN,CDKN1A,HRAS	4	4/415	4/14132	0.226581933619215	14132	0.669258293650157	combined_BrafG469A	BrafG469A	combined	Active
Kidney Diseases	C0022658	CURATED	140	MYH9,XPNPEP3,THBD,CD59,TGFB1,CDKN1A,CLU	7	7/415	7/14132	0.22959246280805	14132	0.669258293650157	combined_BrafG469A	BrafG469A	combined	Active
Osteochondrodysplasias	C0029422	CURATED	31	TGFB1,FLT1,VEGFA	3	3/415	3/14132	0.230733520646692	14132	0.669258293650157	combined_BrafG469A	BrafG469A	combined	Active
Skin Neoplasms	C0037286	CURATED	57	NPPC,TGFB1,HRAS,FLT1	4	4/415	4/14132	0.234391960209511	14132	0.669258293650157	combined_BrafG469A	BrafG469A	combined	Active
Tuberculoma	C0041295	CURATED	32	HLA-A,HLA-B,CORO1A	3	3/415	3/14132	0.241676606040334	14132	0.669258293650157	combined_BrafG469A	BrafG469A	combined	Active
Glioblastoma Multiforme	C1621958	CURATED	32	MAPK8,HSPB8,TRIB3	3	3/415	3/14132	0.241676606040334	14132	0.669258293650157	combined_BrafG469A	BrafG469A	combined	Active
RASopathy	C5555857	CURATED	32	HRAS,MAP2K1,BRAF	3	3/415	3/14132	0.241676606040334	14132	0.669258293650157	combined_BrafG469A	BrafG469A	combined	Active
Weight Gain	C0043094	CURATED	115	GDF15,MEST,ANXA2,NUS1,CAVIN1,SPTBN1	6	6/415	6/14132	0.249322646394313	14132	0.681692299002173	combined_BrafG469A	BrafG469A	combined	Active
Hyperkinesia	C3887506	CURATED	33	FOS,NTS,NPPC	3	3/415	3/14132	0.252641822954196	14132	0.68213292197633	combined_BrafG469A	BrafG469A	combined	Active
Osteoarthrosis, localized, not specified whether primary or secondary	C0157946	CURATED	117	SLC2A1,TGFB1,TFPI2,PLOD2,YWHAQ,CLU	6	6/415	6/14132	0.260427177867633	14132	0.68968404131556	combined_BrafG469A	BrafG469A	combined	Active
Asthma	C0004096	CURATED	208	EGR1,CYBA,TGFB1,THBD,VEGFA,AREG,F2RL1,FKBP5,HLA-B	9	9/415	9/14132	0.268177154848446	14132	0.68968404131556	combined_BrafG469A	BrafG469A	combined	Active
Hypertensive disease	C0020538	CURATED	301	CYBA,FOS,MYH9,SGK1,JUN,CLU,PRKCD,TGFB1,TIMP1,VEGFA,DUSP5,NPPC	12	12/415	12/14132	0.27156598249917	14132	0.68968404131556	combined_BrafG469A	BrafG469A	combined	Active
Diabetic Retinopathy	C0011884	CURATED	62	CLU,HLA-B,VEGFA,FLT1	4	4/415	4/14132	0.274055903161771	14132	0.68968404131556	combined_BrafG469A	BrafG469A	combined	Active
IGA Glomerulonephritis	C0017661	CURATED	62	TIMP1,CD44,SPRY2,TGFB1	4	4/415	4/14132	0.274055903161771	14132	0.68968404131556	combined_BrafG469A	BrafG469A	combined	Active
Cataract	C0086543	CURATED	35	EPHA2,CYP51A1,WDR87	3	3/415	3/14132	0.274596423857121	14132	0.68968404131556	combined_BrafG469A	BrafG469A	combined	Active
Malignant neoplasm of lung	C0242379	CURATED	36	CMTR2,BRAF,PPP2R1B	3	3/415	3/14132	0.2855661852137	14132	0.708991908116772	combined_BrafG469A	BrafG469A	combined	Active
Reperfusion Injury	C0035126	CURATED	95	MAPK8,FOS,JUN,CDKN1A,EGR1	5	5/415	5/14132	0.304884172260202	14132	0.748352059184133	combined_BrafG469A	BrafG469A	combined	Active
Adenoid Cystic Carcinoma	C0010606	CURATED	97	CMTR2,HOMER3,HRAS,ASPM,KDM6B	5	5/415	5/14132	0.318202962704474	14132	0.772267864541194	combined_BrafG469A	BrafG469A	combined	Active
Colon Carcinoma	C0699790	CURATED	68	BRAF,FLT1,EPCAM,VEGFA	4	4/415	4/14132	0.322426081828161	14132	0.773822596387586	combined_BrafG469A	BrafG469A	combined	Active
Liver Failure, Acute	C0162557	CURATED	40	KRT18,PSMD11,MAPK8	3	3/415	3/14132	0.329191750701775	14132	0.781378221445971	combined_BrafG469A	BrafG469A	combined	Active
Non-alcoholic Fatty Liver Disease	C0400966	CURATED	101	TGFB1,PRKCD,TRIB3,TRIB1,ADIPOR2	5	5/415	5/14132	0.344959109561629	14132	0.796634176990642	combined_BrafG469A	BrafG469A	combined	Active
Nonalcoholic steatohepatitis	C3241937	CURATED	101	PRKCD,TRIB1,TRIB3,ADIPOR2,TGFB1	5	5/415	5/14132	0.344959109561629	14132	0.796634176990642	combined_BrafG469A	BrafG469A	combined	Active
Stevens-Johnson Syndrome	C0038325	CURATED	42	DERL1,HLA-A,HLA-B	3	3/415	3/14132	0.350746387661501	14132	0.796634176990642	combined_BrafG469A	BrafG469A	combined	Active
Severe Combined Immunodeficiency	C0085110	CURATED	42	LIG4,CORO1A,TFRC	3	3/415	3/14132	0.350746387661501	14132	0.796634176990642	combined_BrafG469A	BrafG469A	combined	Active
Endometriosis	C0014175	CURATED	165	CPM,FKBP5,AREG,DUSP1,SRD5A1,SLC20A1,FOS	7	7/415	7/14132	0.356317519186383	14132	0.796634176990642	combined_BrafG469A	BrafG469A	combined	Active
Major Depressive Disorder	C1269683	CURATED	229	S100A10,HSP90AA1,VEGFA,LSAMP,MAP2K1,SGK1,RNF41,FKBP5,HOMER1	9	9/415	9/14132	0.359354882011046	14132	0.796634176990642	combined_BrafG469A	BrafG469A	combined	Active
Salivary Gland Neoplasms	C0036095	CURATED	43	HOMER3,ASPM,HRAS	3	3/415	3/14132	0.361435876597606	14132	0.796634176990642	combined_BrafG469A	BrafG469A	combined	Active
Philadelphia chromosome positive chronic myelogenous leukemia	C0279543	CURATED	44	HSPA5,RUNX1,VEGFA	3	3/415	3/14132	0.372059068584055	14132	0.811765240547028	combined_BrafG469A	BrafG469A	combined	Active
Polycystic Ovary Syndrome	C0032460	CURATED	138	PNPLA2,ASPM,TFRC,SRD5A1,CDC6,CMTR2	6	6/415	6/14132	0.381580393575994	14132	0.818256423441323	combined_BrafG469A	BrafG469A	combined	Active
Major depression, single episode (disorder)	C0024517	CURATED	45	TAC1,S100A10,FKBP5	3	3/415	3/14132	0.38261064244247	14132	0.818256423441323	combined_BrafG469A	BrafG469A	combined	Active
Non-specific syndromic intellectual disability	C5568766	CURATED	367	ATP6V0A1,TMEM147,PSMD11,PSMD12,JMJD1C,YWHAE,WSB2,SPTBN1,USP2,PGM2L1,DNAJA1,YWHAZ,NAA15	13	13/415	13/14132	0.393352249166523	14132	0.832981233529108	combined_BrafG469A	BrafG469A	combined	Active
Glomerulonephritis	C0017658	CURATED	47	JUND,VEGFA,MYH9	3	3/415	3/14132	0.40347947460994	14132	0.83321932785376	combined_BrafG469A	BrafG469A	combined	Active
Chronic ischemic heart disease	C0264694	CURATED	174	VEGFA,SH2B3,TRIB1,LIPG,PROCR,GDF15,CYBA	7	7/415	7/14132	0.403639606224444	14132	0.83321932785376	combined_BrafG469A	BrafG469A	combined	Active
Coronary Arteriosclerosis	C0010054	CURATED	175	CYBA,GDF15,VEGFA,SH2B3,TRIB1,PROCR,LIPG	7	7/415	7/14132	0.408894670150456	14132	0.83321932785376	combined_BrafG469A	BrafG469A	combined	Active
Myocardial Infarction	C0027051	CURATED	175	HSPA5,TGFB1,CLU,SH2B3,THBD,TFPI,LIPG	7	7/415	7/14132	0.408894670150456	14132	0.83321932785376	combined_BrafG469A	BrafG469A	combined	Active
Calcinosis	C0006663	CURATED	48	TGFB1,TIMP1,GALNT3	3	3/415	3/14132	0.413787863964802	14132	0.835310080527076	combined_BrafG469A	BrafG469A	combined	Active
Kidney Failure, Acute	C0022660	CURATED	114	TGFB1,THBD,CD44,CLU,VEGFA	5	5/415	5/14132	0.431600487784691	14132	0.844093707218761	combined_BrafG469A	BrafG469A	combined	Active
Acute Kidney Insufficiency	C1565662	CURATED	114	THBD,VEGFA,CLU,TGFB1,CD44	5	5/415	5/14132	0.431600487784691	14132	0.844093707218761	combined_BrafG469A	BrafG469A	combined	Active
Acute kidney injury	C2609414	CURATED	115	CLU,VEGFA,TGFB1,THBD,CD44	5	5/415	5/14132	0.438169058645605	14132	0.844093707218761	combined_BrafG469A	BrafG469A	combined	Active
Gilles de la Tourette syndrome	C0040517	CURATED	83	SPRY2,RACK1,BAIAP2,CSNK1G3	4	4/415	4/14132	0.442029401696234	14132	0.844093707218761	combined_BrafG469A	BrafG469A	combined	Active
Cleft Palate	C0008925	CURATED	51	SDC2,SPRY2,TGFB1	3	3/415	3/14132	0.444162420498203	14132	0.844093707218761	combined_BrafG469A	BrafG469A	combined	Active
Coronary heart disease	C0010068	CURATED	182	PROCR,CYBA,VEGFA,LIPG,GDF15,SH2B3,TRIB1	7	7/415	7/14132	0.445520433954461	14132	0.844093707218761	combined_BrafG469A	BrafG469A	combined	Active
ovarian neoplasm	C0919267	CURATED	182	TFRC,CD59,CRABP2,AREG,EPCAM,SLC2A1,GALNT3	7	7/415	7/14132	0.445520433954461	14132	0.844093707218761	combined_BrafG469A	BrafG469A	combined	Active
Graves Disease	C0018213	CURATED	52	TGFB1,HLA-B,VEGFA	3	3/415	3/14132	0.454092543071977	14132	0.844093707218761	combined_BrafG469A	BrafG469A	combined	Active
nervous system disorder	C0027765	CURATED	53	SKOR2,FOS,SLC2A1	3	3/415	3/14132	0.463920388480873	14132	0.844093707218761	combined_BrafG469A	BrafG469A	combined	Active
Papillary thyroid carcinoma	C0238463	CURATED	53	BRAF,HRAS,LIG4	3	3/415	3/14132	0.463920388480873	14132	0.844093707218761	combined_BrafG469A	BrafG469A	combined	Active
Hyperalgesia	C0020429	CURATED	87	MAPK8,FOS,TAC1,THBD	4	4/415	4/14132	0.472688219497703	14132	0.844093707218761	combined_BrafG469A	BrafG469A	combined	Active
Osteoporosis	C0029456	CURATED	87	ANXA2,PKM,TGFB1,CXCR4	4	4/415	4/14132	0.472688219497703	14132	0.844093707218761	combined_BrafG469A	BrafG469A	combined	Active
Rare genetic syndromic intellectual disability	C5680525	CURATED	87	KDM6B,NAA15,PIGL,PSMD12	4	4/415	4/14132	0.472688219497703	14132	0.844093707218761	combined_BrafG469A	BrafG469A	combined	Active
Mammary Neoplasms	C1458155	CURATED	524	MYH9,FLT1,GRB7,TFPI2,ETV4,HRAS,JUN,ARF1,FOS,SLC2A1,AREG,MFGE8,ADAMTS1,TFRC,CXCR4,HSP90AA1,KRT18	17	17/415	17/14132	0.472848789691991	14132	0.844093707218761	combined_BrafG469A	BrafG469A	combined	Active
Myopathy	C0026848	CURATED	88	CLU,SLC2A1,TGFB1,PNPLA2	4	4/415	4/14132	0.480234167708428	14132	0.850250657582135	combined_BrafG469A	BrafG469A	combined	Active
Psychotic Disorders	C0033975	CURATED	89	HLA-B,TGFB1,FKBP5,GADD45B	4	4/415	4/14132	0.48772908419081	14132	0.85649985516435	combined_BrafG469A	BrafG469A	combined	Active
AMYOTROPHIC LATERAL SCLEROSIS 1	C1862939	CURATED	56	FOS,CLU,JUND	3	3/415	3/14132	0.492765793873456	14132	0.85836622158602	combined_BrafG469A	BrafG469A	combined	Active
Nephrotic Syndrome	C0027726	CURATED	91	SYNPO,MYH9,SGPL1,TGFB1	4	4/415	4/14132	0.502559442020639	14132	0.868422715811665	combined_BrafG469A	BrafG469A	combined	Active
Unipolar Depression	C0041696	CURATED	231	SGK1,HSP90AA1,LSAMP,S100A10,HOMER1,RNF41,FKBP5,MAP2K1	8	8/415	8/14132	0.520322564183502	14132	0.885450392508185	combined_BrafG469A	BrafG469A	combined	Active
Non-specific early-onset epileptic encephalopathy	C5680057	CURATED	59	YWHAG,DHDDS,NUS1	3	3/415	3/14132	0.520612036335831	14132	0.885450392508185	combined_BrafG469A	BrafG469A	combined	Active
Proteinuria	C0033687	CURATED	60	MYH9,VEGFA,TGFB1	3	3/415	3/14132	0.529664663908942	14132	0.89380912034634	combined_BrafG469A	BrafG469A	combined	Active
Acute Promyelocytic Leukemia	C0023487	CURATED	61	THBD,CD44,TRIB3	3	3/415	3/14132	0.538600536565386	14132	0.895776039838102	combined_BrafG469A	BrafG469A	combined	Active
Chemical and Drug Induced Liver Injury	C4277682	CURATED	374	NUS1,SLC25A29,ANXA2,PRKCD,CLU,KRT18,NTN1,JUND,FLT1,HLA-A,HSPA5,VEGFA	12	12/415	12/14132	0.541375107381684	14132	0.895776039838102	combined_BrafG469A	BrafG469A	combined	Active
Meniere Disease	C0025281	CURATED	62	HLA-B,MYH9,EPHA2	3	3/415	3/14132	0.547418691012173	14132	0.895776039838102	combined_BrafG469A	BrafG469A	combined	Active
Arsenic Poisoning	C0311375	CURATED	62	ZNF267,GADD45B,CD44	3	3/415	3/14132	0.547418691012173	14132	0.895776039838102	combined_BrafG469A	BrafG469A	combined	Active
Motor Neuron Disease	C0085084	CURATED	65	JUND,CLU,FOS	3	3/415	3/14132	0.573159513927768	14132	0.905625775511138	combined_BrafG469A	BrafG469A	combined	Active
Alcoholic Intoxication, Chronic	C0001973	CURATED	279	DKK2,PHLDA2,FKBP5,RACK1,ARC,NTS,SRD5A1,TAC1,BAG3	9	9/415	9/14132	0.57768060338773	14132	0.905625775511138	combined_BrafG469A	BrafG469A	combined	Active
Chronic Obstructive Airway Disease	C0024117	CURATED	102	CYBA,CDKN1A,TGFB1,F2RL1	4	4/415	4/14132	0.579891050247603	14132	0.905625775511138	combined_BrafG469A	BrafG469A	combined	Active
Alzheimer's Disease	C0002395	CURATED	211	CLU,SPRED2,DHCR24,ARC,VEGFA,ADAMTS1,AMFR	7	7/415	7/14132	0.589452522414433	14132	0.905625775511138	combined_BrafG469A	BrafG469A	combined	Active
Hepatomegaly	C0019209	CURATED	67	CYBA,TGFB1,KEAP1	3	3/415	3/14132	0.589720491143489	14132	0.905625775511138	combined_BrafG469A	BrafG469A	combined	Active
Other dermatoses	C0029574	CURATED	68	GADD45B,ZNF267,CD44	3	3/415	3/14132	0.597820321728802	14132	0.905625775511138	combined_BrafG469A	BrafG469A	combined	Active
Dermatologic disorders	C0037274	CURATED	68	ZNF267,CD44,GADD45B	3	3/415	3/14132	0.597820321728802	14132	0.905625775511138	combined_BrafG469A	BrafG469A	combined	Active
Skin Diseases, Genetic	C0037277	CURATED	68	ZNF267,CD44,GADD45B	3	3/415	3/14132	0.597820321728802	14132	0.905625775511138	combined_BrafG469A	BrafG469A	combined	Active
Fibrosis	C0016059	CURATED	69	TGFB1,SPHK1,TAC1	3	3/415	3/14132	0.605799637540706	14132	0.905625775511138	combined_BrafG469A	BrafG469A	combined	Active
Nonorganic psychosis	C0349204	CURATED	69	FKBP5,GADD45B,TGFB1	3	3/415	3/14132	0.605799637540706	14132	0.905625775511138	combined_BrafG469A	BrafG469A	combined	Active
Atherosclerosis	C0004153	CURATED	70	VEGFA,CLU,CYBA	3	3/415	3/14132	0.613658514817165	14132	0.905625775511138	combined_BrafG469A	BrafG469A	combined	Active
Brain Ischemia	C0007786	CURATED	70	JUN,MAP2K1,EGR1	3	3/415	3/14132	0.613658514817165	14132	0.905625775511138	combined_BrafG469A	BrafG469A	combined	Active
Dermatitis, Allergic Contact	C0162820	CURATED	71	PHLDA1,RAB32,UPP1	3	3/415	3/14132	0.621397129024895	14132	0.905625775511138	combined_BrafG469A	BrafG469A	combined	Active
Brain Injuries	C0270611	CURATED	71	FOS,VEGFA,JUN	3	3/415	3/14132	0.621397129024895	14132	0.905625775511138	combined_BrafG469A	BrafG469A	combined	Active
Colorectal Neoplasms	C0009404	CURATED	363	SH2B3,KDM2A,LIG4,TGFB1,TK1,SPOP,ABCB11,TFRC,CALCOCO2,BRAF,TFPI2	11	11/415	11/14132	0.626793067114231	14132	0.905625775511138	combined_BrafG469A	BrafG469A	combined	Active
Lung diseases	C0024115	CURATED	72	SPRY2,TGFB1,VEGFA	3	3/415	3/14132	0.6290157489932	14132	0.905625775511138	combined_BrafG469A	BrafG469A	combined	Active
Diabetes Mellitus, Non-Insulin-Dependent	C0011860	CURATED	331	CYBA,SLC2A1,TIMP1,ADIPOR2,FOXC2,PSMD6,MAPK8,BRAF,SPHK1,NUS1	10	10/415	10/14132	0.640268634909683	14132	0.905625775511138	combined_BrafG469A	BrafG469A	combined	Active
Pulmonary Fibrosis	C0034069	CURATED	113	AREG,TGFB1,TFPI,TIMP1	4	4/415	4/14132	0.649209990476763	14132	0.905625775511138	combined_BrafG469A	BrafG469A	combined	Active
Neuroblastoma	C0027819	CURATED	75	CHAF1A,HRAS,CD44	3	3/415	3/14132	0.651155616135651	14132	0.905625775511138	combined_BrafG469A	BrafG469A	combined	Active
Neoplastic Syndromes, Hereditary	C0027672	CURATED	190	SDHC,AIP,SH2B3,HRAS,EPCAM,RUNX1	6	6/415	6/14132	0.659951821385562	14132	0.905625775511138	combined_BrafG469A	BrafG469A	combined	Active
Pancreatic Neoplasm	C0030297	CURATED	191	LIG4,EPCAM,BRAF,TFPI2,CD44,TGFB1	6	6/415	6/14132	0.664470267552788	14132	0.905625775511138	combined_BrafG469A	BrafG469A	combined	Active
malignant neoplasm of head of pancreas	C0153458	CURATED	191	LIG4,BRAF,TGFB1,TFPI2,EPCAM,CD44	6	6/415	6/14132	0.664470267552788	14132	0.905625775511138	combined_BrafG469A	BrafG469A	combined	Active
Malignant neoplasm of body of pancreas	C0153459	CURATED	191	BRAF,TFPI2,LIG4,CD44,EPCAM,TGFB1	6	6/415	6/14132	0.664470267552788	14132	0.905625775511138	combined_BrafG469A	BrafG469A	combined	Active
Malignant neoplasm of tail of pancreas	C0153460	CURATED	191	TGFB1,CD44,TFPI2,BRAF,EPCAM,LIG4	6	6/415	6/14132	0.664470267552788	14132	0.905625775511138	combined_BrafG469A	BrafG469A	combined	Active
Malignant neoplasm of other specified sites of pancreas	C0153463	CURATED	191	LIG4,BRAF,CD44,EPCAM,TGFB1,TFPI2	6	6/415	6/14132	0.664470267552788	14132	0.905625775511138	combined_BrafG469A	BrafG469A	combined	Active
Insulin Resistance	C0021655	CURATED	77	NUS1,SQSTM1,TRIB3	3	3/415	3/14132	0.665324193413728	14132	0.905625775511138	combined_BrafG469A	BrafG469A	combined	Active
Peripheral Neuropathy	C0031117	CURATED	116	BAG3,HSPB8,SPTAN1,JUN	4	4/415	4/14132	0.666641195862366	14132	0.905625775511138	combined_BrafG469A	BrafG469A	combined	Active
Hereditary Breast and Ovarian Cancer Syndrome	C0677776	CURATED	158	TDG,VRK1,EPCAM,LEPROTL1,TFRC	5	5/415	5/14132	0.686146551895095	14132	0.926297845058379	combined_BrafG469A	BrafG469A	combined	Active
Bleeding tendency	C1458140	CURATED	81	THBD,MYH9,RUNX1	3	3/415	3/14132	0.692267349627046	14132	0.92745159411808	combined_BrafG469A	BrafG469A	combined	Active
Colonic Neoplasms	C0009375	CURATED	160	CDKN1A,EPCAM,JUN,VEGFA,SLC2A1	5	5/415	5/14132	0.69558869558856	14132	0.92745159411808	combined_BrafG469A	BrafG469A	combined	Active
Lupus Erythematosus, Systemic	C0024141	CURATED	124	CHAF1A,PRKCD,SH2B3,CLU	4	4/415	4/14132	0.710008046442727	14132	0.927541226233719	combined_BrafG469A	BrafG469A	combined	Active
Epilepsy	C0014544	CURATED	165	SRPX2,FOS,FOSB,SLC2A1,TGFB1	5	5/415	5/14132	0.718301183538874	14132	0.927541226233719	combined_BrafG469A	BrafG469A	combined	Active
Mental Retardation	C0025362	CURATED	165	SLC2A1,NAA15,ACSL4,VRK1,KDM6B	5	5/415	5/14132	0.718301183538874	14132	0.927541226233719	combined_BrafG469A	BrafG469A	combined	Active
Atrial Fibrillation	C0004238	CURATED	166	PHLDA1,CDKN1A,FBXO32,REEP3,GOSR2	5	5/415	5/14132	0.72269087307431	14132	0.927541226233719	combined_BrafG469A	BrafG469A	combined	Active
Multiple Sclerosis	C0026769	CURATED	127	ZNF267,CD44,HSP90AB1,CDK17	4	4/415	4/14132	0.725112747674701	14132	0.927541226233719	combined_BrafG469A	BrafG469A	combined	Active
Squamous cell carcinoma of esophagus	C0279626	CURATED	127	CDKN1A,HSPA5,SFN,RUNX1	4	4/415	4/14132	0.725112747674701	14132	0.927541226233719	combined_BrafG469A	BrafG469A	combined	Active
Microcephaly (physical finding)	C4551563	CURATED	357	ATP6V0A1,YWHAG,SPTAN1,SLC2A1,SPOCK1,CDC6,ASPM,FRMD4A,NUS1,EXT1	10	10/415	10/14132	0.725900965226351	14132	0.927541226233719	combined_BrafG469A	BrafG469A	combined	Active
Thrombocytopenia	C0040034	CURATED	128	RUNX1,THBD,HLA-A,MYH9	4	4/415	4/14132	0.730009298424686	14132	0.927541226233719	combined_BrafG469A	BrafG469A	combined	Active
Intellectual Disability	C3714756	CURATED	694	ZSWIM6,BRAF,ACSL4,JMJD1C,ASPM,BCKDK,SLC2A1,SPTAN1,TUSC3,ZDHHC16,YWHAG,HRAS,CLN8,SPTBN1,ANGPT2,ATP6V0A1,PSMD12,NAA15,CHAF1B	19	19/415	19/14132	0.740711889879421	14132	0.935636071426638	combined_BrafG469A	BrafG469A	combined	Active
Obesity	C0028754	CURATED	293	MYH9,FOS,SLC16A7,TFRC,FOXC2,VGF,SLC2A1,HSPA5	8	8/415	8/14132	0.761575527821833	14132	0.944057201572327	combined_BrafG469A	BrafG469A	combined	Active
Congenital heart disease	C0152021	CURATED	95	VEGFA,UGDH,CSRP1	3	3/415	3/14132	0.772752325958283	14132	0.944057201572327	combined_BrafG469A	BrafG469A	combined	Active
Malignant neoplasm of ovary	C1140680	CURATED	139	BRAF,TFRC,EXT1,CD59	4	4/415	4/14132	0.779432311099631	14132	0.944057201572327	combined_BrafG469A	BrafG469A	combined	Active
Acute lymphocytic leukemia	C0023449	CURATED	98	RUNX1,SH2B3,HCK	3	3/415	3/14132	0.78741000457402	14132	0.944057201572327	combined_BrafG469A	BrafG469A	combined	Active
Mixed bipolar I disorder	C0236780	CURATED	98	PLEKHO1,TAC1,BHLHE40	3	3/415	3/14132	0.78741000457402	14132	0.944057201572327	combined_BrafG469A	BrafG469A	combined	Active
Adult Glioblastoma	C0278878	CURATED	98	BHLHE40,RUNX1,VEGFA	3	3/415	3/14132	0.78741000457402	14132	0.944057201572327	combined_BrafG469A	BrafG469A	combined	Active
Primary Glioblastoma	C1514422	CURATED	98	BHLHE40,RUNX1,VEGFA	3	3/415	3/14132	0.78741000457402	14132	0.944057201572327	combined_BrafG469A	BrafG469A	combined	Active
Basal Cell Neoplasm	C0206710	CURATED	141	JUN,MYH9,CSPG4,PROCR	4	4/415	4/14132	0.787571862428207	14132	0.944057201572327	combined_BrafG469A	BrafG469A	combined	Active
Malignant basal cell tumor	C1368295	CURATED	141	CSPG4,JUN,MYH9,PROCR	4	4/415	4/14132	0.787571862428207	14132	0.944057201572327	combined_BrafG469A	BrafG469A	combined	Active
Bipolar I disorder, most recent episode manic (disorder)	C0024713	CURATED	99	TAC1,BHLHE40,PLEKHO1	3	3/415	3/14132	0.792108037133036	14132	0.944057201572327	combined_BrafG469A	BrafG469A	combined	Active
Neurodevelopmental abnormality	C4022737	CURATED	100	KDM6B,SPTAN1,ZDHHC16	3	3/415	3/14132	0.796714331874097	14132	0.944057201572327	combined_BrafG469A	BrafG469A	combined	Active
Stomach Neoplasms	C0038356	CURATED	349	MAPK8,CD44,AREG,CDKN1A,JUN,THBD,CXCR4,FOSL1,HRAS	9	9/415	9/14132	0.808750186310403	14132	0.944057201572327	combined_BrafG469A	BrafG469A	combined	Active
Ductal Breast Carcinoma	C1527349	CURATED	103	HLA-A,NTS,AMFR	3	3/415	3/14132	0.809996004421923	14132	0.944057201572327	combined_BrafG469A	BrafG469A	combined	Active
Glioblastoma	C0017636	CURATED	104	VEGFA,BHLHE40,RUNX1	3	3/415	3/14132	0.814248566838723	14132	0.944057201572327	combined_BrafG469A	BrafG469A	combined	Active
Developmental Disabilities	C0008073	CURATED	149	KDM6B,NAA15,SLC2A1,SPTAN1	4	4/415	4/14132	0.817675334133755	14132	0.944057201572327	combined_BrafG469A	BrafG469A	combined	Active
Depression, Bipolar	C0005587	CURATED	105	TAC1,BHLHE40,PLEKHO1	3	3/415	3/14132	0.818416000542529	14132	0.944057201572327	combined_BrafG469A	BrafG469A	combined	Active
Autistic Disorder	C0004352	CURATED	433	LAMB3,ATP6V0A1,PRKCI,INPP1,PLAUR,NAA15,REEP3,HLA-A,EXT1,HRAS,ILDR2	11	11/415	11/14132	0.822662576122568	14132	0.944057201572327	combined_BrafG469A	BrafG469A	combined	Active
Kidney Failure, Chronic	C0022661	CURATED	107	MYH9,TGFB1,CYBA	3	3/415	3/14132	0.826500748840628	14132	0.944057201572327	combined_BrafG469A	BrafG469A	combined	Active
Cholestasis	C0008370	CURATED	108	EGR1,ABCB11,BTG3	3	3/415	3/14132	0.830420686568251	14132	0.944057201572327	combined_BrafG469A	BrafG469A	combined	Active
Cerebellar Ataxia	C0007758	CURATED	110	PTRH2,SLC2A1,ATP6V0A1	3	3/415	3/14132	0.838022206684341	14132	0.946919673644785	combined_BrafG469A	BrafG469A	combined	Active
Malignant neoplasm of stomach	C0024623	CURATED	111	CXCR4,FOSL1,EPCAM	3	3/415	3/14132	0.841706376573143	14132	0.946919673644785	combined_BrafG469A	BrafG469A	combined	Active
Mesothelioma malignant advanced	C0278752	CURATED	117	ANXA2,CDKN1A,SLC2A1	3	3/415	3/14132	0.862259353462292	14132	0.948906463201928	combined_BrafG469A	BrafG469A	combined	Active
Diffuse malignant mesothelioma	C0392400	CURATED	117	CDKN1A,ANXA2,SLC2A1	3	3/415	3/14132	0.862259353462292	14132	0.948906463201928	combined_BrafG469A	BrafG469A	combined	Active
Asbestos-Related Malignant Mesothelioma	C1332338	CURATED	117	CDKN1A,SLC2A1,ANXA2	3	3/415	3/14132	0.862259353462292	14132	0.948906463201928	combined_BrafG469A	BrafG469A	combined	Active
Malignant mesothelioma	C0345967	CURATED	118	ANXA2,CDKN1A,SLC2A1	3	3/415	3/14132	0.86543783912398	14132	0.948906463201928	combined_BrafG469A	BrafG469A	combined	Active
Congenital neurologic anomalies	C0497552	CURATED	118	ASPM,TUSC3,SPRED1	3	3/415	3/14132	0.86543783912398	14132	0.948906463201928	combined_BrafG469A	BrafG469A	combined	Active
Adenocarcinoma	C0001418	CURATED	121	GRB7,VEGFA,TGFB1	3	3/415	3/14132	0.874574249205683	14132	0.954080999133473	combined_BrafG469A	BrafG469A	combined	Active
Malignant neoplasm of large intestine	C0346629	CURATED	173	LIG4,SH2B3,BRAF,SPOP	4	4/415	4/14132	0.887099260751253	14132	0.962881609659651	combined_BrafG469A	BrafG469A	combined	Active
Charcot-Marie-Tooth Disease	C0007959	CURATED	133	HSPB8,ARF1,SDHC	3	3/415	3/14132	0.905686953485285	14132	0.978141909764108	combined_BrafG469A	BrafG469A	combined	Active
Neurodevelopmental delay	C4022738	CURATED	238	NAA15,KDM6B,SPTBN1,BRAF,SPRED1	5	5/415	5/14132	0.922480668555079	14132	0.988622338557883	combined_BrafG469A	BrafG469A	combined	Active
Global developmental delay	C0557874	CURATED	388	PIGW,ATP6V0A1,ACSL4,CHAF1B,BRAF,PTRH2,SLC2A1,NAA15	8	8/415	8/14132	0.941389289338112	14132	0.988622338557883	combined_BrafG469A	BrafG469A	combined	Active
Bladder Neoplasm	C0005695	CURATED	206	AMFR,HRAS,TFRC,CDKN1A	4	4/415	4/14132	0.944010497802088	14132	0.988622338557883	combined_BrafG469A	BrafG469A	combined	Active
Heart failure	C0018801	CURATED	207	MAP2K1,PNPLA2,GDF15,VEGFA	4	4/415	4/14132	0.945223606222167	14132	0.988622338557883	combined_BrafG469A	BrafG469A	combined	Active
Congestive heart failure	C0018802	CURATED	207	PNPLA2,VEGFA,GDF15,MAP2K1	4	4/415	4/14132	0.945223606222167	14132	0.988622338557883	combined_BrafG469A	BrafG469A	combined	Active
Schizophrenia	C0036341	CURATED	1047	TPT1,JUN,NTS,TGFB1,BTBD9,KCTD12,YWHAE,CCDC68,CLU,DHCR24,HLA-A,VRK2,TAC1,ARC,MAPK8,BHLHE40,SHKBP1,HOMER1,HLA-B,HSPA9,LSAMP,NRGN,CSPG4,SH2B3	24	24/415	24/14132	0.946584751982652	14132	0.988622338557883	combined_BrafG469A	BrafG469A	combined	Active
Seizures	C0036572	CURATED	308	ATP6V0A1,ZSWIM6,YWHAG,SPTAN1,CLN8,SLC2A1	6	6/415	6/14132	0.950726073398692	14132	0.988622338557883	combined_BrafG469A	BrafG469A	combined	Active
Malignant neoplasm of breast	C0006142	CURATED	744	CAVIN1,CLU,MYH9,TGFB1,FBXO8,TMEM39A,KEAP1,RCE1,AREG,DUSP1,SPTAN1,AMFR,RAC2,GOLIM4,GPC1,EXT1	16	16/415	16/14132	0.955853548400684	14132	0.988622338557883	combined_BrafG469A	BrafG469A	combined	Active
Malignant neoplasm of urinary bladder	C0005684	CURATED	218	HRAS,CDKN1A,TFRC,AMFR	4	4/415	4/14132	0.957049465448593	14132	0.988622338557883	combined_BrafG469A	BrafG469A	combined	Active
Malignant neoplasm of prostate	C0376358	CURATED	629	PLEKHA4,VEGFA,CD44,FBH1,LIG4,MAMLD1,SRD5A1,SLC25A32,ATP6V0A1,CXCR4,CHAF1B,SPOP,RAC2	13	13/415	13/14132	0.961160606931275	14132	0.988622338557883	combined_BrafG469A	BrafG469A	combined	Active
Colorectal Carcinoma	C0009402	CURATED	473	BRAF,LAMB3,CORO2B,CD59,CCNB3,HIVEP3,SMTN,PPP2R1B,ACSL4	9	9/415	9/14132	0.970301349240643	14132	0.99329427220843	combined_BrafG469A	BrafG469A	combined	Active
Autism Spectrum Disorders	C1510586	CURATED	572	ACSL4,JMJD1C,BAIAP2,CORO1A,SLC25A25,CLN8,NAA15,FLT1,DHCR24,TFRC,MAP2K1	11	11/415	11/14132	0.974932924223332	14132	0.993327885057735	combined_BrafG469A	BrafG469A	combined	Active
Cardiomyopathy, Dilated	C0007193	CURATED	259	FBXO32,DOLK,BRAF,BAG3	4	4/415	4/14132	0.983203087421501	14132	0.99493648630665	combined_BrafG469A	BrafG469A	combined	Active
Neurodevelopmental Disorders	C1535926	CURATED	674	HIVEP3,RACK1,KDM6B,PSMD12,ZSWIM6,SPTBN1,ATP6V1C1,SPTAN1,TUSC3,NAA15,JMJD1C,KDM2A	12	12/415	12/14132	0.9902205187524	14132	0.99493648630665	combined_BrafG469A	BrafG469A	combined	Active
Cardiomyopathies	C0878544	CURATED	223	TRIB3,YWHAH,BAG3	3	3/415	3/14132	0.990330298870045	14132	0.99493648630665	combined_BrafG469A	BrafG469A	combined	Active
Retinal Dystrophies	C0854723	CURATED	405	DHDDS,DNAJC30,CCDC51	3	3/415	3/14132	0.999934800480824	14132	0.999934800480824	combined_BrafG469A	BrafG469A	combined	Active
Specific learning disability	C4025790	CURATED	13	RPS6KA3,ADGRL1,MAPK1	3	3/164	3/14132	0.00959983289921353	14132	0.420106868711356	combined_ERK2AA	ERK2AA	combined	Inactive
Major Depressive Disorder	C1269683	CURATED	229	HSP90AA1,MCTP2,PEA15,LSAMP,SGK1,NEFL,PCNT,FKBP5	8	8/164	8/14132	0.0175017750520141	14132	0.420106868711356	combined_ERK2AA	ERK2AA	combined	Inactive
Unipolar Depression	C0041696	CURATED	231	SGK1,HSP90AA1,LSAMP,PEA15,MCTP2,FKBP5,NEFL,PCNT	8	8/164	8/14132	0.0182655160309285	14132	0.420106868711356	combined_ERK2AA	ERK2AA	combined	Inactive
Transient Ischemic Attack	C0007787	CURATED	22	ILK,NDRG2,NOTCH3	3	3/164	3/14132	0.0265587503148205	14132	0.454956955912907	combined_ERK2AA	ERK2AA	combined	Inactive
Mammary Neoplasms	C1458155	CURATED	524	THBS1,TFPI2,EEF1B2,NOTCH3,YAP1,DNMT3B,ANKRD34A,HMMR,SFRP5,TP73,HSP90AA1,TRERF1	12	12/164	12/14132	0.041903026364263	14132	0.454956955912907	combined_ERK2AA	ERK2AA	combined	Inactive
Mental Retardation	C0025362	CURATED	165	STRA6,CHD8,EEF1B2,FOXG1,RPS6KA3,SC5D	6	6/164	6/14132	0.0432884202415539	14132	0.454956955912907	combined_ERK2AA	ERK2AA	combined	Inactive
Mood Disorders	C0525045	CURATED	168	HCN4,DNMT3B,FKBP5,NTS,HSP90AA1,KCTD12	6	6/164	6/14132	0.0461550534984109	14132	0.454956955912907	combined_ERK2AA	ERK2AA	combined	Inactive
melanoma	C0025202	CURATED	250	RAP1GAP,TFPI2,MAPK1,GDF15,MAP2K2,GPAM,RAC2	7	7/164	7/14132	0.0713729896540532	14132	0.560425588188986	combined_ERK2AA	ERK2AA	combined	Inactive
Liver carcinoma	C2239176	CURATED	646	GDF15,CSPG4,CKAP2L,PKM,SLIT2,TFPI2,FAM83D,ASPM,RPS6KA3,NOTCH3,KIF14,YAP1,HMMR	13	13/164	13/14132	0.0730989897637808	14132	0.560425588188986	combined_ERK2AA	ERK2AA	combined	Inactive
Neurodevelopmental Disorders	C1535926	CURATED	674	PSMC5,CHD8,GABRB3,CHAMP1,EEF1B2,AGO2,EEF1D,TP73,MED12L,FOXG1,ERF,ADGRL1,MRTFB	13	13/164	13/14132	0.0930026693811409	14132	0.60967244765469	combined_ERK2AA	ERK2AA	combined	Inactive
Craniofacial Abnormalities	C0376634	CURATED	150	GPC6,DNMT3B,ERF,STRA6,GABRB3	5	5/164	5/14132	0.0971941583217621	14132	0.60967244765469	combined_ERK2AA	ERK2AA	combined	Inactive
Ductal Breast Carcinoma	C1527349	CURATED	103	SYT6,NEFL,NTS,NOTCH3	4	4/164	4/14132	0.117827243221562	14132	0.620409679066234	combined_ERK2AA	ERK2AA	combined	Inactive
Myoepithelioma	C0027070	CURATED	104	CORO2A,CLSPN,GABRB3,HIVEP1	4	4/164	4/14132	0.120350377351491	14132	0.620409679066234	combined_ERK2AA	ERK2AA	combined	Inactive
Large head (disorder)	C2243051	CURATED	53	MAPK1,CHD8,RPS6KA3	3	3/164	3/14132	0.125880224738077	14132	0.620409679066234	combined_ERK2AA	ERK2AA	combined	Inactive
Cocaine-Related Disorders	C0236736	CURATED	112	ILK,RPS6KA5,MAPK1,AGO2	4	4/164	4/14132	0.141226348856301	14132	0.649641204738984	combined_ERK2AA	ERK2AA	combined	Inactive
Neoplasm Invasiveness	C0027626	CURATED	198	MAPK1,YAP1,TIMP1,PKM,RPS6KA3	5	5/164	5/14132	0.198327143544622	14132	0.672564405156554	combined_ERK2AA	ERK2AA	combined	Inactive
Bipolar Disorder	C0005586	CURATED	483	CSRP1,FKBP5,NEFL,PCNT,FADS2,MAPK1,RPS6KA2,KCTD12,GABRB3	9	9/164	9/14132	0.1994957308907	14132	0.672564405156554	combined_ERK2AA	ERK2AA	combined	Inactive
Autism Spectrum Disorders	C1510586	CURATED	572	CHD8,SLITRK5,DNMT3B,THBS1,FOXG1,GABRB3,DHCR24,CYP2S1,NOTCH3,RPS6KA2	10	10/164	10/14132	0.220564724584728	14132	0.672564405156554	combined_ERK2AA	ERK2AA	combined	Inactive
Basal Cell Neoplasm	C0206710	CURATED	141	CHGA,UBAC2,FSCN1,CSPG4	4	4/164	4/14132	0.225005167155041	14132	0.672564405156554	combined_ERK2AA	ERK2AA	combined	Inactive
Malignant basal cell tumor	C1368295	CURATED	141	CHGA,UBAC2,CSPG4,FSCN1	4	4/164	4/14132	0.225005167155041	14132	0.672564405156554	combined_ERK2AA	ERK2AA	combined	Inactive
Schizophrenia	C0036341	CURATED	1047	THBS1,NEFL,NTS,PCNT,MAPK1,CHGA,KCTD12,DNMT3B,GABRB3,CRMP1,DHCR24,MCTP2,PTPRZ1,FADS2,LSAMP,CSPG4	16	16/164	16/14132	0.233927847531678	14132	0.672564405156554	combined_ERK2AA	ERK2AA	combined	Inactive
Small cell carcinoma of lung	C0149925	CURATED	80	SLIT2,DNMT3B,TP73	3	3/164	3/14132	0.237673837210038	14132	0.672564405156554	combined_ERK2AA	ERK2AA	combined	Inactive
Malignant neoplasm of breast	C0006142	CURATED	744	CLSPN,TP73,DUSP1,GAB1,KIF16B,LZTS2,RAC2,RPS6KA3,F5,RAP1GAP,CFL2,HMMR	12	12/164	12/14132	0.246399568060273	14132	0.672564405156554	combined_ERK2AA	ERK2AA	combined	Inactive
Osteoporosis	C0029456	CURATED	87	PKM,GPC6,RSU1	3	3/164	3/14132	0.267794549538393	14132	0.672564405156554	combined_ERK2AA	ERK2AA	combined	Inactive
Adenocarcinoma of large intestine (disorder)	C1319315	CURATED	88	DNMT3B,RPS6KA2,MAPK1	3	3/164	3/14132	0.272101635303323	14132	0.672564405156554	combined_ERK2AA	ERK2AA	combined	Inactive
Abnormality of the brain	C4021085	CURATED	88	SLITRK5,KLHL15,NOTCH3	3	3/164	3/14132	0.272101635303323	14132	0.672564405156554	combined_ERK2AA	ERK2AA	combined	Inactive
Intellectual Disability	C3714756	CURATED	694	MAPK1,CKAP2L,ASPM,EEF1B2,CHD8,RPS6KA3,MED12L,ADGRL1,GABRB3,CHAMP1,FOXG1	11	11/164	11/14132	0.286287682643135	14132	0.672564405156554	combined_ERK2AA	ERK2AA	combined	Inactive
Carcinoma	C0007097	CURATED	163	PKM,SGK1,ID3,DNMT3B	4	4/164	4/14132	0.293643612158348	14132	0.672564405156554	combined_ERK2AA	ERK2AA	combined	Inactive
Malignant epithelioma	C0553707	CURATED	163	ID3,DNMT3B,SGK1,PKM	4	4/164	4/14132	0.293643612158348	14132	0.672564405156554	combined_ERK2AA	ERK2AA	combined	Inactive
Epithelioma	C1368683	CURATED	163	ID3,DNMT3B,PKM,SGK1	4	4/164	4/14132	0.293643612158348	14132	0.672564405156554	combined_ERK2AA	ERK2AA	combined	Inactive
Congenital heart disease	C0152021	CURATED	95	SOX7,ADAM17,CSRP1	3	3/164	3/14132	0.302199874624022	14132	0.672564405156554	combined_ERK2AA	ERK2AA	combined	Inactive
Lung Neoplasms	C0024121	CURATED	269	MAPK1,NOTCH3,ID3,PPP2R1B,TP73	5	5/164	5/14132	0.380403479633998	14132	0.672564405156554	combined_ERK2AA	ERK2AA	combined	Inactive
Pancreatic Neoplasm	C0030297	CURATED	191	RAP1GAP,TFPI2,THBS1,ILK	4	4/164	4/14132	0.382424926357882	14132	0.672564405156554	combined_ERK2AA	ERK2AA	combined	Inactive
malignant neoplasm of head of pancreas	C0153458	CURATED	191	RAP1GAP,TFPI2,ILK,THBS1	4	4/164	4/14132	0.382424926357882	14132	0.672564405156554	combined_ERK2AA	ERK2AA	combined	Inactive
Malignant neoplasm of body of pancreas	C0153459	CURATED	191	ILK,TFPI2,RAP1GAP,THBS1	4	4/164	4/14132	0.382424926357882	14132	0.672564405156554	combined_ERK2AA	ERK2AA	combined	Inactive
Malignant neoplasm of tail of pancreas	C0153460	CURATED	191	RAP1GAP,ILK,TFPI2,THBS1	4	4/164	4/14132	0.382424926357882	14132	0.672564405156554	combined_ERK2AA	ERK2AA	combined	Inactive
Malignant neoplasm of other specified sites of pancreas	C0153463	CURATED	191	THBS1,ILK,RAP1GAP,TFPI2	4	4/164	4/14132	0.382424926357882	14132	0.672564405156554	combined_ERK2AA	ERK2AA	combined	Inactive
Depressive disorder	C0011581	CURATED	272	FKBP5,GABRB3,NOTCH3,NTS,DUSP1	5	5/164	5/14132	0.388302762533983	14132	0.672564405156554	combined_ERK2AA	ERK2AA	combined	Inactive
Congenital neurologic anomalies	C0497552	CURATED	118	ASPM,TP73,FOXG1	3	3/164	3/14132	0.398823495131905	14132	0.672564405156554	combined_ERK2AA	ERK2AA	combined	Inactive
Colorectal Neoplasms	C0009404	CURATED	363	YAP1,FADS2,TP73,IPP,SFRP5,TFPI2	6	6/164	6/14132	0.413359404900326	14132	0.672564405156554	combined_ERK2AA	ERK2AA	combined	Inactive
HIV Infections	C0019693	CURATED	127	HSP90AA1,PSMA6,PSMC5	3	3/164	3/14132	0.435015509443487	14132	0.672564405156554	combined_ERK2AA	ERK2AA	combined	Inactive
Leukemia, Myelocytic, Acute	C0023467	CURATED	210	RAC2,DNMT3B,TFPI2,SGK1	4	4/164	4/14132	0.44142566344625	14132	0.672564405156554	combined_ERK2AA	ERK2AA	combined	Inactive
Global developmental delay	C0557874	CURATED	388	EEF1B2,PCNT,RPS6KA3,ADGRL1,FOXG1,GABRB3	6	6/164	6/14132	0.470265671169057	14132	0.672564405156554	combined_ERK2AA	ERK2AA	combined	Inactive
Rheumatoid Arthritis	C0003873	CURATED	222	TFPI2,DNMT3B,FKBP5,SUPT20H	4	4/164	4/14132	0.477583502634747	14132	0.672564405156554	combined_ERK2AA	ERK2AA	combined	Inactive
Polycystic Ovary Syndrome	C0032460	CURATED	138	ASPM,GAB1,HMMR	3	3/164	3/14132	0.47761820076335	14132	0.672564405156554	combined_ERK2AA	ERK2AA	combined	Inactive
Acute polyarticular juvenile rheumatoid arthritis	C0157916	CURATED	138	MAPK1,THBS1,DUSP1	3	3/164	3/14132	0.47761820076335	14132	0.672564405156554	combined_ERK2AA	ERK2AA	combined	Inactive
Pauciarticular juvenile rheumatoid arthritis	C0157917	CURATED	138	THBS1,MAPK1,DUSP1	3	3/164	3/14132	0.47761820076335	14132	0.672564405156554	combined_ERK2AA	ERK2AA	combined	Inactive
Monoarticular juvenile rheumatoid arthritis	C0157918	CURATED	138	DUSP1,MAPK1,THBS1	3	3/164	3/14132	0.47761820076335	14132	0.672564405156554	combined_ERK2AA	ERK2AA	combined	Inactive
Juvenile Chronic Polyarthritis	C0409667	CURATED	138	THBS1,DUSP1,MAPK1	3	3/164	3/14132	0.47761820076335	14132	0.672564405156554	combined_ERK2AA	ERK2AA	combined	Inactive
Prostatic Neoplasms	C0033578	CURATED	660	ID3,ERF,SULT2A1,GDF15,MAP2K2,CSRP1,DNMT3B,ETV3,CHGA	9	9/164	9/14132	0.501359756973762	14132	0.686425310712822	combined_ERK2AA	ERK2AA	combined	Inactive
Multiple Myeloma	C0026764	CURATED	146	ERF,YAP1,SGK1	3	3/164	3/14132	0.507357838352955	14132	0.686425310712822	combined_ERK2AA	ERK2AA	combined	Inactive
Developmental Disabilities	C0008073	CURATED	149	MED12L,NEFL,CHD8	3	3/164	3/14132	0.518225397871508	14132	0.687645239483347	combined_ERK2AA	ERK2AA	combined	Inactive
Colonic Neoplasms	C0009375	CURATED	160	NDRG2,ID3,F5	3	3/164	3/14132	0.556697275457287	14132	0.710640879107381	combined_ERK2AA	ERK2AA	combined	Inactive
Liver Cirrhosis	C0023890	CURATED	164	F5,THBS1,TUG1	3	3/164	3/14132	0.570140813427528	14132	0.710640879107381	combined_ERK2AA	ERK2AA	combined	Inactive
Epilepsy	C0014544	CURATED	165	ILK,FOXG1,GABRB3	3	3/164	3/14132	0.573455650650285	14132	0.710640879107381	combined_ERK2AA	ERK2AA	combined	Inactive
Atrial Fibrillation	C0004238	CURATED	166	HCN4,CFL2,DPF3	3	3/164	3/14132	0.57675201782628	14132	0.710640879107381	combined_ERK2AA	ERK2AA	combined	Inactive
Malignant neoplasm of prostate	C0376358	CURATED	629	SULT2A1,ADRM1,CHGA,FBH1,KMT5A,NOTCH3,KIF16B,RAC2	8	8/164	8/14132	0.599169648289799	14132	0.725310626877125	combined_ERK2AA	ERK2AA	combined	Inactive
Non-specific syndromic intellectual disability	C5568766	CURATED	367	ADGRL1,TRERF1,CHD8,AGO2,CHAMP1	5	5/164	5/14132	0.619770808923336	14132	0.725649399811178	combined_ERK2AA	ERK2AA	combined	Inactive
Renal Cell Carcinoma	C0007134	CURATED	180	TP73,C4A,MAPK1	3	3/164	3/14132	0.620955537696094	14132	0.725649399811178	combined_ERK2AA	ERK2AA	combined	Inactive
Alcoholic Intoxication, Chronic	C0001973	CURATED	279	GABRB3,FKBP5,NTS,AGO2	4	4/164	4/14132	0.631936541942161	14132	0.725649399811178	combined_ERK2AA	ERK2AA	combined	Inactive
Mental Depression	C0011570	CURATED	283	NTS,GABRB3,FKBP5,DUSP1	4	4/164	4/14132	0.641516136064954	14132	0.725649399811178	combined_ERK2AA	ERK2AA	combined	Inactive
Seizures	C0036572	CURATED	308	EEF1B2,HIVEP1,ADGRL1,GABRB3	4	4/164	4/14132	0.697417216515239	14132	0.776157869992766	combined_ERK2AA	ERK2AA	combined	Inactive
Myocardial Ischemia	C0151744	CURATED	338	GDF15,DUSP1,PSMB5,ID3	4	4/164	4/14132	0.755545000775821	14132	0.827501667516375	combined_ERK2AA	ERK2AA	combined	Inactive
Non-Small Cell Lung Carcinoma	C0007131	CURATED	276	NOTCH3,TP73,CHGA	3	3/164	3/14132	0.83365608677855	14132	0.898785468558124	combined_ERK2AA	ERK2AA	combined	Inactive
Hypertensive disease	C0020538	CURATED	301	SGK1,CHGA,TIMP1	3	3/164	3/14132	0.867736839412143	14132	0.921136029529813	combined_ERK2AA	ERK2AA	combined	Inactive
Colorectal Carcinoma	C0009402	CURATED	473	GDAP1L1,PSMC5,LZTS2,PPP2R1B	4	4/164	4/14132	0.915833982852641	14132	0.947710738157232	combined_ERK2AA	ERK2AA	combined	Inactive
Microcephaly (physical finding)	C4551563	CURATED	357	MAPK1,ASPM,PCNT	3	3/164	3/14132	0.922147265555785	14132	0.947710738157232	combined_ERK2AA	ERK2AA	combined	Inactive
Chemical and Drug Induced Liver Injury	C4277682	CURATED	374	EIF4EBP2,THBS1,FADS2	3	3/164	3/14132	0.93397579992307	14132	0.947710738157232	combined_ERK2AA	ERK2AA	combined	Inactive
Autistic Disorder	C0004352	CURATED	433	CHD8,KIF16B,GABRB3	3	3/164	3/14132	0.963178113374842	14132	0.963178113374842	combined_ERK2AA	ERK2AA	combined	Inactive
Noonan Syndrome	C0028326	CURATED	35	KRAS,PPP1CB,HRAS,RASA1,SHOC2,NRAS,RAF1,BRAF,LZTR1	9	9/111	9/14132	2.21411209428815e-10	14132	2.47980554560273e-08	combined_NrasQ61K	NrasQ61K	combined	Active
RASopathy	C5555857	CURATED	32	KRAS,NRAS,LZTR1,HRAS,PPP1CB,SHOC2,BRAF,RAF1	8	8/111	8/14132	4.36134653557444e-09	14132	2.44235405992169e-07	combined_NrasQ61K	NrasQ61K	combined	Active
Noonan syndrome and Noonan-related syndrome	C5681679	CURATED	25	LZTR1,HRAS,SHOC2,BRAF,KRAS,NRAS,RAF1	7	7/111	7/14132	3.21371268331278e-08	14132	9.35819246189482e-07	combined_NrasQ61K	NrasQ61K	combined	Active
Costello syndrome (disorder)	C0587248	CURATED	13	SHOC2,NRAS,RAF1,BRAF,HRAS,KRAS	6	6/111	6/14132	3.34221159353386e-08	14132	9.35819246189482e-07	combined_NrasQ61K	NrasQ61K	combined	Active
Vascular anomaly	C0158570	CURATED	14	HRAS,KRAS,NRAS,RASA1,BRAF,PIK3CA	6	6/111	6/14132	5.16651876572315e-08	14132	9.6441683626832e-07	combined_NrasQ61K	NrasQ61K	combined	Active
Cardio-facio-cutaneous syndrome	C1275081	CURATED	14	KRAS,BRAF,NRAS,HRAS,RAF1,SHOC2	6	6/111	6/14132	5.16651876572315e-08	14132	9.6441683626832e-07	combined_NrasQ61K	NrasQ61K	combined	Active
Noonan Syndrome 1	C4551602	CURATED	21	KRAS,NRAS,LZTR1,HRAS,BRAF,RAF1	6	6/111	6/14132	5.0261581010244e-07	14132	8.04185296163905e-06	combined_NrasQ61K	NrasQ61K	combined	Active
Epidermal Nevus	C0334082	CURATED	7	HRAS,KRAS,NRAS,PIK3CA	4	4/111	4/14132	1.6132762680329e-05	14132	0.000225858677524607	combined_NrasQ61K	NrasQ61K	combined	Active
GIANT PIGMENTED HAIRY NEVUS	C1842036	CURATED	8	BRAF,NRAS,RAF1,HRAS	4	4/111	4/14132	2.56646351329337e-05	14132	0.000287443913488858	combined_NrasQ61K	NrasQ61K	combined	Active
NOONAN SYNDROME 3	C1860991	CURATED	8	KRAS,RAF1,HRAS,SHOC2	4	4/111	4/14132	2.56646351329337e-05	14132	0.000287443913488858	combined_NrasQ61K	NrasQ61K	combined	Active
PROSTATE CANCER, HEREDITARY, 1	C4722327	CURATED	10	NRAS,BRAF,HRAS,KRAS	4	4/111	4/14132	5.43680215056034e-05	14132	0.000553565309875235	combined_NrasQ61K	NrasQ61K	combined	Active
Noonan syndrome-like disorder with loose anagen hair	C1843181	CURATED	3	HRAS,SHOC2,PPP1CB	3	3/111	3/14132	0.000182482480111544	14132	0.00170316981437441	combined_NrasQ61K	NrasQ61K	combined	Active
Carcinoma	C0007097	CURATED	163	KRAS,PKM,RASA1,SGK1,YWHAZ,ID3,PLAUR,HRAS	8	8/111	8/14132	0.000296874331817316	14132	0.00203329929705292	combined_NrasQ61K	NrasQ61K	combined	Active
Malignant epithelioma	C0553707	CURATED	163	ID3,HRAS,KRAS,PLAUR,YWHAZ,SGK1,PKM,RASA1	8	8/111	8/14132	0.000296874331817316	14132	0.00203329929705292	combined_NrasQ61K	NrasQ61K	combined	Active
Epithelioma	C1368683	CURATED	163	ID3,HRAS,KRAS,PLAUR,YWHAZ,PKM,RASA1,SGK1	8	8/111	8/14132	0.000296874331817316	14132	0.00203329929705292	combined_NrasQ61K	NrasQ61K	combined	Active
Penile Neoplasms	C0030849	CURATED	4	HRAS,KRAS,PIK3CA	3	3/111	3/14132	0.000363089160188022	14132	0.00203329929705292	combined_NrasQ61K	NrasQ61K	combined	Active
Nevus sebaceous	C3854181	CURATED	4	HRAS,NRAS,KRAS	3	3/111	3/14132	0.000363089160188022	14132	0.00203329929705292	combined_NrasQ61K	NrasQ61K	combined	Active
NEVUS, KERATINOCYTIC, NONEPIDERMOLYTIC	C4011754	CURATED	4	HRAS,PIK3CA,NRAS	3	3/111	3/14132	0.000363089160188022	14132	0.00203329929705292	combined_NrasQ61K	NrasQ61K	combined	Active
Nevus Sebaceus of Jadassohn	C4552097	CURATED	4	HRAS,KRAS,NRAS	3	3/111	3/14132	0.000363089160188022	14132	0.00203329929705292	combined_NrasQ61K	NrasQ61K	combined	Active
CAPILLARY MALFORMATION-ARTERIOVENOUS MALFORMATION 1	C4747394	CURATED	4	RASA1,PIK3CA,KRAS	3	3/111	3/14132	0.000363089160188022	14132	0.00203329929705292	combined_NrasQ61K	NrasQ61K	combined	Active
Hydrops Fetalis, Non-Immune	C0455988	CURATED	50	HRAS,KRAS,LZTR1,DHCR24,SHOC2	5	5/111	5/14132	0.000628594650181108	14132	0.00335250480096591	combined_NrasQ61K	NrasQ61K	combined	Active
Pilomyxoid astrocytoma	C1519086	CURATED	7	BRAF,RAF1,KRAS	3	3/111	3/14132	0.00125134100481831	14132	0.00609348663215875	combined_NrasQ61K	NrasQ61K	combined	Active
THYROID CANCER, NONMEDULLARY, 2	C4225426	CURATED	7	NRAS,BRAF,HRAS	3	3/111	3/14132	0.00125134100481831	14132	0.00609348663215875	combined_NrasQ61K	NrasQ61K	combined	Active
Differentiated Thyroid Gland Carcinoma	C1337013	CURATED	29	BRAF,KRAS,HRAS,NRAS	4	4/111	4/14132	0.00148505534188422	14132	0.00693025826212637	combined_NrasQ61K	NrasQ61K	combined	Active
Liver carcinoma	C2239176	CURATED	646	GDF15,PCLAF,BRAF,PKM,SLIT2,ASPM,NRAS,KRAS,ZIC2,CCNG1,HRAS,PIK3CA,LZTR1,CDC6	14	14/111	14/14132	0.00164395231271738	14132	0.00736490636097385	combined_NrasQ61K	NrasQ61K	combined	Active
LEOPARD Syndrome	C0175704	CURATED	9	RAF1,NRAS,BRAF	3	3/111	3/14132	0.00212322070262138	14132	0.00880743402568868	combined_NrasQ61K	NrasQ61K	combined	Active
Follicular thyroid carcinoma	C0206682	CURATED	9	HRAS,KRAS,NRAS	3	3/111	3/14132	0.00212322070262138	14132	0.00880743402568868	combined_NrasQ61K	NrasQ61K	combined	Active
Neuroblastoma	C0027819	CURATED	75	RASSF5,HRAS,NRAS,KRAS,LMO1	5	5/111	5/14132	0.0028551215115342	14132	0.0114204860461368	combined_NrasQ61K	NrasQ61K	combined	Active
Prostatic Neoplasms	C0033578	CURATED	660	HRAS,ID3,ZIC2,RAF1,PIK3CA,PLAUR,LZTS1,SESN3,GDF15,KRAS,CSRP1,BRAF,CHGA	13	13/111	13/14132	0.00561180847053988	14132	0.0216731913344988	combined_NrasQ61K	NrasQ61K	combined	Active
Non-Small Cell Lung Carcinoma	C0007131	CURATED	276	NRAS,CHGA,KRAS,HRAS,BRAF,KDM2A,RAF1,PIK3CA	8	8/111	8/14132	0.00607703897971587	14132	0.0226876121909392	combined_NrasQ61K	NrasQ61K	combined	Active
Hypertrophic Cardiomyopathy	C0007194	CURATED	164	RAF1,LZTR1,MYPN,BRAF,CACNB2,HCN4	6	6/111	6/14132	0.00946310112077634	14132	0.0341892685653855	combined_NrasQ61K	NrasQ61K	combined	Active
Malignant neoplasm of gallbladder	C0153452	CURATED	20	PIK3CA,BRAF,KRAS	3	3/111	3/14132	0.010592343602563	14132	0.0370732026089705	combined_NrasQ61K	NrasQ61K	combined	Active
Lip and Oral Cavity Carcinoma	C0220641	CURATED	21	HRAS,PIK3CA,BRAF	3	3/111	3/14132	0.0116477700227017	14132	0.0395318255315936	combined_NrasQ61K	NrasQ61K	combined	Active
Malignant Squamous Cell Neoplasm	C0751688	CURATED	124	PIK3CA,RASA1,LZTS1,HRAS,KRAS	5	5/111	5/14132	0.0164615353337179	14132	0.0542262340404823	combined_NrasQ61K	NrasQ61K	combined	Active
Carcinoma of lung	C0684249	CURATED	26	KRAS,BRAF,PIK3CA	3	3/111	3/14132	0.0175732676368109	14132	0.056234456437795	combined_NrasQ61K	NrasQ61K	combined	Active
Lung Neoplasms	C0024121	CURATED	269	PIK3CA,KRAS,BRAF,HRAS,ID3,RAF1,CCNG1	7	7/111	7/14132	0.0193604179128187	14132	0.0602324112843249	combined_NrasQ61K	NrasQ61K	combined	Active
Basal Cell Neoplasm	C0206710	CURATED	141	CHGA,FSCN1,RASA1,VCAN,PIK3CA	5	5/111	5/14132	0.0250407818442917	14132	0.0738044096463334	combined_NrasQ61K	NrasQ61K	combined	Active
Malignant basal cell tumor	C1368295	CURATED	141	CHGA,RASA1,VCAN,PIK3CA,FSCN1	5	5/111	5/14132	0.0250407818442917	14132	0.0738044096463334	combined_NrasQ61K	NrasQ61K	combined	Active
Squamous cell carcinoma	C0007137	CURATED	150	KRAS,LZTS1,PIK3CA,RASA1,HRAS	5	5/111	5/14132	0.0304974625692916	14132	0.0875824566092478	combined_NrasQ61K	NrasQ61K	combined	Active
Kidney Neoplasm	C0022665	CURATED	36	BRAF,RAF1,RASSF5	3	3/111	3/14132	0.032382046042743	14132	0.0884582721167615	combined_NrasQ61K	NrasQ61K	combined	Active
Malignant neoplasm of lung	C0242379	CURATED	36	KRAS,PIK3CA,BRAF	3	3/111	3/14132	0.032382046042743	14132	0.0884582721167615	combined_NrasQ61K	NrasQ61K	combined	Active
Cardiomyopathy, Familial Hypertrophic, 1	C3495498	CURATED	37	LZTR1,MYPN,RAF1	3	3/111	3/14132	0.0340600315222376	14132	0.090826750725967	combined_NrasQ61K	NrasQ61K	combined	Active
Endometrial Carcinoma	C0476089	CURATED	39	HRAS,PIK3CA,BRAF	3	3/111	3/14132	0.0375152085180572	14132	0.0977140314888933	combined_NrasQ61K	NrasQ61K	combined	Active
Adenoid Cystic Carcinoma	C0010606	CURATED	97	VCAN,HRAS,ASPM,PIK3CA	4	4/111	4/14132	0.0408617871916394	14132	0.104011821942355	combined_NrasQ61K	NrasQ61K	combined	Active
Cardiomyopathy, Hypertrophic, Familial	C0949658	CURATED	99	KRAS,SHOC2,RAF1,MYPN	4	4/111	4/14132	0.0429891033221877	14132	0.106995101601889	combined_NrasQ61K	NrasQ61K	combined	Active
Salivary Gland Neoplasms	C0036095	CURATED	43	VCAN,ASPM,HRAS	3	3/111	3/14132	0.0448053999850734	14132	0.109091408659309	combined_NrasQ61K	NrasQ61K	combined	Active
Thyroid Neoplasm	C0040136	CURATED	45	BRAF,HRAS,KRAS	3	3/111	3/14132	0.0486309711116677	14132	0.115886569457591	combined_NrasQ61K	NrasQ61K	combined	Active
Cardiomyopathy, Dilated	C0007193	CURATED	259	CACNB2,HCN4,LZTR1,RAF1,BRAF,MYPN	6	6/111	6/14132	0.0533883448102574	14132	0.122263867527698	combined_NrasQ61K	NrasQ61K	combined	Active
Adult Cholangiocarcinoma	C0280725	CURATED	48	THBS1,BRAF,KRAS	3	3/111	3/14132	0.0545820837177225	14132	0.122263867527698	combined_NrasQ61K	NrasQ61K	combined	Active
Left ventricular noncompaction cardiomyopathy	C4021133	CURATED	48	HCN4,RAF1,MYPN	3	3/111	3/14132	0.0545820837177225	14132	0.122263867527698	combined_NrasQ61K	NrasQ61K	combined	Active
Mouth Neoplasms	C0026640	CURATED	52	HRAS,KRAS,PIK3CA	3	3/111	3/14132	0.0628910235993496	14132	0.135457589290907	combined_NrasQ61K	NrasQ61K	combined	Active
Cholangiocarcinoma	C0206698	CURATED	52	THBS1,KRAS,BRAF	3	3/111	3/14132	0.0628910235993496	14132	0.135457589290907	combined_NrasQ61K	NrasQ61K	combined	Active
Papillary thyroid carcinoma	C0238463	CURATED	53	NRAS,BRAF,HRAS	3	3/111	3/14132	0.0650315239490896	14132	0.137425107213171	combined_NrasQ61K	NrasQ61K	combined	Active
Colorectal Neoplasms	C0009404	CURATED	363	KDM2A,KRAS,FADS2,PIK3CA,NRAS,SFRP5,BRAF	7	7/111	7/14132	0.0663619893448109	14132	0.137639681604052	combined_NrasQ61K	NrasQ61K	combined	Active
Non-Small Cell Adenocarcinoma	C1335060	CURATED	197	RASA1,HRAS,BRAF,KRAS,PIK3CA	5	5/111	5/14132	0.069626348385859	14132	0.139780553531947	combined_NrasQ61K	NrasQ61K	combined	Active
Adenocarcinoma	C0001418	CURATED	121	PLCE1,ID3,PIK3CA,KRAS	4	4/111	4/14132	0.0698902767659735	14132	0.139780553531947	combined_NrasQ61K	NrasQ61K	combined	Active
Adenocarcinoma of lung (disorder)	C0152013	CURATED	286	RASA1,PIK3CA,RAF1,BRAF,KRAS,HRAS	6	6/111	6/14132	0.0748145859824826	14132	0.147004098772597	combined_NrasQ61K	NrasQ61K	combined	Active
Colorectal Carcinoma	C0009402	CURATED	473	KRAS,RALGDS,BRAF,PDGFD,PSMC5,PIK3CA,CACNB2,NRAS	8	8/111	8/14132	0.0788889901923513	14132	0.152337360371437	combined_NrasQ61K	NrasQ61K	combined	Active
Autism Spectrum Disorders	C1510586	CURATED	572	SLITRK5,THBS1,CACNB2,LZTR1,GABRB3,AFDN,CEP104,DHCR24,SCRIB	9	9/111	9/14132	0.0809296860667584	14132	0.153629234567406	combined_NrasQ61K	NrasQ61K	combined	Active
Squamous cell carcinoma of lung	C0149782	CURATED	67	KRAS,PIK3CA,HRAS	3	3/111	3/14132	0.0973256732707294	14132	0.181674590105361	combined_NrasQ61K	NrasQ61K	combined	Active
Colon Carcinoma	C0699790	CURATED	68	BRAF,PIK3CA,NRAS	3	3/111	3/14132	0.099779989001344	14132	0.183202602756566	combined_NrasQ61K	NrasQ61K	combined	Active
Liver neoplasms	C0023903	CURATED	146	HRAS,RAF1,BRAF,KRAS	4	4/111	4/14132	0.107534605727632	14132	0.19117263240468	combined_NrasQ61K	NrasQ61K	combined	Active
Multiple Myeloma	C0026764	CURATED	146	NRAS,BRAF,KRAS,SGK1	4	4/111	4/14132	0.107534605727632	14132	0.19117263240468	combined_NrasQ61K	NrasQ61K	combined	Active
Mammary Neoplasms	C1458155	CURATED	524	RAF1,THBS1,PIK3CA,EEF1B2,HRAS,ARAF,KRAS,SFRP5	8	8/111	8/14132	0.118302277789395	14132	0.207028986131442	combined_NrasQ61K	NrasQ61K	combined	Active
Hereditary Breast and Ovarian Cancer Syndrome	C0677776	CURATED	158	ID3,KRAS,RALGDS,CCNG1	4	4/111	4/14132	0.127892244750065	14132	0.220368175569343	combined_NrasQ61K	NrasQ61K	combined	Active
Mental Retardation	C0025362	CURATED	165	KRAS,EEF1B2,RALGDS,SC5D	4	4/111	4/14132	0.140358465963533	14132	0.233014155283661	combined_NrasQ61K	NrasQ61K	combined	Active
Atrial Fibrillation	C0004238	CURATED	166	HCN4,CEP68,MYPN,SLC27A6	4	4/111	4/14132	0.142172243221463	14132	0.233014155283661	combined_NrasQ61K	NrasQ61K	combined	Active
Malignant neoplasm of upper lobe, bronchus or lung	C0024624	CURATED	87	PIK3CA,KRAS,BRAF	3	3/111	3/14132	0.14925332725006	14132	0.233014155283661	combined_NrasQ61K	NrasQ61K	combined	Active
Malignant neoplasm of middle lobe, bronchus or lung	C0153491	CURATED	87	KRAS,BRAF,PIK3CA	3	3/111	3/14132	0.14925332725006	14132	0.233014155283661	combined_NrasQ61K	NrasQ61K	combined	Active
Malignant neoplasm of lower lobe, bronchus or lung	C0153492	CURATED	87	PIK3CA,KRAS,BRAF	3	3/111	3/14132	0.14925332725006	14132	0.233014155283661	combined_NrasQ61K	NrasQ61K	combined	Active
Malignant neoplasm of other parts of bronchus or lung	C0153493	CURATED	87	KRAS,PIK3CA,BRAF	3	3/111	3/14132	0.14925332725006	14132	0.233014155283661	combined_NrasQ61K	NrasQ61K	combined	Active
Microcephaly (physical finding)	C4551563	CURATED	357	SCRIB,YWHAG,ZIC2,ZNF91,CDC6,ASPM	6	6/111	6/14132	0.149794814110925	14132	0.233014155283661	combined_NrasQ61K	NrasQ61K	combined	Active
Malignant neoplasm of large intestine	C0346629	CURATED	173	KRAS,PIK3CA,BRAF,NRAS	4	4/111	4/14132	0.155084904874876	14132	0.23793848419159	combined_NrasQ61K	NrasQ61K	combined	Active
ovarian neoplasm	C0919267	CURATED	182	PIK3CA,CCNG1,KRAS,PPP1CC	4	4/111	4/14132	0.172202212235743	14132	0.260630375275718	combined_NrasQ61K	NrasQ61K	combined	Active
Bipolar Disorder	C0005586	CURATED	483	CSRP1,CACNB2,FADS2,YWHAZ,GABRB3,YWHAE,YWHAH	7	7/111	7/14132	0.179661144167508	14132	0.262487965064715	combined_NrasQ61K	NrasQ61K	combined	Active
Pancreatic Neoplasm	C0030297	CURATED	191	BRAF,THBS1,KRAS,CCNG1	4	4/111	4/14132	0.189832501736224	14132	0.262487965064715	combined_NrasQ61K	NrasQ61K	combined	Active
malignant neoplasm of head of pancreas	C0153458	CURATED	191	BRAF,KRAS,THBS1,CCNG1	4	4/111	4/14132	0.189832501736224	14132	0.262487965064715	combined_NrasQ61K	NrasQ61K	combined	Active
Malignant neoplasm of body of pancreas	C0153459	CURATED	191	BRAF,CCNG1,KRAS,THBS1	4	4/111	4/14132	0.189832501736224	14132	0.262487965064715	combined_NrasQ61K	NrasQ61K	combined	Active
Malignant neoplasm of tail of pancreas	C0153460	CURATED	191	BRAF,THBS1,KRAS,CCNG1	4	4/111	4/14132	0.189832501736224	14132	0.262487965064715	combined_NrasQ61K	NrasQ61K	combined	Active
Malignant neoplasm of other specified sites of pancreas	C0153463	CURATED	191	THBS1,KRAS,BRAF,CCNG1	4	4/111	4/14132	0.189832501736224	14132	0.262487965064715	combined_NrasQ61K	NrasQ61K	combined	Active
Global developmental delay	C0557874	CURATED	388	EEF1B2,CEP104,PIK3CA,BRAF,NFE2L1,GABRB3	6	6/111	6/14132	0.189835046162874	14132	0.262487965064715	combined_NrasQ61K	NrasQ61K	combined	Active
Myoepithelioma	C0027070	CURATED	104	CORO2A,GABRB3,BRAF	3	3/111	3/14132	0.196763023032892	14132	0.268749494874194	combined_NrasQ61K	NrasQ61K	combined	Active
Glioma	C0017638	CURATED	109	BRAF,HRAS,RAF1	3	3/111	3/14132	0.21108929007624	14132	0.284843379379987	combined_NrasQ61K	NrasQ61K	combined	Active
Malignant Glioma	C0555198	CURATED	112	RAF1,HRAS,BRAF	3	3/111	3/14132	0.219735818891897	14132	0.292981091855862	combined_NrasQ61K	NrasQ61K	combined	Active
Weight Gain	C0043094	CURATED	115	GDF15,MEST,PIK3CA	3	3/111	3/14132	0.228412609304545	14132	0.300967202848341	combined_NrasQ61K	NrasQ61K	combined	Active
Acute polyarticular juvenile rheumatoid arthritis	C0157916	CURATED	138	PLAUR,THBS1,KRAS	3	3/111	3/14132	0.295334779539792	14132	0.371143477642958	combined_NrasQ61K	NrasQ61K	combined	Active
Pauciarticular juvenile rheumatoid arthritis	C0157917	CURATED	138	PLAUR,THBS1,KRAS	3	3/111	3/14132	0.295334779539792	14132	0.371143477642958	combined_NrasQ61K	NrasQ61K	combined	Active
Monoarticular juvenile rheumatoid arthritis	C0157918	CURATED	138	KRAS,PLAUR,THBS1	3	3/111	3/14132	0.295334779539792	14132	0.371143477642958	combined_NrasQ61K	NrasQ61K	combined	Active
Juvenile Chronic Polyarthritis	C0409667	CURATED	138	KRAS,THBS1,PLAUR	3	3/111	3/14132	0.295334779539792	14132	0.371143477642958	combined_NrasQ61K	NrasQ61K	combined	Active
Malignant neoplasm of ovary	C1140680	CURATED	139	PIK3CA,CCNG1,BRAF	3	3/111	3/14132	0.29824029453452	14132	0.371143477642958	combined_NrasQ61K	NrasQ61K	combined	Active
Schizophrenia	C0036341	CURATED	1047	THBS1,CHGA,GABRB3,YWHAE,CACNB2,CRMP1,DHCR24,ZIC2,PIK3CA,PTPRZ1,FADS2	11	11/111	11/14132	0.30710731456795	14132	0.3779782333144	combined_NrasQ61K	NrasQ61K	combined	Active
melanoma	C0025202	CURATED	250	GDF15,NRAS,BRAF,HRAS	4	4/111	4/14132	0.313324798333152	14132	0.381438884927315	combined_NrasQ61K	NrasQ61K	combined	Active
Colonic Neoplasms	C0009375	CURATED	160	NDRG2,ID3,KRAS	3	3/111	3/14132	0.358638483393136	14132	0.431908711183132	combined_NrasQ61K	NrasQ61K	combined	Active
Endometriosis	C0014175	CURATED	165	ARHGAP28,VCAN,KRAS	3	3/111	3/14132	0.372771557353541	14132	0.444153344931878	combined_NrasQ61K	NrasQ61K	combined	Active
Seizures	C0036572	CURATED	308	EEF1B2,YWHAG,PIK3CA,GABRB3	4	4/111	4/14132	0.436909455529259	14132	0.514930923343393	combined_NrasQ61K	NrasQ61K	combined	Active
Neoplastic Syndromes, Hereditary	C0027672	CURATED	190	PIK3CA,LZTR1,HRAS	3	3/111	3/14132	0.441369362865765	14132	0.514930923343393	combined_NrasQ61K	NrasQ61K	combined	Active
Neoplasm Invasiveness	C0027626	CURATED	198	HRAS,PLAUR,PKM	3	3/111	3/14132	0.462466907028219	14132	0.533982408115056	combined_NrasQ61K	NrasQ61K	combined	Active
Leukemia, Myelocytic, Acute	C0023467	CURATED	210	KRAS,NRAS,SGK1	3	3/111	3/14132	0.493233457569169	14132	0.563205919678839	combined_NrasQ61K	NrasQ61K	combined	Active
Myocardial Ischemia	C0151744	CURATED	338	PDGFD,GDF15,PSMB5,ID3	4	4/111	4/14132	0.497833804001831	14132	0.563205919678839	combined_NrasQ61K	NrasQ61K	combined	Active
Malignant neoplasm of urinary bladder	C0005684	CURATED	218	HRAS,PIK3CA,KRAS	3	3/111	3/14132	0.513127119100702	14132	0.574702373392787	combined_NrasQ61K	NrasQ61K	combined	Active
Stomach Neoplasms	C0038356	CURATED	349	PIK3CA,KRAS,HRAS,PLCE1	4	4/111	4/14132	0.519359919709568	14132	0.575923871361105	combined_NrasQ61K	NrasQ61K	combined	Active
Cardiomyopathies	C0878544	CURATED	223	YWHAH,HCN4,MYPN	3	3/111	3/14132	0.525301002403293	14132	0.576801100678126	combined_NrasQ61K	NrasQ61K	combined	Active
Malignant neoplasm of prostate	C0376358	CURATED	629	VCAN,PIK3CA,CHGA,FBH1,KMT5A,B3GALT1	6	6/111	6/14132	0.553454008273029	14132	0.601814067248342	combined_NrasQ61K	NrasQ61K	combined	Active
Neurodevelopmental delay	C4022738	CURATED	238	PPP1CB,BRAF,GABRB3	3	3/111	3/14132	0.560591432809058	14132	0.603713850717447	combined_NrasQ61K	NrasQ61K	combined	Active
Intellectual Disability	C3714756	CURATED	694	BRAF,ASPM,EEF1B2,YWHAG,HRAS,GABRB3	6	6/111	6/14132	0.641475682123141	14132	0.684240727598017	combined_NrasQ61K	NrasQ61K	combined	Active
Autistic Disorder	C0004352	CURATED	433	PLAUR,LZTR1,GABRB3,HRAS	4	4/111	4/14132	0.665712627313449	14132	0.703394474142513	combined_NrasQ61K	NrasQ61K	combined	Active
Hypertensive disease	C0020538	CURATED	301	SGK1,CHGA,CACNB2	3	3/111	3/14132	0.688132444428479	14132	0.720288166130745	combined_NrasQ61K	NrasQ61K	combined	Active
Neurodevelopmental Disorders	C1535926	CURATED	674	PSMC5,GABRB3,EEF1B2,KDM2A,RALGDS	5	5/111	5/14132	0.781883753263321	14132	0.809469327810685	combined_NrasQ61K	NrasQ61K	combined	Active
Non-specific syndromic intellectual disability	C5568766	CURATED	367	RALGDS,YWHAE,YWHAZ	3	3/111	3/14132	0.787787113672899	14132	0.809469327810685	combined_NrasQ61K	NrasQ61K	combined	Active
Chemical and Drug Induced Liver Injury	C4277682	CURATED	374	RASA1,THBS1,FADS2	3	3/111	3/14132	0.796539639245308	14132	0.811022178140677	combined_NrasQ61K	NrasQ61K	combined	Active
Retinal Dystrophies	C0854723	CURATED	405	VCAN,ZNF91,RP9	3	3/111	3/14132	0.831602225203262	14132	0.83909413714203	combined_NrasQ61K	NrasQ61K	combined	Active
Malignant neoplasm of breast	C0006142	CURATED	744	KRAS,LZTR1,PIK3CA,RGL1	4	4/111	4/14132	0.936422654706762	14132	0.936422654706762	combined_NrasQ61K	NrasQ61K	combined	Active
Congenital abnormality of vein	C2937220	CURATED	7	GLMN,EPHB4,COL5A1	3	3/269	3/14132	0.00711683754158806	14132	0.576463840868633	combined_ArafD447A	ArafD447A	combined	Inactive
Mouth Diseases	C0026636	CURATED	11	DNAJA1,CHAF1A,CHAF1B	3	3/269	3/14132	0.0177268508056242	14132	0.708958786010474	combined_ArafD447A	ArafD447A	combined	Inactive
Severe myopia	C0271183	CURATED	88	FLII,SLC19A1,LRP2,PTPRZ1,EGFLAM,ANKMY2	6	6/269	6/14132	0.0262577328152027	14132	0.708958786010474	combined_ArafD447A	ArafD447A	combined	Inactive
Osteogenesis imperfecta type III (disorder)	C0268362	CURATED	17	P3H1,COL11A1,CRTAP	3	3/269	3/14132	0.040679164307442	14132	0.8237530772257	combined_ArafD447A	ArafD447A	combined	Inactive
Mental Retardation, X-Linked Nonsyndromic	C3501611	CURATED	44	GDI1,FTSJ1,USP9X,HUWE1	4	4/269	4/14132	0.0509902102175988	14132	0.826041405525101	combined_ArafD447A	ArafD447A	combined	Inactive
Carcinoma	C0007097	CURATED	163	KITLG,PKM,URI1,SGK1,YWHAZ,COL5A1,PIK3R1	7	7/269	7/14132	0.0914638954794594	14132	0.889067752346538	combined_ArafD447A	ArafD447A	combined	Inactive
Malignant epithelioma	C0553707	CURATED	163	COL5A1,KITLG,URI1,YWHAZ,SGK1,PIK3R1,PKM	7	7/269	7/14132	0.0914638954794594	14132	0.889067752346538	combined_ArafD447A	ArafD447A	combined	Inactive
Epithelioma	C1368683	CURATED	163	PIK3R1,COL5A1,YWHAZ,URI1,PKM,KITLG,SGK1	7	7/269	7/14132	0.0914638954794594	14132	0.889067752346538	combined_ArafD447A	ArafD447A	combined	Inactive
Pneumoconiosis	C0032273	CURATED	28	PTPRZ1,EPHB4,ALG11	3	3/269	3/14132	0.098785305816282	14132	0.889067752346538	combined_ArafD447A	ArafD447A	combined	Inactive
Autosomal recessive non-syndromic intellectual disability	C5680181	CURATED	67	NAA20,EEF1B2,UBE4A,EEF1D	4	4/269	4/14132	0.135243896919109	14132	0.989329854929193	combined_ArafD447A	ArafD447A	combined	Inactive
Neurodevelopmental delay	C4022738	CURATED	238	COL11A1,NAA15,HUWE1,AFG2B,DDB1,NR2F1,DNAJC7,USP9X	8	8/269	8/14132	0.169363676122765	14132	0.989329854929193	combined_ArafD447A	ArafD447A	combined	Inactive
Insulin Resistance	C0021655	CURATED	77	SIRT1,PIK3R1,PRKAR1A,TBC1D4	4	4/269	4/14132	0.180921509884767	14132	0.989329854929193	combined_ArafD447A	ArafD447A	combined	Inactive
Systemic Scleroderma	C0036421	CURATED	41	CCN1,ANXA5,SIRT1	3	3/269	3/14132	0.183292607285139	14132	0.989329854929193	combined_ArafD447A	ArafD447A	combined	Inactive
Mammary Neoplasms	C1458155	CURATED	524	MTR,NISCH,DICER1,THBS1,EEF1B2,EPHB4,ARAF,ARF1,SIRT1,FKBPL,GPI,NR2F1,HSP90AA1,MAN2C1	14	14/269	14/14132	0.20047330407842	14132	0.989329854929193	combined_ArafD447A	ArafD447A	combined	Inactive
Dysmorphic facies	C0424503	CURATED	84	PLCB4,MAP2K2,HUWE1,COL11A1	4	4/269	4/14132	0.21502626883212	14132	0.989329854929193	combined_ArafD447A	ArafD447A	combined	Inactive
Myopia	C0027092	CURATED	48	P3H2,P4HA2,COL11A1	3	3/269	3/14132	0.232139187984666	14132	0.989329854929193	combined_ArafD447A	ArafD447A	combined	Inactive
Mouth Neoplasms	C0026640	CURATED	52	GPN1,NAMPT,ANXA5	3	3/269	3/14132	0.260424560554117	14132	0.989329854929193	combined_ArafD447A	ArafD447A	combined	Inactive
Polycystic Ovary Syndrome	C0032460	CURATED	138	TMEFF2,ASPM,PDE3B,PBK,MAPK8IP3	5	5/269	5/14132	0.268620617980072	14132	0.989329854929193	combined_ArafD447A	ArafD447A	combined	Inactive
Major Depressive Disorder	C1269683	CURATED	229	HSP90AA1,LSAMP,MAP2K1,SGK1,FKBP4,FKBP5,PLCB1	7	7/269	7/14132	0.271223161020919	14132	0.989329854929193	combined_ArafD447A	ArafD447A	combined	Inactive
Metastatic melanoma	C0278883	CURATED	54	PASK,EPHB4,CAMK1	3	3/269	3/14132	0.274590131604546	14132	0.989329854929193	combined_ArafD447A	ArafD447A	combined	Inactive
Unipolar Depression	C0041696	CURATED	231	SGK1,PLCB1,HSP90AA1,LSAMP,FKBP4,FKBP5,MAP2K1	7	7/269	7/14132	0.277723303608905	14132	0.989329854929193	combined_ArafD447A	ArafD447A	combined	Inactive
Basal Cell Neoplasm	C0206710	CURATED	141	CHGA,UBAC2,PPP6C,PELI2,IRS4	5	5/269	5/14132	0.28130858273686	14132	0.989329854929193	combined_ArafD447A	ArafD447A	combined	Inactive
Malignant basal cell tumor	C1368295	CURATED	141	CHGA,UBAC2,IRS4,PELI2,PPP6C	5	5/269	5/14132	0.28130858273686	14132	0.989329854929193	combined_ArafD447A	ArafD447A	combined	Inactive
Pain	C0030193	CURATED	58	MAP2K2,COL5A1,PLCB1	3	3/269	3/14132	0.302863721864977	14132	0.989329854929193	combined_ArafD447A	ArafD447A	combined	Inactive
Developmental Disabilities	C0008073	CURATED	149	MAPK8IP3,NAA15,USP9X,UBR4,LRP2	5	5/269	5/14132	0.315542648930214	14132	0.989329854929193	combined_ArafD447A	ArafD447A	combined	Inactive
Non-Small Cell Adenocarcinoma	C1335060	CURATED	197	UBR5,SLC19A1,GPI,ANXA5,MAP2K1,IPO5	6	6/269	6/14132	0.321576603281768	14132	0.989329854929193	combined_ArafD447A	ArafD447A	combined	Inactive
Glioma	C0017638	CURATED	109	MAP2K1,CHAF1A,CCN1,LIG4	4	4/269	4/14132	0.343804025422022	14132	0.989329854929193	combined_ArafD447A	ArafD447A	combined	Inactive
Malignant Glioma	C0555198	CURATED	112	LIG4,MAP2K1,CHAF1A,CCN1	4	4/269	4/14132	0.35943142415154	14132	0.989329854929193	combined_ArafD447A	ArafD447A	combined	Inactive
Mental Retardation	C0025362	CURATED	165	NAA15,GPI,EEF1B2,KIFBP,SC5D	5	5/269	5/14132	0.384723051387596	14132	0.989329854929193	combined_ArafD447A	ArafD447A	combined	Inactive
Mood Disorders	C0525045	CURATED	168	SIRT1,FKBP5,NTS,HSP90AA1,SIRT2	5	5/269	5/14132	0.397658944043743	14132	0.989329854929193	combined_ArafD447A	ArafD447A	combined	Inactive
Non-specific syndromic intellectual disability	C5568766	CURATED	367	CCT6A,DLGAP2,HUWE1,MAPK8IP3,YWHAE,MAN2C1,DNAJA1,YWHAZ,NAA15	9	9/269	9/14132	0.399067221566291	14132	0.989329854929193	combined_ArafD447A	ArafD447A	combined	Inactive
HIV Infections	C0019693	CURATED	127	SIRT1,HSP90AA1,DNAJC7,HSP90AB1	4	4/269	4/14132	0.436351767199466	14132	0.989329854929193	combined_ArafD447A	ArafD447A	combined	Inactive
hearing impairment	C1384666	CURATED	187	LRP2,THBS1,UNC45A,AFG2B,COL11A1	5	5/269	5/14132	0.478079054364221	14132	0.989329854929193	combined_ArafD447A	ArafD447A	combined	Inactive
Pancreatic Neoplasm	C0030297	CURATED	191	RHBDD1,LIG4,MTR,SEL1L,THBS1	5	5/269	5/14132	0.494520193819746	14132	0.989329854929193	combined_ArafD447A	ArafD447A	combined	Inactive
malignant neoplasm of head of pancreas	C0153458	CURATED	191	LIG4,MTR,THBS1,SEL1L,RHBDD1	5	5/269	5/14132	0.494520193819746	14132	0.989329854929193	combined_ArafD447A	ArafD447A	combined	Inactive
Malignant neoplasm of body of pancreas	C0153459	CURATED	191	MTR,SEL1L,RHBDD1,LIG4,THBS1	5	5/269	5/14132	0.494520193819746	14132	0.989329854929193	combined_ArafD447A	ArafD447A	combined	Inactive
Malignant neoplasm of tail of pancreas	C0153460	CURATED	191	MTR,THBS1,RHBDD1,LIG4,SEL1L	5	5/269	5/14132	0.494520193819746	14132	0.989329854929193	combined_ArafD447A	ArafD447A	combined	Inactive
Malignant neoplasm of other specified sites of pancreas	C0153463	CURATED	191	THBS1,LIG4,SEL1L,RHBDD1,MTR	5	5/269	5/14132	0.494520193819746	14132	0.989329854929193	combined_ArafD447A	ArafD447A	combined	Inactive
Rare genetic syndromic intellectual disability	C5680525	CURATED	87	HUWE1,NAA15,DDB1	3	3/269	3/14132	0.495597305578421	14132	0.989329854929193	combined_ArafD447A	ArafD447A	combined	Inactive
Abnormality of the brain	C4021085	CURATED	88	KLHL15,PLCB1,TTC1	3	3/269	3/14132	0.501655630969972	14132	0.989329854929193	combined_ArafD447A	ArafD447A	combined	Inactive
melanoma	C0025202	CURATED	250	PPP6C,PLCB4,MAP2K2,UBR4,MAP2K1,STIP1	6	6/269	6/14132	0.518757563992504	14132	0.989329854929193	combined_ArafD447A	ArafD447A	combined	Inactive
Colorectal Neoplasms	C0009404	CURATED	363	KDM2A,DICER1,BAMBI,LIG4,NAMPT,NT5C,STIP1,SLC19A1	8	8/269	8/14132	0.539827343261554	14132	0.989329854929193	combined_ArafD447A	ArafD447A	combined	Inactive
Chemical and Drug Induced Liver Injury	C4277682	CURATED	374	P4HB,SNX18,DBT,GDI1,KITLG,THBS1,NTN1,DDB1	8	8/269	8/14132	0.571627996946499	14132	0.989329854929193	combined_ArafD447A	ArafD447A	combined	Inactive
Ductal Breast Carcinoma	C1527349	CURATED	103	LRP2,NTS,UBR5	3	3/269	3/14132	0.586728453572485	14132	0.989329854929193	combined_ArafD447A	ArafD447A	combined	Inactive
Short stature	C0349588	CURATED	162	COL11A1,UBR4,WDR6,MAP2K2	4	4/269	4/14132	0.598902547718879	14132	0.989329854929193	combined_ArafD447A	ArafD447A	combined	Inactive
Prostatic Neoplasms	C0033578	CURATED	660	HSP90AB1,LRP2,COL5A1,P4HB,MAP2K2,UXT,TTC9C,PIK3R1,SIRT1,TMEFF2,LIG4,MAP2K1,CHGA	13	13/269	13/14132	0.606718099941518	14132	0.989329854929193	combined_ArafD447A	ArafD447A	combined	Inactive
Liver Cirrhosis	C0023890	CURATED	164	BAMBI,LGALS3BP,THBS1,TUG1	4	4/269	4/14132	0.607229713672544	14132	0.989329854929193	combined_ArafD447A	ArafD447A	combined	Inactive
Adenocarcinoma of lung (disorder)	C0152013	CURATED	286	UBR5,MAP2K1,SLC19A1,IPO5,GPI,ANXA5	6	6/269	6/14132	0.638205977544972	14132	0.989329854929193	combined_ArafD447A	ArafD447A	combined	Inactive
Malignant neoplasm of large intestine	C0346629	CURATED	173	LIG4,PIK3R1,BAMBI,DICER1	4	4/269	4/14132	0.64326688552337	14132	0.989329854929193	combined_ArafD447A	ArafD447A	combined	Inactive
Osteoarthrosis, localized, not specified whether primary or secondary	C0157946	CURATED	117	P3H3,EDIL3,YWHAQ	3	3/269	3/14132	0.656027289082736	14132	0.989329854929193	combined_ArafD447A	ArafD447A	combined	Inactive
Obesity	C0028754	CURATED	293	KITLG,PRKAR1A,SIRT1,NAMPT,NUDC,LACTB	6	6/269	6/14132	0.659208773072725	14132	0.989329854929193	combined_ArafD447A	ArafD447A	combined	Inactive
Bipolar Disorder	C0005586	CURATED	483	FKBP5,PLCB1,SIRT1,MTR,YWHAZ,YWHAE,YWHAH,FBXL3,PPID	9	9/269	9/14132	0.704941717866172	14132	0.989329854929193	combined_ArafD447A	ArafD447A	combined	Inactive
Autistic Disorder	C0004352	CURATED	433	PER1,DLGAP2,COL11A1,PASK,NAA15,ZNF776,MTR,SLC19A1	8	8/269	8/14132	0.721754784742733	14132	0.989329854929193	combined_ArafD447A	ArafD447A	combined	Inactive
Neurodevelopmental Disorders	C1535926	CURATED	674	COL11A1,EEF1B2,UBE4A,EEF1D,UBR4,USP9X,UBR5,NAA15,KDM2A,MAPK8IP3,DICER1,CCT6A	12	12/269	12/14132	0.741985832696888	14132	0.989329854929193	combined_ArafD447A	ArafD447A	combined	Inactive
Global developmental delay	C0557874	CURATED	388	EEF1B2,USP9X,HUWE1,MAPK8IP3,CHAF1B,AFG2B,NAA15	7	7/269	7/14132	0.752162576639157	14132	0.989329854929193	combined_ArafD447A	ArafD447A	combined	Inactive
Heart failure	C0018801	CURATED	207	MAP2K1,BAMBI,SIRT1,NISCH	4	4/269	4/14132	0.757961980035802	14132	0.989329854929193	combined_ArafD447A	ArafD447A	combined	Inactive
Congestive heart failure	C0018802	CURATED	207	BAMBI,SIRT1,NISCH,MAP2K1	4	4/269	4/14132	0.757961980035802	14132	0.989329854929193	combined_ArafD447A	ArafD447A	combined	Inactive
Malignant neoplasm of prostate	C0376358	CURATED	629	ZNF776,RUNDC1,CHGA,FBH1,LIG4,COL5A1,KMT5A,PIK3R1,PLCB4,CHAF1B,TMEFF2	11	11/269	11/14132	0.763688432753391	14132	0.989329854929193	combined_ArafD447A	ArafD447A	combined	Inactive
Liver neoplasms	C0023903	CURATED	146	NUDCD3,DICER1,PDRG1	3	3/269	3/14132	0.769862059419143	14132	0.989329854929193	combined_ArafD447A	ArafD447A	combined	Inactive
Multiple Myeloma	C0026764	CURATED	146	MTR,LIG4,SGK1	3	3/269	3/14132	0.769862059419143	14132	0.989329854929193	combined_ArafD447A	ArafD447A	combined	Inactive
Craniofacial Abnormalities	C0376634	CURATED	150	COL11A1,TRIM37,LRP2	3	3/269	3/14132	0.782694086880406	14132	0.989329854929193	combined_ArafD447A	ArafD447A	combined	Inactive
Seizures	C0036572	CURATED	308	EEF1B2,ALG11,YWHAG,AFG2B,NR2F1	5	5/269	5/14132	0.841720886089834	14132	0.989329854929193	combined_ArafD447A	ArafD447A	combined	Inactive
Intellectual Disability	C3714756	CURATED	694	USP9X,MTR,HUWE1,ASPM,EEF1B2,GDI1,YWHAG,LRP2,NAA15,CHAF1B,FTSJ1	11	11/269	11/14132	0.856597428052778	14132	0.989329854929193	combined_ArafD447A	ArafD447A	combined	Inactive
Autism Spectrum Disorders	C1510586	CURATED	572	MTR,HUWE1,NR2F1,THBS1,SLC19A1,NAA15,DHCR24,MAP2K1,FTSJ1	9	9/269	9/14132	0.857262830936139	14132	0.989329854929193	combined_ArafD447A	ArafD447A	combined	Inactive
Optic Atrophy	C0029124	CURATED	189	TUBGCP6,NR2F1,MFSD8	3	3/269	3/14132	0.878219085876286	14132	0.989329854929193	combined_ArafD447A	ArafD447A	combined	Inactive
Neoplastic Syndromes, Hereditary	C0027672	CURATED	190	DICER1,AIP,PRKAR1A	3	3/269	3/14132	0.88006369540298	14132	0.989329854929193	combined_ArafD447A	ArafD447A	combined	Inactive
Retinal Dystrophies	C0854723	CURATED	405	TUBGCP6,COL11A1,MFSD8,LRP2,SLC19A1,NR2F1	6	6/269	6/14132	0.888304213990052	14132	0.989329854929193	combined_ArafD447A	ArafD447A	combined	Inactive
Depressive disorder	C0011581	CURATED	272	FKBP5,NTS,STIP1,MTR	4	4/269	4/14132	0.894115791582975	14132	0.989329854929193	combined_ArafD447A	ArafD447A	combined	Inactive
Bladder Neoplasm	C0005695	CURATED	206	SLC19A1,MTR,TMEFF2	3	3/269	3/14132	0.906278426161068	14132	0.989329854929193	combined_ArafD447A	ArafD447A	combined	Inactive
Microcephaly (physical finding)	C4551563	CURATED	357	YWHAG,MCM4,TUBGCP6,ASPM,AFG2B	5	5/269	5/14132	0.911833452836054	14132	0.989329854929193	combined_ArafD447A	ArafD447A	combined	Inactive
Malignant neoplasm of urinary bladder	C0005684	CURATED	218	SLC19A1,MTR,TMEFF2	3	3/269	3/14132	0.922323088164345	14132	0.989329854929193	combined_ArafD447A	ArafD447A	combined	Inactive
Retinitis Pigmentosa	C0035334	CURATED	235	SLC19A1,P3H2,MFSD8	3	3/269	3/14132	0.940685684199801	14132	0.989329854929193	combined_ArafD447A	ArafD447A	combined	Inactive
Colorectal Carcinoma	C0009402	CURATED	473	GDAP1L1,IRS4,PER1,LRP2,ZNF480,NAMPT	6	6/269	6/14132	0.949530149751352	14132	0.989329854929193	combined_ArafD447A	ArafD447A	combined	Inactive
Schizophrenia	C0036341	CURATED	1047	THBS1,IPO5,NTS,CHGA,YWHAE,DHCR24,SIRT1,PTPRZ1,LRP2,MTR,DLGAP2,LSAMP,PLCB1,DICER1	14	14/269	14/14132	0.966271181221492	14132	0.989329854929193	combined_ArafD447A	ArafD447A	combined	Inactive
Non-Small Cell Lung Carcinoma	C0007131	CURATED	276	MAP2K1,CHGA,KDM2A	3	3/269	3/14132	0.969524016226227	14132	0.989329854929193	combined_ArafD447A	ArafD447A	combined	Inactive
Alcoholic Intoxication, Chronic	C0001973	CURATED	279	FKBP5,PIK3R1,NTS	3	3/269	3/14132	0.970995442365372	14132	0.989329854929193	combined_ArafD447A	ArafD447A	combined	Inactive
Mental Depression	C0011570	CURATED	283	MTR,NTS,FKBP5	3	3/269	3/14132	0.972851440278877	14132	0.989329854929193	combined_ArafD447A	ArafD447A	combined	Inactive
Hypertensive disease	C0020538	CURATED	301	SGK1,CHGA,MTR	3	3/269	3/14132	0.979879456103045	14132	0.989329854929193	combined_ArafD447A	ArafD447A	combined	Inactive
Liver carcinoma	C2239176	CURATED	646	PKM,SLIT2,ASPM,CCN1,PBK,DICER1,CHAF1B	7	7/269	7/14132	0.985563968899759	14132	0.989329854929193	combined_ArafD447A	ArafD447A	combined	Inactive
Myocardial Ischemia	C0151744	CURATED	338	KITLG,PSMB5,P4HB	3	3/269	3/14132	0.989232181756108	14132	0.989329854929193	combined_ArafD447A	ArafD447A	combined	Inactive
Malignant neoplasm of breast	C0006142	CURATED	744	UBR5,FBXO8,P3H2,ZNHIT2,PLCB1,COL11A1,PER1,UBR4	8	8/269	8/14132	0.989329854929193	14132	0.989329854929193	combined_ArafD447A	ArafD447A	combined	Inactive
Costello syndrome (disorder)	C0587248	CURATED	13	MAP2K1,MAP2K2,RAF1,BRAF,HRAS,KRAS	6	6/139	6/14132	1.0346632808268e-07	14132	6.46692371943936e-06	combined_BrafD594N	BrafD594N	combined	Inactive
Cardio-facio-cutaneous syndrome	C1275081	CURATED	14	KRAS,BRAF,MAP2K1,HRAS,MAP2K2,RAF1	6	6/139	6/14132	1.59677128875046e-07	14132	6.46692371943936e-06	combined_BrafD594N	BrafD594N	combined	Inactive
Noonan Syndrome 1	C4551602	CURATED	21	KRAS,HRAS,BRAF,MAP2K1,MAP2K2,RAF1	6	6/139	6/14132	1.53548430394396e-06	14132	4.14580762064869e-05	combined_BrafD594N	BrafD594N	combined	Inactive
Noonan syndrome and Noonan-related syndrome	C5681679	CURATED	25	HRAS,MAP2K1,BRAF,MAP2K2,KRAS,RAF1	6	6/139	6/14132	3.88416257062941e-06	14132	7.86542920552456e-05	combined_BrafD594N	BrafD594N	combined	Inactive
RASopathy	C5555857	CURATED	32	KRAS,HRAS,MAP2K1,BRAF,MAP2K2,RAF1	6	6/139	6/14132	1.39294969659473e-05	14132	0.000225657850848346	combined_BrafD594N	BrafD594N	combined	Inactive
Noonan Syndrome	C0028326	CURATED	35	KRAS,HRAS,MAP2K2,RAF1,BRAF,MAP2K1	6	6/139	6/14132	2.19295524034478e-05	14132	0.000296048957446545	combined_BrafD594N	BrafD594N	combined	Inactive
LEOPARD Syndrome	C0175704	CURATED	9	MAP2K1,RAF1,MAP2K2,BRAF	4	4/139	4/14132	7.49058316196894e-05	14132	0.000866767480170692	combined_BrafD594N	BrafD594N	combined	Inactive
Vascular anomaly	C0158570	CURATED	14	HRAS,KRAS,BRAF,MAP2K1	4	4/139	4/14132	0.000313082726031021	14132	0.00316996260106409	combined_BrafD594N	BrafD594N	combined	Inactive
Pilomyxoid astrocytoma	C1519086	CURATED	7	BRAF,RAF1,KRAS	3	3/139	3/14132	0.00195288502908483	14132	0.0172125874251752	combined_BrafD594N	BrafD594N	combined	Inactive
Prostatic Neoplasms	C0033578	CURATED	660	SDF2L1,HRAS,HSP90AB1,ID3,SELENOS,RAF1,ETV4,SESN3,CD44,KRAS,MAP2K2,TGFB1,CSRP1,TMEFF2,MAP2K1,BRAF	16	16/139	16/14132	0.0021250107932315	14132	0.0172125874251752	combined_BrafD594N	BrafD594N	combined	Inactive
GIANT PIGMENTED HAIRY NEVUS	C1842036	CURATED	8	BRAF,RAF1,HRAS	3	3/139	3/14132	0.00258708018461748	14132	0.017462791246168	combined_BrafD594N	BrafD594N	combined	Inactive
NOONAN SYNDROME 3	C1860991	CURATED	8	KRAS,RAF1,HRAS	3	3/139	3/14132	0.00258708018461748	14132	0.017462791246168	combined_BrafD594N	BrafD594N	combined	Inactive
PROSTATE CANCER, HEREDITARY, 1	C4722327	CURATED	10	BRAF,HRAS,KRAS	3	3/139	3/14132	0.00410449590367845	14132	0.0255741667844581	combined_BrafD594N	BrafD594N	combined	Inactive
Carcinoma	C0007097	CURATED	163	KRAS,SGK1,YWHAZ,ID3,VAMP8,HRAS,TGFB1	7	7/139	7/14132	0.00547129309891583	14132	0.0276984213132614	combined_BrafD594N	BrafD594N	combined	Inactive
Malignant epithelioma	C0553707	CURATED	163	ID3,HRAS,KRAS,TGFB1,YWHAZ,VAMP8,SGK1	7	7/139	7/14132	0.00547129309891583	14132	0.0276984213132614	combined_BrafD594N	BrafD594N	combined	Inactive
Epithelioma	C1368683	CURATED	163	ID3,VAMP8,HRAS,KRAS,TGFB1,YWHAZ,SGK1	7	7/139	7/14132	0.00547129309891583	14132	0.0276984213132614	combined_BrafD594N	BrafD594N	combined	Inactive
Glioma	C0017638	CURATED	109	BRAF,MAP2K1,HRAS,RAF1,CHAF1A	5	5/139	5/14132	0.0225480605837178	14132	0.0981319463224123	combined_BrafD594N	BrafD594N	combined	Inactive
Adenocarcinoma of lung (disorder)	C0152013	CURATED	286	ATP5PD,MAP2K1,SFN,KSR2,RAF1,BRAF,KRAS,HRAS	8	8/139	8/14132	0.0229858085566828	14132	0.0981319463224123	combined_BrafD594N	BrafD594N	combined	Inactive
Malignant Glioma	C0555198	CURATED	112	RAF1,HRAS,BRAF,MAP2K1,CHAF1A	5	5/139	5/14132	0.0246176352272204	14132	0.0981319463224123	combined_BrafD594N	BrafD594N	combined	Inactive
Mood Disorders	C0525045	CURATED	168	HCN4,FKBP5,NTS,TGFB1,HSP90AA1,SIRT2	6	6/139	6/14132	0.0251781082255352	14132	0.0981319463224123	combined_BrafD594N	BrafD594N	combined	Inactive
Major Depressive Disorder	C1269683	CURATED	229	HSP90AA1,PSMB4,MAP2K1,SGK1,FKBP4,NEFL,FKBP5	7	7/139	7/14132	0.0256830368443558	14132	0.0981319463224123	combined_BrafD594N	BrafD594N	combined	Inactive
Unipolar Depression	C0041696	CURATED	231	SGK1,HSP90AA1,PSMB4,FKBP4,FKBP5,NEFL,MAP2K1	7	7/139	7/14132	0.0266531212233712	14132	0.0981319463224123	combined_BrafD594N	BrafD594N	combined	Inactive
Osteoarthrosis, localized, not specified whether primary or secondary	C0157946	CURATED	117	P3H3,TGFB1,TFPI2,PLOD2,YWHAQ	5	5/139	5/14132	0.0283149882960152	14132	0.0997180022598795	combined_BrafD594N	BrafD594N	combined	Inactive
Differentiated Thyroid Gland Carcinoma	C1337013	CURATED	29	BRAF,KRAS,HRAS	3	3/139	3/14132	0.0327919717775992	14132	0.110672904749397	combined_BrafD594N	BrafD594N	combined	Inactive
Neuroblastoma	C0027819	CURATED	75	CHAF1A,HRAS,CD44,KRAS	4	4/139	4/14132	0.0376385507163301	14132	0.121948904320909	combined_BrafD594N	BrafD594N	combined	Inactive
Non-Small Cell Adenocarcinoma	C1335060	CURATED	197	ATP5PD,SFN,HRAS,MAP2K1,BRAF,KRAS	6	6/139	6/14132	0.0451261831899691	14132	0.140585416861058	combined_BrafD594N	BrafD594N	combined	Inactive
Non-Small Cell Lung Carcinoma	C0007131	CURATED	276	MAP2K1,KRAS,HRAS,BRAF,KDM2A,RAF1,SELENOS	7	7/139	7/14132	0.0551770107517463	14132	0.165531032255239	combined_BrafD594N	BrafD594N	combined	Inactive
Colorectal Neoplasms	C0009404	CURATED	363	KDM2A,KRAS,TGFB1,ABCB11,FADS2,NT5C,BRAF,TFPI2	8	8/139	8/14132	0.0673280136718155	14132	0.194770325264895	combined_BrafD594N	BrafD594N	combined	Inactive
Thyroid Neoplasm	C0040136	CURATED	45	BRAF,HRAS,KRAS	3	3/139	3/14132	0.0722826678033928	14132	0.201892968692235	combined_BrafD594N	BrafD594N	combined	Inactive
Liver Cirrhosis	C0023890	CURATED	164	TGFB1,LGALS3BP,ABCB11,PLOD2,TUG1	5	5/139	5/14132	0.0785348492820895	14132	0.212044093061642	combined_BrafD594N	BrafD594N	combined	Inactive
Mouth Neoplasms	C0026640	CURATED	52	SFN,HRAS,KRAS	3	3/139	3/14132	0.092671235444609	14132	0.230321247882788	combined_BrafD594N	BrafD594N	combined	Inactive
melanoma	C0025202	CURATED	250	TFPI2,MAP2K2,BRAF,HRAS,USP6NL,MAP2K1	6	6/139	6/14132	0.100607183486613	14132	0.230321247882788	combined_BrafD594N	BrafD594N	combined	Inactive
Bipolar Disorder	C0005586	CURATED	483	CSRP1,FKBP5,TGFB1,NEFL,FADS2,HSPA5,YWHAZ,YWHAE,YWHAH	9	9/139	9/14132	0.103933973488766	14132	0.230321247882788	combined_BrafD594N	BrafD594N	combined	Inactive
Liver carcinoma	C2239176	CURATED	646	BRAF,TFPI2,ASPM,SFN,TGFB1,ORC1,KRAS,ATP5PD,HRAS,HSPA5,CHAF1B	11	11/139	11/14132	0.104342626176849	14132	0.230321247882788	combined_BrafD594N	BrafD594N	combined	Inactive
Carcinoma, Transitional Cell	C0007138	CURATED	56	CD44,SFN,HRAS	3	3/139	3/14132	0.104982570377213	14132	0.230321247882788	combined_BrafD594N	BrafD594N	combined	Inactive
Transitional Cell Neoplasm	C0334265	CURATED	56	CD44,SFN,HRAS	3	3/139	3/14132	0.104982570377213	14132	0.230321247882788	combined_BrafD594N	BrafD594N	combined	Inactive
Familial thoracic aortic aneurysm and aortic dissection	C4707243	CURATED	60	HCN4,MAT2A,PLOD1	3	3/139	3/14132	0.117706918472756	14132	0.230321247882788	combined_BrafD594N	BrafD594N	combined	Inactive
Pancreatic Neoplasm	C0030297	CURATED	191	BRAF,TFPI2,CD44,TGFB1,KRAS	5	5/139	5/14132	0.11942583223552	14132	0.230321247882788	combined_BrafD594N	BrafD594N	combined	Inactive
malignant neoplasm of head of pancreas	C0153458	CURATED	191	BRAF,TGFB1,TFPI2,KRAS,CD44	5	5/139	5/14132	0.11942583223552	14132	0.230321247882788	combined_BrafD594N	BrafD594N	combined	Inactive
Malignant neoplasm of body of pancreas	C0153459	CURATED	191	BRAF,TFPI2,KRAS,CD44,TGFB1	5	5/139	5/14132	0.11942583223552	14132	0.230321247882788	combined_BrafD594N	BrafD594N	combined	Inactive
Malignant neoplasm of tail of pancreas	C0153460	CURATED	191	TGFB1,CD44,TFPI2,BRAF,KRAS	5	5/139	5/14132	0.11942583223552	14132	0.230321247882788	combined_BrafD594N	BrafD594N	combined	Inactive
Malignant neoplasm of other specified sites of pancreas	C0153463	CURATED	191	KRAS,BRAF,CD44,TGFB1,TFPI2	5	5/139	5/14132	0.11942583223552	14132	0.230321247882788	combined_BrafD594N	BrafD594N	combined	Inactive
Malignant Squamous Cell Neoplasm	C0751688	CURATED	124	TGFB1,SFN,HRAS,KRAS	4	4/139	4/14132	0.123181057331316	14132	0.232038735903177	combined_BrafD594N	BrafD594N	combined	Inactive
Lung Neoplasms	C0024121	CURATED	269	TGFB1,KRAS,BRAF,HRAS,ID3,RAF1	6	6/139	6/14132	0.126258588230924	14132	0.232430582879655	combined_BrafD594N	BrafD594N	combined	Inactive
HIV Infections	C0019693	CURATED	127	HSP90AA1,HSP90AB1,PSMB4,PSMC5	4	4/139	4/14132	0.129736143716919	14132	0.233525058690454	combined_BrafD594N	BrafD594N	combined	Inactive
Squamous cell carcinoma of lung	C0149782	CURATED	67	KRAS,MAP2K1,HRAS	3	3/139	3/14132	0.140819879987642	14132	0.247965440847805	combined_BrafD594N	BrafD594N	combined	Inactive
Leukemia, Myelocytic, Acute	C0023467	CURATED	210	SPRY4,TFPI2,KRAS,SGK1,CD44	5	5/139	5/14132	0.152701074313044	14132	0.263165681262906	combined_BrafD594N	BrafD594N	combined	Inactive
Liver neoplasms	C0023903	CURATED	146	HRAS,RAF1,BRAF,KRAS	4	4/139	4/14132	0.17385073400181	14132	0.287385907227482	combined_BrafD594N	BrafD594N	combined	Inactive
Multiple Myeloma	C0026764	CURATED	146	BRAF,KRAS,SGK1,TGFB1	4	4/139	4/14132	0.17385073400181	14132	0.287385907227482	combined_BrafD594N	BrafD594N	combined	Inactive
Squamous cell carcinoma	C0007137	CURATED	150	TGFB1,SFN,KRAS,HRAS	4	4/139	4/14132	0.183631791448337	14132	0.297483502146307	combined_BrafD594N	BrafD594N	combined	Inactive
Malignant neoplasm of upper lobe, bronchus or lung	C0024624	CURATED	87	KRAS,MAT2A,BRAF	3	3/139	3/14132	0.210921811140599	14132	0.315941109422988	combined_BrafD594N	BrafD594N	combined	Inactive
Malignant neoplasm of middle lobe, bronchus or lung	C0153491	CURATED	87	KRAS,MAT2A,BRAF	3	3/139	3/14132	0.210921811140599	14132	0.315941109422988	combined_BrafD594N	BrafD594N	combined	Inactive
Malignant neoplasm of lower lobe, bronchus or lung	C0153492	CURATED	87	KRAS,MAT2A,BRAF	3	3/139	3/14132	0.210921811140599	14132	0.315941109422988	combined_BrafD594N	BrafD594N	combined	Inactive
Malignant neoplasm of other parts of bronchus or lung	C0153493	CURATED	87	KRAS,MAT2A,BRAF	3	3/139	3/14132	0.210921811140599	14132	0.315941109422988	combined_BrafD594N	BrafD594N	combined	Inactive
Adenocarcinoma of large intestine (disorder)	C1319315	CURATED	88	ARAF,CD44,BRAF	3	3/139	3/14132	0.214527913805733	14132	0.315941109422988	combined_BrafD594N	BrafD594N	combined	Inactive
Adenoid Cystic Carcinoma	C0010606	CURATED	97	HRAS,ASPM,MAP2K2	3	3/139	3/14132	0.24719337547076	14132	0.357547560948778	combined_BrafD594N	BrafD594N	combined	Inactive
Mammary Neoplasms	C1458155	CURATED	524	RAF1,TFPI2,EEF1B2,ETV4,HRAS,ARAF,KRAS,HSP90AA1	8	8/139	8/14132	0.257547302142602	14132	0.364160856291543	combined_BrafD594N	BrafD594N	combined	Inactive
Renal Cell Carcinoma	C0007134	CURATED	180	MAP2K1,C4A,CUL7,TGFB1	4	4/139	4/14132	0.260757156356907	14132	0.364160856291543	combined_BrafD594N	BrafD594N	combined	Inactive
Adenocarcinoma	C0001418	CURATED	121	ID3,TGFB1,KRAS	3	3/139	3/14132	0.334424009323658	14132	0.459124487376547	combined_BrafD594N	BrafD594N	combined	Inactive
Hereditary Breast and Ovarian Cancer Syndrome	C0677776	CURATED	158	ID3,KRAS,EYA2	3	3/139	3/14132	0.462012878812258	14132	0.623717386396548	combined_BrafD594N	BrafD594N	combined	Inactive
Short stature	C0349588	CURATED	162	CUL7,WDR6,MAP2K2	3	3/139	3/14132	0.47498111143624	14132	0.628919051617734	combined_BrafD594N	BrafD594N	combined	Inactive
Hypertrophic Cardiomyopathy	C0007194	CURATED	164	RAF1,BRAF,HCN4	3	3/139	3/14132	0.481394829633327	14132	0.628919051617734	combined_BrafD594N	BrafD594N	combined	Inactive
Depressive disorder	C0011581	CURATED	272	FKBP5,NTS,TGFB1,TWNK	4	4/139	4/14132	0.502742851210138	14132	0.646383665841606	combined_BrafD594N	BrafD594N	combined	Inactive
Intellectual Disability	C3714756	CURATED	694	BRAF,ASPM,EEF1B2,YWHAG,HRAS,OPHN1,CHAF1B,FTSJ1	8	8/139	8/14132	0.527842768926681	14132	0.66805100442283	combined_BrafD594N	BrafD594N	combined	Inactive
Bladder Neoplasm	C0005695	CURATED	206	KRAS,HRAS,TMEFF2	3	3/139	3/14132	0.604392156977025	14132	0.753165611002139	combined_BrafD594N	BrafD594N	combined	Inactive
Malignant neoplasm of urinary bladder	C0005684	CURATED	218	HRAS,TMEFF2,KRAS	3	3/139	3/14132	0.635268201047339	14132	0.779647337649007	combined_BrafD594N	BrafD594N	combined	Inactive
Stomach Neoplasms	C0038356	CURATED	349	KRAS,CD44,FOSL1,HRAS	4	4/139	4/14132	0.671272974147036	14132	0.811538968744925	combined_BrafD594N	BrafD594N	combined	Inactive
Cardiomyopathy, Dilated	C0007193	CURATED	259	HCN4,RAF1,BRAF	3	3/139	3/14132	0.726673179523514	14132	0.86559599325595	combined_BrafD594N	BrafD594N	combined	Inactive
Hypertensive disease	C0020538	CURATED	301	SGK1,KSR2,TGFB1	3	3/139	3/14132	0.799584637571418	14132	0.937196746428734	combined_BrafD594N	BrafD594N	combined	Inactive
Seizures	C0036572	CURATED	308	EEF1B2,OPHN1,YWHAG	3	3/139	3/14132	0.809923114197672	14132	0.937196746428734	combined_BrafD594N	BrafD594N	combined	Inactive
Colorectal Carcinoma	C0009402	CURATED	473	KRAS,BRAF,PSMC5,ZNF480	4	4/139	4/14132	0.848809609510819	14132	0.954243172075923	combined_BrafD594N	BrafD594N	combined	Inactive
Myocardial Ischemia	C0151744	CURATED	338	MAT2A,VAMP8,ID3	3	3/139	3/14132	0.849065881421056	14132	0.954243172075923	combined_BrafD594N	BrafD594N	combined	Inactive
Microcephaly (physical finding)	C4551563	CURATED	357	YWHAG,ASPM,FRMD4A	3	3/139	3/14132	0.869938209149708	14132	0.954243172075923	combined_BrafD594N	BrafD594N	combined	Inactive
Malignant neoplasm of prostate	C0376358	CURATED	629	CD44,RPUSD1,FBH1,CHAF1B,TMEFF2	5	5/139	5/14132	0.87177771276072	14132	0.954243172075923	combined_BrafD594N	BrafD594N	combined	Inactive
Chemical and Drug Induced Liver Injury	C4277682	CURATED	374	OCIAD1,HSPA5,FADS2	3	3/139	3/14132	0.886346284714069	14132	0.957253987491194	combined_BrafD594N	BrafD594N	combined	Inactive
Global developmental delay	C0557874	CURATED	388	EEF1B2,CHAF1B,BRAF	3	3/139	3/14132	0.898406860050029	14132	0.957512574527005	combined_BrafD594N	BrafD594N	combined	Inactive
Autistic Disorder	C0004352	CURATED	433	KSR2,CUL7,HRAS	3	3/139	3/14132	0.929607261369829	14132	0.975317133907397	combined_BrafD594N	BrafD594N	combined	Inactive
Malignant neoplasm of breast	C0006142	CURATED	744	KRAS,TGFB1,PLOD1,GGA3,SLC25A51	5	5/139	5/14132	0.939194277096012	14132	0.975317133907397	combined_BrafD594N	BrafD594N	combined	Inactive
Autism Spectrum Disorders	C1510586	CURATED	572	OPHN1,MAP2K1,FTSJ1	3	3/139	3/14132	0.978441703914765	14132	0.99128973335763	combined_BrafD594N	BrafD594N	combined	Inactive
Schizophrenia	C0036341	CURATED	1047	NEFL,NTS,TGFB1,YWHAE,CRMP1,FADS2	6	6/139	6/14132	0.979953122916838	14132	0.99128973335763	combined_BrafD594N	BrafD594N	combined	Inactive
Neurodevelopmental Disorders	C1535926	CURATED	674	PSMC5,EEF1B2,KDM2A	3	3/139	3/14132	0.99128973335763	14132	0.99128973335763	combined_BrafD594N	BrafD594N	combined	Inactive
Cholestasis, Extrahepatic	C0005398	CURATED	33	MAPK1,MAPK3,MAPK8,TIMP1,TGFB1	5	5/112	5/14132	0.000128122494790359	14132	0.00589363476035652	combined_ERK1DD	ERK1DD	combined	Active
Trigeminal Neuralgia	C0040997	CURATED	12	MAPK8,MAPK3,MAPK1	3	3/112	3/14132	0.0039009606803943	14132	0.0703254729939155	combined_ERK1DD	ERK1DD	combined	Active
Specific learning disability	C4025790	CURATED	13	RPS6KA3,ADGRL1,MAPK1	3	3/112	3/14132	0.00458644389090753	14132	0.0703254729939155	combined_ERK1DD	ERK1DD	combined	Active
Mitral Valve Prolapse Syndrome	C0026267	CURATED	23	TRPS1,MAP2K2,RPS6KA3	3	3/112	3/14132	0.0141291637318243	14132	0.16248538291598	combined_ERK1DD	ERK1DD	combined	Active
Neoplasm Invasiveness	C0027626	CURATED	198	PDCD4,TGFB1,MAPK1,MAPK3,TIMP1,RPS6KA3	6	6/112	6/14132	0.0206321229538004	14132	0.17382395267887	combined_ERK1DD	ERK1DD	combined	Active
Adenocarcinoma of colon	C0338106	CURATED	31	MAPK1,MAPK3,TGFB1	3	3/112	3/14132	0.0249253229727926	14132	0.17382395267887	combined_ERK1DD	ERK1DD	combined	Active
Sepsis	C0243026	CURATED	32	MAPK1,MAPK3,TGFB1	3	3/112	3/14132	0.0264514710598281	14132	0.17382395267887	combined_ERK1DD	ERK1DD	combined	Active
Cocaine-Related Disorders	C0236736	CURATED	112	MAPK3,ILK,RPS6KA5,MAPK1	4	4/112	4/14132	0.0593962891162355	14132	0.341528662418354	combined_ERK1DD	ERK1DD	combined	Active
Pulmonary Hypertension	C0020542	CURATED	63	MAPK1,MAPK3,TGFB1	3	3/112	3/14132	0.089036668382931	14132	0.455076305068314	combined_ERK1DD	ERK1DD	combined	Active
Nonorganic psychosis	C0349204	CURATED	69	FKBP5,MEF2A,TGFB1	3	3/112	3/14132	0.103794615599449	14132	0.470084972541886	combined_ERK1DD	ERK1DD	combined	Active
Mood Disorders	C0525045	CURATED	168	HCN4,FKBP5,TGFB1,HSP90AA1	4	4/112	4/14132	0.148610093301806	14132	0.470084972541886	combined_ERK1DD	ERK1DD	combined	Active
Hyperalgesia	C0020429	CURATED	87	MAPK1,MAPK3,MAPK8	3	3/112	3/14132	0.151389307304866	14132	0.470084972541886	combined_ERK1DD	ERK1DD	combined	Active
Adenocarcinoma of large intestine (disorder)	C1319315	CURATED	88	MAPK3,RPS6KA2,MAPK1	3	3/112	3/14132	0.154149262259568	14132	0.470084972541886	combined_ERK1DD	ERK1DD	combined	Active
Psychotic Disorders	C0033975	CURATED	89	MEF2A,TGFB1,FKBP5	3	3/112	3/14132	0.156919074938453	14132	0.470084972541886	combined_ERK1DD	ERK1DD	combined	Active
Lung Neoplasms	C0024121	CURATED	269	PDCD4,TGFB1,MAPK1,MAPK3,ID3	5	5/112	5/14132	0.165135125375453	14132	0.470084972541886	combined_ERK1DD	ERK1DD	combined	Active
Depressive disorder	C0011581	CURATED	272	MAPK8,SLC1A1,FKBP5,MAPK3,TGFB1	5	5/112	5/14132	0.169733519666974	14132	0.470084972541886	combined_ERK1DD	ERK1DD	combined	Active
Congenital heart disease	C0152021	CURATED	95	SOX7,RAI2,CSRP1	3	3/112	3/14132	0.173727055069827	14132	0.470084972541886	combined_ERK1DD	ERK1DD	combined	Active
Nerve Degeneration	C0027746	CURATED	105	MAPK3,MAPK1,SLC1A1	3	3/112	3/14132	0.202324489273435	14132	0.517051472587666	combined_ERK1DD	ERK1DD	combined	Active
Malignant Squamous Cell Neoplasm	C0751688	CURATED	124	MAPK1,MAPK3,TGFB1	3	3/112	3/14132	0.257818945191258	14132	0.543030751797719	combined_ERK1DD	ERK1DD	combined	Active
Major Depressive Disorder	C1269683	CURATED	229	HSP90AA1,PEA15,LSAMP,FKBP5	4	4/112	4/14132	0.272736815756185	14132	0.543030751797719	combined_ERK1DD	ERK1DD	combined	Active
Unipolar Depression	C0041696	CURATED	231	HSP90AA1,LSAMP,PEA15,FKBP5	4	4/112	4/14132	0.277038927401339	14132	0.543030751797719	combined_ERK1DD	ERK1DD	combined	Active
Stomach Neoplasms	C0038356	CURATED	349	MAPK3,MAPK8,IRS2,ENAH,MAPK1	5	5/112	5/14132	0.299591646136216	14132	0.543030751797719	combined_ERK1DD	ERK1DD	combined	Active
Squamous cell carcinoma	C0007137	CURATED	150	TGFB1,MAPK1,MAPK3	3	3/112	3/14132	0.333937696049832	14132	0.543030751797719	combined_ERK1DD	ERK1DD	combined	Active
Bipolar Disorder	C0005586	CURATED	483	CSRP1,FKBP5,SLC1A1,TGFB1,MAPK1,RPS6KA2	6	6/112	6/14132	0.336812706655971	14132	0.543030751797719	combined_ERK1DD	ERK1DD	combined	Active
Short stature	C0349588	CURATED	162	MAPK1,TRPS1,MAP2K2	3	3/112	3/14132	0.368427976305723	14132	0.543030751797719	combined_ERK1DD	ERK1DD	combined	Active
Carcinoma	C0007097	CURATED	163	ID3,TGFB1,TRPS1	3	3/112	3/14132	0.371273038747565	14132	0.543030751797719	combined_ERK1DD	ERK1DD	combined	Active
Malignant epithelioma	C0553707	CURATED	163	ID3,TGFB1,TRPS1	3	3/112	3/14132	0.371273038747565	14132	0.543030751797719	combined_ERK1DD	ERK1DD	combined	Active
Epithelioma	C1368683	CURATED	163	ID3,TRPS1,TGFB1	3	3/112	3/14132	0.371273038747565	14132	0.543030751797719	combined_ERK1DD	ERK1DD	combined	Active
Epilepsy	C0014544	CURATED	165	SLC1A1,ILK,TGFB1	3	3/112	3/14132	0.376948124477508	14132	0.543030751797719	combined_ERK1DD	ERK1DD	combined	Active
Mental Depression	C0011570	CURATED	283	SLC1A1,MAPK8,FKBP5,MAPK3	4	4/112	4/14132	0.38964261757197	14132	0.543030751797719	combined_ERK1DD	ERK1DD	combined	Active
Liver carcinoma	C2239176	CURATED	646	USP4,FAM83D,IRS2,PINX1,RPS6KA3,TGFB1,HMMR	7	7/112	7/14132	0.405555256672748	14132	0.543030751797719	combined_ERK1DD	ERK1DD	combined	Active
Renal Cell Carcinoma	C0007134	CURATED	180	C4A,TGFB1,MAPK1	3	3/112	3/14132	0.41880141084	14132	0.543030751797719	combined_ERK1DD	ERK1DD	combined	Active
Prostatic Neoplasms	C0033578	CURATED	660	ID3,ERF,MAP2K2,TGFB1,CSRP1,ETV3,MAPK3	7	7/112	7/14132	0.425519390107776	14132	0.543030751797719	combined_ERK1DD	ERK1DD	combined	Active
Pancreatic Neoplasm	C0030297	CURATED	191	CFLAR,TGFB1,ILK	3	3/112	3/14132	0.448590621050289	14132	0.543030751797719	combined_ERK1DD	ERK1DD	combined	Active
malignant neoplasm of head of pancreas	C0153458	CURATED	191	TGFB1,CFLAR,ILK	3	3/112	3/14132	0.448590621050289	14132	0.543030751797719	combined_ERK1DD	ERK1DD	combined	Active
Malignant neoplasm of body of pancreas	C0153459	CURATED	191	ILK,TGFB1,CFLAR	3	3/112	3/14132	0.448590621050289	14132	0.543030751797719	combined_ERK1DD	ERK1DD	combined	Active
Malignant neoplasm of tail of pancreas	C0153460	CURATED	191	TGFB1,ILK,CFLAR	3	3/112	3/14132	0.448590621050289	14132	0.543030751797719	combined_ERK1DD	ERK1DD	combined	Active
Malignant neoplasm of other specified sites of pancreas	C0153463	CURATED	191	CFLAR,ILK,TGFB1	3	3/112	3/14132	0.448590621050289	14132	0.543030751797719	combined_ERK1DD	ERK1DD	combined	Active
Diabetes Mellitus, Non-Insulin-Dependent	C0011860	CURATED	331	IRS2,ST6GAL1,TIMP1,MAPK8	4	4/112	4/14132	0.489842749178372	14132	0.577763242620644	combined_ERK1DD	ERK1DD	combined	Active
Cardiomyopathies	C0878544	CURATED	223	MAPK3,HCN4,MAPK1	3	3/112	3/14132	0.530126845842185	14132	0.609645872718513	combined_ERK1DD	ERK1DD	combined	Active
Schizophrenia	C0036341	CURATED	1047	SLC1A1,NKAPL,MAPK1,TGFB1,CRMP1,PTPRZ1,MAPK8,MAPK3,LSAMP	9	9/112	9/14132	0.59517779071808	14132	0.667760448122724	combined_ERK1DD	ERK1DD	combined	Active
Cardiomyopathy, Dilated	C0007193	CURATED	259	HCN4,ILK,MEF2A	3	3/112	3/14132	0.611716295475435	14132	0.669974990282619	combined_ERK1DD	ERK1DD	combined	Active
Malignant neoplasm of breast	C0006142	CURATED	744	TGFB1,ZNF318,GAB1,PDCD4,RPS6KA3,HMMR	6	6/112	6/14132	0.708977929997151	14132	0.758441506508581	combined_ERK1DD	ERK1DD	combined	Active
Intellectual Disability	C3714756	CURATED	694	MAPK1,RPS6KA3,TAF9B,ADGRL1	4	4/112	4/14132	0.917808303639699	14132	0.94414671347095	combined_ERK1DD	ERK1DD	combined	Active
Mammary Neoplasms	C1458155	CURATED	524	ANKRD34A,HMMR,HSP90AA1	3	3/112	3/14132	0.923621784917234	14132	0.94414671347095	combined_ERK1DD	ERK1DD	combined	Active
Neurodevelopmental Disorders	C1535926	CURATED	674	ERF,ADGRL1,MRTFB	3	3/112	3/14132	0.972672876683246	14132	0.972672876683246	combined_ERK1DD	ERK1DD	combined	Active
Penile Neoplasms	C0030849	CURATED	4	HRAS,PIK3CA,TP53	3	3/288	3/14132	0.00241689974970458	14132	0.148827303523629	combined_Raf1D486A	Raf1D486A	combined	Inactive
NEVUS, KERATINOCYTIC, NONEPIDERMOLYTIC	C4011754	CURATED	4	HRAS,PIK3CA,NRAS	3	3/288	3/14132	0.00241689974970458	14132	0.148827303523629	combined_Raf1D486A	Raf1D486A	combined	Inactive
Vascular anomaly	C0158570	CURATED	14	HRAS,NRAS,PIK3R1,PIK3CA	4	4/288	4/14132	0.00258082029231727	14132	0.148827303523629	combined_Raf1D486A	Raf1D486A	combined	Inactive
Epidermal Nevus	C0334082	CURATED	7	HRAS,NRAS,PIK3CA	3	3/288	3/14132	0.00812297458204067	14132	0.351318650673259	combined_Raf1D486A	Raf1D486A	combined	Inactive
GIANT PIGMENTED HAIRY NEVUS	C1842036	CURATED	8	NRAS,RAF1,HRAS	3	3/288	3/14132	0.0106857051260898	14132	0.369613924114963	combined_Raf1D486A	Raf1D486A	combined	Inactive
Lymphoid neoplasm (morphologic abnormality)	C0598798	CURATED	26	NRAS,MTR,PAFAH1B2,TP53	4	4/288	4/14132	0.0153993764270139	14132	0.369613924114963	combined_Raf1D486A	Raf1D486A	combined	Inactive
PROSTATE CANCER, HEREDITARY, 1	C4722327	CURATED	10	TP53,NRAS,HRAS	3	3/288	3/14132	0.0167180791690377	14132	0.369613924114963	combined_Raf1D486A	Raf1D486A	combined	Inactive
Mammary Neoplasms	C1458155	CURATED	524	MTR,MYH9,NISCH,RAF1,THBS1,PIK3CA,TFPI2,EEF1B2,FN1,HRAS,APRT,ARF1,SIRT1,TP53,AREG,ADAMTS1,SFRP5,HSP90AA1,KRT18	19	19/288	19/14132	0.0217090706059985	14132	0.369613924114963	combined_Raf1D486A	Raf1D486A	combined	Inactive
Familial or idiopathic dilated cardiomyopathy	C5679590	CURATED	53	PPCS,TPM1,DSG2,GET3,RAF1	5	5/288	5/14132	0.0226463474652934	14132	0.369613924114963	combined_Raf1D486A	Raf1D486A	combined	Inactive
Alcoholic Intoxication	C0001969	CURATED	32	MTR,TP53,EIF4A2,MPO	4	4/288	4/14132	0.0268734718439595	14132	0.369613924114963	combined_Raf1D486A	Raf1D486A	combined	Inactive
Lymphoma	C0024299	CURATED	32	TP53,PAFAH1B2,MTR,NRAS	4	4/288	4/14132	0.0268734718439595	14132	0.369613924114963	combined_Raf1D486A	Raf1D486A	combined	Inactive
Costello syndrome (disorder)	C0587248	CURATED	13	NRAS,RAF1,HRAS	3	3/288	3/14132	0.0278379315284208	14132	0.369613924114963	combined_Raf1D486A	Raf1D486A	combined	Inactive
Prostatic Neoplasms	C0033578	CURATED	660	HRAS,HSP90AB1,MPO,TP53,RAF1,ROBO1,PIK3CA,SESN3,TCP1,MYH14,GUCD1,CD44,UXT,CSRP1,TTC9C,PIK3R1,PIK3R2,SIRT1,TMEFF2,U2AF1,NRP1,CHGA	22	22/288	22/14132	0.0291718617080918	14132	0.369613924114963	combined_Raf1D486A	Raf1D486A	combined	Inactive
Thrombophilia	C0398623	CURATED	14	F13A1,HABP2,FGG	3	3/288	3/14132	0.0320474500677713	14132	0.369613924114963	combined_Raf1D486A	Raf1D486A	combined	Inactive
Cardio-facio-cutaneous syndrome	C1275081	CURATED	14	NRAS,HRAS,RAF1	3	3/288	3/14132	0.0320474500677713	14132	0.369613924114963	combined_Raf1D486A	Raf1D486A	combined	Inactive
Carcinoma	C0007097	CURATED	163	PKM,URI1,YWHAZ,PIK3R1,CORO1A,FN1,HRAS,TP53	8	8/288	8/14132	0.0495392865407328	14132	0.441977773088668	combined_Raf1D486A	Raf1D486A	combined	Inactive
Malignant epithelioma	C0553707	CURATED	163	FN1,HRAS,TP53,URI1,CORO1A,YWHAZ,PIK3R1,PKM	8	8/288	8/14132	0.0495392865407328	14132	0.441977773088668	combined_Raf1D486A	Raf1D486A	combined	Inactive
Epithelioma	C1368683	CURATED	163	PIK3R1,HRAS,CORO1A,YWHAZ,URI1,PKM,FN1,TP53	8	8/288	8/14132	0.0495392865407328	14132	0.441977773088668	combined_Raf1D486A	Raf1D486A	combined	Inactive
Liver Cirrhosis	C0023890	CURATED	164	LAMC2,RGN,KRT18,BAMBI,LGALS3BP,MPO,THBS1,TUG1	8	8/288	8/14132	0.0508901500526495	14132	0.441977773088668	combined_Raf1D486A	Raf1D486A	combined	Inactive
Other specified congenital malformation syndromes, not elsewhere classified in ICD10CM	C0869083	CURATED	18	HUWE1,ZDHHC9,UBE2A	3	3/288	3/14132	0.0510956963108287	14132	0.441977773088668	combined_Raf1D486A	Raf1D486A	combined	Inactive
Non-Small Cell Lung Carcinoma	C0007131	CURATED	276	NRP1,LAMC2,NRAS,CHGA,HRAS,TP53,RAF1,ADAMTS1,AREG,PIK3CA,CORO1C	11	11/288	11/14132	0.0567225906209483	14132	0.46728610368686	combined_Raf1D486A	Raf1D486A	combined	Inactive
Neuroblastoma	C0027819	CURATED	75	TP53,CHAF1A,HRAS,NRAS,CD44	5	5/288	5/14132	0.066794985795261	14132	0.485915117214384	combined_Raf1D486A	Raf1D486A	combined	Inactive
Lip and Oral Cavity Carcinoma	C0220641	CURATED	21	TP53,HRAS,PIK3CA	3	3/288	3/14132	0.0674101896713596	14132	0.485915117214384	combined_Raf1D486A	Raf1D486A	combined	Inactive
Noonan Syndrome 1	C4551602	CURATED	21	NRAS,HRAS,RAF1	3	3/288	3/14132	0.0674101896713596	14132	0.485915117214384	combined_Raf1D486A	Raf1D486A	combined	Inactive
Left ventricular noncompaction cardiomyopathy	C4021133	CURATED	48	DSG2,TPM1,HCN4,RAF1	4	4/288	4/14132	0.0741130304033217	14132	0.501973919954608	combined_Raf1D486A	Raf1D486A	combined	Inactive
Liver neoplasms	C0023903	CURATED	146	HRAS,ASNS,RAF1,KRT18,ANXA7,TP53,PDRG1	7	7/288	7/14132	0.0783427505131469	14132	0.501973919954608	combined_Raf1D486A	Raf1D486A	combined	Inactive
Multiple Myeloma	C0026764	CURATED	146	TP53,MTR,NRAS,PIK3R2,ROBO1,H1-4,FGG	7	7/288	7/14132	0.0783427505131469	14132	0.501973919954608	combined_Raf1D486A	Raf1D486A	combined	Inactive
Bleeding tendency	C1458140	CURATED	81	FGG,F13A1,MYH9,ACTN1,SERPINF2	5	5/288	5/14132	0.0833873521548322	14132	0.504769648206762	combined_Raf1D486A	Raf1D486A	combined	Inactive
Mouth Neoplasms	C0026640	CURATED	52	HRAS,HMGCS2,PIK3CA,TP53	4	4/288	4/14132	0.0893646953283133	14132	0.504769648206762	combined_Raf1D486A	Raf1D486A	combined	Inactive
Myelodysplasias, Hematopoetic	C2713368	CURATED	52	TP53,PLCB1,NRAS,U2AF1	4	4/288	4/14132	0.0893646953283133	14132	0.504769648206762	combined_Raf1D486A	Raf1D486A	combined	Inactive
Noonan syndrome and Noonan-related syndrome	C5681679	CURATED	25	HRAS,NRAS,RAF1	3	3/288	3/14132	0.0913812431341171	14132	0.504769648206762	combined_Raf1D486A	Raf1D486A	combined	Inactive
Papillary thyroid carcinoma	C0238463	CURATED	53	TP53,HABP2,NRAS,HRAS	4	4/288	4/14132	0.0933677962000947	14132	0.504769648206762	combined_Raf1D486A	Raf1D486A	combined	Inactive
Abnormality of the brain	C4021085	CURATED	88	UBQLN1,SPTAN1,PLCB1,TTC1,USP11	5	5/288	5/14132	0.105034994699794	14132	0.537836511237657	combined_Raf1D486A	Raf1D486A	combined	Inactive
Neoplasm Invasiveness	C0027626	CURATED	198	FN1,ADAMTS1,UBQLN1,HMGCS2,HRAS,ARF1,MYH9,PKM	8	8/288	8/14132	0.110729673791802	14132	0.537836511237657	combined_Raf1D486A	Raf1D486A	combined	Inactive
Neurodevelopmental delay	C4022738	CURATED	238	ASNS,HUWE1,EIF4A2,ACTA1,ROBO1,SPTBN1,UBE2A,GABRB3,USP9X	9	9/288	9/14132	0.114227019197827	14132	0.537836511237657	combined_Raf1D486A	Raf1D486A	combined	Inactive
Intellectual Disability	C3714756	CURATED	694	ROBO1,SPTBN2,USP9X,UBQLN1,MTR,HUWE1,ASPM,BCKDK,EEF1B2,SPTAN1,ZDHHC9,PIK3R2,YWHAG,HRAS,DSG2,GABRB3,SPTBN1,SPR,CHAF1B,FTSJ1	20	20/288	20/14132	0.117539110889478	14132	0.537836511237657	combined_Raf1D486A	Raf1D486A	combined	Inactive
HIV Infections	C0019693	CURATED	127	SIRT1,HSP90AA1,U2AF1,CCT7,RAB32,HSP90AB1	6	6/288	6/14132	0.117946952072514	14132	0.537836511237657	combined_Raf1D486A	Raf1D486A	combined	Inactive
Acute Promyelocytic Leukemia	C0023487	CURATED	61	NRAS,CD44,SLIT2,TRIB3	4	4/288	4/14132	0.127867797061602	14132	0.537836511237657	combined_Raf1D486A	Raf1D486A	combined	Inactive
Early infantile epileptic encephalopathy with suppression bursts	C0393706	CURATED	61	PIGQ,PLCB1,GABRB3,SPTAN1	4	4/288	4/14132	0.127867797061602	14132	0.537836511237657	combined_Raf1D486A	Raf1D486A	combined	Inactive
Non-specific syndromic intellectual disability	C5568766	CURATED	367	RAB1A,CCT6A,SYNCRIP,DLGAP2,HUWE1,CCT7,EIF4A2,MAPK8IP3,YWHAE,SPTBN1,YWHAZ,CCT8	12	12/288	12/14132	0.130909758770847	14132	0.537836511237657	combined_Raf1D486A	Raf1D486A	combined	Inactive
Adenocarcinoma of colon	C0338106	CURATED	31	PIK3R3,PIK3CA,UBR5	3	3/288	3/14132	0.131022945305279	14132	0.537836511237657	combined_Raf1D486A	Raf1D486A	combined	Inactive
IGA Glomerulonephritis	C0017661	CURATED	62	CHGA,CD44,CORO1C,MTR	4	4/288	4/14132	0.13246344615906	14132	0.537836511237657	combined_Raf1D486A	Raf1D486A	combined	Inactive
Adenoid Cystic Carcinoma	C0010606	CURATED	97	H1-4,HRAS,TP53,ASPM,PIK3CA	5	5/288	5/14132	0.13617650173776	14132	0.537836511237657	combined_Raf1D486A	Raf1D486A	combined	Inactive
RASopathy	C5555857	CURATED	32	NRAS,HRAS,RAF1	3	3/288	3/14132	0.137966243536034	14132	0.537836511237657	combined_Raf1D486A	Raf1D486A	combined	Inactive
Keloid	C0022548	CURATED	35	FGG,PFN1,TPM1	3	3/288	3/14132	0.159243719824776	14132	0.537836511237657	combined_Raf1D486A	Raf1D486A	combined	Inactive
Noonan Syndrome	C0028326	CURATED	35	HRAS,NRAS,RAF1	3	3/288	3/14132	0.159243719824776	14132	0.537836511237657	combined_Raf1D486A	Raf1D486A	combined	Inactive
Basal Cell Neoplasm	C0206710	CURATED	141	CHGA,UBAC2,MYH9,PIK3CA,TP53,IRS4	6	6/288	6/14132	0.161140564851415	14132	0.537836511237657	combined_Raf1D486A	Raf1D486A	combined	Inactive
Malignant basal cell tumor	C1368295	CURATED	141	CHGA,UBAC2,TP53,IRS4,MYH9,PIK3CA	6	6/288	6/14132	0.161140564851415	14132	0.537836511237657	combined_Raf1D486A	Raf1D486A	combined	Inactive
Congenital myopathy (disorder)	C0270960	CURATED	36	MYL1,ACTA1,HACD1	3	3/288	3/14132	0.166465922959101	14132	0.537836511237657	combined_Raf1D486A	Raf1D486A	combined	Inactive
Brain Neoplasms	C0006118	CURATED	37	TP53,HRAS,SIRT1	3	3/288	3/14132	0.173743753570138	14132	0.537836511237657	combined_Raf1D486A	Raf1D486A	combined	Inactive
Glioma	C0017638	CURATED	109	HRAS,RAF1,CHAF1A,CCN1,TP53	5	5/288	5/14132	0.182638057854314	14132	0.537836511237657	combined_Raf1D486A	Raf1D486A	combined	Inactive
Lung Neoplasms	C0024121	CURATED	269	MPO,PGGT1B,PIK3CA,CCN1,HTRA1,HRAS,RAF1,ROBO1,TP53	9	9/288	9/14132	0.184537885492732	14132	0.537836511237657	combined_Raf1D486A	Raf1D486A	combined	Inactive
Major Depressive Disorder	C1269683	CURATED	229	TOMM40,HSP90AA1,APRT,LSAMP,FKBP4,NEFL,FKBP5,PLCB1	8	8/288	8/14132	0.187533713827524	14132	0.537836511237657	combined_Raf1D486A	Raf1D486A	combined	Inactive
Vitiligo	C0042900	CURATED	39	C4A,CD44,PIK3R1	3	3/288	3/14132	0.18844552167879	14132	0.537836511237657	combined_Raf1D486A	Raf1D486A	combined	Inactive
Endometrial Carcinoma	C0476089	CURATED	39	HRAS,PIK3R1,PIK3CA	3	3/288	3/14132	0.18844552167879	14132	0.537836511237657	combined_Raf1D486A	Raf1D486A	combined	Inactive
Unipolar Depression	C0041696	CURATED	231	TOMM40,PLCB1,HSP90AA1,LSAMP,FKBP4,APRT,FKBP5,NEFL	8	8/288	8/14132	0.193114492490431	14132	0.537836511237657	combined_Raf1D486A	Raf1D486A	combined	Inactive
Malignant Glioma	C0555198	CURATED	112	RAF1,HRAS,TP53,CHAF1A,CCN1	5	5/288	5/14132	0.194991866744388	14132	0.537836511237657	combined_Raf1D486A	Raf1D486A	combined	Inactive
Pancreatic Neoplasm	C0030297	CURATED	191	NRP1,MTR,TFPI2,CD44,THBS1,MPO,TP53	7	7/288	7/14132	0.195371631627118	14132	0.537836511237657	combined_Raf1D486A	Raf1D486A	combined	Inactive
malignant neoplasm of head of pancreas	C0153458	CURATED	191	TFPI2,MTR,TP53,MPO,THBS1,CD44,NRP1	7	7/288	7/14132	0.195371631627118	14132	0.537836511237657	combined_Raf1D486A	Raf1D486A	combined	Inactive
Malignant neoplasm of body of pancreas	C0153459	CURATED	191	MTR,MPO,TFPI2,TP53,CD44,THBS1,NRP1	7	7/288	7/14132	0.195371631627118	14132	0.537836511237657	combined_Raf1D486A	Raf1D486A	combined	Inactive
Malignant neoplasm of tail of pancreas	C0153460	CURATED	191	CD44,MPO,MTR,TFPI2,THBS1,TP53,NRP1	7	7/288	7/14132	0.195371631627118	14132	0.537836511237657	combined_Raf1D486A	Raf1D486A	combined	Inactive
Malignant neoplasm of other specified sites of pancreas	C0153463	CURATED	191	THBS1,CD44,TP53,MPO,MTR,TFPI2,NRP1	7	7/288	7/14132	0.195371631627118	14132	0.537836511237657	combined_Raf1D486A	Raf1D486A	combined	Inactive
Tetralogy of Fallot	C0039685	CURATED	40	TPM1,NRP1,ROBO1	3	3/288	3/14132	0.195859538774407	14132	0.537836511237657	combined_Raf1D486A	Raf1D486A	combined	Inactive
Kidney Failure, Acute	C0022660	CURATED	114	TP53,CD44,SIRT1,CCT7,MPO	5	5/288	5/14132	0.20336824043063	14132	0.541272393761523	combined_Raf1D486A	Raf1D486A	combined	Inactive
Acute Kidney Insufficiency	C1565662	CURATED	114	CCT7,SIRT1,TP53,CD44,MPO	5	5/288	5/14132	0.20336824043063	14132	0.541272393761523	combined_Raf1D486A	Raf1D486A	combined	Inactive
Acute kidney injury	C2609414	CURATED	115	CCT7,SIRT1,MPO,TP53,CD44	5	5/288	5/14132	0.207596049333653	14132	0.544153280829121	combined_Raf1D486A	Raf1D486A	combined	Inactive
Peripheral Neuropathy	C0031117	CURATED	116	KIFBP,MACROD1,SPTAN1,NEFL,MYH14	5	5/288	5/14132	0.211849148543223	14132	0.547013473104143	combined_Raf1D486A	Raf1D486A	combined	Inactive
Small cell carcinoma of lung	C0149925	CURATED	80	PIK3R1,SLIT2,LAMC2,TP53	4	4/288	4/14132	0.223213298322424	14132	0.566209020574093	combined_Raf1D486A	Raf1D486A	combined	Inactive
Mental Retardation, X-Linked Nonsyndromic	C3501611	CURATED	44	FTSJ1,USP9X,HUWE1	3	3/288	3/14132	0.225829031327239	14132	0.566209020574093	combined_Raf1D486A	Raf1D486A	combined	Inactive
Epithelial ovarian cancer	C0677886	CURATED	45	RAF1,AMH,TP53	3	3/288	3/14132	0.233378413994121	14132	0.576778080299757	combined_Raf1D486A	Raf1D486A	combined	Inactive
Dysmorphic facies	C0424503	CURATED	84	MYH10,HUWE1,CUL9,MYH9	4	4/288	4/14132	0.244864550099551	14132	0.596641791087638	combined_Raf1D486A	Raf1D486A	combined	Inactive
Mood Disorders	C0525045	CURATED	168	SIRT1,HCN4,FKBP5,NTS,HSP90AA1,SPR	6	6/288	6/14132	0.258439779630754	14132	0.61631270077972	combined_Raf1D486A	Raf1D486A	combined	Inactive
Squamous cell carcinoma of esophagus	C0279626	CURATED	127	HTRA1,TPM1,GDI2,PFN1,TP53	5	5/288	5/14132	0.260062584722078	14132	0.61631270077972	combined_Raf1D486A	Raf1D486A	combined	Inactive
Thrombocytopenia	C0040034	CURATED	128	ACTN1,RAP1B,F13A1,FGG,MYH9	5	5/288	5/14132	0.264553995843878	14132	0.618484341635011	combined_Raf1D486A	Raf1D486A	combined	Inactive
Hydrops Fetalis, Non-Immune	C0455988	CURATED	50	HRAS,DHCR24,ACTA1	3	3/288	3/14132	0.271275317857303	14132	0.625741733190844	combined_Raf1D486A	Raf1D486A	combined	Inactive
Nephrotic Syndrome	C0027726	CURATED	91	MYH9,TPRKB,SGPL1,FN1	4	4/288	4/14132	0.283454642607206	14132	0.645232278566404	combined_Raf1D486A	Raf1D486A	combined	Inactive
Amyotrophic Lateral Sclerosis	C0002736	CURATED	133	UBQLN2,NEFL,TP53,CFAP410,PFN1	5	5/288	5/14132	0.287212959564876	14132	0.645296649411993	combined_Raf1D486A	Raf1D486A	combined	Inactive
Gastric Adenocarcinoma	C0278701	CURATED	53	TP53,CD44,UBR5	3	3/288	3/14132	0.294011906411499	14132	0.652103330887043	combined_Raf1D486A	Raf1D486A	combined	Inactive
Neurodevelopmental Disorders	C1535926	CURATED	674	TCP1,LONP1,CCT7,GABRB3,EEF1B2,EIF4A2,EEF1D,ZDHHC9,RAB14,SPTBN1,USP9X,UBR5,SPTAN1,H1-4,CCT8,MAPK8IP3,CCT6A	17	17/288	17/14132	0.300368808621853	14132	0.657769669513677	combined_Raf1D486A	Raf1D486A	combined	Inactive
Arrhythmogenic Right Ventricular Dysplasia	C0349788	CURATED	55	TPM1,HCN4,DSG2	3	3/288	3/14132	0.309118698841764	14132	0.660002846033807	combined_Raf1D486A	Raf1D486A	combined	Inactive
Polycystic Ovary Syndrome	C0032460	CURATED	138	RAB2A,TMEFF2,ASPM,MAPK8IP3,HACD1	5	5/288	5/14132	0.310136683829548	14132	0.660002846033807	combined_Raf1D486A	Raf1D486A	combined	Inactive
Carcinoma, Transitional Cell	C0007138	CURATED	56	TP53,CD44,HRAS	3	3/288	3/14132	0.316648764282115	14132	0.660002846033807	combined_Raf1D486A	Raf1D486A	combined	Inactive
Transitional Cell Neoplasm	C0334265	CURATED	56	CD44,HRAS,TP53	3	3/288	3/14132	0.316648764282115	14132	0.660002846033807	combined_Raf1D486A	Raf1D486A	combined	Inactive
Pena-Shokeir syndrome type I	C1276035	CURATED	57	ASPM,GBE1,ACTA1	3	3/288	3/14132	0.324159960303269	14132	0.667615156338876	combined_Raf1D486A	Raf1D486A	combined	Inactive
Neurodevelopmental abnormality	C4022737	CURATED	100	SPTAN1,USP9X,ZDHHC9,ASNS	4	4/288	4/14132	0.33370118461224	14132	0.679180058093147	combined_Raf1D486A	Raf1D486A	combined	Inactive
Focal glomerulosclerosis	C0017668	CURATED	60	MYH10,FN1,MYH9	3	3/288	3/14132	0.346557314920706	14132	0.69714436606142	combined_Raf1D486A	Raf1D486A	combined	Inactive
Developmental Disabilities	C0008073	CURATED	149	NPTN,MAPK8IP3,USP9X,NEFL,SPTAN1	5	5/288	5/14132	0.361042129200108	14132	0.702407384554536	combined_Raf1D486A	Raf1D486A	combined	Inactive
Diabetic Retinopathy	C0011884	CURATED	62	SIRT1,THBS1,VPS26A	3	3/288	3/14132	0.361354088007825	14132	0.702407384554536	combined_Raf1D486A	Raf1D486A	combined	Inactive
Arsenic Poisoning	C0311375	CURATED	62	TP53,RUFY3,CD44	3	3/288	3/14132	0.361354088007825	14132	0.702407384554536	combined_Raf1D486A	Raf1D486A	combined	Inactive
Kidney Failure, Chronic	C0022661	CURATED	107	MPO,CHGA,MYH9,HMGCR	4	4/288	4/14132	0.372732855039697	14132	0.711106861452652	combined_Raf1D486A	Raf1D486A	combined	Inactive
Non-Small Cell Adenocarcinoma	C1335060	CURATED	197	HTRA1,TOMM40,UBR5,TP53,HRAS,PIK3CA	6	6/288	6/14132	0.374050430012667	14132	0.711106861452652	combined_Raf1D486A	Raf1D486A	combined	Inactive
Global developmental delay	C0557874	CURATED	388	EEF1B2,USP9X,PIK3CA,HUWE1,MAPK8IP3,CHAF1B,PIGQ,HERC2,TRAF7,GABRB3	10	10/288	10/14132	0.394124419998571	14132	0.728364673063939	combined_Raf1D486A	Raf1D486A	combined	Inactive
Arthrogryposis multiplex congenita	C5779613	CURATED	67	ASPM,GBE1,ACTA1	3	3/288	3/14132	0.397765023123968	14132	0.728364673063939	combined_Raf1D486A	Raf1D486A	combined	Inactive
Colon Carcinoma	C0699790	CURATED	68	TP53,PIK3CA,NRAS	3	3/288	3/14132	0.404934520393587	14132	0.728364673063939	combined_Raf1D486A	Raf1D486A	combined	Inactive
Hypertensive disease	C0020538	CURATED	301	NPTN,MYH9,TPM1,CHGA,TP53,FN1,HTRA1,MTR	8	8/288	8/14132	0.415647166365513	14132	0.728364673063939	combined_Raf1D486A	Raf1D486A	combined	Inactive
Mesothelioma malignant advanced	C0278752	CURATED	117	FN1,TRAF7,RAF1,TP53	4	4/288	4/14132	0.427637755708887	14132	0.728364673063939	combined_Raf1D486A	Raf1D486A	combined	Inactive
Diffuse malignant mesothelioma	C0392400	CURATED	117	RAF1,FN1,TRAF7,TP53	4	4/288	4/14132	0.427637755708887	14132	0.728364673063939	combined_Raf1D486A	Raf1D486A	combined	Inactive
Asbestos-Related Malignant Mesothelioma	C1332338	CURATED	117	TRAF7,FN1,RAF1,TP53	4	4/288	4/14132	0.427637755708887	14132	0.728364673063939	combined_Raf1D486A	Raf1D486A	combined	Inactive
Hypertrophic Cardiomyopathy	C0007194	CURATED	164	RAF1,DSG2,TP53,TPM1,HCN4	5	5/288	5/14132	0.430154736369718	14132	0.728364673063939	combined_Raf1D486A	Raf1D486A	combined	Inactive
Alzheimer's Disease	C0002395	CURATED	211	HMGCR,DHCR24,MPO,ADAMTS1,TOMM40,PIK3R1	6	6/288	6/14132	0.43057012835508	14132	0.728364673063939	combined_Raf1D486A	Raf1D486A	combined	Inactive
Malignant mesothelioma	C0345967	CURATED	118	RAF1,TP53,FN1,TRAF7	4	4/288	4/14132	0.433043231567602	14132	0.728364673063939	combined_Raf1D486A	Raf1D486A	combined	Inactive
Diabetes Mellitus	C0011849	CURATED	72	HMGCR,FN1,SIRT1	3	3/288	3/14132	0.433190117389116	14132	0.728364673063939	combined_Raf1D486A	Raf1D486A	combined	Inactive
Cardiomyopathy, Dilated	C0007193	CURATED	259	HCN4,GET3,ACTA1,RAF1,DSG2,TPM1,MYH14	7	7/288	7/14132	0.433650643500495	14132	0.728364673063939	combined_Raf1D486A	Raf1D486A	combined	Inactive
Liver carcinoma	C2239176	CURATED	646	PKM,SLIT2,TFPI2,ASPM,MPO,NRAS,CCN1,TP53,TRAF7,HMGCR,HRAS,PIK3CA,CHAF1B,ROBO1,ADAMTS1	15	15/288	15/14132	0.445635356162086	14132	0.74129727515424	combined_Raf1D486A	Raf1D486A	combined	Inactive
Malignant neoplasm of urinary bladder	C0005684	CURATED	218	HRAS,PIK3CA,TP53,MTR,MPO,TMEFF2	6	6/288	6/14132	0.4584846959764	14132	0.754027786228511	combined_Raf1D486A	Raf1D486A	combined	Inactive
Malignant Squamous Cell Neoplasm	C0751688	CURATED	124	AREG,PIK3CA,TP53,HRAS	4	4/288	4/14132	0.465060396008396	14132	0.754027786228511	combined_Raf1D486A	Raf1D486A	combined	Inactive
Insulin Resistance	C0021655	CURATED	77	SIRT1,PIK3R1,TRIB3	3	3/288	3/14132	0.467473602278786	14132	0.754027786228511	combined_Raf1D486A	Raf1D486A	combined	Inactive
Malignant neoplasm of large intestine	C0346629	CURATED	173	PIK3R1,PIK3CA,BAMBI,TP53,NRAS	5	5/288	5/14132	0.470722548628204	14132	0.754027786228511	combined_Raf1D486A	Raf1D486A	combined	Inactive
Cardiomyopathies	C0878544	CURATED	223	TPM1,DSG2,TRIB3,YWHAH,HCN4,TP53	6	6/288	6/14132	0.478189462094247	14132	0.75896125635142	combined_Raf1D486A	Raf1D486A	combined	Inactive
Esophageal Neoplasms	C0014859	CURATED	82	SMYD2,TP53,TPM1	3	3/288	3/14132	0.50049940694303	14132	0.769715540429409	combined_Raf1D486A	Raf1D486A	combined	Inactive
Renal Cell Carcinoma	C0007134	CURATED	180	APRT,PIK3CA,C4A,CUL7,TP53	5	5/288	5/14132	0.501530444982831	14132	0.769715540429409	combined_Raf1D486A	Raf1D486A	combined	Inactive
Charcot-Marie-Tooth Disease	C0007959	CURATED	133	RAB7A,MYH14,ARF1,NEFL	4	4/288	4/14132	0.511523652160367	14132	0.769715540429409	combined_Raf1D486A	Raf1D486A	combined	Inactive
Bipolar Disorder	C0005586	CURATED	483	CSRP1,FKBP5,PLCB1,SIRT1,NEFL,SPR,MTR,YWHAZ,GABRB3,YWHAE,YWHAH	11	11/288	11/14132	0.525246182264666	14132	0.769715540429409	combined_Raf1D486A	Raf1D486A	combined	Inactive
Adenocarcinoma of lung (disorder)	C0152013	CURATED	286	UBR5,PIK3CA,TP53,RAF1,TOMM40,HTRA1,HRAS	7	7/288	7/14132	0.529177139700405	14132	0.769715540429409	combined_Raf1D486A	Raf1D486A	combined	Inactive
Malignant neoplasm of upper lobe, bronchus or lung	C0024624	CURATED	87	IRS4,PIK3CA,MPO	3	3/288	3/14132	0.53218492536177	14132	0.769715540429409	combined_Raf1D486A	Raf1D486A	combined	Inactive
Osteoporosis	C0029456	CURATED	87	U2AF1,PKM,CCT2	3	3/288	3/14132	0.53218492536177	14132	0.769715540429409	combined_Raf1D486A	Raf1D486A	combined	Inactive
Malignant neoplasm of middle lobe, bronchus or lung	C0153491	CURATED	87	MPO,IRS4,PIK3CA	3	3/288	3/14132	0.53218492536177	14132	0.769715540429409	combined_Raf1D486A	Raf1D486A	combined	Inactive
Malignant neoplasm of lower lobe, bronchus or lung	C0153492	CURATED	87	PIK3CA,IRS4,MPO	3	3/288	3/14132	0.53218492536177	14132	0.769715540429409	combined_Raf1D486A	Raf1D486A	combined	Inactive
Malignant neoplasm of other parts of bronchus or lung	C0153493	CURATED	87	PIK3CA,MPO,IRS4	3	3/288	3/14132	0.53218492536177	14132	0.769715540429409	combined_Raf1D486A	Raf1D486A	combined	Inactive
Myocardial Ischemia	C0151744	CURATED	338	HMGCR,TP53,RAB7A,RAB1B,NPTN,AREG,UGCG,HMGCS2	8	8/288	8/14132	0.536493030571908	14132	0.769715540429409	combined_Raf1D486A	Raf1D486A	combined	Inactive
Breast Cancer, Familial	C0346153	CURATED	88	PIK3CA,TP53,PIK3R3	3	3/288	3/14132	0.538355956022882	14132	0.769715540429409	combined_Raf1D486A	Raf1D486A	combined	Inactive
Kidney Diseases	C0022658	CURATED	140	MYH9,XPNPEP3,MPO,RGN	4	4/288	4/14132	0.546152907200387	14132	0.774321539478429	combined_Raf1D486A	Raf1D486A	combined	Inactive
Alcohol abuse	C0085762	CURATED	90	FN1,SIRT1,GABRB3	3	3/288	3/14132	0.550529187028016	14132	0.774321539478429	combined_Raf1D486A	Raf1D486A	combined	Inactive
Precursor Lymphoid Neoplasm	C1335469	CURATED	91	MTR,NRAS,TP53	3	3/288	3/14132	0.55653086218354	14132	0.776450315788326	combined_Raf1D486A	Raf1D486A	combined	Inactive
Stomach Neoplasms	C0038356	CURATED	349	PIK3CA,CD44,AREG,CCT7,TP53,CNPY2,FGG,HRAS	8	8/288	8/14132	0.570598871492487	14132	0.784590184022766	combined_Raf1D486A	Raf1D486A	combined	Inactive
Congenital heart disease	C0152021	CURATED	95	ROBO1,NRP1,CSRP1	3	3/288	3/14132	0.579966709724725	14132	0.784590184022766	combined_Raf1D486A	Raf1D486A	combined	Inactive
Squamous cell carcinoma	C0007137	CURATED	150	TP53,PIK3CA,HRAS,AREG	4	4/288	4/14132	0.593054938280058	14132	0.784590184022766	combined_Raf1D486A	Raf1D486A	combined	Inactive
Acute lymphocytic leukemia	C0023449	CURATED	98	MTR,TP53,NRAS	3	3/288	3/14132	0.596940826933156	14132	0.784590184022766	combined_Raf1D486A	Raf1D486A	combined	Inactive
Seizures	C0036572	CURATED	308	EEF1B2,YWHAG,PIK3CA,SPTAN1,HTRA1,GABRB3,PIK3R2	7	7/288	7/14132	0.601843876930108	14132	0.784590184022766	combined_Raf1D486A	Raf1D486A	combined	Inactive
Cardiomyopathy, Hypertrophic, Familial	C0949658	CURATED	99	DSG2,RAF1,TPM1	3	3/288	3/14132	0.602483745276106	14132	0.784590184022766	combined_Raf1D486A	Raf1D486A	combined	Inactive
Long QT Syndrome	C0023976	CURATED	100	UBR5,HCN4,DSG2	3	3/288	3/14132	0.607969103657001	14132	0.784590184022766	combined_Raf1D486A	Raf1D486A	combined	Inactive
Bladder Neoplasm	C0005695	CURATED	206	MTR,TP53,MPO,HRAS,TMEFF2	5	5/288	5/14132	0.608156413069975	14132	0.784590184022766	combined_Raf1D486A	Raf1D486A	combined	Inactive
Heart failure	C0018801	CURATED	207	TP53,BAMBI,HMGCS2,SIRT1,NISCH	5	5/288	5/14132	0.611972543298927	14132	0.784590184022766	combined_Raf1D486A	Raf1D486A	combined	Inactive
Congestive heart failure	C0018802	CURATED	207	BAMBI,TP53,SIRT1,NISCH,HMGCS2	5	5/288	5/14132	0.611972543298927	14132	0.784590184022766	combined_Raf1D486A	Raf1D486A	combined	Inactive
Colorectal Neoplasms	C0009404	CURATED	363	BAMBI,SESN2,PIK3CA,NRAS,SFRP5,TP53,STIP1,TFPI2	8	8/288	8/14132	0.612252455740309	14132	0.784590184022766	combined_Raf1D486A	Raf1D486A	combined	Inactive
Sensorineural Hearing Loss (disorder)	C0018784	CURATED	103	MYH9,NEFL,MYH14	3	3/288	3/14132	0.624080288155892	14132	0.788072188693207	combined_Raf1D486A	Raf1D486A	combined	Inactive
Ductal Breast Carcinoma	C1527349	CURATED	103	NEFL,NTS,UBR5	3	3/288	3/14132	0.624080288155892	14132	0.788072188693207	combined_Raf1D486A	Raf1D486A	combined	Inactive
Colorectal Carcinoma	C0009402	CURATED	473	SPTBN2,IRS4,MPO,TP53,PIK3CA,CORO1B,H1-4,ZNF480,NRAS,FN1	10	10/288	10/14132	0.630545255615422	14132	0.789744394781896	combined_Raf1D486A	Raf1D486A	combined	Inactive
Nerve Degeneration	C0027746	CURATED	105	PFN1,SIRT1,CD44	3	3/288	3/14132	0.634534513726495	14132	0.789744394781896	combined_Raf1D486A	Raf1D486A	combined	Inactive
Depressive disorder	C0011581	CURATED	272	FKBP5,APRT,GABRB3,NTS,STIP1,MTR	6	6/288	6/14132	0.653916738090955	14132	0.80805425492668	combined_Raf1D486A	Raf1D486A	combined	Inactive
Weight Gain	C0043094	CURATED	115	MEST,PIK3CA,SPTBN1	3	3/288	3/14132	0.683414527960234	14132	0.838515697426387	combined_Raf1D486A	Raf1D486A	combined	Inactive
Osteoarthrosis, localized, not specified whether primary or secondary	C0157946	CURATED	117	TFPI2,EDIL3,YWHAQ	3	3/288	3/14132	0.692524973051203	14132	0.843710002379282	combined_Raf1D486A	Raf1D486A	combined	Inactive
Adenocarcinoma	C0001418	CURATED	121	ROBO1,TP53,PIK3CA	3	3/288	3/14132	0.710098515947934	14132	0.859070232580367	combined_Raf1D486A	Raf1D486A	combined	Inactive
ovarian neoplasm	C0919267	CURATED	182	TP53,PIK3CA,URI1,AREG	4	4/288	4/14132	0.720910903657788	14132	0.866094349533315	combined_Raf1D486A	Raf1D486A	combined	Inactive
Autism Spectrum Disorders	C1510586	CURATED	572	SYNCRIP,CHST13,MTR,HUWE1,CORO1A,THBS1,CYP27B1,GABRB3,DHCR24,MYH10,FTSJ1	11	11/288	11/14132	0.734154797311673	14132	0.868487465880729	combined_Raf1D486A	Raf1D486A	combined	Inactive
Schizophrenia	C0036341	CURATED	1047	THBS1,NEFL,NTS,CHGA,FUT8,GABRB3,TP53,YWHAE,DHCR24,SIRT1,VRK2,PIK3CA,SLC6A9,H1-4,MTR,NPTN,SPTBN2,DLGAP2,LSAMP,PLCB1	20	20/288	20/14132	0.734507560175276	14132	0.868487465880729	combined_Raf1D486A	Raf1D486A	combined	Inactive
Malignant neoplasm of prostate	C0376358	CURATED	629	CD44,PIK3CA,CHGA,FBH1,GET3,TMEM183A,KMT5A,TP53,PIK3R1,CHAF1B,SLC6A9,TMEFF2	12	12/288	12/14132	0.740751199868606	14132	0.868487465880729	combined_Raf1D486A	Raf1D486A	combined	Inactive
Neoplastic Syndromes, Hereditary	C0027672	CURATED	190	PIK3CA,AIP,HRAS,TP53	4	4/288	4/14132	0.747513889075679	14132	0.868487465880729	combined_Raf1D486A	Raf1D486A	combined	Inactive
melanoma	C0025202	CURATED	250	TFPI2,TP53,NRAS,HRAS,STIP1	5	5/288	5/14132	0.753455746784196	14132	0.868487465880729	combined_Raf1D486A	Raf1D486A	combined	Inactive
Malignant neoplasm of breast	C0006142	CURATED	744	MYH9,UBR5,PIK3CA,TP53,HDAC7,AREG,ROBO1,EIF4A2,SPTAN1,TCP1,PLCB1,FN1,FAAH,NLE1	14	14/288	14/14132	0.755077148087824	14132	0.868487465880729	combined_Raf1D486A	Raf1D486A	combined	Inactive
Acute polyarticular juvenile rheumatoid arthritis	C0157916	CURATED	138	THBS1,AREG,ZFAND3	3	3/288	3/14132	0.775648561974103	14132	0.868487465880729	combined_Raf1D486A	Raf1D486A	combined	Inactive
Pauciarticular juvenile rheumatoid arthritis	C0157917	CURATED	138	THBS1,AREG,ZFAND3	3	3/288	3/14132	0.775648561974103	14132	0.868487465880729	combined_Raf1D486A	Raf1D486A	combined	Inactive
Monoarticular juvenile rheumatoid arthritis	C0157918	CURATED	138	ZFAND3,AREG,THBS1	3	3/288	3/14132	0.775648561974103	14132	0.868487465880729	combined_Raf1D486A	Raf1D486A	combined	Inactive
Juvenile Chronic Polyarthritis	C0409667	CURATED	138	THBS1,AREG,ZFAND3	3	3/288	3/14132	0.775648561974103	14132	0.868487465880729	combined_Raf1D486A	Raf1D486A	combined	Inactive
Chemical and Drug Induced Liver Injury	C4277682	CURATED	374	POLR2G,KRT18,OCIAD1,THBS1,RGN,NTN1,SESN2	7	7/288	7/14132	0.778124608159035	14132	0.868487465880729	combined_Raf1D486A	Raf1D486A	combined	Inactive
Asthma	C0004096	CURATED	208	HMGCR,AREG,FKBP5,MPO	4	4/288	4/14132	0.799967400037777	14132	0.887143334657278	combined_Raf1D486A	Raf1D486A	combined	Inactive
Leukemia, Myelocytic, Acute	C0023467	CURATED	210	TP53,TFPI2,NRAS,CD44	4	4/288	4/14132	0.805193761579767	14132	0.887251724543311	combined_Raf1D486A	Raf1D486A	combined	Inactive
Alcoholic Intoxication, Chronic	C0001973	CURATED	279	GABRB3,FKBP5,PIK3R1,NTS,TP53	5	5/288	5/14132	0.824109723019738	14132	0.894643563783321	combined_Raf1D486A	Raf1D486A	combined	Inactive
Mental Depression	C0011570	CURATED	283	MTR,NTS,GABRB3,APRT,FKBP5	5	5/288	5/14132	0.832410213331045	14132	0.894643563783321	combined_Raf1D486A	Raf1D486A	combined	Inactive
Rheumatoid Arthritis	C0003873	CURATED	222	TFPI2,FKBP5,CCN1,MPO	4	4/288	4/14132	0.834195616009874	14132	0.894643563783321	combined_Raf1D486A	Raf1D486A	combined	Inactive
Colonic Neoplasms	C0009375	CURATED	160	PLCB1,HMGCS2,TP53	3	3/288	3/14132	0.841042275567241	14132	0.894643563783321	combined_Raf1D486A	Raf1D486A	combined	Inactive
Short stature	C0349588	CURATED	162	CUL7,WDR6,ROBO1	3	3/288	3/14132	0.846041163950927	14132	0.894643563783321	combined_Raf1D486A	Raf1D486A	combined	Inactive
Obesity	C0028754	CURATED	293	MYH9,FAAH,SLC16A7,CYP27B1,SIRT1	5	5/288	5/14132	0.851746773964626	14132	0.894643563783321	combined_Raf1D486A	Raf1D486A	combined	Inactive
Endometriosis	C0014175	CURATED	165	FKBP5,AREG,NRP1	3	3/288	3/14132	0.853272763145942	14132	0.894643563783321	combined_Raf1D486A	Raf1D486A	combined	Inactive
Epilepsy	C0014544	CURATED	165	GABRB3,MTR,PIGQ	3	3/288	3/14132	0.853272763145942	14132	0.894643563783321	combined_Raf1D486A	Raf1D486A	combined	Inactive
Coronary Arteriosclerosis	C0010054	CURATED	175	CUL9,HMGCR,TP53	3	3/288	3/14132	0.875200077884964	14132	0.91123032841237	combined_Raf1D486A	Raf1D486A	combined	Inactive
Autistic Disorder	C0004352	CURATED	433	ROBO1,DLGAP2,MYO1D,CUL7,MTR,GABRB3,HRAS	7	7/288	7/14132	0.879626964421189	14132	0.91123032841237	combined_Raf1D486A	Raf1D486A	combined	Inactive
hearing impairment	C1384666	CURATED	187	MYH9,THBS1,MYH14	3	3/288	3/14132	0.897522736079677	14132	0.92218402995647	combined_Raf1D486A	Raf1D486A	combined	Inactive
Optic Atrophy	C0029124	CURATED	189	PHYH,PIGQ,RP9	3	3/288	3/14132	0.90086185585343	14132	0.92218402995647	combined_Raf1D486A	Raf1D486A	combined	Inactive
Diabetes Mellitus, Non-Insulin-Dependent	C0011860	CURATED	331	HMGCR,VPS26A,ZFAND3,PIK3R1,SIRT1	5	5/288	5/14132	0.908890870278476	14132	0.924930120930449	combined_Raf1D486A	Raf1D486A	combined	Inactive
Microcephaly (physical finding)	C4551563	CURATED	357	YWHAG,SPTAN1,ZNF91,PTDSS1,ASPM	5	5/288	5/14132	0.935815059667756	14132	0.946760265043987	combined_Raf1D486A	Raf1D486A	combined	Inactive
Retinitis Pigmentosa	C0035334	CURATED	235	CFAP410,PHYH,RP9	3	3/288	3/14132	0.954603410782628	14132	0.96015343061276	combined_Raf1D486A	Raf1D486A	combined	Inactive
Retinal Dystrophies	C0854723	CURATED	405	PHYH,CFAP410,ZNF91,RP9,CCT2	5	5/288	5/14132	0.967420633856193	14132	0.967420633856193	combined_Raf1D486A	Raf1D486A	combined	Inactive
HIV Infections	C0019693	CURATED	127	HSP90AA1,RAB32,HSP90AB1,PSMC5	4	4/109	4/14132	0.0750293832838573	14132	0.73446894445284	combined_MEK1WT	MEK1WT	combined	WT
Pancreatic Neoplasm	C0030297	CURATED	191	MTRR,RRM2,ITGA4,THBS1	4	4/109	4/14132	0.183027941693177	14132	0.73446894445284	combined_MEK1WT	MEK1WT	combined	WT
malignant neoplasm of head of pancreas	C0153458	CURATED	191	ITGA4,MTRR,THBS1,RRM2	4	4/109	4/14132	0.183027941693177	14132	0.73446894445284	combined_MEK1WT	MEK1WT	combined	WT
Malignant neoplasm of body of pancreas	C0153459	CURATED	191	MTRR,ITGA4,THBS1,RRM2	4	4/109	4/14132	0.183027941693177	14132	0.73446894445284	combined_MEK1WT	MEK1WT	combined	WT
Malignant neoplasm of tail of pancreas	C0153460	CURATED	191	ITGA4,MTRR,THBS1,RRM2	4	4/109	4/14132	0.183027941693177	14132	0.73446894445284	combined_MEK1WT	MEK1WT	combined	WT
Malignant neoplasm of other specified sites of pancreas	C0153463	CURATED	191	ITGA4,RRM2,THBS1,MTRR	4	4/109	4/14132	0.183027941693177	14132	0.73446894445284	combined_MEK1WT	MEK1WT	combined	WT
Major Depressive Disorder	C1269683	CURATED	229	HSP90AA1,LSAMP,MAP2K1,SGK1	4	4/109	4/14132	0.259586115341042	14132	0.73446894445284	combined_MEK1WT	MEK1WT	combined	WT
Unipolar Depression	C0041696	CURATED	231	SGK1,HSP90AA1,LSAMP,MAP2K1	4	4/109	4/14132	0.26374803835793	14132	0.73446894445284	combined_MEK1WT	MEK1WT	combined	WT
Carcinoma	C0007097	CURATED	163	SGK1,ID3,PGAM1	3	3/109	3/14132	0.35882052888597	14132	0.73446894445284	combined_MEK1WT	MEK1WT	combined	WT
Malignant epithelioma	C0553707	CURATED	163	ID3,SGK1,PGAM1	3	3/109	3/14132	0.35882052888597	14132	0.73446894445284	combined_MEK1WT	MEK1WT	combined	WT
Epithelioma	C1368683	CURATED	163	ID3,PGAM1,SGK1	3	3/109	3/14132	0.35882052888597	14132	0.73446894445284	combined_MEK1WT	MEK1WT	combined	WT
Mammary Neoplasms	C1458155	CURATED	524	RAF1,THBS1,ARAF,PIN1,FASN,HSP90AA1	6	6/109	6/14132	0.379425825593666	14132	0.73446894445284	combined_MEK1WT	MEK1WT	combined	WT
Adenocarcinoma of lung (disorder)	C0152013	CURATED	286	MAP2K1,FASN,RAF1,RRM2	4	4/109	4/14132	0.379624444488665	14132	0.73446894445284	combined_MEK1WT	MEK1WT	combined	WT
Liver carcinoma	C2239176	CURATED	646	PCLAF,DLGAP5,RRM2,FASN,TTK,KDM8,MTRR	7	7/109	7/14132	0.380835748975547	14132	0.73446894445284	combined_MEK1WT	MEK1WT	combined	WT
Non-Small Cell Adenocarcinoma	C1335060	CURATED	197	FASN,RRM2,MAP2K1	3	3/109	3/14132	0.450533982293685	14132	0.810961168128632	combined_MEK1WT	MEK1WT	combined	WT
Prostatic Neoplasms	C0033578	CURATED	660	HSP90AB1,ID3,RAF1,SESN3,CSRP1,MAP2K1	6	6/109	6/14132	0.580468740310615	14132	0.921723713601222	combined_MEK1WT	MEK1WT	combined	WT
Lung Neoplasms	C0024121	CURATED	269	MAP3K8,ID3,RAF1	3	3/109	3/14132	0.61762594586671	14132	0.921723713601222	combined_MEK1WT	MEK1WT	combined	WT
Non-Small Cell Lung Carcinoma	C0007131	CURATED	276	PGAM1,MAP2K1,RAF1	3	3/109	3/14132	0.631648223985702	14132	0.921723713601222	combined_MEK1WT	MEK1WT	combined	WT
Autism Spectrum Disorders	C1510586	CURATED	572	ITGA4,THBS1,MAP2K1,FASN,SCRIB	5	5/109	5/14132	0.648620391052712	14132	0.921723713601222	combined_MEK1WT	MEK1WT	combined	WT
Myocardial Ischemia	C0151744	CURATED	338	MAT2A,ID3,MAP3K8	3	3/109	3/14132	0.738880794012955	14132	0.969570079484386	combined_MEK1WT	MEK1WT	combined	WT
Colorectal Neoplasms	C0009404	CURATED	363	PAIP2,RRM2,MTRR	3	3/109	3/14132	0.774040771930031	14132	0.969570079484386	combined_MEK1WT	MEK1WT	combined	WT
Global developmental delay	C0557874	CURATED	388	USP9X,UBAP2L,MEA1	3	3/109	3/14132	0.805039508163895	14132	0.969570079484386	combined_MEK1WT	MEK1WT	combined	WT
Colorectal Carcinoma	C0009402	CURATED	473	PREX2,PSMC5,STAM	3	3/109	3/14132	0.88416723119933	14132	0.969570079484386	combined_MEK1WT	MEK1WT	combined	WT
Bipolar Disorder	C0005586	CURATED	483	CSRP1,PGAM1,ZCCHC2	3	3/109	3/14132	0.891234957235385	14132	0.969570079484386	combined_MEK1WT	MEK1WT	combined	WT
Neurodevelopmental Disorders	C1535926	CURATED	674	PSMC5,FASN,UBAP2L,USP9X	4	4/109	4/14132	0.897750073596653	14132	0.969570079484386	combined_MEK1WT	MEK1WT	combined	WT
Intellectual Disability	C3714756	CURATED	694	USP9X,MEA1,TNRC6C	3	3/109	3/14132	0.97300200196041	14132	0.989445002906976	combined_MEK1WT	MEK1WT	combined	WT
Schizophrenia	C0036341	CURATED	1047	THBS1,NTS,CRMP1,LSAMP	4	4/109	4/14132	0.989445002906976	14132	0.989445002906976	combined_MEK1WT	MEK1WT	combined	WT
Noonan syndrome and Noonan-related syndrome	C5681679	CURATED	25	LZTR1,HRAS,SHOC2,BRAF,KRAS,NRAS,RAF1	7	7/63	7/14132	1.01944763420045e-09	14132	7.31293836754714e-08	combined_HrasWT	HrasWT	combined	WT
Costello syndrome (disorder)	C0587248	CURATED	13	SHOC2,NRAS,RAF1,BRAF,HRAS,KRAS	6	6/63	6/14132	1.87511240193516e-09	14132	7.31293836754714e-08	combined_HrasWT	HrasWT	combined	WT
Cardio-facio-cutaneous syndrome	C1275081	CURATED	14	KRAS,BRAF,NRAS,HRAS,RAF1,SHOC2	6	6/63	6/14132	2.90686501002574e-09	14132	7.55784902606693e-08	combined_HrasWT	HrasWT	combined	WT
RASopathy	C5555857	CURATED	32	KRAS,NRAS,LZTR1,HRAS,SHOC2,BRAF,RAF1	7	7/63	7/14132	5.0913899952286e-09	14132	9.92821049069578e-08	combined_HrasWT	HrasWT	combined	WT
Noonan Syndrome	C0028326	CURATED	35	KRAS,HRAS,SHOC2,NRAS,RAF1,BRAF,LZTR1	7	7/63	7/14132	9.02536532398096e-09	14132	1.40795699054103e-07	combined_HrasWT	HrasWT	combined	WT
Noonan Syndrome 1	C4551602	CURATED	21	KRAS,NRAS,LZTR1,HRAS,BRAF,RAF1	6	6/63	6/14132	2.88462715555332e-08	14132	3.75001530221931e-07	combined_HrasWT	HrasWT	combined	WT
Vascular anomaly	C0158570	CURATED	14	HRAS,KRAS,NRAS,BRAF,PIK3CA	5	5/63	5/14132	3.4712751480079e-07	14132	3.86799230778023e-06	combined_HrasWT	HrasWT	combined	WT
Epidermal Nevus	C0334082	CURATED	7	HRAS,KRAS,NRAS,PIK3CA	4	4/63	4/14132	2.91790467630651e-06	14132	2.84495705939885e-05	combined_HrasWT	HrasWT	combined	WT
GIANT PIGMENTED HAIRY NEVUS	C1842036	CURATED	8	BRAF,NRAS,RAF1,HRAS	4	4/63	4/14132	4.65378744876646e-06	14132	3.62995421003784e-05	combined_HrasWT	HrasWT	combined	WT
NOONAN SYNDROME 3	C1860991	CURATED	8	KRAS,RAF1,HRAS,SHOC2	4	4/63	4/14132	4.65378744876646e-06	14132	3.62995421003784e-05	combined_HrasWT	HrasWT	combined	WT
PROSTATE CANCER, HEREDITARY, 1	C4722327	CURATED	10	NRAS,BRAF,HRAS,KRAS	4	4/63	4/14132	9.90903450223223e-06	14132	7.02640628340104e-05	combined_HrasWT	HrasWT	combined	WT
Liver carcinoma	C2239176	CURATED	646	PCLAF,CSPG4,KIF11,BRAF,PKM,TFPI2,NRAS,KRAS,TRAF7,HRAS,PIK3CA,CA2,LZTR1	13	13/63	13/14132	2.35301453951443e-05	14132	0.000152945945068438	combined_HrasWT	HrasWT	combined	WT
Penile Neoplasms	C0030849	CURATED	4	HRAS,KRAS,PIK3CA	3	3/63	3/14132	0.000116682013374634	14132	0.000568824815201341	combined_HrasWT	HrasWT	combined	WT
Nevus sebaceous	C3854181	CURATED	4	HRAS,NRAS,KRAS	3	3/63	3/14132	0.000116682013374634	14132	0.000568824815201341	combined_HrasWT	HrasWT	combined	WT
NEVUS, KERATINOCYTIC, NONEPIDERMOLYTIC	C4011754	CURATED	4	HRAS,PIK3CA,NRAS	3	3/63	3/14132	0.000116682013374634	14132	0.000568824815201341	combined_HrasWT	HrasWT	combined	WT
Nevus Sebaceus of Jadassohn	C4552097	CURATED	4	HRAS,KRAS,NRAS	3	3/63	3/14132	0.000116682013374634	14132	0.000568824815201341	combined_HrasWT	HrasWT	combined	WT
Non-Small Cell Lung Carcinoma	C0007131	CURATED	276	NRAS,CBLB,KRAS,HRAS,BRAF,RAF1,PIK3CA,SELENOS	8	8/63	8/14132	0.00021829876115513	14132	0.00100160608059413	combined_HrasWT	HrasWT	combined	WT
Differentiated Thyroid Gland Carcinoma	C1337013	CURATED	29	BRAF,KRAS,HRAS,NRAS	4	4/63	4/14132	0.000284028941428172	14132	0.00123079207952208	combined_HrasWT	HrasWT	combined	WT
Pilomyxoid astrocytoma	C1519086	CURATED	7	BRAF,RAF1,KRAS	3	3/63	3/14132	0.00040487436633199	14132	0.00157901002869476	combined_HrasWT	HrasWT	combined	WT
THYROID CANCER, NONMEDULLARY, 2	C4225426	CURATED	7	NRAS,BRAF,HRAS	3	3/63	3/14132	0.00040487436633199	14132	0.00157901002869476	combined_HrasWT	HrasWT	combined	WT
LEOPARD Syndrome	C0175704	CURATED	9	RAF1,NRAS,BRAF	3	3/63	3/14132	0.000690087728928937	14132	0.00244667467529351	combined_HrasWT	HrasWT	combined	WT
Follicular thyroid carcinoma	C0206682	CURATED	9	HRAS,KRAS,NRAS	3	3/63	3/14132	0.000690087728928937	14132	0.00244667467529351	combined_HrasWT	HrasWT	combined	WT
Hydrops Fetalis, Non-Immune	C0455988	CURATED	50	HRAS,KRAS,LZTR1,SHOC2	4	4/63	4/14132	0.00142535991717607	14132	0.00483382928433625	combined_HrasWT	HrasWT	combined	WT
Prostatic Neoplasms	C0033578	CURATED	660	HRAS,ID3,SELENOS,RAF1,MTAP,PIK3CA,KRAS,CSRP1,ALOXE3,BRAF	10	10/63	10/14132	0.00247404100552436	14132	0.00804063326795418	combined_HrasWT	HrasWT	combined	WT
Malignant neoplasm of gallbladder	C0153452	CURATED	20	PIK3CA,BRAF,KRAS	3	3/63	3/14132	0.00352888677135875	14132	0.0110101267266393	combined_HrasWT	HrasWT	combined	WT
Lip and Oral Cavity Carcinoma	C0220641	CURATED	21	HRAS,PIK3CA,BRAF	3	3/63	3/14132	0.00388918588153519	14132	0.0116675576446056	combined_HrasWT	HrasWT	combined	WT
Carcinoma of lung	C0684249	CURATED	26	KRAS,BRAF,PIK3CA	3	3/63	3/14132	0.00593341978251224	14132	0.0153517869464414	combined_HrasWT	HrasWT	combined	WT
Carcinoma	C0007097	CURATED	163	KRAS,PKM,ID3,RASGRF2,HRAS	5	5/63	5/14132	0.00599165309177568	14132	0.0153517869464414	combined_HrasWT	HrasWT	combined	WT
Malignant epithelioma	C0553707	CURATED	163	ID3,RASGRF2,HRAS,KRAS,PKM	5	5/63	5/14132	0.00599165309177568	14132	0.0153517869464414	combined_HrasWT	HrasWT	combined	WT
Epithelioma	C1368683	CURATED	163	ID3,HRAS,KRAS,PKM,RASGRF2	5	5/63	5/14132	0.00599165309177568	14132	0.0153517869464414	combined_HrasWT	HrasWT	combined	WT
Malignant neoplasm of upper lobe, bronchus or lung	C0024624	CURATED	87	PIK3CA,KRAS,MAT2A,BRAF	4	4/63	4/14132	0.00685864745466882	14132	0.0153517869464414	combined_HrasWT	HrasWT	combined	WT
Malignant neoplasm of middle lobe, bronchus or lung	C0153491	CURATED	87	KRAS,MAT2A,BRAF,PIK3CA	4	4/63	4/14132	0.00685864745466882	14132	0.0153517869464414	combined_HrasWT	HrasWT	combined	WT
Malignant neoplasm of lower lobe, bronchus or lung	C0153492	CURATED	87	PIK3CA,KRAS,MAT2A,BRAF	4	4/63	4/14132	0.00685864745466882	14132	0.0153517869464414	combined_HrasWT	HrasWT	combined	WT
Malignant neoplasm of other parts of bronchus or lung	C0153493	CURATED	87	KRAS,MAT2A,PIK3CA,BRAF	4	4/63	4/14132	0.00685864745466882	14132	0.0153517869464414	combined_HrasWT	HrasWT	combined	WT
Lung Neoplasms	C0024121	CURATED	269	PIK3CA,KRAS,BRAF,HRAS,ID3,RAF1	6	6/63	6/14132	0.00688862234776217	14132	0.0153517869464414	combined_HrasWT	HrasWT	combined	WT
Malignant neoplasm of lung	C0242379	CURATED	36	KRAS,PIK3CA,BRAF	3	3/63	3/14132	0.0111778040774345	14132	0.024218575501108	combined_HrasWT	HrasWT	combined	WT
Endometrial Carcinoma	C0476089	CURATED	39	HRAS,PIK3CA,BRAF	3	3/63	3/14132	0.0130352739296824	14132	0.0274797666625736	combined_HrasWT	HrasWT	combined	WT
Adenocarcinoma	C0001418	CURATED	121	ID3,CA2,PIK3CA,KRAS	4	4/63	4/14132	0.0167495340330023	14132	0.0342412764652885	combined_HrasWT	HrasWT	combined	WT
Thyroid Neoplasm	C0040136	CURATED	45	BRAF,HRAS,KRAS	3	3/63	3/14132	0.0171206382326442	14132	0.0342412764652885	combined_HrasWT	HrasWT	combined	WT
Mouth Neoplasms	C0026640	CURATED	52	HRAS,KRAS,PIK3CA	3	3/63	3/14132	0.0224798359326173	14132	0.0431354903114185	combined_HrasWT	HrasWT	combined	WT
Colorectal Neoplasms	C0009404	CURATED	363	KRAS,PAIP2,PIK3CA,NRAS,BRAF,TFPI2	6	6/63	6/14132	0.0226737833688226	14132	0.0431354903114185	combined_HrasWT	HrasWT	combined	WT
Papillary thyroid carcinoma	C0238463	CURATED	53	NRAS,BRAF,HRAS	3	3/63	3/14132	0.0232952218338465	14132	0.0432625548342863	combined_HrasWT	HrasWT	combined	WT
melanoma	C0025202	CURATED	250	TFPI2,MTAP,NRAS,BRAF,HRAS	5	5/63	5/14132	0.0252453923630079	14132	0.0457939675422004	combined_HrasWT	HrasWT	combined	WT
Liver neoplasms	C0023903	CURATED	146	HRAS,RAF1,BRAF,KRAS	4	4/63	4/14132	0.0273340236850755	14132	0.0484557692599065	combined_HrasWT	HrasWT	combined	WT
Mammary Neoplasms	C1458155	CURATED	524	RAF1,PIK3CA,ELP3,TFPI2,HRAS,ELP1,KRAS	7	7/63	7/14132	0.028844033404587	14132	0.0499963245679509	combined_HrasWT	HrasWT	combined	WT
Squamous cell carcinoma of lung	C0149782	CURATED	67	KRAS,PIK3CA,HRAS	3	3/63	3/14132	0.0359253683236798	14132	0.0609169288966745	combined_HrasWT	HrasWT	combined	WT
Colon Carcinoma	C0699790	CURATED	68	BRAF,PIK3CA,NRAS	3	3/63	3/14132	0.0369096836640449	14132	0.0612543686339468	combined_HrasWT	HrasWT	combined	WT
Adenocarcinoma of lung (disorder)	C0152013	CURATED	286	PIK3CA,RAF1,BRAF,KRAS,HRAS	5	5/63	5/14132	0.0385714726963508	14132	0.06267864313157	combined_HrasWT	HrasWT	combined	WT
Malignant neoplasm of large intestine	C0346629	CURATED	173	KRAS,PIK3CA,BRAF,NRAS	4	4/63	4/14132	0.0419559960281972	14132	0.0667870957183548	combined_HrasWT	HrasWT	combined	WT
Neuroblastoma	C0027819	CURATED	75	HRAS,NRAS,KRAS	3	3/63	3/14132	0.0440838875661363	14132	0.0687708646031726	combined_HrasWT	HrasWT	combined	WT
Non-Small Cell Adenocarcinoma	C1335060	CURATED	197	HRAS,BRAF,KRAS,PIK3CA	4	4/63	4/14132	0.0576488287162296	14132	0.0873313361383457	combined_HrasWT	HrasWT	combined	WT
Neoplasm Invasiveness	C0027626	CURATED	198	ELP1,HRAS,PKM,ELP3	4	4/63	4/14132	0.0583556913222094	14132	0.0873313361383457	combined_HrasWT	HrasWT	combined	WT
Colorectal Carcinoma	C0009402	CURATED	473	KRAS,BRAF,PSMC5,PIK3CA,RASGRF2,NRAS	6	6/63	6/14132	0.0593405232734913	14132	0.0873313361383457	combined_HrasWT	HrasWT	combined	WT
Cardiomyopathy, Hypertrophic, Familial	C0949658	CURATED	99	KRAS,SHOC2,RAF1	3	3/63	3/14132	0.0720477194549466	14132	0.10406892810159	combined_HrasWT	HrasWT	combined	WT
Glioma	C0017638	CURATED	109	BRAF,HRAS,RAF1	3	3/63	3/14132	0.0850162722971196	14132	0.12056853162137	combined_HrasWT	HrasWT	combined	WT
Malignant Glioma	C0555198	CURATED	112	RAF1,HRAS,BRAF	3	3/63	3/14132	0.089036668382931	14132	0.124015359533368	combined_HrasWT	HrasWT	combined	WT
Malignant Squamous Cell Neoplasm	C0751688	CURATED	124	PIK3CA,HRAS,KRAS	3	3/63	3/14132	0.105656780986743	14132	0.144582963455542	combined_HrasWT	HrasWT	combined	WT
Multiple Myeloma	C0026764	CURATED	146	NRAS,BRAF,KRAS	3	3/63	3/14132	0.138021601306012	14132	0.185615256928775	combined_HrasWT	HrasWT	combined	WT
Squamous cell carcinoma	C0007137	CURATED	150	KRAS,PIK3CA,HRAS	3	3/63	3/14132	0.1441240338808	14132	0.190536858350888	combined_HrasWT	HrasWT	combined	WT
Colonic Neoplasms	C0009375	CURATED	160	NDRG2,ID3,KRAS	3	3/63	3/14132	0.159620377519958	14132	0.207506490775946	combined_HrasWT	HrasWT	combined	WT
Hypertrophic Cardiomyopathy	C0007194	CURATED	164	RAF1,LZTR1,BRAF	3	3/63	3/14132	0.165905174495737	14132	0.210704883488077	combined_HrasWT	HrasWT	combined	WT
Mental Retardation	C0025362	CURATED	165	KRAS,ELP2,ARHGEF6	3	3/63	3/14132	0.16748336892642	14132	0.210704883488077	combined_HrasWT	HrasWT	combined	WT
Stomach Neoplasms	C0038356	CURATED	349	PIK3CA,CA2,KRAS,HRAS	4	4/63	4/14132	0.203578359440781	14132	0.236610110121815	combined_HrasWT	HrasWT	combined	WT
Neoplastic Syndromes, Hereditary	C0027672	CURATED	190	PIK3CA,LZTR1,HRAS	3	3/63	3/14132	0.207677386515242	14132	0.236610110121815	combined_HrasWT	HrasWT	combined	WT
Pancreatic Neoplasm	C0030297	CURATED	191	BRAF,TFPI2,KRAS	3	3/63	3/14132	0.209308943569298	14132	0.236610110121815	combined_HrasWT	HrasWT	combined	WT
malignant neoplasm of head of pancreas	C0153458	CURATED	191	BRAF,TFPI2,KRAS	3	3/63	3/14132	0.209308943569298	14132	0.236610110121815	combined_HrasWT	HrasWT	combined	WT
Malignant neoplasm of body of pancreas	C0153459	CURATED	191	BRAF,TFPI2,KRAS	3	3/63	3/14132	0.209308943569298	14132	0.236610110121815	combined_HrasWT	HrasWT	combined	WT
Malignant neoplasm of tail of pancreas	C0153460	CURATED	191	TFPI2,BRAF,KRAS	3	3/63	3/14132	0.209308943569298	14132	0.236610110121815	combined_HrasWT	HrasWT	combined	WT
Malignant neoplasm of other specified sites of pancreas	C0153463	CURATED	191	KRAS,BRAF,TFPI2	3	3/63	3/14132	0.209308943569298	14132	0.236610110121815	combined_HrasWT	HrasWT	combined	WT
Leukemia, Myelocytic, Acute	C0023467	CURATED	210	TFPI2,KRAS,NRAS	3	3/63	3/14132	0.240527940174029	14132	0.268016847622489	combined_HrasWT	HrasWT	combined	WT
Global developmental delay	C0557874	CURATED	388	PIK3CA,ELP4,BRAF,TRAF7	4	4/63	4/14132	0.249430287948434	14132	0.271137330150256	combined_HrasWT	HrasWT	combined	WT
Autism Spectrum Disorders	C1510586	CURATED	572	ALOXE3,LZTR1,ELP4,CA2,MTF1	5	5/63	5/14132	0.250850802298815	14132	0.271137330150256	combined_HrasWT	HrasWT	combined	WT
Malignant neoplasm of urinary bladder	C0005684	CURATED	218	HRAS,PIK3CA,KRAS	3	3/63	3/14132	0.253756732063701	14132	0.271137330150256	combined_HrasWT	HrasWT	combined	WT
Cardiomyopathy, Dilated	C0007193	CURATED	259	LZTR1,RAF1,BRAF	3	3/63	3/14132	0.321535616647517	14132	0.338915920250085	combined_HrasWT	HrasWT	combined	WT
Autistic Disorder	C0004352	CURATED	433	MTF1,LZTR1,HRAS	3	3/63	3/14132	0.579426901612542	14132	0.602603977677044	combined_HrasWT	HrasWT	combined	WT
Malignant neoplasm of breast	C0006142	CURATED	744	KRAS,LZTR1,PIK3CA,RASGRF2	4	4/63	4/14132	0.65160597849077	14132	0.668753504240528	combined_HrasWT	HrasWT	combined	WT
Schizophrenia	C0036341	CURATED	1047	NTS,PIK3CA,LSAMP,CSPG4,PAICS	5	5/63	5/14132	0.695977219344734	14132	0.705015884531029	combined_HrasWT	HrasWT	combined	WT
Intellectual Disability	C3714756	CURATED	694	BRAF,HRAS,MTF1	3	3/63	3/14132	0.822401571861508	14132	0.822401571861508	combined_HrasWT	HrasWT	combined	WT
LEOPARD Syndrome	C0175704	CURATED	9	MAP2K1,RAF1,MAP2K2,BRAF	4	4/186	4/14132	0.000177772705724625	14132	0.01422181645797	combined_MEK2AA	MEK2AA	combined	Inactive
Costello syndrome (disorder)	C0587248	CURATED	13	MAP2K1,MAP2K2,RAF1,BRAF	4	4/186	4/14132	0.000582198819294259	14132	0.0195686910018724	combined_MEK2AA	MEK2AA	combined	Inactive
Cardio-facio-cutaneous syndrome	C1275081	CURATED	14	BRAF,MAP2K1,MAP2K2,RAF1	4	4/186	4/14132	0.000733825912570216	14132	0.0195686910018724	combined_MEK2AA	MEK2AA	combined	Inactive
Noonan Syndrome 1	C4551602	CURATED	21	BRAF,MAP2K1,MAP2K2,RAF1	4	4/186	4/14132	0.00250565612892939	14132	0.0501131225785878	combined_MEK2AA	MEK2AA	combined	Inactive
Noonan syndrome and Noonan-related syndrome	C5681679	CURATED	25	MAP2K1,BRAF,MAP2K2,RAF1	4	4/186	4/14132	0.00416911224936541	14132	0.0667057959898466	combined_MEK2AA	MEK2AA	combined	Inactive
HIV Infections	C0019693	CURATED	127	HSPA9,HSP90AA1,RAB32,HSPH1,HSP90AB1,PSMB4,PSMC5	7	7/186	7/14132	0.00666686930842083	14132	0.0888915907789445	combined_MEK2AA	MEK2AA	combined	Inactive
RASopathy	C5555857	CURATED	32	MAP2K1,BRAF,MAP2K2,RAF1	4	4/186	4/14132	0.00840584882561484	14132	0.0919990218579068	combined_MEK2AA	MEK2AA	combined	Inactive
Noonan Syndrome	C0028326	CURATED	35	MAP2K2,RAF1,BRAF,MAP2K1	4	4/186	4/14132	0.0107777816903278	14132	0.0919990218579068	combined_MEK2AA	MEK2AA	combined	Inactive
Major Depressive Disorder	C1269683	CURATED	229	EIF4B,HSP90AA1,PSMB4,PDLIM5,HSPA1A,HSPA1L,MAP2K1,SGK1,FKBP5	9	9/186	9/14132	0.0109532214392881	14132	0.0919990218579068	combined_MEK2AA	MEK2AA	combined	Inactive
Unipolar Depression	C0041696	CURATED	231	SGK1,HSPA1A,HSP90AA1,PSMB4,HSPA1L,PDLIM5,EIF4B,FKBP5,MAP2K1	9	9/186	9/14132	0.0114998777322383	14132	0.0919990218579068	combined_MEK2AA	MEK2AA	combined	Inactive
Glioma	C0017638	CURATED	109	BRAF,SOD1,MAP2K1,RAF1,FTH1,DMXL1	6	6/186	6/14132	0.0145520992407985	14132	0.0996711122112302	combined_MEK2AA	MEK2AA	combined	Inactive
Parkinson Disease	C0030567	CURATED	153	HSPA1A,MAPK1,SOD1,HSPA9,MTRR,RAB32,HSPA8	7	7/186	7/14132	0.0157634714853974	14132	0.0996711122112302	combined_MEK2AA	MEK2AA	combined	Inactive
Malignant Glioma	C0555198	CURATED	112	DMXL1,FTH1,RAF1,SOD1,BRAF,MAP2K1	6	6/186	6/14132	0.0161965557343249	14132	0.0996711122112302	combined_MEK2AA	MEK2AA	combined	Inactive
Adenocarcinoma of prostate	C0007112	CURATED	20	MAPK1,RAF1,BRAF	3	3/186	3/14132	0.0280229623381198	14132	0.160131213360685	combined_MEK2AA	MEK2AA	combined	Inactive
melanoma	C0025202	CURATED	250	MAPK1,FHIP2A,MAP2K2,HSPA1A,FASN,BRAF,MAP2K1,GLO1	8	8/186	8/14132	0.0475883864445007	14132	0.253804727704003	combined_MEK2AA	MEK2AA	combined	Inactive
Kidney Neoplasm	C0022665	CURATED	36	MAPK1,BRAF,RAF1	3	3/186	3/14132	0.0811281999394639	14132	0.405640999697319	combined_MEK2AA	MEK2AA	combined	Inactive
Prostatic Neoplasms	C0033578	CURATED	660	HSP90AB1,PPP3CA,CDC25C,RAF1,CCNB1,BCAR1,SESN3,HSPA1A,MAP2K2,AKAP13,CSRP1,TMEFF2,MAP2K1,BRAF	14	14/186	14/14132	0.0960426401501228	14132	0.418424791549671	combined_MEK2AA	MEK2AA	combined	Inactive
Recurrent major depressive episodes	C0154409	CURATED	40	FKBP5,HSPA1A,HSPA1L	3	3/186	3/14132	0.0971317485572415	14132	0.418424791549671	combined_MEK2AA	MEK2AA	combined	Inactive
Bipolar Disorder	C0005586	CURATED	483	CSRP1,FKBP5,PGAM1,HSPA5,MAPK1,YWHAZ,HSPA4,YWHAE,YWHAH,PDLIM5,GLO1	11	11/186	11/14132	0.105528576617243	14132	0.418424791549671	combined_MEK2AA	MEK2AA	combined	Inactive
Polycystic Ovary Syndrome	C0032460	CURATED	138	TNRC6B,TMEFF2,ERRFI1,CCNB1,TTK	5	5/186	5/14132	0.109108789400806	14132	0.418424791549671	combined_MEK2AA	MEK2AA	combined	Inactive
Adenocarcinoma of large intestine (disorder)	C1319315	CURATED	88	ARAF,BRAF,RIPK1,MAPK1	4	4/186	4/14132	0.109836507781789	14132	0.418424791549671	combined_MEK2AA	MEK2AA	combined	Inactive
Major depression, single episode (disorder)	C0024517	CURATED	45	FKBP5,HSPA1A,HSPA1L	3	3/186	3/14132	0.11824739840862	14132	0.41982625994805	combined_MEK2AA	MEK2AA	combined	Inactive
Neoplasm Invasiveness	C0027626	CURATED	198	EIF4E,BCAR1,MAPK1,YAP1,FTH1,TP53BP2	6	6/186	6/14132	0.120700049735064	14132	0.41982625994805	combined_MEK2AA	MEK2AA	combined	Inactive
Liver carcinoma	C2239176	CURATED	646	PCLAF,DLGAP5,BRAF,FASN,BUB1,TTK,SOD1,CCNB1,HSPA5,MTRR,YAP1,HSPA9,CDC25C	13	13/186	13/14132	0.145075918151338	14132	0.483586393837794	combined_MEK2AA	MEK2AA	combined	Inactive
Myocardial Ischemia	C0151744	CURATED	338	RTN1,PDGFD,PDLIM5,HSPA2,ID1,MAT2A,HSPA1A,HSPA9	8	8/186	8/14132	0.158723921464667	14132	0.507916548686935	combined_MEK2AA	MEK2AA	combined	Inactive
Adenocarcinoma of lung (disorder)	C0152013	CURATED	286	MAP2K1,KSR2,FASN,RAF1,BRAF,PPP3CA,TIMM10	7	7/186	7/14132	0.176107532938312	14132	0.541869332117883	combined_MEK2AA	MEK2AA	combined	Inactive
Malignant Squamous Cell Neoplasm	C0751688	CURATED	124	HSPA8,MAPK1,KNSTRN,PGAM1	4	4/186	4/14132	0.223870075700904	14132	0.6397704611902	combined_MEK2AA	MEK2AA	combined	Inactive
Squamous cell carcinoma of esophagus	C0279626	CURATED	127	HSPA5,FASN,CAPZA1,GLO1	4	4/186	4/14132	0.234292006122591	14132	0.6397704611902	combined_MEK2AA	MEK2AA	combined	Inactive
Brain Ischemia	C0007786	CURATED	70	MAPK1,MAP2K1,SOD1	3	3/186	3/14132	0.235042350471545	14132	0.6397704611902	combined_MEK2AA	MEK2AA	combined	Inactive
Contact Dermatitis	C0011616	CURATED	71	SOD1,FTH1,HSP90AA1	3	3/186	3/14132	0.239913922946325	14132	0.6397704611902	combined_MEK2AA	MEK2AA	combined	Inactive
Non-Small Cell Adenocarcinoma	C1335060	CURATED	197	FASN,TIMM10,MAP2K1,BRAF,PPP3CA	5	5/186	5/14132	0.261198636522353	14132	0.67406099747704	combined_MEK2AA	MEK2AA	combined	Inactive
Multiple Myeloma	C0026764	CURATED	146	BRAF,YAP1,MTRR,SGK1	4	4/186	4/14132	0.301836052546477	14132	0.735429204720265	combined_MEK2AA	MEK2AA	combined	Inactive
Dysmorphic facies	C0424503	CURATED	84	FASN,MAPK1,MAP2K2	3	3/186	3/14132	0.303364546947109	14132	0.735429204720265	combined_MEK2AA	MEK2AA	combined	Inactive
Squamous cell carcinoma	C0007137	CURATED	150	HSPA8,KNSTRN,PGAM1,MAPK1	4	4/186	4/14132	0.316242665889526	14132	0.744100390328296	combined_MEK2AA	MEK2AA	combined	Inactive
Reperfusion Injury	C0035126	CURATED	95	HSPA1A,HSPA8,SOD1	3	3/186	3/14132	0.356370387698697	14132	0.81456088616845	combined_MEK2AA	MEK2AA	combined	Inactive
Mood Disorders	C0525045	CURATED	168	FKBP5,NTS,HSPA4,HSP90AA1	4	4/186	4/14132	0.380964829144476	14132	0.846588509209947	combined_MEK2AA	MEK2AA	combined	Inactive
Renal Cell Carcinoma	C0007134	CURATED	180	AKAP13,MAP2K1,HSPA9,MAPK1	4	4/186	4/14132	0.423438245440913	14132	0.906163912797832	combined_MEK2AA	MEK2AA	combined	Inactive
ovarian neoplasm	C0919267	CURATED	182	SOD1,YAP1,FASN,MAPK1	4	4/186	4/14132	0.43042785857897	14132	0.906163912797832	combined_MEK2AA	MEK2AA	combined	Inactive
Non-Small Cell Lung Carcinoma	C0007131	CURATED	276	PGAM1,MAP2K1,BRAF,RAF1,CCNB1	5	5/186	5/14132	0.493877789286963	14132	0.951624889347582	combined_MEK2AA	MEK2AA	combined	Inactive
Bladder Neoplasm	C0005695	CURATED	206	SOD1,HSPA1A,FERMT2,TMEFF2	4	4/186	4/14132	0.511550028672899	14132	0.951624889347582	combined_MEK2AA	MEK2AA	combined	Inactive
Mental Depression	C0011570	CURATED	283	FTH1,NTS,FKBP5,SOD1,GLO1	5	5/186	5/14132	0.513501455104124	14132	0.951624889347582	combined_MEK2AA	MEK2AA	combined	Inactive
Obesity	C0028754	CURATED	293	SOD1,FASN,SLC16A7,KSR2,HSPA5	5	5/186	5/14132	0.540921031803937	14132	0.951624889347582	combined_MEK2AA	MEK2AA	combined	Inactive
Chemical and Drug Induced Liver Injury	C4277682	CURATED	374	PDLIM5,MDH1,FASN,OCIAD1,HSPA5,SOD1	6	6/186	6/14132	0.549073129015655	14132	0.951624889347582	combined_MEK2AA	MEK2AA	combined	Inactive
Malignant neoplasm of urinary bladder	C0005684	CURATED	218	FERMT2,SOD1,TMEFF2,HSPA1A	4	4/186	4/14132	0.549795325921163	14132	0.951624889347582	combined_MEK2AA	MEK2AA	combined	Inactive
Colonic Neoplasms	C0009375	CURATED	160	NDRG2,HSPA2,ITGA7	3	3/186	3/14132	0.625371983336438	14132	0.951624889347582	combined_MEK2AA	MEK2AA	combined	Inactive
Carcinoma	C0007097	CURATED	163	SGK1,YWHAZ,PGAM1	3	3/186	3/14132	0.635470532555517	14132	0.951624889347582	combined_MEK2AA	MEK2AA	combined	Inactive
Malignant epithelioma	C0553707	CURATED	163	YWHAZ,SGK1,PGAM1	3	3/186	3/14132	0.635470532555517	14132	0.951624889347582	combined_MEK2AA	MEK2AA	combined	Inactive
Epithelioma	C1368683	CURATED	163	YWHAZ,PGAM1,SGK1	3	3/186	3/14132	0.635470532555517	14132	0.951624889347582	combined_MEK2AA	MEK2AA	combined	Inactive
Diabetes Mellitus, Non-Insulin-Dependent	C0011860	CURATED	331	SOD1,GLO1,KSR2,ID1,BRAF	5	5/186	5/14132	0.637337491344389	14132	0.951624889347582	combined_MEK2AA	MEK2AA	combined	Inactive
Hypertrophic Cardiomyopathy	C0007194	CURATED	164	FASN,RAF1,BRAF	3	3/186	3/14132	0.638789334347113	14132	0.951624889347582	combined_MEK2AA	MEK2AA	combined	Inactive
Endometriosis	C0014175	CURATED	165	FKBP5,ERRFI1,TOB1	3	3/186	3/14132	0.642084510208696	14132	0.951624889347582	combined_MEK2AA	MEK2AA	combined	Inactive
Depressive disorder	C0011581	CURATED	272	FKBP5,SOD1,GLO1,NTS	4	4/186	4/14132	0.698290484085685	14132	0.951624889347582	combined_MEK2AA	MEK2AA	combined	Inactive
Colorectal Neoplasms	C0009404	CURATED	363	YAP1,PAIP2,BUB1,MTRR,BRAF	5	5/186	5/14132	0.707697214776265	14132	0.951624889347582	combined_MEK2AA	MEK2AA	combined	Inactive
hearing impairment	C1384666	CURATED	187	FASN,TPRN,SOD1	3	3/186	3/14132	0.708716787299215	14132	0.951624889347582	combined_MEK2AA	MEK2AA	combined	Inactive
Non-specific syndromic intellectual disability	C5568766	CURATED	367	CSDE1,TNRC6B,YWHAE,SNF8,YWHAZ	5	5/186	5/14132	0.715760829832923	14132	0.951624889347582	combined_MEK2AA	MEK2AA	combined	Inactive
Pancreatic Neoplasm	C0030297	CURATED	191	BCAR1,MTRR,BRAF	3	3/186	3/14132	0.719661165829814	14132	0.951624889347582	combined_MEK2AA	MEK2AA	combined	Inactive
malignant neoplasm of head of pancreas	C0153458	CURATED	191	BRAF,BCAR1,MTRR	3	3/186	3/14132	0.719661165829814	14132	0.951624889347582	combined_MEK2AA	MEK2AA	combined	Inactive
Malignant neoplasm of body of pancreas	C0153459	CURATED	191	MTRR,BRAF,BCAR1	3	3/186	3/14132	0.719661165829814	14132	0.951624889347582	combined_MEK2AA	MEK2AA	combined	Inactive
Malignant neoplasm of tail of pancreas	C0153460	CURATED	191	BCAR1,MTRR,BRAF	3	3/186	3/14132	0.719661165829814	14132	0.951624889347582	combined_MEK2AA	MEK2AA	combined	Inactive
Malignant neoplasm of other specified sites of pancreas	C0153463	CURATED	191	BRAF,MTRR,BCAR1	3	3/186	3/14132	0.719661165829814	14132	0.951624889347582	combined_MEK2AA	MEK2AA	combined	Inactive
Colorectal Carcinoma	C0009402	CURATED	473	BRAF,BUB1,PDGFD,PSMC5,CAMSAP2,STAM	6	6/186	6/14132	0.750488005667961	14132	0.951624889347582	combined_MEK2AA	MEK2AA	combined	Inactive
Heart failure	C0018801	CURATED	207	MAP2K1,FASN,SOD1	3	3/186	3/14132	0.760041432755608	14132	0.951624889347582	combined_MEK2AA	MEK2AA	combined	Inactive
Congestive heart failure	C0018802	CURATED	207	FASN,MAP2K1,SOD1	3	3/186	3/14132	0.760041432755608	14132	0.951624889347582	combined_MEK2AA	MEK2AA	combined	Inactive
Hypertensive disease	C0020538	CURATED	301	SGK1,KSR2,MDH1,SOD1	4	4/186	4/14132	0.761299911478066	14132	0.951624889347582	combined_MEK2AA	MEK2AA	combined	Inactive
Retinitis Pigmentosa	C0035334	CURATED	235	SOD1,SNX17,FTH1	3	3/186	3/14132	0.818699648740268	14132	0.957674905473005	combined_MEK2AA	MEK2AA	combined	Inactive
Schizophrenia	C0036341	CURATED	1047	HSPA1L,NTS,MAPK1,YWHAE,CRMP1,GLO1,MDH1,SNAP29,CDC25C,PDLIM5,HSPA1A,HSPA9	12	12/186	12/14132	0.821234608950817	14132	0.957674905473005	combined_MEK2AA	MEK2AA	combined	Inactive
Neurodevelopmental delay	C4022738	CURATED	238	SPART,TNRC6B,BRAF	3	3/186	3/14132	0.824161469358701	14132	0.957674905473005	combined_MEK2AA	MEK2AA	combined	Inactive
Mammary Neoplasms	C1458155	CURATED	524	RAF1,ARAF,YAP1,TP53BP2,FASN,HSP90AA1	6	6/186	6/14132	0.824373826717563	14132	0.957674905473005	combined_MEK2AA	MEK2AA	combined	Inactive
Autistic Disorder	C0004352	CURATED	433	KSR2,KCTD3,EIF4E,UNC13A,GLO1	5	5/186	5/14132	0.825994605970466	14132	0.957674905473005	combined_MEK2AA	MEK2AA	combined	Inactive
Cardiomyopathy, Dilated	C0007193	CURATED	259	FASN,RAF1,BRAF	3	3/186	3/14132	0.858439621878194	14132	0.97428716229671	combined_MEK2AA	MEK2AA	combined	Inactive
Lung Neoplasms	C0024121	CURATED	269	MAPK1,BRAF,RAF1	3	3/186	3/14132	0.872527633079211	14132	0.97428716229671	combined_MEK2AA	MEK2AA	combined	Inactive
Alcoholic Intoxication, Chronic	C0001973	CURATED	279	FKBP5,NTS,UBAP2	3	3/186	3/14132	0.885321582692871	14132	0.97428716229671	combined_MEK2AA	MEK2AA	combined	Inactive
Global developmental delay	C0557874	CURATED	388	TNRC6B,UBAP2L,BRAF,SPART	4	4/186	4/14132	0.889037035595748	14132	0.97428716229671	combined_MEK2AA	MEK2AA	combined	Inactive
Seizures	C0036572	CURATED	308	KCTD3,YWHAG,PPP3CA	3	3/186	3/14132	0.916026643711952	14132	0.990299074283192	combined_MEK2AA	MEK2AA	combined	Inactive
Stomach Neoplasms	C0038356	CURATED	349	HSPA8,PGAM1,MAPK1	3	3/186	3/14132	0.946541493414167	14132	0.991529057100454	combined_MEK2AA	MEK2AA	combined	Inactive
Microcephaly (physical finding)	C4551563	CURATED	357	MAPK1,YWHAG,SPART	3	3/186	3/14132	0.95111613063443	14132	0.991529057100454	combined_MEK2AA	MEK2AA	combined	Inactive
Intellectual Disability	C3714756	CURATED	694	BRAF,MAPK1,TNRC6C,YWHAG,PPP3CA,WDR37	6	6/186	6/14132	0.954346717459188	14132	0.991529057100454	combined_MEK2AA	MEK2AA	combined	Inactive
Malignant neoplasm of prostate	C0376358	CURATED	629	CCNB1,CDC25C,PCNX1,CD2AP,TMEFF2	5	5/186	5/14132	0.968528590594978	14132	0.99199715340623	combined_MEK2AA	MEK2AA	combined	Inactive
Neurodevelopmental Disorders	C1535926	CURATED	674	PSMC5,FASN,UNC13A,UBAP2L,TNRC6B	5	5/186	5/14132	0.979597188988652	14132	0.99199715340623	combined_MEK2AA	MEK2AA	combined	Inactive
Autism Spectrum Disorders	C1510586	CURATED	572	TNRC6B,MAP2K1,FASN	3	3/186	3/14132	0.996091897586911	14132	0.996091897586911	combined_MEK2AA	MEK2AA	combined	Inactive
Vascular anomaly	C0158570	CURATED	14	HRAS,KRAS,NRAS,RASA1,PIK3R1,BRAF,PIK3CA	7	7/270	7/14132	1.21515849951841e-07	14132	2.32468745264745e-05	combined_NrasQ61R	NrasQ61R	combined	Active
Noonan Syndrome	C0028326	CURATED	35	KRAS,PPP1CB,HRAS,RASA1,SHOC2,NRAS,RAF1,BRAF,LZTR1	9	9/270	9/14132	2.40900254160357e-07	14132	2.32468745264745e-05	combined_NrasQ61R	NrasQ61R	combined	Active
RASopathy	C5555857	CURATED	32	KRAS,NRAS,LZTR1,HRAS,PPP1CB,SHOC2,BRAF,RAF1	8	8/270	8/14132	1.92269104869483e-06	14132	0.000123693124132701	combined_NrasQ61R	NrasQ61R	combined	Active
Costello syndrome (disorder)	C0587248	CURATED	13	SHOC2,NRAS,RAF1,BRAF,HRAS,KRAS	6	6/270	6/14132	2.78514563850562e-06	14132	0.000134383277057896	combined_NrasQ61R	NrasQ61R	combined	Active
Cardio-facio-cutaneous syndrome	C1275081	CURATED	14	KRAS,BRAF,NRAS,HRAS,RAF1,SHOC2	6	6/270	6/14132	4.26493996547995e-06	14132	0.000164626682667526	combined_NrasQ61R	NrasQ61R	combined	Active
Noonan syndrome and Noonan-related syndrome	C5681679	CURATED	25	LZTR1,HRAS,SHOC2,BRAF,KRAS,NRAS,RAF1	7	7/270	7/14132	6.00395374146304e-06	14132	0.000193127178683728	combined_NrasQ61R	NrasQ61R	combined	Active
Noonan Syndrome 1	C4551602	CURATED	21	KRAS,NRAS,LZTR1,HRAS,BRAF,RAF1	6	6/270	6/14132	3.88443031582912e-05	14132	0.00107099292993574	combined_NrasQ61R	NrasQ61R	combined	Active
Epidermal Nevus	C0334082	CURATED	7	HRAS,KRAS,NRAS,PIK3CA	4	4/270	4/14132	0.000228053607082355	14132	0.00550179327086181	combined_NrasQ61R	NrasQ61R	combined	Active
GIANT PIGMENTED HAIRY NEVUS	C1842036	CURATED	8	BRAF,NRAS,RAF1,HRAS	4	4/270	4/14132	0.00035973301680388	14132	0.00694284722431489	combined_NrasQ61R	NrasQ61R	combined	Active
NOONAN SYNDROME 3	C1860991	CURATED	8	KRAS,RAF1,HRAS,SHOC2	4	4/270	4/14132	0.00035973301680388	14132	0.00694284722431489	combined_NrasQ61R	NrasQ61R	combined	Active
Lip and Oral Cavity Carcinoma	C0220641	CURATED	21	RB1,HRAS,PIK3CA,BRAF,PREX2	5	5/270	5/14132	0.000603500887706608	14132	0.0105886973933978	combined_NrasQ61R	NrasQ61R	combined	Active
PROSTATE CANCER, HEREDITARY, 1	C4722327	CURATED	10	NRAS,BRAF,HRAS,KRAS	4	4/270	4/14132	0.000749268416096871	14132	0.0116780729754679	combined_NrasQ61R	NrasQ61R	combined	Active
Endometrial Carcinoma	C0476089	CURATED	39	HRAS,PIK3R1,MSH3,ATM,PIK3CA,BRAF	6	6/270	6/14132	0.000830069355808275	14132	0.0116780729754679	combined_NrasQ61R	NrasQ61R	combined	Active
Glioblastoma	C0017636	CURATED	104	ATM,NOTCH3,RB1,AKT3,CTSB,MGMT,LTBP4,NRAS,LZTR1	9	9/270	9/14132	0.000847114101847412	14132	0.0116780729754679	combined_NrasQ61R	NrasQ61R	combined	Active
Noonan syndrome-like disorder with loose anagen hair	C1843181	CURATED	3	HRAS,SHOC2,PPP1CB	3	3/270	3/14132	0.00107729421354055	14132	0.0138611855475551	combined_NrasQ61R	NrasQ61R	combined	Active
Differentiated Thyroid Gland Carcinoma	C1337013	CURATED	29	BRAF,KRAS,HRAS,NRAS,FOXE1	5	5/270	5/14132	0.00212432253907198	14132	0.0172703317875388	combined_NrasQ61R	NrasQ61R	combined	Active
Penile Neoplasms	C0030849	CURATED	4	HRAS,KRAS,PIK3CA	3	3/270	3/14132	0.00212738692661296	14132	0.0172703317875388	combined_NrasQ61R	NrasQ61R	combined	Active
Megalencephaly cutis marmorata telangiectatica congenita	C1865285	CURATED	4	AKT3,PIK3R2,PIK3CA	3	3/270	3/14132	0.00212738692661296	14132	0.0172703317875388	combined_NrasQ61R	NrasQ61R	combined	Active
Familial cerebral cavernous malformation	C2931263	CURATED	4	PIK3CA,CCM2,KRIT1	3	3/270	3/14132	0.00212738692661296	14132	0.0172703317875388	combined_NrasQ61R	NrasQ61R	combined	Active
Nevus sebaceous	C3854181	CURATED	4	HRAS,NRAS,KRAS	3	3/270	3/14132	0.00212738692661296	14132	0.0172703317875388	combined_NrasQ61R	NrasQ61R	combined	Active
NEVUS, KERATINOCYTIC, NONEPIDERMOLYTIC	C4011754	CURATED	4	HRAS,PIK3CA,NRAS	3	3/270	3/14132	0.00212738692661296	14132	0.0172703317875388	combined_NrasQ61R	NrasQ61R	combined	Active
Nevus Sebaceus of Jadassohn	C4552097	CURATED	4	HRAS,KRAS,NRAS	3	3/270	3/14132	0.00212738692661296	14132	0.0172703317875388	combined_NrasQ61R	NrasQ61R	combined	Active
CAPILLARY MALFORMATION-ARTERIOVENOUS MALFORMATION 1	C4747394	CURATED	4	RASA1,PIK3CA,KRAS	3	3/270	3/14132	0.00212738692661296	14132	0.0172703317875388	combined_NrasQ61R	NrasQ61R	combined	Active
Carcinoma, Endometrioid	C0206687	CURATED	14	PIK3R1,MSH3,HRAS,BRAF	4	4/270	4/14132	0.00214760602539343	14132	0.0172703317875388	combined_NrasQ61R	NrasQ61R	combined	Active
Adult Glioblastoma	C0278878	CURATED	98	NRAS,NOTCH3,LZTR1,RB1,LTBP4,MGMT,AKT3,CTSB	8	8/270	8/14132	0.0027112321019534	14132	0.0201256844491157	combined_NrasQ61R	NrasQ61R	combined	Active
Primary Glioblastoma	C1514422	CURATED	98	NOTCH3,RB1,LTBP4,LZTR1,MGMT,AKT3,CTSB,NRAS	8	8/270	8/14132	0.0027112321019534	14132	0.0201256844491157	combined_NrasQ61R	NrasQ61R	combined	Active
Klippel-Trenaunay-Weber Syndrome	C0022739	CURATED	6	SMOC1,PIK3CA,RASA1	3	3/270	3/14132	0.00518533415696653	14132	0.0366812000964163	combined_NrasQ61R	NrasQ61R	combined	Active
Lung Neoplasms	C0024121	CURATED	269	PDCD4,JUND,CDKN1A,PIK3CA,KRAS,NOTCH3,SLC22A18,HTRA1,BRAF,HRAS,ID3,RAF1,CDKN1B	13	13/270	13/14132	0.00566718542121959	14132	0.0366812000964163	combined_NrasQ61R	NrasQ61R	combined	Active
Basal Cell Neoplasm	C0206710	CURATED	141	CHGA,UBAC2,FSCN1,RASA1,VCAN,RAC3,CSPG4,PIK3CA,RB1	9	9/270	9/14132	0.00570174094762948	14132	0.0366812000964163	combined_NrasQ61R	NrasQ61R	combined	Active
Malignant basal cell tumor	C1368295	CURATED	141	CHGA,UBAC2,CSPG4,RB1,RAC3,RASA1,VCAN,PIK3CA,FSCN1	9	9/270	9/14132	0.00570174094762948	14132	0.0366812000964163	combined_NrasQ61R	NrasQ61R	combined	Active
Pilomyxoid astrocytoma	C1519086	CURATED	7	BRAF,RAF1,KRAS	3	3/270	3/14132	0.00716824637692019	14132	0.0432334859607999	combined_NrasQ61R	NrasQ61R	combined	Active
THYROID CANCER, NONMEDULLARY, 2	C4225426	CURATED	7	NRAS,BRAF,HRAS	3	3/270	3/14132	0.00716824637692019	14132	0.0432334859607999	combined_NrasQ61R	NrasQ61R	combined	Active
Prostatic Neoplasms	C0033578	CURATED	660	HRAS,ID3,CXCR4,RAF1,SSBP2,ATM,PIK3CA,PIK3CD,COL5A1,GDF15,HDAC6,KRAS,MSH3,RB1,CSRP1,PIK3R1,PIK3R2,BRAF,AKT3,CDKN1A,CDKN1B,CHGA,CTSB	23	23/270	23/14132	0.00808337767168552	14132	0.0472755118374335	combined_NrasQ61R	NrasQ61R	combined	Active
LEOPARD Syndrome	C0175704	CURATED	9	RAF1,NRAS,BRAF	3	3/270	3/14132	0.0119822549129823	14132	0.0633213925584147	combined_NrasQ61R	NrasQ61R	combined	Active
Follicular thyroid carcinoma	C0206682	CURATED	9	HRAS,KRAS,NRAS	3	3/270	3/14132	0.0119822549129823	14132	0.0633213925584147	combined_NrasQ61R	NrasQ61R	combined	Active
Carcinoma of lung	C0684249	CURATED	26	SLC22A18,KRAS,BRAF,PIK3CA	4	4/270	4/14132	0.0129593583304882	14132	0.0633213925584147	combined_NrasQ61R	NrasQ61R	combined	Active
Carcinoma	C0007097	CURATED	163	KRAS,RASA1,SGK1,YWHAZ,ID3,COL5A1,PIK3R1,HRAS,RB1	9	9/270	9/14132	0.0131065652006711	14132	0.0633213925584147	combined_NrasQ61R	NrasQ61R	combined	Active
Malignant epithelioma	C0553707	CURATED	163	COL5A1,ID3,RB1,HRAS,KRAS,YWHAZ,SGK1,PIK3R1,RASA1	9	9/270	9/14132	0.0131065652006711	14132	0.0633213925584147	combined_NrasQ61R	NrasQ61R	combined	Active
Epithelioma	C1368683	CURATED	163	ID3,PIK3R1,HRAS,KRAS,COL5A1,YWHAZ,RB1,RASA1,SGK1	9	9/270	9/14132	0.0131065652006711	14132	0.0633213925584147	combined_NrasQ61R	NrasQ61R	combined	Active
Adult Cholangiocarcinoma	C0280725	CURATED	48	PREX2,ASPH,BRAF,KRAS,MGMT	5	5/270	5/14132	0.0131236046753191	14132	0.0633213925584147	combined_NrasQ61R	NrasQ61R	combined	Active
Adenocarcinoma of breast	C0858252	CURATED	10	KRAS,SLC22A18,PIK3CA	3	3/270	3/14132	0.0147905015372036	14132	0.0679658761114357	combined_NrasQ61R	NrasQ61R	combined	Active
Cavernous Hemangioma of Brain	C2919945	CURATED	10	CCM2,KRIT1,PIK3CA	3	3/270	3/14132	0.0147905015372036	14132	0.0679658761114357	combined_NrasQ61R	NrasQ61R	combined	Active
Diffuse Midline Glioma, H3 K27-Altered	C5669877	CURATED	28	BRAF,LZTR1,MSH3,ATM	4	4/270	4/14132	0.0158792909694217	14132	0.0712721664441488	combined_NrasQ61R	NrasQ61R	combined	Active
Cholangiocarcinoma	C0206698	CURATED	52	PREX2,KRAS,ASPH,MGMT,BRAF	5	5/270	5/14132	0.0172139361145505	14132	0.0755065834115512	combined_NrasQ61R	NrasQ61R	combined	Active
Rectal Neoplasms	C0034885	CURATED	11	NRAS,CDKN1B,PIK3CA	3	3/270	3/14132	0.0178515606201131	14132	0.0765633599929294	combined_NrasQ61R	NrasQ61R	combined	Active
Papillary thyroid carcinoma	C0238463	CURATED	53	FOXE1,ATM,NRAS,BRAF,HRAS	5	5/270	5/14132	0.0183472342329394	14132	0.076978613194724	combined_NrasQ61R	NrasQ61R	combined	Active
Leukemia, Myelocytic, Acute	C0023467	CURATED	210	RAC2,TCEA2,CXCR4,RAC3,MN1,ATP1B1,CDKN1B,KRAS,NRAS,SGK1	10	10/270	10/14132	0.0197206259643121	14132	0.0809804427896222	combined_NrasQ61R	NrasQ61R	combined	Active
Malignant Glioma	C0555198	CURATED	112	MGMT,RAF1,CDKN1A,HRAS,BRAF,MDK,ATM	7	7/270	7/14132	0.020470356925277	14132	0.0823078934703845	combined_NrasQ61R	NrasQ61R	combined	Active
Liver neoplasms	C0023903	CURATED	146	CDKN1A,HRAS,RAF1,BRAF,ADAMTS17,CDKN1B,KRAS,ACOT1	8	8/270	8/14132	0.0221028637719649	14132	0.0870582185303925	combined_NrasQ61R	NrasQ61R	combined	Active
Non-specific syndromic intellectual disability	C5568766	CURATED	367	ADGRL1,SETD5,ARHGEF6,DPYSL5,RALGDS,GIGYF1,RAC3,YWHAE,BRSK2,SHANK2,AGO2,KCNQ2,MBD5,YWHAZ	14	14/270	14/14132	0.0243746340788989	14132	0.0940860875445497	combined_NrasQ61R	NrasQ61R	combined	Active
Kidney Neoplasm	C0022665	CURATED	36	BRAF,RAF1,CDKN1B,RASSF5	4	4/270	4/14132	0.0309699445517958	14132	0.114946140355704	combined_NrasQ61R	NrasQ61R	combined	Active
Malignant neoplasm of lung	C0242379	CURATED	36	KRAS,PIK3CA,BRAF,ATM	4	4/270	4/14132	0.0309699445517958	14132	0.114946140355704	combined_NrasQ61R	NrasQ61R	combined	Active
Malignant neoplasm of endometrium	C0007103	CURATED	37	PIK3CD,MSH3,ATM,PIK3R1	4	4/270	4/14132	0.0332399766004659	14132	0.121043688375281	combined_NrasQ61R	NrasQ61R	combined	Active
Non-Small Cell Lung Carcinoma	C0007131	CURATED	276	NOTCH3,NRAS,RB1,CHGA,KRAS,HRAS,BRAF,RAF1,MSH3,ATM,PIK3CA	11	11/270	11/14132	0.0396576858085196	14132	0.141739506686005	combined_NrasQ61R	NrasQ61R	combined	Active
Dandy-Walker Syndrome	C0010964	CURATED	19	BRAF,DPYSL5,PPP1CB	3	3/270	3/14132	0.050231179511955	14132	0.176151392410382	combined_NrasQ61R	NrasQ61R	combined	Active
melanoma	C0025202	CURATED	250	RB1,AKT3,ATM,GDF15,NRAS,BRAF,HDAC6,HRAS,RAC2,COL2A1	10	10/270	10/14132	0.0511112848444633	14132	0.176151392410382	combined_NrasQ61R	NrasQ61R	combined	Active
Dementia, Vascular	C0011269	CURATED	45	CCM2,NOTCH3,HTRA1,KRIT1	4	4/270	4/14132	0.0543789561431795	14132	0.17771794114382	combined_NrasQ61R	NrasQ61R	combined	Active
Adenocarcinoma of prostate	C0007112	CURATED	20	RAF1,AKT3,BRAF	3	3/270	3/14132	0.0551256905872751	14132	0.17771794114382	combined_NrasQ61R	NrasQ61R	combined	Active
Malignant neoplasm of gallbladder	C0153452	CURATED	20	PIK3CA,BRAF,KRAS	3	3/270	3/14132	0.0551256905872751	14132	0.17771794114382	combined_NrasQ61R	NrasQ61R	combined	Active
Neuroblastoma	C0027819	CURATED	75	RASSF5,HRAS,NRAS,KRAS,LMO1	5	5/270	5/14132	0.0552491008737265	14132	0.17771794114382	combined_NrasQ61R	NrasQ61R	combined	Active
Malignant neoplasm of prostate	C0376358	CURATED	629	RB1,ARAP3,VCAN,PIK3CA,FBN2,SSBP2,CHGA,PREX2,FBH1,ATM,TMEM94,ARHGEF40,COL5A1,PIK3R1,CXCR4,NOTCH3,RAC2,AKT3,VKORC1L1	19	19/270	19/14132	0.0574971384819648	14132	0.180162630988627	combined_NrasQ61R	NrasQ61R	combined	Active
Glioma	C0017638	CURATED	109	MDK,BRAF,MGMT,HRAS,RAF1,CDKN1A	6	6/270	6/14132	0.057876078348678	14132	0.180162630988627	combined_NrasQ61R	NrasQ61R	combined	Active
Transient Ischemic Attack	C0007787	CURATED	22	NDRG2,BCL2L2,NOTCH3	3	3/270	3/14132	0.0653861593597485	14132	0.197180136819242	combined_NrasQ61R	NrasQ61R	combined	Active
Arteriovenous Malformations, Cerebral	C0917804	CURATED	22	BRAF,PREX2,KRAS	3	3/270	3/14132	0.0653861593597485	14132	0.197180136819242	combined_NrasQ61R	NrasQ61R	combined	Active
Squamous cell carcinoma	C0007137	CURATED	150	KRAS,RB1,ATM,PIK3CA,RASA1,HRAS,NOTCH3	7	7/270	7/14132	0.0680706744417076	14132	0.202117541034609	combined_NrasQ61R	NrasQ61R	combined	Active
Hydrops Fetalis, Non-Immune	C0455988	CURATED	50	HRAS,KRAS,LZTR1,SHOC2	4	4/270	4/14132	0.0701527745623391	14132	0.205143719553507	combined_NrasQ61R	NrasQ61R	combined	Active
Malignant tumor of colon	C0007102	CURATED	52	AKT3,ATM,HTRA1,BRAF	4	4/270	4/14132	0.0769773724700383	14132	0.218479895392903	combined_NrasQ61R	NrasQ61R	combined	Active
Mouth Neoplasms	C0026640	CURATED	52	HRAS,KRAS,MGMT,PIK3CA	4	4/270	4/14132	0.0769773724700383	14132	0.218479895392903	combined_NrasQ61R	NrasQ61R	combined	Active
Bipolar Disorder	C0005586	CURATED	483	CPLX2,CPLX1,CSRP1,CACNB2,SHANK2,SSBP2,KCNQ2,MBD5,YWHAZ,DCLK1,LHX5,VGF,YWHAE,YWHAH,HDAC5	15	15/270	15/14132	0.0802850293813625	14132	0.224565372037724	combined_NrasQ61R	NrasQ61R	combined	Active
Brugada Syndrome (disorder)	C1142166	CURATED	54	COL5A1,HCN4,DEPDC5,CACNB2	4	4/270	4/14132	0.0840816129452374	14132	0.231825018549012	combined_NrasQ61R	NrasQ61R	combined	Active
Juvenile Myelomonocytic Leukemia	C0349639	CURATED	26	NRAS,KRAS,RAC2	3	3/270	3/14132	0.0875815970267975	14132	0.231957841231578	combined_NrasQ61R	NrasQ61R	combined	Active
Lymphoid neoplasm (morphologic abnormality)	C0598798	CURATED	26	NRAS,KRAS,RAC2	3	3/270	3/14132	0.0875815970267975	14132	0.231957841231578	combined_NrasQ61R	NrasQ61R	combined	Active
Autosomal dominant non-syndromic intellectual disability	C5680502	CURATED	55	KCNQ2,BRSK2,MBD5,YWHAZ	4	4/270	4/14132	0.0877353492741203	14132	0.231957841231578	combined_NrasQ61R	NrasQ61R	combined	Active
Malignant Squamous Cell Neoplasm	C0751688	CURATED	124	ATM,PIK3CA,RASA1,NOTCH3,HRAS,KRAS	6	6/270	6/14132	0.0892062061662227	14132	0.232659429595689	combined_NrasQ61R	NrasQ61R	combined	Active
Marfan Syndrome	C0024796	CURATED	27	FBN2,COL2A1,COL5A1	3	3/270	3/14132	0.0934379562446028	14132	0.237283230989584	combined_NrasQ61R	NrasQ61R	combined	Active
Sezary Syndrome	C0036920	CURATED	27	BRAF,RB1,CDKN1B	3	3/270	3/14132	0.0934379562446028	14132	0.237283230989584	combined_NrasQ61R	NrasQ61R	combined	Active
Squamous cell carcinoma of esophagus	C0279626	CURATED	127	CDKN1A,PLCE1,HTRA1,RB1,MGMT,NOTCH3	6	6/270	6/14132	0.0963515892316747	14132	0.241504632749522	combined_NrasQ61R	NrasQ61R	combined	Active
Adenocarcinoma of lung (disorder)	C0152013	CURATED	286	RASA1,RB1,MSH3,ATM,PIK3CA,RAF1,BRAF,HTRA1,KRAS,HRAS	10	10/270	10/14132	0.0984140381062811	14132	0.241825328506507	combined_NrasQ61R	NrasQ61R	combined	Active
Atrial Fibrillation	C0004238	CURATED	166	HCN4,CEP68,KCNA5,CDKN1A,NUCKS1,MBD5,SLC27A6	7	7/270	7/14132	0.0989854971606946	14132	0.241825328506507	combined_NrasQ61R	NrasQ61R	combined	Active
Cardiac Arrhythmia	C0003811	CURATED	59	ATP1B1,HCN4,COL5A1,KCNA5	4	4/270	4/14132	0.102996165786279	14132	0.245410617243849	combined_NrasQ61R	NrasQ61R	combined	Active
Cerebrovascular accident	C0038454	CURATED	59	NOTCH3,PRKAG2,F5,PIK3CA	4	4/270	4/14132	0.102996165786279	14132	0.245410617243849	combined_NrasQ61R	NrasQ61R	combined	Active
Familial thoracic aortic aneurysm and aortic dissection	C4707243	CURATED	60	HCN4,COL5A1,THSD4,FBN2	4	4/270	4/14132	0.106965881925534	14132	0.251761161117415	combined_NrasQ61R	NrasQ61R	combined	Active
Liver carcinoma	C2239176	CURATED	646	GDF15,CSPG4,GNAZ,BRAF,RB1,IRS2,NRAS,ARID3A,KRAS,ATM,NOTCH3,DEPDC5,CDKN1B,GNAO1,HRAS,KIFC1,PIK3CA,LZTR1	18	18/270	18/14132	0.113599963642587	14132	0.263091145223838	combined_NrasQ61R	NrasQ61R	combined	Active
Malignant neoplasm of large intestine	C0346629	CURATED	173	KRAS,PIK3R1,PIK3CA,BRAF,PIK3CD,ATM,NRAS	7	7/270	7/14132	0.11450599066737	14132	0.263091145223838	combined_NrasQ61R	NrasQ61R	combined	Active
Mixed bipolar I disorder	C0236780	CURATED	98	CPLX2,SHANK2,HDAC5,CPLX1,SSBP2	5	5/270	5/14132	0.118094385311412	14132	0.268143721942382	combined_NrasQ61R	NrasQ61R	combined	Active
Bipolar I disorder, most recent episode manic (disorder)	C0024713	CURATED	99	CPLX1,CPLX2,SHANK2,SSBP2,HDAC5	5	5/270	5/14132	0.121333295163712	14132	0.268679224539681	combined_NrasQ61R	NrasQ61R	combined	Active
Cardiomyopathy, Dilated	C0007193	CURATED	259	PRKAG2,CACNB2,HCN4,LZTR1,HDAC6,ATM,RAF1,FBN2,BRAF	9	9/270	9/14132	0.124042035035121	14132	0.268679224539681	combined_NrasQ61R	NrasQ61R	combined	Active
Lymphoma	C0024299	CURATED	32	RAC2,NRAS,KRAS	3	3/270	3/14132	0.124242262791336	14132	0.268679224539681	combined_NrasQ61R	NrasQ61R	combined	Active
Malignant neoplasm of urinary bladder	C0005684	CURATED	218	HRAS,PIK3CA,CDKN1A,ATM,RB1,LOXL4,KRAS,MGMT	8	8/270	8/14132	0.124942062974221	14132	0.268679224539681	combined_NrasQ61R	NrasQ61R	combined	Active
Global developmental delay	C0557874	CURATED	388	FBN2,SETD5,MYO19,CEP104,PIK3CA,AKT3,KCNQ2,MBD5,BRAF,ATP1B1,ADGRL1,SHANK2	12	12/270	12/14132	0.125290830096224	14132	0.268679224539681	combined_NrasQ61R	NrasQ61R	combined	Active
Stomach Neoplasms	C0038356	CURATED	349	PIK3CA,KRAS,ATM,CDKN1B,CDKN1A,PRDX5,CXCR4,IRS2,TXNIP,HRAS,PLCE1	11	11/270	11/14132	0.132730778227863	14132	0.278661881287104	combined_NrasQ61R	NrasQ61R	combined	Active
Autism Spectrum Disorders	C1510586	CURATED	572	PARD3B,SETD5,CACNB2,LZTR1,SHANK2,KIFC1,FBN2,AFDN,CEP104,GIGYF1,LOXL4,CYP2S1,NOTCH3,MBD5,SCRIB,KCNQ2	16	16/270	16/14132	0.134110728162846	14132	0.278661881287104	combined_NrasQ61R	NrasQ61R	combined	Active
ovarian neoplasm	C0919267	CURATED	182	HDAC6,PIK3CA,RB1,CDKN1B,KRAS,ATM,PPP1CC	7	7/270	7/14132	0.136146648624634	14132	0.278661881287104	combined_NrasQ61R	NrasQ61R	combined	Active
Squamous cell carcinoma of lung	C0149782	CURATED	67	KRAS,ATM,PIK3CA,HRAS	4	4/270	4/14132	0.136323836183002	14132	0.278661881287104	combined_NrasQ61R	NrasQ61R	combined	Active
Tachycardia, Ventricular	C0042514	CURATED	34	HCN4,PRKAG2,RAF1	3	3/270	3/14132	0.137165174726813	14132	0.278661881287104	combined_NrasQ61R	NrasQ61R	combined	Active
Diffuse Large B-Cell Lymphoma	C0079744	CURATED	68	PIK3CA,PIK3CD,TXNIP,BRAF	4	4/270	4/14132	0.14072458056219	14132	0.278750126125316	combined_NrasQ61R	NrasQ61R	combined	Active
Colon Carcinoma	C0699790	CURATED	68	BRAF,PIK3CA,ATM,NRAS	4	4/270	4/14132	0.14072458056219	14132	0.278750126125316	combined_NrasQ61R	NrasQ61R	combined	Active
Depression, Bipolar	C0005587	CURATED	105	SSBP2,CPLX2,HDAC5,SHANK2,CPLX1	5	5/270	5/14132	0.141541514820109	14132	0.278750126125316	combined_NrasQ61R	NrasQ61R	combined	Active
Lynch Syndrome	C4552100	CURATED	35	KRAS,MSH3,PIK3CA	3	3/270	3/14132	0.143733692455382	14132	0.280208107514028	combined_NrasQ61R	NrasQ61R	combined	Active
Microcephaly (physical finding)	C4551563	CURATED	357	SCRIB,GNAO1,SETD5,YWHAG,AKT3,MMAA,ATM,MBD5,SCARF2,FRMD4A,CCDC88A	11	11/270	11/14132	0.147055986278274	14132	0.282550188659077	combined_NrasQ61R	NrasQ61R	combined	Active
Multiple Myeloma	C0026764	CURATED	146	NRAS,PIK3R2,BRAF,ATM,KRAS,SGK1	6	6/270	6/14132	0.147863052096201	14132	0.282550188659077	combined_NrasQ61R	NrasQ61R	combined	Active
Neoplastic Syndromes, Hereditary	C0027672	CURATED	190	CDKN1B,MSH3,PIK3CA,RB1,LZTR1,HRAS,ATM	7	7/270	7/14132	0.156876614410643	14132	0.291466778609136	combined_NrasQ61R	NrasQ61R	combined	Active
Cardiomyopathy, Familial Hypertrophic, 1	C3495498	CURATED	37	LZTR1,RAF1,PRKAG2	3	3/270	3/14132	0.15705981852513	14132	0.291466778609136	combined_NrasQ61R	NrasQ61R	combined	Active
Immunodeficiency Disorder, Inherited	C5197805	CURATED	37	PIK3CD,PIK3R1,CXCR4	3	3/270	3/14132	0.15705981852513	14132	0.291466778609136	combined_NrasQ61R	NrasQ61R	combined	Active
Substance-Related Disorders	C0236969	CURATED	110	ATP1B1,THSD4,CHD1L,DOCK1,FRMD4A	5	5/270	5/14132	0.15932742697428	14132	0.292858984819391	combined_NrasQ61R	NrasQ61R	combined	Active
Scoliosis, unspecified	C0036439	CURATED	39	COL2A1,FBN2,COL5A1	3	3/270	3/14132	0.170606587566925	14132	0.310632749060534	combined_NrasQ61R	NrasQ61R	combined	Active
Non-Small Cell Adenocarcinoma	C1335060	CURATED	197	HTRA1,RASA1,MSH3,HRAS,BRAF,KRAS,PIK3CA	7	7/270	7/14132	0.176078726566802	14132	0.317599946050399	combined_NrasQ61R	NrasQ61R	combined	Active
Malignant neoplasm of breast	C0006142	CURATED	744	KCNA5,KRAS,LZTR1,MGMT,PIK3CA,TNS1,ARAP3,CDKN1B,TMTC4,ACY1,ATM,PRDX5,PDCD4,SCARF2,RAC2,RGL1,GPC1,F5,SLC22A18	19	19/270	19/14132	0.180709410901163	14132	0.322934410221522	combined_NrasQ61R	NrasQ61R	combined	Active
Other cataract	C0029531	CURATED	41	NDRG2,COL2A1,ATM	3	3/270	3/14132	0.184338396230238	14132	0.32514155390271	combined_NrasQ61R	NrasQ61R	combined	Active
Hereditary Breast and Ovarian Cancer Syndrome	C0677776	CURATED	158	COL2A1,ATM,CHD1L,ID3,KRAS,RALGDS	6	6/270	6/14132	0.185313839011908	14132	0.32514155390271	combined_NrasQ61R	NrasQ61R	combined	Active
Colonic Neoplasms	C0009375	CURATED	160	NDRG2,CDKN1A,ID3,F5,KRAS,ATM	6	6/270	6/14132	0.191870206824554	14132	0.333612161415665	combined_NrasQ61R	NrasQ61R	combined	Active
Small cell carcinoma of lung	C0149925	CURATED	80	PIK3R1,ATM,RB1,INSM1	4	4/270	4/14132	0.19680307117041	14132	0.339044591679632	combined_NrasQ61R	NrasQ61R	combined	Active
Short stature	C0349588	CURATED	162	CHD1L,ACAN,RASA3,FBN2,COL2A1,LZTR1	6	6/270	6/14132	0.198507973366831	14132	0.339044591679632	combined_NrasQ61R	NrasQ61R	combined	Active
Adenocarcinoma	C0001418	CURATED	121	PLCE1,ID3,ATM,PIK3CA,KRAS	5	5/270	5/14132	0.201056494465769	14132	0.339152038487795	combined_NrasQ61R	NrasQ61R	combined	Active
Bladder Neoplasm	C0005695	CURATED	206	MGMT,KRAS,ATM,LOXL4,HRAS,RB1,CDKN1A	7	7/270	7/14132	0.202085411534179	14132	0.339152038487795	combined_NrasQ61R	NrasQ61R	combined	Active
Hypertrophic Cardiomyopathy	C0007194	CURATED	164	RAF1,LZTR1,PRKAG2,BRAF,CACNB2,HCN4	6	6/270	6/14132	0.205223859441133	14132	0.341450042001195	combined_NrasQ61R	NrasQ61R	combined	Active
Mental Retardation	C0025362	CURATED	165	LAMA1,KRAS,GAMT,RALGDS,ARHGEF6,SHANK2	6	6/270	6/14132	0.208610063439706	14132	0.344117455075754	combined_NrasQ61R	NrasQ61R	combined	Active
Thyroid Neoplasm	C0040136	CURATED	45	BRAF,HRAS,KRAS	3	3/270	3/14132	0.212226396544863	14132	0.34711605536575	combined_NrasQ61R	NrasQ61R	combined	Active
Diabetic Nephropathy	C0011881	CURATED	46	CDKN1A,TXNIP,MDK	3	3/270	3/14132	0.219264780673721	14132	0.355614308151496	combined_NrasQ61R	NrasQ61R	combined	Active
Malignant neoplasm of upper lobe, bronchus or lung	C0024624	CURATED	87	PIK3CA,SLC22A18,KRAS,BRAF	4	4/270	4/14132	0.231669242002963	14132	0.35979385101116	combined_NrasQ61R	NrasQ61R	combined	Active
Malignant neoplasm of middle lobe, bronchus or lung	C0153491	CURATED	87	KRAS,BRAF,SLC22A18,PIK3CA	4	4/270	4/14132	0.231669242002963	14132	0.35979385101116	combined_NrasQ61R	NrasQ61R	combined	Active
Malignant neoplasm of lower lobe, bronchus or lung	C0153492	CURATED	87	PIK3CA,KRAS,SLC22A18,BRAF	4	4/270	4/14132	0.231669242002963	14132	0.35979385101116	combined_NrasQ61R	NrasQ61R	combined	Active
Malignant neoplasm of other parts of bronchus or lung	C0153493	CURATED	87	KRAS,PIK3CA,SLC22A18,BRAF	4	4/270	4/14132	0.231669242002963	14132	0.35979385101116	combined_NrasQ61R	NrasQ61R	combined	Active
Developmental and epileptic encephalopathy	C5779964	CURATED	48	DEPDC5,KCNQ2,GNAO1	3	3/270	3/14132	0.233396810179388	14132	0.35979385101116	combined_NrasQ61R	NrasQ61R	combined	Active
Breast Cancer, Familial	C0346153	CURATED	88	ATM,PIK3CA,PIK3R3,KRAS	4	4/270	4/14132	0.236742974802206	14132	0.35979385101116	combined_NrasQ61R	NrasQ61R	combined	Active
Adenocarcinoma of large intestine (disorder)	C1319315	CURATED	88	ARAF,ATM,MATK,BRAF	4	4/270	4/14132	0.236742974802206	14132	0.35979385101116	combined_NrasQ61R	NrasQ61R	combined	Active
Seizures	C0036572	CURATED	308	ATM,YWHAG,PIK3CA,ADGRL1,HTRA1,KCNQ2,PIK3R2,MBD5,DEPDC5	9	9/270	9/14132	0.237107934863971	14132	0.35979385101116	combined_NrasQ61R	NrasQ61R	combined	Active
Malignant neoplasm of pancreatic duct	C0153461	CURATED	49	KRAS,MGMT,NOTCH3	3	3/270	3/14132	0.240483972955646	14132	0.35979385101116	combined_NrasQ61R	NrasQ61R	combined	Active
Carcinoma, Pancreatic Ductal	C0887833	CURATED	49	KRAS,MGMT,NOTCH3	3	3/270	3/14132	0.240483972955646	14132	0.35979385101116	combined_NrasQ61R	NrasQ61R	combined	Active
Colorectal Neoplasms	C0009404	CURATED	363	KRAS,ATM,PIK3CD,FBN2,LAMA1,PIK3CA,NRAS,SFRP5,BRAF,DCLK1	10	10/270	10/14132	0.259328370745723	14132	0.385002888876343	combined_NrasQ61R	NrasQ61R	combined	Active
Myelodysplasias, Hematopoetic	C2713368	CURATED	52	CDKN1B,NRAS,KRAS	3	3/270	3/14132	0.261793569420416	14132	0.385695869451452	combined_NrasQ61R	NrasQ61R	combined	Active
Endometrial Neoplasms	C0014170	CURATED	94	PIK3R1,PIK3CD,MSH3,ATM	4	4/270	4/14132	0.267546617116068	14132	0.390213074130389	combined_NrasQ61R	NrasQ61R	combined	Active
Gastric Adenocarcinoma	C0278701	CURATED	53	DCLK1,ATM,PLCE1	3	3/270	3/14132	0.268903310152029	14132	0.390213074130389	combined_NrasQ61R	NrasQ61R	combined	Active
Malignant neoplasm of ovary	C1140680	CURATED	139	PIK3CA,BRAF,RB1,ATM,CDKN1B	5	5/270	5/14132	0.275021500225831	14132	0.396113056295414	combined_NrasQ61R	NrasQ61R	combined	Active
Adenoid Cystic Carcinoma	C0010606	CURATED	97	VCAN,ATM,HRAS,PIK3CA	4	4/270	4/14132	0.283125791807689	14132	0.404765020880622	combined_NrasQ61R	NrasQ61R	combined	Active
Neoplasms, Bone Tissue	C0206639	CURATED	56	HDAC6,CXCR4,RB1	3	3/270	3/14132	0.290215186517249	14132	0.411849492631096	combined_NrasQ61R	NrasQ61R	combined	Active
Cardiomyopathy, Hypertrophic, Familial	C0949658	CURATED	99	KRAS,SHOC2,PRKAG2,RAF1	4	4/270	4/14132	0.293556185368317	14132	0.413549954569965	combined_NrasQ61R	NrasQ61R	combined	Active
Mammary Neoplasms	C1458155	CURATED	524	RAF1,PIK3CA,HRAS,ARAF,NOTCH3,SLC22A18,KRAS,LLGL1,RB1,SFRP5,CXCR4,CDKN1B,ATM	13	13/270	13/14132	0.301199355523843	14132	0.421242576928273	combined_NrasQ61R	NrasQ61R	combined	Active
Developmental Disabilities	C0008073	CURATED	149	KCNQ2,LZTR1,DEPDC5,SETD5,GIT1	5	5/270	5/14132	0.317928203394888	14132	0.439077620456033	combined_NrasQ61R	NrasQ61R	combined	Active
Osteosarcoma	C0029463	CURATED	60	HDAC6,RB1,CXCR4	3	3/270	3/14132	0.318501900848936	14132	0.439077620456033	combined_NrasQ61R	NrasQ61R	combined	Active
Schizophrenia	C0036341	CURATED	1047	PARD3B,LAMA1,CPLX2,KCNQ2,RAPGEF6,CHGA,YWHAE,CACNB2,DCLK1,CSPG5,CPLX1,CRMP1,MDK,PIK3CA,PTPRZ1,GNAO1,PIK3CD,MBD5,SNCB,ARHGAP18,LSAMP,ATM,CSPG4	23	23/270	23/14132	0.352340447154587	14132	0.482281604970463	combined_NrasQ61R	NrasQ61R	combined	Active
Malignant neoplasm of stomach	C0024623	CURATED	111	ATM,CXCR4,PIK3CA,KRAS	4	4/270	4/14132	0.356375902383549	14132	0.484370064507218	combined_NrasQ61R	NrasQ61R	combined	Active
Endometriosis	C0014175	CURATED	165	TXNIP,ARHGAP28,VCAN,KRAS,TMT1A	5	5/270	5/14132	0.387371366995835	14132	0.509132108721358	combined_NrasQ61R	NrasQ61R	combined	Active
Mesothelioma malignant advanced	C0278752	CURATED	117	AGO2,MDK,RAF1,CDKN1A	4	4/270	4/14132	0.38759352747684	14132	0.509132108721358	combined_NrasQ61R	NrasQ61R	combined	Active
Diffuse malignant mesothelioma	C0392400	CURATED	117	CDKN1A,AGO2,RAF1,MDK	4	4/270	4/14132	0.38759352747684	14132	0.509132108721358	combined_NrasQ61R	NrasQ61R	combined	Active
Asbestos-Related Malignant Mesothelioma	C1332338	CURATED	117	CDKN1A,MDK,RAF1,AGO2	4	4/270	4/14132	0.38759352747684	14132	0.509132108721358	combined_NrasQ61R	NrasQ61R	combined	Active
Brain Ischemia	C0007786	CURATED	70	F5,MDK,RB1	3	3/270	3/14132	0.387784559492433	14132	0.509132108721358	combined_NrasQ61R	NrasQ61R	combined	Active
Malignant mesothelioma	C0345967	CURATED	118	RAF1,MDK,CDKN1A,AGO2	4	4/270	4/14132	0.39276492352633	14132	0.51218669081474	combined_NrasQ61R	NrasQ61R	combined	Active
Prostate cancer, familial	C2931456	CURATED	73	ATM,BCL2L11,CDKN1B	3	3/270	3/14132	0.40799219589966	14132	0.528473112809627	combined_NrasQ61R	NrasQ61R	combined	Active
Colorectal Carcinoma	C0009402	CURATED	473	KRAS,RALGDS,BRAF,GDAP1L1,PREX2,MSH3,ARAP3,PIK3CA,CORO2B,CACNB2,NRAS	11	11/270	11/14132	0.417529861407434	14132	0.537221755010899	combined_NrasQ61R	NrasQ61R	combined	Active
Malignant neoplasm of body of stomach	C0153421	CURATED	77	PIK3CA,CXCR4,KRAS	3	3/270	3/14132	0.434421229865193	14132	0.547995407607727	combined_NrasQ61R	NrasQ61R	combined	Active
Malignant tumor of lesser curve of stomach	C0153422	CURATED	77	PIK3CA,KRAS,CXCR4	3	3/270	3/14132	0.434421229865193	14132	0.547995407607727	combined_NrasQ61R	NrasQ61R	combined	Active
Malignant tumor of greater curve of stomach	C0153423	CURATED	77	KRAS,PIK3CA,CXCR4	3	3/270	3/14132	0.434421229865193	14132	0.547995407607727	combined_NrasQ61R	NrasQ61R	combined	Active
Gilles de la Tourette syndrome	C0040517	CURATED	83	LLGL1,HCN4,HDAC5	3	3/270	3/14132	0.472840021380804	14132	0.592585221600618	combined_NrasQ61R	NrasQ61R	combined	Active
Optic Atrophy	C0029124	CURATED	189	COL2A1,PHYH,RB1,LAMA1,RP9	5	5/270	5/14132	0.489212029914488	14132	0.60801721316615	combined_NrasQ61R	NrasQ61R	combined	Active
Epileptic encephalopathy	C0543888	CURATED	86	KCNQ2,DEPDC5,GNAO1	3	3/270	3/14132	0.491454327740515	14132	0.60801721316615	combined_NrasQ61R	NrasQ61R	combined	Active
Connective Tissue Diseases	C0009782	CURATED	87	COL2A1,COL5A1,FBN2	3	3/270	3/14132	0.497566917993163	14132	0.611327610569126	combined_NrasQ61R	NrasQ61R	combined	Active
Severe myopia	C0271183	CURATED	88	PTPRZ1,EGFLAM,FBN2	3	3/270	3/14132	0.503632591090627	14132	0.611327610569126	combined_NrasQ61R	NrasQ61R	combined	Active
Abnormality of the brain	C4021085	CURATED	88	CPLX1,NOTCH3,RAC3	3	3/270	3/14132	0.503632591090627	14132	0.611327610569126	combined_NrasQ61R	NrasQ61R	combined	Active
Precursor Lymphoid Neoplasm	C1335469	CURATED	91	NRAS,RB1,KRAS	3	3/270	3/14132	0.521543841191403	14132	0.628343362119025	combined_NrasQ61R	NrasQ61R	combined	Active
Neurodevelopmental Disorders	C1535926	CURATED	674	MBD5,PARD3B,GNAO1,SHANK2,AGO2,KCNQ2,BRSK2,SETD5,ARHGEF40,GIGYF1,ADGRL1,SEPHS1,RALGDS,SFXN3	14	14/270	14/14132	0.526622772410347	14132	0.628343362119025	combined_NrasQ61R	NrasQ61R	combined	Active
Congenital Heart Defects	C0018798	CURATED	92	CERS1,SETD5,COL2A1	3	3/270	3/14132	0.527417744369337	14132	0.628343362119025	combined_NrasQ61R	NrasQ61R	combined	Active
Muscle hypotonia	C0026827	CURATED	93	MITD1,MBD5,YWHAG	3	3/270	3/14132	0.533242840875488	14132	0.631385695024351	combined_NrasQ61R	NrasQ61R	combined	Active
Acute lymphocytic leukemia	C0023449	CURATED	98	KRAS,NRAS,RB1	3	3/270	3/14132	0.561627228624377	14132	0.660939360515273	combined_NrasQ61R	NrasQ61R	combined	Active
Myoepithelioma	C0027070	CURATED	104	CORO2A,ARHGEF40,BRAF	3	3/270	3/14132	0.594035365672656	14132	0.694344227008743	combined_NrasQ61R	NrasQ61R	combined	Active
Depressive disorder	C0011581	CURATED	272	HDAC6,HDAC5,CPLX1,VGF,NOTCH3,CPLX2	6	6/270	6/14132	0.597207987997157	14132	0.694344227008743	combined_NrasQ61R	NrasQ61R	combined	Active
Cocaine-Related Disorders	C0236736	CURATED	112	JUND,HDAC5,AGO2	3	3/270	3/14132	0.63441977661059	14132	0.733191717879304	combined_NrasQ61R	NrasQ61R	combined	Active
Major Depressive Disorder	C1269683	CURATED	229	SLC6A15,HDAC5,LSAMP,PTX3,SGK1	5	5/270	5/14132	0.640503743727069	14132	0.735816800829312	combined_NrasQ61R	NrasQ61R	combined	Active
Unipolar Depression	C0041696	CURATED	231	HDAC5,SGK1,LSAMP,SLC6A15,PTX3	5	5/270	5/14132	0.647260235828356	14132	0.73917884920043	combined_NrasQ61R	NrasQ61R	combined	Active
Congenital neurologic anomalies	C0497552	CURATED	118	TMEM94,GNAO1,GAMT	3	3/270	3/14132	0.662604070981773	14132	0.752250504114601	combined_NrasQ61R	NrasQ61R	combined	Active
Renal Cell Carcinoma	C0007134	CURATED	180	AKT3,PIK3CA,CTSB,ACY1	4	4/270	4/14132	0.672098472648432	14132	0.758567281995014	combined_NrasQ61R	NrasQ61R	combined	Active
Pancreatic Neoplasm	C0030297	CURATED	191	ATM,RB1,BRAF,KRAS	4	4/270	4/14132	0.710549865719128	14132	0.779182523203362	combined_NrasQ61R	NrasQ61R	combined	Active
malignant neoplasm of head of pancreas	C0153458	CURATED	191	BRAF,ATM,KRAS,RB1	4	4/270	4/14132	0.710549865719128	14132	0.779182523203362	combined_NrasQ61R	NrasQ61R	combined	Active
Malignant neoplasm of body of pancreas	C0153459	CURATED	191	ATM,BRAF,KRAS,RB1	4	4/270	4/14132	0.710549865719128	14132	0.779182523203362	combined_NrasQ61R	NrasQ61R	combined	Active
Malignant neoplasm of tail of pancreas	C0153460	CURATED	191	ATM,RB1,BRAF,KRAS	4	4/270	4/14132	0.710549865719128	14132	0.779182523203362	combined_NrasQ61R	NrasQ61R	combined	Active
Malignant neoplasm of other specified sites of pancreas	C0153463	CURATED	191	RB1,KRAS,ATM,BRAF	4	4/270	4/14132	0.710549865719128	14132	0.779182523203362	combined_NrasQ61R	NrasQ61R	combined	Active
Neoplasm Invasiveness	C0027626	CURATED	198	CTSB,PDCD4,CXCR4,HRAS	4	4/270	4/14132	0.733165266823303	14132	0.79944009320281	combined_NrasQ61R	NrasQ61R	combined	Active
Intellectual Disability	C3714756	CURATED	694	BRAF,SHANK2,BRSK2,PIK3R2,RAC3,YWHAG,HRAS,SETD5,MBD5,ADGRL1,DEPDC5,KCNQ2	12	12/270	12/14132	0.779061215302337	14132	0.844712441310961	combined_NrasQ61R	NrasQ61R	combined	Active
Mental Depression	C0011570	CURATED	283	HDAC6,HDAC5,CPLX1,VGF,CPLX2	5	5/270	5/14132	0.793119948509251	14132	0.855151676325617	combined_NrasQ61R	NrasQ61R	combined	Active
Rheumatoid Arthritis	C0003873	CURATED	222	TXNIP,ACAN,CXCR4,COL2A1	4	4/270	4/14132	0.800253983308137	14132	0.858050104324836	combined_NrasQ61R	NrasQ61R	combined	Active
Liver Cirrhosis	C0023890	CURATED	164	JUND,ATM,F5	3	3/270	3/14132	0.824381596704807	14132	0.872864395880754	combined_NrasQ61R	NrasQ61R	combined	Active
Epilepsy	C0014544	CURATED	165	DEPDC5,GNAO1,KCNQ2	3	3/270	3/14132	0.826964600055748	14132	0.872864395880754	combined_NrasQ61R	NrasQ61R	combined	Active
Hypertensive disease	C0020538	CURATED	301	SGK1,CHGA,PRKAG2,CACNB2,HTRA1	5	5/270	5/14132	0.830759137897612	14132	0.872864395880754	combined_NrasQ61R	NrasQ61R	combined	Active
Mood Disorders	C0525045	CURATED	168	VGF,HCN4,CRTC1	3	3/270	3/14132	0.834510337227883	14132	0.872864395880754	combined_NrasQ61R	NrasQ61R	combined	Active
Neurodevelopmental delay	C4022738	CURATED	238	PPP1CB,SETD5,BRSK2,BRAF	4	4/270	4/14132	0.836683488279479	14132	0.872864395880754	combined_NrasQ61R	NrasQ61R	combined	Active
hearing impairment	C1384666	CURATED	187	COL2A1,SETD5,MITD1	3	3/270	3/14132	0.875775762202316	14132	0.908735065080898	combined_NrasQ61R	NrasQ61R	combined	Active
Retinal Dystrophies	C0854723	CURATED	405	PHYH,VCAN,LAMA1,COL2A1,RP9,RB1	6	6/270	6/14132	0.890155353034303	14132	0.918716487356259	combined_NrasQ61R	NrasQ61R	combined	Active
Cardiomyopathies	C0878544	CURATED	223	YWHAH,HCN4,PRKAG2	3	3/270	3/14132	0.929152270688251	14132	0.953863767249109	combined_NrasQ61R	NrasQ61R	combined	Active
Retinitis Pigmentosa	C0035334	CURATED	235	PHYH,RP9,COL2A1	3	3/270	3/14132	0.941509306957559	14132	0.961435429856131	combined_NrasQ61R	NrasQ61R	combined	Active
Diabetes Mellitus, Non-Insulin-Dependent	C0011860	CURATED	331	IRS2,PIK3R1,BRAF,BCL2L11	4	4/270	4/14132	0.954280274055816	14132	0.969347857330381	combined_NrasQ61R	NrasQ61R	combined	Active
Autistic Disorder	C0004352	CURATED	433	SHANK2,LZTR1,HDAC6,MBD5,HRAS	5	5/270	5/14132	0.967901152027572	14132	0.976547768466072	combined_NrasQ61R	NrasQ61R	combined	Active
Alcoholic Intoxication, Chronic	C0001973	CURATED	279	SLC22A18,PIK3R1,AGO2	3	3/270	3/14132	0.971487935468838	14132	0.976547768466072	combined_NrasQ61R	NrasQ61R	combined	Active
Myocardial Ischemia	C0151744	CURATED	338	GDF15,PSMB5,ID3	3	3/270	3/14132	0.989460042360896	14132	0.989460042360896	combined_NrasQ61R	NrasQ61R	combined	Active
Noonan Syndrome	C0028326	CURATED	35	EPHA2,HRAS,RAF1,BRAF,SPRED1,SPRED2,MAP2K1	7	7/320	7/14132	0.000119941623648001	14132	0.0127120827231341	combined_BrafV600E	BrafV600E	combined	Active
Costello syndrome (disorder)	C0587248	CURATED	13	MAP2K1,RAF1,BRAF,SPRED1,HRAS	5	5/320	5/14132	0.000156939292878198	14132	0.0127120827231341	combined_BrafV600E	BrafV600E	combined	Active
LEOPARD Syndrome	C0175704	CURATED	9	MAP2K1,RAF1,EPHA2,BRAF	4	4/320	4/14132	0.000873030496779552	14132	0.0471436468260958	combined_BrafV600E	BrafV600E	combined	Active
Mouth Diseases	C0026636	CURATED	11	DNAJA1,GDF15,CHAF1A,CHAF1B	4	4/320	4/14132	0.00165805877162613	14132	0.0671513802508583	combined_BrafV600E	BrafV600E	combined	Active
Noonan syndrome and Noonan-related syndrome	C5681679	CURATED	25	HRAS,MAP2K1,BRAF,SPRED1,RAF1	5	5/320	5/14132	0.00224086055319895	14132	0.0704293222488196	combined_BrafV600E	BrafV600E	combined	Active
Inflammation	C0021368	CURATED	134	TIMP1,TAC1,SH2B3,SELENOS,TGFB1,ZFP36,F2RL1,TBX21,EGR1,PLAUR	10	10/320	10/14132	0.00343737930313165	14132	0.0704293222488196	combined_BrafV600E	BrafV600E	combined	Active
Vascular anomaly	C0158570	CURATED	14	HRAS,BRAF,MAP2K1,PIK3CA	4	4/320	4/14132	0.00347799122216393	14132	0.0704293222488196	combined_BrafV600E	BrafV600E	combined	Active
Cardio-facio-cutaneous syndrome	C1275081	CURATED	14	BRAF,MAP2K1,HRAS,RAF1	4	4/320	4/14132	0.00347799122216393	14132	0.0704293222488196	combined_BrafV600E	BrafV600E	combined	Active
Lung Neoplasms	C0024121	CURATED	269	JUND,CDKN1A,EGR1,PIK3CA,TGFB1,JUNB,FOS,CCN1,JUN,BRAF,HRAS,RAF1,SPRY2,FOSB	14	14/320	14/14132	0.00844492856019861	14132	0.116371354151298	combined_BrafV600E	BrafV600E	combined	Active
Non-Small Cell Lung Carcinoma	C0007131	CURATED	276	LAMC2,PHLDA2,MAP2K1,SDC4,CHGA,SDHC,HRAS,BRAF,KDM2A,RAF1,FBXO11,AREG,PIK3CA,SELENOS	14	14/320	14/14132	0.010336388155644	14132	0.116371354151298	combined_BrafV600E	BrafV600E	combined	Active
Noonan Syndrome 1	C4551602	CURATED	21	HRAS,BRAF,MAP2K1,RAF1	4	4/320	4/14132	0.0113057780750239	14132	0.116371354151298	combined_BrafV600E	BrafV600E	combined	Active
Glioma	C0017638	CURATED	109	BRAF,MAP2K1,HRAS,RAF1,CHAF1A,CCN1,LIG4,CDKN1A	8	8/320	8/14132	0.0119228707567191	14132	0.116371354151298	combined_BrafV600E	BrafV600E	combined	Active
Liver carcinoma	C2239176	CURATED	646	GDF15,PCLAF,CSPG4,FOSB,BRAF,PKM,TFPI2,IRS2,ASPM,SFN,TGFB1,ORC1,PHLDA1,FOS,CCN1,JUN,SPOP,EGR1,HRAS,HSPA5,PIK3CA,ZFP36,CHAF1B,SREBF1,CDC6	25	25/320	25/14132	0.0120437050873709	14132	0.116371354151298	combined_BrafV600E	BrafV600E	combined	Active
GIANT PIGMENTED HAIRY NEVUS	C1842036	CURATED	8	BRAF,RAF1,HRAS	3	3/320	3/14132	0.0130771979315294	14132	0.116371354151298	combined_BrafV600E	BrafV600E	combined	Active
Acute polyarticular juvenile rheumatoid arthritis	C0157916	CURATED	138	PLAUR,JUN,EGR1,FOS,FOSB,AREG,SH2D2A,DUSP1,PLOD2	9	9/320	9/14132	0.0132728441679334	14132	0.116371354151298	combined_BrafV600E	BrafV600E	combined	Active
Pauciarticular juvenile rheumatoid arthritis	C0157917	CURATED	138	PLAUR,EGR1,JUN,DUSP1,PLOD2,FOS,AREG,SH2D2A,FOSB	9	9/320	9/14132	0.0132728441679334	14132	0.116371354151298	combined_BrafV600E	BrafV600E	combined	Active
Monoarticular juvenile rheumatoid arthritis	C0157918	CURATED	138	DUSP1,EGR1,JUN,SH2D2A,AREG,PLAUR,FOS,FOSB,PLOD2	9	9/320	9/14132	0.0132728441679334	14132	0.116371354151298	combined_BrafV600E	BrafV600E	combined	Active
Juvenile Chronic Polyarthritis	C0409667	CURATED	138	DUSP1,PLAUR,PLOD2,SH2D2A,EGR1,FOSB,JUN,AREG,FOS	9	9/320	9/14132	0.0132728441679334	14132	0.116371354151298	combined_BrafV600E	BrafV600E	combined	Active
Malignant Glioma	C0555198	CURATED	112	LIG4,RAF1,CDKN1A,HRAS,BRAF,MAP2K1,CHAF1A,CCN1	8	8/320	8/14132	0.0136958473571488	14132	0.116371354151298	combined_BrafV600E	BrafV600E	combined	Active
Mood Disorders	C0525045	CURATED	168	VGF,HCN4,FKBP5,FOSB,NTS,TAC1,TGFB1,HSP90AA1,KCTD12,SIRT2	10	10/320	10/14132	0.0143668338458393	14132	0.116371354151298	combined_BrafV600E	BrafV600E	combined	Active
Congenital arteriovenous malformation	C0003857	CURATED	10	HRAS,MAP2K1,PIK3CA	3	3/320	3/14132	0.0203985441559716	14132	0.157360197774638	combined_BrafV600E	BrafV600E	combined	Active
Papilloma	C0030354	CURATED	11	TGFB1,CDKN1A,HRAS	3	3/320	3/14132	0.0245630964636038	14132	0.173009635961036	combined_BrafV600E	BrafV600E	combined	Active
Papillomatosis	C0205875	CURATED	11	CDKN1A,TGFB1,HRAS	3	3/320	3/14132	0.0245630964636038	14132	0.173009635961036	combined_BrafV600E	BrafV600E	combined	Active
Prostatic Neoplasms	C0033578	CURATED	660	HRAS,HSP90AB1,SELENOS,RAF1,ETV4,PIK3CA,PLAUR,STARD3,AGAP2,GUCD1,GDF15,CD44,EGR1,TGFB1,TPT1,SPOP,RUNX1,ARL6IP1,LIG4,MAP2K1,BRAF,DOT1L,CDKN1A,CHGA	24	24/320	24/14132	0.0268850477793409	14132	0.177234607721057	combined_BrafV600E	BrafV600E	combined	Active
melanoma	C0025202	CURATED	250	TFPI2,SLC35G2,GDF15,F2RL1,JUNB,GPAM,BRAF,HRAS,RAC2,CMTR2,MAP2K1,ARL5B	12	12/320	12/14132	0.0273510197100397	14132	0.177234607721057	combined_BrafV600E	BrafV600E	combined	Active
Carcinoma	C0007097	CURATED	163	PKM,SGK1,YWHAZ,LSR,PLAUR,VAMP8,CORO1A,HRAS,TGFB1	9	9/320	9/14132	0.0322225163072593	14132	0.185916362395529	combined_BrafV600E	BrafV600E	combined	Active
Malignant epithelioma	C0553707	CURATED	163	LSR,HRAS,PLAUR,TGFB1,CORO1A,YWHAZ,VAMP8,SGK1,PKM	9	9/320	9/14132	0.0322225163072593	14132	0.185916362395529	combined_BrafV600E	BrafV600E	combined	Active
Epithelioma	C1368683	CURATED	163	VAMP8,HRAS,PLAUR,CORO1A,TGFB1,YWHAZ,PKM,LSR,SGK1	9	9/320	9/14132	0.0322225163072593	14132	0.185916362395529	combined_BrafV600E	BrafV600E	combined	Active
Pruritus	C0033774	CURATED	13	F2RL1,TAC1,ABCB11	3	3/320	3/14132	0.0338158484327512	14132	0.185916362395529	combined_BrafV600E	BrafV600E	combined	Active
RASopathy	C5555857	CURATED	32	HRAS,MAP2K1,BRAF,RAF1	4	4/320	4/14132	0.0351557518948864	14132	0.185916362395529	combined_BrafV600E	BrafV600E	combined	Active
Non-Small Cell Adenocarcinoma	C1335060	CURATED	197	SPOP,DOT1L,SFN,HRAS,KPNA2,CMTR2,MAP2K1,BRAF,JUNB,PIK3CA	10	10/320	10/14132	0.0355765878658112	14132	0.185916362395529	combined_BrafV600E	BrafV600E	combined	Active
Cholestasis, Extrahepatic	C0005398	CURATED	33	TIMP1,JUN,TGFB1,FOS	4	4/320	4/14132	0.0380422933380905	14132	0.192589110024083	combined_BrafV600E	BrafV600E	combined	Active
Cocaine-Related Disorders	C0236736	CURATED	112	ARC,FOS,FOSB,EGR1,JUND,KLHL5,HOMER1	7	7/320	7/14132	0.0418635129889544	14132	0.205511791036685	combined_BrafV600E	BrafV600E	combined	Active
Liver neoplasms	C0023903	CURATED	146	CDKN1A,FOSB,HRAS,JUN,RAF1,BRAF,UGDH,KRT18	8	8/320	8/14132	0.0484021310073769	14132	0.230621918329266	combined_BrafV600E	BrafV600E	combined	Active
IGA Glomerulonephritis	C0017661	CURATED	62	CHGA,TIMP1,CD44,SPRY2,TGFB1	5	5/320	5/14132	0.0516969713959612	14132	0.23928312474702	combined_BrafV600E	BrafV600E	combined	Active
Adenocarcinoma of lung (disorder)	C0152013	CURATED	286	KPNA2,PIK3CA,DOT1L,CMTR2,MAP2K1,SFN,KSR2,JUNB,RAF1,BRAF,SPOP,HRAS	12	12/320	12/14132	0.0613406520693778	14132	0.2760329343122	combined_BrafV600E	BrafV600E	combined	Active
Hemangiosarcoma	C0018923	CURATED	19	HRAS,JUN,ANGPT2	3	3/320	3/14132	0.0678644247635112	14132	0.285703124590459	combined_BrafV600E	BrafV600E	combined	Active
Angiosarcoma nonmetastatic	C0854893	CURATED	19	HRAS,JUN,ANGPT2	3	3/320	3/14132	0.0678644247635112	14132	0.285703124590459	combined_BrafV600E	BrafV600E	combined	Active
HIV Infections	C0019693	CURATED	127	LYN,HSP90AA1,ARAP3,CDKN1A,HSPH1,HSP90AB1,PSMC5	7	7/320	7/14132	0.0687803818458512	14132	0.285703124590459	combined_BrafV600E	BrafV600E	combined	Active
Lip and Oral Cavity Carcinoma	C0220641	CURATED	21	HRAS,PIK3CA,BRAF	3	3/320	3/14132	0.0809421387860648	14132	0.327815662083563	combined_BrafV600E	BrafV600E	combined	Active
Myocardial Ischemia	C0151744	CURATED	338	LIPG,GDF15,MAT2A,SH2B3,TRIB1,ZFP36,DUSP1,VAMP8,F2RL1,AREG,SREBF1,HMGCS2,JUNB	13	13/320	13/14132	0.0836177484496101	14132	0.330392079239923	combined_BrafV600E	BrafV600E	combined	Active
Basal Cell Neoplasm	C0206710	CURATED	141	CHGA,FSCN1,JUN,PNMA1,CSPG4,PIK3CA,PELI2	7	7/320	7/14132	0.101188907866913	14132	0.381223327312555	combined_BrafV600E	BrafV600E	combined	Active
Malignant basal cell tumor	C1368295	CURATED	141	CHGA,CSPG4,JUN,PNMA1,PELI2,PIK3CA,FSCN1	7	7/320	7/14132	0.101188907866913	14132	0.381223327312555	combined_BrafV600E	BrafV600E	combined	Active
Hydrops Fetalis, Non-Immune	C0455988	CURATED	50	ANGPT2,HRAS,FOXC2,DHCR24	4	4/320	4/14132	0.103748242767301	14132	0.381982166552335	combined_BrafV600E	BrafV600E	combined	Active
Mouth Neoplasms	C0026640	CURATED	52	SFN,HRAS,HMGCS2,PIK3CA	4	4/320	4/14132	0.113296921920848	14132	0.407868918915052	combined_BrafV600E	BrafV600E	combined	Active
Juvenile Myelomonocytic Leukemia	C0349639	CURATED	26	RUNX1,SH2B3,RAC2	3	3/320	3/14132	0.116503525967343	14132	0.410295026232816	combined_BrafV600E	BrafV600E	combined	Active
Respiratory allergy	C3825727	CURATED	28	F2RL1,UPP1,HSPA5	3	3/320	3/14132	0.131655555136279	14132	0.440815504471102	combined_BrafV600E	BrafV600E	combined	Active
Carcinoma, Transitional Cell	C0007138	CURATED	56	CD44,SFN,HRAS,CDKN1A	4	4/320	4/14132	0.133333084685704	14132	0.440815504471102	combined_BrafV600E	BrafV600E	combined	Active
Transitional Cell Neoplasm	C0334265	CURATED	56	CD44,SFN,CDKN1A,HRAS	4	4/320	4/14132	0.133333084685704	14132	0.440815504471102	combined_BrafV600E	BrafV600E	combined	Active
Hyperplasia	C0020507	CURATED	29	ZFP36,PIK3CA,TGFB1	3	3/320	3/14132	0.139392374950846	14132	0.45163129484074	combined_BrafV600E	BrafV600E	combined	Active
Liver Cirrhosis	C0023890	CURATED	164	JUND,LAMC2,TGFB1,KRT18,ABCB11,PLOD2,TUG1	7	7/320	7/14132	0.168618677684164	14132	0.533400521727496	combined_BrafV600E	BrafV600E	combined	Active
Hyperkinesia	C3887506	CURATED	33	FOS,NTS,NPPC	3	3/320	3/14132	0.1712149822829	14132	0.533400521727496	combined_BrafV600E	BrafV600E	combined	Active
Adenoid Cystic Carcinoma	C0010606	CURATED	97	CMTR2,HRAS,ASPM,KDM6B,PIK3CA	5	5/320	5/14132	0.177556580384949	14132	0.542720113629465	combined_BrafV600E	BrafV600E	combined	Active
Kidney Neoplasm	C0022665	CURATED	36	BRAF,RAF1,TPT1	3	3/320	3/14132	0.195787313152254	14132	0.556497072352981	combined_BrafV600E	BrafV600E	combined	Active
Malignant neoplasm of lung	C0242379	CURATED	36	CMTR2,PIK3CA,BRAF	3	3/320	3/14132	0.195787313152254	14132	0.556497072352981	combined_BrafV600E	BrafV600E	combined	Active
Non-alcoholic Fatty Liver Disease	C0400966	CURATED	101	TGFB1,PRKCD,SREBF1,TRIB3,TRIB1	5	5/320	5/14132	0.19580452545753	14132	0.556497072352981	combined_BrafV600E	BrafV600E	combined	Active
Nonalcoholic steatohepatitis	C3241937	CURATED	101	PRKCD,TRIB1,TRIB3,SREBF1,TGFB1	5	5/320	5/14132	0.19580452545753	14132	0.556497072352981	combined_BrafV600E	BrafV600E	combined	Active
Chronic ischemic heart disease	C0264694	CURATED	174	SH2B3,TRIB1,MAT2A,SREBF1,LIPG,VAMP8,GDF15	7	7/320	7/14132	0.202635712195024	14132	0.556655970853763	combined_BrafV600E	BrafV600E	combined	Active
Status Epilepticus	C0038220	CURATED	69	JUNB,FOS,JUND,JUN	4	4/320	4/14132	0.205380104525181	14132	0.556655970853763	combined_BrafV600E	BrafV600E	combined	Active
Coronary Arteriosclerosis	C0010054	CURATED	175	VAMP8,SREBF1,GDF15,MAT2A,SH2B3,TRIB1,LIPG	7	7/320	7/14132	0.206168878093986	14132	0.556655970853763	combined_BrafV600E	BrafV600E	combined	Active
Vitiligo	C0042900	CURATED	39	C4A,CD44,SH2B3	3	3/320	3/14132	0.220759454345929	14132	0.576823090387749	combined_BrafV600E	BrafV600E	combined	Active
Endometrial Carcinoma	C0476089	CURATED	39	HRAS,PIK3CA,BRAF	3	3/320	3/14132	0.220759454345929	14132	0.576823090387749	combined_BrafV600E	BrafV600E	combined	Active
Coronary heart disease	C0010068	CURATED	182	VAMP8,LIPG,GDF15,MAT2A,SH2B3,TRIB1,SREBF1	7	7/320	7/14132	0.231493295482445	14132	0.595268474097717	combined_BrafV600E	BrafV600E	combined	Active
Neuroblastoma	C0027819	CURATED	75	CHAF1A,HRAS,CD44,LMO1	4	4/320	4/14132	0.241159590631882	14132	0.607670515638213	combined_BrafV600E	BrafV600E	combined	Active
Hypertensive disease	C0020538	CURATED	301	FOS,SGK1,KSR2,JUN,CHGA,PRKCD,TGFB1,TIMP1,DUSP5,NPPC	10	10/320	10/14132	0.243818416768419	14132	0.607670515638213	combined_BrafV600E	BrafV600E	combined	Active
Developmental Disabilities	C0008073	CURATED	149	KDM6B,DOT1L,TUBB3,MAPK8IP3,NAA15,FBXO11	6	6/320	6/14132	0.24899288015847	14132	0.611164342207154	combined_BrafV600E	BrafV600E	combined	Active
Squamous cell carcinoma	C0007137	CURATED	150	TGFB1,SFN,EGR1,PIK3CA,HRAS,AREG	6	6/320	6/14132	0.2532478874878	14132	0.612330713030203	combined_BrafV600E	BrafV600E	combined	Active
Major Depressive Disorder	C1269683	CURATED	229	HSP90AA1,GABBR2,MAP2K1,SGK1,FKBP4,TBX21,FKBP5,HOMER1	8	8/320	8/14132	0.262922005680916	14132	0.618632172157472	combined_BrafV600E	BrafV600E	combined	Active
Weight Gain	C0043094	CURATED	115	MYO10,GDF15,MEST,HYCC2,PIK3CA	5	5/320	5/14132	0.263491480733738	14132	0.618632172157472	combined_BrafV600E	BrafV600E	combined	Active
Unipolar Depression	C0041696	CURATED	231	SGK1,HSP90AA1,FKBP4,HOMER1,GABBR2,FKBP5,TBX21,MAP2K1	8	8/320	8/14132	0.269900467784406	14132	0.624626796872483	combined_BrafV600E	BrafV600E	combined	Active
Depressive disorder	C0011581	CURATED	272	TAC1,FKBP5,SLC29A3,VGF,NTS,TGFB1,TWNK,HOMER1,DUSP1	9	9/320	9/14132	0.275619258892494	14132	0.628877745642028	combined_BrafV600E	BrafV600E	combined	Active
Diabetic Nephropathy	C0011881	CURATED	46	CDKN1A,TGFB1,TNFAIP1	3	3/320	3/14132	0.279715330650946	14132	0.629359493964628	combined_BrafV600E	BrafV600E	combined	Active
Neoplasm Invasiveness	C0027626	CURATED	198	TGFB1,ZFP36,HMGCS2,HRAS,PLAUR,TIMP1,PKM	7	7/320	7/14132	0.292560948464529	14132	0.649229946262091	combined_BrafV600E	BrafV600E	combined	Active
Lissencephaly	C0266463	CURATED	48	TUBB3,ASPM,TUBG1	3	3/320	3/14132	0.296561827304906	14132	0.649229946262091	combined_BrafV600E	BrafV600E	combined	Active
Colorectal Neoplasms	C0009404	CURATED	363	SH2B3,KDM2A,LIG4,TGFB1,SPOP,ABCB11,PIK3CA,CALCOCO2,BRAF,TFPI2,DOT1L	11	11/320	11/14132	0.308470226657873	14132	0.658834826946621	combined_BrafV600E	BrafV600E	combined	Active
Malignant Squamous Cell Neoplasm	C0751688	CURATED	124	AREG,PIK3CA,TGFB1,SFN,HRAS	5	5/320	5/14132	0.309083005234217	14132	0.658834826946621	combined_BrafV600E	BrafV600E	combined	Active
Endometriosis	C0014175	CURATED	165	FKBP5,AREG,DUSP1,ERRFI1,ANKH,FOS	6	6/320	6/14132	0.318850140069078	14132	0.665373091400831	combined_BrafV600E	BrafV600E	combined	Active
Multiple Sclerosis	C0026769	CURATED	127	ZNF267,CD44,HSP90AB1,SH2D2A,CDK17	5	5/320	5/14132	0.324472063090529	14132	0.665373091400831	combined_BrafV600E	BrafV600E	combined	Active
Squamous cell carcinoma of esophagus	C0279626	CURATED	127	CDKN1A,HSPA5,ZCCHC12,SFN,RUNX1	5	5/320	5/14132	0.324472063090529	14132	0.665373091400831	combined_BrafV600E	BrafV600E	combined	Active
Papillary thyroid carcinoma	C0238463	CURATED	53	BRAF,HRAS,LIG4	3	3/320	3/14132	0.338354964412828	14132	0.685168802935976	combined_BrafV600E	BrafV600E	combined	Active
AMYOTROPHIC LATERAL SCLEROSIS 1	C1862939	CURATED	56	FOS,JUND,UNC13A	3	3/320	3/14132	0.363078923044867	14132	0.720573012755923	combined_BrafV600E	BrafV600E	combined	Active
Reperfusion Injury	C0035126	CURATED	95	FOS,JUN,CDKN1A,EGR1	4	4/320	4/14132	0.364734487938183	14132	0.720573012755923	combined_BrafV600E	BrafV600E	combined	Active
Skin Neoplasms	C0037286	CURATED	57	NPPC,TGFB1,HRAS	3	3/320	3/14132	0.371244577657865	14132	0.724597850368364	combined_BrafV600E	BrafV600E	combined	Active
Polycystic Ovary Syndrome	C0032460	CURATED	138	ASPM,ERRFI1,MAPK8IP3,CDC6,CMTR2	5	5/320	5/14132	0.381133868712712	14132	0.732403148933903	combined_BrafV600E	BrafV600E	combined	Active
Cerebrovascular accident	C0038454	CURATED	59	SH2B3,TGFB1,PIK3CA	3	3/320	3/14132	0.38744769821732	14132	0.732403148933903	combined_BrafV600E	BrafV600E	combined	Active
Rheumatoid Arthritis	C0003873	CURATED	222	TFPI2,PLAUR,SPRED2,ACAN,FKBP5,CCN1,RUNX1	7	7/320	7/14132	0.388806609927874	14132	0.732403148933903	combined_BrafV600E	BrafV600E	combined	Active
Arsenic Poisoning	C0311375	CURATED	62	ZNF267,GADD45B,CD44	3	3/320	3/14132	0.41139946921689	14132	0.753929875126564	combined_BrafV600E	BrafV600E	combined	Active
Bipolar Disorder	C0005586	CURATED	483	FKBP5,INPP1,TGFB1,DOCK9,HSPA5,YWHAZ,KCTD12,LHX5,TAC1,VGF,YWHAE,YWHAH,FBXL3	13	13/320	13/14132	0.412913351555693	14132	0.753929875126564	combined_BrafV600E	BrafV600E	combined	Active
Multiple Myeloma	C0026764	CURATED	146	BRAF,LIG4,SGK1,SH2B3,TGFB1	5	5/320	5/14132	0.422077729207958	14132	0.753929875126564	combined_BrafV600E	BrafV600E	combined	Active
Diaphragmatic Hernia	C0019284	CURATED	64	FOXC2,TGFB1,STRA6	3	3/320	3/14132	0.427109552158103	14132	0.753929875126564	combined_BrafV600E	BrafV600E	combined	Active
Neoplastic Syndromes, Hereditary	C0027672	CURATED	190	SDHC,PIK3CA,AIP,SH2B3,HRAS,RUNX1	6	6/320	6/14132	0.431038555609249	14132	0.753929875126564	combined_BrafV600E	BrafV600E	combined	Active
Kidney Failure, Chronic	C0022661	CURATED	107	CHGA,TBX21,TGFB1,SREBF1	4	4/320	4/14132	0.437912635650252	14132	0.753929875126564	combined_BrafV600E	BrafV600E	combined	Active
Craniofacial Abnormalities	C0376634	CURATED	150	SPRY2,ANKH,ETS2,STRA6,FOXC2	5	5/320	5/14132	0.442318846727745	14132	0.753929875126564	combined_BrafV600E	BrafV600E	combined	Active
Squamous cell carcinoma of lung	C0149782	CURATED	67	PIK3CA,MAP2K1,HRAS	3	3/320	3/14132	0.450254888829241	14132	0.753929875126564	combined_BrafV600E	BrafV600E	combined	Active
Other dermatoses	C0029574	CURATED	68	GADD45B,ZNF267,CD44	3	3/320	3/14132	0.457852327537496	14132	0.753929875126564	combined_BrafV600E	BrafV600E	combined	Active
Dermatologic disorders	C0037274	CURATED	68	ZNF267,CD44,GADD45B	3	3/320	3/14132	0.457852327537496	14132	0.753929875126564	combined_BrafV600E	BrafV600E	combined	Active
Skin Diseases, Genetic	C0037277	CURATED	68	ZNF267,CD44,GADD45B	3	3/320	3/14132	0.457852327537496	14132	0.753929875126564	combined_BrafV600E	BrafV600E	combined	Active
Mental Depression	C0011570	CURATED	283	NPPC,TAC1,NTS,SLC29A3,FKBP5,DUSP1,VGF,HOMER1	8	8/320	8/14132	0.460325536447408	14132	0.753929875126564	combined_BrafV600E	BrafV600E	combined	Active
Fibrosis	C0016059	CURATED	69	TGFB1,SPHK1,TAC1	3	3/320	3/14132	0.465388811806521	14132	0.753929875126564	combined_BrafV600E	BrafV600E	combined	Active
Nonorganic psychosis	C0349204	CURATED	69	FKBP5,GADD45B,TGFB1	3	3/320	3/14132	0.465388811806521	14132	0.753929875126564	combined_BrafV600E	BrafV600E	combined	Active
Brain Ischemia	C0007786	CURATED	70	JUN,MAP2K1,EGR1	3	3/320	3/14132	0.472863201593617	14132	0.755383098748778	combined_BrafV600E	BrafV600E	combined	Active
Contact Dermatitis	C0011616	CURATED	71	CD44,DUSP1,HSP90AA1	3	3/320	3/14132	0.480274439327927	14132	0.755383098748778	combined_BrafV600E	BrafV600E	combined	Active
Dermatitis, Allergic Contact	C0162820	CURATED	71	ETS2,PHLDA1,UPP1	3	3/320	3/14132	0.480274439327927	14132	0.755383098748778	combined_BrafV600E	BrafV600E	combined	Active
Lung diseases	C0024115	CURATED	72	SPRY2,STRA6,TGFB1	3	3/320	3/14132	0.487621546781131	14132	0.75909847063741	combined_BrafV600E	BrafV600E	combined	Active
Osteoarthrosis, localized, not specified whether primary or secondary	C0157946	CURATED	117	TGFB1,TFPI2,PLOD2,YWHAQ	4	4/320	4/14132	0.496376170423646	14132	0.75909847063741	combined_BrafV600E	BrafV600E	combined	Active
Obesity	C0028754	CURATED	293	FOS,FBXO11,SLC16A7,SREBF1,FOXC2,KSR2,VGF,HSPA5	8	8/320	8/14132	0.496694061034354	14132	0.75909847063741	combined_BrafV600E	BrafV600E	combined	Active
Asthma	C0004096	CURATED	208	EGR1,TBX21,TGFB1,AREG,F2RL1,FKBP5	6	6/320	6/14132	0.509670485208537	14132	0.77165064115685	combined_BrafV600E	BrafV600E	combined	Active
Leukemia, Myelocytic, Acute	C0023467	CURATED	210	RAC2,SPRY4,TFPI2,RUNX1,SGK1,CD44	6	6/320	6/14132	0.51815439542778	14132	0.774540260844342	combined_BrafV600E	BrafV600E	combined	Active
Insulin Resistance	C0021655	CURATED	77	TRIB3,SREBF1,IRS2	3	3/320	3/14132	0.523366071914348	14132	0.774540260844342	combined_BrafV600E	BrafV600E	combined	Active
Mammary Neoplasms	C1458155	CURATED	524	RAF1,PIK3CA,TFPI2,ETV4,HRAS,ARAF,JUN,FOS,AREG,ETS2,TUBB3,HSP90AA1,KRT18	13	13/320	13/14132	0.525922399338751	14132	0.774540260844342	combined_BrafV600E	BrafV600E	combined	Active
Lupus Erythematosus, Systemic	C0024141	CURATED	124	CHAF1A,PRKCD,C4A,SH2B3	4	4/320	4/14132	0.535440895789917	14132	0.781454280342042	combined_BrafV600E	BrafV600E	combined	Active
Malignant neoplasm of large intestine	C0346629	CURATED	173	LIG4,SH2B3,PIK3CA,BRAF,SPOP	5	5/320	5/14132	0.553425968810652	14132	0.791302768335669	combined_BrafV600E	BrafV600E	combined	Active
Gilles de la Tourette syndrome	C0040517	CURATED	83	SPRY2,BAIAP2,HCN4	3	3/320	3/14132	0.563998140319469	14132	0.791302768335669	combined_BrafV600E	BrafV600E	combined	Active
Malignant neoplasm of prostate	C0376358	CURATED	629	ARAP3,TUBB3,CHGB,CD44,PIK3CA,CHGA,AGAP2,FBH1,LIG4,MAMLD1,KMT5A,SLC25A32,CHAF1B,SPOP,RAC2	15	15/320	15/14132	0.565470289324892	14132	0.791302768335669	combined_BrafV600E	BrafV600E	combined	Active
Renal Cell Carcinoma	C0007134	CURATED	180	PIK3CA,MAP2K1,C4A,SDHC,TGFB1	5	5/320	5/14132	0.584879057239784	14132	0.791302768335669	combined_BrafV600E	BrafV600E	combined	Active
Hyperalgesia	C0020429	CURATED	87	RAF1,FOS,TAC1	3	3/320	3/14132	0.589677344754282	14132	0.791302768335669	combined_BrafV600E	BrafV600E	combined	Active
Malignant neoplasm of upper lobe, bronchus or lung	C0024624	CURATED	87	PIK3CA,MAT2A,BRAF	3	3/320	3/14132	0.589677344754282	14132	0.791302768335669	combined_BrafV600E	BrafV600E	combined	Active
Malignant neoplasm of middle lobe, bronchus or lung	C0153491	CURATED	87	MAT2A,BRAF,PIK3CA	3	3/320	3/14132	0.589677344754282	14132	0.791302768335669	combined_BrafV600E	BrafV600E	combined	Active
Malignant neoplasm of lower lobe, bronchus or lung	C0153492	CURATED	87	PIK3CA,MAT2A,BRAF	3	3/320	3/14132	0.589677344754282	14132	0.791302768335669	combined_BrafV600E	BrafV600E	combined	Active
Malignant neoplasm of other parts of bronchus or lung	C0153493	CURATED	87	MAT2A,PIK3CA,BRAF	3	3/320	3/14132	0.589677344754282	14132	0.791302768335669	combined_BrafV600E	BrafV600E	combined	Active
Non-specific syndromic intellectual disability	C5568766	CURATED	367	FBXO11,MAPK8IP3,YWHAE,WSB2,FEM1C,GABBR2,DNAJA1,YWHAZ,NAA15	9	9/320	9/14132	0.593741050874406	14132	0.791302768335669	combined_BrafV600E	BrafV600E	combined	Active
Adenocarcinoma of large intestine (disorder)	C1319315	CURATED	88	ARAF,CD44,BRAF	3	3/320	3/14132	0.595919368746615	14132	0.791302768335669	combined_BrafV600E	BrafV600E	combined	Active
Psychotic Disorders	C0033975	CURATED	89	TGFB1,FKBP5,GADD45B	3	3/320	3/14132	0.602090176647604	14132	0.792996818023674	combined_BrafV600E	BrafV600E	combined	Active
Nephrotic Syndrome	C0027726	CURATED	91	SYNPO,TNS2,TGFB1	3	3/320	3/14132	0.614218238687154	14132	0.793198010695164	combined_BrafV600E	BrafV600E	combined	Active
Pancreatic Neoplasm	C0030297	CURATED	191	LIG4,BRAF,TFPI2,CD44,TGFB1	5	5/320	5/14132	0.631620638146149	14132	0.793198010695164	combined_BrafV600E	BrafV600E	combined	Active
malignant neoplasm of head of pancreas	C0153458	CURATED	191	LIG4,BRAF,TGFB1,TFPI2,CD44	5	5/320	5/14132	0.631620638146149	14132	0.793198010695164	combined_BrafV600E	BrafV600E	combined	Active
Malignant neoplasm of body of pancreas	C0153459	CURATED	191	BRAF,TFPI2,LIG4,CD44,TGFB1	5	5/320	5/14132	0.631620638146149	14132	0.793198010695164	combined_BrafV600E	BrafV600E	combined	Active
Malignant neoplasm of tail of pancreas	C0153460	CURATED	191	TGFB1,CD44,TFPI2,BRAF,LIG4	5	5/320	5/14132	0.631620638146149	14132	0.793198010695164	combined_BrafV600E	BrafV600E	combined	Active
Malignant neoplasm of other specified sites of pancreas	C0153463	CURATED	191	LIG4,BRAF,CD44,TGFB1,TFPI2	5	5/320	5/14132	0.631620638146149	14132	0.793198010695164	combined_BrafV600E	BrafV600E	combined	Active
Autistic Disorder	C0004352	CURATED	433	LAMB3,KSR2,INPP1,PLAUR,NAA15,REEP3,UNC13A,GABBR2,HRAS,ILDR2	10	10/320	10/14132	0.650467548685753	14132	0.810582637593016	combined_BrafV600E	BrafV600E	combined	Active
Chronic Obstructive Airway Disease	C0024117	CURATED	102	CDKN1A,TGFB1,F2RL1	3	3/320	3/14132	0.675880897780061	14132	0.834899379560097	combined_BrafV600E	BrafV600E	combined	Active
Stomach Neoplasms	C0038356	CURATED	349	PIK3CA,CD44,AREG,CDKN1A,JUN,FOSL1,IRS2,HRAS	8	8/320	8/14132	0.680288383345264	14132	0.834899379560097	combined_BrafV600E	BrafV600E	combined	Active
Mental Retardation	C0025362	CURATED	165	STRA6,NAA15,VRK1,KDM6B	4	4/320	4/14132	0.725634689492143	14132	0.875286429283425	combined_BrafV600E	BrafV600E	combined	Active
Pulmonary Fibrosis	C0034069	CURATED	113	AREG,TGFB1,TIMP1	3	3/320	3/14132	0.729302515184398	14132	0.875286429283425	combined_BrafV600E	BrafV600E	combined	Active
Atrial Fibrillation	C0004238	CURATED	166	HCN4,PHLDA1,CDKN1A,REEP3	4	4/320	4/14132	0.729405357736188	14132	0.875286429283425	combined_BrafV600E	BrafV600E	combined	Active
Congenital neurologic anomalies	C0497552	CURATED	118	ASPM,UNC13A,SPRED1	3	3/320	3/14132	0.751016841996819	14132	0.890854642093332	combined_BrafV600E	BrafV600E	combined	Active
Alcoholic Intoxication, Chronic	C0001973	CURATED	279	DKK2,PHLDA2,FKBP5,ARC,NTS,TAC1	6	6/320	6/14132	0.761137671982923	14132	0.890854642093332	combined_BrafV600E	BrafV600E	combined	Active
Myocardial Infarction	C0027051	CURATED	175	HSPA5,TGFB1,SH2B3,LIPG	4	4/320	4/14132	0.761533281874313	14132	0.890854642093332	combined_BrafV600E	BrafV600E	combined	Active
Diabetes Mellitus, Non-Insulin-Dependent	C0011860	CURATED	331	IRS2,SREBF1,TIMP1,KSR2,FOXC2,BRAF,SPHK1	7	7/320	7/14132	0.764375279326995	14132	0.890854642093332	combined_BrafV600E	BrafV600E	combined	Active
Neurodevelopmental delay	C4022738	CURATED	238	NAA15,KDM6B,BRAF,PLOD3,SPRED1	5	5/320	5/14132	0.791076533319539	14132	0.915388559984038	combined_BrafV600E	BrafV600E	combined	Active
Kidney Diseases	C0022658	CURATED	140	XPNPEP3,TGFB1,CDKN1A	3	3/320	3/14132	0.829576626176361	14132	0.953130591777096	combined_BrafV600E	BrafV600E	combined	Active
Colonic Neoplasms	C0009375	CURATED	160	CDKN1A,HMGCS2,JUN	3	3/320	3/14132	0.880863049113381	14132	0.990654939240702	combined_BrafV600E	BrafV600E	combined	Active
Short stature	C0349588	CURATED	162	ACAN,ANGPT2,WDR6	3	3/320	3/14132	0.885122141189177	14132	0.990654939240702	combined_BrafV600E	BrafV600E	combined	Active
Hypertrophic Cardiomyopathy	C0007194	CURATED	164	RAF1,BRAF,HCN4	3	3/320	3/14132	0.889240226149766	14132	0.990654939240702	combined_BrafV600E	BrafV600E	combined	Active
Epilepsy	C0014544	CURATED	165	FOS,FOSB,TGFB1	3	3/320	3/14132	0.891247656047405	14132	0.990654939240702	combined_BrafV600E	BrafV600E	combined	Active
Colorectal Carcinoma	C0009402	CURATED	473	BRAF,LAMB3,ARAP3,PSMC5,PIK3CA,CORO2B,HIVEP3,SMTN	8	8/320	8/14132	0.914844636809106	14132	0.990654939240702	combined_BrafV600E	BrafV600E	combined	Active
Intellectual Disability	C3714756	CURATED	694	ZSWIM6,BRAF,GABBR2,ANKH,ASPM,YWHAG,FBXO11,HRAS,ANGPT2,NAA15,CHAF1B,FTSJ1	12	12/320	12/14132	0.920098498409278	14132	0.990654939240702	combined_BrafV600E	BrafV600E	combined	Active
ovarian neoplasm	C0919267	CURATED	182	TUBB3,PIK3CA,AREG	3	3/320	3/14132	0.920597998374256	14132	0.990654939240702	combined_BrafV600E	BrafV600E	combined	Active
Chemical and Drug Induced Liver Injury	C4277682	CURATED	374	SLC25A29,PRKCD,KRT18,NTN1,JUND,HSPA5	6	6/320	6/14132	0.929149442720213	14132	0.990654939240702	combined_BrafV600E	BrafV600E	combined	Active
Neurodevelopmental Disorders	C1535926	CURATED	674	PSMC5,HIVEP3,TUBB3,UNC13A,KDM6B,ZSWIM6,NAA15,KDM2A,MAPK8IP3,FEM1C,FBXO11	11	11/320	11/14132	0.944553893533275	14132	0.990654939240702	combined_BrafV600E	BrafV600E	combined	Active
Schizophrenia	C0036341	CURATED	1047	SREBF1,TPT1,JUN,NTS,TGFB1,CHGA,BTBD9,KCTD12,YWHAE,CCDC68,DHCR24,PIK3CA,TAC1,CHGB,ARC,HOMER1,CSPG4,SH2B3	18	18/320	18/14132	0.945926421006739	14132	0.990654939240702	combined_BrafV600E	BrafV600E	combined	Active
Heart failure	C0018801	CURATED	207	MAP2K1,HMGCS2,GDF15	3	3/320	3/14132	0.950551872436878	14132	0.990654939240702	combined_BrafV600E	BrafV600E	combined	Active
Congestive heart failure	C0018802	CURATED	207	HMGCS2,GDF15,MAP2K1	3	3/320	3/14132	0.950551872436878	14132	0.990654939240702	combined_BrafV600E	BrafV600E	combined	Active
Alzheimer's Disease	C0002395	CURATED	211	SPRED2,DHCR24,ARC	3	3/320	3/14132	0.954209857096664	14132	0.990654939240702	combined_BrafV600E	BrafV600E	combined	Active
Malignant neoplasm of urinary bladder	C0005684	CURATED	218	HRAS,PIK3CA,CDKN1A	3	3/320	3/14132	0.959998525956074	14132	0.990654939240702	combined_BrafV600E	BrafV600E	combined	Active
Cardiomyopathies	C0878544	CURATED	223	TRIB3,YWHAH,HCN4	3	3/320	3/14132	0.963697506058626	14132	0.990654939240702	combined_BrafV600E	BrafV600E	combined	Active
Seizures	C0036572	CURATED	308	ZSWIM6,ALG11,YWHAG,PIK3CA	4	4/320	4/14132	0.97225475082032	14132	0.990654939240702	combined_BrafV600E	BrafV600E	combined	Active
Malignant neoplasm of breast	C0006142	CURATED	744	AGAP2,PIK3CA,FEM1C,TGFB1,FBXO8,TMEM39A,AREG,ARAP3,DUSP1,RAC2,GPC1	11	11/320	11/14132	0.97589352195435	14132	0.990654939240702	combined_BrafV600E	BrafV600E	combined	Active
Global developmental delay	C0557874	CURATED	388	PIK3CA,MAPK8IP3,CHAF1B,BRAF,NAA15	5	5/320	5/14132	0.97776913988455	14132	0.990654939240702	combined_BrafV600E	BrafV600E	combined	Active
Cardiomyopathy, Dilated	C0007193	CURATED	259	HCN4,RAF1,BRAF	3	3/320	3/14132	0.98214382200968	14132	0.990654939240702	combined_BrafV600E	BrafV600E	combined	Active
Microcephaly (physical finding)	C4551563	CURATED	357	YWHAG,CDC6,ASPM,FRMD4A	4	4/320	4/14132	0.988542366177385	14132	0.990654939240702	combined_BrafV600E	BrafV600E	combined	Active
Autism Spectrum Disorders	C1510586	CURATED	572	BAIAP2,CORO1A,NAA15,DHCR24,GABBR2,MAP2K1,FTSJ1	7	7/320	7/14132	0.990654939240702	14132	0.990654939240702	combined_BrafV600E	BrafV600E	combined	Active
Long chain 3-hydroxyacyl-CoA dehydrogenase deficiency	C3711645	CURATED	4	HADHA,HADHB,HMGCL	3	3/93	3/14132	0.000254864370283987	14132	0.0112140322924954	combined_NrasS17N	NrasS17N	combined	Inactive
Schizophrenia	C0036341	CURATED	1047	THBS1,CNTN1,NEFL,TGFB1,KCTD12,GABRB3,CRMP1,DHCR24,TXNDC5,SMARCA2,FADS2,LSAMP,CSPG4	13	13/93	13/14132	0.0414409776400275	14132	0.444670239957801	combined_NrasS17N	NrasS17N	combined	Inactive
Seizures	C0036572	CURATED	308	EEF1B2,EEF1A2,SPTAN1,HTRA1,GABRB3,GALC	6	6/93	6/14132	0.0524999266583808	14132	0.444670239957801	combined_NrasS17N	NrasS17N	combined	Inactive
Spastic Ataxia	C1849156	CURATED	66	SPTAN1,GALC,SLC25A46	3	3/93	3/14132	0.0700823739012907	14132	0.444670239957801	combined_NrasS17N	NrasS17N	combined	Inactive
Developmental Disabilities	C0008073	CURATED	149	EEF1A2,NEFL,SMARCA2,SPTAN1	4	4/93	4/14132	0.0751675860248365	14132	0.444670239957801	combined_NrasS17N	NrasS17N	combined	Inactive
Fibrosis	C0016059	CURATED	69	TGFB1,THBS1,PDGFD	3	3/93	3/14132	0.075698597929343	14132	0.444670239957801	combined_NrasS17N	NrasS17N	combined	Inactive
Neuroblastoma	C0027819	CURATED	75	NRAS,CD44,LMO1	3	3/93	3/14132	0.0873385464946532	14132	0.444670239957801	combined_NrasS17N	NrasS17N	combined	Inactive
Epilepsy	C0014544	CURATED	165	APTX,EEF1A2,GABRB3,TGFB1	4	4/93	4/14132	0.0950653130889529	14132	0.444670239957801	combined_NrasS17N	NrasS17N	combined	Inactive
Pancreatic Neoplasm	C0030297	CURATED	191	TFPI2,CD44,TGFB1,THBS1	4	4/93	4/14132	0.131379843623896	14132	0.444670239957801	combined_NrasS17N	NrasS17N	combined	Inactive
malignant neoplasm of head of pancreas	C0153458	CURATED	191	TGFB1,TFPI2,THBS1,CD44	4	4/93	4/14132	0.131379843623896	14132	0.444670239957801	combined_NrasS17N	NrasS17N	combined	Inactive
Malignant neoplasm of body of pancreas	C0153459	CURATED	191	TFPI2,CD44,TGFB1,THBS1	4	4/93	4/14132	0.131379843623896	14132	0.444670239957801	combined_NrasS17N	NrasS17N	combined	Inactive
Malignant neoplasm of tail of pancreas	C0153460	CURATED	191	TGFB1,CD44,TFPI2,THBS1	4	4/93	4/14132	0.131379843623896	14132	0.444670239957801	combined_NrasS17N	NrasS17N	combined	Inactive
Malignant neoplasm of other specified sites of pancreas	C0153463	CURATED	191	THBS1,CD44,TGFB1,TFPI2	4	4/93	4/14132	0.131379843623896	14132	0.444670239957801	combined_NrasS17N	NrasS17N	combined	Inactive
Osteoarthrosis, localized, not specified whether primary or secondary	C0157946	CURATED	117	HADHA,TGFB1,TFPI2	3	3/93	3/14132	0.179823045828912	14132	0.48140798992561	combined_NrasS17N	NrasS17N	combined	Inactive
Colorectal Carcinoma	C0009402	CURATED	473	GDAP1L1,PDGFD,RASGRF2,IGSF21,CNTN1,NRAS	6	6/93	6/14132	0.200817556001034	14132	0.48140798992561	combined_NrasS17N	NrasS17N	combined	Inactive
Neurodevelopmental delay	C4022738	CURATED	238	SMARCA2,ACTA1,SPTBN1,GABRB3	4	4/93	4/14132	0.206613096348538	14132	0.48140798992561	combined_NrasS17N	NrasS17N	combined	Inactive
Bipolar Disorder	C0005586	CURATED	483	CSRP1,TGFB1,NEFL,FADS2,KCTD12,GABRB3	6	6/93	6/14132	0.212496347199691	14132	0.48140798992561	combined_NrasS17N	NrasS17N	combined	Inactive
Colorectal Neoplasms	C0009404	CURATED	363	TGFB1,FADS2,NRAS,SFRP5,TFPI2	5	5/93	5/14132	0.216821194499633	14132	0.48140798992561	combined_NrasS17N	NrasS17N	combined	Inactive
Charcot-Marie-Tooth Disease	C0007959	CURATED	133	HADHB,SLC25A46,NEFL	3	3/93	3/14132	0.218091310058384	14132	0.48140798992561	combined_NrasS17N	NrasS17N	combined	Inactive
Prostatic Neoplasms	C0033578	CURATED	660	ID3,TXNDC5,SESN3,CD44,TGFB1,CSRP1,TMEFF2	7	7/93	7/14132	0.26747374413972	14132	0.48140798992561	combined_NrasS17N	NrasS17N	combined	Inactive
Neurodevelopmental Disorders	C1535926	CURATED	674	GABRB3,EEF1B2,SMARCA2,EEF1D,SPTBN1,SPTAN1,EEF1A2	7	7/93	7/14132	0.283331830084429	14132	0.48140798992561	combined_NrasS17N	NrasS17N	combined	Inactive
Carcinoma	C0007097	CURATED	163	ID3,RASGRF2,TGFB1	3	3/93	3/14132	0.291177643976211	14132	0.48140798992561	combined_NrasS17N	NrasS17N	combined	Inactive
Malignant epithelioma	C0553707	CURATED	163	ID3,RASGRF2,TGFB1	3	3/93	3/14132	0.291177643976211	14132	0.48140798992561	combined_NrasS17N	NrasS17N	combined	Inactive
Epithelioma	C1368683	CURATED	163	ID3,TGFB1,RASGRF2	3	3/93	3/14132	0.291177643976211	14132	0.48140798992561	combined_NrasS17N	NrasS17N	combined	Inactive
Liver Cirrhosis	C0023890	CURATED	164	TGFB1,THBS1,TUG1	3	3/93	3/14132	0.293614858075316	14132	0.48140798992561	combined_NrasS17N	NrasS17N	combined	Inactive
Atrial Fibrillation	C0004238	CURATED	166	HCN4,CEP68,SLC27A6	3	3/93	3/14132	0.298486124930563	14132	0.48140798992561	combined_NrasS17N	NrasS17N	combined	Inactive
Mood Disorders	C0525045	CURATED	168	HCN4,TGFB1,KCTD12	3	3/93	3/14132	0.303352574387269	14132	0.48140798992561	combined_NrasS17N	NrasS17N	combined	Inactive
Intellectual Disability	C3714756	CURATED	694	EEF1B2,GALC,SMARCA2,SPTAN1,GABRB3,SPTBN1,EEF1A2	7	7/93	7/14132	0.30635053904357	14132	0.48140798992561	combined_NrasS17N	NrasS17N	combined	Inactive
Optic Atrophy	C0029124	CURATED	189	PHYH,SLC25A46,RP9	3	3/93	3/14132	0.353992830011474	14132	0.53560074208346	combined_NrasS17N	NrasS17N	combined	Inactive
Malignant neoplasm of breast	C0006142	CURATED	744	HADHB,TGFB1,HDAC7,SPTAN1,MPLKIP,SCARF2,RASGRF2	7	7/93	7/14132	0.365182324147814	14132	0.53560074208346	combined_NrasS17N	NrasS17N	combined	Inactive
Leukemia, Myelocytic, Acute	C0023467	CURATED	210	TFPI2,NRAS,CD44	3	3/93	3/14132	0.403341150344719	14132	0.572484213392505	combined_NrasS17N	NrasS17N	combined	Inactive
Microcephaly (physical finding)	C4551563	CURATED	357	SPTAN1,SMARCA2,SCARF2,IBA57	4	4/93	4/14132	0.41846078448308	14132	0.575383578664235	combined_NrasS17N	NrasS17N	combined	Inactive
Mammary Neoplasms	C1458155	CURATED	524	THBS1,TFPI2,EEF1B2,HADHB,SFRP5	5	5/93	5/14132	0.454315550741116	14132	0.605754067654822	combined_NrasS17N	NrasS17N	combined	Inactive
Global developmental delay	C0557874	CURATED	388	EEF1B2,GALC,EEF1A2,GABRB3	4	4/93	4/14132	0.47219752766689	14132	0.611079153451269	combined_NrasS17N	NrasS17N	combined	Inactive
melanoma	C0025202	CURATED	250	TFPI2,NRAS,GPAM	3	3/93	3/14132	0.492038401972551	14132	0.618562562479778	combined_NrasS17N	NrasS17N	combined	Inactive
Lung Neoplasms	C0024121	CURATED	269	TGFB1,HTRA1,ID3	3	3/93	3/14132	0.531236418745592	14132	0.649288956244612	combined_NrasS17N	NrasS17N	combined	Inactive
Liver carcinoma	C2239176	CURATED	646	CSPG4,TFPI2,IRS2,TGFB1,NRAS	5	5/93	5/14132	0.620100136269786	14132	0.737416378266773	combined_NrasS17N	NrasS17N	combined	Inactive
Myocardial Ischemia	C0151744	CURATED	338	PDGFD,HADHA,ID3	3	3/93	3/14132	0.655843069488593	14132	0.759397238355213	combined_NrasS17N	NrasS17N	combined	Inactive
Stomach Neoplasms	C0038356	CURATED	349	CD44,IRS2,EEF1A2	3	3/93	3/14132	0.673106820796671	14132	0.759402567052654	combined_NrasS17N	NrasS17N	combined	Inactive
Non-specific syndromic intellectual disability	C5568766	CURATED	367	EEF1A2,SPTBN1,ATXN7L3	3	3/93	3/14132	0.699855598412968	14132	0.761698446199054	combined_NrasS17N	NrasS17N	combined	Inactive
Chemical and Drug Induced Liver Injury	C4277682	CURATED	374	THBS1,HADHA,FADS2	3	3/93	3/14132	0.709764461230936	14132	0.761698446199054	combined_NrasS17N	NrasS17N	combined	Inactive
Autism Spectrum Disorders	C1510586	CURATED	572	SMARCA2,THBS1,GABRB3,DHCR24	4	4/93	4/14132	0.732197583016937	14132	0.767064134589172	combined_NrasS17N	NrasS17N	combined	Inactive
Retinal Dystrophies	C0854723	CURATED	405	PHYH,RP9,SLC25A46	3	3/93	3/14132	0.750447119048275	14132	0.767899377630793	combined_NrasS17N	NrasS17N	combined	Inactive
Malignant neoplasm of prostate	C0376358	CURATED	629	CD44,FBH1,KMT5A,TMEFF2	4	4/93	4/14132	0.78917615121157	14132	0.78917615121157	combined_NrasS17N	NrasS17N	combined	Inactive
Radiation Injuries, Experimental	C0034531	CURATED	12	MAPK3,SOD1,MAPK1	3	3/144	3/14132	0.00636467547911047	14132	0.2054771424193	combined_ERK1WT	ERK1WT	combined	WT
Specific learning disability	C4025790	CURATED	13	RPS6KA3,ADGRL1,MAPK1	3	3/144	3/14132	0.00747189608797455	14132	0.2054771424193	combined_ERK1WT	ERK1WT	combined	WT
Gliosis	C0017639	CURATED	22	MAPK1,MAPK3,SOD1	3	3/144	3/14132	0.020844408972659	14132	0.311837558718894	combined_ERK1WT	ERK1WT	combined	WT
Mitral Valve Prolapse Syndrome	C0026267	CURATED	23	TRPS1,MAP2K2,RPS6KA3	3	3/144	3/14132	0.0226790951795559	14132	0.311837558718894	combined_ERK1WT	ERK1WT	combined	WT
Adenocarcinoma of colon	C0338106	CURATED	31	PIK3R3,MAPK1,MAPK3	3	3/144	3/14132	0.0395426097906689	14132	0.356447991084215	combined_ERK1WT	ERK1WT	combined	WT
Cholestasis, Extrahepatic	C0005398	CURATED	33	MAPK1,MAPK3,TIMP1	3	3/144	3/14132	0.0443146402189468	14132	0.356447991084215	combined_ERK1WT	ERK1WT	combined	WT
Noonan Syndrome	C0028326	CURATED	35	MAP2K2,ERF,SPRED2	3	3/144	3/14132	0.0492879678826131	14132	0.356447991084215	combined_ERK1WT	ERK1WT	combined	WT
Kidney Neoplasm	C0022665	CURATED	36	EIF4EBP1,MAPK1,MAPK3	3	3/144	3/14132	0.0518469805213404	14132	0.356447991084215	combined_ERK1WT	ERK1WT	combined	WT
Nerve Degeneration	C0027746	CURATED	105	MAPK3,SOD1,MAPK1,SHANK3	4	4/144	4/14132	0.0919722283744075	14132	0.531934984782195	combined_ERK1WT	ERK1WT	combined	WT
Large head (disorder)	C2243051	CURATED	53	MAPK1,SHANK3,RPS6KA3	3	3/144	3/14132	0.101557211400794	14132	0.531934984782195	combined_ERK1WT	ERK1WT	combined	WT
Cocaine-Related Disorders	C0236736	CURATED	112	MAPK3,ILK,RPS6KA5,MAPK1	4	4/144	4/14132	0.106386996956439	14132	0.531934984782195	combined_ERK1WT	ERK1WT	combined	WT
Brain Ischemia	C0007786	CURATED	70	MAPK3,MAPK1,SOD1	3	3/144	3/14132	0.159653868827768	14132	0.731746898793935	combined_ERK1WT	ERK1WT	combined	WT
Craniofacial Abnormalities	C0376634	CURATED	150	THRB,TRPS1,ERF,NOTCH1	4	4/144	4/14132	0.197053060216994	14132	0.805744413560039	combined_ERK1WT	ERK1WT	combined	WT
Adenocarcinoma of large intestine (disorder)	C1319315	CURATED	88	MAPK3,RPS6KA2,MAPK1	3	3/144	3/14132	0.225976757066452	14132	0.805744413560039	combined_ERK1WT	ERK1WT	combined	WT
Mood Disorders	C0525045	CURATED	168	DUSP6,HCN4,FKBP5,HSP90AA1	4	4/144	4/14132	0.245037872460018	14132	0.805744413560039	combined_ERK1WT	ERK1WT	combined	WT
Congenital heart disease	C0152021	CURATED	95	SOX7,RAI2,CSRP1	3	3/144	3/14132	0.252359083411757	14132	0.805744413560039	combined_ERK1WT	ERK1WT	combined	WT
Adult Glioblastoma	C0278878	CURATED	98	DUSP6,NOTCH1,FAM83D	3	3/144	3/14132	0.263698171710558	14132	0.805744413560039	combined_ERK1WT	ERK1WT	combined	WT
Primary Glioblastoma	C1514422	CURATED	98	NOTCH1,FAM83D,DUSP6	3	3/144	3/14132	0.263698171710558	14132	0.805744413560039	combined_ERK1WT	ERK1WT	combined	WT
Glioblastoma	C0017636	CURATED	104	FAM83D,NOTCH1,DUSP6	3	3/144	3/14132	0.286374848539364	14132	0.823598875144695	combined_ERK1WT	ERK1WT	combined	WT
Microcephaly (physical finding)	C4551563	CURATED	357	MAPK1,TUBGCP5,TRPS1,GRIP1,TUBGCP6,SCARF2	6	6/144	6/14132	0.299490500052616	14132	0.823598875144695	combined_ERK1WT	ERK1WT	combined	WT
Neoplasm Invasiveness	C0027626	CURATED	198	MAPK1,MAPK3,TIMP1,RPS6KA3	4	4/144	4/14132	0.328105243660144	14132	0.854334670469018	combined_ERK1WT	ERK1WT	combined	WT
Malignant Squamous Cell Neoplasm	C0751688	CURATED	124	NOTCH1,MAPK1,MAPK3	3	3/144	3/14132	0.361078439174735	14132	0.854334670469018	combined_ERK1WT	ERK1WT	combined	WT
HIV Infections	C0019693	CURATED	127	HSP90AA1,EIF4EBP1,HSP90AB1	3	3/144	3/14132	0.372069013979893	14132	0.854334670469018	combined_ERK1WT	ERK1WT	combined	WT
Seizures	C0036572	CURATED	308	MZT2B,HIVEP1,SHANK3,ADGRL1,PCDH19	5	5/144	5/14132	0.384212596305393	14132	0.854334670469018	combined_ERK1WT	ERK1WT	combined	WT
Inflammation	C0021368	CURATED	134	TIMP1,EIF4EBP1,SOD1	3	3/144	3/14132	0.397412220298655	14132	0.854334670469018	combined_ERK1WT	ERK1WT	combined	WT
Major Depressive Disorder	C1269683	CURATED	229	HSP90AA1,PEA15,LSAMP,FKBP5	4	4/144	4/14132	0.413954119567878	14132	0.854334670469018	combined_ERK1WT	ERK1WT	combined	WT
Unipolar Depression	C0041696	CURATED	231	HSP90AA1,LSAMP,PEA15,FKBP5	4	4/144	4/14132	0.419400656412064	14132	0.854334670469018	combined_ERK1WT	ERK1WT	combined	WT
Squamous cell carcinoma	C0007137	CURATED	150	MAPK1,NOTCH1,MAPK3	3	3/144	3/14132	0.453468314510815	14132	0.879340810405353	combined_ERK1WT	ERK1WT	combined	WT
Parkinson Disease	C0030567	CURATED	153	MAPK1,SOD1,MAPK3	3	3/144	3/14132	0.463652427304641	14132	0.879340810405353	combined_ERK1WT	ERK1WT	combined	WT
Short stature	C0349588	CURATED	162	MAPK1,TRPS1,MAP2K2	3	3/144	3/14132	0.49352863511432	14132	0.88154883242966	combined_ERK1WT	ERK1WT	combined	WT
Depressive disorder	C0011581	CURATED	272	FKBP5,SOD1,MAPK3,DUSP6	4	4/144	4/14132	0.526482737311157	14132	0.88154883242966	combined_ERK1WT	ERK1WT	combined	WT
Bipolar Disorder	C0005586	CURATED	483	CSRP1,FKBP5,DUSP6,MAPK1,RPS6KA2,DCLK1	6	6/144	6/14132	0.549327008130595	14132	0.88154883242966	combined_ERK1WT	ERK1WT	combined	WT
Mental Depression	C0011570	CURATED	283	FKBP5,SOD1,DUSP6,MAPK3	4	4/144	4/14132	0.553367609177927	14132	0.88154883242966	combined_ERK1WT	ERK1WT	combined	WT
ovarian neoplasm	C0919267	CURATED	182	SOD1,MAPK3,MAPK1	3	3/144	3/14132	0.556053698830608	14132	0.88154883242966	combined_ERK1WT	ERK1WT	combined	WT
Global developmental delay	C0557874	CURATED	388	PCDH19,SHANK3,RPS6KA3,MZT2B,ADGRL1	5	5/144	5/14132	0.560985620637056	14132	0.88154883242966	combined_ERK1WT	ERK1WT	combined	WT
Liver carcinoma	C2239176	CURATED	646	CSPG4,FAM83D,IRS2,PINX1,RPS6KA3,SOD1,HMMR	7	7/144	7/14132	0.649275571950111	14132	0.929390429359172	combined_ERK1WT	ERK1WT	combined	WT
Rheumatoid Arthritis	C0003873	CURATED	222	SPRED2,FKBP5,SUPT20H	3	3/144	3/14132	0.664178100690353	14132	0.929390429359172	combined_ERK1WT	ERK1WT	combined	WT
Cardiomyopathies	C0878544	CURATED	223	MAPK3,HCN4,MAPK1	3	3/144	3/14132	0.666591252834582	14132	0.929390429359172	combined_ERK1WT	ERK1WT	combined	WT
Prostatic Neoplasms	C0033578	CURATED	660	HSP90AB1,THRB,ERF,MAP2K2,CSRP1,ETV3,MAPK3	7	7/144	7/14132	0.669720076543245	14132	0.929390429359172	combined_ERK1WT	ERK1WT	combined	WT
Neurodevelopmental Disorders	C1535926	CURATED	674	LONP1,SHANK3,MZT2B,ERF,ADGRL1,MRTFB,THRB	7	7/144	7/14132	0.689408797614165	14132	0.929390429359172	combined_ERK1WT	ERK1WT	combined	WT
Neurodevelopmental delay	C4022738	CURATED	238	PCDH19,NEO1,SHANK3	3	3/144	3/14132	0.70114151528741	14132	0.929390429359172	combined_ERK1WT	ERK1WT	combined	WT
Colorectal Neoplasms	C0009404	CURATED	363	ITPKC,IPP,TCF3,DCLK1	4	4/144	4/14132	0.719572515500556	14132	0.929390429359172	combined_ERK1WT	ERK1WT	combined	WT
melanoma	C0025202	CURATED	250	RAP1GAP,MAPK1,MAP2K2	3	3/144	3/14132	0.726614335680807	14132	0.929390429359172	combined_ERK1WT	ERK1WT	combined	WT
Malignant neoplasm of breast	C0006142	CURATED	744	ZNF318,GAB1,KIF16B,SCARF2,RPS6KA3,RAP1GAP,HMMR	7	7/144	7/14132	0.776118516609584	14132	0.955433154507551	combined_ERK1WT	ERK1WT	combined	WT
Mammary Neoplasms	C1458155	CURATED	524	ANKRD34A,HMMR,HSP90AA1,NOTCH1,TRERF1	5	5/144	5/14132	0.786233880440403	14132	0.955433154507551	combined_ERK1WT	ERK1WT	combined	WT
Obesity	C0028754	CURATED	293	SOD1,SLC16A7,PPM1L	3	3/144	3/14132	0.803331319356916	14132	0.955433154507551	combined_ERK1WT	ERK1WT	combined	WT
Intellectual Disability	C3714756	CURATED	694	PCDH19,MAPK1,GRIP1,RPS6KA3,SHANK3,ADGRL1	6	6/144	6/14132	0.841598714520911	14132	0.955433154507551	combined_ERK1WT	ERK1WT	combined	WT
Diabetes Mellitus, Non-Insulin-Dependent	C0011860	CURATED	331	IRS2,SOD1,TIMP1	3	3/144	3/14132	0.854659842088005	14132	0.955433154507551	combined_ERK1WT	ERK1WT	combined	WT
Stomach Neoplasms	C0038356	CURATED	349	MAPK3,IRS2,MAPK1	3	3/144	3/14132	0.874463365682786	14132	0.955433154507551	combined_ERK1WT	ERK1WT	combined	WT
Non-specific syndromic intellectual disability	C5568766	CURATED	367	ADGRL1,TRERF1,ATXN7L3	3	3/144	3/14132	0.891771171370598	14132	0.955433154507551	combined_ERK1WT	ERK1WT	combined	WT
Schizophrenia	C0036341	CURATED	1047	MAPK1,SHANK3,DCLK1,CRMP1,PTPRZ1,MAPK3,LSAMP,CSPG4	8	8/144	8/14132	0.91613787006227	14132	0.955433154507551	combined_ERK1WT	ERK1WT	combined	WT
Retinal Dystrophies	C0854723	CURATED	405	TUBGCP6,TUBGCP4,ATXN7	3	3/144	3/14132	0.921314600931361	14132	0.955433154507551	combined_ERK1WT	ERK1WT	combined	WT
Autism Spectrum Disorders	C1510586	CURATED	572	SHANK3,PCDH19,NOTCH1,RPS6KA2	4	4/144	4/14132	0.934753174565781	14132	0.955433154507551	combined_ERK1WT	ERK1WT	combined	WT
Autistic Disorder	C0004352	CURATED	433	MAPK3,SHANK3,KIF16B	3	3/144	3/14132	0.938061642607414	14132	0.955433154507551	combined_ERK1WT	ERK1WT	combined	WT
Colorectal Carcinoma	C0009402	CURATED	473	ERICH1,CAMSAP2,TCF3	3	3/144	3/14132	0.956252049415018	14132	0.956252049415018	combined_ERK1WT	ERK1WT	combined	WT
Prostatic Neoplasms	C0033578	CURATED	660	ID3,RAF1,KEAP1,SESN3,CD44,AKAP13,CSRP1,TMEFF2,MAP2K1	9	9/75	9/14132	0.0233483018025055	14132	0.263182795665112	combined_MEK1AA	MEK1AA	combined	Inactive
Major Depressive Disorder	C1269683	CURATED	229	HSP90AA1,PRKCB,MAP2K1,SGK1,NEFL	5	5/75	5/14132	0.0334072149243527	14132	0.263182795665112	combined_MEK1AA	MEK1AA	combined	Inactive
Unipolar Depression	C0041696	CURATED	231	SGK1,HSP90AA1,PRKCB,NEFL,MAP2K1	5	5/75	5/14132	0.0343281907389277	14132	0.263182795665112	combined_MEK1AA	MEK1AA	combined	Inactive
Non-Small Cell Lung Carcinoma	C0007131	CURATED	276	KEAP1,PGAM1,MAP2K1,PRKCB,RAF1	5	5/75	5/14132	0.0589665993640606	14132	0.339057946343348	combined_MEK1AA	MEK1AA	combined	Inactive
Carcinoma	C0007097	CURATED	163	SGK1,ID3,PGAM1	3	3/75	3/14132	0.214325540156508	14132	0.476441586985445	combined_MEK1AA	MEK1AA	combined	Inactive
Malignant epithelioma	C0553707	CURATED	163	ID3,SGK1,PGAM1	3	3/75	3/14132	0.214325540156508	14132	0.476441586985445	combined_MEK1AA	MEK1AA	combined	Inactive
Epithelioma	C1368683	CURATED	163	ID3,PGAM1,SGK1	3	3/75	3/14132	0.214325540156508	14132	0.476441586985445	combined_MEK1AA	MEK1AA	combined	Inactive
Renal Cell Carcinoma	C0007134	CURATED	180	KEAP1,AKAP13,MAP2K1	3	3/75	3/14132	0.247626275121022	14132	0.476441586985445	combined_MEK1AA	MEK1AA	combined	Inactive
Pancreatic Neoplasm	C0030297	CURATED	191	TFPI2,CD44,ITGA4	3	3/75	3/14132	0.269293070904817	14132	0.476441586985445	combined_MEK1AA	MEK1AA	combined	Inactive
malignant neoplasm of head of pancreas	C0153458	CURATED	191	TFPI2,ITGA4,CD44	3	3/75	3/14132	0.269293070904817	14132	0.476441586985445	combined_MEK1AA	MEK1AA	combined	Inactive
Malignant neoplasm of body of pancreas	C0153459	CURATED	191	ITGA4,TFPI2,CD44	3	3/75	3/14132	0.269293070904817	14132	0.476441586985445	combined_MEK1AA	MEK1AA	combined	Inactive
Malignant neoplasm of tail of pancreas	C0153460	CURATED	191	ITGA4,CD44,TFPI2	3	3/75	3/14132	0.269293070904817	14132	0.476441586985445	combined_MEK1AA	MEK1AA	combined	Inactive
Malignant neoplasm of other specified sites of pancreas	C0153463	CURATED	191	ITGA4,CD44,TFPI2	3	3/75	3/14132	0.269293070904817	14132	0.476441586985445	combined_MEK1AA	MEK1AA	combined	Inactive
Leukemia, Myelocytic, Acute	C0023467	CURATED	210	TFPI2,SGK1,CD44	3	3/75	3/14132	0.306678878327083	14132	0.503829585823064	combined_MEK1AA	MEK1AA	combined	Inactive
Adenocarcinoma of lung (disorder)	C0152013	CURATED	286	KEAP1,MAP2K1,RAF1	3	3/75	3/14132	0.450330554792689	14132	0.690506850682123	combined_MEK1AA	MEK1AA	combined	Inactive
Intellectual Disability	C3714756	CURATED	694	USP9X,TUSC3,TNRC6C,OPHN1,WDR37	5	5/75	5/14132	0.50628529754248	14132	0.710767751025959	combined_MEK1AA	MEK1AA	combined	Inactive
Mammary Neoplasms	C1458155	CURATED	524	RAF1,TFPI2,PIN1,HSP90AA1	4	4/75	4/14132	0.530008834430093	14132	0.710767751025959	combined_MEK1AA	MEK1AA	combined	Inactive
Stomach Neoplasms	C0038356	CURATED	349	PRKCB,CD44,PGAM1	3	3/75	3/14132	0.556253022542055	14132	0.710767751025959	combined_MEK1AA	MEK1AA	combined	Inactive
Autism Spectrum Disorders	C1510586	CURATED	572	ITGA4,OPHN1,MAP2K1,SCRIB	4	4/75	4/14132	0.590092282603057	14132	0.714322236835279	combined_MEK1AA	MEK1AA	combined	Inactive
Malignant neoplasm of prostate	C0376358	CURATED	629	CD44,FBH1,KMT5A,TMEFF2	4	4/75	4/14132	0.654903406050737	14132	0.738326595544287	combined_MEK1AA	MEK1AA	combined	Inactive
Autistic Disorder	C0004352	CURATED	433	ITGA4,LAMB3,PRKCB	3	3/75	3/14132	0.674124282888262	14132	0.738326595544287	combined_MEK1AA	MEK1AA	combined	Inactive
Bipolar Disorder	C0005586	CURATED	483	CSRP1,PGAM1,NEFL	3	3/75	3/14132	0.731619321919036	14132	0.764874745642628	combined_MEK1AA	MEK1AA	combined	Inactive
Schizophrenia	C0036341	CURATED	1047	NEFL,NTS,MDH1	3	3/75	3/14132	0.978462765967773	14132	0.978462765967773	combined_MEK1AA	MEK1AA	combined	Inactive
LEOPARD Syndrome	C0175704	CURATED	9	MAP2K1,RAF1,MAP2K2,BRAF	4	4/98	4/14132	2.63551380663433e-05	14132	0.00152859800784791	combined_MEK2WT	MEK2WT	combined	WT
Costello syndrome (disorder)	C0587248	CURATED	13	MAP2K1,MAP2K2,RAF1,BRAF	4	4/98	4/14132	8.79403698483818e-05	14132	0.0021529850163646	combined_MEK2WT	MEK2WT	combined	WT
Cardio-facio-cutaneous syndrome	C1275081	CURATED	14	BRAF,MAP2K1,MAP2K2,RAF1	4	4/98	4/14132	0.000111361293949893	14132	0.0021529850163646	combined_MEK2WT	MEK2WT	combined	WT
Noonan Syndrome 1	C4551602	CURATED	21	BRAF,MAP2K1,MAP2K2,RAF1	4	4/98	4/14132	0.000392804654996038	14132	0.00569566749744255	combined_MEK2WT	MEK2WT	combined	WT
Noonan syndrome and Noonan-related syndrome	C5681679	CURATED	25	MAP2K1,BRAF,MAP2K2,RAF1	4	4/98	4/14132	0.000665762667871776	14132	0.0077228469473126	combined_MEK2WT	MEK2WT	combined	WT
RASopathy	C5555857	CURATED	32	MAP2K1,BRAF,MAP2K2,RAF1	4	4/98	4/14132	0.00138616389306031	14132	0.013399584299583	combined_MEK2WT	MEK2WT	combined	WT
Noonan Syndrome	C0028326	CURATED	35	MAP2K2,RAF1,BRAF,MAP2K1	4	4/98	4/14132	0.00180182587625992	14132	0.0149294144032965	combined_MEK2WT	MEK2WT	combined	WT
Major Depressive Disorder	C1269683	CURATED	229	HSP90AA1,HSPA1A,HSPA1L,LSAMP,MAP2K1,SGK1,FKBP5	7	7/98	7/14132	0.00517296675839239	14132	0.0347578134026721	combined_MEK2WT	MEK2WT	combined	WT
Unipolar Depression	C0041696	CURATED	231	SGK1,HSPA1A,HSP90AA1,LSAMP,HSPA1L,FKBP5,MAP2K1	7	7/98	7/14132	0.00539345380386291	14132	0.0347578134026721	combined_MEK2WT	MEK2WT	combined	WT
Glioma	C0017638	CURATED	109	BRAF,SOD1,MAP2K1,RAF1,DMXL1	5	5/98	5/14132	0.00694293139811056	14132	0.037198774781462	combined_MEK2WT	MEK2WT	combined	WT
Malignant Glioma	C0555198	CURATED	112	DMXL1,RAF1,SOD1,BRAF,MAP2K1	5	5/98	5/14132	0.00763033531367107	14132	0.037198774781462	combined_MEK2WT	MEK2WT	combined	WT
melanoma	C0025202	CURATED	250	MAPK1,MAP2K2,HSPA1A,JUNB,FASN,BRAF,MAP2K1	7	7/98	7/14132	0.00784565556666521	14132	0.037198774781462	combined_MEK2WT	MEK2WT	combined	WT
Adenocarcinoma of prostate	C0007112	CURATED	20	MAPK1,RAF1,BRAF	3	3/98	3/14132	0.00833765641653459	14132	0.037198774781462	combined_MEK2WT	MEK2WT	combined	WT
HIV Infections	C0019693	CURATED	127	HSPA9,HSP90AA1,HSPH1,HSP90AB1,PSMC5	5	5/98	5/14132	0.0117396398640241	14132	0.0486356508652426	combined_MEK2WT	MEK2WT	combined	WT
Adenocarcinoma of lung (disorder)	C0152013	CURATED	286	KEAP1,MAP2K1,KSR2,JUNB,FASN,RAF1,BRAF	7	7/98	7/14132	0.0145466792684221	14132	0.0562471598378987	combined_MEK2WT	MEK2WT	combined	WT
Parkinson Disease	C0030567	CURATED	153	HSPA1A,MAPK1,SOD1,HSPA9,HSPA8	5	5/98	5/14132	0.021777802522231	14132	0.0789445341430872	combined_MEK2WT	MEK2WT	combined	WT
Kidney Neoplasm	C0022665	CURATED	36	MAPK1,BRAF,RAF1	3	3/98	3/14132	0.0257340772246272	14132	0.0877986164134339	combined_MEK2WT	MEK2WT	combined	WT
Recurrent major depressive episodes	C0154409	CURATED	40	FKBP5,HSPA1A,HSPA1L	3	3/98	3/14132	0.0312985563720826	14132	0.100850903865599	combined_MEK2WT	MEK2WT	combined	WT
Renal Cell Carcinoma	C0007134	CURATED	180	KEAP1,MAP2K1,C4A,HSPA9,MAPK1	5	5/98	5/14132	0.0364996523353005	14132	0.111419991339338	combined_MEK2WT	MEK2WT	combined	WT
Major depression, single episode (disorder)	C0024517	CURATED	45	FKBP5,HSPA1A,HSPA1L	3	3/98	3/14132	0.0388522305109058	14132	0.112671468481627	combined_MEK2WT	MEK2WT	combined	WT
Bipolar Disorder	C0005586	CURATED	483	FKBP5,PGAM1,HSPA5,MAPK1,YWHAZ,HSPA4,YWHAE,YWHAH	8	8/98	8/14132	0.0505194236374358	14132	0.139529836712918	combined_MEK2WT	MEK2WT	combined	WT
Brain Ischemia	C0007786	CURATED	70	MAPK1,MAP2K1,SOD1	3	3/98	3/14132	0.0848903291011361	14132	0.223801776721177	combined_MEK2WT	MEK2WT	combined	WT
Hypertrophic Cardiomyopathy	C0007194	CURATED	164	FASN,RAF1,MYPN,BRAF	4	4/98	4/14132	0.105522021635369	14132	0.266099011080496	combined_MEK2WT	MEK2WT	combined	WT
Mood Disorders	C0525045	CURATED	168	FKBP5,NTS,HSPA4,HSP90AA1	4	4/98	4/14132	0.111328313371348	14132	0.267464320402925	combined_MEK2WT	MEK2WT	combined	WT
Dysmorphic facies	C0424503	CURATED	84	FASN,MAPK1,MAP2K2	3	3/98	3/14132	0.115286345001261	14132	0.267464320402925	combined_MEK2WT	MEK2WT	combined	WT
Adenocarcinoma of large intestine (disorder)	C1319315	CURATED	88	ARAF,BRAF,MAPK1	3	3/98	3/14132	0.12442102863122	14132	0.26888382339946	combined_MEK2WT	MEK2WT	combined	WT
Non-Small Cell Lung Carcinoma	C0007131	CURATED	276	KEAP1,PGAM1,MAP2K1,BRAF,RAF1	5	5/98	5/14132	0.125170055720438	14132	0.26888382339946	combined_MEK2WT	MEK2WT	combined	WT
Reperfusion Injury	C0035126	CURATED	95	HSPA1A,HSPA8,SOD1	3	3/98	3/14132	0.140802861525227	14132	0.291663070302256	combined_MEK2WT	MEK2WT	combined	WT
Obesity	C0028754	CURATED	293	SOD1,FASN,SLC16A7,KSR2,HSPA5	5	5/98	5/14132	0.146159591108117	14132	0.292319182216233	combined_MEK2WT	MEK2WT	combined	WT
Non-Small Cell Adenocarcinoma	C1335060	CURATED	197	FASN,MAP2K1,BRAF,JUNB	4	4/98	4/14132	0.15676768271803	14132	0.303084186588191	combined_MEK2WT	MEK2WT	combined	WT
Myocardial Ischemia	C0151744	CURATED	338	HSPA2,MAT2A,HSPA1A,HSPA9,JUNB	5	5/98	5/14132	0.207487074437607	14132	0.373414980671884	combined_MEK2WT	MEK2WT	combined	WT
Lupus Erythematosus, Systemic	C0024141	CURATED	124	C4A,HSPA1A,HSPA1L	3	3/98	3/14132	0.212460247623658	14132	0.373414980671884	combined_MEK2WT	MEK2WT	combined	WT
Malignant Squamous Cell Neoplasm	C0751688	CURATED	124	HSPA8,MAPK1,PGAM1	3	3/98	3/14132	0.212460247623658	14132	0.373414980671884	combined_MEK2WT	MEK2WT	combined	WT
Cardiomyopathy, Dilated	C0007193	CURATED	259	FASN,RAF1,BRAF,MYPN	4	4/98	4/14132	0.267599685827661	14132	0.431531201028958	combined_MEK2WT	MEK2WT	combined	WT
Squamous cell carcinoma	C0007137	CURATED	150	HSPA8,PGAM1,MAPK1	3	3/98	3/14132	0.279135583728393	14132	0.431531201028958	combined_MEK2WT	MEK2WT	combined	WT
Lung Neoplasms	C0024121	CURATED	269	JUNB,MAPK1,BRAF,RAF1	4	4/98	4/14132	0.286445721856503	14132	0.431531201028958	combined_MEK2WT	MEK2WT	combined	WT
Mammary Neoplasms	C1458155	CURATED	524	RAF1,EEF1B2,ARAF,ARF1,FASN,HSP90AA1	6	6/98	6/14132	0.298384329599029	14132	0.431531201028958	combined_MEK2WT	MEK2WT	combined	WT
Prostatic Neoplasms	C0033578	CURATED	660	HSP90AB1,RAF1,KEAP1,HSPA1A,MAP2K2,MAP2K1,BRAF	7	7/98	7/14132	0.308162624380581	14132	0.431531201028958	combined_MEK2WT	MEK2WT	combined	WT
Short stature	C0349588	CURATED	162	PDZRN3,MAPK1,MAP2K2	3	3/98	3/14132	0.309931077010328	14132	0.431531201028958	combined_MEK2WT	MEK2WT	combined	WT
Carcinoma	C0007097	CURATED	163	SGK1,YWHAZ,PGAM1	3	3/98	3/14132	0.312488111089935	14132	0.431531201028958	combined_MEK2WT	MEK2WT	combined	WT
Malignant epithelioma	C0553707	CURATED	163	YWHAZ,SGK1,PGAM1	3	3/98	3/14132	0.312488111089935	14132	0.431531201028958	combined_MEK2WT	MEK2WT	combined	WT
Epithelioma	C1368683	CURATED	163	YWHAZ,PGAM1,SGK1	3	3/98	3/14132	0.312488111089935	14132	0.431531201028958	combined_MEK2WT	MEK2WT	combined	WT
ovarian neoplasm	C0919267	CURATED	182	SOD1,FASN,MAPK1	3	3/98	3/14132	0.3606084423218	14132	0.486402084992196	combined_MEK2WT	MEK2WT	combined	WT
Heart failure	C0018801	CURATED	207	MAP2K1,FASN,SOD1	3	3/98	3/14132	0.421948943314904	14132	0.543845304716987	combined_MEK2WT	MEK2WT	combined	WT
Congestive heart failure	C0018802	CURATED	207	FASN,MAP2K1,SOD1	3	3/98	3/14132	0.421948943314904	14132	0.543845304716987	combined_MEK2WT	MEK2WT	combined	WT
Cardiomyopathies	C0878544	CURATED	223	YWHAH,MAPK1,MYPN	3	3/98	3/14132	0.459633572143273	14132	0.575646684553314	combined_MEK2WT	MEK2WT	combined	WT
Liver carcinoma	C2239176	CURATED	646	PCLAF,BRAF,FASN,SOD1,HSPA5,HSPA9	6	6/98	6/14132	0.466472313344927	14132	0.575646684553314	combined_MEK2WT	MEK2WT	combined	WT
Depressive disorder	C0011581	CURATED	272	FKBP5,SOD1,NTS	3	3/98	3/14132	0.565656322232384	14132	0.68350138936413	combined_MEK2WT	MEK2WT	combined	WT
Mental Depression	C0011570	CURATED	283	NTS,FKBP5,SOD1	3	3/98	3/14132	0.587346031505473	14132	0.695225914843213	combined_MEK2WT	MEK2WT	combined	WT
Hypertensive disease	C0020538	CURATED	301	SGK1,KSR2,SOD1	3	3/98	3/14132	0.621112750314404	14132	0.720490790364708	combined_MEK2WT	MEK2WT	combined	WT
Diabetes Mellitus, Non-Insulin-Dependent	C0011860	CURATED	331	SOD1,KSR2,BRAF	3	3/98	3/14132	0.672653032669666	14132	0.764977958722366	combined_MEK2WT	MEK2WT	combined	WT
Stomach Neoplasms	C0038356	CURATED	349	HSPA8,PGAM1,MAPK1	3	3/98	3/14132	0.700796415750844	14132	0.779886435850133	combined_MEK2WT	MEK2WT	combined	WT
Microcephaly (physical finding)	C4551563	CURATED	357	SCRIB,MAPK1,YWHAG	3	3/98	3/14132	0.712654846552708	14132	0.779886435850133	combined_MEK2WT	MEK2WT	combined	WT
Chemical and Drug Induced Liver Injury	C4277682	CURATED	374	FASN,HSPA5,SOD1	3	3/98	3/14132	0.736565459954842	14132	0.783019700223801	combined_MEK2WT	MEK2WT	combined	WT
Schizophrenia	C0036341	CURATED	1047	HSPA1L,NTS,MAPK1,YWHAE,HSPA1A,HSPA9,LSAMP	7	7/98	7/14132	0.742518681246708	14132	0.783019700223801	combined_MEK2WT	MEK2WT	combined	WT
Neurodevelopmental Disorders	C1535926	CURATED	674	PSMC5,FASN,EEF1B2,EEF1D	4	4/98	4/14132	0.852586187602507	14132	0.881335283293722	combined_MEK2WT	MEK2WT	combined	WT
Intellectual Disability	C3714756	CURATED	694	BRAF,MAPK1,EEF1B2,YWHAG	4	4/98	4/14132	0.866139847374865	14132	0.881335283293722	combined_MEK2WT	MEK2WT	combined	WT
Autism Spectrum Disorders	C1510586	CURATED	572	MAP2K1,FASN,SCRIB	3	3/98	3/14132	0.911230237564822	14132	0.911230237564822	combined_MEK2WT	MEK2WT	combined	WT
Costello syndrome (disorder)	C0587248	CURATED	13	MAP2K1,MAP2K2,RAF1,HRAS,KRAS	5	5/156	5/14132	9.45362308189874e-06	14132	0.000498615915761668	combined_Raf1WT	Raf1WT	combined	WT
Cardio-facio-cutaneous syndrome	C1275081	CURATED	14	KRAS,MAP2K1,HRAS,MAP2K2,RAF1	5	5/156	5/14132	1.31214714674123e-05	14132	0.000498615915761668	combined_Raf1WT	Raf1WT	combined	WT
RASopathy	C5555857	CURATED	32	KRAS,HRAS,MAP2K1,RRAS2,MAP2K2,RAF1	6	6/156	6/14132	2.43315344000875e-05	14132	0.000616398871468884	combined_Raf1WT	Raf1WT	combined	WT
Noonan Syndrome	C0028326	CURATED	35	KRAS,HRAS,MAP2K2,RAF1,RRAS2,MAP2K1	6	6/156	6/14132	3.81911462160844e-05	14132	0.000725631778105603	combined_Raf1WT	Raf1WT	combined	WT
Noonan Syndrome 1	C4551602	CURATED	21	KRAS,HRAS,MAP2K1,MAP2K2,RAF1	5	5/156	5/14132	7.38650592331361e-05	14132	0.00112274890034367	combined_Raf1WT	Raf1WT	combined	WT
Noonan syndrome and Noonan-related syndrome	C5681679	CURATED	25	HRAS,MAP2K1,MAP2K2,KRAS,RAF1	5	5/156	5/14132	0.000150846484219563	14132	0.0019107221334478	combined_Raf1WT	Raf1WT	combined	WT
Vascular anomaly	C0158570	CURATED	14	HRAS,KRAS,PIK3R1,MAP2K1	4	4/156	4/14132	0.000439236972197745	14132	0.0047688585552898	combined_Raf1WT	Raf1WT	combined	WT
NOONAN SYNDROME 3	C1860991	CURATED	8	KRAS,RAF1,HRAS	3	3/156	3/14132	0.00324546352728934	14132	0.0308319035092488	combined_Raf1WT	Raf1WT	combined	WT
LEOPARD Syndrome	C0175704	CURATED	9	MAP2K1,RAF1,MAP2K2	3	3/156	3/14132	0.00414257777677076	14132	0.0349817678927309	combined_Raf1WT	Raf1WT	combined	WT
Prostatic Neoplasms	C0033578	CURATED	660	HRAS,HSP90AB1,SELENOS,RAF1,SESN3,ALOX12B,KRAS,MAP2K2,UXT,CSRP1,TTC9C,PIK3R1,SIRT1,TMEFF2,MAP2K1,UCK2	16	16/156	16/14132	0.00634146698606045	14132	0.0481951490940594	combined_Raf1WT	Raf1WT	combined	WT
Carcinoma	C0007097	CURATED	163	KRAS,URI1,SCD,SGK1,YWHAZ,PIK3R1,HRAS	7	7/156	7/14132	0.00944108782425017	14132	0.0551940518956163	combined_Raf1WT	Raf1WT	combined	WT
Malignant epithelioma	C0553707	CURATED	163	HRAS,KRAS,URI1,YWHAZ,SGK1,PIK3R1,SCD	7	7/156	7/14132	0.00944108782425017	14132	0.0551940518956163	combined_Raf1WT	Raf1WT	combined	WT
Epithelioma	C1368683	CURATED	163	PIK3R1,HRAS,KRAS,YWHAZ,URI1,SCD,SGK1	7	7/156	7/14132	0.00944108782425017	14132	0.0551940518956163	combined_Raf1WT	Raf1WT	combined	WT
Impaired glucose tolerance (disorder)	C0271650	CURATED	44	SQSTM1,PIK3R1,SIRT1,SCD	4	4/156	4/14132	0.0125528878938839	14132	0.0681442485667985	combined_Raf1WT	Raf1WT	combined	WT
Hydrops Fetalis, Non-Immune	C0455988	CURATED	50	HRAS,KRAS,DHCR24,THSD1	4	4/156	4/14132	0.0177095672317868	14132	0.0897284739743865	combined_Raf1WT	Raf1WT	combined	WT
Non-Small Cell Adenocarcinoma	C1335060	CURATED	197	TOMM40,UBR5,ALOX12B,UCK2,HRAS,MAP2K1,KRAS	7	7/156	7/14132	0.0221124643598987	14132	0.105034205709519	combined_Raf1WT	Raf1WT	combined	WT
Adenocarcinoma of lung (disorder)	C0152013	CURATED	286	UBR5,ALOX12B,UCK2,MAP2K1,RAF1,TOMM40,KRAS,HRAS	8	8/156	8/14132	0.0394623288478805	14132	0.172353487395608	combined_Raf1WT	Raf1WT	combined	WT
Major Depressive Disorder	C1269683	CURATED	229	TOMM40,HSP90AA1,MAP2K1,SGK1,RNF41,FKBP4,FKBP5	7	7/156	7/14132	0.0415982402735944	14132	0.172353487395608	combined_Raf1WT	Raf1WT	combined	WT
Unipolar Depression	C0041696	CURATED	231	TOMM40,SGK1,HSP90AA1,FKBP4,RNF41,FKBP5,MAP2K1	7	7/156	7/14132	0.043088371848902	14132	0.172353487395608	combined_Raf1WT	Raf1WT	combined	WT
Insulin Resistance	C0021655	CURATED	77	SIRT1,PIK3R1,SQSTM1,SCD	4	4/156	4/14132	0.0534024273133771	14132	0.202929223790833	combined_Raf1WT	Raf1WT	combined	WT
Mood Disorders	C0525045	CURATED	168	SIRT1,FKBP5,NTS,HSP90AA1,SIRT2	5	5/156	5/14132	0.115408993911007	14132	0.417670644630309	combined_Raf1WT	Raf1WT	combined	WT
ovarian neoplasm	C0919267	CURATED	182	ALOX12B,URI1,RRAS2,CCNG1,KRAS	5	5/156	5/14132	0.14232973399184	14132	0.42796562163209	combined_Raf1WT	Raf1WT	combined	WT
melanoma	C0025202	CURATED	250	TFPI2,MAP2K2,GPAM,HRAS,MAP2K1,STIP1	6	6/156	6/14132	0.143325646082185	14132	0.42796562163209	combined_Raf1WT	Raf1WT	combined	WT
Pancreatic Neoplasm	C0030297	CURATED	191	RHBDD1,ALOX12B,TFPI2,KRAS,CCNG1	5	5/156	5/14132	0.160832283699717	14132	0.42796562163209	combined_Raf1WT	Raf1WT	combined	WT
malignant neoplasm of head of pancreas	C0153458	CURATED	191	TFPI2,ALOX12B,KRAS,CCNG1,RHBDD1	5	5/156	5/14132	0.160832283699717	14132	0.42796562163209	combined_Raf1WT	Raf1WT	combined	WT
Malignant neoplasm of body of pancreas	C0153459	CURATED	191	CCNG1,TFPI2,RHBDD1,KRAS,ALOX12B	5	5/156	5/14132	0.160832283699717	14132	0.42796562163209	combined_Raf1WT	Raf1WT	combined	WT
Malignant neoplasm of tail of pancreas	C0153460	CURATED	191	TFPI2,RHBDD1,KRAS,CCNG1,ALOX12B	5	5/156	5/14132	0.160832283699717	14132	0.42796562163209	combined_Raf1WT	Raf1WT	combined	WT
Malignant neoplasm of other specified sites of pancreas	C0153463	CURATED	191	ALOX12B,KRAS,CCNG1,RHBDD1,TFPI2	5	5/156	5/14132	0.160832283699717	14132	0.42796562163209	combined_Raf1WT	Raf1WT	combined	WT
Bipolar Disorder	C0005586	CURATED	483	RNF41,CSRP1,FKBP5,SIRT1,FADS2,YWHAZ,GABRB3,YWHAE,YWHAH	9	9/156	9/14132	0.165675617349561	14132	0.42796562163209	combined_Raf1WT	Raf1WT	combined	WT
Squamous cell carcinoma of lung	C0149782	CURATED	67	KRAS,MAP2K1,HRAS	3	3/156	3/14132	0.168933798012667	14132	0.42796562163209	combined_Raf1WT	Raf1WT	combined	WT
Polycystic Ovary Syndrome	C0032460	CURATED	138	TMEFF2,ASPM,MAPK8IP3,CDC6	4	4/156	4/14132	0.195751945220606	14132	0.479907994734389	combined_Raf1WT	Raf1WT	combined	WT
Microcephaly (physical finding)	C4551563	CURATED	357	YWHAG,LRP6,LRP5,MCM4,CDC6,ASPM,TELO2	7	7/156	7/14132	0.202651155312354	14132	0.48129649386684	combined_Raf1WT	Raf1WT	combined	WT
Liver neoplasms	C0023903	CURATED	146	HRAS,RAF1,SCD,KRAS	4	4/156	4/14132	0.218552447774406	14132	0.503332910025904	combined_Raf1WT	Raf1WT	combined	WT
Malignant neoplasm of upper lobe, bronchus or lung	C0024624	CURATED	87	IRS4,KRAS,MAT2A	3	3/156	3/14132	0.249523184761979	14132	0.507232693319966	combined_Raf1WT	Raf1WT	combined	WT
Malignant neoplasm of middle lobe, bronchus or lung	C0153491	CURATED	87	KRAS,MAT2A,IRS4	3	3/156	3/14132	0.249523184761979	14132	0.507232693319966	combined_Raf1WT	Raf1WT	combined	WT
Malignant neoplasm of lower lobe, bronchus or lung	C0153492	CURATED	87	IRS4,KRAS,MAT2A	3	3/156	3/14132	0.249523184761979	14132	0.507232693319966	combined_Raf1WT	Raf1WT	combined	WT
Malignant neoplasm of other parts of bronchus or lung	C0153493	CURATED	87	KRAS,MAT2A,IRS4	3	3/156	3/14132	0.249523184761979	14132	0.507232693319966	combined_Raf1WT	Raf1WT	combined	WT
Severe myopia	C0271183	CURATED	88	PTPRZ1,LRP6,ANKMY2	3	3/156	3/14132	0.253616346659983	14132	0.507232693319966	combined_Raf1WT	Raf1WT	combined	WT
Short stature	C0349588	CURATED	162	CUL7,WDR6,LRP6,MAP2K2	4	4/156	4/14132	0.265575585140856	14132	0.517531909505257	combined_Raf1WT	Raf1WT	combined	WT
Adenoid Cystic Carcinoma	C0010606	CURATED	97	HRAS,ASPM,MAP2K2	3	3/156	3/14132	0.290467532239189	14132	0.551888311254458	combined_Raf1WT	Raf1WT	combined	WT
Ductal Breast Carcinoma	C1527349	CURATED	103	LRP6,NTS,UBR5	3	3/156	3/14132	0.314933831439269	14132	0.583779785106938	combined_Raf1WT	Raf1WT	combined	WT
Glioma	C0017638	CURATED	109	MAP2K1,HRAS,RAF1	3	3/156	3/14132	0.339213531707672	14132	0.600331747029423	combined_Raf1WT	Raf1WT	combined	WT
Malignant Glioma	C0555198	CURATED	112	RAF1,HRAS,MAP2K1	3	3/156	3/14132	0.351258842795126	14132	0.600331747029423	combined_Raf1WT	Raf1WT	combined	WT
Mammary Neoplasms	C1458155	CURATED	524	NISCH,RAF1,TFPI2,EEF1B2,HRAS,SIRT1,KRAS,HSP90AA1	8	8/156	8/14132	0.358190823351473	14132	0.600331747029423	combined_Raf1WT	Raf1WT	combined	WT
Weight Gain	C0043094	CURATED	115	MEST,SCD,HYCC2	3	3/156	3/14132	0.363229392628559	14132	0.600331747029423	combined_Raf1WT	Raf1WT	combined	WT
Non-Small Cell Lung Carcinoma	C0007131	CURATED	276	MAP2K1,KRAS,HRAS,RAF1,SELENOS	5	5/156	5/14132	0.363358688991493	14132	0.600331747029423	combined_Raf1WT	Raf1WT	combined	WT
Colorectal Neoplasms	C0009404	CURATED	363	AMER1,KRAS,FADS2,NT5C,STIP1,TFPI2	6	6/156	6/14132	0.372530180274883	14132	0.602389227678535	combined_Raf1WT	Raf1WT	combined	WT
Bladder Neoplasm	C0005695	CURATED	206	FBXW8,KRAS,HRAS,TMEFF2	4	4/156	4/14132	0.397969384295578	14132	0.609434487194212	combined_Raf1WT	Raf1WT	combined	WT
Heart failure	C0018801	CURATED	207	MAP2K1,SCD,SIRT1,NISCH	4	4/156	4/14132	0.400943741575139	14132	0.609434487194212	combined_Raf1WT	Raf1WT	combined	WT
Congestive heart failure	C0018802	CURATED	207	SCD,SIRT1,NISCH,MAP2K1	4	4/156	4/14132	0.400943741575139	14132	0.609434487194212	combined_Raf1WT	Raf1WT	combined	WT
HIV Infections	C0019693	CURATED	127	SIRT1,HSP90AA1,HSP90AB1	3	3/156	3/14132	0.4102126313849	14132	0.611297254612792	combined_Raf1WT	Raf1WT	combined	WT
Malignant neoplasm of urinary bladder	C0005684	CURATED	218	HRAS,FBXW8,TMEFF2,KRAS	4	4/156	4/14132	0.433369893065754	14132	0.63338676678841	combined_Raf1WT	Raf1WT	combined	WT
Hereditary Breast and Ovarian Cancer Syndrome	C0677776	CURATED	158	KRAS,EYA2,CCNG1	3	3/156	3/14132	0.522856814737559	14132	0.745169486856899	combined_Raf1WT	Raf1WT	combined	WT
Mental Retardation	C0025362	CURATED	165	KRAS,EEF1B2,KIFBP	3	3/156	3/14132	0.546254135648622	14132	0.745169486856899	combined_Raf1WT	Raf1WT	combined	WT
Malignant neoplasm of large intestine	C0346629	CURATED	173	KRAS,PIK3R1,AMER1	3	3/156	3/14132	0.572006722223811	14132	0.745169486856899	combined_Raf1WT	Raf1WT	combined	WT
Lung Neoplasms	C0024121	CURATED	269	KRAS,HRAS,RAF1,CCNG1	4	4/156	4/14132	0.573241552370328	14132	0.745169486856899	combined_Raf1WT	Raf1WT	combined	WT
Liver carcinoma	C2239176	CURATED	646	PCLAF,TFPI2,ASPM,KRAS,CCNG1,HRAS,SCD,CDC6	8	8/156	8/14132	0.574406603713867	14132	0.745169486856899	combined_Raf1WT	Raf1WT	combined	WT
Non-specific syndromic intellectual disability	C5568766	CURATED	367	CCT6A,MAPK8IP3,YWHAE,DNAJA1,YWHAZ	5	5/156	5/14132	0.580256282724871	14132	0.745169486856899	combined_Raf1WT	Raf1WT	combined	WT
Depressive disorder	C0011581	CURATED	272	FKBP5,GABRB3,NTS,STIP1	4	4/156	4/14132	0.580796342503157	14132	0.745169486856899	combined_Raf1WT	Raf1WT	combined	WT
Renal Cell Carcinoma	C0007134	CURATED	180	MAP2K1,CUL7,ALOX12B	3	3/156	3/14132	0.593664584931655	14132	0.745169486856899	combined_Raf1WT	Raf1WT	combined	WT
Alcoholic Intoxication, Chronic	C0001973	CURATED	279	GABRB3,FKBP5,PIK3R1,NTS	4	4/156	4/14132	0.598096561819353	14132	0.745169486856899	combined_Raf1WT	Raf1WT	combined	WT
Global developmental delay	C0557874	CURATED	388	EEF1B2,USP9X,MAPK8IP3,HERC2,GABRB3	5	5/156	5/14132	0.624296915185685	14132	0.761552891614613	combined_Raf1WT	Raf1WT	combined	WT
Obesity	C0028754	CURATED	293	SCD,SLC16A7,SIRT1,LACTB	4	4/156	4/14132	0.631287265417377	14132	0.761552891614613	combined_Raf1WT	Raf1WT	combined	WT
Leukemia, Myelocytic, Acute	C0023467	CURATED	210	TFPI2,KRAS,SGK1	3	3/156	3/14132	0.677219172568151	14132	0.794784030209832	combined_Raf1WT	Raf1WT	combined	WT
Alzheimer's Disease	C0002395	CURATED	211	DHCR24,TOMM40,PIK3R1	3	3/156	3/14132	0.679749499521567	14132	0.794784030209832	combined_Raf1WT	Raf1WT	combined	WT
Neurodevelopmental Disorders	C1535926	CURATED	674	LONP1,GABRB3,EEF1B2,USP9X,UBR5,MAPK8IP3,CCT6A	7	7/156	7/14132	0.760093621020079	14132	0.875259321174636	combined_Raf1WT	Raf1WT	combined	WT
Intellectual Disability	C3714756	CURATED	694	USP9X,ASPM,EEF1B2,YWHAG,HRAS,GABRB3,FTSJ1	7	7/156	7/14132	0.784127165896133	14132	0.889457680718001	combined_Raf1WT	Raf1WT	combined	WT
Mental Depression	C0011570	CURATED	283	NTS,GABRB3,FKBP5	3	3/156	3/14132	0.823164030904589	14132	0.920006858069835	combined_Raf1WT	Raf1WT	combined	WT
Seizures	C0036572	CURATED	308	EEF1B2,YWHAG,GABRB3	3	3/156	3/14132	0.857628451684777	14132	0.944634236638306	combined_Raf1WT	Raf1WT	combined	WT
Autism Spectrum Disorders	C1510586	CURATED	572	ALOX12B,GABRB3,DHCR24,MAP2K1,FTSJ1	5	5/156	5/14132	0.881223187666712	14132	0.95675660375243	combined_Raf1WT	Raf1WT	combined	WT
Schizophrenia	C0036341	CURATED	1047	KLHL25,NTS,BTBD9,GABRB3,YWHAE,DHCR24,SIRT1,PTPRZ1,FADS2	9	9/156	9/14132	0.899570664204364	14132	0.962920710979319	combined_Raf1WT	Raf1WT	combined	WT
Retinal Dystrophies	C0854723	CURATED	405	LRP5,DNAJC30,CCT2	3	3/156	3/14132	0.940920825819112	14132	0.985172974599471	combined_Raf1WT	Raf1WT	combined	WT
Autistic Disorder	C0004352	CURATED	433	CUL7,GABRB3,HRAS	3	3/156	3/14132	0.9545957980518	14132	0.985172974599471	combined_Raf1WT	Raf1WT	combined	WT
Colorectal Carcinoma	C0009402	CURATED	473	KRAS,IRS4,ZNF480	3	3/156	3/14132	0.969016383011711	14132	0.985172974599471	combined_Raf1WT	Raf1WT	combined	WT
Malignant neoplasm of prostate	C0376358	CURATED	629	FBH1,LRP6,PIK3R1,TMEFF2	4	4/156	4/14132	0.97221017230211	14132	0.985172974599471	combined_Raf1WT	Raf1WT	combined	WT
Malignant neoplasm of breast	C0006142	CURATED	744	KRAS,UBR5,MPLKIP	3	3/156	3/14132	0.997981589592234	14132	0.997981589592234	combined_Raf1WT	Raf1WT	combined	WT
Costello syndrome (disorder)	C0587248	CURATED	13	MAP2K1,MAP2K2,RAF1,SPRED1,HRAS,KRAS	6	6/496	6/14132	5.31703225443439e-05	14132	0.0146218386996946	combined_Raf1S259F	Raf1S259F	combined	Active
Noonan Syndrome	C0028326	CURATED	35	KRAS,EPHA2,HRAS,MAP2K2,RAF1,SPRED1,SPRED2,MAP2K1	8	8/496	8/14132	0.000179921127835405	14132	0.0247391550773682	combined_Raf1S259F	Raf1S259F	combined	Active
HIV Infections	C0019693	CURATED	127	CCT5,LYN,PSMD13,CCT3,SIRT1,HLA-B,HSP90AA1,CDKN1A,CCT7,RAB32,HSP90AB1,MDM2,PSMB4,PSMC5	14	14/496	14/14132	0.000519116381444149	14132	0.0454512871169196	combined_Raf1S259F	Raf1S259F	combined	Active
Prostatic Neoplasms	C0033578	CURATED	660	HRAS,HSP90AB1,LPL,SELENOS,SERINC3,CXCR4,RAF1,ETV4,PIK3CA,PLAUR,LZTS1,CLU,TCP1,GDF15,CD44,EGR1,GJA1,KRAS,MAP2K2,TGFB1,TPT1,SPOP,UXT,CUL3,CSRP1,DNMT3B,ARL6IP1,TTC9C,EPCAM,MDM2,PIK3R1,PRKACB,SIRT1,LIG4,MAP2K1,SPOCK1,ZFP36L2,UCK2,CDKN1A,CHGA	40	40/496	40/14132	0.00102217938041847	14132	0.0454512871169196	combined_Raf1S259F	Raf1S259F	combined	Active
Vascular anomaly	C0158570	CURATED	14	HRAS,KRAS,PIK3R1,MAP2K1,PIK3CA	5	5/496	5/14132	0.00113344932397849	14132	0.0454512871169196	combined_Raf1S259F	Raf1S259F	combined	Active
Cardio-facio-cutaneous syndrome	C1275081	CURATED	14	KRAS,MAP2K1,HRAS,MAP2K2,RAF1	5	5/496	5/14132	0.00113344932397849	14132	0.0454512871169196	combined_Raf1S259F	Raf1S259F	combined	Active
Noonan syndrome and Noonan-related syndrome	C5681679	CURATED	25	HRAS,MAP2K1,MAP2K2,SPRED1,KRAS,RAF1	6	6/496	6/14132	0.00154879961099431	14132	0.0454512871169196	combined_Raf1S259F	Raf1S259F	combined	Active
Non-Small Cell Adenocarcinoma	C1335060	CURATED	197	SPOP,TOMM40,CCT5,UBR5,SLC19A1,UCK2,SFN,ANXA5,HRAS,KPNA2,POLR1D,MAP2K1,DNMT3B,JUNB,IPO5,KRAS,PIK3CA	17	17/496	17/14132	0.0015941413473853	14132	0.0454512871169196	combined_Raf1S259F	Raf1S259F	combined	Active
Carcinoma	C0007097	CURATED	163	KRAS,PKM,URI1,SGK1,YWHAZ,EPCAM,LSR,PLAUR,DNMT3B,LPL,PIK3R1,CORO1A,SPINT2,HRAS,TGFB1	15	15/496	15/14132	0.00181805148467678	14132	0.0454512871169196	combined_Raf1S259F	Raf1S259F	combined	Active
Malignant epithelioma	C0553707	CURATED	163	SPINT2,LSR,HRAS,KRAS,PLAUR,TGFB1,URI1,CORO1A,DNMT3B,LPL,YWHAZ,EPCAM,SGK1,PIK3R1,PKM	15	15/496	15/14132	0.00181805148467678	14132	0.0454512871169196	combined_Raf1S259F	Raf1S259F	combined	Active
Epithelioma	C1368683	CURATED	163	SPINT2,PIK3R1,DNMT3B,HRAS,KRAS,LPL,PLAUR,CORO1A,TGFB1,YWHAZ,URI1,EPCAM,PKM,LSR,SGK1	15	15/496	15/14132	0.00181805148467678	14132	0.0454512871169196	combined_Raf1S259F	Raf1S259F	combined	Active
LEOPARD Syndrome	C0175704	CURATED	9	MAP2K1,RAF1,EPHA2,MAP2K2	4	4/496	4/14132	0.0030816321333108	14132	0.0583360396692957	combined_Raf1S259F	Raf1S259F	combined	Active
Acute polyarticular juvenile rheumatoid arthritis	C0157916	CURATED	138	CLU,PLAUR,JUN,EGR1,FOS,FOSB,KRAS,PER1,TFPI,BTG3,AREG,DUSP1,CXCR4	13	13/496	13/14132	0.00339776922716612	14132	0.0583360396692957	combined_Raf1S259F	Raf1S259F	combined	Active
Pauciarticular juvenile rheumatoid arthritis	C0157917	CURATED	138	PLAUR,BTG3,EGR1,JUN,PER1,TFPI,CXCR4,DUSP1,FOS,AREG,KRAS,CLU,FOSB	13	13/496	13/14132	0.00339776922716612	14132	0.0583360396692957	combined_Raf1S259F	Raf1S259F	combined	Active
Monoarticular juvenile rheumatoid arthritis	C0157918	CURATED	138	DUSP1,BTG3,EGR1,JUN,KRAS,CLU,AREG,PER1,PLAUR,CXCR4,FOS,TFPI,FOSB	13	13/496	13/14132	0.00339776922716612	14132	0.0583360396692957	combined_Raf1S259F	Raf1S259F	combined	Active
Juvenile Chronic Polyarthritis	C0409667	CURATED	138	KRAS,BTG3,CLU,DUSP1,PER1,PLAUR,EGR1,FOSB,JUN,AREG,CXCR4,FOS,TFPI	13	13/496	13/14132	0.00339776922716612	14132	0.0583360396692957	combined_Raf1S259F	Raf1S259F	combined	Active
Hemangiosarcoma	C0018923	CURATED	19	HRAS,KRAS,FLT1,JUN,ANGPT2	5	5/496	5/14132	0.00381835896017208	14132	0.0583360396692957	combined_Raf1S259F	Raf1S259F	combined	Active
Angiosarcoma nonmetastatic	C0854893	CURATED	19	FLT1,HRAS,JUN,KRAS,ANGPT2	5	5/496	5/14132	0.00381835896017208	14132	0.0583360396692957	combined_Raf1S259F	Raf1S259F	combined	Active
Congenital arteriovenous malformation	C0003857	CURATED	10	HRAS,MAP2K1,PIK3CA,ADGRV1	4	4/496	4/14132	0.00428834311606458	14132	0.0620681240483032	combined_Raf1S259F	Raf1S259F	combined	Active
Noonan Syndrome 1	C4551602	CURATED	21	KRAS,HRAS,MAP2K1,MAP2K2,RAF1	5	5/496	5/14132	0.00557795255650524	14132	0.0766968476519471	combined_Raf1S259F	Raf1S259F	combined	Active
Penile Neoplasms	C0030849	CURATED	4	HRAS,KRAS,PIK3CA	3	3/496	3/14132	0.00703732777818127	14132	0.0899704497812122	combined_Raf1S259F	Raf1S259F	combined	Active
melanoma	C0025202	CURATED	250	TFPI2,PPP6C,SLC35G2,GDF15,MDM2,MAP2K2,F2RL1,JUNB,GOPC,FLT1,NUS1,CUL3,GPAM,HRAS,RAC2,MAP2K1,STIP1,CLU	18	18/496	18/14132	0.00719763598249697	14132	0.0899704497812122	combined_Raf1S259F	Raf1S259F	combined	Active
Basal Cell Neoplasm	C0206710	CURATED	141	CHGA,SH3BP4,LPL,FSCN1,UST,JUN,LMAN1,CSPG4,PIK3CA,PROCR,PPP6C,IRS4	12	12/496	12/14132	0.0108906839024621	14132	0.124789086382379	combined_Raf1S259F	Raf1S259F	combined	Active
Malignant basal cell tumor	C1368295	CURATED	141	CHGA,LPL,IRS4,CSPG4,JUN,PPP6C,UST,PROCR,SH3BP4,LMAN1,PIK3CA,FSCN1	12	12/496	12/14132	0.0108906839024621	14132	0.124789086382379	combined_Raf1S259F	Raf1S259F	combined	Active
Histiocytoid hemangioma	C0205788	CURATED	5	ZFP36L2,FOS,FOSB	3	3/496	3/14132	0.0114571163322793	14132	0.126028279655072	combined_Raf1S259F	Raf1S259F	combined	Active
Adenocarcinoma of lung (disorder)	C0152013	CURATED	286	FLT1,KPNA2,UBR5,PIK3CA,UCK2,MAP2K1,SLC19A1,SFN,JUNB,IPO5,RAF1,TOMM40,SPOP,KRAS,POLR1D,CCT5,ANXA5,HRAS,DNMT3B	19	19/496	19/14132	0.0123422529381732	14132	0.130543059922985	combined_Raf1S259F	Raf1S259F	combined	Active
Lung Neoplasms	C0024121	CURATED	269	CDKN1A,EGR1,PIK3CA,TGFB1,IER2,GJA1,JUNB,FOS,CCN1,JUN,KRAS,TFRC,HRAS,PPP2R1B,RAF1,WT1,SPRY2,FOSB	18	18/496	18/14132	0.0142282564363082	14132	0.144917426666102	combined_Raf1S259F	Raf1S259F	combined	Active
Aortic Arch Syndromes	C0003490	CURATED	6	HLA-A,MLX,HLA-B	3	3/496	3/14132	0.0167886603046388	14132	0.164888627991989	combined_Raf1S259F	Raf1S259F	combined	Active
Inflammation	C0021368	CURATED	134	TIMP1,TAC1,SH2B3,PROCR,SELENOS,TGFB1,ZFP36,F2RL1,EGR1,TFRC,PLAUR	11	11/496	11/14132	0.0196416503880803	14132	0.186257029542141	combined_Raf1S259F	Raf1S259F	combined	Active
Adenocarcinoma of colon	C0338106	CURATED	31	PIK3R3,PIK3CA,TGFB1,UBR5,PPP2R1B	5	5/496	5/14132	0.0222732512372901	14132	0.197336338367003	combined_Raf1S259F	Raf1S259F	combined	Active
Takayasu Arteritis	C0039263	CURATED	7	HLA-A,HLA-B,MLX	3	3/496	3/14132	0.0229627739190694	14132	0.197336338367003	combined_Raf1S259F	Raf1S259F	combined	Active
Epidermal Nevus	C0334082	CURATED	7	HRAS,KRAS,PIK3CA	3	3/496	3/14132	0.0229627739190694	14132	0.197336338367003	combined_Raf1S259F	Raf1S259F	combined	Active
RASopathy	C5555857	CURATED	32	KRAS,HRAS,MAP2K1,MAP2K2,RAF1	5	5/496	5/14132	0.0247696680540573	14132	0.206413900450478	combined_Raf1S259F	Raf1S259F	combined	Active
NOONAN SYNDROME 3	C1860991	CURATED	8	KRAS,RAF1,HRAS	3	3/496	3/14132	0.02991398806359	14132	0.23770655511896	combined_Raf1S259F	Raf1S259F	combined	Active
Hydrops Fetalis, Non-Immune	C0455988	CURATED	50	ANGPT2,HRAS,FOXC2,KRAS,DHCR24,THSD1	6	6/496	6/14132	0.0302535615605949	14132	0.23770655511896	combined_Raf1S259F	Raf1S259F	combined	Active
Non-specific syndromic intellectual disability	C5568766	CURATED	367	ATP6V0A1,CCT6A,PSMD11,PSMD12,CUL3,HUWE1,FEM1B,CCT7,MAPK8IP3,YWHAE,EEF1A2,KCNQ2,WSB2,USP2,CCT5,DNAJA1,YWHAZ,NAA15,DNAJA3,CCT4,CCT8	21	21/496	21/14132	0.0347849645394141	14132	0.260722553746301	combined_Raf1S259F	Raf1S259F	combined	Active
Mouth Neoplasms	C0026640	CURATED	52	SFN,HRAS,GPN1,KRAS,PIK3CA,ANXA5	6	6/496	6/14132	0.0350790345040478	14132	0.260722553746301	combined_Raf1S259F	Raf1S259F	combined	Active
Intrahepatic Cholestasis	C0008372	CURATED	9	EGR1,ABCB11,TJP2	3	3/496	3/14132	0.0375803754722412	14132	0.271963243549114	combined_Raf1S259F	Raf1S259F	combined	Active
Mammary Neoplasms	C1458155	CURATED	524	NISCH,FLT1,DICER1,RAF1,PIK3CA,TFPI2,EEF1B2,ETV4,HRAS,JUN,ARF1,CCT5,SIRT1,FOS,GJA1,AREG,KRAS,MDM2,MFGE8,WT1,DNMT3B,ADAMTS1,ETS2,TFRC,CXCR4,HSP90AA1,KRT18	27	27/496	27/14132	0.0480938281683331	14132	0.33912314734081	combined_Raf1S259F	Raf1S259F	combined	Active
Insulin Resistance	C0021655	CURATED	77	NUS1,SIRT1,PIK3R1,SQSTM1,PRKAR1A,IRS2,TBC1D4	7	7/496	7/14132	0.0531381036754424	14132	0.358990726544342	combined_Raf1S259F	Raf1S259F	combined	Active
Papilloma	C0030354	CURATED	11	TGFB1,CDKN1A,HRAS	3	3/496	3/14132	0.0548276745994995	14132	0.358990726544342	combined_Raf1S259F	Raf1S259F	combined	Active
Papillomatosis	C0205875	CURATED	11	CDKN1A,TGFB1,HRAS	3	3/496	3/14132	0.0548276745994995	14132	0.358990726544342	combined_Raf1S259F	Raf1S259F	combined	Active
Osteosarcoma	C0029463	CURATED	60	SQSTM1,PHLDA2,WT1,SIRT1,JUN,CXCR4	6	6/496	6/14132	0.0589292195550775	14132	0.376872915759216	combined_Raf1S259F	Raf1S259F	combined	Active
Muscular Dystrophy, Facioscapulohumeral	C0238288	CURATED	12	CDKN1A,DNMT3B,ACAN	3	3/496	3/14132	0.0643009729052511	14132	0.401039389134205	combined_Raf1S259F	Raf1S259F	combined	Active
Endometriosis	C0014175	CURATED	165	UST,CYP26A1,FKBP5,AREG,DUSP1,KRAS,ERRFI1,SLC20A1,COPS2,DICER1,FOS	11	11/496	11/14132	0.0656246273128699	14132	0.401039389134205	combined_Raf1S259F	Raf1S259F	combined	Active
Philadelphia chromosome positive chronic myelogenous leukemia	C0279543	CURATED	44	WT1,BCR,KRAS,MDM2,PER1	5	5/496	5/14132	0.0675954640023146	14132	0.404103317405141	combined_Raf1S259F	Raf1S259F	combined	Active
Mood Disorders	C0525045	CURATED	168	SIRT1,VGF,HCN4,DNMT3B,FKBP5,FOSB,NTS,TAC1,TGFB1,HSP90AA1,KCTD12	11	11/496	11/14132	0.0721656035155495	14132	0.416843421699343	combined_Raf1S259F	Raf1S259F	combined	Active
Aniridia	C0003076	CURATED	13	WT1,EPHA2,TRIM44	3	3/496	3/14132	0.0742739187755193	14132	0.416843421699343	combined_Raf1S259F	Raf1S259F	combined	Active
Pruritus	C0033774	CURATED	13	F2RL1,TAC1,ABCB11	3	3/496	3/14132	0.0742739187755193	14132	0.416843421699343	combined_Raf1S259F	Raf1S259F	combined	Active
Hyperplasia	C0020507	CURATED	29	MAPK6,ZFP36,PIK3CA,TGFB1	4	4/496	4/14132	0.0800838313358105	14132	0.431824580732312	combined_Raf1S259F	Raf1S259F	combined	Active
Differentiated Thyroid Gland Carcinoma	C1337013	CURATED	29	KRAS,HRAS,TRIM27,PCM1	4	4/496	4/14132	0.0800838313358105	14132	0.431824580732312	combined_Raf1S259F	Raf1S259F	combined	Active
Squamous cell carcinoma	C0007137	CURATED	150	TGFB1,SFN,KRAS,LZTS1,EGR1,FLT1,ANXA5,PIK3CA,HRAS,AREG	10	10/496	10/14132	0.0819450206973675	14132	0.433363090226463	combined_Raf1S259F	Raf1S259F	combined	Active
Glioma	C0017638	CURATED	109	TFRC,MAP2K1,HRAS,RAF1,CCN1,LIG4,HLA-A,CDKN1A	8	8/496	8/14132	0.0888076629480024	14132	0.454313001612866	combined_Raf1S259F	Raf1S259F	combined	Active
Colorectal Neoplasms	C0009404	CURATED	363	SH2B3,AMER1,KDM2A,DICER1,BAMBI,KRAS,LIG4,TGFB1,SPOP,ABCB11,PIK3CA,ZFP36L2,EYA4,TFRC,IER2,CALCOCO2,STIP1,SLC19A1,TFPI2	19	19/496	19/14132	0.0892105530439809	14132	0.454313001612866	combined_Raf1S259F	Raf1S259F	combined	Active
Asthma, Occupational	C0264423	CURATED	15	HLA-B,TGFB1,HERC2	3	3/496	3/14132	0.0955350627369433	14132	0.477675313684716	combined_Raf1S259F	Raf1S259F	combined	Active
Malignant Glioma	C0555198	CURATED	112	LIG4,RAF1,CDKN1A,HRAS,TFRC,MAP2K1,HLA-A,CCN1	8	8/496	8/14132	0.0990342579055854	14132	0.486328945072071	combined_Raf1S259F	Raf1S259F	combined	Active
Cerebral Infarction	C0007785	CURATED	51	HLA-B,TOMM40,THBD,LIPG,HLA-A	5	5/496	5/14132	0.10325725041342	14132	0.498170944977026	combined_Raf1S259F	Raf1S259F	combined	Active
Non-Small Cell Lung Carcinoma	C0007131	CURATED	276	OSMR,LAMC2,PHLDA2,MAP2K1,CHGA,SDHC,KRAS,HRAS,KDM2A,RAF1,ADAMTS1,AREG,MDM2,PIK3CA,SELENOS	15	15/496	15/14132	0.107726597620383	14132	0.504055768675684	combined_Raf1S259F	Raf1S259F	combined	Active
Cholestasis, Extrahepatic	C0005398	CURATED	33	TIMP1,JUN,TGFB1,FOS	4	4/496	4/14132	0.108142874006783	14132	0.504055768675684	combined_Raf1S259F	Raf1S259F	combined	Active
nervous system disorder	C0027765	CURATED	53	SKOR2,SLC19A1,TOMM70,FOS,KCNQ2	5	5/496	5/14132	0.114757449205137	14132	0.524581994710761	combined_Raf1S259F	Raf1S259F	combined	Active
Hemophilia A	C0019069	CURATED	17	LMAN1,TFPI,TGFB1	3	3/496	3/14132	0.118269395171153	14132	0.524581994710761	combined_Raf1S259F	Raf1S259F	combined	Active
Adenocarcinoma of pancreas (disorder)	C0281361	CURATED	17	MAP2K1,RAF1,CXCR4	3	3/496	3/14132	0.118269395171153	14132	0.524581994710761	combined_Raf1S259F	Raf1S259F	combined	Active
Lynch Syndrome	C4552100	CURATED	35	KRAS,EPCAM,PIK3CA,CD44	4	4/496	4/14132	0.123409853692889	14132	0.537867835828613	combined_Raf1S259F	Raf1S259F	combined	Active
Bipolar Disorder	C0005586	CURATED	483	RNF41,PDE10A,CSRP1,FKBP5,SIRT1,INPP1,TGFB1,AKAP11,KCNQ2,MFGE8,YWHAZ,KCTD12,GABRB3,PLEKHO1,LHX5,TAC1,VGF,YWHAE,YWHAH,BHLHE40,CD47,PRKCI,BCR	23	23/496	23/14132	0.127935827086169	14132	0.537867835828613	combined_Raf1S259F	Raf1S259F	combined	Active
Giant Cell Arteritis	C0039483	CURATED	18	MFGE8,P4HA2,HLA-B	3	3/496	3/14132	0.130092807785934	14132	0.537867835828613	combined_Raf1S259F	Raf1S259F	combined	Active
Uremia	C0041948	CURATED	18	TGFB1,FLT1,SGK1	3	3/496	3/14132	0.130092807785934	14132	0.537867835828613	combined_Raf1S259F	Raf1S259F	combined	Active
Malignant neoplasm of lung	C0242379	CURATED	36	SLC19A1,KRAS,PIK3CA,PPP2R1B	4	4/496	4/14132	0.131320612475937	14132	0.537867835828613	combined_Raf1S259F	Raf1S259F	combined	Active
Neoplasms, Bone Tissue	C0206639	CURATED	56	SIRT1,JUN,PHLDA2,WT1,CXCR4	5	5/496	5/14132	0.133000046677621	14132	0.537867835828613	combined_Raf1S259F	Raf1S259F	combined	Active
Adult Renal Wilms' Tumor	C1332219	CURATED	37	COL6A3,AMER1,WT1,DICER1	4	4/496	4/14132	0.139403760515699	14132	0.548699039222728	combined_Raf1S259F	Raf1S259F	combined	Active
Liver neoplasms	C0023903	CURATED	146	CDKN1A,FOSB,HRAS,JUN,RAF1,DICER1,KRT18,KRAS,PDRG1	9	9/496	9/14132	0.14188023488627	14132	0.548699039222728	combined_Raf1S259F	Raf1S259F	combined	Active
Malignant Squamous Cell Neoplasm	C0751688	CURATED	124	AREG,PIK3CA,TGFB1,SFN,LZTS1,ANXA5,HRAS,KRAS	8	8/496	8/14132	0.145966168096623	14132	0.548699039222728	combined_Raf1S259F	Raf1S259F	combined	Active
Adenoma	C0001430	CURATED	38	GJA1,SLC19A1,KRAS,AIP	4	4/496	4/14132	0.147649923281752	14132	0.548699039222728	combined_Raf1S259F	Raf1S259F	combined	Active
Acinar cell adenoma	C0334389	CURATED	38	KRAS,AIP,SLC19A1,GJA1	4	4/496	4/14132	0.147649923281752	14132	0.548699039222728	combined_Raf1S259F	Raf1S259F	combined	Active
Childhood Kidney Wilms Tumor	C1333015	CURATED	38	DICER1,WT1,COL6A3,AMER1	4	4/496	4/14132	0.147649923281752	14132	0.548699039222728	combined_Raf1S259F	Raf1S259F	combined	Active
Malignant neoplasm of large intestine	C0346629	CURATED	173	KRAS,LIG4,PIK3R1,SH2B3,PIK3CA,BAMBI,DICER1,IER2,AMER1,SPOP	10	10/496	10/14132	0.15532041286644	14132	0.569508180510282	combined_Raf1S259F	Raf1S259F	combined	Active
Alopecia	C0002170	CURATED	21	PRKAR1A,HLA-B,ZFP36	3	3/496	3/14132	0.166978833311068	14132	0.59884403787426	combined_Raf1S259F	Raf1S259F	combined	Active
Stomach Neoplasms	C0038356	CURATED	349	PIK3CA,KRAS,CD44,DCBLD2,DNMT3B,ANXA5,AREG,CDKN1A,CCT7,JUN,THBD,CXCR4,FOSL1,IRS2,EEF1A2,HRAS,MDM2	17	17/496	17/14132	0.167676330604793	14132	0.59884403787426	combined_Raf1S259F	Raf1S259F	combined	Active
IGA Glomerulonephritis	C0017661	CURATED	62	CHGA,TIMP1,CD44,SPRY2,TGFB1	5	5/496	5/14132	0.172670665030835	14132	0.608774780557431	combined_Raf1S259F	Raf1S259F	combined	Active
Uveitis	C0042164	CURATED	22	HLA-A,HLA-B,TGFB1	3	3/496	3/14132	0.179644104686634	14132	0.625343402390182	combined_Raf1S259F	Raf1S259F	combined	Active
Pre-Eclampsia	C0032914	CURATED	42	FLT1,HLA-A,CLU,ANXA5	4	4/496	4/14132	0.182078081279193	14132	0.625893404397224	combined_Raf1S259F	Raf1S259F	combined	Active
Diaphragmatic Hernia	C0019284	CURATED	64	FOXC2,WT1,GJA1,TGFB1,STRA6	5	5/496	5/14132	0.186715788123916	14132	0.633911626346628	combined_Raf1S259F	Raf1S259F	combined	Active
Impaired glucose tolerance (disorder)	C0271650	CURATED	44	NUS1,SQSTM1,PIK3R1,SIRT1	4	4/496	4/14132	0.200029473607709	14132	0.670830551733172	combined_Raf1S259F	Raf1S259F	combined	Active
Weight Gain	C0043094	CURATED	115	MYO10,GDF15,MEST,FEZ2,NUS1,ANXA5,PIK3CA	7	7/496	7/14132	0.217149578509117	14132	0.714908054439013	combined_Raf1S259F	Raf1S259F	combined	Active
Rhabdomyosarcoma	C0035412	CURATED	25	DICER1,HRAS,SDHC	3	3/496	3/14132	0.218371914810462	14132	0.714908054439013	combined_Raf1S259F	Raf1S259F	combined	Active
Nephroblastoma	C0027708	CURATED	47	WT1,AMER1,DICER1,COL6A3	4	4/496	4/14132	0.227677323855331	14132	0.715142815534544	combined_Raf1S259F	Raf1S259F	combined	Active
Atrial Fibrillation	C0004238	CURATED	166	HCN4,GOPC,CDKN1A,REEP3,SIRT1,GJA5,USP34,UST,SLC27A6	9	9/496	9/14132	0.228660015956441	14132	0.715142815534544	combined_Raf1S259F	Raf1S259F	combined	Active
Juvenile Myelomonocytic Leukemia	C0349639	CURATED	26	KRAS,SH2B3,RAC2	3	3/496	3/14132	0.231446220300271	14132	0.715142815534544	combined_Raf1S259F	Raf1S259F	combined	Active
Carcinoma of lung	C0684249	CURATED	26	PPP2R1B,KRAS,PIK3CA	3	3/496	3/14132	0.231446220300271	14132	0.715142815534544	combined_Raf1S259F	Raf1S259F	combined	Active
Multiple congenital anomalies/dysmorphic syndrome	C5681310	CURATED	26	KCTD10,THSD1,NTN1	3	3/496	3/14132	0.231446220300271	14132	0.715142815534544	combined_Raf1S259F	Raf1S259F	combined	Active
leukemia	C0023418	CURATED	48	LIG4,BCR,SPHK1,WT1	4	4/496	4/14132	0.237051191502213	14132	0.72432308514565	combined_Raf1S259F	Raf1S259F	combined	Active
Rheumatoid Arthritis	C0003873	CURATED	222	TFPI2,THBD,DNMT3B,PLAUR,GPRC5A,SPRED2,PADI2,ACAN,FKBP5,CCN1,CXCR4	11	11/496	11/14132	0.2540443787126	14132	0.757913265276246	combined_Raf1S259F	Raf1S259F	combined	Active
Hepatolenticular Degeneration	C0019202	CURATED	28	ALG11,ANXA5,TIMP1	3	3/496	3/14132	0.257715849398501	14132	0.757913265276246	combined_Raf1S259F	Raf1S259F	combined	Active
Pneumoconiosis	C0032273	CURATED	28	PTPRZ1,ACAN,ALG11	3	3/496	3/14132	0.257715849398501	14132	0.757913265276246	combined_Raf1S259F	Raf1S259F	combined	Active
Neoplasm Invasiveness	C0027626	CURATED	198	TGFB1,ADAMTS1,ZFP36,CXCR4,HRAS,ARF1,PLAUR,TIMP1,PKM,PIP5K1A	10	10/496	10/14132	0.260854407556969	14132	0.757913265276246	combined_Raf1S259F	Raf1S259F	combined	Active
Liver carcinoma	C2239176	CURATED	646	GDF15,IER2,CSPG4,FOSB,MDM2,PKM,USP2,TFPI2,IRS2,ASPM,SFN,TGFB1,FOS,CCN1,JUN,KRAS,CSRNP1,SPOP,EGR1,DICER1,HRAS,SPOCK1,PIK3CA,ZFP36,HJURP,ADAMTS1,CDC6	27	27/496	27/14132	0.261824582549976	14132	0.757913265276246	combined_Raf1S259F	Raf1S259F	combined	Active
Bradycardia	C0428977	CURATED	29	TAC1,NISCH,NTS	3	3/496	3/14132	0.270873776662404	14132	0.773442972536282	combined_Raf1S259F	Raf1S259F	combined	Active
Myocardial Infarction	C0027051	CURATED	175	TGFB1,CLU,SH2B3,THBD,ANXA5,COL6A3,LPL,TFPI,LIPG	9	9/496	9/14132	0.272814430312798	14132	0.773442972536282	combined_Raf1S259F	Raf1S259F	combined	Active
Congenital anomaly of cartilage (disorder)	C0008449	CURATED	30	FLT1,TGFB1,CHST3	3	3/496	3/14132	0.284024273344719	14132	0.783226336666203	combined_Raf1S259F	Raf1S259F	combined	Active
Hereditary Nonpolyposis Colorectal Neoplasms	C0009405	CURATED	30	KRAS,CD44,EPCAM	3	3/496	3/14132	0.284024273344719	14132	0.783226336666203	combined_Raf1S259F	Raf1S259F	combined	Active
Major Depressive Disorder	C1269683	CURATED	229	TOMM40,HSP90AA1,PSMB4,BCR,GJA1,MAP2K1,SGK1,RNF41,FKBP4,FKBP5,HOMER1	11	11/496	11/14132	0.284809576969528	14132	0.783226336666203	combined_Raf1S259F	Raf1S259F	combined	Active
Unipolar Depression	C0041696	CURATED	231	TOMM40,SGK1,HSP90AA1,PSMB4,BCR,FKBP4,GJA1,HOMER1,RNF41,FKBP5,MAP2K1	11	11/496	11/14132	0.293791898570609	14132	0.793366141110295	combined_Raf1S259F	Raf1S259F	combined	Active
Osteochondrodysplasias	C0029422	CURATED	31	TGFB1,FLT1,CHST3	3	3/496	3/14132	0.297151681943129	14132	0.793366141110295	combined_Raf1S259F	Raf1S259F	combined	Active
Squamous cell carcinoma of mouth	C0585362	CURATED	31	CDKN1A,DNMT3B,TNFRSF10B	3	3/496	3/14132	0.297151681943129	14132	0.793366141110295	combined_Raf1S259F	Raf1S259F	combined	Active
Tuberculoma	C0041295	CURATED	32	HLA-A,HLA-B,CORO1A	3	3/496	3/14132	0.310241448892884	14132	0.806345422830299	combined_Raf1S259F	Raf1S259F	combined	Active
Primary open angle glaucoma	C0339573	CURATED	32	CDKN1A,CARD10,COL6A3	3	3/496	3/14132	0.310241448892884	14132	0.806345422830299	combined_Raf1S259F	Raf1S259F	combined	Active
Carcinoma, Transitional Cell	C0007138	CURATED	56	CD44,SFN,HRAS,CDKN1A	4	4/496	4/14132	0.313741673610335	14132	0.806345422830299	combined_Raf1S259F	Raf1S259F	combined	Active
Transitional Cell Neoplasm	C0334265	CURATED	56	CD44,SFN,CDKN1A,HRAS	4	4/496	4/14132	0.313741673610335	14132	0.806345422830299	combined_Raf1S259F	Raf1S259F	combined	Active
Leukemia, Myelocytic, Acute	C0023467	CURATED	210	RAC2,SPRY4,CXCR4,DNMT3B,WT1,TFPI2,KRAS,ANXA5,SGK1,CD44	10	10/496	10/14132	0.318083041886916	14132	0.809933671471313	combined_Raf1S259F	Raf1S259F	combined	Active
Skin Neoplasms	C0037286	CURATED	57	TGFB1,HRAS,GJA1,FLT1	4	4/496	4/14132	0.323431190513128	14132	0.815996122854222	combined_Raf1S259F	Raf1S259F	combined	Active
Colonic Neoplasms	C0009375	CURATED	160	CDKN1A,CYP26A1,EPCAM,SLC19A1,JUN,KRAS,LPL,WT1	8	8/496	8/14132	0.330714106385282	14132	0.817768114478929	combined_Raf1S259F	Raf1S259F	combined	Active
Autosomal Recessive Primary Microcephaly	C3711387	CURATED	34	ANGPT2,CDK5RAP2,ASPM	3	3/496	3/14132	0.336255018333286	14132	0.817768114478929	combined_Raf1S259F	Raf1S259F	combined	Active
Short stature	C0349588	CURATED	162	PDZRN3,PSMD11,ACAN,CUL7,ANGPT2,WDR6,LRP6,MAP2K2	8	8/496	8/14132	0.342125801309927	14132	0.817768114478929	combined_Raf1S259F	Raf1S259F	combined	Active
Non-specific early-onset epileptic encephalopathy	C5680057	CURATED	59	YWHAG,DHDDS,EEF1A2,NUS1	4	4/496	4/14132	0.342805967445407	14132	0.817768114478929	combined_Raf1S259F	Raf1S259F	combined	Active
Neoplastic Syndromes, Hereditary	C0027672	CURATED	190	DICER1,SDHC,PIK3CA,AIP,SH2B3,HRAS,PRKAR1A,WT1,EPCAM	9	9/496	9/14132	0.350755934745408	14132	0.817768114478929	combined_Raf1S259F	Raf1S259F	combined	Active
Autistic Disorder	C0004352	CURATED	433	GJA1,LAMB3,PER1,ATP6V0A1,PRKCI,INPP1,PLAUR,NAA15,CUL7,REEP3,HLA-A,RANBP9,EEF1A2,SLC19A1,TAOK2,GABRB3,HRAS,ILDR2	18	18/496	18/14132	0.35221759127834	14132	0.817768114478929	combined_Raf1S259F	Raf1S259F	combined	Active
Liver Cirrhosis	C0023890	CURATED	164	FLT1,LAMC2,TGFB1,KRT18,BAMBI,ABCB11,TFPI,TUG1	8	8/496	8/14132	0.353585756752965	14132	0.817768114478929	combined_Raf1S259F	Raf1S259F	combined	Active
Sex Differentiation Disorders	C2930619	CURATED	36	MAMLD1,WT1,SPRY4	3	3/496	3/14132	0.361968496622674	14132	0.817768114478929	combined_Raf1S259F	Raf1S259F	combined	Active
Acute Promyelocytic Leukemia	C0023487	CURATED	61	PRKAR1A,THBD,WT1,CD44	4	4/496	4/14132	0.362135519694686	14132	0.817768114478929	combined_Raf1S259F	Raf1S259F	combined	Active
Hyperalgesia	C0020429	CURATED	87	RAF1,FOS,GJA1,TAC1,THBD	5	5/496	5/14132	0.364956306706005	14132	0.817768114478929	combined_Raf1S259F	Raf1S259F	combined	Active
Osteoporosis	C0029456	CURATED	87	LRP5,PKM,TGFB1,CCT2,CXCR4	5	5/496	5/14132	0.364956306706005	14132	0.817768114478929	combined_Raf1S259F	Raf1S259F	combined	Active
Kidney Failure, Acute	C0022660	CURATED	114	TGFB1,THBD,CD44,SIRT1,CCT7,CLU	6	6/496	6/14132	0.371339043399115	14132	0.817768114478929	combined_Raf1S259F	Raf1S259F	combined	Active
Acute Kidney Insufficiency	C1565662	CURATED	114	CCT7,THBD,SIRT1,CLU,TGFB1,CD44	6	6/496	6/14132	0.371339043399115	14132	0.817768114478929	combined_Raf1S259F	Raf1S259F	combined	Active
Diabetic Retinopathy	C0011884	CURATED	62	CLU,SIRT1,HLA-B,FLT1	4	4/496	4/14132	0.371769325864034	14132	0.817768114478929	combined_Raf1S259F	Raf1S259F	combined	Active
Meniere Disease	C0025281	CURATED	62	HLA-B,EPHA2,ADGRV1,ACAN	4	4/496	4/14132	0.371769325864034	14132	0.817768114478929	combined_Raf1S259F	Raf1S259F	combined	Active
Severe myopia	C0271183	CURATED	88	SLC19A1,PTPRZ1,ATAT1,LRP6,ANKMY2	5	5/496	5/14132	0.372979804573898	14132	0.817768114478929	combined_Raf1S259F	Raf1S259F	combined	Active
Cleft upper lip	C0008924	CURATED	37	SLC19A1,SPRY2,GJA1	3	3/496	3/14132	0.374686481543073	14132	0.817768114478929	combined_Raf1S259F	Raf1S259F	combined	Active
Acute kidney injury	C2609414	CURATED	115	CCT7,CLU,SIRT1,TGFB1,THBD,CD44	6	6/496	6/14132	0.378347655439569	14132	0.818544974061102	combined_Raf1S259F	Raf1S259F	combined	Active
Psychotic Disorders	C0033975	CURATED	89	PDE10A,HLA-B,TGFB1,FKBP5,GADD45B	5	5/496	5/14132	0.380995478835713	14132	0.818544974061102	combined_Raf1S259F	Raf1S259F	combined	Active
Osteoarthrosis, localized, not specified whether primary or secondary	C0157946	CURATED	117	GLS,TGFB1,TFPI2,EDIL3,YWHAQ,CLU	6	6/496	6/14132	0.392357321412261	14132	0.821012697100449	combined_Raf1S259F	Raf1S259F	combined	Active
Vitiligo	C0042900	CURATED	39	CD44,SH2B3,PIK3R1	3	3/496	3/14132	0.399799617629185	14132	0.821012697100449	combined_Raf1S259F	Raf1S259F	combined	Active
Endometrial Carcinoma	C0476089	CURATED	39	HRAS,PIK3R1,PIK3CA	3	3/496	3/14132	0.399799617629185	14132	0.821012697100449	combined_Raf1S259F	Raf1S259F	combined	Active
Squamous cell carcinoma of the head and neck	C1168401	CURATED	65	JUNB,DNMT3B,TNFRSF10B,PIK3CA	4	4/496	4/14132	0.400484804862106	14132	0.821012697100449	combined_Raf1S259F	Raf1S259F	combined	Active
Multiple Myeloma	C0026764	CURATED	146	HLA-A,LIG4,TFRC,KRAS,SGK1,SH2B3,TGFB1	7	7/496	7/14132	0.406286855670252	14132	0.821012697100449	combined_Raf1S259F	Raf1S259F	combined	Active
Myocardial Ischemia	C0151744	CURATED	338	LIPG,GDF15,LPL,SH2B3,TRIB1,ZFP36,DUSP1,PROCR,F2RL1,AREG,TFRC,BHLHE40,JUNB,FEZ2	14	14/496	14/14132	0.407827562161593	14132	0.821012697100449	combined_Raf1S259F	Raf1S259F	combined	Active
Squamous cell carcinoma of lung	C0149782	CURATED	67	KRAS,PIK3CA,MAP2K1,HRAS	4	4/496	4/14132	0.419426036135803	14132	0.821012697100449	combined_Raf1S259F	Raf1S259F	combined	Active
Systemic Scleroderma	C0036421	CURATED	41	CCN1,ANXA5,SIRT1	3	3/496	3/14132	0.424430448296702	14132	0.821012697100449	combined_Raf1S259F	Raf1S259F	combined	Active
Craniofacial Abnormalities	C0376634	CURATED	150	TRIM37,SPRY2,DNMT3B,ETS2,STRA6,GABRB3,FOXC2	7	7/496	7/14132	0.431401020246218	14132	0.821012697100449	combined_Raf1S259F	Raf1S259F	combined	Active
Stevens-Johnson Syndrome	C0038325	CURATED	42	HLA-A,HLA-B,PSMC5	3	3/496	3/14132	0.436548066647577	14132	0.821012697100449	combined_Raf1S259F	Raf1S259F	combined	Active
Severe Combined Immunodeficiency	C0085110	CURATED	42	LIG4,CORO1A,TFRC	3	3/496	3/14132	0.436548066647577	14132	0.821012697100449	combined_Raf1S259F	Raf1S259F	combined	Active
Severe global developmental delay	C1837397	CURATED	42	YWHAG,HUWE1,ATP6V0A1	3	3/496	3/14132	0.436548066647577	14132	0.821012697100449	combined_Raf1S259F	Raf1S259F	combined	Active
Fibrosis	C0016059	CURATED	69	TGFB1,SPHK1,SIRT1,TAC1	4	4/496	4/14132	0.438164884187173	14132	0.821012697100449	combined_Raf1S259F	Raf1S259F	combined	Active
Nonorganic psychosis	C0349204	CURATED	69	FKBP5,GADD45B,TGFB1,PDE10A	4	4/496	4/14132	0.438164884187173	14132	0.821012697100449	combined_Raf1S259F	Raf1S259F	combined	Active
Mixed bipolar I disorder	C0236780	CURATED	98	AKAP11,CD47,PLEKHO1,TAC1,BHLHE40	5	5/496	5/14132	0.452286810577062	14132	0.821012697100449	combined_Raf1S259F	Raf1S259F	combined	Active
Contact Dermatitis	C0011616	CURATED	71	CD44,PSMD12,DUSP1,HSP90AA1	4	4/496	4/14132	0.456670287890359	14132	0.821012697100449	combined_Raf1S259F	Raf1S259F	combined	Active
Brain Injuries	C0270611	CURATED	71	FOS,GABRB3,TRAF4,JUN	4	4/496	4/14132	0.456670287890359	14132	0.821012697100449	combined_Raf1S259F	Raf1S259F	combined	Active
ovarian neoplasm	C0919267	CURATED	182	TFRC,PIK3CA,URI1,CRABP2,EEF1A2,AREG,EPCAM,KRAS	8	8/496	8/14132	0.457192982211366	14132	0.821012697100449	combined_Raf1S259F	Raf1S259F	combined	Active
Bipolar I disorder, most recent episode manic (disorder)	C0024713	CURATED	99	TAC1,CD47,AKAP11,BHLHE40,PLEKHO1	5	5/496	5/14132	0.460063104554833	14132	0.821012697100449	combined_Raf1S259F	Raf1S259F	combined	Active
Mental Retardation, X-Linked Nonsyndromic	C3501611	CURATED	44	FTSJ1,USP9X,HUWE1	3	3/496	3/14132	0.460359196075226	14132	0.821012697100449	combined_Raf1S259F	Raf1S259F	combined	Active
Alzheimer's Disease	C0002395	CURATED	211	WT1,CLU,SPRED2,DHCR24,ARC,ADAMTS1,TOMM40,PIK3R1,LPL	9	9/496	9/14132	0.462972144414499	14132	0.821012697100449	combined_Raf1S259F	Raf1S259F	combined	Active
Prostate cancer, familial	C2931456	CURATED	73	MAP2K1,ATAT1,DNMT3B,KDM2A	4	4/496	4/14132	0.474914264279977	14132	0.821012697100449	combined_Raf1S259F	Raf1S259F	combined	Active
Non-alcoholic Fatty Liver Disease	C0400966	CURATED	101	TGFB1,PRKACA,SIRT1,TRIB1,ADIPOR2	5	5/496	5/14132	0.475499006253452	14132	0.821012697100449	combined_Raf1S259F	Raf1S259F	combined	Active
Nonalcoholic steatohepatitis	C3241937	CURATED	101	SIRT1,PRKACA,TRIB1,ADIPOR2,TGFB1	5	5/496	5/14132	0.475499006253452	14132	0.821012697100449	combined_Raf1S259F	Raf1S259F	combined	Active
Diabetic Nephropathy	C0011881	CURATED	46	CDKN1A,TGFB1,TNFAIP1	3	3/496	3/14132	0.483573252069861	14132	0.821012697100449	combined_Raf1S259F	Raf1S259F	combined	Active
Depressive disorder	C0011581	CURATED	272	TAC1,FKBP5,GABRB3,PRKCI,VGF,NTS,STIP1,TGFB1,TWNK,HOMER1,DUSP1	11	11/496	11/14132	0.486139071944167	14132	0.821012697100449	combined_Raf1S259F	Raf1S259F	combined	Active
Hypertensive disease	C0020538	CURATED	301	FOS,GJA1,SGK1,GJA5,JUN,CHGA,CLU,ITM2B,LPL,COL6A3,TGFB1,TIMP1	12	12/496	12/14132	0.489163254155035	14132	0.821012697100449	combined_Raf1S259F	Raf1S259F	combined	Active
Ductal Breast Carcinoma	C1527349	CURATED	103	HLA-A,LRP6,PRKACB,NTS,UBR5	5	5/496	5/14132	0.490764829109019	14132	0.821012697100449	combined_Raf1S259F	Raf1S259F	combined	Active
Neuroblastoma	C0027819	CURATED	75	PSMD14,HRAS,CD44,KRAS	4	4/496	4/14132	0.492871781177399	14132	0.821012697100449	combined_Raf1S259F	Raf1S259F	combined	Active
Myoepithelioma	C0027070	CURATED	104	CLSPN,EYA4,GABRB3,LRP10,SENP3	5	5/496	5/14132	0.498328841209691	14132	0.821012697100449	combined_Raf1S259F	Raf1S259F	combined	Active
Malignant neoplasm of urinary bladder	C0005684	CURATED	218	HRAS,PIK3CA,CDKN1A,SLC19A1,TFRC,PIP5K1A,IGSF21,LOXL4,KRAS	9	9/496	9/14132	0.499792061984897	14132	0.821012697100449	combined_Raf1S259F	Raf1S259F	combined	Active
Depression, Bipolar	C0005587	CURATED	105	TAC1,BHLHE40,PLEKHO1,CD47,AKAP11	5	5/496	5/14132	0.505844356607923	14132	0.821012697100449	combined_Raf1S259F	Raf1S259F	combined	Active
Hyperglycemia	C0020456	CURATED	48	NUS1,PRKAR1A,IRS2	3	3/496	3/14132	0.506159239779853	14132	0.821012697100449	combined_Raf1S259F	Raf1S259F	combined	Active
Adult Cholangiocarcinoma	C0280725	CURATED	48	PRKACB,PRKACA,KRAS	3	3/496	3/14132	0.506159239779853	14132	0.821012697100449	combined_Raf1S259F	Raf1S259F	combined	Active
Left ventricular noncompaction cardiomyopathy	C4021133	CURATED	48	EYA4,HCN4,RAF1	3	3/496	3/14132	0.506159239779853	14132	0.821012697100449	combined_Raf1S259F	Raf1S259F	combined	Active
Pancreatic Neoplasm	C0030297	CURATED	191	WT1,RHBDD1,LIG4,EPCAM,TFPI2,CD44,TGFB1,KRAS	8	8/496	8/14132	0.507927919281884	14132	0.821012697100449	combined_Raf1S259F	Raf1S259F	combined	Active
malignant neoplasm of head of pancreas	C0153458	CURATED	191	LIG4,TGFB1,TFPI2,WT1,KRAS,EPCAM,CD44,RHBDD1	8	8/496	8/14132	0.507927919281884	14132	0.821012697100449	combined_Raf1S259F	Raf1S259F	combined	Active
Malignant neoplasm of body of pancreas	C0153459	CURATED	191	WT1,TFPI2,RHBDD1,KRAS,LIG4,CD44,EPCAM,TGFB1	8	8/496	8/14132	0.507927919281884	14132	0.821012697100449	combined_Raf1S259F	Raf1S259F	combined	Active
Malignant neoplasm of tail of pancreas	C0153460	CURATED	191	TGFB1,CD44,TFPI2,WT1,RHBDD1,KRAS,EPCAM,LIG4	8	8/496	8/14132	0.507927919281884	14132	0.821012697100449	combined_Raf1S259F	Raf1S259F	combined	Active
Malignant neoplasm of other specified sites of pancreas	C0153463	CURATED	191	KRAS,LIG4,CD44,EPCAM,RHBDD1,TGFB1,WT1,TFPI2	8	8/496	8/14132	0.507927919281884	14132	0.821012697100449	combined_Raf1S259F	Raf1S259F	combined	Active
Malignant neoplasm of body of stomach	C0153421	CURATED	77	FOSL1,PIK3CA,CXCR4,KRAS	4	4/496	4/14132	0.510520622560643	14132	0.821012697100449	combined_Raf1S259F	Raf1S259F	combined	Active
Malignant tumor of lesser curve of stomach	C0153422	CURATED	77	PIK3CA,FOSL1,KRAS,CXCR4	4	4/496	4/14132	0.510520622560643	14132	0.821012697100449	combined_Raf1S259F	Raf1S259F	combined	Active
Malignant tumor of greater curve of stomach	C0153423	CURATED	77	KRAS,PIK3CA,FOSL1,CXCR4	4	4/496	4/14132	0.510520622560643	14132	0.821012697100449	combined_Raf1S259F	Raf1S259F	combined	Active
Leber Congenital Amaurosis	C0339527	CURATED	78	CCT2,LRP5,RPGR,IQCB1	4	4/496	4/14132	0.519223083186469	14132	0.828520316569213	combined_Raf1S259F	Raf1S259F	combined	Active
Mental Retardation	C0025362	CURATED	165	STRA6,NAA15,KRAS,ZCCHC8,EEF1B2,KIFBP,SC5D	7	7/496	7/14132	0.523308414022163	14132	0.828520316569213	combined_Raf1S259F	Raf1S259F	combined	Active
Polycystic Ovary Syndrome	C0032460	CURATED	138	ASPM,ERRFI1,DCBLD2,TFRC,MAPK8IP3,CDC6	6	6/496	6/14132	0.535082418095194	14132	0.828520316569213	combined_Raf1S259F	Raf1S259F	combined	Active
Small cell carcinoma of lung	C0149925	CURATED	80	PIK3R1,LAMC2,LAMB3,DNMT3B	4	4/496	4/14132	0.536373072294834	14132	0.828520316569213	combined_Raf1S259F	Raf1S259F	combined	Active
Ankylosing spondylitis and other inflammatory spondylopathies	C0003089	CURATED	51	EGR1,SIRT1,TIMP1	3	3/496	3/14132	0.538810043780835	14132	0.828520316569213	combined_Raf1S259F	Raf1S259F	combined	Active
Cleft Palate	C0008925	CURATED	51	SPRY2,SLC19A1,TGFB1	3	3/496	3/14132	0.538810043780835	14132	0.828520316569213	combined_Raf1S259F	Raf1S259F	combined	Active
Kidney Diseases	C0022658	CURATED	140	XPNPEP3,THBD,TGFB1,WT1,CDKN1A,CLU	6	6/496	6/14132	0.547942068684782	14132	0.828520316569213	combined_Raf1S259F	Raf1S259F	combined	Active
Primary Biliary Cholangitis	C0008312	CURATED	52	TGFB1,TJP2,CENPB	3	3/496	3/14132	0.549357671619062	14132	0.828520316569213	combined_Raf1S259F	Raf1S259F	combined	Active
Cholangiocarcinoma	C0206698	CURATED	52	PRKACA,PRKACB,KRAS	3	3/496	3/14132	0.549357671619062	14132	0.828520316569213	combined_Raf1S259F	Raf1S259F	combined	Active
Myelodysplasias, Hematopoetic	C2713368	CURATED	52	SPHK1,DNMT3B,KRAS	3	3/496	3/14132	0.549357671619062	14132	0.828520316569213	combined_Raf1S259F	Raf1S259F	combined	Active
Malignant neoplasm of stomach	C0024623	CURATED	111	CXCR4,FOSL1,PIK3CA,EPCAM,KRAS	5	5/496	5/14132	0.549822691831876	14132	0.828520316569213	combined_Raf1S259F	Raf1S259F	combined	Active
Cocaine-Related Disorders	C0236736	CURATED	112	ARC,FOS,FOSB,EGR1,HOMER1	5	5/496	5/14132	0.556952220094819	14132	0.828520316569213	combined_Raf1S259F	Raf1S259F	combined	Active
Gastric Adenocarcinoma	C0278701	CURATED	53	CD44,UBR5,EPHA2	3	3/496	3/14132	0.559734793575012	14132	0.828520316569213	combined_Raf1S259F	Raf1S259F	combined	Active
Hypotension	C0020649	CURATED	55	TAC1,NISCH,MAP2K2	3	3/496	3/14132	0.579973619673129	14132	0.828520316569213	combined_Raf1S259F	Raf1S259F	combined	Active
Autosomal dominant non-syndromic intellectual disability	C5680502	CURATED	55	KCNQ2,EEF1A2,YWHAZ	3	3/496	3/14132	0.579973619673129	14132	0.828520316569213	combined_Raf1S259F	Raf1S259F	combined	Active
Bladder Neoplasm	C0005695	CURATED	206	SLC19A1,KRAS,PIP5K1A,LOXL4,HRAS,IGSF21,TFRC,CDKN1A	8	8/496	8/14132	0.588434674524246	14132	0.828520316569213	combined_Raf1S259F	Raf1S259F	combined	Active
Primary malignant neoplasm of ovary and other uterine adnexa (disorder)	C1299247	CURATED	56	PIK3CA,TFRC,EEF1A2	3	3/496	3/14132	0.589834062119899	14132	0.828520316569213	combined_Raf1S259F	Raf1S259F	combined	Active
Mesothelioma malignant advanced	C0278752	CURATED	117	WT1,RAF1,OSMR,CDKN1A,FGD6	5	5/496	5/14132	0.591663985803786	14132	0.828520316569213	combined_Raf1S259F	Raf1S259F	combined	Active
Diffuse malignant mesothelioma	C0392400	CURATED	117	CDKN1A,RAF1,WT1,FGD6,OSMR	5	5/496	5/14132	0.591663985803786	14132	0.828520316569213	combined_Raf1S259F	Raf1S259F	combined	Active
Asbestos-Related Malignant Mesothelioma	C1332338	CURATED	117	CDKN1A,WT1,OSMR,FGD6,RAF1	5	5/496	5/14132	0.591663985803786	14132	0.828520316569213	combined_Raf1S259F	Raf1S259F	combined	Active
Malignant neoplasm of upper lobe, bronchus or lung	C0024624	CURATED	87	IRS4,PIK3CA,PPP2R1B,KRAS	4	4/496	4/14132	0.593536484301433	14132	0.828520316569213	combined_Raf1S259F	Raf1S259F	combined	Active
Malignant neoplasm of middle lobe, bronchus or lung	C0153491	CURATED	87	KRAS,PPP2R1B,IRS4,PIK3CA	4	4/496	4/14132	0.593536484301433	14132	0.828520316569213	combined_Raf1S259F	Raf1S259F	combined	Active
Malignant neoplasm of lower lobe, bronchus or lung	C0153492	CURATED	87	PIK3CA,IRS4,KRAS,PPP2R1B	4	4/496	4/14132	0.593536484301433	14132	0.828520316569213	combined_Raf1S259F	Raf1S259F	combined	Active
Malignant neoplasm of other parts of bronchus or lung	C0153493	CURATED	87	KRAS,PIK3CA,IRS4,PPP2R1B	4	4/496	4/14132	0.593536484301433	14132	0.828520316569213	combined_Raf1S259F	Raf1S259F	combined	Active
Malignant mesothelioma	C0345967	CURATED	118	RAF1,OSMR,FGD6,WT1,CDKN1A	5	5/496	5/14132	0.5984117035312	14132	0.828520316569213	combined_Raf1S259F	Raf1S259F	combined	Active
Heart Diseases	C0018799	CURATED	57	SIRT1,RAC2,TIMP1	3	3/496	3/14132	0.599521439269236	14132	0.828520316569213	combined_Raf1S259F	Raf1S259F	combined	Active
Myopathy	C0026848	CURATED	88	CLU,COL6A3,LPL,TGFB1	4	4/496	4/14132	0.601320837703582	14132	0.828520316569213	combined_Raf1S259F	Raf1S259F	combined	Active
Breast Cancer, Familial	C0346153	CURATED	88	EPCAM,PIK3CA,PIK3R3,KRAS	4	4/496	4/14132	0.601320837703582	14132	0.828520316569213	combined_Raf1S259F	Raf1S259F	combined	Active
Microcephaly (physical finding)	C4551563	CURATED	357	ATP6V0A1,YWHAG,LRP6,LRP5,SPOCK1,TUBGCP6,SCARF2,CDC6,ASPM,MSI1,FRMD4A,CDK5RAP2,NUS1	13	13/496	13/14132	0.602560230232155	14132	0.828520316569213	combined_Raf1S259F	Raf1S259F	combined	Active
Renal Cell Carcinoma	C0007134	CURATED	180	PIK3CA,MAP2K1,FLT1,CUL7,BTG3,SDHC,TGFB1	7	7/496	7/14132	0.608728361731011	14132	0.83283731082601	combined_Raf1S259F	Raf1S259F	combined	Active
Necrosis	C0027540	CURATED	59	LPL,KRT18,BCR	3	3/496	3/14132	0.618377124366731	14132	0.837703000989414	combined_Raf1S259F	Raf1S259F	combined	Active
Cerebrovascular accident	C0038454	CURATED	59	SH2B3,TGFB1,PIK3CA	3	3/496	3/14132	0.618377124366731	14132	0.837703000989414	combined_Raf1S259F	Raf1S259F	combined	Active
Nephrotic Syndrome	C0027726	CURATED	91	SYNPO,TNS2,TGFB1,WT1	4	4/496	4/14132	0.624079479381489	14132	0.841283611911321	combined_Raf1S259F	Raf1S259F	combined	Active
Medulloblastoma	C0025149	CURATED	61	SMYD4,DICER1,IRS2	3	3/496	3/14132	0.63654298246574	14132	0.853899122819895	combined_Raf1S259F	Raf1S259F	combined	Active
Reperfusion Injury	C0035126	CURATED	95	FOS,JUN,CDKN1A,EGR1	4	4/496	4/14132	0.653015913257553	14132	0.867533218095783	combined_Raf1S259F	Raf1S259F	combined	Active
Congenital heart disease	C0152021	CURATED	95	GJA5,GJA1,USP34,CSRP1	4	4/496	4/14132	0.653015913257553	14132	0.867533218095783	combined_Raf1S259F	Raf1S259F	combined	Active
Adenoid Cystic Carcinoma	C0010606	CURATED	97	HRAS,ASPM,MAP2K2,PIK3CA	4	4/496	4/14132	0.666874475021814	14132	0.880435033300961	combined_Raf1S259F	Raf1S259F	combined	Active
Neurodevelopmental Disorders	C1535926	CURATED	674	PSMC5,TCP1,LONP1,CCT7,CCT4,GABRB3,EEF1B2,KCNQ2,ZCCHC8,PSMD12,CCT3,EEF1D,USP9X,UBR5,PRKACA,NAA15,CCT8,EEF1A2,KDM2A,MAPK8IP3,DICER1,CUL3,CCT6A	23	23/496	23/14132	0.669406657965527	14132	0.880435033300961	combined_Raf1S259F	Raf1S259F	combined	Active
Acute lymphocytic leukemia	C0023449	CURATED	98	KRAS,BCR,SLC19A1,SH2B3	4	4/496	4/14132	0.673650927583227	14132	0.880435033300961	combined_Raf1S259F	Raf1S259F	combined	Active
Breast Carcinoma	C0678222	CURATED	66	LZTS1,TFRC,PIK3CA	3	3/496	3/14132	0.67898044195961	14132	0.880435033300961	combined_Raf1S259F	Raf1S259F	combined	Active
Autosomal recessive non-syndromic intellectual disability	C5680181	CURATED	67	NAA20,EEF1B2,EEF1D	3	3/496	3/14132	0.686966731369573	14132	0.880435033300961	combined_Raf1S259F	Raf1S259F	combined	Active
Epilepsy	C0014544	CURATED	165	KCNQ2,EEF1A2,GABRB3,FOS,FOSB,TGFB1	6	6/496	6/14132	0.692091300862283	14132	0.880435033300961	combined_Raf1S259F	Raf1S259F	combined	Active
Colon Carcinoma	C0699790	CURATED	68	FLT1,EPCAM,PIK3CA	3	3/496	3/14132	0.694789275563775	14132	0.880435033300961	combined_Raf1S259F	Raf1S259F	combined	Active
Pneumonia	C0032285	CURATED	69	SIRT1,EGR1,TGFB1	3	3/496	3/14132	0.702449705157106	14132	0.880435033300961	combined_Raf1S259F	Raf1S259F	combined	Active
Status Epilepticus	C0038220	CURATED	69	JUNB,FOS,JUN	3	3/496	3/14132	0.702449705157106	14132	0.880435033300961	combined_Raf1S259F	Raf1S259F	combined	Active
Brain Ischemia	C0007786	CURATED	70	JUN,MAP2K1,EGR1	3	3/496	3/14132	0.709949738067289	14132	0.880435033300961	combined_Raf1S259F	Raf1S259F	combined	Active
Spontaneous abortion	C0000786	CURATED	104	COL6A3,GLS,TFRC,TGFB1	4	4/496	4/14132	0.712178029863665	14132	0.880435033300961	combined_Raf1S259F	Raf1S259F	combined	Active
Global developmental delay	C0557874	CURATED	388	EEF1B2,PDE10A,USP9X,PIK3CA,ATP6V0A1,CEP97,HUWE1,MAPK8IP3,EEF1A2,KCNQ2,HERC2,NAA15,GABRB3	13	13/496	13/14132	0.714012582397506	14132	0.880435033300961	combined_Raf1S259F	Raf1S259F	combined	Active
Dermatitis, Allergic Contact	C0162820	CURATED	71	ETS2,RAB32,UPP1	3	3/496	3/14132	0.717291171405752	14132	0.880435033300961	combined_Raf1S259F	Raf1S259F	combined	Active
Autism Spectrum Disorders	C1510586	CURATED	572	CUL3,HUWE1,CORO1A,DNMT3B,CLN8,TAOK2,CHST3,SLC19A1,NAA15,FLT1,GABRB3,DHCR24,TFRC,LOXL4,MAP2K1,FTSJ1,KCNQ2,ARSB,TJP2	19	19/496	19/14132	0.717625474028618	14132	0.880435033300961	combined_Raf1S259F	Raf1S259F	combined	Active
Non-syndromic genetic hearing loss	C5680182	CURATED	105	EYA4,TJP2,GJA1,ADGRV1	4	4/496	4/14132	0.718246667312363	14132	0.880435033300961	combined_Raf1S259F	Raf1S259F	combined	Active
Malignant neoplasm of ovary	C1140680	CURATED	139	PIK3CA,TFRC,EEF1A2,WT1,DICER1	5	5/496	5/14132	0.723808054194962	14132	0.880435033300961	combined_Raf1S259F	Raf1S259F	combined	Active
Lung diseases	C0024115	CURATED	72	SPRY2,STRA6,TGFB1	3	3/496	3/14132	0.724475873828162	14132	0.880435033300961	combined_Raf1S259F	Raf1S259F	combined	Active
Kidney Failure, Chronic	C0022661	CURATED	107	CHGA,TGFB1,COL6A3,GJA1	4	4/496	4/14132	0.730085700146782	14132	0.880435033300961	combined_Raf1S259F	Raf1S259F	combined	Active
Chronic ischemic heart disease	C0264694	CURATED	174	SH2B3,LPL,TRIB1,LIPG,PROCR,GDF15	6	6/496	6/14132	0.735540159757288	14132	0.880435033300961	combined_Raf1S259F	Raf1S259F	combined	Active
Cholestasis	C0008370	CURATED	108	EGR1,ABCB11,WT1,BTG3	4	4/496	4/14132	0.735857230888955	14132	0.880435033300961	combined_Raf1S259F	Raf1S259F	combined	Active
Male infertility with azoospermia or oligozoospermia due to single gene mutation	C5681165	CURATED	74	HUWE1,WT1,MAP2K1	3	3/496	3/14132	0.738382875413283	14132	0.880435033300961	combined_Raf1S259F	Raf1S259F	combined	Active
Heart failure	C0018801	CURATED	207	MAP2K1,EYA4,BAMBI,PRKACA,SIRT1,NISCH,GDF15	7	7/496	7/14132	0.738610497063291	14132	0.880435033300961	combined_Raf1S259F	Raf1S259F	combined	Active
Congestive heart failure	C0018802	CURATED	207	BAMBI,PRKACA,EYA4,SIRT1,NISCH,GDF15,MAP2K1	7	7/496	7/14132	0.738610497063291	14132	0.880435033300961	combined_Raf1S259F	Raf1S259F	combined	Active
Coronary Arteriosclerosis	C0010054	CURATED	175	GDF15,SH2B3,TRIB1,PROCR,LPL,LIPG	6	6/496	6/14132	0.740080513839866	14132	0.880435033300961	combined_Raf1S259F	Raf1S259F	combined	Active
Asthma	C0004096	CURATED	208	EGR1,TGFB1,THBD,AREG,F2RL1,FKBP5,HLA-B	7	7/496	7/14132	0.742767009912084	14132	0.880435033300961	combined_Raf1S259F	Raf1S259F	combined	Active
Pulmonary Fibrosis	C0034069	CURATED	113	AREG,TGFB1,TFPI,TIMP1	4	4/496	4/14132	0.763261671631984	14132	0.896128179012415	combined_Raf1S259F	Raf1S259F	combined	Active
Alcoholic Intoxication, Chronic	C0001973	CURATED	279	GABRB3,PHLDA2,PDE10A,FKBP5,PIK3R1,ARC,NTS,TAC1,TESK2	9	9/496	9/14132	0.767904546900764	14132	0.896128179012415	combined_Raf1S259F	Raf1S259F	combined	Active
Coronary heart disease	C0010068	CURATED	182	PROCR,LIPG,GDF15,SH2B3,LPL,TRIB1	6	6/496	6/14132	0.7702680493031	14132	0.896128179012415	combined_Raf1S259F	Raf1S259F	combined	Active
Myocardial Reperfusion Injury	C0027055	CURATED	79	SIRT1,GJA1,TFRC	3	3/496	3/14132	0.770549170379462	14132	0.896128179012415	combined_Raf1S259F	Raf1S259F	combined	Active
Developmental Disabilities	C0008073	CURATED	149	KCNQ2,EEF1A2,MAPK8IP3,NAA15,USP9X	5	5/496	5/14132	0.772299557912518	14132	0.896128179012415	combined_Raf1S259F	Raf1S259F	combined	Active
Esophageal Neoplasms	C0014859	CURATED	82	SFN,LZTS1,CYP26A1	3	3/496	3/14132	0.788151701051153	14132	0.910679486508685	combined_Raf1S259F	Raf1S259F	combined	Active
Gilles de la Tourette syndrome	C0040517	CURATED	83	SPRY2,GOPC,HCN4	3	3/496	3/14132	0.793749712806206	14132	0.911667139682988	combined_Raf1S259F	Raf1S259F	combined	Active
Dysmorphic facies	C0424503	CURATED	84	KCNQ2,MAP2K2,HUWE1	3	3/496	3/14132	0.799216751598307	14132	0.911667139682988	combined_Raf1S259F	Raf1S259F	combined	Active
Adenocarcinoma	C0001418	CURATED	121	PIK3CA,CYP26A1,TGFB1,KRAS	4	4/496	4/14132	0.802267082921029	14132	0.911667139682988	combined_Raf1S259F	Raf1S259F	combined	Active
Spastic Paraplegia, Hereditary	C0037773	CURATED	121	TWNK,ARL6IP1,DNAJC16,CCT5	4	4/496	4/14132	0.802267082921029	14132	0.911667139682988	combined_Raf1S259F	Raf1S259F	combined	Active
Rare genetic syndromic intellectual disability	C5680525	CURATED	87	HUWE1,NAA15,PSMD12	3	3/496	3/14132	0.814854791048748	14132	0.922160771762986	combined_Raf1S259F	Raf1S259F	combined	Active
Schizophrenia	C0036341	CURATED	1047	TPT1,AKAP11,JUN,KCNQ2,IPO5,NTS,PCM1,TGFB1,CHGA,BTBD9,KCTD12,DNMT3B,GABRB3,YWHAE,CLU,DHCR24,SIRT1,HLA-A,LPL,PIK3CA,PTPRZ1,TAC1,CHGB,ARC,BHLHE40,HOMER1,HLA-B,ARSB,CSPG4,SYT11,DICER1,SH2B3,RANBP9	33	33/496	33/14132	0.819253646328338	14132	0.923339150574971	combined_Raf1S259F	Raf1S259F	combined	Active
Squamous cell carcinoma of esophagus	C0279626	CURATED	127	CDKN1A,ZCCHC12,SFN,LZTS1	4	4/496	4/14132	0.827860315261996	14132	0.929230966110404	combined_Raf1S259F	Raf1S259F	combined	Active
Precursor Lymphoid Neoplasm	C1335469	CURATED	91	SLC19A1,BCR,KRAS	3	3/496	3/14132	0.834009804871305	14132	0.932328033900849	combined_Raf1S259F	Raf1S259F	combined	Active
Muscle hypotonia	C0026827	CURATED	93	ATP6V0A1,YWHAG,CDK5RAP2	3	3/496	3/14132	0.842901131861154	14132	0.938452677173349	combined_Raf1S259F	Raf1S259F	combined	Active
Endometrial Neoplasms	C0014170	CURATED	94	PIK3R1,TSPYL2,SPOP	3	3/496	3/14132	0.847183027832042	14132	0.93941666392666	combined_Raf1S259F	Raf1S259F	combined	Active
Seizures	C0036572	CURATED	308	ATP6V0A1,EEF1B2,ALG11,YWHAG,EEF1A2,PIK3CA,CLN8,GABRB3,KCNQ2	9	9/496	9/14132	0.85166019742589	14132	0.940588571454296	combined_Raf1S259F	Raf1S259F	combined	Active
Adult Glioblastoma	C0278878	CURATED	98	BHLHE40,MDM2,WT1	3	3/496	3/14132	0.863269570572883	14132	0.945813274532043	combined_Raf1S259F	Raf1S259F	combined	Active
Primary Glioblastoma	C1514422	CURATED	98	BHLHE40,MDM2,WT1	3	3/496	3/14132	0.863269570572883	14132	0.945813274532043	combined_Raf1S259F	Raf1S259F	combined	Active
Cardiomyopathy, Hypertrophic, Familial	C0949658	CURATED	99	KRAS,EYA4,RAF1	3	3/496	3/14132	0.867041612294946	14132	0.946176362623453	combined_Raf1S259F	Raf1S259F	combined	Active
Mental Depression	C0011570	CURATED	283	PRKCI,TAC1,NTS,GABRB3,FKBP5,DUSP1,VGF,HOMER1	8	8/496	8/14132	0.872605602117718	14132	0.947447404359399	combined_Raf1S259F	Raf1S259F	combined	Active
Chronic Obstructive Airway Disease	C0024117	CURATED	102	CDKN1A,TGFB1,F2RL1	3	3/496	3/14132	0.877792008480778	14132	0.947447404359399	combined_Raf1S259F	Raf1S259F	combined	Active
Glioblastoma	C0017636	CURATED	104	BHLHE40,WT1,MDM2	3	3/496	3/14132	0.884507677900788	14132	0.947447404359399	combined_Raf1S259F	Raf1S259F	combined	Active
Nerve Degeneration	C0027746	CURATED	105	SIRT1,CD44,ETS2	3	3/496	3/14132	0.887736047038427	14132	0.947447404359399	combined_Raf1S259F	Raf1S259F	combined	Active
Obesity	C0028754	CURATED	293	LPL,FOS,NMU,TFRC,PRKAR1A,FOXC2,VGF,SIRT1	8	8/496	8/14132	0.89347857333197	14132	0.947447404359399	combined_Raf1S259F	Raf1S259F	combined	Active
Intellectual Disability	C3714756	CURATED	694	USP9X,HUWE1,ASPM,EEF1B2,GJA1,CUL3,ZCCHC8,YWHAG,CEP97,HRAS,CLN8,GABRB3,EEF1A2,ANGPT2,KCNQ2,GPRASP1,ATP6V0A1,PSMD12,NAA15,FTSJ1	20	20/496	20/14132	0.895898247239922	14132	0.947447404359399	combined_Raf1S259F	Raf1S259F	combined	Active
hearing impairment	C1384666	CURATED	187	RPGR,EYA4,POLR1D,ADGRV1,TJP2	5	5/496	5/14132	0.898162377490487	14132	0.947447404359399	combined_Raf1S259F	Raf1S259F	combined	Active
Diabetes Mellitus, Non-Insulin-Dependent	C0011860	CURATED	331	IRS2,LPL,PIK3R1,TIMP1,ADIPOR2,SIRT1,FOXC2,SPHK1,NUS1	9	9/496	9/14132	0.899297715192908	14132	0.947447404359399	combined_Raf1S259F	Raf1S259F	combined	Active
Optic Atrophy	C0029124	CURATED	189	TUBGCP6,LRP5,RPGR,ITM2B,ADGRV1	5	5/496	5/14132	0.902648494955678	14132	0.947447404359399	combined_Raf1S259F	Raf1S259F	combined	Active
Substance-Related Disorders	C0236969	CURATED	110	LDLRAD3,POLR1D,FRMD4A	3	3/496	3/14132	0.902658981607864	14132	0.947447404359399	combined_Raf1S259F	Raf1S259F	combined	Active
Chemical and Drug Induced Liver Injury	C4277682	CURATED	374	NUS1,SLC25A29,CLU,KRT18,OCIAD1,NTN1,CCT5,CCT3,FLT1,HLA-A	10	10/496	10/14132	0.912747441362042	14132	0.950412426164457	combined_Raf1S259F	Raf1S259F	combined	Active
Peripheral Neuropathy	C0031117	CURATED	116	KIFBP,HSPB8,JUN	3	3/496	3/14132	0.91812134264393	14132	0.950412426164457	combined_Raf1S259F	Raf1S259F	combined	Active
Retinitis Pigmentosa	C0035334	CURATED	235	RPGR,SLC19A1,DHDDS,IQCB1,YPEL2,ADGRV1	6	6/496	6/14132	0.919242168970978	14132	0.950412426164457	combined_Raf1S259F	Raf1S259F	combined	Active
Hereditary Breast and Ovarian Cancer Syndrome	C0677776	CURATED	158	KRAS,EYA2,EPCAM,TFRC	4	4/496	4/14132	0.919308019489984	14132	0.950412426164457	combined_Raf1S259F	Raf1S259F	combined	Active
Neurodevelopmental delay	C4022738	CURATED	238	NAA15,HUWE1,CUL3,SPRED1,GABRB3,USP9X	6	6/496	6/14132	0.924268101234368	14132	0.951961527488582	combined_Raf1S259F	Raf1S259F	combined	Active
Charcot-Marie-Tooth Disease	C0007959	CURATED	133	HSPB8,ARF1,SDHC	3	3/496	3/14132	0.950322023648377	14132	0.97514386754964	combined_Raf1S259F	Raf1S259F	combined	Active
Malignant neoplasm of prostate	C0376358	CURATED	629	CHGB,CD44,PIK3CA,CHGA,FBH1,LIG4,MAMLD1,LRP6,SLC25A32,B3GALT1,PIK3R1,ATP6V0A1,CXCR4,SPOP,PLEKHG1,RAC2	16	16/496	16/14132	0.959904183875287	14132	0.981314686117859	combined_Raf1S259F	Raf1S259F	combined	Active
Colorectal Carcinoma	C0009402	CURATED	473	KRAS,GDAP1L1,IRS4,LAMB3,PER1,PSMC5,PIK3CA,EYA4,IGSF21,TOMM40L,PPP2R1B	11	11/496	11/14132	0.972077145607685	14132	0.99007857423005	combined_Raf1S259F	Raf1S259F	combined	Active
Hypertrophic Cardiomyopathy	C0007194	CURATED	164	GJA5,RAF1,HCN4	3	3/496	3/14132	0.980607478622817	14132	0.995081389746401	combined_Raf1S259F	Raf1S259F	combined	Active
Retinal Dystrophies	C0854723	CURATED	405	LRP5,TUBGCP6,DHDDS,CCT2,SLC19A1,RPGR,ADGRV1,IQCB1	8	8/496	8/14132	0.989453824672637	14132	0.996995573237425	combined_Raf1S259F	Raf1S259F	combined	Active
Malignant neoplasm of breast	C0006142	CURATED	744	KRAS,CLU,CLSPN,MSI1,UBR5,PIK3CA,TGFB1,FBXO8,AREG,DUSP1,TCP1,PER1,SCARF2,LONRF3,RAC2,GPC1	16	16/496	16/14132	0.994558315813112	14132	0.996995573237425	combined_Raf1S259F	Raf1S259F	combined	Active
Cardiomyopathy, Dilated	C0007193	CURATED	259	HCN4,EYA4,RAF1,CSRNP1	4	4/496	4/14132	0.99504649165922	14132	0.996995573237425	combined_Raf1S259F	Raf1S259F	combined	Active
Cardiomyopathies	C0878544	CURATED	223	LPL,YWHAH,HCN4	3	3/496	3/14132	0.996995573237425	14132	0.996995573237425	combined_Raf1S259F	Raf1S259F	combined	Active
Costello syndrome (disorder)	C0587248	CURATED	13	MAP2K1,NRAS,MAP2K2,BRAF,HRAS,KRAS	6	6/145	6/14132	1.27834469346178e-07	14132	9.76208082406576e-06	combined_BrafWT	BrafWT	combined	WT
Cardio-facio-cutaneous syndrome	C1275081	CURATED	14	KRAS,BRAF,NRAS,MAP2K1,HRAS,MAP2K2	6	6/145	6/14132	1.97213754021531e-07	14132	9.76208082406576e-06	combined_BrafWT	BrafWT	combined	WT
Noonan Syndrome 1	C4551602	CURATED	21	KRAS,NRAS,HRAS,BRAF,MAP2K1,MAP2K2	6	6/145	6/14132	1.89173603195198e-06	14132	6.24272890544152e-05	combined_BrafWT	BrafWT	combined	WT
Noonan syndrome and Noonan-related syndrome	C5681679	CURATED	25	HRAS,MAP2K1,BRAF,MAP2K2,KRAS,NRAS	6	6/145	6/14132	4.77856224804179e-06	14132	0.000118269415639034	combined_BrafWT	BrafWT	combined	WT
Vascular anomaly	C0158570	CURATED	14	HRAS,KRAS,NRAS,BRAF,MAP2K1	5	5/145	5/14132	9.8262711842976e-06	14132	0.000194560169449093	combined_BrafWT	BrafWT	combined	WT
RASopathy	C5555857	CURATED	32	KRAS,NRAS,HRAS,MAP2K1,BRAF,MAP2K2	6	6/145	6/14132	1.70946844995853e-05	14132	0.000282062294243158	combined_BrafWT	BrafWT	combined	WT
Noonan Syndrome	C0028326	CURATED	35	KRAS,HRAS,MAP2K2,NRAS,BRAF,MAP2K1	6	6/145	6/14132	2.68841358392917e-05	14132	0.000380218492584268	combined_BrafWT	BrafWT	combined	WT
LEOPARD Syndrome	C0175704	CURATED	9	MAP2K1,NRAS,MAP2K2,BRAF	4	4/145	4/14132	8.49441733211014e-05	14132	0.00105118414484863	combined_BrafWT	BrafWT	combined	WT
PROSTATE CANCER, HEREDITARY, 1	C4722327	CURATED	10	NRAS,BRAF,HRAS,KRAS	4	4/145	4/14132	0.000120436611828054	14132	0.00132480273010859	combined_BrafWT	BrafWT	combined	WT
Histiocytosis, Langerhans-Cell	C0019621	CURATED	3	BRAF,NRAS,MAP2K1	3	3/145	3/14132	0.000311555314858995	14132	0.00308439761710405	combined_BrafWT	BrafWT	combined	WT
Nevus sebaceous	C3854181	CURATED	4	HRAS,NRAS,KRAS	3	3/145	3/14132	0.000618909927852256	14132	0.00510600690478111	combined_BrafWT	BrafWT	combined	WT
Nevus Sebaceus of Jadassohn	C4552097	CURATED	4	HRAS,KRAS,NRAS	3	3/145	3/14132	0.000618909927852256	14132	0.00510600690478111	combined_BrafWT	BrafWT	combined	WT
Epidermal Nevus	C0334082	CURATED	7	HRAS,KRAS,NRAS	3	3/145	3/14132	0.0021227384845714	14132	0.0150107935694692	combined_BrafWT	BrafWT	combined	WT
THYROID CANCER, NONMEDULLARY, 2	C4225426	CURATED	7	NRAS,BRAF,HRAS	3	3/145	3/14132	0.0021227384845714	14132	0.0150107935694692	combined_BrafWT	BrafWT	combined	WT
GIANT PIGMENTED HAIRY NEVUS	C1842036	CURATED	8	BRAF,NRAS,HRAS	3	3/145	3/14132	0.00281129845710966	14132	0.0185545698169237	combined_BrafWT	BrafWT	combined	WT
Differentiated Thyroid Gland Carcinoma	C1337013	CURATED	29	BRAF,KRAS,HRAS,NRAS	4	4/145	4/14132	0.00317959435064711	14132	0.019673740044629	combined_BrafWT	BrafWT	combined	WT
Follicular thyroid carcinoma	C0206682	CURATED	9	HRAS,KRAS,NRAS	3	3/145	3/14132	0.00359025682390639	14132	0.0209079662098078	combined_BrafWT	BrafWT	combined	WT
Mouth Diseases	C0026636	CURATED	11	DNAJA1,CHAF1A,CHAF1B	3	3/145	3/14132	0.00541179094867854	14132	0.029764850217732	combined_BrafWT	BrafWT	combined	WT
Neuroblastoma	C0027819	CURATED	75	CHAF1A,HRAS,NRAS,KRAS,LMO1	5	5/145	5/14132	0.00735905452165931	14132	0.037790302685918	combined_BrafWT	BrafWT	combined	WT
Non-Small Cell Lung Carcinoma	C0007131	CURATED	276	KEAP1,NRAS,MAP2K1,SDHC,KRAS,HRAS,BRAF,KDM2A,SELENOS	9	9/145	9/14132	0.00763440458301375	14132	0.037790302685918	combined_BrafWT	BrafWT	combined	WT
Bipolar Disorder	C0005586	CURATED	483	CSRP1,FKBP5,SSBP2,NEFL,FADS2,HSPA5,YWHAZ,KCTD12,GABRB3,YWHAE,YWHAH,FBXL3	12	12/145	12/14132	0.011027114011945	14132	0.0519849660563123	combined_BrafWT	BrafWT	combined	WT
Malignant neoplasm of gallbladder	C0153452	CURATED	20	KEAP1,BRAF,KRAS	3	3/145	3/14132	0.0176014759216268	14132	0.0784411933502558	combined_BrafWT	BrafWT	combined	WT
Prostatic Neoplasms	C0033578	CURATED	660	HRAS,HSP90AB1,ID3,SELENOS,KEAP1,SSBP2,SESN3,GUCD1,KRAS,MAP2K2,CSRP1,MAP2K1,SPOCK1,BRAF	14	14/145	14/14132	0.0182237115864231	14132	0.0784411933502558	combined_BrafWT	BrafWT	combined	WT
Major Depressive Disorder	C1269683	CURATED	229	HSP90AA1,PSMB4,LSAMP,MAP2K1,SGK1,NEFL,FKBP5	7	7/145	7/14132	0.0307353497555115	14132	0.126224944072341	combined_BrafWT	BrafWT	combined	WT
Unipolar Depression	C0041696	CURATED	231	SGK1,HSP90AA1,LSAMP,PSMB4,FKBP5,NEFL,MAP2K1	7	7/145	7/14132	0.0318749858768538	14132	0.126224944072341	combined_BrafWT	BrafWT	combined	WT
Liver carcinoma	C2239176	CURATED	646	PCLAF,BRAF,SLIT2,TFPI2,ASPM,SFN,NRAS,KRAS,HRAS,HSPA5,SPOCK1,CHAF1B,SREBF1	13	13/145	13/14132	0.0339163200565811	14132	0.129142910984674	combined_BrafWT	BrafWT	combined	WT
HIV Infections	C0019693	CURATED	127	HSP90AA1,RAB32,HSP90AB1,PSMB4,PSMC5	5	5/145	5/14132	0.0417635185541276	14132	0.153132901365135	combined_BrafWT	BrafWT	combined	WT
melanoma	C0025202	CURATED	250	TFPI2,NRAS,MAP2K2,GPAM,BRAF,HRAS,MAP2K1	7	7/145	7/14132	0.0440881740745999	14132	0.155883186906621	combined_BrafWT	BrafWT	combined	WT
Salivary Gland Neoplasms	C0036095	CURATED	43	VCAN,ASPM,HRAS	3	3/145	3/14132	0.0718566361791971	14132	0.236721910289391	combined_BrafWT	BrafWT	combined	WT
Philadelphia chromosome positive chronic myelogenous leukemia	C0279543	CURATED	44	HSPA5,NRAS,KRAS	3	3/145	3/14132	0.0747876150166643	14132	0.236721910289391	combined_BrafWT	BrafWT	combined	WT
Thyroid Neoplasm	C0040136	CURATED	45	BRAF,HRAS,KRAS	3	3/145	3/14132	0.0777563134225202	14132	0.236721910289391	combined_BrafWT	BrafWT	combined	WT
Adenoid Cystic Carcinoma	C0010606	CURATED	97	VCAN,HRAS,ASPM,MAP2K2	4	4/145	4/14132	0.0778407109788013	14132	0.236721910289391	combined_BrafWT	BrafWT	combined	WT
Adult Cholangiocarcinoma	C0280725	CURATED	48	THBS1,BRAF,KRAS	3	3/145	3/14132	0.0868781151927782	14132	0.236721910289391	combined_BrafWT	BrafWT	combined	WT
Carcinoma	C0007097	CURATED	163	KRAS,SGK1,YWHAZ,ID3,HRAS	5	5/145	5/14132	0.0869716138553656	14132	0.236721910289391	combined_BrafWT	BrafWT	combined	WT
Malignant epithelioma	C0553707	CURATED	163	ID3,HRAS,KRAS,YWHAZ,SGK1	5	5/145	5/14132	0.0869716138553656	14132	0.236721910289391	combined_BrafWT	BrafWT	combined	WT
Epithelioma	C1368683	CURATED	163	ID3,HRAS,KRAS,YWHAZ,SGK1	5	5/145	5/14132	0.0869716138553656	14132	0.236721910289391	combined_BrafWT	BrafWT	combined	WT
Liver Cirrhosis	C0023890	CURATED	164	BAMBI,LGALS3BP,THBS1,PLOD2,TUG1	5	5/145	5/14132	0.0884718250576513	14132	0.236721910289391	combined_BrafWT	BrafWT	combined	WT
Mood Disorders	C0525045	CURATED	168	FKBP5,NTS,HSP90AA1,KCTD12,SIRT2	5	5/145	5/14132	0.094597257840247	14132	0.242170672149113	combined_BrafWT	BrafWT	combined	WT
Mouth Neoplasms	C0026640	CURATED	52	SFN,HRAS,KRAS	3	3/145	3/14132	0.099505678001568	14132	0.242170672149113	combined_BrafWT	BrafWT	combined	WT
Cholangiocarcinoma	C0206698	CURATED	52	THBS1,KRAS,BRAF	3	3/145	3/14132	0.099505678001568	14132	0.242170672149113	combined_BrafWT	BrafWT	combined	WT
Glioma	C0017638	CURATED	109	BRAF,MAP2K1,HRAS,CHAF1A	4	4/145	4/14132	0.101673451249642	14132	0.242170672149113	combined_BrafWT	BrafWT	combined	WT
Papillary thyroid carcinoma	C0238463	CURATED	53	NRAS,BRAF,HRAS	3	3/145	3/14132	0.102739073032957	14132	0.242170672149113	combined_BrafWT	BrafWT	combined	WT
Malignant Glioma	C0555198	CURATED	112	HRAS,BRAF,MAP2K1,CHAF1A	4	4/145	4/14132	0.10803922721424	14132	0.248741476609528	combined_BrafWT	BrafWT	combined	WT
Osteoarthrosis, localized, not specified whether primary or secondary	C0157946	CURATED	117	TFPI2,PLOD2,EDIL3,YWHAQ	4	4/145	4/14132	0.118982573365208	14132	0.267710790071718	combined_BrafWT	BrafWT	combined	WT
Acute Promyelocytic Leukemia	C0023487	CURATED	61	NRAS,SLIT2,TRIB3	3	3/145	3/14132	0.129564438307841	14132	0.28504176427725	combined_BrafWT	BrafWT	combined	WT
Non-Small Cell Adenocarcinoma	C1335060	CURATED	197	SFN,HRAS,MAP2K1,BRAF,KRAS	5	5/145	5/14132	0.144542611107472	14132	0.311080836948689	combined_BrafWT	BrafWT	combined	WT
Squamous cell carcinoma of lung	C0149782	CURATED	67	KRAS,MAP2K1,HRAS	3	3/145	3/14132	0.150623347193942	14132	0.317270454727665	combined_BrafWT	BrafWT	combined	WT
Colorectal Neoplasms	C0009404	CURATED	363	KDM2A,BAMBI,KRAS,FADS2,NRAS,BRAF,TFPI2	7	7/145	7/14132	0.170045462153969	14132	0.345733103074386	combined_BrafWT	BrafWT	combined	WT
Adenocarcinoma of lung (disorder)	C0152013	CURATED	286	KEAP1,MAP2K1,SFN,BRAF,KRAS,HRAS	6	6/145	6/14132	0.171120424753989	14132	0.345733103074386	combined_BrafWT	BrafWT	combined	WT
Intellectual Disability	C3714756	CURATED	694	BRAF,ANKH,ASPM,EEF1B2,SPTAN1,YWHAG,HRAS,GABRB3,SPTBN1,NAA15,CHAF1B	11	11/145	11/14132	0.175878583086365	14132	0.348239594511003	combined_BrafWT	BrafWT	combined	WT
Multiple Myeloma	C0026764	CURATED	146	NRAS,BRAF,KRAS,SGK1	4	4/145	4/14132	0.189328587987859	14132	0.367520200211726	combined_BrafWT	BrafWT	combined	WT
Malignant neoplasm of upper lobe, bronchus or lung	C0024624	CURATED	87	KRAS,MAT2A,BRAF	3	3/145	3/14132	0.224489745346621	14132	0.403869913972912	combined_BrafWT	BrafWT	combined	WT
Malignant neoplasm of middle lobe, bronchus or lung	C0153491	CURATED	87	KRAS,MAT2A,BRAF	3	3/145	3/14132	0.224489745346621	14132	0.403869913972912	combined_BrafWT	BrafWT	combined	WT
Malignant neoplasm of lower lobe, bronchus or lung	C0153492	CURATED	87	KRAS,MAT2A,BRAF	3	3/145	3/14132	0.224489745346621	14132	0.403869913972912	combined_BrafWT	BrafWT	combined	WT
Malignant neoplasm of other parts of bronchus or lung	C0153493	CURATED	87	KRAS,MAT2A,BRAF	3	3/145	3/14132	0.224489745346621	14132	0.403869913972912	combined_BrafWT	BrafWT	combined	WT
Neurodevelopmental delay	C4022738	CURATED	238	NAA15,SPTBN1,BRAF,GABRB3,NR2F1	5	5/145	5/14132	0.22845166850993	14132	0.403869913972912	combined_BrafWT	BrafWT	combined	WT
Endometriosis	C0014175	CURATED	165	FKBP5,VCAN,KRAS,ANKH	4	4/145	4/14132	0.240001831832778	14132	0.409658299162845	combined_BrafWT	BrafWT	combined	WT
Mental Retardation	C0025362	CURATED	165	NAA15,KRAS,EEF1B2,SC5D	4	4/145	4/14132	0.240001831832778	14132	0.409658299162845	combined_BrafWT	BrafWT	combined	WT
Malignant neoplasm of large intestine	C0346629	CURATED	173	KRAS,BRAF,BAMBI,NRAS	4	4/145	4/14132	0.262000679313898	14132	0.43962825850976	combined_BrafWT	BrafWT	combined	WT
Renal Cell Carcinoma	C0007134	CURATED	180	KEAP1,MAP2K1,C4A,SDHC	4	4/145	4/14132	0.281457102255947	14132	0.461414237865735	combined_BrafWT	BrafWT	combined	WT
Ductal Breast Carcinoma	C1527349	CURATED	103	SREBF1,NEFL,NTS	3	3/145	3/14132	0.285299902353043	14132	0.461414237865735	combined_BrafWT	BrafWT	combined	WT
Mammary Neoplasms	C1458155	CURATED	524	THBS1,TFPI2,EEF1B2,HRAS,ARF1,KRAS,NR2F1,HSP90AA1	8	8/145	8/14132	0.292266617976172	14132	0.461414237865735	combined_BrafWT	BrafWT	combined	WT
Pancreatic Neoplasm	C0030297	CURATED	191	BRAF,TFPI2,THBS1,KRAS	4	4/145	4/14132	0.312270241787922	14132	0.461414237865735	combined_BrafWT	BrafWT	combined	WT
malignant neoplasm of head of pancreas	C0153458	CURATED	191	BRAF,TFPI2,KRAS,THBS1	4	4/145	4/14132	0.312270241787922	14132	0.461414237865735	combined_BrafWT	BrafWT	combined	WT
Malignant neoplasm of body of pancreas	C0153459	CURATED	191	BRAF,TFPI2,KRAS,THBS1	4	4/145	4/14132	0.312270241787922	14132	0.461414237865735	combined_BrafWT	BrafWT	combined	WT
Malignant neoplasm of tail of pancreas	C0153460	CURATED	191	TFPI2,BRAF,THBS1,KRAS	4	4/145	4/14132	0.312270241787922	14132	0.461414237865735	combined_BrafWT	BrafWT	combined	WT
Malignant neoplasm of other specified sites of pancreas	C0153463	CURATED	191	THBS1,KRAS,BRAF,TFPI2	4	4/145	4/14132	0.312270241787922	14132	0.461414237865735	combined_BrafWT	BrafWT	combined	WT
Non-specific syndromic intellectual disability	C5568766	CURATED	367	YWHAE,FEM1C,SPTBN1,DNAJA1,YWHAZ,NAA15	6	6/145	6/14132	0.324590351056556	14132	0.472565364038222	combined_BrafWT	BrafWT	combined	WT
Weight Gain	C0043094	CURATED	115	MEST,HYCC2,SPTBN1	3	3/145	3/14132	0.330699002534876	14132	0.47448117755004	combined_BrafWT	BrafWT	combined	WT
Malignant Squamous Cell Neoplasm	C0751688	CURATED	124	SFN,HRAS,KRAS	3	3/145	3/14132	0.364240966881659	14132	0.509799609461186	combined_BrafWT	BrafWT	combined	WT
Leukemia, Myelocytic, Acute	C0023467	CURATED	210	TFPI2,KRAS,NRAS,SGK1	4	4/145	4/14132	0.36561386133075	14132	0.509799609461186	combined_BrafWT	BrafWT	combined	WT
Neurodevelopmental Disorders	C1535926	CURATED	674	PSMC5,GABRB3,EEF1B2,EEF1D,SPTBN1,SPTAN1,NAA15,KDM2A,FEM1C	9	9/145	9/14132	0.388252463503813	14132	0.526832449847233	combined_BrafWT	BrafWT	combined	WT
Seizures	C0036572	CURATED	308	EEF1B2,YWHAG,SPTAN1,NR2F1,GABRB3	5	5/145	5/14132	0.389157720719101	14132	0.526832449847233	combined_BrafWT	BrafWT	combined	WT
Charcot-Marie-Tooth Disease	C0007959	CURATED	133	ARF1,NEFL,SDHC	3	3/145	3/14132	0.397138457216817	14132	0.526832449847233	combined_BrafWT	BrafWT	combined	WT
Acute polyarticular juvenile rheumatoid arthritis	C0157916	CURATED	138	THBS1,KRAS,PLOD2	3	3/145	3/14132	0.41508011200085	14132	0.526832449847233	combined_BrafWT	BrafWT	combined	WT
Pauciarticular juvenile rheumatoid arthritis	C0157917	CURATED	138	THBS1,PLOD2,KRAS	3	3/145	3/14132	0.41508011200085	14132	0.526832449847233	combined_BrafWT	BrafWT	combined	WT
Monoarticular juvenile rheumatoid arthritis	C0157918	CURATED	138	KRAS,THBS1,PLOD2	3	3/145	3/14132	0.41508011200085	14132	0.526832449847233	combined_BrafWT	BrafWT	combined	WT
Juvenile Chronic Polyarthritis	C0409667	CURATED	138	KRAS,THBS1,PLOD2	3	3/145	3/14132	0.41508011200085	14132	0.526832449847233	combined_BrafWT	BrafWT	combined	WT
Liver neoplasms	C0023903	CURATED	146	HRAS,BRAF,KRAS	3	3/145	3/14132	0.443223948415572	14132	0.551763941214973	combined_BrafWT	BrafWT	combined	WT
Developmental Disabilities	C0008073	CURATED	149	NAA15,NEFL,SPTAN1	3	3/145	3/14132	0.453586590619589	14132	0.551763941214973	combined_BrafWT	BrafWT	combined	WT
Squamous cell carcinoma	C0007137	CURATED	150	SFN,KRAS,HRAS	3	3/145	3/14132	0.457016597774018	14132	0.551763941214973	combined_BrafWT	BrafWT	combined	WT
Craniofacial Abnormalities	C0376634	CURATED	150	ANKH,GPC6,GABRB3	3	3/145	3/14132	0.457016597774018	14132	0.551763941214973	combined_BrafWT	BrafWT	combined	WT
Hereditary Breast and Ovarian Cancer Syndrome	C0677776	CURATED	158	ID3,KRAS,EYA2	3	3/145	3/14132	0.484005231213359	14132	0.577307444459308	combined_BrafWT	BrafWT	combined	WT
Lung Neoplasms	C0024121	CURATED	269	KRAS,BRAF,HRAS,ID3	4	4/145	4/14132	0.523660797466965	14132	0.617171654157494	combined_BrafWT	BrafWT	combined	WT
Chemical and Drug Induced Liver Injury	C4277682	CURATED	374	POLR2G,THBS1,HSPA5,OGDH,FADS2	5	5/145	5/14132	0.537276322213274	14132	0.625768892930755	combined_BrafWT	BrafWT	combined	WT
Global developmental delay	C0557874	CURATED	388	EEF1B2,CHAF1B,BRAF,NAA15,GABRB3	5	5/145	5/14132	0.566478989688227	14132	0.652109534641098	combined_BrafWT	BrafWT	combined	WT
Neoplastic Syndromes, Hereditary	C0027672	CURATED	190	SDHC,AIP,HRAS	3	3/145	3/14132	0.583278386752838	14132	0.663730578029091	combined_BrafWT	BrafWT	combined	WT
Schizophrenia	C0036341	CURATED	1047	SREBF1,THBS1,NEFL,NTS,BTBD9,KCTD12,GABRB3,YWHAE,PTPRZ1,FADS2,LSAMP	11	11/145	11/14132	0.639588913249181	14132	0.719537527405329	combined_BrafWT	BrafWT	combined	WT
Autism Spectrum Disorders	C1510586	CURATED	572	NR2F1,THBS1,TAOK2,NAA15,GABRB3,MAP2K1	6	6/145	6/14132	0.703752700999537	14132	0.782826038190496	combined_BrafWT	BrafWT	combined	WT
Microcephaly (physical finding)	C4551563	CURATED	357	YWHAG,SPTAN1,SPOCK1,ASPM	4	4/145	4/14132	0.713370559019853	14132	0.783136906923648	combined_BrafWT	BrafWT	combined	WT
Colorectal Carcinoma	C0009402	CURATED	473	KRAS,BRAF,PSMC5,ZNF480,NRAS	5	5/145	5/14132	0.719853116465172	14132	0.783136906923648	combined_BrafWT	BrafWT	combined	WT
Depressive disorder	C0011581	CURATED	272	FKBP5,GABRB3,NTS	3	3/145	3/14132	0.771899080912678	14132	0.823892710299927	combined_BrafWT	BrafWT	combined	WT
Alcoholic Intoxication, Chronic	C0001973	CURATED	279	GABRB3,FKBP5,NTS	3	3/145	3/14132	0.783962927042395	14132	0.823892710299927	combined_BrafWT	BrafWT	combined	WT
Retinal Dystrophies	C0854723	CURATED	405	VCAN,RP9,CCDC51,NR2F1	4	4/145	4/14132	0.789522190959964	14132	0.823892710299927	combined_BrafWT	BrafWT	combined	WT
Mental Depression	C0011570	CURATED	283	NTS,GABRB3,FKBP5	3	3/145	3/14132	0.790604115944374	14132	0.823892710299927	combined_BrafWT	BrafWT	combined	WT
Autistic Disorder	C0004352	CURATED	433	NAA15,TAOK2,GABRB3,HRAS	4	4/145	4/14132	0.825715882178742	14132	0.851519503496828	combined_BrafWT	BrafWT	combined	WT
Myocardial Ischemia	C0151744	CURATED	338	MAT2A,ID3,SREBF1	3	3/145	3/14132	0.865259704069408	14132	0.88310011033888	combined_BrafWT	BrafWT	combined	WT
Malignant neoplasm of prostate	C0376358	CURATED	629	VCAN,SSBP2,FBH1,KMT5A,CHAF1B	5	5/145	5/14132	0.891633360072598	14132	0.900731659665175	combined_BrafWT	BrafWT	combined	WT
Malignant neoplasm of breast	C0006142	CURATED	744	KRAS,FEM1C,FBXO8,KEAP1,SPTAN1	5	5/145	5/14132	0.951035950534134	14132	0.951035950534134	combined_BrafWT	BrafWT	combined	WT
Liver Cirrhosis	C0023890	CURATED	164	CYBA,TGFB1,LGALS3BP,TUG1	4	4/88	4/14132	0.0825898616464347	14132	0.454810529051363	combined_ERK2DD	ERK2DD	combined	Active
Liver carcinoma	C2239176	CURATED	646	PCLAF,SLIT2,TFPI2,FAM83D,ASPM,RPS6KA3,TGFB1,HMMR	8	8/88	8/14132	0.107475311553887	14132	0.454810529051363	combined_ERK2DD	ERK2DD	combined	Active
Prostatic Neoplasms	C0033578	CURATED	660	ERF,SESN3,GUCD1,MAP2K2,TGFB1,ETV3,ARL6IP1,TMEFF2	8	8/88	8/14132	0.116757844571036	14132	0.454810529051363	combined_ERK2DD	ERK2DD	combined	Active
Bipolar Disorder	C0005586	CURATED	483	TGFB1,FADS2,MAPK1,RPS6KA2,DCLK1,GABRB3	6	6/88	6/14132	0.182528943707846	14132	0.454810529051363	combined_ERK2DD	ERK2DD	combined	Active
Colorectal Neoplasms	C0009404	CURATED	363	TGFB1,FADS2,SFRP5,TFPI2,DCLK1	5	5/88	5/14132	0.190209766554476	14132	0.454810529051363	combined_ERK2DD	ERK2DD	combined	Active
melanoma	C0025202	CURATED	250	TFPI2,MAPK1,MAP2K2,GPAM	4	4/88	4/14132	0.204132743415847	14132	0.454810529051363	combined_ERK2DD	ERK2DD	combined	Active
Polycystic Ovary Syndrome	C0032460	CURATED	138	TMEFF2,ASPM,HMMR	3	3/88	3/14132	0.212244913557303	14132	0.454810529051363	combined_ERK2DD	ERK2DD	combined	Active
Renal Cell Carcinoma	C0007134	CURATED	180	C4A,TGFB1,MAPK1	3	3/88	3/14132	0.309004124325841	14132	0.579382733110951	combined_ERK2DD	ERK2DD	combined	Active
Neoplasm Invasiveness	C0027626	CURATED	198	TGFB1,MAPK1,RPS6KA3	3	3/88	3/14132	0.350081240427875	14132	0.583468734046458	combined_ERK2DD	ERK2DD	combined	Active
Schizophrenia	C0036341	CURATED	1047	MAPK1,TGFB1,GABRB3,DCLK1,CRMP1,PTPRZ1,FADS2,LSAMP	8	8/88	8/14132	0.479930393071856	14132	0.719895589607783	combined_ERK2DD	ERK2DD	combined	Active
Intellectual Disability	C3714756	CURATED	694	MAPK1,ASPM,RPS6KA3,GABRB3,NOVA2	5	5/88	5/14132	0.633386768530104	14132	0.798420154723742	combined_ERK2DD	ERK2DD	combined	Active
Mammary Neoplasms	C1458155	CURATED	524	TFPI2,ANKRD34A,HMMR,SFRP5	4	4/88	4/14132	0.638736123778994	14132	0.798420154723742	combined_ERK2DD	ERK2DD	combined	Active
Global developmental delay	C0557874	CURATED	388	PIGW,RPS6KA3,GABRB3	3	3/88	3/14132	0.700232706256283	14132	0.807960814911095	combined_ERK2DD	ERK2DD	combined	Active
Malignant neoplasm of breast	C0006142	CURATED	744	TGFB1,MPLKIP,RPS6KA3,HMMR	4	4/88	4/14132	0.849018976835425	14132	0.909663189466527	combined_ERK2DD	ERK2DD	combined	Active
Neurodevelopmental Disorders	C1535926	CURATED	674	GABRB3,ERF,MRTFB	3	3/88	3/14132	0.927269076225529	14132	0.927269076225529	combined_ERK2DD	ERK2DD	combined	Active
Epidermal Nevus	C0334082	CURATED	7	HRAS,KRAS,FGFR3,NRAS	4	4/263	4/14132	0.000211026245131997	14132	0.0270113593768956	combined_HrasS17N	HrasS17N	combined	Inactive
Nevus sebaceous	C3854181	CURATED	4	HRAS,NRAS,KRAS	3	3/263	3/14132	0.00201965651947829	14132	0.0646290086233054	combined_HrasS17N	HrasS17N	combined	Inactive
NEVUS, KERATINOCYTIC, NONEPIDERMOLYTIC	C4011754	CURATED	4	FGFR3,HRAS,NRAS	3	3/263	3/14132	0.00201965651947829	14132	0.0646290086233054	combined_HrasS17N	HrasS17N	combined	Inactive
Nevus Sebaceus of Jadassohn	C4552097	CURATED	4	HRAS,KRAS,NRAS	3	3/263	3/14132	0.00201965651947829	14132	0.0646290086233054	combined_HrasS17N	HrasS17N	combined	Inactive
Autosomal dominant non-syndromic intellectual disability	C5680502	CURATED	55	KCNQ2,ASH1L,BRSK2,CHAMP1,EEF1A2,MBD5	6	6/263	6/14132	0.00350107454392787	14132	0.0896275083245534	combined_HrasS17N	HrasS17N	combined	Inactive
Metabolic Diseases	C0025517	CURATED	21	ESRRA,SREBF1,NBN,CPT1A	4	4/263	4/14132	0.00661332769905969	14132	0.132587900577018	combined_HrasS17N	HrasS17N	combined	Inactive
Seminoma	C0036631	CURATED	8	KRAS,HRAS,FGFR3	3	3/263	3/14132	0.00897168641430331	14132	0.132587900577018	combined_HrasS17N	HrasS17N	combined	Inactive
Carcinoma	C0007097	CURATED	163	MERTK,KRAS,ID3,DNMT3B,LPL,RASGRF2,HRAS,TGFB1,LIN7A	9	9/263	9/14132	0.0113259321633111	14132	0.132587900577018	combined_HrasS17N	HrasS17N	combined	Inactive
Malignant epithelioma	C0553707	CURATED	163	ID3,RASGRF2,MERTK,HRAS,KRAS,TGFB1,DNMT3B,LPL,LIN7A	9	9/263	9/14132	0.0113259321633111	14132	0.132587900577018	combined_HrasS17N	HrasS17N	combined	Inactive
Epithelioma	C1368683	CURATED	163	ID3,DNMT3B,HRAS,KRAS,LPL,MERTK,TGFB1,LIN7A,RASGRF2	9	9/263	9/14132	0.0113259321633111	14132	0.132587900577018	combined_HrasS17N	HrasS17N	combined	Inactive
Follicular thyroid carcinoma	C0206682	CURATED	9	HRAS,KRAS,NRAS	3	3/263	3/14132	0.0113942727058375	14132	0.132587900577018	combined_HrasS17N	HrasS17N	combined	Inactive
PROSTATE CANCER, HEREDITARY, 1	C4722327	CURATED	10	NRAS,HRAS,KRAS	3	3/263	3/14132	0.0140693153716948	14132	0.150072697298078	combined_HrasS17N	HrasS17N	combined	Inactive
Differentiated Thyroid Gland Carcinoma	C1337013	CURATED	29	KRAS,HRAS,NRAS,TRIM27	4	4/263	4/14132	0.0162930491106039	14132	0.160423868165946	combined_HrasS17N	HrasS17N	combined	Inactive
Costello syndrome (disorder)	C0587248	CURATED	13	NRAS,HRAS,KRAS	3	3/263	3/14132	0.0235089929539474	14132	0.214939364150376	combined_HrasS17N	HrasS17N	combined	Inactive
Vascular anomaly	C0158570	CURATED	14	HRAS,KRAS,NRAS	3	3/263	3/14132	0.0270950856103108	14132	0.216760684882486	combined_HrasS17N	HrasS17N	combined	Inactive
Cardio-facio-cutaneous syndrome	C1275081	CURATED	14	KRAS,NRAS,HRAS	3	3/263	3/14132	0.0270950856103108	14132	0.216760684882486	combined_HrasS17N	HrasS17N	combined	Inactive
Auditory neuropathy	C1852271	CURATED	20	TWNK,NEFL,NOTCH3	3	3/263	3/14132	0.0526063405543357	14132	0.39609479946794	combined_HrasS17N	HrasS17N	combined	Inactive
Noonan Syndrome 1	C4551602	CURATED	21	KRAS,NRAS,HRAS	3	3/263	3/14132	0.0574477103285754	14132	0.408517051225425	combined_HrasS17N	HrasS17N	combined	Inactive
Hodgkin Disease	C0019829	CURATED	25	KLHDC8B,KRAS,FGFR3	3	3/263	3/14132	0.0782232925154578	14132	0.476486498395816	combined_HrasS17N	HrasS17N	combined	Inactive
Noonan syndrome and Noonan-related syndrome	C5681679	CURATED	25	HRAS,KRAS,NRAS	3	3/263	3/14132	0.0782232925154578	14132	0.476486498395816	combined_HrasS17N	HrasS17N	combined	Inactive
Adenocarcinoma of large intestine (disorder)	C1319315	CURATED	88	DNMT3B,MATK,PRKCQ,PRKCH,FGFR3	5	5/263	5/14132	0.081655922700768	14132	0.476486498395816	combined_HrasS17N	HrasS17N	combined	Inactive
Malignant Squamous Cell Neoplasm	C0751688	CURATED	124	AREG,NOTCH3,TGFB1,SFN,HRAS,KRAS	6	6/263	6/14132	0.0818961169117809	14132	0.476486498395816	combined_HrasS17N	HrasS17N	combined	Inactive
Behcet Syndrome	C0004943	CURATED	59	C4A,DHCR7,UBAC2,TGFB1	4	4/263	4/14132	0.0970780043087373	14132	0.492541911760656	combined_HrasS17N	HrasS17N	combined	Inactive
Non-specific early-onset epileptic encephalopathy	C5680057	CURATED	59	DHDDS,EEF1A2,FGF12,NUS1	4	4/263	4/14132	0.0970780043087373	14132	0.492541911760656	combined_HrasS17N	HrasS17N	combined	Inactive
Acute Promyelocytic Leukemia	C0023487	CURATED	61	NRAS,SLIT2,DHCR7,TBL1XR1	4	4/263	4/14132	0.10468623286151	14132	0.492541911760656	combined_HrasS17N	HrasS17N	combined	Inactive
Early infantile epileptic encephalopathy with suppression bursts	C0393706	CURATED	61	FGF12,CSTB,GABRB3,SLC25A22	4	4/263	4/14132	0.10468623286151	14132	0.492541911760656	combined_HrasS17N	HrasS17N	combined	Inactive
IGA Glomerulonephritis	C0017661	CURATED	62	CHGA,TGFB1,MERTK,CORO1C	4	4/263	4/14132	0.108576065459987	14132	0.492541911760656	combined_HrasS17N	HrasS17N	combined	Inactive
RASopathy	C5555857	CURATED	32	KRAS,NRAS,HRAS	3	3/263	3/14132	0.119004086864926	14132	0.492541911760656	combined_HrasS17N	HrasS17N	combined	Inactive
Non-alcoholic Fatty Liver Disease	C0400966	CURATED	101	TGFB1,SREBF1,LAMA1,TRIB1,CPT1A	5	5/263	5/14132	0.119356155776682	14132	0.492541911760656	combined_HrasS17N	HrasS17N	combined	Inactive
Nonalcoholic steatohepatitis	C3241937	CURATED	101	CPT1A,LAMA1,TRIB1,SREBF1,TGFB1	5	5/263	5/14132	0.119356155776682	14132	0.492541911760656	combined_HrasS17N	HrasS17N	combined	Inactive
Basal Cell Neoplasm	C0206710	CURATED	141	CHGA,UBAC2,LPL,FSCN1,CSPG4,PROCR	6	6/263	6/14132	0.123135477940164	14132	0.492541911760656	combined_HrasS17N	HrasS17N	combined	Inactive
Malignant basal cell tumor	C1368295	CURATED	141	CHGA,UBAC2,LPL,CSPG4,PROCR,FSCN1	6	6/263	6/14132	0.123135477940164	14132	0.492541911760656	combined_HrasS17N	HrasS17N	combined	Inactive
Noonan Syndrome	C0028326	CURATED	35	KRAS,HRAS,NRAS	3	3/263	3/14132	0.137797702207118	14132	0.51504952374548	combined_HrasS17N	HrasS17N	combined	Inactive
EPILEPTIC ENCEPHALOPATHY, EARLY INFANTILE, 1	C3463992	CURATED	35	GABRB3,KCNQ2,NRXN2	3	3/263	3/14132	0.137797702207118	14132	0.51504952374548	combined_HrasS17N	HrasS17N	combined	Inactive
Colorectal Neoplasms	C0009404	CURATED	363	KDM2A,KRAS,FADS1,SFRP1,TGFB1,FADS2,LAMA1,NRAS,SFRP5,FGFR3,DCLK1	11	11/263	11/14132	0.140833854149155	14132	0.51504952374548	combined_HrasS17N	HrasS17N	combined	Inactive
Squamous cell carcinoma	C0007137	CURATED	150	TGFB1,SFN,KRAS,HRAS,AREG,NOTCH3	6	6/263	6/14132	0.148215504581703	14132	0.526988460734945	combined_HrasS17N	HrasS17N	combined	Inactive
Prostate cancer, familial	C2931456	CURATED	73	NBN,ATAT1,DNMT3B,KDM2A	4	4/263	4/14132	0.154723579722578	14132	0.535259951472701	combined_HrasS17N	HrasS17N	combined	Inactive
Neuroblastoma	C0027819	CURATED	75	HRAS,NRAS,KRAS,LMO1	4	4/263	4/14132	0.163693567008857	14132	0.551388857292991	combined_HrasS17N	HrasS17N	combined	Inactive
Colonic Neoplasms	C0009375	CURATED	160	NDRG2,CYP26A1,ID3,KRAS,LPL,BAK1	6	6/263	6/14132	0.178384349036848	14132	0.585466581454271	combined_HrasS17N	HrasS17N	combined	Inactive
Bipolar Disorder	C0005586	CURATED	483	RNF41,CSRP1,TGFB1,NEFL,FADS2,KCNQ2,MBD5,DCLK1,KCTD12,GABRB3,PFKFB3,LHX5,SFRP1	13	13/263	13/14132	0.190609014508351	14132	0.606514715394401	combined_HrasS17N	HrasS17N	combined	Inactive
Epilepsy	C0014544	CURATED	165	KCNQ2,APTX,EEF1A2,GABRB3,NRXN2,TGFB1	6	6/263	6/14132	0.194274244774769	14132	0.606514715394401	combined_HrasS17N	HrasS17N	combined	Inactive
Mood Disorders	C0525045	CURATED	168	HCN4,DNMT3B,PFKFB3,TGFB1,KCTD12,SIRT2	6	6/263	6/14132	0.204039497251174	14132	0.621834658289292	combined_HrasS17N	HrasS17N	combined	Inactive
Squamous cell carcinoma of esophagus	C0279626	CURATED	127	HTRA1,SFN,CSTB,BLVRB,NOTCH3	5	5/263	5/14132	0.211814654463739	14132	0.630518041194387	combined_HrasS17N	HrasS17N	combined	Inactive
Encephalopathies	C0085584	CURATED	47	KCNQ2,CSTB,TGFB1	3	3/263	3/14132	0.217735302568596	14132	0.63341178929046	combined_HrasS17N	HrasS17N	combined	Inactive
Hydrops Fetalis, Non-Immune	C0455988	CURATED	50	HRAS,KRAS,DHCR24	3	3/263	3/14132	0.238388834521676	14132	0.676926259231192	combined_HrasS17N	HrasS17N	combined	Inactive
Mouth Neoplasms	C0026640	CURATED	52	SFN,HRAS,KRAS	3	3/263	3/14132	0.25221438648105	14132	0.676926259231192	combined_HrasS17N	HrasS17N	combined	Inactive
Myelodysplasias, Hematopoetic	C2713368	CURATED	52	NRAS,DNMT3B,KRAS	3	3/263	3/14132	0.25221438648105	14132	0.676926259231192	combined_HrasS17N	HrasS17N	combined	Inactive
Non-Small Cell Lung Carcinoma	C0007131	CURATED	276	NOTCH3,NRAS,CHGA,KRAS,HRAS,KDM2A,AREG,CORO1C	8	8/263	8/14132	0.255474411832309	14132	0.676926259231192	combined_HrasS17N	HrasS17N	combined	Inactive
Premature Menopause	C0025322	CURATED	53	NBN,CENPI,ESRRG	3	3/263	3/14132	0.259135833611941	14132	0.676926259231192	combined_HrasS17N	HrasS17N	combined	Inactive
Carcinoma, Transitional Cell	C0007138	CURATED	56	FGFR3,SFN,HRAS	3	3/263	3/14132	0.279904323148025	14132	0.702198716096946	combined_HrasS17N	HrasS17N	combined	Inactive
Transitional Cell Neoplasm	C0334265	CURATED	56	FGFR3,SFN,HRAS	3	3/263	3/14132	0.279904323148025	14132	0.702198716096946	combined_HrasS17N	HrasS17N	combined	Inactive
Skin Neoplasms	C0037286	CURATED	57	TGFB1,HRAS,NOTCH3	3	3/263	3/14132	0.286820587914514	14132	0.702198716096946	combined_HrasS17N	HrasS17N	combined	Inactive
Hereditary retinal dystrophy	C0154860	CURATED	59	HTRA1,MERTK,DHDDS	3	3/263	3/14132	0.300629878868982	14132	0.702198716096946	combined_HrasS17N	HrasS17N	combined	Inactive
Obesity	C0028754	CURATED	293	LPL,PRKCH,WNT3A,SLC16A7,PEX11A,PFKFB3,SREBF1,LACTB	8	8/263	8/14132	0.304806886993207	14132	0.702198716096946	combined_HrasS17N	HrasS17N	combined	Inactive
Non-Small Cell Adenocarcinoma	C1335060	CURATED	197	HTRA1,SFN,HRAS,DNMT3B,KRAS,IPO4	6	6/263	6/14132	0.305170195902165	14132	0.702198716096946	combined_HrasS17N	HrasS17N	combined	Inactive
Schizophrenia	C0036341	CURATED	1047	SREBF1,CNTN1,LAMA1,KCNQ2,NEFL,TGFB1,CHGA,KCTD12,DNMT3B,GABRB3,DCLK1,NRXN2,CSPG5,CRMP1,DHCR24,LPL,TXNDC5,MCTP2,PTPRZ1,MBD5,FADS2,LSAMP,CSPG4	23	23/263	23/14132	0.307211938292414	14132	0.702198716096946	combined_HrasS17N	HrasS17N	combined	Inactive
Kidney Failure, Chronic	C0022661	CURATED	107	CHGA,TGFB1,CPT1A,SREBF1	4	4/263	4/14132	0.320907867165026	14132	0.720635210475848	combined_HrasS17N	HrasS17N	combined	Inactive
Microcephaly (physical finding)	C4551563	CURATED	357	ALPL,NBN,CSTB,MBD5,SCARF2,DHCR7,NUS1,PRORP,IBA57	9	9/263	9/14132	0.347156650421029	14132	0.757911497266887	combined_HrasS17N	HrasS17N	combined	Inactive
Seizures	C0036572	CURATED	308	FGF12,FGFR3,EEF1A2,SLC25A22,HTRA1,GABRB3,KCNQ2,MBD5	8	8/263	8/14132	0.349804120087058	14132	0.757911497266887	combined_HrasS17N	HrasS17N	combined	Inactive
Squamous cell carcinoma of lung	C0149782	CURATED	67	FGFR3,KRAS,HRAS	3	3/263	3/14132	0.355271014343853	14132	0.757911497266887	combined_HrasS17N	HrasS17N	combined	Inactive
Colon Carcinoma	C0699790	CURATED	68	NBN,FGFR3,NRAS	3	3/263	3/14132	0.362005552773809	14132	0.759618209099141	combined_HrasS17N	HrasS17N	combined	Inactive
Atrial Fibrillation	C0004238	CURATED	166	HCN4,CFL2,MBD5,GOSR2,SLC27A6	5	5/263	5/14132	0.373040841659953	14132	0.770148834394742	combined_HrasS17N	HrasS17N	combined	Inactive
Lung Neoplasms	C0024121	CURATED	269	TGFB1,KRAS,NOTCH3,HTRA1,HRAS,ID3,PPP2R1B	7	7/263	7/14132	0.38509806300623	14132	0.78020212034713	combined_HrasS17N	HrasS17N	combined	Inactive
Adenocarcinoma	C0001418	CURATED	121	ID3,CYP26A1,TGFB1,KRAS	4	4/263	4/14132	0.392047636001837	14132	0.78020212034713	combined_HrasS17N	HrasS17N	combined	Inactive
Chronic ischemic heart disease	C0264694	CURATED	174	LPL,TRIB1,SREBF1,PROCR,GDF15	5	5/263	5/14132	0.406765950052416	14132	0.78020212034713	combined_HrasS17N	HrasS17N	combined	Inactive
Coronary Arteriosclerosis	C0010054	CURATED	175	SREBF1,GDF15,TRIB1,PROCR,LPL	5	5/263	5/14132	0.410960872691537	14132	0.78020212034713	combined_HrasS17N	HrasS17N	combined	Inactive
Insulin Resistance	C0021655	CURATED	77	NUS1,SREBF1,IRS2	3	3/263	3/14132	0.42128140153522	14132	0.78020212034713	combined_HrasS17N	HrasS17N	combined	Inactive
Liver carcinoma	C2239176	CURATED	646	GDF15,CSPG4,FDFT1,SLIT2,IRS2,SFN,TGFB1,NBN,NRAS,KRAS,NOTCH3,HRAS,SFRP1,SREBF1	14	14/263	14/14132	0.426586128588224	14132	0.78020212034713	combined_HrasS17N	HrasS17N	combined	Inactive
Coronary heart disease	C0010068	CURATED	182	PROCR,GDF15,LPL,TRIB1,SREBF1	5	5/263	5/14132	0.440133755352811	14132	0.78020212034713	combined_HrasS17N	HrasS17N	combined	Inactive
ovarian neoplasm	C0919267	CURATED	182	CRABP2,EEF1A2,NBN,AREG,KRAS	5	5/263	5/14132	0.440133755352811	14132	0.78020212034713	combined_HrasS17N	HrasS17N	combined	Inactive
Myocardial Ischemia	C0151744	CURATED	338	GDF15,LPL,TRIB1,PROCR,ID3,AREG,PFKFB3,SREBF1	8	8/263	8/14132	0.441171919712418	14132	0.78020212034713	combined_HrasS17N	HrasS17N	combined	Inactive
Adenocarcinoma of lung (disorder)	C0152013	CURATED	286	IPO4,FGFR3,SFN,HTRA1,KRAS,HRAS,DNMT3B	7	7/263	7/14132	0.441509415198379	14132	0.78020212034713	combined_HrasS17N	HrasS17N	combined	Inactive
Retinitis Pigmentosa	C0035334	CURATED	235	ZDHHC24,PHYH,RP9,DHDDS,MERTK,FDFT1	6	6/263	6/14132	0.444959021760473	14132	0.78020212034713	combined_HrasS17N	HrasS17N	combined	Inactive
Amyotrophic Lateral Sclerosis	C0002736	CURATED	133	NEFL,ESRRA,EWSR1,SS18L1	4	4/263	4/14132	0.451510801564422	14132	0.780551075771904	combined_HrasS17N	HrasS17N	combined	Inactive
Prostatic Neoplasms	C0033578	CURATED	660	HRAS,ID3,LPL,NBN,TXNDC5,TBL1XR1,GDF15,KRAS,ASH1L,TGFB1,CSRP1,DNMT3B,EWSR1,CHGA	14	14/263	14/14132	0.4573541459601	14132	0.780551075771904	combined_HrasS17N	HrasS17N	combined	Inactive
Stomach Neoplasms	C0038356	CURATED	349	FADS1,BLVRB,KRAS,DNMT3B,AREG,IRS2,EEF1A2,HRAS	8	8/263	8/14132	0.474362144443115	14132	0.798925716956825	combined_HrasS17N	HrasS17N	combined	Inactive
Abnormality of the brain	C4021085	CURATED	88	DHCR7,SLITRK5,NOTCH3	3	3/263	3/14132	0.48969059322713	14132	0.814031116013931	combined_HrasS17N	HrasS17N	combined	Inactive
Precursor Lymphoid Neoplasm	C1335469	CURATED	91	NBN,NRAS,KRAS	3	3/263	3/14132	0.507457869825136	14132	0.820735629937158	combined_HrasS17N	HrasS17N	combined	Inactive
Multiple Myeloma	C0026764	CURATED	146	FGFR3,NRAS,KRAS,TGFB1	4	4/263	4/14132	0.513090561735302	14132	0.820735629937158	combined_HrasS17N	HrasS17N	combined	Inactive
Mammary Neoplasms	C1458155	CURATED	524	CSF1,DTX3,HRAS,NOTCH3,CPT1A,AREG,KRAS,SFRP1,DNMT3B,ESRRA,SFRP5	11	11/263	11/14132	0.513348925001514	14132	0.820735629937158	combined_HrasS17N	HrasS17N	combined	Inactive
Non-specific syndromic intellectual disability	C5568766	CURATED	367	DPYSL5,BRSK2,EEF1A2,AGO2,CHAMP1,KCNQ2,MBD5,TBL1XR1	8	8/263	8/14132	0.527490763792204	14132	0.820735629937158	combined_HrasS17N	HrasS17N	combined	Inactive
Craniofacial Abnormalities	C0376634	CURATED	150	GPC6,DNMT3B,STRA6,GABRB3	4	4/263	4/14132	0.531299187158164	14132	0.820735629937158	combined_HrasS17N	HrasS17N	combined	Inactive
Acute lymphocytic leukemia	C0023449	CURATED	98	KRAS,NRAS,NBN	3	3/263	3/14132	0.547319640402201	14132	0.820735629937158	combined_HrasS17N	HrasS17N	combined	Inactive
Adult Glioblastoma	C0278878	CURATED	98	NRAS,NOTCH3,CSTB	3	3/263	3/14132	0.547319640402201	14132	0.820735629937158	combined_HrasS17N	HrasS17N	combined	Inactive
Primary Glioblastoma	C1514422	CURATED	98	CSTB,NOTCH3,NRAS	3	3/263	3/14132	0.547319640402201	14132	0.820735629937158	combined_HrasS17N	HrasS17N	combined	Inactive
Leukemia, Myelocytic, Acute	C0023467	CURATED	210	DNMT3B,EIF4EBP1,PXDN,KRAS,NRAS	5	5/263	5/14132	0.551431751364028	14132	0.820735629937158	combined_HrasS17N	HrasS17N	combined	Inactive
Hereditary Breast and Ovarian Cancer Syndrome	C0677776	CURATED	158	ID3,KRAS,EYA2,NBN	4	4/263	4/14132	0.566544166994318	14132	0.833536245692789	combined_HrasS17N	HrasS17N	combined	Inactive
Ductal Breast Carcinoma	C1527349	CURATED	103	SREBF1,NEFL,NOTCH3	3	3/263	3/14132	0.574385166274857	14132	0.833661674170749	combined_HrasS17N	HrasS17N	combined	Inactive
Glioblastoma	C0017636	CURATED	104	NOTCH3,CSTB,NRAS	3	3/263	3/14132	0.579655382821849	14132	0.833661674170749	combined_HrasS17N	HrasS17N	combined	Inactive
Neurodevelopmental Disorders	C1535926	CURATED	674	MBD5,ASH1L,TBL1XR1,GABRB3,CHAMP1,AGO2,KCNQ2,BRSK2,PLXNB1,NRXN2,EEF1A2,KDM2A,PLXNB3	13	13/263	13/14132	0.604587098324579	14132	0.838354848398292	combined_HrasS17N	HrasS17N	combined	Inactive
Major Depressive Disorder	C1269683	CURATED	229	PFKFB3,MCTP2,LSAMP,RNF41,NEFL	5	5/263	5/14132	0.61994953188646	14132	0.838354848398292	combined_HrasS17N	HrasS17N	combined	Inactive
Cocaine-Related Disorders	C0236736	CURATED	112	SRCIN1,FDFT1,AGO2	3	3/263	3/14132	0.620092790258604	14132	0.838354848398292	combined_HrasS17N	HrasS17N	combined	Inactive
Unipolar Depression	C0041696	CURATED	231	LSAMP,RNF41,PFKFB3,MCTP2,NEFL	5	5/263	5/14132	0.626771331552826	14132	0.838354848398292	combined_HrasS17N	HrasS17N	combined	Inactive
Malignant neoplasm of breast	C0006142	CURATED	744	KRAS,GPC2,HELQ,PLXNB1,TGFB1,TNS1,HDAC7,RCE1,AREG,NBN,SCARF2,RASGRF2,NET1,CFL2	14	14/263	14/14132	0.633006732943113	14132	0.838354848398292	combined_HrasS17N	HrasS17N	combined	Inactive
Weight Gain	C0043094	CURATED	115	GDF15,MEST,NUS1	3	3/263	3/14132	0.634467624404397	14132	0.838354848398292	combined_HrasS17N	HrasS17N	combined	Inactive
Mesothelioma malignant advanced	C0278752	CURATED	117	AGO2,TBL1XR1,CSF1	3	3/263	3/14132	0.643813217822301	14132	0.838354848398292	combined_HrasS17N	HrasS17N	combined	Inactive
Diffuse malignant mesothelioma	C0392400	CURATED	117	AGO2,CSF1,TBL1XR1	3	3/263	3/14132	0.643813217822301	14132	0.838354848398292	combined_HrasS17N	HrasS17N	combined	Inactive
Asbestos-Related Malignant Mesothelioma	C1332338	CURATED	117	TBL1XR1,CSF1,AGO2	3	3/263	3/14132	0.643813217822301	14132	0.838354848398292	combined_HrasS17N	HrasS17N	combined	Inactive
Malignant mesothelioma	C0345967	CURATED	118	CSF1,AGO2,TBL1XR1	3	3/263	3/14132	0.648415078058054	14132	0.838354848398292	combined_HrasS17N	HrasS17N	combined	Inactive
Optic Atrophy	C0029124	CURATED	189	PHYH,LAMA1,MERTK,RP9	4	4/263	4/14132	0.686828831335193	14132	0.871443219511555	combined_HrasS17N	HrasS17N	combined	Inactive
melanoma	C0025202	CURATED	250	SLC35G2,GDF15,NRAS,NUS1,HRAS	5	5/263	5/14132	0.687623165395837	14132	0.871443219511555	combined_HrasS17N	HrasS17N	combined	Inactive
Inflammation	C0021368	CURATED	134	EIF4EBP1,PROCR,TGFB1	3	3/263	3/14132	0.715764631095592	14132	0.898214439021919	combined_HrasS17N	HrasS17N	combined	Inactive
Autism Spectrum Disorders	C1510586	CURATED	572	CHST13,SLITRK5,DNMT3B,NRXN2,GABRB3,DHCR24,CYP2S1,NOTCH3,MBD5,KCNQ2	10	10/263	10/14132	0.742709106013888	14132	0.911577004415423	combined_HrasS17N	HrasS17N	combined	Inactive
Depressive disorder	C0011581	CURATED	272	GABRB3,NOTCH3,TGFB1,TWNK,SFRP1	5	5/263	5/14132	0.748947844634742	14132	0.911577004415423	combined_HrasS17N	HrasS17N	combined	Inactive
Liver neoplasms	C0023903	CURATED	146	ASH1L,HRAS,KRAS	3	3/263	3/14132	0.758903680725367	14132	0.911577004415423	combined_HrasS17N	HrasS17N	combined	Inactive
Alcoholic Intoxication, Chronic	C0001973	CURATED	279	GABRB3,PCDH10,SLCO3A1,AGO2,RASGRF2	5	5/263	5/14132	0.766420159510051	14132	0.911577004415423	combined_HrasS17N	HrasS17N	combined	Inactive
Developmental Disabilities	C0008073	CURATED	149	KCNQ2,EEF1A2,NEFL	3	3/263	3/14132	0.768766564848996	14132	0.911577004415423	combined_HrasS17N	HrasS17N	combined	Inactive
Retinal Dystrophies	C0854723	CURATED	405	PHYH,MERTK,LAMA1,CAPN5,DHDDS,ZDHHC24,RP9	7	7/263	7/14132	0.769143097475513	14132	0.911577004415423	combined_HrasS17N	HrasS17N	combined	Inactive
Mitochondrial Diseases	C0751651	CURATED	219	IBA57,TWNK,LIPT2,PRORP	4	4/263	4/14132	0.777788485951187	14132	0.913366295428917	combined_HrasS17N	HrasS17N	combined	Inactive
Hypertensive disease	C0020538	CURATED	301	NHERF2,CHGA,LPL,TGFB1,HTRA1	5	5/263	5/14132	0.815202422846153	14132	0.919474757630359	combined_HrasS17N	HrasS17N	combined	Inactive
Endometriosis	C0014175	CURATED	165	CYP26A1,AREG,KRAS	3	3/263	3/14132	0.815642554922772	14132	0.919474757630359	combined_HrasS17N	HrasS17N	combined	Inactive
Mental Retardation	C0025362	CURATED	165	STRA6,LAMA1,KRAS	3	3/263	3/14132	0.815642554922772	14132	0.919474757630359	combined_HrasS17N	HrasS17N	combined	Inactive
Autistic Disorder	C0004352	CURATED	433	NRXN2,PCDH10,DHCR7,EEF1A2,MBD5,GABRB3,HRAS	7	7/263	7/14132	0.8208419535889	14132	0.919474757630359	combined_HrasS17N	HrasS17N	combined	Inactive
Neurodevelopmental delay	C4022738	CURATED	238	FGFR3,BRSK2,GABRB3,ASH1L	4	4/263	4/14132	0.823358119473631	14132	0.919474757630359	combined_HrasS17N	HrasS17N	combined	Inactive
Malignant neoplasm of large intestine	C0346629	CURATED	173	KRAS,FGFR3,NRAS	3	3/263	3/14132	0.83574918327003	14132	0.919474757630359	combined_HrasS17N	HrasS17N	combined	Inactive
Intellectual Disability	C3714756	CURATED	694	TBL1XR1,ZDHHC16,BRSK2,HRAS,MBD5,GABRB3,NRXN2,EEF1A2,CHAMP1,KCNQ2,ASH1L	11	11/263	11/14132	0.83764372077677	14132	0.919474757630359	combined_HrasS17N	HrasS17N	combined	Inactive
Myocardial Infarction	C0027051	CURATED	175	TGFB1,LPL,BAK1	3	3/263	3/14132	0.8404573956465	14132	0.919474757630359	combined_HrasS17N	HrasS17N	combined	Inactive
Global developmental delay	C0557874	CURATED	388	PRORP,ASH1L,EEF1A2,KCNQ2,MBD5,GABRB3	6	6/263	6/14132	0.852384296244985	14132	0.924620253553882	combined_HrasS17N	HrasS17N	combined	Inactive
Diabetes Mellitus, Non-Insulin-Dependent	C0011860	CURATED	331	IRS2,LPL,SREBF1,CPT1A,NUS1	5	5/263	5/14132	0.867987736569761	14132	0.933633867906969	combined_HrasS17N	HrasS17N	combined	Inactive
Colorectal Carcinoma	C0009402	CURATED	473	KRAS,GDAP1L1,RASGRF2,FGFR3,CNTN1,NRAS,PPP2R1B	7	7/263	7/14132	0.878366931367734	14132	0.93692472679225	combined_HrasS17N	HrasS17N	combined	Inactive
Neoplasm Invasiveness	C0027626	CURATED	198	CSTB,TGFB1,HRAS	3	3/263	3/14132	0.886450695982698	14132	0.936987816656119	combined_HrasS17N	HrasS17N	combined	Inactive
Bladder Neoplasm	C0005695	CURATED	206	FGFR3,KRAS,HRAS	3	3/263	3/14132	0.899342300155729	14132	0.936987816656119	combined_HrasS17N	HrasS17N	combined	Inactive
Malignant neoplasm of urinary bladder	C0005684	CURATED	218	HRAS,FGFR3,KRAS	3	3/263	3/14132	0.916150760861157	14132	0.936987816656119	combined_HrasS17N	HrasS17N	combined	Inactive
Chemical and Drug Induced Liver Injury	C4277682	CURATED	374	NUS1,PEX11A,FADS1,BLVRB,FADS2	5	5/263	5/14132	0.92087876290741	14132	0.936987816656119	combined_HrasS17N	HrasS17N	combined	Inactive
Rheumatoid Arthritis	C0003873	CURATED	222	DNMT3B,TXNDC5,PRKCQ	3	3/263	3/14132	0.92114350303634	14132	0.936987816656119	combined_HrasS17N	HrasS17N	combined	Inactive
Cardiomyopathies	C0878544	CURATED	223	DGAT1,LPL,HCN4	3	3/263	3/14132	0.922347382020867	14132	0.936987816656119	combined_HrasS17N	HrasS17N	combined	Inactive
Mental Depression	C0011570	CURATED	283	PFKFB3,GABRB3,SFRP1	3	3/263	3/14132	0.969868799475356	14132	0.97750556167595	combined_HrasS17N	HrasS17N	combined	Inactive
Malignant neoplasm of prostate	C0376358	CURATED	629	CHGA,FBH1,B3GALT1,SLC25A22,NBN,NOTCH3	6	6/263	6/14132	0.992172312506028	14132	0.992172312506028	combined_HrasS17N	HrasS17N	combined	Inactive
Cardio-facio-cutaneous syndrome	C1275081	CURATED	14	KRAS,RIT1,NRAS,MAP2K1,HRAS,MAP2K2	6	6/337	6/14132	1.25548531750892e-05	14132	0.00234775754374168	combined_ArafWT	ArafWT	combined	WT
Noonan Syndrome 1	C4551602	CURATED	21	KRAS,NRAS,HRAS,MAP2K1,MAP2K2,RIT1	6	6/337	6/14132	0.000111210208364067	14132	0.0100409892384047	combined_ArafWT	ArafWT	combined	WT
Costello syndrome (disorder)	C0587248	CURATED	13	MAP2K1,NRAS,MAP2K2,HRAS,KRAS	5	5/337	5/14132	0.000191538420896881	14132	0.0100409892384047	combined_ArafWT	ArafWT	combined	WT
Vascular anomaly	C0158570	CURATED	14	HRAS,KRAS,NRAS,PIK3R1,MAP2K1	5	5/337	5/14132	0.000263131847985597	14132	0.0100409892384047	combined_ArafWT	ArafWT	combined	WT
Noonan syndrome and Noonan-related syndrome	C5681679	CURATED	25	RIT1,HRAS,MAP2K1,MAP2K2,KRAS,NRAS	6	6/337	6/14132	0.000268475648085688	14132	0.0100409892384047	combined_ArafWT	ArafWT	combined	WT
RASopathy	C5555857	CURATED	32	KRAS,NRAS,HRAS,MAP2K1,RIT1,MAP2K2	6	6/337	6/14132	0.000887556895208089	14132	0.0276621899006521	combined_ArafWT	ArafWT	combined	WT
Noonan Syndrome	C0028326	CURATED	35	KRAS,HRAS,MAP2K2,NRAS,RIT1,MAP2K1	6	6/337	6/14132	0.00134960684057809	14132	0.0332840454589514	combined_ArafWT	ArafWT	combined	WT
PROSTATE CANCER, HEREDITARY, 1	C4722327	CURATED	10	TP53,NRAS,HRAS,KRAS	4	4/337	4/14132	0.00142391638327065	14132	0.0332840454589514	combined_ArafWT	ArafWT	combined	WT
Atypical Endometrial Hyperplasia	C0349579	CURATED	11	CELSR2,CSRP1,TP53,KRAS	4	4/337	4/14132	0.00192345515781854	14132	0.0399651238346741	combined_ArafWT	ArafWT	combined	WT
Penile Neoplasms	C0030849	CURATED	4	HRAS,KRAS,TP53	3	3/337	3/14132	0.00329548472732632	14132	0.0513546370008351	combined_ArafWT	ArafWT	combined	WT
Nevus sebaceous	C3854181	CURATED	4	HRAS,NRAS,KRAS	3	3/337	3/14132	0.00329548472732632	14132	0.0513546370008351	combined_ArafWT	ArafWT	combined	WT
Nevus Sebaceus of Jadassohn	C4552097	CURATED	4	HRAS,KRAS,NRAS	3	3/337	3/14132	0.00329548472732632	14132	0.0513546370008351	combined_ArafWT	ArafWT	combined	WT
Severe myopia	C0271183	CURATED	88	FLII,SLC19A1,LRP2,PTPRZ1,EGFLAM,ATAT1,ANKMY2,FBN2	8	8/337	8/14132	0.00501690587923619	14132	0.0721662614936283	combined_ArafWT	ArafWT	combined	WT
Endometrial Hyperplasia	C0014173	CURATED	6	CSRP1,CELSR2,KRAS	3	3/337	3/14132	0.00798159034453683	14132	0.0932848371517742	combined_ArafWT	ArafWT	combined	WT
Complex endometrial hyperplasia	C0349578	CURATED	6	CSRP1,CELSR2,KRAS	3	3/337	3/14132	0.00798159034453683	14132	0.0932848371517742	combined_ArafWT	ArafWT	combined	WT
Simple endometrial hyperplasia	C0456483	CURATED	6	CSRP1,CELSR2,KRAS	3	3/337	3/14132	0.00798159034453683	14132	0.0932848371517742	combined_ArafWT	ArafWT	combined	WT
Epidermal Nevus	C0334082	CURATED	7	HRAS,KRAS,NRAS	3	3/337	3/14132	0.0109989991462072	14132	0.11426738001893	combined_ArafWT	ArafWT	combined	WT
Congenital abnormality of vein	C2937220	CURATED	7	GLMN,KRAS,COL5A1	3	3/337	3/14132	0.0109989991462072	14132	0.11426738001893	combined_ArafWT	ArafWT	combined	WT
Prostatic Neoplasms	C0033578	CURATED	660	HRAS,HSP90AB1,SELENOS,TCEAL7,TP53,GREB1,KEAP1,LRP2,COL5A1,TCP1,KRAS,P4HB,MAP2K2,UXT,CSRP1,DNMT3B,GCNT1,TTC9C,PIK3R1,PIK3R2,PRKACB,SIRT1,ABR,MAP2K1,SPOCK1,UCK2	26	26/337	26/14132	0.0152855948579948	14132	0.15044243360237	combined_ArafWT	ArafWT	combined	WT
LEOPARD Syndrome	C0175704	CURATED	9	MAP2K1,NRAS,MAP2K2	3	3/337	3/14132	0.018270451485755	14132	0.162694020373152	combined_ArafWT	ArafWT	combined	WT
Follicular thyroid carcinoma	C0206682	CURATED	9	HRAS,KRAS,NRAS	3	3/337	3/14132	0.018270451485755	14132	0.162694020373152	combined_ArafWT	ArafWT	combined	WT
Lymphoid neoplasm (morphologic abnormality)	C0598798	CURATED	26	NRAS,KRAS,MTR,TP53	4	4/337	4/14132	0.0232878599416101	14132	0.197946809503686	combined_ArafWT	ArafWT	combined	WT
Adult Cholangiocarcinoma	C0280725	CURATED	48	PRKACB,PREX2,PRKACA,TP53,KRAS	5	5/337	5/14132	0.027147045289292	14132	0.220717281265113	combined_ArafWT	ArafWT	combined	WT
Differentiated Thyroid Gland Carcinoma	C1337013	CURATED	29	KRAS,HRAS,NRAS,TRIM27	4	4/337	4/14132	0.0310669478351767	14132	0.242063301882418	combined_ArafWT	ArafWT	combined	WT
HIV Infections	C0019693	CURATED	127	CCT3,SIRT1,HSP90AA1,DNAJC7,CCT7,RAB32,HSP90AB1,PSMB4	8	8/337	8/14132	0.0324461020926779	14132	0.242696843653231	combined_ArafWT	ArafWT	combined	WT
Mouth Neoplasms	C0026640	CURATED	52	HRAS,GPN1,KRAS,HSPA8,TP53	5	5/337	5/14132	0.0351021173964446	14132	0.243114664930931	combined_ArafWT	ArafWT	combined	WT
Cholangiocarcinoma	C0206698	CURATED	52	PRKACA,TP53,PREX2,PRKACB,KRAS	5	5/337	5/14132	0.0351021173964446	14132	0.243114664930931	combined_ArafWT	ArafWT	combined	WT
Insulin Resistance	C0021655	CURATED	77	NUS1,SIRT1,PIK3R1,PRKAR1A,IRS2,TBC1D4	6	6/337	6/14132	0.0366796958134847	14132	0.24496796846863	combined_ArafWT	ArafWT	combined	WT
Lymphoma	C0024299	CURATED	32	TP53,MTR,NRAS,KRAS	4	4/337	4/14132	0.040038282926898	14132	0.258177893356204	combined_ArafWT	ArafWT	combined	WT
Stickler syndrome (disorder)	C0265253	CURATED	14	LRP2,COL11A1,VCAN	3	3/337	3/14132	0.0427085363298649	14132	0.266216543122825	combined_ArafWT	ArafWT	combined	WT
Cataract	C0086543	CURATED	35	SLC19A1,WDR87,COL5A1,ZNF91	4	4/337	4/14132	0.0501716197910192	14132	0.302648158094213	combined_ArafWT	ArafWT	combined	WT
Osteogenesis imperfecta type III (disorder)	C0268362	CURATED	17	P3H1,COL11A1,CRTAP	3	3/337	3/14132	0.0609252600405976	14132	0.337827099919166	combined_ArafWT	ArafWT	combined	WT
Adenoma	C0001430	CURATED	38	SLC19A1,TP53,KRAS,AIP	4	4/337	4/14132	0.0614231090762119	14132	0.337827099919166	combined_ArafWT	ArafWT	combined	WT
Acinar cell adenoma	C0334389	CURATED	38	TP53,KRAS,AIP,SLC19A1	4	4/337	4/14132	0.0614231090762119	14132	0.337827099919166	combined_ArafWT	ArafWT	combined	WT
Precursor Lymphoid Neoplasm	C1335469	CURATED	91	MTR,NRAS,SLC19A1,TP53,BCR,KRAS	6	6/337	6/14132	0.0663396136124968	14132	0.353034604026005	combined_ArafWT	ArafWT	combined	WT
Craniofacial Abnormalities	C0376634	CURATED	150	COL11A1,JAG2,TRIM37,GPC6,DNMT3B,TP53,GABRB3,LRP2	8	8/337	8/14132	0.0679638809889634	14132	0.353034604026005	combined_ArafWT	ArafWT	combined	WT
Hemangiosarcoma	C0018923	CURATED	19	HRAS,KRAS,TP53	3	3/337	3/14132	0.0742761377246848	14132	0.362965597789749	combined_ArafWT	ArafWT	combined	WT
Angiosarcoma nonmetastatic	C0854893	CURATED	19	HRAS,KRAS,TP53	3	3/337	3/14132	0.0742761377246848	14132	0.362965597789749	combined_ArafWT	ArafWT	combined	WT
Autosomal recessive non-syndromic intellectual disability	C5680181	CURATED	67	NAA20,WDR11,EEF1B2,UBE4A,EEF1D	5	5/337	5/14132	0.075698707560429	14132	0.362965597789749	combined_ArafWT	ArafWT	combined	WT
Malignant neoplasm of gallbladder	C0153452	CURATED	20	TP53,KEAP1,KRAS	3	3/337	3/14132	0.0812691410444491	14132	0.373306346534756	combined_ArafWT	ArafWT	combined	WT
Acute lymphocytic leukemia	C0023449	CURATED	98	KRAS,MTR,TP53,NRAS,BCR,SLC19A1	6	6/337	6/14132	0.0850128495408595	14132	0.373306346534756	combined_ArafWT	ArafWT	combined	WT
Philadelphia chromosome positive chronic myelogenous leukemia	C0279543	CURATED	44	BCR,NRAS,KRAS,PER1	4	4/337	4/14132	0.0870539124258683	14132	0.373306346534756	combined_ArafWT	ArafWT	combined	WT
Mental Retardation, X-Linked Nonsyndromic	C3501611	CURATED	44	FGF13,FTSJ1,USP9X,HUWE1	4	4/337	4/14132	0.0870539124258683	14132	0.373306346534756	combined_ArafWT	ArafWT	combined	WT
Lip and Oral Cavity Carcinoma	C0220641	CURATED	21	TP53,HRAS,PREX2	3	3/337	3/14132	0.088455455546209	14132	0.373306346534756	combined_ArafWT	ArafWT	combined	WT
Carcinoma	C0007097	CURATED	163	KRAS,URI1,YWHAZ,COL5A1,DNMT3B,PIK3R1,HRAS,TP53	8	8/337	8/14132	0.0955139072643851	14132	0.373306346534756	combined_ArafWT	ArafWT	combined	WT
Malignant epithelioma	C0553707	CURATED	163	COL5A1,HRAS,KRAS,TP53,URI1,DNMT3B,YWHAZ,PIK3R1	8	8/337	8/14132	0.0955139072643851	14132	0.373306346534756	combined_ArafWT	ArafWT	combined	WT
Epithelioma	C1368683	CURATED	163	PIK3R1,DNMT3B,HRAS,KRAS,COL5A1,YWHAZ,URI1,TP53	8	8/337	8/14132	0.0955139072643851	14132	0.373306346534756	combined_ArafWT	ArafWT	combined	WT
gallbladder neoplasm	C0016978	CURATED	22	KEAP1,TP53,KRAS	3	3/337	3/14132	0.0958219499126646	14132	0.373306346534756	combined_ArafWT	ArafWT	combined	WT
Non-Small Cell Adenocarcinoma	C1335060	CURATED	197	UBR5,TP53,SLC19A1,UCK2,HRAS,POLR1D,MAP2K1,DNMT3B,KRAS	9	9/337	9/14132	0.0997400762025902	14132	0.380640698977232	combined_ArafWT	ArafWT	combined	WT
Rhabdomyosarcoma	C0035412	CURATED	25	TP53,DICER1,HRAS	3	3/337	3/14132	0.118878793753535	14132	0.441269098595226	combined_ArafWT	ArafWT	combined	WT
Malignant neoplasm of large intestine	C0346629	CURATED	173	KRAS,PIK3R1,MLH3,DICER1,AMER1,TP53,NRAS,MYO1B	8	8/337	8/14132	0.120346117798698	14132	0.441269098595226	combined_ArafWT	ArafWT	combined	WT
Myelodysplasias, Hematopoetic	C2713368	CURATED	52	TP53,NRAS,DNMT3B,KRAS	4	4/337	4/14132	0.126917204159975	14132	0.456413791882986	combined_ArafWT	ArafWT	combined	WT
Premature Menopause	C0025322	CURATED	53	HERC1,CENPI,NEK8,ESRRG	4	4/337	4/14132	0.132295429370137	14132	0.458134172078068	combined_ArafWT	ArafWT	combined	WT
nervous system disorder	C0027765	CURATED	53	SLC19A1,TP53,TOMM70,KCNQ2	4	4/337	4/14132	0.132295429370137	14132	0.458134172078068	combined_ArafWT	ArafWT	combined	WT
Dysmorphic facies	C0424503	CURATED	84	CSNK2B,KCNQ2,MAP2K2,HUWE1,COL11A1	5	5/337	5/14132	0.140691623403586	14132	0.474054028035765	combined_ArafWT	ArafWT	combined	WT
melanoma	C0025202	CURATED	250	PPP6C,TP53,NRAS,MAP2K2,MYO1B,ECHDC1,NUS1,HRAS,MAP2K1,STIP1	10	10/337	10/14132	0.144426387176727	14132	0.474054028035765	combined_ArafWT	ArafWT	combined	WT
Developmental Disabilities	C0008073	CURATED	149	KCNQ2,NANS,MAPK8IP3,NAA15,USP9X,LRP2,NEFL	7	7/337	7/14132	0.14605667181052	14132	0.474054028035765	combined_ArafWT	ArafWT	combined	WT
Adenocarcinoma of lung (disorder)	C0152013	CURATED	286	UBR5,EIF2AK1,KEAP1,UCK2,MAP2K1,SLC19A1,TP53,KRAS,POLR1D,HRAS,DNMT3B	11	11/337	11/14132	0.147032800139435	14132	0.474054028035765	combined_ArafWT	ArafWT	combined	WT
Non-specific early-onset epileptic encephalopathy	C5680057	CURATED	59	FGF13,YWHAG,FGF12,NUS1	4	4/337	4/14132	0.166108524985301	14132	0.524543935902782	combined_ArafWT	ArafWT	combined	WT
Squamous cell carcinoma of mouth	C0585362	CURATED	31	TP53,WNT11,DNMT3B	3	3/337	3/14132	0.168302867134582	14132	0.524543935902782	combined_ArafWT	ArafWT	combined	WT
Bipolar Disorder	C0005586	CURATED	483	CSRP1,FKBP5,SIRT1,AKAP11,NEFL,FADS2,KCNQ2,MTR,YWHAZ,KCTD12,GABRB3,YWHAE,YWHAH,FBXL3,PPID,BCR	16	16/337	16/14132	0.180097566612076	14132	0.55210237633538	combined_ArafWT	ArafWT	combined	WT
Neurodevelopmental Disorders	C1535926	CURATED	674	TCP1,CCT7,COL11A1,GABRB3,HECTD1,CSNK2B,EEF1B2,KCNQ2,CCT3,UBE4A,EEF1D,FGF13,USP9X,HERC1,UBR5,PRKACA,NAA15,CCT8,MAPK8IP3,DICER1,CCT6A	21	21/337	21/14132	0.185173566890121	14132	0.558507371104073	combined_ArafWT	ArafWT	combined	WT
Short stature	C0349588	CURATED	162	PDZRN3,RIT1,COL11A1,CUL7,FBN2,WDR6,MAP2K2	7	7/337	7/14132	0.190761811006705	14132	0.558543592689882	combined_ArafWT	ArafWT	combined	WT
Congenital heart disease	C0152021	CURATED	95	RIT1,USP34,CSRP1,ADAMTS19,LRP2	5	5/337	5/14132	0.191337554992351	14132	0.558543592689882	combined_ArafWT	ArafWT	combined	WT
Splenomegaly	C0038002	CURATED	34	EIF2AK1,KRAS,NRAS	3	3/337	3/14132	0.194146168582045	14132	0.558543592689882	combined_ArafWT	ArafWT	combined	WT
Hepatomegaly	C0019209	CURATED	67	FGF12,MYO1B,TRIM37,KEAP1	4	4/337	4/14132	0.214511388710926	14132	0.597440371467102	combined_ArafWT	ArafWT	combined	WT
Brain Neoplasms	C0006118	CURATED	37	TP53,HRAS,SIRT1	3	3/337	3/14132	0.220445912466471	14132	0.597440371467102	combined_ArafWT	ArafWT	combined	WT
Adult Renal Wilms' Tumor	C1332219	CURATED	37	AMER1,TP53,DICER1	3	3/337	3/14132	0.220445912466471	14132	0.597440371467102	combined_ArafWT	ArafWT	combined	WT
Moyamoya angiopathy	C5681261	CURATED	37	SORL1,EEF1D,TECPR1	3	3/337	3/14132	0.220445912466471	14132	0.597440371467102	combined_ArafWT	ArafWT	combined	WT
Childhood Kidney Wilms Tumor	C1333015	CURATED	38	DICER1,TP53,AMER1	3	3/337	3/14132	0.229280512654819	14132	0.612506512377872	combined_ArafWT	ArafWT	combined	WT
Osteogenesis Imperfecta	C0029434	CURATED	39	P3H1,SNX22,CRTAP	3	3/337	3/14132	0.238138220998557	14132	0.618497879537919	combined_ArafWT	ArafWT	combined	WT
Endometrial Carcinoma	C0476089	CURATED	39	HRAS,PIK3R1,MLH3	3	3/337	3/14132	0.238138220998557	14132	0.618497879537919	combined_ArafWT	ArafWT	combined	WT
Familial Malignant Neoplasm	C1333600	CURATED	40	DICER1,TP53,MLH3	3	3/337	3/14132	0.247012932416195	14132	0.632759155641485	combined_ArafWT	ArafWT	combined	WT
Neuroblastoma	C0027819	CURATED	75	TP53,HRAS,NRAS,KRAS	4	4/337	4/14132	0.265428436302218	14132	0.670744832277227	combined_ArafWT	ArafWT	combined	WT
Liver neoplasms	C0023903	CURATED	146	NUDCD3,HRAS,DICER1,KRAS,TP53,PDRG1	6	6/337	6/14132	0.269352100332976	14132	0.671584570163553	combined_ArafWT	ArafWT	combined	WT
Impaired glucose tolerance (disorder)	C0271650	CURATED	44	NUS1,PIK3R1,SIRT1	3	3/337	3/14132	0.282569180038588	14132	0.695268903515999	combined_ArafWT	ArafWT	combined	WT
Thyroid Neoplasm	C0040136	CURATED	45	TP53,HRAS,KRAS	3	3/337	3/14132	0.291446672595267	14132	0.707799062017078	combined_ArafWT	ArafWT	combined	WT
Small cell carcinoma of lung	C0149925	CURATED	80	PIK3R1,SLIT2,DNMT3B,TP53	4	4/337	4/14132	0.297958935414446	14132	0.714337447724377	combined_ArafWT	ArafWT	combined	WT
Nephroblastoma	C0027708	CURATED	47	AMER1,TP53,DICER1	3	3/337	3/14132	0.309154843067528	14132	0.725142694510053	combined_ArafWT	ArafWT	combined	WT
Seizures	C0036572	CURATED	308	KIF13A,EEF1B2,FGF12,ALG11,YWHAG,NR2F1,CSNK2B,GABRB3,KCNQ2,PIK3R2	10	10/337	10/14132	0.314711526211632	14132	0.725142694510053	combined_ArafWT	ArafWT	combined	WT
Hyperglycemia	C0020456	CURATED	48	NUS1,PRKAR1A,IRS2	3	3/337	3/14132	0.317977010426868	14132	0.725142694510053	combined_ArafWT	ArafWT	combined	WT
Myopia	C0027092	CURATED	48	P3H2,P4HA2,COL11A1	3	3/337	3/14132	0.317977010426868	14132	0.725142694510053	combined_ArafWT	ArafWT	combined	WT
Malignant neoplasm of pancreatic duct	C0153461	CURATED	49	KRAS,JAG2,TP53	3	3/337	3/14132	0.32677257592919	14132	0.727457996413792	combined_ArafWT	ArafWT	combined	WT
Carcinoma, Pancreatic Ductal	C0887833	CURATED	49	TP53,KRAS,JAG2	3	3/337	3/14132	0.32677257592919	14132	0.727457996413792	combined_ArafWT	ArafWT	combined	WT
Hydrops Fetalis, Non-Immune	C0455988	CURATED	50	HRAS,KRAS,RIT1	3	3/337	3/14132	0.335537798614595	14132	0.738183156952109	combined_ArafWT	ArafWT	combined	WT
Malignant Squamous Cell Neoplasm	C0751688	CURATED	124	CSNK2B,HSPA8,TP53,HRAS,KRAS	5	5/337	5/14132	0.342933802892285	14132	0.745681641172759	combined_ArafWT	ArafWT	combined	WT
Breast Cancer, Familial	C0346153	CURATED	88	MLH3,TP53,PIK3R3,KRAS	4	4/337	4/14132	0.350337020783616	14132	0.753023251569381	combined_ArafWT	ArafWT	combined	WT
Papillary thyroid carcinoma	C0238463	CURATED	53	TP53,NRAS,HRAS	3	3/337	3/14132	0.361616845362252	14132	0.760110414953443	combined_ArafWT	ArafWT	combined	WT
Atrial Fibrillation	C0004238	CURATED	166	HERC1,MYO1C,SIRT1,SORL1,USP34,SLC27A6	6	6/337	6/14132	0.362875905485963	14132	0.760110414953443	combined_ArafWT	ArafWT	combined	WT
Colorectal Neoplasms	C0009404	CURATED	363	AMER1,DICER1,KRAS,FADS2,FBN2,NRAS,MLH3,NT5C,TP53,STIP1,SLC19A1	11	11/337	11/14132	0.366212493545925	14132	0.760110414953443	combined_ArafWT	ArafWT	combined	WT
Mammary Neoplasms	C1458155	CURATED	524	MTR,NISCH,DICER1,EEF1B2,HRAS,ARAF,SIRT1,FKBPL,TP53,JAG2,KRAS,DNMT3B,ESRRA,NR2F1,HSP90AA1	15	15/337	15/14132	0.369893303533494	14132	0.760110414953443	combined_ArafWT	ArafWT	combined	WT
Autosomal dominant non-syndromic intellectual disability	C5680502	CURATED	55	KCNQ2,CSNK2B,YWHAZ	3	3/337	3/14132	0.378790922767741	14132	0.769933723451822	combined_ArafWT	ArafWT	combined	WT
Neoplasms, Bone Tissue	C0206639	CURATED	56	SIRT1,TP53,ESRRA	3	3/337	3/14132	0.387305828483541	14132	0.770925453361695	combined_ArafWT	ArafWT	combined	WT
Endometrial Neoplasms	C0014170	CURATED	94	MLH3,PIK3R1,TSPYL2,TP53	4	4/337	4/14132	0.389380533890591	14132	0.770925453361695	combined_ArafWT	ArafWT	combined	WT
Amyotrophic Lateral Sclerosis	C0002736	CURATED	133	NEFL,TP53,ESRRA,DNAJC7,ITPR2	5	5/337	5/14132	0.391762638703879	14132	0.770925453361695	combined_ArafWT	ArafWT	combined	WT
Skin Neoplasms	C0037286	CURATED	57	TP53,HRAS,CSNK2B	3	3/337	3/14132	0.395769216699052	14132	0.770925453361695	combined_ArafWT	ArafWT	combined	WT
Adenoid Cystic Carcinoma	C0010606	CURATED	97	VCAN,HRAS,TP53,MAP2K2	4	4/337	4/14132	0.408698646902679	14132	0.781680068495874	combined_ArafWT	ArafWT	combined	WT
Orbital separation excessive	C0020534	CURATED	59	RIT1,COL5A1,COL11A1	3	3/337	3/14132	0.412532041634223	14132	0.781680068495874	combined_ArafWT	ArafWT	combined	WT
Osteosarcoma	C0029463	CURATED	60	TP53,ESRRA,SIRT1	3	3/337	3/14132	0.420827129248125	14132	0.781680068495874	combined_ArafWT	ArafWT	combined	WT
Familial thoracic aortic aneurysm and aortic dissection	C4707243	CURATED	60	COL5A1,MAT2A,FBN2	3	3/337	3/14132	0.420827129248125	14132	0.781680068495874	combined_ArafWT	ArafWT	combined	WT
Acute Promyelocytic Leukemia	C0023487	CURATED	61	NRAS,PRKAR1A,SLIT2	3	3/337	3/14132	0.429061990534308	14132	0.781680068495874	combined_ArafWT	ArafWT	combined	WT
Medulloblastoma	C0025149	CURATED	61	SMYD4,DICER1,IRS2	3	3/337	3/14132	0.429061990534308	14132	0.781680068495874	combined_ArafWT	ArafWT	combined	WT
Basal Cell Neoplasm	C0206710	CURATED	141	FSCN1,VCAN,TP53,PPP6C,IRS4	5	5/337	5/14132	0.434731161088614	14132	0.781680068495874	combined_ArafWT	ArafWT	combined	WT
Malignant basal cell tumor	C1368295	CURATED	141	TP53,IRS4,VCAN,PPP6C,FSCN1	5	5/337	5/14132	0.434731161088614	14132	0.781680068495874	combined_ArafWT	ArafWT	combined	WT
Ductal Breast Carcinoma	C1527349	CURATED	103	LRP2,PRKACB,NEFL,UBR5	4	4/337	4/14132	0.446738598449971	14132	0.788455793405061	combined_ArafWT	ArafWT	combined	WT
Colorectal Carcinoma	C0009402	CURATED	473	KRAS,SORL1,GDAP1L1,PREX2,IRS4,TP53,PER1,LRP2,MYO1B,RPAP1,CNTN1,ZNF480,NRAS	13	13/337	13/14132	0.454968401646368	14132	0.788455793405061	combined_ArafWT	ArafWT	combined	WT
Multiple Myeloma	C0026764	CURATED	146	TP53,MTR,NRAS,PIK3R2,KRAS	5	5/337	5/14132	0.461167732626813	14132	0.788455793405061	combined_ArafWT	ArafWT	combined	WT
Male infertility	C0021364	CURATED	106	TP53,ELOVL2,TSC22D3,MTR	4	4/337	4/14132	0.465395071188464	14132	0.788455793405061	combined_ArafWT	ArafWT	combined	WT
Major Depressive Disorder	C1269683	CURATED	229	HSP90AA1,PSMB4,BCR,MAP2K1,FKBP4,NEFL,FKBP5	7	7/337	7/14132	0.465937644019575	14132	0.788455793405061	combined_ArafWT	ArafWT	combined	WT
Unipolar Depression	C0041696	CURATED	231	HSP90AA1,PSMB4,BCR,FKBP4,FKBP5,NEFL,MAP2K1	7	7/337	7/14132	0.474289735672026	14132	0.788455793405061	combined_ArafWT	ArafWT	combined	WT
Neoplastic Syndromes, Hereditary	C0027672	CURATED	190	DICER1,AIP,MLH3,HRAS,PRKAR1A,TP53	6	6/337	6/14132	0.475609190197286	14132	0.788455793405061	combined_ArafWT	ArafWT	combined	WT
Squamous cell carcinoma of lung	C0149782	CURATED	67	KRAS,MAP2K1,HRAS	3	3/337	3/14132	0.477111194664193	14132	0.788455793405061	combined_ArafWT	ArafWT	combined	WT
Squamous cell carcinoma	C0007137	CURATED	150	HSPA8,CSNK2B,KRAS,TP53,HRAS	5	5/337	5/14132	0.48200675631966	14132	0.788455793405061	combined_ArafWT	ArafWT	combined	WT
Gastrointestinal Stromal Tumors	C0238198	CURATED	68	MTR,DISP1,SLC19A1	3	3/337	3/14132	0.484879231238407	14132	0.788455793405061	combined_ArafWT	ArafWT	combined	WT
Colon Carcinoma	C0699790	CURATED	68	TP53,MLH3,NRAS	3	3/337	3/14132	0.484879231238407	14132	0.788455793405061	combined_ArafWT	ArafWT	combined	WT
Neurodevelopmental delay	C4022738	CURATED	238	COL11A1,NAA15,HUWE1,GABRB3,NR2F1,DNAJC7,USP9X	7	7/337	7/14132	0.503211460567977	14132	0.807316134249627	combined_ArafWT	ArafWT	combined	WT
Kidney Failure, Acute	C0022660	CURATED	114	LRP2,TP53,SIRT1,CCT7	4	4/337	4/14132	0.513708287417262	14132	0.807316134249627	combined_ArafWT	ArafWT	combined	WT
Acute Kidney Insufficiency	C1565662	CURATED	114	CCT7,SIRT1,LRP2,TP53	4	4/337	4/14132	0.513708287417262	14132	0.807316134249627	combined_ArafWT	ArafWT	combined	WT
Non-specific syndromic intellectual disability	C5568766	CURATED	367	CCT6A,HUWE1,CCT7,MAPK8IP3,YWHAE,KCNQ2,DNAJA1,YWHAZ,NAA15,CCT8	10	10/337	10/14132	0.513746630886126	14132	0.807316134249627	combined_ArafWT	ArafWT	combined	WT
Acute kidney injury	C2609414	CURATED	115	CCT7,SIRT1,LRP2,TP53	4	4/337	4/14132	0.519585198354821	14132	0.807690038943442	combined_ArafWT	ArafWT	combined	WT
Prostate cancer, familial	C2931456	CURATED	73	MAP2K1,ATAT1,DNMT3B	3	3/337	3/14132	0.522622966375168	14132	0.807690038943442	combined_ArafWT	ArafWT	combined	WT
Endometriosis	C0014175	CURATED	165	FKBP5,VCAN,KRAS,GREB1,DICER1	5	5/337	5/14132	0.556983403792195	14132	0.846795906578378	combined_ArafWT	ArafWT	combined	WT
Epilepsy	C0014544	CURATED	165	KCNQ2,GABRB3,MTR,DNAJC7,APBA2	5	5/337	5/14132	0.556983403792195	14132	0.846795906578378	combined_ArafWT	ArafWT	combined	WT
Mood Disorders	C0525045	CURATED	168	SIRT1,DNMT3B,FKBP5,HSP90AA1,KCTD12	5	5/337	5/14132	0.571276862927331	14132	0.856124281196066	combined_ArafWT	ArafWT	combined	WT
Global developmental delay	C0557874	CURATED	388	EEF1B2,FBN2,USP9X,HUWE1,MAPK8IP3,KCNQ2,HERC2,CELSR2,NAA15,GABRB3	10	10/337	10/14132	0.581265904463129	14132	0.856124281196066	combined_ArafWT	ArafWT	combined	WT
Esophageal Neoplasms	C0014859	CURATED	82	MLH3,SMYD2,TP53	3	3/337	3/14132	0.58574319650812	14132	0.856124281196066	combined_ArafWT	ArafWT	combined	WT
Intellectual Disability	C3714756	CURATED	694	USP9X,ITPR2,MTR,HUWE1,CELSR2,CSNK2B,EEF1B2,HECTD1,PIK3R2,YWHAG,HRAS,LRP2,GABRB3,HERC1,KCNQ2,NAA15,FTSJ1	17	17/337	17/14132	0.592194771533842	14132	0.856124281196066	combined_ArafWT	ArafWT	combined	WT
Autism Spectrum Disorders	C1510586	CURATED	572	MTR,HUWE1,DNMT3B,NR2F1,SLC19A1,NAA15,FBN2,GABRB3,ITPR3,CSNK2B,ALPP,MAP2K1,FTSJ1,KCNQ2	14	14/337	14/14132	0.610806136519682	14132	0.856124281196066	combined_ArafWT	ArafWT	combined	WT
Epileptic encephalopathy	C0543888	CURATED	86	KCNQ2,GABRB3,USP19	3	3/337	3/14132	0.611752755848848	14132	0.856124281196066	combined_ArafWT	ArafWT	combined	WT
Connective Tissue Diseases	C0009782	CURATED	87	COL11A1,COL5A1,FBN2	3	3/337	3/14132	0.618057636157588	14132	0.856124281196066	combined_ArafWT	ArafWT	combined	WT
Malignant neoplasm of upper lobe, bronchus or lung	C0024624	CURATED	87	IRS4,KRAS,MAT2A	3	3/337	3/14132	0.618057636157588	14132	0.856124281196066	combined_ArafWT	ArafWT	combined	WT
Osteoporosis	C0029456	CURATED	87	GPC6,P4HB,CCT2	3	3/337	3/14132	0.618057636157588	14132	0.856124281196066	combined_ArafWT	ArafWT	combined	WT
Malignant neoplasm of middle lobe, bronchus or lung	C0153491	CURATED	87	KRAS,MAT2A,IRS4	3	3/337	3/14132	0.618057636157588	14132	0.856124281196066	combined_ArafWT	ArafWT	combined	WT
Malignant neoplasm of lower lobe, bronchus or lung	C0153492	CURATED	87	IRS4,KRAS,MAT2A	3	3/337	3/14132	0.618057636157588	14132	0.856124281196066	combined_ArafWT	ArafWT	combined	WT
Malignant neoplasm of other parts of bronchus or lung	C0153493	CURATED	87	KRAS,MAT2A,IRS4	3	3/337	3/14132	0.618057636157588	14132	0.856124281196066	combined_ArafWT	ArafWT	combined	WT
Renal Cell Carcinoma	C0007134	CURATED	180	KEAP1,MAP2K1,CUL7,BTG3,TP53	5	5/337	5/14132	0.625770888454091	14132	0.858951593034638	combined_ArafWT	ArafWT	combined	WT
Acute polyarticular juvenile rheumatoid arthritis	C0157916	CURATED	138	KRAS,PER1,BTG3,HSPA6	4	4/337	4/14132	0.643135652774062	14132	0.858951593034638	combined_ArafWT	ArafWT	combined	WT
Pauciarticular juvenile rheumatoid arthritis	C0157917	CURATED	138	BTG3,PER1,KRAS,HSPA6	4	4/337	4/14132	0.643135652774062	14132	0.858951593034638	combined_ArafWT	ArafWT	combined	WT
Monoarticular juvenile rheumatoid arthritis	C0157918	CURATED	138	HSPA6,BTG3,KRAS,PER1	4	4/337	4/14132	0.643135652774062	14132	0.858951593034638	combined_ArafWT	ArafWT	combined	WT
Juvenile Chronic Polyarthritis	C0409667	CURATED	138	KRAS,BTG3,PER1,HSPA6	4	4/337	4/14132	0.643135652774062	14132	0.858951593034638	combined_ArafWT	ArafWT	combined	WT
Non-Small Cell Lung Carcinoma	C0007131	CURATED	276	KEAP1,NRAS,MAP2K1,KRAS,HRAS,TP53,SELENOS	7	7/337	7/14132	0.647658687796171	14132	0.858951593034638	combined_ArafWT	ArafWT	combined	WT
Pancreatic Neoplasm	C0030297	CURATED	191	MTR,SEL1L,FGF13,KRAS,TP53	5	5/337	5/14132	0.671699838828757	14132	0.86032787576012	combined_ArafWT	ArafWT	combined	WT
malignant neoplasm of head of pancreas	C0153458	CURATED	191	MTR,TP53,FGF13,KRAS,SEL1L	5	5/337	5/14132	0.671699838828757	14132	0.86032787576012	combined_ArafWT	ArafWT	combined	WT
Malignant neoplasm of body of pancreas	C0153459	CURATED	191	MTR,FGF13,SEL1L,KRAS,TP53	5	5/337	5/14132	0.671699838828757	14132	0.86032787576012	combined_ArafWT	ArafWT	combined	WT
Malignant neoplasm of tail of pancreas	C0153460	CURATED	191	MTR,FGF13,KRAS,SEL1L,TP53	5	5/337	5/14132	0.671699838828757	14132	0.86032787576012	combined_ArafWT	ArafWT	combined	WT
Malignant neoplasm of other specified sites of pancreas	C0153463	CURATED	191	KRAS,TP53,FGF13,SEL1L,MTR	5	5/337	5/14132	0.671699838828757	14132	0.86032787576012	combined_ArafWT	ArafWT	combined	WT
Non-alcoholic Fatty Liver Disease	C0400966	CURATED	101	PRKACA,SIRT1,EIF2AK1	3	3/337	3/14132	0.698169062300344	14132	0.882146044933543	combined_ArafWT	ArafWT	combined	WT
Nonalcoholic steatohepatitis	C3241937	CURATED	101	SIRT1,EIF2AK1,PRKACA	3	3/337	3/14132	0.698169062300344	14132	0.882146044933543	combined_ArafWT	ArafWT	combined	WT
Sensorineural Hearing Loss (disorder)	C0018784	CURATED	103	NEFL,LRP2,COL11A1	3	3/337	3/14132	0.708404083577645	14132	0.882299631418004	combined_ArafWT	ArafWT	combined	WT
Autistic Disorder	C0004352	CURATED	433	PER1,COL11A1,PASK,ITPR3,NAA15,CUL7,MTR,SLC19A1,GABRB3,HRAS	10	10/337	10/14132	0.70937461986875	14132	0.882299631418004	combined_ArafWT	ArafWT	combined	WT
Myoepithelioma	C0027070	CURATED	104	CORO2A,GABRB3,TANGO6	3	3/337	3/14132	0.713412262927896	14132	0.882299631418004	combined_ArafWT	ArafWT	combined	WT
Bladder Neoplasm	C0005695	CURATED	206	SLC19A1,MTR,TP53,KRAS,HRAS	5	5/337	5/14132	0.727842559878828	14132	0.882299631418004	combined_ArafWT	ArafWT	combined	WT
Hereditary Breast and Ovarian Cancer Syndrome	C0677776	CURATED	158	KRAS,EYA2,WDR11,TP53	4	4/337	4/14132	0.73097001116636	14132	0.882299631418004	combined_ArafWT	ArafWT	combined	WT
Heart failure	C0018801	CURATED	207	MAP2K1,TP53,PRKACA,SIRT1,NISCH	5	5/337	5/14132	0.73131787630904	14132	0.882299631418004	combined_ArafWT	ArafWT	combined	WT
Congestive heart failure	C0018802	CURATED	207	PRKACA,TP53,SIRT1,NISCH,MAP2K1	5	5/337	5/14132	0.73131787630904	14132	0.882299631418004	combined_ArafWT	ArafWT	combined	WT
Glioma	C0017638	CURATED	109	MAP2K1,HRAS,TP53	3	3/337	3/14132	0.737382908587121	14132	0.883914127601228	combined_ArafWT	ArafWT	combined	WT
Malignant Glioma	C0555198	CURATED	112	HRAS,MAP2K1,TP53	3	3/337	3/14132	0.750931101860322	14132	0.894421121324077	combined_ArafWT	ArafWT	combined	WT
Mental Retardation	C0025362	CURATED	165	NAA15,KRAS,EEF1B2,KIFBP	4	4/337	4/14132	0.757404741032023	14132	0.896422066917647	combined_ArafWT	ArafWT	combined	WT
Malignant neoplasm of urinary bladder	C0005684	CURATED	218	HRAS,SLC19A1,TP53,MTR,KRAS	5	5/337	5/14132	0.767372216451208	14132	0.902506946392301	combined_ArafWT	ArafWT	combined	WT
Adenocarcinoma	C0001418	CURATED	121	TP53,HSPA8,KRAS	3	3/337	3/14132	0.788021519936661	14132	0.921000151425973	combined_ArafWT	ArafWT	combined	WT
hearing impairment	C1384666	CURATED	187	LRP2,POLR1D,UNC45A,COL11A1	4	4/337	4/14132	0.827060063135409	14132	0.960622557803239	combined_ArafWT	ArafWT	combined	WT
Stomach Neoplasms	C0038356	CURATED	349	KRAS,DNMT3B,HSPA8,CCT7,TP53,IRS2,HRAS	7	7/337	7/14132	0.843105331306984	14132	0.97226091351224	combined_ArafWT	ArafWT	combined	WT
Kidney Diseases	C0022658	CURATED	140	NEK8,XPNPEP3,LRP2	3	3/337	3/14132	0.850715720595596	14132	0.97226091351224	combined_ArafWT	ArafWT	combined	WT
Retinal Dystrophies	C0854723	CURATED	405	TUBGCP6,COL11A1,VCAN,ZNF91,LRP2,CCT2,SLC19A1,NR2F1	8	8/337	8/14132	0.853723701979357	14132	0.97226091351224	combined_ArafWT	ArafWT	combined	WT
Microcephaly (physical finding)	C4551563	CURATED	357	YWHAG,ZNF91,SPOCK1,TUBGCP6,CDK5RAP2,NUS1,WDR11	7	7/337	7/14132	0.857877276628447	14132	0.97226091351224	combined_ArafWT	ArafWT	combined	WT
Leukemia, Myelocytic, Acute	C0023467	CURATED	210	DNMT3B,TP53,KRAS,NRAS	4	4/337	4/14132	0.880884598397867	14132	0.98563669658129	combined_ArafWT	ArafWT	combined	WT
Parkinson Disease	C0030567	CURATED	153	BAG5,RAB32,HSPA8	3	3/337	3/14132	0.883363008050609	14132	0.98563669658129	combined_ArafWT	ArafWT	combined	WT
Chemical and Drug Induced Liver Injury	C4277682	CURATED	374	NUS1,SORL1,EIF2AK1,P4HB,ECHDC1,CCT3,FADS2	7	7/337	7/14132	0.885491791581052	14132	0.98563669658129	combined_ArafWT	ArafWT	combined	WT
Colonic Neoplasms	C0009375	CURATED	160	SLC19A1,KRAS,TP53	3	3/337	3/14132	0.898083067007926	14132	0.991881781313447	combined_ArafWT	ArafWT	combined	WT
Obesity	C0028754	CURATED	293	NMU,PRKAR1A,SIRT1,NUDC,LACTB	5	5/337	5/14132	0.922204136998949	14132	0.991881781313447	combined_ArafWT	ArafWT	combined	WT
Chronic ischemic heart disease	C0264694	CURATED	174	TP53,MAT2A,CELSR2	3	3/337	3/14132	0.92248094834964	14132	0.991881781313447	combined_ArafWT	ArafWT	combined	WT
Coronary Arteriosclerosis	C0010054	CURATED	175	TP53,CELSR2,MAT2A	3	3/337	3/14132	0.923995226745527	14132	0.991881781313447	combined_ArafWT	ArafWT	combined	WT
Coronary heart disease	C0010068	CURATED	182	TP53,CELSR2,MAT2A	3	3/337	3/14132	0.93384076105825	14132	0.991881781313447	combined_ArafWT	ArafWT	combined	WT
ovarian neoplasm	C0919267	CURATED	182	TP53,URI1,KRAS	3	3/337	3/14132	0.93384076105825	14132	0.991881781313447	combined_ArafWT	ArafWT	combined	WT
Malignant neoplasm of prostate	C0376358	CURATED	629	VCAN,FBN2,GAPDHS,ZNF100,PREX2,FBH1,PPP6R2,COL5A1,TP53,B3GALT1,PIK3R1	11	11/337	11/14132	0.936728494255759	14132	0.991881781313447	combined_ArafWT	ArafWT	combined	WT
Depressive disorder	C0011581	CURATED	272	FKBP5,GABRB3,STIP1,MTR	4	4/337	4/14132	0.959587610316551	14132	0.991881781313447	combined_ArafWT	ArafWT	combined	WT
Alzheimer's Disease	C0002395	CURATED	211	SORL1,GAPDHS,PIK3R1	3	3/337	3/14132	0.963162081868433	14132	0.991881781313447	combined_ArafWT	ArafWT	combined	WT
Alcoholic Intoxication, Chronic	C0001973	CURATED	279	GABRB3,FKBP5,PIK3R1,TP53	4	4/337	4/14132	0.964434761859374	14132	0.991881781313447	combined_ArafWT	ArafWT	combined	WT
Schizophrenia	C0036341	CURATED	1047	AKAP11,CNTN1,JAG2,KCNQ2,NEFL,RAPGEF6,KCTD12,DNMT3B,GABRB3,TP53,YWHAE,SIRT1,APBA2,PTPRZ1,LRP2,MTR,FADS2,DICER1	18	18/337	18/14132	0.968428013070529	14132	0.991881781313447	combined_ArafWT	ArafWT	combined	WT
Malignant neoplasm of breast	C0006142	CURATED	744	KRAS,UBR5,TP53,P3H2,KEAP1,ADAMTS19,SORL1,TCP1,ZNHIT2,COL11A1,PER1,SYT3	12	12/337	12/14132	0.97038164461961	14132	0.991881781313447	combined_ArafWT	ArafWT	combined	WT
Rheumatoid Arthritis	C0003873	CURATED	222	DNMT3B,PADI2,FKBP5	3	3/337	3/14132	0.970617764255339	14132	0.991881781313447	combined_ArafWT	ArafWT	combined	WT
Cardiomyopathies	C0878544	CURATED	223	BAG5,YWHAH,TP53	3	3/337	3/14132	0.971218504261457	14132	0.991881781313447	combined_ArafWT	ArafWT	combined	WT
Liver carcinoma	C2239176	CURATED	646	SLIT2,IRS2,NRAS,KRAS,PBK,TP53,DICER1,HRAS,SPOCK1,RIT1	10	10/337	10/14132	0.973744699640693	14132	0.991881781313447	combined_ArafWT	ArafWT	combined	WT
Diabetes Mellitus, Non-Insulin-Dependent	C0011860	CURATED	331	IRS2,PIK3R1,SIRT1,NUS1	4	4/337	4/14132	0.986627307982812	14132	0.991881781313447	combined_ArafWT	ArafWT	combined	WT
Myocardial Ischemia	C0151744	CURATED	338	MAT2A,TP53,CELSR2,P4HB	4	4/337	4/14132	0.988318124675638	14132	0.991881781313447	combined_ArafWT	ArafWT	combined	WT
Lung Neoplasms	C0024121	CURATED	269	KRAS,HRAS,TP53	3	3/337	3/14132	0.989047023503865	14132	0.991881781313447	combined_ArafWT	ArafWT	combined	WT
Mental Depression	C0011570	CURATED	283	MTR,GABRB3,FKBP5	3	3/337	3/14132	0.991881781313447	14132	0.991881781313447	combined_ArafWT	ArafWT	combined	WT
Noonan syndrome and Noonan-related syndrome	C5681679	CURATED	25	LZTR1,SHOC2,BRAF,KRAS,NRAS,RAF1	6	6/61	6/14132	6.30281036810398e-08	14132	3.27746139141407e-06	combined_NrasWT	NrasWT	combined	WT
Costello syndrome (disorder)	C0587248	CURATED	13	SHOC2,NRAS,RAF1,BRAF,KRAS	5	5/61	5/14132	2.18174901947695e-07	14132	3.87490780901605e-06	combined_NrasWT	NrasWT	combined	WT
RASopathy	C5555857	CURATED	32	KRAS,NRAS,LZTR1,SHOC2,BRAF,RAF1	6	6/61	6/14132	2.33427052370823e-07	14132	3.87490780901605e-06	combined_NrasWT	NrasWT	combined	WT
Cardio-facio-cutaneous syndrome	C1275081	CURATED	14	KRAS,BRAF,NRAS,RAF1,SHOC2	5	5/61	5/14132	3.04459677462136e-07	14132	3.87490780901605e-06	combined_NrasWT	NrasWT	combined	WT
Noonan Syndrome	C0028326	CURATED	35	KRAS,SHOC2,NRAS,RAF1,BRAF,LZTR1	6	6/61	6/14132	3.72587289328466e-07	14132	3.87490780901605e-06	combined_NrasWT	NrasWT	combined	WT
Noonan Syndrome 1	C4551602	CURATED	21	KRAS,NRAS,LZTR1,BRAF,RAF1	5	5/61	5/14132	1.77967873888654e-06	14132	1.54238824036834e-05	combined_NrasWT	NrasWT	combined	WT
Pilomyxoid astrocytoma	C1519086	CURATED	7	BRAF,RAF1,KRAS	3	3/61	3/14132	0.000379554672925387	14132	0.00281954899887431	combined_NrasWT	NrasWT	combined	WT
GIANT PIGMENTED HAIRY NEVUS	C1842036	CURATED	8	BRAF,NRAS,RAF1	3	3/61	3/14132	0.000504666242857312	14132	0.00291584940317558	combined_NrasWT	NrasWT	combined	WT
NOONAN SYNDROME 3	C1860991	CURATED	8	KRAS,RAF1,SHOC2	3	3/61	3/14132	0.000504666242857312	14132	0.00291584940317558	combined_NrasWT	NrasWT	combined	WT
LEOPARD Syndrome	C0175704	CURATED	9	RAF1,NRAS,BRAF	3	3/61	3/14132	0.00064705360629887	14132	0.00336467875275412	combined_NrasWT	NrasWT	combined	WT
PROSTATE CANCER, HEREDITARY, 1	C4722327	CURATED	10	NRAS,BRAF,KRAS	3	3/61	3/14132	0.000806570200816488	14132	0.00381287731295067	combined_NrasWT	NrasWT	combined	WT
Vascular anomaly	C0158570	CURATED	14	KRAS,NRAS,BRAF	3	3/61	3/14132	0.00161302929984681	14132	0.00698979363266951	combined_NrasWT	NrasWT	combined	WT
Differentiated Thyroid Gland Carcinoma	C1337013	CURATED	29	BRAF,KRAS,NRAS	3	3/61	3/14132	0.00690352237743673	14132	0.0276140895097469	combined_NrasWT	NrasWT	combined	WT
Hydrops Fetalis, Non-Immune	C0455988	CURATED	50	KRAS,LZTR1,SHOC2	3	3/61	3/14132	0.0196580892694221	14132	0.0673941176855565	combined_NrasWT	NrasWT	combined	WT
Colorectal Neoplasms	C0009404	CURATED	363	KRAS,FADS2,NRAS,ATOX1,BRAF,TFPI2	6	6/61	6/14132	0.0199966177011512	14132	0.0673941176855565	combined_NrasWT	NrasWT	combined	WT
Liver carcinoma	C2239176	CURATED	646	PCLAF,BRAF,TFPI2,NRAS,KRAS,SOD1,TRAF7,LZTR1	8	8/61	8/14132	0.0207366515955558	14132	0.0673941176855565	combined_NrasWT	NrasWT	combined	WT
Non-Small Cell Lung Carcinoma	C0007131	CURATED	276	NRAS,KRAS,BRAF,RAF1,SELENOS	5	5/61	5/14132	0.0311706807203253	14132	0.0953456116151125	combined_NrasWT	NrasWT	combined	WT
Malignant neoplasm of upper lobe, bronchus or lung	C0024624	CURATED	87	KRAS,MAT2A,BRAF	3	3/61	3/14132	0.0542629080521487	14132	0.13436529612913	combined_NrasWT	NrasWT	combined	WT
Malignant neoplasm of middle lobe, bronchus or lung	C0153491	CURATED	87	KRAS,MAT2A,BRAF	3	3/61	3/14132	0.0542629080521487	14132	0.13436529612913	combined_NrasWT	NrasWT	combined	WT
Malignant neoplasm of lower lobe, bronchus or lung	C0153492	CURATED	87	KRAS,MAT2A,BRAF	3	3/61	3/14132	0.0542629080521487	14132	0.13436529612913	combined_NrasWT	NrasWT	combined	WT
Malignant neoplasm of other parts of bronchus or lung	C0153493	CURATED	87	KRAS,MAT2A,BRAF	3	3/61	3/14132	0.0542629080521487	14132	0.13436529612913	combined_NrasWT	NrasWT	combined	WT
Cardiomyopathy, Hypertrophic, Familial	C0949658	CURATED	99	KRAS,SHOC2,RAF1	3	3/61	3/14132	0.0681121940615853	14132	0.16099245869102	combined_NrasWT	NrasWT	combined	WT
Glioma	C0017638	CURATED	109	BRAF,SOD1,RAF1	3	3/61	3/14132	0.0804430648835281	14132	0.181871277127977	combined_NrasWT	NrasWT	combined	WT
Malignant Glioma	C0555198	CURATED	112	RAF1,SOD1,BRAF	3	3/61	3/14132	0.0842693100002073	14132	0.182583505000449	combined_NrasWT	NrasWT	combined	WT
Lung Neoplasms	C0024121	CURATED	269	KRAS,BRAF,ATOX1,RAF1	4	4/61	4/14132	0.110084382412958	14132	0.228975515418952	combined_NrasWT	NrasWT	combined	WT
Liver neoplasms	C0023903	CURATED	146	RAF1,BRAF,KRAS	3	3/61	3/14132	0.13101474537571	14132	0.252324694797664	combined_NrasWT	NrasWT	combined	WT
Multiple Myeloma	C0026764	CURATED	146	NRAS,BRAF,KRAS	3	3/61	3/14132	0.13101474537571	14132	0.252324694797664	combined_NrasWT	NrasWT	combined	WT
Colorectal Carcinoma	C0009402	CURATED	473	KRAS,BRAF,PDGFD,ALDH1L1,NRAS	5	5/61	5/14132	0.147030806024782	14132	0.259258387121243	combined_NrasWT	NrasWT	combined	WT
Prostatic Neoplasms	C0033578	CURATED	660	SELENOS,RAF1,SESN3,KRAS,CSRP1,BRAF	6	6/61	6/14132	0.155144842277984	14132	0.259258387121243	combined_NrasWT	NrasWT	combined	WT
Hypertrophic Cardiomyopathy	C0007194	CURATED	164	RAF1,LZTR1,BRAF	3	3/61	3/14132	0.157721971997391	14132	0.259258387121243	combined_NrasWT	NrasWT	combined	WT
Malignant neoplasm of large intestine	C0346629	CURATED	173	KRAS,BRAF,NRAS	3	3/61	3/14132	0.17144140493643	14132	0.259258387121243	combined_NrasWT	NrasWT	combined	WT
Chronic ischemic heart disease	C0264694	CURATED	174	PDGFD,MAT2A,CYBA	3	3/61	3/14132	0.172978432730742	14132	0.259258387121243	combined_NrasWT	NrasWT	combined	WT
Coronary Arteriosclerosis	C0010054	CURATED	175	CYBA,PDGFD,MAT2A	3	3/61	3/14132	0.174517810558894	14132	0.259258387121243	combined_NrasWT	NrasWT	combined	WT
Myocardial Ischemia	C0151744	CURATED	338	PDGFD,MAT2A,CYBA,HMGCS2	4	4/61	4/14132	0.178972924486931	14132	0.259258387121243	combined_NrasWT	NrasWT	combined	WT
Coronary heart disease	C0010068	CURATED	182	CYBA,PDGFD,MAT2A	3	3/61	3/14132	0.185355285833631	14132	0.259258387121243	combined_NrasWT	NrasWT	combined	WT
Pancreatic Neoplasm	C0030297	CURATED	191	BRAF,TFPI2,KRAS	3	3/61	3/14132	0.199429528554802	14132	0.259258387121243	combined_NrasWT	NrasWT	combined	WT
malignant neoplasm of head of pancreas	C0153458	CURATED	191	BRAF,TFPI2,KRAS	3	3/61	3/14132	0.199429528554802	14132	0.259258387121243	combined_NrasWT	NrasWT	combined	WT
Malignant neoplasm of body of pancreas	C0153459	CURATED	191	BRAF,TFPI2,KRAS	3	3/61	3/14132	0.199429528554802	14132	0.259258387121243	combined_NrasWT	NrasWT	combined	WT
Malignant neoplasm of tail of pancreas	C0153460	CURATED	191	TFPI2,BRAF,KRAS	3	3/61	3/14132	0.199429528554802	14132	0.259258387121243	combined_NrasWT	NrasWT	combined	WT
Malignant neoplasm of other specified sites of pancreas	C0153463	CURATED	191	KRAS,BRAF,TFPI2	3	3/61	3/14132	0.199429528554802	14132	0.259258387121243	combined_NrasWT	NrasWT	combined	WT
Leukemia, Myelocytic, Acute	C0023467	CURATED	210	TFPI2,KRAS,NRAS	3	3/61	3/14132	0.229527785942948	14132	0.291108411439837	combined_NrasWT	NrasWT	combined	WT
melanoma	C0025202	CURATED	250	TFPI2,NRAS,BRAF	3	3/61	3/14132	0.293615121129114	14132	0.363523483302713	combined_NrasWT	NrasWT	combined	WT
Cardiomyopathy, Dilated	C0007193	CURATED	259	LZTR1,RAF1,BRAF	3	3/61	3/14132	0.308011350495274	14132	0.372478842459401	combined_NrasWT	NrasWT	combined	WT
Depressive disorder	C0011581	CURATED	272	SOD1,NTS,TWNK	3	3/61	3/14132	0.328711774243037	14132	0.388477551378135	combined_NrasWT	NrasWT	combined	WT
Bipolar Disorder	C0005586	CURATED	483	RNF41,CSRP1,DSCAM,FADS2	4	4/61	4/14132	0.346680299054389	14132	0.396589279332446	combined_NrasWT	NrasWT	combined	WT
Adenocarcinoma of lung (disorder)	C0152013	CURATED	286	RAF1,BRAF,KRAS	3	3/61	3/14132	0.35082897787101	14132	0.396589279332446	combined_NrasWT	NrasWT	combined	WT
Obesity	C0028754	CURATED	293	SOD1,ALDH1L1,LACTB	3	3/61	3/14132	0.361802281912677	14132	0.400291886371473	combined_NrasWT	NrasWT	combined	WT
Hypertensive disease	C0020538	CURATED	301	CYBA,ATOX1,SOD1	3	3/61	3/14132	0.37426283945998	14132	0.405451409414979	combined_NrasWT	NrasWT	combined	WT
Mammary Neoplasms	C1458155	CURATED	524	RAF1,TFPI2,ARAF,KRAS	4	4/61	4/14132	0.395244868843668	14132	0.419443534283077	combined_NrasWT	NrasWT	combined	WT
Diabetes Mellitus, Non-Insulin-Dependent	C0011860	CURATED	331	SOD1,CYBA,BRAF	3	3/61	3/14132	0.420089517634239	14132	0.436893098339608	combined_NrasWT	NrasWT	combined	WT
Autism Spectrum Disorders	C1510586	CURATED	572	LZTR1,ALDH1L1,DSCAM	3	3/61	3/14132	0.713265281257223	14132	0.727250875007365	combined_NrasWT	NrasWT	combined	WT
Schizophrenia	C0036341	CURATED	1047	NKAPL,NTS,FADS2,LSAMP	4	4/61	4/14132	0.839813646965555	14132	0.839813646965555	combined_NrasWT	NrasWT	combined	WT
Costello syndrome (disorder)	C0587248	CURATED	13	MAP2K1,RAF1,BRAF,SPRED1,HRAS	5	5/229	5/14132	4.28113799652429e-05	14132	0.00595078181516877	combined_MEK1DD	MEK1DD	combined	Active
Cholestasis, Extrahepatic	C0005398	CURATED	33	CCN2,TIMP1,KEAP1,JUN,TGFB1,FOS	6	6/229	6/14132	0.000175274955686044	14132	0.00717630460818167	combined_MEK1DD	MEK1DD	combined	Active
Noonan Syndrome	C0028326	CURATED	35	EPHA2,HRAS,RAF1,BRAF,SPRED1,MAP2K1	6	6/229	6/14132	0.000233510303192272	14132	0.00717630460818167	combined_MEK1DD	MEK1DD	combined	Active
LEOPARD Syndrome	C0175704	CURATED	9	MAP2K1,RAF1,EPHA2,BRAF	4	4/229	4/14132	0.000328221657022769	14132	0.00717630460818167	combined_MEK1DD	MEK1DD	combined	Active
Acute polyarticular juvenile rheumatoid arthritis	C0157916	CURATED	138	PLAUR,JUN,EGR1,FOS,FOSB,TFPI,KLF4,BTG3,AREG,DUSP1	10	10/229	10/14132	0.000413024725650743	14132	0.00717630460818167	combined_MEK1DD	MEK1DD	combined	Active
Pauciarticular juvenile rheumatoid arthritis	C0157917	CURATED	138	PLAUR,BTG3,EGR1,JUN,TFPI,DUSP1,FOS,AREG,KLF4,FOSB	10	10/229	10/14132	0.000413024725650743	14132	0.00717630460818167	combined_MEK1DD	MEK1DD	combined	Active
Monoarticular juvenile rheumatoid arthritis	C0157918	CURATED	138	DUSP1,BTG3,EGR1,JUN,AREG,PLAUR,KLF4,FOS,TFPI,FOSB	10	10/229	10/14132	0.000413024725650743	14132	0.00717630460818167	combined_MEK1DD	MEK1DD	combined	Active
Juvenile Chronic Polyarthritis	C0409667	CURATED	138	BTG3,DUSP1,PLAUR,KLF4,EGR1,FOSB,JUN,AREG,FOS,TFPI	10	10/229	10/14132	0.000413024725650743	14132	0.00717630460818167	combined_MEK1DD	MEK1DD	combined	Active
Noonan syndrome and Noonan-related syndrome	C5681679	CURATED	25	HRAS,MAP2K1,BRAF,SPRED1,RAF1	5	5/229	5/14132	0.000650125632462923	14132	0.0100408292124829	combined_MEK1DD	MEK1DD	combined	Active
Cardio-facio-cutaneous syndrome	C1275081	CURATED	14	BRAF,MAP2K1,HRAS,RAF1	4	4/229	4/14132	0.00133949839453587	14132	0.017654836894634	combined_MEK1DD	MEK1DD	combined	Active
Lung Neoplasms	C0024121	CURATED	269	CDKN1A,EGR1,TGFB1,JUNB,FOS,CCN1,JUN,BRAF,HRAS,RAF1,SPRY2,CCN2,FOSB	13	13/229	13/14132	0.00148553039333194	14132	0.017654836894634	combined_MEK1DD	MEK1DD	combined	Active
Inflammation	C0021368	CURATED	134	TIMP1,TAC1,SH2B3,SELENOS,TGFB1,ZFP36,F2RL1,EGR1,PLAUR	9	9/229	9/14132	0.00152415858083171	14132	0.017654836894634	combined_MEK1DD	MEK1DD	combined	Active
Myocardial Ischemia	C0151744	CURATED	338	LIPG,GDF15,MAT2A,SH2B3,TRIB1,ZFP36,DUSP1,ARHGAP31,F2RL1,AREG,BHLHE40,HMGCS2,JUNB,KLF4	14	14/229	14/14132	0.00351911467908469	14132	0.0376274569532901	combined_MEK1DD	MEK1DD	combined	Active
Liver carcinoma	C2239176	CURATED	646	KLF4,GDF15,CSPG4,FOSB,RRM2,BRAF,SLIT2,TFPI2,IRS2,TGFB1,CDCA5,PHLDA1,FOS,CCN1,JUN,CCNA1,EGR1,HRAS,ZFP36,ADAMTS1,CDC6	21	21/229	21/14132	0.00424590081852211	14132	0.0417179012803818	combined_MEK1DD	MEK1DD	combined	Active
Noonan Syndrome 1	C4551602	CURATED	21	HRAS,BRAF,MAP2K1,RAF1	4	4/229	4/14132	0.00450193179284696	14132	0.0417179012803818	combined_MEK1DD	MEK1DD	combined	Active
Non-Small Cell Lung Carcinoma	C0007131	CURATED	276	KEAP1,LAMC2,PHLDA2,MAP2K1,NDRG1,HRAS,BRAF,KDM2A,RAF1,ADAMTS1,AREG,SELENOS	12	12/229	12/14132	0.0054345479957122	14132	0.0472126357127498	combined_MEK1DD	MEK1DD	combined	Active
Dermatitis, Allergic Contact	C0162820	CURATED	71	ETS2,PHLDA1,PIM1,SAT1,RAB32,UPP1	6	6/229	6/14132	0.00584854366356172	14132	0.0478204452491223	combined_MEK1DD	MEK1DD	combined	Active
GIANT PIGMENTED HAIRY NEVUS	C1842036	CURATED	8	BRAF,RAF1,HRAS	3	3/229	3/14132	0.00686412799803232	14132	0.0530063217625829	combined_MEK1DD	MEK1DD	combined	Active
Liver neoplasms	C0023903	CURATED	146	CDKN1A,FOSB,HRAS,JUN,RAF1,BRAF,KRT18,NDRG1	8	8/229	8/14132	0.00971603140078348	14132	0.071080440247837	combined_MEK1DD	MEK1DD	combined	Active
Papilloma	C0030354	CURATED	11	TGFB1,CDKN1A,HRAS	3	3/229	3/14132	0.0130584055821254	14132	0.0864342083769255	combined_MEK1DD	MEK1DD	combined	Active
Papillomatosis	C0205875	CURATED	11	CDKN1A,TGFB1,HRAS	3	3/229	3/14132	0.0130584055821254	14132	0.0864342083769255	combined_MEK1DD	MEK1DD	combined	Active
RASopathy	C5555857	CURATED	32	HRAS,MAP2K1,BRAF,RAF1	4	4/229	4/14132	0.0147371096477241	14132	0.0931117382288022	combined_MEK1DD	MEK1DD	combined	Active
Rheumatic aortic regurgitation	C0155568	CURATED	12	TIMP1,CCN2,TGFB1	3	3/229	3/14132	0.0155042425549029	14132	0.0936995528318047	combined_MEK1DD	MEK1DD	combined	Active
Acute Promyelocytic Leukemia	C0023487	CURATED	61	THBD,CD44,SLIT2,TRIB3,FIP1L1	5	5/229	5/14132	0.0170594216426597	14132	0.0969232741196768	combined_MEK1DD	MEK1DD	combined	Active
Aortic Valve Insufficiency	C0003504	CURATED	13	CCN2,TIMP1,TGFB1	3	3/229	3/14132	0.0181295332885726	14132	0.0969232741196768	combined_MEK1DD	MEK1DD	combined	Active
Mitral and aortic incompetence	C0264774	CURATED	13	TIMP1,TGFB1,CCN2	3	3/229	3/14132	0.0181295332885726	14132	0.0969232741196768	combined_MEK1DD	MEK1DD	combined	Active
melanoma	C0025202	CURATED	250	TFPI2,SLC35G2,GDF15,F2RL1,JUNB,BRAF,NDRG1,HRAS,MAP2K1,ARL5B	10	10/229	10/14132	0.0208605994160179	14132	0.103848722886097	combined_MEK1DD	MEK1DD	combined	Active
Vascular anomaly	C0158570	CURATED	14	HRAS,BRAF,MAP2K1	3	3/229	3/14132	0.0209278724375788	14132	0.103848722886097	combined_MEK1DD	MEK1DD	combined	Active
Prostatic Neoplasms	C0033578	CURATED	660	HRAS,SELENOS,NDRG1,RAF1,KEAP1,ETV4,PLAUR,GDF15,CD44,EGR1,TGFB1,CSRP1,ARL6IP1,EPCAM,MAP2K1,BRAF,UCK2,CCNA1,CDKN1A	19	19/229	19/14132	0.0216662803143655	14132	0.103848722886097	combined_MEK1DD	MEK1DD	combined	Active
Bipolar Disorder	C0005586	CURATED	483	RNF41,CSRP1,TGFB1,CACNB2,YWHAZ,KCTD12,PLEKHO1,SAT1,LHX5,TAC1,VGF,YWHAE,YWHAH,BHLHE40,PRKCI	15	15/229	15/14132	0.0259232861840117	14132	0.120111225985921	combined_MEK1DD	MEK1DD	combined	Active
Glioma	C0017638	CURATED	109	BRAF,MAP2K1,HRAS,RAF1,CCN1,CDKN1A	6	6/229	6/14132	0.032169698417014	14132	0.144244776773063	combined_MEK1DD	MEK1DD	combined	Active
Malignant Glioma	C0555198	CURATED	112	RAF1,CDKN1A,HRAS,BRAF,MAP2K1,CCN1	6	6/229	6/14132	0.0355531897001839	14132	0.152499513182213	combined_MEK1DD	MEK1DD	combined	Active
Hemangiosarcoma	C0018923	CURATED	19	HRAS,JUN,ANGPT2	3	3/229	3/14132	0.0373020391956492	14132	0.152499513182213	combined_MEK1DD	MEK1DD	combined	Active
Angiosarcoma nonmetastatic	C0854893	CURATED	19	HRAS,JUN,ANGPT2	3	3/229	3/14132	0.0373020391956492	14132	0.152499513182213	combined_MEK1DD	MEK1DD	combined	Active
Hydrops Fetalis, Non-Immune	C0455988	CURATED	50	ANGPT2,HRAS,FOXC2,DHCR24	4	4/229	4/14132	0.0471713065617031	14132	0.181543497928214	combined_MEK1DD	MEK1DD	combined	Active
Carcinoma	C0007097	CURATED	163	SGK1,YWHAZ,EPCAM,PLAUR,CORO1A,HRAS,TGFB1	7	7/229	7/14132	0.0496305965559145	14132	0.181543497928214	combined_MEK1DD	MEK1DD	combined	Active
Malignant epithelioma	C0553707	CURATED	163	HRAS,PLAUR,TGFB1,CORO1A,YWHAZ,EPCAM,SGK1	7	7/229	7/14132	0.0496305965559145	14132	0.181543497928214	combined_MEK1DD	MEK1DD	combined	Active
Epithelioma	C1368683	CURATED	163	HRAS,PLAUR,CORO1A,TGFB1,YWHAZ,EPCAM,SGK1	7	7/229	7/14132	0.0496305965559145	14132	0.181543497928214	combined_MEK1DD	MEK1DD	combined	Active
Adenocarcinoma of large intestine (disorder)	C1319315	CURATED	88	ARAF,PIM1,CD44,BRAF,AURKA	5	5/229	5/14132	0.0546347481069691	14132	0.194301417583046	combined_MEK1DD	MEK1DD	combined	Active
Mood Disorders	C0525045	CURATED	168	VGF,FOSB,NTS,SAT1,TAC1,TGFB1,KCTD12	7	7/229	7/14132	0.0559140770023153	14132	0.194301417583046	combined_MEK1DD	MEK1DD	combined	Active
IGA Glomerulonephritis	C0017661	CURATED	62	TIMP1,CD44,SPRY2,TGFB1	4	4/229	4/14132	0.0792414431489132	14132	0.268647819456072	combined_MEK1DD	MEK1DD	combined	Active
Mammary Neoplasms	C1458155	CURATED	524	RAF1,TFPI2,ETV4,HRAS,ARAF,JUN,PIM1,FOS,AREG,PIN1,NDRG1,ADAMTS1,ETS2,KRT18	14	14/229	14/14132	0.0846785821249505	14132	0.275785595539274	combined_MEK1DD	MEK1DD	combined	Active
Diaphragmatic Hernia	C0019284	CURATED	64	FOXC2,PIM1,CCN2,TGFB1	4	4/229	4/14132	0.0853149684042359	14132	0.275785595539274	combined_MEK1DD	MEK1DD	combined	Active
Adenocarcinoma of lung (disorder)	C0152013	CURATED	286	KPNA2,KEAP1,UCK2,MAP2K1,JUNB,RAF1,RRM2,BRAF,HRAS	9	9/229	9/14132	0.0942148045241891	14132	0.297633132474143	combined_MEK1DD	MEK1DD	combined	Active
Hyperkinesia	C3887506	CURATED	33	FOS,NTS,NPPC	3	3/229	3/14132	0.0995332325258675	14132	0.305317010839234	combined_MEK1DD	MEK1DD	combined	Active
Non-Small Cell Adenocarcinoma	C1335060	CURATED	197	RRM2,UCK2,HRAS,KPNA2,MAP2K1,BRAF,JUNB	7	7/229	7/14132	0.101397891489719	14132	0.305317010839234	combined_MEK1DD	MEK1DD	combined	Active
Neoplasm Invasiveness	C0027626	CURATED	198	TGFB1,ADAMTS1,ZFP36,HMGCS2,HRAS,PLAUR,TIMP1	7	7/229	7/14132	0.103236687118302	14132	0.305317010839234	combined_MEK1DD	MEK1DD	combined	Active
Contact Dermatitis	C0011616	CURATED	71	CD44,CCN2,DUSP1,TNFSF9	4	4/229	4/14132	0.108040109860531	14132	0.306547664548594	combined_MEK1DD	MEK1DD	combined	Active
Cocaine-Related Disorders	C0236736	CURATED	112	ARC,FOS,FOSB,EGR1,HOMER1	5	5/229	5/14132	0.108758159307816	14132	0.306547664548594	combined_MEK1DD	MEK1DD	combined	Active
Pulmonary Fibrosis	C0034069	CURATED	113	AREG,TGFB1,CCN2,TFPI,TIMP1	5	5/229	5/14132	0.111401467179237	14132	0.306547664548594	combined_MEK1DD	MEK1DD	combined	Active
Stomach Neoplasms	C0038356	CURATED	349	MLF1,CD44,AREG,CDKN1A,JUN,THBD,FOSL1,TNFSF9,IRS2,HRAS	10	10/229	10/14132	0.11486488724983	14132	0.306547664548594	combined_MEK1DD	MEK1DD	combined	Active
Kidney Neoplasm	C0022665	CURATED	36	NDRG1,BRAF,RAF1	3	3/229	3/14132	0.11514737852487	14132	0.306547664548594	combined_MEK1DD	MEK1DD	combined	Active
Hypertensive disease	C0020538	CURATED	301	FOS,SGK1,JUN,CACNB2,TGFB1,TIMP1,CCN2,DUSP5,NPPC	9	9/229	9/14132	0.116885080727162	14132	0.306547664548594	combined_MEK1DD	MEK1DD	combined	Active
Liver Cirrhosis	C0023890	CURATED	164	LAMC2,TGFB1,KRT18,CCN2,TFPI,TUG1	6	6/229	6/14132	0.128071142723842	14132	0.329664608122482	combined_MEK1DD	MEK1DD	combined	Active
Small cell carcinoma of lung	C0149925	CURATED	80	SLIT2,LAMC2,LAMB3,NDRG1	4	4/229	4/14132	0.140242937999735	14132	0.35443215239933	combined_MEK1DD	MEK1DD	combined	Active
Chronic ischemic heart disease	C0264694	CURATED	174	SH2B3,TRIB1,MAT2A,ARHGAP31,LIPG,GDF15	6	6/229	6/14132	0.152689794613151	14132	0.372075903156821	combined_MEK1DD	MEK1DD	combined	Active
Depressive disorder	C0011581	CURATED	272	TAC1,PRKCI,VGF,NTS,SAT1,TGFB1,HOMER1,DUSP1	8	8/229	8/14132	0.153723164913387	14132	0.372075903156821	combined_MEK1DD	MEK1DD	combined	Active
Coronary Arteriosclerosis	C0010054	CURATED	175	GDF15,ARHGAP31,MAT2A,SH2B3,TRIB1,LIPG	6	6/229	6/14132	0.155254693403565	14132	0.372075903156821	combined_MEK1DD	MEK1DD	combined	Active
Epithelial ovarian cancer	C0677886	CURATED	45	CCN2,RAF1,FOS	3	3/229	3/14132	0.16506055703631	14132	0.387419241513375	combined_MEK1DD	MEK1DD	combined	Active
Hyperalgesia	C0020429	CURATED	87	RAF1,FOS,TAC1,THBD	4	4/229	4/14132	0.16723132727196	14132	0.387419241513375	combined_MEK1DD	MEK1DD	combined	Active
Diabetic Nephropathy	C0011881	CURATED	46	CDKN1A,TGFB1,TNFAIP1	3	3/229	3/14132	0.170823581714276	14132	0.389253735381711	combined_MEK1DD	MEK1DD	combined	Active
Coronary heart disease	C0010068	CURATED	182	ARHGAP31,LIPG,GDF15,MAT2A,SH2B3,TRIB1	6	6/229	6/14132	0.173696633081935	14132	0.389416645135305	combined_MEK1DD	MEK1DD	combined	Active
Mental Depression	C0011570	CURATED	283	NPPC,PRKCI,TAC1,NTS,DUSP1,STK33,VGF,HOMER1	8	8/229	8/14132	0.176650893753752	14132	0.389753559234469	combined_MEK1DD	MEK1DD	combined	Active
Pancreatic Neoplasm	C0030297	CURATED	191	EPCAM,RRM2,BRAF,TFPI2,CD44,TGFB1	6	6/229	6/14132	0.198566004104318	14132	0.402354942775048	combined_MEK1DD	MEK1DD	combined	Active
malignant neoplasm of head of pancreas	C0153458	CURATED	191	BRAF,TGFB1,TFPI2,EPCAM,CD44,RRM2	6	6/229	6/14132	0.198566004104318	14132	0.402354942775048	combined_MEK1DD	MEK1DD	combined	Active
Malignant neoplasm of body of pancreas	C0153459	CURATED	191	BRAF,TFPI2,CD44,EPCAM,TGFB1,RRM2	6	6/229	6/14132	0.198566004104318	14132	0.402354942775048	combined_MEK1DD	MEK1DD	combined	Active
Malignant neoplasm of tail of pancreas	C0153460	CURATED	191	TGFB1,CD44,TFPI2,BRAF,EPCAM,RRM2	6	6/229	6/14132	0.198566004104318	14132	0.402354942775048	combined_MEK1DD	MEK1DD	combined	Active
Malignant neoplasm of other specified sites of pancreas	C0153463	CURATED	191	RRM2,BRAF,CD44,EPCAM,TGFB1,TFPI2	6	6/229	6/14132	0.198566004104318	14132	0.402354942775048	combined_MEK1DD	MEK1DD	combined	Active
Reperfusion Injury	C0035126	CURATED	95	FOS,JUN,CDKN1A,EGR1	4	4/229	4/14132	0.199730151449484	14132	0.402354942775048	combined_MEK1DD	MEK1DD	combined	Active
Mouth Neoplasms	C0026640	CURATED	52	HRAS,NDRG1,HMGCS2	3	3/229	3/14132	0.206010029835405	14132	0.409077059244589	combined_MEK1DD	MEK1DD	combined	Active
Multiple Myeloma	C0026764	CURATED	146	BRAF,AURKA,SGK1,SH2B3,TGFB1	5	5/229	5/14132	0.212377715747192	14132	0.415781725195207	combined_MEK1DD	MEK1DD	combined	Active
Carcinoma, Transitional Cell	C0007138	CURATED	56	CD44,HRAS,CDKN1A	3	3/229	3/14132	0.229875383094429	14132	0.437707921234598	combined_MEK1DD	MEK1DD	combined	Active
Transitional Cell Neoplasm	C0334265	CURATED	56	CD44,CDKN1A,HRAS	3	3/229	3/14132	0.229875383094429	14132	0.437707921234598	combined_MEK1DD	MEK1DD	combined	Active
Skin Neoplasms	C0037286	CURATED	57	NPPC,TGFB1,HRAS	3	3/229	3/14132	0.235873080091371	14132	0.443058893685142	combined_MEK1DD	MEK1DD	combined	Active
Osteosarcoma	C0029463	CURATED	60	SQSTM1,PHLDA2,JUN	3	3/229	3/14132	0.253910709989518	14132	0.470581182513907	combined_MEK1DD	MEK1DD	combined	Active
Endometriosis	C0014175	CURATED	165	CPM,AREG,DUSP1,ERRFI1,FOS	5	5/229	5/14132	0.279079679915796	14132	0.510422046161784	combined_MEK1DD	MEK1DD	combined	Active
Squamous cell carcinoma of the head and neck	C1168401	CURATED	65	JUNB,CCNA1,NDRG1	3	3/229	3/14132	0.284017814446608	14132	0.512707483221799	combined_MEK1DD	MEK1DD	combined	Active
Rheumatoid Arthritis	C0003873	CURATED	222	TFPI2,THBD,PLAUR,GPRC5A,CCN2,CCN1	6	6/229	6/14132	0.29177718382068	14132	0.519961904500955	combined_MEK1DD	MEK1DD	combined	Active
Fibrosis	C0016059	CURATED	69	TGFB1,SPHK1,TAC1	3	3/229	3/14132	0.30803087056329	14132	0.52831171053767	combined_MEK1DD	MEK1DD	combined	Active
Status Epilepticus	C0038220	CURATED	69	JUNB,FOS,JUN	3	3/229	3/14132	0.30803087056329	14132	0.52831171053767	combined_MEK1DD	MEK1DD	combined	Active
Nonorganic psychosis	C0349204	CURATED	69	GADD45B,TGFB1,SAT1	3	3/229	3/14132	0.30803087056329	14132	0.52831171053767	combined_MEK1DD	MEK1DD	combined	Active
Brain Ischemia	C0007786	CURATED	70	JUN,MAP2K1,EGR1	3	3/229	3/14132	0.314012349490815	14132	0.52831171053767	combined_MEK1DD	MEK1DD	combined	Active
Myocardial Infarction	C0027051	CURATED	175	TGFB1,SH2B3,THBD,TFPI,LIPG	5	5/229	5/14132	0.315466704853429	14132	0.52831171053767	combined_MEK1DD	MEK1DD	combined	Active
Lung diseases	C0024115	CURATED	72	SPRY2,TGFB1,CCN2	3	3/229	3/14132	0.325940298260532	14132	0.53935358878826	combined_MEK1DD	MEK1DD	combined	Active
Renal Cell Carcinoma	C0007134	CURATED	180	KEAP1,MAP2K1,BTG3,TGFB1,NDRG1	5	5/229	5/14132	0.33382652915246	14132	0.545904559437552	combined_MEK1DD	MEK1DD	combined	Active
Insulin Resistance	C0021655	CURATED	77	SQSTM1,TRIB3,IRS2	3	3/229	3/14132	0.355502717536015	14132	0.574591601598908	combined_MEK1DD	MEK1DD	combined	Active
Colorectal Neoplasms	C0009404	CURATED	363	SH2B3,KDM2A,RRM2,STK33,TGFB1,AURKA,BRAF,TFPI2	8	8/229	8/14132	0.374328801158481	14132	0.598065555873894	combined_MEK1DD	MEK1DD	combined	Active
Psychotic Disorders	C0033975	CURATED	89	SAT1,TGFB1,GADD45B	3	3/229	3/14132	0.424335579017668	14132	0.657292508228662	combined_MEK1DD	MEK1DD	combined	Active
Heart failure	C0018801	CURATED	207	MAP2K1,FIP1L1,HMGCS2,GDF15,CCN2	5	5/229	5/14132	0.432811981629029	14132	0.657292508228662	combined_MEK1DD	MEK1DD	combined	Active
Congestive heart failure	C0018802	CURATED	207	CCN2,FIP1L1,HMGCS2,GDF15,MAP2K1	5	5/229	5/14132	0.432811981629029	14132	0.657292508228662	combined_MEK1DD	MEK1DD	combined	Active
Nephrotic Syndrome	C0027726	CURATED	91	SYNPO,TNS2,TGFB1	3	3/229	3/14132	0.435448114312719	14132	0.657292508228662	combined_MEK1DD	MEK1DD	combined	Active
Asthma	C0004096	CURATED	208	EGR1,TGFB1,THBD,AREG,F2RL1	5	5/229	5/14132	0.436426010841568	14132	0.657292508228662	combined_MEK1DD	MEK1DD	combined	Active
Squamous cell carcinoma	C0007137	CURATED	150	TGFB1,EGR1,HRAS,AREG	4	4/229	4/14132	0.439771246512702	14132	0.657292508228662	combined_MEK1DD	MEK1DD	combined	Active
Mixed bipolar I disorder	C0236780	CURATED	98	PLEKHO1,TAC1,BHLHE40	3	3/229	3/14132	0.473402626947422	14132	0.672052677400944	combined_MEK1DD	MEK1DD	combined	Active
Adult Glioblastoma	C0278878	CURATED	98	NDRG1,BHLHE40,PIM1	3	3/229	3/14132	0.473402626947422	14132	0.672052677400944	combined_MEK1DD	MEK1DD	combined	Active
Primary Glioblastoma	C1514422	CURATED	98	BHLHE40,NDRG1,PIM1	3	3/229	3/14132	0.473402626947422	14132	0.672052677400944	combined_MEK1DD	MEK1DD	combined	Active
Bipolar I disorder, most recent episode manic (disorder)	C0024713	CURATED	99	TAC1,BHLHE40,PLEKHO1	3	3/229	3/14132	0.478699378126697	14132	0.672052677400944	combined_MEK1DD	MEK1DD	combined	Active
Colonic Neoplasms	C0009375	CURATED	160	CDKN1A,HMGCS2,EPCAM,JUN	4	4/229	4/14132	0.481785255490144	14132	0.672052677400944	combined_MEK1DD	MEK1DD	combined	Active
Non-alcoholic Fatty Liver Disease	C0400966	CURATED	101	TGFB1,TRIB3,TRIB1	3	3/229	3/14132	0.489195019368802	14132	0.672052677400944	combined_MEK1DD	MEK1DD	combined	Active
Nonalcoholic steatohepatitis	C3241937	CURATED	101	TRIB1,TRIB3,TGFB1	3	3/229	3/14132	0.489195019368802	14132	0.672052677400944	combined_MEK1DD	MEK1DD	combined	Active
Chronic Obstructive Airway Disease	C0024117	CURATED	102	CDKN1A,TGFB1,F2RL1	3	3/229	3/14132	0.494393247974609	14132	0.672052677400944	combined_MEK1DD	MEK1DD	combined	Active
Glioblastoma	C0017636	CURATED	104	NDRG1,PIM1,BHLHE40	3	3/229	3/14132	0.504689010094679	14132	0.672052677400944	combined_MEK1DD	MEK1DD	combined	Active
Atrial Fibrillation	C0004238	CURATED	166	PHLDA1,CDKN1A,FBXO32,REEP3	4	4/229	4/14132	0.506274483704243	14132	0.672052677400944	combined_MEK1DD	MEK1DD	combined	Active
Depression, Bipolar	C0005587	CURATED	105	TAC1,BHLHE40,PLEKHO1	3	3/229	3/14132	0.509785994018673	14132	0.672052677400944	combined_MEK1DD	MEK1DD	combined	Active
Major Depressive Disorder	C1269683	CURATED	229	MAP2K1,SGK1,RNF41,SAT1,HOMER1	5	5/229	5/14132	0.510500128985658	14132	0.672052677400944	combined_MEK1DD	MEK1DD	combined	Active
Obesity	C0028754	CURATED	293	FOS,SLC16A7,NMU,SAT1,FOXC2,VGF	6	6/229	6/14132	0.51675433443544	14132	0.672052677400944	combined_MEK1DD	MEK1DD	combined	Active
Unipolar Depression	C0041696	CURATED	231	SGK1,SAT1,HOMER1,RNF41,MAP2K1	5	5/229	5/14132	0.51733551425828	14132	0.672052677400944	combined_MEK1DD	MEK1DD	combined	Active
Malignant neoplasm of large intestine	C0346629	CURATED	173	AURKA,SH2B3,BRAF,STK33	4	4/229	4/14132	0.534073581413863	14132	0.687372479782657	combined_MEK1DD	MEK1DD	combined	Active
Kidney Failure, Acute	C0022660	CURATED	114	TGFB1,THBD,CD44	3	3/229	3/14132	0.554092300281527	14132	0.699806205535787	combined_MEK1DD	MEK1DD	combined	Active
Acute Kidney Insufficiency	C1565662	CURATED	114	THBD,TGFB1,CD44	3	3/229	3/14132	0.554092300281527	14132	0.699806205535787	combined_MEK1DD	MEK1DD	combined	Active
Acute kidney injury	C2609414	CURATED	115	TGFB1,THBD,CD44	3	3/229	3/14132	0.558838049024981	14132	0.699806205535787	combined_MEK1DD	MEK1DD	combined	Active
Osteoarthrosis, localized, not specified whether primary or secondary	C0157946	CURATED	117	TGFB1,TFPI2,YWHAQ	3	3/229	3/14132	0.568221757966802	14132	0.705203788905228	combined_MEK1DD	MEK1DD	combined	Active
Malignant Squamous Cell Neoplasm	C0751688	CURATED	124	AREG,TGFB1,HRAS	3	3/229	3/14132	0.599926257184266	14132	0.737962387155867	combined_MEK1DD	MEK1DD	combined	Active
Cardiomyopathy, Dilated	C0007193	CURATED	259	CACNB2,TNFSF9,FBXO32,RAF1,BRAF	5	5/229	5/14132	0.607882014811016	14132	0.74089426896544	combined_MEK1DD	MEK1DD	combined	Active
HIV Infections	C0019693	CURATED	127	CDKN1A,RAB32,PSMC5	3	3/229	3/14132	0.612970078640472	14132	0.74089426896544	combined_MEK1DD	MEK1DD	combined	Active
Polycystic Ovary Syndrome	C0032460	CURATED	138	RRM2,ERRFI1,CDC6	3	3/229	3/14132	0.658019953434489	14132	0.769161204881666	combined_MEK1DD	MEK1DD	combined	Active
Leukemia, Myelocytic, Acute	C0023467	CURATED	210	SPRY4,TFPI2,SGK1,CD44	4	4/229	4/14132	0.665043768593691	14132	0.769161204881666	combined_MEK1DD	MEK1DD	combined	Active
Kidney Diseases	C0022658	CURATED	140	THBD,TGFB1,CDKN1A	3	3/229	3/14132	0.665746928795704	14132	0.769161204881666	combined_MEK1DD	MEK1DD	combined	Active
Alcoholic Intoxication, Chronic	C0001973	CURATED	279	PHLDA2,ARC,NTS,SAT1,TAC1	5	5/229	5/14132	0.66585126288348	14132	0.769161204881666	combined_MEK1DD	MEK1DD	combined	Active
Basal Cell Neoplasm	C0206710	CURATED	141	JUN,PNMA1,CSPG4	3	3/229	3/14132	0.669557595616415	14132	0.769161204881666	combined_MEK1DD	MEK1DD	combined	Active
Malignant basal cell tumor	C1368295	CURATED	141	CSPG4,JUN,PNMA1	3	3/229	3/14132	0.669557595616415	14132	0.769161204881666	combined_MEK1DD	MEK1DD	combined	Active
Craniofacial Abnormalities	C0376634	CURATED	150	SPRY2,ETS2,FOXC2	3	3/229	3/14132	0.702292943952026	14132	0.800153436142063	combined_MEK1DD	MEK1DD	combined	Active
Hypertrophic Cardiomyopathy	C0007194	CURATED	164	RAF1,BRAF,CACNB2	3	3/229	3/14132	0.747837406348379	14132	0.841679691046482	combined_MEK1DD	MEK1DD	combined	Active
Epilepsy	C0014544	CURATED	165	FOS,FOSB,TGFB1	3	3/229	3/14132	0.750850947408372	14132	0.841679691046482	combined_MEK1DD	MEK1DD	combined	Active
Diabetes Mellitus, Non-Insulin-Dependent	C0011860	CURATED	331	IRS2,TIMP1,FOXC2,BRAF,SPHK1	5	5/229	5/14132	0.788041587385986	14132	0.876302245173217	combined_MEK1DD	MEK1DD	combined	Active
ovarian neoplasm	C0919267	CURATED	182	AURKA,AREG,EPCAM	3	3/229	3/14132	0.797524240729843	14132	0.879808487789271	combined_MEK1DD	MEK1DD	combined	Active
Schizophrenia	C0036341	CURATED	1047	NKAPL,JUN,NTS,TGFB1,BTBD9,KCTD12,YWHAE,CACNB2,DHCR24,TAC1,ARC,BHLHE40,HOMER1,CSPG4,SH2B3	15	15/229	15/14132	0.809110548203814	14132	0.885561938585277	combined_MEK1DD	MEK1DD	combined	Active
Neoplastic Syndromes, Hereditary	C0027672	CURATED	190	SH2B3,HRAS,EPCAM	3	3/229	3/14132	0.816695699765055	14132	0.886880486463615	combined_MEK1DD	MEK1DD	combined	Active
Non-specific syndromic intellectual disability	C5568766	CURATED	367	TMEM147,YWHAE,WSB2,DNAJA1,YWHAZ	5	5/229	5/14132	0.849718581084633	14132	0.915588238533054	combined_MEK1DD	MEK1DD	combined	Active
Alzheimer's Disease	C0002395	CURATED	211	DHCR24,ARC,ADAMTS1	3	3/229	3/14132	0.859530602889303	14132	0.919036567704717	combined_MEK1DD	MEK1DD	combined	Active
Colorectal Carcinoma	C0009402	CURATED	473	BRAF,LAMB3,PSMC5,HIVEP3,CACNB2,GTF2B	6	6/229	6/14132	0.885645700488858	14132	0.939730934106498	combined_MEK1DD	MEK1DD	combined	Active
Neurodevelopmental delay	C4022738	CURATED	238	KDM6B,BRAF,SPRED1	3	3/229	3/14132	0.901175486362534	14132	0.94896509548782	combined_MEK1DD	MEK1DD	combined	Active
Autistic Disorder	C0004352	CURATED	433	LAMB3,PRKCI,PLAUR,REEP3,HRAS	5	5/229	5/14132	0.923929089470848	14132	0.965610101025923	combined_MEK1DD	MEK1DD	combined	Active
Autism Spectrum Disorders	C1510586	CURATED	572	BAIAP2,CORO1A,CACNB2,DHCR24,PARD6B,MAP2K1	6	6/229	6/14132	0.957733230135453	14132	0.990381890831182	combined_MEK1DD	MEK1DD	combined	Active
Intellectual Disability	C3714756	CURATED	694	BRAF,BCKDK,GMDS,YWHAG,HRAS,AURKA,ANGPT2	7	7/229	7/14132	0.97154234253131	14132	0.990381890831182	combined_MEK1DD	MEK1DD	combined	Active
Malignant neoplasm of prostate	C0376358	CURATED	629	PLEKHA4,CD44,FBH1,MAMLD1,KMT5A,CCNA1	6	6/229	6/14132	0.977274129744248	14132	0.990381890831182	combined_MEK1DD	MEK1DD	combined	Active
Microcephaly (physical finding)	C4551563	CURATED	357	YWHAG,CDC6,FRMD4A	3	3/229	3/14132	0.980876165062556	14132	0.990381890831182	combined_MEK1DD	MEK1DD	combined	Active
Malignant neoplasm of breast	C0006142	CURATED	744	CAVIN1,TGFB1,KEAP1,AREG,DUSP1,GPC1,AURKA	7	7/229	7/14132	0.983256841256857	14132	0.990381890831182	combined_MEK1DD	MEK1DD	combined	Active
Neurodevelopmental Disorders	C1535926	CURATED	674	PSMC5,HIVEP3,KDM6B,KDM2A	4	4/229	4/14132	0.998990560825994	14132	0.998990560825994	combined_MEK1DD	MEK1DD	combined	Active
HIV Infections	C0019693	CURATED	127	CCT5,CCT3,SIRT1,HSP90AA1,DNAJC7,CCT7,RAB32,HSPH1,HSP90AB1,MDM2,PSMC5	11	11/373	11/14132	0.00196893394977789	14132	0.419382931302691	combined_ArafS214P	ArafS214P	combined	Active
Pruritus	C0033774	CURATED	13	F2RL1,AHR,TAC1,ABCB11	4	4/373	4/14132	0.0042838497599359	14132	0.456229999433174	combined_ArafS214P	ArafS214P	combined	Active
Adenocarcinoma of colon	C0338106	CURATED	31	PIK3R3,APC,PIK3CA,TGFB1,UBR5	5	5/373	5/14132	0.00855537382199384	14132	0.489662675890539	combined_ArafS214P	ArafS214P	combined	Active
Prostatic Neoplasms	C0033578	CURATED	660	AHR,HSP90AB1,SELENOS,ROBO1,KEAP1,ETV4,IGF2R,MIF,PIK3CA,LZTS1,NECTIN2,TCP1,GUCD1,EGR1,GJA1,APC,P4HB,MAP2K2,TGFB1,UXT,SPATA18,CSRP1,TTC9C,MDM2,PIK3R1,PRKACB,SIRT1,TMEFF2,MAP2K1	29	29/373	29/14132	0.00919554320921201	14132	0.489662675890539	combined_ArafS214P	ArafS214P	combined	Active
Noonan Syndrome	C0028326	CURATED	35	EPHA2,MAP2K2,SPRED1,SPRED2,MAP2K1	5	5/373	5/14132	0.0131120289687385	14132	0.558572434068262	combined_ArafS214P	ArafS214P	combined	Active
Cleft upper lip	C0008924	CURATED	37	SLC19A1,SPRY2,KIF7,MTR,GJA1	5	5/373	5/14132	0.0158742475555725	14132	0.563535788222822	combined_ArafS214P	ArafS214P	combined	Active
Mammary Neoplasms	C1458155	CURATED	524	MIF,MTR,NISCH,DSC3,AHR,FLT1,DICER1,THBS1,PIK3CA,TFPI2,EPHB4,ETV4,ARAF,ARF1,CCT5,SIRT1,GJA1,NECTIN2,MDM2,SPATA18,HSP90AA1,KRT18,MAN2C1	23	23/373	23/14132	0.0218777421727895	14132	0.569150110073527	combined_ArafS214P	ArafS214P	combined	Active
LEOPARD Syndrome	C0175704	CURATED	9	MAP2K1,EPHA2,MAP2K2	3	3/373	3/14132	0.0221232232258015	14132	0.569150110073527	combined_ArafS214P	ArafS214P	combined	Active
Inflammation	C0021368	CURATED	134	MIF,TAC1,EFNB1,SELENOS,TGFB1,ZFP36,F2RL1,EGR1,AHR	9	9/373	9/14132	0.0257216047035751	14132	0.569150110073527	combined_ArafS214P	ArafS214P	combined	Active
Congenital arteriovenous malformation	C0003857	CURATED	10	MAP2K1,EPHB4,PIK3CA	3	3/373	3/14132	0.0271774207746005	14132	0.569150110073527	combined_ArafS214P	ArafS214P	combined	Active
Multiple congenital anomalies/dysmorphic syndrome	C5681310	CURATED	26	KCTD10,THSD1,UBE4A,NTN1	4	4/373	4/14132	0.0302591144045154	14132	0.569150110073527	combined_ArafS214P	ArafS214P	combined	Active
Mouth Diseases	C0026636	CURATED	11	DNAJA1,CHAF1A,CHAF1B	3	3/373	3/14132	0.0326456634293657	14132	0.569150110073527	combined_ArafS214P	ArafS214P	combined	Active
Adenocarcinoma of lung (disorder)	C0152013	CURATED	286	FLT1,APC,UBR5,SLC4A7,EIF2AK1,PIK3CA,KEAP1,MAP2K1,SLC19A1,FES,JUNB,AHR,CCT5,ANXA5	14	14/373	14/14132	0.0405891229721168	14132	0.569150110073527	combined_ArafS214P	ArafS214P	combined	Active
Costello syndrome (disorder)	C0587248	CURATED	13	MAP2K1,MAP2K2,SPRED1	3	3/373	3/14132	0.0447243055139803	14132	0.569150110073527	combined_ArafS214P	ArafS214P	combined	Active
Cleft Palate	C0008925	CURATED	51	KIF7,MTR,SPRY2,SLC19A1,TGFB1	5	5/373	5/14132	0.0451782663283393	14132	0.569150110073527	combined_ArafS214P	ArafS214P	combined	Active
Vascular anomaly	C0158570	CURATED	14	PIK3R1,MAP2K1,PIK3CA	3	3/373	3/14132	0.0512872748662314	14132	0.569150110073527	combined_ArafS214P	ArafS214P	combined	Active
Short stature	C0349588	CURATED	162	PDZRN3,ANKS3,COL11A1,CUL7,OBSL1,UBR4,WDR6,MAP2K2,ROBO1	9	9/373	9/14132	0.0655326754269373	14132	0.569150110073527	combined_ArafS214P	ArafS214P	combined	Active
Carcinoma	C0007097	CURATED	163	KITLG,PKM,URI1,SGK1,YWHAZ,LSR,PIK3R1,MIF,TGFB1	9	9/373	9/14132	0.067415896223161	14132	0.569150110073527	combined_ArafS214P	ArafS214P	combined	Active
Malignant epithelioma	C0553707	CURATED	163	LSR,KITLG,TGFB1,URI1,YWHAZ,MIF,SGK1,PIK3R1,PKM	9	9/373	9/14132	0.067415896223161	14132	0.569150110073527	combined_ArafS214P	ArafS214P	combined	Active
Epithelioma	C1368683	CURATED	163	MIF,PIK3R1,TGFB1,YWHAZ,URI1,PKM,KITLG,LSR,SGK1	9	9/373	9/14132	0.067415896223161	14132	0.569150110073527	combined_ArafS214P	ArafS214P	combined	Active
Complete unilateral cleft lip	C0158651	CURATED	36	SPRY2,MTR,KIF7,SLC19A1	4	4/373	4/14132	0.0686586847503541	14132	0.569150110073527	combined_ArafS214P	ArafS214P	combined	Active
Osteogenesis imperfecta type III (disorder)	C0268362	CURATED	17	P3H1,COL11A1,CRTAP	3	3/373	3/14132	0.0728064840765923	14132	0.569150110073527	combined_ArafS214P	ArafS214P	combined	Active
Adult Renal Wilms' Tumor	C1332219	CURATED	37	COL6A3,AMER1,IGF2R,DICER1	4	4/373	4/14132	0.07331613509107	14132	0.569150110073527	combined_ArafS214P	ArafS214P	combined	Active
Non-Small Cell Adenocarcinoma	C1335060	CURATED	197	AHR,CCT5,UBR5,SLC19A1,FES,ANXA5,MAP2K1,JUNB,PIK3CA,SLC4A7	10	10/373	10/14132	0.0777382410349959	14132	0.569150110073527	combined_ArafS214P	ArafS214P	combined	Active
Adenoma	C0001430	CURATED	38	GJA1,SLC19A1,APC,AIP	4	4/373	4/14132	0.078110479021084	14132	0.569150110073527	combined_ArafS214P	ArafS214P	combined	Active
Acinar cell adenoma	C0334389	CURATED	38	AIP,SLC19A1,GJA1,APC	4	4/373	4/14132	0.078110479021084	14132	0.569150110073527	combined_ArafS214P	ArafS214P	combined	Active
Childhood Kidney Wilms Tumor	C1333015	CURATED	38	DICER1,IGF2R,COL6A3,AMER1	4	4/373	4/14132	0.078110479021084	14132	0.569150110073527	combined_ArafS214P	ArafS214P	combined	Active
Osteoporosis	C0029456	CURATED	87	PKM,P4HB,TPM4,CA2,TGFB1,CCT2	6	6/373	6/14132	0.0800336993034566	14132	0.569150110073527	combined_ArafS214P	ArafS214P	combined	Active
Uremia	C0041948	CURATED	18	TGFB1,FLT1,SGK1	3	3/373	3/14132	0.0805215560820791	14132	0.569150110073527	combined_ArafS214P	ArafS214P	combined	Active
Myopathy	C0026848	CURATED	88	COL6A3,ACTA1,TUBG1,ITGA7,TGFB1,TRAPPC11	6	6/373	6/14132	0.083119751823485	14132	0.569150110073527	combined_ArafS214P	ArafS214P	combined	Active
Weight Gain	C0043094	CURATED	115	MYO10,AHR,MEST,TPM4,ANXA5,PIK3CA,SPTBN1	7	7/373	7/14132	0.0839702412706292	14132	0.569150110073527	combined_ArafS214P	ArafS214P	combined	Active
Hypertrophy	C0020564	CURATED	19	IGF2R,AHR,SIRT1	3	3/373	3/14132	0.0884757285028099	14132	0.569150110073527	combined_ArafS214P	ArafS214P	combined	Active
Systemic Scleroderma	C0036421	CURATED	41	CCN1,ANXA5,NECTIN2,SIRT1	4	4/373	4/14132	0.0932804174263102	14132	0.569150110073527	combined_ArafS214P	ArafS214P	combined	Active
Malignant neoplasm of gallbladder	C0153452	CURATED	20	KEAP1,APC,PIK3CA	3	3/373	3/14132	0.096651084993311	14132	0.569150110073527	combined_ArafS214P	ArafS214P	combined	Active
Neurodevelopmental delay	C4022738	CURATED	238	COL11A1,HUWE1,HIVEP2,NEO1,ACTA1,ROBO1,SPTBN1,PLOD3,SPRED1,DNAJC7,USP9X	11	11/373	11/14132	0.100008972043808	14132	0.569150110073527	combined_ArafS214P	ArafS214P	combined	Active
Squamous cell carcinoma	C0007137	CURATED	150	TGFB1,CSNK2B,APC,LZTS1,EGR1,FLT1,ANXA5,PIK3CA	8	8/373	8/14132	0.102541047556763	14132	0.569150110073527	combined_ArafS214P	ArafS214P	combined	Active
Renal Cell Carcinoma	C0007134	CURATED	180	KEAP1,NF2,PIK3CA,MAP2K1,FLT1,APC,C4A,CUL7,TGFB1	9	9/373	9/14132	0.104495933674497	14132	0.569150110073527	combined_ArafS214P	ArafS214P	combined	Active
Gastrointestinal Stromal Tumors	C0238198	CURATED	68	APC,MTR,DISP1,NF2,SLC19A1	5	5/373	5/14132	0.104796277385216	14132	0.569150110073527	combined_ArafS214P	ArafS214P	combined	Active
Fibrosis	C0016059	CURATED	69	TGFB1,SIRT1,THBS1,BACH1,TAC1	5	5/373	5/14132	0.109065566846664	14132	0.569150110073527	combined_ArafS214P	ArafS214P	combined	Active
Pneumonia	C0032285	CURATED	69	SIRT1,MIF,EGR1,AHR,TGFB1	5	5/373	5/14132	0.109065566846664	14132	0.569150110073527	combined_ArafS214P	ArafS214P	combined	Active
Impaired glucose tolerance (disorder)	C0271650	CURATED	44	AHR,SQSTM1,PIK3R1,SIRT1	4	4/373	4/14132	0.109554716023543	14132	0.569150110073527	combined_ArafS214P	ArafS214P	combined	Active
Squamous cell carcinoma of esophagus	C0279626	CURATED	127	ZCCHC12,EFNB2,FAT1,TAGLN,CA2,LZTS1,FES	7	7/373	7/14132	0.119796323120569	14132	0.577251927019182	combined_ArafS214P	ArafS214P	combined	Active
melanoma	C0025202	CURATED	250	TFPI2,PPP6C,MDM2,MAP2K2,F2RL1,JUNB,NF2,FLT1,UBR4,MAP2K1,STIP1	11	11/373	11/14132	0.12642904340022	14132	0.577251927019182	combined_ArafS214P	ArafS214P	combined	Active
Nephroblastoma	C0027708	CURATED	47	IGF2R,AMER1,DICER1,COL6A3	4	4/373	4/14132	0.126831455699829	14132	0.577251927019182	combined_ArafS214P	ArafS214P	combined	Active
Non-alcoholic Fatty Liver Disease	C0400966	CURATED	101	TGFB1,AHR,PRKACA,SIRT1,TRIB1,EIF2AK1	6	6/373	6/14132	0.128697335420529	14132	0.577251927019182	combined_ArafS214P	ArafS214P	combined	Active
Nonalcoholic steatohepatitis	C3241937	CURATED	101	AHR,SIRT1,EIF2AK1,PRKACA,TRIB1,TGFB1	6	6/373	6/14132	0.128697335420529	14132	0.577251927019182	combined_ArafS214P	ArafS214P	combined	Active
Muscle Spasticity	C0026838	CURATED	24	KIF7,FAT1,YWHAG	3	3/373	3/14132	0.131232552745062	14132	0.577251927019182	combined_ArafS214P	ArafS214P	combined	Active
Myopia	C0027092	CURATED	48	P3H2,P4HA2,CEMIP2,COL11A1	4	4/373	4/14132	0.132795044243849	14132	0.577251927019182	combined_ArafS214P	ArafS214P	combined	Active
Adult Cholangiocarcinoma	C0280725	CURATED	48	PRKACB,THBS1,APC,PRKACA	4	4/373	4/14132	0.132795044243849	14132	0.577251927019182	combined_ArafS214P	ArafS214P	combined	Active
Biliary cirrhosis	C0023892	CURATED	49	TGFB1,CENPB,CA2,KEAP1	4	4/373	4/14132	0.138854438434682	14132	0.585838667266504	combined_ArafS214P	ArafS214P	combined	Active
Noonan syndrome and Noonan-related syndrome	C5681679	CURATED	25	MAP2K1,MAP2K2,SPRED1	3	3/373	3/14132	0.140271230190571	14132	0.585838667266504	combined_ArafS214P	ArafS214P	combined	Active
Hydrops Fetalis, Non-Immune	C0455988	CURATED	50	ANKS3,EPHB4,THSD1,ACTA1	4	4/373	4/14132	0.145005707513299	14132	0.586190735433803	combined_ArafS214P	ArafS214P	combined	Active
Insulin Resistance	C0021655	CURATED	77	SIRT1,PIK3R1,SQSTM1,PRKAR1A,AHR	5	5/373	5/14132	0.145859666563341	14132	0.586190735433803	combined_ArafS214P	ArafS214P	combined	Active
Primary Biliary Cholangitis	C0008312	CURATED	52	CA2,TGFB1,KEAP1,CENPB	4	4/373	4/14132	0.157568162866129	14132	0.61021852164519	combined_ArafS214P	ArafS214P	combined	Active
Cholangiocarcinoma	C0206698	CURATED	52	APC,PRKACA,THBS1,PRKACB	4	4/373	4/14132	0.157568162866129	14132	0.61021852164519	combined_ArafS214P	ArafS214P	combined	Active
Malignant neoplasm of large intestine	C0346629	CURATED	173	NF2,PIK3R1,APC,PIK3CA,FAT1,DICER1,IER2,AMER1	8	8/373	8/14132	0.173802208299432	14132	0.635049054716738	combined_ArafS214P	ArafS214P	combined	Active
Lung Neoplasms	C0024121	CURATED	269	APC,EFNB2,EGR1,PIK3CA,TGFB1,IER2,GJA1,JUNB,CCN1,ROBO1,SPRY2	11	11/373	11/14132	0.175174859805587	14132	0.635049054716738	combined_ArafS214P	ArafS214P	combined	Active
Hyperplasia	C0020507	CURATED	29	ZFP36,PIK3CA,TGFB1	3	3/373	3/14132	0.177588342391191	14132	0.635049054716738	combined_ArafS214P	ArafS214P	combined	Active
Bradycardia	C0428977	CURATED	29	TAC1,NISCH,NTS	3	3/373	3/14132	0.177588342391191	14132	0.635049054716738	combined_ArafS214P	ArafS214P	combined	Active
Dysmorphic facies	C0424503	CURATED	84	CSNK2B,MAP1B,MAP2K2,HUWE1,COL11A1	5	5/373	5/14132	0.181439499126468	14132	0.635049054716738	combined_ArafS214P	ArafS214P	combined	Active
Congenital anomaly of cartilage (disorder)	C0008449	CURATED	30	FLT1,TGFB1,COL11A1	3	3/373	3/14132	0.187147319175553	14132	0.635049054716738	combined_ArafS214P	ArafS214P	combined	Active
Liver neoplasms	C0023903	CURATED	146	APC,AHR,EFNB2,NUDCD3,DICER1,KRT18,PDRG1	7	7/373	7/14132	0.189167957828421	14132	0.635049054716738	combined_ArafS214P	ArafS214P	combined	Active
Skin Neoplasms	C0037286	CURATED	57	TGFB1,GJA1,CSNK2B,FLT1	4	4/373	4/14132	0.190308781142951	14132	0.635049054716738	combined_ArafS214P	ArafS214P	combined	Active
Growth Disorders	C0018273	CURATED	31	TINF2,PIK3CA,AHR	3	3/373	3/14132	0.196775763433356	14132	0.635049054716738	combined_ArafS214P	ArafS214P	combined	Active
Osteochondrodysplasias	C0029422	CURATED	31	TGFB1,FLT1,COL11A1	3	3/373	3/14132	0.196775763433356	14132	0.635049054716738	combined_ArafS214P	ArafS214P	combined	Active
Distal spinal muscular atrophy	C0393541	CURATED	31	SPTAN1,NEFL,HSPB8	3	3/373	3/14132	0.196775763433356	14132	0.635049054716738	combined_ArafS214P	ArafS214P	combined	Active
Orbital separation excessive	C0020534	CURATED	59	CEMIP2,PIK3CA,COL11A1,EFNB1	4	4/373	4/14132	0.203858411708337	14132	0.646716192568833	combined_ArafS214P	ArafS214P	combined	Active
Colitis	C0009319	CURATED	32	AHR,SIRT1,MIF	3	3/373	3/14132	0.206463385421036	14132	0.646716192568833	combined_ArafS214P	ArafS214P	combined	Active
Splenomegaly	C0038002	CURATED	34	EIF2AK1,AHR,APC	3	3/373	3/14132	0.225977445262279	14132	0.684326037705262	combined_ArafS214P	ArafS214P	combined	Active
Autosomal Recessive Primary Microcephaly	C3711387	CURATED	34	TEDC1,CEP152,ASPM	3	3/373	3/14132	0.225977445262279	14132	0.684326037705262	combined_ArafS214P	ArafS214P	combined	Active
Pancreatic Neoplasm	C0030297	CURATED	191	AHR,RHBDD1,MTR,SEL1L,APC,TFPI2,TGFB1,THBS1	8	8/373	8/14132	0.24095987243143	14132	0.684326037705262	combined_ArafS214P	ArafS214P	combined	Active
malignant neoplasm of head of pancreas	C0153458	CURATED	191	TGFB1,TFPI2,MTR,AHR,APC,THBS1,SEL1L,RHBDD1	8	8/373	8/14132	0.24095987243143	14132	0.684326037705262	combined_ArafS214P	ArafS214P	combined	Active
Malignant neoplasm of body of pancreas	C0153459	CURATED	191	AHR,MTR,SEL1L,TFPI2,RHBDD1,APC,TGFB1,THBS1	8	8/373	8/14132	0.24095987243143	14132	0.684326037705262	combined_ArafS214P	ArafS214P	combined	Active
Malignant neoplasm of tail of pancreas	C0153460	CURATED	191	AHR,TGFB1,MTR,TFPI2,THBS1,RHBDD1,APC,SEL1L	8	8/373	8/14132	0.24095987243143	14132	0.684326037705262	combined_ArafS214P	ArafS214P	combined	Active
Malignant neoplasm of other specified sites of pancreas	C0153463	CURATED	191	AHR,THBS1,APC,SEL1L,RHBDD1,MTR,TGFB1,TFPI2	8	8/373	8/14132	0.24095987243143	14132	0.684326037705262	combined_ArafS214P	ArafS214P	combined	Active
Neurodevelopmental Disorders	C1535926	CURATED	674	MAP1B,PSMC5,TCP1,LONP1,CCT7,CCT4,COL11A1,CSNK2B,CCT3,UBE4A,UBR4,SPTBN1,USP9X,HERC1,UBR5,PRKACA,SPTAN1,CCT8,MAPK8IP3,DICER1,KIF7,CCT6A	22	22/373	22/14132	0.246024466351657	14132	0.689515938590828	combined_ArafS214P	ArafS214P	combined	Active
Adenoid Cystic Carcinoma	C0010606	CURATED	97	FAT1,ERBIN,ASPM,MAP2K2,PIK3CA	5	5/373	5/14132	0.253723327807782	14132	0.693744718151192	combined_ArafS214P	ArafS214P	combined	Active
Attention deficit hyperactivity disorder	C1263846	CURATED	37	MAP1B,CHAF1B,FAT1	3	3/373	3/14132	0.255462436151841	14132	0.693744718151192	combined_ArafS214P	ArafS214P	combined	Active
Hepatomegaly	C0019209	CURATED	67	AHR,TRIM37,TGFB1,KEAP1	4	4/373	4/14132	0.259916056959059	14132	0.693744718151192	combined_ArafS214P	ArafS214P	combined	Active
Non-specific syndromic intellectual disability	C5568766	CURATED	367	PTRHD1,CCT6A,HUWE1,CCT7,MAPK8IP3,YWHAE,MAN2C1,SPTBN1,CCT5,DNAJA1,YWHAZ,CCT4,CCT8	13	13/373	13/14132	0.264283062424034	14132	0.693744718151192	combined_ArafS214P	ArafS214P	combined	Active
Liver Cirrhosis	C0023890	CURATED	164	FLT1,TGFB1,KRT18,AHR,THBS1,ABCB11,TUG1	7	7/373	7/14132	0.265893939767131	14132	0.693744718151192	combined_ArafS214P	ArafS214P	combined	Active
Colon Carcinoma	C0699790	CURATED	68	FLT1,PIK3CA,EFNB2,APC	4	4/373	4/14132	0.267075431400928	14132	0.693744718151192	combined_ArafS214P	ArafS214P	combined	Active
Endometrial Carcinoma	C0476089	CURATED	39	PIK3R1,PIK3CA,APC	3	3/373	3/14132	0.275168133589747	14132	0.706154366923086	combined_ArafS214P	ArafS214P	combined	Active
Ductal Breast Carcinoma	C1527349	CURATED	103	PRKACB,NF2,NEFL,NTS,UBR5	5	5/373	5/14132	0.288903974084361	14132	0.732577934285344	combined_ArafS214P	ArafS214P	combined	Active
Myoepithelioma	C0027070	CURATED	104	CLSPN,LRP10,IGF2R,TANGO6,EPPK1	5	5/373	5/14132	0.294837637468294	14132	0.732896206909782	combined_ArafS214P	ArafS214P	combined	Active
Lung diseases	C0024115	CURATED	72	IGF2R,SPRY2,MIF,TGFB1	4	4/373	4/14132	0.295911144573903	14132	0.732896206909782	combined_ArafS214P	ArafS214P	combined	Active
Ventricular Dysfunction, Left	C0242698	CURATED	42	SIRT1,PIK3CA,IGF2R	3	3/373	3/14132	0.304659474424289	14132	0.745890437383604	combined_ArafS214P	ArafS214P	combined	Active
Mesothelioma	C0025500	CURATED	43	APC,NF2,EGR1	3	3/373	3/14132	0.314447085306717	14132	0.747645344479344	combined_ArafS214P	ArafS214P	combined	Active
Basal Cell Neoplasm	C0206710	CURATED	141	SH3BP4,PNMA1,PIK3CA,PPP6C,PELI2,IRS4	6	6/373	6/14132	0.315906483582821	14132	0.747645344479344	combined_ArafS214P	ArafS214P	combined	Active
Malignant basal cell tumor	C1368295	CURATED	141	IRS4,PNMA1,PELI2,PPP6C,SH3BP4,PIK3CA	6	6/373	6/14132	0.315906483582821	14132	0.747645344479344	combined_ArafS214P	ArafS214P	combined	Active
Mental Retardation, X-Linked Nonsyndromic	C3501611	CURATED	44	FTSJ1,USP9X,HUWE1	3	3/373	3/14132	0.324203864796392	14132	0.758850804413532	combined_ArafS214P	ArafS214P	combined	Active
Liver carcinoma	C2239176	CURATED	646	IER2,PCLAF,MDM2,PKM,TFPI2,ASPM,TGFB1,CCN1,PBK,EGR1,DICER1,APC,IGF2R,PIK3CA,ZFP36,CA2,FES,NF2,CHAF1B,ROBO1	20	20/373	20/14132	0.346323711258685	14132	0.801814679327174	combined_ArafS214P	ArafS214P	combined	Active
Colorectal Neoplasms	C0009404	CURATED	363	AMER1,DICER1,TGFB1,ABCB11,APC,PIK3CA,NF2,FAT1,IER2,STIP1,SLC19A1,TFPI2	12	12/373	12/14132	0.363251753203848	14132	0.81863779399836	combined_ArafS214P	ArafS214P	combined	Active
Rheumatoid Arthritis	C0003873	CURATED	222	TFPI2,CA2,GPRC5A,SPRED2,AHR,FKBP5,CCN1,MIF	8	8/373	8/14132	0.370604986275927	14132	0.81863779399836	combined_ArafS214P	ArafS214P	combined	Active
Malignant neoplasm of pancreatic duct	C0153461	CURATED	49	MDM2,KITLG,THBS1	3	3/373	3/14132	0.372353959820568	14132	0.81863779399836	combined_ArafS214P	ArafS214P	combined	Active
Carcinoma, Pancreatic Ductal	C0887833	CURATED	49	MDM2,KITLG,THBS1	3	3/373	3/14132	0.372353959820568	14132	0.81863779399836	combined_ArafS214P	ArafS214P	combined	Active
Osteoarthrosis, localized, not specified whether primary or secondary	C0157946	CURATED	117	P3H3,TGFB1,TFPI2,EDIL3,YWHAQ	5	5/373	5/14132	0.372806882712868	14132	0.81863779399836	combined_ArafS214P	ArafS214P	combined	Active
Adenocarcinoma	C0001418	CURATED	121	ROBO1,CA2,PIK3CA,APC,TGFB1	5	5/373	5/14132	0.39680139075705	14132	0.841253570148668	combined_ArafS214P	ArafS214P	combined	Active
Mouth Neoplasms	C0026640	CURATED	52	HMGCS2,PIK3CA,ANXA5	3	3/373	3/14132	0.400585114862911	14132	0.841253570148668	combined_ArafS214P	ArafS214P	combined	Active
Major Depressive Disorder	C1269683	CURATED	229	HSP90AA1,GJA1,LSAMP,MAP2K1,SGK1,FKBP4,NEFL,FKBP5	8	8/373	8/14132	0.40090705660409	14132	0.841253570148668	combined_ArafS214P	ArafS214P	combined	Active
Unipolar Depression	C0041696	CURATED	231	SGK1,HSP90AA1,LSAMP,FKBP4,GJA1,FKBP5,NEFL,MAP2K1	8	8/373	8/14132	0.409567699321071	14132	0.841253570148668	combined_ArafS214P	ArafS214P	combined	Active
Gastric Adenocarcinoma	C0278701	CURATED	53	EPHB4,UBR5,EPHA2	3	3/373	3/14132	0.409864079309558	14132	0.841253570148668	combined_ArafS214P	ArafS214P	combined	Active
Large head (disorder)	C2243051	CURATED	53	AMER1,MAP1B,PIK3CA	3	3/373	3/14132	0.409864079309558	14132	0.841253570148668	combined_ArafS214P	ArafS214P	combined	Active
Abnormality of the brain	C4021085	CURATED	88	SPTAN1,ITGA7,TTC1,USP11	4	4/373	4/14132	0.411346565586984	14132	0.841253570148668	combined_ArafS214P	ArafS214P	combined	Active
Malignant Squamous Cell Neoplasm	C0751688	CURATED	124	CSNK2B,PIK3CA,TGFB1,LZTS1,ANXA5	5	5/373	5/14132	0.414702464157794	14132	0.841253570148668	combined_ArafS214P	ArafS214P	combined	Active
Metastatic melanoma	C0278883	CURATED	54	PASK,EPHB4,CAMK1	3	3/373	3/14132	0.419072270403816	14132	0.842098052792574	combined_ArafS214P	ArafS214P	combined	Active
Hypotension	C0020649	CURATED	55	TAC1,NISCH,MAP2K2	3	3/373	3/14132	0.428206957293525	14132	0.844519276884452	combined_ArafS214P	ArafS214P	combined	Active
Autosomal dominant non-syndromic intellectual disability	C5680502	CURATED	55	HIVEP2,CSNK2B,YWHAZ	3	3/373	3/14132	0.428206957293525	14132	0.844519276884452	combined_ArafS214P	ArafS214P	combined	Active
Autosomal dominant isolated sensorineural deafness type DFNA	C5779548	CURATED	56	COL11A1,KITLG,MAP1B	3	3/373	3/14132	0.437265601704383	14132	0.854473148284712	combined_ArafS214P	ArafS214P	combined	Active
Pena-Shokeir syndrome type I	C1276035	CURATED	57	ASPM,GBE1,ACTA1	3	3/373	3/14132	0.446245849724799	14132	0.864094236285292	combined_ArafS214P	ArafS214P	combined	Active
Mood Disorders	C0525045	CURATED	168	SIRT1,FKBP5,NTS,TAC1,TGFB1,HSP90AA1	6	6/373	6/14132	0.456940008560618	14132	0.874549000980721	combined_ArafS214P	ArafS214P	combined	Active
Congenital heart disease	C0152021	CURATED	95	GJA1,ROBO1,USP34,CSRP1	4	4/373	4/14132	0.460248657631704	14132	0.874549000980721	combined_ArafS214P	ArafS214P	combined	Active
Behcet Syndrome	C0004943	CURATED	59	AHR,C4A,TGFB1	3	3/373	3/14132	0.463962615543763	14132	0.874549000980721	combined_ArafS214P	ArafS214P	combined	Active
Osteosarcoma	C0029463	CURATED	60	SQSTM1,PHLDA2,SIRT1	3	3/373	3/14132	0.472695277503331	14132	0.876419078706408	combined_ArafS214P	ArafS214P	combined	Active
Autistic Disorder	C0004352	CURATED	433	GJA1,LAMB3,PER1,ROBO1,COL11A1,PASK,APC,ITPR3,CUL7,MIF,RANBP9,MTR,SLC19A1	13	13/373	13/14132	0.47318400963022	14132	0.876419078706408	combined_ArafS214P	ArafS214P	combined	Active
Medulloblastoma	C0025149	CURATED	61	SMYD4,APC,DICER1	3	3/373	3/14132	0.481341816959593	14132	0.876881064580145	combined_ArafS214P	ArafS214P	combined	Active
Diabetic Retinopathy	C0011884	CURATED	62	SIRT1,THBS1,FLT1	3	3/373	3/14132	0.489900688662147	14132	0.876881064580145	combined_ArafS214P	ArafS214P	combined	Active
IGA Glomerulonephritis	C0017661	CURATED	62	SPRY2,TGFB1,MTR	3	3/373	3/14132	0.489900688662147	14132	0.876881064580145	combined_ArafS214P	ArafS214P	combined	Active
Meniere Disease	C0025281	CURATED	62	LYST,COL11A1,EPHA2	3	3/373	3/14132	0.489900688662147	14132	0.876881064580145	combined_ArafS214P	ArafS214P	combined	Active
Polycystic Ovary Syndrome	C0032460	CURATED	138	TMEFF2,ASPM,PBK,DCBLD2,MAPK8IP3	5	5/373	5/14132	0.496212778545652	14132	0.880777681918532	combined_ArafS214P	ArafS214P	combined	Active
Diaphragmatic Hernia	C0019284	CURATED	64	GJA1,TGFB1,IGF2R	3	3/373	3/14132	0.506749946398647	14132	0.892047426305057	combined_ArafS214P	ArafS214P	combined	Active
Breast Carcinoma	C0678222	CURATED	66	APC,LZTS1,PIK3CA	3	3/373	3/14132	0.523233396103698	14132	0.905395637603855	combined_ArafS214P	ArafS214P	combined	Active
Non-syndromic genetic hearing loss	C5680182	CURATED	105	KITLG,THBS1,MARVELD2,GJA1	4	4/373	4/14132	0.526851414156462	14132	0.905395637603855	combined_ArafS214P	ArafS214P	combined	Active
Congenital cataract	C0009691	CURATED	67	EPHA2,NECTIN3,LONP1	3	3/373	3/14132	0.53133546807738	14132	0.905395637603855	combined_ArafS214P	ArafS214P	combined	Active
Arthrogryposis multiplex congenita	C5779613	CURATED	67	ASPM,GBE1,ACTA1	3	3/373	3/14132	0.53133546807738	14132	0.905395637603855	combined_ArafS214P	ArafS214P	combined	Active
Myocardial Ischemia	C0151744	CURATED	338	MAT2A,TRIB1,ZFP36,KITLG,F2RL1,HIVEP2,FES,HMGCS2,JUNB,P4HB	10	10/373	10/14132	0.537016993831844	14132	0.906666486084016	combined_ArafS214P	ArafS214P	combined	Active
Multiple Myeloma	C0026764	CURATED	146	MTR,FAT1,ROBO1,SGK1,TGFB1	5	5/373	5/14132	0.540594571514883	14132	0.906666486084016	combined_ArafS214P	ArafS214P	combined	Active
Atherosclerosis	C0004153	CURATED	70	SIRT1,NECTIN2,AHR	3	3/373	3/14132	0.555073899495224	14132	0.91923674993171	combined_ArafS214P	ArafS214P	combined	Active
Developmental Disabilities	C0008073	CURATED	149	MAPK8IP3,USP9X,UBR4,NEFL,SPTAN1	5	5/373	5/14132	0.556720848550191	14132	0.91923674993171	combined_ArafS214P	ArafS214P	combined	Active
Craniofacial Abnormalities	C0376634	CURATED	150	COL11A1,TRIM37,SPRY2,ANKH,AHR	5	5/373	5/14132	0.562028797206266	14132	0.919761577063346	combined_ArafS214P	ArafS214P	combined	Active
Neoplastic Syndromes, Hereditary	C0027672	CURATED	190	DICER1,NF2,PIK3CA,AIP,PRKAR1A,APC	6	6/373	6/14132	0.565674960541307	14132	0.919761577063346	combined_ArafS214P	ArafS214P	combined	Active
Malignant Glioma	C0555198	CURATED	112	MAP2K1,CHAF1A,APC,CCN1	4	4/373	4/14132	0.570670353872644	14132	0.92085443465813	combined_ArafS214P	ArafS214P	combined	Active
Stomach Neoplasms	C0038356	CURATED	349	PIK3CA,CA2,APC,DCBLD2,AHR,ANXA5,CCT7,FOSL1,CNPY2,MDM2	10	10/373	10/14132	0.575886579158239	14132	0.922284521509059	combined_ArafS214P	ArafS214P	combined	Active
Hypersensitivity	C0020517	CURATED	74	MIF,TAC1,TGFB1	3	3/373	3/14132	0.585381153300333	14132	0.92365039283333	combined_ArafS214P	ArafS214P	combined	Active
Peripheral Neuropathy	C0031117	CURATED	116	KIFBP,HSPB8,SPTAN1,NEFL	4	4/373	4/14132	0.594557125799929	14132	0.92365039283333	combined_ArafS214P	ArafS214P	combined	Active
Non-Small Cell Lung Carcinoma	C0007131	CURATED	276	KEAP1,PHLDA2,MAP2K1,APC,FAT1,MDM2,PIK3CA,SELENOS	8	8/373	8/14132	0.596041643266438	14132	0.92365039283333	combined_ArafS214P	ArafS214P	combined	Active
Neoplasm Invasiveness	C0027626	CURATED	198	AHR,TGFB1,ZFP36,HMGCS2,ARF1,PKM	6	6/373	6/14132	0.602406496935217	14132	0.92365039283333	combined_ArafS214P	ArafS214P	combined	Active
Malignant neoplasm of body of stomach	C0153421	CURATED	77	FOSL1,PIK3CA,APC	3	3/373	3/14132	0.607094154913926	14132	0.92365039283333	combined_ArafS214P	ArafS214P	combined	Active
Malignant tumor of lesser curve of stomach	C0153422	CURATED	77	APC,PIK3CA,FOSL1	3	3/373	3/14132	0.607094154913926	14132	0.92365039283333	combined_ArafS214P	ArafS214P	combined	Active
Malignant tumor of greater curve of stomach	C0153423	CURATED	77	PIK3CA,FOSL1,APC	3	3/373	3/14132	0.607094154913926	14132	0.92365039283333	combined_ArafS214P	ArafS214P	combined	Active
Colonic Neoplasms	C0009375	CURATED	160	HMGCS2,SLC19A1,ITGA7,APC,TAGLN	5	5/373	5/14132	0.613130347468188	14132	0.92621818447322	combined_ArafS214P	ArafS214P	combined	Active
Small cell carcinoma of lung	C0149925	CURATED	80	PIK3R1,FAT1,LAMB3	3	3/373	3/14132	0.627934449118774	14132	0.936785210152534	combined_ArafS214P	ArafS214P	combined	Active
Bleeding tendency	C1458140	CURATED	81	TPM4,LYST,ACTN1	3	3/373	3/14132	0.634688031346193	14132	0.936785210152534	combined_ArafS214P	ArafS214P	combined	Active
Esophageal Neoplasms	C0014859	CURATED	82	TPM4,SMYD2,LZTS1	3	3/373	3/14132	0.64134548401376	14132	0.936785210152534	combined_ArafS214P	ArafS214P	combined	Active
Chemical and Drug Induced Liver Injury	C4277682	CURATED	374	AHR,EIF2AK1,P4HB,KRT18,KITLG,THBS1,NTN1,CCT5,CCT3,FLT1	10	10/373	10/14132	0.658300239213292	14132	0.936785210152534	combined_ArafS214P	ArafS214P	combined	Active
Intellectual Disability	C3714756	CURATED	694	ROBO1,USP9X,HIVEP2,ITPR2,KIF7,MTR,ANKH,HUWE1,ASPM,CSNK2B,GJA1,SPTAN1,YWHAG,CEP97,SPTBN1,HERC1,CHAF1B,FTSJ1	18	18/373	18/14132	0.660135757541873	14132	0.936785210152534	combined_ArafS214P	ArafS214P	combined	Active
Liver diseases	C0023895	CURATED	86	PRKCSH,AHR,APC	3	3/373	3/14132	0.667021811976299	14132	0.936785210152534	combined_ArafS214P	ArafS214P	combined	Active
Malignant neoplasm of upper lobe, bronchus or lung	C0024624	CURATED	87	IRS4,PIK3CA,MAT2A	3	3/373	3/14132	0.673204869130265	14132	0.936785210152534	combined_ArafS214P	ArafS214P	combined	Active
Malignant neoplasm of middle lobe, bronchus or lung	C0153491	CURATED	87	MAT2A,IRS4,PIK3CA	3	3/373	3/14132	0.673204869130265	14132	0.936785210152534	combined_ArafS214P	ArafS214P	combined	Active
Malignant neoplasm of lower lobe, bronchus or lung	C0153492	CURATED	87	PIK3CA,IRS4,MAT2A	3	3/373	3/14132	0.673204869130265	14132	0.936785210152534	combined_ArafS214P	ArafS214P	combined	Active
Malignant neoplasm of other parts of bronchus or lung	C0153493	CURATED	87	MAT2A,PIK3CA,IRS4	3	3/373	3/14132	0.673204869130265	14132	0.936785210152534	combined_ArafS214P	ArafS214P	combined	Active
Severe myopia	C0271183	CURATED	88	FLII,SLC19A1,ANKMY2	3	3/373	3/14132	0.679294597119644	14132	0.936785210152534	combined_ArafS214P	ArafS214P	combined	Active
Breast Cancer, Familial	C0346153	CURATED	88	APC,PIK3CA,PIK3R3	3	3/373	3/14132	0.679294597119644	14132	0.936785210152534	combined_ArafS214P	ArafS214P	combined	Active
Malignant neoplasm of urinary bladder	C0005684	CURATED	218	PIK3CA,NECTIN2,SLC19A1,MTR,FBXW8,TMEFF2	6	6/373	6/14132	0.68601626284463	14132	0.936785210152534	combined_ArafS214P	ArafS214P	combined	Active
Amyotrophic Lateral Sclerosis	C0002736	CURATED	133	NEFL,DNAJC7,SQSTM1,ITPR2	4	4/373	4/14132	0.68609621025256	14132	0.936785210152534	combined_ArafS214P	ArafS214P	combined	Active
Charcot-Marie-Tooth Disease	C0007959	CURATED	133	HSPB8,ITPR3,ARF1,NEFL	4	4/373	4/14132	0.68609621025256	14132	0.936785210152534	combined_ArafS214P	ArafS214P	combined	Active
Congenital Heart Defects	C0018798	CURATED	92	AHR,CEP170B,ROBO1	3	3/373	3/14132	0.702732795741415	14132	0.948529485542559	combined_ArafS214P	ArafS214P	combined	Active
Endometrial Neoplasms	C0014170	CURATED	94	PIK3R1,TSPYL2,APC	3	3/373	3/14132	0.713909116118447	14132	0.948529485542559	combined_ArafS214P	ArafS214P	combined	Active
Reperfusion Injury	C0035126	CURATED	95	THBS1,EFNB2,EGR1	3	3/373	3/14132	0.719364179741817	14132	0.948529485542559	combined_ArafS214P	ArafS214P	combined	Active
Adult Glioblastoma	C0278878	CURATED	98	APC,FAT1,MDM2	3	3/373	3/14132	0.735206568199501	14132	0.948529485542559	combined_ArafS214P	ArafS214P	combined	Active
Primary Glioblastoma	C1514422	CURATED	98	FAT1,MDM2,APC	3	3/373	3/14132	0.735206568199501	14132	0.948529485542559	combined_ArafS214P	ArafS214P	combined	Active
Autism Spectrum Disorders	C1510586	CURATED	572	AHR,MTR,HUWE1,THBS1,SLC19A1,CA2,FLT1,APC,ITPR3,MIF,CSNK2B,MAP2K1,FTSJ1,MAP1B	14	14/373	14/14132	0.748945810068893	14132	0.948529485542559	combined_ArafS214P	ArafS214P	combined	Active
Chronic Obstructive Airway Disease	C0024117	CURATED	102	MIF,TGFB1,F2RL1	3	3/373	3/14132	0.755141370621156	14132	0.948529485542559	combined_ArafS214P	ArafS214P	combined	Active
Spontaneous abortion	C0000786	CURATED	104	COL6A3,AHR,TGFB1	3	3/373	3/14132	0.764615297626738	14132	0.948529485542559	combined_ArafS214P	ArafS214P	combined	Active
Glioblastoma	C0017636	CURATED	104	FAT1,APC,MDM2	3	3/373	3/14132	0.764615297626738	14132	0.948529485542559	combined_ArafS214P	ArafS214P	combined	Active
Parkinson Disease	C0030567	CURATED	153	IGF2R,BAG5,RAB32,NECTIN2	4	4/373	4/14132	0.772943478628567	14132	0.948529485542559	combined_ArafS214P	ArafS214P	combined	Active
Male infertility	C0021364	CURATED	106	AHR,MTR,MDM2	3	3/373	3/14132	0.77376995540942	14132	0.948529485542559	combined_ArafS214P	ArafS214P	combined	Active
Kidney Failure, Chronic	C0022661	CURATED	107	TGFB1,COL6A3,GJA1	3	3/373	3/14132	0.778229882546118	14132	0.948529485542559	combined_ArafS214P	ArafS214P	combined	Active
Glioma	C0017638	CURATED	109	MAP2K1,CHAF1A,CCN1	3	3/373	3/14132	0.786919635382446	14132	0.948529485542559	combined_ArafS214P	ArafS214P	combined	Active
Obesity	C0028754	CURATED	293	MIF,EFNB1,AHR,SLC16A7,KITLG,PRKAR1A,SIRT1	7	7/373	7/14132	0.789666661190768	14132	0.948529485542559	combined_ArafS214P	ArafS214P	combined	Active
Malignant neoplasm of stomach	C0024623	CURATED	111	APC,FOSL1,PIK3CA	3	3/373	3/14132	0.795308907314689	14132	0.948529485542559	combined_ArafS214P	ArafS214P	combined	Active
Bladder Neoplasm	C0005695	CURATED	206	SLC19A1,FBXW8,MTR,NECTIN2,TMEFF2	5	5/373	5/14132	0.796937938597209	14132	0.948529485542559	combined_ArafS214P	ArafS214P	combined	Active
Heart failure	C0018801	CURATED	207	MAP2K1,PRKACA,HMGCS2,SIRT1,NISCH	5	5/373	5/14132	0.799999791838193	14132	0.948529485542559	combined_ArafS214P	ArafS214P	combined	Active
Congestive heart failure	C0018802	CURATED	207	PRKACA,SIRT1,NISCH,HMGCS2,MAP2K1	5	5/373	5/14132	0.799999791838193	14132	0.948529485542559	combined_ArafS214P	ArafS214P	combined	Active
Asthma	C0004096	CURATED	208	EGR1,TGFB1,MIF,F2RL1,FKBP5	5	5/373	5/14132	0.803024342788558	14132	0.948529485542559	combined_ArafS214P	ArafS214P	combined	Active
Kidney Failure, Acute	C0022660	CURATED	114	TGFB1,SIRT1,CCT7	3	3/373	3/14132	0.807346100647685	14132	0.948529485542559	combined_ArafS214P	ArafS214P	combined	Active
Acute Kidney Insufficiency	C1565662	CURATED	114	CCT7,SIRT1,TGFB1	3	3/373	3/14132	0.807346100647685	14132	0.948529485542559	combined_ArafS214P	ArafS214P	combined	Active
Global developmental delay	C0557874	CURATED	388	USP9X,PIK3CA,CEP97,HUWE1,MAPK8IP3,CHAF1B,HERC2,NFE2L1,MAP1B	9	9/373	9/14132	0.808064855733243	14132	0.948529485542559	combined_ArafS214P	ArafS214P	combined	Active
Leukemia, Myelocytic, Acute	C0023467	CURATED	210	NECTIN2,SPRY4,TFPI2,ANXA5,SGK1	5	5/373	5/14132	0.808962491832788	14132	0.948529485542559	combined_ArafS214P	ArafS214P	combined	Active
Hypertensive disease	C0020538	CURATED	301	FAT1,GJA1,SGK1,COL6A3,TGFB1,AHR,MTR	7	7/373	7/14132	0.810251995278344	14132	0.948529485542559	combined_ArafS214P	ArafS214P	combined	Active
Acute kidney injury	C2609414	CURATED	115	CCT7,SIRT1,TGFB1	3	3/373	3/14132	0.81121653237407	14132	0.948529485542559	combined_ArafS214P	ArafS214P	combined	Active
Alzheimer's Disease	C0002395	CURATED	211	NECTIN2,SPRED2,ARC,IGF2R,PIK3R1	5	5/373	5/14132	0.811876577857658	14132	0.948529485542559	combined_ArafS214P	ArafS214P	combined	Active
Endometriosis	C0014175	CURATED	165	FKBP5,ANKH,TAGLN,DICER1	4	4/373	4/14132	0.814933783353466	14132	0.948529485542559	combined_ArafS214P	ArafS214P	combined	Active
Bipolar Disorder	C0005586	CURATED	483	CSRP1,FKBP5,SIRT1,TGFB1,AKAP11,NEFL,MTR,YWHAZ,TAC1,YWHAE,YWHAH	11	11/373	11/14132	0.825084184418234	14132	0.955124626527629	combined_ArafS214P	ArafS214P	combined	Active
Lupus Erythematosus, Systemic	C0024141	CURATED	124	CHAF1A,C4A,CA2	3	3/373	3/14132	0.843041896241758	14132	0.970637426483754	combined_ArafS214P	ArafS214P	combined	Active
Depressive disorder	C0011581	CURATED	272	TAC1,FKBP5,NTS,STIP1,TGFB1,MTR	6	6/373	6/14132	0.848883204583686	14132	0.972108185894221	combined_ArafS214P	ArafS214P	combined	Active
Thrombocytopenia	C0040034	CURATED	128	ACTN1,TPM4,LYST	3	3/373	3/14132	0.855562195974723	14132	0.97211324280329	combined_ArafS214P	ArafS214P	combined	Active
Alcoholic Intoxication, Chronic	C0001973	CURATED	279	PHLDA2,FKBP5,PIK3R1,ARC,NTS,TAC1	6	6/373	6/14132	0.863741128190072	14132	0.97211324280329	combined_ArafS214P	ArafS214P	combined	Active
Acute polyarticular juvenile rheumatoid arthritis	C0157916	CURATED	138	THBS1,EGR1,PER1	3	3/373	3/14132	0.882976454510054	14132	0.97211324280329	combined_ArafS214P	ArafS214P	combined	Active
Pauciarticular juvenile rheumatoid arthritis	C0157917	CURATED	138	THBS1,EGR1,PER1	3	3/373	3/14132	0.882976454510054	14132	0.97211324280329	combined_ArafS214P	ArafS214P	combined	Active
Monoarticular juvenile rheumatoid arthritis	C0157918	CURATED	138	EGR1,PER1,THBS1	3	3/373	3/14132	0.882976454510054	14132	0.97211324280329	combined_ArafS214P	ArafS214P	combined	Active
Juvenile Chronic Polyarthritis	C0409667	CURATED	138	THBS1,PER1,EGR1	3	3/373	3/14132	0.882976454510054	14132	0.97211324280329	combined_ArafS214P	ArafS214P	combined	Active
Malignant neoplasm of ovary	C1140680	CURATED	139	PIK3CA,DICER1,APC	3	3/373	3/14132	0.885436300616044	14132	0.97211324280329	combined_ArafS214P	ArafS214P	combined	Active
Kidney Diseases	C0022658	CURATED	140	APC,XPNPEP3,TGFB1	3	3/373	3/14132	0.887848280564691	14132	0.97211324280329	combined_ArafS214P	ArafS214P	combined	Active
Malignant neoplasm of breast	C0006142	CURATED	744	CLSPN,UBR5,PIK3CA,TGFB1,TPM4,P3H2,KEAP1,ROBO1,APC,SPTAN1,TCP1,COL11A1,PER1,UBR4,GPC1,NF2	16	16/373	16/14132	0.889962827918505	14132	0.97211324280329	combined_ArafS214P	ArafS214P	combined	Active
Retinal Dystrophies	C0854723	CURATED	405	CEMIP2,TUBGCP6,COL11A1,AHR,CCT2,SLC19A1,SLC4A7,IQCB1	8	8/373	8/14132	0.913774465113542	14132	0.979792035931546	combined_ArafS214P	ArafS214P	combined	Active
Epilepsy	C0014544	CURATED	165	MTR,DNAJC7,TGFB1	3	3/373	3/14132	0.934782303613915	14132	0.979792035931546	combined_ArafS214P	ArafS214P	combined	Active
Mental Retardation	C0025362	CURATED	165	APC,KIFBP,KIF7	3	3/373	3/14132	0.934782303613915	14132	0.979792035931546	combined_ArafS214P	ArafS214P	combined	Active
Colorectal Carcinoma	C0009402	CURATED	473	IRS4,LAMB3,EFNB2,PER1,PSMC5,MAP1B,PIK3CA,APC,ANAPC4	9	9/373	9/14132	0.93540560587932	14132	0.979792035931546	combined_ArafS214P	ArafS214P	combined	Active
Atrial Fibrillation	C0004238	CURATED	166	HERC1,SIRT1,USP34	3	3/373	3/14132	0.936205047888714	14132	0.979792035931546	combined_ArafS214P	ArafS214P	combined	Active
Mental Depression	C0011570	CURATED	283	TAC1,MIF,MTR,NTS,FKBP5	5	5/373	5/14132	0.943731039922499	14132	0.979792035931546	combined_ArafS214P	ArafS214P	combined	Active
Chronic ischemic heart disease	C0264694	CURATED	174	FES,TRIB1,MAT2A	3	3/373	3/14132	0.946574131240465	14132	0.979792035931546	combined_ArafS214P	ArafS214P	combined	Active
Coronary Arteriosclerosis	C0010054	CURATED	175	FES,MAT2A,TRIB1	3	3/373	3/14132	0.947751537000867	14132	0.979792035931546	combined_ArafS214P	ArafS214P	combined	Active
Myocardial Infarction	C0027051	CURATED	175	TGFB1,ANXA5,COL6A3	3	3/373	3/14132	0.947751537000867	14132	0.979792035931546	combined_ArafS214P	ArafS214P	combined	Active
Retinitis Pigmentosa	C0035334	CURATED	235	AHR,SLC19A1,P3H2,IQCB1	4	4/373	4/14132	0.94997064045134	14132	0.979792035931546	combined_ArafS214P	ArafS214P	combined	Active
Coronary heart disease	C0010068	CURATED	182	FES,MAT2A,TRIB1	3	3/373	3/14132	0.955327780765499	14132	0.979792035931546	combined_ArafS214P	ArafS214P	combined	Active
ovarian neoplasm	C0919267	CURATED	182	PIK3CA,NECTIN2,URI1	3	3/373	3/14132	0.955327780765499	14132	0.979792035931546	combined_ArafS214P	ArafS214P	combined	Active
hearing impairment	C1384666	CURATED	187	THBS1,MARVELD2,COL11A1	3	3/373	3/14132	0.960084519664137	14132	0.979792035931546	combined_ArafS214P	ArafS214P	combined	Active
Microcephaly (physical finding)	C4551563	CURATED	357	TEDC1,YWHAG,SPTAN1,TUBGCP6,ASPM,CCDC88A	6	6/373	6/14132	0.961392185491517	14132	0.979792035931546	combined_ArafS214P	ArafS214P	combined	Active
Malignant neoplasm of prostate	C0376358	CURATED	629	PIK3CA,ERBIN,AHRR,APC,IGF2R,SPATA18,KMT5A,PIK3R1,CHAF1B,TMEFF2	10	10/373	10/14132	0.986808318873075	14132	0.99833752587892	combined_ArafS214P	ArafS214P	combined	Active
Seizures	C0036572	CURATED	308	YWHAG,PIK3CA,SPTAN1,CSNK2B	4	4/373	4/14132	0.988963464603061	14132	0.99833752587892	combined_ArafS214P	ArafS214P	combined	Active
Schizophrenia	C0036341	CURATED	1047	THBS1,AKAP11,APC,NEFL,NTS,PCM1,TGFB1,YWHAE,SIRT1,PIK3CA,TAC1,MTR,ARC,LSAMP,EFNB2,DICER1,RANBP9	17	17/373	17/14132	0.995345829547868	14132	0.998690953479331	combined_ArafS214P	ArafS214P	combined	Active
Diabetes Mellitus, Non-Insulin-Dependent	C0011860	CURATED	331	PIK3R1,SIRT1,IGF2R	3	3/373	3/14132	0.998690953479331	14132	0.998690953479331	combined_ArafS214P	ArafS214P	combined	Active
Noonan Syndrome	C0028326	CURATED	35	MAP2K2,ERF,SPRED1,SPRED2	4	4/208	4/14132	0.0145507201315357	14132	0.551649604199184	combined_ERK2WT	ERK2WT	combined	WT
Specific learning disability	C4025790	CURATED	13	RPS6KA3,ADGRL1,MAPK1	3	3/208	3/14132	0.015113687786279	14132	0.551649604199184	combined_ERK2WT	ERK2WT	combined	WT
Mitral Valve Prolapse Syndrome	C0026267	CURATED	23	TRPS1,MAP2K2,RPS6KA3	3	3/208	3/14132	0.0445418582734122	14132	0.740272566677792	combined_ERK2WT	ERK2WT	combined	WT
Heart valve disease	C0018824	CURATED	29	TIMP1,FGFR1,NOTCH1	3	3/208	3/14132	0.0675222818665438	14132	0.740272566677792	combined_ERK2WT	ERK2WT	combined	WT
Heart Valve Prolapse	C0079485	CURATED	29	FGFR1,NOTCH1,TIMP1	3	3/208	3/14132	0.0675222818665438	14132	0.740272566677792	combined_ERK2WT	ERK2WT	combined	WT
Adenocarcinoma of colon	C0338106	CURATED	31	PIK3R3,MAPK1,UBR5	3	3/208	3/14132	0.075888151164399	14132	0.740272566677792	combined_ERK2WT	ERK2WT	combined	WT
Cocaine-Related Disorders	C0236736	CURATED	112	ARC,ILK,RPS6KA5,MAPK1,AGO2	5	5/208	5/14132	0.0834116515182757	14132	0.740272566677792	combined_ERK2WT	ERK2WT	combined	WT
Strabismus	C0038379	CURATED	34	PCDH19,SPART,KIF7	3	3/208	3/14132	0.0890068902728254	14132	0.740272566677792	combined_ERK2WT	ERK2WT	combined	WT
Short stature	C0349588	CURATED	162	USP24,MAPK1,TRPS1,LEMD2,FBRS,MAP2K2	6	6/208	6/14132	0.0912664808232895	14132	0.740272566677792	combined_ERK2WT	ERK2WT	combined	WT
Attention deficit hyperactivity disorder	C1263846	CURATED	37	ADGRL1,HIVEP1,CHAF1B	3	3/208	3/14132	0.102736031456924	14132	0.749973029635547	combined_ERK2WT	ERK2WT	combined	WT
Panhypopituitarism	C0242343	CURATED	44	DUSP6,LHX4,FGFR1	3	3/208	3/14132	0.136720258448754	14132	0.789614070300413	combined_ERK2WT	ERK2WT	combined	WT
Calcinosis	C0006663	CURATED	48	TIMP1,NOTCH1,XPR1	3	3/208	3/14132	0.157106763579311	14132	0.789614070300413	combined_ERK2WT	ERK2WT	combined	WT
Neoplasm Invasiveness	C0027626	CURATED	198	MAPK1,YAP1,TIMP1,CTBP2,MYH9,RPS6KA3	6	6/208	6/14132	0.167943440411534	14132	0.789614070300413	combined_ERK2WT	ERK2WT	combined	WT
Neurodevelopmental Disorders	C1535926	CURATED	674	PSMC5,EEF1B2,AGO2,TNRC6B,AGO1,TRIP12,UBR5,TP73,MZT2B,ERF,ADGRL1,KIF7,MRTFB,LMBRD2	14	14/208	14/14132	0.194654058179251	14132	0.789614070300413	combined_ERK2WT	ERK2WT	combined	WT
Sensorineural hearing loss of bilateral ears	C0452138	CURATED	108	DIAPH3,GAB1,MYH9,PKHD1L1	4	4/208	4/14132	0.212735576214117	14132	0.789614070300413	combined_ERK2WT	ERK2WT	combined	WT
Global developmental delay	C0557874	CURATED	388	EEF1B2,TNRC6B,PCDH19,CHAF1B,SPART,NFE2L1,RPS6KA3,MZT2B,ADGRL1	9	9/208	9/14132	0.213602736104597	14132	0.789614070300413	combined_ERK2WT	ERK2WT	combined	WT
Craniosynostosis	C0010278	CURATED	59	TRPS1,ERF,FGFR1	3	3/208	3/14132	0.215494014517909	14132	0.789614070300413	combined_ERK2WT	ERK2WT	combined	WT
Major Depressive Disorder	C1269683	CURATED	229	FGFR1,HSP90AA1,PEA15,LSAMP,SGK1,FKBP5	6	6/208	6/14132	0.248496491789547	14132	0.789614070300413	combined_ERK2WT	ERK2WT	combined	WT
Unipolar Depression	C0041696	CURATED	231	SGK1,HSP90AA1,LSAMP,PEA15,FGFR1,FKBP5	6	6/208	6/14132	0.254019333141804	14132	0.789614070300413	combined_ERK2WT	ERK2WT	combined	WT
Microcephaly (physical finding)	C4551563	CURATED	357	MAPK1,TUBGCP5,TRPS1,GRIP1,TUBGCP6,LEMD2,FRMD4A,SPART	8	8/208	8/14132	0.273527788333058	14132	0.789614070300413	combined_ERK2WT	ERK2WT	combined	WT
Neurodevelopmental delay	C4022738	CURATED	238	PCDH19,NEO1,TRIP12,SPART,TNRC6B,SPRED1	6	6/208	6/14132	0.273579622063073	14132	0.789614070300413	combined_ERK2WT	ERK2WT	combined	WT
HIV Infections	C0019693	CURATED	127	PSMD3,HSP90AA1,HSP90AB1,PSMC5	4	4/208	4/14132	0.287532888962631	14132	0.789614070300413	combined_ERK2WT	ERK2WT	combined	WT
Non-specific syndromic intellectual disability	C5568766	CURATED	367	ADGRL1,TNRC6B,TRERF1,AGO2,AGO1,OTUD5,LMBRD2,TRIP12	8	8/208	8/14132	0.296608079258141	14132	0.789614070300413	combined_ERK2WT	ERK2WT	combined	WT
Neuroblastoma	C0027819	CURATED	75	YAP1,CHAF1A,LMO1	3	3/208	3/14132	0.302754029121989	14132	0.789614070300413	combined_ERK2WT	ERK2WT	combined	WT
Polycystic Ovary Syndrome	C0032460	CURATED	138	TNRC6B,ERRFI1,GAB1,HMMR	4	4/208	4/14132	0.331827977336281	14132	0.789614070300413	combined_ERK2WT	ERK2WT	combined	WT
Dysmorphic facies	C0424503	CURATED	84	MAPK1,MAP2K2,MYH9	3	3/208	3/14132	0.351331334680753	14132	0.789614070300413	combined_ERK2WT	ERK2WT	combined	WT
Multiple Myeloma	C0026764	CURATED	146	ERF,TCF3,YAP1,SGK1	4	4/208	4/14132	0.364030863658125	14132	0.789614070300413	combined_ERK2WT	ERK2WT	combined	WT
Mammary Neoplasms	C1458155	CURATED	524	MYH9,EEF1B2,FGFR1,YAP1,ANKRD34A,HMMR,TP73,HSP90AA1,NOTCH1,TRERF1	10	10/208	10/14132	0.36625880824357	14132	0.789614070300413	combined_ERK2WT	ERK2WT	combined	WT
Craniofacial Abnormalities	C0376634	CURATED	150	TRPS1,ERF,FGFR1,NOTCH1	4	4/208	4/14132	0.380051442389391	14132	0.789614070300413	combined_ERK2WT	ERK2WT	combined	WT
Delayed speech and language development	C0454644	CURATED	91	UBR5,RPS6KA3,PCDH19	3	3/208	3/14132	0.388312331197346	14132	0.789614070300413	combined_ERK2WT	ERK2WT	combined	WT
Congenital heart disease	C0152021	CURATED	95	SOX7,ADAM17,RAI2	3	3/208	3/14132	0.409029946836308	14132	0.789614070300413	combined_ERK2WT	ERK2WT	combined	WT
Adult Glioblastoma	C0278878	CURATED	98	DUSP6,NOTCH1,FAM83D	3	3/208	3/14132	0.424343397357177	14132	0.789614070300413	combined_ERK2WT	ERK2WT	combined	WT
Primary Glioblastoma	C1514422	CURATED	98	NOTCH1,FAM83D,DUSP6	3	3/208	3/14132	0.424343397357177	14132	0.789614070300413	combined_ERK2WT	ERK2WT	combined	WT
Carcinoma	C0007097	CURATED	163	DUSP6,SGK1,ID3,TRPS1	4	4/208	4/14132	0.431412778160159	14132	0.789614070300413	combined_ERK2WT	ERK2WT	combined	WT
Malignant epithelioma	C0553707	CURATED	163	ID3,DUSP6,SGK1,TRPS1	4	4/208	4/14132	0.431412778160159	14132	0.789614070300413	combined_ERK2WT	ERK2WT	combined	WT
Epithelioma	C1368683	CURATED	163	ID3,DUSP6,TRPS1,SGK1	4	4/208	4/14132	0.431412778160159	14132	0.789614070300413	combined_ERK2WT	ERK2WT	combined	WT
Endometriosis	C0014175	CURATED	165	FKBP5,DUSP1,ERRFI1,TOB1	4	4/208	4/14132	0.439188349260926	14132	0.789614070300413	combined_ERK2WT	ERK2WT	combined	WT
Intellectual Disability	C3714756	CURATED	694	PCDH19,KIF7,YY1AP1,MAPK1,GRIP1,EEF1B2,RPS6KA3,TNRC6C,TRIP12,ADGRL1,CHAF1B,AGO1	12	12/208	12/14132	0.444594583277465	14132	0.789614070300413	combined_ERK2WT	ERK2WT	combined	WT
Glioblastoma	C0017636	CURATED	104	FAM83D,NOTCH1,DUSP6	3	3/208	3/14132	0.454339263523655	14132	0.789614070300413	combined_ERK2WT	ERK2WT	combined	WT
Seizures	C0036572	CURATED	308	MZT2B,EEF1B2,HIVEP1,AGO1,ADGRL1,PCDH19	6	6/208	6/14132	0.476031699423911	14132	0.789614070300413	combined_ERK2WT	ERK2WT	combined	WT
Liver carcinoma	C2239176	CURATED	646	PCLAF,FAM83D,PINX1,RPS6KA3,KDM8,FGFR1,YAP1,HMMR,GTSE1,CHAF1B,CDCA3	11	11/208	11/14132	0.481217771604128	14132	0.789614070300413	combined_ERK2WT	ERK2WT	combined	WT
Substance-Related Disorders	C0236969	CURATED	110	PARVA,FRMD4A,MKNK1	3	3/208	3/14132	0.483426756384914	14132	0.789614070300413	combined_ERK2WT	ERK2WT	combined	WT
Mesothelioma malignant advanced	C0278752	CURATED	117	AGO2,ILK,AGO1	3	3/208	3/14132	0.516130791720573	14132	0.789614070300413	combined_ERK2WT	ERK2WT	combined	WT
Diffuse malignant mesothelioma	C0392400	CURATED	117	AGO2,ILK,AGO1	3	3/208	3/14132	0.516130791720573	14132	0.789614070300413	combined_ERK2WT	ERK2WT	combined	WT
Asbestos-Related Malignant Mesothelioma	C1332338	CURATED	117	ILK,AGO1,AGO2	3	3/208	3/14132	0.516130791720573	14132	0.789614070300413	combined_ERK2WT	ERK2WT	combined	WT
Malignant mesothelioma	C0345967	CURATED	118	AGO1,ILK,AGO2	3	3/208	3/14132	0.520690406916514	14132	0.789614070300413	combined_ERK2WT	ERK2WT	combined	WT
Malignant neoplasm of breast	C0006142	CURATED	744	CLSPN,MYH9,UBR5,TP73,ZNF318,DUSP1,GAB1,KIF16B,ARHGAP29,RPS6KA3,RAP1GAP,HMMR	12	12/208	12/14132	0.538098406437811	14132	0.789614070300413	combined_ERK2WT	ERK2WT	combined	WT
Malignant Squamous Cell Neoplasm	C0751688	CURATED	124	NOTCH1,MAPK1,FGFR1	3	3/208	3/14132	0.547442113439222	14132	0.789614070300413	combined_ERK2WT	ERK2WT	combined	WT
Depressive disorder	C0011581	CURATED	272	FKBP5,DUSP4,DUSP6,FGFR1,DUSP1	5	5/208	5/14132	0.570537100909904	14132	0.789614070300413	combined_ERK2WT	ERK2WT	combined	WT
Alcoholic Intoxication, Chronic	C0001973	CURATED	279	FKBP5,ARC,AGO1,UBAP2,AGO2	5	5/208	5/14132	0.590685655026662	14132	0.789614070300413	combined_ERK2WT	ERK2WT	combined	WT
Mental Depression	C0011570	CURATED	283	DUSP4,FGFR1,FKBP5,DUSP1,DUSP6	5	5/208	5/14132	0.601949369957165	14132	0.789614070300413	combined_ERK2WT	ERK2WT	combined	WT
Alzheimer's Disease	C0002395	CURATED	211	SPRED2,ARC,ADAM17,SLC30A4	4	4/208	4/14132	0.603599983550426	14132	0.789614070300413	combined_ERK2WT	ERK2WT	combined	WT
Acute polyarticular juvenile rheumatoid arthritis	C0157916	CURATED	138	DUSP4,MAPK1,DUSP1	3	3/208	3/14132	0.605731341600317	14132	0.789614070300413	combined_ERK2WT	ERK2WT	combined	WT
Pauciarticular juvenile rheumatoid arthritis	C0157917	CURATED	138	MAPK1,DUSP1,DUSP4	3	3/208	3/14132	0.605731341600317	14132	0.789614070300413	combined_ERK2WT	ERK2WT	combined	WT
Monoarticular juvenile rheumatoid arthritis	C0157918	CURATED	138	DUSP1,MAPK1,DUSP4	3	3/208	3/14132	0.605731341600317	14132	0.789614070300413	combined_ERK2WT	ERK2WT	combined	WT
Juvenile Chronic Polyarthritis	C0409667	CURATED	138	DUSP1,DUSP4,MAPK1	3	3/208	3/14132	0.605731341600317	14132	0.789614070300413	combined_ERK2WT	ERK2WT	combined	WT
Squamous cell carcinoma	C0007137	CURATED	150	MAPK1,NOTCH1,FGFR1	3	3/208	3/14132	0.651044074575909	14132	0.833793288491954	combined_ERK2WT	ERK2WT	combined	WT
Mental Retardation	C0025362	CURATED	165	EEF1B2,RPS6KA3,KIF7	3	3/208	3/14132	0.701771278853345	14132	0.870856666173947	combined_ERK2WT	ERK2WT	combined	WT
Mood Disorders	C0525045	CURATED	168	DUSP6,FKBP5,HSP90AA1	3	3/208	3/14132	0.711153316859106	14132	0.870856666173947	combined_ERK2WT	ERK2WT	combined	WT
melanoma	C0025202	CURATED	250	RAP1GAP,MAPK1,MAP2K2,ECHDC1	4	4/208	4/14132	0.715772602334751	14132	0.870856666173947	combined_ERK2WT	ERK2WT	combined	WT
Renal Cell Carcinoma	C0007134	CURATED	180	PRCC,TP73,MAPK1	3	3/208	3/14132	0.746248816833453	14132	0.886421065707712	combined_ERK2WT	ERK2WT	combined	WT
Lung Neoplasms	C0024121	CURATED	269	FGFR1,MAPK1,ID3,TP73	4	4/208	4/14132	0.760833566202426	14132	0.886421065707712	combined_ERK2WT	ERK2WT	combined	WT
hearing impairment	C1384666	CURATED	187	MYH9,DIAPH3,HIVEP1	3	3/208	3/14132	0.76499352246008	14132	0.886421065707712	combined_ERK2WT	ERK2WT	combined	WT
Colorectal Neoplasms	C0009404	CURATED	363	YAP1,PAIP2,TP73,IPP,TCF3	5	5/208	5/14132	0.785632632776703	14132	0.896112221760927	combined_ERK2WT	ERK2WT	combined	WT
Hypertensive disease	C0020538	CURATED	301	MYH9,SGK1,TIMP1,DUSP5	4	4/208	4/14132	0.823555622087381	14132	0.918905475610126	combined_ERK2WT	ERK2WT	combined	WT
Rheumatoid Arthritis	C0003873	CURATED	222	SPRED2,FKBP5,SUPT20H	3	3/208	3/14132	0.841699206393495	14132	0.918905475610126	combined_ERK2WT	ERK2WT	combined	WT
Bipolar Disorder	C0005586	CURATED	483	FKBP5,DUSP6,FGFR1,ZCCHC2,MAPK1,RPS6KA2	6	6/208	6/14132	0.843378998162719	14132	0.918905475610126	combined_ERK2WT	ERK2WT	combined	WT
Myocardial Ischemia	C0151744	CURATED	338	DUSP1,DUSP6,ARHGAP31,ID3	4	4/208	4/14132	0.878127802828264	14132	0.942696023624459	combined_ERK2WT	ERK2WT	combined	WT
Prostatic Neoplasms	C0033578	CURATED	660	HSP90AB1,ID3,ERF,MAP2K2,CTBP2,ETV3,SENP6	7	7/208	7/14132	0.927584825589365	14132	0.981357858956864	combined_ERK2WT	ERK2WT	combined	WT
Schizophrenia	C0036341	CURATED	1047	HPS4,CDC42EP3,MAPK1,RTKN2,CRMP1,PTPRZ1,ARC,LSAMP,FGFR1	9	9/208	9/14132	0.988761949371342	14132	0.995769266042157	combined_ERK2WT	ERK2WT	combined	WT
Autism Spectrum Disorders	C1510586	CURATED	572	TNRC6B,PCDH19,NOTCH1,RPS6KA2	4	4/208	4/14132	0.991435820987413	14132	0.995769266042157	combined_ERK2WT	ERK2WT	combined	WT
Colorectal Carcinoma	C0009402	CURATED	473	PSMC5,CAMSAP2,TCF3	3	3/208	3/14132	0.99337125334297	14132	0.995769266042157	combined_ERK2WT	ERK2WT	combined	WT
Malignant neoplasm of prostate	C0376358	CURATED	629	TRIP12,FBH1,CHAF1B,KIF16B	4	4/208	4/14132	0.995769266042157	14132	0.995769266042157	combined_ERK2WT	ERK2WT	combined	WT
Vascular anomaly	C0158570	CURATED	14	HRAS,KRAS,NRAS,RASA1,PIK3R1,BRAF,GNA11,PIK3CA	8	8/169	8/14132	9.87756856266283e-11	14132	1.83722775265529e-08	combined_HrasQ61R	HrasQ61R	combined	Active
Noonan Syndrome	C0028326	CURATED	35	KRAS,PPP1CB,HRAS,RASA1,SHOC2,NRAS,RAF1,BRAF,LZTR1	9	9/169	9/14132	6.33426880667793e-09	14132	5.89086999021047e-07	combined_HrasQ61R	HrasQ61R	combined	Active
RASopathy	C5555857	CURATED	32	KRAS,NRAS,LZTR1,HRAS,PPP1CB,SHOC2,BRAF,RAF1	8	8/169	8/14132	8.0812032654419e-08	14132	5.01034602457398e-06	combined_HrasQ61R	HrasQ61R	combined	Active
Costello syndrome (disorder)	C0587248	CURATED	13	SHOC2,NRAS,RAF1,BRAF,HRAS,KRAS	6	6/169	6/14132	2.74551160272008e-07	14132	1.27666289526484e-05	combined_HrasQ61R	HrasQ61R	combined	Active
Noonan syndrome and Noonan-related syndrome	C5681679	CURATED	25	LZTR1,HRAS,SHOC2,BRAF,KRAS,NRAS,RAF1	7	7/169	7/14132	3.92552038991931e-07	14132	1.31116127019776e-05	combined_HrasQ61R	HrasQ61R	combined	Active
Cardio-facio-cutaneous syndrome	C1275081	CURATED	14	KRAS,BRAF,NRAS,HRAS,RAF1,SHOC2	6	6/169	6/14132	4.22955248450891e-07	14132	1.31116127019776e-05	combined_HrasQ61R	HrasQ61R	combined	Active
PROSTATE CANCER, HEREDITARY, 1	C4722327	CURATED	10	TP53,NRAS,BRAF,HRAS,KRAS	5	5/169	5/14132	3.91895084017614e-06	14132	9.33947247257192e-05	combined_HrasQ61R	HrasQ61R	combined	Active
Noonan Syndrome 1	C4551602	CURATED	21	KRAS,NRAS,LZTR1,HRAS,BRAF,RAF1	6	6/169	6/14132	4.01697740755781e-06	14132	9.33947247257192e-05	combined_HrasQ61R	HrasQ61R	combined	Active
Penile Neoplasms	C0030849	CURATED	4	HRAS,KRAS,PIK3CA,TP53	4	4/169	4/14132	6.66208155051634e-06	14132	0.000137683018710671	combined_HrasQ61R	HrasQ61R	combined	Active
Epidermal Nevus	C0334082	CURATED	7	HRAS,KRAS,NRAS,PIK3CA	4	4/169	4/14132	5.67673979338489e-05	14132	0.00105587360156959	combined_HrasQ61R	HrasQ61R	combined	Active
GIANT PIGMENTED HAIRY NEVUS	C1842036	CURATED	8	BRAF,NRAS,RAF1,HRAS	4	4/169	4/14132	9.00292153002944e-05	14132	0.00139545283715456	combined_HrasQ61R	HrasQ61R	combined	Active
NOONAN SYNDROME 3	C1860991	CURATED	8	KRAS,RAF1,HRAS,SHOC2	4	4/169	4/14132	9.00292153002944e-05	14132	0.00139545283715456	combined_HrasQ61R	HrasQ61R	combined	Active
Mouth Neoplasms	C0026640	CURATED	52	HRAS,TPI1,KRAS,PIK3CA,ANXA5,TP53	6	6/169	6/14132	0.000380374140820355	14132	0.00524719191239718	combined_HrasQ61R	HrasQ61R	combined	Active
Noonan syndrome-like disorder with loose anagen hair	C1843181	CURATED	3	HRAS,SHOC2,PPP1CB	3	3/169	3/14132	0.000423160638096547	14132	0.00524719191239718	combined_HrasQ61R	HrasQ61R	combined	Active
Congenital Lipomatous Overgrowth, Vascular Malformations, and Epidermal Nevi	C2752042	CURATED	3	PIK3CA,PIK3R1,GNA11	3	3/169	3/14132	0.000423160638096547	14132	0.00524719191239718	combined_HrasQ61R	HrasQ61R	combined	Active
Malignant Squamous Cell Neoplasm	C0751688	CURATED	124	PIK3CA,MAPK1,RASA1,TP53,ANXA5,HRAS,KRAS,TPI1	8	8/169	8/14132	0.000719838891259134	14132	0.00780883051017597	combined_HrasQ61R	HrasQ61R	combined	Active
Nevus sebaceous	C3854181	CURATED	4	HRAS,NRAS,KRAS	3	3/169	3/14132	0.000839659194642578	14132	0.00780883051017597	combined_HrasQ61R	HrasQ61R	combined	Active
NEVUS, KERATINOCYTIC, NONEPIDERMOLYTIC	C4011754	CURATED	4	HRAS,PIK3CA,NRAS	3	3/169	3/14132	0.000839659194642578	14132	0.00780883051017597	combined_HrasQ61R	HrasQ61R	combined	Active
Nevus Sebaceus of Jadassohn	C4552097	CURATED	4	HRAS,KRAS,NRAS	3	3/169	3/14132	0.000839659194642578	14132	0.00780883051017597	combined_HrasQ61R	HrasQ61R	combined	Active
CAPILLARY MALFORMATION-ARTERIOVENOUS MALFORMATION 1	C4747394	CURATED	4	RASA1,PIK3CA,KRAS	3	3/169	3/14132	0.000839659194642578	14132	0.00780883051017597	combined_HrasQ61R	HrasQ61R	combined	Active
Colorectal Carcinoma	C0009402	CURATED	473	KRAS,RALGDS,SPTBN2,BRAF,CCAR1,LAMB3,TP53,PIK3CA,CORO1B,BCAS2,MAP2,CNTN1,CACNB2,NRAS,FN1	15	15/169	15/14132	0.00164497488006639	14132	0.01394212674908	combined_HrasQ61R	HrasQ61R	combined	Active
Malignant neoplasm of gallbladder	C0153452	CURATED	20	TP53,PIK3CA,BRAF,KRAS	4	4/169	4/14132	0.00164906875526753	14132	0.01394212674908	combined_HrasQ61R	HrasQ61R	combined	Active
Liver neoplasms	C0023903	CURATED	146	CDKN1A,HRAS,RAF1,BRAF,KRT18,KRAS,TP53,HEBP2	8	8/169	8/14132	0.00186350716539005	14132	0.0139580754612483	combined_HrasQ61R	HrasQ61R	combined	Active
Lip and Oral Cavity Carcinoma	C0220641	CURATED	21	TP53,HRAS,PIK3CA,BRAF	4	4/169	4/14132	0.00190711826985091	14132	0.0139580754612483	combined_HrasQ61R	HrasQ61R	combined	Active
Glioma	C0017638	CURATED	109	BRAF,HRAS,RAF1,CHAF1A,CCN1,CDKN1A,TP53	7	7/169	7/14132	0.00196372159714364	14132	0.0139580754612483	combined_HrasQ61R	HrasQ61R	combined	Active
Thyroid Neoplasm	C0040136	CURATED	45	TP53,BRAF,HRAS,KRAS,MAPK1	5	5/169	5/14132	0.00200713910611111	14132	0.0139580754612483	combined_HrasQ61R	HrasQ61R	combined	Active
Neuroblastoma	C0027819	CURATED	75	TP53,RASSF5,CHAF1A,HRAS,NRAS,KRAS	6	6/169	6/14132	0.00202617224437476	14132	0.0139580754612483	combined_HrasQ61R	HrasQ61R	combined	Active
Squamous cell carcinoma	C0007137	CURATED	150	TPI1,KRAS,MAPK1,TP53,ANXA5,PIK3CA,RASA1,HRAS	8	8/169	8/14132	0.00217269891550597	14132	0.0144329285101468	combined_HrasQ61R	HrasQ61R	combined	Active
Malignant Glioma	C0555198	CURATED	112	RAF1,CDKN1A,HRAS,BRAF,TP53,CHAF1A,CCN1	7	7/169	7/14132	0.00225302483583433	14132	0.0144504351539719	combined_HrasQ61R	HrasQ61R	combined	Active
Endometrial Endometrioid Adenocarcinoma, Variant with Squamous Differentiation	C0279763	CURATED	7	PIK3R1,TP53,MAPK1	3	3/169	3/14132	0.00287007979494608	14132	0.0161768133896961	combined_HrasQ61R	HrasQ61R	combined	Active
Endometrial adenocarcinoma	C1153706	CURATED	7	TP53,PIK3R1,MAPK1	3	3/169	3/14132	0.00287007979494608	14132	0.0161768133896961	combined_HrasQ61R	HrasQ61R	combined	Active
Pilomyxoid astrocytoma	C1519086	CURATED	7	BRAF,RAF1,KRAS	3	3/169	3/14132	0.00287007979494608	14132	0.0161768133896961	combined_HrasQ61R	HrasQ61R	combined	Active
THYROID CANCER, NONMEDULLARY, 2	C4225426	CURATED	7	NRAS,BRAF,HRAS	3	3/169	3/14132	0.00287007979494608	14132	0.0161768133896961	combined_HrasQ61R	HrasQ61R	combined	Active
Hydrops Fetalis, Non-Immune	C0455988	CURATED	50	HRAS,KRAS,LZTR1,ACTA1,SHOC2	5	5/169	5/14132	0.00296228780919914	14132	0.01620545683856	combined_HrasQ61R	HrasQ61R	combined	Active
Carcinoma	C0007097	CURATED	163	KRAS,RASA1,YWHAZ,ID3,PIK3R1,FN1,HRAS,TP53	8	8/169	8/14132	0.0034576627281791	14132	0.0173817639849003	combined_HrasQ61R	HrasQ61R	combined	Active
Malignant epithelioma	C0553707	CURATED	163	ID3,FN1,HRAS,KRAS,TP53,YWHAZ,PIK3R1,RASA1	8	8/169	8/14132	0.0034576627281791	14132	0.0173817639849003	combined_HrasQ61R	HrasQ61R	combined	Active
Epithelioma	C1368683	CURATED	163	ID3,PIK3R1,HRAS,KRAS,YWHAZ,FN1,RASA1,TP53	8	8/169	8/14132	0.0034576627281791	14132	0.0173817639849003	combined_HrasQ61R	HrasQ61R	combined	Active
Endometrial Endometrioid Adenocarcinoma	C1336905	CURATED	8	MAPK1,PIK3R1,TP53	3	3/169	3/14132	0.00379676332149467	14132	0.0185841573104739	combined_HrasQ61R	HrasQ61R	combined	Active
LEOPARD Syndrome	C0175704	CURATED	9	RAF1,NRAS,BRAF	3	3/169	3/14132	0.00484330796526525	14132	0.0221634982045396	combined_HrasQ61R	HrasQ61R	combined	Active
Follicular thyroid carcinoma	C0206682	CURATED	9	HRAS,KRAS,NRAS	3	3/169	3/14132	0.00484330796526525	14132	0.0221634982045396	combined_HrasQ61R	HrasQ61R	combined	Active
Differentiated Thyroid Gland Carcinoma	C1337013	CURATED	29	BRAF,KRAS,HRAS,NRAS	4	4/169	4/14132	0.00488550229239851	14132	0.0221634982045396	combined_HrasQ61R	HrasQ61R	combined	Active
Lung Neoplasms	C0024121	CURATED	269	CDKN1A,PIK3CA,MAPK1,CCN1,KRAS,BRAF,HRAS,ID3,RAF1,TP53	10	10/169	10/14132	0.00509297247716638	14132	0.0225545923988797	combined_HrasQ61R	HrasQ61R	combined	Active
Adenocarcinoma of breast	C0858252	CURATED	10	KRAS,TP53,PIK3CA	3	3/169	3/14132	0.00600674874835101	14132	0.025982680632402	combined_HrasQ61R	HrasQ61R	combined	Active
Basal Cell Neoplasm	C0206710	CURATED	141	FSCN1,MYH9,RASA1,VCAN,PIK3CA,TP53,PELI2	7	7/169	7/14132	0.00695914822904996	14132	0.0287644793467398	combined_HrasQ61R	HrasQ61R	combined	Active
Malignant basal cell tumor	C1368295	CURATED	141	TP53,PELI2,RASA1,VCAN,MYH9,PIK3CA,FSCN1	7	7/169	7/14132	0.00695914822904996	14132	0.0287644793467398	combined_HrasQ61R	HrasQ61R	combined	Active
Atypical Endometrial Hyperplasia	C0349579	CURATED	11	CSRP1,TP53,KRAS	3	3/169	3/14132	0.0072841737375689	14132	0.0294533981562568	combined_HrasQ61R	HrasQ61R	combined	Active
Diffuse Large B-Cell Lymphoma	C0079744	CURATED	68	TP53,PIK3CA,BCAS2,PIK3CD,BRAF	5	5/169	5/14132	0.00887614972855267	14132	0.0348047723489895	combined_HrasQ61R	HrasQ61R	combined	Active
Kidney Neoplasm	C0022665	CURATED	36	MAPK1,BRAF,RAF1,RASSF5	4	4/169	4/14132	0.0089818767352231	14132	0.0348047723489895	combined_HrasQ61R	HrasQ61R	combined	Active
Non-Small Cell Adenocarcinoma	C1335060	CURATED	197	RASA1,TPI1,TP53,ANXA5,HRAS,BRAF,KRAS,PIK3CA	8	8/169	8/14132	0.00952906575462334	14132	0.0361715557216314	combined_HrasQ61R	HrasQ61R	combined	Active
Liver carcinoma	C2239176	CURATED	646	PCLAF,KIF11,BRAF,SLIT2,ASPM,NRAS,CCN1,KRAS,TP53,UCHL1,TRAF7,KIF14,HRAS,PIK3CA,CHAF1B,LZTR1	16	16/169	16/14132	0.0106926796796883	14132	0.0397767684084406	combined_HrasQ61R	HrasQ61R	combined	Active
Endometrial Carcinoma	C0476089	CURATED	39	HRAS,PIK3R1,PIK3CA,BRAF	4	4/169	4/14132	0.0112009773661271	14132	0.0408506233352872	combined_HrasQ61R	HrasQ61R	combined	Active
Carcinoma, Endometrioid	C0206687	CURATED	14	PIK3R1,HRAS,BRAF	3	3/169	3/14132	0.0117720128857534	14132	0.0421075845528872	combined_HrasQ61R	HrasQ61R	combined	Active
Hypertrophic Cardiomyopathy	C0007194	CURATED	164	RAF1,LZTR1,DSG2,TP53,BRAF,DSP,CACNB2	7	7/169	7/14132	0.0140058602506758	14132	0.0491526416344472	combined_HrasQ61R	HrasQ61R	combined	Active
Malignant neoplasm of large intestine	C0346629	CURATED	173	KRAS,PIK3R1,PIK3CA,BRAF,PIK3CD,TP53,NRAS	7	7/169	7/14132	0.0177812732480175	14132	0.0608964306119189	combined_HrasQ61R	HrasQ61R	combined	Active
Non-Small Cell Lung Carcinoma	C0007131	CURATED	276	NRAS,UCHL1,KRAS,HRAS,BRAF,TP53,RAF1,PIK3CA,CORO1C	9	9/169	9/14132	0.0180070090519115	14132	0.0608964306119189	combined_HrasQ61R	HrasQ61R	combined	Active
Adult Cholangiocarcinoma	C0280725	CURATED	48	THBS1,BRAF,TP53,KRAS	4	4/169	4/14132	0.0196105643066665	14132	0.0651350885899995	combined_HrasQ61R	HrasQ61R	combined	Active
Hemangiosarcoma	C0018923	CURATED	19	HRAS,KRAS,TP53	3	3/169	3/14132	0.0212744296823367	14132	0.0682248951881832	combined_HrasQ61R	HrasQ61R	combined	Active
Angiosarcoma nonmetastatic	C0854893	CURATED	19	HRAS,KRAS,TP53	3	3/169	3/14132	0.0212744296823367	14132	0.0682248951881832	combined_HrasQ61R	HrasQ61R	combined	Active
Adenocarcinoma of lung (disorder)	C0152013	CURATED	286	RASA1,PIK3CA,TP53,RAF1,BRAF,TPI1,KRAS,ANXA5,HRAS	9	9/169	9/14132	0.0217622985687074	14132	0.0686065683691453	combined_HrasQ61R	HrasQ61R	combined	Active
Adenocarcinoma of prostate	C0007112	CURATED	20	MAPK1,RAF1,BRAF	3	3/169	3/14132	0.0234550253408999	14132	0.0727105785567898	combined_HrasQ61R	HrasQ61R	combined	Active
Cholangiocarcinoma	C0206698	CURATED	52	THBS1,TP53,KRAS,BRAF	4	4/169	4/14132	0.0242085212303265	14132	0.0736668477631325	combined_HrasQ61R	HrasQ61R	combined	Active
Stomach Neoplasms	C0038356	CURATED	349	PIK3CA,KRAS,ANXA5,CDKN1A,TP53,CNPY2,FGG,HRAS,PLCE1,MAPK1	10	10/169	10/14132	0.0245556159210442	14132	0.0736668477631325	combined_HrasQ61R	HrasQ61R	combined	Active
Papillary thyroid carcinoma	C0238463	CURATED	53	TP53,NRAS,BRAF,HRAS	4	4/169	4/14132	0.0254412122577937	14132	0.0739385231242128	combined_HrasQ61R	HrasQ61R	combined	Active
Familial or idiopathic dilated cardiomyopathy	C5679590	CURATED	53	DSP,DSG2,GET3,RAF1	4	4/169	4/14132	0.0254412122577937	14132	0.0739385231242128	combined_HrasQ61R	HrasQ61R	combined	Active
Prostatic Neoplasms	C0033578	CURATED	660	HRAS,ID3,TP53,RAF1,SSBP2,PIK3CA,PIK3CD,SESN3,KRAS,CSRP1,PIK3R1,TMEFF2,ALOXE3,BRAF,CDKN1A	15	15/169	15/14132	0.0270164872654667	14132	0.077308717405797	combined_HrasQ61R	HrasQ61R	combined	Active
gallbladder neoplasm	C0016978	CURATED	22	TP53,KRAS,UCHL1	3	3/169	3/14132	0.0280766511251013	14132	0.0790863846967551	combined_HrasQ61R	HrasQ61R	combined	Active
Adenoid Cystic Carcinoma	C0010606	CURATED	97	VCAN,HRAS,TP53,ASPM,PIK3CA	5	5/169	5/14132	0.0289925177732997	14132	0.0790863846967551	combined_HrasQ61R	HrasQ61R	combined	Active
Carcinoma, Transitional Cell	C0007138	CURATED	56	TP53,HRAS,PROM1,CDKN1A	4	4/169	4/14132	0.0293384975487962	14132	0.0790863846967551	combined_HrasQ61R	HrasQ61R	combined	Active
Transitional Cell Neoplasm	C0334265	CURATED	56	PROM1,CDKN1A,HRAS,TP53	4	4/169	4/14132	0.0293384975487962	14132	0.0790863846967551	combined_HrasQ61R	HrasQ61R	combined	Active
Cardiomyopathy, Hypertrophic, Familial	C0949658	CURATED	99	DSP,DSG2,KRAS,SHOC2,RAF1	5	5/169	5/14132	0.0309336761837268	14132	0.0821951967167598	combined_HrasQ61R	HrasQ61R	combined	Active
Hodgkin Disease	C0019829	CURATED	25	MAPK1,KRAS,TP53	3	3/169	3/14132	0.0356251172591787	14132	0.0920315529195451	combined_HrasQ61R	HrasQ61R	combined	Active
Ventricular Fibrillation	C0042510	CURATED	25	CACNB2,DSG2,DSP	3	3/169	3/14132	0.0356251172591787	14132	0.0920315529195451	combined_HrasQ61R	HrasQ61R	combined	Active
Cardiomyopathy, Dilated	C0007193	CURATED	259	CACNB2,LZTR1,DSP,GET3,ACTA1,RAF1,DSG2,BRAF	8	8/169	8/14132	0.0362281291171936	14132	0.092307287887644	combined_HrasQ61R	HrasQ61R	combined	Active
Lymphoid neoplasm (morphologic abnormality)	C0598798	CURATED	26	NRAS,KRAS,TP53	3	3/169	3/14132	0.0382964976027369	14132	0.0949753140547876	combined_HrasQ61R	HrasQ61R	combined	Active
Carcinoma of lung	C0684249	CURATED	26	KRAS,BRAF,PIK3CA	3	3/169	3/14132	0.0382964976027369	14132	0.0949753140547876	combined_HrasQ61R	HrasQ61R	combined	Active
Intellectual Disability	C3714756	CURATED	694	SPTBN2,BRAF,MAPK1,ASPM,EEF1B2,SPTAN1,POLR2F,YWHAG,HRAS,DSG2,SPTBN1,GPRASP1,MTF1,NOVA2,CHAF1B	15	15/169	15/14132	0.0388293008341842	14132	0.095029604673135	combined_HrasQ61R	HrasQ61R	combined	Active
Cardiac Arrest	C0018790	CURATED	27	DSG2,CACNB2,DSP	3	3/169	3/14132	0.0410418418132298	14132	0.0978690074007787	combined_HrasQ61R	HrasQ61R	combined	Active
Sezary Syndrome	C0036920	CURATED	27	BRAF,TP53,MAPK1	3	3/169	3/14132	0.0410418418132298	14132	0.0978690074007787	combined_HrasQ61R	HrasQ61R	combined	Active
Colon Carcinoma	C0699790	CURATED	68	BRAF,TP53,PIK3CA,NRAS	4	4/169	4/14132	0.0478688294884416	14132	0.112703826390508	combined_HrasQ61R	HrasQ61R	combined	Active
Weight Gain	C0043094	CURATED	115	MEST,TPM4,ANXA5,PIK3CA,SPTBN1	5	5/169	5/14132	0.049177436418273	14132	0.113602053418572	combined_HrasQ61R	HrasQ61R	combined	Active
Mesothelioma malignant advanced	C0278752	CURATED	117	FN1,TRAF7,RAF1,CDKN1A,TP53	5	5/169	5/14132	0.0517979812937285	14132	0.113602053418572	combined_HrasQ61R	HrasQ61R	combined	Active
Diffuse malignant mesothelioma	C0392400	CURATED	117	CDKN1A,RAF1,FN1,TRAF7,TP53	5	5/169	5/14132	0.0517979812937285	14132	0.113602053418572	combined_HrasQ61R	HrasQ61R	combined	Active
Asbestos-Related Malignant Mesothelioma	C1332338	CURATED	117	CDKN1A,TRAF7,FN1,RAF1,TP53	5	5/169	5/14132	0.0517979812937285	14132	0.113602053418572	combined_HrasQ61R	HrasQ61R	combined	Active
Adenocarcinoma of colon	C0338106	CURATED	31	PIK3R3,MAPK1,PIK3CA	3	3/169	3/14132	0.052720887900147	14132	0.113602053418572	combined_HrasQ61R	HrasQ61R	combined	Active
Distal spinal muscular atrophy	C0393541	CURATED	31	SPTAN1,NEFL,HSPB8	3	3/169	3/14132	0.052720887900147	14132	0.113602053418572	combined_HrasQ61R	HrasQ61R	combined	Active
Cerebral Astrocytoma	C0750935	CURATED	31	BRAF,TP53,KRAS	3	3/169	3/14132	0.052720887900147	14132	0.113602053418572	combined_HrasQ61R	HrasQ61R	combined	Active
Malignant mesothelioma	C0345967	CURATED	118	RAF1,TP53,FN1,TRAF7,CDKN1A	5	5/169	5/14132	0.0531364443409448	14132	0.113602053418572	combined_HrasQ61R	HrasQ61R	combined	Active
Lymphoma	C0024299	CURATED	32	TP53,NRAS,KRAS	3	3/169	3/14132	0.0558049158712302	14132	0.116626003955605	combined_HrasQ61R	HrasQ61R	combined	Active
Primary open angle glaucoma	C0339573	CURATED	32	CDKN1A,THBS1,TP53	3	3/169	3/14132	0.0558049158712302	14132	0.116626003955605	combined_HrasQ61R	HrasQ61R	combined	Active
Adenocarcinoma	C0001418	CURATED	121	PLCE1,ID3,TP53,PIK3CA,KRAS	5	5/169	5/14132	0.057264146887936	14132	0.118345903568401	combined_HrasQ61R	HrasQ61R	combined	Active
Polycystic Kidney Diseases	C0022680	CURATED	35	PLCE1,PRKCSH,PIK3CA	3	3/169	3/14132	0.0654201168065957	14132	0.132274307700765	combined_HrasQ61R	HrasQ61R	combined	Active
Squamous cell carcinoma of esophagus	C0279626	CURATED	127	CDKN1A,PLCE1,PFN1,TP53,TPI1	5	5/169	5/14132	0.0660206093309251	14132	0.132274307700765	combined_HrasQ61R	HrasQ61R	combined	Active
Neurodevelopmental delay	C4022738	CURATED	238	PPP1CB,KIF11,TAOK1,ACTA1,SPTBN1,BRAF,PLOD3	7	7/169	7/14132	0.066389231623446	14132	0.132274307700765	combined_HrasQ61R	HrasQ61R	combined	Active
Thrombocytopenia	C0040034	CURATED	128	ACTN1,RAP1B,FGG,TPM4,MYH9	5	5/169	5/14132	0.0675442949613127	14132	0.132274307700765	combined_HrasQ61R	HrasQ61R	combined	Active
ovarian neoplasm	C0919267	CURATED	182	TP53,PIK3CA,CRABP2,KRAS,PPP1CC,MAPK1	6	6/169	6/14132	0.0675594582342615	14132	0.132274307700765	combined_HrasQ61R	HrasQ61R	combined	Active
Malignant neoplasm of lung	C0242379	CURATED	36	KRAS,PIK3CA,BRAF	3	3/169	3/14132	0.0687400132813823	14132	0.133183775732678	combined_HrasQ61R	HrasQ61R	combined	Active
Small cell carcinoma of lung	C0149925	CURATED	80	PIK3R1,SLIT2,LAMB3,TP53	4	4/169	4/14132	0.0708784507333573	14132	0.135911256045407	combined_HrasQ61R	HrasQ61R	combined	Active
Bleeding tendency	C1458140	CURATED	81	FGG,TPM4,MYH9,ACTN1	4	4/169	4/14132	0.072985282333975	14132	0.138523086878769	combined_HrasQ61R	HrasQ61R	combined	Active
Astrocytoma	C0004114	CURATED	39	BRAF,KRAS,TP53	3	3/169	3/14132	0.0790190961221317	14132	0.148460119987035	combined_HrasQ61R	HrasQ61R	combined	Active
Breast Cancer, Familial	C0346153	CURATED	88	PIK3CA,TP53,PIK3R3,KRAS	4	4/169	4/14132	0.0884947576759334	14132	0.164600249277236	combined_HrasQ61R	HrasQ61R	combined	Active
Salivary Gland Neoplasms	C0036095	CURATED	43	VCAN,ASPM,HRAS	3	3/169	3/14132	0.0934063437338875	14132	0.172015642915872	combined_HrasQ61R	HrasQ61R	combined	Active
Global developmental delay	C0557874	CURATED	388	EEF1B2,CEP104,PIK3CA,DSP,CHAF1B,TAOK1,BRAF,NFE2L1,TRAF7	9	9/169	9/14132	0.0943762171701365	14132	0.172097807780837	combined_HrasQ61R	HrasQ61R	combined	Active
Multiple Myeloma	C0026764	CURATED	146	TP53,NRAS,BRAF,KRAS,FGG	5	5/169	5/14132	0.0979966583817484	14132	0.175548354239194	combined_HrasQ61R	HrasQ61R	combined	Active
Mammary Neoplasms	C1458155	CURATED	524	MYH9,RAF1,THBS1,PIK3CA,EEF1B2,FN1,HRAS,ARAF,TP53,KRAS,KRT18	11	11/169	11/14132	0.0981560690369686	14132	0.175548354239194	combined_HrasQ61R	HrasQ61R	combined	Active
Neuromuscular Diseases	C0027868	CURATED	45	ACTA1,TPI1,SPTAN1	3	3/169	3/14132	0.100863037055569	14132	0.176986083889961	combined_HrasQ61R	HrasQ61R	combined	Active
Left Ventricular Hypertrophy	C0149721	CURATED	45	FN1,ACTA1,DSP	3	3/169	3/14132	0.100863037055569	14132	0.176986083889961	combined_HrasQ61R	HrasQ61R	combined	Active
Left ventricular noncompaction cardiomyopathy	C4021133	CURATED	48	DSG2,DSP,RAF1	3	3/169	3/14132	0.112342595200656	14132	0.19248259150575	combined_HrasQ61R	HrasQ61R	combined	Active
Adult Glioblastoma	C0278878	CURATED	98	NRAS,LZTR1,FN1,PROM1	4	4/169	4/14132	0.11279893803294	14132	0.19248259150575	combined_HrasQ61R	HrasQ61R	combined	Active
Primary Glioblastoma	C1514422	CURATED	98	FN1,LZTR1,PROM1,NRAS	4	4/169	4/14132	0.11279893803294	14132	0.19248259150575	combined_HrasQ61R	HrasQ61R	combined	Active
Malignant neoplasm of pancreatic duct	C0153461	CURATED	49	KRAS,THBS1,TP53	3	3/169	3/14132	0.116241849141907	14132	0.194783639102656	combined_HrasQ61R	HrasQ61R	combined	Active
Carcinoma, Pancreatic Ductal	C0887833	CURATED	49	TP53,KRAS,THBS1	3	3/169	3/14132	0.116241849141907	14132	0.194783639102656	combined_HrasQ61R	HrasQ61R	combined	Active
Malignant neoplasm of urinary bladder	C0005684	CURATED	218	HRAS,PIK3CA,CDKN1A,TP53,TMEFF2,KRAS	6	6/169	6/14132	0.120819187352559	14132	0.199641642617537	combined_HrasQ61R	HrasQ61R	combined	Active
Hereditary Breast and Ovarian Cancer Syndrome	C0677776	CURATED	158	ID3,KRAS,RALGDS,TPM4,TP53	5	5/169	5/14132	0.121287664600977	14132	0.199641642617537	combined_HrasQ61R	HrasQ61R	combined	Active
Colonic Neoplasms	C0009375	CURATED	160	CDKN1A,ID3,PROM1,KRAS,TP53	5	5/169	5/14132	0.12538348285141	14132	0.20302094898981	combined_HrasQ61R	HrasQ61R	combined	Active
Bipolar Disorder	C0005586	CURATED	483	CSRP1,CACNB2,SSBP2,NEFL,MAPK1,YWHAZ,KCTD12,YWHAE,YWHAH,MAP2	10	10/169	10/14132	0.125523705020582	14132	0.20302094898981	combined_HrasQ61R	HrasQ61R	combined	Active
Myelodysplasias, Hematopoetic	C2713368	CURATED	52	TP53,NRAS,KRAS	3	3/169	3/14132	0.128138399474266	14132	0.204233638724776	combined_HrasQ61R	HrasQ61R	combined	Active
Glioblastoma	C0017636	CURATED	104	FN1,NRAS,LZTR1,PROM1	4	4/169	4/14132	0.128469546939778	14132	0.204233638724776	combined_HrasQ61R	HrasQ61R	combined	Active
Malignant neoplasm of prostate	C0376358	CURATED	629	ZNF776,VCAN,PIK3CA,SSBP2,FBH1,GET3,KMT5A,TP53,PIK3R1,CHAF1B,HEBP2,TMEFF2	12	12/169	12/14132	0.133436609912028	14132	0.210332283420654	combined_HrasQ61R	HrasQ61R	combined	Active
Arrhythmogenic Right Ventricular Dysplasia	C0349788	CURATED	55	CACNB2,DSG2,DSP	3	3/169	3/14132	0.140305447107624	14132	0.219300950941328	combined_HrasQ61R	HrasQ61R	combined	Active
Focal glomerulosclerosis	C0017668	CURATED	60	PLCE1,FN1,MYH9	3	3/169	3/14132	0.161094014792091	14132	0.248876961944412	combined_HrasQ61R	HrasQ61R	combined	Active
Peripheral Neuropathy	C0031117	CURATED	116	HSPB8,SPTAN1,UCHL1,NEFL	4	4/169	4/14132	0.161903830082118	14132	0.248876961944412	combined_HrasQ61R	HrasQ61R	combined	Active
Anemia	C0002871	CURATED	62	HOXD13,NRAS,KRAS	3	3/169	3/14132	0.169560941756499	14132	0.258510943989417	combined_HrasQ61R	HrasQ61R	combined	Active
melanoma	C0025202	CURATED	250	MAPK1,TP53,NRAS,BRAF,GNA11,HRAS	6	6/169	6/14132	0.180439512217207	14132	0.272859750182118	combined_HrasQ61R	HrasQ61R	combined	Active
Schizophrenia	C0036341	CURATED	1047	THBS1,CNTN1,NEFL,NTS,RAPGEF6,MAPK1,KCTD12,TP53,YWHAE,CACNB2,PIK3CA,PTPRZ1,PIK3CD,SPTBN2,TPI1,ARHGAP18,LSAMP	17	17/169	17/14132	0.186495029407136	14132	0.279742544110703	combined_HrasQ61R	HrasQ61R	combined	Active
Squamous cell carcinoma of lung	C0149782	CURATED	67	KRAS,PIK3CA,HRAS	3	3/169	3/14132	0.191031984640679	14132	0.281999596374335	combined_HrasQ61R	HrasQ61R	combined	Active
Autosomal recessive non-syndromic intellectual disability	C5680181	CURATED	67	EEF1B2,EEF1D,CEP104	3	3/169	3/14132	0.191031984640679	14132	0.281999596374335	combined_HrasQ61R	HrasQ61R	combined	Active
Amyotrophic Lateral Sclerosis	C0002736	CURATED	133	NEFL,TP53,RAPGEF2,PFN1	4	4/169	4/14132	0.213030332877901	14132	0.311997180435351	combined_HrasQ61R	HrasQ61R	combined	Active
Acute polyarticular juvenile rheumatoid arthritis	C0157916	CURATED	138	MAPK1,THBS1,KRAS,MAP2	4	4/169	4/14132	0.228692515205631	14132	0.321422350436614	combined_HrasQ61R	HrasQ61R	combined	Active
Pauciarticular juvenile rheumatoid arthritis	C0157917	CURATED	138	MAP2,THBS1,MAPK1,KRAS	4	4/169	4/14132	0.228692515205631	14132	0.321422350436614	combined_HrasQ61R	HrasQ61R	combined	Active
Monoarticular juvenile rheumatoid arthritis	C0157918	CURATED	138	MAP2,MAPK1,KRAS,THBS1	4	4/169	4/14132	0.228692515205631	14132	0.321422350436614	combined_HrasQ61R	HrasQ61R	combined	Active
Juvenile Chronic Polyarthritis	C0409667	CURATED	138	KRAS,THBS1,MAPK1,MAP2	4	4/169	4/14132	0.228692515205631	14132	0.321422350436614	combined_HrasQ61R	HrasQ61R	combined	Active
Bladder Neoplasm	C0005695	CURATED	206	TP53,KRAS,HRAS,CDKN1A,TMEFF2	5	5/169	5/14132	0.233093095815538	14132	0.321422350436614	combined_HrasQ61R	HrasQ61R	combined	Active
Malignant neoplasm of body of stomach	C0153421	CURATED	77	PIK3CA,KRAS,TP53	3	3/169	3/14132	0.234870487646856	14132	0.321422350436614	combined_HrasQ61R	HrasQ61R	combined	Active
Malignant tumor of lesser curve of stomach	C0153422	CURATED	77	PIK3CA,TP53,KRAS	3	3/169	3/14132	0.234870487646856	14132	0.321422350436614	combined_HrasQ61R	HrasQ61R	combined	Active
Malignant tumor of greater curve of stomach	C0153423	CURATED	77	KRAS,PIK3CA,TP53	3	3/169	3/14132	0.234870487646856	14132	0.321422350436614	combined_HrasQ61R	HrasQ61R	combined	Active
Kidney Diseases	C0022658	CURATED	140	MYH9,XPNPEP3,CDKN1A,PLCE1	4	4/169	4/14132	0.235018492792363	14132	0.321422350436614	combined_HrasQ61R	HrasQ61R	combined	Active
Microcephaly (physical finding)	C4551563	CURATED	357	SCRIB,MAPK1,YWHAG,SPTAN1,ASPM,FRMD4A,KIF11	7	7/169	7/14132	0.255909630255629	14132	0.346427032062895	combined_HrasQ61R	HrasQ61R	combined	Active
Esophageal Neoplasms	C0014859	CURATED	82	TPM4,TP53,UCHL1	3	3/169	3/14132	0.257026507659568	14132	0.346427032062895	combined_HrasQ61R	HrasQ61R	combined	Active
Developmental Disabilities	C0008073	CURATED	149	KIF11,LZTR1,NEFL,SPTAN1	4	4/169	4/14132	0.263835183765141	14132	0.353045641585008	combined_HrasQ61R	HrasQ61R	combined	Active
Colorectal Neoplasms	C0009404	CURATED	363	KRAS,PIK3CD,PIK3CA,NRAS,TP53,PROM1,BRAF	7	7/169	7/14132	0.26802064897929	14132	0.353296261539813	combined_HrasQ61R	HrasQ61R	combined	Active
Parkinson Disease	C0030567	CURATED	153	MAPK1,UCHL1,MAP2,RAB32	4	4/169	4/14132	0.27678737121892	14132	0.353296261539813	combined_HrasQ61R	HrasQ61R	combined	Active
Malignant neoplasm of breast	C0006142	CURATED	744	KRAS,LZTR1,MYH9,PIK3CA,VPS72,TP53,TPM4,BCAS2,POLR2F,SPTAN1,FN1,RGL1	12	12/169	12/14132	0.277497171600182	14132	0.353296261539813	combined_HrasQ61R	HrasQ61R	combined	Active
Cardiomyopathies	C0878544	CURATED	223	DSG2,YWHAH,DSP,MAPK1,TP53	5	5/169	5/14132	0.277541100569639	14132	0.353296261539813	combined_HrasQ61R	HrasQ61R	combined	Active
Malignant neoplasm of upper lobe, bronchus or lung	C0024624	CURATED	87	PIK3CA,KRAS,BRAF	3	3/169	3/14132	0.279218013152433	14132	0.353296261539813	combined_HrasQ61R	HrasQ61R	combined	Active
Malignant neoplasm of middle lobe, bronchus or lung	C0153491	CURATED	87	KRAS,BRAF,PIK3CA	3	3/169	3/14132	0.279218013152433	14132	0.353296261539813	combined_HrasQ61R	HrasQ61R	combined	Active
Malignant neoplasm of lower lobe, bronchus or lung	C0153492	CURATED	87	PIK3CA,KRAS,BRAF	3	3/169	3/14132	0.279218013152433	14132	0.353296261539813	combined_HrasQ61R	HrasQ61R	combined	Active
Malignant neoplasm of other parts of bronchus or lung	C0153493	CURATED	87	KRAS,PIK3CA,BRAF	3	3/169	3/14132	0.279218013152433	14132	0.353296261539813	combined_HrasQ61R	HrasQ61R	combined	Active
Adenocarcinoma of large intestine (disorder)	C1319315	CURATED	88	ARAF,BRAF,MAPK1	3	3/169	3/14132	0.283653437698398	14132	0.356483374404744	combined_HrasQ61R	HrasQ61R	combined	Active
Nephrotic Syndrome	C0027726	CURATED	91	MYH9,FN1,PLCE1	3	3/169	3/14132	0.296943225377233	14132	0.368209599467769	combined_HrasQ61R	HrasQ61R	combined	Active
Precursor Lymphoid Neoplasm	C1335469	CURATED	91	NRAS,TP53,KRAS	3	3/169	3/14132	0.296943225377233	14132	0.368209599467769	combined_HrasQ61R	HrasQ61R	combined	Active
Endometrial Neoplasms	C0014170	CURATED	94	PIK3R1,PIK3CD,TP53	3	3/169	3/14132	0.310196649182903	14132	0.379582741763289	combined_HrasQ61R	HrasQ61R	combined	Active
Myocardial Diseases, Secondary	C0036529	CURATED	94	MAPK1,TP53,YWHAH	3	3/169	3/14132	0.310196649182903	14132	0.379582741763289	combined_HrasQ61R	HrasQ61R	combined	Active
Primary cardiomyopathy	C0033141	CURATED	95	TP53,MAPK1,YWHAH	3	3/169	3/14132	0.314603916080185	14132	0.379976158382561	combined_HrasQ61R	HrasQ61R	combined	Active
Reperfusion Injury	C0035126	CURATED	95	THBS1,ID3,CDKN1A	3	3/169	3/14132	0.314603916080185	14132	0.379976158382561	combined_HrasQ61R	HrasQ61R	combined	Active
Mood Disorders	C0525045	CURATED	168	MAP2,NTS,KCTD12,SIRT2	4	4/169	4/14132	0.325778804620045	14132	0.39082315824243	combined_HrasQ61R	HrasQ61R	combined	Active
Acute lymphocytic leukemia	C0023449	CURATED	98	KRAS,TP53,NRAS	3	3/169	3/14132	0.327787164977522	14132	0.39082315824243	combined_HrasQ61R	HrasQ61R	combined	Active
Long QT Syndrome	C0023976	CURATED	100	DSP,DSG2,CACNB2	3	3/169	3/14132	0.336539200121703	14132	0.398702491863929	combined_HrasQ61R	HrasQ61R	combined	Active
Chronic Obstructive Airway Disease	C0024117	CURATED	102	TP53,DSP,CDKN1A	3	3/169	3/14132	0.34525765939034	14132	0.406442561054451	combined_HrasQ61R	HrasQ61R	combined	Active
Renal Cell Carcinoma	C0007134	CURATED	180	PIK3CA,C4A,MAPK1,TP53	4	4/169	4/14132	0.365026713450726	14132	0.427012381772547	combined_HrasQ61R	HrasQ61R	combined	Active
Autism Spectrum Disorders	C1510586	CURATED	572	ALOXE3,THBS1,CACNB2,LZTR1,TAOK2,AFDN,CEP104,SCRIB,MTF1	9	9/169	9/14132	0.37681209051906	14132	0.438044055228408	combined_HrasQ61R	HrasQ61R	combined	Active
Malignant neoplasm of stomach	C0024623	CURATED	111	TP53,PIK3CA,KRAS	3	3/169	3/14132	0.383989703285975	14132	0.443615433609884	combined_HrasQ61R	HrasQ61R	combined	Active
Neoplastic Syndromes, Hereditary	C0027672	CURATED	190	PIK3CA,LZTR1,HRAS,TP53	4	4/169	4/14132	0.397465950268204	14132	0.446275427041701	combined_HrasQ61R	HrasQ61R	combined	Active
Pancreatic Neoplasm	C0030297	CURATED	191	BRAF,THBS1,KRAS,TP53	4	4/169	4/14132	0.400688152236366	14132	0.446275427041701	combined_HrasQ61R	HrasQ61R	combined	Active
malignant neoplasm of head of pancreas	C0153458	CURATED	191	BRAF,TP53,KRAS,THBS1	4	4/169	4/14132	0.400688152236366	14132	0.446275427041701	combined_HrasQ61R	HrasQ61R	combined	Active
Malignant neoplasm of body of pancreas	C0153459	CURATED	191	BRAF,KRAS,TP53,THBS1	4	4/169	4/14132	0.400688152236366	14132	0.446275427041701	combined_HrasQ61R	HrasQ61R	combined	Active
Malignant neoplasm of tail of pancreas	C0153460	CURATED	191	BRAF,THBS1,KRAS,TP53	4	4/169	4/14132	0.400688152236366	14132	0.446275427041701	combined_HrasQ61R	HrasQ61R	combined	Active
Malignant neoplasm of other specified sites of pancreas	C0153463	CURATED	191	THBS1,KRAS,BRAF,TP53	4	4/169	4/14132	0.400688152236366	14132	0.446275427041701	combined_HrasQ61R	HrasQ61R	combined	Active
Neoplasm Invasiveness	C0027626	CURATED	198	FN1,MAPK1,HRAS,MYH9	4	4/169	4/14132	0.423103119084044	14132	0.468435596128763	combined_HrasQ61R	HrasQ61R	combined	Active
Non-specific syndromic intellectual disability	C5568766	CURATED	367	RALGDS,YWHAE,NOVA2,SPTBN1,TAOK1,YWHAZ	6	6/169	6/14132	0.448075931139769	14132	0.493148657940811	combined_HrasQ61R	HrasQ61R	combined	Active
Leukemia, Myelocytic, Acute	C0023467	CURATED	210	TP53,KRAS,ANXA5,NRAS	4	4/169	4/14132	0.46083678373064	14132	0.504209657493524	combined_HrasQ61R	HrasQ61R	combined	Active
Charcot-Marie-Tooth Disease	C0007959	CURATED	133	HSPB8,POLR2F,NEFL	3	3/169	3/14132	0.474040152526062	14132	0.515622622045892	combined_HrasQ61R	HrasQ61R	combined	Active
Major Depressive Disorder	C1269683	CURATED	229	MAP2,PROM1,LSAMP,NEFL	4	4/169	4/14132	0.518294159473249	14132	0.560480893383862	combined_HrasQ61R	HrasQ61R	combined	Active
Unipolar Depression	C0041696	CURATED	231	MAP2,PROM1,LSAMP,NEFL	4	4/169	4/14132	0.524153612709143	14132	0.563540878404049	combined_HrasQ61R	HrasQ61R	combined	Active
Endometriosis	C0014175	CURATED	165	ARHGAP28,VCAN,KRAS	3	3/169	3/14132	0.589850079969258	14132	0.626926370710183	combined_HrasQ61R	HrasQ61R	combined	Active
Mental Retardation	C0025362	CURATED	165	KRAS,EEF1B2,RALGDS	3	3/169	3/14132	0.589850079969258	14132	0.626926370710183	combined_HrasQ61R	HrasQ61R	combined	Active
Autistic Disorder	C0004352	CURATED	433	LAMB3,MTF1,LZTR1,ZNF776,TAOK2,HRAS	6	6/169	6/14132	0.594468980211497	14132	0.628245626814423	combined_HrasQ61R	HrasQ61R	combined	Active
hearing impairment	C1384666	CURATED	187	MYH9,THBS1,POLR2F	3	3/169	3/14132	0.657919129141159	14132	0.691372644182235	combined_HrasQ61R	HrasQ61R	combined	Active
Optic Atrophy	C0029124	CURATED	189	PROM1,KIF11,RP9	3	3/169	3/14132	0.663639939866079	14132	0.693466454017363	combined_HrasQ61R	HrasQ61R	combined	Active
Hypertensive disease	C0020538	CURATED	301	MYH9,TP53,CACNB2,FN1	4	4/169	4/14132	0.701917364512406	14132	0.729366646923506	combined_HrasQ61R	HrasQ61R	combined	Active
Seizures	C0036572	CURATED	308	EEF1B2,YWHAG,PIK3CA,SPTAN1	4	4/169	4/14132	0.716601973593222	14132	0.74048870604633	combined_HrasQ61R	HrasQ61R	combined	Active
Alzheimer's Disease	C0002395	CURATED	211	TPI1,PIK3R1,UCHL1	3	3/169	3/14132	0.721606461841427	14132	0.741540342002792	combined_HrasQ61R	HrasQ61R	combined	Active
Retinitis Pigmentosa	C0035334	CURATED	235	RP9,PROM1,KIF11	3	3/169	3/14132	0.775059010109763	14132	0.792093274068219	combined_HrasQ61R	HrasQ61R	combined	Active
Neurodevelopmental Disorders	C1535926	CURATED	674	KIF11,EEF1B2,EEF1D,SPTBN1,SPTAN1,TAOK1,RALGDS	7	7/169	7/14132	0.82250035886581	14132	0.835983971306233	combined_HrasQ61R	HrasQ61R	combined	Active
Chemical and Drug Induced Liver Injury	C4277682	CURATED	374	POLR2G,RASA1,KRT18,THBS1	4	4/169	4/14132	0.828760699926889	14132	0.837768968404355	combined_HrasQ61R	HrasQ61R	combined	Active
Alcoholic Intoxication, Chronic	C0001973	CURATED	279	PIK3R1,NTS,TP53	3	3/169	3/14132	0.85018577107919	14132	0.85478136984178	combined_HrasQ61R	HrasQ61R	combined	Active
Retinal Dystrophies	C0854723	CURATED	405	PROM1,VCAN,KIF11,RP9	4	4/169	4/14132	0.866863506797725	14132	0.866863506797725	combined_HrasQ61R	HrasQ61R	combined	Active
Acute polyarticular juvenile rheumatoid arthritis	C0157916	CURATED	138	GADD45A,TNIK,ITGB5,PLAUR,HLA-DRB1,JUN,LPP,ASAP1,EGR1,FOS,FOSB,CTTN,HSPA6,AREG,PROS1,SLC2A3,SH2D2A,CAMSAP1,DUSP1,CXCR4	20	20/683	20/14132	3.56164266470531e-05	14132	0.00285821823842601	combined_MEK2DD	MEK2DD	combined	Active
Pauciarticular juvenile rheumatoid arthritis	C0157917	CURATED	138	PLAUR,CAMSAP1,EGR1,TNIK,HLA-DRB1,JUN,CXCR4,GADD45A,DUSP1,CTTN,SLC2A3,FOS,AREG,PROS1,SH2D2A,FOSB,HSPA6,ITGB5,LPP,ASAP1	20	20/683	20/14132	3.56164266470531e-05	14132	0.00285821823842601	combined_MEK2DD	MEK2DD	combined	Active
Monoarticular juvenile rheumatoid arthritis	C0157918	CURATED	138	DUSP1,TNIK,HSPA6,EGR1,ITGB5,JUN,LPP,SH2D2A,CAMSAP1,AREG,PLAUR,CXCR4,FOS,HLA-DRB1,PROS1,SLC2A3,GADD45A,CTTN,FOSB,ASAP1	20	20/683	20/14132	3.56164266470531e-05	14132	0.00285821823842601	combined_MEK2DD	MEK2DD	combined	Active
Juvenile Chronic Polyarthritis	C0409667	CURATED	138	TNIK,PROS1,CAMSAP1,DUSP1,HLA-DRB1,ITGB5,LPP,ASAP1,PLAUR,SH2D2A,EGR1,FOSB,GADD45A,CTTN,HSPA6,JUN,AREG,SLC2A3,CXCR4,FOS	20	20/683	20/14132	3.56164266470531e-05	14132	0.00285821823842601	combined_MEK2DD	MEK2DD	combined	Active
Liver carcinoma	C2239176	CURATED	646	GDF15,IER2,PCLAF,DLGAP5,CSPG4,CPEB3,FOSB,KIF11,RRM2,BRAF,BSG,CLPTM1L,TFPI2,SFN,CENPE,SH3GL1,BUB1,TGFB1,TTK,PHLDA1,FOS,TACC3,IGBP1,CCN1,JUN,SOD1,SPOP,CASP8,CCNA1,CCNB1,SPAG9,KIF14,KIF2C,EGR1,HSPA5,BUB1B,MTRR,ZFP36,CA2,SLC38A1,TAGLN2,ACSL4,TROAP,YAP1,HSPA9,IL1RAP,RNF43,GTSE1,PLK1,CDCA3,ADAMTS1,CDC6,CDC25C	53	53/683	53/14132	0.000203381616635718	14132	0.0130570997880131	combined_MEK2DD	MEK2DD	combined	Active
LEOPARD Syndrome	C0175704	CURATED	9	MAP2K1,RAF1,EPHA2,MAP2K2,BRAF	5	5/683	5/14132	0.00056071999250618	14132	0.0299985195990806	combined_MEK2DD	MEK2DD	combined	Active
Noonan Syndrome	C0028326	CURATED	35	EPHA2,MAP2K2,CBL,RAF1,BRAF,SPRED1,SPRED2,MAP2K1	8	8/683	8/14132	0.00122777089708199	14132	0.0563020654233312	combined_MEK2DD	MEK2DD	combined	Active
Costello syndrome (disorder)	C0587248	CURATED	13	MAP2K1,MAP2K2,RAF1,BRAF,SPRED1	5	5/683	5/14132	0.00272468543746617	14132	0.10932800317833	combined_MEK2DD	MEK2DD	combined	Active
HIV Infections	C0019693	CURATED	127	HSPA9,PSMD13,GADD45A,HLA-B,HSP90AA1,TRIM5,ARAP3,CDKN1A,BAG3,HSPH1,HLA-DRB1,HSP90AB1,FAS,PSMC3,PSMC5	15	15/683	15/14132	0.00329526224908603	14132	0.117531020217402	combined_MEK2DD	MEK2DD	combined	Active
Lung Neoplasms	C0024121	CURATED	269	ANXA2,IGBP1,CDKN1A,EFNB2,EGR1,ATG101,TGFB1,CLPTM1L,CASP8,IER2,MAPK14,GRB7,JUNB,STK11,RASSF1,FOS,CCN1,FAS,JUN,BRAF,TFRC,RAF1,SPRY2,FOSB	24	24/683	24/14132	0.00580316160969567	14132	0.179906957946658	combined_MEK2DD	MEK2DD	combined	Active
Noonan syndrome and Noonan-related syndrome	C5681679	CURATED	25	MAP2K1,BRAF,MAP2K2,SPRED1,RAF1,CBL	6	6/683	6/14132	0.00616503594209731	14132	0.179906957946658	combined_MEK2DD	MEK2DD	combined	Active
Dermatitis, Allergic Contact	C0162820	CURATED	71	ETS2,PHLDA1,NAT1,TAP2,ASRGL1,CASP8,SLC2A3,TMSB10,GRK2,UPP1	10	10/683	10/14132	0.00696540886633457	14132	0.18632468717445	combined_MEK2DD	MEK2DD	combined	Active
Prostatic Neoplasms	C0033578	CURATED	660	HLA-DRB1,HSP90AB1,FAS,CNOT3,PPP3CA,VDAC1,ZFAND5,CXCR4,NAT1,CDC25C,RAF1,TMF1,CCNB1,BCAR1,ETV4,PLAUR,RNF43,MAP3K7,CLPTM1L,GDF15,CD44,EGR1,ANXA1,HSPA1A,PEBP1,MAP2K2,TGFB1,SPOP,RUNX1,AKAP13,SLC31A1,CSRP1,GADD45A,ACSL4,IL6ST,EPCAM,GRB7,LIG4,DCAF6,MAP2K1,PVR,BRAF,ZFP36L2,CCNA1,CDKN1A,RASSF1	46	46/683	46/14132	0.0123366878868449	14132	0.302901244373543	combined_MEK2DD	MEK2DD	combined	Active
Myocardial Ischemia	C0151744	CURATED	338	FURIN,GDF15,PDLIM5,GCH1,HSPA2,MAT2A,SH2B3,TRIB1,PEBP1,JCAD,ZFP36,MAPK14,DUSP1,NPTN,KITLG,ARHGAP31,PROCR,ECE1,F2RL1,ANKS1A,IL6ST,AREG,TFRC,HSPA1A,HSPA9,IFNGR1,JUNB	27	27/683	27/14132	0.0132106461720549	14132	0.302901244373543	combined_MEK2DD	MEK2DD	combined	Active
Noonan Syndrome 1	C4551602	CURATED	21	BRAF,MAP2K1,MAP2K2,RAF1,CBL	5	5/683	5/14132	0.0167802731876807	14132	0.357444295583673	combined_MEK2DD	MEK2DD	combined	Active
Uveitis	C0042164	CURATED	22	HLA-DRB1,HLA-B,HSPA1L,TGFB1,HSPA9	5	5/683	5/14132	0.0197438249109769	14132	0.357444295583673	combined_MEK2DD	MEK2DD	combined	Active
Cholestasis, Extrahepatic	C0005398	CURATED	33	MAP3K7,MAPK14,TIMP1,JUN,TGFB1,FOS	6	6/683	6/14132	0.0200633921382206	14132	0.357444295583673	combined_MEK2DD	MEK2DD	combined	Active
Contact Dermatitis	C0011616	CURATED	71	CD44,PSMD12,SOD1,CASP8,KIF2C,FTH1,DUSP1,HSP90AA1,TNFSF9	9	9/683	9/14132	0.0207929279253598	14132	0.357444295583673	combined_MEK2DD	MEK2DD	combined	Active
Histiocytoid hemangioma	C0205788	CURATED	5	ZFP36L2,FOS,FOSB	3	3/683	3/14132	0.0211571389909339	14132	0.357444295583673	combined_MEK2DD	MEK2DD	combined	Active
Carcinoma	C0007097	CURATED	163	KITLG,MRC2,SGK1,YWHAZ,EPCAM,PEBP1,LSR,PLAUR,ANXA1,IL6ST,FURIN,CORO1A,SPINT2,RCN1,TGFB1	15	15/683	15/14132	0.026550295103135	14132	0.378881709923318	combined_MEK2DD	MEK2DD	combined	Active
Malignant epithelioma	C0553707	CURATED	163	SPINT2,IL6ST,FURIN,LSR,KITLG,PEBP1,PLAUR,TGFB1,MRC2,CORO1A,ANXA1,RCN1,YWHAZ,EPCAM,SGK1	15	15/683	15/14132	0.026550295103135	14132	0.378881709923318	combined_MEK2DD	MEK2DD	combined	Active
Epithelioma	C1368683	CURATED	163	SPINT2,PLAUR,CORO1A,TGFB1,YWHAZ,MRC2,ANXA1,IL6ST,EPCAM,PEBP1,FURIN,KITLG,LSR,RCN1,SGK1	15	15/683	15/14132	0.026550295103135	14132	0.378881709923318	combined_MEK2DD	MEK2DD	combined	Active
Cardio-facio-cutaneous syndrome	C1275081	CURATED	14	BRAF,MAP2K1,MAP2K2,RAF1	4	4/683	4/14132	0.0274501923304738	14132	0.378881709923318	combined_MEK2DD	MEK2DD	combined	Active
Lymphoma, Non-Hodgkin	C0024305	CURATED	36	FAS,HLA-DRB1,BCL10,MTRR,BRAF,TFRC	6	6/683	6/14132	0.0283276044802481	14132	0.378881709923318	combined_MEK2DD	MEK2DD	combined	Active
Glioma	C0017638	CURATED	109	PLK1,SH3GL1,BRAF,TFRC,SOD1,MAP2K1,RAF1,CCN1,LIG4,FTH1,CDKN1A	11	11/683	11/14132	0.0379660930956948	14132	0.487484635348721	combined_MEK2DD	MEK2DD	combined	Active
Reperfusion Injury	C0035126	CURATED	95	HSPA1A,HSPA8,FOS,JUN,SOD1,IL6ST,CDKN1A,EFNB2,EGR1,CASP8	10	10/683	10/14132	0.0399558212414898	14132	0.493300716096855	combined_MEK2DD	MEK2DD	combined	Active
Familial or idiopathic dilated cardiomyopathy	C5679590	CURATED	53	MYPN,DSP,BAG3,FHL2,BAG5,RAF1,VCL	7	7/683	7/14132	0.0416874611238354	14132	0.495617593361154	combined_MEK2DD	MEK2DD	combined	Active
Malignant Glioma	C0555198	CURATED	112	FTH1,LIG4,RAF1,SOD1,CDKN1A,BRAF,TFRC,MAP2K1,CCN1,PLK1,SH3GL1	11	11/683	11/14132	0.0444105869599003	14132	0.501035810794314	combined_MEK2DD	MEK2DD	combined	Active
Colon Carcinoma	C0699790	CURATED	68	BRAF,BCL10,BUB1B,EPCAM,PTPN12,STK11,BUB1,EFNB2	8	8/683	8/14132	0.0452951312508976	14132	0.501035810794314	combined_MEK2DD	MEK2DD	combined	Active
Colorectal Neoplasms	C0009404	CURATED	363	SH2B3,ABCB6,YAP1,STRAP,LIG4,PAIP2,RNF43,PTPN12,RRM2,STK33,BUB1B,TGFB1,ZYX,SPOP,ABCB11,BUB1,ZFP36L2,CASP8,TFRC,IER2,IL6ST,MTRR,STIP1,SLC19A1,BRAF,TFPI2	26	26/683	26/14132	0.0477348869878548	14132	0.501035810794314	combined_MEK2DD	MEK2DD	combined	Active
Leukemia, Myelocytic, Acute	C0023467	CURATED	210	RAC2,FAS,SPRY4,CXCR4,ITGAV,LPP,PVR,TFPI2,CBL,RUNX1,MTRR,FHL2,ANXA2,SGK1,SH3GL1,SVIL,CD44	17	17/683	17/14132	0.0483866359334073	14132	0.501035810794314	combined_MEK2DD	MEK2DD	combined	Active
Cholangitis	C0008311	CURATED	8	CA2,EGR1,TIMP1	3	3/683	3/14132	0.0537999505209223	14132	0.52332679143079	combined_MEK2DD	MEK2DD	combined	Active
Familial generalized lipodystrophy	C0221032	CURATED	8	AGPAT2,FOS,CAVIN1	3	3/683	3/14132	0.0537999505209223	14132	0.52332679143079	combined_MEK2DD	MEK2DD	combined	Active
Inflammation	C0021368	CURATED	134	TIMP1,TAC1,SH2B3,PROCR,SOD1,TGFB1,ZFP36,F2R,F2RL1,EGR1,TFRC,PLAUR	12	12/683	12/14132	0.0598438224365043	14132	0.564996088297585	combined_MEK2DD	MEK2DD	combined	Active
RASopathy	C5555857	CURATED	32	MAP2K1,BRAF,MAP2K2,RAF1,CBL	5	5/683	5/14132	0.0666316098889384	14132	0.566010947667085	combined_MEK2DD	MEK2DD	combined	Active
Intrahepatic Cholestasis	C0008372	CURATED	9	EGR1,ABCB11,TJP2	3	3/683	3/14132	0.0670044112503092	14132	0.566010947667085	combined_MEK2DD	MEK2DD	combined	Active
Human papilloma virus infection	C0343641	CURATED	9	CASP8,HLA-DRB1,CCNA1	3	3/683	3/14132	0.0670044112503092	14132	0.566010947667085	combined_MEK2DD	MEK2DD	combined	Active
Disease due to Papilloma virus	C0950124	CURATED	9	CASP8,CCNA1,HLA-DRB1	3	3/683	3/14132	0.0670044112503092	14132	0.566010947667085	combined_MEK2DD	MEK2DD	combined	Active
Pancreatic Neoplasm	C0030297	CURATED	191	BCAR1,ANXA1,LIG4,EPCAM,MTRR,RRM2,BRAF,STK11,BSG,NAT1,TFPI2,CD44,GADD45A,TGFB1,CASP8	15	15/683	15/14132	0.0795064508171428	14132	0.578821009841065	combined_MEK2DD	MEK2DD	combined	Active
malignant neoplasm of head of pancreas	C0153458	CURATED	191	GADD45A,LIG4,BRAF,BSG,TGFB1,TFPI2,CASP8,ANXA1,BCAR1,EPCAM,MTRR,CD44,RRM2,STK11,NAT1	15	15/683	15/14132	0.0795064508171428	14132	0.578821009841065	combined_MEK2DD	MEK2DD	combined	Active
Malignant neoplasm of body of pancreas	C0153459	CURATED	191	MTRR,BRAF,TFPI2,BCAR1,LIG4,STK11,BSG,NAT1,CD44,GADD45A,ANXA1,EPCAM,TGFB1,CASP8,RRM2	15	15/683	15/14132	0.0795064508171428	14132	0.578821009841065	combined_MEK2DD	MEK2DD	combined	Active
Malignant neoplasm of tail of pancreas	C0153460	CURATED	191	TGFB1,NAT1,CD44,TFPI2,BCAR1,GADD45A,MTRR,BRAF,CASP8,ANXA1,EPCAM,RRM2,LIG4,STK11,BSG	15	15/683	15/14132	0.0795064508171428	14132	0.578821009841065	combined_MEK2DD	MEK2DD	combined	Active
Malignant neoplasm of other specified sites of pancreas	C0153463	CURATED	191	RRM2,LIG4,BRAF,CASP8,CD44,MTRR,STK11,NAT1,GADD45A,ANXA1,EPCAM,BSG,TGFB1,TFPI2,BCAR1	15	15/683	15/14132	0.0795064508171428	14132	0.578821009841065	combined_MEK2DD	MEK2DD	combined	Active
Hydronephrosis	C0020295	CURATED	10	FLNA,C12orf57,EGR1	3	3/683	3/14132	0.0811431322207101	14132	0.578821009841065	combined_MEK2DD	MEK2DD	combined	Active
SPINOCEREBELLAR ATAXIA 17	C1846707	CURATED	10	HSPA5,HYOU1,HSPA8	3	3/683	3/14132	0.0811431322207101	14132	0.578821009841065	combined_MEK2DD	MEK2DD	combined	Active
Squamous cell carcinoma of esophagus	C0279626	CURATED	127	CDKN1A,HSPA5,ZCCHC12,EFNB2,SFN,TAGLN,CA2,RUNX1,CLPTM1L,BUB1B,ANXA1	11	11/683	11/14132	0.0875742367722842	14132	0.61111586965007	combined_MEK2DD	MEK2DD	combined	Active
Squamous cell carcinoma of the head and neck	C1168401	CURATED	65	YAP1,IL1RAP,JUNB,CCNB1,CASP8,TNFRSF10B,CCNA1	7	7/683	7/14132	0.0932567078626913	14132	0.616931566630917	combined_MEK2DD	MEK2DD	combined	Active
Retinopathy of Prematurity	C0035344	CURATED	11	HLA-B,HLA-DRB1,SOD1	3	3/683	3/14132	0.0960952595998313	14132	0.616931566630917	combined_MEK2DD	MEK2DD	combined	Active
Embryonal Rhabdomyosarcoma	C0206656	CURATED	11	BUB1B,STK11,YAP1	3	3/683	3/14132	0.0960952595998313	14132	0.616931566630917	combined_MEK2DD	MEK2DD	combined	Active
Embryo Loss	C0752351	CURATED	11	CDKN1A,GRK2,SLC31A1	3	3/683	3/14132	0.0960952595998313	14132	0.616931566630917	combined_MEK2DD	MEK2DD	combined	Active
Neoplasm Invasiveness	C0027626	CURATED	198	S100A11,TGFB1,ADAMTS1,BCAR1,ZFP36,CXCR4,YAP1,ANXA1,PLAUR,RAB27A,TIMP1,FTH1,BSG,TP53BP2,ANXA2	15	15/683	15/14132	0.0992834273469575	14132	0.624901572124968	combined_MEK2DD	MEK2DD	combined	Active
Primary Biliary Cholangitis	C0008312	CURATED	52	CA2,TGFB1,CLEC16A,TJP2,DENND1B,MAPK14	6	6/683	6/14132	0.105189811922428	14132	0.649344800521141	combined_MEK2DD	MEK2DD	combined	Active
nervous system disorder	C0027765	CURATED	53	ARFGAP1,SLC19A1,MTRR,SOD1,TOMM70,FOS	6	6/683	6/14132	0.111804640130615	14132	0.677156405319383	combined_MEK2DD	MEK2DD	combined	Active
Pruritus	C0033774	CURATED	13	F2RL1,TAC1,ABCB11	3	3/683	3/14132	0.128003037209247	14132	0.750524263480595	combined_MEK2DD	MEK2DD	combined	Active
Juvenile Myelomonocytic Leukemia	C0349639	CURATED	26	RUNX1,SH2B3,RAC2,CBL	4	4/683	4/14132	0.128594499973311	14132	0.750524263480595	combined_MEK2DD	MEK2DD	combined	Active
Abnormality of the brain	C4021085	CURATED	88	DHCR7,SNAPIN,CPLX1,PLEKHG2,ITGA7,SVIL,TTC1,USP11	8	8/683	8/14132	0.132897705582159	14132	0.76178863378345	combined_MEK2DD	MEK2DD	combined	Active
Ductal Carcinoma	C1176475	CURATED	14	BCAR1,CD44,SPOP	3	3/683	3/14132	0.144761844689043	14132	0.81523775693303	combined_MEK2DD	MEK2DD	combined	Active
Hepatolenticular Degeneration	C0019202	CURATED	28	ALG11,ANKS1B,PPP3CA,TIMP1	4	4/683	4/14132	0.151252770280046	14132	0.825118909096587	combined_MEK2DD	MEK2DD	combined	Active
Adenocarcinoma of lung (disorder)	C0152013	CURATED	286	IRAK2,RNF43,CLPTM1L,SLK,MAPK14,MAP2K1,SLC19A1,STK11,ACSL4,SFN,KSR2,JUNB,ANXA1,RAF1,RRM2,BRAF,SPOP,PPP3CA,TIMM10	19	19/683	19/14132	0.152683302472105	14132	0.825118909096587	combined_MEK2DD	MEK2DD	combined	Active
Behcet Syndrome	C0004943	CURATED	59	FAS,HLA-B,HLA-DRB1,DHCR7,IFNGR1,TGFB1	6	6/683	6/14132	0.155418136860784	14132	0.825118909096587	combined_MEK2DD	MEK2DD	combined	Active
Non-Small Cell Adenocarcinoma	C1335060	CURATED	197	SPOP,STK11,ANXA1,RRM2,CLPTM1L,RNF43,SLC19A1,TIMM10,SFN,MAP2K1,BRAF,ACSL4,JUNB,PPP3CA	14	14/683	14/14132	0.158574700275147	14132	0.825118909096587	combined_MEK2DD	MEK2DD	combined	Active
Dyskinesia, Drug-Induced	C0013386	CURATED	15	FOSB,GCH1,HOMER1	3	3/683	3/14132	0.161939225149797	14132	0.825118909096587	combined_MEK2DD	MEK2DD	combined	Active
Neoplasms, Germ Cell and Embryonal	C0027658	CURATED	15	KITLG,BUB1B,SLC2A3	3	3/683	3/14132	0.161939225149797	14132	0.825118909096587	combined_MEK2DD	MEK2DD	combined	Active
Left Ventricular Hypertrophy	C0149721	CURATED	45	PPP3CA,MYPN,STK11,GDF15,DSP	5	5/683	5/14132	0.171374830701914	14132	0.846328010081761	combined_MEK2DD	MEK2DD	combined	Active
Familial dilated cardiomyopathy	C0340427	CURATED	45	MYPN,TAX1BP3,DSP,VCL,BAG3	5	5/683	5/14132	0.171374830701914	14132	0.846328010081761	combined_MEK2DD	MEK2DD	combined	Active
Rheumatoid Arthritis	C0003873	CURATED	222	TFPI2,CLEC16A,PLAUR,CA2,HLA-DRB1,FAS,IL6ST,TAP2,GRK2,SPRED2,MGARP,FKBP5,CCN1,RUNX1,CXCR4	15	15/683	15/14132	0.187655406589528	14132	0.895696012530352	combined_MEK2DD	MEK2DD	combined	Active
Squamous cell carcinoma	C0007137	CURATED	150	HSPA8,TGFB1,SFN,ANXA1,KNSTRN,STK11,ANXA2,EGR1,FAS,AREG,CTTN	11	11/683	11/14132	0.189867745364025	14132	0.895696012530352	combined_MEK2DD	MEK2DD	combined	Active
Hemophilia A	C0019069	CURATED	17	LMAN1,TGFB1,FUNDC2	3	3/683	3/14132	0.197238637286628	14132	0.895696012530352	combined_MEK2DD	MEK2DD	combined	Active
Adenocarcinoma of pancreas (disorder)	C0281361	CURATED	17	MAP2K1,RAF1,CXCR4	3	3/683	3/14132	0.197238637286628	14132	0.895696012530352	combined_MEK2DD	MEK2DD	combined	Active
Bladder Neoplasm	C0005695	CURATED	206	SLC19A1,SOD1,NAT1,HSPA1A,PLK1,RAB27A,TACC3,FAS,ASAP1,TFRC,CLPTM1L,CDKN1A,RASSF1,POR	14	14/683	14/14132	0.198012495530264	14132	0.895696012530352	combined_MEK2DD	MEK2DD	combined	Active
Tuberculoma	C0041295	CURATED	32	IFNGR1,HLA-B,CORO1A,HLA-DRB1	4	4/683	4/14132	0.199818601833182	14132	0.895696012530352	combined_MEK2DD	MEK2DD	combined	Active
Left ventricular noncompaction cardiomyopathy	C4021133	CURATED	48	FHL2,CBL,DSP,RAF1,MYPN	5	5/683	5/14132	0.200903778511481	14132	0.895696012530352	combined_MEK2DD	MEK2DD	combined	Active
Biliary cirrhosis	C0023892	CURATED	49	DENND1B,MAPK14,CLEC16A,TGFB1,CA2	5	5/683	5/14132	0.211067569649458	14132	0.915093731744922	combined_MEK2DD	MEK2DD	combined	Active
Aortic Aneurysm, Abdominal	C0162871	CURATED	33	ITGAV,HLA-DRB1,MTRR,SLC19A1	4	4/683	4/14132	0.212494980782769	14132	0.915093731744922	combined_MEK2DD	MEK2DD	combined	Active
Giant Cell Arteritis	C0039483	CURATED	18	MFGE8,HLA-B,HLA-DRB1	3	3/683	3/14132	0.215221378051662	14132	0.915093731744922	combined_MEK2DD	MEK2DD	combined	Active
Polycystic Ovary Syndrome	C0032460	CURATED	138	ABCB6,RRM2,TNRC6B,ERRFI1,CCNB1,IQCC,TFRC,TMF1,TTK,CDC6	10	10/683	10/14132	0.223973726768147	14132	0.915093731744922	combined_MEK2DD	MEK2DD	combined	Active
Autosomal Recessive Primary Microcephaly	C3711387	CURATED	34	CENPE,ANGPT2,KIF14,SASS6	4	4/683	4/14132	0.225338359885631	14132	0.915093731744922	combined_MEK2DD	MEK2DD	combined	Active
melanoma	C0025202	CURATED	250	TFPI2,FAS,SLC35G2,CASP8,GDF15,MAP2K2,F2RL1,HSPA1A,JUNB,GOPC,BRAF,STK11,BSG,RAC2,MAP2K1,STIP1	16	16/683	16/14132	0.229436799244328	14132	0.915093731744922	combined_MEK2DD	MEK2DD	combined	Active
Adenocarcinoma	C0001418	CURATED	121	GRB7,CASP8,CA2,STRAP,RASSF1,HSPA8,TGFB1,NAT1,STK11	9	9/683	9/14132	0.230765715754748	14132	0.915093731744922	combined_MEK2DD	MEK2DD	combined	Active
Ankylosing spondylitis and other inflammatory spondylopathies	C0003089	CURATED	51	HSPA9,EGR1,HLA-DRB1,FAS,TIMP1	5	5/683	5/14132	0.231806031935482	14132	0.915093731744922	combined_MEK2DD	MEK2DD	combined	Active
Keloid	C0022548	CURATED	35	FTH1,SFN,MYL6B,TAGLN	4	4/683	4/14132	0.238326247501061	14132	0.915093731744922	combined_MEK2DD	MEK2DD	combined	Active
Mouth Neoplasms	C0026640	CURATED	52	SFN,CLPTM1L,ANXA1,ANXA2,HSPA8	5	5/683	5/14132	0.242357383603236	14132	0.915093731744922	combined_MEK2DD	MEK2DD	combined	Active
Lupus Erythematosus, Systemic	C0024141	CURATED	124	CLEC16A,FAS,HLA-DRB1,HSPA1A,TAP2,CA2,SH2B3,SLC15A4,HSPA1L	9	9/683	9/14132	0.250893620844562	14132	0.915093731744922	combined_MEK2DD	MEK2DD	combined	Active
Malignant Squamous Cell Neoplasm	C0751688	CURATED	124	HSPA8,AREG,CTTN,TGFB1,KNSTRN,SFN,STK11,ANXA1,ANXA2	9	9/683	9/14132	0.250893620844562	14132	0.915093731744922	combined_MEK2DD	MEK2DD	combined	Active
Drug Allergy	C0013182	CURATED	36	TAC1,HLA-DRB1,HSPA1L,HSPA1A	4	4/683	4/14132	0.251436810644236	14132	0.915093731744922	combined_MEK2DD	MEK2DD	combined	Active
Malignant neoplasm of lung	C0242379	CURATED	36	SLC19A1,STK11,BRAF,CASP8	4	4/683	4/14132	0.251436810644236	14132	0.915093731744922	combined_MEK2DD	MEK2DD	combined	Active
Sex Differentiation Disorders	C2930619	CURATED	36	MAMLD1,POR,FLNA,SPRY4	4	4/683	4/14132	0.251436810644236	14132	0.915093731744922	combined_MEK2DD	MEK2DD	combined	Active
Sudden death, cause unknown	C0520806	CURATED	20	MYPN,DSP,VCL	3	3/683	3/14132	0.251548813313586	14132	0.915093731744922	combined_MEK2DD	MEK2DD	combined	Active
Renal Cell Carcinoma	C0007134	CURATED	180	BSG,TAGLN2,RASSF1,AKAP13,GRB7,PEBP1,MAP2K1,LMAN2L,TGFB1,HLA-DRB1,HSPA9,FAS	12	12/683	12/14132	0.254276098902216	14132	0.915093731744922	combined_MEK2DD	MEK2DD	combined	Active
Malignant neoplasm of urinary bladder	C0005684	CURATED	218	ASAP1,PLK1,CDKN1A,TACC3,SLC19A1,TFRC,CLPTM1L,FAS,RASSF1,SOD1,HSPA1A,POR,NAT1,RAB27A	14	14/683	14/14132	0.256684724013101	14132	0.915093731744922	combined_MEK2DD	MEK2DD	combined	Active
Uterine Cervical Neoplasm	C0007873	CURATED	54	RASSF1,CLPTM1L,HLA-B,TAP2,CASP8	5	5/683	5/14132	0.263766738358755	14132	0.915093731744922	combined_MEK2DD	MEK2DD	combined	Active
Lymphoma, Follicular	C0024301	CURATED	21	ATP6AP1,HLA-DRB1,BCL10	3	3/683	3/14132	0.269787811598134	14132	0.915093731744922	combined_MEK2DD	MEK2DD	combined	Active
Sarcoidosis	C0036202	CURATED	21	HLA-B,HLA-DRB1,TGFB1	3	3/683	3/14132	0.269787811598134	14132	0.915093731744922	combined_MEK2DD	MEK2DD	combined	Active
Liver Cirrhosis	C0023890	CURATED	164	SPAG9,LAMC2,TGFB1,KRT18,DHCR7,HLA-DRB1,SHC1,TAGLN2,ABCB11,F2R,TUG1	11	11/683	11/14132	0.270096439363367	14132	0.915093731744922	combined_MEK2DD	MEK2DD	combined	Active
Multiple Sclerosis	C0026769	CURATED	127	TAP2,CD44,CLEC16A,HSP90AB1,FAS,NEDD9,SH2D2A,CDK17,HLA-DRB1	9	9/683	9/14132	0.271555249875109	14132	0.915093731744922	combined_MEK2DD	MEK2DD	combined	Active
Cardiomyopathies	C0878544	CURATED	223	GRK2,BAG5,FHL2,TAB2,TRIB3,VCL,YWHAH,BAG3,DPM3,SGCB,MAPK14,DSP,FAS,MYPN	14	14/683	14/14132	0.282823307528169	14132	0.915093731744922	combined_MEK2DD	MEK2DD	combined	Active
Congenital Heart Defects	C0018798	CURATED	92	NFATC1,UFD1,TAB2,ECE1,FLNA,SLC29A3,MKKS	7	7/683	7/14132	0.285198602314173	14132	0.915093731744922	combined_MEK2DD	MEK2DD	combined	Active
Carcinoma, Transitional Cell	C0007138	CURATED	56	RASSF1,CD44,TACC3,SFN,CDKN1A	5	5/683	5/14132	0.285509804213645	14132	0.915093731744922	combined_MEK2DD	MEK2DD	combined	Active
Transitional Cell Neoplasm	C0334265	CURATED	56	CD44,RASSF1,SFN,CDKN1A,TACC3	5	5/683	5/14132	0.285509804213645	14132	0.915093731744922	combined_MEK2DD	MEK2DD	combined	Active
AMYOTROPHIC LATERAL SCLEROSIS 1	C1862939	CURATED	56	GDI1,BSG,FOS,SHC1,SOD1	5	5/683	5/14132	0.285509804213645	14132	0.915093731744922	combined_MEK2DD	MEK2DD	combined	Active
Arteriovenous Malformations, Cerebral	C0917804	CURATED	22	BRAF,SYN3,ZFYVE16	3	3/683	3/14132	0.28801453077534	14132	0.915093731744922	combined_MEK2DD	MEK2DD	combined	Active
Vitiligo	C0042900	CURATED	39	CD44,SH2B3,HLA-DRB1,HSPA1A	4	4/683	4/14132	0.291296946302821	14132	0.915093731744922	combined_MEK2DD	MEK2DD	combined	Active
Heart Diseases	C0018799	CURATED	57	KCNA5,RAC2,MTRR,ATP5ME,TIMP1	5	5/683	5/14132	0.296478966048199	14132	0.915093731744922	combined_MEK2DD	MEK2DD	combined	Active
Hepatoblastoma	C0206624	CURATED	57	STK11,FAS,SH2B3,DHCR7,FLNA	5	5/683	5/14132	0.296478966048199	14132	0.915093731744922	combined_MEK2DD	MEK2DD	combined	Active
Recurrent major depressive episodes	C0154409	CURATED	40	FKBP5,HSPA1A,TAC1,HSPA1L	4	4/683	4/14132	0.304694387254499	14132	0.918562833596402	combined_MEK2DD	MEK2DD	combined	Active
Mitral Valve Prolapse Syndrome	C0026267	CURATED	23	FLNA,HLA-B,MAP2K2	3	3/683	3/14132	0.306187611198801	14132	0.918562833596402	combined_MEK2DD	MEK2DD	combined	Active
Severe Acute Respiratory Syndrome	C1175175	CURATED	23	HLA-B,PI4KB,HLA-DRB1	3	3/683	3/14132	0.306187611198801	14132	0.918562833596402	combined_MEK2DD	MEK2DD	combined	Active
Proteinuria	C0033687	CURATED	60	FAS,HLA-DRB1,SOD1,TGFB1,PAK2	5	5/683	5/14132	0.329650091104249	14132	0.970804396738201	combined_MEK2DD	MEK2DD	combined	Active
Congenital Disorders of Glycosylation	C0282577	CURATED	60	ALG6,ALG10,ALG8,ALG1,ALG11	5	5/683	5/14132	0.329650091104249	14132	0.970804396738201	combined_MEK2DD	MEK2DD	combined	Active
Rhabdomyosarcoma	C0035412	CURATED	25	BUB1B,CBL,TIMM10	3	3/683	3/14132	0.342227203219455	14132	0.980249314590909	combined_MEK2DD	MEK2DD	combined	Active
Uranostaphyloschisis	C2981150	CURATED	25	INPP1,FLNA,ARHGAP29	3	3/683	3/14132	0.342227203219455	14132	0.980249314590909	combined_MEK2DD	MEK2DD	combined	Active
IGA Glomerulonephritis	C0017661	CURATED	62	TIMP1,CD44,SPRY2,TGFB1,CORO1C	5	5/683	5/14132	0.351883138082258	14132	0.980249314590909	combined_MEK2DD	MEK2DD	combined	Active
Meniere Disease	C0025281	CURATED	62	HLA-B,HLA-DRB1,HSPA1A,EPHA2,CLEC16A	5	5/683	5/14132	0.351883138082258	14132	0.980249314590909	combined_MEK2DD	MEK2DD	combined	Active
Non-Small Cell Lung Carcinoma	C0007131	CURATED	276	LAMC2,PHLDA2,MAP2K1,RASSF1,NAT1,PXN,BRAF,RAF1,RHEB,CBL,CCNB1,ADAMTS1,AREG,CLPTM1L,CASP8,CORO1C	16	16/683	16/14132	0.357381451852058	14132	0.980249314590909	combined_MEK2DD	MEK2DD	combined	Active
Philadelphia chromosome positive chronic myelogenous leukemia	C0279543	CURATED	44	HSPA5,RUNX1,MAPK14,FAS	4	4/683	4/14132	0.358361970364304	14132	0.980249314590909	combined_MEK2DD	MEK2DD	combined	Active
Major depression, single episode (disorder)	C0024517	CURATED	45	TAC1,FKBP5,HSPA1A,HSPA1L	4	4/683	4/14132	0.371718194625903	14132	0.980249314590909	combined_MEK2DD	MEK2DD	combined	Active
Epithelial ovarian cancer	C0677886	CURATED	45	RAF1,FOS,PPP3CA,STK11	4	4/683	4/14132	0.371718194625903	14132	0.980249314590909	combined_MEK2DD	MEK2DD	combined	Active
Basal Cell Neoplasm	C0206710	CURATED	141	SH3BP4,FSCN1,JUN,SYNJ1,LMAN1,CLPTM1L,CSPG4,PROCR,MARCKSL1	9	9/683	9/14132	0.372771558287867	14132	0.980249314590909	combined_MEK2DD	MEK2DD	combined	Active
Malignant basal cell tumor	C1368295	CURATED	141	CSPG4,JUN,MARCKSL1,CLPTM1L,SYNJ1,PROCR,SH3BP4,LMAN1,FSCN1	9	9/683	9/14132	0.372771558287867	14132	0.980249314590909	combined_MEK2DD	MEK2DD	combined	Active
Gilles de la Tourette syndrome	C0040517	CURATED	83	SPRY2,BAIAP2,KLHL9,GOPC,CPEB3,TP53BP2	6	6/683	6/14132	0.373382424549997	14132	0.980249314590909	combined_MEK2DD	MEK2DD	combined	Active
Coronary heart disease	C0010068	CURATED	182	PROCR,MACO1,ARHGAP31,JCAD,GDF15,ANKS1A,MAT2A,SH2B3,ECE1,TRIB1,FURIN	11	11/683	11/14132	0.384820792155925	14132	0.980249314590909	combined_MEK2DD	MEK2DD	combined	Active
Diabetic Nephropathy	C0011881	CURATED	46	CDKN1A,TGFB1,TNFAIP1,VDAC1	4	4/683	4/14132	0.385020927048484	14132	0.980249314590909	combined_MEK2DD	MEK2DD	combined	Active
Tuberculosis, Pulmonary	C0041327	CURATED	46	HLA-DRB1,JUN,ASAP1,TAP2	4	4/683	4/14132	0.385020927048484	14132	0.980249314590909	combined_MEK2DD	MEK2DD	combined	Active
Motor Neuron Disease	C0085084	CURATED	65	SOD1,SHC1,FOS,GDI1,BSG	5	5/683	5/14132	0.385222185523376	14132	0.980249314590909	combined_MEK2DD	MEK2DD	combined	Active
Diabetic Neuropathies	C0011882	CURATED	28	TGFB1,USP15,SGK1	3	3/683	3/14132	0.395066158009787	14132	0.980249314590909	combined_MEK2DD	MEK2DD	combined	Active
Myocarditis	C0027059	CURATED	28	DSP,TNFSF9,BAG3	3	3/683	3/14132	0.395066158009787	14132	0.980249314590909	combined_MEK2DD	MEK2DD	combined	Active
Ankylosing spondylitis	C0038013	CURATED	28	TAP2,HLA-B,HLA-DRB1	3	3/683	3/14132	0.395066158009787	14132	0.980249314590909	combined_MEK2DD	MEK2DD	combined	Active
Respiratory allergy	C3825727	CURATED	28	F2RL1,UPP1,HSPA5	3	3/683	3/14132	0.395066158009787	14132	0.980249314590909	combined_MEK2DD	MEK2DD	combined	Active
Endometriosis	C0014175	CURATED	165	FKBP5,AREG,DUSP1,HLA-DRB1,ERRFI1,TOB1,SLC20A1,IFNGR1,TAGLN,FOS	10	10/683	10/14132	0.403705198181119	14132	0.980249314590909	combined_MEK2DD	MEK2DD	combined	Active
Epilepsy	C0014544	CURATED	165	PLEKHG2,SYN1,SRPX2,VDAC1,FLNA,FOS,FOSB,WDR45,SV2A,TGFB1	10	10/683	10/14132	0.403705198181119	14132	0.980249314590909	combined_MEK2DD	MEK2DD	combined	Active
Hirschsprung Disease	C0019569	CURATED	67	SNF8,POR,ECE1,VCL,YWHAE	5	5/683	5/14132	0.407339664732615	14132	0.980249314590909	combined_MEK2DD	MEK2DD	combined	Active
Squamous cell carcinoma of lung	C0149782	CURATED	67	CLPTM1L,MAP2K1,MAST4,PLK1,STK11	5	5/683	5/14132	0.407339664732615	14132	0.980249314590909	combined_MEK2DD	MEK2DD	combined	Active
Liver neoplasms	C0023903	CURATED	146	CDKN1A,EFNB2,FOSB,ANXA2,JUN,RAF1,BRAF,MAPK14,KRT18	9	9/683	9/14132	0.409841877686234	14132	0.980249314590909	combined_MEK2DD	MEK2DD	combined	Active
Non-specific syndromic intellectual disability	C5568766	CURATED	367	POFUT1,RAB1A,SRPRA,CSDE1,TMEM147,TNRC6B,CNOT3,PSMD11,PSMD12,LMAN2L,TUBA3E,PSMC3,RHEB,SLC1A4,YWHAE,WSB2,ANKS1B,SNF8,YWHAZ,LMBRD2	20	20/683	20/14132	0.412131378186343	14132	0.980249314590909	combined_MEK2DD	MEK2DD	combined	Active
Lymphatic Metastasis	C0024232	CURATED	29	BRAF,ANXA1,SFN	3	3/683	3/14132	0.412254384641037	14132	0.980249314590909	combined_MEK2DD	MEK2DD	combined	Active
Malignant neoplasm of pancreatic duct	C0153461	CURATED	49	MAP3K7,HSPA1A,KITLG,STK11	4	4/683	4/14132	0.424479889478696	14132	0.99116684068461	combined_MEK2DD	MEK2DD	combined	Active
Carcinoma, Pancreatic Ductal	C0887833	CURATED	49	KITLG,HSPA1A,STK11,MAP3K7	4	4/683	4/14132	0.424479889478696	14132	0.99116684068461	combined_MEK2DD	MEK2DD	combined	Active
Malignant tumor of cervix	C0007847	CURATED	30	RASSF1,HLA-B,TAP2	3	3/683	3/14132	0.429196856246607	14132	0.99116684068461	combined_MEK2DD	MEK2DD	combined	Active
Congenital anomaly of cartilage (disorder)	C0008449	CURATED	30	FLNA,TGFB1,DYM	3	3/683	3/14132	0.429196856246607	14132	0.99116684068461	combined_MEK2DD	MEK2DD	combined	Active
Hydrops Fetalis, Non-Immune	C0455988	CURATED	50	ANGPT2,FOXC2,DHCR24,THSD1	4	4/683	4/14132	0.437444208867871	14132	0.99393452256004	combined_MEK2DD	MEK2DD	combined	Active
Craniofacial Abnormalities	C0376634	CURATED	150	SEC61A1,SPRY2,RDH10,ECE1,ETS2,FAM83H,FOXC2,ANXA1,UFD1	9	9/683	9/14132	0.43947025686145	14132	0.99393452256004	combined_MEK2DD	MEK2DD	combined	Active
Brain Ischemia	C0007786	CURATED	70	ANXA1,JUN,MAP2K1,SOD1,EGR1	5	5/683	5/14132	0.440194651513989	14132	0.99393452256004	combined_MEK2DD	MEK2DD	combined	Active
Osteochondrodysplasias	C0029422	CURATED	31	TGFB1,DYM,FLNA	3	3/683	3/14132	0.445877168998896	14132	0.99393452256004	combined_MEK2DD	MEK2DD	combined	Active
Squamous cell carcinoma of mouth	C0585362	CURATED	31	CDKN1A,CLPTM1L,TNFRSF10B	3	3/683	3/14132	0.445877168998896	14132	0.99393452256004	combined_MEK2DD	MEK2DD	combined	Active
Cerebral Infarction	C0007785	CURATED	51	HLA-B,HLA-DRB1,PROS1,GCH1	4	4/683	4/14132	0.450296594926145	14132	0.996863496353742	combined_MEK2DD	MEK2DD	combined	Active
Malignant neoplasm of large intestine	C0346629	CURATED	173	LIG4,RNF43,BUB1B,SH2B3,BRAF,IER2,BUB1,PTPN12,STK33,SPOP	10	10/683	10/14132	0.459222533441966	14132	0.999994502755623	combined_MEK2DD	MEK2DD	combined	Active
Parkinson Disease	C0030567	CURATED	153	HSPA1A,SNCB,SYNJ1,SOD1,HSPA9,MTRR,BAG5,HLA-DRB1,HSPA8	9	9/683	9/14132	0.461569370650614	14132	0.999994502755623	combined_MEK2DD	MEK2DD	combined	Active
Chronic ischemic heart disease	C0264694	CURATED	174	ECE1,ANKS1A,JCAD,SH2B3,TRIB1,MAT2A,FURIN,ARHGAP31,PROCR,GDF15	10	10/683	10/14132	0.46611660060636	14132	0.999994502755623	combined_MEK2DD	MEK2DD	combined	Active
Coronary Arteriosclerosis	C0010054	CURATED	175	ECE1,GDF15,ARHGAP31,JCAD,ANKS1A,MAT2A,SH2B3,TRIB1,PROCR,FURIN	10	10/683	10/14132	0.472993969869422	14132	0.999994502755623	combined_MEK2DD	MEK2DD	combined	Active
Bipolar Disorder	C0005586	CURATED	483	CPLX1,CSRP1,FKBP5,INPP1,TGFB1,SYN3,HLA-DRB1,HSPA5,MFGE8,ZCCHC2,YWHAZ,LMAN2L,CASP8,KCTD12,GCH1,DBNL,HSPA4,PLEKHO1,TAC1,VGF,YWHAE,YWHAH,PDLIM5,PRKCI,TMSB10	25	25/683	25/14132	0.474415166092362	14132	0.999994502755623	combined_MEK2DD	MEK2DD	combined	Active
Gastric Adenocarcinoma	C0278701	CURATED	53	CD44,MAPK14,RNF43,EPHA2	4	4/683	4/14132	0.475628336045794	14132	0.999994502755623	combined_MEK2DD	MEK2DD	combined	Active
Myocardial Diseases, Secondary	C0036529	CURATED	94	GRK2,TAB2,FAS,SGCB,MAPK14,YWHAH	6	6/683	6/14132	0.478897148412249	14132	0.999994502755623	combined_MEK2DD	MEK2DD	combined	Active
Primary cardiomyopathy	C0033141	CURATED	95	MAPK14,TAB2,YWHAH,GRK2,FAS,SGCB	6	6/683	6/14132	0.488243008665913	14132	0.999994502755623	combined_MEK2DD	MEK2DD	combined	Active
Migraine Disorders	C0149931	CURATED	34	MAP2K2,DSP,TAB2	3	3/683	3/14132	0.494212426849415	14132	0.999994502755623	combined_MEK2DD	MEK2DD	combined	Active
Hereditary Breast and Ovarian Cancer Syndrome	C0677776	CURATED	158	LASP1,STK11,RIPK1,FLNA,EPCAM,RPN1,BCAR1,TACC3,TFRC	9	9/683	9/14132	0.497981874598084	14132	0.999994502755623	combined_MEK2DD	MEK2DD	combined	Active
Autosomal dominant isolated sensorineural deafness type DFNA	C5779548	CURATED	56	KITLG,TJP2,CCDC50,DIAPH3	4	4/683	4/14132	0.512571454188909	14132	0.999994502755623	combined_MEK2DD	MEK2DD	combined	Active
Mixed bipolar I disorder	C0236780	CURATED	98	CPLX1,GCH1,ZCCHC2,PLEKHO1,TAC1,LMAN2L	6	6/683	6/14132	0.515902611895003	14132	0.999994502755623	combined_MEK2DD	MEK2DD	combined	Active
Leukemia, T-Cell	C0023492	CURATED	36	CXCR4,CNOT3,ZFP36L2	3	3/683	3/14132	0.524913848937315	14132	0.999994502755623	combined_MEK2DD	MEK2DD	combined	Active
Severe intellectual disability (disorder)	C0036857	CURATED	36	CHKA,TMEM147,FLNA	3	3/683	3/14132	0.524913848937315	14132	0.999994502755623	combined_MEK2DD	MEK2DD	combined	Active
Bipolar I disorder, most recent episode manic (disorder)	C0024713	CURATED	99	CPLX1,TAC1,LMAN2L,GCH1,PLEKHO1,ZCCHC2	6	6/683	6/14132	0.524984185057257	14132	0.999994502755623	combined_MEK2DD	MEK2DD	combined	Active
Cardiomyopathy, Hypertrophic, Familial	C0949658	CURATED	99	DSP,BAG3,FHL2,VCL,RAF1,MYPN	6	6/683	6/14132	0.524984185057257	14132	0.999994502755623	combined_MEK2DD	MEK2DD	combined	Active
Hepatitis, Chronic	C0019189	CURATED	37	TGFB1,F2R,SOD1	3	3/683	3/14132	0.539786130714117	14132	0.999994502755623	combined_MEK2DD	MEK2DD	combined	Active
Attention deficit hyperactivity disorder	C1263846	CURATED	37	BAIAP2,MAGED2,C12orf57	3	3/683	3/14132	0.539786130714117	14132	0.999994502755623	combined_MEK2DD	MEK2DD	combined	Active
Immunodeficiency Disorder, Inherited	C5197805	CURATED	37	IFNGR1,FAS,CXCR4	3	3/683	3/14132	0.539786130714117	14132	0.999994502755623	combined_MEK2DD	MEK2DD	combined	Active
Necrosis	C0027540	CURATED	59	SLC31A1,SOD1,FAS,KRT18	4	4/683	4/14132	0.548088144736308	14132	0.999994502755623	combined_MEK2DD	MEK2DD	combined	Active
Cerebrovascular accident	C0038454	CURATED	59	SH2B3,SOD1,ITGAV,TGFB1	4	4/683	4/14132	0.548088144736308	14132	0.999994502755623	combined_MEK2DD	MEK2DD	combined	Active
Chronic Obstructive Airway Disease	C0024117	CURATED	102	DSP,CDKN1A,HSPA1L,TGFB1,F2RL1,HSPA1A	6	6/683	6/14132	0.551767178944704	14132	0.999994502755623	combined_MEK2DD	MEK2DD	combined	Active
Major Depressive Disorder	C1269683	CURATED	229	EIF4B,HSP90AA1,PDLIM5,PEA15,HSPA1A,HSPA1L,LSAMP,MAP2K1,SGK1,FKBP4,FKBP5,HOMER1	12	12/683	12/14132	0.552315521607011	14132	0.999994502755623	combined_MEK2DD	MEK2DD	combined	Active
Adenoma	C0001430	CURATED	38	SLC19A1,MTRR,AIP	3	3/683	3/14132	0.554333017212283	14132	0.999994502755623	combined_MEK2DD	MEK2DD	combined	Active
Ventricular Septal Defects	C0018818	CURATED	38	BRAF,FLNA,NFATC1	3	3/683	3/14132	0.554333017212283	14132	0.999994502755623	combined_MEK2DD	MEK2DD	combined	Active
Essential Hypertension	C0085580	CURATED	38	ECE1,TJP1,CDCA3	3	3/683	3/14132	0.554333017212283	14132	0.999994502755623	combined_MEK2DD	MEK2DD	combined	Active
Acinar cell adenoma	C0334389	CURATED	38	MTRR,AIP,SLC19A1	3	3/683	3/14132	0.554333017212283	14132	0.999994502755623	combined_MEK2DD	MEK2DD	combined	Active
Cardiomyopathy, Familial Idiopathic	C1449563	CURATED	38	MYPN,BAG3,DSP	3	3/683	3/14132	0.554333017212283	14132	0.999994502755623	combined_MEK2DD	MEK2DD	combined	Active
Depressive disorder	C0011581	CURATED	272	TAC1,FKBP5,CPLX1,SOD1,SLC29A3,PRKCI,VGF,ALG8,NTS,STIP1,TGFB1,SYN1,HOMER1,DUSP1	14	14/683	14/14132	0.557112903569307	14132	0.999994502755623	combined_MEK2DD	MEK2DD	combined	Active
Focal glomerulosclerosis	C0017668	CURATED	60	MYO1E,SDCCAG8,CD2AP,TGFB1	4	4/683	4/14132	0.559584884401153	14132	0.999994502755623	combined_MEK2DD	MEK2DD	combined	Active
Osteosarcoma	C0029463	CURATED	60	SQSTM1,PHLDA2,JUN,CXCR4	4	4/683	4/14132	0.559584884401153	14132	0.999994502755623	combined_MEK2DD	MEK2DD	combined	Active
Multiple Myeloma	C0026764	CURATED	146	BRAF,LIG4,YAP1,TFRC,MTRR,SGK1,SH2B3,TGFB1	8	8/683	8/14132	0.563298234511469	14132	0.999994502755623	combined_MEK2DD	MEK2DD	combined	Active
Unipolar Depression	C0041696	CURATED	231	SGK1,HSPA1A,HSP90AA1,LSAMP,FKBP4,HSPA1L,PEA15,HOMER1,PDLIM5,EIF4B,FKBP5,MAP2K1	12	12/683	12/14132	0.564075163303605	14132	0.999994502755623	combined_MEK2DD	MEK2DD	combined	Active
Mood Disorders	C0525045	CURATED	168	VGF,FKBP5,FOSB,NTS,TAC1,TGFB1,HSPA4,HSP90AA1,KCTD12	9	9/683	9/14132	0.568310415164983	14132	0.999994502755623	combined_MEK2DD	MEK2DD	combined	Active
Amenorrhea	C0002453	CURATED	39	POR,OTUD4,SPRY4	3	3/683	3/14132	0.568551183207389	14132	0.999994502755623	combined_MEK2DD	MEK2DD	combined	Active
Alzheimer's Disease	C0002395	CURATED	211	SPRED2,DHCR24,ARC,TAP2,ADAMTS1,HSPA1A,FAS,SERPINE2,ECE1,CD2AP,HLA-DRB1	11	11/683	11/14132	0.571272938797258	14132	0.999994502755623	combined_MEK2DD	MEK2DD	combined	Active
Depression, Bipolar	C0005587	CURATED	105	GCH1,ZCCHC2,TAC1,PLEKHO1,LMAN2L,CPLX1	6	6/683	6/14132	0.577796189668638	14132	0.999994502755623	combined_MEK2DD	MEK2DD	combined	Active
Arsenic Poisoning	C0311375	CURATED	62	TNIK,ZFAND6,GADD45B,CD44	4	4/683	4/14132	0.582039971301475	14132	0.999994502755623	combined_MEK2DD	MEK2DD	combined	Active
Liver Failure, Acute	C0162557	CURATED	40	KRT18,FAS,PSMD11	3	3/683	3/14132	0.582438382994383	14132	0.999994502755623	combined_MEK2DD	MEK2DD	combined	Active
Stevens-Johnson Syndrome	C0038325	CURATED	42	HLA-B,PROS1,PSMC5	3	3/683	3/14132	0.609215727691121	14132	0.999994502755623	combined_MEK2DD	MEK2DD	combined	Active
Severe Combined Immunodeficiency	C0085110	CURATED	42	LIG4,CORO1A,TFRC	3	3/683	3/14132	0.609215727691121	14132	0.999994502755623	combined_MEK2DD	MEK2DD	combined	Active
Osteoporosis	C0029456	CURATED	87	ANXA2,CA2,TGFB1,VCL,CXCR4	5	5/683	5/14132	0.611673662495308	14132	0.999994502755623	combined_MEK2DD	MEK2DD	combined	Active
Mental Depression	C0011570	CURATED	283	FTH1,PRKCI,SYN1,TAC1,NTS,SLC29A3,FKBP5,SOD1,CPLX1,DUSP1,ACSL4,STK33,VGF,HOMER1	14	14/683	14/14132	0.615108658476716	14132	0.999994502755623	combined_MEK2DD	MEK2DD	combined	Active
Adenocarcinoma of large intestine (disorder)	C1319315	CURATED	88	GRK2,ARAF,CD44,BRAF,RIPK1	5	5/683	5/14132	0.620715695006152	14132	0.999994502755623	combined_MEK2DD	MEK2DD	combined	Active
Mesothelioma	C0025500	CURATED	43	RASSF1,BCL10,EGR1	3	3/683	3/14132	0.62210594549083	14132	0.999994502755623	combined_MEK2DD	MEK2DD	combined	Active
Psychotic Disorders	C0033975	CURATED	89	GCH1,HLA-B,TGFB1,FKBP5,GADD45B	5	5/683	5/14132	0.629624264105497	14132	0.999994502755623	combined_MEK2DD	MEK2DD	combined	Active
Mental Retardation, X-Linked Nonsyndromic	C3501611	CURATED	44	GDI1,ATP6AP1,ACSL4	3	3/683	3/14132	0.634665182401616	14132	0.999994502755623	combined_MEK2DD	MEK2DD	combined	Active
Congenital cataract	C0009691	CURATED	67	CHMP4B,EPHA2,OCRL,PSMC3	4	4/683	4/14132	0.634901754005438	14132	0.999994502755623	combined_MEK2DD	MEK2DD	combined	Active
Pulmonary Fibrosis	C0034069	CURATED	113	DSP,AREG,TGFB1,SOD1,HSPA1A,TIMP1	6	6/683	6/14132	0.643044084491014	14132	0.999994502755623	combined_MEK2DD	MEK2DD	combined	Active
Other dermatoses	C0029574	CURATED	68	GADD45B,ZFAND6,CD44,TNIK	4	4/683	4/14132	0.64489683803262	14132	0.999994502755623	combined_MEK2DD	MEK2DD	combined	Active
Dermatologic disorders	C0037274	CURATED	68	ZFAND6,CD44,TNIK,GADD45B	4	4/683	4/14132	0.64489683803262	14132	0.999994502755623	combined_MEK2DD	MEK2DD	combined	Active
Skin Diseases, Genetic	C0037277	CURATED	68	CD44,GADD45B,ZFAND6,TNIK	4	4/683	4/14132	0.64489683803262	14132	0.999994502755623	combined_MEK2DD	MEK2DD	combined	Active
Dementia, Vascular	C0011269	CURATED	45	THSD1,CHMP2B,HSPA1A	3	3/683	3/14132	0.6468952748563	14132	0.999994502755623	combined_MEK2DD	MEK2DD	combined	Active
Thyroid Neoplasm	C0040136	CURATED	45	ABCB6,NCOA4,BRAF	3	3/683	3/14132	0.6468952748563	14132	0.999994502755623	combined_MEK2DD	MEK2DD	combined	Active
Status Epilepticus	C0038220	CURATED	69	JUNB,FOS,CASP8,JUN	4	4/683	4/14132	0.654696892668297	14132	0.999994502755623	combined_MEK2DD	MEK2DD	combined	Active
Nonorganic psychosis	C0349204	CURATED	69	FKBP5,GCH1,GADD45B,TGFB1	4	4/683	4/14132	0.654696892668297	14132	0.999994502755623	combined_MEK2DD	MEK2DD	combined	Active
Encephalopathies	C0085584	CURATED	47	TAB2,ALG1,TGFB1	3	3/683	3/14132	0.670378285563521	14132	0.999994502755623	combined_MEK2DD	MEK2DD	combined	Active
Diabetes Mellitus, Insulin-Dependent	C0011854	CURATED	117	SH2B3,CLEC16A,SLC29A3,SOD1,HLA-DRB1,TAP2	6	6/683	6/14132	0.673199488371019	14132	0.999994502755623	combined_MEK2DD	MEK2DD	combined	Active
Schizophrenia	C0036341	CURATED	1047	SPAG9,TMSB10,HSPA1L,JUN,LPP,NTS,PAK2,TAP2,TGFB1,SDCCAG8,BTBD9,KCTD12,FUT8,YWHAE,SV2A,CPLX1,CRMP1,DHCR24,LASP1,SNAP29,CDC25C,SDF4,DYM,TAC1,HLA-DRB1,MYO1E,MAPK14,TNIK,ARC,GCH1,NPTN,PDLIM5,UFD1,LMAN2L,SYN3,HOMER1,SNCB,SYN1,HLA-B,HSPA1A,HSPA9,FAS,LSAMP,MICB,CSPG4,EFNB2,PLEKHA6,CLEC16A,SH2B3	49	49/683	49/14132	0.67336328621537	14132	0.999994502755623	combined_MEK2DD	MEK2DD	combined	Active
Brain Injuries	C0270611	CURATED	71	FOS,PPP3CA,HSPA1A,JUN	4	4/683	4/14132	0.673710424632715	14132	0.999994502755623	combined_MEK2DD	MEK2DD	combined	Active
Asthma	C0004096	CURATED	208	EGR1,TGFB1,NAT1,AREG,F2RL1,FKBP5,SOD1,HLA-B,HLA-DRB1,IFNGR1	10	10/683	10/14132	0.680448154009974	14132	0.999994502755623	combined_MEK2DD	MEK2DD	combined	Active
leukemia	C0023418	CURATED	48	LIG4,SPHK1,PLK1	3	3/683	3/14132	0.681637609758413	14132	0.999994502755623	combined_MEK2DD	MEK2DD	combined	Active
Myopia	C0027092	CURATED	48	P3H2,FLNA,CEMIP2	3	3/683	3/14132	0.681637609758413	14132	0.999994502755623	combined_MEK2DD	MEK2DD	combined	Active
Infarction, Middle Cerebral Artery	C0740392	CURATED	49	FOS,IL6ST,JUNB	3	3/683	3/14132	0.692580491472444	14132	0.999994502755623	combined_MEK2DD	MEK2DD	combined	Active
Atrial Fibrillation	C0004238	CURATED	166	PHLDA1,KCNA5,GOPC,MYPN,CDKN1A,NACA,PAK2,SLC27A6	8	8/683	8/14132	0.696940261801879	14132	0.999994502755623	combined_MEK2DD	MEK2DD	combined	Active
Hypersensitivity	C0020517	CURATED	74	HLA-DRB1,IL6ST,TAC1,TGFB1	4	4/683	4/14132	0.700766190419654	14132	0.999994502755623	combined_MEK2DD	MEK2DD	combined	Active
Hypertensive disease	C0020538	CURATED	301	FOS,NPTN,SGK1,KSR2,JUN,ANXA1,TGFB1,TIMP1,STK11,GRK2,MTX2,ECE1,GCH1,SOD1	14	14/683	14/14132	0.701391000574633	14132	0.999994502755623	combined_MEK2DD	MEK2DD	combined	Active
Acute lymphocytic leukemia	C0023449	CURATED	98	RUNX1,MTRR,SLC19A1,SH2B3,CASP8	5	5/683	5/14132	0.7036062904798	14132	0.999994502755623	combined_MEK2DD	MEK2DD	combined	Active
Cardiomyopathy, Dilated	C0007193	CURATED	259	FAS,TNFSF9,TJP1,DSP,FHL2,RAF1,SGCB,VCL,TAB2,BRAF,MYPN,BAG3	12	12/683	12/14132	0.712768585647804	14132	0.999994502755623	combined_MEK2DD	MEK2DD	combined	Active
Cleft Palate	C0008925	CURATED	51	SPRY2,SLC19A1,TGFB1	3	3/683	3/14132	0.713534213791369	14132	0.999994502755623	combined_MEK2DD	MEK2DD	combined	Active
Neurodevelopmental delay	C4022738	CURATED	238	KIF11,MEA1,RHEB,CYB5R3,NEO1,PSMC3,TNRC6B,FLNA,BRAF,SPRED1,OCRL	11	11/683	11/14132	0.719633343966239	14132	0.999994502755623	combined_MEK2DD	MEK2DD	combined	Active
Malignant tumor of colon	C0007102	CURATED	52	PTPN12,MAPK14,BRAF	3	3/683	3/14132	0.723554479661105	14132	0.999994502755623	combined_MEK2DD	MEK2DD	combined	Active
Graves Disease	C0018213	CURATED	52	HLA-DRB1,TGFB1,HLA-B	3	3/683	3/14132	0.723554479661105	14132	0.999994502755623	combined_MEK2DD	MEK2DD	combined	Active
Myelodysplasias, Hematopoetic	C2713368	CURATED	52	SPHK1,MTRR,RUNX1	3	3/683	3/14132	0.723554479661105	14132	0.999994502755623	combined_MEK2DD	MEK2DD	combined	Active
Developmental Disabilities	C0008073	CURATED	149	KIF11,CBL,TNRC6B,PPP3CA,NPTN,WDR45,ARFGAP1	7	7/683	7/14132	0.732199946125079	14132	0.999994502755623	combined_MEK2DD	MEK2DD	combined	Active
Metastatic melanoma	C0278883	CURATED	54	PEAK1,STK11,PRKCI	3	3/683	3/14132	0.74270731547298	14132	0.999994502755623	combined_MEK2DD	MEK2DD	combined	Active
Hypotension	C0020649	CURATED	55	SOD1,TAC1,MAP2K2	3	3/683	3/14132	0.751850707104943	14132	0.999994502755623	combined_MEK2DD	MEK2DD	combined	Active
Arrhythmogenic Right Ventricular Dysplasia	C0349788	CURATED	55	FHL2,TJP1,DSP	3	3/683	3/14132	0.751850707104943	14132	0.999994502755623	combined_MEK2DD	MEK2DD	combined	Active
Non-syndromic genetic hearing loss	C5680182	CURATED	105	TPRN,KITLG,TJP2,CEMIP,CCDC50	5	5/683	5/14132	0.753323242357541	14132	0.999994502755623	combined_MEK2DD	MEK2DD	combined	Active
Neoplasms, Bone Tissue	C0206639	CURATED	56	JUN,PHLDA2,CXCR4	3	3/683	3/14132	0.760712901657389	14132	0.999994502755623	combined_MEK2DD	MEK2DD	combined	Active
Esophageal Neoplasms	C0014859	CURATED	82	BSG,SFN,CASP8,AKAP13	4	4/683	4/14132	0.764504057451457	14132	0.999994502755623	combined_MEK2DD	MEK2DD	combined	Active
Dystonia	C0013421	CURATED	58	GCH1,SERAC1,WDR45	3	3/683	3/14132	0.777616908177206	14132	0.999994502755623	combined_MEK2DD	MEK2DD	combined	Active
Pain	C0030193	CURATED	58	TAC1,MAP2K2,GCH1	3	3/683	3/14132	0.777616908177206	14132	0.999994502755623	combined_MEK2DD	MEK2DD	combined	Active
Wolff-Parkinson-White Syndrome	C0043202	CURATED	58	DSP,FLNA,VCL	3	3/683	3/14132	0.777616908177206	14132	0.999994502755623	combined_MEK2DD	MEK2DD	combined	Active
ovarian neoplasm	C0919267	CURATED	182	TFRC,IL6ST,SOD1,YAP1,AREG,EPCAM,RASSF1,GADD45A	8	8/683	8/14132	0.782485180453258	14132	0.999994502755623	combined_MEK2DD	MEK2DD	combined	Active
Mammary Neoplasms	C1458155	CURATED	524	GRB7,RAF1,SHC1,BCAR3,TFPI2,ETV4,IGBP1,ARAF,JUN,FHL2,FOS,YAP1,TP53BP2,AREG,MFGE8,FLNA,ADAMTS1,ETS2,TFRC,CXCR4,CASP8,HSP90AA1,KRT18	23	23/683	23/14132	0.783323841749243	14132	0.999994502755623	combined_MEK2DD	MEK2DD	combined	Active
Cardiac Arrhythmia	C0003811	CURATED	59	MRC2,DSP,KCNA5	3	3/683	3/14132	0.785670548999695	14132	0.999994502755623	combined_MEK2DD	MEK2DD	combined	Active
Non-specific early-onset epileptic encephalopathy	C5680057	CURATED	59	PPP3CA,YWHAG,SYNJ1	3	3/683	3/14132	0.785670548999695	14132	0.999994502755623	combined_MEK2DD	MEK2DD	combined	Active
Colonic Neoplasms	C0009375	CURATED	160	CDKN1A,HSPA2,EPCAM,SLC19A1,ITGA7,JUN,TAGLN	7	7/683	7/14132	0.791414095473561	14132	0.999994502755623	combined_MEK2DD	MEK2DD	combined	Active
Familial thoracic aortic aneurysm and aortic dissection	C4707243	CURATED	60	FLNA,MAT2A,FAS	3	3/683	3/14132	0.793466606399644	14132	0.999994502755623	combined_MEK2DD	MEK2DD	combined	Active
Cocaine-Related Disorders	C0236736	CURATED	112	ARC,FOS,FOSB,EGR1,HOMER1	5	5/683	5/14132	0.796368494732331	14132	0.999994502755623	combined_MEK2DD	MEK2DD	combined	Active
Malignant neoplasm of upper lobe, bronchus or lung	C0024624	CURATED	87	CLPTM1L,CASP8,MAT2A,BRAF	4	4/683	4/14132	0.798431525164122	14132	0.999994502755623	combined_MEK2DD	MEK2DD	combined	Active
Malignant neoplasm of middle lobe, bronchus or lung	C0153491	CURATED	87	MAT2A,BRAF,CLPTM1L,CASP8	4	4/683	4/14132	0.798431525164122	14132	0.999994502755623	combined_MEK2DD	MEK2DD	combined	Active
Malignant neoplasm of lower lobe, bronchus or lung	C0153492	CURATED	87	CLPTM1L,MAT2A,BRAF,CASP8	4	4/683	4/14132	0.798431525164122	14132	0.999994502755623	combined_MEK2DD	MEK2DD	combined	Active
Malignant neoplasm of other parts of bronchus or lung	C0153493	CURATED	87	MAT2A,CLPTM1L,CASP8,BRAF	4	4/683	4/14132	0.798431525164122	14132	0.999994502755623	combined_MEK2DD	MEK2DD	combined	Active
Acute Promyelocytic Leukemia	C0023487	CURATED	61	CD44,DHCR7,TRIB3	3	3/683	3/14132	0.801011123554233	14132	0.999994502755623	combined_MEK2DD	MEK2DD	combined	Active
Bardet-Biedl Syndrome	C0752166	CURATED	61	MKKS,PSMD1,SDCCAG8	3	3/683	3/14132	0.801011123554233	14132	0.999994502755623	combined_MEK2DD	MEK2DD	combined	Active
Cystic Fibrosis	C0010674	CURATED	62	HSPA1A,TGFB1,FAS	3	3/683	3/14132	0.808310161962659	14132	0.999994502755623	combined_MEK2DD	MEK2DD	combined	Active
Diabetic Retinopathy	C0011884	CURATED	62	SOD1,HLA-B,HLA-DRB1	3	3/683	3/14132	0.808310161962659	14132	0.999994502755623	combined_MEK2DD	MEK2DD	combined	Active
Hypertrophic Cardiomyopathy	C0007194	CURATED	164	RAF1,MYPN,BRAF,VCL,RASSF1,DSP,BAG3	7	7/683	7/14132	0.810286956600625	14132	0.999994502755623	combined_MEK2DD	MEK2DD	combined	Active
Weight Gain	C0043094	CURATED	115	DYNC1LI2,GDF15,MEST,ANXA2,CAVIN1	5	5/683	5/14132	0.812870286310087	14132	0.999994502755623	combined_MEK2DD	MEK2DD	combined	Active
Pulmonary Hypertension	C0020542	CURATED	63	TGFB1,KCNA5,SLC31A1	3	3/683	3/14132	0.815369785584042	14132	0.999994502755623	combined_MEK2DD	MEK2DD	combined	Active
Seizures	C0036572	CURATED	308	C12orf57,GSPT2,ALG11,KCTD3,RHEB,YWHAG,SYN3,PPP3CA,WDR45,SYN1,FLNA,CHKA,TUBA3E	13	13/683	13/14132	0.817008685155221	14132	0.999994502755623	combined_MEK2DD	MEK2DD	combined	Active
Nephrotic Syndrome	C0027726	CURATED	91	SYNPO,HLA-DRB1,MYO1E,TGFB1	4	4/683	4/14132	0.822542527847856	14132	0.999994502755623	combined_MEK2DD	MEK2DD	combined	Active
Precursor Lymphoid Neoplasm	C1335469	CURATED	91	SLC19A1,MTRR,RUNX1,CASP8	4	4/683	4/14132	0.822542527847856	14132	0.999994502755623	combined_MEK2DD	MEK2DD	combined	Active
Mesothelioma malignant advanced	C0278752	CURATED	117	ANXA2,FTH1,RAF1,BCL10,CDKN1A	5	5/683	5/14132	0.823252036143681	14132	0.999994502755623	combined_MEK2DD	MEK2DD	combined	Active
Diffuse malignant mesothelioma	C0392400	CURATED	117	CDKN1A,RAF1,ANXA2,BCL10,FTH1	5	5/683	5/14132	0.823252036143681	14132	0.999994502755623	combined_MEK2DD	MEK2DD	combined	Active
Asbestos-Related Malignant Mesothelioma	C1332338	CURATED	117	CDKN1A,BCL10,FTH1,RAF1,ANXA2	5	5/683	5/14132	0.823252036143681	14132	0.999994502755623	combined_MEK2DD	MEK2DD	combined	Active
Malignant mesothelioma	C0345967	CURATED	118	RAF1,BCL10,ANXA2,CDKN1A,FTH1	5	5/683	5/14132	0.828261958537848	14132	0.999994502755623	combined_MEK2DD	MEK2DD	combined	Active
Breast Carcinoma	C0678222	CURATED	66	STK11,TFRC,HLA-DRB1	3	3/683	3/14132	0.835172551882796	14132	0.999994502755623	combined_MEK2DD	MEK2DD	combined	Active
Endometrial Neoplasms	C0014170	CURATED	94	RNF43,CDC25C,LASP1,SPOP	4	4/683	4/14132	0.838973012109669	14132	0.999994502755623	combined_MEK2DD	MEK2DD	combined	Active
Ovarian Failure, Premature	C0085215	CURATED	94	ADAMTS1,CHST11,ATG2A,POR	4	4/683	4/14132	0.838973012109669	14132	0.999994502755623	combined_MEK2DD	MEK2DD	combined	Active
Hepatomegaly	C0019209	CURATED	67	MAPK14,TGFB1,SLC29A3	3	3/683	3/14132	0.841334730279022	14132	0.999994502755623	combined_MEK2DD	MEK2DD	combined	Active
Autosomal recessive non-syndromic intellectual disability	C5680181	CURATED	67	LMAN2L,TNIK,CHKA	3	3/683	3/14132	0.841334730279022	14132	0.999994502755623	combined_MEK2DD	MEK2DD	combined	Active
Diffuse Large B-Cell Lymphoma	C0079744	CURATED	68	RANGAP1,FAS,BRAF	3	3/683	3/14132	0.847287393680428	14132	0.999994502755623	combined_MEK2DD	MEK2DD	combined	Active
Fibrosis	C0016059	CURATED	69	TGFB1,SPHK1,TAC1	3	3/683	3/14132	0.853036363859895	14132	0.999994502755623	combined_MEK2DD	MEK2DD	combined	Active
Pneumonia	C0032285	CURATED	69	EGR1,IL6ST,TGFB1	3	3/683	3/14132	0.853036363859895	14132	0.999994502755623	combined_MEK2DD	MEK2DD	combined	Active
Stomach Neoplasms	C0038356	CURATED	349	CA2,CD44,HSPA8,AREG,CDKN1A,JUN,CXCR4,FOSL1,CASP8,TNFSF9,RNF43,PREP,GADD45A,F2R	14	14/683	14/14132	0.867548321643903	14132	0.999994502755623	combined_MEK2DD	MEK2DD	combined	Active
Lung diseases	C0024115	CURATED	72	ADGRE5,SPRY2,TGFB1	3	3/683	3/14132	0.869118207144289	14132	0.999994502755623	combined_MEK2DD	MEK2DD	combined	Active
Malignant neoplasm of prostate	C0376358	CURATED	629	HLA-DRB1,ARAP3,PGPEP1,CCNB1,CDC25C,NAT1,CD44,ATG13,VDAC1,DYM,CD2AP,LIG4,MAMLD1,AGPAT2,RASSF1,FAS,MAP3K7,SLC25A32,TRIM5,CCNA1,CXCR4,CLPTM1L,SPOP,PEBP1,BRF2,RAC2	26	26/683	26/14132	0.870901071350025	14132	0.999994502755623	combined_MEK2DD	MEK2DD	combined	Active
Non-alcoholic Fatty Liver Disease	C0400966	CURATED	101	TGFB1,FAS,TRIB3,TRIB1	4	4/683	4/14132	0.872275316648737	14132	0.999994502755623	combined_MEK2DD	MEK2DD	combined	Active
Nonalcoholic steatohepatitis	C3241937	CURATED	101	FAS,TRIB1,TRIB3,TGFB1	4	4/683	4/14132	0.872275316648737	14132	0.999994502755623	combined_MEK2DD	MEK2DD	combined	Active
Prostate cancer, familial	C2931456	CURATED	73	MAP2K1,RNF43,CASP8	3	3/683	3/14132	0.874109078822923	14132	0.999994502755623	combined_MEK2DD	MEK2DD	combined	Active
Congestive heart failure	C0018802	CURATED	207	POR,VCL,GRK2,CBL,GDF15,PEBP1,MAP2K1,SOD1	8	8/683	8/14132	0.878129055226672	14132	0.999994502755623	combined_MEK2DD	MEK2DD	combined	Active
Ulcerative Colitis	C0009324	CURATED	74	SPHK1,HLA-DRB1,MTRR	3	3/683	3/14132	0.878924159056346	14132	0.999994502755623	combined_MEK2DD	MEK2DD	combined	Active
Chronic left-sided ulcerative colitis	C0375359	CURATED	74	MTRR,SPHK1,HLA-DRB1	3	3/683	3/14132	0.878924159056346	14132	0.999994502755623	combined_MEK2DD	MEK2DD	combined	Active
Ductal Breast Carcinoma	C1527349	CURATED	103	CENPE,TUBA3E,NTS,KCTD3	4	4/683	4/14132	0.880600967977534	14132	0.999994502755623	combined_MEK2DD	MEK2DD	combined	Active
Colorectal Carcinoma	C0009402	CURATED	473	RCN1,BRAF,LAMB3,SDF4,RHEB,ARAP3,STK11,BUB1,MAPK14,EFNB2,PROS1,PSMC5,EIF4G1,CAMSAP2,STRAP,STAM,NFATC1,ACSL4,IL6ST	19	19/683	19/14132	0.881624150432678	14132	0.999994502755623	combined_MEK2DD	MEK2DD	combined	Active
Neuroblastoma	C0027819	CURATED	75	PSMD14,YAP1,CD44	3	3/683	3/14132	0.883568751121028	14132	0.999994502755623	combined_MEK2DD	MEK2DD	combined	Active
Crohn's disease of large bowel	C0156147	CURATED	77	PDLIM5,DENND1B,HLA-DRB1	3	3/683	3/14132	0.892367175514003	14132	0.999994502755623	combined_MEK2DD	MEK2DD	combined	Active
Autistic Disorder	C0004352	CURATED	433	DENND1B,B4GALNT1,LAMB3,PRKCI,CENPE,EIF4G1,KSR2,INPP1,KCTD3,PLAUR,GSPT2,HLA-DRB1,LASP1,WDR45,DHCR7,DPYSL3,SLC19A1	17	17/683	17/14132	0.895489108718156	14132	0.999994502755623	combined_MEK2DD	MEK2DD	combined	Active
Cholestasis	C0008370	CURATED	108	EGR1,ABCB11,ERLEC1,MAPK14	4	4/683	4/14132	0.899338319638843	14132	0.999994502755623	combined_MEK2DD	MEK2DD	combined	Active
Sensorineural hearing loss of bilateral ears	C0452138	CURATED	108	DIAPH3,TPRN,KITLG,CCDC50	4	4/683	4/14132	0.899338319638843	14132	0.999994502755623	combined_MEK2DD	MEK2DD	combined	Active
Myocardial Reperfusion Injury	C0027055	CURATED	79	TFRC,CASP8,VDAC1	3	3/683	3/14132	0.900544711554552	14132	0.999994502755623	combined_MEK2DD	MEK2DD	combined	Active
Neoplastic Syndromes, Hereditary	C0027672	CURATED	190	STK11,CBL,AIP,SH2B3,EPCAM,RNF43,RUNX1	7	7/683	7/14132	0.902214869301754	14132	0.999994502755623	combined_MEK2DD	MEK2DD	combined	Active
Malignant neoplasm of ovary	C1140680	CURATED	139	STK11,BUB1B,BRAF,TFRC,RASSF1	5	5/683	5/14132	0.908912770080431	14132	0.999994502755623	combined_MEK2DD	MEK2DD	combined	Active
Malignant neoplasm of stomach	C0024623	CURATED	111	CXCR4,FOSL1,EPCAM,STK11	4	4/683	4/14132	0.909268086727252	14132	0.999994502755623	combined_MEK2DD	MEK2DD	combined	Active
Kidney Diseases	C0022658	CURATED	140	ANXA1,SDCCAG8,TGFB1,CDKN1A,FAS	5	5/683	5/14132	0.911739073722071	14132	0.999994502755623	combined_MEK2DD	MEK2DD	combined	Active
Kidney Failure, Acute	C0022660	CURATED	114	TGFB1,CD44,HSPA1A,SOD1	4	4/683	4/14132	0.918301750590215	14132	0.999994502755623	combined_MEK2DD	MEK2DD	combined	Active
Acute Kidney Insufficiency	C1565662	CURATED	114	HSPA1A,TGFB1,CD44,SOD1	4	4/683	4/14132	0.918301750590215	14132	0.999994502755623	combined_MEK2DD	MEK2DD	combined	Active
Chemical and Drug Induced Liver Injury	C4277682	CURATED	374	PDLIM5,SLC25A29,ERLEC1,ANXA2,S100A11,TAGLN2,HLA-DRB1,GADD45A,GDI1,KRT18,KITLG,SHC1,HSPA5,SOD1	14	14/683	14/14132	0.91920608593317	14132	0.999994502755623	combined_MEK2DD	MEK2DD	combined	Active
Acute kidney injury	C2609414	CURATED	115	SOD1,TGFB1,HSPA1A,CD44	4	4/683	4/14132	0.921125807669146	14132	0.999994502755623	combined_MEK2DD	MEK2DD	combined	Active
Liver diseases	C0023895	CURATED	86	IL1RAP,SOD1,HSPA1A	3	3/683	3/14132	0.92481862499544	14132	0.999994502755623	combined_MEK2DD	MEK2DD	combined	Active
Cardiomegaly	C0018800	CURATED	87	GRK2,SHC1,FHL2	3	3/683	3/14132	0.927792439109118	14132	0.999994502755623	combined_MEK2DD	MEK2DD	combined	Active
Hyperalgesia	C0020429	CURATED	87	RAF1,FOS,TAC1	3	3/683	3/14132	0.927792439109118	14132	0.999994502755623	combined_MEK2DD	MEK2DD	combined	Active
Rare genetic syndromic intellectual disability	C5680525	CURATED	87	PIGL,TNRC6B,PSMD12	3	3/683	3/14132	0.927792439109118	14132	0.999994502755623	combined_MEK2DD	MEK2DD	combined	Active
Diabetes Mellitus, Non-Insulin-Dependent	C0011860	CURATED	331	FAS,ECE1,SOD1,CYB5R4,TIMP1,KSR2,AP3S2,FOXC2,GCH1,BRAF,CASP8,SPHK1	12	12/683	12/14132	0.929820295001391	14132	0.999994502755623	combined_MEK2DD	MEK2DD	combined	Active
Myopathy	C0026848	CURATED	88	DPM3,ITGA7,TGFB1	3	3/683	3/14132	0.930654964470227	14132	0.999994502755623	combined_MEK2DD	MEK2DD	combined	Active
Severe myopia	C0271183	CURATED	88	GRB7,IL1RAP,SLC19A1	3	3/683	3/14132	0.930654964470227	14132	0.999994502755623	combined_MEK2DD	MEK2DD	combined	Active
Microcephaly (physical finding)	C4551563	CURATED	357	SLC1A4,YWHAG,CHKA,FLNA,PLEKHG2,CBL,CDC6,FRMD4A,PSMC3,DHCR7,BUB1B,ARCN1,KIF11	13	13/683	13/14132	0.931386660965322	14132	0.999994502755623	combined_MEK2DD	MEK2DD	combined	Active
Heart failure	C0018801	CURATED	207	PEBP1,MAP2K1,POR,GRK2,SOD1,CBL,GDF15	7	7/683	7/14132	0.938992039745448	14132	0.999994502755623	combined_MEK2DD	MEK2DD	combined	Active
Muscle hypotonia	C0026827	CURATED	93	MAGED2,YWHAG,FLNA	3	3/683	3/14132	0.943427261151425	14132	0.999994502755623	combined_MEK2DD	MEK2DD	combined	Active
Obesity	C0028754	CURATED	293	SOD1,FOS,SLC16A7,TFRC,KITLG,FOXC2,KSR2,VGF,HSPA5,MKKS	10	10/683	10/14132	0.948644776657849	14132	0.999994502755623	combined_MEK2DD	MEK2DD	combined	Active
hearing impairment	C1384666	CURATED	187	FLNA,DIAPH3,SLC29A3,TPRN,SOD1,TJP2	6	6/683	6/14132	0.951368999817295	14132	0.999994502755623	combined_MEK2DD	MEK2DD	combined	Active
Malignant neoplasm of breast	C0006142	CURATED	744	KCNA5,CAVIN1,RASSF1,CLPTM1L,SPOCD1,CYB5R4,PACC1,TGFB1,STK11,CYB5R3,P3H2,AREG,ARAP3,ABCB6,FAS,SERPINE2,DUSP1,CASP8,PXDC1,MAGED2,ARHGAP29,BCAR1,HLA-DRB1,RAC2,GPC1,HOOK1,FAM210A,CCNB1	28	28/683	28/14132	0.95634467283345	14132	0.999994502755623	combined_MEK2DD	MEK2DD	combined	Active
Short stature	C0349588	CURATED	162	FLNA,PSMD11,ANGPT2,SYTL5,MAP2K2	5	5/683	5/14132	0.957013047316628	14132	0.999994502755623	combined_MEK2DD	MEK2DD	combined	Active
Long QT Syndrome	C0023976	CURATED	100	DSP,VCL,BAG3	3	3/683	3/14132	0.957601675065356	14132	0.999994502755623	combined_MEK2DD	MEK2DD	combined	Active
Amyotrophic Lateral Sclerosis	C0002736	CURATED	133	SQSTM1,SOD1,CHMP2B,TUBA4A	4	4/683	4/14132	0.958836137922887	14132	0.999994502755623	combined_MEK2DD	MEK2DD	combined	Active
Alcoholic Intoxication, Chronic	C0001973	CURATED	279	PHLDA2,NAT1,FKBP5,NAP1L4,ARC,NTS,UBAP2,TAC1,BAG3	9	9/683	9/14132	0.963017551588591	14132	0.999994502755623	combined_MEK2DD	MEK2DD	combined	Active
Spontaneous abortion	C0000786	CURATED	104	SPAG5,TFRC,TGFB1	3	3/683	3/14132	0.96410292955694	14132	0.999994502755623	combined_MEK2DD	MEK2DD	combined	Active
Nerve Degeneration	C0027746	CURATED	105	SOD1,CD44,ETS2	3	3/683	3/14132	0.965572100872766	14132	0.999994502755623	combined_MEK2DD	MEK2DD	combined	Active
Male infertility	C0021364	CURATED	106	CBL,MTRR,DCAF6	3	3/683	3/14132	0.966983385867096	14132	0.999994502755623	combined_MEK2DD	MEK2DD	combined	Active
Substance-Related Disorders	C0236969	CURATED	110	BCAR3,FRMD4A,ABLIM1	3	3/683	3/14132	0.972091644268259	14132	0.999994502755623	combined_MEK2DD	MEK2DD	combined	Active
Myocardial Infarction	C0027051	CURATED	175	HSPA5,TGFB1,VDAC1,SH2B3,SOD1	5	5/683	5/14132	0.972475231974862	14132	0.999994502755623	combined_MEK2DD	MEK2DD	combined	Active
Retinitis Pigmentosa	C0035334	CURATED	235	SLC19A1,ATP5ME,SOD1,P3H2,SNX17,FTH1,KIF11	7	7/683	7/14132	0.97346706839681	14132	0.999994502755623	combined_MEK2DD	MEK2DD	combined	Active
Peripheral Neuropathy	C0031117	CURATED	116	KIFBP,BAG3,JUN	3	3/683	3/14132	0.97835176989742	14132	0.999994502755623	combined_MEK2DD	MEK2DD	combined	Active
Osteoarthrosis, localized, not specified whether primary or secondary	C0157946	CURATED	117	TGFB1,TFPI2,YWHAQ	3	3/683	3/14132	0.979253400500957	14132	0.999994502755623	combined_MEK2DD	MEK2DD	combined	Active
Global developmental delay	C0557874	CURATED	388	TNRC6B,FLNA,C12orf57,SYN3,PSMC3,ACSL4,DSP,MEA1,BRAF,WDR45,MAGED2,TUBA3E	12	12/683	12/14132	0.98257894674362	14132	0.999994502755623	combined_MEK2DD	MEK2DD	combined	Active
Thrombocytopenia	C0040034	CURATED	128	RUNX1,FLNA,PROS1	3	3/683	3/14132	0.987053595761376	14132	0.999994502755623	combined_MEK2DD	MEK2DD	combined	Active
Mental Retardation	C0025362	CURATED	165	ACSL4,KIFBP,C12orf57,SLC31A1	4	4/683	4/14132	0.98786608515553	14132	0.999994502755623	combined_MEK2DD	MEK2DD	combined	Active
Necrotizing encephalopathy, infantile subacute, of Leigh	C2931891	CURATED	168	ENTPD7,PIH1D2,ATP5MK,SERAC1	4	4/683	4/14132	0.989217098353351	14132	0.999994502755623	combined_MEK2DD	MEK2DD	combined	Active
Autism Spectrum Disorders	C1510586	CURATED	572	SLC1A4,ACSL4,TNRC6B,BAIAP2,CORO1A,CRYZ,SYN1,TJP1,CHST11,SLC19A1,VCL,CA2,DHCR24,TFRC,MAP2K1,SLC2A3,TJP2	17	17/683	17/14132	0.995170260472349	14132	0.999994502755623	combined_MEK2DD	MEK2DD	combined	Active
Retinal Dystrophies	C0854723	CURATED	405	CEMIP2,FTH1,PROS1,MKKS,KIF11,ATP5ME,SLC19A1,ASRGL1,SDCCAG8,SYN3	10	10/683	10/14132	0.997962483091605	14132	0.999994502755623	combined_MEK2DD	MEK2DD	combined	Active
Intellectual Disability	C3714756	CURATED	694	BRAF,ST3GAL5,MEA1,ACSL4,GSPT2,FLNA,GDI1,TNRC6C,SYN1,YWHAG,PPP3CA,C12orf57,CYB5R3,GCH1,WDR45,ANGPT2,PSMD12,RHEB	18	18/683	18/14132	0.999629286325902	14132	0.999994502755623	combined_MEK2DD	MEK2DD	combined	Active
Mitochondrial Diseases	C0751651	CURATED	219	ATP5MK,SLC25A26,CASP8	3	3/683	3/14132	0.999780747937511	14132	0.999994502755623	combined_MEK2DD	MEK2DD	combined	Active
Neurodevelopmental Disorders	C1535926	CURATED	674	PSMC5,LMAN2L,CBL,TUBA3E,KIF11,PSMC3,PSMD12,WDR45,TNRC6B,FLNA,ANKS1B,SFXN3,LMBRD2	13	13/683	13/14132	0.999994502755623	14132	0.999994502755623	combined_MEK2DD	MEK2DD	combined	Active
Noonan Syndrome	C0028326	CURATED	35	KRAS,PPP1CB,EPHA2,HRAS,RASA1,SHOC2,NRAS,RAF1,RIT1,BRAF,LZTR1	11	11/237	11/14132	1.85079571474971e-10	14132	3.03530497218952e-08	combined_HrasG13R	HrasG13R	combined	Active
Vascular anomaly	C0158570	CURATED	14	HRAS,KRAS,NRAS,RASA1,PIK3R1,BRAF,GNA11,PIK3CA	8	8/237	8/14132	1.06062953277066e-09	14132	8.69716216871937e-08	combined_HrasG13R	HrasG13R	combined	Active
RASopathy	C5555857	CURATED	32	KRAS,NRAS,LZTR1,HRAS,PPP1CB,RIT1,SHOC2,BRAF,RAF1	9	9/237	9/14132	4.13246813005698e-08	14132	2.25908257776448e-06	combined_HrasG13R	HrasG13R	combined	Active
Cardio-facio-cutaneous syndrome	C1275081	CURATED	14	KRAS,BRAF,RIT1,NRAS,HRAS,RAF1,SHOC2	7	7/237	7/14132	5.60505435364124e-08	14132	2.29807228499291e-06	combined_HrasG13R	HrasG13R	combined	Active
Noonan syndrome and Noonan-related syndrome	C5681679	CURATED	25	RIT1,LZTR1,HRAS,SHOC2,BRAF,KRAS,NRAS,RAF1	8	8/237	8/14132	1.26904534835143e-07	14132	4.1624687425927e-06	combined_HrasG13R	HrasG13R	combined	Active
Noonan Syndrome 1	C4551602	CURATED	21	KRAS,NRAS,LZTR1,HRAS,BRAF,RAF1,RIT1	7	7/237	7/14132	9.17776145211179e-07	14132	2.50858813024389e-05	combined_HrasG13R	HrasG13R	combined	Active
Costello syndrome (disorder)	C0587248	CURATED	13	SHOC2,NRAS,RAF1,BRAF,HRAS,KRAS	6	6/237	6/14132	1.46672468596605e-06	14132	3.43632640712045e-05	combined_HrasG13R	HrasG13R	combined	Active
Hydrops Fetalis, Non-Immune	C0455988	CURATED	50	HRAS,FOXC2,KRAS,LZTR1,EPHB4,ACTA1,RIT1,SHOC2	8	8/237	8/14132	1.84555351086132e-05	14132	0.00037833846972657	combined_HrasG13R	HrasG13R	combined	Active
Carcinoma	C0007097	CURATED	163	KRAS,PKM,RASA1,YWHAZ,ID3,LSR,MDH2,PIK3R1,CORO1A,FN1,SPINT2,HRAS	12	12/237	12/14132	9.56501950033728e-05	14132	0.00142605745277756	combined_HrasG13R	HrasG13R	combined	Active
Malignant epithelioma	C0553707	CURATED	163	SPINT2,ID3,LSR,FN1,HRAS,KRAS,CORO1A,MDH2,YWHAZ,PIK3R1,PKM,RASA1	12	12/237	12/14132	9.56501950033728e-05	14132	0.00142605745277756	combined_HrasG13R	HrasG13R	combined	Active
Epithelioma	C1368683	CURATED	163	SPINT2,ID3,MDH2,PIK3R1,HRAS,KRAS,CORO1A,YWHAZ,PKM,FN1,LSR,RASA1	12	12/237	12/14132	9.56501950033728e-05	14132	0.00142605745277756	combined_HrasG13R	HrasG13R	combined	Active
Epidermal Nevus	C0334082	CURATED	7	HRAS,KRAS,NRAS,PIK3CA	4	4/237	4/14132	0.000155092281045109	14132	0.00211959450761649	combined_HrasG13R	HrasG13R	combined	Active
GIANT PIGMENTED HAIRY NEVUS	C1842036	CURATED	8	BRAF,NRAS,RAF1,HRAS	4	4/237	4/14132	0.000245075033051182	14132	0.00287087895859956	combined_HrasG13R	HrasG13R	combined	Active
NOONAN SYNDROME 3	C1860991	CURATED	8	KRAS,RAF1,HRAS,SHOC2	4	4/237	4/14132	0.000245075033051182	14132	0.00287087895859956	combined_HrasG13R	HrasG13R	combined	Active
LEOPARD Syndrome	C0175704	CURATED	9	RAF1,EPHA2,NRAS,BRAF	4	4/237	4/14132	0.000363064311382566	14132	0.00396950313778272	combined_HrasG13R	HrasG13R	combined	Active
PROSTATE CANCER, HEREDITARY, 1	C4722327	CURATED	10	NRAS,BRAF,HRAS,KRAS	4	4/237	4/14132	0.000512251329323933	14132	0.00525057612557031	combined_HrasG13R	HrasG13R	combined	Active
Liver carcinoma	C2239176	CURATED	646	PCLAF,CSPG4,KIF11,BRAF,PKM,ARHGAP11A,TFPI2,ASPM,MPO,NRAS,CCN1,KRAS,ZIC2,KIF14,HRAS,PIK3CA,CA2,ETFA,YAP1,PDIA3,RIT1,CHAF1B,LZTR1,ROBO1	24	24/237	24/14132	0.0005503337817583	14132	0.00530910236519772	combined_HrasG13R	HrasG13R	combined	Active
Noonan syndrome-like disorder with loose anagen hair	C1843181	CURATED	3	HRAS,SHOC2,PPP1CB	3	3/237	3/14132	0.000830927124100229	14132	0.00717221307118093	combined_HrasG13R	HrasG13R	combined	Active
Congenital Lipomatous Overgrowth, Vascular Malformations, and Epidermal Nevi	C2752042	CURATED	3	PIK3CA,PIK3R1,GNA11	3	3/237	3/14132	0.000830927124100229	14132	0.00717221307118093	combined_HrasG13R	HrasG13R	combined	Active
Penile Neoplasms	C0030849	CURATED	4	HRAS,KRAS,PIK3CA	3	3/237	3/14132	0.00164345325574935	14132	0.0112302639142872	combined_HrasG13R	HrasG13R	combined	Active
Nevus sebaceous	C3854181	CURATED	4	HRAS,NRAS,KRAS	3	3/237	3/14132	0.00164345325574935	14132	0.0112302639142872	combined_HrasG13R	HrasG13R	combined	Active
NEVUS, KERATINOCYTIC, NONEPIDERMOLYTIC	C4011754	CURATED	4	HRAS,PIK3CA,NRAS	3	3/237	3/14132	0.00164345325574935	14132	0.0112302639142872	combined_HrasG13R	HrasG13R	combined	Active
Nevus Sebaceus of Jadassohn	C4552097	CURATED	4	HRAS,KRAS,NRAS	3	3/237	3/14132	0.00164345325574935	14132	0.0112302639142872	combined_HrasG13R	HrasG13R	combined	Active
CAPILLARY MALFORMATION-ARTERIOVENOUS MALFORMATION 1	C4747394	CURATED	4	RASA1,PIK3CA,KRAS	3	3/237	3/14132	0.00164345325574935	14132	0.0112302639142872	combined_HrasG13R	HrasG13R	combined	Active
Colorectal Carcinoma	C0009402	CURATED	473	KRAS,RALGDS,BRAF,CCAR1,MPO,LAMB3,SF3A1,EFNB2,PSMC5,PIK3CA,PAK6,CORO1B,BCAS2,EPHA7,LMO7,MAP2,NRAS,FN1	18	18/237	18/14132	0.00263428005003697	14132	0.0172808771282425	combined_HrasG13R	HrasG13R	combined	Active
Congenital malformation syndromes associated with short stature	C0347915	CURATED	6	RIT1,BRAF,LZTR1	3	3/237	3/14132	0.00401833353358547	14132	0.0253464115195391	combined_HrasG13R	HrasG13R	combined	Active
Pilomyxoid astrocytoma	C1519086	CURATED	7	BRAF,RAF1,KRAS	3	3/237	3/14132	0.00556363003460162	14132	0.0314632870922298	combined_HrasG13R	HrasG13R	combined	Active
Congenital abnormality of vein	C2937220	CURATED	7	KRAS,EPHB4,GNA11	3	3/237	3/14132	0.00556363003460162	14132	0.0314632870922298	combined_HrasG13R	HrasG13R	combined	Active
THYROID CANCER, NONMEDULLARY, 2	C4225426	CURATED	7	NRAS,BRAF,HRAS	3	3/237	3/14132	0.00556363003460162	14132	0.0314632870922298	combined_HrasG13R	HrasG13R	combined	Active
Liver Cirrhosis	C0023890	CURATED	164	FLT1,LAMC2,RGN,F5,KRT18,MPO,THBS1,ABCB11,LGALS1	9	9/237	9/14132	0.00647191712966495	14132	0.0353798136421684	combined_HrasG13R	HrasG13R	combined	Active
Prostatic Neoplasms	C0033578	CURATED	660	HRAS,ID3,MPO,ZIC2,RAF1,ROBO1,PIK3CA,PIK3CD,PAK6,KRAS,P4HB,TPT1,HSP90B1,USP7,CSRP1,PIK3R1,ERP44,PDIA3,ALOXE3,BRAF,U2AF1	21	21/237	21/14132	0.00778143147444189	14132	0.0411662826389829	combined_HrasG13R	HrasG13R	combined	Active
Neuroblastoma	C0027819	CURATED	75	YAP1,RASSF5,CHAF1A,HRAS,NRAS,KRAS	6	6/237	6/14132	0.00847235404738155	14132	0.0434208144928304	combined_HrasG13R	HrasG13R	combined	Active
Follicular thyroid carcinoma	C0206682	CURATED	9	HRAS,KRAS,NRAS	3	3/237	3/14132	0.00932888667047152	14132	0.0449981592340391	combined_HrasG13R	HrasG13R	combined	Active
Amelogenesis imperfecta local hypoplastic form	C0399367	CURATED	9	SP6,LAMC2,LAMB3	3	3/237	3/14132	0.00932888667047152	14132	0.0449981592340391	combined_HrasG13R	HrasG13R	combined	Active
Congenital arteriovenous malformation	C0003857	CURATED	10	HRAS,EPHB4,PIK3CA	3	3/237	3/14132	0.0115330455057584	14132	0.0525394295262327	combined_HrasG13R	HrasG13R	combined	Active
SPINOCEREBELLAR ATAXIA 17	C1846707	CURATED	10	PDIA3,ATP5F1B,P4HB	3	3/237	3/14132	0.0115330455057584	14132	0.0525394295262327	combined_HrasG13R	HrasG13R	combined	Active
Differentiated Thyroid Gland Carcinoma	C1337013	CURATED	29	BRAF,KRAS,HRAS,NRAS	4	4/237	4/14132	0.0123386560329355	14132	0.0546902591730114	combined_HrasG13R	HrasG13R	combined	Active
Lung Neoplasms	C0024121	CURATED	269	MPO,EFNB2,PIK3CA,JUNB,CCN1,KRAS,BRAF,HRAS,ID3,RAF1,ROBO1	11	11/237	11/14132	0.0155143714762209	14132	0.0669567611079008	combined_HrasG13R	HrasG13R	combined	Active
Hypoxia	C0242184	CURATED	33	CS,ATP5F1B,ESD,MPO	4	4/237	4/14132	0.0175449023109689	14132	0.0737785635640743	combined_HrasG13R	HrasG13R	combined	Active
Squamous cell carcinoma of esophagus	C0279626	CURATED	127	PLCE1,EFNB2,FKBP1A,TAGLN,CA2,PFN1,BLVRB	7	7/237	7/14132	0.0201307883894407	14132	0.082160464722399	combined_HrasG13R	HrasG13R	combined	Active
Keloid	C0022548	CURATED	35	LGALS1,MYDGF,PFN1,TAGLN	4	4/237	4/14132	0.0205401161805998	14132	0.082160464722399	combined_HrasG13R	HrasG13R	combined	Active
Kidney Neoplasm	C0022665	CURATED	36	BRAF,RAF1,TPT1,RASSF5	4	4/237	4/14132	0.0221363919034256	14132	0.0845615994709464	combined_HrasG13R	HrasG13R	combined	Active
Carcinoma, Endometrioid	C0206687	CURATED	14	PIK3R1,HRAS,BRAF	3	3/237	3/14132	0.0223180668670327	14132	0.0845615994709464	combined_HrasG13R	HrasG13R	combined	Active
Adenocarcinoma of lung (disorder)	C0152013	CURATED	286	EPHA5,FLT1,RASA1,PIK3CA,IMPDH2,JUNB,RAF1,BRAF,KRAS,ANXA5,HRAS	11	11/237	11/14132	0.0226872583946442	14132	0.0845615994709464	combined_HrasG13R	HrasG13R	combined	Active
Chemical and Drug Induced Liver Injury	C4277682	CURATED	374	GSN,P4HB,POLR2G,RASA1,DBT,KRT18,THBS1,CANX,RGN,DLAT,BLVRB,ECHS1,FLT1	13	13/237	13/14132	0.0241362850997818	14132	0.0879633501414269	combined_HrasG13R	HrasG13R	combined	Active
Diffuse Large B-Cell Lymphoma	C0079744	CURATED	68	SF3A1,PIK3CA,BCAS2,PIK3CD,BRAF	5	5/237	5/14132	0.0272430323794761	14132	0.0914386026406734	combined_HrasG13R	HrasG13R	combined	Active
Colon Carcinoma	C0699790	CURATED	68	BRAF,FLT1,PIK3CA,EFNB2,NRAS	5	5/237	5/14132	0.0272430323794761	14132	0.0914386026406734	combined_HrasG13R	HrasG13R	combined	Active
Astrocytoma	C0004114	CURATED	39	BRAF,EPHA5,KRAS,DLL3	4	4/237	4/14132	0.0273200703011768	14132	0.0914386026406734	combined_HrasG13R	HrasG13R	combined	Active
Endometrial Carcinoma	C0476089	CURATED	39	HRAS,PIK3R1,PIK3CA,BRAF	4	4/237	4/14132	0.0273200703011768	14132	0.0914386026406734	combined_HrasG13R	HrasG13R	combined	Active
Basal Cell Neoplasm	C0206710	CURATED	141	UBAC2,FSCN1,MYH9,RASA1,CSPG4,PIK3CA,PELI2	7	7/237	7/14132	0.031551920648016	14132	0.101461078162247	combined_HrasG13R	HrasG13R	combined	Active
Malignant basal cell tumor	C1368295	CURATED	141	UBAC2,CSPG4,PELI2,RASA1,MYH9,PIK3CA,FSCN1	7	7/237	7/14132	0.031551920648016	14132	0.101461078162247	combined_HrasG13R	HrasG13R	combined	Active
Hemangiosarcoma	C0018923	CURATED	19	HRAS,KRAS,FLT1	3	3/237	3/14132	0.0397070693903317	14132	0.122867158113479	combined_HrasG13R	HrasG13R	combined	Active
Angiosarcoma nonmetastatic	C0854893	CURATED	19	FLT1,HRAS,KRAS	3	3/237	3/14132	0.0397070693903317	14132	0.122867158113479	combined_HrasG13R	HrasG13R	combined	Active
Squamous cell carcinoma	C0007137	CURATED	150	ITGA5,KRAS,FLT1,ANXA5,PIK3CA,RASA1,HRAS	7	7/237	7/14132	0.0407626639868641	14132	0.123797720256402	combined_HrasG13R	HrasG13R	combined	Active
Non-Small Cell Lung Carcinoma	C0007131	CURATED	276	LAMC2,LGALS1,NRAS,KRAS,HRAS,BRAF,PRKCB,RAF1,PIK3CA,CORO1C	10	10/237	10/14132	0.0434035999604207	14132	0.127806479111788	combined_HrasG13R	HrasG13R	combined	Active
Malignant neoplasm of gallbladder	C0153452	CURATED	20	PIK3CA,BRAF,KRAS	3	3/237	3/14132	0.0436412367698788	14132	0.127806479111788	combined_HrasG13R	HrasG13R	combined	Active
Small cell carcinoma of lung	C0149925	CURATED	80	PIK3R1,EPHA7,LAMC2,PAK6,LAMB3	5	5/237	5/14132	0.0453958064064968	14132	0.13061249562571	combined_HrasG13R	HrasG13R	combined	Active
Lip and Oral Cavity Carcinoma	C0220641	CURATED	21	HRAS,PIK3CA,BRAF	3	3/237	3/14132	0.0477135038009964	14132	0.134721301369904	combined_HrasG13R	HrasG13R	combined	Active
Non-Small Cell Adenocarcinoma	C1335060	CURATED	197	RASA1,IMPDH2,ANXA5,HRAS,BRAF,JUNB,KRAS,PIK3CA	8	8/237	8/14132	0.0484668096391729	14132	0.134721301369904	combined_HrasG13R	HrasG13R	combined	Active
Adenocarcinoma	C0001418	CURATED	121	PLCE1,ID3,ROBO1,CA2,PIK3CA,KRAS	6	6/237	6/14132	0.0529997189983416	14132	0.144865898595467	combined_HrasG13R	HrasG13R	combined	Active
Mouth Neoplasms	C0026640	CURATED	52	HRAS,KRAS,PIK3CA,ANXA5	4	4/237	4/14132	0.0564804820999416	14132	0.149811718534015	combined_HrasG13R	HrasG13R	combined	Active
Malignant Squamous Cell Neoplasm	C0751688	CURATED	124	PIK3CA,RASA1,ITGA5,ANXA5,HRAS,KRAS	6	6/237	6/14132	0.0577119250617137	14132	0.149811718534015	combined_HrasG13R	HrasG13R	combined	Active
Mammary Neoplasms	C1458155	CURATED	524	MYH9,FLT1,RAF1,THBS1,PIK3CA,TFPI2,EEF1B2,EPHB4,FN1,HRAS,ARAF,YAP1,KRAS,SFRP5,KRT18	15	15/237	15/14132	0.0584578205982469	14132	0.149811718534015	combined_HrasG13R	HrasG13R	combined	Active
Osteoporosis	C0029456	CURATED	87	U2AF1,PKM,P4HB,CA2,GSN	5	5/237	5/14132	0.0584631096718109	14132	0.149811718534015	combined_HrasG13R	HrasG13R	combined	Active
melanoma	C0025202	CURATED	250	TFPI2,GAB2,NRAS,JUNB,FLT1,BRAF,GNA11,HRAS,USP6NL	9	9/237	9/14132	0.0601246469309318	14132	0.151699109179582	combined_HrasG13R	HrasG13R	combined	Active
Carcinoma of lung	C0684249	CURATED	26	KRAS,BRAF,PIK3CA	3	3/237	3/14132	0.0699521994797695	14132	0.17129715907516	combined_HrasG13R	HrasG13R	combined	Active
Stomach Neoplasms	C0038356	CURATED	349	PIK3CA,BLVRB,CA2,KRAS,PRKCB,ANXA5,ITGA5,CNPY2,HRAS,ECHS1,PLCE1	11	11/237	11/14132	0.0699811564514373	14132	0.17129715907516	combined_HrasG13R	HrasG13R	combined	Active
Reperfusion Injury	C0035126	CURATED	95	ITGA5,THBS1,ID3,EFNB2,MPO	5	5/237	5/14132	0.0755894643576089	14132	0.182304002274233	combined_HrasG13R	HrasG13R	combined	Active
Distal spinal muscular atrophy	C0393541	CURATED	31	SPTAN1,NEFL,HSPB8	3	3/237	3/14132	0.0948506475949348	14132	0.222221517222419	combined_HrasG13R	HrasG13R	combined	Active
Cerebral Astrocytoma	C0750935	CURATED	31	BRAF,KRAS,DLL3	3	3/237	3/14132	0.0948506475949348	14132	0.222221517222419	combined_HrasG13R	HrasG13R	combined	Active
Liver neoplasms	C0023903	CURATED	146	EFNB2,HRAS,RAF1,BRAF,KRT18,KRAS	6	6/237	6/14132	0.0992915374779931	14132	0.229349466850576	combined_HrasG13R	HrasG13R	combined	Active
Squamous cell carcinoma of lung	C0149782	CURATED	67	KRAS,PIK3CA,HRAS,EPHA5	4	4/237	4/14132	0.102418051085836	14132	0.233285560806627	combined_HrasG13R	HrasG13R	combined	Active
Neurodevelopmental delay	C4022738	CURATED	238	PPP1CB,KIF11,ACTA1,RALA,ROBO1,SPTBN1,BRAF,PLOD3	8	8/237	8/14132	0.106228551728762	14132	0.238650444979686	combined_HrasG13R	HrasG13R	combined	Active
Glioma	C0017638	CURATED	109	BRAF,HRAS,RAF1,CHAF1A,CCN1	5	5/237	5/14132	0.110861716176648	14132	0.245693533148247	combined_HrasG13R	HrasG13R	combined	Active
Polycystic Kidney Diseases	C0022680	CURATED	35	PLCE1,PRKCSH,PIK3CA	3	3/237	3/14132	0.1162962815622	14132	0.25122358544053	combined_HrasG13R	HrasG13R	combined	Active
Neoplasm Invasiveness	C0027626	CURATED	198	FN1,ITGA5,GAB2,YAP1,HRAS,MYH9,PKM	7	7/237	7/14132	0.116420685935855	14132	0.25122358544053	combined_HrasG13R	HrasG13R	combined	Active
Malignant Glioma	C0555198	CURATED	112	RAF1,HRAS,BRAF,CHAF1A,CCN1	5	5/237	5/14132	0.119233160228853	14132	0.253951146461452	combined_HrasG13R	HrasG13R	combined	Active
Malignant neoplasm of lung	C0242379	CURATED	36	KRAS,PIK3CA,BRAF	3	3/237	3/14132	0.121835098600952	14132	0.256166104750719	combined_HrasG13R	HrasG13R	combined	Active
Weight Gain	C0043094	CURATED	115	MEST,GSN,ANXA5,PIK3CA,SPTBN1	5	5/237	5/14132	0.127869741681684	14132	0.265451109313876	combined_HrasG13R	HrasG13R	combined	Active
Colonic Neoplasms	C0009375	CURATED	160	NDRG2,ID3,F5,ITGA7,KRAS,TAGLN	6	6/237	6/14132	0.13183737760223	14132	0.270266624084572	combined_HrasG13R	HrasG13R	combined	Active
Hypertrophic Cardiomyopathy	C0007194	CURATED	164	RAF1,LZTR1,BRAF,NEBL,CS,HCN4	6	6/237	6/14132	0.141926026139331	14132	0.287356398603089	combined_HrasG13R	HrasG13R	combined	Active
Tetralogy of Fallot	C0039685	CURATED	40	EPHB4,FOXC2,ROBO1	3	3/237	3/14132	0.144587062267172	14132	0.288193808821	combined_HrasG13R	HrasG13R	combined	Active
Cardiomyopathy, Dilated	C0007193	CURATED	259	HCN4,LZTR1,PRKCB,ACTA1,RAF1,NEBL,CS,BRAF	8	8/237	8/14132	0.145854183732579	14132	0.288193808821	combined_HrasG13R	HrasG13R	combined	Active
Pre-Eclampsia	C0032914	CURATED	42	FLT1,ANXA5,F5	3	3/237	3/14132	0.156272377391549	14132	0.303955205296573	combined_HrasG13R	HrasG13R	combined	Active
Colorectal Neoplasms	C0009404	CURATED	363	YAP1,KRAS,PIK3CD,ABCB11,PIK3CA,PRKCB,NRAS,SFRP5,BRAF,TFPI2	10	10/237	10/14132	0.157537758842736	14132	0.303955205296573	combined_HrasG13R	HrasG13R	combined	Active
Malignant neoplasm of large intestine	C0346629	CURATED	173	KRAS,PIK3R1,PIK3CA,BRAF,PIK3CD,NRAS	6	6/237	6/14132	0.165793201684806	14132	0.316163779957071	combined_HrasG13R	HrasG13R	combined	Active
Thyroid Neoplasm	C0040136	CURATED	45	BRAF,HRAS,KRAS	3	3/237	3/14132	0.174114271198334	14132	0.323255568919942	combined_HrasG13R	HrasG13R	combined	Active
Malignant neoplasm of upper lobe, bronchus or lung	C0024624	CURATED	87	PIK3CA,KRAS,MPO,BRAF	4	4/237	4/14132	0.179367419339724	14132	0.323255568919942	combined_HrasG13R	HrasG13R	combined	Active
Malignant neoplasm of middle lobe, bronchus or lung	C0153491	CURATED	87	KRAS,MPO,BRAF,PIK3CA	4	4/237	4/14132	0.179367419339724	14132	0.323255568919942	combined_HrasG13R	HrasG13R	combined	Active
Malignant neoplasm of lower lobe, bronchus or lung	C0153492	CURATED	87	PIK3CA,KRAS,MPO,BRAF	4	4/237	4/14132	0.179367419339724	14132	0.323255568919942	combined_HrasG13R	HrasG13R	combined	Active
Malignant neoplasm of other parts of bronchus or lung	C0153493	CURATED	87	KRAS,PIK3CA,MPO,BRAF	4	4/237	4/14132	0.179367419339724	14132	0.323255568919942	combined_HrasG13R	HrasG13R	combined	Active
Adenocarcinoma of large intestine (disorder)	C1319315	CURATED	88	PRKCB,ARAF,BRAF,EPHA7	4	4/237	4/14132	0.183563535405705	14132	0.327221954418866	combined_HrasG13R	HrasG13R	combined	Active
Intellectual Disability	C3714756	CURATED	694	ROBO1,BRAF,PDIA3,ANKH,ASPM,EEF1B2,SPTAN1,USP7,RALA,YWHAG,HRAS,SVBP,SPTBN1,CHAMP1,NOVA2,CHAF1B	16	16/237	16/14132	0.189477469249238	14132	0.334132311364248	combined_HrasG13R	HrasG13R	combined	Active
Adult Cholangiocarcinoma	C0280725	CURATED	48	THBS1,BRAF,KRAS	3	3/237	3/14132	0.19226188856487	14132	0.335435635368496	combined_HrasG13R	HrasG13R	combined	Active
Nephrotic Syndrome	C0027726	CURATED	91	SYNPO,MYH9,FN1,PLCE1	4	4/237	4/14132	0.196304333434388	14132	0.33888327034989	combined_HrasG13R	HrasG13R	combined	Active
Kidney Diseases	C0022658	CURATED	140	MYH9,XPNPEP3,MPO,PLCE1,RGN	5	5/237	5/14132	0.208612199573485	14132	0.35637917427137	combined_HrasG13R	HrasG13R	combined	Active
Cholangiocarcinoma	C0206698	CURATED	52	THBS1,KRAS,BRAF	3	3/237	3/14132	0.216808170195253	14132	0.362821835836954	combined_HrasG13R	HrasG13R	combined	Active
Myelodysplasias, Hematopoetic	C2713368	CURATED	52	NRAS,KRAS,U2AF1	3	3/237	3/14132	0.216808170195253	14132	0.362821835836954	combined_HrasG13R	HrasG13R	combined	Active
Papillary thyroid carcinoma	C0238463	CURATED	53	NRAS,BRAF,HRAS	3	3/237	3/14132	0.2229905923256	14132	0.365704571413983	combined_HrasG13R	HrasG13R	combined	Active
Gastric Adenocarcinoma	C0278701	CURATED	53	EPHB4,PLCE1,EPHA2	3	3/237	3/14132	0.2229905923256	14132	0.365704571413983	combined_HrasG13R	HrasG13R	combined	Active
Multiple Myeloma	C0026764	CURATED	146	NRAS,BRAF,ROBO1,YAP1,KRAS	5	5/237	5/14132	0.229843547761572	14132	0.371786797938976	combined_HrasG13R	HrasG13R	combined	Active
Cardiomyopathy, Hypertrophic, Familial	C0949658	CURATED	99	KRAS,SHOC2,NEBL,RAF1	4	4/237	4/14132	0.23123325237668	14132	0.371786797938976	combined_HrasG13R	HrasG13R	combined	Active
Focal glomerulosclerosis	C0017668	CURATED	60	PLCE1,FN1,MYH9	3	3/237	3/14132	0.266533760693027	14132	0.424383851977247	combined_HrasG13R	HrasG13R	combined	Active
Non-specific syndromic intellectual disability	C5568766	CURATED	367	SVBP,PTRHD1,RALA,RALGDS,YWHAE,CHAMP1,NOVA2,SPTBN1,YWHAZ	9	9/237	9/14132	0.274944358476354	14132	0.433566103751174	combined_HrasG13R	HrasG13R	combined	Active
Squamous cell carcinoma of the head and neck	C1168401	CURATED	65	YAP1,JUNB,PIK3CA	3	3/237	3/14132	0.29767084363333	14132	0.464933508151107	combined_HrasG13R	HrasG13R	combined	Active
Autosomal recessive non-syndromic intellectual disability	C5680181	CURATED	67	EEF1B2,EEF1D,CEP104	3	3/237	3/14132	0.310078274608905	14132	0.475175968123599	combined_HrasG13R	HrasG13R	combined	Active
Arthrogryposis multiplex congenita	C5779613	CURATED	67	SENP7,ASPM,ACTA1	3	3/237	3/14132	0.310078274608905	14132	0.475175968123599	combined_HrasG13R	HrasG13R	combined	Active
Osteoarthrosis, localized, not specified whether primary or secondary	C0157946	CURATED	117	ESD,TFPI2,EDIL3,ETFA	4	4/237	4/14132	0.312920759496029	14132	0.475175968123599	combined_HrasG13R	HrasG13R	combined	Active
ovarian neoplasm	C0919267	CURATED	182	PIK3CA,YAP1,CRABP2,KRAS,PPP1CC	5	5/237	5/14132	0.36460936915322	14132	0.548586573771817	combined_HrasG13R	HrasG13R	combined	Active
Obesity	C0028754	CURATED	293	MYH9,SLC16A7,SUCLA2,PRKAR1A,FOXC2,ECHS1,CS	7	7/237	7/14132	0.36857677667714	14132	0.549514467045918	combined_HrasG13R	HrasG13R	combined	Active
Pancreatic Neoplasm	C0030297	CURATED	191	BRAF,TFPI2,THBS1,KRAS,MPO	5	5/237	5/14132	0.398844306185358	14132	0.568786662733901	combined_HrasG13R	HrasG13R	combined	Active
malignant neoplasm of head of pancreas	C0153458	CURATED	191	BRAF,TFPI2,MPO,KRAS,THBS1	5	5/237	5/14132	0.398844306185358	14132	0.568786662733901	combined_HrasG13R	HrasG13R	combined	Active
Malignant neoplasm of body of pancreas	C0153459	CURATED	191	BRAF,MPO,TFPI2,KRAS,THBS1	5	5/237	5/14132	0.398844306185358	14132	0.568786662733901	combined_HrasG13R	HrasG13R	combined	Active
Malignant neoplasm of tail of pancreas	C0153460	CURATED	191	MPO,TFPI2,BRAF,THBS1,KRAS	5	5/237	5/14132	0.398844306185358	14132	0.568786662733901	combined_HrasG13R	HrasG13R	combined	Active
Malignant neoplasm of other specified sites of pancreas	C0153463	CURATED	191	THBS1,KRAS,BRAF,MPO,TFPI2	5	5/237	5/14132	0.398844306185358	14132	0.568786662733901	combined_HrasG13R	HrasG13R	combined	Active
Developmental Disabilities	C0008073	CURATED	149	KIF11,LZTR1,NEFL,SPTAN1	4	4/237	4/14132	0.457620613976753	14132	0.646980868036099	combined_HrasG13R	HrasG13R	combined	Active
Congenital heart disease	C0152021	CURATED	95	RIT1,ROBO1,CSRP1	3	3/237	3/14132	0.475127173883681	14132	0.660617334748028	combined_HrasG13R	HrasG13R	combined	Active
Global developmental delay	C0557874	CURATED	388	EEF1B2,CEP104,PIK3CA,EPHA5,CHAF1B,BRAF,NFE2L1,SUCLA2	8	8/237	8/14132	0.476323449599274	14132	0.660617334748028	combined_HrasG13R	HrasG13R	combined	Active
Malignant neoplasm of breast	C0006142	CURATED	744	KRAS,LZTR1,MYH9,PIK3CA,VPS72,HDAC7,ROBO1,BCAS2,SPTAN1,FN1,GSN,RGL1,F5,ARHGAP11A	14	14/237	14/14132	0.480316625273257	14132	0.660617334748028	combined_HrasG13R	HrasG13R	combined	Active
Adenoid Cystic Carcinoma	C0010606	CURATED	97	HRAS,ASPM,PIK3CA	3	3/237	3/14132	0.486034175468834	14132	0.660617334748028	combined_HrasG13R	HrasG13R	combined	Active
Adult Glioblastoma	C0278878	CURATED	98	NRAS,LZTR1,FN1	3	3/237	3/14132	0.49143484658085	14132	0.660617334748028	combined_HrasG13R	HrasG13R	combined	Active
Primary Glioblastoma	C1514422	CURATED	98	FN1,LZTR1,NRAS	3	3/237	3/14132	0.49143484658085	14132	0.660617334748028	combined_HrasG13R	HrasG13R	combined	Active
Malignant neoplasm of urinary bladder	C0005684	CURATED	218	HRAS,PIK3CA,USP7,MPO,KRAS	5	5/237	5/14132	0.498838633932942	14132	0.665118178577256	combined_HrasG13R	HrasG13R	combined	Active
Sensorineural Hearing Loss (disorder)	C0018784	CURATED	103	F5,MYH9,NEFL	3	3/237	3/14132	0.517896653236047	14132	0.678345438282456	combined_HrasG13R	HrasG13R	combined	Active
Glioblastoma	C0017636	CURATED	104	FN1,NRAS,LZTR1	3	3/237	3/14132	0.523078710030135	14132	0.678345438282456	combined_HrasG13R	HrasG13R	combined	Active
Endometriosis	C0014175	CURATED	165	ARHGAP28,KRAS,ANKH,TAGLN	4	4/237	4/14132	0.525304089401658	14132	0.678345438282456	combined_HrasG13R	HrasG13R	combined	Active
Mental Retardation	C0025362	CURATED	165	KRAS,EEF1B2,RALGDS,SC5D	4	4/237	4/14132	0.525304089401658	14132	0.678345438282456	combined_HrasG13R	HrasG13R	combined	Active
Mood Disorders	C0525045	CURATED	168	HCN4,MAP2,KCTD12,SIRT2	4	4/237	4/14132	0.537478304407862	14132	0.684477526372985	combined_HrasG13R	HrasG13R	combined	Active
Kidney Failure, Chronic	C0022661	CURATED	107	MPO,F5,MYH9	3	3/237	3/14132	0.538400005500701	14132	0.684477526372985	combined_HrasG13R	HrasG13R	combined	Active
Microcephaly (physical finding)	C4551563	CURATED	357	SCRIB,YWHAG,SPTAN1,ZIC2,ASPM,SVBP,KIF11	7	7/237	7/14132	0.555601049202303	14132	0.700912092839828	combined_HrasG13R	HrasG13R	combined	Active
Bipolar Disorder	C0005586	CURATED	483	CSRP1,HSP90B1,NEFL,YWHAZ,KCTD12,YWHAE,YWHAH,SP8,MAP2	9	9/237	9/14132	0.564833014133346	14132	0.707119193266173	combined_HrasG13R	HrasG13R	combined	Active
Peripheral Neuropathy	C0031117	CURATED	116	HSPB8,SPTAN1,NEFL	3	3/237	3/14132	0.582302613326046	14132	0.72346688322327	combined_HrasG13R	HrasG13R	combined	Active
Optic Atrophy	C0029124	CURATED	189	RDH12,ITM2B,KIF11,RP9	4	4/237	4/14132	0.61745889552702	14132	0.754432711776529	combined_HrasG13R	HrasG13R	combined	Active
Lupus Erythematosus, Systemic	C0024141	CURATED	124	CHAF1A,C4A,CA2	3	3/237	3/14132	0.618693819084716	14132	0.754432711776529	combined_HrasG13R	HrasG13R	combined	Active
Neoplastic Syndromes, Hereditary	C0027672	CURATED	190	PIK3CA,LZTR1,HRAS,PRKAR1A	4	4/237	4/14132	0.62102692737702	14132	0.754432711776529	combined_HrasG13R	HrasG13R	combined	Active
HIV Infections	C0019693	CURATED	127	U2AF1,HSPH1,PSMC5	3	3/237	3/14132	0.631700361306512	14132	0.761293558364479	combined_HrasG13R	HrasG13R	combined	Active
Thrombocytopenia	C0040034	CURATED	128	ACTN1,RAP1B,MYH9	3	3/237	3/14132	0.635958643267888	14132	0.761293558364479	combined_HrasG13R	HrasG13R	combined	Active
Bladder Neoplasm	C0005695	CURATED	206	USP7,MPO,KRAS,HRAS	4	4/237	4/14132	0.675018614757603	14132	0.781242170087088	combined_HrasG13R	HrasG13R	combined	Active
Acute polyarticular juvenile rheumatoid arthritis	C0157916	CURATED	138	THBS1,KRAS,MAP2	3	3/237	3/14132	0.676441391172967	14132	0.781242170087088	combined_HrasG13R	HrasG13R	combined	Active
Pauciarticular juvenile rheumatoid arthritis	C0157917	CURATED	138	MAP2,THBS1,KRAS	3	3/237	3/14132	0.676441391172967	14132	0.781242170087088	combined_HrasG13R	HrasG13R	combined	Active
Monoarticular juvenile rheumatoid arthritis	C0157918	CURATED	138	MAP2,KRAS,THBS1	3	3/237	3/14132	0.676441391172967	14132	0.781242170087088	combined_HrasG13R	HrasG13R	combined	Active
Juvenile Chronic Polyarthritis	C0409667	CURATED	138	KRAS,THBS1,MAP2	3	3/237	3/14132	0.676441391172967	14132	0.781242170087088	combined_HrasG13R	HrasG13R	combined	Active
Leukemia, Myelocytic, Acute	C0023467	CURATED	210	TFPI2,KRAS,ANXA5,NRAS	4	4/237	4/14132	0.687600024172011	14132	0.78857625149797	combined_HrasG13R	HrasG13R	combined	Active
Neurodevelopmental Disorders	C1535926	CURATED	674	PSMC5,CHAMP1,KIF11,EEF1B2,USP7,EEF1D,SPTBN1,MDM1,SPTAN1,U2AF2,RALGDS	11	11/237	11/14132	0.699243006331237	14132	0.796360090543909	combined_HrasG13R	HrasG13R	combined	Active
Craniofacial Abnormalities	C0376634	CURATED	150	ANKH,DLL3,FOXC2	3	3/237	3/14132	0.720118548523083	14132	0.80992907493068	combined_HrasG13R	HrasG13R	combined	Active
Rheumatoid Arthritis	C0003873	CURATED	222	TFPI2,CA2,CCN1,MPO	4	4/237	4/14132	0.723156635931726	14132	0.80992907493068	combined_HrasG13R	HrasG13R	combined	Active
Cardiomyopathies	C0878544	CURATED	223	NEBL,YWHAH,HCN4,CS	4	4/237	4/14132	0.725973012285426	14132	0.80992907493068	combined_HrasG13R	HrasG13R	combined	Active
Major Depressive Disorder	C1269683	CURATED	229	MAP2,PRKCB,LSAMP,NEFL	4	4/237	4/14132	0.74240472374142	14132	0.812900422731769	combined_HrasG13R	HrasG13R	combined	Active
Hereditary Breast and Ovarian Cancer Syndrome	C0677776	CURATED	158	ID3,KRAS,RALGDS	3	3/237	3/14132	0.746406535764016	14132	0.812900422731769	combined_HrasG13R	HrasG13R	combined	Active
Unipolar Depression	C0041696	CURATED	231	MAP2,LSAMP,PRKCB,NEFL	4	4/237	4/14132	0.747705855060884	14132	0.812900422731769	combined_HrasG13R	HrasG13R	combined	Active
Autism Spectrum Disorders	C1510586	CURATED	572	ALOXE3,CORO1A,THBS1,LZTR1,CA2,FLT1,AFDN,CEP104,SCRIB	9	9/237	9/14132	0.748463194100592	14132	0.812900422731769	combined_HrasG13R	HrasG13R	combined	Active
Short stature	C0349588	CURATED	162	RIT1,LZTR1,ROBO1	3	3/237	3/14132	0.75874141020841	14132	0.817780968920373	combined_HrasG13R	HrasG13R	combined	Active
Seizures	C0036572	CURATED	308	EEF1B2,ALG11,YWHAG,PIK3CA,SPTAN1	5	5/237	5/14132	0.762929806370836	14132	0.817780968920373	combined_HrasG13R	HrasG13R	combined	Active
Necrotizing encephalopathy, infantile subacute, of Leigh	C2931891	CURATED	168	ECHS1,DLAT,SUCLA2	3	3/237	3/14132	0.776273030010001	14132	0.82668036962104	combined_HrasG13R	HrasG13R	combined	Active
Renal Cell Carcinoma	C0007134	CURATED	180	PIK3CA,FLT1,C4A	3	3/237	3/14132	0.808028992353461	14132	0.854946804812694	combined_HrasG13R	HrasG13R	combined	Active
Myocardial Ischemia	C0151744	CURATED	338	CANX,ID3,DLAT,JUNB,P4HB	5	5/237	5/14132	0.822384274438789	14132	0.864557826974111	combined_HrasG13R	HrasG13R	combined	Active
Schizophrenia	C0036341	CURATED	1047	THBS1,TPT1,GSN,NEFL,MDM1,KCTD12,YWHAE,CRMP1,ZIC2,PIK3CA,PIK3CD,LSAMP,CSPG4,EFNB2,PAICS	15	15/237	15/14132	0.845679980965135	14132	0.883385457823453	combined_HrasG13R	HrasG13R	combined	Active
Autistic Disorder	C0004352	CURATED	433	LAMB3,ROBO1,PRKCB,LZTR1,ZNF776,HRAS	6	6/237	6/14132	0.855882192813283	14132	0.888384048236572	combined_HrasG13R	HrasG13R	combined	Active
Alzheimer's Disease	C0002395	CURATED	211	MPO,PIK3R1,DLST	3	3/237	3/14132	0.872268465107535	14132	0.899698291054313	combined_HrasG13R	HrasG13R	combined	Active
Retinitis Pigmentosa	C0035334	CURATED	235	RP9,RDH12,KIF11	3	3/237	3/14132	0.907756990291837	14132	0.930450915049133	combined_HrasG13R	HrasG13R	combined	Active
Diabetes Mellitus, Non-Insulin-Dependent	C0011860	CURATED	331	PRKCB,PIK3R1,FOXC2,BRAF	4	4/237	4/14132	0.918980528659903	14132	0.936104389442386	combined_HrasG13R	HrasG13R	combined	Active
Malignant neoplasm of prostate	C0376358	CURATED	629	ZNF776,PIK3CA,FBH1,DLAT,KMT5A,PIK3R1,CHAF1B	7	7/237	7/14132	0.955817473799229	14132	0.967617689525146	combined_HrasG13R	HrasG13R	combined	Active
Hypertensive disease	C0020538	CURATED	301	MYH9,ITM2B,FN1	3	3/237	3/14132	0.96362410429507	14132	0.968131835230333	combined_HrasG13R	HrasG13R	combined	Active
Retinal Dystrophies	C0854723	CURATED	405	KIF11,RP9,RDH12,CLUAP1	4	4/237	4/14132	0.968131835230333	14132	0.968131835230333	combined_HrasG13R	HrasG13R	combined	Active
Hypertrophy	C0020564	CURATED	19	MAPK3,CDKN1A,MAPK1	3	3/89	3/14132	0.00625515035357076	14132	0.193909660960694	combined_ERK1AA	ERK1AA	combined	Inactive
Polycystic Ovary Syndrome	C0032460	CURATED	138	TMEFF2,ASPM,GAB1,HMMR	4	4/89	4/14132	0.0564161663953523	14132	0.421983148642744	combined_ERK1AA	ERK1AA	combined	Inactive
Pulmonary Hypertension	C0020542	CURATED	63	F5,MAPK1,MAPK3	3	3/89	3/14132	0.0598109665211713	14132	0.421983148642744	combined_ERK1AA	ERK1AA	combined	Inactive
Brain Ischemia	C0007786	CURATED	70	MAPK3,MAPK1,F5	3	3/89	3/14132	0.0719242890371625	14132	0.421983148642744	combined_ERK1AA	ERK1AA	combined	Inactive
Mood Disorders	C0525045	CURATED	168	VGF,HCN4,FKBP5,HSP90AA1	4	4/89	4/14132	0.0895933000276546	14132	0.421983148642744	combined_ERK1AA	ERK1AA	combined	Inactive
Adenocarcinoma of large intestine (disorder)	C1319315	CURATED	88	MAPK3,RPS6KA2,MAPK1	3	3/89	3/14132	0.106161108134905	14132	0.421983148642744	combined_ERK1AA	ERK1AA	combined	Inactive
Congenital heart disease	C0152021	CURATED	95	SOX7,RAI2,CSRP1	3	3/89	3/14132	0.120462565321998	14132	0.421983148642744	combined_ERK1AA	ERK1AA	combined	Inactive
Prostatic Neoplasms	C0033578	CURATED	660	HSP90AB1,ERF,MAP2K2,CSRP1,ETV3,TMEFF2,MAPK3,CDKN1A	8	8/89	8/14132	0.121952006418907	14132	0.421983148642744	combined_ERK1AA	ERK1AA	combined	Inactive
Cocaine-Related Disorders	C0236736	CURATED	112	MAPK3,RPS6KA5,MAPK1	3	3/89	3/14132	0.156919074938453	14132	0.421983148642744	combined_ERK1AA	ERK1AA	combined	Inactive
Cardiomyopathies	C0878544	CURATED	223	MAPK3,HCN4,MAPK1,MYPN	4	4/89	4/14132	0.165938229693332	14132	0.421983148642744	combined_ERK1AA	ERK1AA	combined	Inactive
Major Depressive Disorder	C1269683	CURATED	229	HSP90AA1,PEA15,LSAMP,FKBP5	4	4/89	4/14132	0.175206301726574	14132	0.421983148642744	combined_ERK1AA	ERK1AA	combined	Inactive
Unipolar Depression	C0041696	CURATED	231	HSP90AA1,LSAMP,PEA15,FKBP5	4	4/89	4/14132	0.178328172021728	14132	0.421983148642744	combined_ERK1AA	ERK1AA	combined	Inactive
HIV Infections	C0019693	CURATED	127	HSP90AA1,CDKN1A,HSP90AB1	3	3/89	3/14132	0.190573034870917	14132	0.421983148642744	combined_ERK1AA	ERK1AA	combined	Inactive
Squamous cell carcinoma of esophagus	C0279626	CURATED	127	CDKN1A,TAGLN,EPB41L3	3	3/89	3/14132	0.190573034870917	14132	0.421983148642744	combined_ERK1AA	ERK1AA	combined	Inactive
Mammary Neoplasms	C1458155	CURATED	524	THBS1,H2BC12,EPB41L3,ANKRD34A,HMMR,HSP90AA1	6	6/89	6/14132	0.234526583543629	14132	0.465304549075873	combined_ERK1AA	ERK1AA	combined	Inactive
Lung Neoplasms	C0024121	CURATED	269	CDKN1A,MAPK1,MAPK3,SMARCC1	4	4/89	4/14132	0.240157186619806	14132	0.465304549075873	combined_ERK1AA	ERK1AA	combined	Inactive
Colonic Neoplasms	C0009375	CURATED	160	CDKN1A,F5,TAGLN	3	3/89	3/14132	0.267059116127553	14132	0.48408379766462	combined_ERK1AA	ERK1AA	combined	Inactive
Atrial Fibrillation	C0004238	CURATED	166	HCN4,MYPN,CDKN1A	3	3/89	3/14132	0.281080914773005	14132	0.48408379766462	combined_ERK1AA	ERK1AA	combined	Inactive
Neoplasm Invasiveness	C0027626	CURATED	198	MAPK1,MAPK3,RPS6KA3	3	3/89	3/14132	0.35516096974913	14132	0.542231572363534	combined_ERK1AA	ERK1AA	combined	Inactive
Bipolar Disorder	C0005586	CURATED	483	CSRP1,FKBP5,MAPK1,RPS6KA2,VGF	5	5/89	5/14132	0.362283472994823	14132	0.542231572363534	combined_ERK1AA	ERK1AA	combined	Inactive
Stomach Neoplasms	C0038356	CURATED	349	MAPK3,CDKN1A,IRS2,MAPK1	4	4/89	4/14132	0.377531454944893	14132	0.542231572363534	combined_ERK1AA	ERK1AA	combined	Inactive
Liver carcinoma	C2239176	CURATED	646	SLIT2,FAM83D,IRS2,ASPM,RPS6KA3,HMMR	6	6/89	6/14132	0.384809502967669	14132	0.542231572363534	combined_ERK1AA	ERK1AA	combined	Inactive
melanoma	C0025202	CURATED	250	RAP1GAP,MAPK1,MAP2K2	3	3/89	3/14132	0.469023952107763	14132	0.632162718058289	combined_ERK1AA	ERK1AA	combined	Inactive
Depressive disorder	C0011581	CURATED	272	FKBP5,MAPK3,VGF	3	3/89	3/14132	0.513603150378634	14132	0.663362020646503	combined_ERK1AA	ERK1AA	combined	Inactive
Mental Depression	C0011570	CURATED	283	FKBP5,MAPK3,VGF	3	3/89	3/14132	0.534969371489115	14132	0.663362020646503	combined_ERK1AA	ERK1AA	combined	Inactive
Malignant neoplasm of breast	C0006142	CURATED	744	GAB1,RPS6KA3,F5,RAP1GAP,HMMR	5	5/89	5/14132	0.696079367771814	14132	0.808754039039838	combined_ERK1AA	ERK1AA	combined	Inactive
Autism Spectrum Disorders	C1510586	CURATED	572	PARD3B,THBS1,RPS6KA2,SMARCC1	4	4/89	4/14132	0.70439867916373	14132	0.808754039039838	combined_ERK1AA	ERK1AA	combined	Inactive
Schizophrenia	C0036341	CURATED	1047	THBS1,PARD3B,MAPK1,CRMP1,MAPK3,LSAMP	6	6/89	6/14132	0.798189946894693	14132	0.883710298347696	combined_ERK1AA	ERK1AA	combined	Inactive
Malignant neoplasm of prostate	C0376358	CURATED	629	CDKN2AIP,KMT5A,TMEFF2	3	3/89	3/14132	0.911226226910439	14132	0.937242006319126	combined_ERK1AA	ERK1AA	combined	Inactive
Neurodevelopmental Disorders	C1535926	CURATED	674	PARD3B,ERF,MRTFB	3	3/89	3/14132	0.930113229984362	14132	0.937242006319126	combined_ERK1AA	ERK1AA	combined	Inactive
Intellectual Disability	C3714756	CURATED	694	MAPK1,ASPM,RPS6KA3	3	3/89	3/14132	0.937242006319126	14132	0.937242006319126	combined_ERK1AA	ERK1AA	combined	Inactive
HIV Infections	C0019693	CURATED	127	CCT5,PSMD13,CCT3,SIRT1,HSP90AA1,U2AF1,DNAJC7,CDKN1A,CCT7,RAB32,HSP90AB1,MDM2,PSMA6,PSMC5	14	14/388	14/14132	4.62295926620537e-05	14132	0.0103554287563	combined_Raf1S257L	Raf1S257L	combined	Active
Costello syndrome (disorder)	C0587248	CURATED	13	MAP2K1,MAP2K2,RAF1,SPRED1,HRAS	5	5/388	5/14132	0.00032858244294259	14132	0.0368012336095701	combined_Raf1S257L	Raf1S257L	combined	Active
LEOPARD Syndrome	C0175704	CURATED	9	MAP2K1,RAF1,EPHA2,MAP2K2	4	4/388	4/14132	0.00152499444296747	14132	0.0934808049525799	combined_Raf1S257L	Raf1S257L	combined	Active
Miller-McKusick-Malvaux-Syndrome (3M Syndrome)	C1848862	CURATED	3	OBSL1,CUL7,CCDC8	3	3/388	3/14132	0.00221465055454829	14132	0.0934808049525799	combined_Raf1S257L	Raf1S257L	combined	Active
THREE M SYNDROME 3	C3280146	CURATED	3	CCDC8,CUL7,OBSL1	3	3/388	3/14132	0.00221465055454829	14132	0.0934808049525799	combined_Raf1S257L	Raf1S257L	combined	Active
Noonan Syndrome	C0028326	CURATED	35	EPHA2,HRAS,MAP2K2,RAF1,SPRED1,MAP2K1	6	6/388	6/14132	0.00250395013265839	14132	0.0934808049525799	combined_Raf1S257L	Raf1S257L	combined	Active
Non-Small Cell Adenocarcinoma	C1335060	CURATED	197	SPOP,TOMM40,CCT5,UBR5,SLC19A1,UCK2,SFN,HRAS,POLR1D,MAP2K1,DNMT3B,JUNB,IPO5,PIK3CA	14	14/388	14/14132	0.00313553910074323	14132	0.100337251223784	combined_Raf1S257L	Raf1S257L	combined	Active
Noonan syndrome and Noonan-related syndrome	C5681679	CURATED	25	HRAS,MAP2K1,MAP2K2,SPRED1,RAF1	5	5/388	5/14132	0.00448097338893224	14132	0.102813494169227	combined_Raf1S257L	Raf1S257L	combined	Active
Prostatic Neoplasms	C0033578	CURATED	660	HRAS,HSP90AB1,SELENOS,RAF1,KEAP1,ETV4,PIK3CA,TCP1,GUCD1,GDF15,EGR1,MTHFR,MAP2K2,TGFB1,SPOP,UXT,CSRP1,DNMT3B,TTC9C,MDM2,PIK3R1,PIK3R2,PRKACB,SIRT1,LIG4,MAP2K1,ZFP36L2,U2AF1,UCK2,CDKN1A,CHGA	31	31/388	31/14132	0.00475717256278555	14132	0.102813494169227	combined_Raf1S257L	Raf1S257L	combined	Active
Basal Cell Neoplasm	C0206710	CURATED	141	CHGA,SH3BP4,UBAC2,FSCN1,PNMA1,LRIG3,CSPG4,PIK3CA,PROCR,PPP6C,IRS4	11	11/388	11/14132	0.00553038485563212	14132	0.102813494169227	combined_Raf1S257L	Raf1S257L	combined	Active
Malignant basal cell tumor	C1368295	CURATED	141	CHGA,UBAC2,IRS4,CSPG4,PNMA1,LRIG3,PPP6C,PROCR,SH3BP4,PIK3CA,FSCN1	11	11/388	11/14132	0.00553038485563212	14132	0.102813494169227	combined_Raf1S257L	Raf1S257L	combined	Active
Vascular anomaly	C0158570	CURATED	14	HRAS,PIK3R1,MAP2K1,PIK3CA	4	4/388	4/14132	0.0059668545723212	14132	0.102813494169227	combined_Raf1S257L	Raf1S257L	combined	Active
Cardio-facio-cutaneous syndrome	C1275081	CURATED	14	MAP2K1,HRAS,MAP2K2,RAF1	4	4/388	4/14132	0.0059668545723212	14132	0.102813494169227	combined_Raf1S257L	Raf1S257L	combined	Active
Adenocarcinoma of colon	C0338106	CURATED	31	PIK3R3,PIK3CA,TGFB1,UBR5,PPP2R1B	5	5/388	5/14132	0.00979666208500241	14132	0.156746593360039	combined_Raf1S257L	Raf1S257L	combined	Active
Adenocarcinoma of lung (disorder)	C0152013	CURATED	286	UBR5,PIK3CA,KEAP1,UCK2,MAP2K1,SLC19A1,SFN,JUNB,IPO5,RAF1,TOMM40,SPOP,POLR1D,CCT5,HRAS,DNMT3B	16	16/388	16/14132	0.0127520605392524	14132	0.171877502250195	combined_Raf1S257L	Raf1S257L	combined	Active
Non-specific syndromic intellectual disability	C5568766	CURATED	367	FBXO11,CCT6A,PSMD11,PSMD12,HUWE1,FEM1B,CCT7,MAPK8IP3,YWHAE,BRSK2,EEF1A2,NOVA2,SPTBN1,CCT5,DNAJA1,YWHAZ,DNAJA3,CCT4,CCT8	19	19/388	19/14132	0.0128813931224116	14132	0.171877502250195	combined_Raf1S257L	Raf1S257L	combined	Active
Carcinoma	C0007097	CURATED	163	PKM,URI1,SCD,SGK1,YWHAZ,DNMT3B,PIK3R1,CORO1A,FN1,HRAS,TGFB1	11	11/388	11/14132	0.0145788952801504	14132	0.171877502250195	combined_Raf1S257L	Raf1S257L	combined	Active
Malignant epithelioma	C0553707	CURATED	163	FN1,HRAS,TGFB1,URI1,CORO1A,DNMT3B,YWHAZ,SGK1,PIK3R1,PKM,SCD	11	11/388	11/14132	0.0145788952801504	14132	0.171877502250195	combined_Raf1S257L	Raf1S257L	combined	Active
Epithelioma	C1368683	CURATED	163	PIK3R1,DNMT3B,HRAS,CORO1A,TGFB1,YWHAZ,URI1,PKM,FN1,SCD,SGK1	11	11/388	11/14132	0.0145788952801504	14132	0.171877502250195	combined_Raf1S257L	Raf1S257L	combined	Active
Cholangitis	C0008311	CURATED	8	CA2,EGR1,TIMP1	3	3/388	3/14132	0.0188671451583986	14132	0.201825850698471	combined_Raf1S257L	Raf1S257L	combined	Active
Noonan Syndrome 1	C4551602	CURATED	21	HRAS,MAP2K1,MAP2K2,RAF1	4	4/388	4/14132	0.0189211735029816	14132	0.201825850698471	combined_Raf1S257L	Raf1S257L	combined	Active
Colorectal Neoplasms	C0009404	CURATED	363	SH2B3,AMER1,KDM2A,DICER1,BAMBI,LIG4,FADS1,TGFB1,SPOP,FADS2,PIK3CA,ZFP36L2,SFRP5,IER2,MTHFR,STIP1,SLC19A1,TFPI2	18	18/388	18/14132	0.0229858152077524	14132	0.234037391206206	combined_Raf1S257L	Raf1S257L	combined	Active
Congenital arteriovenous malformation	C0003857	CURATED	10	HRAS,MAP2K1,PIK3CA	3	3/388	3/14132	0.029243956226042	14132	0.27688398190974	combined_Raf1S257L	Raf1S257L	combined	Active
Inflammation	C0021368	CURATED	134	TIMP1,TAC1,SH2B3,PROCR,SELENOS,TGFB1,ZFP36,F2RL1,EGR1	9	9/388	9/14132	0.0314837017927943	14132	0.27688398190974	combined_Raf1S257L	Raf1S257L	combined	Active
Impaired glucose tolerance (disorder)	C0271650	CURATED	44	PRDX4,SQSTM1,PIK3R1,SIRT1,SCD	5	5/388	5/14132	0.0320470966774073	14132	0.27688398190974	combined_Raf1S257L	Raf1S257L	combined	Active
Mammary Neoplasms	C1458155	CURATED	524	NISCH,DICER1,RAF1,THBS1,PIK3CA,TFPI2,EEF1B2,ETV4,FN1,HRAS,CCT5,SIRT1,FOS,AREG,MDM2,DNMT3B,ETS2,SFRP5,NR2F1,LIMD2,HSP90AA1,KRT18,MTHFR	23	23/388	23/14132	0.0321383193288091	14132	0.27688398190974	combined_Raf1S257L	Raf1S257L	combined	Active
Papilloma	C0030354	CURATED	11	TGFB1,CDKN1A,HRAS	3	3/388	3/14132	0.0351036367573948	14132	0.278962947861413	combined_Raf1S257L	Raf1S257L	combined	Active
Papillomatosis	C0205875	CURATED	11	CDKN1A,TGFB1,HRAS	3	3/388	3/14132	0.0351036367573948	14132	0.278962947861413	combined_Raf1S257L	Raf1S257L	combined	Active
Rheumatic aortic regurgitation	C0155568	CURATED	12	FN1,TIMP1,TGFB1	3	3/388	3/14132	0.0413730924126561	14132	0.278962947861413	combined_Raf1S257L	Raf1S257L	combined	Active
Muscular Dystrophy, Facioscapulohumeral	C0238288	CURATED	12	CDKN1A,DNMT3B,ACAN	3	3/388	3/14132	0.0413730924126561	14132	0.278962947861413	combined_Raf1S257L	Raf1S257L	combined	Active
Tonic-Clonic Seizures	C0494475	CURATED	12	MTHFR,SPTAN1,YWHAG	3	3/388	3/14132	0.0413730924126561	14132	0.278962947861413	combined_Raf1S257L	Raf1S257L	combined	Active
Non-Small Cell Lung Carcinoma	C0007131	CURATED	276	KEAP1,PHLDA2,MAP2K1,SDC4,CHGA,SDHC,HRAS,KDM2A,RAF1,FBXO11,AREG,MDM2,PIK3CA,SELENOS	14	14/388	14/14132	0.0416173612937561	14132	0.278962947861413	combined_Raf1S257L	Raf1S257L	combined	Active
Adult Cholangiocarcinoma	C0280725	CURATED	48	PRKACB,THBS1,PREX2,PRKACA,MTHFR	5	5/388	5/14132	0.0422182095792331	14132	0.278962947861413	combined_Raf1S257L	Raf1S257L	combined	Active
Mood Disorders	C0525045	CURATED	168	SIRT1,VGF,DNMT3B,FKBP5,MTHFR,NTS,TAC1,TGFB1,HSP90AA1,KCTD12	10	10/388	10/14132	0.0423425903003931	14132	0.278962947861413	combined_Raf1S257L	Raf1S257L	combined	Active
Biliary cirrhosis	C0023892	CURATED	49	LBR,TGFB1,CENPB,CA2,KEAP1	5	5/388	5/14132	0.0450140663290678	14132	0.288090024506034	combined_Raf1S257L	Raf1S257L	combined	Active
Aortic Valve Insufficiency	C0003504	CURATED	13	FN1,TIMP1,TGFB1	3	3/388	3/14132	0.0480255289799514	14132	0.290749148419165	combined_Raf1S257L	Raf1S257L	combined	Active
Mitral and aortic incompetence	C0264774	CURATED	13	FN1,TIMP1,TGFB1	3	3/388	3/14132	0.0480255289799514	14132	0.290749148419165	combined_Raf1S257L	Raf1S257L	combined	Active
Primary Biliary Cholangitis	C0008312	CURATED	52	LBR,CA2,TGFB1,KEAP1,CENPB	5	5/388	5/14132	0.054007284589059	14132	0.310195685844852	combined_Raf1S257L	Raf1S257L	combined	Active
Cholangiocarcinoma	C0206698	CURATED	52	PRKACA,THBS1,PREX2,PRKACB,MTHFR	5	5/388	5/14132	0.054007284589059	14132	0.310195685844852	combined_Raf1S257L	Raf1S257L	combined	Active
RASopathy	C5555857	CURATED	32	HRAS,MAP2K1,MAP2K2,RAF1	4	4/388	4/14132	0.0566458656265242	14132	0.317216847508535	combined_Raf1S257L	Raf1S257L	combined	Active
Insulin Resistance	C0021655	CURATED	77	SIRT1,PIK3R1,SQSTM1,PRKAR1A,SCD,TBC1D4	6	6/388	6/14132	0.0603745389667697	14132	0.325812370863753	combined_Raf1S257L	Raf1S257L	combined	Active
Cholestasis, Extrahepatic	C0005398	CURATED	33	TIMP1,KEAP1,TGFB1,FOS	4	4/388	4/14132	0.0610898195369536	14132	0.325812370863753	combined_Raf1S257L	Raf1S257L	combined	Active
Lung Neoplasms	C0024121	CURATED	269	CDKN1A,EGR1,PIK3CA,TGFB1,IER2,JUNB,FOS,HRAS,MTHFR,PPP2R1B,RAF1,CCNG1,SPRY2	13	13/388	13/14132	0.068039113429067	14132	0.354436311816535	combined_Raf1S257L	Raf1S257L	combined	Active
Short stature	C0349588	CURATED	162	PSMD11,SRPX,ACAN,CUL7,OBSL1,ANGPT2,WDR6,LRP6,MAP2K2	9	9/388	9/14132	0.0783328758115413	14132	0.398785549586029	combined_Raf1S257L	Raf1S257L	combined	Active
Adult Renal Wilms' Tumor	C1332219	CURATED	37	COL6A3,AMER1,DICER1,MTHFR	4	4/388	4/14132	0.0804056194450709	14132	0.400241305682131	combined_Raf1S257L	Raf1S257L	combined	Active
melanoma	C0025202	CURATED	250	TFPI2,PPP6C,SLC35G2,GDF15,MDM2,MAP2K2,F2RL1,JUNB,GPAM,HRAS,MAP2K1,STIP1	12	12/388	12/14132	0.0843594439486289	14132	0.407971593329203	combined_Raf1S257L	Raf1S257L	combined	Active
Childhood Kidney Wilms Tumor	C1333015	CURATED	38	DICER1,MTHFR,COL6A3,AMER1	4	4/388	4/14132	0.0856011825288953	14132	0.407971593329203	combined_Raf1S257L	Raf1S257L	combined	Active
Osteoporosis	C0029456	CURATED	87	U2AF1,LRP5,PKM,CA2,TGFB1,CCT2	6	6/388	6/14132	0.0910162347731564	14132	0.424742428941397	combined_Raf1S257L	Raf1S257L	combined	Active
Neural Tube Defects	C0027794	CURATED	19	MTHFR,HECTD1,PRKAR1A	3	3/388	3/14132	0.0946226069843398	14132	0.432560489071268	combined_Raf1S257L	Raf1S257L	combined	Active
Malignant neoplasm of large intestine	C0346629	CURATED	173	LIG4,PIK3R1,SH2B3,PIK3CA,BAMBI,DICER1,IER2,AMER1,SPOP	9	9/388	9/14132	0.104327405037588	14132	0.467386774568392	combined_Raf1S257L	Raf1S257L	combined	Active
Alopecia	C0002170	CURATED	21	PRKAR1A,MTHFR,ZFP36	3	3/388	3/14132	0.112179244644029	14132	0.47411605283514	combined_Raf1S257L	Raf1S257L	combined	Active
Malignant neoplasm of connective and other soft tissue, site unspecified	C0153519	CURATED	21	PIK3CA,MDM2,CCNG1	3	3/388	3/14132	0.112179244644029	14132	0.47411605283514	combined_Raf1S257L	Raf1S257L	combined	Active
Lip and Oral Cavity Carcinoma	C0220641	CURATED	21	HRAS,PIK3CA,PREX2	3	3/388	3/14132	0.112179244644029	14132	0.47411605283514	combined_Raf1S257L	Raf1S257L	combined	Active
Neurodevelopmental Disorders	C1535926	CURATED	674	PSMC5,TCP1,LONP1,CCT7,CCT4,GABRB3,HECTD1,EEF1B2,PSMD12,CCT3,BRSK2,EEF1D,ARHGEF40,SPTBN1,USP9X,UBR5,PRKACA,SPTAN1,CCT8,EEF1A2,KDM2A,MAPK8IP3,DICER1,FBXO11,CCT6A	25	25/388	25/14132	0.116153200284872	14132	0.481820682663172	combined_Raf1S257L	Raf1S257L	combined	Active
Fibrosis	C0016059	CURATED	69	TGFB1,SIRT1,THBS1,BACH1,TAC1	5	5/388	5/14132	0.12122410759981	14132	0.483700970298387	combined_Raf1S257L	Raf1S257L	combined	Active
Liver carcinoma	C2239176	CURATED	646	GDF15,IER2,PCLAF,CSPG4,MDM2,PKM,TFPI2,SRPX,ASPM,SFN,TGFB1,CCBE1,FOS,MTHFR,SPOP,CCNG1,EGR1,DICER1,HRAS,SCD,PIK3CA,ZFP36,CA2,CDC6	24	24/388	24/14132	0.122175913000313	14132	0.483700970298387	combined_Raf1S257L	Raf1S257L	combined	Active
Renal Cell Carcinoma	C0007134	CURATED	180	KEAP1,MTHFR,PIK3CA,MAP2K1,C4A,CUL7,BTG3,SDHC,TGFB1	9	9/388	9/14132	0.123084621906286	14132	0.483700970298387	combined_Raf1S257L	Raf1S257L	combined	Active
Diabetic Nephropathy	C0011881	CURATED	46	CDKN1A,TGFB1,FN1,TNFAIP1	4	4/388	4/14132	0.131811062453399	14132	0.509063413613127	combined_Raf1S257L	Raf1S257L	combined	Active
Nephroblastoma	C0027708	CURATED	47	AMER1,DICER1,COL6A3,MTHFR	4	4/388	4/14132	0.138103387658791	14132	0.5221763143461	combined_Raf1S257L	Raf1S257L	combined	Active
Myocardial Ischemia	C0151744	CURATED	338	LIPG,GDF15,MAT2A,SH2B3,TRIB1,ZFP36,DUSP1,PSMB5,PROCR,F2RL1,AREG,MTHFR,JUNB,FEZ2	14	14/388	14/14132	0.13986865562842	14132	0.5221763143461	combined_Raf1S257L	Raf1S257L	combined	Active
Rhabdomyosarcoma	C0035412	CURATED	25	DICER1,HRAS,SDHC	3	3/388	3/14132	0.149429827079869	14132	0.548725922391652	combined_Raf1S257L	Raf1S257L	combined	Active
Other ureteric obstruction	C0029866	CURATED	26	FN1,NPPC,TGFB1	3	3/388	3/14132	0.15909414685124	14132	0.574336409777542	combined_Raf1S257L	Raf1S257L	combined	Active
Mouth Neoplasms	C0026640	CURATED	52	SFN,HRAS,GPN1,PIK3CA	4	4/388	4/14132	0.170976882318452	14132	0.574336409777542	combined_Raf1S257L	Raf1S257L	combined	Active
Bipolar Disorder	C0005586	CURATED	483	RNF41,CSRP1,FKBP5,SIRT1,TGFB1,AKAP11,NEFL,FADS2,YWHAZ,KCTD12,GABRB3,LHX5,TAC1,VGF,YWHAE,YWHAH,FBXL3,MTHFR	18	18/388	18/14132	0.177209299062607	14132	0.574336409777542	combined_Raf1S257L	Raf1S257L	combined	Active
nervous system disorder	C0027765	CURATED	53	MTHFR,SLC19A1,TOMM70,FOS	4	4/388	4/14132	0.177803154935941	14132	0.574336409777542	combined_Raf1S257L	Raf1S257L	combined	Active
Acute polyarticular juvenile rheumatoid arthritis	C0157916	CURATED	138	THBS1,EGR1,FOS,PER1,BTG3,AREG,DUSP1	7	7/388	7/14132	0.179391974612567	14132	0.574336409777542	combined_Raf1S257L	Raf1S257L	combined	Active
Pauciarticular juvenile rheumatoid arthritis	C0157917	CURATED	138	THBS1,BTG3,EGR1,PER1,DUSP1,FOS,AREG	7	7/388	7/14132	0.179391974612567	14132	0.574336409777542	combined_Raf1S257L	Raf1S257L	combined	Active
Monoarticular juvenile rheumatoid arthritis	C0157918	CURATED	138	DUSP1,BTG3,EGR1,AREG,PER1,THBS1,FOS	7	7/388	7/14132	0.179391974612567	14132	0.574336409777542	combined_Raf1S257L	Raf1S257L	combined	Active
Juvenile Chronic Polyarthritis	C0409667	CURATED	138	THBS1,BTG3,DUSP1,PER1,EGR1,AREG,FOS	7	7/388	7/14132	0.179391974612567	14132	0.574336409777542	combined_Raf1S257L	Raf1S257L	combined	Active
Major Depressive Disorder	C1269683	CURATED	229	TOMM40,HSP90AA1,MTHFR,LSAMP,MAP2K1,SGK1,RNF41,FKBP4,NEFL,FKBP5	10	10/388	10/14132	0.179480128055482	14132	0.574336409777542	combined_Raf1S257L	Raf1S257L	combined	Active
Unipolar Depression	C0041696	CURATED	231	TOMM40,SGK1,HSP90AA1,LSAMP,FKBP4,MTHFR,RNF41,FKBP5,NEFL,MAP2K1	10	10/388	10/14132	0.185770416824341	14132	0.579035507958349	combined_Raf1S257L	Raf1S257L	combined	Active
Hyperplasia	C0020507	CURATED	29	ZFP36,PIK3CA,TGFB1	3	3/388	3/14132	0.188703536075712	14132	0.579035507958349	combined_Raf1S257L	Raf1S257L	combined	Active
Bradycardia	C0428977	CURATED	29	TAC1,NISCH,NTS	3	3/388	3/14132	0.188703536075712	14132	0.579035507958349	combined_Raf1S257L	Raf1S257L	combined	Active
Carcinoma, Transitional Cell	C0007138	CURATED	56	MTHFR,SFN,HRAS,CDKN1A	4	4/388	4/14132	0.198707144671459	14132	0.585749395471189	combined_Raf1S257L	Raf1S257L	combined	Active
Transitional Cell Neoplasm	C0334265	CURATED	56	MTHFR,SFN,CDKN1A,HRAS	4	4/388	4/14132	0.198707144671459	14132	0.585749395471189	combined_Raf1S257L	Raf1S257L	combined	Active
Liver Cirrhosis, Alcoholic	C0023891	CURATED	30	TGFB1,MTHFR,TIMP1	3	3/388	3/14132	0.198736402034868	14132	0.585749395471189	combined_Raf1S257L	Raf1S257L	combined	Active
Neurodevelopmental delay	C4022738	CURATED	238	HUWE1,BRSK2,SPTBN1,PLOD3,PRDX4,SPRED1,GABRB3,NR2F1,DNAJC7,USP9X	10	10/388	10/14132	0.208528391650191	14132	0.589516598322815	combined_Raf1S257L	Raf1S257L	combined	Active
Squamous cell carcinoma of mouth	C0585362	CURATED	31	MTHFR,CDKN1A,DNMT3B	3	3/388	3/14132	0.208831139599296	14132	0.589516598322815	combined_Raf1S257L	Raf1S257L	combined	Active
Weight Gain	C0043094	CURATED	115	MYO10,GDF15,SCD,FEZ2,PIK3CA,SPTBN1	6	6/388	6/14132	0.209111590732725	14132	0.589516598322815	combined_Raf1S257L	Raf1S257L	combined	Active
Liver neoplasms	C0023903	CURATED	146	CDKN1A,HRAS,RAF1,DICER1,KRT18,SCD,PDRG1	7	7/388	7/14132	0.213173412786375	14132	0.589516598322815	combined_Raf1S257L	Raf1S257L	combined	Active
Multiple Myeloma	C0026764	CURATED	146	PIK3R2,LIG4,MTHFR,SGK1,FGG,SH2B3,TGFB1	7	7/388	7/14132	0.213173412786375	14132	0.589516598322815	combined_Raf1S257L	Raf1S257L	combined	Active
Primary open angle glaucoma	C0339573	CURATED	32	CDKN1A,THBS1,COL6A3	3	3/388	3/14132	0.218976824530814	14132	0.594168151671888	combined_Raf1S257L	Raf1S257L	combined	Active
Cerebrovascular accident	C0038454	CURATED	59	SH2B3,MTHFR,TGFB1,PIK3CA	4	4/388	4/14132	0.220160520485566	14132	0.594168151671888	combined_Raf1S257L	Raf1S257L	combined	Active
Osteosarcoma	C0029463	CURATED	60	SQSTM1,MTHFR,PHLDA2,SIRT1	4	4/388	4/14132	0.227414586413057	14132	0.601253324807985	combined_Raf1S257L	Raf1S257L	combined	Active
Hyperkinesia	C3887506	CURATED	33	FOS,NTS,NPPC	3	3/388	3/14132	0.229163082917515	14132	0.601253324807985	combined_Raf1S257L	Raf1S257L	combined	Active
Squamous cell carcinoma	C0007137	CURATED	150	TGFB1,SFN,EGR1,PIK3CA,HRAS,AREG,MTHFR	7	7/388	7/14132	0.230838330060208	14132	0.601253324807985	combined_Raf1S257L	Raf1S257L	combined	Active
Autosomal Recessive Primary Microcephaly	C3711387	CURATED	34	ANGPT2,CDK5RAP2,ASPM	3	3/388	3/14132	0.239380069320529	14132	0.616135730606529	combined_Raf1S257L	Raf1S257L	combined	Active
IGA Glomerulonephritis	C0017661	CURATED	62	CHGA,TIMP1,SPRY2,TGFB1	4	4/388	4/14132	0.242053322738279	14132	0.616135730606529	combined_Raf1S257L	Raf1S257L	combined	Active
Stomach Neoplasms	C0038356	CURATED	349	FADS1,PIK3CA,CA2,DNMT3B,AREG,CDKN1A,CCT7,MTHFR,FOSL1,EEF1A2,FGG,HRAS,MDM2	13	13/388	13/14132	0.252667927742521	14132	0.632725400941166	combined_Raf1S257L	Raf1S257L	combined	Active
Malignant Squamous Cell Neoplasm	C0751688	CURATED	124	AREG,PIK3CA,TGFB1,SFN,MTHFR,HRAS	6	6/388	6/14132	0.2545656428082	14132	0.632725400941166	combined_Raf1S257L	Raf1S257L	combined	Active
Complete unilateral cleft lip	C0158651	CURATED	36	SPRY2,MTHFR,SLC19A1	3	3/388	3/14132	0.259869361100836	14132	0.632725400941166	combined_Raf1S257L	Raf1S257L	combined	Active
Malignant neoplasm of lung	C0242379	CURATED	36	SLC19A1,PIK3CA,PPP2R1B	3	3/388	3/14132	0.259869361100836	14132	0.632725400941166	combined_Raf1S257L	Raf1S257L	combined	Active
Cleft upper lip	C0008924	CURATED	37	SLC19A1,MTHFR,SPRY2	3	3/388	3/14132	0.270124432052594	14132	0.650622287954636	combined_Raf1S257L	Raf1S257L	combined	Active
Vitiligo	C0042900	CURATED	39	C4A,SH2B3,PIK3R1	3	3/388	3/14132	0.290615731556122	14132	0.685241303879698	combined_Raf1S257L	Raf1S257L	combined	Active
Endometrial Carcinoma	C0476089	CURATED	39	HRAS,PIK3R1,PIK3CA	3	3/388	3/14132	0.290615731556122	14132	0.685241303879698	combined_Raf1S257L	Raf1S257L	combined	Active
Non-alcoholic Fatty Liver Disease	C0400966	CURATED	101	TGFB1,MTHFR,PRKACA,SIRT1,TRIB1	5	5/388	5/14132	0.301132477293227	14132	0.695398710450339	combined_Raf1S257L	Raf1S257L	combined	Active
Nonalcoholic steatohepatitis	C3241937	CURATED	101	SIRT1,PRKACA,TRIB1,TGFB1,MTHFR	5	5/388	5/14132	0.301132477293227	14132	0.695398710450339	combined_Raf1S257L	Raf1S257L	combined	Active
Ductal Breast Carcinoma	C1527349	CURATED	103	LRP6,PRKACB,NEFL,NTS,UBR5	5	5/388	5/14132	0.313558504729689	14132	0.716705153667861	combined_Raf1S257L	Raf1S257L	combined	Active
Myoepithelioma	C0027070	CURATED	104	CLSPN,GABRB3,LRP10,SENP3,ARHGEF40	5	5/388	5/14132	0.319789285326603	14132	0.723563635486455	combined_Raf1S257L	Raf1S257L	combined	Active
Depressive disorder	C0011581	CURATED	272	TAC1,FKBP5,GABRB3,VGF,NTS,STIP1,TGFB1,TWNK,DUSP1,MTHFR	10	10/388	10/14132	0.331832137191809	14132	0.742683639781987	combined_Raf1S257L	Raf1S257L	combined	Active
Philadelphia chromosome positive chronic myelogenous leukemia	C0279543	CURATED	44	MTHFR,MDM2,PER1	3	3/388	3/14132	0.341411827262258	14132	0.742683639781987	combined_Raf1S257L	Raf1S257L	combined	Active
Mental Retardation, X-Linked Nonsyndromic	C3501611	CURATED	44	FTSJ1,USP9X,HUWE1	3	3/388	3/14132	0.341411827262258	14132	0.742683639781987	combined_Raf1S257L	Raf1S257L	combined	Active
Chronic ischemic heart disease	C0264694	CURATED	174	SH2B3,TRIB1,MAT2A,MTHFR,LIPG,PROCR,GDF15	7	7/388	7/14132	0.344184677520032	14132	0.742683639781987	combined_Raf1S257L	Raf1S257L	combined	Active
Coronary Arteriosclerosis	C0010054	CURATED	175	MTHFR,GDF15,MAT2A,SH2B3,TRIB1,PROCR,LIPG	7	7/388	7/14132	0.349075646648867	14132	0.742683639781987	combined_Raf1S257L	Raf1S257L	combined	Active
Glioma	C0017638	CURATED	109	MAP2K1,HRAS,RAF1,LIG4,CDKN1A	5	5/388	5/14132	0.351049982286439	14132	0.742683639781987	combined_Raf1S257L	Raf1S257L	combined	Active
Epithelial ovarian cancer	C0677886	CURATED	45	RAF1,CCNG1,FOS	3	3/388	3/14132	0.351448508111119	14132	0.742683639781987	combined_Raf1S257L	Raf1S257L	combined	Active
Malignant Glioma	C0555198	CURATED	112	LIG4,RAF1,CDKN1A,HRAS,MAP2K1	5	5/388	5/14132	0.369830796232172	14132	0.756700844658865	combined_Raf1S257L	Raf1S257L	combined	Active
Pulmonary Fibrosis	C0034069	CURATED	113	FN1,AREG,TGFB1,MUC5B,TIMP1	5	5/388	5/14132	0.376085396750521	14132	0.756700844658865	combined_Raf1S257L	Raf1S257L	combined	Active
Small cell carcinoma of lung	C0149925	CURATED	80	PIK3R1,LAMB3,MTHFR,DNMT3B	4	4/388	4/14132	0.377182476901322	14132	0.756700844658865	combined_Raf1S257L	Raf1S257L	combined	Active
Coronary heart disease	C0010068	CURATED	182	PROCR,LIPG,GDF15,MAT2A,SH2B3,MTHFR,TRIB1	7	7/388	7/14132	0.383436310066994	14132	0.756700844658865	combined_Raf1S257L	Raf1S257L	combined	Active
Developmental Disabilities	C0008073	CURATED	149	EEF1A2,MAPK8IP3,FBXO11,USP9X,NEFL,SPTAN1	6	6/388	6/14132	0.389208791780102	14132	0.756700844658865	combined_Raf1S257L	Raf1S257L	combined	Active
Craniofacial Abnormalities	C0376634	CURATED	150	TRIM37,SPRY2,DNMT3B,ETS2,GABRB3,FAM83H	6	6/388	6/14132	0.394669842184236	14132	0.756700844658865	combined_Raf1S257L	Raf1S257L	combined	Active
Hydrops Fetalis, Non-Immune	C0455988	CURATED	50	ANGPT2,HRAS,DHCR24	3	3/388	3/14132	0.400745986703989	14132	0.756700844658865	combined_Raf1S257L	Raf1S257L	combined	Active
Ankylosing spondylitis and other inflammatory spondylopathies	C0003089	CURATED	51	EGR1,SIRT1,TIMP1	3	3/388	3/14132	0.410399756108413	14132	0.756700844658865	combined_Raf1S257L	Raf1S257L	combined	Active
Cerebral Infarction	C0007785	CURATED	51	TOMM40,LIPG,MTHFR	3	3/388	3/14132	0.410399756108413	14132	0.756700844658865	combined_Raf1S257L	Raf1S257L	combined	Active
Cleft Palate	C0008925	CURATED	51	SPRY2,SLC19A1,TGFB1	3	3/388	3/14132	0.410399756108413	14132	0.756700844658865	combined_Raf1S257L	Raf1S257L	combined	Active
Graves Disease	C0018213	CURATED	52	TGFB1,C4A,MTHFR	3	3/388	3/14132	0.419976671060012	14132	0.756700844658865	combined_Raf1S257L	Raf1S257L	combined	Active
Neoplastic Syndromes, Hereditary	C0027672	CURATED	190	DICER1,SDHC,PIK3CA,AIP,SH2B3,HRAS,PRKAR1A	7	7/388	7/14132	0.422719520286753	14132	0.756700844658865	combined_Raf1S257L	Raf1S257L	combined	Active
Pancreatic Neoplasm	C0030297	CURATED	191	RHBDD1,LIG4,TFPI2,MTHFR,TGFB1,THBS1,CCNG1	7	7/388	7/14132	0.427612944870977	14132	0.756700844658865	combined_Raf1S257L	Raf1S257L	combined	Active
malignant neoplasm of head of pancreas	C0153458	CURATED	191	LIG4,MTHFR,TGFB1,TFPI2,THBS1,CCNG1,RHBDD1	7	7/388	7/14132	0.427612944870977	14132	0.756700844658865	combined_Raf1S257L	Raf1S257L	combined	Active
Malignant neoplasm of body of pancreas	C0153459	CURATED	191	CCNG1,TFPI2,RHBDD1,LIG4,MTHFR,TGFB1,THBS1	7	7/388	7/14132	0.427612944870977	14132	0.756700844658865	combined_Raf1S257L	Raf1S257L	combined	Active
Malignant neoplasm of tail of pancreas	C0153460	CURATED	191	TGFB1,MTHFR,TFPI2,THBS1,RHBDD1,CCNG1,LIG4	7	7/388	7/14132	0.427612944870977	14132	0.756700844658865	combined_Raf1S257L	Raf1S257L	combined	Active
Malignant neoplasm of other specified sites of pancreas	C0153463	CURATED	191	THBS1,LIG4,MTHFR,CCNG1,RHBDD1,TGFB1,TFPI2	7	7/388	7/14132	0.427612944870977	14132	0.756700844658865	combined_Raf1S257L	Raf1S257L	combined	Active
Malignant neoplasm of upper lobe, bronchus or lung	C0024624	CURATED	87	IRS4,PIK3CA,PPP2R1B,MAT2A	4	4/388	4/14132	0.42902235389141	14132	0.756700844658865	combined_Raf1S257L	Raf1S257L	combined	Active
Malignant neoplasm of middle lobe, bronchus or lung	C0153491	CURATED	87	MAT2A,PPP2R1B,IRS4,PIK3CA	4	4/388	4/14132	0.42902235389141	14132	0.756700844658865	combined_Raf1S257L	Raf1S257L	combined	Active
Malignant neoplasm of lower lobe, bronchus or lung	C0153492	CURATED	87	PIK3CA,IRS4,MAT2A,PPP2R1B	4	4/388	4/14132	0.42902235389141	14132	0.756700844658865	combined_Raf1S257L	Raf1S257L	combined	Active
Malignant neoplasm of other parts of bronchus or lung	C0153493	CURATED	87	MAT2A,PIK3CA,IRS4,PPP2R1B	4	4/388	4/14132	0.42902235389141	14132	0.756700844658865	combined_Raf1S257L	Raf1S257L	combined	Active
Severe myopia	C0271183	CURATED	88	FLII,SLC19A1,LRP6,ANKMY2	4	4/388	4/14132	0.436311202922573	14132	0.76061033637603	combined_Raf1S257L	Raf1S257L	combined	Active
Hypertensive disease	C0020538	CURATED	301	FOS,SGK1,CHGA,FN1,MOV10,COL6A3,TGFB1,TIMP1,DUSP5,NPPC	10	10/388	10/14132	0.445124040438971	14132	0.76061033637603	combined_Raf1S257L	Raf1S257L	combined	Active
Hypotension	C0020649	CURATED	55	TAC1,NISCH,MAP2K2	3	3/388	3/14132	0.448216805364447	14132	0.76061033637603	combined_Raf1S257L	Raf1S257L	combined	Active
Immunologic Deficiency Syndromes	C0021051	CURATED	55	C4A,CCDC8,DNMT3B	3	3/388	3/14132	0.448216805364447	14132	0.76061033637603	combined_Raf1S257L	Raf1S257L	combined	Active
Autosomal dominant non-syndromic intellectual disability	C5680502	CURATED	55	BRSK2,EEF1A2,YWHAZ	3	3/388	3/14132	0.448216805364447	14132	0.76061033637603	combined_Raf1S257L	Raf1S257L	combined	Active
Neoplasms, Bone Tissue	C0206639	CURATED	56	SIRT1,MTHFR,PHLDA2	3	3/388	3/14132	0.457457903908632	14132	0.764705749817414	combined_Raf1S257L	Raf1S257L	combined	Active
Primary malignant neoplasm of ovary and other uterine adnexa (disorder)	C1299247	CURATED	56	PIK3CA,EEF1A2,CCNG1	3	3/388	3/14132	0.457457903908632	14132	0.764705749817414	combined_Raf1S257L	Raf1S257L	combined	Active
Skin Neoplasms	C0037286	CURATED	57	NPPC,TGFB1,HRAS	3	3/388	3/14132	0.466609000278873	14132	0.774225304166426	combined_Raf1S257L	Raf1S257L	combined	Active
Liver Cirrhosis	C0023890	CURATED	164	TGFB1,KRT18,MTHFR,BAMBI,THBS1,TUG1	6	6/388	6/14132	0.470265671169057	14132	0.774555223101977	combined_Raf1S257L	Raf1S257L	combined	Active
Endometriosis	C0014175	CURATED	165	FKBP5,AREG,DUSP1,ERRFI1,DICER1,FOS	6	6/388	6/14132	0.475568450751359	14132	0.777571773491273	combined_Raf1S257L	Raf1S257L	combined	Active
Endometrial Neoplasms	C0014170	CURATED	94	MTHFR,PIK3R1,TSPYL2,SPOP	4	4/388	4/14132	0.479252047430798	14132	0.777916366844194	combined_Raf1S257L	Raf1S257L	combined	Active
Behcet Syndrome	C0004943	CURATED	59	C4A,UBAC2,TGFB1	3	3/388	3/14132	0.484633240168427	14132	0.778019593937362	combined_Raf1S257L	Raf1S257L	combined	Active
Reperfusion Injury	C0035126	CURATED	95	FOS,THBS1,CDKN1A,EGR1	4	4/388	4/14132	0.486262246210851	14132	0.778019593937362	combined_Raf1S257L	Raf1S257L	combined	Active
Adenoid Cystic Carcinoma	C0010606	CURATED	97	HRAS,ASPM,MAP2K2,PIK3CA	4	4/388	4/14132	0.500144426762303	14132	0.78298542239593	combined_Raf1S257L	Raf1S257L	combined	Active
Heart failure	C0018801	CURATED	207	MAP2K1,SCD,BAMBI,PRKACA,SIRT1,NISCH,GDF15	7	7/388	7/14132	0.504630332813464	14132	0.78298542239593	combined_Raf1S257L	Raf1S257L	combined	Active
Congestive heart failure	C0018802	CURATED	207	SCD,BAMBI,PRKACA,SIRT1,NISCH,GDF15,MAP2K1	7	7/388	7/14132	0.504630332813464	14132	0.78298542239593	combined_Raf1S257L	Raf1S257L	combined	Active
Mixed bipolar I disorder	C0236780	CURATED	98	AKAP11,MTHFR,TAC1,FADS2	4	4/388	4/14132	0.507013937698974	14132	0.78298542239593	combined_Raf1S257L	Raf1S257L	combined	Active
Diabetic Retinopathy	C0011884	CURATED	62	SIRT1,MTHFR,THBS1	3	3/388	3/14132	0.51094943804108	14132	0.78298542239593	combined_Raf1S257L	Raf1S257L	combined	Active
Meniere Disease	C0025281	CURATED	62	MTHFR,EPHA2,ACAN	3	3/388	3/14132	0.51094943804108	14132	0.78298542239593	combined_Raf1S257L	Raf1S257L	combined	Active
Bipolar I disorder, most recent episode manic (disorder)	C0024713	CURATED	99	MTHFR,TAC1,FADS2,AKAP11	4	4/388	4/14132	0.513834183447329	14132	0.78298542239593	combined_Raf1S257L	Raf1S257L	combined	Active
Myocardial Infarction	C0027051	CURATED	175	MTHFR,PSMA6,TGFB1,SH2B3,COL6A3,LIPG	6	6/388	6/14132	0.527529164337214	14132	0.796356220246706	combined_Raf1S257L	Raf1S257L	combined	Active
Squamous cell carcinoma of the head and neck	C1168401	CURATED	65	JUNB,DNMT3B,PIK3CA	3	3/388	3/14132	0.536369450528276	14132	0.796356220246706	combined_Raf1S257L	Raf1S257L	combined	Active
Intellectual Disability	C3714756	CURATED	694	USP9X,HUWE1,ASPM,BCKDK,EEF1B2,HECTD1,SPTAN1,BRSK2,PIK3R2,YWHAG,CEP97,FBXO11,HRAS,GABRB3,SPTBN1,EEF1A2,ANGPT2,NOVA2,PSMD12,FTSJ1	20	20/388	20/14132	0.539162803299419	14132	0.796356220246706	combined_Raf1S257L	Raf1S257L	combined	Active
Hepatomegaly	C0019209	CURATED	67	TRIM37,TGFB1,KEAP1	3	3/388	3/14132	0.552805165147493	14132	0.796356220246706	combined_Raf1S257L	Raf1S257L	combined	Active
Squamous cell carcinoma of lung	C0149782	CURATED	67	PIK3CA,MAP2K1,HRAS	3	3/388	3/14132	0.552805165147493	14132	0.796356220246706	combined_Raf1S257L	Raf1S257L	combined	Active
Autosomal recessive non-syndromic intellectual disability	C5680181	CURATED	67	NAA20,EEF1B2,EEF1D	3	3/388	3/14132	0.552805165147493	14132	0.796356220246706	combined_Raf1S257L	Raf1S257L	combined	Active
Depression, Bipolar	C0005587	CURATED	105	TAC1,AKAP11,MTHFR,FADS2	4	4/388	4/14132	0.553664311435968	14132	0.796356220246706	combined_Raf1S257L	Raf1S257L	combined	Active
Malignant neoplasm of urinary bladder	C0005684	CURATED	218	HRAS,PIK3CA,CDKN1A,SLC19A1,FBXW8,MTHFR,MUC5B	7	7/388	7/14132	0.555381791568342	14132	0.796356220246706	combined_Raf1S257L	Raf1S257L	combined	Active
Diffuse Large B-Cell Lymphoma	C0079744	CURATED	68	PIK3CA,PRDX4,MTHFR	3	3/388	3/14132	0.560867643221654	14132	0.796356220246706	combined_Raf1S257L	Raf1S257L	combined	Active
Gastrointestinal Stromal Tumors	C0238198	CURATED	68	MTHFR,SDHC,SLC19A1	3	3/388	3/14132	0.560867643221654	14132	0.796356220246706	combined_Raf1S257L	Raf1S257L	combined	Active
ovarian neoplasm	C0919267	CURATED	182	PIK3CA,URI1,CRABP2,EEF1A2,AREG,CCNG1	6	6/388	6/14132	0.562519399617942	14132	0.796356220246706	combined_Raf1S257L	Raf1S257L	combined	Active
Kidney Failure, Chronic	C0022661	CURATED	107	CHGA,TGFB1,MTHFR,COL6A3	4	4/388	4/14132	0.566504238834287	14132	0.796356220246706	combined_Raf1S257L	Raf1S257L	combined	Active
Pneumonia	C0032285	CURATED	69	SIRT1,EGR1,TGFB1	3	3/388	3/14132	0.56882587160479	14132	0.796356220246706	combined_Raf1S257L	Raf1S257L	combined	Active
Brain Ischemia	C0007786	CURATED	70	MAP2K1,EGR1,MTHFR	3	3/388	3/14132	0.576679483692971	14132	0.802336672964134	combined_Raf1S257L	Raf1S257L	combined	Active
Contact Dermatitis	C0011616	CURATED	71	PSMD12,DUSP1,HSP90AA1	3	3/388	3/14132	0.58442821129914	14132	0.803140609392683	combined_Raf1S257L	Raf1S257L	combined	Active
Dermatitis, Allergic Contact	C0162820	CURATED	71	PRDX4,ETS2,RAB32	3	3/388	3/14132	0.58442821129914	14132	0.803140609392683	combined_Raf1S257L	Raf1S257L	combined	Active
Prostate cancer, familial	C2931456	CURATED	73	MAP2K1,DNMT3B,KDM2A	3	3/388	3/14132	0.599610401998258	14132	0.817691296156948	combined_Raf1S257L	Raf1S257L	combined	Active
Hypersensitivity	C0020517	CURATED	74	MTHFR,TAC1,TGFB1	3	3/388	3/14132	0.607043775905628	14132	0.817691296156948	combined_Raf1S257L	Raf1S257L	combined	Active
Kidney Failure, Acute	C0022660	CURATED	114	TGFB1,SIRT1,CCT7,MTHFR	4	4/388	4/14132	0.609618064545582	14132	0.817691296156948	combined_Raf1S257L	Raf1S257L	combined	Active
Acute Kidney Insufficiency	C1565662	CURATED	114	CCT7,MTHFR,SIRT1,TGFB1	4	4/388	4/14132	0.609618064545582	14132	0.817691296156948	combined_Raf1S257L	Raf1S257L	combined	Active
Acute kidney injury	C2609414	CURATED	115	CCT7,SIRT1,TGFB1,MTHFR	4	4/388	4/14132	0.615538811294464	14132	0.820718415059286	combined_Raf1S257L	Raf1S257L	combined	Active
Global developmental delay	C0557874	CURATED	388	EEF1B2,USP9X,PIK3CA,CEP97,HUWE1,MAPK8IP3,EEF1A2,MTHFR,HERC2,NFE2L1,GABRB3	11	11/388	11/14132	0.625939664011467	14132	0.829647838689754	combined_Raf1S257L	Raf1S257L	combined	Active
Congenital neurologic anomalies	C0497552	CURATED	118	TMX2,ARV1,ASPM,SPRED1	4	4/388	4/14132	0.63293573599373	14132	0.829867169492364	combined_Raf1S257L	Raf1S257L	combined	Active
Leber Congenital Amaurosis	C0339527	CURATED	78	CCT2,LRP5,IQCB1	3	3/388	3/14132	0.63572841425034	14132	0.829867169492364	combined_Raf1S257L	Raf1S257L	combined	Active
Neoplasm Invasiveness	C0027626	CURATED	198	FN1,TGFB1,ZFP36,HRAS,TIMP1,PKM	6	6/388	6/14132	0.637219433717351	14132	0.829867169492364	combined_Raf1S257L	Raf1S257L	combined	Active
Alcoholic Intoxication, Chronic	C0001973	CURATED	279	GABRB3,PHLDA2,FKBP5,PIK3R1,ARC,NTS,TAC1,MTHFR	8	8/388	8/14132	0.648614494023722	14132	0.832042811070114	combined_Raf1S257L	Raf1S257L	combined	Active
Spastic Paraplegia, Hereditary	C0037773	CURATED	121	SPTAN1,TWNK,DNAJC16,CCT5	4	4/388	4/14132	0.649780065461381	14132	0.832042811070114	combined_Raf1S257L	Raf1S257L	combined	Active
Microcephaly (physical finding)	C4551563	CURATED	357	YWHAG,SPTAN1,LRP6,LRP5,TUBGCP6,SCARF2,CDC6,ASPM,FRMD4A,CDK5RAP2	10	10/388	10/14132	0.650033446148526	14132	0.832042811070114	combined_Raf1S257L	Raf1S257L	combined	Active
Mental Depression	C0011570	CURATED	283	NPPC,TAC1,NTS,GABRB3,FKBP5,DUSP1,MTHFR,VGF	8	8/388	8/14132	0.663207588156313	14132	0.841478040933474	combined_Raf1S257L	Raf1S257L	combined	Active
Epilepsy	C0014544	CURATED	165	EEF1A2,GABRB3,FOS,DNAJC7,TGFB1	5	5/388	5/14132	0.667814795934274	14132	0.841478040933474	combined_Raf1S257L	Raf1S257L	combined	Active
Bladder Neoplasm	C0005695	CURATED	206	SLC19A1,FBXW8,MUC5B,HRAS,CDKN1A,MTHFR	6	6/388	6/14132	0.671483399517054	14132	0.841478040933474	combined_Raf1S257L	Raf1S257L	combined	Active
Atrial Fibrillation	C0004238	CURATED	166	CDKN1A,CFL2,SIRT1,USP34,SLC27A6	5	5/388	5/14132	0.672431113067374	14132	0.841478040933474	combined_Raf1S257L	Raf1S257L	combined	Active
Asthma	C0004096	CURATED	208	EGR1,MTHFR,TGFB1,AREG,F2RL1,FKBP5	6	6/388	6/14132	0.679708999581152	14132	0.843773197134916	combined_Raf1S257L	Raf1S257L	combined	Active
Squamous cell carcinoma of esophagus	C0279626	CURATED	127	CDKN1A,ZCCHC12,SFN,CA2	4	4/388	4/14132	0.681798878042052	14132	0.843773197134916	combined_Raf1S257L	Raf1S257L	combined	Active
Hyperalgesia	C0020429	CURATED	87	RAF1,FOS,TAC1	3	3/388	3/14132	0.694234490271426	14132	0.854442449564832	combined_Raf1S257L	Raf1S257L	combined	Active
Abnormality of the brain	C4021085	CURATED	88	KLHL15,SPTAN1,USP11	3	3/388	3/14132	0.700232706256283	14132	0.857115443723538	combined_Raf1S257L	Raf1S257L	combined	Active
Amyotrophic Lateral Sclerosis	C0002736	CURATED	133	MTHFR,NEFL,DNAJC7,SQSTM1	4	4/388	4/14132	0.711594902326585	14132	0.859637553189909	combined_Raf1S257L	Raf1S257L	combined	Active
Alcohol abuse	C0085762	CURATED	90	FN1,SIRT1,GABRB3	3	3/388	3/14132	0.711936538436457	14132	0.859637553189909	combined_Raf1S257L	Raf1S257L	combined	Active
Nephrotic Syndrome	C0027726	CURATED	91	SYNPO,FN1,TGFB1	3	3/388	3/14132	0.717643850207647	14132	0.859637553189909	combined_Raf1S257L	Raf1S257L	combined	Active
Delayed speech and language development	C0454644	CURATED	91	UBR5,FBXO11,MTHFR	3	3/388	3/14132	0.717643850207647	14132	0.859637553189909	combined_Raf1S257L	Raf1S257L	combined	Active
Rheumatoid Arthritis	C0003873	CURATED	222	TFPI2,DNMT3B,CA2,ACAN,FKBP5,MTHFR	6	6/388	6/14132	0.733389887442891	14132	0.87002288008702	combined_Raf1S257L	Raf1S257L	combined	Active
Polycystic Ovary Syndrome	C0032460	CURATED	138	ASPM,ERRFI1,MAPK8IP3,CDC6	4	4/388	4/14132	0.734749494543002	14132	0.87002288008702	combined_Raf1S257L	Raf1S257L	combined	Active
Malignant neoplasm of ovary	C1140680	CURATED	139	PIK3CA,CCNG1,EEF1A2,DICER1	4	4/388	4/14132	0.739200510542199	14132	0.87002288008702	combined_Raf1S257L	Raf1S257L	combined	Active
Kidney Diseases	C0022658	CURATED	140	XPNPEP3,MTHFR,TGFB1,CDKN1A	4	4/388	4/14132	0.743592252906955	14132	0.87002288008702	combined_Raf1S257L	Raf1S257L	combined	Active
Seizures	C0036572	CURATED	308	EEF1B2,YWHAG,EEF1A2,PIK3CA,SPTAN1,NR2F1,GABRB3,PIK3R2	8	8/388	8/14132	0.745733897217445	14132	0.87002288008702	combined_Raf1S257L	Raf1S257L	combined	Active
Acute lymphocytic leukemia	C0023449	CURATED	98	MTHFR,SLC19A1,SH2B3	3	3/388	3/14132	0.754981110839955	14132	0.872971895310729	combined_Raf1S257L	Raf1S257L	combined	Active
Fatty Liver	C0015695	CURATED	99	SIRT1,SCD,MTHFR	3	3/388	3/14132	0.75995321243568	14132	0.872971895310729	combined_Raf1S257L	Raf1S257L	combined	Active
Fatty Liver, Alcoholic	C0015696	CURATED	99	MTHFR,SCD,SIRT1	3	3/388	3/14132	0.75995321243568	14132	0.872971895310729	combined_Raf1S257L	Raf1S257L	combined	Active
Chronic Obstructive Airway Disease	C0024117	CURATED	102	CDKN1A,TGFB1,F2RL1	3	3/388	3/14132	0.774349125518846	14132	0.884970429164396	combined_Raf1S257L	Raf1S257L	combined	Active
Spontaneous abortion	C0000786	CURATED	104	COL6A3,FN1,TGFB1	3	3/388	3/14132	0.783523225683788	14132	0.889041916177723	combined_Raf1S257L	Raf1S257L	combined	Active
Nerve Degeneration	C0027746	CURATED	105	ARV1,SIRT1,ETS2	3	3/388	3/14132	0.787986505572094	14132	0.889041916177723	combined_Raf1S257L	Raf1S257L	combined	Active
Schizophrenia	C0036341	CURATED	1047	THBS1,AKAP11,IPO5,NEFL,NTS,PCM1,TGFB1,CHGA,BTBD9,KCTD12,DNMT3B,GABRB3,YWHAE,CRMP1,DHCR24,SIRT1,PIK3CA,TAC1,ARC,FADS2,LSAMP,MTHFR,CSPG4,DICER1,SH2B3,RANBP9	26	26/388	26/14132	0.795818832022152	14132	0.889041916177723	combined_Raf1S257L	Raf1S257L	combined	Active
Chemical and Drug Induced Liver Injury	C4277682	CURATED	374	MTHFR,KRT18,FADS1,OCIAD1,THBS1,NTN1,CCT5,CCT3,FADS2	9	9/388	9/14132	0.810357669587982	14132	0.889041916177723	combined_Raf1S257L	Raf1S257L	combined	Active
Cocaine-Related Disorders	C0236736	CURATED	112	ARC,FOS,EGR1	3	3/388	3/14132	0.817019294890261	14132	0.889041916177723	combined_Raf1S257L	Raf1S257L	combined	Active
Colonic Neoplasms	C0009375	CURATED	160	NDRG2,CDKN1A,SLC19A1,MTHFR	4	4/388	4/14132	0.819574257225561	14132	0.889041916177723	combined_Raf1S257L	Raf1S257L	combined	Active
Peripheral Neuropathy	C0031117	CURATED	116	KIFBP,SPTAN1,NEFL	3	3/388	3/14132	0.831967607453942	14132	0.889041916177723	combined_Raf1S257L	Raf1S257L	combined	Active
Leukemia, Myelocytic, Acute	C0023467	CURATED	210	SPRY4,DNMT3B,TFPI2,MTHFR,SGK1	5	5/388	5/14132	0.832513639546728	14132	0.889041916177723	combined_Raf1S257L	Raf1S257L	combined	Active
Alzheimer's Disease	C0002395	CURATED	211	MTHFR,DHCR24,ARC,TOMM40,PIK3R1	5	5/388	5/14132	0.835232975489623	14132	0.889041916177723	combined_Raf1S257L	Raf1S257L	combined	Active
Mental Retardation	C0025362	CURATED	165	CCBE1,EEF1B2,KIFBP,SC5D	4	4/388	4/14132	0.835285189175866	14132	0.889041916177723	combined_Raf1S257L	Raf1S257L	combined	Active
Osteoarthrosis, localized, not specified whether primary or secondary	C0157946	CURATED	117	TGFB1,TFPI2,YWHAQ	3	3/388	3/14132	0.835528819710985	14132	0.889041916177723	combined_Raf1S257L	Raf1S257L	combined	Active
Mesothelioma malignant advanced	C0278752	CURATED	117	FN1,RAF1,CDKN1A	3	3/388	3/14132	0.835528819710985	14132	0.889041916177723	combined_Raf1S257L	Raf1S257L	combined	Active
Diffuse malignant mesothelioma	C0392400	CURATED	117	CDKN1A,RAF1,FN1	3	3/388	3/14132	0.835528819710985	14132	0.889041916177723	combined_Raf1S257L	Raf1S257L	combined	Active
Asbestos-Related Malignant Mesothelioma	C1332338	CURATED	117	CDKN1A,FN1,RAF1	3	3/388	3/14132	0.835528819710985	14132	0.889041916177723	combined_Raf1S257L	Raf1S257L	combined	Active
Malignant mesothelioma	C0345967	CURATED	118	RAF1,FN1,CDKN1A	3	3/388	3/14132	0.839021803913007	14132	0.889041916177723	combined_Raf1S257L	Raf1S257L	combined	Active
Colorectal Carcinoma	C0009402	CURATED	473	GDAP1L1,PREX2,IRS4,LAMB3,PER1,PSMC5,PIK3CA,VPS18,TOMM40L,PPP2R1B,FN1	11	11/388	11/14132	0.841414670668202	14132	0.889041916177723	combined_Raf1S257L	Raf1S257L	combined	Active
Adenocarcinoma	C0001418	CURATED	121	CA2,PIK3CA,TGFB1	3	3/388	3/14132	0.849101856980505	14132	0.892952187622691	combined_Raf1S257L	Raf1S257L	combined	Active
Lupus Erythematosus, Systemic	C0024141	CURATED	124	C4A,CA2,SH2B3	3	3/388	3/14132	0.858605268313116	14132	0.898727009823075	combined_Raf1S257L	Raf1S257L	combined	Active
Optic Atrophy	C0029124	CURATED	189	TUBGCP6,LRP5,NR2F1,RP9	4	4/388	4/14132	0.895283362029586	14132	0.932760339975011	combined_Raf1S257L	Raf1S257L	combined	Active
Obesity	C0028754	CURATED	293	SCD,FOS,FBXO11,PRKAR1A,VGF,SIRT1	6	6/388	6/14132	0.908329731552323	14132	0.941398591999223	combined_Raf1S257L	Raf1S257L	combined	Active
Autistic Disorder	C0004352	CURATED	433	LAMB3,PER1,MTHFR,CUL7,RANBP9,EEF1A2,SLC19A1,GABRB3,HRAS	9	9/388	9/14132	0.911979885999248	14132	0.941398591999223	combined_Raf1S257L	Raf1S257L	combined	Active
Autism Spectrum Disorders	C1510586	CURATED	572	HUWE1,CORO1A,DNMT3B,NR2F1,THBS1,SLC19A1,CA2,GABRB3,DHCR24,MAP2K1,FTSJ1,MTHFR	12	12/388	12/14132	0.919302901410132	14132	0.944604816127842	combined_Raf1S257L	Raf1S257L	combined	Active
Hereditary Breast and Ovarian Cancer Syndrome	C0677776	CURATED	158	TDG,EYA2,CCNG1	3	3/388	3/14132	0.933905131389281	14132	0.955227166352507	combined_Raf1S257L	Raf1S257L	combined	Active
Malignant neoplasm of breast	C0006142	CURATED	744	CLSPN,UBR5,PIK3CA,TGFB1,KEAP1,AREG,DUSP1,SPTAN1,TCP1,FN1,PER1,SCARF2,LONRF3,GPC1,CFL2	15	15/388	15/14132	0.951440735797136	14132	0.968739658266174	combined_Raf1S257L	Raf1S257L	combined	Active
Malignant neoplasm of prostate	C0376358	CURATED	629	PIK3CA,CHGA,PREX2,FBH1,PPP6R2,ARHGEF40,LIG4,KMT5A,LRP6,PIK3R1,SPOP,MTHFR	12	12/388	12/14132	0.962011820867032	14132	0.975070804860702	combined_Raf1S257L	Raf1S257L	combined	Active
Retinal Dystrophies	C0854723	CURATED	405	LRP5,TUBGCP6,RP9,CCT2,SLC19A1,NR2F1,IQCB1	7	7/388	7/14132	0.968605652775011	14132	0.977331829827038	combined_Raf1S257L	Raf1S257L	combined	Active
Retinitis Pigmentosa	C0035334	CURATED	235	SLC19A1,RP9,IQCB1	3	3/388	3/14132	0.989435183869828	14132	0.993872112945477	combined_Raf1S257L	Raf1S257L	combined	Active
Diabetes Mellitus, Non-Insulin-Dependent	C0011860	CURATED	331	MTHFR,PIK3R1,TIMP1,SIRT1	4	4/388	4/14132	0.994996980661839	14132	0.994996980661839	combined_Raf1S257L	Raf1S257L	combined	Active
RASopathy	C5555857	CURATED	32	KRAS,NRAS,LZTR1,HRAS,SHOC2,BRAF,RRAS2,RAF1	8	8/232	8/14132	6.96561211701673e-07	14132	5.79555933510521e-05	combined_KrasWT	KrasWT	combined	WT
Costello syndrome (disorder)	C0587248	CURATED	13	SHOC2,NRAS,RAF1,BRAF,HRAS,KRAS	6	6/232	6/14132	1.32033109162514e-06	14132	5.79555933510521e-05	combined_KrasWT	KrasWT	combined	WT
Noonan Syndrome	C0028326	CURATED	35	KRAS,HRAS,SHOC2,NRAS,RAF1,RRAS2,BRAF,LZTR1	8	8/232	8/14132	1.3345005131135e-06	14132	5.79555933510521e-05	combined_KrasWT	KrasWT	combined	WT
Vascular anomaly	C0158570	CURATED	14	HRAS,KRAS,NRAS,BRAF,GNA11,YES1	6	6/232	6/14132	2.02641934793889e-06	14132	5.79555933510521e-05	combined_KrasWT	KrasWT	combined	WT
Cardio-facio-cutaneous syndrome	C1275081	CURATED	14	KRAS,BRAF,NRAS,HRAS,RAF1,SHOC2	6	6/232	6/14132	2.02641934793889e-06	14132	5.79555933510521e-05	combined_KrasWT	KrasWT	combined	WT
Noonan syndrome and Noonan-related syndrome	C5681679	CURATED	25	LZTR1,HRAS,SHOC2,BRAF,KRAS,NRAS,RAF1	7	7/232	7/14132	2.50254700062819e-06	14132	5.96440368483052e-05	combined_KrasWT	KrasWT	combined	WT
Noonan Syndrome 1	C4551602	CURATED	21	KRAS,NRAS,LZTR1,HRAS,BRAF,RAF1	6	6/232	6/14132	1.87495524447632e-05	14132	0.000383026571371592	combined_KrasWT	KrasWT	combined	WT
GIANT PIGMENTED HAIRY NEVUS	C1842036	CURATED	8	BRAF,NRAS,RAF1,HRAS	4	4/232	4/14132	0.000230133722053666	14132	0.00365656913929714	combined_KrasWT	KrasWT	combined	WT
NOONAN SYNDROME 3	C1860991	CURATED	8	KRAS,RAF1,HRAS,SHOC2	4	4/232	4/14132	0.000230133722053666	14132	0.00365656913929714	combined_KrasWT	KrasWT	combined	WT
PROSTATE CANCER, HEREDITARY, 1	C4722327	CURATED	10	NRAS,BRAF,HRAS,KRAS	4	4/232	4/14132	0.000481277527101976	14132	0.00688226863755826	combined_KrasWT	KrasWT	combined	WT
Hydrops Fetalis, Non-Immune	C0455988	CURATED	50	HRAS,FOXC2,KRAS,LZTR1,DHCR24,SHOC2	6	6/232	6/14132	0.00132592285111273	14132	0.0172369970644655	combined_KrasWT	KrasWT	combined	WT
Nevus sebaceous	C3854181	CURATED	4	HRAS,NRAS,KRAS	3	3/232	3/14132	0.00157544724043926	14132	0.0173299196448319	combined_KrasWT	KrasWT	combined	WT
Nevus Sebaceus of Jadassohn	C4552097	CURATED	4	HRAS,KRAS,NRAS	3	3/232	3/14132	0.00157544724043926	14132	0.0173299196448319	combined_KrasWT	KrasWT	combined	WT
Congenital Disorders of Glycosylation	C0282577	CURATED	60	RFT1,TUSC3,MAGT1,DPM1,DPAGT1,RPN2	6	6/232	6/14132	0.00299394249561941	14132	0.0305809840623983	combined_KrasWT	KrasWT	combined	WT
Epidermal Nevus	C0334082	CURATED	7	HRAS,KRAS,NRAS	3	3/232	3/14132	0.00533719341631265	14132	0.0448952152078065	combined_KrasWT	KrasWT	combined	WT
Pilomyxoid astrocytoma	C1519086	CURATED	7	BRAF,RAF1,KRAS	3	3/232	3/14132	0.00533719341631265	14132	0.0448952152078065	combined_KrasWT	KrasWT	combined	WT
THYROID CANCER, NONMEDULLARY, 2	C4225426	CURATED	7	NRAS,BRAF,HRAS	3	3/232	3/14132	0.00533719341631265	14132	0.0448952152078065	combined_KrasWT	KrasWT	combined	WT
Philadelphia chromosome positive chronic myelogenous leukemia	C0279543	CURATED	44	MTHFR,HLA-DQB1,NRAS,MAPK14,KRAS	5	5/232	5/14132	0.00574495657172592	14132	0.0456404883198226	combined_KrasWT	KrasWT	combined	WT
LEOPARD Syndrome	C0175704	CURATED	9	RAF1,NRAS,BRAF	3	3/232	3/14132	0.00895341125891853	14132	0.0640168905012675	combined_KrasWT	KrasWT	combined	WT
Follicular thyroid carcinoma	C0206682	CURATED	9	HRAS,KRAS,NRAS	3	3/232	3/14132	0.00895341125891853	14132	0.0640168905012675	combined_KrasWT	KrasWT	combined	WT
Liver neoplasms	C0023903	CURATED	146	ANXA2,HRAS,RAF1,BRAF,MAPK14,ADAMTS17,SCD,KRAS	8	8/232	8/14132	0.0103891964398409	14132	0.0707454805189165	combined_KrasWT	KrasWT	combined	WT
Differentiated Thyroid Gland Carcinoma	C1337013	CURATED	29	BRAF,KRAS,HRAS,NRAS	4	4/232	4/14132	0.011650321077613	14132	0.0757270870044846	combined_KrasWT	KrasWT	combined	WT
HIV Infections	C0019693	CURATED	127	LYN,PSMD13,SIRT1,PPIB,HLA-DQB1,NUTF2,COPS6	7	7/232	7/14132	0.0183333484769951	14132	0.113985601400448	combined_KrasWT	KrasWT	combined	WT
Endometriosis	C0014175	CURATED	165	VCAN,KRAS,THRA,SULF2,FBN1,NR2F2,COPS2,TMT1A	8	8/232	8/14132	0.0192202884358817	14132	0.114520885263795	combined_KrasWT	KrasWT	combined	WT
Osteogenesis imperfecta type III (disorder)	C0268362	CURATED	17	PPIB,CRTAP,BMP1	3	3/232	3/14132	0.0310349263926538	14132	0.177519778965979	combined_KrasWT	KrasWT	combined	WT
Mouth Neoplasms	C0026640	CURATED	52	HRAS,KRAS,LGALS7,ANXA2	4	4/232	4/14132	0.0536386480219663	14132	0.295012564120815	combined_KrasWT	KrasWT	combined	WT
Leukemia, Myelocytic, Acute	C0023467	CURATED	210	ANXA6,HLA-DQB1,DNMT3B,S100A10,KRAS,MTHFR,ANXA2,NRAS	8	8/232	8/14132	0.0583434831658481	14132	0.309004373804307	combined_KrasWT	KrasWT	combined	WT
Juvenile Myelomonocytic Leukemia	C0349639	CURATED	26	NRAS,RRAS2,KRAS	3	3/232	3/14132	0.0673979187363579	14132	0.332341461355144	combined_KrasWT	KrasWT	combined	WT
Lymphoid neoplasm (morphologic abnormality)	C0598798	CURATED	26	NRAS,KRAS,MTHFR	3	3/232	3/14132	0.0673979187363579	14132	0.332341461355144	combined_KrasWT	KrasWT	combined	WT
Anemia, Sickle Cell	C0002895	CURATED	27	HLA-DQB1,CYP2C19,MTHFR	3	3/232	3/14132	0.0720255633265781	14132	0.343321851856689	combined_KrasWT	KrasWT	combined	WT
Lung Neoplasms	C0024121	CURATED	269	ANXA2,MAPK14,KRAS,PTMA,BRAF,HRAS,MTHFR,RAF1,BHLHE41	9	9/232	9/14132	0.0762123057421095	14132	0.351559991003924	combined_KrasWT	KrasWT	combined	WT
Cerebral Astrocytoma	C0750935	CURATED	31	ACVR1,BRAF,KRAS	3	3/232	3/14132	0.0914881279424423	14132	0.383603730873907	combined_KrasWT	KrasWT	combined	WT
Neural tube defects X-linked	C1845026	CURATED	31	MTHFR,ZIC2,ZIC5	3	3/232	3/14132	0.0914881279424423	14132	0.383603730873907	combined_KrasWT	KrasWT	combined	WT
Multiple Myeloma	C0026764	CURATED	146	NRAS,BRAF,CYP2C19,H1-4,MTHFR,KRAS	6	6/232	6/14132	0.0927574110444874	14132	0.383603730873907	combined_KrasWT	KrasWT	combined	WT
Lymphoma	C0024299	CURATED	32	MTHFR,NRAS,KRAS	3	3/232	3/14132	0.0965702225371586	14132	0.383603730873907	combined_KrasWT	KrasWT	combined	WT
Craniofacial Abnormalities	C0376634	CURATED	150	ZIC5,DLX6,DNMT3B,TCOF1,SLC26A2,FOXC2	6	6/232	6/14132	0.101120500227365	14132	0.383603730873907	combined_KrasWT	KrasWT	combined	WT
Glioma	C0017638	CURATED	109	MDK,BRAF,ACVR1,HRAS,RAF1	5	5/232	5/14132	0.10465000335239	14132	0.383603730873907	combined_KrasWT	KrasWT	combined	WT
Female infertility	C0021361	CURATED	34	DNMT3B,NR2F2,MTHFR	3	3/232	3/14132	0.106965591558454	14132	0.383603730873907	combined_KrasWT	KrasWT	combined	WT
Splenomegaly	C0038002	CURATED	34	OCLN,KRAS,NRAS	3	3/232	3/14132	0.106965591558454	14132	0.383603730873907	combined_KrasWT	KrasWT	combined	WT
Neural tube defect, folate-sensitive	C1866558	CURATED	35	ZIC2,ZIC5,MTHFR	3	3/232	3/14132	0.112271142398163	14132	0.383603730873907	combined_KrasWT	KrasWT	combined	WT
Malignant Glioma	C0555198	CURATED	112	RAF1,HRAS,BRAF,MDK,ACVR1	5	5/232	5/14132	0.112635528676097	14132	0.383603730873907	combined_KrasWT	KrasWT	combined	WT
Kidney Failure, Acute	C0022660	CURATED	114	OCLN,SIRT1,GAS6,MTHFR,CYP2C19	5	5/232	5/14132	0.118105297802464	14132	0.383603730873907	combined_KrasWT	KrasWT	combined	WT
Acute Kidney Insufficiency	C1565662	CURATED	114	MTHFR,CYP2C19,SIRT1,OCLN,GAS6	5	5/232	5/14132	0.118105297802464	14132	0.383603730873907	combined_KrasWT	KrasWT	combined	WT
Acute kidney injury	C2609414	CURATED	115	SIRT1,GAS6,OCLN,MTHFR,CYP2C19	5	5/232	5/14132	0.120882933768029	14132	0.383603730873907	combined_KrasWT	KrasWT	combined	WT
Prostatic Neoplasms	C0033578	CURATED	660	HRAS,SERINC3,ZIC2,RAF1,CYP2C19,GUCD1,KRAS,MTHFR,DCXR,USP7,DNMT3B,ARL6IP1,SIRT1,RPN2,BRAF,CHGA	16	16/232	16/14132	0.127103085298315	14132	0.383603730873907	combined_KrasWT	KrasWT	combined	WT
Carcinoma	C0007097	CURATED	163	KRAS,SCD,DNMT3B,LGALS7,GNAI2,HRAS	6	6/232	6/14132	0.130762318464787	14132	0.383603730873907	combined_KrasWT	KrasWT	combined	WT
Malignant epithelioma	C0553707	CURATED	163	HRAS,KRAS,DNMT3B,GNAI2,LGALS7,SCD	6	6/232	6/14132	0.130762318464787	14132	0.383603730873907	combined_KrasWT	KrasWT	combined	WT
Epithelioma	C1368683	CURATED	163	GNAI2,DNMT3B,HRAS,KRAS,LGALS7,SCD	6	6/232	6/14132	0.130762318464787	14132	0.383603730873907	combined_KrasWT	KrasWT	combined	WT
Astrocytoma	C0004114	CURATED	39	BRAF,KRAS,ACVR1	3	3/232	3/14132	0.13412717862724	14132	0.383603730873907	combined_KrasWT	KrasWT	combined	WT
Osteogenesis Imperfecta	C0029434	CURATED	39	PPIB,BMP1,CRTAP	3	3/232	3/14132	0.13412717862724	14132	0.383603730873907	combined_KrasWT	KrasWT	combined	WT
Atrial Fibrillation	C0004238	CURATED	166	SLC35F1,CYP2C19,MYO1C,NUCKS1,SIRT1,XXYLT1	6	6/232	6/14132	0.138109136383587	14132	0.387247186330449	combined_KrasWT	KrasWT	combined	WT
Systemic Scleroderma	C0036421	CURATED	41	FBN1,HLA-DQB1,SIRT1	3	3/232	3/14132	0.145387446435362	14132	0.396881836975595	combined_KrasWT	KrasWT	combined	WT
Malignant Squamous Cell Neoplasm	C0751688	CURATED	124	LGALS7,MTHFR,ANXA2,HRAS,KRAS	5	5/232	5/14132	0.147096065452493	14132	0.396881836975595	combined_KrasWT	KrasWT	combined	WT
Salivary Gland Neoplasms	C0036095	CURATED	43	VCAN,GAS6,HRAS	3	3/232	3/14132	0.156834860607439	14132	0.415321945682662	combined_KrasWT	KrasWT	combined	WT
Thyroid Neoplasm	C0040136	CURATED	45	BRAF,HRAS,KRAS	3	3/232	3/14132	0.168445442492542	14132	0.437958150480608	combined_KrasWT	KrasWT	combined	WT
Liver carcinoma	C2239176	CURATED	646	HLA-DQB1,BRAF,SRPX,ZIC5,COPS5,NRAS,KRAS,MTHFR,ZIC2,TRAF7,GNAO1,HRAS,SCD,CYP2C19,LZTR1	15	15/232	15/14132	0.176951971561158	14132	0.451859498807957	combined_KrasWT	KrasWT	combined	WT
Adult Cholangiocarcinoma	C0280725	CURATED	48	BRAF,KRAS,MTHFR	3	3/232	3/14132	0.186118111020405	14132	0.463862071340526	combined_KrasWT	KrasWT	combined	WT
Precursor Lymphoid Neoplasm	C1335469	CURATED	91	NRAS,MTHFR,HLA-DQB1,KRAS	4	4/232	4/14132	0.188139861103151	14132	0.463862071340526	combined_KrasWT	KrasWT	combined	WT
Cholangiocarcinoma	C0206698	CURATED	52	KRAS,MTHFR,BRAF	3	3/232	3/14132	0.210052210777758	14132	0.481292745302634	combined_KrasWT	KrasWT	combined	WT
Myelodysplasias, Hematopoetic	C2713368	CURATED	52	NRAS,DNMT3B,KRAS	3	3/232	3/14132	0.210052210777758	14132	0.481292745302634	combined_KrasWT	KrasWT	combined	WT
Adenoid Cystic Carcinoma	C0010606	CURATED	97	VCAN,H1-4,GAS6,HRAS	4	4/232	4/14132	0.213421528793138	14132	0.481292745302634	combined_KrasWT	KrasWT	combined	WT
Papillary thyroid carcinoma	C0238463	CURATED	53	NRAS,BRAF,HRAS	3	3/232	3/14132	0.216085877901665	14132	0.481292745302634	combined_KrasWT	KrasWT	combined	WT
Acute lymphocytic leukemia	C0023449	CURATED	98	KRAS,MTHFR,NRAS,HLA-DQB1	4	4/232	4/14132	0.217705745498718	14132	0.481292745302634	combined_KrasWT	KrasWT	combined	WT
Fatty Liver	C0015695	CURATED	99	SIRT1,SCD,PTMA,MTHFR	4	4/232	4/14132	0.222007852538476	14132	0.481292745302634	combined_KrasWT	KrasWT	combined	WT
Fatty Liver, Alcoholic	C0015696	CURATED	99	MTHFR,SCD,PTMA,SIRT1	4	4/232	4/14132	0.222007852538476	14132	0.481292745302634	combined_KrasWT	KrasWT	combined	WT
Atherothrombosis	C1963943	CURATED	54	CYP2C19,SIRT1,GAS6	3	3/232	3/14132	0.2221351132166	14132	0.481292745302634	combined_KrasWT	KrasWT	combined	WT
Thrombosis	C0040053	CURATED	55	CYP2C19,GAS6,SIRT1	3	3/232	3/14132	0.228197790664118	14132	0.487049015895058	combined_KrasWT	KrasWT	combined	WT
Squamous cell carcinoma	C0007137	CURATED	150	KRAS,ANXA2,LGALS7,HRAS,MTHFR	5	5/232	5/14132	0.232850504541401	14132	0.489670913962063	combined_KrasWT	KrasWT	combined	WT
Anemia	C0002871	CURATED	62	NRAS,MTHFR,KRAS	3	3/232	3/14132	0.270847597912284	14132	0.542659115417584	combined_KrasWT	KrasWT	combined	WT
Diabetic Retinopathy	C0011884	CURATED	62	SIRT1,MTHFR,HLA-DQB1	3	3/232	3/14132	0.270847597912284	14132	0.542659115417584	combined_KrasWT	KrasWT	combined	WT
Thrombus	C0087086	CURATED	62	GAS6,CYP2C19,SIRT1	3	3/232	3/14132	0.270847597912284	14132	0.542659115417584	combined_KrasWT	KrasWT	combined	WT
Short stature	C0349588	CURATED	162	PSMD11,SRPX,FBN1,GNAI2,LZTR1	5	5/232	5/14132	0.275914085974591	14132	0.542659115417584	combined_KrasWT	KrasWT	combined	WT
Diaphragmatic Hernia	C0019284	CURATED	64	FOXC2,NR2F2,THRA	3	3/232	3/14132	0.283046981020932	14132	0.542659115417584	combined_KrasWT	KrasWT	combined	WT
Mesothelioma malignant advanced	C0278752	CURATED	117	ANXA2,MDK,TRAF7,RAF1	4	4/232	4/14132	0.301589097326574	14132	0.542659115417584	combined_KrasWT	KrasWT	combined	WT
Diffuse malignant mesothelioma	C0392400	CURATED	117	RAF1,ANXA2,TRAF7,MDK	4	4/232	4/14132	0.301589097326574	14132	0.542659115417584	combined_KrasWT	KrasWT	combined	WT
Asbestos-Related Malignant Mesothelioma	C1332338	CURATED	117	MDK,TRAF7,RAF1,ANXA2	4	4/232	4/14132	0.301589097326574	14132	0.542659115417584	combined_KrasWT	KrasWT	combined	WT
Malignant mesothelioma	C0345967	CURATED	118	RAF1,MDK,TRAF7,ANXA2	4	4/232	4/14132	0.306081446082056	14132	0.542659115417584	combined_KrasWT	KrasWT	combined	WT
Congenital neurologic anomalies	C0497552	CURATED	118	ARV1,ZIC2,GNAO1,TUSC3	4	4/232	4/14132	0.306081446082056	14132	0.542659115417584	combined_KrasWT	KrasWT	combined	WT
Other dermatoses	C0029574	CURATED	68	MTHFR,SOX18,SCD	3	3/232	3/14132	0.307380338103666	14132	0.542659115417584	combined_KrasWT	KrasWT	combined	WT
Dermatologic disorders	C0037274	CURATED	68	SCD,SOX18,MTHFR	3	3/232	3/14132	0.307380338103666	14132	0.542659115417584	combined_KrasWT	KrasWT	combined	WT
Skin Diseases, Genetic	C0037277	CURATED	68	SCD,SOX18,MTHFR	3	3/232	3/14132	0.307380338103666	14132	0.542659115417584	combined_KrasWT	KrasWT	combined	WT
Malignant neoplasm of large intestine	C0346629	CURATED	173	KRAS,HLA-DQB1,BRAF,NRAS,GALNT12	5	5/232	5/14132	0.316441798533854	14132	0.551843624272453	combined_KrasWT	KrasWT	combined	WT
Neuroblastoma	C0027819	CURATED	75	HRAS,NRAS,KRAS	3	3/232	3/14132	0.349527061418076	14132	0.602197226298613	combined_KrasWT	KrasWT	combined	WT
Crohn's disease of large bowel	C0156147	CURATED	77	MTHFR,HLA-DQB1,OCLN	3	3/232	3/14132	0.361420449717644	14132	0.615275289400275	combined_KrasWT	KrasWT	combined	WT
melanoma	C0025202	CURATED	250	NRAS,BRAF,FBN1,GNA11,HRAS,ACVR1	6	6/232	6/14132	0.391817926071865	14132	0.659176040332667	combined_KrasWT	KrasWT	combined	WT
Chemical and Drug Induced Liver Injury	C4277682	CURATED	374	CYP2C19,ANXA2,MTHFR,EDEM1,NR2F2,PEX11A,HLA-DQB1,ANXA6	8	8/232	8/14132	0.41658725406659	14132	0.690948185558995	combined_KrasWT	KrasWT	combined	WT
Cardiomyopathy, Dilated	C0007193	CURATED	259	LZTR1,HLA-DQB1,RAF1,FBN1,BRAF,TAF1A	6	6/232	6/14132	0.421076601911873	14132	0.690948185558995	combined_KrasWT	KrasWT	combined	WT
Adenocarcinoma of large intestine (disorder)	C1319315	CURATED	88	DNMT3B,BRAF,CAMKV	3	3/232	3/14132	0.42519888342092	14132	0.690948185558995	combined_KrasWT	KrasWT	combined	WT
Non-Small Cell Lung Carcinoma	C0007131	CURATED	276	NRAS,CHGA,KRAS,HRAS,BRAF,RAF1	6	6/232	6/14132	0.475566652042958	14132	0.745978643413516	combined_KrasWT	KrasWT	combined	WT
Adult Glioblastoma	C0278878	CURATED	98	NRAS,LZTR1,LTBP4	3	3/232	3/14132	0.480209094176803	14132	0.745978643413516	combined_KrasWT	KrasWT	combined	WT
Primary Glioblastoma	C1514422	CURATED	98	LTBP4,LZTR1,NRAS	3	3/232	3/14132	0.480209094176803	14132	0.745978643413516	combined_KrasWT	KrasWT	combined	WT
Hereditary Breast and Ovarian Cancer Syndrome	C0677776	CURATED	158	KRAS,FANCM,RALGDS,RPN1	4	4/232	4/14132	0.482078774133178	14132	0.745978643413516	combined_KrasWT	KrasWT	combined	WT
Cardiomyopathy, Hypertrophic, Familial	C0949658	CURATED	99	KRAS,SHOC2,RAF1	3	3/232	3/14132	0.485532831117799	14132	0.745978643413516	combined_KrasWT	KrasWT	combined	WT
Adenocarcinoma of lung (disorder)	C0152013	CURATED	286	MAPK14,RAF1,BRAF,KRAS,HRAS,DNMT3B	6	6/232	6/14132	0.506856173634103	14132	0.745978643413516	combined_KrasWT	KrasWT	combined	WT
Hypertrophic Cardiomyopathy	C0007194	CURATED	164	RAF1,LZTR1,SRI,BRAF	4	4/232	4/14132	0.506878240693002	14132	0.745978643413516	combined_KrasWT	KrasWT	combined	WT
Glioblastoma	C0017636	CURATED	104	LTBP4,NRAS,LZTR1	3	3/232	3/14132	0.511637921749552	14132	0.745978643413516	combined_KrasWT	KrasWT	combined	WT
Myoepithelioma	C0027070	CURATED	104	BRAF,ARIH2,RBM4	3	3/232	3/14132	0.511637921749552	14132	0.745978643413516	combined_KrasWT	KrasWT	combined	WT
Stomach Neoplasms	C0038356	CURATED	349	COPS7A,KRAS,DNMT3B,DPAGT1,MTHFR,FUT11,HRAS	7	7/232	7/14132	0.512453001904136	14132	0.745978643413516	combined_KrasWT	KrasWT	combined	WT
Colorectal Carcinoma	C0009402	CURATED	473	KRAS,RALGDS,BRAF,TCOF1,MAPK14,H1-4,CD59,NRAS,SETD4	9	9/232	9/14132	0.516545795858323	14132	0.745978643413516	combined_KrasWT	KrasWT	combined	WT
Mood Disorders	C0525045	CURATED	168	SIRT1,DNMT3B,MTHFR,S100A10	4	4/232	4/14132	0.523066868162594	14132	0.745978643413516	combined_KrasWT	KrasWT	combined	WT
Kidney Failure, Chronic	C0022661	CURATED	107	CHGA,MTHFR,CYP2C19	3	3/232	3/14132	0.526880020872483	14132	0.745978643413516	combined_KrasWT	KrasWT	combined	WT
Colorectal Neoplasms	C0009404	CURATED	363	KRAS,GALNT12,HLA-DQB1,NRAS,DPAGT1,MTHFR,BRAF	7	7/232	7/14132	0.551039473187894	14132	0.772535732018322	combined_KrasWT	KrasWT	combined	WT
Weight Gain	C0043094	CURATED	115	SCD,SRI,ANXA2	3	3/232	3/14132	0.565933693674719	14132	0.785713768888202	combined_KrasWT	KrasWT	combined	WT
ovarian neoplasm	C0919267	CURATED	182	PLEKHF1,RRAS2,CD59,KRAS	4	4/232	4/14132	0.577346165382065	14132	0.793181664880489	combined_KrasWT	KrasWT	combined	WT
Neoplastic Syndromes, Hereditary	C0027672	CURATED	190	LZTR1,HRAS,FANCM,GALNT12	4	4/232	4/14132	0.606580583590767	14132	0.793181664880489	combined_KrasWT	KrasWT	combined	WT
Pancreatic Neoplasm	C0030297	CURATED	191	BRAF,ITGA4,MTHFR,KRAS	4	4/232	4/14132	0.610139742215761	14132	0.793181664880489	combined_KrasWT	KrasWT	combined	WT
malignant neoplasm of head of pancreas	C0153458	CURATED	191	MTHFR,BRAF,ITGA4,KRAS	4	4/232	4/14132	0.610139742215761	14132	0.793181664880489	combined_KrasWT	KrasWT	combined	WT
Malignant neoplasm of body of pancreas	C0153459	CURATED	191	BRAF,ITGA4,KRAS,MTHFR	4	4/232	4/14132	0.610139742215761	14132	0.793181664880489	combined_KrasWT	KrasWT	combined	WT
Malignant neoplasm of tail of pancreas	C0153460	CURATED	191	ITGA4,MTHFR,BRAF,KRAS	4	4/232	4/14132	0.610139742215761	14132	0.793181664880489	combined_KrasWT	KrasWT	combined	WT
Malignant neoplasm of other specified sites of pancreas	C0153463	CURATED	191	ITGA4,KRAS,BRAF,MTHFR	4	4/232	4/14132	0.610139742215761	14132	0.793181664880489	combined_KrasWT	KrasWT	combined	WT
Non-Small Cell Adenocarcinoma	C1335060	CURATED	197	HRAS,BRAF,DNMT3B,KRAS	4	4/232	4/14132	0.631042629976483	14132	0.806182770002843	combined_KrasWT	KrasWT	combined	WT
Mammary Neoplasms	C1458155	CURATED	524	RAF1,ACVR1,HRAS,SIRT1,GNAI2,KRAS,DNMT3B,OCLN,MTHFR	9	9/232	9/14132	0.633056439514275	14132	0.806182770002843	combined_KrasWT	KrasWT	combined	WT
Bladder Neoplasm	C0005695	CURATED	206	USP7,KRAS,HRAS,MTHFR	4	4/232	4/14132	0.660926496859848	14132	0.806182770002843	combined_KrasWT	KrasWT	combined	WT
Acute polyarticular juvenile rheumatoid arthritis	C0157916	CURATED	138	KRAS,SLC26A2,HLA-DQB1	3	3/232	3/14132	0.665023585923565	14132	0.806182770002843	combined_KrasWT	KrasWT	combined	WT
Pauciarticular juvenile rheumatoid arthritis	C0157917	CURATED	138	SLC26A2,HLA-DQB1,KRAS	3	3/232	3/14132	0.665023585923565	14132	0.806182770002843	combined_KrasWT	KrasWT	combined	WT
Monoarticular juvenile rheumatoid arthritis	C0157918	CURATED	138	SLC26A2,HLA-DQB1,KRAS	3	3/232	3/14132	0.665023585923565	14132	0.806182770002843	combined_KrasWT	KrasWT	combined	WT
Juvenile Chronic Polyarthritis	C0409667	CURATED	138	KRAS,HLA-DQB1,SLC26A2	3	3/232	3/14132	0.665023585923565	14132	0.806182770002843	combined_KrasWT	KrasWT	combined	WT
Malignant neoplasm of ovary	C1140680	CURATED	139	BRAF,RRAS2,CD59	3	3/232	3/14132	0.668890683308808	14132	0.806182770002843	combined_KrasWT	KrasWT	combined	WT
Basal Cell Neoplasm	C0206710	CURATED	141	CHGA,VCAN,SOX18	3	3/232	3/14132	0.676517009792596	14132	0.806182770002843	combined_KrasWT	KrasWT	combined	WT
Malignant basal cell tumor	C1368295	CURATED	141	CHGA,SOX18,VCAN	3	3/232	3/14132	0.676517009792596	14132	0.806182770002843	combined_KrasWT	KrasWT	combined	WT
Malignant neoplasm of breast	C0006142	CURATED	744	GTF2A1,KRAS,LZTR1,FANCM,BMP1,TMEM161A,PIGS,OLA1,CYP2C19,DPAGT1,SULF2,RGL1	12	12/232	12/14132	0.682715305389297	14132	0.806845360914624	combined_KrasWT	KrasWT	combined	WT
Malignant neoplasm of urinary bladder	C0005684	CURATED	218	HRAS,USP7,MTHFR,KRAS	4	4/232	4/14132	0.698004818934106	14132	0.81815318940637	combined_KrasWT	KrasWT	combined	WT
Developmental Disabilities	C0008073	CURATED	149	LZTR1,GNAI1,MAGT1	3	3/232	3/14132	0.705605404287122	14132	0.820337990350069	combined_KrasWT	KrasWT	combined	WT
Obesity	C0028754	CURATED	293	SCD,PEX11A,FOXC2,SIRT1,DCXR	5	5/232	5/14132	0.712414465080015	14132	0.821574746019694	combined_KrasWT	KrasWT	combined	WT
Autism Spectrum Disorders	C1510586	CURATED	572	ITGA4,DNMT3B,LZTR1,CYP2C19,ARIH2,DHCR24,SULF2,DLX6,MTHFR	9	9/232	9/14132	0.727175271446779	14132	0.827185844847041	combined_KrasWT	KrasWT	combined	WT
Major Depressive Disorder	C1269683	CURATED	229	S100A10,EDEM1,MTHFR,CYP2C19	4	4/232	4/14132	0.729234656489629	14132	0.827185844847041	combined_KrasWT	KrasWT	combined	WT
Unipolar Depression	C0041696	CURATED	231	EDEM1,MTHFR,S100A10,CYP2C19	4	4/232	4/14132	0.734633582486533	14132	0.827185844847041	combined_KrasWT	KrasWT	combined	WT
Liver Cirrhosis	C0023890	CURATED	164	HLA-DQB1,FBN1,MTHFR	3	3/232	3/14132	0.754283307531275	14132	0.842675882632596	combined_KrasWT	KrasWT	combined	WT
Neurodevelopmental Disorders	C1535926	CURATED	674	NR2F2,GNAO1,PSMD12,USP7,THRA,TUSC3,H1-4,GNAI1,ZFTRAF1,RALGDS	10	10/232	10/14132	0.782442128156283	14132	0.867358328111228	combined_KrasWT	KrasWT	combined	WT
Diabetes Mellitus, Non-Insulin-Dependent	C0011860	CURATED	331	MTHFR,SIRT1,ITGA1,FOXC2,BRAF	5	5/232	5/14132	0.796392822617944	14132	0.876032104879739	combined_KrasWT	KrasWT	combined	WT
Non-specific syndromic intellectual disability	C5568766	CURATED	367	GNAI1,PSMD11,PSMD12,RALGDS,ZFTRAF1	5	5/232	5/14132	0.856672985657413	14132	0.935146846939008	combined_KrasWT	KrasWT	combined	WT
Rheumatoid Arthritis	C0003873	CURATED	222	DNMT3B,MTHFR,HLA-DQB1	3	3/232	3/14132	0.882660741962012	14132	0.952124836185615	combined_KrasWT	KrasWT	combined	WT
Schizophrenia	C0036341	CURATED	1047	HLA-DQB1,GRIK1,CCDC137,CHGA,DNMT3B,DHCR24,SIRT1,MDK,ZIC2,GNAO1,GPS1,H1-4,MAPK14,MTHFR	14	14/232	14/14132	0.885542679808999	14132	0.952124836185615	combined_KrasWT	KrasWT	combined	WT
Retinitis Pigmentosa	C0035334	CURATED	235	RP2,GDPD1,ITGA4	3	3/232	3/14132	0.901277325737988	14132	0.95560010135256	combined_KrasWT	KrasWT	combined	WT
Bipolar Disorder	C0005586	CURATED	483	SIRT1,GRIK1,S100A10,BHLHE41,MTHFR,CHMP1B	6	6/232	6/14132	0.902139955822347	14132	0.95560010135256	combined_KrasWT	KrasWT	combined	WT
Autistic Disorder	C0004352	CURATED	433	ITGA4,MTHFR,TMEM214,LZTR1,HRAS	5	5/232	5/14132	0.928425720199981	14132	0.969485709637332	combined_KrasWT	KrasWT	combined	WT
Microcephaly (physical finding)	C4551563	CURATED	357	GNAO1,ZIC2,STT3A,TCOF1	4	4/232	4/14132	0.935433863381323	14132	0.969485709637332	combined_KrasWT	KrasWT	combined	WT
Depressive disorder	C0011581	CURATED	272	S100A10,CYP2C19,MTHFR	3	3/232	3/14132	0.940295822330215	14132	0.969485709637332	combined_KrasWT	KrasWT	combined	WT
Mental Depression	C0011570	CURATED	283	S100A10,CYP2C19,MTHFR	3	3/232	3/14132	0.948733642191887	14132	0.969485709637332	combined_KrasWT	KrasWT	combined	WT
Malignant neoplasm of prostate	C0376358	CURATED	629	CNTFR,VCAN,CHGA,COPS6,OLA1,KPRP,MTHFR	7	7/232	7/14132	0.949437061616931	14132	0.969485709637332	combined_KrasWT	KrasWT	combined	WT
Global developmental delay	C0557874	CURATED	388	OCLN,MTHFR,BRAF,TRAF7	4	4/232	4/14132	0.955926468943103	14132	0.969485709637332	combined_KrasWT	KrasWT	combined	WT
Intellectual Disability	C3714756	CURATED	694	BRAF,USP7,TUSC3,HRAS,AGPAT3,PSMD12	6	6/232	6/14132	0.990272222462937	14132	0.991153685795583	combined_KrasWT	KrasWT	combined	WT
Retinal Dystrophies	C0854723	CURATED	405	ITGA4,VCAN,RP2	3	3/232	3/14132	0.991153685795583	14132	0.991153685795583	combined_KrasWT	KrasWT	combined	WT
PROSTATE CANCER, HEREDITARY, 1	C4722327	CURATED	10	TP53,NRAS,HRAS,KRAS	4	4/169	4/14132	0.000189544832922263	14132	0.013621138046424	combined_KrasS17N	KrasS17N	combined	Inactive
Costello syndrome (disorder)	C0587248	CURATED	13	SOS1,NRAS,HRAS,KRAS	4	4/169	4/14132	0.000439962241345232	14132	0.013621138046424	combined_KrasS17N	KrasS17N	combined	Inactive
RASopathy	C5555857	CURATED	32	KRAS,NRAS,HRAS,SOS1,RRAS2	5	5/169	5/14132	0.000546500529439934	14132	0.013621138046424	combined_KrasS17N	KrasS17N	combined	Inactive
Vascular anomaly	C0158570	CURATED	14	HRAS,KRAS,NRAS,YES1	4	4/169	4/14132	0.0005550445872972	14132	0.013621138046424	combined_KrasS17N	KrasS17N	combined	Inactive
Cardio-facio-cutaneous syndrome	C1275081	CURATED	14	KRAS,SOS1,NRAS,HRAS	4	4/169	4/14132	0.0005550445872972	14132	0.013621138046424	combined_KrasS17N	KrasS17N	combined	Inactive
Noonan Syndrome	C0028326	CURATED	35	KRAS,HRAS,NRAS,RRAS2,SOS1	5	5/169	5/14132	0.000773862705858061	14132	0.013621138046424	combined_KrasS17N	KrasS17N	combined	Inactive
Penile Neoplasms	C0030849	CURATED	4	HRAS,KRAS,TP53	3	3/169	3/14132	0.000839659194642578	14132	0.013621138046424	combined_KrasS17N	KrasS17N	combined	Inactive
Nevus sebaceous	C3854181	CURATED	4	HRAS,NRAS,KRAS	3	3/169	3/14132	0.000839659194642578	14132	0.013621138046424	combined_KrasS17N	KrasS17N	combined	Inactive
Nevus Sebaceus of Jadassohn	C4552097	CURATED	4	HRAS,KRAS,NRAS	3	3/169	3/14132	0.000839659194642578	14132	0.013621138046424	combined_KrasS17N	KrasS17N	combined	Inactive
Noonan Syndrome 1	C4551602	CURATED	21	KRAS,NRAS,HRAS,SOS1	4	4/169	4/14132	0.00190711826985091	14132	0.0278439267398232	combined_KrasS17N	KrasS17N	combined	Inactive
Epidermal Nevus	C0334082	CURATED	7	HRAS,KRAS,NRAS	3	3/169	3/14132	0.00287007979494608	14132	0.0369551629958815	combined_KrasS17N	KrasS17N	combined	Inactive
Noonan syndrome and Noonan-related syndrome	C5681679	CURATED	25	HRAS,SOS1,KRAS,NRAS	4	4/169	4/14132	0.00318451825782261	14132	0.0369551629958815	combined_KrasS17N	KrasS17N	combined	Inactive
Lymphoid neoplasm (morphologic abnormality)	C0598798	CURATED	26	NRAS,KRAS,MTHFR,TP53	4	4/169	4/14132	0.00356855313648047	14132	0.0369551629958815	combined_KrasS17N	KrasS17N	combined	Inactive
Leukemia, Myelocytic, Acute	C0023467	CURATED	210	H1-0,HSPB1,PVR,TP53,S100A10,CTSH,KRAS,MTHFR,NRAS	9	9/169	9/14132	0.00377503911844095	14132	0.0369551629958815	combined_KrasS17N	KrasS17N	combined	Inactive
NOONAN SYNDROME 3	C1860991	CURATED	8	KRAS,SOS1,HRAS	3	3/169	3/14132	0.00379676332149467	14132	0.0369551629958815	combined_KrasS17N	KrasS17N	combined	Inactive
Follicular thyroid carcinoma	C0206682	CURATED	9	HRAS,KRAS,NRAS	3	3/169	3/14132	0.00484330796526525	14132	0.0441951851830454	combined_KrasS17N	KrasS17N	combined	Inactive
Lymphoma	C0024299	CURATED	32	TP53,MTHFR,NRAS,KRAS	4	4/169	4/14132	0.00646046833389966	14132	0.0554840221617265	combined_KrasS17N	KrasS17N	combined	Inactive
Tongue Neoplasms	C0040411	CURATED	12	HRAS,TP53,HSPB1	3	3/169	3/14132	0.00867272321207503	14132	0.070345421609053	combined_KrasS17N	KrasS17N	combined	Inactive
Endometriosis	C0014175	CURATED	165	VCAN,KRAS,SULF2,NR2F2,ITGA2,COPS2,TMT1A	7	7/169	7/14132	0.0143948360280862	14132	0.110612950531609	combined_KrasS17N	KrasS17N	combined	Inactive
Philadelphia chromosome positive chronic myelogenous leukemia	C0279543	CURATED	44	MTHFR,NRAS,MAPK14,KRAS	4	4/169	4/14132	0.0155442139187552	14132	0.113472761606913	combined_KrasS17N	KrasS17N	combined	Inactive
HIV Infections	C0019693	CURATED	127	LYN,PSMD13,SIRT1,HSPB1,NUTF2,COPS6	6	6/169	6/14132	0.0182232296444424	14132	0.124673081780948	combined_KrasS17N	KrasS17N	combined	Inactive
Thrombocytopenia	C0040034	CURATED	128	AP3B1,RAP1B,COL5A2,ITGA2,MTHFR,COL5A1	6	6/169	6/14132	0.01878635478891	14132	0.124673081780948	combined_KrasS17N	KrasS17N	combined	Inactive
Hemangiosarcoma	C0018923	CURATED	19	HRAS,KRAS,TP53	3	3/169	3/14132	0.0212744296823367	14132	0.129419447234215	combined_KrasS17N	KrasS17N	combined	Inactive
Angiosarcoma nonmetastatic	C0854893	CURATED	19	HRAS,KRAS,TP53	3	3/169	3/14132	0.0212744296823367	14132	0.129419447234215	combined_KrasS17N	KrasS17N	combined	Inactive
Precursor Lymphoid Neoplasm	C1335469	CURATED	91	NT5C2,NRAS,TP53,MTHFR,KRAS	5	5/169	5/14132	0.0236146819942223	14132	0.135940157677987	combined_KrasS17N	KrasS17N	combined	Inactive
Mouth Neoplasms	C0026640	CURATED	52	HRAS,KRAS,HSPB1,TP53	4	4/169	4/14132	0.0242085212303265	14132	0.135940157677987	combined_KrasS17N	KrasS17N	combined	Inactive
Atherothrombosis	C1963943	CURATED	54	CYP2C19,ITGA2,SIRT1,GAS6	4	4/169	4/14132	0.0267071399627373	14132	0.141351416009131	combined_KrasS17N	KrasS17N	combined	Inactive
Thrombosis	C0040053	CURATED	55	CYP2C19,GAS6,ITGA2,SIRT1	4	4/169	4/14132	0.0280062559545242	14132	0.141351416009131	combined_KrasS17N	KrasS17N	combined	Inactive
Gliosis	C0017639	CURATED	22	ITGA4,ITGA1,ITGA2	3	3/169	3/14132	0.0280766511251013	14132	0.141351416009131	combined_KrasS17N	KrasS17N	combined	Inactive
Acute lymphocytic leukemia	C0023449	CURATED	98	KRAS,NT5C2,TP53,MTHFR,NRAS	5	5/169	5/14132	0.0299537487632647	14132	0.145703680925696	combined_KrasS17N	KrasS17N	combined	Inactive
Multiple Myeloma	C0026764	CURATED	146	TP53,NRAS,CYP2C19,HSPB1,MTHFR,KRAS	6	6/169	6/14132	0.0309370829362779	14132	0.145703680925696	combined_KrasS17N	KrasS17N	combined	Inactive
Rhabdomyosarcoma	C0035412	CURATED	25	PTMA,TP53,HRAS	3	3/169	3/14132	0.0356251172591787	14132	0.162539597495003	combined_KrasS17N	KrasS17N	combined	Inactive
Thrombus	C0087086	CURATED	62	ITGA2,GAS6,CYP2C19,SIRT1	4	4/169	4/14132	0.038022389258198	14132	0.164449666176459	combined_KrasS17N	KrasS17N	combined	Inactive
Juvenile Myelomonocytic Leukemia	C0349639	CURATED	26	NRAS,RRAS2,KRAS	3	3/169	3/14132	0.0382964976027369	14132	0.164449666176459	combined_KrasS17N	KrasS17N	combined	Inactive
Differentiated Thyroid Gland Carcinoma	C1337013	CURATED	29	KRAS,HRAS,NRAS	3	3/169	3/14132	0.0467459491381594	14132	0.186058561831327	combined_KrasS17N	KrasS17N	combined	Inactive
Kidney Failure, Acute	C0022660	CURATED	114	TP53,SIRT1,GAS6,MTHFR,CYP2C19	5	5/169	5/14132	0.047895416152577	14132	0.186058561831327	combined_KrasS17N	KrasS17N	combined	Inactive
Acute Kidney Insufficiency	C1565662	CURATED	114	MTHFR,CYP2C19,SIRT1,TP53,GAS6	5	5/169	5/14132	0.047895416152577	14132	0.186058561831327	combined_KrasS17N	KrasS17N	combined	Inactive
Acute kidney injury	C2609414	CURATED	115	SIRT1,GAS6,MTHFR,TP53,CYP2C19	5	5/169	5/14132	0.049177436418273	14132	0.186058561831327	combined_KrasS17N	KrasS17N	combined	Inactive
Marijuana Abuse	C0024809	CURATED	30	CALM1,MAPK14,TP53	3	3/169	3/14132	0.0497005747357654	14132	0.186058561831327	combined_KrasS17N	KrasS17N	combined	Inactive
Squamous cell carcinoma of mouth	C0585362	CURATED	31	TP53,WNT11,MTHFR	3	3/169	3/14132	0.052720887900147	14132	0.192431240835536	combined_KrasS17N	KrasS17N	combined	Inactive
Neuroblastoma	C0027819	CURATED	75	TP53,HRAS,NRAS,KRAS	4	4/169	4/14132	0.0607717720343583	14132	0.211042697991075	combined_KrasS17N	KrasS17N	combined	Inactive
Malignant Squamous Cell Neoplasm	C0751688	CURATED	124	TP53,HSPB1,MTHFR,HRAS,KRAS	5	5/169	5/14132	0.0615593597314427	14132	0.211042697991075	combined_KrasS17N	KrasS17N	combined	Inactive
Female infertility	C0021361	CURATED	34	TP53,NR2F2,MTHFR	3	3/169	3/14132	0.0621564110521659	14132	0.211042697991075	combined_KrasS17N	KrasS17N	combined	Inactive
Keloid	C0022548	CURATED	35	S100A10,COL5A1,TPM1	3	3/169	3/14132	0.0654201168065957	14132	0.217075842130977	combined_KrasS17N	KrasS17N	combined	Inactive
Brain Neoplasms	C0006118	CURATED	37	TP53,HRAS,SIRT1	3	3/169	3/14132	0.0721143082544301	14132	0.225082073596371	combined_KrasS17N	KrasS17N	combined	Inactive
Adult Renal Wilms' Tumor	C1332219	CURATED	37	TP53,SIX2,MTHFR	3	3/169	3/14132	0.0721143082544301	14132	0.225082073596371	combined_KrasS17N	KrasS17N	combined	Inactive
Adenoma	C0001430	CURATED	38	PTMA,TP53,KRAS	3	3/169	3/14132	0.0755412438782341	14132	0.225082073596371	combined_KrasS17N	KrasS17N	combined	Inactive
Acinar cell adenoma	C0334389	CURATED	38	TP53,KRAS,PTMA	3	3/169	3/14132	0.0755412438782341	14132	0.225082073596371	combined_KrasS17N	KrasS17N	combined	Inactive
Childhood Kidney Wilms Tumor	C1333015	CURATED	38	SIX2,MTHFR,TP53	3	3/169	3/14132	0.0755412438782341	14132	0.225082073596371	combined_KrasS17N	KrasS17N	combined	Inactive
Tetralogy of Fallot	C0039685	CURATED	40	TPM1,MTHFR,FOXC2	3	3/169	3/14132	0.0825461742228541	14132	0.241034828730734	combined_KrasS17N	KrasS17N	combined	Inactive
Liver carcinoma	C2239176	CURATED	646	CSPG4,HSPB1,SRPX,ZIC5,COPS5,NRAS,KRAS,MTHFR,TP53,GNAO1,HRAS,CYP2C19,MAD2L1	13	13/169	13/14132	0.0868984471106842	14132	0.246509360486859	combined_KrasS17N	KrasS17N	combined	Inactive
Non-Small Cell Adenocarcinoma	C1335060	CURATED	197	HSPB1,SOS1,TP53,ANP32A,HRAS,KRAS	6	6/169	6/14132	0.0877978544199772	14132	0.246509360486859	combined_KrasS17N	KrasS17N	combined	Inactive
Salivary Gland Neoplasms	C0036095	CURATED	43	VCAN,GAS6,HRAS	3	3/169	3/14132	0.0934063437338875	14132	0.257308041229199	combined_KrasS17N	KrasS17N	combined	Inactive
Chronic Lymphocytic Leukemia	C0023434	CURATED	44	ITGA4,TP53,MTHFR	3	3/169	3/14132	0.0971140642012747	14132	0.257793697697929	combined_KrasS17N	KrasS17N	combined	Inactive
Rare genetic intellectual disability	C5680527	CURATED	44	KANK1,MTHFR,GNAO1	3	3/169	3/14132	0.0971140642012747	14132	0.257793697697929	combined_KrasS17N	KrasS17N	combined	Inactive
Thyroid Neoplasm	C0040136	CURATED	45	TP53,HRAS,KRAS	3	3/169	3/14132	0.100863037055569	14132	0.259474382980405	combined_KrasS17N	KrasS17N	combined	Inactive
Bladder Neoplasm	C0005695	CURATED	206	TP53,USP7,LOXL1,KRAS,HRAS,MTHFR	6	6/169	6/14132	0.101301642670432	14132	0.259474382980405	combined_KrasS17N	KrasS17N	combined	Inactive
Lung Neoplasms	C0024121	CURATED	269	MAPK14,KRAS,PTMA,HRAS,MTHFR,TP53,BHLHE41	7	7/169	7/14132	0.104119747593399	14132	0.26108898952627	combined_KrasS17N	KrasS17N	combined	Inactive
Squamous cell carcinoma	C0007137	CURATED	150	KRAS,TP53,HRAS,HSPB1,MTHFR	5	5/169	5/14132	0.105508564260616	14132	0.26108898952627	combined_KrasS17N	KrasS17N	combined	Inactive
Nephroblastoma	C0027708	CURATED	47	SIX2,TP53,MTHFR	3	3/169	3/14132	0.108478760580073	14132	0.263907830792101	combined_KrasS17N	KrasS17N	combined	Inactive
Adenoid Cystic Carcinoma	C0010606	CURATED	97	VCAN,GAS6,HRAS,TP53	4	4/169	4/14132	0.110262860810399	14132	0.263907830792101	combined_KrasS17N	KrasS17N	combined	Inactive
Adult Cholangiocarcinoma	C0280725	CURATED	48	TP53,KRAS,MTHFR	3	3/169	3/14132	0.112342595200656	14132	0.264548691924126	combined_KrasS17N	KrasS17N	combined	Inactive
Colorectal Carcinoma	C0009402	CURATED	473	KRAS,NID1,TCOF1,TP53,MAPK14,RASGRF2,CD59,CTSH,NRAS,SETD4	10	10/169	10/14132	0.114458262877746	14132	0.265252482224617	combined_KrasS17N	KrasS17N	combined	Inactive
Hydrops Fetalis, Non-Immune	C0455988	CURATED	50	HRAS,FOXC2,KRAS	3	3/169	3/14132	0.120175135838746	14132	0.268002750858549	combined_KrasS17N	KrasS17N	combined	Inactive
Malignant neoplasm of urinary bladder	C0005684	CURATED	218	HRAS,TP53,USP7,MTHFR,LOXL1,KRAS	6	6/169	6/14132	0.120819187352559	14132	0.268002750858549	combined_KrasS17N	KrasS17N	combined	Inactive
Cholangiocarcinoma	C0206698	CURATED	52	TP53,KRAS,MTHFR	3	3/169	3/14132	0.128138399474266	14132	0.268002750858549	combined_KrasS17N	KrasS17N	combined	Inactive
Myelodysplasias, Hematopoetic	C2713368	CURATED	52	TP53,NRAS,KRAS	3	3/169	3/14132	0.128138399474266	14132	0.268002750858549	combined_KrasS17N	KrasS17N	combined	Inactive
Adenocarcinoma of lung (disorder)	C0152013	CURATED	286	ANP32A,HSPB1,MAPK14,TP53,SOS1,KRAS,HRAS	7	7/169	7/14132	0.128720263206026	14132	0.268002750858549	combined_KrasS17N	KrasS17N	combined	Inactive
Carcinoma	C0007097	CURATED	163	KRAS,COL5A1,RASGRF2,HRAS,TP53	5	5/169	5/14132	0.131635871324523	14132	0.268002750858549	combined_KrasS17N	KrasS17N	combined	Inactive
Malignant epithelioma	C0553707	CURATED	163	COL5A1,RASGRF2,HRAS,KRAS,TP53	5	5/169	5/14132	0.131635871324523	14132	0.268002750858549	combined_KrasS17N	KrasS17N	combined	Inactive
Epithelioma	C1368683	CURATED	163	HRAS,KRAS,COL5A1,RASGRF2,TP53	5	5/169	5/14132	0.131635871324523	14132	0.268002750858549	combined_KrasS17N	KrasS17N	combined	Inactive
Papillary thyroid carcinoma	C0238463	CURATED	53	TP53,NRAS,HRAS	3	3/169	3/14132	0.132165740149422	14132	0.268002750858549	combined_KrasS17N	KrasS17N	combined	Inactive
Carcinoma, Transitional Cell	C0007138	CURATED	56	MTHFR,TP53,HRAS	3	3/169	3/14132	0.144415334128321	14132	0.281128517103131	combined_KrasS17N	KrasS17N	combined	Inactive
Neoplasms, Bone Tissue	C0206639	CURATED	56	SIRT1,MTHFR,TP53	3	3/169	3/14132	0.144415334128321	14132	0.281128517103131	combined_KrasS17N	KrasS17N	combined	Inactive
Transitional Cell Neoplasm	C0334265	CURATED	56	MTHFR,HRAS,TP53	3	3/169	3/14132	0.144415334128321	14132	0.281128517103131	combined_KrasS17N	KrasS17N	combined	Inactive
Osteosarcoma	C0029463	CURATED	60	MTHFR,TP53,SIRT1	3	3/169	3/14132	0.161094014792091	14132	0.309448718705611	combined_KrasS17N	KrasS17N	combined	Inactive
Prostatic Neoplasms	C0033578	CURATED	660	AHCYL2,HRAS,TP53,COL5A1,CYP2C19,SULT2A1,KRAS,MTHFR,USP7,SIRT1,PVR,CHGA	12	12/169	12/14132	0.167433460624104	14132	0.309448718705611	combined_KrasS17N	KrasS17N	combined	Inactive
Anemia	C0002871	CURATED	62	NRAS,MTHFR,KRAS	3	3/169	3/14132	0.169560941756499	14132	0.309448718705611	combined_KrasS17N	KrasS17N	combined	Inactive
Diabetic Retinopathy	C0011884	CURATED	62	SIRT1,MTHFR,ITGA2	3	3/169	3/14132	0.169560941756499	14132	0.309448718705611	combined_KrasS17N	KrasS17N	combined	Inactive
Arsenic Poisoning	C0311375	CURATED	62	PTX3,TP53,MTHFR	3	3/169	3/14132	0.169560941756499	14132	0.309448718705611	combined_KrasS17N	KrasS17N	combined	Inactive
ovarian neoplasm	C0919267	CURATED	182	SULF1,TP53,RRAS2,CD59,KRAS	5	5/169	5/14132	0.174007313412981	14132	0.313642811830805	combined_KrasS17N	KrasS17N	combined	Inactive
Diaphragmatic Hernia	C0019284	CURATED	64	FOXC2,WNT11,NR2F2	3	3/169	3/14132	0.178101376758992	14132	0.317107329351375	combined_KrasS17N	KrasS17N	combined	Inactive
Pancreatic Neoplasm	C0030297	CURATED	191	HSPB1,ITGA4,MTHFR,KRAS,TP53	5	5/169	5/14132	0.195541293596743	14132	0.328149757070396	combined_KrasS17N	KrasS17N	combined	Inactive
malignant neoplasm of head of pancreas	C0153458	CURATED	191	MTHFR,ITGA4,TP53,KRAS,HSPB1	5	5/169	5/14132	0.195541293596743	14132	0.328149757070396	combined_KrasS17N	KrasS17N	combined	Inactive
Malignant neoplasm of body of pancreas	C0153459	CURATED	191	HSPB1,ITGA4,KRAS,TP53,MTHFR	5	5/169	5/14132	0.195541293596743	14132	0.328149757070396	combined_KrasS17N	KrasS17N	combined	Inactive
Malignant neoplasm of tail of pancreas	C0153460	CURATED	191	ITGA4,MTHFR,KRAS,HSPB1,TP53	5	5/169	5/14132	0.195541293596743	14132	0.328149757070396	combined_KrasS17N	KrasS17N	combined	Inactive
Malignant neoplasm of other specified sites of pancreas	C0153463	CURATED	191	ITGA4,KRAS,MTHFR,TP53,HSPB1	5	5/169	5/14132	0.195541293596743	14132	0.328149757070396	combined_KrasS17N	KrasS17N	combined	Inactive
Brain Ischemia	C0007786	CURATED	70	TP53,MDK,MTHFR	3	3/169	3/14132	0.204083308174108	14132	0.338592761288861	combined_KrasS17N	KrasS17N	combined	Inactive
Malignant neoplasm of body of stomach	C0153421	CURATED	77	FUT11,KRAS,TP53	3	3/169	3/14132	0.234870487646856	14132	0.372783791654467	combined_KrasS17N	KrasS17N	combined	Inactive
Malignant tumor of lesser curve of stomach	C0153422	CURATED	77	FUT11,TP53,KRAS	3	3/169	3/14132	0.234870487646856	14132	0.372783791654467	combined_KrasS17N	KrasS17N	combined	Inactive
Malignant tumor of greater curve of stomach	C0153423	CURATED	77	FUT11,KRAS,TP53	3	3/169	3/14132	0.234870487646856	14132	0.372783791654467	combined_KrasS17N	KrasS17N	combined	Inactive
Basal Cell Neoplasm	C0206710	CURATED	141	CHGA,VCAN,CSPG4,TP53	4	4/169	4/14132	0.238193309696017	14132	0.372783791654467	combined_KrasS17N	KrasS17N	combined	Inactive
Malignant basal cell tumor	C1368295	CURATED	141	CHGA,TP53,CSPG4,VCAN	4	4/169	4/14132	0.238193309696017	14132	0.372783791654467	combined_KrasS17N	KrasS17N	combined	Inactive
Stomach Neoplasms	C0038356	CURATED	349	COPS7A,KRAS,HSPB1,MTHFR,TP53,FUT11,HRAS	7	7/169	7/14132	0.240011482298081	14132	0.372783791654467	combined_KrasS17N	KrasS17N	combined	Inactive
Bleeding tendency	C1458140	CURATED	81	COL5A2,AP3B1,COL5A1	3	3/169	3/14132	0.252589761886825	14132	0.386555255926076	combined_KrasS17N	KrasS17N	combined	Inactive
Liver neoplasms	C0023903	CURATED	146	HRAS,MAPK14,KRAS,TP53	4	4/169	4/14132	0.254173318965091	14132	0.386555255926076	combined_KrasS17N	KrasS17N	combined	Inactive
Esophageal Neoplasms	C0014859	CURATED	82	GNG7,TP53,TPM1	3	3/169	3/14132	0.257026507659568	14132	0.386864640394813	combined_KrasS17N	KrasS17N	combined	Inactive
Craniofacial Abnormalities	C0376634	CURATED	150	ZIC5,TCOF1,TP53,FOXC2	4	4/169	4/14132	0.267066339265233	14132	0.397874342170654	combined_KrasS17N	KrasS17N	combined	Inactive
Breast Cancer, Familial	C0346153	CURATED	88	FANCM,TP53,KRAS	3	3/169	3/14132	0.283653437698398	14132	0.418317190949153	combined_KrasS17N	KrasS17N	combined	Inactive
Colonic Neoplasms	C0009375	CURATED	160	KRAS,MTHFR,TP53,HSPB1	4	4/169	4/14132	0.299594766375645	14132	0.437408358908442	combined_KrasS17N	KrasS17N	combined	Inactive
Fatty Liver	C0015695	CURATED	99	SIRT1,PTMA,MTHFR	3	3/169	3/14132	0.332167163689106	14132	0.475454959790288	combined_KrasS17N	KrasS17N	combined	Inactive
Fatty Liver, Alcoholic	C0015696	CURATED	99	MTHFR,PTMA,SIRT1	3	3/169	3/14132	0.332167163689106	14132	0.475454959790288	combined_KrasS17N	KrasS17N	combined	Inactive
Malignant neoplasm of prostate	C0376358	CURATED	629	SULT2A1,CNTFR,VCAN,CHGA,COPS6,COL5A1,OLA1,TP53,AP3B1,MTHFR	10	10/169	10/14132	0.339074289984798	14132	0.480331234494645	combined_KrasS17N	KrasS17N	combined	Inactive
Malignant neoplasm of large intestine	C0346629	CURATED	173	KRAS,TP53,NRAS,GALNT12	4	4/169	4/14132	0.342153756078378	14132	0.480331234494645	combined_KrasS17N	KrasS17N	combined	Inactive
Kidney Failure, Chronic	C0022661	CURATED	107	CHGA,MTHFR,CYP2C19	3	3/169	3/14132	0.366885420818152	14132	0.510145442280478	combined_KrasS17N	KrasS17N	combined	Inactive
Glioma	C0017638	CURATED	109	MDK,HRAS,TP53	3	3/169	3/14132	0.375461194817096	14132	0.517144664559396	combined_KrasS17N	KrasS17N	combined	Inactive
Malignant neoplasm of stomach	C0024623	CURATED	111	FUT11,TP53,KRAS	3	3/169	3/14132	0.383989703285975	14132	0.523948567100489	combined_KrasS17N	KrasS17N	combined	Inactive
Malignant Glioma	C0555198	CURATED	112	HRAS,MDK,TP53	3	3/169	3/14132	0.388235415114182	14132	0.524836764876579	combined_KrasS17N	KrasS17N	combined	Inactive
Neoplastic Syndromes, Hereditary	C0027672	CURATED	190	HRAS,TP53,FANCM,GALNT12	4	4/169	4/14132	0.397465950268204	14132	0.532385584762916	combined_KrasS17N	KrasS17N	combined	Inactive
Non-Small Cell Lung Carcinoma	C0007131	CURATED	276	NRAS,CHGA,KRAS,HRAS,TP53	5	5/169	5/14132	0.420820615621952	14132	0.558543726189136	combined_KrasS17N	KrasS17N	combined	Inactive
Colorectal Neoplasms	C0009404	CURATED	363	KRAS,GALNT12,NRAS,TP53,ANP32A,MTHFR	6	6/169	6/14132	0.438694331494601	14132	0.577021372956862	combined_KrasS17N	KrasS17N	combined	Inactive
Squamous cell carcinoma of esophagus	C0279626	CURATED	127	TPM1,MAD2L1,TP53	3	3/169	3/14132	0.450234285944515	14132	0.586912551320529	combined_KrasS17N	KrasS17N	combined	Inactive
Amyotrophic Lateral Sclerosis	C0002736	CURATED	133	MTHFR,TP53,KANK1	3	3/169	3/14132	0.474040152526062	14132	0.612476657246062	combined_KrasS17N	KrasS17N	combined	Inactive
Cardiomyopathies	C0878544	CURATED	223	TPM1,DPM3,MAPK14,TP53	4	4/169	4/14132	0.50049008267355	14132	0.636075941483354	combined_KrasS17N	KrasS17N	combined	Inactive
Kidney Diseases	C0022658	CURATED	140	SIX2,MTHFR,CD59	3	3/169	3/14132	0.501018721031409	14132	0.636075941483354	combined_KrasS17N	KrasS17N	combined	Inactive
Major Depressive Disorder	C1269683	CURATED	229	S100A10,MTHFR,PTX3,CYP2C19	4	4/169	4/14132	0.518294159473249	14132	0.652335752440468	combined_KrasS17N	KrasS17N	combined	Inactive
Unipolar Depression	C0041696	CURATED	231	MTHFR,S100A10,PTX3,CYP2C19	4	4/169	4/14132	0.524153612709143	14132	0.654072029534486	combined_KrasS17N	KrasS17N	combined	Inactive
Autism Spectrum Disorders	C1510586	CURATED	572	SULF1,ITGA4,CYP2C19,ARIH2,SULF2,LOXL1,ARSB,MTHFR	8	8/169	8/14132	0.529637040679794	14132	0.655313626603813	combined_KrasS17N	KrasS17N	combined	Inactive
Diabetes Mellitus, Non-Insulin-Dependent	C0011860	CURATED	331	MTHFR,SIRT1,ITGA1,ITGA2,FOXC2	5	5/169	5/14132	0.561712831705669	14132	0.688873590715977	combined_KrasS17N	KrasS17N	combined	Inactive
Hereditary Breast and Ovarian Cancer Syndrome	C0677776	CURATED	158	KRAS,FANCM,TP53	3	3/169	3/14132	0.566197471821351	14132	0.688873590715977	combined_KrasS17N	KrasS17N	combined	Inactive
Short stature	C0349588	CURATED	162	PSMD11,SRPX,SOS1	3	3/169	3/14132	0.57983113189509	14132	0.696206473514715	combined_KrasS17N	KrasS17N	combined	Inactive
Hypertrophic Cardiomyopathy	C0007194	CURATED	164	TP53,TPM1,HSPB1	3	3/169	3/14132	0.586530111248698	14132	0.696206473514715	combined_KrasS17N	KrasS17N	combined	Inactive
Liver Cirrhosis	C0023890	CURATED	164	COL5A2,LOXL1,MTHFR	3	3/169	3/14132	0.586530111248698	14132	0.696206473514715	combined_KrasS17N	KrasS17N	combined	Inactive
Atrial Fibrillation	C0004238	CURATED	166	SLC35F1,CYP2C19,SIRT1	3	3/169	3/14132	0.593150354299132	14132	0.698386707481236	combined_KrasS17N	KrasS17N	combined	Inactive
Mood Disorders	C0525045	CURATED	168	SIRT1,MTHFR,S100A10	3	3/169	3/14132	0.599691796674777	14132	0.700440018516139	combined_KrasS17N	KrasS17N	combined	Inactive
Myocardial Infarction	C0027051	CURATED	175	MTHFR,TP53,ITGA2	3	3/169	3/14132	0.621966444076377	14132	0.720691276469453	combined_KrasS17N	KrasS17N	combined	Inactive
Renal Cell Carcinoma	C0007134	CURATED	180	MTHFR,HSPB1,TP53	3	3/169	3/14132	0.637287719865684	14132	0.732629977168424	combined_KrasS17N	KrasS17N	combined	Inactive
Alcoholic Intoxication, Chronic	C0001973	CURATED	279	TP53,KANK1,MTHFR,RASGRF2	4	4/169	4/14132	0.652064609152286	14132	0.743761194814326	combined_KrasS17N	KrasS17N	combined	Inactive
Malignant neoplasm of breast	C0006142	CURATED	744	GTF2A1,KRAS,FANCM,BMP1,TP53,OLA1,CYP2C19,SULF2,RASGRF2	9	9/169	9/14132	0.671457512303428	14132	0.759944161211632	combined_KrasS17N	KrasS17N	combined	Inactive
Heart failure	C0018801	CURATED	207	TP53,HSPB1,SIRT1	3	3/169	3/14132	0.711729371792137	14132	0.791520928264191	combined_KrasS17N	KrasS17N	combined	Inactive
Congestive heart failure	C0018802	CURATED	207	HSPB1,TP53,SIRT1	3	3/169	3/14132	0.711729371792137	14132	0.791520928264191	combined_KrasS17N	KrasS17N	combined	Inactive
Schizophrenia	C0036341	CURATED	1047	CHGA,KANK1,TP53,CSPG5,SIRT1,MDK,GNAO1,GPS1,MAPK14,ARSB,MTHFR,CSPG4	12	12/169	12/14132	0.715621661170365	14132	0.791520928264191	combined_KrasS17N	KrasS17N	combined	Inactive
melanoma	C0025202	CURATED	250	TP53,NRAS,HRAS	3	3/169	3/14132	0.803751689942021	14132	0.882313885199511	combined_KrasS17N	KrasS17N	combined	Inactive
Neurodevelopmental Disorders	C1535926	CURATED	674	NR2F2,GNAO1,NT5C2,PSMD12,USP7,KANK1,ZFTRAF1	7	7/169	7/14132	0.82250035886581	14132	0.896157107420957	combined_KrasS17N	KrasS17N	combined	Inactive
Chemical and Drug Induced Liver Injury	C4277682	CURATED	374	CYP2C19,MTHFR,NR2F2,PEX11A	4	4/169	4/14132	0.828760699926889	14132	0.896289349550561	combined_KrasS17N	KrasS17N	combined	Inactive
Depressive disorder	C0011581	CURATED	272	S100A10,CYP2C19,MTHFR	3	3/169	3/14132	0.839985950445895	14132	0.901749623272799	combined_KrasS17N	KrasS17N	combined	Inactive
Mental Depression	C0011570	CURATED	283	S100A10,CYP2C19,MTHFR	3	3/169	3/14132	0.855746759351313	14132	0.911963699746655	combined_KrasS17N	KrasS17N	combined	Inactive
Obesity	C0028754	CURATED	293	PEX11A,FOXC2,SIRT1	3	3/169	3/14132	0.86883875765202	14132	0.916172302883842	combined_KrasS17N	KrasS17N	combined	Inactive
Mammary Neoplasms	C1458155	CURATED	524	HRAS,SIRT1,TP53,KRAS,MTHFR	5	5/169	5/14132	0.877292437668374	14132	0.916172302883842	combined_KrasS17N	KrasS17N	combined	Inactive
Hypertensive disease	C0020538	CURATED	301	TPM1,CHGA,TP53	3	3/169	3/14132	0.878521386326972	14132	0.916172302883842	combined_KrasS17N	KrasS17N	combined	Inactive
Myocardial Ischemia	C0151744	CURATED	338	TP53,MAPK14,MTHFR	3	3/169	3/14132	0.915315623696763	14132	0.947773624537073	combined_KrasS17N	KrasS17N	combined	Inactive
Microcephaly (physical finding)	C4551563	CURATED	357	GNAO1,TCOF1,NT5C2	3	3/169	3/14132	0.929888827571394	14132	0.949586802000009	combined_KrasS17N	KrasS17N	combined	Inactive
Bipolar Disorder	C0005586	CURATED	483	SIRT1,S100A10,BHLHE41,MTHFR	4	4/169	4/14132	0.931745545086622	14132	0.949586802000009	combined_KrasS17N	KrasS17N	combined	Inactive
Non-specific syndromic intellectual disability	C5568766	CURATED	367	PSMD11,PSMD12,ZFTRAF1	3	3/169	3/14132	0.936578763616447	14132	0.949586802000009	combined_KrasS17N	KrasS17N	combined	Inactive
Autistic Disorder	C0004352	CURATED	433	ITGA4,MTHFR,HRAS	3	3/169	3/14132	0.967727505298738	14132	0.974401488093902	combined_KrasS17N	KrasS17N	combined	Inactive
Intellectual Disability	C3714756	CURATED	694	USP7,AP3B1,HRAS,PSMD12	4	4/169	4/14132	0.990707625605682	14132	0.990707625605682	combined_KrasS17N	KrasS17N	combined	Inactive
Costello syndrome (disorder)	C0587248	CURATED	13	MAP2K1,SHOC2,NRAS,RAF1,BRAF,HRAS,KRAS	7	7/191	7/14132	8.93751323830633e-09	14132	7.83574736370496e-07	combined_KrasG12D	KrasG12D	combined	Active
Vascular anomaly	C0158570	CURATED	14	HRAS,KRAS,NRAS,PIK3R1,BRAF,MAP2K1,PIK3CA	7	7/191	7/14132	1.54652908494177e-08	14132	7.83574736370496e-07	combined_KrasG12D	KrasG12D	combined	Active
Cardio-facio-cutaneous syndrome	C1275081	CURATED	14	KRAS,BRAF,NRAS,MAP2K1,HRAS,RAF1,SHOC2	7	7/191	7/14132	1.54652908494177e-08	14132	7.83574736370496e-07	combined_KrasG12D	KrasG12D	combined	Active
Noonan syndrome and Noonan-related syndrome	C5681679	CURATED	25	LZTR1,HRAS,SHOC2,MAP2K1,BRAF,KRAS,NRAS,RAF1	8	8/191	8/14132	2.88739211768115e-08	14132	1.09720900471884e-06	combined_KrasG12D	KrasG12D	combined	Active
RASopathy	C5555857	CURATED	32	KRAS,NRAS,LZTR1,HRAS,MAP2K1,SHOC2,BRAF,RAF1	8	8/191	8/14132	1.86624413951601e-07	14132	5.67338218412866e-06	combined_KrasG12D	KrasG12D	combined	Active
Noonan Syndrome 1	C4551602	CURATED	21	KRAS,NRAS,LZTR1,HRAS,BRAF,MAP2K1,RAF1	7	7/191	7/14132	2.58263366669297e-07	14132	6.54267195562219e-06	combined_KrasG12D	KrasG12D	combined	Active
Noonan Syndrome	C0028326	CURATED	35	KRAS,HRAS,SHOC2,NRAS,RAF1,BRAF,LZTR1,MAP2K1	8	8/191	8/14132	3.60285988933176e-07	14132	7.82335290254897e-06	combined_KrasG12D	KrasG12D	combined	Active
Epidermal Nevus	C0334082	CURATED	7	HRAS,KRAS,NRAS,PIK3CA	4	4/191	4/14132	8.17318109556316e-05	14132	0.001552904408157	combined_KrasG12D	KrasG12D	combined	Active
GIANT PIGMENTED HAIRY NEVUS	C1842036	CURATED	8	BRAF,NRAS,RAF1,HRAS	4	4/191	4/14132	0.000129469099148308	14132	0.00196793030705429	combined_KrasG12D	KrasG12D	combined	Active
NOONAN SYNDROME 3	C1860991	CURATED	8	KRAS,RAF1,HRAS,SHOC2	4	4/191	4/14132	0.000129469099148308	14132	0.00196793030705429	combined_KrasG12D	KrasG12D	combined	Active
LEOPARD Syndrome	C0175704	CURATED	9	MAP2K1,RAF1,NRAS,BRAF	4	4/191	4/14132	0.000192271595915338	14132	0.00265684387083013	combined_KrasG12D	KrasG12D	combined	Active
PROSTATE CANCER, HEREDITARY, 1	C4722327	CURATED	10	NRAS,BRAF,HRAS,KRAS	4	4/191	4/14132	0.000271942802276159	14132	0.00344460882883135	combined_KrasG12D	KrasG12D	combined	Active
Histiocytosis, Langerhans-Cell	C0019621	CURATED	3	BRAF,NRAS,MAP2K1	3	3/191	3/14132	0.000540308298706315	14132	0.00631745087718153	combined_KrasG12D	KrasG12D	combined	Active
Penile Neoplasms	C0030849	CURATED	4	HRAS,KRAS,PIK3CA	3	3/191	3/14132	0.00107099085412359	14132	0.009575918225105	combined_KrasG12D	KrasG12D	combined	Active
Nevus sebaceous	C3854181	CURATED	4	HRAS,NRAS,KRAS	3	3/191	3/14132	0.00107099085412359	14132	0.009575918225105	combined_KrasG12D	KrasG12D	combined	Active
NEVUS, KERATINOCYTIC, NONEPIDERMOLYTIC	C4011754	CURATED	4	HRAS,PIK3CA,NRAS	3	3/191	3/14132	0.00107099085412359	14132	0.009575918225105	combined_KrasG12D	KrasG12D	combined	Active
Nevus Sebaceus of Jadassohn	C4552097	CURATED	4	HRAS,KRAS,NRAS	3	3/191	3/14132	0.00107099085412359	14132	0.009575918225105	combined_KrasG12D	KrasG12D	combined	Active
Pilomyxoid astrocytoma	C1519086	CURATED	7	BRAF,RAF1,KRAS	3	3/191	3/14132	0.00364939951318612	14132	0.0278275846804674	combined_KrasG12D	KrasG12D	combined	Active
THYROID CANCER, NONMEDULLARY, 2	C4225426	CURATED	7	NRAS,BRAF,HRAS	3	3/191	3/14132	0.00364939951318612	14132	0.0278275846804674	combined_KrasG12D	KrasG12D	combined	Active
Prostatic Neoplasms	C0033578	CURATED	660	AHCYL2,HRAS,SERINC3,RAF1,PIK3CA,PIK3CD,COL5A1,KRAS,MTHFR,USP7,CSRP1,CADM1,PIK3R1,PIK3R2,SIRT1,MAP2K1,RPN2,BRAF,CTSB	19	19/191	19/14132	0.0036615243000615	14132	0.0278275846804674	combined_KrasG12D	KrasG12D	combined	Active
Hydrops Fetalis, Non-Immune	C0455988	CURATED	50	HRAS,FOXC2,KRAS,LZTR1,SHOC2	5	5/191	5/14132	0.00458507727920381	14132	0.0331872260209038	combined_KrasG12D	KrasG12D	combined	Active
Follicular thyroid carcinoma	C0206682	CURATED	9	HRAS,KRAS,NRAS	3	3/191	3/14132	0.00614569195270827	14132	0.0424611444005299	combined_KrasG12D	KrasG12D	combined	Active
Differentiated Thyroid Gland Carcinoma	C1337013	CURATED	29	BRAF,KRAS,HRAS,NRAS	4	4/191	4/14132	0.00685713560208098	14132	0.0453167222398395	combined_KrasG12D	KrasG12D	combined	Active
Congenital arteriovenous malformation	C0003857	CURATED	10	HRAS,MAP2K1,PIK3CA	3	3/191	3/14132	0.0076141292403163	14132	0.0482228185220033	combined_KrasG12D	KrasG12D	combined	Active
Rectal Neoplasms	C0034885	CURATED	11	NRAS,PIK3CA,MTHFR	3	3/191	3/14132	0.00922388995474475	14132	0.0560812509248481	combined_KrasG12D	KrasG12D	combined	Active
Carcinoma, Endometrioid	C0206687	CURATED	14	PIK3R1,HRAS,BRAF	3	3/191	3/14132	0.0148610495066594	14132	0.0868799817312399	combined_KrasG12D	KrasG12D	combined	Active
Endometrial Carcinoma	C0476089	CURATED	39	HRAS,PIK3R1,PIK3CA,BRAF	4	4/191	4/14132	0.0155442669529911	14132	0.0875084658094313	combined_KrasG12D	KrasG12D	combined	Active
Philadelphia chromosome positive chronic myelogenous leukemia	C0279543	CURATED	44	MTHFR,NRAS,MAPK14,KRAS	4	4/191	4/14132	0.0214511074541956	14132	0.116448869037062	combined_KrasG12D	KrasG12D	combined	Active
Endometriosis	C0014175	CURATED	165	ARHGAP28,VCAN,KRAS,SULF2,ITGA2,COPS2,TMT1A	7	7/191	7/14132	0.0246567103561612	14132	0.129235171521948	combined_KrasG12D	KrasG12D	combined	Active
Hemangiosarcoma	C0018923	CURATED	19	HRAS,KRAS,COL18A1	3	3/191	3/14132	0.0267209017544383	14132	0.130972099478057	combined_KrasG12D	KrasG12D	combined	Active
Angiosarcoma nonmetastatic	C0854893	CURATED	19	HRAS,COL18A1,KRAS	3	3/191	3/14132	0.0267209017544383	14132	0.130972099478057	combined_KrasG12D	KrasG12D	combined	Active
Malignant neoplasm of gallbladder	C0153452	CURATED	20	PIK3CA,BRAF,KRAS	3	3/191	3/14132	0.0294300452821513	14132	0.130972099478057	combined_KrasG12D	KrasG12D	combined	Active
Thrombocytopenia	C0040034	CURATED	128	AP3B1,RAP1B,COL5A2,ITGA2,MTHFR,COL5A1	6	6/191	6/14132	0.0298700044392698	14132	0.130972099478057	combined_KrasG12D	KrasG12D	combined	Active
Lung Neoplasms	C0024121	CURATED	269	PIK3CA,MAPK14,KRAS,PTMA,BRAF,HRAS,MTHFR,RAF1,BHLHE41	9	9/191	9/14132	0.0299431441548164	14132	0.130972099478057	combined_KrasG12D	KrasG12D	combined	Active
Malignant neoplasm of large intestine	C0346629	CURATED	173	KRAS,PIK3R1,PIK3CA,BRAF,PIK3CD,NRAS,GALNT12	7	7/191	7/14132	0.030158049221921	14132	0.130972099478057	combined_KrasG12D	KrasG12D	combined	Active
Lip and Oral Cavity Carcinoma	C0220641	CURATED	21	HRAS,PIK3CA,BRAF	3	3/191	3/14132	0.0322435824984323	14132	0.136139570548936	combined_KrasG12D	KrasG12D	combined	Active
Gliosis	C0017639	CURATED	22	ITGA4,ITGA1,ITGA2	3	3/191	3/14132	0.0351582284045564	14132	0.144433803175475	combined_KrasG12D	KrasG12D	combined	Active
Autism Spectrum Disorders	C1510586	CURATED	572	SULF1,ITGA4,LZTR1,SHANK2,AFDN,CEP104,ARIH2,SULF2,LOXL1,MAP2K1,SCRIB,CADM1,CYP4X1,MTHFR	14	14/191	14/14132	0.0468850128005705	14132	0.178489380143519	combined_KrasG12D	KrasG12D	combined	Active
Lymphoid neoplasm (morphologic abnormality)	C0598798	CURATED	26	NRAS,KRAS,MTHFR	3	3/191	3/14132	0.0477645847035563	14132	0.178489380143519	combined_KrasG12D	KrasG12D	combined	Active
Carcinoma of lung	C0684249	CURATED	26	KRAS,BRAF,PIK3CA	3	3/191	3/14132	0.0477645847035563	14132	0.178489380143519	combined_KrasG12D	KrasG12D	combined	Active
Liver neoplasms	C0023903	CURATED	146	HRAS,RAF1,BRAF,MAPK14,ADAMTS17,KRAS	6	6/191	6/14132	0.0481451617492388	14132	0.178489380143519	combined_KrasG12D	KrasG12D	combined	Active
Glioma	C0017638	CURATED	109	BRAF,ACVR1,MAP2K1,HRAS,RAF1	5	5/191	5/14132	0.0603293150007089	14132	0.213910393386653	combined_KrasG12D	KrasG12D	combined	Active
Squamous cell carcinoma of lung	C0149782	CURATED	67	KRAS,PIK3CA,MAP2K1,HRAS	4	4/191	4/14132	0.0620983270236542	14132	0.213910393386653	combined_KrasG12D	KrasG12D	combined	Active
Diffuse Large B-Cell Lymphoma	C0079744	CURATED	68	PIK3CA,PIK3CD,MTHFR,BRAF	4	4/191	4/14132	0.064343845471533	14132	0.213910393386653	combined_KrasG12D	KrasG12D	combined	Active
Malignant Glioma	C0555198	CURATED	112	RAF1,HRAS,BRAF,MAP2K1,ACVR1	5	5/191	5/14132	0.0653348217833925	14132	0.213910393386653	combined_KrasG12D	KrasG12D	combined	Active
Cerebral Astrocytoma	C0750935	CURATED	31	ACVR1,BRAF,KRAS	3	3/191	3/14132	0.0654310490540197	14132	0.213910393386653	combined_KrasG12D	KrasG12D	combined	Active
Lymphoma	C0024299	CURATED	32	MTHFR,NRAS,KRAS	3	3/191	3/14132	0.0691906658757617	14132	0.213910393386653	combined_KrasG12D	KrasG12D	combined	Active
Carcinoma	C0007097	CURATED	163	KRAS,YWHAZ,COL5A1,PIK3R1,HRAS,EIF5A	6	6/191	6/14132	0.0703652609824517	14132	0.213910393386653	combined_KrasG12D	KrasG12D	combined	Active
Malignant epithelioma	C0553707	CURATED	163	COL5A1,HRAS,KRAS,EIF5A,YWHAZ,PIK3R1	6	6/191	6/14132	0.0703652609824517	14132	0.213910393386653	combined_KrasG12D	KrasG12D	combined	Active
Epithelioma	C1368683	CURATED	163	PIK3R1,EIF5A,HRAS,KRAS,COL5A1,YWHAZ	6	6/191	6/14132	0.0703652609824517	14132	0.213910393386653	combined_KrasG12D	KrasG12D	combined	Active
Splenomegaly	C0038002	CURATED	34	OCLN,KRAS,NRAS	3	3/191	3/14132	0.0769151359427131	14132	0.229237267907694	combined_KrasG12D	KrasG12D	combined	Active
Keloid	C0022548	CURATED	35	EIF5A,COL5A1,TPM1	3	3/191	3/14132	0.0808749725445287	14132	0.232526745836805	combined_KrasG12D	KrasG12D	combined	Active
Neuroblastoma	C0027819	CURATED	75	RASSF5,HRAS,NRAS,KRAS	4	4/191	4/14132	0.0810784047983597	14132	0.232526745836805	combined_KrasG12D	KrasG12D	combined	Active
Kidney Neoplasm	C0022665	CURATED	36	BRAF,RAF1,RASSF5	3	3/191	3/14132	0.0848966235028717	14132	0.233182978806128	combined_KrasG12D	KrasG12D	combined	Active
Malignant neoplasm of lung	C0242379	CURATED	36	KRAS,PIK3CA,BRAF	3	3/191	3/14132	0.0848966235028717	14132	0.233182978806128	combined_KrasG12D	KrasG12D	combined	Active
Brain Neoplasms	C0006118	CURATED	37	HRAS,SIRT1,IQGAP2	3	3/191	3/14132	0.0889777155970752	14132	0.233182978806128	combined_KrasG12D	KrasG12D	combined	Active
Cardiomyopathy, Familial Hypertrophic, 1	C3495498	CURATED	37	LZTR1,RAF1,TPM1	3	3/191	3/14132	0.0889777155970752	14132	0.233182978806128	combined_KrasG12D	KrasG12D	combined	Active
Immunodeficiency Disorder, Inherited	C5197805	CURATED	37	PIK3CD,PIK3R1,MAGT1	3	3/191	3/14132	0.0889777155970752	14132	0.233182978806128	combined_KrasG12D	KrasG12D	combined	Active
Adenocarcinoma of lung (disorder)	C0152013	CURATED	286	ANP32A,PIK3CA,MAPK14,MAP2K1,RAF1,BRAF,KRAS,HRAS	8	8/191	8/14132	0.0935895570458178	14132	0.241112079168887	combined_KrasG12D	KrasG12D	combined	Active
Astrocytoma	C0004114	CURATED	39	BRAF,KRAS,ACVR1	3	3/191	3/14132	0.0973089906118144	14132	0.24651610954993	combined_KrasG12D	KrasG12D	combined	Active
Tetralogy of Fallot	C0039685	CURATED	40	TPM1,MTHFR,FOXC2	3	3/191	3/14132	0.101554684508942	14132	0.253054295825561	combined_KrasG12D	KrasG12D	combined	Active
Salivary Gland Neoplasms	C0036095	CURATED	43	VCAN,GAS6,HRAS	3	3/191	3/14132	0.114586095183826	14132	0.280920749482927	combined_KrasG12D	KrasG12D	combined	Active
Adenocarcinoma of large intestine (disorder)	C1319315	CURATED	88	EEF2K,ARAF,BRAF,CAMKV	4	4/191	4/14132	0.116462389652929	14132	0.280988622654686	combined_KrasG12D	KrasG12D	combined	Active
Rare genetic intellectual disability	C5680527	CURATED	44	KANK1,MTHFR,GNAO1	3	3/191	3/14132	0.119021094599522	14132	0.282675099673865	combined_KrasG12D	KrasG12D	combined	Active
Thyroid Neoplasm	C0040136	CURATED	45	BRAF,HRAS,KRAS	3	3/191	3/14132	0.123498351348901	14132	0.288796144692815	combined_KrasG12D	KrasG12D	combined	Active
Non-Small Cell Adenocarcinoma	C1335060	CURATED	197	ANP32A,HRAS,MAP2K1,BRAF,KRAS,PIK3CA	6	6/191	6/14132	0.128843567307797	14132	0.296730639860382	combined_KrasG12D	KrasG12D	combined	Active
Multiple Myeloma	C0026764	CURATED	146	NRAS,PIK3R2,BRAF,MTHFR,KRAS	5	5/191	5/14132	0.135867261319707	14132	0.306603047914144	combined_KrasG12D	KrasG12D	combined	Active
Adult Cholangiocarcinoma	C0280725	CURATED	48	BRAF,KRAS,MTHFR	3	3/191	3/14132	0.137164521435275	14132	0.306603047914144	combined_KrasG12D	KrasG12D	combined	Active
Adenoid Cystic Carcinoma	C0010606	CURATED	97	VCAN,GAS6,HRAS,PIK3CA	4	4/191	4/14132	0.143770030532371	14132	0.316710791897398	combined_KrasG12D	KrasG12D	combined	Active
Cardiomyopathy, Hypertrophic, Familial	C0949658	CURATED	99	KRAS,SHOC2,RAF1,TPM1	4	4/191	4/14132	0.150105856139926	14132	0.325944144760981	combined_KrasG12D	KrasG12D	combined	Active
Mouth Neoplasms	C0026640	CURATED	52	HRAS,KRAS,PIK3CA	3	3/191	3/14132	0.155865152934805	14132	0.329048656195699	combined_KrasG12D	KrasG12D	combined	Active
Cholangiocarcinoma	C0206698	CURATED	52	KRAS,MTHFR,BRAF	3	3/191	3/14132	0.155865152934805	14132	0.329048656195699	combined_KrasG12D	KrasG12D	combined	Active
Papillary thyroid carcinoma	C0238463	CURATED	53	NRAS,BRAF,HRAS	3	3/191	3/14132	0.160614361754383	14132	0.334429903926934	combined_KrasG12D	KrasG12D	combined	Active
Liver carcinoma	C2239176	CURATED	646	CSPG4,BRAF,SRPX,ZIC5,IQGAP2,COPS5,NRAS,KRAS,MTHFR,GNAO1,HRAS,PIK3CA,LZTR1	13	13/191	13/14132	0.165380729856244	14132	0.335190239695453	combined_KrasG12D	KrasG12D	combined	Active
Atherothrombosis	C1963943	CURATED	54	ITGA2,SIRT1,GAS6	3	3/191	3/14132	0.165389920902362	14132	0.335190239695453	combined_KrasG12D	KrasG12D	combined	Active
Thrombosis	C0040053	CURATED	55	GAS6,ITGA2,SIRT1	3	3/191	3/14132	0.170190262415199	14132	0.33759248621613	combined_KrasG12D	KrasG12D	combined	Active
Non-Small Cell Lung Carcinoma	C0007131	CURATED	276	NRAS,MAP2K1,KRAS,HRAS,BRAF,RAF1,PIK3CA	7	7/191	7/14132	0.171162449661917	14132	0.33759248621613	combined_KrasG12D	KrasG12D	combined	Active
Malignant neoplasm of urinary bladder	C0005684	CURATED	218	HRAS,PIK3CA,USP7,MTHFR,LOXL1,KRAS	6	6/191	6/14132	0.173238249505646	14132	0.33759248621613	combined_KrasG12D	KrasG12D	combined	Active
Mental Retardation	C0025362	CURATED	165	COL18A1,CA8,KRAS,RALGDS,SHANK2	5	5/191	5/14132	0.184617242142562	14132	0.355212921590752	combined_KrasG12D	KrasG12D	combined	Active
Kidney Failure, Acute	C0022660	CURATED	114	OCLN,SIRT1,GAS6,MTHFR	4	4/191	4/14132	0.200158189620814	14132	0.365448194066527	combined_KrasG12D	KrasG12D	combined	Active
Acute Kidney Insufficiency	C1565662	CURATED	114	MTHFR,SIRT1,OCLN,GAS6	4	4/191	4/14132	0.200158189620814	14132	0.365448194066527	combined_KrasG12D	KrasG12D	combined	Active
Acute kidney injury	C2609414	CURATED	115	SIRT1,GAS6,OCLN,MTHFR	4	4/191	4/14132	0.203629818421662	14132	0.365448194066527	combined_KrasG12D	KrasG12D	combined	Active
Anemia	C0002871	CURATED	62	NRAS,MTHFR,KRAS	3	3/191	3/14132	0.204362476945097	14132	0.365448194066527	combined_KrasG12D	KrasG12D	combined	Active
Diabetic Retinopathy	C0011884	CURATED	62	SIRT1,MTHFR,ITGA2	3	3/191	3/14132	0.204362476945097	14132	0.365448194066527	combined_KrasG12D	KrasG12D	combined	Active
Thrombus	C0087086	CURATED	62	ITGA2,GAS6,SIRT1	3	3/191	3/14132	0.204362476945097	14132	0.365448194066527	combined_KrasG12D	KrasG12D	combined	Active
Colorectal Neoplasms	C0009404	CURATED	363	KRAS,PIK3CD,GALNT12,PIK3CA,NRAS,ANP32A,MTHFR,BRAF	8	8/191	8/14132	0.221052898147519	14132	0.390698145563056	combined_KrasG12D	KrasG12D	combined	Active
Malignant neoplasm of prostate	C0376358	CURATED	629	CADM1,CNTFR,VCAN,PIK3CA,COPS6,RAPGEF4,COL5A1,OLA1,DOCK5,AP3B1,PIK3R1,MTHFR	12	12/191	12/14132	0.231768272358419	14132	0.402117098283524	combined_KrasG12D	KrasG12D	combined	Active
Colon Carcinoma	C0699790	CURATED	68	BRAF,PIK3CA,NRAS	3	3/191	3/14132	0.234201096620176	14132	0.402117098283524	combined_KrasG12D	KrasG12D	combined	Active
Malignant Squamous Cell Neoplasm	C0751688	CURATED	124	PIK3CA,MTHFR,HRAS,KRAS	4	4/191	4/14132	0.235450143073905	14132	0.402117098283524	combined_KrasG12D	KrasG12D	combined	Active
Brain Ischemia	C0007786	CURATED	70	ASIC1,MAP2K1,MTHFR	3	3/191	3/14132	0.244210897119233	14132	0.41132020239705	combined_KrasG12D	KrasG12D	combined	Active
HIV Infections	C0019693	CURATED	127	PSMD13,SIRT1,NUTF2,COPS6	4	4/191	4/14132	0.246250910645602	14132	0.41132020239705	combined_KrasG12D	KrasG12D	combined	Active
Diabetes Mellitus	C0011849	CURATED	72	ITGA2,CTSB,SIRT1	3	3/191	3/14132	0.25423790049014	14132	0.417974410550749	combined_KrasG12D	KrasG12D	combined	Active
Neoplastic Syndromes, Hereditary	C0027672	CURATED	190	PIK3CA,LZTR1,HRAS,FANCM,GALNT12	5	5/191	5/14132	0.255734343297498	14132	0.417974410550749	combined_KrasG12D	KrasG12D	combined	Active
Male infertility with azoospermia or oligozoospermia due to single gene mutation	C5681165	CURATED	74	FANCM,LZTR1,MAP2K1	3	3/191	3/14132	0.264274013141978	14132	0.427336702101922	combined_KrasG12D	KrasG12D	combined	Active
Mammary Neoplasms	C1458155	CURATED	524	RAF1,PIK3CA,ACVR1,HRAS,ARAF,SIRT1,KRAS,CADM1,OCLN,MTHFR	10	10/191	10/14132	0.278473807833692	14132	0.433244330496185	combined_KrasG12D	KrasG12D	combined	Active
Malignant neoplasm of body of stomach	C0153421	CURATED	77	FUT11,PIK3CA,KRAS	3	3/191	3/14132	0.279328581504119	14132	0.433244330496185	combined_KrasG12D	KrasG12D	combined	Active
Malignant tumor of lesser curve of stomach	C0153422	CURATED	77	FUT11,PIK3CA,KRAS	3	3/191	3/14132	0.279328581504119	14132	0.433244330496185	combined_KrasG12D	KrasG12D	combined	Active
Malignant tumor of greater curve of stomach	C0153423	CURATED	77	FUT11,KRAS,PIK3CA	3	3/191	3/14132	0.279328581504119	14132	0.433244330496185	combined_KrasG12D	KrasG12D	combined	Active
Diabetes Mellitus, Non-Insulin-Dependent	C0011860	CURATED	331	MTHFR,PIK3R1,SIRT1,ITGA1,ITGA2,FOXC2,BRAF	7	7/191	7/14132	0.290841760321527	14132	0.446112405674288	combined_KrasG12D	KrasG12D	combined	Active
Basal Cell Neoplasm	C0206710	CURATED	141	VCAN,CSPG4,PIK3CA,SOX18	4	4/191	4/14132	0.297484046448225	14132	0.446112405674288	combined_KrasG12D	KrasG12D	combined	Active
Malignant basal cell tumor	C1368295	CURATED	141	SOX18,CSPG4,VCAN,PIK3CA	4	4/191	4/14132	0.297484046448225	14132	0.446112405674288	combined_KrasG12D	KrasG12D	combined	Active
Bleeding tendency	C1458140	CURATED	81	COL5A2,AP3B1,COL5A1	3	3/191	3/14132	0.299364903807746	14132	0.446112405674288	combined_KrasG12D	KrasG12D	combined	Active
Bladder Neoplasm	C0005695	CURATED	206	USP7,LOXL1,KRAS,HRAS,MTHFR	5	5/191	5/14132	0.303831199081168	14132	0.448372254954733	combined_KrasG12D	KrasG12D	combined	Active
Connective Tissue Diseases	C0009782	CURATED	87	COL5A2,SLC26A2,COL5A1	3	3/191	3/14132	0.329237471549603	14132	0.449524166803149	combined_KrasG12D	KrasG12D	combined	Active
Malignant neoplasm of upper lobe, bronchus or lung	C0024624	CURATED	87	PIK3CA,KRAS,BRAF	3	3/191	3/14132	0.329237471549603	14132	0.449524166803149	combined_KrasG12D	KrasG12D	combined	Active
Malignant neoplasm of middle lobe, bronchus or lung	C0153491	CURATED	87	KRAS,BRAF,PIK3CA	3	3/191	3/14132	0.329237471549603	14132	0.449524166803149	combined_KrasG12D	KrasG12D	combined	Active
Malignant neoplasm of lower lobe, bronchus or lung	C0153492	CURATED	87	PIK3CA,KRAS,BRAF	3	3/191	3/14132	0.329237471549603	14132	0.449524166803149	combined_KrasG12D	KrasG12D	combined	Active
Malignant neoplasm of other parts of bronchus or lung	C0153493	CURATED	87	KRAS,PIK3CA,BRAF	3	3/191	3/14132	0.329237471549603	14132	0.449524166803149	combined_KrasG12D	KrasG12D	combined	Active
Bipolar Disorder	C0005586	CURATED	483	CSRP1,SIRT1,SHANK2,GRIK1,BHLHE41,YWHAZ,YWHAE,YWHAH,MTHFR	9	9/191	9/14132	0.329588249430189	14132	0.449524166803149	combined_KrasG12D	KrasG12D	combined	Active
Squamous cell carcinoma	C0007137	CURATED	150	KRAS,PIK3CA,HRAS,MTHFR	4	4/191	4/14132	0.330780170909581	14132	0.449524166803149	combined_KrasG12D	KrasG12D	combined	Active
Craniofacial Abnormalities	C0376634	CURATED	150	ZIC5,TCOF1,SLC26A2,FOXC2	4	4/191	4/14132	0.330780170909581	14132	0.449524166803149	combined_KrasG12D	KrasG12D	combined	Active
Stomach Neoplasms	C0038356	CURATED	349	COPS7A,PIK3CA,KRAS,MTHFR,FUT11,HRAS,PLCE1	7	7/191	7/14132	0.333495854710013	14132	0.449524166803149	combined_KrasG12D	KrasG12D	combined	Active
Breast Cancer, Familial	C0346153	CURATED	88	PIK3CA,FANCM,KRAS	3	3/191	3/14132	0.334185729268131	14132	0.449524166803149	combined_KrasG12D	KrasG12D	combined	Active
Precursor Lymphoid Neoplasm	C1335469	CURATED	91	NRAS,MTHFR,KRAS	3	3/191	3/14132	0.348965158891315	14132	0.465286878521753	combined_KrasG12D	KrasG12D	combined	Active
Endometrial Neoplasms	C0014170	CURATED	94	MTHFR,PIK3R1,PIK3CD	3	3/191	3/14132	0.363634150657614	14132	0.480629486086586	combined_KrasG12D	KrasG12D	combined	Active
Non-specific syndromic intellectual disability	C5568766	CURATED	367	EIF5A,PSMD11,PSMD12,RALGDS,YWHAE,SHANK2,YWHAZ	7	7/191	7/14132	0.376864090707184	14132	0.483157546599665	combined_KrasG12D	KrasG12D	combined	Active
Hypertrophic Cardiomyopathy	C0007194	CURATED	164	RAF1,LZTR1,BRAF,TPM1	4	4/191	4/14132	0.382424926357882	14132	0.483157546599665	combined_KrasG12D	KrasG12D	combined	Active
Acute lymphocytic leukemia	C0023449	CURATED	98	KRAS,MTHFR,NRAS	3	3/191	3/14132	0.38299565302545	14132	0.483157546599665	combined_KrasG12D	KrasG12D	combined	Active
Adult Glioblastoma	C0278878	CURATED	98	NRAS,LZTR1,CTSB	3	3/191	3/14132	0.38299565302545	14132	0.483157546599665	combined_KrasG12D	KrasG12D	combined	Active
Primary Glioblastoma	C1514422	CURATED	98	LZTR1,CTSB,NRAS	3	3/191	3/14132	0.38299565302545	14132	0.483157546599665	combined_KrasG12D	KrasG12D	combined	Active
Fatty Liver	C0015695	CURATED	99	SIRT1,PTMA,MTHFR	3	3/191	3/14132	0.387797504507626	14132	0.483157546599665	combined_KrasG12D	KrasG12D	combined	Active
Fatty Liver, Alcoholic	C0015696	CURATED	99	MTHFR,PTMA,SIRT1	3	3/191	3/14132	0.387797504507626	14132	0.483157546599665	combined_KrasG12D	KrasG12D	combined	Active
Glioblastoma	C0017636	CURATED	104	CTSB,NRAS,LZTR1	3	3/191	3/14132	0.41155325581422	14132	0.508586137266353	combined_KrasG12D	KrasG12D	combined	Active
melanoma	C0025202	CURATED	250	NRAS,BRAF,HRAS,ACVR1,MAP2K1	5	5/191	5/14132	0.438296247026049	14132	0.535401471050324	combined_KrasG12D	KrasG12D	combined	Active
Renal Cell Carcinoma	C0007134	CURATED	180	MTHFR,PIK3CA,MAP2K1,CTSB	4	4/191	4/14132	0.440297262376911	14132	0.535401471050324	combined_KrasG12D	KrasG12D	combined	Active
Malignant neoplasm of stomach	C0024623	CURATED	111	FUT11,PIK3CA,KRAS	3	3/191	3/14132	0.444031128592004	14132	0.53546688991311	combined_KrasG12D	KrasG12D	combined	Active
ovarian neoplasm	C0919267	CURATED	182	SULF1,PIK3CA,CD59,KRAS	4	4/191	4/14132	0.447396677756349	14132	0.53546688991311	combined_KrasG12D	KrasG12D	combined	Active
Colorectal Carcinoma	C0009402	CURATED	473	KRAS,RALGDS,BRAF,TCOF1,MAPK14,PIK3CA,CD59,NRAS	8	8/191	8/14132	0.457977477007356	14132	0.543848253946235	combined_KrasG12D	KrasG12D	combined	Active
Pancreatic Neoplasm	C0030297	CURATED	191	BRAF,ITGA4,MTHFR,KRAS	4	4/191	4/14132	0.478880916376568	14132	0.547292475858934	combined_KrasG12D	KrasG12D	combined	Active
malignant neoplasm of head of pancreas	C0153458	CURATED	191	MTHFR,BRAF,ITGA4,KRAS	4	4/191	4/14132	0.478880916376568	14132	0.547292475858934	combined_KrasG12D	KrasG12D	combined	Active
Malignant neoplasm of body of pancreas	C0153459	CURATED	191	BRAF,ITGA4,KRAS,MTHFR	4	4/191	4/14132	0.478880916376568	14132	0.547292475858934	combined_KrasG12D	KrasG12D	combined	Active
Malignant neoplasm of tail of pancreas	C0153460	CURATED	191	ITGA4,MTHFR,BRAF,KRAS	4	4/191	4/14132	0.478880916376568	14132	0.547292475858934	combined_KrasG12D	KrasG12D	combined	Active
Malignant neoplasm of other specified sites of pancreas	C0153463	CURATED	191	ITGA4,KRAS,BRAF,MTHFR	4	4/191	4/14132	0.478880916376568	14132	0.547292475858934	combined_KrasG12D	KrasG12D	combined	Active
Adenocarcinoma	C0001418	CURATED	121	PLCE1,PIK3CA,KRAS	3	3/191	3/14132	0.488653680272349	14132	0.554293726876097	combined_KrasG12D	KrasG12D	combined	Active
Autistic Disorder	C0004352	CURATED	433	RAPGEF4,ITGA4,MTHFR,SHANK2,LZTR1,CADM1,HRAS	7	7/191	7/14132	0.533410810673359	14132	0.600581060906301	combined_KrasG12D	KrasG12D	combined	Active
Malignant neoplasm of ovary	C1140680	CURATED	139	PIK3CA,BRAF,CD59	3	3/191	3/14132	0.563103936050507	14132	0.629088041787626	combined_KrasG12D	KrasG12D	combined	Active
Kidney Diseases	C0022658	CURATED	140	MTHFR,CD59,PLCE1	3	3/191	3/14132	0.567006985032269	14132	0.629088041787626	combined_KrasG12D	KrasG12D	combined	Active
Global developmental delay	C0557874	CURATED	388	CEP104,PIK3CA,OCLN,MTHFR,BRAF,SHANK2	6	6/191	6/14132	0.605507317145027	14132	0.666935595695972	combined_KrasG12D	KrasG12D	combined	Active
Hereditary Breast and Ovarian Cancer Syndrome	C0677776	CURATED	158	KRAS,FANCM,RALGDS	3	3/191	3/14132	0.63296471901985	14132	0.692162858208756	combined_KrasG12D	KrasG12D	combined	Active
Short stature	C0349588	CURATED	162	PSMD11,SRPX,LZTR1	3	3/191	3/14132	0.64651815011779	14132	0.701933991556458	combined_KrasG12D	KrasG12D	combined	Active
Liver Cirrhosis	C0023890	CURATED	164	COL5A2,LOXL1,MTHFR	3	3/191	3/14132	0.653145848670207	14132	0.704100489346606	combined_KrasG12D	KrasG12D	combined	Active
Malignant neoplasm of breast	C0006142	CURATED	744	GTF2A1,KRAS,LZTR1,FANCM,BMP1,PIK3CA,OLA1,SULF2,RGL1,FRMPD1	10	10/191	10/14132	0.681152968166671	14132	0.72671759768897	combined_KrasG12D	KrasG12D	combined	Active
Cardiomyopathy, Dilated	C0007193	CURATED	259	LZTR1,RAF1,BRAF,TPM1	4	4/191	4/14132	0.68368826624686	14132	0.72671759768897	combined_KrasG12D	KrasG12D	combined	Active
Alcoholic Intoxication, Chronic	C0001973	CURATED	279	PIK3R1,KANK1,GRIK1,MTHFR	4	4/191	4/14132	0.731205443772103	14132	0.771827968426108	combined_KrasG12D	KrasG12D	combined	Active
Leukemia, Myelocytic, Acute	C0023467	CURATED	210	KRAS,MTHFR,NRAS	3	3/191	3/14132	0.779698515499005	14132	0.817339133488612	combined_KrasG12D	KrasG12D	combined	Active
Seizures	C0036572	CURATED	308	YWHAG,PIK3CA,ASIC1,PIK3R2	4	4/191	4/14132	0.789962561482378	14132	0.822426776337818	combined_KrasG12D	KrasG12D	combined	Active
Cardiomyopathies	C0878544	CURATED	223	TPM1,YWHAH,MAPK14	3	3/191	3/14132	0.80730002660737	14132	0.833417002973342	combined_KrasG12D	KrasG12D	combined	Active
Neurodevelopmental Disorders	C1535926	CURATED	674	GNAO1,SHANK2,PSMD12,USP7,EIF5A,KANK1,THUMPD1,RALGDS	8	8/191	8/14132	0.811484976579307	14132	0.833417002973342	combined_KrasG12D	KrasG12D	combined	Active
Intellectual Disability	C3714756	CURATED	694	BRAF,SHANK2,USP7,PIK3R2,YWHAG,AP3B1,HRAS,PSMD12	8	8/191	8/14132	0.834218053608364	14132	0.851014390258197	combined_KrasG12D	KrasG12D	combined	Active
Schizophrenia	C0036341	CURATED	1047	GRIK1,KANK1,YWHAE,CSPG5,SIRT1,PIK3CA,GNAO1,GPS1,MAPK14,PIK3CD,MTHFR,CSPG4	12	12/191	12/14132	0.845899396178673	14132	0.857178054794389	combined_KrasG12D	KrasG12D	combined	Active
Microcephaly (physical finding)	C4551563	CURATED	357	SCRIB,GNAO1,YWHAG,TCOF1	4	4/191	4/14132	0.864942679047091	14132	0.870670776259323	combined_KrasG12D	KrasG12D	combined	Active
Retinal Dystrophies	C0854723	CURATED	405	ITGA4,VCAN,COL18A1	3	3/191	3/14132	0.974970472727345	14132	0.974970472727345	combined_KrasG12D	KrasG12D	combined	Active
RASopathy	C5555857	CURATED	32	KRAS,NRAS,LZTR1,HRAS,MAP2K1,SHOC2,BRAF,RRAS2,RAF1	9	9/202	9/14132	1.18884819915454e-08	14132	9.74376633598153e-07	combined_KrasG12V	KrasG12V	combined	Active
Costello syndrome (disorder)	C0587248	CURATED	13	MAP2K1,SHOC2,NRAS,RAF1,BRAF,HRAS,KRAS	7	7/202	7/14132	1.25016476645926e-08	14132	9.74376633598153e-07	combined_KrasG12V	KrasG12V	combined	Active
Vascular anomaly	C0158570	CURATED	14	HRAS,KRAS,NRAS,PIK3R1,BRAF,MAP2K1,PIK3CA	7	7/202	7/14132	2.16180381282024e-08	14132	9.74376633598153e-07	combined_KrasG12V	KrasG12V	combined	Active
Cardio-facio-cutaneous syndrome	C1275081	CURATED	14	KRAS,BRAF,NRAS,MAP2K1,HRAS,RAF1,SHOC2	7	7/202	7/14132	2.16180381282024e-08	14132	9.74376633598153e-07	combined_KrasG12V	KrasG12V	combined	Active
Noonan Syndrome	C0028326	CURATED	35	KRAS,HRAS,SHOC2,NRAS,RAF1,RRAS2,BRAF,LZTR1,MAP2K1	9	9/202	9/14132	2.56414903578461e-08	14132	9.74376633598153e-07	combined_KrasG12V	KrasG12V	combined	Active
Noonan syndrome and Noonan-related syndrome	C5681679	CURATED	25	LZTR1,HRAS,SHOC2,MAP2K1,BRAF,KRAS,NRAS,RAF1	8	8/202	8/14132	4.246348528408e-08	14132	1.34467703399587e-06	combined_KrasG12V	KrasG12V	combined	Active
Noonan Syndrome 1	C4551602	CURATED	21	KRAS,NRAS,LZTR1,HRAS,BRAF,MAP2K1,RAF1	7	7/202	7/14132	3.59317250799222e-07	14132	9.75289680740747e-06	combined_KrasG12V	KrasG12V	combined	Active
PROSTATE CANCER, HEREDITARY, 1	C4722327	CURATED	10	TP53,NRAS,BRAF,HRAS,KRAS	5	5/202	5/14132	7.95554742340246e-06	14132	0.000188944251305808	combined_KrasG12V	KrasG12V	combined	Active
Penile Neoplasms	C0030849	CURATED	4	HRAS,KRAS,PIK3CA,TP53	4	4/202	4/14132	1.13895537037308e-05	14132	0.000240446133745427	combined_KrasG12V	KrasG12V	combined	Active
Epidermal Nevus	C0334082	CURATED	7	HRAS,KRAS,NRAS,PIK3CA	4	4/202	4/14132	9.65377037910919e-05	14132	0.00183421637203075	combined_KrasG12V	KrasG12V	combined	Active
GIANT PIGMENTED HAIRY NEVUS	C1842036	CURATED	8	BRAF,NRAS,RAF1,HRAS	4	4/202	4/14132	0.000152832998195647	14132	0.00241985580476441	combined_KrasG12V	KrasG12V	combined	Active
NOONAN SYNDROME 3	C1860991	CURATED	8	KRAS,RAF1,HRAS,SHOC2	4	4/202	4/14132	0.000152832998195647	14132	0.00241985580476441	combined_KrasG12V	KrasG12V	combined	Active
LEOPARD Syndrome	C0175704	CURATED	9	MAP2K1,RAF1,NRAS,BRAF	4	4/202	4/14132	0.000226835827855179	14132	0.00331529286865261	combined_KrasG12V	KrasG12V	combined	Active
Histiocytosis, Langerhans-Cell	C0019621	CURATED	3	BRAF,NRAS,MAP2K1	3	3/202	3/14132	0.000604191504651167	14132	0.00819974184883727	combined_KrasG12V	KrasG12V	combined	Active
Nevus sebaceous	C3854181	CURATED	4	HRAS,NRAS,KRAS	3	3/202	3/14132	0.0011969934555986	14132	0.0133781621508079	combined_KrasG12V	KrasG12V	combined	Active
NEVUS, KERATINOCYTIC, NONEPIDERMOLYTIC	C4011754	CURATED	4	HRAS,PIK3CA,NRAS	3	3/202	3/14132	0.0011969934555986	14132	0.0133781621508079	combined_KrasG12V	KrasG12V	combined	Active
Nevus Sebaceus of Jadassohn	C4552097	CURATED	4	HRAS,KRAS,NRAS	3	3/202	3/14132	0.0011969934555986	14132	0.0133781621508079	combined_KrasG12V	KrasG12V	combined	Active
Endometriosis	C0014175	CURATED	165	ARHGAP28,VCAN,CD55,KRAS,SULF2,NR2F2,ITGA2,COPS2,TMT1A	9	9/202	9/14132	0.00257198526008612	14132	0.027148733300909	combined_KrasG12V	KrasG12V	combined	Active
Malignant neoplasm of gallbladder	C0153452	CURATED	20	TP53,PIK3CA,BRAF,KRAS	4	4/202	4/14132	0.00274143767784647	14132	0.0274143767784647	combined_KrasG12V	KrasG12V	combined	Active
Lip and Oral Cavity Carcinoma	C0220641	CURATED	21	TP53,HRAS,PIK3CA,BRAF	4	4/202	4/14132	0.00316494365078397	14132	0.0300669646824477	combined_KrasG12V	KrasG12V	combined	Active
Gliosis	C0017639	CURATED	22	ITGA5,ITGA4,ITGA1,ITGA2	4	4/202	4/14132	0.00362642803588716	14132	0.0328105393723124	combined_KrasG12V	KrasG12V	combined	Active
Pilomyxoid astrocytoma	C1519086	CURATED	7	BRAF,RAF1,KRAS	3	3/202	3/14132	0.00407239287111277	14132	0.0336415063265837	combined_KrasG12V	KrasG12V	combined	Active
THYROID CANCER, NONMEDULLARY, 2	C4225426	CURATED	7	NRAS,BRAF,HRAS	3	3/202	3/14132	0.00407239287111277	14132	0.0336415063265837	combined_KrasG12V	KrasG12V	combined	Active
GLIOMA SUSCEPTIBILITY 1	C2750850	CURATED	8	H3-3A,LZTR1,TP53	3	3/202	3/14132	0.00537891282875181	14132	0.0425830598942851	combined_KrasG12V	KrasG12V	combined	Active
Lymphoid neoplasm (morphologic abnormality)	C0598798	CURATED	26	NRAS,KRAS,MTHFR,TP53	4	4/202	4/14132	0.00587137386412335	14132	0.0446224413673375	combined_KrasG12V	KrasG12V	combined	Active
Follicular thyroid carcinoma	C0206682	CURATED	9	HRAS,KRAS,NRAS	3	3/202	3/14132	0.00685093482900798	14132	0.0500645237504429	combined_KrasG12V	KrasG12V	combined	Active
Differentiated Thyroid Gland Carcinoma	C1337013	CURATED	29	BRAF,KRAS,HRAS,NRAS	4	4/202	4/14132	0.00799695861741387	14132	0.0555816049285832	combined_KrasG12V	KrasG12V	combined	Active
Congenital arteriovenous malformation	C0003857	CURATED	10	HRAS,MAP2K1,PIK3CA	3	3/202	3/14132	0.00848350812067849	14132	0.0555816049285832	combined_KrasG12V	KrasG12V	combined	Active
Adenocarcinoma of breast	C0858252	CURATED	10	KRAS,TP53,PIK3CA	3	3/202	3/14132	0.00848350812067849	14132	0.0555816049285832	combined_KrasG12V	KrasG12V	combined	Active
Rectal Neoplasms	C0034885	CURATED	11	NRAS,PIK3CA,MTHFR	3	3/202	3/14132	0.0102717884529132	14132	0.0644835760382317	combined_KrasG12V	KrasG12V	combined	Active
Lymphoma	C0024299	CURATED	32	TP53,MTHFR,NRAS,KRAS	4	4/202	4/14132	0.010521004511501	14132	0.0644835760382317	combined_KrasG12V	KrasG12V	combined	Active
Malignant neoplasm of large intestine	C0346629	CURATED	173	KRAS,PIK3R1,PIK3CA,BRAF,PIK3CD,TP53,NRAS,GALNT12	8	8/202	8/14132	0.0122171753782537	14132	0.0725394788083816	combined_KrasG12V	KrasG12V	combined	Active
Adenoid Cystic Carcinoma	C0010606	CURATED	97	VCAN,GAS6,HRAS,TP53,UHRF1,PIK3CA	6	6/202	6/14132	0.0126775798324578	14132	0.0729921263080906	combined_KrasG12V	KrasG12V	combined	Active
Lung Neoplasms	C0024121	CURATED	269	PIK3CA,CPE,KRAS,PTMA,BRAF,HRAS,MTHFR,RAF1,TP53,BHLHE41	10	10/202	10/14132	0.0153798817778852	14132	0.0848528947069641	combined_KrasG12V	KrasG12V	combined	Active
Brain Neoplasms	C0006118	CURATED	37	TP53,HRAS,SIRT1,IQGAP2	4	4/202	4/14132	0.0156468777767715	14132	0.0848528947069641	combined_KrasG12V	KrasG12V	combined	Active
Diffuse Large B-Cell Lymphoma	C0079744	CURATED	68	TP53,PIK3CA,PIK3CD,MTHFR,BRAF	5	5/202	5/14132	0.0162037594454926	14132	0.0848528947069641	combined_KrasG12V	KrasG12V	combined	Active
Carcinoma, Endometrioid	C0206687	CURATED	14	PIK3R1,HRAS,BRAF	3	3/202	3/14132	0.0165239847587246	14132	0.0848528947069641	combined_KrasG12V	KrasG12V	combined	Active
Endometrial Carcinoma	C0476089	CURATED	39	HRAS,PIK3R1,PIK3CA,BRAF	4	4/202	4/14132	0.0180260689259105	14132	0.0901303446295526	combined_KrasG12V	KrasG12V	combined	Active
Glioma	C0017638	CURATED	109	BRAF,MAP2K1,HRAS,RAF1,H3-3A,TP53	6	6/202	6/14132	0.0200627683582264	14132	0.0977416920016157	combined_KrasG12V	KrasG12V	combined	Active
Malignant Glioma	C0555198	CURATED	112	RAF1,HRAS,BRAF,H3-3A,MAP2K1,TP53	6	6/202	6/14132	0.0222709740017142	14132	0.103817884975774	combined_KrasG12V	KrasG12V	combined	Active
Neuroblastoma	C0027819	CURATED	75	TP53,RASSF5,HRAS,NRAS,KRAS	5	5/202	5/14132	0.0224028067579302	14132	0.103817884975774	combined_KrasG12V	KrasG12V	combined	Active
Non-Small Cell Adenocarcinoma	C1335060	CURATED	197	TP53,ANP32A,HRAS,MAP2K1,BRAF,KRAS,PIK3CA,SLC4A4	8	8/202	8/14132	0.0232198494609801	14132	0.105042176133005	combined_KrasG12V	KrasG12V	combined	Active
Thyroid Neoplasm	C0040136	CURATED	45	TP53,BRAF,HRAS,KRAS	4	4/202	4/14132	0.0263058481850446	14132	0.11623514314322	combined_KrasG12V	KrasG12V	combined	Active
Hemangiosarcoma	C0018923	CURATED	19	HRAS,KRAS,TP53	3	3/202	3/14132	0.0296357609832688	14132	0.125128768596024	combined_KrasG12V	KrasG12V	combined	Active
Angiosarcoma nonmetastatic	C0854893	CURATED	19	HRAS,KRAS,TP53	3	3/202	3/14132	0.0296357609832688	14132	0.125128768596024	combined_KrasG12V	KrasG12V	combined	Active
Adult Cholangiocarcinoma	C0280725	CURATED	48	BRAF,TP53,KRAS,MTHFR	4	4/202	4/14132	0.0310881659611587	14132	0.128407642013482	combined_KrasG12V	KrasG12V	combined	Active
Malignant Squamous Cell Neoplasm	C0751688	CURATED	124	PIK3CA,TP53,ITGA5,MTHFR,HRAS,KRAS	6	6/202	6/14132	0.0326557124186918	14132	0.132012454458541	combined_KrasG12V	KrasG12V	combined	Active
Hydrops Fetalis, Non-Immune	C0455988	CURATED	50	HRAS,KRAS,LZTR1,SHOC2	4	4/202	4/14132	0.0345124349055814	14132	0.13661172150126	combined_KrasG12V	KrasG12V	combined	Active
Thrombocytopenia	C0040034	CURATED	128	AP3B1,RAP1B,COL5A2,ITGA2,MTHFR,COL5A1	6	6/202	6/14132	0.0366889984222685	14132	0.13929833417366	combined_KrasG12V	KrasG12V	combined	Active
Malignant neoplasm of urinary bladder	C0005684	CURATED	218	HRAS,PIK3CA,TP53,USP7,MTHFR,LOXL1,TIMP3,KRAS	8	8/202	8/14132	0.0372949279475199	14132	0.13929833417366	combined_KrasG12V	KrasG12V	combined	Active
Mouth Neoplasms	C0026640	CURATED	52	HRAS,KRAS,PIK3CA,TP53	4	4/202	4/14132	0.038123754615949	14132	0.13929833417366	combined_KrasG12V	KrasG12V	combined	Active
Cholangiocarcinoma	C0206698	CURATED	52	TP53,KRAS,MTHFR,BRAF	4	4/202	4/14132	0.038123754615949	14132	0.13929833417366	combined_KrasG12V	KrasG12V	combined	Active
Arteriovenous Malformations, Cerebral	C0917804	CURATED	22	BRAF,TIMP3,KRAS	3	3/202	3/14132	0.0389348290823254	14132	0.139577689163053	combined_KrasG12V	KrasG12V	combined	Active
Papillary thyroid carcinoma	C0238463	CURATED	53	TP53,NRAS,BRAF,HRAS	4	4/202	4/14132	0.0399989548305255	14132	0.14073706329259	combined_KrasG12V	KrasG12V	combined	Active
Liver carcinoma	C2239176	CURATED	646	CSPG4,BRAF,SRPX,ZIC5,IQGAP2,COPS5,NRAS,KRAS,MTHFR,TP53,GNAO1,UHRF1,HRAS,PIK3CA,MAD2L1,LZTR1	16	16/202	16/14132	0.0442935849134804	14132	0.153014202428387	combined_KrasG12V	KrasG12V	combined	Active
Rhabdomyosarcoma	C0035412	CURATED	25	PTMA,TP53,HRAS	3	3/202	3/14132	0.0491810698184492	14132	0.16089718185551	combined_KrasG12V	KrasG12V	combined	Active
Ovarian Serous Adenocarcinoma	C1335177	CURATED	25	TP53,RAF1,CAMKV	3	3/202	3/14132	0.0491810698184492	14132	0.16089718185551	combined_KrasG12V	KrasG12V	combined	Active
Prostatic Neoplasms	C0033578	CURATED	660	AHCYL2,HRAS,CD55,TP53,RAF1,PIK3CA,PIK3CD,COL5A1,KRAS,MTHFR,USP7,PIK3R1,PIK3R2,SIRT1,MAP2K1,BRAF	16	16/202	16/14132	0.05159827803768	14132	0.16089718185551	combined_KrasG12V	KrasG12V	combined	Active
Basal Cell Neoplasm	C0206710	CURATED	141	VCAN,CSPG4,PIK3CA,TP53,PROCR,SOX18	6	6/202	6/14132	0.0518415915256165	14132	0.16089718185551	combined_KrasG12V	KrasG12V	combined	Active
Malignant basal cell tumor	C1368295	CURATED	141	SOX18,TP53,CSPG4,VCAN,PROCR,PIK3CA	6	6/202	6/14132	0.0518415915256165	14132	0.16089718185551	combined_KrasG12V	KrasG12V	combined	Active
Juvenile Myelomonocytic Leukemia	C0349639	CURATED	26	NRAS,RRAS2,KRAS	3	3/202	3/14132	0.0527902111479763	14132	0.16089718185551	combined_KrasG12V	KrasG12V	combined	Active
Carcinoma of lung	C0684249	CURATED	26	KRAS,BRAF,PIK3CA	3	3/202	3/14132	0.0527902111479763	14132	0.16089718185551	combined_KrasG12V	KrasG12V	combined	Active
Adenocarcinoma of lung (disorder)	C0152013	CURATED	286	ANP32A,PIK3CA,MAP2K1,TP53,RAF1,BRAF,SLC4A4,KRAS,HRAS	9	9/202	9/14132	0.0533501181941953	14132	0.16089718185551	combined_KrasG12V	KrasG12V	combined	Active
Liver neoplasms	C0023903	CURATED	146	HRAS,RAF1,BRAF,ADAMTS17,KRAS,TP53	6	6/202	6/14132	0.0585124161277105	14132	0.169575344710585	combined_KrasG12V	KrasG12V	combined	Active
Multiple Myeloma	C0026764	CURATED	146	TP53,NRAS,PIK3R2,BRAF,MTHFR,KRAS	6	6/202	6/14132	0.0585124161277105	14132	0.169575344710585	combined_KrasG12V	KrasG12V	combined	Active
Arsenic Poisoning	C0311375	CURATED	62	PTX3,TP53,MTHFR,SOX18	4	4/202	4/14132	0.0589051197415716	14132	0.169575344710585	combined_KrasG12V	KrasG12V	combined	Active
Stomach Neoplasms	C0038356	CURATED	349	COPS7A,PIK3CA,KRAS,ITGA5,MTHFR,TIMP3,TP53,FUT11,HRAS,PLCE1	10	10/202	10/14132	0.063522047853466	14132	0.179345983639528	combined_KrasG12V	KrasG12V	combined	Active
Squamous cell carcinoma	C0007137	CURATED	150	ITGA5,KRAS,TP53,PIK3CA,HRAS,MTHFR	6	6/202	6/14132	0.0641869836183575	14132	0.179345983639528	combined_KrasG12V	KrasG12V	combined	Active
Squamous cell carcinoma of lung	C0149782	CURATED	67	KRAS,PIK3CA,MAP2K1,HRAS	4	4/202	4/14132	0.0709183751188096	14132	0.193045255188391	combined_KrasG12V	KrasG12V	combined	Active
Squamous cell carcinoma of mouth	C0585362	CURATED	31	TP53,WNT11,MTHFR	3	3/202	3/14132	0.072137963780925	14132	0.193045255188391	combined_KrasG12V	KrasG12V	combined	Active
Cerebral Astrocytoma	C0750935	CURATED	31	BRAF,TP53,KRAS	3	3/202	3/14132	0.072137963780925	14132	0.193045255188391	combined_KrasG12V	KrasG12V	combined	Active
Colon Carcinoma	C0699790	CURATED	68	BRAF,TP53,PIK3CA,NRAS	4	4/202	4/14132	0.0734436650729626	14132	0.193809671720318	combined_KrasG12V	KrasG12V	combined	Active
Bladder Neoplasm	C0005695	CURATED	206	TP53,USP7,LOXL1,KRAS,HRAS,TIMP3,MTHFR	7	7/202	7/14132	0.075526097647118	14132	0.195766143276421	combined_KrasG12V	KrasG12V	combined	Active
Alcoholic Intoxication	C0001969	CURATED	32	TP53,MTHFR,GRIK1	3	3/202	3/14132	0.0762457610655533	14132	0.195766143276421	combined_KrasG12V	KrasG12V	combined	Active
Kidney Failure, Acute	C0022660	CURATED	114	OCLN,TP53,SIRT1,GAS6,MTHFR	5	5/202	5/14132	0.080742572019831	14132	0.196213625966481	combined_KrasG12V	KrasG12V	combined	Active
Acute Kidney Insufficiency	C1565662	CURATED	114	MTHFR,SIRT1,TP53,OCLN,GAS6	5	5/202	5/14132	0.080742572019831	14132	0.196213625966481	combined_KrasG12V	KrasG12V	combined	Active
Acute kidney injury	C2609414	CURATED	115	SIRT1,GAS6,OCLN,MTHFR,TP53	5	5/202	5/14132	0.0827645974839176	14132	0.196213625966481	combined_KrasG12V	KrasG12V	combined	Active
Female infertility	C0021361	CURATED	34	TP53,NR2F2,MTHFR	3	3/202	3/14132	0.084675562137778	14132	0.196213625966481	combined_KrasG12V	KrasG12V	combined	Active
Splenomegaly	C0038002	CURATED	34	OCLN,KRAS,NRAS	3	3/202	3/14132	0.084675562137778	14132	0.196213625966481	combined_KrasG12V	KrasG12V	combined	Active
Carcinoma	C0007097	CURATED	163	KRAS,YWHAZ,COL5A1,PIK3R1,HRAS,TP53	6	6/202	6/14132	0.084681670153955	14132	0.196213625966481	combined_KrasG12V	KrasG12V	combined	Active
Malignant epithelioma	C0553707	CURATED	163	COL5A1,HRAS,KRAS,TP53,YWHAZ,PIK3R1	6	6/202	6/14132	0.084681670153955	14132	0.196213625966481	combined_KrasG12V	KrasG12V	combined	Active
Epithelioma	C1368683	CURATED	163	PIK3R1,HRAS,KRAS,COL5A1,YWHAZ,TP53	6	6/202	6/14132	0.084681670153955	14132	0.196213625966481	combined_KrasG12V	KrasG12V	combined	Active
Kidney Neoplasm	C0022665	CURATED	36	BRAF,RAF1,RASSF5	3	3/202	3/14132	0.093372080661795	14132	0.208714062655777	combined_KrasG12V	KrasG12V	combined	Active
Lymphoma, Non-Hodgkin	C0024305	CURATED	36	TP53,BRAF,MTHFR	3	3/202	3/14132	0.093372080661795	14132	0.208714062655777	combined_KrasG12V	KrasG12V	combined	Active
Malignant neoplasm of lung	C0242379	CURATED	36	KRAS,PIK3CA,BRAF	3	3/202	3/14132	0.093372080661795	14132	0.208714062655777	combined_KrasG12V	KrasG12V	combined	Active
Cardiomyopathy, Familial Hypertrophic, 1	C3495498	CURATED	37	LZTR1,RAF1,TPM1	3	3/202	3/14132	0.0978135208266536	14132	0.208986758750896	combined_KrasG12V	KrasG12V	combined	Active
Malignant neoplasm of body of stomach	C0153421	CURATED	77	FUT11,PIK3CA,KRAS,TP53	4	4/202	4/14132	0.0978937975201568	14132	0.208986758750896	combined_KrasG12V	KrasG12V	combined	Active
Malignant tumor of lesser curve of stomach	C0153422	CURATED	77	FUT11,PIK3CA,TP53,KRAS	4	4/202	4/14132	0.0978937975201568	14132	0.208986758750896	combined_KrasG12V	KrasG12V	combined	Active
Malignant tumor of greater curve of stomach	C0153423	CURATED	77	FUT11,KRAS,PIK3CA,TP53	4	4/202	4/14132	0.0978937975201568	14132	0.208986758750896	combined_KrasG12V	KrasG12V	combined	Active
Non-Small Cell Lung Carcinoma	C0007131	CURATED	276	NRAS,MAP2K1,KRAS,HRAS,BRAF,TP53,RAF1,PIK3CA	8	8/202	8/14132	0.101465727620251	14132	0.211299748089679	combined_KrasG12V	KrasG12V	combined	Active
Adenoma	C0001430	CURATED	38	PTMA,TP53,KRAS	3	3/202	3/14132	0.102313562232897	14132	0.211299748089679	combined_KrasG12V	KrasG12V	combined	Active
Acinar cell adenoma	C0334389	CURATED	38	TP53,KRAS,PTMA	3	3/202	3/14132	0.102313562232897	14132	0.211299748089679	combined_KrasG12V	KrasG12V	combined	Active
Astrocytoma	C0004114	CURATED	39	BRAF,KRAS,TP53	3	3/202	3/14132	0.106869642952194	14132	0.218335829687278	combined_KrasG12V	KrasG12V	combined	Active
HIV Infections	C0019693	CURATED	127	LYN,PSMD13,SIRT1,NUTF2,COPS6	5	5/202	5/14132	0.108912192918466	14132	0.220141666537325	combined_KrasG12V	KrasG12V	combined	Active
Liver Failure, Acute	C0162557	CURATED	40	ANP32A,H4C1,PSMD11	3	3/202	3/14132	0.111479261665281	14132	0.222958523330562	combined_KrasG12V	KrasG12V	combined	Active
ovarian neoplasm	C0919267	CURATED	182	SULF1,TP53,PIK3CA,RRAS2,KRAS,HMGA2	6	6/202	6/14132	0.120056231505482	14132	0.237611291521267	combined_KrasG12V	KrasG12V	combined	Active
Salivary Gland Neoplasms	C0036095	CURATED	43	VCAN,GAS6,HRAS	3	3/202	3/14132	0.12560521676816	14132	0.245045700322976	combined_KrasG12V	KrasG12V	combined	Active
Chronic Lymphocytic Leukemia	C0023434	CURATED	44	ITGA4,TP53,MTHFR	3	3/202	3/14132	0.130405145073034	14132	0.245045700322976	combined_KrasG12V	KrasG12V	combined	Active
Philadelphia chromosome positive chronic myelogenous leukemia	C0279543	CURATED	44	MTHFR,NRAS,KRAS	3	3/202	3/14132	0.130405145073034	14132	0.245045700322976	combined_KrasG12V	KrasG12V	combined	Active
Rare genetic intellectual disability	C5680527	CURATED	44	KANK1,MTHFR,GNAO1	3	3/202	3/14132	0.130405145073034	14132	0.245045700322976	combined_KrasG12V	KrasG12V	combined	Active
Breast Cancer, Familial	C0346153	CURATED	88	PIK3CA,FANCM,TP53,KRAS	4	4/202	4/14132	0.131550849647071	14132	0.245045700322976	combined_KrasG12V	KrasG12V	combined	Active
Adenocarcinoma of large intestine (disorder)	C1319315	CURATED	88	EEF2K,ARAF,BRAF,CAMKV	4	4/202	4/14132	0.131550849647071	14132	0.245045700322976	combined_KrasG12V	KrasG12V	combined	Active
Neoplastic Syndromes, Hereditary	C0027672	CURATED	190	PIK3CA,LZTR1,HRAS,TP53,FANCM,GALNT12	6	6/202	6/14132	0.136740629648712	14132	0.252239996439372	combined_KrasG12V	KrasG12V	combined	Active
Colorectal Carcinoma	C0009402	CURATED	473	KRAS,RALGDS,BRAF,NID1,TCOF1,TP53,CPE,PIK3CA,CNTN1,NRAS,SETD4	11	11/202	11/14132	0.140959653111805	14132	0.255784799904223	combined_KrasG12V	KrasG12V	combined	Active
Precursor Lymphoid Neoplasm	C1335469	CURATED	91	NRAS,TP53,MTHFR,KRAS	4	4/202	4/14132	0.141354757841808	14132	0.255784799904223	combined_KrasG12V	KrasG12V	combined	Active
Nephroblastoma	C0027708	CURATED	47	BRAF,TP53,MTHFR	3	3/202	3/14132	0.145047731345341	14132	0.259991216562404	combined_KrasG12V	KrasG12V	combined	Active
Colorectal Neoplasms	C0009404	CURATED	363	KRAS,PIK3CD,GALNT12,PIK3CA,NRAS,TP53,ANP32A,MTHFR,BRAF	9	9/202	9/14132	0.149658363915753	14132	0.265748496672832	combined_KrasG12V	KrasG12V	combined	Active
Endometrial Neoplasms	C0014170	CURATED	94	MTHFR,PIK3R1,PIK3CD,TP53	4	4/202	4/14132	0.151395339304493	14132	0.266343652480126	combined_KrasG12V	KrasG12V	combined	Active
Acute lymphocytic leukemia	C0023449	CURATED	98	KRAS,TP53,MTHFR,NRAS	4	4/202	4/14132	0.165122469451694	14132	0.287828157759834	combined_KrasG12V	KrasG12V	combined	Active
Cardiomyopathy, Hypertrophic, Familial	C0949658	CURATED	99	KRAS,SHOC2,RAF1,TPM1	4	4/202	4/14132	0.16861086265523	14132	0.291226949974828	combined_KrasG12V	KrasG12V	combined	Active
Myelodysplasias, Hematopoetic	C2713368	CURATED	52	TP53,NRAS,KRAS	3	3/202	3/14132	0.170137849722136	14132	0.291226949974828	combined_KrasG12V	KrasG12V	combined	Active
Atherothrombosis	C1963943	CURATED	54	ITGA2,SIRT1,GAS6	3	3/202	3/14132	0.180369073795149	14132	0.305983250188199	combined_KrasG12V	KrasG12V	combined	Active
Thrombosis	C0040053	CURATED	55	GAS6,ITGA2,SIRT1	3	3/202	3/14132	0.185519339550603	14132	0.309668256637679	combined_KrasG12V	KrasG12V	combined	Active
Malignant neoplasm of prostate	C0376358	CURATED	629	CNTFR,VCAN,PIK3CA,CD55,COPS6,COL5A1,OLA1,TP53,AP3B1,PIK3R1,KPRP,MTHFR,SDK1	13	13/202	13/14132	0.190173457549152	14132	0.309668256637679	combined_KrasG12V	KrasG12V	combined	Active
Carcinoma, Transitional Cell	C0007138	CURATED	56	MTHFR,TP53,HRAS	3	3/202	3/14132	0.190690452771623	14132	0.309668256637679	combined_KrasG12V	KrasG12V	combined	Active
Neoplasms, Bone Tissue	C0206639	CURATED	56	SIRT1,MTHFR,TP53	3	3/202	3/14132	0.190690452771623	14132	0.309668256637679	combined_KrasG12V	KrasG12V	combined	Active
Transitional Cell Neoplasm	C0334265	CURATED	56	MTHFR,HRAS,TP53	3	3/202	3/14132	0.190690452771623	14132	0.309668256637679	combined_KrasG12V	KrasG12V	combined	Active
Skin Neoplasms	C0037286	CURATED	57	TP53,HRAS,TIMP3	3	3/202	3/14132	0.195880776152585	14132	0.311310883539786	combined_KrasG12V	KrasG12V	combined	Active
Hepatoblastoma	C0206624	CURATED	57	FRMPD1,TP53,FANCM	3	3/202	3/14132	0.195880776152585	14132	0.311310883539786	combined_KrasG12V	KrasG12V	combined	Active
Autism Spectrum Disorders	C1510586	CURATED	572	SULF1,ITGA4,LZTR1,AFDN,CEP104,ARIH2,SULF2,SDK1,LOXL1,MAP2K1,CYP4X1,MTHFR	12	12/202	12/14132	0.196617400130391	14132	0.311310883539786	combined_KrasG12V	KrasG12V	combined	Active
Hypertrophic Cardiomyopathy	C0007194	CURATED	164	RAF1,LZTR1,TP53,BRAF,TPM1	5	5/202	5/14132	0.20790123641042	14132	0.326456486925453	combined_KrasG12V	KrasG12V	combined	Active
Osteosarcoma	C0029463	CURATED	60	MTHFR,TP53,SIRT1	3	3/202	3/14132	0.211551260712768	14132	0.327439665816653	combined_KrasG12V	KrasG12V	combined	Active
Malignant neoplasm of stomach	C0024623	CURATED	111	FUT11,TP53,PIK3CA,KRAS	4	4/202	4/14132	0.211974099449728	14132	0.327439665816653	combined_KrasG12V	KrasG12V	combined	Active
Anemia	C0002871	CURATED	62	NRAS,MTHFR,KRAS	3	3/202	3/14132	0.222066139799668	14132	0.334861639380452	combined_KrasG12V	KrasG12V	combined	Active
Diabetic Retinopathy	C0011884	CURATED	62	SIRT1,MTHFR,ITGA2	3	3/202	3/14132	0.222066139799668	14132	0.334861639380452	combined_KrasG12V	KrasG12V	combined	Active
Thrombus	C0087086	CURATED	62	ITGA2,GAS6,SIRT1	3	3/202	3/14132	0.222066139799668	14132	0.334861639380452	combined_KrasG12V	KrasG12V	combined	Active
Breast Carcinoma	C0678222	CURATED	66	PIK3CA,TIMP3,TP53	3	3/202	3/14132	0.243208166785646	14132	0.363854737710809	combined_KrasG12V	KrasG12V	combined	Active
Adenocarcinoma	C0001418	CURATED	121	PLCE1,TP53,PIK3CA,KRAS	4	4/202	4/14132	0.249744092190191	14132	0.368127774793065	combined_KrasG12V	KrasG12V	combined	Active
Other dermatoses	C0029574	CURATED	68	MTHFR,SOX18,PTX3	3	3/202	3/14132	0.253814413146797	14132	0.368127774793065	combined_KrasG12V	KrasG12V	combined	Active
Dermatologic disorders	C0037274	CURATED	68	PTX3,SOX18,MTHFR	3	3/202	3/14132	0.253814413146797	14132	0.368127774793065	combined_KrasG12V	KrasG12V	combined	Active
Skin Diseases, Genetic	C0037277	CURATED	68	PTX3,SOX18,MTHFR	3	3/202	3/14132	0.253814413146797	14132	0.368127774793065	combined_KrasG12V	KrasG12V	combined	Active
Brain Ischemia	C0007786	CURATED	70	TP53,MAP2K1,MTHFR	3	3/202	3/14132	0.264431141453585	14132	0.380620582395312	combined_KrasG12V	KrasG12V	combined	Active
Squamous cell carcinoma of esophagus	C0279626	CURATED	127	PLCE1,TPM1,MAD2L1,TP53	4	4/202	4/14132	0.272874883616999	14132	0.389821262309999	combined_KrasG12V	KrasG12V	combined	Active
Male infertility with azoospermia or oligozoospermia due to single gene mutation	C5681165	CURATED	74	FANCM,LZTR1,MAP2K1	3	3/202	3/14132	0.285660172602096	14132	0.398709225646452	combined_KrasG12V	KrasG12V	combined	Active
Pancreatic Neoplasm	C0030297	CURATED	191	BRAF,ITGA4,MTHFR,KRAS,TP53	5	5/202	5/14132	0.291687275604509	14132	0.398709225646452	combined_KrasG12V	KrasG12V	combined	Active
malignant neoplasm of head of pancreas	C0153458	CURATED	191	MTHFR,BRAF,ITGA4,TP53,KRAS	5	5/202	5/14132	0.291687275604509	14132	0.398709225646452	combined_KrasG12V	KrasG12V	combined	Active
Malignant neoplasm of body of pancreas	C0153459	CURATED	191	BRAF,ITGA4,KRAS,TP53,MTHFR	5	5/202	5/14132	0.291687275604509	14132	0.398709225646452	combined_KrasG12V	KrasG12V	combined	Active
Malignant neoplasm of tail of pancreas	C0153460	CURATED	191	ITGA4,MTHFR,BRAF,KRAS,TP53	5	5/202	5/14132	0.291687275604509	14132	0.398709225646452	combined_KrasG12V	KrasG12V	combined	Active
Malignant neoplasm of other specified sites of pancreas	C0153463	CURATED	191	ITGA4,KRAS,BRAF,MTHFR,TP53	5	5/202	5/14132	0.291687275604509	14132	0.398709225646452	combined_KrasG12V	KrasG12V	combined	Active
Insulin Resistance	C0021655	CURATED	77	CPE,SIRT1,PIK3R1	3	3/202	3/14132	0.301545428680568	14132	0.409240224637913	combined_KrasG12V	KrasG12V	combined	Active
Small cell carcinoma of lung	C0149925	CURATED	80	PIK3R1,MTHFR,TP53	3	3/202	3/14132	0.317370902771757	14132	0.427662918628608	combined_KrasG12V	KrasG12V	combined	Active
Malignant neoplasm of ovary	C1140680	CURATED	139	PIK3CA,BRAF,RRAS2,HMGA2	4	4/202	4/14132	0.319691479893267	14132	0.427756205490991	combined_KrasG12V	KrasG12V	combined	Active
Bleeding tendency	C1458140	CURATED	81	COL5A2,AP3B1,COL5A1	3	3/202	3/14132	0.322628697203515	14132	0.428667499780894	combined_KrasG12V	KrasG12V	combined	Active
Esophageal Neoplasms	C0014859	CURATED	82	GNG7,TP53,TPM1	3	3/202	3/14132	0.327876439859391	14132	0.432614747036696	combined_KrasG12V	KrasG12V	combined	Active
Diabetes Mellitus, Non-Insulin-Dependent	C0011860	CURATED	331	MTHFR,PIK3R1,SIRT1,ITGA1,ITGA2,CPE,BRAF	7	7/202	7/14132	0.336057294248308	14132	0.440350937290886	combined_KrasG12V	KrasG12V	combined	Active
Leukemia, Myelocytic, Acute	C0023467	CURATED	210	H1-0,TP53,KRAS,MTHFR,NRAS	5	5/202	5/14132	0.353122028579844	14132	0.445352145384919	combined_KrasG12V	KrasG12V	combined	Active
Connective Tissue Diseases	C0009782	CURATED	87	COL5A2,SLC26A2,COL5A1	3	3/202	3/14132	0.353937757648014	14132	0.445352145384919	combined_KrasG12V	KrasG12V	combined	Active
Malignant neoplasm of upper lobe, bronchus or lung	C0024624	CURATED	87	PIK3CA,KRAS,BRAF	3	3/202	3/14132	0.353937757648014	14132	0.445352145384919	combined_KrasG12V	KrasG12V	combined	Active
Malignant neoplasm of middle lobe, bronchus or lung	C0153491	CURATED	87	KRAS,BRAF,PIK3CA	3	3/202	3/14132	0.353937757648014	14132	0.445352145384919	combined_KrasG12V	KrasG12V	combined	Active
Malignant neoplasm of lower lobe, bronchus or lung	C0153492	CURATED	87	PIK3CA,KRAS,BRAF	3	3/202	3/14132	0.353937757648014	14132	0.445352145384919	combined_KrasG12V	KrasG12V	combined	Active
Malignant neoplasm of other parts of bronchus or lung	C0153493	CURATED	87	KRAS,PIK3CA,BRAF	3	3/202	3/14132	0.353937757648014	14132	0.445352145384919	combined_KrasG12V	KrasG12V	combined	Active
Craniofacial Abnormalities	C0376634	CURATED	150	ZIC5,TCOF1,TP53,SLC26A2	4	4/202	4/14132	0.362716146503441	14132	0.453395183129301	combined_KrasG12V	KrasG12V	combined	Active
Alcoholic Intoxication, Chronic	C0001973	CURATED	279	CPE,PIK3R1,TP53,KANK1,GRIK1,MTHFR	6	6/202	6/14132	0.368734313173261	14132	0.457905356228233	combined_KrasG12V	KrasG12V	combined	Active
Hereditary Breast and Ovarian Cancer Syndrome	C0677776	CURATED	158	KRAS,FANCM,RALGDS,TP53	4	4/202	4/14132	0.393766829929739	14132	0.485816218744483	combined_KrasG12V	KrasG12V	combined	Active
Short stature	C0349588	CURATED	162	PSMD11,SRPX,H3-3A,LZTR1	4	4/202	4/14132	0.409153925878222	14132	0.495766302834696	combined_KrasG12V	KrasG12V	combined	Active
Adult Glioblastoma	C0278878	CURATED	98	NRAS,LZTR1,H3-3A	3	3/202	3/14132	0.40990302054378	14132	0.495766302834696	combined_KrasG12V	KrasG12V	combined	Active
Primary Glioblastoma	C1514422	CURATED	98	H3-3A,LZTR1,NRAS	3	3/202	3/14132	0.40990302054378	14132	0.495766302834696	combined_KrasG12V	KrasG12V	combined	Active
Fatty Liver	C0015695	CURATED	99	SIRT1,PTMA,MTHFR	3	3/202	3/14132	0.414878116582719	14132	0.495766302834696	combined_KrasG12V	KrasG12V	combined	Active
Fatty Liver, Alcoholic	C0015696	CURATED	99	MTHFR,PTMA,SIRT1	3	3/202	3/14132	0.414878116582719	14132	0.495766302834696	combined_KrasG12V	KrasG12V	combined	Active
Spontaneous abortion	C0000786	CURATED	104	COL5A2,TIMP3,COL5A1	3	3/202	3/14132	0.439432474173649	14132	0.518584907409896	combined_KrasG12V	KrasG12V	combined	Active
Glioblastoma	C0017636	CURATED	104	H3-3A,NRAS,LZTR1	3	3/202	3/14132	0.439432474173649	14132	0.518584907409896	combined_KrasG12V	KrasG12V	combined	Active
Chronic ischemic heart disease	C0264694	CURATED	174	CPE,TP53,MTHFR,PROCR	4	4/202	4/14132	0.45453863930188	14132	0.533100873255291	combined_KrasG12V	KrasG12V	combined	Active
Coronary Arteriosclerosis	C0010054	CURATED	175	MTHFR,CPE,TP53,PROCR	4	4/202	4/14132	0.458258616723028	14132	0.534166485750768	combined_KrasG12V	KrasG12V	combined	Active
Mammary Neoplasms	C1458155	CURATED	524	RAF1,PIK3CA,HRAS,ARAF,SIRT1,TP53,KRAS,OCLN,MTHFR	9	9/202	9/14132	0.475728488581897	14132	0.548920984723819	combined_KrasG12V	KrasG12V	combined	Active
Renal Cell Carcinoma	C0007134	CURATED	180	MTHFR,PIK3CA,MAP2K1,TP53	4	4/202	4/14132	0.476694539365422	14132	0.548920984723819	combined_KrasG12V	KrasG12V	combined	Active
melanoma	C0025202	CURATED	250	TP53,NRAS,BRAF,HRAS,MAP2K1	5	5/202	5/14132	0.481083586246979	14132	0.550637839680277	combined_KrasG12V	KrasG12V	combined	Active
Coronary heart disease	C0010068	CURATED	182	PROCR,TP53,MTHFR,CPE	4	4/202	4/14132	0.483988555182885	14132	0.550645661585318	combined_KrasG12V	KrasG12V	combined	Active
Malignant neoplasm of breast	C0006142	CURATED	744	GTF2A1,KRAS,LZTR1,FANCM,BMP1,PIK3CA,TP53,OLA1,H4C1,SULF2,RGL1,FRMPD1	12	12/202	12/14132	0.498473236186505	14132	0.563749493306167	combined_KrasG12V	KrasG12V	combined	Active
Neoplasm Invasiveness	C0027626	CURATED	198	ITGA5,HRAS,TIMP3,HMGA2	4	4/202	4/14132	0.540491090492221	14132	0.607652705287112	combined_KrasG12V	KrasG12V	combined	Active
Amyotrophic Lateral Sclerosis	C0002736	CURATED	133	MTHFR,TP53,KANK1	3	3/202	3/14132	0.569599059081486	14132	0.636610713091073	combined_KrasG12V	KrasG12V	combined	Active
Schizophrenia	C0036341	CURATED	1047	CNTN1,GRIK1,KANK1,FUT8,TP53,YWHAE,CSPG5,SIRT1,PIK3CA,EDEM2,GNAO1,GPS1,PIK3CD,MTHFR,CSPG4	15	15/202	15/14132	0.642163517106693	14132	0.713515019007437	combined_KrasG12V	KrasG12V	combined	Active
Global developmental delay	C0557874	CURATED	388	CEP104,PIK3CA,OCLN,H3-3A,MTHFR,BRAF	6	6/202	6/14132	0.654621282837754	14132	0.723128161274263	combined_KrasG12V	KrasG12V	combined	Active
Colonic Neoplasms	C0009375	CURATED	160	KRAS,MTHFR,TP53	3	3/202	3/14132	0.669982591771445	14132	0.735819031425286	combined_KrasG12V	KrasG12V	combined	Active
Liver Cirrhosis	C0023890	CURATED	164	COL5A2,LOXL1,MTHFR	3	3/202	3/14132	0.683136553703128	14132	0.745953708066635	combined_KrasG12V	KrasG12V	combined	Active
Bipolar Disorder	C0005586	CURATED	483	SIRT1,GRIK1,BHLHE41,YWHAZ,YWHAE,YWHAH,MTHFR	7	7/202	7/14132	0.692989230994496	14132	0.752388307936882	combined_KrasG12V	KrasG12V	combined	Active
Myocardial Infarction	C0027051	CURATED	175	MTHFR,TP53,ITGA2	3	3/202	3/14132	0.717114213197802	14132	0.772496839495901	combined_KrasG12V	KrasG12V	combined	Active
Cardiomyopathy, Dilated	C0007193	CURATED	259	LZTR1,RAF1,BRAF,TPM1	4	4/202	4/14132	0.719641792583023	14132	0.772496839495901	combined_KrasG12V	KrasG12V	combined	Active
Non-specific syndromic intellectual disability	C5568766	CURATED	367	PSMD11,PSMD12,RALGDS,YWHAE,YWHAZ	5	5/202	5/14132	0.773576762791159	14132	0.825728005226518	combined_KrasG12V	KrasG12V	combined	Active
Intellectual Disability	C3714756	CURATED	694	BRAF,HECTD1,USP7,PIK3R2,YWHAG,AP3B1,H3-3A,HRAS,PSMD12	9	9/202	9/14132	0.78117369846488	14132	0.829178786080041	combined_KrasG12V	KrasG12V	combined	Active
Heart failure	C0018801	CURATED	207	MAP2K1,TP53,SIRT1	3	3/202	3/14132	0.798977910721651	14132	0.8387060941277	combined_KrasG12V	KrasG12V	combined	Active
Congestive heart failure	C0018802	CURATED	207	TP53,SIRT1,MAP2K1	3	3/202	3/14132	0.798977910721651	14132	0.8387060941277	combined_KrasG12V	KrasG12V	combined	Active
Cardiomyopathies	C0878544	CURATED	223	TPM1,YWHAH,TP53	3	3/202	3/14132	0.83149832609789	14132	0.868047703069226	combined_KrasG12V	KrasG12V	combined	Active
Major Depressive Disorder	C1269683	CURATED	229	MTHFR,MAP2K1,PTX3	3	3/202	3/14132	0.842423784002351	14132	0.873505513978196	combined_KrasG12V	KrasG12V	combined	Active
Unipolar Depression	C0041696	CURATED	231	MTHFR,PTX3,MAP2K1	3	3/202	3/14132	0.845921129326253	14132	0.873505513978196	combined_KrasG12V	KrasG12V	combined	Active
Neurodevelopmental Disorders	C1535926	CURATED	674	NR2F2,HECTD1,GNAO1,PSMD12,USP7,KANK1,H3-3A,RALGDS	8	8/202	8/14132	0.853319705634335	14132	0.876382400381209	combined_KrasG12V	KrasG12V	combined	Active
Myocardial Ischemia	C0151744	CURATED	338	TP53,PROCR,MTHFR,CPE	4	4/202	4/14132	0.865446134141988	14132	0.884057878962246	combined_KrasG12V	KrasG12V	combined	Active
Retinal Dystrophies	C0854723	CURATED	405	ITGA4,VCAN,RP2,TIMP3	4	4/202	4/14132	0.932078473639117	14132	0.947031604232258	combined_KrasG12V	KrasG12V	combined	Active
Seizures	C0036572	CURATED	308	YWHAG,PIK3CA,PIK3R2	3	3/202	3/14132	0.937126992221069	14132	0.947096428308527	combined_KrasG12V	KrasG12V	combined	Active
Autistic Disorder	C0004352	CURATED	433	ITGA4,MTHFR,LZTR1,HRAS	4	4/202	4/14132	0.949625258364329	14132	0.954649730630807	combined_KrasG12V	KrasG12V	combined	Active
Microcephaly (physical finding)	C4551563	CURATED	357	GNAO1,YWHAG,TCOF1	3	3/202	3/14132	0.965385521397814	14132	0.965385521397814	combined_KrasG12V	KrasG12V	combined	Active
