"PC1"	"PC2"	"PC3"	"PC4"	"PC5"	"PC6"	"PC7"	"PC8"	"PC9"	"PC10"	"PC11"	"PC12"	"PC13"	"PC14"	"PC15"	"PC16"	"PC17"	"PC18"	"PC19"	"PC20"	"PC21"	"PC22"	"PC23"	"PC24"	"PC25"	"PC26"	"PC27"	"PC28"	"PC29"	"PC30"	"PC31"	"PC32"	"PC33"	"PC34"	"PC35"	"PC36"	"PC37"	"PC38"	"PC39"	"PC40"	"PC41"	"PC42"	"PC43"	"PC44"	"PC45"	"PC46"	"PC47"	"PC48"	"PC49"	"PC50"	"PC51"	"PC52"	"PC53"	"PC54"	"PC55"	"PC56"	"PC57"	"PC58"	"PC59"	"PC60"	"PC61"	"PC62"	"PC63"	"PC64"	"PC65"	"PC66"	"PC67"	"PC68"	"PC69"	"PC70"	"PC71"	"PC72"	"PC73"	"PC74"	"PC75"	"PC76"	"PC77"	"PC78"	"PC79"	"PC80"	"PC81"	"PC82"	"PC83"	"PC84"	"PC85"	"PC86"	"PC87"	"PC88"	"PC89"	"PC90"	"PC91"	"PC92"	"PC93"	"PC94"	"PC95"	"PC96"	"PC97"	"PC98"	"PC99"	"PC100"	"PC101"	"PC102"	"PC103"	"PC104"	"PC105"	"group"	"sample"	"key"	"show_id"	"bait"	"paralog"	"batch"	"node"	"state"	"tier"
-2.12857594132077	14.1912902097439	-11.5934721606963	6.85952925623088	-2.0238645006532	3.20602814402637	-3.04789250277	5.05898869779329	-2.00051731449393	3.40113186391683	-2.39211950417049	0.0299728643729667	-3.29702640639121	1.57994716100486	-2.90750336010067	0.534381937564491	-3.72001518489161	3.29932090070342	-2.91292529025361	1.65841398761986	-2.66236805188201	2.00386142010173	-2.27461545903817	2.04347690463972	-1.3942037757229	0.442585914570589	-0.833297948338969	0.212165253336305	-0.787177554705104	3.61623563491325	-0.241966708675231	-0.394445916876316	2.05048853323499	-1.40542969001563	-0.0612444947449425	-2.66108043085341	1.87505886040697	1.41536270026233	0.645182095944783	-2.37478756179891	-0.837133310911567	1.47752256482226	0.759098434449967	2.13681556691762	-1.70392500142535	-2.8667974444893	-0.263162622892861	0.400320512380303	0.504296244753112	0.0566906391412287	1.58153780615349	1.49112341905244	0.438376716045444	-0.202127917754997	-1.72631243739398	-1.14821117315022	-0.226679538501657	0.277309450214963	0.270013283709009	2.08311436365326	0.773299796153572	1.10638700452098	0.387401485274946	-0.556946905729481	-0.537897269814367	-2.55231729988585	-1.2402718985623	-0.365592977975857	1.29135112052735	1.16443479689299	0.0719097383217653	1.11849270583936	0.398106046628699	0.52389627312429	-0.379559152506686	-0.185433127519343	-0.0446922592551855	-0.667371189433377	-1.00160962805697	-0.189146776424759	-1.31540967072154	0.119129589133007	1.63205287870522	0.422399785829995	0.599429486953586	0.585402398213512	0.560869429063563	-0.224686677354306	-1.63716782887762	-0.624109109697593	-0.524060407652471	0.24720449379655	0.69426436343992	-0.246147705134321	0.33447056359889	-0.323348332349869	0.216887274151434	0.0559455639970609	-0.0780998317072741	-0.00274871438975264	-0.0479406532566019	0.0145878240787351	0.044446155099691	-0.0480541424679368	-1.34892097491957e-14	"BrafG469A"	"APMS101_data1"	"APMS101_data1"	FALSE	"BrafG469A"	"BRAF"	"1"	"RAF"	"CA"	"RAF"
8.03680841520427	-6.16505839337967	-0.448334005516608	8.46215588698205	-2.80677370158949	-3.36119388205373	2.0335340137883	6.25856916548977	5.86349950099648	4.00970308855227	-3.87722337360785	2.95637701704099	2.50191343096605	0.565815825069062	0.855692750240664	-4.01915856580894	-2.80042366543641	2.90654917099053	-1.09846985704532	-1.59701484065978	3.43264409698244	4.60717162843558	0.789327829938698	2.21269881495886	-2.17892919501146	2.52596627002661	4.64157025574199	1.16376297741316	1.27052920963855	0.522933365390309	-3.29577877942245	1.60019027182523	-0.0541140419893887	-0.582478015796816	-1.05688841991594	1.22186815157594	-1.41666240747447	1.14039314822596	-2.16879783042719	-1.31515464326235	-2.59435645461901	-0.446371412700888	0.499544819146328	0.460650262602847	-1.10176087980686	-0.34820569210559	-1.53976371349341	-0.626023756141832	0.794627625542739	0.064483149971064	1.44264415620376	-1.93925737805341	0.781096397731322	-1.05799353634084	1.80587311357844	1.28134920175369	0.293498693524784	-1.57202564771949	1.31287218774881	-0.660453158752988	1.52455775740858	-0.891049527676465	-0.258626552521894	0.978561687441949	-0.743030665410931	1.51802789493278	1.15918900919223	-0.443821546795136	1.29042586470344	1.62213408672875	1.09709474121965	-0.231130563669262	0.91523019107674	-0.826437599682045	0.194103438918322	0.205995216101567	0.218153128025889	-0.582545786277849	-1.50154086673503	-0.240658964584054	1.23632889665392	-0.746880873918495	-0.677224244773039	-0.757741013201333	-0.836272737841394	-0.515748834717434	-0.14369474149808	0.708555363247011	0.482247604998009	0.422121176961051	-0.053171487631915	-0.106198356195935	0.0875037456713783	-0.228706900407126	0.402437000868658	-0.521292177851919	-0.0260895952940863	0.0411106078531712	-0.0462647813643693	0.0469584323716538	0.0234012180397352	-0.030784177196942	0.019749299662641	0.000457054915690305	-1.52837811850937e-14	"ERK2AA"	"APMS103_data1"	"APMS103_data1"	FALSE	"ERK2AA"	"ERK2"	"1"	"ERK"	"CI"	"ERK"
9.75258452586783	0.502566683706486	-5.86502424091231	-4.16792649124115	5.22809194713254	-4.70099736092157	2.42188984653958	1.32826322520659	0.834471139892653	-0.903483201845111	-2.1294091622655	4.4862773273902	-0.860757088410029	-1.3431088021451	-2.5033176624757	-1.42301570691296	-1.74553137751395	-1.01515452121782	1.25783079619381	4.25625698072003	0.188822246042371	0.463304045745385	2.27019670405955	-0.00466254584205028	2.08920870782063	-0.478215071075857	0.461612735584589	0.872432509108396	3.24473597014274	-0.0492466913061021	-1.14021682595413	-2.15314036981988	-0.0758489856629938	2.80950570988118	2.29797866793263	1.56832098133233	0.0886184708498052	-0.749418290453401	-0.234948454076655	-0.465481217739537	1.20546589837641	0.693117504558746	-0.107515675153313	0.526111219266339	-0.330306247821077	-0.886759793683821	-2.69657537415754	-0.213669605537077	2.01974846902297	-0.719665715899806	1.94433923904024	-2.04374812609537	1.25752425100954	-1.65908371650601	0.0927467428536747	-0.710947215192065	-0.702717256968748	-0.233353226822992	-1.3206608534469	1.49372011068735	-0.0046630662811326	-0.222136789415987	0.0211819713058469	0.291252284475844	2.75632126942597	-0.271902654292711	-1.08872891297122	-1.12174615568315	0.28986042317094	-0.911563972789229	-0.175257804692882	-1.89881093466468	-1.00079024162464	-0.470002016152544	1.68043994452331	-0.346698088536648	1.24255941302048	-0.799837594304556	3.17913873363744	-1.17699104463717	-0.892470482627331	0.473474206041014	0.941955274098018	0.301651140099527	0.908984874815051	-0.844320029464282	-0.57569872180782	-0.609145705518369	0.722598813213029	0.623666749491242	-0.164993311642522	-0.111634495476934	0.562979168863243	-0.056911170328423	0.40644190288828	-0.584783859683607	-0.224980724976439	0.0255076710667006	0.0268593178254377	-0.0200094553567196	-0.0297724941066792	-0.0526902154674817	0.0515435483375704	-0.029454947195672	-1.09825343264092e-14	"NrasQ61K"	"APMS104_data1"	"APMS104_data1"	FALSE	"NrasQ61K"	"NRAS"	"1"	"RAS"	"CA"	"RAS"
-25.714658799754	-12.3936607793515	2.18543987372465	-2.49263621644083	5.09394569493572	0.542381940859646	-8.15411305477892	2.27384588975579	1.60919418901938	3.35391603589808	-0.568011460462229	0.458438582043088	-2.9974981321167	-4.69016475536205	-4.90367788857632	-2.51010012879755	1.70021131394994	-0.997530280422762	2.33057590668917	0.138291952383465	-0.50188918287312	-1.50405209278772	1.74480811811239	3.73862169273393	-0.0560099121163903	-3.03826223185445	-1.67313383516673	0.262782499745028	-0.931078705651531	0.0693438466316268	-1.57326588121472	0.957368677401954	0.848601678820117	1.2527786377676	-0.0752650520107491	-2.68763050103133	-1.35845309900875	-0.818243719802829	-0.62319780732145	-0.0823417466086286	1.21936121721619	-0.0891646653212352	0.622061741721784	-0.864767819572646	-0.00797973464703568	-0.277023368244968	2.80442671775851	-0.173433758415599	-0.718814411658088	0.811548359219889	-2.20310208279098	0.955146084912018	1.35156381599811	-1.26885148419378	-0.600783439424969	0.954943976794997	-0.149599217319448	-0.665541873003578	1.82126080487506	-0.962889607346532	2.42953503174673	-0.570356751407188	2.21499790492134	-0.207762354084425	-1.14652829831366	0.675863830151526	0.259074625802604	0.283283219827598	-0.88943947891761	-1.61144725879796	-0.711645207573435	-1.04171290168549	-0.291925232948042	-0.392741393466559	1.05532414800774	0.408415399330061	0.215338027318419	-1.70823946862586	-1.53786707574548	-1.8500238007576	-0.375987390831204	0.111637360127834	1.32737678832586	0.100234214775297	-0.633879401987995	-0.810783647005084	0.32284456228775	-1.43155975005354	0.509389102437563	-0.119435740764042	-0.698641619542091	-0.75609667367083	-0.113677553389426	-0.28336549600491	0.68827485247983	-0.466628136568923	-0.087061990550634	0.0801969212839717	-0.0900115263945731	0.107232882727345	-0.0493594560834022	0.032500626306528	0.0138822075877771	-0.000453114271054532	-1.48041301439861e-14	"ArafD447A"	"APMS106_data1"	"APMS106_data1"	FALSE	"ArafD447A"	"ARAF"	"1"	"RAF"	"CI"	"RAF"
-8.0560650651583	8.48196709486188	-3.04514882435999	5.20015441756783	8.34501729871515	10.7651380016446	1.37949317410322	4.09717320567666	-2.30281648155528	2.06006538074115	-1.39136347975906	2.23298346082696	-0.526931972281569	1.36950823355494	4.61960795008173	0.88111996809739	-1.9235195940528	-1.61240701895121	2.21124956271309	0.441368189238931	0.768586047951206	1.86853830693649	-1.54640438121555	0.326581573669236	0.997136506564131	-1.58334509138865	0.0757470845105815	-1.25223855650084	-3.00818201610218	0.0118784093799429	-2.33246701799408	-0.916935069951815	0.503604206411552	0.544954499854439	-3.83808308043912	0.223985653208086	1.45607562150823	2.15455041677192	-1.24354633973107	0.466554758102661	-0.699290502375176	-0.294089598957546	-0.792294094790434	0.547279026655281	1.19306639075821	2.25555529200308	0.205363784143692	0.54831233452041	-0.783199060737581	-2.66203017331562	-2.72151807928135	-0.913005546788447	-2.57704096046885	-3.27900459123161	-1.05146370146744	0.579634480634079	-3.09093871348243	-0.021616788302579	-2.04095677320941	0.366969965660008	0.115143789254197	0.653962159182404	0.492117132212121	-0.273246742938706	0.707917603865097	0.984711227477548	1.85399579120092	0.408760260577511	-0.953037184564278	0.252734427568079	0.175078367320086	1.07651552245674	-0.396691263436953	0.363705781380475	-0.217045372825613	-0.369295958995099	1.28267649608395	-0.984585476339412	0.872130219803861	1.06947870007479	-0.176636938509058	0.74749767583701	0.381637341856151	0.297044199242091	0.0881314388212794	0.111201929796035	0.143967227597604	1.27169561686335	0.108355920832655	-0.747507508769164	-0.632551955472782	-0.51165720819479	0.128623510171917	-0.0255565573114409	0.553734829442693	-0.425642766471968	-0.117364646075597	0.0532201601096248	-0.0308996324987457	0.0348387271910577	0.0245844660061051	-0.0539847256090264	-0.00495833256818276	0.006324692648108	-1.29323635134071e-14	"BrafD594N"	"APMS108_data1"	"APMS108_data1"	FALSE	"BrafD594N"	"BRAF"	"1"	"RAF"	"CI"	"RAF"
10.5709388216214	-7.239121114451	5.27489708880455	9.87406240028104	2.04308957407329	0.334836547916156	0.0886705298402588	-1.9542315315154	-4.8825092666465	-2.60761274107324	2.20783459877218	-4.13312352918217	-3.71679500894414	-0.0089907147700188	0.227336376279453	0.505194050753829	-1.98279059156141	2.21088912489519	1.39854279438954	-0.772060804428354	1.49988887151359	5.20077238933485	-2.01241994057061	1.6347471855545	0.899123373979856	-1.24966311430441	0.547900433862023	0.436767095626686	-1.89983074883323	-1.12534892899076	1.54088705590194	2.74433624427349	-0.823374215290571	0.352610228802768	3.09354947586357	0.691213901397794	-2.49225918851829	0.204601640004616	1.14245283600408	-0.873492626989738	2.38238030722034	0.530909643549397	0.732958160175954	0.586868004209718	1.37141440803499	0.98716486126289	-1.40356983963581	0.269112859247446	-1.88606169214098	-0.107022010674586	0.464023802766224	0.442782269165336	-0.986597484413349	-1.08099830787542	-0.250406369284361	-1.47062289819933	0.458003911965057	1.63200248252298	-2.24185938924171	-1.68594100019382	1.05877698659514	1.77268047246572	-0.761029817257944	0.357545437018067	-1.04782959799459	0.0890553300393169	-0.435900240433294	-0.630982024413428	-0.30528105117088	1.32169315112935	-1.11037505770906	-1.27238889445498	0.482200848439346	1.04870095995367	0.473716725251599	-1.11788868573519	-0.628748892789984	-0.634315358622167	-0.679288457243274	-0.209751221418678	1.53858461132005	1.08393855667801	-0.204639293355164	0.342740186137094	0.643664021250825	1.25646251199431	-1.16273503570108	-1.69882610854163	0.849724244901746	0.546394210453292	-0.773921051695344	1.44299671993251	-0.204607406804106	0.150611596580524	0.204624439364174	-0.759454724867209	0.0925981191723232	0.0210964408298166	0.0578401756901681	-0.0188822143599107	0.0325470652231454	-0.060657266748572	0.0216647191319785	0.019026136973948	-7.40726924242097e-15	"ERK1DD"	"APMS109_data1"	"APMS109_data1"	FALSE	"ERK1DD"	"ERK1"	"1"	"ERK"	"CA"	"ERK"
-18.6052539950117	-6.69651252918246	-6.01032498592552	0.335520136824515	2.59204336203252	3.78448988431742	8.31304301922008	-6.34969293194399	4.62136047999052	1.18740930368697	0.619677931627239	-2.99722237331389	-4.91088585694406	-1.981982462762	-4.70759666799426	-3.91083751988292	-0.538773791821545	-1.83552183219503	-2.71609656953306	-0.0405235925882366	1.87754028576049	1.98894414655902	-3.09978548602406	-0.214115723654472	-0.88435027316044	0.692376039987304	0.189058831684401	-2.33614202626083	0.420618620071591	0.618905749056367	2.75662805634534	0.308574217558175	-3.51719525449456	0.933884833767602	-1.47865100221153	0.712184746227116	2.49066570955578	-0.56734124496383	0.190484231523247	0.921467545242528	1.15392149877107	-0.322152586571882	-1.24352984470861	-0.713777165722589	-1.23417757977052	0.473380707378504	-0.978069690233677	1.39653246844983	-0.711109874571617	-0.538609382137651	0.51355606423657	2.26145486135729	0.156384454964818	1.11801978505381	0.470749671969272	2.23749521486392	-1.66538771317634	0.0415106579895095	0.901714107546992	1.58541920000495	1.78935707082095	0.0620523467790169	-1.70770765565874	0.365589674164675	0.789181553343946	0.0614937794668215	0.574200398324691	0.337106047292037	0.857633469260799	-0.272298565951017	1.03084108868373	-1.75960699483048	0.463953782947127	1.9175303329456	-0.0891516243641276	-0.585404526153468	1.42903814802529	1.90655314115819	-0.901423497058217	0.555828956181843	-0.0939610765488973	0.862548650323505	-0.258411013922278	0.763048698308958	0.258825329577083	-0.507884516280177	0.125494442258159	-0.911570644334803	0.0684673034661783	-0.0477115721259752	1.17669279785286	-1.34190222083363	-0.43128446492831	-0.0718535171146401	0.436504804949663	-0.373276687964796	0.000111200566736817	0.019833371291003	0.0160509086714564	0.0355828662904421	-0.0308543704601552	-0.0306953492231651	0.0174921381003836	0.045078645070997	-1.64035451888367e-14	"Raf1D486A"	"APMS110_data1"	"APMS110_data1"	FALSE	"Raf1D486A"	"RAF1"	"1"	"RAF"	"CI"	"RAF"
5.13771991314964	1.97483005235249	6.19808406677103	1.64733939844166	-0.969268299367491	-0.52710725212679	-1.43561819505758	-7.55305342908053	0.931771678717439	1.30859168153912	-4.03714312585767	5.44122712048133	-3.66867048271039	3.14600884752038	-0.651445685896726	-1.24134259124301	2.48108347061326	-1.71590274242284	0.886700263856425	0.0276244929815574	1.28596675764851	-0.552864165011039	0.944316233356483	-1.90436418475446	1.36796677962414	0.582003821600807	-1.13913364177277	2.81267815706934	3.30520555430839	-0.924666211119178	2.14620642919146	2.06396279853882	-2.88513630381443	1.68655218002543	-1.44490760777387	-1.63850677026569	-2.692988734209	0.668835834261833	-0.699129804165816	0.131943565238034	-2.34167354427922	0.782025186047268	-0.340577749962322	3.53254051791573	-1.73229879611081	0.526144652338202	1.31457842480118	3.20991978719485	0.23014537663757	-1.57359472494986	0.467184232904956	0.417360685550065	-0.59833162581595	0.865220136181964	-0.85320257802564	-0.324129286389714	0.901735647090348	0.910029345740116	-0.445575957480026	-0.398577685598201	0.0685923819496098	-0.715249238002705	-1.77340680530882	-1.48331474961665	-0.0333672094498481	-1.60309241503685	0.595912589846596	-0.761281189774114	0.640169542917026	-1.32699024181732	-1.07024357203402	1.86507765910425	-0.181067544741759	0.0790332181206863	1.18887515227677	0.459117516181748	-0.0695281110830408	-1.05509588200947	-0.13143605373509	-0.462463896285449	1.72064273471914	0.275552667603939	-1.14722902858325	-0.219968637470894	0.509789114708108	-0.131734133262107	1.83135478785648	0.37484122433665	0.139514972210672	-0.729329647682386	-0.828382482984101	-0.371487916412669	0.253030174765894	0.296156635697545	0.469765463984719	-0.363760464398396	-0.250096719450762	-0.0397076760615825	0.0446192292356077	-0.0299025874910839	0.0343828723853354	0.0424840826512411	0.0375640931386045	-0.00596857764358479	-1.43331527202584e-14	"MEK1WT"	"APMS111_data1"	"APMS111_data1"	FALSE	"MEK1WT"	"MEK1"	"1"	"MEK"	"WT"	"MEK"
12.0067245932329	-3.09306625083661	-2.7139105299158	-3.84975283881447	1.88270359157078	-3.02124428728643	-2.41897095897747	-3.33722531871191	-4.01898079274247	5.13835132154048	7.90653161718866	0.10447232841003	-0.537982676056068	1.21255012999486	0.254038318902922	0.533664624828248	-0.597732797943618	-2.5737590499256	1.13872068019135	-2.93287582349286	0.395164080154195	0.577432894806095	2.19300501879778	-2.8516774412772	-0.25419447187366	1.08028016178204	-3.21831878171553	0.531171706086941	0.782544429440386	-0.913913700743816	0.839030017230826	0.946963836249474	0.541695643400771	-1.22939946936131	-1.3002041471958	0.190172290004072	2.32765872844688	-0.283224980892767	-0.747835939341688	-1.75249767784614	-2.55216831940808	1.85040792220107	2.16329461983351	-1.20664107465201	-0.544510010070989	-1.75592426305056	-1.25816585369804	1.18684810569407	-0.936445572501647	1.11891027370442	0.235900246386898	0.424723244629757	0.569032059847003	-0.683668514026835	0.0963739924570835	-3.05707183884585	-2.23872193097577	-1.40540350222849	0.0342985015643459	0.482167526814306	-0.84952040974431	0.649181285283749	-0.204618460227358	-0.656802291534787	-0.00720881869732251	1.83158306399436	-0.409706217527119	-0.206427886766237	-2.90084701858458	0.791862251850247	0.0019433751537658	0.104547203083976	-0.650934122708608	0.698879089118855	1.04648673759485	-0.390451735740197	-1.05684675961528	-0.429645257485349	-1.18068408307344	0.125208735647865	0.691232115865396	-1.8539457492751	0.373839214048498	-0.389256815002809	1.3147126954646	-0.725002457577697	-0.0963987253034145	0.039615904954045	0.380029570448716	0.745933524318038	1.83832932285286	-0.831496174615441	-0.361471403601821	0.0437542694101188	0.476883205904583	-0.655681491143429	-0.0983913691182395	0.00173526836686758	0.123879767419614	0.023722504023749	-0.0476618722529832	0.00344094347309952	0.000150620533514927	0.059224465164934	-6.48981736406373e-15	"HrasWT"	"APMS112_data1"	"APMS112_data1"	FALSE	"HrasWT"	"HRAS"	"1"	"RAS"	"WT"	"RAS"
-0.151685867494559	11.8986849057644	9.11823576542474	-2.70000663162301	6.28727214187887	-1.56636503416287	1.92462549998433	-1.15052634117021	7.28131731587126	2.72009378914986	0.0415559583408504	-1.16473382684277	0.0728473354371679	0.458903938847607	0.331231086301161	3.08648917995031	1.07942482984519	-0.7928894170124	-0.274008977829501	1.38967640064931	-0.478702461854621	-0.777745735539253	-0.707214856594042	-0.802407075491616	1.05809763152237	0.997370945480393	3.67352432353663	0.693199836333159	1.36512641098045	4.34263720266752	-1.30072738878514	0.742300423370265	-0.740320280386074	0.155441958078043	0.779454602526619	-1.04240515674054	-2.12709713329212	-3.11036589988258	-0.321066673547764	-1.85745748661164	-3.96625117575869	-1.33147878944492	1.11690935418293	-3.71467599185473	0.773823046645145	0.00194964131758175	1.38516614064552	3.52448350426245	-2.20823912670518	2.38665989618743	-0.470825223831086	-0.983826248118617	0.253818370506438	0.65991851617778	-1.1486749193446	-0.393121153270287	-0.927995651530339	0.670447106804646	-1.41550825399409	-0.032332565177022	-1.03181105514854	0.364132280672083	-0.671162666046838	1.19073549755512	0.700239023736347	-0.00921378523498897	0.306975801615889	1.23754610719371	0.0470749774385948	-0.136084070355915	-1.18337630248565	-0.45918636156607	2.206131167491	0.117945210567541	-0.663845091588664	-0.448681602140624	0.662220391498279	0.0248764469095214	0.0531497391989998	0.0457432529216625	-1.83971049688591	0.430795319555951	0.233476908238519	0.301790011536375	-0.515679048037961	0.927889966466401	-0.307889455084219	-0.148345313953786	0.463129764049367	0.751763795565812	-0.322489376328305	-0.0722948561099841	0.785496238623702	-0.0734601664564925	0.0718411741469154	-0.259758302778278	-0.00274742738093261	0.0208066192075206	0.0225417904954883	-0.0177259707230837	0.00536679957625676	-0.0546693253869503	-0.0158012268797332	-0.0085057754205396	-1.38968697660502e-14	"MEK2AA"	"APMS113_data1"	"APMS113_data1"	FALSE	"MEK2AA"	"MEK2"	"1"	"MEK"	"CI"	"MEK"
10.591493716133	3.82704364557294	-1.28456687679347	-4.97725619556523	13.2877213167424	-10.4344492000294	4.29606269864272	3.33243005793071	-5.13488066583997	-8.66909162948527	-5.75785014007302	1.16940559465682	1.01773615334885	-3.15885986716706	1.34103883486452	1.92571309682082	4.35811061556941	1.85634188539133	-1.06210601931053	-2.25229245603748	2.69496615767968	-0.219669250639797	-3.26463446094013	-0.148727490408405	-1.55821090497328	1.00760757882842	-1.04832979218655	0.949526523120111	-1.21881982894473	-0.408271356968952	0.376927307534547	-0.287033890485359	0.477529811541223	-2.16952777081783	-2.58102693390463	-0.901811943357393	1.0448496978445	-1.60801539065234	-2.16504729747785	-0.865963364339471	0.543886402508997	0.875348794866498	-2.14383698294385	-1.36254238870803	-0.101214736345159	0.494762327068415	-0.623493465873785	-1.09346102297955	0.241635768798037	1.79965364920781	0.55832275178462	-0.699240309225482	1.58369681778157	0.657587322909676	-0.23253930120512	0.33332337094755	-1.06117496570926	1.21700730250195	0.209025560080984	-2.29097232376347	-0.202952976462498	-0.74774071641795	0.186879245993063	-1.23890231370364	1.72724930894246	-1.57828247998549	-0.637819034145103	-1.91417859072841	-1.13730714368795	0.606999218127249	-0.128894731043592	-0.656729875292053	-1.47607045591261	1.29577197686335	-0.742245292731415	0.106124392628522	0.552111133443414	0.409270185566121	-0.436698246936634	-0.353146258880667	0.0769233723074908	-0.454082395378922	-0.274944244518074	-1.80493661651929	-0.618833683436719	1.25828478794922	0.767049473607089	-0.381748296353792	0.220869312230419	-0.430488862182355	-1.13237518742679	-0.556203190018923	0.673224992241685	-0.328376403288614	0.630966497053778	-0.350990530051097	-0.0442580842035891	0.0739662308388211	-0.00711613533571502	0.092715915286586	-0.0423288499618144	0.0126647584976646	0.000637121480272555	0.0197095876016291	-1.40824851779797e-14	"NrasQ61R"	"APMS114_data1"	"APMS114_data1"	FALSE	"NrasQ61R"	"NRAS"	"1"	"RAS"	"CA2"	"RAS"
-8.09250471988412	13.4407204937017	-11.5053708117322	7.78752351635165	0.223049568928298	4.50039247507989	-1.87586892127945	5.6999661642562	-4.76964116255578	0.664526266754104	0.524489902182163	-0.589659752119553	-2.14851156941163	-4.74779204325406	-2.80773729437091	2.040089526896	8.46405982040585	-0.0919863238793228	2.74061531128462	1.04340548112169	0.0189597979640284	-0.531226280261814	1.1482029806538	-2.87690635784738	-2.00454307532832	3.87440158074561	3.51557885981285	1.12921961380475	-4.83772875053186	-0.18409770516038	-1.79606831481638	-0.953624485083723	-0.21899015143961	0.509271687445076	2.5345131901033	0.67005508041654	1.54111008076599	-0.46893313202373	1.92665016467003	0.0296952009184047	0.257833345440277	-0.149993958960055	2.54312683048452	-1.02145877788242	-1.57847122454284	1.1231061420474	-0.975323016623671	1.47275055150144	1.03824999994884	-1.12348534032483	0.344912100431964	-0.0126364012258503	0.428010025386828	0.163144649358848	-1.82113054907551	-0.39440513232682	2.28148584590361	1.08149114526836	0.0151477264196527	0.56118657755078	1.40678709338126	0.319209478148525	0.166485644389595	-0.26311716861981	-0.264625870306074	1.12476924000669	0.0832453178506713	0.765962243880362	0.136807004668346	-0.125733999534513	-1.00612386090162	0.675342602845578	-0.0337317135203643	-0.288403158414729	-0.892438154870764	0.114004949864135	0.615032191184816	1.21711030141552	0.892177520336198	-0.247069206392979	1.25594004256913	-0.905262514591046	-0.913061628059758	-0.785490586109678	-0.172957271176868	-1.06668013000025	0.250442611440548	-0.0362235154329996	0.0674592223838066	-0.510639612911041	0.229614067011513	-0.23626473269653	-0.664951521388281	-0.185189619774993	0.334422474298887	-0.595137901738528	-0.0462137721603786	-0.0746518226563352	0.0111548834501224	0.0299144597798175	0.0213098627849428	-0.0128110658096076	0.0325301318152314	-0.0410729471000648	-1.31708879913539e-14	"BrafV600E"	"APMS115_data1"	"APMS115_data1"	FALSE	"BrafV600E"	"BRAF"	"1"	"RAF"	"CA2"	"RAF"
13.906020087276	-0.329022037088679	-3.49081781057307	0.300208681042524	3.95667437327849	-3.16515679472784	-2.13565374260846	-1.80387387544623	-3.70706033517888	5.12619376308762	-6.16534783099943	-3.3501693024829	1.3767744879967	-3.10913138569103	2.21611121168177	0.147979171047379	-0.59152296851173	-0.210539228478903	-1.31714807765929	2.99799289561631	-4.15796729584679	-2.73831481102592	-1.15744887302783	1.21002211226386	0.575265855873583	1.266982768975	1.48596245737534	-2.58538259228508	-0.588690281345167	-1.39395954702613	1.3072917688532	0.844823225196927	-1.61620531711336	-0.990279204608615	1.81138369018811	2.58848045306666	0.629850019834679	-0.207397469434693	1.06718756381077	1.66091394684103	-0.529674374128962	0.158968815976785	0.42806614213332	-0.641527751181025	-1.00389839789055	-0.718380732077011	-0.00100746546882501	-0.33072730841518	-1.33532871861084	2.29638822400233	-1.13204883616133	-0.63290218027905	-0.139532508319901	0.720595253622233	2.57456804386034	-1.13809808614717	0.599456215496486	1.31726052495124	0.785755495706583	1.30745697712312	-1.64892556017183	1.29359004550088	-0.14890971382785	-0.995844651247036	0.859880821982216	-0.413236298073612	1.75502481200392	0.148574569424051	0.130988297863094	0.276663549041782	1.17725544559951	-0.96234902028207	-1.27034564775583	-1.03774062292656	-1.16557527095642	0.594053202342692	-0.648202809819216	-1.91527441704106	-0.726118777671837	-0.428489977508548	1.94312343578569	1.45251442763772	1.07197891773526	1.68998362532741	-0.773213044066383	-0.344546467197021	0.682139392512965	1.42603809912299	0.0290089796100647	-0.121797679078027	-0.695042546369294	-0.718711393623984	-0.182652474253019	0.280731822424497	0.583928586388588	-0.693139579269069	-0.213693400206562	0.0229116157932894	-0.00693698872450466	-0.00258631477205714	0.0712373840725281	0.00943819895709286	0.0743765016869162	0.0258081356815213	-1.21465337787896e-14	"NrasS17N"	"APMS116_data1"	"APMS116_data1"	FALSE	"NrasS17N"	"NRAS"	"1"	"RAS"	"CI"	"RAS"
4.80845410900355	-9.5143310891923	11.3706561345723	13.1477612840255	-0.141484361367966	-2.38369768189616	3.73597120613777	2.91287866814586	-4.65497460610195	-2.51969732159632	3.41337438420588	-1.9849265757934	-2.79075738128268	2.54583360121249	-2.12607292258231	2.18894380113603	-0.778426110746477	-1.8503381057331	0.619963078405101	3.46762794703454	-0.622070543195868	1.29825859639066	-0.92914190472768	0.500096035766273	-0.507076735949044	1.52874630996293	-3.18611255178551	-0.147732819645143	3.44729832675823	-2.83994617077467	0.551601545627613	-1.42394212718028	-0.788973334127462	0.203022662613876	-1.16894173015237	-0.634825211465065	0.108035543377901	1.09930780959022	-1.9832280955431	0.783098154475608	-0.543692590460202	-0.454323098225979	0.726576362835772	0.847589269874567	1.42498730222785	1.13642728039848	-0.681359481904359	1.29110507909236	1.53559515726297	2.07614374037745	-0.322909433608336	1.33884409609338	-0.262547133581885	0.295060992817318	1.47976210054955	-0.644687747665075	0.321383376481202	0.677565603099403	0.644070495456691	0.127464829892619	0.232825424911732	0.120644148150136	1.33058556615713	1.70913972088879	-0.880843018962814	0.688365158170386	-1.92679038096588	1.03064045853666	0.428505715643574	1.33872366303488	-1.51533305849602	1.13552323306076	0.193832509557369	-0.656818245995428	-0.533293679254219	0.673966667898608	-0.67648092038135	2.36698353269905	0.840853371619768	-0.138631874516462	-0.730979540034725	0.518510813212736	1.14591082432105	-0.0986532245282526	-2.14334029543819	-0.797731195178434	-1.04994779856715	1.04968815362813	0.576682637382021	-1.06306095051267	-0.918163410496157	-0.802283813145113	0.430670989084068	-0.361644652617416	0.838414486129366	-0.421129087159561	-0.291040931921617	-0.0410381277494489	-0.000145108934411529	0.0162785124968972	-0.0652381797942107	-0.00137115129105967	0.0277038593919409	0.000838191992112748	-9.39352762241441e-15	"ERK1WT"	"APMS118_data1"	"APMS118_data1"	FALSE	"ERK1WT"	"ERK1"	"1"	"ERK"	"WT"	"ERK"
6.6402086689718	2.63980271401482	10.59952366616	1.66829351910251	-2.62147685231075	1.9875398616974	-2.07865229092847	-10.1781188910184	-1.95424791744189	1.5862803491493	-2.90830469366864	6.56543657566311	-5.08743962602678	1.04002653659281	2.23806036971128	-3.61257973207843	1.7039446568514	1.40547217868383	0.362037974595389	0.47526256293477	-1.28701651061084	0.22451571279756	-0.00399186557399775	1.58438442870482	-0.306877163724531	1.5026464045175	-0.473718647755747	-0.898018819779331	-0.775995312686307	0.791895774313605	0.812850456804621	-0.594769873315272	0.802240900546998	-2.28561667236737	-0.0263906098280408	1.80209403289247	-1.13540616360018	-0.245529424881381	1.45973303514969	0.0467767579424154	2.97729779186502	1.04328488746865	1.00869686745439	1.13897262335017	2.04877466211466	1.01084576339277	0.263559302047179	1.52203426194153	-0.824092018065096	-0.351143655775534	0.265861161413764	-1.13347029882981	0.797859625247787	0.449477954086769	-0.301584265040027	1.42125064864743	-2.12545882444138	-1.84322673376955	1.60391017118707	0.141169779271776	-0.110171191099269	-1.19024225319693	-0.285868916875585	0.573372660267922	-0.495837243869956	0.489800227343875	0.339022834618342	-0.428016272134674	-0.423245386127035	0.354107504189275	-0.274829815091139	0.0466747304837022	0.130658524891612	-1.89418598341031	-3.44226539327609	-1.67642016295367	-1.78572405452835	-0.0380305657893673	1.46973577231138	-1.65755187648788	-0.586811234044477	-0.368944712689637	-0.373058905094982	-0.623849305577151	0.705292255198825	0.634545890506789	-0.0371254409365639	-0.415178899815714	-1.19073590388266	-0.207339637360508	1.05448259294873	-0.386936993049093	1.02904936331295	-0.244923425047535	0.221625295191565	-0.434663441195043	-0.291853475912036	0.00213881548232991	0.00954007120968916	0.0187844585682895	-0.0642489874557139	-0.0466297484945088	0.0104955318705307	-0.000608563268318498	-1.04855360505418e-14	"MEK1AA"	"APMS119_data1"	"APMS119_data1"	FALSE	"MEK1AA"	"MEK1"	"1"	"MEK"	"CI"	"MEK"
-1.37439587692262	11.6669260300451	10.0324432159682	-0.635573460366545	4.86302459061972	0.23076687046261	1.34544009612153	-0.785362052973407	5.22286091893867	0.592928413511703	-1.96380295681421	-0.780091021745116	2.08719821930646	3.32721045903256	-3.77274680710762	4.63445267704121	1.0247064136523	-0.586280857936103	1.27521836122723	0.280529462483148	-3.06065554660661	-1.311795851865	2.01805228834995	-0.725780721018124	-0.369237177420151	-1.34223484715431	0.319540677424902	-3.43463520177119	1.64262024469631	2.59839303754459	-1.43225610290111	5.19348366455606	1.92802313183164	-1.77449185306018	-1.27365618552949	0.889091674988481	-1.18210701796039	-0.636208703557338	-0.00159651553663826	0.354319728239898	1.72676212389094	-2.18207071119288	2.94746398525147	0.460812391354624	0.654380417393862	1.30521586582467	2.37172355544198	-2.12250501409604	2.46039297296096	-1.68040728035925	0.441041469177321	3.39094966143911	1.50529339302831	-0.805452744172167	1.48848887403947	0.886570228078805	-0.0563811252823439	0.0078990188828681	-0.902086065326986	0.746013176035284	-1.04924208411294	0.838188320218884	-0.721039299679912	0.29495118201103	1.1650797534637	-0.21542207313045	-0.0725637108758107	-1.07448573347948	0.24318073414967	2.12555944309622	-0.164377965214032	-0.206668341205507	-0.890495883524365	0.715366483116908	0.315524408321096	0.982697280797791	0.0525958406347984	0.11082625156894	0.276202143908236	0.518716291513883	0.765647456169501	-0.0038660940933923	-0.518279710591725	-1.12225186971949	0.4501192538649	-0.344310191650651	-0.187118429557698	-0.430954699446305	-0.195752937152473	-0.139035767477926	0.428052940024967	-0.0873882809471016	-0.267050978276775	-0.0232501775115595	0.269145753427202	-0.556950161477977	-0.0996028379626721	-0.0841964927954075	0.00755979082220157	0.0477504180287035	-0.0819294189366673	-0.076923081928748	0.0188231863548117	0.0155263701076635	-1.27294008667178e-14	"MEK2WT"	"APMS121_data1"	"APMS121_data1"	FALSE	"MEK2WT"	"MEK2"	"1"	"MEK"	"WT"	"MEK"
-16.5524684799863	-2.81840760270763	0.635405687217208	-0.0266956086150229	5.01861795197746	4.10259197902209	7.66947439285458	-4.68480005242587	-2.62073640389114	0.50376012476687	1.67146025575027	-0.488450476211648	0.677242872260155	2.47571533866602	-1.80949393248541	-0.580492442078032	-1.29603935497768	-0.43694959449301	0.387748739478515	-0.932694829549923	0.0974378871818745	0.475771590957659	-0.809300325074092	-1.15525641940494	4.23057546668404	-0.473116200256357	-0.967260929401748	0.498654614504135	0.0500601931737772	-2.03243507578241	-3.16438598865378	-1.76560012205489	3.08954438503322	-0.645770798013734	-0.172572793129482	0.200091899222392	0.614600431623895	-2.59035987369956	0.444256518020403	-0.041357465114433	1.45230928519509	-0.686818806650375	0.269061715169536	-0.181774380612024	-1.11133993178268	-2.22750392264629	-0.369464007015633	0.0224341837854955	-0.077632507174574	-1.83345458261492	0.353344685630166	0.286489470072533	0.141917307854202	2.39935111090558	0.705650214109834	1.92391026316373	0.495822005357885	0.349015924730313	-1.39304947458931	-0.975155883955599	0.701972274718819	1.35224230669817	-1.16507781553472	-1.60295795783315	-1.14255560355955	-0.545172626418628	0.735186130249552	-0.178354873104739	0.169188902051476	-0.720964496527177	-0.544257107977753	1.0797374160182	-0.212417872253195	-1.20468475367242	0.626935639455547	0.463090227284115	0.293557333409339	0.357650531734745	-0.551347354016291	-1.38193503581754	-0.171975307195568	-0.769199737499382	0.17836351064507	0.35586228268479	-1.36730351044881	1.61735655471112	-1.0245835765305	2.06754115360661	-1.02509072144346	2.80284861330007	-0.0317122357078224	-0.242810834258473	-0.453851913090811	-0.593685288602795	0.160516770077665	-0.757228231170453	-0.186393455024463	0.038901454769614	-0.0263963217477157	0.00809571583001133	-0.0280424161639357	-0.0345002272166026	0.0293443031869775	0.0183844399901884	-1.60566004936413e-14	"Raf1WT"	"APMS123_data1"	"APMS123_data1"	FALSE	"Raf1WT"	"RAF1"	"1"	"RAF"	"WT"	"RAF"
-26.0995052332581	-1.65163863565482	-4.19752821024304	-0.77261795141301	-10.0502153863973	-6.19007461046569	7.98052197393908	-1.90828944560029	-5.5931175592441	0.953649112789605	1.44573816410002	0.431796528603534	2.7083038156882	-0.252308348220369	2.24888921094681	0.0133319179618594	1.41033845804687	4.9772840222255	2.96557628124825	0.0473580729270539	-2.1441326080701	-1.65175718105246	0.962507359010195	0.948781651163732	-0.306173105059861	-0.479527428416955	-0.250133942513274	-3.27812561817511	1.99171718387527	-0.375171323885048	0.601951150869047	-0.86157771034971	-0.831101430758464	0.681875886701082	-0.990905704432861	0.603140498141959	0.693213897870471	-1.42385401810243	-0.237003246821881	-2.47220908611096	0.219782566268705	-0.433469132578739	-1.1635596688464	-1.33550327460351	-0.197931811521163	0.737772421695301	0.121274709483554	0.265927110199611	0.1593459494747	-0.600383415901302	-0.0858350598368066	1.60911110307536	-0.232206298591307	0.447781670720001	-0.183708962455055	-0.307753279794186	0.0965259504984678	-0.599500937887702	0.894159664891618	-0.81283828920514	0.533941188737348	-1.29967092916107	0.315561479438231	0.339961980437291	0.609542961120037	-0.595663169810016	0.530782681163243	0.756093773550041	-0.685207805626544	-0.631636027166291	0.276951975129878	1.12175070235645	0.334305238684533	-0.319495838169043	0.0542716100522013	-0.316462916242432	1.3248496531972	0.0534754439590863	-0.458336364478848	0.824672274198308	1.01702849246864	-0.140774044594451	0.720090029838203	0.515109045828461	0.284079123688227	-0.911574578859921	0.0833667059794408	0.412264254969582	0.434743579851247	0.0310347925785982	0.624628374095065	3.61396383961905	2.39734868108606	0.40561143636406	0.579816325730509	-0.876822311934031	-0.00593952555593572	-0.00696406148479717	-0.0179468843462674	-0.0240838120002519	0.0340915210108922	-0.0017398800131976	0.00860387501158929	-0.0486339366722588	-1.68060010352633e-14	"Raf1S259F"	"APMS124_data1"	"APMS124_data1"	FALSE	"Raf1S259F"	"RAF1"	"1"	"RAF"	"CA2"	"RAF"
-2.77360131380786	6.03289758737595	-4.46293909101776	4.81592824334361	8.30793199146909	10.3101292484711	0.795796454221669	1.17353210244514	1.39090376439656	-0.982074134180184	0.118065959195007	2.30191581931409	2.763163750758	4.62534996801485	3.23335894929607	-1.62338689016831	-0.617761726675717	1.1508077287805	-2.41804584494761	-0.364942847302451	-1.44114804119151	-2.81491898374604	1.21785337485633	-1.88100392803503	-2.04817260353148	-1.98964016866482	-4.1430959969614	1.41947787999562	-1.65518584320845	-1.71642344858277	-0.319648140202787	1.95644117191808	-1.8752013696183	0.927042057591091	2.04757932505882	0.303565179579141	-0.264213571498738	-0.156678281638741	-1.2099672246121	-1.37285221590164	0.600726610785112	-1.64925173108661	-0.340035353923845	-1.51706818785955	1.2581959633258	-0.935430634204421	-0.76755228643726	-0.879178911932591	-1.74512150873472	1.37210633158366	0.000569780183686712	-0.752764811639835	-0.128658355357562	-0.0949331787380861	-0.634091109475841	1.50874640980637	-0.356373076279165	0.525903620099847	0.179206896150875	0.538475663196619	-0.748389129327411	-0.115776738732205	-1.79900258112926	-1.99508681074459	-0.890959304496464	-0.864386379532525	-1.03122282087728	1.50649438646156	0.854234619574053	1.57054731491408	2.1734996917155	0.760549673620184	0.327088542994437	-1.89711873408452	1.7779210611693	-1.26777893369412	-0.216737371588262	0.198621738132748	0.89249312582098	-0.0538848141547778	-0.669316648747138	-0.368835072093529	-1.13517266865277	-0.160495922356248	-1.52920655338956	-1.33121158186621	0.568062238863915	-1.68733956402805	0.171810051668912	-0.807835698791537	0.11656364789964	0.54986410351586	-0.383754922332334	-0.495342454626594	0.540321046640868	-0.508389028595736	-0.0656725827868818	-0.00227328154081002	0.0342509089042645	0.121635483712274	-0.10998101713044	-0.0148338430542313	0.0842661762857244	-0.0281427332970937	-1.36800293315531e-14	"BrafWT"	"APMS125_data1"	"APMS125_data1"	FALSE	"BrafWT"	"BRAF"	"1"	"RAF"	"WT"	"RAF"
12.4899766991179	-5.56071379014947	-2.65367996951537	7.54118995374275	-1.52809902789993	1.49033699379966	-1.55950336171205	1.19158249022442	2.36207331229773	2.30872921494686	-4.02701922774317	1.61911095958694	4.52395968464603	-0.45738386550769	-3.61791014294693	1.01550969448376	-2.72771935780495	1.27351485040513	3.84574129675311	-2.49417097406466	0.634200909311193	-0.390229413383262	-0.3456093762486	-0.385516699858756	-2.4218265403335	-0.547264074580746	-2.32753912066711	-2.05754084211843	-0.120184796234642	0.352902343811968	4.45531227750144	-1.89663312172555	-0.770783938731183	-2.26573267696586	0.147693573510155	1.68642968875575	-0.0997961297426767	-0.198172288494232	2.18329784835469	1.91693182233392	-1.55562463141551	0.207071339209654	-0.582560564519044	0.421417616749088	-0.482788093175464	-1.14581271786114	-1.33029945862211	-0.661704425494072	-0.841530143474435	0.13968013882343	-0.707415801359011	0.387779328519798	-0.282920031645059	-1.08243344268424	-0.903869328086528	1.97605350326938	-0.103018582485078	1.20049410142412	-0.579213071390496	0.385279439058447	-0.329022287111193	0.389988310451446	-0.44694685753007	1.26582705531234	1.18074773307348	2.08422842782225	-1.52048167043769	-0.653973969982797	-0.384067158645492	-1.78047058897096	-1.80496706262732	-0.437393028934912	2.09900049147065	-1.15442194880904	0.392370119158373	2.03080733592714	-0.0947831338126254	-0.8963845533336	0.202926423160622	0.863572959699875	-0.641421123072204	-0.0355674709258355	0.0623674822556094	-1.74232016043012	-0.930437821011162	0.70948279579951	1.73425791905092	-0.174426910135208	-0.899150025272903	0.568016572419668	0.161018841079887	0.968680392462304	-0.732056522808436	-0.764911302157389	0.240201992783665	-0.363989682789426	-0.1247696023943	0.032550429177062	-0.0208215560395659	0.0806305185624302	-0.0271819142359744	0.0193064945348469	-0.0329275910116333	-0.022544465237706	-1.21560747579075e-14	"ERK2DD"	"APMS126_data1"	"APMS126_data1"	FALSE	"ERK2DD"	"ERK2"	"1"	"ERK"	"CA"	"ERK"
14.7077656742601	-4.20900276365385	-8.59173873580551	0.773159030840314	3.04409794287554	-5.38363943060106	-2.14199288394251	0.750155849881447	-2.21233827195361	8.45949566383081	0.237809947286941	-2.80617801972996	4.20187936697813	5.71412433581034	-1.16625864548958	0.460093832586793	3.09703260745298	-1.77744615931632	-1.91455416522157	-2.27679822161497	1.31177314593333	0.00335896674124804	-1.58656866158759	4.49750733165031	-1.677829301081	-2.18851646413585	1.46879551262747	-0.933162808352215	-2.46590872123719	-0.356157215102344	-0.163855648522382	-1.82291580618296	-0.443294723984114	1.53080299546238	0.180389736441135	0.912706464899225	-0.485961126369136	-0.796540511863505	-0.767433551385403	0.213926174926749	1.01281542102731	-1.26599581705636	-0.561812301067546	0.868446698288885	2.07572006683304	-2.23611685056548	0.722621330580278	1.48798585351188	2.59164272188659	1.06486097608036	0.538637352944667	0.593675612853445	-1.09253339064391	0.558609428594775	0.474130118367319	-0.185329852658874	0.426560710703255	-0.133297954109588	-0.118059140420057	0.727449345281919	-2.66700729872093	-2.16488231808068	-0.342976158891582	-0.944617692505022	-0.268385560274944	1.2573008108827	-0.850893566175275	-1.1017008310045	0.357190574900652	-1.4734480135355	-1.1430676346443	1.21216148182842	-0.155913185329325	0.597653461207323	-0.375958051757306	-0.532077183950667	1.44713105663776	-0.725385923778836	-1.16041661788348	-0.489033333150512	-0.901862211666887	0.449396437867486	-1.76943807070208	0.408523001646007	0.927272031177747	0.213018694930775	-2.06151437426297	0.103904886883437	0.137078524887698	-1.26660521436575	0.3051246793157	0.152309378571513	-0.596304085261997	-0.17250387105011	0.16013769905869	-0.466436521366576	-0.196697059410971	-0.0393372466240389	-0.0477229984507173	0.0793597237475693	-0.0140593850339378	0.0144281851017645	0.0278550687875442	-0.0277321472141416	-9.50908663334242e-15	"HrasS17N"	"APMS127_data1"	"APMS127_data1"	FALSE	"HrasS17N"	"HRAS"	"1"	"RAS"	"CI"	"RAS"
-31.0360222955829	-10.011108846312	6.3432093323208	-3.83991786929641	8.77676847090926	-2.08485364561007	-9.22824421622678	2.84010560556797	-2.92050271502914	-1.27222161322818	2.10745149068106	0.37579486005549	2.8811512076939	3.73649794469602	-0.250675156622315	-3.32835820165218	-0.543441549328934	1.94726573003226	-1.86638464439014	0.714836772063486	0.0444286825315356	-1.43090972845395	-0.637460741142848	-1.27614269675999	-0.352614187365692	2.70240306979994	0.253014688480611	-0.915504642107435	1.17312416127281	-0.161308432027255	0.704793570363136	0.369136007258325	1.91680963873855	0.812865564935878	2.63312521348761	-0.224498042179802	-0.399935132274383	1.48906032019108	-1.518633297662	2.6885134686824	1.01590137645263	-2.77700617431027	0.00356570333722805	0.443142039906461	-2.25812085378933	-2.44528649167337	1.29350849751676	0.509858268683765	-3.37980854167338	-2.6915381999853	0.648235815114704	-1.68887509061039	-2.12369307082371	0.0396337117005883	-1.6998396271815	-0.394952532777136	1.14299326297254	-0.729745573066636	1.28158792096086	-0.711058180218484	-1.24051776027478	-1.08640893728617	0.342538521186772	0.769628194794751	2.24840945820229	-0.159802517239665	0.293277890327554	-1.03813930834039	-0.873640210425815	1.13157020090292	-0.499585622672724	-1.00214653520994	0.864000546077293	1.14537816335678	-0.0695893755550546	0.167108614466327	-0.628724662253693	1.42548997209231	-0.083887524536661	0.955250442069256	0.0291391999440158	-0.417785692819061	0.56439262539662	-0.391633141336875	0.371595104838246	-0.199861346829438	-0.912841925584273	0.41332843169364	-0.471513068216716	-0.696070152374262	-0.538568324335364	-0.114485040494378	0.000954904232642046	-0.0334008363360784	0.240119552899141	-0.519603126608566	-0.214827668579784	0.00512692654079694	0.043355673296551	-0.000857248768017473	-0.04654397034687	0.0321694098561682	0.0724770675331808	-0.00940868265759894	-1.3759826611448e-14	"ArafWT"	"APMS130_data1"	"APMS130_data1"	FALSE	"ArafWT"	"ARAF"	"1"	"RAF"	"WT"	"RAF"
10.6326281539036	-1.03165091887863	1.22914184472312	-2.33963616486057	3.88265649689393	-0.111719768227983	-0.771193690867093	-3.78671162214914	-5.77865590437282	3.63605496807016	0.268754881378875	-0.859614099563481	0.134889037469345	-6.0637679088916	-0.584771272420443	0.259000605219582	-3.86179153491596	0.497841502487676	0.081618162065211	1.87805371718834	-0.722799620079852	1.13350832816366	1.08288348998759	-2.17948415883612	-3.59210700913248	-0.129415514649036	0.231657556907092	1.43177753023965	0.320898251741152	1.7545558216943	-1.68520027343543	-1.48080051547437	-0.279524717903079	-0.653664017318601	1.72622627647746	0.5448938548163	-3.15479110838519	2.17627951214208	0.592125299749636	1.05133309712179	1.24926363212665	0.954251265600783	-1.07029426288275	0.0914436845402786	0.977686410485154	0.139003961763339	0.894246878764127	-0.278751025176957	-0.932339197057894	-0.0188447042651532	-0.806027376153007	0.417249649111694	1.1240587268477	-1.3409963740837	1.30645282563974	-0.490079921259364	1.37185603518654	-0.598165480648063	0.391910693302452	-0.719128615948294	-0.891988381346417	-1.19273490272974	0.318613153244117	0.176511000601407	-0.892261051153358	-1.05218814678737	-0.453141238746106	2.42768208789611	0.59036384582205	-1.72878114642952	2.17504985227786	1.77067922989194	-0.872979950313374	2.86925544952199	0.212984146586678	0.433408463092306	-0.10805528306825	0.859375231787123	0.220822381271062	1.22983452097095	-1.37924454898009	0.43845948699175	-1.0681147142536	-1.2077353750805	0.724338975579323	0.711587998403672	0.665522054659838	0.817637217387189	0.476940656025918	1.74579667527714	0.36744154441505	-0.434755793225341	0.156605665244029	-0.325919053143505	0.489554235782552	-0.931764313176483	-0.0858949470817676	-0.0169652275735625	0.0197944079818538	0.0433225412986905	-0.110771118262378	-0.0293006145705453	0.00145061820596771	-0.0270975228689679	-1.2565469498238e-14	"NrasWT"	"APMS131_data1"	"APMS131_data1"	FALSE	"NrasWT"	"NRAS"	"1"	"RAS"	"WT"	"RAS"
3.63503330722572	12.8850456324673	-3.84568082655137	0.219513798207636	-12.2785735792975	-2.92250208659807	-8.27226749396212	-6.0525492558695	-3.061083180891	-7.43001083906858	0.77790881813336	1.98771379660212	4.47501486547399	0.910701267142963	-4.86853187926916	1.24663637905225	-4.06695254832186	-2.74527134425628	-0.596605996532316	0.665404574608269	0.862982907461371	-1.13057333282972	0.462307652451969	-0.616249808994081	1.4678399912043	-1.5349585561566	0.83468676448847	0.301565044573227	-2.50317511043335	-2.62652176666907	-0.102526770059108	0.710559833249871	0.154307425010402	-1.55706517043698	-2.31466836149712	0.330641614974394	-0.0253607315120141	0.359574993786827	1.70479405829274	-1.62201428922591	-0.627697884030398	-0.617204833792567	-0.532461428789346	0.778623577943417	1.14909958554561	1.27981720071052	0.545697432209375	0.616150062898205	0.356203386057479	0.13659699495947	-0.275491812270193	-1.60794197117561	-0.224549978007959	2.3353829722904	-0.0564380446653861	0.0595528909050706	1.36638331448511	-0.400496024304297	1.42861993685214	1.03456672885673	-0.592383755090813	-0.152244727451444	2.32986165946591	2.05854500365026	1.15231971236077	1.03168121342153	0.708448533120215	1.03274646675176	0.228982657413174	1.43413317899256	0.176191137481854	-1.21138638688152	0.0220111255032617	1.25623210309134	2.29486824755794	-1.48798615143577	1.16148718546659	0.311701007360494	-0.0389474679247696	-0.979617018384621	-0.0896671780838861	-0.640426737800522	-0.899963691803391	1.12129247116694	-0.330233629753384	1.41273562272127	1.06882079208074	-0.266470902566551	-1.0154438017347	-0.0677867771088801	-0.451015202592232	0.0571175094297228	0.038882144078523	-0.2157231819093	0.472252810179091	-0.59852354642631	-0.086685130530478	0.0567867166540139	-0.00848148635076908	0.0480868322315868	0.0842213172290068	-0.0952493763309619	0.0573241306455083	-0.0254066454528194	-1.68138072909052e-14	"MEK1DD"	"APMS133_data1"	"APMS133_data1"	FALSE	"MEK1DD"	"MEK1"	"1"	"MEK"	"CA"	"MEK"
-19.5642886429624	-6.10362024668436	-3.779817264424	-2.75274151582609	-9.49570286370024	-2.97518177015867	-11.1361228685143	-1.96663098674294	4.01695212516792	-7.04667819281151	-3.16716112404995	-2.24321098433846	0.82216625401311	-0.155602398018509	5.73057790000029	3.95806683336607	-0.229996428302031	-2.64427341072768	-1.22066605811124	-0.976587612124623	-1.73020017469902	1.29410245352596	0.791728147029592	-2.20462753561666	-0.571941588261719	0.329456555867708	-2.76414064088753	0.0605025889266195	-1.19066966972625	1.05824562496012	-2.22453095026046	-1.54759354776342	-0.353429665983297	0.178574984775331	-0.229781055390665	0.779028740744122	-0.73043813141835	0.371676070153502	-0.400582955380442	-1.77091778610423	-0.130032376861538	-0.217469860010217	-1.18407621450647	1.65720739312978	-1.28217719228063	-0.598500173419037	-1.07236585082	-0.732504354327504	1.58437657416088	-1.11931061626535	-0.728398452964578	-1.10251724862759	-0.532903802060528	0.390888032420154	1.09602316781662	0.370593441719113	0.563300602355542	-1.07615412570995	-2.91407678508995	-0.464198642678061	-0.758949688649321	-0.295392695280214	-0.441979767635916	-0.392830515861699	-1.28624667441688	-0.830619617580613	-0.240894585593863	0.593657101882256	-0.103107224529005	-0.0323694055271274	-2.07908566862734	-2.33981116200059	0.103142470754186	-0.751245781913766	-2.10230702587567	0.997672303133261	-0.0772464793018393	0.812870432766225	-1.764157598188	0.555642413656109	-0.77376961314746	0.91162916618815	-0.361209244408925	0.837328007336556	0.00559059212180384	-1.2521489896467	0.79095202258152	-1.09207021328039	0.65427930326182	0.369452019400374	0.821800855498127	-0.65142618846154	0.684060186054837	0.117975874253043	0.529827744914192	-0.697555239405322	0.198130570489834	-0.0766334433601699	0.224960847519435	-0.143763204466933	-0.0604960412936297	0.00822800359421205	0.00427609603544673	0.0103070573872956	-1.75992033446537e-14	"ArafS214P"	"APMS136_data1"	"APMS136_data1"	FALSE	"ArafS214P"	"ARAF"	"1"	"RAF"	"CA"	"RAF"
5.71087802021059	-10.2175210287872	7.85983238545235	12.0530587027623	-3.88863720119728	-2.79563613020927	3.13538525476604	8.14614960377202	3.7314337039306	1.07317866671096	1.77658604220221	4.90378988092729	0.763275412537932	-1.97253979211166	1.1810462704186	0.200694626888384	-0.89059997831405	-2.85727705101701	-2.25193365958147	-1.7464714464865	-2.81873336805599	-1.30974469446596	-0.895803787994575	-0.758257241787927	0.608029387083191	-0.278188006780093	2.46121705400972	1.83179159859345	1.23856766818327	-1.63612279851462	0.597236979272816	-0.612318923201702	-1.08724865766975	-0.874898833847161	2.11032880235937	-0.932801360633494	0.424423994588864	1.36775105339892	-0.942696628313863	1.02626473790749	1.96894993064826	0.58390714344222	1.03191652916771	-1.6074401280947	0.972316735445561	-0.384831151708865	0.703296651893916	-1.23177305282017	1.74074459532208	-1.40265456019655	-1.33088985445974	0.605491297254424	-0.283321264267868	3.82413574552905	-1.69020952755711	-1.45377339252598	-0.0811967250010863	-1.15315020952078	-2.20430448168744	0.871437691062762	1.66243239787535	0.547942311954899	0.387384465845989	1.71177230717091	0.0077447287355336	-1.36714726514738	-0.376338012538511	-1.4533635219204	-2.02473563098401	-0.901722960073357	1.95443108439685	-0.102337510203798	0.987486076031008	-0.0638848395542724	-0.318087912206188	-1.06928812349433	0.406686780849917	-1.8360380204838	-0.417235205745404	1.01996475271489	-0.239012529156674	0.161862570085097	-0.863335268462884	-0.652834529430853	-1.03525419125206	0.508780954776036	0.440555822265236	0.250510700485075	0.197329427134439	-0.746296453825363	0.811175234175519	-0.564467807044356	0.418921574661386	0.108858846791343	0.176162771800505	-0.397688987091137	-0.0450840805866412	-0.0124089510770491	-0.0281611212613465	0.0691734675998301	-0.0222113563432836	0.0230627441978827	0.000940975181367235	-0.00668509429946582	-1.51981292134673e-14	"ERK2WT"	"APMS138_data1"	"APMS138_data1"	FALSE	"ERK2WT"	"ERK2"	"1"	"ERK"	"WT"	"ERK"
11.5769334516176	-1.99734372165603	-9.69125648183088	-5.74575922908275	-0.980260406006616	-1.42210181771288	-3.04564615141756	-2.68058677726614	7.00749216411237	-6.39427294748205	6.40075534322418	0.394808818180864	2.01384399966136	-2.76133271902394	3.29188851270057	-0.148051446366434	-1.90444014307197	3.52859311350445	0.0804650273235171	-1.32370913785923	-0.248917263526778	-2.44252724507546	-3.73311135612269	0.548110627805768	-1.92021698613916	-1.08757734540052	2.21985137442771	1.70303531897083	-0.240909158524831	-0.38519156595624	-0.269172894213281	1.05869996622924	-1.29638146593997	1.49994070572411	-1.03869208791664	-1.39216051017638	1.0953638560007	-0.171657210706256	-0.682723920736766	0.570977300890211	0.131297146787014	-0.207537922443598	1.18641901105832	0.438464332827812	0.0400189016743319	0.116823564321925	0.12424827070362	-1.10436484710942	1.11057717475966	0.545235230800117	-1.3241605835023	-0.430813302407232	0.208901033550937	1.90033954587236	0.232950520689666	1.7014276042743	0.606145705785053	1.0176101781392	0.661995302491297	-1.26520941627525	0.380440133189197	1.81188163979289	-0.583675251321216	0.58052332579403	-0.19954762966836	0.93650630126269	1.1086096876651	-1.35774168346956	0.622356539050514	-0.110434370558511	-0.358940078214255	2.24959081267744	0.74517066119108	-0.0242059097166699	-0.0496745973991731	1.05558337504203	-1.91073809932774	0.109957384406884	1.85677073952887	0.0176333369186754	-1.18517438145649	-0.468001297404798	1.66411939654784	1.02899590497101	2.85854865312317	-0.0645421389545943	-0.0187325742491105	-0.016307989762601	1.16956295216317	-0.220656995713034	0.223099666231167	-0.137077257517374	-0.566602781722255	-0.0313675129051111	0.733682133758923	-0.806218740062941	-0.211196743412463	-0.167173872131977	0.0250407992249384	0.0218377275541795	0.0808762637906479	-0.0622921385195513	0.015513579321578	-0.0148046566201619	-1.39298295120938e-14	"HrasQ61R"	"APMS139_data1"	"APMS139_data1"	FALSE	"HrasQ61R"	"HRAS"	"1"	"RAS"	"CA2"	"RAS"
-8.70434297362896	23.8152706807449	11.5158027279715	-1.41473819308561	-5.35141214952514	-10.378714473664	-0.141079301792745	3.54859805610311	3.36411807940846	2.13138959711897	2.02520154274814	-5.04382378857733	0.96205584581186	-1.09029544043896	3.46275602469294	-3.06849286433848	1.61805171842116	-2.14495185179398	0.363008961615833	0.052682117503199	0.0400081532057191	-0.306722068693213	0.830597593229411	-2.21700863946151	-2.00812336542192	-3.19006962277593	2.39361837138998	1.65819798767967	-1.40325944131403	-0.552754017900113	1.93408220242035	-0.585271054641843	5.47452285852072	1.7030300830849	0.467674353905082	-3.61751044582384	1.94240917211402	0.321900979613248	2.00309249099377	2.92180259875408	-1.42472114843396	0.518064098321039	0.0218283549766212	1.45687797898375	1.33616293318683	1.38176802842023	-2.16063646627991	-0.968751176143172	-1.89164734693474	0.849227684835753	1.71266718328376	1.60486041374984	-1.06410999593527	0.133380285797082	2.3704422988402	0.234587137683207	-0.859571315051679	-1.22887660217378	0.281422725548765	0.0267402329686857	0.697560981393963	-1.12212809162827	-0.682398537133519	-1.1620295157121	0.285776588364908	0.0942472763312167	-0.236212217414673	-0.912341275809092	0.156680055791976	-0.475910502713038	-0.15900287224233	-0.148351912520262	0.928257632944107	-0.3943460909648	0.636485618337337	-0.336561455570866	-0.39620803939739	0.185820702378296	0.216529770733811	0.0247992893074219	0.19153799206294	1.19053800897991	-0.459500873301783	0.35444767405271	-0.526360804483802	-0.10546618261554	0.287102180638454	-0.132768401879572	0.123661563070252	0.328091879086932	-0.27981048716098	-0.107289313716387	0.839657524722546	-0.141267385370293	0.254887699382701	-0.441690629235608	-0.224235344132947	-0.0806081124703952	0.0492787887024228	-0.00255904783399795	-0.068970943132966	-0.015323090282022	0.0763225025306127	0.00643813731966659	-1.56680224350225e-14	"MEK2DD"	"APMS140_data1"	"APMS140_data1"	FALSE	"MEK2DD"	"MEK2"	"1"	"MEK"	"CA"	"MEK"
9.75299908407568	2.35795687760557	-7.55449777920247	-6.26272901545185	1.70357428970739	-5.48075339689978	0.936857744061903	0.472235446016722	6.47671994132875	-2.45011111312897	6.72116297408566	3.1279465921516	-2.70142717025252	-0.187343700705462	0.731058108720632	2.36349068551382	3.12016075575881	0.619628622661588	0.893891569291288	1.37044112224743	-1.03377445033689	1.14806514631151	1.66676753852326	0.0936788864396895	2.25163308846911	0.393383620590098	-3.48547295670238	-3.58750287419689	1.03843139825386	-0.675056067513288	-1.91253285561989	0.935991351725525	0.456100051763718	-2.31795141746157	1.33147341100939	1.82243540070385	0.62549739675304	-0.375864398458594	2.94113378219476	3.02124542769342	-2.56979230232046	1.90260354734385	-2.95899548656412	-0.240941102893113	-1.09223553132051	-0.0758028386156709	1.63104235535104	-2.09182903292394	-0.200538358720438	0.689830455340857	0.200236229860439	-0.57131401195456	-0.997032397864075	-0.578996475677738	-2.47031373166085	-1.20251832532435	-0.622669729164588	0.865830227417563	-0.632242702428524	-0.671115383775056	0.953667538856773	-1.75287517499549	0.158773795446941	1.10110700777293	-1.50505281848066	0.520949533678322	0.748191173947781	-2.13105497940884	2.59331219190234	0.504531292675494	0.961643897108096	0.973203125137145	0.548605308054601	1.10699000238476	-0.0818224498275174	-0.787109542055717	-0.171646586261113	0.0951778826508037	-0.480700692313993	-1.05045392414159	-0.472627367923112	0.562171685500106	-0.958398452312486	0.520046786621602	-0.644862518875476	-0.56183836068544	-0.614705418962122	0.0792103079978954	0.237365025808208	-0.0920306676462652	0.0428099913040747	-0.144101700423445	-0.0352374753308799	-0.20642597211909	0.195997198309736	-0.335706992029848	-0.215095848588813	-0.064965482512568	-0.0237627042698885	-0.00184070040441795	-0.0149732239237496	-0.0469652482205277	0.0219379243775236	-0.0213244685527727	-1.29844052176864e-14	"HrasG13R"	"APMS141_data1"	"APMS141_data1"	FALSE	"HrasG13R"	"HRAS"	"1"	"RAS"	"CA"	"RAS"
9.68551901364926	-6.04686318767229	0.212910682951606	7.76988347843018	-1.77097453273773	-1.17824356184147	1.64072955987554	-1.42347522390315	4.76276359113599	-1.62565205198579	-0.917653727003269	-7.66479533950979	-6.6118320055291	1.5745585228093	1.65047965691176	-0.285779788409782	1.62764478017224	1.82921839663893	-1.31358820495116	-0.76929827190733	3.51563497218571	-5.95317341397497	1.24159997971716	-1.72514512734582	1.96895977808688	0.25473866397475	1.6591064780778	0.763817900469954	0.694064547797391	1.52997006375582	0.525688638702704	-2.2705584363106	-1.03340784782383	-0.957141655117814	-0.646457842026804	-0.40052307086313	-0.915584538100553	1.16938354020981	-0.354041364541068	-0.356844776351976	1.66921487062328	2.48293641051069	-0.660522067525346	0.112397498614125	-2.04290840921419	3.06780504518283	1.22311557995268	-2.21847085066741	-2.00425088525978	0.85357093218361	0.206759748111936	-0.0464844643472861	-0.648615434466886	-1.02667930190595	0.685082897856813	-0.404062280158737	0.83708960213408	0.906451358765563	-0.715292276608733	0.374454390796457	-0.193785107540343	-0.994874670714728	0.58808895093635	-0.2572815010857	-0.503060317937659	-0.18492310530746	-0.919510264652808	0.877763437300527	-0.189171191448524	1.3707515285324	-0.24337394993813	-0.775237048731416	0.442850535094187	-1.64841888465694	1.41131165855376	0.494347981296203	1.67307666343208	-0.900285206838343	-0.48248998192171	-0.123465420218383	-0.85202874235646	-0.910822333547882	0.198493242552722	-0.278001097836564	1.44086601456496	0.28887228852231	-1.47455624409057	1.24608270320901	-1.5499947678594	-0.865023760781916	1.00125957531503	-0.239593787763541	-0.24327177483025	-0.355055874648796	0.227462928484409	-0.4787885465792	0.0217615628665292	-0.000441172568933464	0.0244987048640514	0.0524861615216151	0.0304245972874147	-0.0310792823524122	0.00488454213999019	-0.0105849192183635	-1.17891807427384e-14	"ERK1AA"	"APMS142_data1"	"APMS142_data1"	FALSE	"ERK1AA"	"ERK1"	"1"	"ERK"	"CI"	"ERK"
-22.3576299017293	-3.7849660681705	-4.84931720474677	-1.2425956942074	-6.37005612222059	-1.06808010508522	10.0912170839982	-3.49992968078458	-0.786729515766715	0.828252309010227	0.18345495341866	0.222724424537992	1.81003117765719	-0.955926858129508	2.74446136655052	2.44093369019055	0.389004745120988	-0.402092766791573	-0.17988183396791	-0.171594608422043	3.73558047096735	0.373137714444337	2.64104864984632	3.14906369794057	2.79002507314155	-0.469998487646732	0.561121373861372	4.16795300151765	1.89617848443539	2.51345354376429	2.32719353153639	1.00321961447748	0.451999478045148	-1.10495697672729	0.646942616504583	-1.28779206847079	0.28865388206247	0.194807170798495	0.0985825159176956	2.07632857647363	-1.47718288865308	-2.15745328018564	-0.581580419656539	-0.815232234185876	0.34309838536071	-0.956631189522554	-1.0172817324616	-1.67515920553281	1.81302931145465	-0.370171955219342	0.0170489023320497	0.362369513990398	0.892621209933519	-0.10735194632384	-0.972748708935345	-1.08529816100648	-1.1106452685241	0.417430534353949	0.324889534851665	0.101532309350258	-1.11152242890298	-0.927084727777781	0.810828383608962	0.336979744157966	-1.56100956561656	-0.458709799496556	0.993683655033108	1.74428147350626	-0.939505723592051	-0.194836862993022	0.0247920294729721	-0.821317012125174	-0.644671230588746	-0.43690258534711	-1.49394348392866	-0.96102019364029	-0.517123454210628	0.483447125240233	0.827486159948107	0.843513788914838	0.538873354139011	0.319556589755491	-0.0116816696060114	0.191575462325637	0.799951005163952	-0.317972922910199	0.226818100177626	-0.53222172337606	-1.84872894583966	0.00555570455155914	-1.62502555949864	0.40344484942448	-2.40366659989194	-0.411926350222989	0.968385777129933	-0.414140297342206	-0.0799186081226319	0.0494908985269804	0.0353173861374983	0.135964764721549	-0.0195907226383279	-0.0706703903008191	0.0198213774690058	0.0197443608628258	-1.47035161823794e-14	"Raf1S257L"	"APMS143_data1"	"APMS143_data1"	FALSE	"Raf1S257L"	"RAF1"	"1"	"RAF"	"CA"	"RAF"
-0.434452185149493	9.75944099494884	9.80175266402894	-0.384708012022847	6.22404592015299	1.67663070861794	1.22659498353457	-2.52354552835371	4.21916702166854	0.141295880264888	0.428222204223938	-2.32361661139057	3.48792467683175	0.460904364900573	-3.64420977259365	5.76370850059932	0.659586031540948	0.384403695867047	0.958022410945127	-3.40155406685756	-3.73196232220229	-1.95865625159689	-0.906333862404776	1.081924539141	0.121240841831408	-0.376860487491053	0.716701086953269	-2.50083685972709	1.54128157667055	1.41273062753982	-1.16870805256585	2.34349874891723	-0.842023656373708	-0.00986519888694003	1.84605049430888	2.33559009942593	3.69765809758045	1.20864813026027	-3.51216661727836	2.91444869011552	1.07769856795225	1.04833075408769	-1.05720087511615	2.74140832617209	-0.808866904088035	2.01383222453389	-2.64307950799944	1.78006368712061	-0.0422100685696524	1.46131000747202	1.29080886976329	-2.93180634747307	0.639026647383176	-0.100815906327676	-0.586332859850611	0.69152181143376	0.712409040540496	-2.27730502750907	-0.235732657662518	-0.414284345089002	1.0393853187246	0.287123639536498	0.952240195317538	-0.668469785996694	-1.72706874646914	-0.523365689280293	-0.381649093793682	1.43298263671176	-0.945428639488002	-1.47936415071934	-0.38015490194057	0.341472059096648	0.163280323236685	0.29144299347835	0.698532049641308	-1.02701371324184	-0.0777548574614608	-0.00442842397636473	-0.673374545713556	0.0497944815626564	0.122916568223405	-0.467955381152554	0.384486717797143	0.115813419554439	0.418360634072912	0.575422690771884	0.0641292416453274	-0.131185689524164	-0.364731419920752	-0.0193774877155458	-0.498024164747426	0.384024287568183	-0.221613783996196	0.106689980681991	0.285464862021347	0.493449353323147	0.0556354396385014	0.0623610144935614	0.00478154364437037	0.00373570965786149	0.0130898277988449	0.041862357106581	-0.0352844565930551	-0.0203215883928172	-1.33747179997812e-14	"MEK2WT"	"APMS201_data1"	"APMS201_data1"	FALSE	"MEK2WT"	"MEK2"	"2"	"MEK"	"WT"	"MEK"
-28.0076052932023	-0.508853843911363	-4.61750303258387	-0.340069190000028	-8.00011889429167	-7.62418372236585	9.3278756004847	-1.29321526523868	-4.55202015000077	3.10383728161793	-0.153190788966874	0.249959456799295	1.77163945615692	0.796899059992498	1.88547800931987	0.462660879573579	-1.39221901463188	4.27976998868568	1.85452244423259	-0.981903879856598	-4.68826333545885	-0.581011829002565	1.81462622889582	0.742132654942917	-2.29602450863583	-0.829655884888986	2.33886365737458	-2.75422003811297	1.15894729284514	-1.89578686536755	0.706471716573293	-1.10891765228498	-0.594550069810101	1.25097850032517	-0.0232042197408355	-0.892498263027865	-0.501752797532432	-0.024663109124764	-0.530798309305812	-2.68787617091094	0.173291810772577	1.93261772239364	-0.16048546912614	0.114215769535308	-0.0360233594967495	0.783619221461784	1.35229539477117	0.176961112935814	-0.444308501102939	-0.102561229738635	0.889267044429751	-0.669548076203549	-0.218909646129207	-1.21508975751867	-1.14067892340651	0.363428153546003	0.953134722897667	1.15447752370448	-0.52600985197486	-0.0483841147864196	-0.408333241050075	-0.558064710916924	0.70392306761306	0.0681093472196877	0.5515268772845	0.385201971948354	-0.374988485870823	-1.18316867866164	-0.0111055417101636	0.708108980713397	-0.605044267055818	0.891768393327273	-0.145010135883895	-1.1432324058528	0.378381211234815	-0.670617674890003	-0.564819077707418	0.156395937895461	0.129153194984235	1.72948516263814	0.191751598177624	0.0767020764175649	-0.887786518277922	0.917804390460629	-0.301214962272096	0.972207998079867	-0.172642463475687	-1.60926673525748	-0.121372269680908	1.3856817909905	-0.341681288588622	-3.36799089105582	-0.905063601290406	-0.127052514719912	0.219683147352556	0.705489352215869	0.0452725372290438	0.0724598158496896	0.0235061030989195	0.0319219724258745	0.00517560056781529	0.0485402423360916	-0.0680084636647041	0.0640670899782691	-1.59386392972749e-14	"Raf1S259F"	"APMS203_data1"	"APMS203_data1"	FALSE	"Raf1S259F"	"RAF1"	"2"	"RAF"	"CA2"	"RAF"
-2.85314795385927	6.77837507360275	-5.41541356137729	4.58009627329148	6.91194083004936	9.9750359977325	0.763550449073384	1.59853634254827	2.97078557672589	-1.03496432302652	-0.6612461350441	1.8003361248963	1.18014541275162	4.48222093585962	3.66234043518156	-0.699057281230561	0.305654313416057	0.631581332393773	-2.18371741118975	1.77524456000811	-0.582584387851632	-2.01876079187839	0.969271921774604	-1.15531590221291	-3.04615406255815	-2.23608520818054	-1.92711290584319	1.91084224994913	3.40852829742452	0.708957352324463	2.73514119203446	1.17804481641275	0.901568893593136	-1.60380268884876	2.1218685541576	1.53431494324408	0.545777937900056	0.953240332486201	0.485013580276193	-1.95535002533821	-1.26738927809084	-0.183585579658735	-0.196756782136647	-1.39322748290159	1.84876349347789	-0.286867976616928	-1.02138312005797	0.00497882937403434	-0.434231300690099	-1.53696460185886	-1.59050241835673	-0.866844163584887	0.507249473236669	1.61387978826841	0.36103641325852	-0.692647811017287	0.889946529071648	0.0826822573856404	1.51891222203268	-0.404727427625072	2.03422001929535	-0.0196877706465584	2.06573584965657	-1.19984029523807	-1.38337874558236	2.03637256935788	-0.0946757229027589	-0.888252480505185	0.3238607742044	0.000928321962195089	-1.21512286181955	-0.227160618913666	-0.876303459517956	0.836447900430381	-0.726570621082919	1.53610780672976	2.56587272719495	0.396058739049731	0.181695313557001	-0.498705115799799	1.23048615193266	1.90233123255143	0.016905146055738	-0.135530603215471	1.22298266415638	1.10160522172882	-0.73841651439268	0.118020251062691	-0.19008461751087	0.65618834088657	0.42066380982769	-0.577461097427014	0.770812406735291	0.0897502699355122	0.0617219543492799	0.648316399256088	-0.0802414810001772	-0.0857517959354947	-0.0104389604065751	-0.0515295081444107	0.0436904142719551	-0.0362630909624655	-0.0327336319046552	0.0338386441760575	-1.31977762052315e-14	"BrafWT"	"APMS204_data1"	"APMS204_data1"	FALSE	"BrafWT"	"BRAF"	"2"	"RAF"	"WT"	"RAF"
14.2890596041548	-7.60961455602601	-5.53185667764188	6.0140126956503	-3.42887229346693	3.48403627352103	-3.35498930872342	0.17556466638892	3.59084632185597	1.17250581321382	-2.61932491989415	1.57670311198373	5.60520160577162	-0.947714353810971	-2.91701574993835	1.81411189402388	-0.691635253011067	3.0560247155827	6.6964793755088	-1.75311958019422	1.97665148155917	-0.11220085605001	-3.84346552624836	-4.16156941666092	2.81187713788647	-1.38129964682779	-1.0360960094427	-0.544829662030168	-0.687200740627286	0.796730799213963	0.281001027770104	-0.556755191654945	0.402437880073047	1.64483858636946	-0.920901054401438	-0.503933517742557	0.581640872928102	2.14160771977311	0.0882772551000275	0.107225721825949	-0.10138211864695	1.17186259299237	1.72066782544613	-1.25639535726233	2.00307075442099	-2.45565908382817	1.68546584306796	-0.0406111790308495	-1.37881304692463	0.327042929421271	2.2700168966228	1.37830308196466	1.77718032998559	0.295265330524353	-0.510961227076989	-0.476152893905816	0.729162780131791	-1.26717631785626	-0.695584599468529	-2.53824611841188	-0.723082051094032	-0.206426464645559	-0.574796036533129	0.0993676028055006	-0.582485971201342	0.177647458588692	0.387658448754533	0.44785137421884	1.57828744729669	-0.461605012831118	0.790947519842112	-1.65311279333052	-0.869678253315465	-1.09858553805724	-0.255040862189197	-1.64308210992663	0.572921553613143	1.06068587583419	0.376393198537122	0.180863621992454	0.671896672829152	1.13573908475678	0.274735988741556	0.139902454719712	0.422176135645153	-0.541046126534501	-0.25713021848497	1.02850455685788	-0.331537024232224	-1.01031166514149	-0.183820769267506	-0.93810351829836	0.708464770317545	0.390161884977077	0.612445804171134	0.63654749831046	0.136311155452895	0.0660641263734353	0.0273816193111239	-0.0730258546703086	0.0269505994151549	0.0474261524645638	-0.0149092807353852	0.0793634911782879	-1.3241144292131e-14	"ERK2DD"	"APMS206_data1"	"APMS206_data1"	FALSE	"ERK2DD"	"ERK2"	"2"	"ERK"	"CA"	"ERK"
15.1425936705267	-1.35151922796078	-4.71629415480821	0.0234747152301391	2.78501585322497	-3.84704162351018	-1.80065220859863	-1.96165514142989	-3.39221272243029	7.68414971997754	-5.61718502101636	-3.29773747295937	0.0649018197115142	-3.28232401424525	1.70156814711497	0.432296912410254	1.44589338876129	0.687548176629975	-1.34450128179933	4.78226952369113	-0.0913069586216557	-0.984764808352323	-2.02816355784845	-2.06409270437287	4.11440574837472	-0.847714081785889	0.948122684648438	-0.140539902733977	0.802729449973571	-2.14465543188741	1.37969985381779	2.67382375291569	-0.304356443289178	-1.35704180641997	-0.667014773456059	0.517921093008387	1.41638369809778	0.919764915595154	0.409773984820622	-0.527323720404595	-1.75287742905934	-1.13532521200228	2.44051937928022	0.439821603937318	-1.01772828674686	-0.740354590459357	-0.964864954578297	-1.14590628278546	-0.0309984618422794	-1.80140993041438	0.535352313580778	0.475901745035198	-2.39531017406383	-1.39457198288429	0.886376671385707	0.510146980027041	0.492269352545713	-0.756020846560313	0.213456495287768	-1.23784395288529	0.357390449407994	-1.15728951259799	-0.251714538749534	1.88433489405793	-1.07945029440155	-0.905680809837187	0.512987036616711	-0.100479055047254	-1.64510729748498	-0.488707978491371	0.499504033896341	1.10487692862625	-0.619410292023172	-0.939120597948023	-0.17536438870923	0.677719026138529	1.08988351319066	1.1717654540483	-0.16911634707922	-1.1424644142441	-2.22260152702345	-0.982912571570485	-0.234053621596905	0.197126958062212	-0.330165600225248	1.4521746709552	0.0495002211014364	-2.08309037739667	1.35807030283017	-0.344266697928562	0.468196115356531	0.390337585114404	-0.359200443639367	0.107343445121101	0.328246848929513	0.747949288766545	0.14881308366621	0.178818304410364	-0.0696289705304444	-0.0098109910267895	0.039061303388174	0.0415160403197597	-0.0105071566459135	0.0288623341528767	-1.15862180960491e-14	"NrasS17N"	"APMS208_data1"	"APMS208_data1"	FALSE	"NrasS17N"	"NRAS"	"2"	"RAS"	"CI"	"RAS"
7.46378322486738	2.87284678224698	8.15816533221567	-0.00459574469945378	-1.62586067869125	2.31050857580093	-2.63738978751036	-8.78164251916408	-0.545648583468002	3.17289871778886	-2.58729529646752	6.35344354209065	-3.82359159360148	1.04886998353725	3.13640892619631	-2.68729363565393	1.27499965231715	0.999211394746397	-0.350782531371485	0.343027692611163	-1.66281288714688	0.975798139757614	-1.12099722934573	0.957635189677598	0.268086819311604	1.40708619314986	1.56222538879707	1.07969962280028	-0.85575593515993	-0.121691581664019	0.180232774128793	0.211269757775777	1.45960432092065	-0.873535145385596	-1.5613647372633	1.11485687517122	0.628868150533193	-0.404241596144465	1.63180886183259	-0.795658498347335	0.337770898330118	-0.241701686884221	1.02608070817196	-0.575547222876871	2.56839245050946	0.477503616721636	1.35815652407606	0.235753247434356	0.358662712658551	2.11622758999367	1.29757750892383	-0.960569090127961	-1.28527725197223	0.238654305289734	-1.56738689095292	1.44605109302453	0.806095184710182	-0.476830577187753	-1.87174509911464	-0.0774217603327097	0.652653040141667	-1.20281892505151	1.42419980392672	-1.00401849548472	-0.400989172043492	-0.887076011994587	-2.58963838343076	-1.46792583255631	-0.763490872812859	-0.0934467394026913	1.22514017864931	-1.35826714229624	0.292558101941975	1.0753415083822	0.93473294925601	1.88948492882005	0.609217526931674	1.28205380154959	-0.398694793526163	1.23942013549782	0.225730765589084	-0.188002363782403	1.25775254946912	1.25218601127122	0.0958309807999904	-1.87925013442039	0.409962013109686	1.35753635754028	0.716286016207196	0.621879136987126	-0.262065006507442	0.863783325710544	-1.92464779045809	-0.296061760208817	0.37172442221607	0.411536342827776	0.064750124812228	0.016319762120831	-0.111532125121023	0.0602743415256688	0.08747302430669	0.0212432921958963	0.0358368830796822	0.0772681009108245	-1.30503247097735e-14	"MEK1AA"	"APMS209_data1"	"APMS209_data1"	FALSE	"MEK1AA"	"MEK1"	"2"	"MEK"	"CI"	"MEK"
-10.7162213667443	13.5044856686442	-11.0157112355959	9.35273784663979	-0.236293549281408	5.85641761229169	-2.02346742600432	6.70037737045452	-3.52056182622986	1.78273103777153	-1.25245530237306	0.404589964931165	-3.69134883644408	-1.78255651980061	-2.62202860583373	-0.786902625619739	4.71905696567333	0.165899675772369	1.42675428603208	-2.45157469934757	-2.07028051367034	2.67720680867039	2.33345293447814	-1.73798215509959	3.22730049501	1.61895379946316	0.14144591639341	0.195276041167329	-0.233733160246046	-2.68679405625893	-0.151377316370583	0.767786568372109	-2.29142291381235	3.34513074650341	-1.02583677749983	-0.216590123216439	-1.02692902213272	0.953369157797621	-1.60272938728461	1.13990194102113	-0.382759697977166	-0.234211439217733	-1.99238128180711	-0.860304325711624	1.07228297535981	0.298932737380391	1.60653133657427	-1.21703710737099	0.836672985121912	1.78629665417228	-0.0997810314445584	-1.06854052790264	-0.785406650782553	1.17436356179675	0.805791409260647	-0.130841606514561	-0.600523773717693	-1.80585990700626	1.40017155412539	1.28441038480899	-1.37381038010728	0.887154067695069	-1.00375106505542	0.462008627727191	-0.384257217031158	-0.277920297613733	0.346623416205799	-1.16442571379285	-0.601103665990892	1.02766874094558	0.138384684388063	-0.589351192999462	0.494836990529736	-0.20471878267633	0.435189234083996	1.51743015522095	-1.01243213576657	0.57982354121619	-0.51798305227494	-0.0424346211681557	-1.11003507676522	1.92989770057379	0.282535264870536	-1.18536778379819	1.50449610223714	0.856765306835984	-0.226531672069123	-0.256737715771624	-1.19294300129154	1.8482150679119	-0.0255467720441024	0.91684473105583	0.29983831823793	-0.0870267724296753	0.352504324021056	0.556994531159625	-0.0790477307520312	0.0331354569744425	-0.098511118244935	-0.0188461870664746	-0.0550617868867686	-0.0809679214852037	-0.0419404239777608	-0.0173308736511459	-1.58310864417643e-14	"BrafV600E"	"APMS210_data1"	"APMS210_data1"	FALSE	"BrafV600E"	"BRAF"	"2"	"RAF"	"CA2"	"RAF"
15.0869169331961	-3.70754687024992	-10.6273492818773	0.793975238946807	1.57233230169658	-7.99233629739266	-3.37830570343357	0.218554555955792	-0.557186100232559	7.19682318201642	0.0362165535129143	-3.90217351643778	3.62644172684672	7.61695858803183	-1.30273976168031	0.399407701952911	3.64679876160115	-3.95642509657031	-0.438120805413919	-0.620542664015993	-0.689075561689142	-0.503024387317701	0.00743309460865561	3.38242713401786	-0.664982397586059	-0.921132336140824	0.175368917578053	0.765218208404159	0.487665469907353	-0.0407274855240629	1.90198335191527	-1.54062434999958	0.750100260036937	0.763075108678207	-0.890969568101128	0.755149799818955	-1.25933076256733	-0.709311366508462	-0.550043116079729	-0.781321071417871	-0.562813949645396	1.70261574695115	0.202537556458332	-0.200534311177415	-0.505883118772142	2.17426914391907	-0.871541149288438	0.44905792033073	-0.34730554159035	-1.39575893966127	-1.40468589237177	0.425014664058907	-0.899336199519044	0.345287546168141	-0.685511930854124	0.123808012676652	1.55949554526436	-0.25368817327177	-0.643608495431805	-2.55847626120637	1.50579431404248	1.54543029558244	-0.961862883109622	0.102982329439674	0.353337290118375	-0.358007580707668	0.773441349394047	0.635953940248535	0.816548170928104	0.662791104198809	2.1084259813405	-1.4348050922592	-0.380337703759253	1.82585868903227	-0.745340872669572	0.589919100313349	-1.58096668126547	-0.450838765411796	1.54399353809135	-0.0834831223687251	-0.920419254349224	-1.06520150074284	0.237792972761522	0.0178456074783232	-0.602102796949775	-1.61297694001298	-0.207982969138923	-0.42580326717756	-1.84971131673686	0.992792726562264	-0.243348811589256	0.136743184332074	0.896411050802803	-0.712603379520753	0.56571091089692	0.706286292714167	0.137787955768869	-0.00409911387231386	0.00775540969493915	-0.00154715177608684	-0.00332479783491831	-0.0569522151467507	-0.0721829886512061	0.0289009415545169	-1.45517278782314e-14	"HrasS17N"	"APMS212_data1"	"APMS212_data1"	FALSE	"HrasS17N"	"HRAS"	"2"	"RAS"	"CI"	"RAS"
6.17620844499212	-11.0331732720509	9.50983838046936	13.4071240249918	-0.711085108257212	-2.45368014907075	2.68081091233229	3.25847234417978	-4.72447331583059	-4.08995334842822	3.24751886986293	-1.59248644496636	-2.93585068888797	2.63388521943036	-1.56337986213497	3.55848502434719	1.7690123970252	-0.00715078177362212	1.99702952436789	5.61463812779858	-0.692348945230923	-0.383916473433006	-3.04180024548726	-0.694324132433961	-2.61230184429542	0.14089163330976	-1.42100028858534	2.46777902736348	-0.111807648180494	-1.91002398361233	-0.541702932670243	1.25878796969959	1.74334129635351	-0.523255465009599	-0.441142872827565	0.776604271260239	-0.545039983731265	0.0620256304721207	-0.847431545998704	0.603320718197449	-0.180889401343754	0.920196991949327	-0.803071910082625	-0.933842630435714	-1.39414030368275	-1.655418984366	-0.331770749028952	0.753433647980822	0.0934725563016569	0.883185213533104	-1.51478681905682	1.41257949923404	0.994313919345838	-0.246947444068441	0.574001717710457	1.75366946006913	0.347994848483912	-1.4250089936469	-1.49850618144664	1.86925420205854	-0.338619541489795	-2.27871409598229	1.49208807475429	-1.8813447797757	1.20418451787959	-0.0321118614612351	3.25279900550688	-0.290096901371005	1.41608814556014	0.210920805727531	0.130385429136365	-0.98485681116171	1.54616273262392	-0.470558596606601	-0.197640289091432	-0.795774415860051	-0.209866326519595	-0.818307529442515	0.0586919197262861	0.684232037156256	-0.270539160160021	-1.00780185095931	-0.302132210337138	0.239108540202865	1.66310743748118	0.263300826096907	0.543348871447548	-0.438577082305035	0.464219269985952	0.812704437561319	-0.0101051402122446	0.665748068109512	-0.566430897626798	-0.209449312373419	-0.119009958610052	0.824643569970671	0.123587628365051	-0.00480563637855171	-0.0539319254077859	-0.00556675494652041	0.0738661057994527	0.0195415791822661	-0.0854166856632798	0.0228086161740786	-1.29124141934334e-14	"ERK1WT"	"APMS214_data1"	"APMS214_data1"	FALSE	"ERK1WT"	"ERK1"	"2"	"ERK"	"WT"	"ERK"
-17.0101199192914	-3.01616407241848	-0.195435839998844	-0.00265825252435081	4.7098549449684	3.0730386772439	8.46356884167765	-3.9804530326925	-1.63611623676328	1.63940890064007	0.994203171836295	0.923098325433709	0.520706046931793	2.22438377720466	-1.76895509912298	-0.942013380417469	-1.89781026179981	-1.29104114290859	0.993307442757392	-2.18781268751015	-1.03839685158691	0.881943859791009	-0.749689456979721	-1.42007924953835	2.95392411487843	-1.23735497425616	1.54410439345469	1.58440979315331	0.700387948763337	-1.92584900662774	-1.61816046944544	-3.31616884184683	1.6549497516267	-1.22949237399215	2.77662281184137	0.358929019161779	1.73121522404798	-1.43148416422247	1.14541877031641	0.323329404922086	0.11840904133755	1.48088338550538	-1.07352225885139	-0.829973277715826	2.11087795133521	-0.00840889574236492	1.97246252896852	-0.0166096734115476	-0.467756039092626	-1.11108784666139	0.842450460250001	-1.78840795222354	1.56561440262402	-0.840135617379498	2.89257758859727	-0.399424241846046	0.659073175167128	0.934417339321275	0.62404810913866	1.10402648889646	0.353423618324933	-0.0562268935057861	-1.71489230072207	0.65284939002434	-0.754460258876073	0.0726400029717358	0.443326499193654	0.468839270698575	0.265149340321992	1.41586515301385	-1.30248686709241	-0.149132425985683	0.629125907788964	1.45707642576613	-0.653677877874589	1.71284951432649	-0.435508807835846	-1.07944328337545	-0.817594373296399	0.452706697876113	-0.533055728937081	-1.36547699476453	-0.20428192827288	0.00221672593256613	0.834319341895536	-0.542851964855925	1.65717721443163	-0.697006334465184	0.862659460778682	-2.59554873903863	-0.621294649557535	0.338661416138095	0.501564615896655	-0.345316956259314	0.429216324621688	0.761318724625333	0.045765328141141	-0.114479555333069	0.0257061542496776	0.0148278615418786	0.014908631110849	0.0368654855336903	-0.060262539180591	-0.0136808762154115	-1.43357548054723e-14	"Raf1WT"	"APMS215_data1"	"APMS215_data1"	FALSE	"Raf1WT"	"RAF1"	"2"	"RAF"	"WT"	"RAF"
1.7807939907921	16.1142680109547	0.954688171693606	1.47719913774349	-10.42142250948	-2.81186010526717	-5.32188075567711	-5.74267915923946	-5.00636009330625	-5.45839390132983	1.59797150217103	4.82424474418491	0.850576654048928	2.07546052672004	-5.60733492935755	0.797629442414893	-2.17944139690744	-2.15908355338805	-2.00092828074396	1.10222871243242	3.4873010064537	-0.319381583857713	0.780077084031729	1.31198537130857	0.0807198085818712	-2.39883455211156	2.6087431046463	-3.24041059543744	-0.452200919713103	-0.0890643056309214	-1.06456224219379	-0.236539288836606	-0.191765582167684	-1.29432264614053	0.359598350153265	0.967727887522286	-0.601517986689659	3.08609728225636	-1.32544751954506	0.803604868891517	0.0426518924182899	-1.29303695976691	0.135373398856505	-1.44486508209351	0.203878099785166	0.553538084220135	-0.9671594398015	-0.293229946602431	-1.12365216834184	-0.144179577246338	0.767485980411022	0.771322091481494	0.166417884829066	1.15924322029255	-1.48267086054003	-1.51634115609601	-1.22499947353081	3.03487847748758	0.593228119261619	0.632373048968781	1.30912232342091	-0.851599210840646	-1.49208691397304	-1.87889628560103	-0.614020154107376	-0.155771438344995	0.97948138111749	0.052154362086867	-0.170515275033131	-1.03926189548258	0.458893589713531	-0.499237853483348	-0.644390245404525	-1.99000675424889	-0.458190567702249	1.49448788496722	-0.516910223576534	-0.182918046294003	-0.880257214120102	1.11645680353696	-1.04708107808529	-0.571912901817249	0.494802627747089	-1.28829580614654	0.50682363585622	-0.655615371507566	-1.1829813297405	-0.0641876489275644	1.60466521132055	0.644303395234041	-0.608699599605423	-0.292570970811285	0.666967971820851	-0.115950465112204	0.139608387266958	0.532154202075728	0.0153942731273731	0.0601956402785678	-0.0303101789110814	-0.00382542368438343	-0.0684122868915315	0.102634606771348	-0.0601988969843275	-0.0110882797567185	-1.47243328640911e-14	"MEK1DD"	"APMS216_data1"	"APMS216_data1"	FALSE	"MEK1DD"	"MEK1"	"2"	"MEK"	"CA"	"MEK"
-22.6549476347295	-2.88203485878954	-5.48722455748965	-0.748964326259847	-6.11990704187825	-3.2724447402573	10.235152185026	-3.1789924844137	-0.608038093446185	-0.33367758422551	-1.89812185088517	0.907179008607676	2.11291675039	1.80922065309342	0.190112643791454	1.56539060243034	-0.25689413314849	-1.98297385179399	-0.52281604397107	0.323569576000663	-0.271897019259954	0.757536140400656	2.85125791049856	2.22276551850214	0.0874239481758653	1.23218526143722	-1.96548907849956	2.01791282266942	-1.86854749347509	2.14891737031082	1.03008643013345	1.56893388762	-0.240289363083426	1.35043110284589	0.676294665475775	-2.1258739879839	-0.384900836537212	3.82381703098153	0.215042786737374	2.28670115573727	0.801540609643151	1.03101625349764	1.47370354440942	1.16846487219183	0.310728198998622	0.218962019790391	1.44659221017759	-0.00980708337633698	-0.887582925786437	1.59426495222014	-1.35874508852795	-1.63780409044259	0.509359639759229	-0.89357508939896	0.31232736179839	-0.814848032883812	-0.204194260877922	0.021607229107006	-0.231514618313118	-0.479162176128593	-0.796024512297842	3.25135345120166	0.384377155294073	-0.77565144463403	2.01773652071434	0.321060679400662	-0.19563066895347	-1.61275958319808	1.64165845861411	-0.862448234356197	0.764219285300743	-0.279595425046286	0.365051400294492	-0.535172843251973	-1.07783580353341	0.239682530543877	1.68577308024882	1.58122845045511	-0.713284134999178	-1.25943700640428	-0.0778117058342656	-2.02511320144838	-0.302853868154775	0.260146937164674	-0.57973714017631	0.900901133812384	0.00766633631967394	0.340959723897147	1.48018998125631	-0.138221659846713	1.32150781555914	0.84540163600278	0.208654713172659	-0.418285900843489	0.30673187160344	0.358587823122563	-0.0404977419029439	-0.147655065280259	-0.0476294279453787	0.00014752358068468	0.0208636910248414	0.0290777704056649	-0.000634340163345849	0.018225462987144	-1.56194501776952e-14	"Raf1S257L"	"APMS218_data1"	"APMS218_data1"	FALSE	"Raf1S257L"	"RAF1"	"2"	"RAF"	"CA"	"RAF"
-30.4125858342038	-9.92991558603328	7.0702739283991	-3.44568002254462	9.96123561970258	-4.94657775487229	-8.65188462240926	3.42515624736758	-3.78770218159986	-0.612014803168371	2.22566316403809	0.212381561681818	2.65254135709517	6.03135994681208	-0.908091024120194	-3.067431153573	-0.550930833062623	3.08534614819367	-0.37963684087301	0.803872142685886	0.293036362724695	0.218665878657072	0.470781543218666	-2.86879643098043	2.71078109565598	3.07729826799096	2.56487996854282	-0.245068661563699	-0.849370757796694	0.505549362583035	1.21009060633171	0.138020308806731	0.634275373886461	-0.433127411993395	-0.74230724727729	-1.42787579210511	-2.08323405849122	-0.114952699106218	-0.262342809219174	0.406133451356951	-0.912267431214185	-1.41496754793184	-1.79411575777301	1.28412038047305	0.601250513473842	1.10813992499954	-2.17868046106993	-1.53637365070966	0.937178071666136	2.47586517637746	-0.433816569445379	1.18645236320467	2.29956191712964	-0.867125453035107	-1.67067075781123	1.07379930712082	1.00261110409187	1.69929640831345	-1.37799263840711	2.00806141355192	0.398684859738036	0.373942405952416	-1.04619648382373	0.58711784834265	-1.47800642078994	1.53346039898914	-0.211179177144552	-0.0064480745436972	-0.628529292072493	-0.782119513221416	0.611219787851939	0.386022942562985	-1.82066019863368	0.59767017765212	-0.564477795314381	-0.855246974803017	0.00831148822454147	-0.515929612246724	0.30514021235017	-0.524401752764999	0.0519354095708781	0.314634178567325	0.166558086254563	1.1322106515582	-0.0490063477429983	0.651484890286432	0.883394969436209	0.513897229714824	0.131177960961709	-0.23527746907749	1.77713229417979	0.12828542397396	0.5430728960617	0.103326607427156	0.430974567025847	0.680868212455817	0.13094014997106	0.130476357173367	-0.164548223935471	-0.00331340490005671	0.0582170915672713	-0.0146423768934638	-0.0590838973741498	0.0194281006193542	-1.51476053922295e-14	"ArafWT"	"APMS219_data1"	"APMS219_data1"	FALSE	"ArafWT"	"ARAF"	"2"	"RAF"	"WT"	"RAF"
-29.0910516862293	-6.55951580186537	0.249779160836993	-2.55094936161799	-3.67181533062103	-4.32199713193087	-7.24440638817539	0.751055596147492	1.44811801127738	2.45825274855535	-4.61288776218547	0.982704968060516	-5.51968507124057	-2.09177189308537	4.77296805624587	8.97853416344687	-0.864208214005435	-1.49274424459552	-2.60519437671103	-0.579486979595325	3.33720869913438	1.73419372709457	-1.58949373318121	-3.00024274056207	-0.954468595645215	-0.492001795178277	-1.63647880861469	-0.941362728702911	0.610620553911221	-1.10218241825005	-0.422974906919799	-0.549084623589348	1.01078207652856	1.35483222262934	0.0895764799500329	1.96089559383416	-0.423460738421115	-2.34866060725064	-0.576075509182768	0.166595846032539	1.5751656490276	-3.16314817605208	-0.201362440167398	-1.02540978517227	-0.414820063428342	0.669938982806972	-0.325955174192991	1.15247306810508	-1.06069320563534	0.448642482048382	1.31187328248752	1.13630778427827	0.366803363580242	-0.475581317685206	0.398953297373588	-1.25444269891338	-0.660464038059706	-0.580959086106396	1.54854861995641	-0.142529512140638	1.38767355124578	1.76368336882029	0.714877826405613	1.01935301061261	0.497931447520776	0.883117507595458	-2.05991974128744	-0.894239361929187	1.33208601201525	-0.448329897218136	1.63271764900758	1.21603969274063	0.176968008091585	-0.854612478015521	0.0670895498236342	0.249684854937362	-0.129382545302793	-1.48889443054741	0.390032892560758	0.200559304665562	0.0407144341165236	-0.750925091106908	-1.48600288116329	0.97471540023356	1.14746891201714	0.324866808151612	0.407244130900412	0.67518855029124	-0.597718651210884	0.0266185663846954	-0.868899079616027	0.14680638602062	-0.16304066896807	-0.304488336407824	0.308641089693435	0.635979862633403	0.00184198124879567	-0.0236435432855455	-0.0476126273427072	0.0895069694684915	0.049999759027768	0.0195090711867329	-0.0142693371884921	-0.00579879899330814	-1.08836550882785e-14	"ArafS214P"	"APMS221_data1"	"APMS221_data1"	FALSE	"ArafS214P"	"ARAF"	"2"	"RAF"	"CA"	"RAF"
-9.11580582744845	24.4367750891209	14.5325856223587	0.00268126047800784	-5.6606143580251	-10.9071264315199	0.0114744276541181	5.07612038009111	1.33726801943245	2.85571154017554	-0.0585937128262099	-5.95698216015003	0.200975273180451	-1.14593058804321	1.59552177835725	-7.27220923687013	-2.17647579599266	-1.70431647735162	2.9412645039864	0.37457552004691	2.66405940415905	-0.291661925326837	-3.76693439985255	0.949912627401932	0.495392967032106	2.50514474087673	-5.65074097173029	0.759502501430197	-0.152252614481427	0.641103485283251	-2.57980045215407	-1.75799634993099	-4.27602849201287	-1.16940803189578	3.89163288127052	0.945665820300669	2.26747892448172	-0.493517880886255	-0.464126924832372	-2.06699888590046	-0.822399923908066	-2.43787802699635	0.770803031818596	1.51048026844079	1.66440808847797	1.72607280657748	1.00512393432857	-0.852105050492918	0.275714636885211	-0.692327073325956	-0.692948085988207	0.503290909984555	0.911349338062917	0.0859186622947887	-0.846686299349804	-0.0811684057755106	0.368258700958627	0.17117571951032	-0.291680285291249	-0.415323294874447	-1.00960731530339	-0.158518453038811	0.204996173960273	0.169532171983238	0.418720922517721	-0.0546935436401023	0.781664889201183	-0.938186129791855	0.681257712584222	-0.616556507946563	0.333310495128231	0.0964739093743482	-0.437737978810146	0.0494486911181546	0.293785856621134	0.142629854675625	-0.130885016001889	-0.290834737128854	-0.417150882812699	-0.0183477269748366	0.300758319613565	-0.586516793080081	0.440851642076625	-0.303512328207361	0.46094489276684	0.0673072939077337	-0.173736260709764	-0.139282371638805	-0.680359791595945	0.463876275253983	0.187182355727082	-0.106441443552607	-0.497971866594896	0.0481650698053662	0.190351228181198	0.479813867966326	0.0292670490431681	0.04288273278567	-0.0508835760549294	0.0232670758377256	0.0154437666663076	-0.00816093575022786	-0.0591482687469119	0.0505905917651965	-1.44155520853673e-14	"MEK2DD"	"APMS222_data1"	"APMS222_data1"	FALSE	"MEK2DD"	"MEK2"	"2"	"MEK"	"CA"	"MEK"
11.8696377171308	-0.724829623397787	1.01740419077375	-2.06615452290475	4.75500456190129	-1.78811902818703	-0.297960508633757	-3.19464183294149	-6.64908407567444	4.54424243999634	0.0829770674618363	-1.2284954033125	1.12521187814129	-4.74858807083372	-1.01211506408948	1.45015511155703	-4.72166162490912	-0.615817725404415	1.21731311069565	1.15881440791545	-1.47300211102576	-1.29564525705775	1.15493399411419	-1.38502171802609	-2.58356066297323	2.28232377538565	0.248349769600897	0.847200428624804	-1.02897532982971	1.77973602822111	-1.75178043494058	-1.52576027424068	0.573715875100764	1.07069874296366	0.501853840579686	-0.381727436341186	-1.93511613116913	0.450012533895349	-0.853256999345662	1.75630040431266	-2.32748785715063	0.648427139758802	-2.01925491844917	-0.770574160353982	-0.772864486993061	1.28656564041426	0.388945558921433	0.506557564602882	0.603964012645173	-1.80362907249526	0.342919029038125	0.852389384415147	-0.998694833608369	2.98746145836091	-0.392359951091996	1.55360778082568	-2.68741752119186	-0.223569754353746	1.72729610464485	-1.45986925027994	-0.0439449577001731	0.686494844861402	0.116232917547537	-0.216891305753133	-1.41315828539546	-0.884281802326399	-1.17677033532842	-1.05252214122978	1.22960562080105	1.70693513212173	-2.04984336734018	-1.33112282414802	-1.41559957954406	-0.37088966730198	0.539512101948435	-0.714153730572606	0.438818356604149	-1.45190385162984	0.716171236617726	0.746145682731269	0.294320051222725	-0.286261383826797	0.171641630256631	0.589574623204237	-0.740452934696975	0.174460905509094	-0.753143694748938	-0.308326699988348	0.408979126834767	-0.686159031844138	1.4655912502757	1.08125227292477	-1.22052050538046	0.535735925411498	0.310088642087235	0.698112910018678	-0.181296408606905	0.00641965026035434	-0.098833602714336	0.0902341489016626	-0.033337850707674	0.036499589680889	0.0187714669029088	0.0414571951397646	-1.21660494178943e-14	"NrasWT"	"APMS224_data1"	"APMS224_data1"	FALSE	"NrasWT"	"NRAS"	"2"	"RAS"	"WT"	"RAS"
11.8264650104092	-2.07814952249997	-13.2460959100015	-5.71244170045655	-5.0631116095128	-2.83941958443754	-4.68726143489894	-1.80447184615625	9.98218521530447	-7.9629173424065	5.79911346966935	-2.18137566185625	2.26250063791613	-0.102144297519252	4.50059800476473	-0.603842433960833	0.715689882127504	-1.77750970412271	-0.398250620542486	1.59185056720036	-2.40808617646336	0.983367772778897	-2.45257753233824	0.750784404147891	1.50115608019948	2.06612755624292	0.409889871649326	2.25863410097001	0.25253703291422	-0.478272299085218	-1.32391992352362	0.310358508137265	-1.25366986321195	-0.496099854184574	-0.349577542080105	-0.332461584783049	-0.0301904395229839	0.670675622261977	0.147096695294503	1.02212711107538	0.969076227711625	1.22254208958686	0.244231195279044	-0.679302320032877	0.46688169404732	-0.971078747162159	1.53427438703429	1.91072744782835	-0.69918354253385	-0.18256574203511	0.601422061850512	1.61519590458577	-0.617922719480204	-2.83500515942037	0.20977182321292	1.76603901812506	0.462207334109404	-0.0809461497742103	2.10869932752527	2.82952400717033	-0.407233385829657	0.141354560829792	-0.754912439772124	-0.0403216680176984	-1.32193992602417	-0.299791909470968	-1.16556558667448	-0.550726553358028	-1.19715757577585	-0.658180228647887	-0.554253535259693	-0.389530497385708	-1.26748869175027	0.147000532852298	-0.343323626361954	-0.180269508381322	0.969625791117986	-0.885133635326797	0.845602606744001	1.49713935506078	1.6457946210247	-1.13608766151504	-0.0713704438302556	-0.920937832736927	-1.45473248215406	0.792188001715132	-0.977389573209186	-0.294703625779198	-0.394753405829286	1.12816788642189	-0.89157702032054	0.517442216038979	0.89588178257786	-0.228170470643086	0.549226916036873	0.372699883843689	-0.107058601087443	0.130829115372741	-0.0156199272087673	0.0160541874717297	-0.0613433696313923	0.0436923934965332	-0.0656538721644727	0.0282812674023824	-1.34926791961476e-14	"HrasG13R"	"APMS225_data1"	"APMS225_data1"	FALSE	"HrasG13R"	"HRAS"	"2"	"RAS"	"CA"	"RAS"
5.08922044788323	-9.88744154945259	10.6038494275451	11.9642607017666	-2.48080990912123	-2.58484819928898	3.03532282541935	7.03110950287898	1.53397859713063	0.410055160667641	4.03045542646779	6.78237604724904	3.97892408305961	-5.34116363532735	0.637201349803437	-1.16157994056618	-1.62239682933495	-3.55800730389115	-5.02865368529976	-3.18149020529269	-3.57992946698032	-3.05816607237272	0.144969929329211	0.499516481720647	2.54256105065798	0.573544554227628	-0.270090958087512	0.440174493158683	-3.53767604849291	0.993195483573561	2.1563847784123	0.230092940159587	-1.85253083481308	0.520270072574723	-1.40708419049246	1.14762523061894	-0.640020445100093	-3.00808818466917	0.931603371047718	-0.559968041462592	-1.58728268458913	-0.345930044309568	0.0344194148603921	0.422403388560246	-1.75347796153368	0.61891118786228	1.22605023362324	0.0703045141138678	-0.238716008339654	-2.45179553847147	2.22167283207947	0.108578701920003	0.608791618539443	-1.99647350628996	0.845988121102496	-0.267819558266142	0.0857200448979766	0.653262730071384	-0.296432524958055	0.182853742496022	0.75178809167111	-0.368281514060791	1.54602636833229	-2.41377156077253	0.370905351078845	1.2022925572798	-0.629981329887969	0.724429616362473	1.01388135952413	0.0289761410038827	0.011515356571247	-0.101873479786147	-0.975951277766804	0.0892995936795849	-0.112107342449341	-0.643613206218954	-1.61434982863299	1.34487316513989	-0.216374115385768	-0.280297488757643	-0.760381970562064	0.941708429305058	0.413966130879912	-0.362299811828386	0.677081810778816	0.876007298856514	-0.55337935887361	0.401903195246195	0.562019435215472	-0.000762733966888565	-0.221712892351387	0.711729904989475	0.316512030877146	-0.252160671078491	0.353108915971612	0.347936008871963	-0.055149190188465	0.0526321425598164	-0.0264158495271764	-0.0306884739871002	-0.011844950247851	-0.0149264830876991	0.0201570018023587	-0.00206170365620266	-9.27903587299994e-15	"ERK2WT"	"APMS226_data1"	"APMS226_data1"	FALSE	"ERK2WT"	"ERK2"	"2"	"ERK"	"WT"	"ERK"
9.01557850955151	0.0552922541484138	-5.20480734956159	-7.0195680500214	5.02874657357977	-2.88517307660734	2.31322220820305	0.470218384535679	2.61600153733053	0.228284282537131	7.72011453880872	5.56091985446203	-5.67772814173649	-2.67927762091932	0.70826079078434	0.0772925589023341	-1.64738730488201	5.58307022148186	-0.577997003373054	-1.23483797199842	0.762475713311789	-0.364242115765249	-0.955611170864166	1.23447021840605	-1.89080517355358	-2.08356821811235	2.5976741415076	-0.579872157274275	0.0109379495109266	-1.53563860779619	0.568904905530727	-1.02821500361706	-0.583979185408861	2.13424098599233	0.183516138753774	1.1745319987829	1.90274468703659	1.0936128367916	0.907377403190144	1.64305311982702	-0.932278020626582	-3.87420997801009	0.758881382034708	1.32625475845125	0.257023245136456	0.0375276609337991	0.488617232018547	0.695355810359474	1.46385092170592	-0.289451647011483	-2.43476568520789	1.29859865524355	0.147660016104844	-0.894657130119788	-0.531075255424916	-1.4366443392506	-0.33110123934969	-0.451141202497916	-1.13960184884972	-0.570133516860166	-1.27652598409101	-0.905565539590933	0.0719083535823179	-1.08815688368237	0.00937793952725067	-1.57283379499369	-0.995745769319629	2.12561311092458	0.223347338439525	1.36779153641538	-0.640597203161714	-2.10416602519872	0.544117382157377	-0.148410384406517	0.298565852307844	1.29231296473992	-0.504713959707278	-0.122611046048203	-0.0797805020065985	-1.97081723499498	0.873515246885999	-0.916634486367544	-0.922928443988902	0.0053632383380447	-0.752550265257569	0.969987925038742	0.658666900186779	0.422927083132275	-0.553660361900735	0.451715748371742	0.751295185686002	-0.390864583413871	1.04423456898344	-0.243857039759697	0.224977397145439	0.732792772909878	0.0899790038274317	0.0906874285786193	0.0899252714470393	-0.0458907457615873	0.104526228774823	0.0168667972640144	-0.0671990041125057	0.0351700699991117	-1.36626820967933e-14	"HrasQ61R"	"APMS227_data1"	"APMS227_data1"	FALSE	"HrasQ61R"	"HRAS"	"2"	"RAS"	"CA2"	"RAS"
10.9360885051725	-7.54437632925503	-0.744927745179761	8.43263135182105	-2.83216794607272	1.96609153578448	-0.859105346419705	-4.14010747656319	3.21818618678253	-6.29693910699915	-0.046519800711976	-7.68334866131442	-4.03447075688706	-0.864952928268947	1.73435944916655	-1.10279942439087	-0.735549872524212	0.951818937892422	-0.690244772953996	-2.63615536785934	1.94101812237452	-5.88984884943318	3.86716015074119	0.119256695059406	0.4333171069693	2.02217745698875	1.74251460585103	-1.46310443061725	-0.322037069846765	-0.289882942774821	-0.0585739532038572	-2.77838407141923	1.77750741713158	-0.497098614180738	0.590092130921494	1.15190229525743	-0.769598880616152	0.298611239319064	0.418404101519386	0.360585012808311	-1.2209700336514	-0.680354931566521	-0.609122941104349	0.806873931610824	3.10169139896078	-2.66924555952042	-1.09603529880685	2.07600594166353	0.520629542769719	-0.165558795576974	0.443719211658305	0.568521875453817	0.642297651938745	-0.931870523420628	-1.19723705850826	1.14179289864359	-0.838100101850801	-0.884441608226282	-0.540129260506025	-0.175085897437865	0.51177200006534	2.23750040254762	1.23656534475018	0.918382504454703	2.12772953145277	-1.68078888910585	1.66467882475617	-0.152636600827301	-0.213882334343264	0.654068062157432	0.330028161024591	2.19624325647791	-1.04776137489686	0.48617673058642	0.354489813906085	0.0519379106521602	-0.254727942293704	0.248771118817351	-1.34548314818615	-0.865177156255457	0.266179336877432	1.30400936881551	-0.358362937538303	-0.844978549831891	-0.215688227000807	-1.08854400992508	-0.110566974288616	-0.828929500950612	0.613796809714875	0.297136388369506	-0.256195707555963	0.180038236911606	-0.236137715968893	-0.298011111854716	0.301781068166868	0.684061642119335	-0.106925558147856	-0.0112324900317358	-0.127076087412183	-0.0192823936458851	-0.0802680804041815	0.0274931403931829	0.0282253726230095	0.00559502991716587	-1.19522447494802e-14	"ERK1AA"	"APMS228_data1"	"APMS228_data1"	FALSE	"ERK1AA"	"ERK1"	"2"	"ERK"	"CI"	"ERK"
-0.620069071159638	12.2405754407982	12.3979449151244	-2.07948132933813	6.94085321028912	0.827374688985971	1.50218341348616	-2.20960313978355	6.32224338814437	1.53429881743449	0.773177953655557	-2.50665292800843	1.77433609634136	-0.611353224688821	-1.61512093198533	2.99218398315795	0.816647696541098	3.01095368448308	-0.84066542909869	2.51182165032406	-1.02203948415697	2.58905062904626	2.82701353046861	0.546685663369496	0.982005782771931	-1.40706281679943	0.545903475039975	-0.237070743388029	-2.10889383525576	-0.0839625910806394	-2.80997468352162	-1.3269531625649	-5.0839112224815	-1.56712906551335	-2.9434380732956	-3.55876100088299	-1.20734283214732	-2.51210919550556	0.649892248024678	0.983516727123242	1.36260572689072	1.71319833431456	-0.137008394695343	1.23117922995797	1.17883343967355	-3.58835350119785	-3.2610750700587	0.0340350886231972	-1.61792563205412	-1.7256034948249	-2.6346166924191	-0.160371369777735	-0.359989435865299	0.785958636044434	0.592365181769413	-1.59152739451328	0.830654925089279	0.233741568937394	0.711886627899291	-0.357829438948246	0.821085011075813	-1.15426669863777	0.51770444869701	0.537826545570553	1.20013968308672	0.219158292511031	-1.02539629934469	-0.51083425326695	-0.139683289949969	0.492086539348782	0.500585918581439	-0.318335127108577	-0.355887213180357	-0.884321911734901	0.0630794780073145	0.288630196885238	-0.54177516128067	0.522390061897941	-0.138446233265631	0.548952835402063	0.70947369194232	-0.0182105650147867	-0.388045495882165	0.150960977657066	0.597135504191007	-0.508528047266292	-0.110474758518257	0.407243118088426	-0.332455205164221	-0.410778673634016	0.289999362930408	0.33607963212997	-0.25526463079442	-0.312686971166553	0.278550341936943	0.757257580757896	-0.129291888385852	0.00661384943898117	-0.0466964317527893	-0.00845518061762441	-0.0105212252356496	0.0405403228903886	-0.00747384824135339	0.00655366317374429	-1.35880889873263e-14	"MEK2AA"	"APMS230_data1"	"APMS230_data1"	FALSE	"MEK2AA"	"MEK2"	"2"	"MEK"	"CI"	"MEK"
5.47100333552301	2.50380133132153	8.29911376829702	0.557184257211997	-0.381556558439305	1.08459534557083	-2.02039192587438	-8.34767505368514	-0.909580291585611	-0.00437430383639629	-2.8064403846472	6.09291097675213	-1.34828017671289	2.41417822796218	1.48309944982705	-2.09560324256997	3.42130287359254	-0.240107486905991	0.73151261604696	-1.43347405837622	-0.781455348281106	-0.081879252037714	0.542573098014207	-0.135386682151842	-3.52445126884725	-0.729716715657339	-0.447400242351616	0.252391229110486	0.781903378482623	2.35601227538222	-1.91291176945791	-0.93064181053123	-0.751877825194481	3.08323096486409	1.54027292980148	-1.10007210675882	0.629624780769064	-1.22807019863119	2.48568163140732	-0.804146770056635	1.24845376133166	-0.47089448200781	-1.3305947446045	-0.29520256982175	-2.70086377091763	-1.83219150541481	-1.10939235602073	-1.08331282298353	1.15046344640572	1.39042285768141	1.1024211818561	1.21611548176601	-3.0061415623566	0.177232673142158	1.59401625024174	0.216716670319977	-0.988176678415445	1.34651189938304	-1.36429782395425	0.0986467458761501	-1.21600257488675	1.81773439431061	2.12579592599289	1.86176024529819	-1.64236712471731	1.18763837384299	2.35148340548183	0.47398395586812	-0.350866103631627	-0.321241077103027	1.0729559779179	-0.453089259068801	-0.348124560272599	0.457322577684309	1.1753358315347	-0.254325070091673	-0.177986553770328	0.569440709524109	-0.0884840927473894	0.425895989052045	0.561868352980904	-0.708071065057659	0.743829236495773	-1.5207736693799	-0.225554188997714	1.11448641496599	-0.323052435679273	-0.000739604357099156	0.0440120607197891	-1.12899446449908	-0.404120670282963	-0.344169472253233	0.853187396252927	-0.304671045500306	0.325021361250009	0.695214275514152	-0.100292110538497	0.134751827617498	-0.0605841104222782	0.0394606394369269	0.00297121891883305	-0.00591844423761175	-0.0428599687999446	-0.0331699375461882	-1.22458466977893e-14	"MEK1WT"	"APMS231_data1"	"APMS231_data1"	FALSE	"MEK1WT"	"MEK1"	"2"	"MEK"	"WT"	"MEK"
9.33696410637318	1.23220406486386	-7.41498982902773	-3.93030872809114	2.90226605870424	-6.75166384786132	1.27319097400181	1.66302491100161	3.20375979800754	-2.55076659865108	-5.01330774682981	1.59177119730302	-1.14725453431857	1.26345165403283	-1.55112710252141	-0.993796633697824	-2.6341801630865	-2.29178176475415	0.632125429208056	3.96294650589018	-1.63909343053888	-2.70092896743797	2.56328344325359	0.405330718244757	-0.655371016383491	1.1715551659913	-1.06056051524948	2.75452310044327	-2.14247902545319	1.68068035345992	1.63188672474658	0.162502693465863	1.99446791709269	2.75505253075446	-1.09040657868318	1.88714384516175	2.07594571045809	-0.169790733802062	-0.0937948985931395	-1.26868250358542	2.82653932563171	0.0200518523528378	0.253259861579556	-0.292959781429206	-0.66777720216831	-0.0212860106054574	0.365373515659324	-1.13929680476261	-0.249572658436065	0.537172018802122	-1.9471850155273	-0.439353865324756	0.0179459278256537	0.882023144695104	-0.70702575552219	-0.438190230867148	-0.9671155048439	-0.587761714406601	-0.95335740814469	-0.200873732051857	0.998074723900303	-2.28993269986641	-3.55157501132804	2.67503623844118	0.559325378892597	1.088223962718	-1.10024474529567	1.61703562169544	0.599870442831449	0.436434487697343	-0.97552195794407	1.66222435446197	-0.15892996038109	0.113202466898069	0.130532223589089	-0.720198799898197	-1.07337127563439	0.201713279177795	-2.02332422961035	0.252624633055734	1.40551840372959	0.275938502405681	0.546536376456929	-0.269336751192581	0.324189279290806	0.701861685075464	-0.408601526556801	0.670956834912131	0.528099787019448	0.453865132199106	-1.0027589625193	0.225881954593302	-0.433329787723899	0.199686107411525	0.183535288177487	0.702465426003022	0.0365479946369756	0.115776755628291	-0.165314689853561	-0.0230052266080834	0.0308485961465903	0.0569182887169834	-0.0611027542177506	-0.000183266285984538	-1.47104550762833e-14	"NrasQ61K"	"APMS233_data1"	"APMS233_data1"	FALSE	"NrasQ61K"	"NRAS"	"2"	"RAS"	"CA"	"RAS"
11.1079045240118	-2.26673543904709	-0.289405571846623	-5.05464235747904	2.07313303131062	-1.48663900840773	-0.299147937058973	-3.5750663194341	-3.28191035382788	5.67491343430933	9.96553657068161	0.773793599506865	-1.41517042327292	-2.39486349999938	2.00959390432593	-0.184732373001872	-0.177089738877791	0.558747975014942	-1.53041821363913	-2.95177385424495	1.3585089252897	2.35792483182543	2.19996958693722	-0.358499617627151	-0.391192523171996	-0.707136893978144	-1.8097005170188	0.00745742945904495	0.41524408387265	4.10362707181169	-1.20840746561498	-0.877194682338631	-0.322218199743602	-1.57864477692607	-0.649632500457889	1.4617620872875	0.0567017527908703	2.52772033920631	1.00162159695412	-1.99500684134539	1.52904443635868	-0.654750244904906	0.0982493341268517	-0.204008243419692	-2.20731045758929	0.746776491185662	0.125376808383869	-0.633206496311606	-0.362661594750309	1.2386642966968	-0.758680655677745	0.899006171381047	0.527504491790037	0.800374651094285	0.696362603498085	0.327763996870302	3.04347002507547	-1.53599480157765	0.377616068440403	0.671468168457159	0.832085973291387	0.530092723938149	-1.70474625224593	-0.798318678564326	1.74833461268387	0.424978419450638	1.31640061304071	-1.37916821409582	-1.91379596255678	0.55886107303741	-1.33848156558117	0.196913302888454	0.423231188514608	-0.830069076882109	0.282418723867754	-1.0681292840321	0.675917516549037	0.254345687881872	0.98134431060079	-0.336776705259493	-1.28946402930386	1.70869026287904	-0.604834121889427	0.236499737186638	-1.07539152036092	-0.200476162299209	0.64024557372476	0.562798161723928	0.328145722977377	-0.704727509340953	-1.79266398452781	0.356705363727413	-0.420078228963086	0.505707426322954	0.345699356615514	0.840406862173281	-0.0938702175873126	0.183284937382218	-0.208693928931902	0.0347300031467276	-0.0578271658195062	-0.022875015842098	-0.0178931860293509	-0.0500239908030832	-1.24579166427274e-14	"HrasWT"	"APMS234_data1"	"APMS234_data1"	FALSE	"HrasWT"	"HRAS"	"2"	"RAS"	"WT"	"RAS"
-1.95216558890315	15.2878127303185	-12.6273683866977	6.34017077200891	-4.45172025158513	4.89923050987085	-4.14609899617228	2.03787400946294	-2.03870666113331	0.874250399730154	3.2010925890772	-0.803326132838536	-1.66803889451241	0.0515409046748182	-2.26015352691641	0.848731153523857	-1.13093318440287	2.56617874582493	-3.78287170680078	-0.0680952300335739	-0.678585065938677	1.34878299551855	-0.656676024417786	0.414677648285007	1.81631128789278	0.321646163840553	-3.31785791592257	0.160709758856405	1.07170070036709	0.340912750411675	-0.0534500020476296	-0.369878535745741	1.58443830443371	-0.657586118836003	-0.105132648851403	-1.94560800906186	-0.458102177703869	-1.92506028712456	-0.45890955027123	-0.0261523416621092	-0.305393998001475	0.970852036051497	-0.0152484391973342	2.33372941508665	-1.29762267794665	0.581609640872993	1.28107728183835	-0.87584017692807	-0.395077566089745	0.324355600561695	1.63354220653247	-0.563609440352947	1.01795276435141	1.35807938621629	0.349330191201147	1.93381301870871	-0.733825904722704	0.548193516702096	-0.686398384322621	-1.25681154497177	-1.00184693615349	-0.440887591158913	0.636130019585816	0.726970818195801	1.67677493293176	0.381730608823881	-0.159686601810967	2.8244975817939	-1.96541576844596	-0.962673249066934	1.43376114615619	-0.194906650988635	1.88671503718781	0.511634040516071	-1.28831666276692	1.03875885673349	0.148542612739852	-1.50064228527081	1.29271845256252	-0.365640189661162	2.08841491959704	0.739309413994171	-1.11141831948447	-0.220021120973162	-0.18311934766193	-0.181307765745598	-1.70626653013545	-0.0909105135985073	1.94822569678996	-0.286424781077869	0.445631502930048	-0.218429087339907	-0.51883540332909	-0.0380139921588477	0.334000127828872	0.58262500430456	-0.27723944859174	0.0301326039311536	-0.109495935274773	0.0603609915506731	0.0393290208813969	0.0853733687843989	0.0083078965929957	0.0182362844540301	-1.59143531686112e-14	"BrafG469A"	"APMS235_data1"	"APMS235_data1"	FALSE	"BrafG469A"	"BRAF"	"2"	"RAF"	"CA"	"RAF"
-16.5888046826389	-6.10803440089752	-8.14521828621166	-1.36430344352873	0.9072165542138	4.29341469663818	4.67228904007937	-7.4966706633757	3.96691870485835	-2.97217430989221	0.751850050294643	-4.44322744456977	0.979762820555914	-3.12951992030024	-3.3883591712472	-3.28944039581167	1.50006922437726	-3.65239480529158	-2.33192224258662	1.85709700477055	0.847399800150873	0.60333133280889	-2.95457652411995	-2.46369865906747	-3.04059072479333	0.9577754772328	-1.23546264432731	-3.05315056404683	-1.94267125194905	0.897682823953369	0.0969411136566748	0.850284894704909	1.19362286702557	0.745416940679239	-1.3075233283254	0.4631711275031	-2.81630245280674	0.0164543904668378	0.158805906634408	0.266104389443472	-0.60490652420315	-1.41908726880577	-0.0564410944806468	0.639661366269384	1.52347719031173	-0.596439230119972	0.746743999024736	-0.336913414257261	2.41750504253287	0.432487829964962	0.955477137962693	-2.35144496152752	-0.239380879700123	-0.614590643291503	1.4779250424279	-3.37075444353443	0.98384845761374	0.433747595880223	-0.787033905259643	-1.24163580721798	1.28959076228298	-1.50387348330312	-0.0833864703002556	-0.889656069636558	-0.0325211812949373	-0.406421524604558	0.400059765795661	-0.364260756419972	-1.19172092935218	0.32646547695958	0.202361448665413	1.24778210481418	1.81705308001754	-0.565111690094113	0.264764388400636	-0.990077413636702	0.0792717475229274	-1.26299975483397	1.18928375452598	0.578062694621857	0.650012419297327	0.0726809555541862	2.18775681945125	-0.606743690574501	-0.871402301547856	0.481451718520451	0.338553967262206	-0.293568322600321	-1.1493035636418	0.0287921803734908	1.05667093829311	0.113507198747686	-0.175365435528904	-0.101037258780593	0.240200924516113	0.594467920364943	-0.133750802051981	-0.0703849471642897	-0.00463548371913913	0.0179212859691006	-0.0186899460578016	0.00541132007352085	-0.0201742893349009	0.011487045985318	-1.38881961486703e-14	"Raf1D486A"	"APMS236_data1"	"APMS236_data1"	FALSE	"Raf1D486A"	"RAF1"	"2"	"RAF"	"CI"	"RAF"
-6.02012285860289	6.75361648821065	-2.41145287298231	2.96592699596503	6.96718517954207	11.7451642855232	-0.0847645778374492	1.75588008292226	-1.22745896738575	-2.80832390788166	2.12331441638257	0.133937003597796	2.39944883030542	-2.04137231415534	7.90867946435657	-0.397560688397072	-2.27869976536309	-7.03674495077428	5.08245021515647	1.66721940386802	3.61056904276284	-1.66921736197503	-0.806012339952126	2.73925345334296	-1.09144579549401	1.37718197189332	2.90927782425462	-4.6248551368106	1.82807204247047	-2.41985335186365	1.24715155243664	0.429489622203958	-0.819927832202309	-1.29273575676241	1.64717203209533	-2.9346522477921	-2.40161059150373	-1.28094314690434	1.20563846189153	-1.13801449359662	1.68817032102059	1.53269153679919	1.84399086327662	1.53314146083693	-2.68298571826776	-0.956104550047835	-0.0696853667213844	-1.19635201321558	1.3522411138648	1.33225102482663	0.503113670143837	-0.22035020007381	0.89660630350874	0.288199844876092	-1.35950786753992	-0.0707650643794857	-1.20236883386593	-1.73198997350252	0.589800986584162	-0.615325274895023	-0.32024583896953	-0.331018311616862	-0.951748516157048	-0.893984204700327	-0.167295738394748	0.317113687768472	-0.472911631716246	0.768092381666074	0.108016043563639	0.62122462044085	-0.0806263896426765	-0.2461475809485	0.258796809494187	0.681494537440547	0.266656311831003	0.472348771498975	0.184146272637627	0.609824360895208	-0.398120816728621	0.101996358803413	-0.584925445044554	0.0474280538587952	-0.684184199464789	0.656451490941356	0.0925488839362804	0.328250164947878	0.33094777744862	0.589769507194212	-0.00665657591765717	-0.131855527343624	-0.322323306270358	0.381949757654137	0.304418601018041	-0.168821163625669	0.16399170509209	0.621266381098108	-0.145778614680755	0.00769196444441915	-0.0899839465644372	0.0534170481738628	0.0413150204462451	0.0371928529321103	-0.0285950950037137	0.0159769447983695	-1.50955636879502e-14	"BrafD594N"	"APMS237_data1"	"APMS237_data1"	FALSE	"BrafD594N"	"BRAF"	"2"	"RAF"	"CI"	"RAF"
-24.6696643698985	-12.4823094036333	0.380270658612011	-2.24424531903971	4.08787554249691	1.52525566359435	-8.75741254550213	1.38564096255367	4.19805645965342	0.984496954455033	-1.50358011400536	0.853958167479555	-2.49574770301063	-6.15342555792214	-3.40614697851592	-1.79839352721066	0.365881285200719	0.96328281974128	2.91522678651186	-0.45649996044777	-0.0899998453507214	-1.37107201018322	-1.37987652414716	4.51068868909326	-1.09969090412187	-3.77651000730129	0.70373574864684	3.63877488158205	0.519734135109122	-1.52260767233264	0.620729131473859	0.982247954907294	0.476838554532219	-4.11617163419793	-1.77828451059054	-0.437680108342108	0.591460087621964	-0.301068569420329	0.327554261070739	-0.51680359989373	1.17790490269225	-0.142038493171597	-1.16798514032469	-0.436606725807137	-1.16031212019047	2.00046287456183	-1.35845726845717	0.845638939705028	-1.26547838141366	-0.979770107878539	1.85455192002044	-1.06920243943913	0.196618303444246	1.16580736973119	0.306716416276107	-2.29194954120723	-0.209408097914879	-0.335455442880613	-1.44205150683663	1.34787566217491	-3.59432663785943	0.867310609267371	-0.421847100107142	0.208967885973634	-0.412128203119826	0.187092167885055	0.475303297644885	-0.437076058109753	1.3433656814836	0.624302631733115	-0.185943724398128	1.87074666954522	0.0437305689345678	0.0271216976075574	-0.107036646125901	-0.00341486812400025	0.74981784386149	0.506265652007362	0.419823986653143	0.33379346906464	0.0443088871814634	0.402132096197139	0.0912394389487138	-0.668460487881087	-1.1658459651736	-1.19962537146533	-0.522869194355916	-0.0918916084434371	0.260906518824729	0.809768367304311	0.787965249811759	0.317061411779316	0.0538164152192014	0.436582549993665	0.244211495106259	0.695639849598533	-0.0144976606013838	-0.100623875792291	0.0266903072495138	-0.0440096351194911	0.0263396311062231	-0.0145710309299998	-0.0823222516102943	0.0238230292148746	-1.53384249745869e-14	"ArafD447A"	"APMS239_data1"	"APMS239_data1"	FALSE	"ArafD447A"	"ARAF"	"2"	"RAF"	"CI"	"RAF"
10.1622058881887	3.42693504019037	-0.987205546527748	-4.96707433111786	13.7873935869839	-12.6773393082615	4.64544490672044	5.29779362702479	-6.99491038253452	-8.43376586912109	-7.65608061370994	1.41019153898015	-0.959440033069522	-0.912516804939505	-0.839381931939197	-1.3214299261732	0.288572137085429	-2.09517455984676	-1.51077244794132	-4.17503273206608	0.384641422840167	0.344297261214976	0.996686722413318	0.289207319297227	-1.06518497143397	-0.66546970371558	-0.972189299350898	-1.78950601714286	-0.096903889424009	-0.415752166465392	0.818322073953449	0.106938898276326	0.504522384007901	-1.7268320364139	-1.23472540428389	-0.855406625617084	0.1711815751079	0.859759762823252	1.42721751693566	-0.91160160575358	-0.894742925106951	-0.761540520359645	2.04051687423792	0.0572526392411452	-0.234891847762837	-1.03998951506519	1.04201051487888	0.347795692749729	-0.632844615706759	-0.597072657876839	-1.4310891136437	-0.994507252895743	0.695929342399492	-1.1240223872738	0.840491521340595	0.615267557111206	0.482082344394912	0.35159798189167	0.763600389415585	1.3799604534547	0.345246892866454	1.17287001458906	0.256760424611368	1.53103092744973	-2.57694287274444	-2.23930102488989	0.599220193833842	0.128202282643882	0.0202219078878599	-1.69355419049946	-0.844464950307141	-0.577574006451596	2.13638137202934	-0.4652492212737	1.20112834977539	-1.11661799025037	-0.59000553234113	0.42393442245672	1.15958466403567	0.754183158740682	0.566113754851022	0.419940643090548	-1.16479560772075	1.04113679792792	0.946667585093211	-1.39228707168175	-1.46572366291892	0.864911318890632	-0.0520343873691354	0.182505525421106	0.732625207012269	0.189199753018764	0.147033861789935	0.00540142482646178	0.0348286453252823	0.449152566192755	-0.0155806869641655	0.00557511372616625	-0.025013104462462	-0.0304522474134359	0.000356065642738096	-0.014636273243608	-0.0507899725310174	-0.0239116242784662	-1.12652942529934e-14	"NrasQ61R"	"APMS240_data1"	"APMS240_data1"	FALSE	"NrasQ61R"	"NRAS"	"2"	"RAS"	"CA2"	"RAS"
11.3331864270565	-8.15486053805052	2.07893032514758	8.78809575711828	-0.798974172156542	0.674861178399066	-1.70066125278089	-3.06146239019712	-1.68852282285114	-6.16921461282138	1.07850693850271	-5.85971831287932	-1.39728625358779	0.657804398089812	1.10229002493893	-0.289595794074569	-0.497618283601038	1.30965532976643	1.59474188233479	-1.73463950641966	-1.26549243470168	3.00214851329861	-1.02770279430989	0.510574198769057	0.255937420653472	-1.25871552951486	0.309460726919045	1.41234843230044	-1.26665119104745	2.90086006347504	0.191563700455838	4.37342810619274	0.438138146256706	2.19486774755378	2.74625464025204	0.161801125463071	1.22262447325298	-0.903446698644197	-2.00413015793255	-0.458598532542193	0.724331903425673	1.3806825480859	1.27584273681929	-0.658503886427343	-0.127135716876441	-0.181609078766712	0.303111783090047	-0.843246798419175	0.937583115221143	-1.39426909798404	0.83888602599808	-0.823476003132332	-0.774138928772518	0.040867129169318	0.0988603076887589	-0.265361098261401	-1.92057804335067	3.31124921692707	1.86497511882693	0.0682536760161354	-0.259650244351031	-1.75517489488825	0.933388222807236	0.798351622845104	1.32868470086168	0.199012299052806	0.229555452916372	0.0107861774308017	-0.938799485029468	-0.649916709898393	-0.612782872492857	0.533064026151311	-0.57646376037586	0.0562809560172681	0.444566322651329	0.424890089348283	-0.199589514683827	-0.0127599975708443	-0.237171355512308	-0.674522533629277	-1.51257378493868	0.446091502710287	-1.6835983625511	1.10429060936633	-1.07147621358708	-1.53509272165113	1.5863524391766	1.84250175762257	-1.10526615307347	0.887350814650782	0.926640985212684	-0.00107624939233101	0.57179616639706	0.0434712008606463	0.0207605564760281	0.732240008608958	-0.149409061666035	-0.0729888780763468	0.0186186661935689	-0.0385533054544035	-0.0444290954575997	0.0231329550391448	-0.00501680838057076	-0.0020088715831535	-1.37745717609938e-14	"ERK1DD"	"APMS241_data1"	"APMS241_data1"	FALSE	"ERK1DD"	"ERK1"	"2"	"ERK"	"CA"	"ERK"
10.6145916631893	-8.617426179038	-1.80414024975734	8.39719766919217	-4.16993600074953	-0.380784449847274	-0.146122812414734	1.06533811170637	5.47638281761108	0.452593147817638	-0.350647547647019	3.60748223516982	5.68609073638288	-1.60304696714186	0.540740537884608	-1.83194273926688	3.1450351604928	3.08294678770961	-0.896344586223237	3.39176434993771	5.84607508632182	3.34191556050883	2.88543773030658	-0.420125803202692	-0.350297794903646	0.677868213829299	-0.696961738411087	-2.39946375945563	1.6093181045956	-1.77005891861918	-2.49020673781538	1.36819269429429	2.61213750936138	-0.57442170288015	1.0851178198772	0.270514453408013	0.133021524137179	-0.769803341329995	0.447320508514125	-0.22863537886192	-0.222354225909657	1.17801778543687	0.54753051187147	-1.93558699218162	0.180843813049529	2.51565418646577	-0.317462840415368	-0.171136040275715	0.0410984750727608	-1.22487314101734	-1.80374206353734	-0.212771354878995	-1.60336812426666	0.849074899789471	0.837915152548734	1.14803426040993	0.300840072957083	0.528146366616654	0.266297000716378	1.12841022652164	-1.80337172515657	1.55679698277195	0.0410966613125941	-1.61651741051914	1.27752026250456	-1.44875404867719	-2.15731445198067	1.14504868874027	-0.0510482746623019	-1.97258169983511	-0.753344871449408	0.632830434462535	0.266169618340153	0.856749231328312	0.253551144332176	-1.65823400598844	-1.35485652282414	0.247129720966254	-1.54278997183322	-0.188762916104273	-0.0149086163010111	0.220124549553533	1.26239606527827	0.328866930580264	0.650307117868884	0.331846027427536	0.0647560009753946	-0.370815486633082	-0.628565791421161	-0.847735150399198	0.320497042221819	-0.452227012773923	-0.0424753631186743	0.130423736294393	0.51967953627709	0.591862343338748	-0.110731604770047	-0.0135219871350648	-0.0353967153356269	0.00141949091073431	0.0242490142267882	-0.0157445760201201	-0.0198091331319103	0.0141265226299153	-1.48921673603919e-14	"ERK2AA"	"APMS243_data1"	"APMS243_data1"	FALSE	"ERK2AA"	"ERK2"	"2"	"ERK"	"CI"	"ERK"
13.0508689045362	-1.50244396162003	-1.86909580192674	-2.63937044557882	2.3020806376972	-0.581262294005184	-2.05795703749118	-4.14468966076373	-4.88859496151322	1.97024965209877	0.65661677947127	-2.45496470412777	1.97487343462158	-4.57408819510636	-0.231675279430362	-0.299569775025022	-4.95396157207598	-0.13858160700375	0.231619271366775	0.285479066826229	-1.85015036909972	-0.701680816204251	0.933855793494539	-1.00137030797132	-1.56950190433713	1.7014321205997	-0.426714681762606	1.38987448546804	-0.360599261133323	0.222700770561594	-0.256547697913621	0.167946551394747	-0.0481771496969565	-0.0670514652852234	-0.34455416191115	0.0962947501963357	-1.85345716787232	-1.40160718035197	-1.35314193259517	2.29987974905007	-0.516865019442142	0.722867992168967	-0.503793860154267	-1.00826153738444	0.503908199421351	1.15214486682588	-0.454504795377695	-0.407209613260616	1.30338641776646	-1.65491668845639	-0.338004594636719	0.647173140001941	0.894693550601978	-0.280073730065775	-0.596940432397521	0.722838330937245	-0.531203558714061	0.821911989626259	-1.24473703803837	0.636362586472442	-1.20127060759845	0.172938735571845	-0.555093342623242	-0.467383324865491	-1.05591651350968	1.12455244203997	-0.52630624443639	-1.38239573980356	-1.63312662272459	-0.145387161804844	1.89854945596453	0.514423179936529	2.77745475574031	-0.823318307364006	0.0519704737569913	0.288209328911408	1.50507980232545	2.0117969013794	-1.10400426201951	-1.81774639130444	1.12653053324134	-0.635859019696432	0.275395526666421	0.92205178757596	1.0558531278342	-1.01421832322011	-0.491956509675137	-0.751836915845383	-1.49063983669079	-0.551035295609127	-2.19795439331028	-0.580270150086183	1.65195413012761	-0.0720082260638864	-0.963949974367292	0.226896343408485	0.256219678348885	-0.155822933825232	0.0620034633707872	-0.143807751358497	0.0579070626198446	-0.00635373837266178	-0.0246125736740569	-0.0353847891365286	-1.28759850004379e-14	"NrasWT"	"APMS302_data1"	"APMS302_data1"	FALSE	"NrasWT"	"NRAS"	"3"	"RAS"	"WT"	"RAS"
-28.0923627317252	-10.0829109886987	5.43782315387776	-3.4193749014646	8.24264546792689	-2.97736805101575	-10.2093414734201	2.29751972867007	-3.7285547461582	-2.686300999763	3.82884973089237	0.0450607403340094	4.65113417995733	5.27197632555113	-0.88982242144378	-2.02971610593656	-1.10154170720191	2.41262527777266	-0.27079712797122	2.14024215492305	1.67986600327396	0.275797647552888	-0.0293593394157683	-2.25803104661454	2.14993063560211	2.33771629878439	2.36338957226289	-0.325719497533555	-0.424454571939235	3.12162783277753	1.78136912602709	0.00351302448406213	-2.84643710516882	0.325026763771007	-1.30061437505822	1.78511850033775	2.81866752016272	0.15324252452141	3.02213843165456	-0.503244763009615	0.638943265294956	3.22894445566247	0.880452276209952	-0.511311286956532	0.680369002678623	0.630596867943881	0.885162085182908	0.0408673971270627	2.18277042474562	0.309651774758913	-0.64618464130147	0.00879638687613936	-0.537567621140589	0.669210798261136	2.07419426620177	-1.08886628803768	-2.51772773766374	-1.28510936490213	0.337935900839112	-1.1669640789303	0.193585739217838	0.637326292764555	1.30718589191629	-1.17047327831042	-0.150945618746544	-1.35951599307762	-0.137861405875588	0.475221087035165	1.27207093635633	-0.552336592968217	0.16232606723114	0.94341493081042	1.31823797013617	-0.73424720332153	0.344840369742677	0.817399295207874	0.176025678979161	-0.648061181698208	0.360840149776454	0.182120905918101	0.0825405502253445	0.0840700249342099	-1.055687900478	-0.818457525943422	-0.505961874340351	-0.305044069471875	-0.449033852801067	-1.056995074888	0.0699739477750912	0.517308509928315	-1.3378492127076	-0.0589164002317546	-0.575496813037971	-0.100161119483621	-0.572997918379297	-0.173502019835532	0.0995700791266387	-0.149887404780079	0.0807875390942094	0.0568278395186008	0.00327088108530273	0.0214012672953302	-0.0151013396476372	-0.00535106102050061	-1.45022882591661e-14	"ArafWT"	"APMS304_data1"	"APMS304_data1"	FALSE	"ArafWT"	"ARAF"	"3"	"RAF"	"WT"	"RAF"
4.72481776046779	-10.7888196258346	10.0671257446484	12.0653019346569	-4.54760132741996	-1.57801706235511	2.89446510626412	6.26589228420206	1.88097592692828	1.28130338429658	3.32916423404972	8.47671275968434	2.7189370026183	-5.5826548342893	-0.77923463734378	-0.206533634367481	3.44444403899613	-1.37658573064699	-3.59430842955436	1.5987542274709	-1.98268126892484	-1.53897741094966	-1.99067749323365	-2.91557431272012	1.42088067595793	-1.51026987690103	-0.638025797091047	-2.17279816569578	-0.14574574433045	2.50351551225874	-0.26384595374741	-1.14157340604259	1.72221803831446	-0.537992343874562	0.34753103189469	-1.14584199688686	-0.757077734564775	0.713411128373096	-0.98228973216126	-2.20730940604649	1.67758741061429	0.64279528592547	-1.43245318223926	1.84210760343245	1.89444034861505	-0.0850747436796112	-2.02266559011827	0.178660922174811	0.144480109079303	1.61765223978053	-0.58600682642792	0.247421732351318	-1.36284602907527	-1.16005102906519	-1.13743870277848	-0.433773472941817	-0.644480700116083	0.598714188801216	2.52441195076436	-1.29074384456527	-1.73890906688818	0.806865551459844	-2.31024091026644	1.0346177525727	-0.366410923461204	-0.467284260837537	1.61677008384309	0.357874536341065	0.249616933498374	0.207519469639932	-0.899829322351868	-0.263660002601049	0.183493738095064	0.690091278795341	0.264536159425752	1.44478356316811	1.33732231474975	0.0095585398341478	0.128635484171042	-0.558334402069	1.03817348162692	-1.18085994856921	-0.242362877439101	1.09380147412361	0.353721226264311	-0.841085226588851	0.0645231646411454	-0.254817879564796	-0.642263856498771	0.888632847362113	-0.207122362125548	-0.202158036589057	-0.884773042731945	0.0953721566793666	-0.702278600487573	-0.10489622657254	0.0962084109879992	-0.0696728492877875	0.0330042711278877	0.0587275065354888	0.025967180196581	-0.0364420402950928	0.0100486904438927	-0.0258055557797685	-1.33434929772136e-14	"ERK2WT"	"APMS305_data1"	"APMS305_data1"	FALSE	"ERK2WT"	"ERK2"	"3"	"ERK"	"WT"	"ERK"
-9.70916013649543	24.5788846901146	14.7591263037805	0.307625952803539	-4.6572816425627	-8.6942185587567	0.786657486899165	5.00900868009654	0.675869919399784	3.06209038534843	1.99054271768073	-3.64513316387901	-0.0393297334661817	-2.06136211857292	2.15714708920987	-4.64571267934397	-0.605461089865516	1.67427538418496	0.32013014416838	-1.0694031328394	3.05695843474709	-0.624922254784617	-1.13772930599239	-0.464059258089332	-0.00053900890233	-3.59487542540288	-2.17014706299649	-0.231327431637664	0.786106937213928	-0.586774335002176	1.21242181259096	1.96462725271894	1.37234395959407	2.97366072177497	-3.42449984680927	3.91911213419415	-2.76015027327953	0.0737138734851568	0.714725310130306	2.10347940568849	1.50021224345762	3.02792106407023	-0.407279187719482	-2.35383073323716	-1.61529108087609	-2.79877595908973	0.177051282969288	1.24713310610039	2.0047677414471	-0.255005111352805	-0.155476091944636	-1.91859617500751	0.37544679701639	-0.144875648452843	-1.56580621351939	0.196294312149032	0.993380563805849	0.724172185621665	0.208624647674443	0.978777198488558	0.148423368963388	1.60652071551008	0.0199645828645927	0.425702798639039	-0.825961197714038	-0.311954952973084	-0.524168014979402	1.46016049187917	-0.309591977830339	1.12887701974529	-0.131544765074391	0.0803347386691658	-0.693653904478931	0.287625939823213	-1.29263035261174	0.512857013402956	0.708008845984883	-0.0872703418329778	0.105771037570949	0.0605047900203418	-0.287189137267633	-0.467702652682092	0.0436124603199769	0.128109981552608	-0.291045359648079	0.0200522446266602	0.241511482748716	0.0574749253252306	0.477027308838989	-0.516397850700113	0.17119637923029	-0.0437250480669972	-0.338864087404948	0.247112850893765	-0.40054073580911	-0.111848698266232	0.082627131646738	-0.0217658619814184	0.0676587962848222	-0.0258658003279323	0.047481892799945	0.0610930843456221	0.0185196362250159	-0.014017223268728	-1.38621752965307e-14	"MEK2DD"	"APMS306_data1"	"APMS306_data1"	FALSE	"MEK2DD"	"MEK2"	"3"	"MEK"	"CA"	"MEK"
-23.8498399491606	-4.13907319900905	-3.4011883281721	-0.971481842349089	-5.25414017844616	-2.18267886429744	10.7734621195304	-2.71986705254093	-3.02154039691443	2.47576839137502	-1.2862970074205	3.20895102891937	3.00503909789668	-2.56448175184057	1.19776239567372	4.37037866517444	1.9562241697895	1.53878028390322	0.837032306732928	2.52614942529298	5.02808351320595	-2.85903106899365	-1.01384368548361	2.05519123803574	1.70829324986947	2.16586073993257	-2.27265149415878	1.41048102202356	-3.83394026086496	2.2037087923942	0.57429174264095	2.08239553429394	-0.780247302970087	-1.55435708151976	0.733016236017396	-0.0219874098942578	0.147305293633939	0.705874247830399	0.37473759490853	1.18147713920902	0.0973949197262806	-0.363911282697528	0.305430413057003	0.785916433669161	0.553467758218993	-1.10044133242457	-0.668854198686003	0.918477652501484	0.0202999774924601	0.259498802466682	0.404172712816431	-0.20163904943329	-1.25489597872869	0.849395673927396	0.378259846799448	1.86346964325469	0.891646206994869	-0.868516080059476	-0.458327512564902	0.761230150713213	0.17043189415683	-0.18781470102454	0.0316862614219814	0.31699257032701	-0.921456242834648	0.71267304316307	-0.887218579539746	0.062875772159694	-0.769206050787736	1.61608526470468	0.00877677355901394	-0.0111671450256519	-0.170899154106664	1.23419494916043	2.03607805802096	1.15190808825454	-1.47632634290352	-1.89538710681565	0.467361487088206	0.184531779395245	-0.722769331214753	1.02110503995708	-0.00116255902882735	-0.203412598915411	-0.0695696959584388	-0.913153847200615	-0.591525956159552	0.214594913040198	0.430701236515078	0.302883941152608	0.215066242634584	-1.276105853344	2.11052031472802	0.48495077881741	-1.234431134017	0.0397419525569361	0.0794250514641852	0.0849928822442205	0.0418838284372103	-0.0624033072766415	0.00927458159690729	0.0288119612803962	-0.0108860371650257	-0.0534861284301826	-1.53765888910584e-14	"Raf1S257L"	"APMS307_data1"	"APMS307_data1"	FALSE	"Raf1S257L"	"RAF1"	"3"	"RAF"	"CA"	"RAF"
7.33727407446692	-5.58001708141143	1.75724386367223	10.1067643260513	-1.41776931512642	-2.75141890926566	2.81850403926118	0.870661140435514	2.84077314843243	0.179945265701597	-4.70812813229966	-5.58504601491188	-8.28298189361418	4.61904401006787	0.0658387741037531	-0.685388619526723	-0.982865449340673	2.80503153346204	0.934598022456059	-0.579990455196754	0.855678208645835	-3.81664605498751	1.61284479587037	-0.249873692245835	1.08306587517866	-0.537284091563626	0.481330780904926	-2.01481729742987	-1.94768060426198	1.07349861394689	-2.35736414183939	-0.990678832944132	-0.152242298071982	-1.63318595859617	-1.17038390498699	-0.315478701864346	0.085855081276216	0.782042358502581	-1.9924128905705	-0.658373091653975	-0.247897384368376	-0.46525167571208	-0.226617356181582	-0.529211747967053	-0.476547312914187	-1.15584870948903	0.92317568684687	-1.51443031755044	0.975902991820703	-1.12487845431707	0.425712897823598	-0.204261659759728	-1.13171014730015	1.12601694028555	-0.137881658871131	-1.93662215447047	-0.485737576196953	-1.08582978792781	1.48312721838447	0.731446908141817	-0.800853836430852	0.423206799237986	-0.864561785726485	-1.75233646624076	-1.14066128352995	2.27594614311694	-1.0223830564987	-0.152124141735559	0.150633291199061	-2.06654352152102	0.222759967522445	-1.10172775263297	0.909851506690978	2.18126449925479	-0.23153478479482	-0.296898802256771	-1.20392086339525	0.895825303220898	2.29811015590555	-0.0375023585122499	0.821368619548336	-0.64473705669805	0.163639048666667	0.97592111002089	-1.02539841114373	0.873463424002871	1.40591205993695	-0.731136871439333	1.31227120739979	0.500411668140486	-0.993089008462182	0.17781253642685	0.203849320725252	0.415393685365838	-0.425865924324582	-0.12623910414764	-0.124304971230296	-0.0149969042552976	0.0098427541849023	0.021831443955246	0.00323226234691663	-0.00877160650699632	-0.0181914904114959	-0.00526212041810584	-1.69378400194375e-14	"ERK1AA"	"APMS308_data1"	"APMS308_data1"	FALSE	"ERK1AA"	"ERK1"	"3"	"ERK"	"CI"	"ERK"
9.71402158210185	-0.326264885428772	-6.57492138393255	-6.91518102142638	4.74669533322647	-6.34511221578104	2.1665495844619	0.787138302862833	2.63782422501419	0.54608817295865	6.4683283518932	4.46360373685573	-5.26928906757187	-0.46047014971808	-1.36597174574401	1.35116268863049	1.44142968754967	2.82316869183646	1.86910884821624	0.748021941921479	1.74076492047658	-2.51137230925522	-0.916697492806399	-2.43102134177302	0.443168847874225	-1.32141466611669	-0.893339419673113	-1.67167719663451	-0.731828844754264	-0.736440824992512	1.05910005923835	-0.725673571686024	1.04054228745389	1.72612376568078	1.31013364767177	-1.44534670545385	-1.87234761262669	0.684999939599604	-0.95496680814196	-1.77731970675848	-0.880379388404907	-0.139184498129605	2.80211888851057	2.98962092066359	-0.581162964102082	0.66121919740199	-0.0743544526968508	1.38610664574341	-0.307127324497493	-0.931567466645213	-0.961925373371468	-2.61593975575966	1.49741509923125	1.40045490864089	2.74266172222728	0.901778065654939	-1.38087475320989	0.981336967571214	-0.553680121338035	1.14812618852592	-0.0898726138582364	-0.0119185542866319	0.711182363981656	0.470671193716527	-0.547156621129416	1.15868444371347	-0.0600660966972724	-0.887713384941127	0.0418846017534633	-0.555131360562807	1.85552948127212	-0.406052412281406	-1.63843392039983	0.193177689547223	-1.19480020215864	-0.194545154618759	0.324161225748856	0.315625900579075	-1.55847373244896	2.02611047439824	-0.629651978657105	0.476445908040422	0.199529485023805	-0.184803543057915	-1.14516858319769	-0.297411401225022	-0.180446702090145	-0.561697563180431	-1.2150762088497	-0.184676589955768	-0.873060652629911	1.24555106409052	-0.693698466616767	-0.210443074305732	-0.983269322545917	-0.209804307746531	0.270845032672135	0.036150009581832	-0.0588731798345188	0.04374345465292	-0.0886871216667325	-0.0737530038314071	0.0327638855516484	-0.0208839214809911	-1.33840421384646e-14	"HrasQ61R"	"APMS309_data1"	"APMS309_data1"	FALSE	"HrasQ61R"	"HRAS"	"3"	"RAS"	"CA2"	"RAS"
0.834477928135953	16.4355378191221	0.192266125369669	1.9058686617829	-8.49910195291785	-3.0754927932975	-3.85352575959404	-5.14255660391354	-3.87908680890102	-2.14264533017688	1.16932992866386	5.41777178307205	-1.50058667046996	1.02272697160874	-5.72984784934304	0.797620793067268	-1.67279165866974	-2.41606372722034	-1.45290400969483	-0.641451213319965	2.43312059268088	-2.2947340498286	-1.68650005913923	0.937661088545043	2.04612220987564	-1.06467875726571	2.80002453660573	-0.27839343930775	0.157966581973021	-0.532860101248083	-0.205328783768335	0.723753103031087	-1.41195974093966	0.742283385176807	2.68800583048543	-1.17811172578755	0.424791626180698	0.302619145346858	-2.17641461656411	-1.28941949738245	-0.250386432139718	0.479753662844856	-1.80038884061284	-3.20898366664817	-1.78359609126592	-1.59263092381577	-0.287132499176647	-1.20165007479862	-1.15155143467671	0.386644353557721	-2.03698570653572	0.584327576091577	-0.0474848645075782	-3.03989551370633	2.20659634467677	1.28608095024487	0.0394908945934007	-1.89819979368028	-1.45697037909588	-1.29340082392647	0.0751110584715449	-0.0893016936072901	0.532345069944276	-0.0399104022032903	-0.0312155300884026	-0.234456338105987	-1.72043558949684	-1.40399031173873	0.0996434940873336	0.395734022355399	-0.767409028800989	2.03533241428805	0.249532378618364	0.865365257328744	-1.54851543931342	-0.164894486230562	-0.113834046781118	0.471818360088983	1.0301318843671	-0.562932334686835	1.34187988859151	0.91125020842316	0.163135931896726	0.318082257551088	-0.776978564263868	-0.554839616911325	0.525061964282763	0.136469437022256	-1.15240005183277	-0.319336480290171	1.05248156298742	0.109054059756163	-0.590696278042957	0.26764446497589	-0.564771101667278	-0.000500154323318866	0.0963536519891982	-0.105570145334736	0.0450297939777249	-0.00632808494014602	-0.00157752693645648	-0.0486061229793029	-0.0156217445360243	0.0411417646315161	-1.14381702893962e-14	"MEK1DD"	"APMS310_data1"	"APMS310_data1"	FALSE	"MEK1DD"	"MEK1"	"3"	"MEK"	"CA"	"MEK"
5.86405587169109	2.04610306184882	-10.2121913088403	-5.76948880439134	1.78186913886209	-12.6685384784947	2.672218678381	6.37503046913892	7.06661334462984	1.71552982623319	1.71034155108487	3.35745170840725	-7.35807314309409	6.79715674287774	1.88642206479093	-0.98943744476914	-0.64748854776637	-3.15440758904416	3.75119042482782	1.29354579571749	-4.03473190675915	2.69048571454762	-1.76485047012248	1.44819841897635	1.45511168613382	1.99199881648299	0.858455182236468	-0.823797325895766	-2.42682832676875	-0.00929177224466523	0.649837546176158	1.26703384933444	0.357151202713798	-2.15369290608505	0.630843179124165	-0.163517963404395	-2.22621216932572	2.02051143096884	1.13089375286737	0.222432062149596	0.745965082998163	-1.11926226007287	-3.22446501737378	-1.82668923778358	0.214876382102553	-0.259243991647282	-1.40488613624193	0.529531135563918	0.0783891754054108	-1.20277358630813	1.30779808285267	0.548903823731433	1.06420710183588	0.928372530573386	0.987043647356046	0.503302514961023	0.30983935278843	0.328114655092046	1.0375596162409	-2.43805626723308	-0.715273247842444	1.21157251291904	1.32829865354499	-0.613352240260664	0.870153667233072	-0.207707486148786	-0.257857183106148	2.11027465471819	-1.39542018918252	-0.364888519952857	-0.283633887449023	0.804590728067415	0.0692554743577252	-1.45283195062912	1.40671921133949	0.107563231806241	0.321792864952325	0.620132041357077	-0.43518906494354	0.1590106493258	-0.228357154571247	0.189224299679677	0.402692058472218	-0.212444973151246	0.918454740639921	-0.190176038441781	0.760062362532808	0.0170415914546401	0.0784535232967902	-0.786518550097341	0.301081849709507	-0.509351500474283	-0.353816418697071	0.151263226652492	-0.790982191101174	-0.0571083757358434	0.0770014276873166	-0.0362170038620057	0.060625874691126	0.0449553926015868	0.0171554607602839	0.0211005985340588	0.0608252923756335	-0.0233299355145693	-1.50070927906754e-14	"HrasG13R"	"APMS311_data1"	"APMS311_data1"	FALSE	"HrasG13R"	"HRAS"	"3"	"RAS"	"CA"	"RAS"
-30.0367229405183	-5.65681503157962	1.22599449516918	-2.21052938823985	-3.00844938017486	-5.44995093891191	-6.55791903343126	2.31581027269949	1.10242854252132	3.74408461300698	-5.11425385827224	1.27829558256796	-6.17361824652524	0.406102653689773	3.93799734126028	8.2777357989242	-2.86806081470983	-1.52974226125909	-2.84868639530774	-3.06208923625992	0.288637032810408	1.9171122633399	-0.347766696574062	-0.480106668212211	-1.0708607651381	-0.978725172503176	1.08255404538389	-0.412781397494066	1.04748810608162	-1.07177740335743	0.0913204985854604	-0.515158106661715	-1.50693274272949	0.992508418928883	1.0961718507604	0.331965763419232	0.508058716744218	0.183325350933906	1.24879236756671	0.381123755279383	-1.08934615928755	3.50293715998627	2.18836740776156	-0.0995217717962992	2.16933356024144	-0.21775837818554	-0.343171147309556	-1.00569291415855	0.457315851291369	-0.402113843073056	-0.775533013712911	-0.229955051713057	0.905733085966851	0.340296437422487	-0.878113494548863	1.77404657026667	0.636351319158157	1.19557969026526	0.848948433769929	0.289537235385099	-0.95612482827684	-2.00067603575085	-1.32990633606085	-1.07425588275009	0.52712415509675	-0.0388499867864802	1.99461246456066	0.482810015079979	-0.26192637895662	0.309048553270918	-0.312511893204258	0.22612426664253	-0.150828108800345	1.13847535632971	1.33949277933814	-0.926654161224542	-0.00322603815419186	0.970133476113271	0.594479607352418	-1.04180527929646	0.448067622680158	0.00313968851385906	2.36666036330037	-1.46070744439162	-1.03932380499308	0.313280786870788	-0.861098294924429	0.234506955587946	-0.183373285618561	-0.343388985482704	0.525269982978443	0.596416634408005	-0.358072939456874	0.161078058133459	-0.733894072430706	0.0459700313833735	-0.09416408132788	0.0333574398322844	-0.0768378487247354	0.00244078547487251	-0.0208536181107269	-0.0501386968507072	0.0317134934256615	0.00171310553448297	-1.66568148163293e-14	"ArafS214P"	"APMS313_data1"	"APMS313_data1"	FALSE	"ArafS214P"	"ARAF"	"3"	"RAF"	"CA"	"RAF"
9.03470805950569	-6.69981917638909	-1.59522491775056	9.73551212021049	-2.67652007285082	-2.66678241886712	0.267332034697741	3.02253722654959	6.87956440025519	2.53289729132872	-4.67498139814882	1.89699057679049	3.69048086916312	0.504838784718752	0.261616231221026	-2.09965279638617	-3.29555399505474	-0.225710655913539	-0.885410571158757	-1.86465868736594	2.10176506146528	2.02724353038815	3.56635172665842	0.659831994538837	-1.65427712316786	3.31996074046901	-0.0765248478510456	-1.42098460225852	-1.20174571931966	-2.51442397585868	-1.85910567560746	1.62040518072423	0.754994176923085	1.19040617793615	-0.137997351515121	0.237824071774237	2.13694601674179	-1.08829506761162	0.378776811003359	1.37064193489559	0.983821707103335	-0.00156294079615325	-0.665255844363959	1.815667582817	-1.07545988246442	-0.430814088375963	2.05985385364649	1.3719503863088	-3.02683946781716	2.04417860208617	-0.804420747305392	1.51822892721009	1.58313273872391	1.76398175258414	0.875546015227737	-1.4126300383237	-0.627043912466434	1.10284902081353	-1.82283689288096	-0.35925664956104	0.553037771001512	-1.09757911518958	0.832742323497021	0.0226636786067068	-0.973596468784166	-0.624358707266252	0.955097852439801	0.237086309716197	-1.54667294447199	0.772626432962557	-0.872445036254363	0.821376485896357	-1.55658232453161	0.307187695175444	-0.527130428613725	1.05702176960511	1.54748154838275	0.601376969526439	2.54615831118245	0.257107671161694	-0.801976772091845	-0.366294593466535	-0.0500075328260939	0.691301179066292	0.360908660067558	-0.287695845784254	0.291627366717617	-1.18381286790528	-0.664047359271123	0.410334876383049	-0.232332796484414	0.512908022577181	0.0473151006663493	0.460584818958174	-0.876102687075704	0.0259766100989026	0.101737342947138	0.023352275754363	0.113772576790022	-0.0829300141955122	-0.0688380736798613	0.0444460987542276	-0.0165279801520647	-0.00910774080832728	-1.16013969264639e-14	"ERK2AA"	"APMS315_data1"	"APMS315_data1"	FALSE	"ERK2AA"	"ERK2"	"3"	"ERK"	"CI"	"ERK"
10.6339885839662	-7.93758308824062	5.28643126476933	8.6581398417128	-0.319299299230384	1.3840142316527	-0.592245726106189	-3.3389366353461	-2.6529779993928	-5.31452032020267	0.93814833818132	-4.9032375898779	-1.48088559001689	-0.702621604616473	0.330166544185193	0.307266438976958	-1.71266217652507	0.866721245232777	1.04349655707313	-2.249277039358	-1.03193156677663	2.68798288933394	2.65175551799385	1.45723273020693	3.04177300184236	-1.90017335168762	-0.361555235420341	-0.995938417471592	-2.75160291260638	0.173052798265238	1.88832604043483	2.84887806133268	1.69876462870819	1.73798509865973	2.13824978869544	-0.59120583420761	0.658318087929926	-2.93086016517059	2.27948700471985	-1.81964001173314	-2.13668536176579	-1.49683701181951	-1.99561416293464	0.635208279997058	-1.02889050973719	1.03758868553452	-1.04542802224097	1.16545072856989	0.847958021327387	0.0778279434298291	-2.38969422526947	-0.373897442979579	0.648079889399796	0.115352706175755	-0.869748384534465	-0.0214726410818843	1.16546929008024	-2.60051250457316	1.46657061789231	-0.057607320243136	-0.814330945521854	-0.670142531014589	-1.40772865080264	0.12818485643118	-0.211187187085347	-1.02465501721138	-0.636477372791601	-0.841868508252925	0.897123542053302	-0.320830851428721	1.6532748195696	-0.0816554833984748	-0.332105464618232	-0.698828865351951	-0.514424658041015	0.783037481345759	1.4853269356857	-0.361752061953736	0.846858995052972	1.67522736590609	-0.19798698947045	-1.00355083463973	1.42053680299903	-1.52899232435699	0.125688796523005	0.372424279183899	-0.650063754324938	0.791702989905286	0.579492696223783	-1.054557960058	-0.0893609402038398	-1.49545419418018	0.0986547049824707	0.0698871187854999	-0.402144682218508	-0.180805861742968	-0.084793871761798	-0.0271463904182718	0.038563238780376	0.0515275244926921	0.0242992190401641	0.0129241183747862	0.0134697910835321	-0.0360429095790038	-9.58651560911683e-15	"ERK1DD"	"APMS317_data1"	"APMS317_data1"	FALSE	"ERK1DD"	"ERK1"	"3"	"ERK"	"CA"	"ERK"
6.7529442926538	0.00801002983109333	4.91353113392152	1.34689928066094	-1.72597690282334	1.9388962406829	-2.56790816953735	-7.24627336505843	-0.0939366684075575	-0.124219960447894	-4.10346745044204	5.55687845866126	-0.472630463845531	2.01773122056396	0.554870005247238	-0.265876941805835	3.28380882075261	0.564449982167607	2.8855650253472	0.596204198035502	1.27499783521927	-1.31750058656217	-1.8759741865514	-1.73321367013598	-4.48432860617589	0.694346711900515	0.923058758279485	1.52081149809756	0.204919407940878	-0.96729623153356	-0.0804983609912998	1.77952492554278	-0.889533146526515	0.375700205268698	0.128381613356596	-1.04327855460024	2.38277010065054	-1.40916892039288	-0.0053708287231976	0.406257040981217	-1.70514790946275	0.854964623762499	-3.83245266313792	2.04609263120842	1.08470823228047	-0.418621726366132	1.43291386498112	-1.83645658379449	0.688407437159592	-2.17450155042495	-0.301247465369265	0.745482441793372	2.27298319266685	-1.55006163627249	-0.241641938473384	-1.77558686137115	1.33462097909782	-0.432262192078518	1.43635210961277	0.564109338002649	0.824443489342547	2.12442593721576	-1.11334531349457	0.0573689407634403	1.40329331684125	0.139559466837025	-0.345382349848524	1.31681601945027	-1.49799849034491	0.454964255630977	0.199915601491596	-0.602054161687167	0.414015899860132	-0.382920173891895	-0.702928066281983	-0.66271573887928	-0.106144456529331	-0.50343120729116	-0.769040103193952	0.112949363038827	-1.67157476459556	0.275317056069738	-0.160566737239316	1.2998218467776	-1.16315324412541	0.111914185741387	-2.32271417711954	0.431080483115334	0.591859682917823	0.652712898417257	-0.280583036529081	0.3592578449234	-0.724486392420405	0.0504791026238232	-0.686079957310017	-0.227911090017676	0.307337870011386	-0.0216839525659881	0.0459034012172154	-0.154974254044273	-0.0635084808485686	0.0416354063959883	0.00965060025597455	-0.0600127416901764	-1.20892879040824e-14	"MEK1WT"	"APMS318_data1"	"APMS318_data1"	FALSE	"MEK1WT"	"MEK1"	"3"	"MEK"	"WT"	"MEK"
11.9378106374643	-1.79219903452928	-3.0464863780559	-3.91338396070921	2.47633689309114	-3.76749666945389	-0.787460752728416	-2.05899119045411	-2.99715363430087	8.16926407687807	7.78287267043511	-0.566724291597497	-1.88792449168581	-0.232260858553077	0.67857719663296	0.745360638163749	-2.20633829265589	-2.45038408613158	2.00871362931024	-3.58710620593917	1.3830376855737	-0.43108904020943	2.76763380414803	-2.74440803601075	-2.04679782360586	2.61595031678813	0.0241787006675745	0.00031370391767794	0.0437574485640003	-1.41540227285953	0.970232058930828	3.34520466563196	-0.519891960300454	-2.15648121366666	-1.58418995403364	-2.73099040295715	1.40000622525071	-1.63405872234233	-2.18314879957935	-0.622367801010789	2.16668358095996	-1.18727842907824	-0.3157635599552	-0.278906766063561	2.14204483737482	-0.864959016388306	0.0783884893967949	-1.80319629573823	-0.0628806649254629	0.155181849333015	1.42505559733624	-1.67567065674041	-3.11422601419388	-0.474999935616909	-0.368963762829524	0.719557637064147	0.93483787954436	0.721480154890072	-0.449116421665422	1.21707765179387	1.02903377763824	-0.15562915178248	0.781948855780597	0.788231014084913	0.762277138995922	-1.45012629286641	0.36472687178688	1.53272545568226	3.31429595181946	-1.19521437732423	-0.788961385689151	-0.701097877397069	-0.359637054681398	-0.532077193321121	-1.72290932262506	0.193060518553673	0.730569090555537	-0.848413834372787	0.24959516960707	-0.436032535165841	0.458124028910794	0.114887199327174	0.963386386301813	-0.750019929242036	0.21806357342707	0.114648619889027	0.16536911788524	-0.0771596539798627	0.0654132993004495	0.246557082520666	-0.305970164083475	-0.178104088574005	0.45158077072409	0.339088796714608	-0.607770883214782	-0.0870752861534402	0.248245045688365	-0.0422334155885504	-0.0111389297375475	-0.00600649146555517	0.0198205070183597	0.0616545394958255	-0.0137634316742512	0.0097223330419341	-1.271552307891e-14	"HrasWT"	"APMS319_data1"	"APMS319_data1"	FALSE	"HrasWT"	"HRAS"	"3"	"RAS"	"WT"	"RAS"
-17.7304578053374	-6.11503585872089	-7.50573063809336	-1.08841774389753	0.963442013154352	2.57547829963317	6.88914925744158	-5.95039452493086	5.59530647350285	0.0595609568825475	-1.62857864393043	-3.63215152329579	-1.873445790656	-1.38108751712613	-4.62168985696839	-5.23328611336369	0.481502840428393	-3.82443626518089	-2.90322970581402	0.2312777651851	-1.3338001783756	2.58559214479148	-1.65950812881635	-3.13798904323771	-1.76623892306214	-0.061776585842891	0.726863881001725	-2.57216310022909	0.832029617249082	0.338181512230776	0.640401883294141	0.434222885224888	0.159976992070555	1.43356866204082	-0.71762413618222	-0.770313439582807	0.947492218584512	0.800237394227657	-0.103233134514539	-1.19094023447291	-1.22520076475544	1.21067269988519	0.823953234983335	-1.01858263573324	0.467410277829256	0.700375059613235	-1.87328337343048	-1.67043037281546	-1.32107005656378	-0.582831419750774	-1.05290856876582	0.326683866893691	0.830112203727256	0.511710796709715	-2.53878563303143	0.945421750531354	1.10601218706611	-1.0933169143575	-0.882337563094965	0.0432188881842719	-3.04310004021548	-0.148045649771588	2.57620361667786	0.276756020780293	-0.831074904490996	0.249461723331425	-0.726511990617281	-0.355930584407426	0.207470070191547	0.529799099298339	-0.48650786121524	-0.0278161081244508	-1.65530204994631	-0.642651711281173	-0.418457505968308	0.341088805839375	-1.69478701863158	-1.21020004125532	0.203175373944197	-0.770686687513761	-0.345537763838059	-0.489157846179347	-1.6381807274051	-0.389755989702061	0.332389042361298	-0.0888126550825664	-0.215192033372135	1.01816880251641	1.10516563586602	-0.262198655288677	-1.78368306902547	1.05107477192351	0.31201740559314	0.243022549433603	-0.633858754878905	-0.232450865473806	0.0751070932075369	0.0733332088963131	-0.0128662750649728	-0.0760217616181641	0.0112039057191367	0.0230132212677985	0.0183552003594011	-0.0486835440036406	-1.62612978638066e-14	"Raf1D486A"	"APMS321_data1"	"APMS321_data1"	FALSE	"Raf1D486A"	"RAF1"	"3"	"RAF"	"CI"	"RAF"
-0.58355093561185	12.5665884830818	11.2673706102029	-1.92516825951034	5.96250905621169	1.643088170679	0.735304260906066	-4.10785539136511	8.29871384522636	-0.587753515983739	0.898258325020942	-3.05504489772755	3.08529129341415	-2.34630963633497	-0.953221829913336	3.39896985947296	1.33409263980756	1.11484470697607	-0.995180994355286	3.41139767998353	0.599305291575119	6.09802162712467	3.12154259857976	-0.847429524047136	-0.770480709012592	-0.832956821189119	1.85360883749649	1.39725315947605	-2.30598329420444	-2.18425692981921	6.34978674560083	-4.28061025477089	0.487314679484777	-2.2838801385812	1.50436463472389	1.48851326972362	0.691163784456804	0.659207070545566	-3.68206266808443	-2.2253165231387	0.553701024023439	-0.49972218016727	-0.926676980709237	0.609989849483389	-1.65969124643708	-0.99530583729766	3.94484142746799	-0.285494878044738	1.26332558435948	0.227508117723263	0.501594138491011	0.167851242445856	-0.562002029983961	-0.458798065914674	-0.595425188040832	0.776753579854465	-0.568548029708775	-0.0358929489594337	0.118159469476333	-0.464827422425807	-0.356041760978249	1.07281676716605	0.370576885677294	-0.137908686672395	-0.744750876351746	0.389107139485839	0.983189877374812	0.0413593107424771	-0.0352388511999498	-0.206385271616341	0.408616219206961	0.142223158163165	-0.474268709249628	-0.415243952427291	0.740401988596039	-0.464523349486113	-0.418321536217789	0.08774995649872	0.214243884851533	-0.499029039580203	0.163687594544102	-0.103400220213546	0.66145108703836	0.0954664333341418	-0.0400049271126409	-0.582732427510585	0.0227717514902136	0.230402409283171	0.275793315855985	-0.10496941071339	0.287079503099936	0.145720836226054	0.343472642786709	0.185895037985976	-0.509238603504512	-0.163484627740131	0.124294155253074	0.000835305637233516	-0.0179284352591785	0.00341718908046362	0.0107229011935812	0.0311868216908928	-0.0325543438691307	-0.0105244897301285	-1.5185769308701e-14	"MEK2AA"	"APMS322_data1"	"APMS322_data1"	FALSE	"MEK2AA"	"MEK2"	"3"	"MEK"	"CI"	"MEK"
12.72399393752	1.60849617929912	-2.91828060467461	-5.44818083095176	10.8842980880326	-8.04642625406358	2.59629040924613	1.147662401827	-5.25660810825906	-11.187788066467	-5.04420119672338	0.354053019066434	2.59411886435766	-2.21750827597349	1.21190188397917	-1.60074619562878	1.85501828095244	0.459427236241131	-2.329397399793	-3.28924040386787	0.472080257574227	2.38469895886991	0.255826196827324	-0.51164163445606	0.871731463937866	-1.56816006391872	-0.378555383173253	-0.884472365131414	2.54255361135171	1.13960400897673	-0.96853961078749	-0.295123483036841	-0.72679321555991	-0.55068607939625	1.92489076570746	-2.54984806216173	-0.11738388455901	1.13224035682718	0.0784815454181308	1.06255730903612	0.495601124153532	1.0366849067881	-0.0607535893984777	-0.261968659551159	0.861348319533187	0.560335126470754	1.30668149269925	2.44542101590387	0.44005199406688	-0.95016586150884	1.3502239463854	2.23061798012233	-2.20859318203374	0.738705464665162	-0.658128196602401	-0.221495733077417	0.884062825620569	-1.96080937104686	-1.16548952549664	0.789731004527799	0.249401017507628	-0.627883847924059	-0.0383969999639558	-0.406493999200817	0.963502505088662	3.51877946368588	-0.2981480936935	2.06270361015583	0.888998758885391	1.3712760915045	1.22680448613955	0.724312765060195	-0.434485246265632	-1.17432012342788	-0.798096356791988	0.810395264864036	0.184100295695758	-0.840887665090024	-0.412122487726164	-0.668554826719092	-0.243743687397368	0.0415285553015482	1.56957240732976	0.62248972893021	-0.100468205949046	-0.0559193558528368	0.98909612930076	-0.587561392977163	-0.141718104326343	0.625340284785488	0.334284050630837	0.341426883649648	-1.01543152219353	0.167003287050527	-0.510935892911217	0.0058154345529766	0.0763511649459618	0.012698944004688	0.0321428003692241	0.0146030993888579	0.0297324891663311	0.050900600809844	0.0397279032998566	0.0142362518322864	-1.39506461938055e-14	"NrasQ61R"	"APMS324_data1"	"APMS324_data1"	FALSE	"NrasQ61R"	"NRAS"	"3"	"RAS"	"CA2"	"RAS"
10.7639806315309	1.06879348885451	-6.78762632222022	-4.16848806163254	4.85009246151041	-4.3966716843142	0.982815639496454	0.353980194328995	1.77745632999921	-2.42670325315003	-2.2456817758019	1.39091594741216	-0.194766412096847	-1.16180869821877	-1.93264669678806	0.358772009080915	-4.70534146184109	-1.0236915532249	0.929880887096221	4.24005191285831	0.877889297583862	-1.22372754018585	3.77628846203701	0.24885867663709	2.36329462276785	0.0905707854540234	-0.322655600826031	1.65279857065694	1.8977305549765	-0.746547020965022	-1.07581147294398	-0.622134692317277	-0.00361013242217212	2.76483768809015	-1.61699032118608	0.593254181536573	2.14614836425154	-2.1775322745543	-0.317914195046686	-0.577311740466326	2.12018732614083	-0.582639387258778	1.10854166943299	1.01904981984089	0.972420767487154	0.877455654905607	-1.13744984061005	0.517652246553774	-0.194531454066192	0.864162063532058	1.5174809397983	1.24942015100157	-0.917124115881776	-1.24852601055663	-1.80785210121888	0.0338471019648537	1.97830774932727	0.959906119162436	2.01030523432459	-1.51180337355114	-1.00801682838544	1.01399953091789	1.2475334168877	-2.25894953033739	-1.36459285100089	0.504627339245992	1.52974155195143	-1.08987548319981	-0.895389983712758	0.809895663780924	0.313563639643477	-0.508018084506269	2.44345789158698	0.662620540063224	-1.66542907403482	-0.463881200713028	-0.337347411927911	-0.654323695874043	-0.854172125977727	1.3560467876471	-0.77134266160233	1.40699372375778	-0.644797501147297	-0.902852950005769	-0.607002795746544	0.239569378511863	0.874374259064608	0.550268792686851	-0.0166408131209109	-0.617764995713522	1.4061053189961	0.120953196506946	-0.293849344250338	-0.0985071134784412	-0.692193469758292	-0.141998465146922	0.253293727622181	-0.0546192565652534	0.0924202409689929	-0.0438809668977121	0.00606600890234718	-0.048863358679333	0.0026494895209747	-0.00621341689058219	-1.39957490041809e-14	"NrasQ61K"	"APMS325_data1"	"APMS325_data1"	FALSE	"NrasQ61K"	"NRAS"	"3"	"RAS"	"CA"	"RAS"
-2.49610188727416	15.0362829741653	-11.6779333419928	7.03210399962124	-3.29919595782768	5.16442814188688	-2.86017236517045	3.45294736989316	-0.883003287165327	0.663264254760669	-0.19496079825023	-0.476612757706794	-2.36864840646286	-0.0333169773406675	-1.59867794532198	0.357148286638133	-3.69953105244102	3.62710102591959	-4.10920897061646	1.03831865421668	0.249806253550638	-1.0378992056841	-2.65303200227958	1.74619987764936	-0.837857256461037	2.92035522454444	-0.71015917857874	-0.459309177689491	3.26474473915371	1.14688505985003	1.79072499585863	0.0173226781334761	1.7036034363128	-1.20581947368273	0.0276468046713125	-2.35720100990469	-0.105940952205203	-3.71334082207786	0.53974977272289	2.03235277585587	1.21308911616896	0.295771816170772	-0.826355271800676	-0.983837227670126	1.26210846486832	1.00847667935063	1.23651565992027	1.38904265149319	1.50981543706198	0.166326045723239	-1.52288142459168	-1.01925327888395	-1.48342510856021	-1.27086258133237	1.00544328330562	-1.24987164946428	0.917554877935924	-1.02882099022075	-0.904491043425166	-0.981182884316957	0.356380854794301	0.53364857217962	-1.21809122794762	0.00136099179065839	-0.608053551390037	1.03991773887734	1.40785770505205	-0.824426862125316	-0.164509659220135	-1.08914596075089	-0.833897784495991	-1.35041819585743	-2.48606827363119	-1.51734112968941	1.82291070813272	-1.47481973488404	-0.735966331533938	1.13188693973197	-0.482515494692351	0.623781797616733	-0.643789407735147	-0.631436441168532	-1.1442816542221	-0.682236709787466	-0.0379893498430126	-0.831953159367506	0.837521418139955	0.513410525110417	0.532500080319502	-0.0655018361851426	0.0738382633204039	0.125694653333477	-0.0047740151145207	0.20701513638321	-0.549850334492118	-0.151250172919484	0.191032862908187	0.000407271936368552	0.129090373829616	-0.0548127283110019	0.0316145374096426	-0.0330391275606831	-0.0321857270909012	0.0154768620848039	-1.50435219836709e-14	"BrafG469A"	"APMS326_data1"	"APMS326_data1"	FALSE	"BrafG469A"	"BRAF"	"3"	"RAF"	"CA"	"RAF"
-6.9851213820389	6.92921754248608	-3.23889743458364	4.63090650504238	7.94450500285406	12.0263747671304	0.416497635903633	1.27663382464564	-2.02983758644609	-1.23407106511606	1.55883989094193	1.80668700308641	1.42296685832715	-1.38051654524906	7.23525849043284	0.677861709899733	-1.47110300990426	-3.19441671692559	4.04946086240263	-0.120358825581832	1.03538648359935	0.00383611429643961	-1.40203998145945	1.77051876586622	2.0052977061063	-0.402456142475468	1.51375965455019	-1.18809350133678	0.941103230451881	3.91087776524229	0.285506216879729	-1.16074062561728	2.18373160406995	1.63465325935744	-2.18026134377168	1.81143667161207	0.83751082731989	0.55397090388714	-2.24590273096403	-0.810230458646409	-0.870159958613326	0.516920505183468	-2.24736391103423	0.827681412030969	0.122737433754574	0.0163975609618725	0.440794860493558	0.897370102104204	-1.50652789756864	-0.0967814776805027	-0.689704869167545	1.52102836317529	-0.137638078016969	1.4660920129501	1.65168266952071	-0.952806690955086	2.88353235632923	2.02935082586	0.231312021075585	1.53380907715954	-0.140265746236404	-1.09107577513182	1.04417430533001	1.57906954475258	0.248410492679377	-0.932958037091413	-1.01789952555606	-1.22656483376709	0.310483444053759	-0.896694349075431	1.19629622846927	-0.550971865869869	0.230920896078671	-0.605666870727536	0.153451285208515	-0.427676988417048	-1.73277331321198	0.520103959651055	-0.172033317520638	-1.75589994379919	0.889686503437538	-0.779491318054777	-0.038858726736842	-1.05149259741409	-0.184123078247841	-0.233655636026195	-0.0895097362583478	-1.34872524252612	0.430932792466697	0.239655370718146	0.927737549536535	0.0950727170759997	-0.793191728812799	0.155519382209354	-0.56852371103813	-0.271168996746244	0.206674775402452	0.0402265123757499	0.0268812017742421	-0.031118309864944	-0.038964084155906	0.0184762830725308	0.030301569898684	0.00591188852969932	-1.55483265151801e-14	"BrafD594N"	"APMS327_data1"	"APMS327_data1"	FALSE	"BrafD594N"	"BRAF"	"3"	"RAF"	"CI"	"RAF"
-24.7698222868655	-12.3287359649587	1.44734282877912	-2.8371122376111	4.03965951852982	1.14672517932287	-9.1670568379287	0.642001723669014	2.94069060144109	-0.516962899664135	0.315967014700913	-0.642820706290013	-1.22464928487639	-4.63446622413261	-3.39284565822797	-2.55855453284584	1.4668357551171	-1.01712240686517	1.89620410688075	0.855200341168387	-0.816196223303311	-1.50316921588136	2.57041753386664	4.6954651171537	-0.737769211881677	-1.60961631171787	-2.50061689851227	-0.534570610919866	0.290722743586574	-0.411372484415692	-1.25043737047504	-0.357308335173763	0.214256481493653	-0.952153761148942	1.35539806625698	0.264769596901835	1.00137547557913	1.32226111306304	-1.35793697468802	-0.93681803658784	-3.60860132758264	1.53954667955844	0.400298148856581	-0.712752410190553	1.55647524313841	-0.702689009637453	0.0467133189551689	0.472517591458572	1.50104883333391	1.29714678736984	1.11961640934016	0.438480703855826	-2.18155114446796	-0.0686415208490669	1.25526276501179	1.21233018371076	0.266776987177718	1.43258095281015	-0.853587011592989	-0.469549501800796	2.09309755654427	0.275262658212368	-1.56630147274664	-0.0386652264525383	1.12483846440885	-0.849962004606762	-0.648118686285498	0.697224031220653	-0.877151867374356	1.05625661002755	0.93988164092971	-0.754189420386894	-0.465347536403663	-0.830215135383496	-0.66710485661671	-0.368155650790332	-0.196113797983622	1.00909349973392	1.01003145039971	0.934244320749102	0.440329606143892	-0.46513911060981	-1.82690691915863	0.485636831253165	1.60931302158379	2.09885678768238	0.339467224941375	1.41623710924815	-0.20002168026053	-0.557062805657989	-0.243242372392968	0.327887558201807	0.00970471037026081	-0.0614261494347255	-1.00046184777582	-0.296745579920285	0.0409753560993954	0.0643768327959868	0.0458271238875289	-0.10361510638154	0.0226376952345482	-0.0148908268582414	0.0384662988154889	-0.0274825676536735	-1.59802726606983e-14	"ArafD447A"	"APMS328_data1"	"APMS328_data1"	FALSE	"ArafD447A"	"ARAF"	"3"	"RAF"	"CI"	"RAF"
15.2638526404201	-5.58117644801903	-9.11932528952293	0.677845801443299	2.33199312618322	-3.43976794922983	-3.74444015219746	-2.8659392341331	-1.83434873025214	5.92263266955786	3.47470847967793	-3.53224977499742	5.61073228026066	3.43901645650047	-0.627060646125257	1.66498186332368	5.85359003700756	-1.22944457424002	-2.73661035357386	-0.250598748815478	3.01425976972834	-0.400091963655602	-1.72346282122144	2.44512028756739	-0.263137394857917	-1.03085784581829	-0.733199997096719	0.923740588095672	0.654320079711002	0.455149559285958	-1.64031305790139	-1.38287672183593	0.197955476488721	1.07978268086494	0.750236788894398	0.399233113306089	-0.887464638882403	-1.32099341734977	0.104428033836541	-0.113376304411195	1.11266103751434	0.46990939125168	-0.269757173981853	0.811903230624681	0.579266424859177	1.15923431439294	0.425297256152535	-0.823272147953744	-1.14218099781942	-1.51158193636604	0.374663286193263	-0.292693032875501	2.36963079618832	-0.76632466784731	-1.6802066431143	-0.447345961629002	-2.0686739681793	-0.71725578266509	0.480821949922171	1.65344057589372	0.256332570036978	0.00841619885468108	1.02854261153068	1.32978199592239	-0.839469527005742	-1.50671963531192	0.294311047837093	-0.204680121475751	0.288813362688196	0.976444492714042	0.0330204558292414	-0.0618048081811236	0.723525821014051	-1.88826752163938	1.15531966358487	0.932422566334987	-0.583702966235778	2.00659438821359	0.150727293835107	0.854022613570446	1.38102712745191	1.16877287634507	0.918288520676948	0.39445189282952	-0.232166807306198	1.63227870489145	2.28375382217655	0.639846700970312	1.52284364909899	0.164290445171009	0.557501226667373	-0.191591853905615	-0.0707233643652935	0.423162567603692	-0.926015190657182	-0.300931778467731	0.0248299484301638	-0.0272715505948047	-0.0111770191586271	-0.0567245548794142	0.0116786517053321	-0.00275469110160631	0.0637716691825921	0.0150612120695199	-1.20528587110869e-14	"HrasS17N"	"APMS329_data1"	"APMS329_data1"	FALSE	"HrasS17N"	"HRAS"	"3"	"RAS"	"CI"	"RAS"
12.3870717665647	-5.3368532810859	-4.9804121284241	5.36729213361052	-3.70055751454145	-0.0172973363690483	-2.55317466881586	1.37338191795607	5.06839125398563	1.77296121505876	-5.04017336110359	-0.060562791777746	3.37885363104232	2.07499902087009	-2.40368731380023	0.553728883672903	-1.81785347301621	-0.00957909312508547	5.746714169877	-2.0852398504374	-0.638806163982927	1.72550269534906	-1.06304242020535	-3.18584768954919	0.619597369449853	-2.49558418513007	-1.6203138648912	0.40220946964328	1.43430319978525	2.60574131840096	1.69219087349968	-3.52744314416903	-1.23727987295662	-0.651300393025606	0.294100535462239	-2.70715741279122	-1.09514568386139	-0.439843825666168	1.81151563789259	1.49505286658511	1.10324563133025	-3.28718744429605	0.45186095158282	-1.68880045037267	-1.561990270569	1.64031391695268	-0.601459038176504	0.393100233475219	1.17649320501954	1.34374308611211	-0.674801479585367	-2.13805881390811	-1.26941841896976	-0.542108658061783	0.0146708708655388	0.31956703928222	-0.314173992380446	0.171838457405291	1.01566835551155	1.7687430080574	1.7280176454296	-1.27267064427952	0.93837224590838	-1.7215035486945	0.573388544197913	-1.87362370136021	0.497253372438977	-0.301243939395946	-1.19420946323965	2.02133909418186	0.39186686511335	1.31274453868562	-0.673238384830144	0.979787340948297	-0.822194118258856	-0.158875981075152	-1.04096492728254	0.381036104352638	-0.38884748117577	-0.886963883220873	0.605384083680628	-0.708713506582259	-0.451332976068953	0.979931167859489	0.00924393469726704	0.161271464368799	-1.19852506162385	-0.162404529643167	1.02414868141463	0.594488533941329	0.103914840717808	-0.0486600968771859	-0.0942492381362831	0.266663878052852	-0.621006338980766	-0.10686850191257	0.115634207685154	-0.0976419201454676	0.00753753853219748	-0.06552721701409	0.00302387919128353	-0.0267600157990242	-0.000657720625225209	0.00466219829030063	-1.19158155564847e-14	"ERK2DD"	"APMS330_data1"	"APMS330_data1"	FALSE	"ERK2DD"	"ERK2"	"3"	"ERK"	"CA"	"ERK"
-1.12791179023885	9.97530107619138	11.8208034692477	-1.1478804227041	7.31317390213853	4.34292283633118	1.20795587545536	-3.63098744820805	5.94374163461378	0.0858764843064461	0.135431484052088	-2.9281200226246	4.08088992938835	-2.29019443446488	-3.78014592570509	5.54434061943168	0.158440320108945	2.01507979200259	-0.458454405394695	-4.43572001982828	-0.991260328265906	-1.65328847622543	-2.0537474480981	3.64849459385219	0.727586979770795	7.17229290462701	-1.64506468918307	1.51935105227783	2.02740540147495	-3.60529675221047	-0.0762301524549498	-0.30381126160725	1.99519464099032	3.03020035166546	-0.963105434338755	-0.628131969413397	-1.38020035233956	4.21719730367504	3.88081232396175	-3.5865064307734	0.628771692355351	-0.796744626222193	-0.741084506522936	-1.28363658932399	-0.127619424929114	0.420036977669373	-1.19130667660151	-1.02714966429009	0.0482520478915817	-0.996508135883697	-0.137136553970734	0.445394055475858	-0.977472354651119	-0.382555633146386	0.393714594096206	-0.817404891617343	-0.928407144431088	0.661607336859183	0.866332332079481	0.525127593318607	0.0881328526743651	-1.04754713767926	-0.292677681673629	-0.490221725439767	0.23787845878402	0.429319997204609	-0.0297646545799758	0.194369674571598	-0.00410228766796608	-0.841109803417878	0.46618124090324	-0.184728821587429	0.219396718858877	0.193072237459259	-0.582111330084729	-0.040151563360624	-0.0264500730179215	-0.642881656472479	0.0939780527922076	-0.54935954343883	-0.464719439471736	-0.0112262420005542	-0.191346526612705	0.449684671238924	0.0332141063933518	-0.371716888653689	0.144986372453792	-0.0691125204009621	0.29848056975811	0.0239535851284657	-0.0603344574112264	-0.182765620204198	-0.240152020764459	-0.00877416132777966	-0.48591786203918	-0.112524162917833	0.157412643531283	0.0505925131522391	0.059164215384044	-0.0833750430878983	0.0187251007570296	0.0100062811633984	0.0283626334591368	-0.0236977216009774	-1.32203276104192e-14	"MEK2WT"	"APMS332_data1"	"APMS332_data1"	FALSE	"MEK2WT"	"MEK2"	"3"	"MEK"	"WT"	"MEK"
5.93787518059958	-9.10428918912837	11.6135049958882	12.2262683976206	-1.14285170999396	-0.521381747896647	2.29743676084664	1.76405999436339	-5.42165033078742	-5.67945954979793	5.28733195463465	-2.68429313196305	-1.54309276238695	1.90780988864893	-0.392731490830611	2.81530213159122	0.856889505124085	-2.21006648896688	-0.151280924367862	3.68430665866513	-0.75584137479518	1.59944153504693	0.211351831093931	2.32033560526071	-3.46093386852119	-1.02910894109836	1.11230318539026	0.366462229323976	2.26323796466895	1.06296709003206	-1.80460528229464	-1.96579345271311	-1.36421269349303	1.05615815992984	-3.44233201294814	-0.682750443362454	2.50740508995836	0.441707400747125	3.22973055476381	1.04667757570373	-1.31157431114214	-2.50590993582346	0.974366735558365	-0.886314284693543	-0.524437409330897	-0.494192373821455	1.84913510081488	-1.27448127965756	-1.72153643531439	-0.111795958469406	1.96104689822134	-3.3532905343451	0.579323706091597	0.0397046953106575	-0.647737873105403	1.27275630658628	0.532595128169815	-0.22024689435872	0.0114212948848086	-1.20631555403637	-0.640738332480562	0.85100777485032	-1.89143387101853	0.183119711045422	-0.250977069288696	0.368733681639805	-1.02269861745588	0.0186759051797544	-0.757608728666525	-0.935125563684107	0.880206407259821	0.522355585828673	-1.90938100148802	-0.234965295488165	0.0955806139463498	0.439538218018267	0.330192312983572	-0.869994972340444	-0.452307745568898	-0.674949618255914	0.591622979524655	0.851507859150131	-0.0863995200507209	0.0524555816429565	0.492858439258737	-0.149833164413652	0.498496782016866	-1.21333314945716	-1.2517456290328	-0.235680012640936	0.644419045696154	0.0872105296496386	0.217517063043993	0.468157929656931	-0.62247211123332	-0.211407422836705	0.369053256955622	0.11361130189827	-0.00352819632059299	-0.0768688833769438	0.0460725217632477	0.0275660681345893	0.0218093505807808	0.005935998950477	-1.01160399501588e-14	"ERK1WT"	"APMS333_data1"	"APMS333_data1"	FALSE	"ERK1WT"	"ERK1"	"3"	"ERK"	"WT"	"ERK"
7.44951294196779	1.40967365793206	6.71487779586165	0.162764663489523	-2.24426178572551	3.16778835758016	-4.39681589386686	-10.5938550442606	-0.449138925291715	-1.7133088347239	-1.32593670125814	4.36253102417409	-0.843092985139901	0.528966834178069	4.19305587975634	-3.197668926201	2.49629606397445	1.13320210866354	-0.301454205026186	-1.54102432043678	-2.93182359788193	1.81482142093508	-0.755313436436908	2.96576427617444	2.40503057616985	2.81095103939602	-2.31526096659499	-1.00927158388122	-1.30427830313253	-0.477051110176242	0.891914872192172	-3.71479392200083	1.73775245696029	0.293994510282063	-1.13028614627734	-0.986968889516853	0.458281963650307	-0.677192237080944	-3.79204262243877	3.42827120936051	-0.912340399594706	-0.254709176828895	4.23714842139856	-2.2094344275735	-1.30072783912468	0.441871008589004	-1.85867497762406	-1.72444942177699	0.439719423952496	0.011256139383926	-0.882404307424029	0.171885027222515	1.51154178237528	-0.310851994314045	0.149250128237263	-1.24527274783873	1.24905515310051	0.201119631552378	0.652190030833886	-0.254658823480665	-0.0550099268645341	0.0989920550047413	-0.0183394196948182	0.17450420555258	0.419781958244166	0.0708134369090159	0.248634402167434	1.21202019145146	2.11055812049951	0.490338139664624	-0.618772386898115	0.621627603854704	0.306011203943377	0.676902912257967	1.29615173159632	-0.136063498561924	1.62443287445702	-0.96732688332344	-0.135292611651095	1.12721029038127	-0.368010292302962	1.0099881309834	-0.688302434291803	-0.152039690603091	0.104080678888688	0.574321574216404	-0.0498994503499799	-1.27089391294895	-0.0997319642600013	0.225588106860627	0.150509648037054	-0.0565116350334841	0.000282676032452226	0.44681514536948	-0.657089671578646	-0.097509423496141	0.18346880971317	-0.0792682811507261	0.00665522979902294	0.0192295882572016	0.0472100634086477	0.0054322744987098	-0.0349619133345533	-0.0224448362103735	-1.31960414817556e-14	"MEK1AA"	"APMS334_data1"	"APMS334_data1"	FALSE	"MEK1AA"	"MEK1"	"3"	"MEK"	"CI"	"MEK"
-3.83961807911309	6.9125374796847	-3.03667484954107	5.03098713404251	9.52817394996184	11.1387949874726	1.3485084432828	1.06047409569503	1.09357952124428	-0.284519454339783	1.15349682571659	1.63577521670352	0.975046945453199	4.33960088175294	3.20109065843495	-0.368784183275503	-1.67099732896279	2.02501986307574	-3.34154433941121	1.15117880272887	0.899646272087918	-1.93086547545964	2.97935269401217	-0.136786683563859	-1.19737210694138	-3.12458592758182	-2.5120219064636	0.0577507451341523	-3.48727251734246	-2.28513537666097	-0.275029962902524	-0.265297980719213	-2.93143522978236	0.471050686655853	0.0116862891389509	-0.987104193572866	-0.901270387285943	1.50020841752476	1.11352673507389	1.27773916465211	-0.6067467531978	0.203989280557124	0.604180186046998	-2.33701994417381	-0.743640686936867	2.46341122050856	-0.86195802494486	0.913529273972583	1.27900941064692	0.301529476284548	3.7614752791629	1.53240664606011	1.50787843805404	-0.700298038900414	0.83623349878213	-0.0847364397484733	0.632805143601571	-0.852971189849459	-0.0803658236381638	-1.04749086536773	-0.490286128742381	-0.856084358901238	0.173752703749748	2.96005710124983	0.678724229434777	-1.42615062770036	0.854834933315723	-1.19296196003245	-0.277087938310484	-1.4255192812459	-1.44435327383642	-0.539093775056921	0.00480937420304315	0.793849584044707	-1.20218823268733	-0.354850457149012	-0.594240061211898	-0.726530045890791	-0.920279504084452	-0.0704851678400393	-0.145973369499827	-1.34280289185336	1.09739220392372	0.722713494482263	-0.184821007245169	-0.280771821683012	0.129695735278874	0.863324223023209	-0.220169771878588	0.934058173193392	-0.4101251437937	-0.190450234989022	-0.247931080080924	0.543356526856832	-0.678345557109883	-0.0712289995600347	0.104141809730149	0.0307617997525831	0.112775921023091	-0.0774096187922554	0.0109240731282901	0.0166585048737569	-0.0423695730777154	0.0129409082048789	-1.22193921647806e-14	"BrafWT"	"APMS335_data1"	"APMS335_data1"	FALSE	"BrafWT"	"BRAF"	"3"	"RAF"	"WT"	"RAF"
-17.547426772289	-0.102072075470677	-8.22291453029899	-0.760220363448311	-11.8960445765178	-6.50045248973783	2.58093671199892	-2.06176878339927	-1.51166994434706	-5.45655837654953	0.529162485238865	-2.07364152197143	5.92532591788544	1.01168763186968	2.74701984518216	-1.51432866516593	0.787807627711515	2.94670492349158	2.1885132703757	1.29112175778833	-4.5359708053423	0.0859840403341432	-0.133429890326534	-0.735823393252361	-2.29458826803134	-0.387142872323034	0.322895632289041	0.33369207708231	0.227830800989665	-1.55726991270652	-0.927430870317579	0.108136468596223	-0.669392977863346	-1.16046828359373	-0.897021197817489	0.518968323384271	-1.78586024053986	-0.890673933237055	-1.47180205891461	-0.885684972415285	0.103677363850929	-0.948886344896721	1.04502453999291	0.0968781056847363	-0.585617239162789	0.382472161919785	-0.682074631482209	1.10651483566721	-1.77510249569685	-0.030231518083253	0.234832171649503	0.677053050303974	-0.342358974950621	-0.536500727256924	0.400431667358977	-1.30471122189838	-1.92322343972003	-0.832340629810901	-0.616690722780188	0.87301209235506	1.35689576681074	0.410214890659107	-1.16162383227586	0.179490868815676	-1.01443102207848	-0.665232074510637	-0.01042572979356	0.086931766014238	0.0993986433500091	-0.948337861107892	0.258406233577072	-1.40910827618587	0.20050656479084	1.57836885572516	0.35099225454537	0.431700455855874	0.0775743521756472	-0.301018816524089	0.423205356288669	-2.99831843079617	-1.08495752592637	1.12446015355937	0.0197206595803275	-2.069734642867	0.189113409232235	0.0233916245131966	-0.0234294955806202	1.64895008905856	-0.144596185659238	-1.70116189811038	-0.211130767115675	-0.108954721716078	-2.17622370381219	0.073044631460203	-0.976341014987045	0.211379447557183	-0.102603712654982	0.00640668464599142	-0.0474575000327877	-0.0204937828631956	-0.0623616134959826	-0.0324324309520603	0.0471700289373936	-0.00703049592468868	-1.43392242524243e-14	"Raf1S259F"	"APMS336_data1"	"APMS336_data1"	FALSE	"Raf1S259F"	"RAF1"	"3"	"RAF"	"CA2"	"RAF"
-16.3246752518856	-0.955086202078924	-2.39054262031029	0.115761048290393	4.15906335415822	3.34882459017497	7.85044247996823	-3.08469017115796	0.202408432503675	0.585959412916918	-0.649696951290929	-0.072877973885654	0.353238996134186	3.0811663616794	-1.69251044942964	-1.439510752202	-1.94546509791222	-1.20042172363514	-0.66556163104935	-3.30927012501046	-0.734033963253445	-0.668292717404586	-2.89347238586082	-2.49875648492886	0.225450870848192	-2.1925143380284	1.80862312671576	4.70432573940465	-0.225982255601856	-2.32808638572722	-4.24103186183082	-0.031869622516066	1.24940056240846	-2.9385552859	0.262309702580937	2.82665637262553	-1.3845291182553	-0.527159234002293	0.957585474171804	0.74479708464796	-1.04511192654073	0.651873703016822	1.47546991979149	2.28846213749497	-2.66918879316953	0.453086269248274	0.503800101495957	-0.0570165237233457	1.38583580310379	3.09130797002378	-1.76146144758129	1.1887285150587	-2.08212191581683	-0.768235363590223	-1.50502717032561	-0.59080421340705	-0.599765182288914	0.369229757763931	1.93944016755914	-1.14542972755781	-0.0194148748427792	0.00538998889621459	0.344957992225405	0.729953725799535	1.93914231121836	0.108253383993559	-1.19312012723182	0.244416455422804	0.297197137614594	-1.12692744953722	0.304551101121708	-0.485356759621198	-0.920633064682349	-1.08912476264974	-0.288276570516869	-0.467082356864948	-0.327059935726595	0.733887340855062	-0.258542848049417	0.786741474952766	0.338332073296072	1.58909734949552	0.334683480277403	-0.346702433049971	0.549628088681568	-0.624430794508639	-0.318662046393797	-1.06833872961584	-0.38117466214451	-0.00505615855674316	0.229683706289916	0.171189384496293	0.704281969814338	0.695738213540736	-0.675174066984362	-0.00543972277648343	0.32315508481169	0.00314563819511351	0.0230814123547816	-0.0745918960615225	0.0719438857818081	-0.0273454698459269	0.034353521046252	-0.00142721013802235	-1.29757316003065e-14	"Raf1WT"	"APMS340_data1"	"APMS340_data1"	FALSE	"Raf1WT"	"RAF1"	"3"	"RAF"	"WT"	"RAF"
-8.70936032464822	12.9400273042954	-11.8326291557086	8.78200049972323	-3.71081474737745	5.3709264715173	-4.14043856389712	4.18264740076711	-3.44246870145714	-3.72962601213445	1.50499374333829	-1.19208982658435	-1.2626181372877	-3.33084643173532	-1.1536520397512	-2.12456089509071	5.45846478474361	-1.12717780932101	0.948599125658807	-3.26281455862784	-1.4548706771303	0.947686641027006	3.49128642385524	-0.642742900329917	0.205077889809748	0.633488288631941	1.46940739918757	2.49708683802179	4.02503980876459	1.35643887695549	1.17805862330113	0.146782848163719	-1.42211659964253	-1.71874296015388	-1.299458083039	3.53830446022278	-0.976178918918155	-0.0414731392962777	0.46744007605745	0.80341554137336	1.22503087265846	-1.84919835438338	0.754029031538443	1.61814315515911	1.23655676469114	-1.66845061653424	-1.12993377273729	-0.401821870045013	-1.29694338781793	-0.367173500973873	-0.81892105880366	0.940611397826091	0.894710491302786	-0.169481985685228	1.24720536206558	0.916022811266525	-1.35927474778938	0.798163061969379	-0.451350148682383	-2.06323077674999	-0.773192493482252	-0.925696106009025	0.213684559045976	-0.449579705865538	0.13565451751122	0.115259857095439	-0.6430921923332	-0.475319264834015	1.00157942812215	-0.109561561876803	-0.0261518780281682	0.121693847144899	0.153286480538497	0.817476773394748	0.467322259722538	-1.26319292911712	-0.18451899311943	-1.04501073170244	-0.327872470212183	1.23474017733793	-1.01433076737381	-1.67604203631547	1.44214111186655	2.3146552139053	-0.946566427020925	0.762068717939214	-0.110934791051667	0.373518888347201	0.488541527137251	-0.733431506189277	-0.390248907619402	-0.586316036071268	0.444996888852403	0.225126553514941	-0.83827164616104	0.0581069816522154	0.169838131126489	-0.0459273854856788	0.0619756836578782	-0.0395231171823498	0.0228427714876513	0.0655908065426378	-0.00171451459749941	0.010534382114092	-1.36349265211777e-14	"BrafV600E"	"APMS342_data1"	"APMS342_data1"	FALSE	"BrafV600E"	"BRAF"	"3"	"RAF"	"CA2"	"RAF"
14.4493551342008	-2.38380236803289	-3.9511677950662	-0.784822609726632	3.68712915161879	-0.554090211359102	-2.17340309035295	-4.11474477483442	-3.34357571209482	3.93536295416819	-3.35009594599405	-3.28711580172497	1.27209841418287	-5.14171041826805	4.47785790345586	-1.14965539490591	0.0970606691725961	1.41754906388417	-2.07209397634531	2.92802589584256	-2.15735527209768	1.01156057826205	-1.29489644960693	0.295069866148896	3.82026514438537	-2.826965969511	0.477006812984278	0.237969069927649	1.37230737671073	-0.807445951465611	-0.83884133402207	1.2300767744355	-0.6215056183773	1.37632923322322	-0.465305801243125	-0.0741470969212817	-0.925427567478249	1.60967899736749	0.739503326447771	-0.84273993932913	-0.493900104731136	-1.66792224254336	-1.6559526102266	0.665749676160507	0.832506144998194	-0.369568081236512	0.58640683612042	-2.05769173293096	-0.569084092012582	1.7576875761258	0.723364827526647	-0.352989898475512	1.49331306349683	1.28418170209497	-1.06463517643272	0.00280750532932528	-1.05313964418801	-0.872935418174788	-1.17543293373929	1.15666922665955	2.60407149239737	1.13914100437578	0.90013757223445	-1.2148779426485	1.73995998657672	1.34479014494028	0.555572543357728	0.849812456263715	0.854593338260713	-1.06713149680519	-2.69662798414171	0.497321373829371	0.243505888372406	0.835805952221432	0.295859040560785	0.0897425409762616	-1.24108944694907	0.874072095636155	-0.145887754421377	1.39205568585627	0.61792306367817	-1.84035620994246	-1.0336032428371	-1.17513138690848	-0.577647021999816	-0.960858373811335	-0.940530659164859	-0.0925953471638281	-1.58255591208248	-0.841602008089866	0.413010475894869	-0.18433515107692	0.504840986041331	-0.00728408515911016	-0.731017893273558	-0.170570366629693	0.0807089474621977	-0.197123694062696	0.161770660941261	-0.086562536057753	0.0384877641266054	-0.0462115264725649	-0.0206546065691114	-0.0133578426268817	-1.17614251671228e-14	"NrasS17N"	"APMS343_data1"	"APMS343_data1"	FALSE	"NrasS17N"	"NRAS"	"3"	"RAS"	"CI"	"RAS"
8.96758455312686	-3.54458459234785	4.14418439507717	-10.2459251850142	-7.24477733739259	7.14287501945812	0.13755064543121	2.82397493735925	-0.976732893214247	0.476442312164801	-0.968233648701045	-1.81334132156017	0.199868066533135	-0.339862482659888	0.69721005354514	-0.977679274835931	-0.168435679962	0.0298356291182829	-0.0383146082268684	-0.3412296426011	-0.0275309564695913	0.287978722834724	0.470629055051042	-1.04133740857592	0.0883772279643158	-0.0396863320739661	-0.0633635659395768	0.256111345794959	0.250715488154503	-0.110494342478154	-0.448753641832398	1.18115177087661	0.000258483185880764	-0.624368941054728	-0.178985607003455	-0.233699771722217	0.623137959138624	0.611347149843734	-0.541232893128057	0.108106279396778	0.547149988174628	0.198455404925092	-0.267648404950829	-1.12986021828617	-0.592208952786049	0.679590900204069	0.00726193626998299	1.13479925270478	0.561535590897004	-0.1445398163127	0.0439882675572193	-0.187948255387398	0.504483565199265	0.19982229399163	-0.100653035190295	-0.780315213328682	-0.144747310272967	-0.26341906887155	-0.106466831210262	-0.415019600459341	-0.524289440491433	-0.420872709552023	-0.315077823685151	0.0993742008476926	0.278189074257311	-0.0760912059407107	0.577698833007186	-0.425857143461294	0.374588249078365	-0.497637577936737	-0.593520126900742	0.128669401333236	-0.319169744095734	0.113422952768571	0.3701856527514	0.667415121489658	-0.767267502767427	0.0521120393582237	0.524200493198569	0.249650958258222	0.7228486050944	0.912039580277211	0.110563668136099	0.942692036263948	-0.20520337940669	0.256605143758786	-0.421253328069913	-0.247276003794488	0.118813334886529	-0.697789112034638	0.645317324605653	0.0844217312034935	0.293510310540403	-3.56963964976856	-0.573248637512628	-0.142469399030994	1.39303756923609	1.83817277283227	-0.964780196069549	0.413031589117982	-0.00273380657486288	0.364449290164134	0.517418321067093	-0.608336372026416	-1.29549149185948e-14	"KrasWT"	"KRAS_WT_data2"	"KRAS_WT_data2"	FALSE	"KrasWT"	"KRAS"	"100"	"RAS"	"WT"	"RAS"
8.7054603926353	-3.4741124178063	4.13403839904623	-9.62710529290973	-6.90537528584184	6.71517282325875	0.275205201166641	2.52399872771339	-1.14815738293445	0.896406060967395	-1.18136974841361	-1.87662953178705	0.141729076320502	-0.369267916943371	0.513371479093884	-0.869579352012038	0.112350643781554	-0.358652828601764	-0.380578608734335	-0.163551954033556	-0.0706050936022338	0.146118125762364	1.06481202620394	-1.09986836188057	-0.336471125174617	0.728728393932248	-0.0282129038945336	0.26923198368957	0.03147363962366	-0.234115341061467	-0.486921832907387	0.80835539706169	0.611514017527897	-0.883505425680722	-0.566706546233188	-0.89091787875986	1.55988527712891	1.24368844827419	-0.169601069261391	-0.551400278640874	1.13514939283399	0.220024005679566	-0.775590906225223	-1.20615546710163	-0.708243119471412	-0.140305864422835	-0.293756863365223	2.234917076115	0.957395379769863	-0.0888823904772525	-0.124537734676852	-0.371236233344562	1.27095149318464	-0.859346736405331	-0.618956612504121	-0.0955288543527653	0.186722037331078	0.608900791728323	-0.458685901058388	-0.511609463942112	-0.0880716167916978	-0.776112729397552	-0.26715222054725	0.219832233142208	0.302062804458824	0.175476172841013	0.449263442087023	-0.143541515040319	0.442318839711187	-0.754935032252242	0.670353657304207	-0.47282456497512	-0.0611778664150776	-0.352845937963613	0.76304025494072	1.70991693094586	-1.44418200987128	-0.0460307636712022	-0.0201993838040154	0.213138065879923	0.0394938340901407	0.712683607147089	-0.228114166424747	0.89381997912398	-0.642919349252532	1.10974916883885	-0.937574884565442	-0.396945428639623	-0.460560964513257	-1.01258314324532	0.281408251153267	0.479036709482804	0.237498811644849	0.226928897718362	-0.126606139060962	0.0244056526966385	-0.212743410527071	-0.952305985393274	0.107921261328502	1.19957556478767	-0.367763150940172	-1.70132768571733	0.0144380802419385	0.996750312937607	-1.34510458327242e-14	"KrasWT"	"KRAS_WT.1_data2"	"KRAS_WT.1_data2"	FALSE	"KrasWT"	"KRAS"	"100"	"RAS"	"WT"	"RAS"
8.71383752315628	-3.53529674614012	3.80009151175931	-9.8881653469045	-6.54292299559688	6.13798710232378	0.865209032148021	3.19780372013809	-1.3285906176382	1.78506716207987	-0.661375992645065	-1.45341159667044	-0.459364190481908	0.0855941904272306	0.57805814327709	-0.703972104495769	0.166678602814153	-0.580760126817638	-0.523641989758067	-0.222120623171939	0.113291108921057	0.13220940092257	1.02336535187496	-1.22822146434301	-0.00775814856529664	0.514205565696006	0.150665176288681	0.134794690215131	-0.110752920335415	0.120032231613091	-0.543719533655506	0.649973401004073	0.788332360335503	-1.16199112053005	-0.376237803147237	-1.07716340384735	1.24364523513122	1.10994888278517	-0.332682743239765	-0.91584371356637	1.27962553323635	0.00439481472405554	-0.515977698180702	-1.34147749619305	-0.456703547612264	0.19349997329124	-0.324360137507706	2.06245324054301	0.999628811116513	0.151675430102019	-0.340024333743464	-0.330369916262733	1.30596181343333	-0.864716957163492	-0.416349020425127	0.273071895326884	-0.169977945224477	0.56781115727065	-0.217002017386648	-0.493932920416031	-0.0513061097592277	-0.666747386381506	-0.184735481350445	0.209030106058476	0.191474209097502	0.265902197299511	0.503365040361464	-0.450509746641363	0.564038649061844	-0.517465425341423	1.01671614625158	-0.54350733154749	-0.136186632113372	-0.0736701715926766	0.920830665050657	1.43939562383011	-1.30892434417005	0.0597919282419823	0.0968466069816775	0.250152080872496	-0.0504134322580127	0.913313736190584	-0.153814870198766	0.566535287924976	-0.776991864348298	1.15973236979582	-0.853247096284849	-0.556518839949148	-0.807681457658989	-0.923395625902522	0.349462660710585	0.585565020655584	-0.316509300627869	0.0915300395845852	0.253079662772125	-0.149845099554528	-0.997584511853098	-0.797953453768441	0.983268100734102	-1.58741818454474	0.796481940740527	1.13733541934263	-0.53240568422894	-0.514373934194887	-1.2566336859976e-14	"KrasWT"	"KRAS_WT.2_data2"	"KRAS_WT.2_data2"	FALSE	"KrasWT"	"KRAS"	"100"	"RAS"	"WT"	"RAS"
9.13569704536006	-5.14054104742684	4.08416268195979	-9.22681007214897	-6.51786635468143	6.45490613459591	-0.478969536243191	2.95637057231424	-2.28220659749787	2.6923279764993	-1.61491741431141	-2.45031124272058	0.783525270269487	0.66351289935772	0.972594788783909	-0.683948000770677	1.20134505963724	0.164309227709168	-1.12382909217358	0.363643430836325	-0.246904577165957	-0.423434779570873	-0.642087349458826	-0.0903476567347272	1.11670536397666	-0.663741470205291	0.604335986730171	-0.603834192413215	0.73352482881458	-0.995745773746721	-0.30447148891645	0.0708002711275386	-0.452063653827748	-0.11912528003957	-0.277888192507549	-0.859852351009281	1.34364297807987	0.945818015615166	0.662178900858066	0.0400094138319969	-0.073173176860293	-0.908958579208365	-0.342143056246442	0.475883832593098	-0.870369645526365	-0.131840123942944	0.446939715144309	0.619490152090515	0.376094218656251	-0.0187069339571139	-0.55395069670452	-0.152639211828554	0.399839067085726	-0.0212642988427679	0.218844986296752	0.495576427767704	-0.0521208352340711	1.31101873203029	-0.207892730290197	-0.761734211613905	-0.137938082779205	0.121564725433872	-0.0224964619380967	0.346062308093298	-0.344280981241554	0.387083946355029	-1.08365286358661	0.0666205621193009	0.00173165497989614	0.981302632111966	-0.163321504029132	-0.582858918345933	0.192702779942037	0.134668575206427	-0.324410146095999	-2.00683920038974	0.595681149288381	-0.32937432495988	-0.100480583553128	-0.21960734748208	0.104355871316134	0.108535453697223	0.423746850702656	-0.93471616100875	0.814390045556157	-0.567380037882413	0.860153559723819	0.386025768386415	0.669015423649676	1.23735841148676	-0.27148931316658	-0.0470173956971555	0.114298065038821	-0.544277204223921	-0.449022928267065	0.325536245504798	-0.392108257269853	-2.08657844119773	-0.335797897228968	0.841664794079906	-1.12241658406634	0.338955081804373	0.0616729159868658	-1.24035963102181	-1.1815201594878e-14	"KrasS17N"	"KRAS_S17N_data2"	"KRAS_S17N_data2"	FALSE	"KrasS17N"	"KRAS"	"100"	"RAS"	"CI"	"RAS"
9.04888414060286	-5.2346929545487	3.61849146748014	-9.21352460653224	-7.18822639231094	6.48679429447337	-0.697208605200504	2.5051464042547	-1.47566501112287	2.09380675716058	-1.5719509110431	-2.85913188552399	1.04711740112141	0.88713736304918	1.13044809638344	-0.548828650988361	1.59626592680695	-0.545170415384721	-1.37481040042567	0.229579931780575	-0.634269615447289	-0.619583399727433	0.224786654161031	-0.645934481839583	0.837335111277479	-0.72288343280485	0.429589920950925	-0.526196300094773	0.626923572472984	-0.969456289434658	-0.112316739436204	0.0149816324948212	0.0902284882807515	-0.300609411954487	0.279432331418327	-1.5765478740745	1.51122813295622	0.929835132245261	0.699187735045992	0.109617048174724	0.691121615726007	-0.639131372766629	-1.0350672052048	0.259837325890564	-0.291285113639562	-0.409192215294014	0.145134001075706	1.37774148303297	1.02429161455207	-0.220859043352577	-0.896783326661998	-0.497034429145416	1.18806244512469	-0.679673065089364	0.61292892507124	0.383962807026821	-0.44226002823921	1.9906140511145	-0.214769001284385	-0.931344931577461	0.114161626674091	0.291420522964059	0.248389319206961	-0.1860286276664	-0.314426558779113	0.599160857467325	-1.1131515980766	-0.0462818604178993	0.600691698564439	0.96787237539593	0.327951284347415	-0.528753244796839	1.24956613795853	0.17558610041097	-0.278620422120946	-1.01947240992943	0.107426598655942	-0.0406360578362128	-0.104038173053186	0.0388243262602096	-0.597695567705248	-0.436837183997483	-0.173921988368552	-1.33983857677739	0.518345923867913	-0.637924941906981	0.45917478055492	0.125136994769747	-0.108506090310609	0.988933436954314	-0.268136152987066	0.0275595619305466	-0.0111206101765427	2.40440182415701	-0.0589912287600336	-0.147135573457369	-0.991970589251199	1.33972930313279	-1.78129611903232	-0.36816870622064	0.575703137648586	0.194771901645459	0.461426125828339	0.579363122713664	-1.29132815551714e-14	"KrasS17N"	"KRAS_S17N.1_data2"	"KRAS_S17N.1_data2"	FALSE	"KrasS17N"	"KRAS"	"100"	"RAS"	"CI"	"RAS"
8.90981914717971	-5.21403877182238	4.6914671658661	-9.56458663819946	-6.82380977345864	6.29527899664973	-0.300862102719775	3.28711952180993	-2.50622366361672	2.66197006131479	-1.32752697657505	-2.37199107620893	0.4505071115971	0.844179986136601	0.77691181315064	-0.876366571584736	1.90469275856013	-0.32093781067737	-1.27537891230474	0.294570953316621	-0.528215109448437	-0.483354880108351	0.115023849299564	-0.00129260899761336	0.839944165812064	-0.703691697802633	0.391678354042739	-1.32324987987445	0.2296183760539	-0.570279992620457	-0.304449669535698	-0.0825971175391837	-0.243647275124711	-0.135132096022994	0.543405130828173	-1.00597001550783	0.491387201873462	0.635432903706167	0.438335541398939	0.503115705770792	0.0905145829905817	-0.66041954933911	-0.337150645515598	0.907907733293809	-0.671173087790239	-0.400440371675628	0.546203670828913	0.207856892572633	0.340264185008991	-0.102417381917853	-0.570352849633594	-0.215446673938482	0.316357714714543	0.765771734630829	0.40801502730135	0.699881777763545	-0.593737485555316	1.23244471023411	0.614584727688817	-0.285075985259348	-0.0436643162132783	0.154093838954222	0.0446911694352728	0.262158918305981	-0.0824429598164909	0.388585327384393	-1.21003665817865	-0.189416513838601	0.0653566849141861	1.02988536253883	-0.26168341178991	0.322507868779244	0.600156585908731	0.28748709398069	-0.199183204155781	-2.08801549011169	0.929044085131641	-0.496419484831723	0.305742631450311	-0.46497867236187	-0.00560571333110763	0.236100104489632	0.443267600742138	-1.41522289988606	0.702599870746927	-0.792786244689895	0.808154826353318	0.788947807663982	1.06626795317917	1.03148178908717	-0.462903706198376	0.0734488466143048	-0.168896901566054	-0.941670099255892	0.0788978463331486	0.214239345873594	1.58038207150766	0.770886375204674	2.07907719206859	-0.472248140053309	0.23938898052876	-0.472884292073445	-0.548323807046614	0.644425751916127	-1.22879137420817e-14	"KrasS17N"	"KRAS_S17N.2_data2"	"KRAS_S17N.2_data2"	FALSE	"KrasS17N"	"KRAS"	"100"	"RAS"	"CI"	"RAS"
7.54614757409892	-2.44055615628455	3.00154241186724	-12.034882081527	-4.29705837006454	6.69227342509495	2.2737671368351	4.86100755002399	-0.379820858386202	-2.10178128381273	-0.553646353865878	0.514139222747613	-0.95646196720094	0.783795786977037	-1.69457458548619	0.367698866753798	0.0996549887137328	0.34159809138151	-0.0109718858869881	-0.00982044830331826	0.194819748638445	0.245837392527435	-0.0562180459275929	0.669473897816159	-0.236602741175221	0.155568255014246	-0.116816360761225	0.0884088274797599	-0.385693005760666	0.254238394259849	0.148778294496492	-0.192343593182434	-0.130826700606953	0.688928335537468	0.283112830277664	0.99160213477753	-1.14033927198751	-0.955842932300001	-0.0160988057335001	-0.0883798817384221	-0.804582272717575	0.314620913582302	0.279845429614038	0.396611438114951	0.404864328414938	0.302403733204026	-0.308518576719489	-0.986925045469716	-0.732805502047393	0.040088123805731	0.324253810678582	0.199952653298604	-0.748996018049499	0.292972956590994	0.111937750307675	-0.198330021084247	0.185178689342329	-0.681885788959485	0.102537022223803	0.669577567699152	0.0898871993421894	0.24486939347617	0.0278879582007997	-0.000430628781343317	0.0394447212430222	-0.223482731267476	0.550204281897845	0.0422810582863836	-0.409517445962055	-0.13024962098435	-0.288289585293657	0.307352509328239	-0.219557847572554	0.0995678007820355	-0.0128840937952232	0.0630774286320779	0.0199427066162253	0.316398119790436	0.233045485430014	-0.183461988243229	-0.147207356464697	-0.0473155820166689	-0.125109864695086	0.178239696966389	-0.05525556115013	0.0614717603605118	-0.0491403271258314	0.0814872018375942	-0.204881893325568	-0.145317135099473	-0.0542129799825232	-0.071793067110311	0.138846605794752	0.103720274302103	0.0909982797810406	-0.233619259790679	0.837313389578945	-0.921755913442495	-0.207467840975216	1.21968743372919	0.122879199953852	1.91804381772348	-0.253141139967686	1.41128369938278	-1.10935566288717e-14	"KrasG12D"	"KRAS_G12D_data2"	"KRAS_G12D_data2"	FALSE	"KrasG12D"	"KRAS"	"100"	"RAS"	"CA"	"RAS"
7.64497874796011	-2.42289780865087	3.0124199840498	-12.0041118807457	-4.64388235218435	6.43760574661269	2.24674690594377	4.63084148078925	-0.215267861569095	-2.27140615660165	-0.378217146877719	-0.034328019532557	-1.02908615377249	1.15790665212419	-1.39365952669858	0.168832685650659	0.169552212272907	-0.281995408502849	-0.0627832116964329	0.207950675438338	0.198827970314561	0.120387505523886	0.261656675240681	0.6662041757954	-0.339082204008499	0.462768317608918	-0.0140875908149107	0.14375139147578	-0.409622066127422	-0.1200759178726	0.698833106023239	-0.385419676075754	0.392106624592516	0.211057724884845	0.426351114026281	0.432372704360506	-1.05954872317723	-1.17848946083357	0.0758780286371412	0.009998448747615	-0.153862899983457	0.721142412889139	0.185818158645104	0.0367479793064089	1.02227506752121	-0.113951998146794	-0.373371503133192	-0.236512775086011	-0.322322955833971	0.0898706414500531	0.11351939049397	-0.0865942973103715	-0.2537313567728	-0.222493053976033	0.0337806080824634	0.172212346566035	-0.260367723361839	-0.232196538546479	-0.14805048506909	0.337366182911227	0.367378060268747	0.0260559470639406	0.401446235049376	-0.468851461790601	0.304907154536699	0.138313431117234	0.536220504633258	-0.148422345201978	0.24109557974216	-0.382713887505484	0.448762113315062	0.23696256688674	0.524858930417652	-0.000780418142176417	0.166069639206847	1.39160234153251	-0.425573861629165	0.444466785052901	0.108466561068018	-0.14651998868487	-0.0971381963477549	-0.621636920300958	-0.427747050588508	0.253310917985593	-0.430619522593197	0.561904360119565	-0.464327950154333	0.135299503332195	-0.690953686041646	-0.45172479698018	0.0997553735241861	-0.13139251545371	-0.307268402136409	3.5446149178606	1.11471638085727	-0.0645558429170884	1.3725135255714	1.1932041987452	0.689090945879794	0.522725094000024	-1.0334962892377	0.0778989798662289	-0.0200217584236961	-0.985765283067563	-1.13450915328883e-14	"KrasG12D"	"KRAS_G12D.1_data2"	"KRAS_G12D.1_data2"	FALSE	"KrasG12D"	"KRAS"	"100"	"RAS"	"CA"	"RAS"
7.05615778091012	-2.11552011139202	3.99782805727027	-12.5072795056611	-4.19543297783751	6.29820966687025	2.69822718227607	5.44123514340796	-0.820092623164933	-2.22825342505824	-0.160473393304615	0.602377516027261	-0.997849451234309	1.05251148377685	-1.42097909412962	0.256839760334007	0.0739598052096913	0.241102023469861	-0.0557820946349763	-0.212268899083013	0.544219455309561	0.306910940313332	-0.0275198630164271	1.01244044212707	-0.312626127386418	0.220956975081874	-0.254322439968066	-0.436259799224685	-0.583053652240475	0.235266440294655	0.623390653353128	-0.262061119052394	-0.287278796578004	0.546061258539901	0.538168763689861	0.983238096787706	-1.27904351063527	-1.13187632580675	-0.296212901378835	0.284209081614542	-0.55276349988176	0.480878762151574	0.393329795863947	0.400778305730476	0.437970924282028	-0.100399045097434	-0.0803833976845246	-0.942929395878371	-1.04355326186247	0.0856414396078174	0.620222106285272	0.45274236078056	-0.987451846629149	0.622365094132515	0.169292478929935	-0.110471163780165	-0.192472588145234	-0.824702111813328	0.323690312999595	0.470249432482742	-0.0510436815615273	-0.0917198631289849	0.14511983806815	-0.11670609137528	-0.00843512209222132	-0.267651560048651	0.253335665729986	0.203034077556612	-0.548294940191101	-0.265244103986307	-0.377004901661354	0.395943693201532	-0.312085751716383	-0.0341698731928597	0.0184711968910263	0.121532460318495	0.247261144434307	-0.12145291926718	0.377625430825617	0.0190986621724363	0.0470295162114152	-0.511484993693795	-0.0718856520230076	-0.0713751100728608	-0.265774893484087	0.0612210865011746	0.133978677137829	0.0723861620995517	0.112083327320441	-0.123273089441215	-0.0749809687872171	-0.45266118479862	-0.210470863003726	0.0420003092480466	0.646187907448118	-0.0825964649236295	1.95372386761218	-1.59865417531315	-1.37348955594039	-1.78809332057289	0.312523753448786	-0.855494710411092	0.275346928005015	-0.00290349198143331	-1.40183004093686e-14	"KrasG12D"	"KRAS_G12D.2_data2"	"KRAS_G12D.2_data2"	FALSE	"KrasG12D"	"KRAS"	"100"	"RAS"	"CA"	"RAS"
7.48291910516331	-2.26933903646047	3.15960698161781	-12.1805825374426	-4.39292129043065	6.90612969348051	1.99921704448926	5.28285481446525	-1.06454326008159	-2.19512961108099	-0.52938148632966	0.269340152091646	-0.585877979663007	1.0348138643291	-1.64445944783717	0.572122394654251	-0.217256371831111	0.392454933716721	0.171846813292803	-0.245737531553531	0.257418473425842	0.329762628791682	-0.813779567965506	0.431998541935438	-0.271618097985098	0.225087145368955	0.169091118121986	0.479839085285757	-0.283090651610517	0.287730661763546	0.510746386782637	-0.159074063042654	-0.179877392843528	0.864085493754137	0.0187615196716557	1.12771517564407	-1.01257552308291	-1.01119703769779	-0.202719953303549	0.136145049585174	-0.845947624739486	0.287178949040191	0.479396989185866	0.529958612908856	0.481834615395047	0.139880534150652	-0.0512614694009039	-1.36955051260647	-1.04923515047903	0.0485994195305542	0.702954692461183	0.383639058900041	-0.962670759974732	0.426164636598037	0.028966588100568	-0.44971463992936	0.37833813441487	-0.797386415641872	0.0618230875002996	0.291515267036804	0.147178573394111	0.424168999941161	0.225721771961907	-0.21454736633893	0.0655831993342653	-0.633278220186441	0.0741735076999758	0.316598870904217	-0.24123533356738	-0.0490703137346262	-0.287317214836953	0.317195142357658	-0.460158599092915	-0.135488068365327	-0.394582898439674	-0.120227146498675	0.482747026472328	0.211236926622097	-0.297152332559261	0.0420119605685258	0.106434807035909	-0.301604523289667	0.0951363958858071	0.479943515158431	0.0601921388591206	-0.452721370431811	0.342255129254137	-0.285709439699735	0.14385524247352	-0.159565812496575	0.0783515758635849	-0.259845883189328	-0.00326821306872374	-0.589735650736021	-0.554965621789479	-0.23105429045372	-1.55482410684043	0.747225739719666	-0.704408617853265	0.0727513064863886	-0.0663690795871485	-0.547068382802801	-2.25788923190965	-0.206757746667355	-1.08524300657109e-14	"KrasG12V"	"KRAS_G12V_data2"	"KRAS_G12V_data2"	FALSE	"KrasG12V"	"KRAS"	"100"	"RAS"	"CA2"	"RAS"
7.44608983249771	-2.54819591730507	3.4137050153023	-12.1369746157469	-4.09450284436377	6.75474725120952	2.29938856583816	5.56995177931986	-1.50808606007685	-1.67321613326487	-0.334266111432445	0.782010452141727	-0.995074059694158	0.92313048715929	-1.8603200184838	0.649638134778851	-0.333499467831359	0.707774362894664	0.420019606799729	-0.0953394158002879	0.576496503524111	0.446629882183733	-0.958085306276051	0.637474835506861	-0.221997071623769	0.283023088914121	0.488080253025558	0.49112775886411	-0.441625894754017	0.367717426424461	0.681682242689252	-0.412393673939871	-0.320561688566028	0.388240966363498	-0.297573702848787	1.12152759895007	-0.776737845517538	-1.02383273243534	-0.422703567007525	-0.179023631422768	-0.571124400176855	0.145891035818876	0.54313466747848	0.107733528682169	0.172368988627954	0.571384847404012	0.0184112542201976	-1.50469492435763	-0.624877120178464	0.411138920856323	0.213137985067241	0.299160082655921	-0.804413993007214	0.257255806619485	-0.238582552731835	-0.289550012591514	0.616670878488452	-0.849348123140769	-0.0726730583209052	0.371156326373884	0.0898869286078673	0.444809815071756	0.11226477460891	0.0775113902449878	-0.151072944890161	-0.341359973119654	0.387226776190471	0.312572296318719	-0.0601979262252354	-0.311118644747432	-0.2576066937845	0.404670923951893	-0.34814209299661	0.0189771845976774	-0.256596881729327	-0.0104717108984212	0.517213137669947	-0.111105736337123	-0.332376825667813	0.245780348332033	0.189756478674776	-0.423451947170793	0.0995282374169927	0.534581602822411	0.17889175809132	-0.137728426638222	0.250896289692086	-0.358517942744211	0.0275445457007948	-0.103235676570311	0.0269621696117327	-0.0753483013573455	0.106772828810419	-0.838445258690797	-0.469123712688838	0.317090173290487	-2.00553957175327	0.516463640919833	0.735425475347089	-1.08826887690787	-1.51797401883778	0.0551095018009079	1.27620478414239	0.603295271900018	-1.32619609738427e-14	"KrasG12V"	"KRAS_G12V.1_data2"	"KRAS_G12V.1_data2"	FALSE	"KrasG12V"	"KRAS"	"100"	"RAS"	"CA2"	"RAS"
7.29682162374039	-2.51800226542585	3.23590985399565	-11.9386162789848	-4.0863399341136	6.72084155187322	1.97439138770495	5.19560614675471	-0.906348837688578	-2.08069966479721	-0.449034548723031	0.265251100282007	-0.665712055785728	1.26859149611846	-2.08871725902439	0.534441464792117	-0.0955605733439521	0.246971640341352	0.405519856155133	-0.143847496412604	0.334079601619236	0.341755094879733	-0.336456627618631	0.60561278002767	-0.620345918528377	0.350289688347149	-0.101286465835893	0.0952142504768809	-0.321418529809054	0.399311276359798	0.47952067913525	-0.609788236635741	-0.320450688386409	0.70621169254567	0.0524638984260735	0.963804629789233	-0.961040110595942	-0.944967556703785	-0.447804123800072	0.0143597822251785	-0.720674932890897	0.336684843850228	0.423847083011536	0.610154282660643	0.548152043437894	-0.0291158570267897	0.130661594969313	-1.44915324548435	-1.1727477257682	0.0113347740406356	0.470821262897562	0.571940683871804	-0.666025485500513	0.215622637783476	0.18223132974116	-0.195226244110372	0.20999770676183	-0.660326687317675	-0.0766987769496625	0.623049178145642	0.29072199280359	0.317060850691512	0.000988527949549184	-0.059425726012238	-0.183198608984039	-0.566026984584444	0.152954158162917	0.119006226366326	-0.481003807110554	-0.109753835051778	-0.322552319668257	0.338212405236143	-0.455645455836202	0.0192051766380869	-0.537419824404046	-0.269600255579439	0.358106694941064	0.177584762330104	-0.296832681279069	0.0595161812512108	-0.249473010235612	-0.346452200109307	0.0507816950667525	-0.0586274706127952	-0.10215293859215	-0.336615999917094	0.157088010110127	-0.194056731331858	0.0905900752862155	0.324201335612982	-0.055557369823255	-0.23270027318476	0.0985266490768806	0.120233517281499	-0.136614735600176	0.271435004279615	-1.02279408972148	-0.147716184535397	0.78451219356214	1.11140924038271	2.08337010687178	-0.480144538174165	1.01290013785397	-0.679276904575728	-1.29965482820182e-14	"KrasG12V"	"KRAS_G12V.2_data2"	"KRAS_G12V.2_data2"	FALSE	"KrasG12V"	"KRAS"	"100"	"RAS"	"CA2"	"RAS"
