"PC1"	"PC2"	"PC3"	"PC4"	"PC5"	"PC6"	"PC7"	"PC8"	"PC9"	"PC10"	"PC11"	"PC12"	"PC13"	"PC14"	"PC15"	"PC16"	"PC17"	"PC18"	"PC19"	"PC20"	"PC21"	"PC22"	"PC23"	"PC24"	"PC25"	"PC26"	"PC27"	"PC28"	"PC29"	"PC30"	"PC31"	"PC32"	"PC33"	"PC34"	"PC35"	"PC36"	"PC37"	"PC38"	"PC39"	"PC40"	"PC41"	"PC42"	"PC43"	"PC44"	"PC45"	"PC46"	"PC47"	"PC48"	"PC49"	"PC50"	"PC51"	"PC52"	"PC53"	"PC54"	"PC55"	"PC56"	"PC57"	"PC58"	"PC59"	"PC60"	"PC61"	"PC62"	"PC63"	"PC64"	"PC65"	"PC66"	"PC67"	"PC68"	"PC69"	"PC70"	"PC71"	"PC72"	"PC73"	"PC74"	"PC75"	"PC76"	"PC77"	"PC78"	"PC79"	"PC80"	"PC81"	"PC82"	"PC83"	"PC84"	"PC85"	"PC86"	"PC87"	"PC88"	"PC89"	"PC90"	"PC91"	"PC92"	"PC93"	"PC94"	"PC95"	"PC96"	"PC97"	"PC98"	"PC99"	"PC100"	"PC101"	"PC102"	"PC103"	"PC104"	"PC105"	"group"	"sample"	"key"	"show_id"	"bait"	"paralog"	"batch"	"node"	"state"
-11.0398356795067	17.9165737102107	-1.07943372492658	8.47630190003963	-3.01856256548356	1.81848491030652	-6.28137245251791	1.46978634983509	-2.27737848049499	2.29647327836699	-2.42064624583145	0.415001999522507	-1.60538061835388	3.1753860893219	-1.18274938791398	1.66609218595809	-1.03530839698711	0.529482496601104	-2.20357983710249	0.501153533690081	-2.87554614880482	1.38856832552459	-0.817060770899696	0.334176496036148	-1.00135923946936	2.00210885428151	-1.57437937428217	1.92393826377625	-1.15839862219607	1.02586940645477	-1.4536777130142	0.0300515920047956	2.31014818714862	-1.23740689697537	0.9676520077435	0.513056194213747	0.875480949508645	-1.8576524900777	-0.681286858977582	1.27183888039431	0.200174922372433	0.485416165147932	-1.0801281257101	-1.66323515725701	-0.266390153259919	0.391893693030564	1.76432648494361	0.803345046355831	1.12200869577134	-0.0878419222221269	-1.28507305414768	0.9122650991295	0.844025481571466	0.111121797759524	1.60704186185341	0.74376811171907	-2.21782491235315	-1.52485775707863	-1.23567060160122	2.3275126969652	0.433304931202182	0.420198807274968	0.369345167006889	-1.06946787775361	-1.01235918047439	-0.125291152168826	-0.0402250065577143	-0.329444946112887	-0.2228579642173	-0.738468503891818	0.345073567452655	0.116943242688815	0.634998173499499	0.234330299126171	0.619438595592152	0.0487915840520437	-0.913818571167034	-0.755513774793536	-0.907442875148227	-0.207894189166571	0.464137260681858	0.363140685185626	0.387392366358338	0.58179584665711	0.703075995748677	-0.0551257219360515	-0.0230029911737764	-0.177592731301105	-0.107187658437334	-0.826730121091737	0.135714104748927	0.0792165929791696	1.24342896991325	-0.412151507248144	-0.425837286051306	-0.0650565332577804	-0.631039907916161	0.747681827425753	0.368133789317388	0.113562371360394	0.3302896126517	-0.193588102968913	0.348386510955296	-0.518800491192306	-6.62447527388643e-15	"BrafG469A"	"101_data1"	"101_data1"	FALSE	"BrafG469A"	"BRAF"	"1"	"RAF"	"CA"
5.91794678079187	-5.46187600144276	-9.64537600334282	4.27846124214842	-3.70538540733107	-0.356101569893968	0.982707095218947	-0.749519869796112	3.09524907687005	-6.89884336495061	-2.11119847600087	-0.545114981320191	-2.65566953873792	1.9212719585508	-5.14528056118212	0.412294451653773	-2.32818564585794	1.32066574061602	-2.57595434392718	1.79922926217783	-2.49644636428787	-2.48964029028847	-0.0991436135834834	-0.699569637906472	-0.204410796195646	1.09045473727206	-0.229924890242081	-2.33868101815122	-1.08913923623035	-0.373019120877225	-2.8277929344214	0.676453674270104	-0.220154839767622	0.286828429095718	0.69289616453918	1.78329841185346	0.332040161909824	0.103935260740557	-0.844538006490322	-0.65939254526457	-1.21255687439163	0.0814173730530402	-0.623881304020292	-0.0561379872887822	-0.381985466788483	-0.63607378053359	0.501853871842431	-0.0403504681191623	0.906304376591756	-0.363327138239831	0.511503093969664	-0.873791183231241	-1.05360742879693	-0.538588090789623	-1.3180610445514	0.610211419094249	0.804506498000904	0.368678973059536	0.402127541474131	0.422907491070958	-1.00757126052646	1.02500315117204	0.118588283944787	0.613700202389535	0.868835417453274	-0.499542388853806	-0.339925761114214	-0.541850299574004	-0.288579805895901	-0.267390150469089	-1.14582203828036	-1.32040799856386	0.620636488092311	0.104095959369375	-0.146458028005452	-1.03123747366217	1.60346459627762	0.0556771956122555	-0.0411713705820902	0.524566929081078	-1.05618062342284	-0.633026228342807	0.228372948231402	-0.632352171009427	0.65104546549459	0.0740144635679274	-0.273954218060255	-1.22337241374271	-0.516496398750861	0.601575848737877	-0.191805210457274	0.70177649123329	1.04720085231744	0.0280523316512296	0.22490979346198	-0.0492540825817635	0.187091823612319	-0.722229969263736	-1.06289185842016	1.03235428392149	-0.058820683186378	-0.289233801620042	0.926670406931486	-0.343678555136979	-2.00321530197112e-14	"ERK2AA"	"103_data1"	"103_data1"	FALSE	"ERK2AA"	"ERK2"	"1"	"ERK"	"CI"
-0.15601167375809	-3.96778168271749	2.25162146493969	-2.90677291639611	-4.36488994239503	-6.45028653405663	-0.827209058596849	2.71916869590722	0.0532807474620578	-3.00290751157036	1.71761728939585	1.9557252538537	-0.695316337860373	2.72249350737778	-2.99657114018887	1.10500246879832	4.20563280397211	-2.91451364249241	-1.72393170148052	-0.177285036687197	2.15659502763254	0.298768714644627	3.73401171546916	-1.81135180963351	0.302738675893829	1.43842159972555	-0.24348218663717	0.280458744822862	1.00542968295721	0.423749740499758	-2.23093188829995	-0.704055077472772	1.06512778761909	2.21733755312145	0.0105988201551694	-1.29920686066124	-0.657813494716879	1.09778176080809	0.314311966797028	-1.69604905783114	-0.121973679244238	-1.23835489215186	1.53109085549406	-1.07939427107634	-0.250814126022547	0.0790400781763517	0.992184193312186	-0.713959526924602	0.406446439230753	0.370735164582902	0.947599868329561	0.138721306544223	0.642197370628114	-0.568299976139522	-1.05471159621592	-1.17805347882134	-0.461157843461844	-0.668087962253578	0.938615061735884	1.0139455944936	-1.03997583345513	-0.749564389736572	-0.269876512968077	-0.93121391697093	0.405548949406123	-0.016661128536668	0.018458097358779	-0.153355758329569	0.743558692572042	-0.118889015040053	-0.708239127297989	-0.38586223203456	0.945833817161172	-0.277895556144563	-1.4806646576462	0.765902086963789	-1.37573135140807	0.55929557781249	-0.365830777192072	0.291224964754787	0.668218499869484	0.254353797128421	-1.27349366565242	1.09887488786372	0.195223514141207	0.238283660255337	-0.847400164263124	-1.2595802749129	0.518131673444874	-1.08879537095668	0.624913105219241	-0.290320242021729	-0.61716535275779	1.04330563986888	0.0734585653978667	0.374635026763153	-0.0905795293485572	-0.0729800200009233	-0.462609817864171	-0.866131755021043	-0.621176137450519	-0.00156596687346774	-0.0850720062045413	-0.586238979837413	-1.8587345204657e-14	"NrasQ61K"	"104_data1"	"104_data1"	FALSE	"NrasQ61K"	"NRAS"	"1"	"RAS"	"CA"
-2.96628667763753	7.81450040538386	-6.68734688970345	-8.92836335387133	4.55950237357066	-0.5500190908823	5.53073991141659	-0.273255525728082	-1.17811012291217	-0.366136648048377	-1.95191621688216	1.74649882325608	-5.38244773959835	-0.0126740298068995	1.85073671945534	-1.38410183458926	3.198912542009	1.21321132279103	0.246216433723366	2.15861517254405	0.418725076288404	-1.01570785715506	2.29354433869618	-0.0455852365586171	1.9668130039772	0.26001540363259	-0.860925638508027	0.123979902957358	-0.912180753008087	-0.00872001892363506	2.66398171802543	-0.111375575524054	-2.88023529979223	-1.03249178298447	-0.404459222345577	-0.334459903409693	0.594467217270579	-0.976896021486238	-1.42312842149281	-2.33050849422457	-2.44117541866243	-0.972564672434651	0.0986926308643564	-0.581998692027481	0.301669058460181	0.671267284849041	0.198538825104163	1.3623755126711	1.45687825571095	0.491606776326362	0.164245253229019	0.136514143754641	1.35953972534666	0.129032461288816	0.863705573652954	-1.3276281283471	0.614745870542792	0.167240025572352	-0.910563022756281	2.83724538247528	0.849486942270116	0.62937452893002	0.225724136196704	1.12784470510276	-0.460487524575411	0.597695503555549	1.52601281320777	-0.00576769002908142	-1.00200061649666	0.255536765630112	-0.927775840361953	0.350259401894348	-1.21587336289311	-1.35688657627831	-0.188856135676958	-0.183491787309988	0.286541329119699	0.715517454834503	0.59631605537673	0.0970004347452124	0.12225168634439	0.240970238809494	-0.0910919251835687	0.139687992448652	0.526808463945318	0.564198486343881	0.787401348023963	0.239337957605817	-0.172919142504493	0.625834223531739	-0.250293810544711	-0.0453450417292844	-0.310520781637374	-0.851126413125398	0.504333523184268	0.146478238434895	0.214367207384002	0.201696769771289	0.117741351985726	-0.541442964926566	-0.611174702794122	0.0211751214816726	0.433017050168386	-0.580794282129177	-1.78146343163266e-14	"ArafD447A"	"106_data1"	"106_data1"	FALSE	"ArafD447A"	"ARAF"	"1"	"RAF"	"CI"
0.741120677843547	5.50009725729514	-1.00113614719943	-3.65049124068373	1.99862671309012	1.42164933812451	-6.43376820400581	4.42591141764958	-4.23334466342817	-0.825858329982026	-0.736469806111702	-4.00228582033654	0.84146158092626	-2.33463464304318	-3.92381154392699	-0.912441340426845	-1.08746410178706	-0.555100106095561	-1.0416713017075	-1.90676139977566	-1.61000778360674	1.10148201458376	0.0921339291148707	-0.545907257476046	2.29302830019973	-0.736688476757292	2.72526188153098	-0.864328174612558	2.11385543667973	0.563976396521949	0.699513771993432	0.621686972324403	1.0321720578468	1.02323355400616	0.103016181446392	-0.426593199108195	1.9505066039114	-2.77602204536572	-1.75809785208613	1.17362961912816	0.165898803796934	1.21490821748919	-0.16109579890241	0.784995806485669	0.348940812857142	-0.513437861777907	0.887947299507814	0.560985133437055	-0.415215527230983	-0.0754183281832139	0.303778983721005	0.334539486300901	-0.0491124228616384	1.02251110708153	1.24932073162179	-1.19959288142889	0.219402941863041	0.659024998493052	-1.33376014073471	-0.808403143349084	-0.380178537943772	1.12502140066295	0.00481084080768055	-0.280811579265331	-0.917108306301502	-2.89483414698463	0.672811923021695	0.160394253444579	-0.457629906533942	-1.32714083676856	-0.621663714826401	-0.777608745913478	0.138358195264068	-0.0210071848459047	-0.886277745203869	0.141926000772467	0.0508919519031659	-0.0403316738996652	0.472521043681714	-0.714055398141863	0.11514765936736	0.104088755026257	-0.723437611699417	-0.158929961916768	-1.55149688074857	1.10342501495546	-0.66067065454106	-0.147575264303656	0.872753734197283	1.16163314277872	-0.588473641089956	0.276577381427175	-0.942255375265871	0.267322653054872	-0.184244493148414	0.189135377078743	0.101934324427832	0.402216528111798	-0.431829982933153	-0.0954633367679957	-0.543400540060866	0.449092717780826	0.100039921200598	-0.105005052964595	-1.84222754238961e-14	"BrafD594N"	"108_data1"	"108_data1"	FALSE	"BrafD594N"	"BRAF"	"1"	"RAF"	"CI"
8.60131620927983	-12.2321246479011	-7.78812210884717	5.63883872442998	2.81362261691437	0.355189672652	-1.14036570208507	1.46021421401212	-1.44852182077573	3.25543098150656	-0.0438880232412974	-0.883451461536954	2.54396151895593	0.631427522955457	-0.825841908121583	0.258544948606721	-1.42977480686345	3.58424837453936	0.946745361799504	1.94521133563936	1.2413683432469	1.79546424312688	0.902952757690692	-3.90028906339931	0.68365217172888	1.52284272221453	1.48890378636796	-0.80689614887445	-1.07762014687062	-0.732652909638355	-1.23591416579269	-0.930193813549	0.905297837838482	-0.235793715063067	-1.33407155562916	-0.602185951111534	0.949177520263939	-0.209512262371909	0.848176743653686	-0.503389657500143	1.00321651973742	-0.104557185664191	1.24092561784886	-0.397066026320212	-1.04954989012159	1.16770648586138	-0.267081831645059	1.87997735808638	0.0810335369549359	-0.547282121789454	0.938589060062723	0.083066439657842	0.0437873653932606	-0.0196379110617124	-0.0444168422585159	-0.445834438050063	1.02934680680882	0.887843951892712	-1.26792463086866	-0.76244276517793	-0.179050243537107	-0.121388458962403	1.27319491966444	-1.27149052154779	0.803954203975201	0.695854306122876	0.183386870299164	-0.728801854823913	0.141531465318392	0.343669133642655	0.233501573554052	-1.21356898347133	0.745249261628547	0.672928252131684	-0.610143879351722	-0.640531041382626	-0.324140541867163	-0.152384703374269	0.473781591286809	1.14853688566005	0.0291136793032029	-1.01490543245986	-0.516752422442059	-0.168399592603301	1.62548317605327	0.0163359113369508	0.272105066812812	1.9640242053639	0.339121467873654	0.375522475323076	-0.198041689866108	0.186155396549404	-0.319797932396	0.149173022074042	0.481476865435942	-0.0781106259751377	0.24222346435334	0.802883210804389	0.992206830295482	-0.480637817952118	1.18689137716723	0.867688580854992	0.393062116400223	-0.587249005176652	-2.1409198198985e-14	"ERK1DD"	"109_data1"	"109_data1"	FALSE	"ERK1DD"	"ERK1"	"1"	"ERK"	"CA"
-5.72156541037065	8.28371276226451	-6.88647924796239	-11.4940605209607	-3.71776362344966	4.79631032656398	1.3291950249886	4.09188125180329	5.82838278229862	3.10589755299516	4.11743050290059	-1.57069591732619	0.0274706738480663	3.88127768371585	5.23369133465269	-2.33699609651867	-5.36902340100112	-1.24794528670727	-0.968604135262058	-0.386363035108424	-2.1019451150652	-3.19274691454274	0.683028913725142	-0.281974236562375	0.751195322140304	0.644188113522695	1.20861269418983	0.0440582478546019	0.5981388410408	-1.30722242675562	-1.26008734454418	0.926520781009934	1.18966627535591	-0.0226386889951874	-0.57975503775516	-0.532674353659566	-2.01321042852534	-0.0842318445458329	-0.205228764250348	0.614784744497162	-0.320811491131462	-0.35579504259784	-1.18602062997411	-0.655365260081046	-0.980130019143276	-0.0401986929635677	0.154737996920997	1.30154451071615	-0.796471190444426	2.21266386440877	1.00731298108084	-1.77120799666782	1.02675159365794	-0.302486920416741	-0.0327621631505627	1.20777828306175	-0.579833659149034	1.39423297807689	-0.383892038624633	-0.495995343805181	-0.998106835010112	-0.0293166339449393	-1.0418660149407	-0.532661217758337	0.191199500307785	-0.452734253587786	-0.817527944541617	-0.707541070311834	1.13555086454168	0.977737639562391	-1.40310504916712	0.465894807296023	-1.67179749175058	-0.86690250417597	0.360953184970333	-0.0452668561647201	-0.637427281642987	0.073687665121819	-0.0750911091412555	-0.794749321421128	-0.472998220143112	-0.445834436043907	-0.143597429006559	-0.829993611327878	-0.253355773480188	0.791371123890307	0.0304922135578806	0.337277607288871	0.213365535949845	-0.993201229634547	-0.00478516074112391	-0.151265576727022	-0.144997958001114	-0.147062424822284	-0.355459079438868	0.124942885647853	-0.310753108482365	0.261676769614781	-0.0537199822675592	-0.444073834440196	0.201769299294273	0.208542212923489	0.157433358545767	-0.362084006086508	-1.96513812167343e-14	"Raf1D486A"	"110_data1"	"110_data1"	FALSE	"Raf1D486A"	"RAF1"	"1"	"RAF"	"CI"
13.0785749774053	0.0531099985981206	4.8294031763039	-3.60877789889039	5.40220092200832	-0.416469025085432	-4.30684536327634	-1.07073800101941	1.17341363010266	-2.0905294480475	0.578660959932587	3.52760502654438	1.87316990108585	0.12727166776229	-2.49070740981276	-2.96302576389156	-1.10480378414968	1.6381809330854	0.513925777198107	-0.323356996597557	0.858519532560908	-1.84432775920917	1.56315973946032	0.349952954724528	-0.257107516153815	-1.21969409795363	0.309881056121544	1.4340790537554	-2.65228593676183	-0.705158404714071	-2.09923979536742	-1.33791925551311	1.51513973507669	-0.270325154263974	-0.393362028282331	-0.812119526988722	-0.566942641699061	0.115612319120278	0.978360084449854	0.0930040746485125	0.134795164207727	-0.455744717091699	-0.598316308759752	0.41779121126429	-0.788445255371878	0.143484917372435	-0.0976162017883141	0.950400964826215	0.610105106601208	0.086821626167941	-0.986402084711725	-1.33262861101949	0.0176563190824765	2.0985093228913	-0.445467308779702	0.00461384079436448	-0.232240051201702	0.460194892773145	0.0619224171081222	-1.1702510857324	0.637108445421599	-0.225429061061664	0.952907984714335	-0.387392732074241	-1.94882502702578	-0.0637107450411631	0.812977804981875	0.183399200551674	-0.00390983764393778	0.115420320423258	0.395851015659862	-0.468830022317284	0.0110141708951224	-0.399164216701326	1.3110351149809	-1.59215216627086	0.18019093368509	-0.379308625110757	0.0418934420016875	1.63929274123762	0.184662855381355	1.32590104672657	0.671985586020553	0.477273953278042	-0.611132980163827	-0.0201576921619209	1.76551909266927	-1.07900012239109	1.50736289186358	-0.0831439904523888	-0.442934940446966	0.293376057751542	-0.543722301587217	-0.0658551069374421	-0.557356362219482	0.0918339613174217	-0.393284485864007	-1.28670852471326	0.325749177129666	-0.72242455574234	-0.393530448753191	-0.547853178660855	-0.0774469004048826	-0.358246838527029	-1.35876553064573e-14	"MEK1WT"	"111_data1"	"111_data1"	FALSE	"MEK1WT"	"MEK1"	"1"	"MEK"	"WT"
4.29413703330187	-7.11688514115524	5.57956105537637	0.831468608686591	-2.38674235644453	-2.25298290186308	-2.31848880617827	-6.69905222592931	-4.34395159529278	3.42008526976046	4.72695058889908	-0.34495535317085	-3.27966568319605	-3.36570070348253	-2.0596772893899	-0.641868036261233	-1.48878979590651	2.49501196997345	-1.07627173469598	0.988661681666086	-1.5014973119645	-1.2967076822272	-0.231922832122652	0.0614527872020274	2.13009877580315	0.13957041614088	-0.175648530960318	0.571904869762195	-0.30878972315171	-0.33588913297941	-0.426705073194895	-0.152029718329135	0.6102327566769	-0.367883063592816	0.335345969051118	-0.284735244347656	-0.229144149404491	-1.17902525601971	0.206755751230535	-0.512549225595745	0.246695175702708	-2.24995770735874	0.37674807046267	-0.431562172793114	-0.221488346393265	-0.542550127617681	-1.53776321464283	-0.597167734346107	-0.0595955084942638	0.442483468415932	1.08506023148817	0.663142959209964	0.711496742283604	0.628990207336674	0.580280706261081	-2.17198423022727	1.01610264645352	-0.582137738566279	-0.42772190161055	-0.545553411337554	-0.874169696624391	-0.735360775019505	-0.392469984515055	-0.0634165125756286	0.258002310150959	-0.545972013298183	-0.896923393937802	0.225688748580145	-1.56448574808652	0.740684157956052	-0.438511232899799	1.59300351713749	-0.129083698679541	-0.291378650798887	0.58542445227575	-1.21702920920076	-0.381906333929745	-0.834829697909533	-0.562389306175716	0.0831977577191886	-0.718503482044261	0.981792572813446	1.14301534267859	0.651961105812084	-0.694057642347667	0.296766437054772	-0.87327573959284	0.696759013831872	-1.03503066897808	-0.928712282503959	0.713820841273659	0.0637259768791772	-0.178124033818722	1.09457834633957	0.0415951691924034	1.02583682400394	1.01880571752175	0.15100109399686	0.313453280143108	1.06454692416566	0.294840172299268	-0.632330963493536	0.192139294810261	-0.401245789632131	-1.82835517559266e-14	"HrasWT"	"112_data1"	"112_data1"	FALSE	"HrasWT"	"HRAS"	"1"	"RAS"	"WT"
17.438083213334	-0.801334882707743	7.014726858383	-4.32359042453632	4.40343142345354	3.20283156592464	-2.90691166963431	0.211507226610345	0.904621264068031	-0.579250231597211	0.752500898404205	-3.4537464624336	0.176978553716956	-0.259042497504994	0.191925347280336	1.74830442949452	-0.148883389623951	0.230530521532978	-1.39252823503969	2.4784291502687	0.123054456097785	-0.294490375014666	-1.01948913945657	1.23200994937304	-0.100764393076599	2.43740535819807	-0.639656432377391	-0.250942113700846	0.134559466907182	-1.04887657694352	-0.213363407616143	-1.0237844896834	-1.29342471437605	2.59328072513134	-0.724616846652969	-1.17346001920761	0.297223923146477	1.32502524019242	1.10495286496963	1.3419054866839	2.11568281364181	-1.1464277711752	-1.23801476686458	-0.993700574840327	-1.19411701806848	-0.76825107821617	-2.0146905856554	1.48884446147431	1.23057469483021	-2.54418083959629	-1.39329529922019	0.210763567790837	-0.918681640425569	0.599304250478198	0.368808161762232	1.10116051208538	0.156912023916148	-0.403501691103642	-0.449811112096594	0.774127385880334	0.223072986962392	0.195013377775744	0.999756277703956	0.067980080932292	0.0976943304652937	0.0693525551392998	0.611634481481823	1.88119591057367	-0.493231407220932	-0.158251216951904	-0.343612817496868	1.34504667432751	0.318138810749254	-1.19591702392994	0.563709135499188	0.496869473185615	-0.473686006796329	1.00596417319303	-0.215176886140787	-0.26563806912729	0.135275798385367	0.554135298099982	-0.844723338171784	-2.29559111561772	-0.0655425139681917	-0.0977387788309685	-0.333332177242216	-0.819748012558558	-0.858075050054316	-0.029592599777911	0.511554841236786	0.410687992234211	-0.823578249816237	0.219088778952457	0.141382231615922	-0.0431027152623708	-0.36880053574106	0.200441178027193	-0.728397987697004	-0.200958958538965	0.627256969005185	0.710153367044782	0.0747397104403415	-0.165887300105234	-1.29783336855205e-14	"MEK2AA"	"113_data1"	"113_data1"	FALSE	"MEK2AA"	"MEK2"	"1"	"MEK"	"CI"
2.98295221193208	-15.1553781937482	5.06252197809232	-0.237510735993099	-1.30971177910906	-17.4889013631193	1.18076527047777	8.01932031493021	1.29876912397446	1.64942331232748	-2.46645161570552	-0.604579626394916	-1.10319219631115	0.132743609941163	0.429130010682649	0.103214780197289	-1.16885706186949	-1.38676488717752	1.33611427191001	0.34902739052082	-1.9936748006527	-1.58231409307042	-0.579304196079214	0.536551132713393	1.11106723210405	0.571713723317261	0.653887791474757	0.420508232364729	-0.821839260221114	-0.807909791572388	0.482746378130583	-1.27385844351083	-0.111393704472083	0.0161772181528404	-0.763884879287415	-0.746082883416124	0.428094628620013	0.74016551181751	1.94131489587653	0.522187868036844	-0.31902729233694	1.61182968091274	1.11074891835471	2.1386035056324	0.0524528723711814	-1.93791336894547	1.21159827965983	0.73741663449328	-0.354668963310668	0.367493399846063	-0.255694326576197	0.297510788078122	-0.359073262852105	1.27212929514191	0.668674080516081	1.12790079489711	-0.543936867599615	-0.661409419329868	-0.511773677285062	1.35839815237392	1.35276648433196	-1.32826217246254	0.951842109674268	0.983075341333448	0.883612219643446	0.510761090196447	-0.132555245314885	-0.914820301515353	-0.482602947111062	0.000732302829535164	-0.374374315852101	-1.00565393966945	0.136106653066641	-1.09507283363967	-0.121403627546917	0.166823719685877	-0.539858479576352	-0.681515331161746	0.810537213697883	-0.414180551689359	-0.593727448568595	-0.0762765130139839	-0.64317100701635	0.526041723861115	-1.41510676125296	-1.14371205666152	-0.826022773064755	0.765625862125412	-0.520380559182511	-0.642749531880939	-0.542302328295347	-0.231887688965218	-0.19028998789762	-0.388390500066483	-0.549515399043177	-0.110974503618383	0.0955978023848767	-1.06905491407123	0.293395339745688	0.714731897450906	0.0905890660991784	0.243991988149654	0.340546646609119	-0.311140886975797	-1.05058648412759e-14	"NrasQ61R"	"114_data1"	"114_data1"	FALSE	"NrasQ61R"	"NRAS"	"1"	"RAS"	"CA2"
-6.14379007709501	16.3349880654583	-0.814320897783373	9.51379145046206	-0.917167539525845	-1.53463382342071	-2.60250939060047	5.49862333396306	-4.26126926550126	-0.512124254125882	-2.94171147041682	-2.29434917745783	-2.76769825931421	-1.60895348479708	-0.152275144401667	-3.03580955522767	0.992882675392369	2.88783233418265	2.1798852529226	0.656481071779878	2.79665896313448	-3.52550920469229	2.52207589632506	-0.0206293846922178	1.13326989839646	-0.0394720892052582	1.2698623688888	-0.536016504209137	1.90018686007755	-0.0860585374046694	-0.0278161298668836	0.796065547294567	-0.572783082054862	0.840201961174496	0.436384382773777	-0.836108846288916	0.591376702871841	-0.491844477356162	-1.5647345371056	1.37791266756562	1.45795501686698	0.55307081426528	-1.15128419206528	-0.321541627041446	0.386699001960491	0.828139496418868	-0.196646850582577	-0.415651950312868	-0.847321397239321	-0.153736009471	1.71167664468243	-1.70988165367117	0.889814231906059	0.468490518860883	-1.0610817976603	0.739653642762865	0.227961684019523	-1.46204033711981	-1.06814628084946	-0.517580286230792	-0.101767307422922	-1.28627388876907	-1.19346684965046	-0.255069858953987	1.01015508226558	1.86264025044083	0.581709461824922	0.0497896618838278	0.218766594769644	0.635404755004486	2.16695621682337	0.256490582020145	-0.20273189675728	-0.118554952090404	0.886057973766136	-0.678107672255719	0.852239516527395	0.0558305185235406	-0.149864938913615	-0.885860963080035	0.525299237899361	-0.145635908803846	-0.073702873324172	0.180511160326618	-0.398415094135065	-0.693497714691834	-0.253807645991563	-0.799285717633698	-0.602719296445379	0.740627893648369	-0.0713972221334869	-0.519151783590407	0.514084526134323	0.924582820356608	0.0806336514950934	-0.709291565239107	-0.312013885651947	-0.118713620101766	-0.140547954129442	-0.219649146970553	0.0213042516651588	0.200215166348776	-0.0471173311133736	-0.714610368683162	-1.61786816582632e-14	"BrafV600E"	"115_data1"	"115_data1"	FALSE	"BrafV600E"	"BRAF"	"1"	"RAF"	"CA2"
-5.1074990593387	-2.42850948631938	-3.34350691301741	-2.87216871225116	-5.16705382795098	-0.477336092253455	-4.95962104573009	0.893052777400578	5.27095962062562	1.67336022367055	-3.11917187032698	2.20789127891117	0.127143705378612	-1.65731229385136	2.75854107442763	0.459670611163936	1.0731923584146	3.71726085876341	-3.3554848389435	-1.81196235030636	1.34964566354397	1.85097681222687	-0.0191493759105661	-0.497036859261626	-0.549131483019604	-0.269780643369097	-0.717748390253802	-0.185011339158886	0.74506920432111	-2.94643979624495	-0.588323397870747	0.0124675696800627	-0.0736006033158979	1.62749316555371	0.875020632505561	-1.36254576379513	-1.44002636526623	-1.3495361569305	-0.833152738583433	1.23462253379069	-0.513953257879086	1.14723028572518	0.0789743097271759	0.208571540734322	0.303836549248849	-0.499809256171683	-0.0887833764003189	-0.599128053939145	-0.752685782238055	-0.928489597913471	-0.215119907880268	0.0466265171175905	-0.987758764202438	-1.73392576745587	0.57297367738264	-0.88461060916446	0.623004792226121	-0.657523134631358	-0.60055549113784	-1.00135228241721	-0.382482875951628	-1.15363889823891	-1.40245082194877	0.555835047139423	-0.252673968747076	-0.79849448169526	0.098265395573412	0.634737276627045	-0.657605879818629	0.22828749499343	-0.124955935979179	0.305030705050959	0.0918135241100298	-0.546362160101814	-0.116050857712376	2.24294762282772	-1.21186355792416	-0.508229855916208	0.073618988486247	0.854833348501115	0.0882853818795313	0.588886898163971	1.2881966006803	-0.466427958195966	0.675296088141892	-0.529335206862669	0.300151614530396	0.203310935613665	0.668844107947446	0.562859048697438	0.412442671128759	-0.420243320346183	0.445013212290827	-0.703642384363776	0.371683162873405	-0.840495739978235	0.919310993241329	-1.32593355828098	0.179043597111741	-0.146769747570007	-0.149502015318756	0.135719792866349	0.993331551502751	-0.550845952198158	-1.80020928719493e-14	"NrasS17N"	"116_data1"	"116_data1"	FALSE	"NrasS17N"	"NRAS"	"1"	"RAS"	"CI"
9.59126512271882	-13.317329443771	-7.19491323969101	7.75353763241189	3.7674342607151	1.51484900343844	1.97193487562637	-0.340232375337515	-3.10703051323408	3.12333133471995	1.10599012226313	-1.18335347836744	2.72906185716707	-0.964156101349217	1.05274362868851	-1.86507860593146	-3.29107566195985	-0.373650123432846	-2.2080002012301	1.29249424284485	0.213140822090483	1.38307953139449	2.14670317166526	0.314663841531716	-1.86269084587936	1.12507003929996	-0.0323412542005232	0.600914460851656	0.245075281745866	-0.036635148163013	1.99980490018128	0.584594684615845	1.64405556334468	1.22798670684555	0.175100069021819	1.10766005939052	0.141337986087881	0.855605161136903	-1.2241036266329	-0.923972919608988	-0.263247371122252	1.56203457462005	3.1231442888565	0.868466603221311	1.18426807191494	1.62177854979694	0.817107411088906	-2.62726982397305	0.614310921605054	-1.4198006108091	0.519678908180667	-0.579653215066726	-1.46502811129578	0.0783706724595338	-0.716905954161006	-0.518569149580041	-1.1081243390103	-0.228858064983834	-0.3247963239869	-0.787028951687015	1.42189656649298	1.72458189326672	-0.0291926542072537	0.922370357062107	0.566952359961197	0.53456430953319	-0.64912952510853	0.229845820842732	0.0305802067879548	1.55363412932495	-0.30108350681821	0.71948605640689	-0.711910787241609	-0.387229983333035	0.651306850489587	0.146078002584422	-0.426599108905228	0.239249909590314	0.243417923681853	-0.356142410670129	-0.123971001758372	0.733727813795903	0.344822182959666	0.680972193314819	-0.499775579637166	0.0997958087694548	0.380499452756139	-0.243908168821631	-0.00177984654022403	-0.14187833738788	0.656514689439045	0.975612479556869	-0.0933001024655532	-0.542189111404169	-0.788257039545997	0.400318259977509	-1.1861665795427	0.517516216663654	-0.772204488832938	-0.144897808614365	-0.101121106175023	0.411426964934374	0.549096061145719	-0.61708267189368	-2.16315680645618e-14	"ERK1WT"	"118_data1"	"118_data1"	FALSE	"ERK1WT"	"ERK1"	"1"	"ERK"	"WT"
9.87339997870748	1.97571830006595	3.94869736696793	-5.21623940319633	2.23208682458246	3.0072819311396	-4.35975420137414	-0.398339629127237	3.55596045020755	-1.78951647697652	-1.95759043007549	5.6184482418384	2.18675247042397	-0.874752041507972	-0.173629563824997	-2.2483560833164	-0.867402715194819	0.734751726933576	1.40000100074361	-0.123688357809581	0.578199609283636	0.134531251270443	1.70508868116892	-0.681108746512704	-1.50561562132375	0.0870226991956112	0.87617711965503	1.36870368142786	-1.20438990316774	-0.589112055826101	2.032473725742	0.46237656109547	-0.0967075802523289	2.37694604653255	-0.339659190530616	0.183591590920289	-1.20679441573649	-0.691652753997027	-2.12320482500711	0.0485289424443025	1.4664407471672	-0.849505936159086	0.765237220572083	0.248543581319221	-1.38932983909778	0.283942725729963	1.05556758171566	-1.43630653882946	-0.455902855374572	1.14889086162038	-1.12041957364557	0.82007602760005	1.87019330226171	0.0464974897629689	0.729147892306088	1.62189510842944	1.34548520540299	1.32543472656748	1.8764107070869	0.337828609036435	-1.35701704124555	0.285413671840226	1.07359145435514	1.37532426234175	-0.572449518270864	-0.839305607087747	-0.159988716491071	-0.173344115905546	0.0509751913361877	-0.794813074009324	1.62130303683551	0.549324490093496	0.545809642639725	-1.13742521112323	-0.842456473432851	1.00583590960024	0.990628815735955	-0.372709970849586	-0.322481224500713	-0.43412465888399	-0.347129123895444	-0.28499904659302	-0.38519151156262	1.05548537969831	0.148799693531111	-0.614066379059093	0.344950717708492	0.407401865885356	-0.678070234908778	-0.0110700076363167	-0.555863529455456	-0.123987558808258	0.177307005626016	0.109210419721522	-0.209152490752939	0.471624326727523	-0.0875430949079219	0.616263536409867	-0.629496852368085	0.688214022953808	1.1544575291918	-0.0969473857809044	0.0316953119658051	-0.633884454158218	-1.89119553350992e-14	"MEK1AA"	"119_data1"	"119_data1"	FALSE	"MEK1AA"	"MEK1"	"1"	"MEK"	"CI"
13.1663161898415	0.395450238464781	3.82860394005931	-4.1134588565224	4.09619636183981	2.51030459660244	-3.0695714126992	-0.207500128704819	2.41590223230306	-0.668652103429453	-0.207609568127816	-2.82998782206152	-0.33616402898521	-0.666260533332917	1.49366624132547	3.56268869614627	3.05683986643944	-0.0698435324404824	0.676136416735058	2.99950502741416	2.07451997147024	-0.0746823374977643	-0.177610191241615	3.54125719493538	-0.145483211788069	-0.633422273554552	0.794842010044958	-0.021159276955352	0.120144934710299	3.50619321545394	-0.980323190719015	0.111447367747515	1.08425082417994	-0.851355860534938	-1.60554125325122	0.293188952263921	0.554333432104217	0.650128055134812	-1.23044248424352	0.249440773590196	-0.0323732225673508	-0.389325181689684	0.426103745206702	1.56758099829582	1.11712390351328	-0.643337658986097	0.390679606330899	-1.99890764405097	0.436145068649879	0.741256141323894	-1.32257864604201	-1.28795358100023	0.428431118135505	-0.0455156848539107	-1.24488136719854	0.485138218864819	-0.148095025567814	0.18262026168338	0.144537905476624	-1.04162458913234	-1.56913106437729	-0.102469709592559	0.607258520790612	-0.961212184225562	-1.53596328613015	0.372286035100728	1.07154349365791	-0.0567151400204409	0.0364036986543266	0.546014964889799	-0.410225887442552	0.42953374484844	-0.203226315608061	0.0668070970478154	-0.527885588264578	-0.374364656418576	-0.775668433565109	0.262275094890488	0.243481146020001	-1.04043110512931	0.281589916408172	-0.660941477270125	-0.546097357539364	-0.311667079075442	0.720082777944096	0.240753041869549	-0.0285509784957671	0.164108236993614	-0.204934759878301	-0.0850559019305416	0.332843202060552	0.648832379324803	0.279902800618298	-0.434051033983974	-0.965247601831604	-0.615234861411246	1.06354558600081	0.0184078046770869	1.50652291878293	1.35887789899868	-0.808288366323319	0.385673369305411	0.53172574602583	-0.587122583036375	-1.87072579649339e-14	"MEK2WT"	"121_data1"	"121_data1"	FALSE	"MEK2WT"	"MEK2"	"1"	"MEK"	"WT"
-4.25434603747654	3.99181202252615	-4.81838183073104	-3.08872035957235	5.60630382479928	-2.85794664246042	-2.95809043454231	-0.374529259939739	-1.99753930336368	0.124521067263092	6.96417934515828	-1.31317579649087	-1.56880501299597	0.48159595695042	-0.649722002768194	-0.0753425048239304	0.330198266145711	-2.0290904265385	3.71781342863982	-3.39619533827518	4.08128064778205	1.72083945164121	-2.49135970877445	-0.313399684497706	-3.76078775400554	1.12667233749559	-1.80013385649984	-1.30776457007456	-1.11132767114511	-0.0744829347283436	1.53744477008136	-0.231508239143608	-0.410645440564127	-0.852621116928324	1.90528708218362	-0.630411750368399	-2.13770239382478	-0.031042040173876	-0.632731535554805	1.55783582201794	-1.39878203123588	-1.5361572374905	-0.159061101101619	1.25222945637431	-1.63436717492254	-2.44736080037244	-0.472091961728337	-1.64234417518632	0.4829808643291	0.0970723550336161	0.46916454350572	-0.272233303281227	1.2782824940852	0.652748482405313	-0.730062750539118	0.847805467426057	-0.653302037995542	0.0540910138528084	-1.31414816968446	-0.0155546301827036	1.45179129829118	0.00645607896131301	-1.38927169120681	0.407983219181827	-0.400520844746792	-0.57481720617352	0.296256358202013	-0.564770733662638	0.311515260739274	0.240497376475096	-0.192227798740769	-1.23101846800662	0.912473476266562	0.141740890447307	0.788114877970332	0.104320027429441	-0.0929553455497817	0.400648656941579	-0.208892978855342	1.177974902644	-0.505890856128461	0.415123399410536	-0.570860353272045	-0.509113555833411	0.548769505881213	0.209973816439906	-0.67053473716931	0.747506453623521	-0.3954548659063	0.703215995288128	-0.224007475565083	0.407865224999502	0.287805745975432	0.502964222096107	0.22670020153886	0.365611172286015	-0.379258119760112	0.343785606690636	-0.173152264772282	0.198019792268528	-0.422696980821572	0.088982195452445	0.135041059020569	-0.59518425266738	-2.01275628108899e-14	"Raf1WT"	"123_data1"	"123_data1"	FALSE	"Raf1WT"	"RAF1"	"1"	"RAF"	"WT"
-4.9619284884394	14.5101145862332	-1.62196858308468	6.30387079563422	-0.0672944640413045	-5.63039808202846	5.98156004115012	-2.31743727876021	0.935268340554736	-1.6181043051951	1.85441476067492	-0.593789740873805	5.03991609649915	2.29226671116882	-2.55114246621412	2.29950122653848	0.312496803273696	3.93239440261399	-0.375534055809213	-2.55671968912164	0.320888038895167	1.97134466440631	-0.215707506279036	3.18625567542516	1.65501767394134	0.363673753470262	-1.12337394987835	0.189667419945091	1.89976732314822	-0.000984780455683038	1.14652604668162	0.213070065186278	-0.902052467278956	0.566673740992736	-0.916959554666501	-1.37902081655195	-0.716215606776081	0.344413824577604	0.732333733913036	-1.20114599703422	-0.51664276868209	0.126452653613107	1.22393694491468	0.938084381195684	-0.542308160910224	0.251054950254771	0.120925969808795	-0.428760207496346	-0.449936220381624	1.02922231823984	0.158486958494304	0.350159098461705	0.254711267629863	-1.21320411579318	-1.50478812442582	0.611907552286525	-0.0019907604002752	-1.05798225528206	0.40721170748448	-0.159029296124672	0.563997800152989	-0.493296894793278	0.726407857818485	-0.526060906025238	0.532472186873357	-0.646583095984124	0.498112055976402	0.374045620725422	-0.302939457383626	-0.648527494999084	-0.407288888548837	1.07005802461301	0.262069542867109	-0.301257875865222	-0.0667976984424759	-0.742540612590176	0.0244453068458041	0.191295385631669	1.05363682121941	0.143815315048237	0.00247672289204224	0.457913392963485	0.844551236813898	-0.90357899953664	-0.679900426024704	1.18026114566177	0.254909477967324	-0.149909330211908	0.0446366165287417	-0.922542721196685	-2.60167801858955	0.0115457850036666	0.688309381587239	0.482344400746454	-0.256844323323207	-0.88901700956295	0.0523560929092027	0.790539230804132	-0.0100213818240849	-0.416026063982089	0.706655324278388	-0.335021878129396	0.518203657392714	-0.155222296593758	-1.58699008795393e-14	"Raf1S259F"	"124_data1"	"124_data1"	FALSE	"Raf1S259F"	"RAF1"	"1"	"RAF"	"CA2"
-1.70519985255929	5.30571898519733	-3.29056820959164	-6.76906748683546	-2.38371124810767	2.924786128644	-3.61849865423924	2.73388931739499	-5.1905341021751	-3.85210173225505	-2.55333823268331	0.531335049701391	4.47573072926106	-1.21753727656137	2.7872599360637	0.250574871845557	0.822697389200605	-2.40868775973852	-2.1028887511309	-1.97220927263571	0.961089059945251	0.13416683022818	-2.31552338682243	0.243671934416768	-2.1652430978707	-1.50875904465345	-0.224311857876746	-0.459011666392083	-1.05355841030939	-0.36456488301319	0.367240098131341	-0.9704171309165	1.40567424142958	-1.5980907276031	-0.773313350567531	-1.04101283462497	-1.17746382819048	0.536859663764152	-1.07280793077544	-0.670500938573313	1.25177231208793	-0.822598940755449	-0.909853621651994	-0.528841385271888	1.84058178723787	1.19152170990749	-2.12467651612061	0.885205076987997	0.752441687852203	1.00646155456386	-0.0733638046456963	-0.8736124901199	-0.927600087459468	0.936457231604494	-0.64510597272309	-0.345641505099365	0.430120283197551	-1.8893778885921	0.19732975790487	-0.899155909446863	0.62932350641767	0.795678893331814	0.582662210015812	0.671570446756404	1.48100408543533	2.12846790105711e-05	0.783498219268969	-0.449070084495628	0.3435853837341	-2.29876150629439	-0.285713310255581	0.227898913092671	-1.07943683606239	-0.0328362689034047	-0.840282116558995	-0.639100475720248	0.718299579702858	-0.86910504147557	0.436954796736944	0.195402475723512	-0.0736466801200933	-0.0542260680589748	-0.714099862931407	0.265417406290679	-0.479553271353587	-0.72464026007199	-0.62150391738373	0.688501895463431	-0.195157656428307	-1.25676764027036	0.642808752053491	0.807461506907278	0.626782030613646	-0.409902461644282	0.969326859981464	-0.0138922082654186	0.593646460281978	0.0655943428218689	-0.319129631905207	-0.531327330042059	-0.0622348641213845	-0.383579400426115	0.338732049783227	-0.496350338592894	-1.68521338377026e-14	"BrafWT"	"125_data1"	"125_data1"	FALSE	"BrafWT"	"BRAF"	"1"	"RAF"	"WT"
-2.53831556907477	-3.93858603694059	-10.4093763579686	3.76014083388657	-0.1330904109906	3.30997293422124	-2.88037510787181	-2.05500201875961	1.85100020837989	-1.78507954712835	-1.38034531877018	-0.155039975205901	-3.09904426247086	1.43432468715873	-0.739683635474461	4.69870191428572	-0.109351283693627	-0.569288118156947	5.48812321353501	-2.34963252646065	-1.33509856663402	0.689356183699874	0.900791425365926	-0.342392270878254	1.00597541804369	-1.60906469908335	-0.318306477735437	3.40779552573219	0.455966455017534	-0.196588259912755	1.58369680650269	-3.09715497515661	0.267538119689488	1.14273917760815	-1.17600386771996	-0.447137748193351	-0.454944232226518	0.538654008886075	-0.246536684003758	-0.0893138347371434	1.28841591867509	0.170007968469639	0.030101765000537	-0.942841836139449	0.77849878806585	0.0372060745033936	0.000449544218884598	-0.619577522524333	0.305767639134339	-0.526919869202381	1.61949377723432	-0.841573812304418	-1.62496280720152	-0.840923485387309	0.215413782159368	-0.317832825344368	-0.363164326024177	0.704252442061079	0.22485591592608	1.42462829473305	0.272085409535349	0.155244411478117	-1.60611908707922	-0.535494115549618	-1.62258828393907	-0.0508372984986585	-0.101902389687184	1.02850582826073	1.35538250957877	-0.525587756414296	0.389959880342904	-0.0791383991563642	0.721294719529749	0.13373236211233	-0.254199150629199	-0.711566497333393	1.39345259119482	-0.811894793572481	0.729593082158627	-0.126295131607759	0.0713091914365069	-0.687793586488558	0.891193277038511	-0.801825714563467	-0.642795332574947	0.428506846791272	0.2015574603122	0.529481109902086	-0.858075090147731	-0.736775834178514	0.410982119653233	-0.20686761870472	-0.0307791148334589	-0.141471332062294	-0.410464492554767	1.31041821290046	0.2427999007579	-0.859076289106612	0.112895330363143	-0.374131578917665	-0.0504194048641896	0.880700142376646	0.239629872565967	-0.18021509792587	-1.75619067899202e-14	"ERK2DD"	"126_data1"	"126_data1"	FALSE	"ERK2DD"	"ERK2"	"1"	"ERK"	"CA"
-13.8891859935067	-2.85767258570313	-4.24950143749625	0.0671367718997727	-5.15252010408084	-5.42829839552556	-4.60604754922994	-9.18161040197859	3.89301551059681	-0.540262613233273	-4.43849229185233	-4.50856582788767	2.00195143985376	-1.46229742146081	1.0687041797679	-2.52156648349712	0.921809832694743	-2.46124845397079	0.73217826499975	2.09317689138233	2.58349538874361	-0.995235376651583	-0.627229942703422	1.00350924951481	1.42946773682197	-1.82422552934306	0.191702853026631	-1.05640774306712	-0.34014360963181	1.69533686785893	0.560415828188376	0.787349476411377	-0.363075276700036	0.921990520582757	1.8231883137659	1.41811852979039	-0.206987122268143	1.48117636445718	0.771909053726375	0.00892082735432177	2.21581189122155	0.638939068150597	2.23586823566355	1.61149186941708	0.977031381067347	0.649254931946613	-0.549634796296119	1.89049052140214	2.03623262274214	1.48289381112069	0.91079940237584	1.22648218834937	1.35079070017332	0.000961451767764659	0.45794854253948	0.00426114095565748	-0.0741675234194132	-0.547897429779684	-0.325544417983753	0.601854634935489	0.501251897817578	0.00968268633534375	0.395096506335475	0.0337723014275472	-1.18673370827556	-1.19704084137911	-1.26758788994653	0.73850590550759	1.52404688481609	-0.45578783683714	0.406458010284813	-1.12118348229565	-1.22593813950311	0.643293557425692	0.4952895249467	-0.171089902364835	-0.938010038776185	0.596668355756797	-0.819088432971399	-0.0166121932758871	-0.590190362775231	-0.289536410523176	0.882998677649013	-0.638309868070986	0.357065299035072	-0.206632534872727	0.0591222073785593	-0.324073678447953	0.0998650386803507	0.0483367559220972	0.0274157553191811	-0.403461443274153	-0.377084830235745	0.411640203611659	0.505586697050427	-0.0719862320453138	-0.134319752619388	-0.0756538098639866	-0.205037921396566	-0.00859773013756499	0.346722877799934	-0.257749968148382	0.436509356186302	-0.356935382400394	-1.87055232414579e-14	"HrasS17N"	"127_data1"	"127_data1"	FALSE	"HrasS17N"	"HRAS"	"1"	"RAS"	"CI"
-1.6209222325461	4.36680575497795	-3.68803303161539	-8.14266065659567	9.92428980324824	-5.76471279386452	5.39717315672715	-5.12829068707135	-4.8633359235004	1.18631946510534	-4.78392856852149	-0.0329454804106274	0.490264975696361	3.1204955067466	0.735919242083981	-1.12397264616056	-0.873596144873435	-1.22838334845286	-0.377329919602497	-0.288639166511839	-0.282969072997757	-0.593520982594814	-1.98725388820552	-0.911761289047478	-3.40315214944739	-1.23594787002456	-0.870689329416932	1.05548480327955	3.88064951827304	0.0496370347803748	-0.830312612696688	1.45737257189609	0.760500416572026	0.0632301243576888	0.713231238289238	-0.336502070118643	-0.685662913904068	0.0615178660293141	-0.0657577595997974	1.33623037171117	-1.09467395044102	-0.772708170017473	0.0338940125069097	-0.435106522506286	1.44398067635562	-1.43512076169346	1.06577289398617	1.07427781133105	-1.86735932169505	0.800424089555925	-1.69095822413528	-0.102153439828869	-0.743799631813997	-1.60740131383345	-0.213370333860078	-2.06642459521774	0.210407645762957	1.27376733937311	0.758986647890012	0.110159817822618	-0.346733235610882	0.179657502707493	1.55093738436321	-1.25119350004787	0.928373292103316	-0.503182274505447	-0.92377685908799	1.41726394866394	-0.465463414659671	0.288259771836425	0.552125854386349	-0.730284939271777	0.457944382375961	-0.0696055828646599	1.05999691732583	-0.655180287785936	0.509998667517869	-0.106546933878927	0.537401739777096	-0.380652934015729	0.46935583208204	0.27318258465239	-0.401470914097723	0.159980815648136	0.141508383133612	-0.460231362360986	0.316572064660305	-0.272358526308174	-1.29209020887957	0.175723521791787	0.121540481038036	-0.411977802326089	-0.665169230505054	0.153245806852763	0.393567874382162	-0.00508849949743134	-0.564518408955416	-0.255354413576504	0.681662757095066	-0.0941535476900013	-0.00337060341735691	0.07857223658442	0.17254774625394	-0.616495397197481	-1.76214294891897e-14	"ArafWT"	"130_data1"	"130_data1"	FALSE	"ArafWT"	"ARAF"	"1"	"RAF"	"WT"
-2.76629192037763	-4.19065868515422	0.322904047759225	0.647113838181365	2.1619375641302	-3.34952207915008	-6.47919022705587	-2.45126291986709	-0.291245284922873	4.05270717121164	3.60349163955436	3.10189016837703	-4.13162911769475	1.04618277783857	-0.42976980284492	2.71091403788415	-0.736155649288718	-0.98836697922248	-3.46474741039344	-0.160299290731952	-1.19093664292516	-1.10988508018997	-0.010332374580407	1.32823324594216	-1.14791406985976	-1.3255354960663	-1.07550502854859	-2.85501877768842	2.76975957563338	2.25304173712064	3.44726175572353	-1.22418958621515	-1.50306789614392	-1.38566180942436	0.773387397065734	2.25466848262594	0.525853457924939	0.18530033153454	1.54129533385578	-1.38438546467796	-0.00963411056671024	0.669554376179638	-1.02371576890807	1.11037415694136	-1.68922314289043	0.583070973480132	0.371181259950004	0.187233990421358	-1.57019509702793	0.387152285418922	1.06494206282954	-0.81636800567406	-0.75717576368688	1.58090313026303	-0.936936344577797	0.329539268432525	-0.177845375097034	0.597957229822532	-0.402194979919831	-0.738424172238094	-0.0772443863380389	-0.523233691499948	0.616711279048183	-0.59551591896279	-0.796499361529408	0.443166831562143	-0.20364555195341	0.386933094885097	-1.37663291904644	-0.455244869993349	0.522912714330003	-0.326017955029503	0.255948770250164	0.303365775443495	-0.0284935332382442	1.34994864272899	1.06967834999771	-0.085250050309998	-1.26613417089297	-0.34662422601896	0.053143473429163	-0.527663091770023	-0.55838926868707	0.353819469746593	-0.103079738400601	0.375429774577655	0.684559456689285	-0.584555126386783	0.620368772717875	-0.957964572866864	0.464501760633244	-0.157198615887609	-0.0719835346681159	-0.446011880167505	0.702042459617554	-0.206149511340346	0.514690027938318	-0.110119320231386	-0.174829623575247	-0.743527013601277	0.887886366660962	0.373795005689579	0.320631331232291	-0.468387433926689	-1.6938490540741e-14	"NrasWT"	"131_data1"	"131_data1"	FALSE	"NrasWT"	"NRAS"	"1"	"RAS"	"WT"
5.77427197821622	12.1457806952519	6.8492916524898	10.1027335462749	0.628142728922304	0.504155152209585	-1.08314694352798	-2.03401320915221	2.31470275554924	1.61969449805994	0.1981355316355	5.85291163546028	0.831165447196937	1.82106035624404	2.33038666120547	-1.27775573221327	-0.822985250192785	-3.15025832557009	1.94460560387667	0.724897434769083	-2.29381742254513	0.260572690631657	-0.502327894071827	-2.17640763607252	1.82943442722383	0.234123245623161	2.11088599786425	-2.65012836460122	0.768294802469103	1.08610735889416	1.25739113295249	1.14761248517258	-1.3759482316342	-1.69271439565964	-0.715176811911163	-0.365358650504052	0.384294669839932	-0.511834804268332	0.128271244406433	0.333944271939454	-0.275115476355135	0.536206213761266	-1.90522027018358	1.52372370555146	2.1152261956031	-0.459239947504415	-1.45823349484741	0.310393523121095	2.0839186232356	0.348031071290609	-0.787869399347694	1.01652821785639	0.184023704485745	-2.62646562187448	0.07467965237201	0.370476738747344	0.220792517259275	0.184032565403173	-0.439683718850106	-0.803884208782958	0.764644277815473	-0.0257249340451164	-0.40244585725155	-0.669921207180146	0.512052262695337	0.620641521937348	0.152766776988082	-0.591399991533167	0.955510291364854	0.596436834122372	-0.534450237944194	0.586693144180059	1.10653770609062	0.0781254390722673	-0.521389604663411	0.321174432307497	0.696957800211236	-0.763117296334525	-0.372519875318492	0.730152066017965	1.16063886241446	0.991093984595866	0.576564024752161	0.253500508195268	0.443469368654976	-0.428224065805024	-0.503577894141874	-0.596689158414207	0.179440387087822	-0.388317179434927	-0.543571787863902	1.00557829477297	-1.41488366191	0.162118336663924	-0.484002654140385	0.333903202043829	0.267151708269928	-0.25628753864908	-0.583387641817323	0.344427449143692	0.0317056579608151	0.43197344722253	-0.0328754289211937	-0.597816975910608	-1.57721058435811e-14	"MEK1DD"	"133_data1"	"133_data1"	FALSE	"MEK1DD"	"MEK1"	"1"	"MEK"	"CA"
3.84982577852622	11.730228971005	-0.191634299222534	-4.48673802147832	2.48607278204901	1.68549479789321	8.52415215728589	0.303476798434832	2.33612841534562	6.87141882985389	-3.09575403089998	1.23938354894451	0.157424723250687	-5.34800209656461	-5.82222294599225	2.84769989335832	-1.23532353781365	-1.6671580246724	0.293050527211781	-1.80976564258502	-0.158292572305879	-0.252378336732572	0.179860131226949	-0.635384537574412	0.179466592136357	0.0199001381434177	-0.716037349774121	-0.129916345507157	0.86088258962096	-0.688050224172258	-0.460338257251768	0.0169810183602666	-0.132191151293357	-1.65593953419898	0.417934499939874	0.637555158231599	-0.27604664112096	1.43985503965511	1.26616955895163	-0.188352892385069	1.38583832730407	0.670137089434401	0.122433453294878	-0.465191999769495	-0.676085962036897	1.19085728678553	1.26267519098916	0.567887041102411	0.696649481303369	-0.736264009974502	-0.471752152024295	0.375994081470796	-0.244860938906335	-0.011185081317	0.176309466539094	0.349487371033031	0.912056497278211	0.355838179027803	0.540911390959785	0.40828252455183	-0.43392676955314	-0.668967649932422	-1.63203882238169	0.159154309545052	-0.574801697700971	-0.0416177591019969	-0.675401487589448	-0.522217025356257	0.151640635005692	0.499030974447856	0.183596892193954	1.09605454290297	-0.437873107593899	0.847668972992669	0.702694757184494	-0.0901780582252634	-0.385134588611922	-0.000495746146447673	0.274484831279243	-0.149434058645438	1.75459743967964	-0.306484442406579	-1.66821402274573	-0.659423019907778	-0.531320272884749	-0.547359695980611	0.799791008332076	1.16011423428677	0.855576188370124	-0.128331503587125	-0.253058112726116	0.720884873825544	0.179703969562798	0.517167093655111	0.998795531432947	0.0874247979929537	-0.252766520353206	-0.086284819550664	-0.6778512206158	1.00293422039519	-0.846235178449067	-0.739775256038492	0.481247233250821	-0.506348810569751	-1.59425424250959e-14	"ArafS214P"	"136_data1"	"136_data1"	FALSE	"ArafS214P"	"ARAF"	"1"	"RAF"	"CA"
14.4611840841465	-10.3731786109393	-7.08602171845511	4.97122066923094	-0.992382148563376	4.52646945807121	5.35911929535335	0.809508041985618	-2.02894750646489	-4.9277064657605	0.473504360932392	1.69216591369942	-3.38070477657799	-3.34141796967822	3.28331984000034	-1.28113109718155	-1.59014715404143	-1.38440289987062	0.271301812886076	-1.17795868807639	0.86621058194289	2.07673043814526	-1.89908765087176	4.21015839550274	0.254652274441025	0.528639373947941	0.470466252381082	-0.935279632291536	-0.164245158938853	-0.025435029971833	-0.809752865209938	0.356952642618539	-0.504548837120587	-1.38682538050568	1.10378043318934	-1.96674367032917	3.18154875842868	-0.476168325054026	2.30145126185549	-0.288865870431943	-0.683642254091509	1.09246809174787	-0.563440598430595	-2.94272694113621	0.264625048504344	-0.0860557793737773	-0.616749808475107	-1.17728300087613	-0.697754433048804	0.735077899327599	1.32138019643876	1.93742258931458	0.151939517630389	0.0290376877661553	0.41569879725783	-0.377456726169737	0.0170955162807351	-0.957242960730419	1.66479485918302	-0.109041744739263	-1.58054738133496	0.481084461746186	0.328028986912406	0.966912466828482	-0.665909917498504	-1.10694507180723	0.480287303461806	-1.39656781803853	1.51972927189006	0.824992358889951	0.469816973592001	-0.850648648832586	0.431377306409223	-0.806100921895175	1.03304072625545	0.223883412065866	-0.113143258845839	0.0593201437697984	-0.477525599515075	0.256395885172336	0.351564240877826	-0.00704722143393431	-0.443180566514171	-0.282715402687736	-0.589074830092426	0.166003118829377	0.475012471437521	-0.177474716582057	-0.187497109017468	-0.260703904654425	0.0107751622902379	0.0325579253702555	-0.260645575804722	0.11098219578526	0.113301903047436	-0.496286484345647	-0.300353427316264	-0.244470046218022	0.530791350540764	-0.202766558762571	0.578564397513882	0.385994989305043	0.125103541567851	-0.493389215316635	-1.9971871378921e-14	"ERK2WT"	"138_data1"	"138_data1"	FALSE	"ERK2WT"	"ERK2"	"1"	"ERK"	"WT"
2.71047278797693	-3.29170912632137	6.173873520251	-5.49108882009579	-12.7785863001989	1.56777054801378	2.76741022166842	-2.2811817903091	-5.06274377241555	-0.24480622202176	0.214196947618367	1.73923718736486	1.75804190752103	2.81492827077607	1.75697266125518	0.955532777465685	0.955240092527115	-0.459314207973005	0.837856967610021	-0.17081705219169	4.25853359789113	-1.37261772135342	-1.77656753657622	0.0132755273222813	1.84925038128421	3.29023718374825	-2.03258417860948	-1.16449666760515	-0.655956053057049	-0.210452446999434	1.66862107868168	-1.12026088281144	0.576964045175029	-0.6242957212251	0.00791570186931796	1.03971147773437	0.454445033093369	-1.28197918078471	0.281103722411009	0.360239322234905	-1.01495411441806	1.28979747989373	-0.784911446347251	0.249174667298744	-0.112940834312012	0.882087971480295	-0.383392699161948	1.83511617784756	-1.49180523108858	-0.850813733861061	-0.137842173891046	-1.52957523313741	-0.957387705095	1.34804050613239	0.345949450019273	-1.06785561594886	-0.472496251614052	0.120705660855015	0.934059395387131	0.19804181735181	-0.581651609911152	0.909774939822752	-1.23613661020863	0.825484562827118	0.726575423808233	0.115811673020208	-0.86828124925856	0.233100463725582	0.127111808163527	-0.570350099254675	0.541650347679702	0.312676810362997	0.616354719960039	0.520424197791248	-1.98177964750712	0.154776293351941	-0.311498589396643	0.198667578625626	-0.0637893183743258	-0.533864489435383	-0.472184168889843	0.181331592186803	0.569708923337107	-0.869856711006516	0.34127660335433	-0.539098516141312	0.976048519827456	-0.400947647274764	0.480368172144585	0.171799176119688	-0.795609414766851	-0.25350592219641	-0.413644698445814	0.570969791376564	-0.924719329636618	0.686012992615527	-0.94832748062956	0.0810056071088679	0.806367131451342	1.06693686603721	-0.135192760702554	-0.227126109846061	0.0226922149126358	-0.564839449308197	-1.83698542488564e-14	"HrasQ61R"	"139_data1"	"139_data1"	FALSE	"HrasQ61R"	"HRAS"	"1"	"RAS"	"CA2"
21.0981103564647	9.11183081558574	13.2457676469814	9.33984461270009	0.350217902379997	1.14024680170479	4.66050924357777	-0.576760673089027	2.55634702336037	-0.131807282641657	-0.689591159286796	-4.25673325201873	-1.05082017225051	1.55039992371004	4.46582851171415	0.350386050708776	1.28372072860048	0.320251780601565	-2.38967801665939	-1.98429261122288	-0.166705786113185	0.555930981244065	0.494581031906193	-1.29187598815715	0.590334707419578	-2.01326711130196	0.937524759256404	-0.439125547942217	-1.56877296595371	0.545975955006049	-0.301741513808312	-1.57409896961316	0.35794456046498	0.733445197631784	0.261560609116227	0.874630498636364	1.0445018561005	0.419420724214244	-1.03766350564063	-0.23077297613392	0.445283854076626	-1.21522393893103	-1.23739057344895	0.251095385434223	0.535500351535233	0.736437059628453	0.718390958201892	-0.678064380103498	-1.37603864507544	0.172407051111993	-0.959783716712952	1.0916108809168	0.773134656138526	-0.343167847210207	-0.614916890779028	0.922589822063053	0.571403024859083	-1.2216828798759	1.17948106610566	-0.0311484047197826	0.934941669085024	0.126735394899744	-0.563117478146535	0.566014765083775	0.859598867383527	-0.236550136481066	-1.45113658814499	-0.508435370434889	-1.21642274688491	-0.184017055814545	0.7174998361315	-0.328430388760294	1.20655308949667	0.608466762482441	1.11108844600918	-1.25059870247694	-0.410192283790933	0.284271511125279	0.0520687605307114	-0.449436761021807	-1.10094884091491	0.179834330856757	-0.629767400575889	-0.645449702354028	0.338622656078742	1.00805357946749	-0.161846313053185	0.458589910840383	1.13136517273892	0.117447219882167	0.000516550869132548	-1.46746216831071	-0.48832554653827	-1.05316905130284	0.339158904017835	1.27233886269597	0.211243706683844	-0.109595870498426	-0.248013876948358	-0.416272180567084	-0.610547917815742	0.319623698093447	0.306903467488835	-0.393301061919187	-1.89917526149941e-14	"MEK2DD"	"140_data1"	"140_data1"	FALSE	"MEK2DD"	"MEK2"	"1"	"MEK"	"CA"
3.37016320084129	-2.39922145385507	7.02242945338329	-5.8152312564128	-13.6422621918144	2.09422120996227	3.81327817740148	-1.44923153254524	-2.27653382596948	0.669587861831092	0.793679432137398	-1.2069247716108	-0.703108085189956	0.349809818993219	-2.23272730128589	-0.468968062641364	-1.01319196396227	2.02467164132279	0.596931367853088	2.33996369914247	-2.42807170880321	1.16829816485808	1.42680039607243	0.186150862657815	-2.40729856893983	-1.79710952737277	2.13945576917161	-1.40178066427213	-1.31112185059021	1.06007424149746	1.377893606951	-1.35748586438749	-2.17783875721723	-1.16955395366201	1.95493389768689	-0.917049969922384	-0.82157800516695	-0.0214914123279336	0.874825842102229	0.867154437191347	-1.22187623909161	0.20202897586209	0.0362309577866902	-1.52821613240716	-0.55034935993523	1.57026263071067	-0.689588668234225	-0.0372990661229815	-1.53206540589348	-1.56432788424084	-1.61365581509628	0.927796088996183	-0.305355789469641	-0.156517993543452	0.380704268959089	1.56260617352929	1.03152290679073	0.193867946992803	0.392608229237687	-0.261771791212787	0.469026805638345	-0.0236384612368	0.201899286893046	-1.62496365777187	-0.639131757488493	-0.0231775365268259	-0.290347439673478	1.05306373131781	1.14477137671062	0.238866253195057	0.427428075214648	-0.120218760820731	-1.29893228477445	0.671431127236223	-0.745635016033403	0.165953806768313	-0.514476198177991	-0.417522042468689	0.227361319780298	0.379975407505848	-1.18354386673462	-0.329965401731013	-0.195524273928266	0.953934930090565	-0.130240577876062	0.179271253675547	-0.843802183426506	0.189742643921331	-1.15178999541212	0.253288575998428	-0.559246482994154	0.326048869054698	0.177440069920311	0.339318333508939	-0.800451656082885	-0.462728925279951	-0.0146117476112409	-0.230490663090912	-0.16484081816674	-1.03866810877289	-1.21567600721001	-0.0179659324707009	0.301873812443191	-0.451511110745565	-1.83921888136096e-14	"HrasG13R"	"141_data1"	"141_data1"	FALSE	"HrasG13R"	"HRAS"	"1"	"RAS"	"CA"
7.61272342735829	-9.69865272892335	-8.55559475013985	3.93520553286865	-2.22635877177064	5.32331766094464	1.87222336021128	3.19290587226592	1.3604553272094	5.45257239423691	0.572616229037592	-0.575804772745421	2.60336638828779	1.40326282196468	-1.4138124501909	-2.43458432251792	6.33940135835724	-2.09412419041009	0.898589812376495	-0.718075611821053	-2.14106005757068	-0.122143862518956	-1.83307295486255	1.98646895012487	1.66326236398497	-1.55059354692481	-0.798437759621735	1.60782371750706	-0.549586603043957	0.0786491937179501	0.0803979203912577	0.978728522778795	-0.41829789678799	0.434666670817506	-0.150887504821517	-0.185788815669825	-1.32919448485867	0.810564880000342	-0.0498192645102488	-0.179207130889014	0.218385570593956	-0.499560690095705	-0.540966937657268	0.59586816013789	0.769587065966468	-0.320314760078313	0.0599833236100842	-0.920456679306863	-2.1924820120542	-1.06654931330208	0.306504421588004	-0.0786215564468607	-0.523749661323932	0.103979633466172	1.2598922416151	0.612285398368067	-0.242369603016183	0.358287615681719	0.289229133117546	0.740863953214409	-0.856415373107388	-0.0737211014145443	0.808866857555159	-0.527527998483133	-0.116430509268356	1.16420626779995	0.869910323508046	-0.0993714017898471	0.210461011334088	-0.413426080363286	-1.61647983133152	0.924930825759464	-1.12590426840478	1.226808389522	0.252864818503775	-0.120869313736821	0.846443183740744	-0.593667900199427	-0.750837532997167	1.65535759382097	-0.310213886078816	0.292922912483803	-0.228252808564636	0.243509861936222	-0.423650376670315	0.0979394175472783	-1.13338346515616	-0.66323738249498	0.89238767371274	1.31599757844576	0.258571315447808	-1.14860567835417	-0.152004259591708	0.0128050427643356	0.442774437445596	0.106516851450731	-0.825441245072736	0.382933987819325	0.371509156224656	0.541723380868076	0.826456508651679	-0.163552631743797	0.326936869171873	-0.628514030290868	-1.63087317088528e-14	"ERK1AA"	"142_data1"	"142_data1"	FALSE	"ERK1AA"	"ERK1"	"1"	"ERK"	"CI"
-3.63597740203829	9.55850699416483	-4.4037453093608	1.87407576959843	-1.57461123131773	-5.43704724996013	4.27489004064543	-0.0457600639554372	2.48177194526041	-4.11468852673608	6.02130566205583	0.690035243225948	2.90187644107561	-6.02472270779056	2.75547771255391	0.597633220510358	2.70659469286347	-0.17732667173381	1.1406990847986	1.9577732716128	0.745081069958285	0.0450492763835702	0.0286695417412718	-1.53424421463235	-2.28782007883079	-2.12580113588403	-1.35427567986266	3.00991318104538	0.328849577444215	0.243485607050456	-1.65088835002357	0.620846750363099	-1.86755505440166	-0.645979551683281	-2.53048787525692	2.84051365329045	2.10692421778875	-0.621407031178338	1.0668327142566	1.17629366409193	-1.56082476651799	0.541182328214953	-0.537551633353635	-0.709369430049112	-1.88025154118884	0.969608313653805	0.1056513839086	-0.164368747734519	0.813040723924742	-1.17921142067438	-0.248946036106956	-1.00527281653837	0.854412256006709	0.506666787288365	0.0204811648606791	-0.273070899261328	-1.12411327089117	1.36020341571087	0.179812232176832	-0.311358870742034	0.329115555062781	0.529312398818709	0.523762068967801	-1.13669342868254	0.853526895517524	-0.805937524904418	-0.633254099165435	-1.41818670152742	-0.439827765534457	-0.985524536182982	0.677364731729536	0.246860074744285	-0.629083741260611	0.241720620617526	-0.223171466054215	0.283364328426285	-0.828965181051051	-0.0960475070290759	0.767655113383353	-0.0537950923985564	0.789225096918888	-0.0473452845077572	1.18723637214578	-0.254726664591146	-0.653812015020024	-0.139952841156588	-0.922268122263375	-0.38805039081395	-0.296275988239792	0.312992355411057	0.250044578498028	-0.466689455232381	-0.0923426446025441	-0.0733898700065586	0.112680222512464	0.272930675779923	0.348232836528355	-0.406037508925696	-0.669236137019639	0.00529721371760367	0.393210774646015	0.297481335628235	0.0798469700817608	-0.48499957682717	-1.79817098711066e-14	"Raf1S257L"	"143_data1"	"143_data1"	FALSE	"Raf1S257L"	"RAF1"	"1"	"RAF"	"CA"
12.5962113601277	0.363800265253229	3.73134586530247	-3.377237088152	5.83164374829978	1.75675356059036	-3.51219041322012	-0.12663129102533	2.08664881854418	-0.795751344295687	0.144864429549223	-3.06507355280631	-1.36845128852953	0.452169405029058	0.08138250443125	3.54202355563308	2.44155034280336	0.550845567596202	0.321799821638824	3.53170312763839	-0.284321699138683	-0.929058834088518	0.6965914857723	2.54489484445946	-0.26987269639315	-0.0771677502002735	2.00546445775669	-1.98912946838669	0.812181010217361	-1.69335556877255	0.256377200336755	-0.140190731666241	2.22359963985935	-3.31687341834329	-0.80535252124922	-0.296303327277487	-1.45277688168336	-1.94059488374711	-0.155532560571541	-0.117259711662204	-1.14429063536537	-0.0134708207052689	1.14945047165582	-0.545400828318719	0.0101528012249791	-0.37566747408251	1.11924454925759	-0.372502563274356	-0.8778875752754	0.467256678666633	-0.0586380425614043	-0.481216768272544	-0.585206746585063	-0.860913879426211	-0.783017802113253	1.33978737924613	0.574314445753975	0.316672285728826	-0.814300001540771	0.886176907931641	-0.691715763632038	0.154709930706454	0.533338876350188	0.808815540593056	0.211880337209236	0.255068386497652	0.587799474413781	-0.376474753287929	0.928900875205051	0.193705080874162	0.917083541470517	-0.275801484422371	0.674026951153057	1.2135914271779	-1.15991631656368	-0.291048447982287	-1.13938436766129	0.440421816464036	-0.506537838335679	-0.323147890163621	0.401197454008053	1.37701749001227	1.72180276535701	-0.079839978479656	-1.04210778930657	-0.476877655709263	-0.14069715959809	0.715738357245118	-0.28713738481133	0.241214619623961	0.11428998159646	-0.0255324974670629	-0.456545378123926	-0.0740565534956288	1.52024778657054	0.634192786643098	-0.965926594842123	-0.201051888212591	-0.655348667000177	-0.593633750403332	0.436495712527621	-0.557923248893811	0.0943707817813376	0.515408434683154	-1.82076576038526e-14	"MEK2WT"	"201_data1"	"201_data1"	FALSE	"MEK2WT"	"MEK2"	"2"	"MEK"	"WT"
-5.27017232372209	13.4005622303126	-2.15386085484448	6.42500185679904	-0.601409720124387	-5.36141745032305	5.47284632489787	-2.35146600090078	1.1462926775964	-0.708017694056186	2.02064195657022	-0.659610177957127	4.2313246218922	3.36102097284925	-2.58978230396161	0.969833239506439	-1.28108705490166	3.94127315360428	-1.35845622918035	-0.538031163894359	1.53241740272045	0.750442316630668	-0.421926990228328	3.73236587004341	0.921180998351267	-0.188978057329695	0.368632284596529	0.0323954948920969	1.55894542542357	-0.398930146570775	1.34751873383612	-0.880496464767421	0.378776473756784	0.766774337171961	-1.28902492712492	-3.05089285892714	-1.3120708830728	-1.86281787592082	-0.216224527479768	-0.383455263966345	-0.58122479211962	-0.533887234235646	-0.252261168384092	-0.819552242094677	-0.45118556243138	-0.199327697568591	-0.636330778452053	0.615416746741084	0.845695634157854	1.51187080857637	0.393719680403884	0.942419703493878	-0.318635425623906	0.413353595844414	0.785138286333653	-0.651838723270789	-0.833609899459476	0.448916263375369	0.15976063815652	0.117145271264238	-0.170334306757965	0.641480295480942	0.699086259637693	-0.310001724800958	-0.865515632650592	0.729142297547116	-1.01931382420905	-1.29137449320106	-0.686467876281725	0.733223088720038	1.36010247180437	-0.205146115512013	-1.25330839866825	0.736039147469224	-0.104658491534854	0.189784456721746	0.806978060746666	0.903682794728255	-0.582859879629931	0.0992460266271414	-0.236619255227737	-0.433647646815275	-0.979951587315638	-0.158713532194212	0.545929071747081	-1.68022842207857	-0.980480391670696	0.00785493470259921	0.696908053012273	0.638054754956777	1.24498314305635	0.494581134442978	-0.285563940362906	-0.53474167334428	-0.799926907114657	0.694881987911354	0.229225291764694	-0.763335253174916	-0.605201232945423	0.272210184438385	-0.221787534110703	0.25244517577705	0.0359257852909344	0.390264419184428	-1.77685557239959e-14	"Raf1S259F"	"203_data1"	"203_data1"	FALSE	"Raf1S259F"	"RAF1"	"2"	"RAF"	"CA2"
0.0105603257606187	5.20508243378403	-2.43595178455699	-5.09484060284816	0.672120312023113	-0.184256322883142	-4.57592789074941	0.53056918649509	-6.9435446100493	-3.79117512285869	-1.25325621729509	-1.00484320212497	2.98392373564975	0.683209367528721	0.727553471201406	0.964978935768018	0.257896419318004	-0.214487982986813	-1.42359217878541	-1.50179691134652	-0.887476385801975	-1.81187661780795	-0.47363560875312	-2.76552092943134	-0.176912949989022	-1.13181541172458	0.502589490608499	0.980354203641095	-1.84475374521709	-1.26218791113798	-0.792360002396631	0.616295827148185	-2.2695511488333	-2.38347647565496	-0.279903364204463	-3.41394965510154	-0.273049770435566	-1.82109258844483	-0.632494967519696	-1.0800223169171	0.677933661573275	-0.438225528857095	0.969389789801016	2.243157653521	-0.598381904366615	2.01573432891249	0.61670905103815	-0.849155270465279	0.4032926003714	-0.143977369839612	0.966603704319228	0.291415767506431	-1.70255641190879	1.57249677978287	-0.616771086512762	1.67854874943009	0.387407890775034	0.594647123748492	1.60516024641892	1.54124711985333	0.802546631024172	0.067449308133975	-0.260831280329256	-0.417742949067779	-0.32829284826029	-0.495052713268721	-1.60806176656704	-0.594772991113679	0.037285369017339	1.1246834518833	-0.531589764542608	0.661323271178817	0.67656009847549	0.360634698750345	1.0305949938122	0.943228514254837	0.0896305575661899	0.39971912500389	-0.524189326500811	-0.421779332688309	0.738366040583808	-0.195458488472713	0.621111951281235	-0.0797425692275011	0.390352280179824	0.387872383893163	-0.349909955529996	-0.754717685625631	-0.408543795743798	0.0317066004537796	0.160198991370589	-0.156951703224306	-0.86194666423483	0.201242133425604	0.334042036236017	-0.799838350584791	0.244130668515291	0.181008737606334	0.939413132726681	0.458350742981406	-0.0853002856731602	0.340691534685586	0.317919557674456	0.509286720930873	-1.67228427286337e-14	"BrafWT"	"204_data1"	"204_data1"	FALSE	"BrafWT"	"BRAF"	"2"	"RAF"	"WT"
-1.17060324346014	-4.89873891010562	-10.424952737672	3.25470143513964	-0.271131216490695	3.05582776093236	-2.21155242925692	-0.96472119274112	1.66036233773347	-2.38989653634044	-1.65140175673952	1.98960984295875	-1.33689238934979	2.20766952441649	1.50274182285806	5.57851140259778	-0.0728224804976638	-0.635524468752958	4.73538729131259	-2.15942210881414	0.199156122993881	-0.331505039419602	-0.509609741951655	0.276934499557378	1.24481590206208	-1.97640842287415	1.50924841947409	2.14473947910538	2.07994993404367	0.851023219035102	0.989964216139219	-0.884601995319717	0.414525297588803	-0.998430872272817	3.01466543349525	-0.579221149089103	1.44997897223002	0.424508854139123	-1.42683232216056	1.53401839420768	-0.375316995910285	-0.397227247817274	0.456209455236794	-1.32096774957028	0.260237769794651	-0.944652224065376	0.262124658392563	1.36683715211187	0.47432792617262	-1.7015179063624	0.440242250407108	-0.519091679806046	1.48070066081896	1.94499509316307	-0.155436982263673	-0.160942094888447	1.69202589649467	0.515781866562638	1.12008554577939	-1.06978032889157	0.0194019643048234	-0.993688039930486	1.31364990070919	-0.089813043067792	1.52107639124307	0.806101628507137	-0.797892840792602	-0.151034193043401	-0.494773986363751	-0.0542823252170895	-0.982903297654494	0.645140965285925	0.119976878506586	-0.802261256228057	0.494780487514958	0.101952422341527	-1.23263110579359	0.213857336140285	-0.256188382673633	-0.413363210815825	-0.543944000577282	0.366793993226404	0.315767784593386	0.723494490038637	0.836540891758776	-0.182176450584302	-0.244973959584343	-0.0499308496199277	0.974577175073607	0.172391383476243	-0.0664788856815177	0.769666462369634	-0.173811271636192	-0.222592144372776	-0.430671287784647	-0.466955215270783	-0.38699227897441	0.297869206427425	-0.813538048922489	-0.0202919083776044	0.0226839042613494	-0.546836842085121	0.515084365509604	0.535319333510738	-2.04233331635439e-14	"ERK2DD"	"206_data1"	"206_data1"	FALSE	"ERK2DD"	"ERK2"	"2"	"ERK"	"CA"
-4.1357310518284	-3.54797889330127	-2.63970640190971	-2.52991901718753	-4.85162884318525	-2.24943989507768	-5.10674703739812	0.899403740990413	5.85236371520753	2.30129049822595	-2.49913679126776	1.85073052973106	-0.419212306971083	-1.65661869281245	3.56851299999367	0.77957806608214	1.10940857287168	3.58775844296107	-2.35473829339207	-1.77898819469705	1.72287089807413	2.3212960330454	-0.186654680930967	-0.585144938809569	-0.140476559151265	-1.80850085064547	-1.04455004953157	-0.133015154870028	-0.0542103859891375	-0.900767256554967	-2.25277286318729	0.735153351099948	-1.7360341666179	0.49258473779593	0.633257862434765	-0.0564269671506808	0.104781909697123	0.974624405288368	1.1727223124812	1.79355996178255	-1.28292444860698	2.32626597045764	-0.86527324700323	1.65977267288142	0.385444497822283	-0.526949720227292	-0.828254348858381	-1.30286383132384	1.32416157283312	0.0758012167981347	-0.0506930300571551	0.86421473080615	0.81314237160181	1.06045316559735	-0.508013495096906	0.00396930462464391	0.594407772612856	0.776642870314225	-1.27192851160374	1.46344829282109	-1.49960395730979	0.638549126767439	0.3189087084097	-0.443492147051405	0.814322471812979	0.138379965914082	-0.644942148303561	-0.0590342426601339	-0.128391904623116	0.30497534152584	0.0763418785851476	0.940366499907561	0.376870139569037	0.617798757718238	-1.00043330124234	-1.49301945927472	1.67371191476411	0.574188224190031	-0.682106262515547	-0.338050014201015	-0.241979927521373	0.792326120974759	-0.959255992382514	0.469704419460798	-0.835363070867087	-0.00354023513376639	0.572174208793497	0.240054925267872	-0.312843858230807	-0.377157949727319	0.336838515221835	0.519947118344001	0.0164808931396082	0.521408066312176	-0.314414449250735	0.581428401854708	-0.825113055543059	0.659087335696317	0.679183140410245	-0.860463703284764	-0.487440682994655	0.176750363454123	0.431975852138995	0.61677658594089	-1.89113048137957e-14	"NrasS17N"	"208_data1"	"208_data1"	FALSE	"NrasS17N"	"NRAS"	"2"	"RAS"	"CI"
11.6242145164602	0.812993147787375	5.67232872851844	-4.67433585139977	3.3266256799249	2.71412537283892	-3.97252836259724	0.635267527493384	3.55455772418426	-2.39836658991372	-1.48579299901373	4.37811898120833	1.7266020165207	-0.166558320509369	-1.38729664655352	-2.63972022287726	-1.38364953532137	1.65537070463728	1.33761741666874	0.897278572673321	0.477633156751446	0.942203029909437	0.12816244088451	0.427789293492118	0.0184429767964979	1.52341013870675	0.553718531768224	0.208293773119211	-0.577680932561591	0.0309736458586456	1.69444930906302	1.20230047717174	0.209254289937457	1.51591401497707	1.12743692409333	0.945722348988364	-0.0978385812817793	-0.23934297947728	0.271914049886077	-0.0783734260607933	-1.08157535117791	0.0175824984459389	1.32195088153777	-0.727172932571564	-0.185111499620424	0.0404431054010772	-1.21066235513463	-1.10034231380014	-1.2262436916485	0.428835238277864	1.46117225256734	-0.00719440885764733	0.214107759201983	1.13581833827648	1.66689681104093	-0.513846867829159	-2.39549808701139	-0.417561015393959	-0.392879224579911	0.588309260616518	-0.194825681914654	-1.36974616226147	0.670823598390942	-1.81246123107541	1.93094365575743	0.83927667486788	-0.305816926226287	-0.0230424055806095	0.798775846328506	-0.278973170279477	0.763214209726385	-0.139496796951725	0.527124175163293	0.546657362173091	0.26448183562475	0.0311229781364743	0.396680443844041	-0.923522833778996	0.12827884491267	0.0808237259465733	0.160200935681185	-0.748438294010389	0.106665668671682	-1.43608150381972	-0.0423731125449008	1.12091688450442	-0.00663098460898998	-0.221533540186251	-0.308641029583144	-0.475191728887343	0.0949522560275315	0.339551382041288	-1.05100984710711	-1.4000020523226	1.03760121414359	-0.396246933608324	0.262010188400714	0.310629353260219	-0.145998863402847	0.67814646429974	-1.31763548798766	-0.8019211105545	0.306166785178183	0.393747764499605	-1.88078719265405e-14	"MEK1AA"	"209_data1"	"209_data1"	FALSE	"MEK1AA"	"MEK1"	"2"	"MEK"	"CI"
-5.68798026151204	16.0210505441027	-0.338000859575955	7.8579329141856	-2.74154468538108	-0.144921550671716	-3.06586715830707	5.99613680415225	-4.73654066912187	-0.143624650206696	-2.92434930378156	-0.0546683658878013	-1.7200866461946	-1.61669880320929	1.47393483791194	-1.31169711366499	1.36697340130045	4.14817153518167	2.45427466030891	-0.79403559143347	-0.322724315776187	-3.41044203109119	1.99180519192581	0.772497338097199	-0.148076771913627	1.43219507429344	-2.90027734220729	-0.797484161378844	2.10133804112562	2.69969853545271	-1.14387985022199	1.41327479859366	-0.21460145773846	-0.957928918109398	2.04915381805635	1.10290448835475	-1.56241821077487	3.3340775624204	-0.0414322673915904	0.297807258349316	0.836606153385207	-0.802547396449162	-1.02369310429032	-0.282757911273518	-1.57942353916907	0.57408230370978	0.298194996299476	-1.2119690208065	0.0757840058144773	0.69463587348823	-0.652098711167372	0.297797536311212	-1.55974091748623	-0.230796723724508	0.956834323814456	0.116268833802102	-0.478002849848802	-0.224124090047166	1.30471279585568	-0.291149759184246	0.155716244762681	0.817825767901713	0.56839271042859	0.254301919040986	-0.411056411838993	-0.532915820362272	-0.807767219237278	0.225312086198881	-0.0991228364679807	0.716103039590074	-0.269545726360498	-0.923159581057111	-0.312177805834603	-0.995268226524747	-1.70403365262791	-0.0816908960505051	-0.495563984137459	-0.116256658535773	0.720022131314178	1.40828114030667	-0.0878135613224126	0.589738702327528	0.19408023539936	-0.271323792443713	-0.262412990797456	0.361237100648361	-0.100842337240607	1.02545716446846	0.295341167099856	0.111487248883676	0.362121858734496	0.458046440505178	-1.14496841368305	-0.373631450767242	-0.0501742828928701	0.261533910901114	0.230925873091817	0.0804211899048857	0.127928855895023	0.132770695060155	0.451404745017473	0.0698931723834842	0.135360746740052	0.631394935942363	-1.70777020996882e-14	"BrafV600E"	"210_data1"	"210_data1"	FALSE	"BrafV600E"	"BRAF"	"2"	"RAF"	"CA2"
-16.0108676957591	-1.27152342601926	-4.66926539850478	0.343888430676699	-4.58247139422193	-5.08208422070876	-5.39775193411595	-11.7388001667722	3.18094940924409	0.487539268834321	-3.11491508587342	-6.65910589966479	1.68907284136883	-1.07714233640759	0.760689993264814	-2.8493800541377	1.28800699506086	-4.11481499417887	1.41805433747308	-3.20593432876488	-1.58804047815997	0.99855700777615	5.75540800348964	0.309414789468347	-0.603156642152325	4.23406273631858	-1.74843219292025	0.781559715720389	-0.201433428979523	-1.66036573030791	1.09455806012618	1.23568587604293	1.96026435045816	-2.37500142487069	-1.1580932818557	0.221650309382304	1.37967659341656	-1.36480900866487	1.43682641022241	-0.2298157161357	0.289947556735216	-0.167662097548124	-0.985526601475838	-0.715221860869676	-1.12062233322598	-0.671931076096305	-1.39749381989127	-0.912260308992517	-0.478003355086561	-0.420734472835116	-0.112122451403108	0.545937186341221	-0.881728905199561	-0.115388098581737	0.211545451476822	1.3764339300455	0.499841802621811	0.451152774879579	0.223332119986255	-1.01056721939191	-0.557131933606002	0.0848661522917258	0.178328511875907	-0.0148912546739193	0.3990117249876	0.978001157343259	0.702361117863271	-0.183998935207611	-0.81091422692626	-0.23623256003019	0.0447023433237408	-0.00417416215502826	-0.0769082099576563	-0.582122889748987	-0.00183182517650415	-0.280619547934258	0.206767900301813	0.105758086596045	0.421416248953196	-0.344365360508016	0.180810361939023	0.0959976827428546	-0.775851639201158	0.452601943166341	0.414689075722102	0.131864220321347	-0.0607189301860391	-0.316143163582619	-0.0768200385143633	0.21224305259026	-0.289766689532887	-0.201468816224786	-0.21377952519148	-0.283499365823158	-0.046807192719853	0.0914471093089983	0.239518816526944	-0.140111899231542	0.250778824292323	-0.108557108042485	-0.402655526751036	-0.166102355303357	0.369970559796916	0.293853149401069	-1.58397600591442e-14	"HrasS17N"	"212_data1"	"212_data1"	FALSE	"HrasS17N"	"HRAS"	"2"	"RAS"	"CI"
10.3768707842159	-12.9344285102085	-7.9239546684299	7.07628649009301	3.25972051292829	1.66653037067123	1.76562554512727	-0.741006913105418	-3.89185227445543	2.60716452888199	2.35101468971397	0.567901331847852	3.24422010922332	0.013541735381101	0.890795697189556	-0.825123051065837	-1.04378272475164	-0.2600644705757	-2.82684262759817	1.27685802506015	-0.301860672614532	-0.706774587424552	1.61284292752997	-0.1437370767421	0.326995983168148	0.876794340613558	0.732265072196664	0.523282822781787	0.0774222628671762	0.0919179781048144	-0.298039972843381	-1.03235626875133	-0.871730248286644	-0.466824448899025	2.19253311893336	-1.96189872501441	0.129581910226028	2.07079894866454	-0.791194056552688	0.135251442785607	-0.17876712060142	1.256014696507	-1.86408786595465	0.210854750740518	-0.542057951135928	-2.81160853661024	2.90919129344662	-0.765858287282017	1.51998624031103	0.59100164181448	-0.0169120650586072	0.262877546536561	0.212844265240355	0.864323610210506	0.750389563064482	-0.551089997291643	-0.087157164194763	0.310265320765692	-0.354436395306186	-1.03951362084901	0.925978104367257	1.8271769112843	-0.747203758197466	-0.958952049207982	-0.113352104748704	0.552002787764981	0.9849233067471	-0.0938207199402835	1.37494595047087	-1.18091900932176	0.926585709661199	1.65385296616848	-0.114595785267199	0.212552319124821	-0.663604408079211	0.0598121814690589	-0.433344775072297	0.344196683201279	0.261902122709476	-0.553961600627709	-0.481725722744978	-0.285114110904907	-0.171829990294099	-0.130679901435705	0.866970150430404	-0.210466298481851	0.395179729919361	-0.195968947686813	-0.761840137408192	-0.214991978697819	-0.724357171560886	-1.39047073919588	-0.334285117053093	0.230052782726707	0.852543475465463	0.247053471638357	0.865060850372104	-0.709708273530488	0.00303522620786746	0.101507125175941	0.00128339018297316	-0.820682082864233	0.200793830531004	0.471266264962621	-1.79806256689341e-14	"ERK1WT"	"214_data1"	"214_data1"	FALSE	"ERK1WT"	"ERK1"	"2"	"ERK"	"WT"
-4.37284629578441	4.65877323171361	-4.51948777807394	-3.14738954688808	4.81684230582878	-2.96208085238823	-2.86871526405542	-0.417306103792877	-1.28147251510225	0.440203219782529	5.93386849875811	-0.637166163004299	0.595237350449941	-0.0947854251359106	-2.14708469318779	1.29586942878177	-0.0605310924708003	0.613644114713953	2.80165068321681	-0.840777702167642	0.579346941435423	0.856851346607922	1.07096373667764	1.20078025382654	-2.99995794320685	0.371921035202432	-2.04258141007988	-3.75463526689457	-1.90813805546585	-0.503645371068779	-2.39347499664673	-1.55057949360499	-0.752458342554686	0.743340314755449	0.364238140119262	1.54296368883051	-1.7292560702711	-0.857921705370025	-1.3939493501074	0.359518115775247	1.65370582495206	-0.0241341704757344	-0.546944121323951	-0.480368539718658	1.33398027586177	1.74564792718321	0.331218724219402	0.194421092846356	-0.0374838346269197	-1.99789152394744	0.220229820173539	0.805938528044869	1.74653611361545	-1.15705292478537	1.82373948114158	-1.36485304232441	0.688921304061978	-0.286756143197856	-0.0519277899382998	-0.136124120921572	0.205308449927091	0.377357891921065	0.942294165363889	0.724364966857888	0.414231837990393	0.488091108210616	0.190868260401175	-0.315803338524819	0.622343996287253	1.35135634633212	-1.1397072031744	-0.167195781565991	-0.13331105349837	0.566901649172281	-0.188750946182508	-0.207933918318438	0.751318053025104	-0.391928340498856	0.00756767210510145	-2.18315592823966	0.0484627670785533	-0.15999073526099	-0.230554777240168	0.171281757748318	-0.536852574170811	-0.194337540373318	-0.0886949243418687	-0.460781001464236	0.516879959528571	-0.772520508491183	-0.743739962014128	-0.838548678241393	-0.724107287354164	-0.621963095234894	-0.184128696824387	-0.575378912300438	0.0277959048353944	-0.903274751416053	0.428257231628014	0.128192542472767	0.442504792007177	-0.0573812406645029	0.21201567420773	0.406515337073933	-1.82701076489877e-14	"Raf1WT"	"215_data1"	"215_data1"	FALSE	"Raf1WT"	"RAF1"	"2"	"RAF"	"WT"
4.84540186777948	12.8330323605436	6.00245688964993	10.3084651275752	1.30771713904423	0.515622272366437	-1.40378674663651	-2.73014213037203	1.90192517276682	1.20372373824564	-0.681246419210036	5.37969232715333	0.523934913987728	1.95854333949097	0.021551229348066	-2.10623769462218	-1.51414678469801	-3.94662433204589	1.5236435859964	1.74148022074522	2.24641623978356	-1.0112423467846	0.072210667915006	-0.105408235512246	-0.270337963291339	0.14445419855529	0.962180860073595	0.109595830468247	-0.335102015830183	1.79257528377244	-0.191082903354962	1.58281248326056	-1.95403992911953	-0.0906050666042203	-2.04644475529355	-0.616712156976307	-0.520307253629968	-1.658158456062	-1.20464409480796	0.367424118299542	0.179116018432324	1.86042422250454	-0.317786219894062	0.243020369215501	0.561905456550776	1.07919675733576	-0.397570128101724	-0.531418261859709	-0.494382017454179	-1.78560185217211	0.908197119405731	-0.510339619392967	-1.50208956157408	0.486807257385598	0.182691898810251	-0.936965096295797	-0.38684776256844	-0.530989204345168	0.493930193451136	-0.355557876013985	-0.287890701966177	-1.39378799244336	0.122745500877519	-0.963121559198019	-0.945043578720579	-1.90743585039107	1.07011687847473	-0.109027841295116	-1.02786002410823	0.568075172453036	-1.37196518595255	-0.140867366896021	0.19254187328295	-0.402639020431164	-0.0769201212557137	-0.599561723073152	-0.844490537427106	1.33915667482817	0.320934436854445	0.246213640759882	-1.19253688207946	-0.347790094678512	-1.04399066845027	-0.0244008778031405	0.186734792758758	-0.586861769793243	0.0858840141162275	0.985619220257342	-0.873815932917851	-0.47253050722257	0.0629885132293469	-0.803559149267674	1.00054627762964	0.0479934141587427	0.554572309742455	0.508312177808864	-0.789193880644447	-0.375898309618931	-0.171205368921726	-0.408835734380226	0.234595104999232	-0.555156552819566	0.37131902661854	0.716029326910573	-1.56901401593412e-14	"MEK1DD"	"216_data1"	"216_data1"	FALSE	"MEK1DD"	"MEK1"	"2"	"MEK"	"CA"
-4.54973416316722	10.7334845482185	-4.74694776169495	2.28965303400283	-1.33233746557522	-4.92053440526785	4.34456654646114	0.324437871082087	2.82390685658147	-4.69091611060306	5.79027872956889	1.23929859880543	3.19699235389572	-5.82699997313183	3.08209470287078	0.586151091809517	1.96501157964365	-0.37977097818531	-0.319829168935355	3.07722261979548	-1.76737728275939	-1.26864018073444	-0.784168757039951	-0.977888133835484	0.207159885909114	-0.0463219168121244	0.340088373505862	2.14433148825711	-0.906286811690008	0.240248457574341	-0.117430046650835	-0.148114690891703	-0.140841617312271	0.107498934727703	-0.148650873750193	0.0465220266329113	0.529854647394254	-0.735924123687266	-1.43719706358488	0.175766109122696	1.04162808970069	-0.130022823779403	0.830518437170066	-0.603789469420746	0.944524262695722	-1.19569596846158	0.900416186955382	0.533909012336408	-1.06389355190754	0.836424545131624	0.0996278627788271	-1.13003908511104	-1.77257014008809	-0.454309258326244	1.4212693713065	-0.364648550342202	0.433312135533368	-0.231812711667256	-0.761194488752818	-0.127481414752058	-0.78931583518196	0.247590465360982	-1.24670262250385	1.33807183709186	-0.80533894438563	1.62995348281423	-0.583062611832834	1.81729689047405	-0.647862445827621	0.00772878131963135	0.40350824605674	-1.40312506589889	0.566935757937615	0.858047906220839	0.443836888965461	0.250550917740836	0.0592831463947088	-0.191099472422084	-1.51709993803391	0.609771726469375	-0.489532584400671	0.6652918455154	-1.6711769416363	0.131498590752502	0.405174943793514	0.55819425074461	-0.00713580574570631	0.187705676786142	-0.221630046644246	-0.781137338940828	-1.16965530744174	0.853820011737195	-0.440553358293611	0.179075729505642	-0.332465691011792	-0.573471108126513	-0.065668633453968	0.341657372240211	0.0365953055296726	-0.370194521409503	0.00845666340128758	-0.303668223514379	0.334926583796394	0.417301589141545	-1.83594459080005e-14	"Raf1S257L"	"218_data1"	"218_data1"	FALSE	"Raf1S257L"	"RAF1"	"2"	"RAF"	"CA"
0.106935707739184	4.13929532625267	-3.89332112558284	-7.63795805126144	10.791325969898	-7.86180169503906	4.75630631140401	-6.47869227204765	-6.0273813461852	0.500602799478165	-4.16066163070421	1.01900437596991	0.610029766957255	3.5733070575513	0.466541681514483	1.08855250614957	1.01911004201945	0.934716982435428	0.0391182806998656	1.17997857526781	-1.07744571982835	-2.56706602337535	-0.771828447130695	-1.35196992211809	-0.530377615484545	-0.860774292946601	1.45907215083003	-1.09378557917939	-1.49470104460489	0.639171847279759	-1.83410773229755	0.384985365460461	-0.306409128992487	2.00785767994941	0.620866883260659	0.982983190625458	1.30206734191027	-2.17657722231464	3.52867245161331	1.00733637163261	0.0827473331776377	1.1757370657226	0.608548257492379	-0.372043687758248	-1.52390230131352	-0.0336543457105372	0.210240830719791	-1.29160733341056	-0.0873784386294112	-0.538018384434026	0.891239066932503	-1.57112400396454	1.22275740930074	-1.57111476697965	-0.300483313607113	0.378158082142428	-0.768311771002416	-1.41230265961044	0.945657883851111	-0.678298409113464	0.162992628369954	-0.151264911849634	-0.861985953101365	0.779414480584263	-0.737599480612187	0.445549934778568	0.869734717776502	0.178338415641076	0.984840855111442	-1.31037428827455	-0.0288545960216574	1.28616501473139	-0.406067700600923	-0.596621645468095	-0.120549520936517	0.590236222616829	0.735597237891263	-0.494945489978553	-0.543801603556808	0.0750803197786098	-0.716430506405029	0.558779127221693	-0.288227561547827	-0.0968996749309965	0.0757299556200773	0.210101524434382	-0.704390816460877	1.03478291093288	0.985198218895516	0.319358733240806	0.527604472506122	0.441761080151895	-0.142318120389208	-0.0926309963561786	-0.337633714719542	0.318171359091162	0.038341014385001	0.426723579847738	0.136993692546187	-0.114883577609863	-0.0433644533428293	0.122523424090067	0.279525174482072	0.542921061215121	-1.69543198924593e-14	"ArafWT"	"219_data1"	"219_data1"	FALSE	"ArafWT"	"ARAF"	"2"	"RAF"	"WT"
2.31340953974712	11.9425732640035	-2.14229473403399	-5.99480220426006	-2.42875793994479	5.41985801674445	8.85986364900615	1.36076155848603	3.46968192372316	5.99021200190852	-3.34454670733934	3.32318409158517	0.811130148266447	-5.10480351158182	-0.972844089445064	3.73784377006653	-1.23049116697232	-1.28540447750936	-2.49080545085492	0.518632211234562	0.454551225969393	-1.66391594543032	1.4022538675655	0.294973884556759	0.166710049168005	1.79433866637396	1.21335517833411	-1.9220304647477	-2.12099383149808	-2.28659752924266	0.809385634286755	-0.425686886683446	-0.248431279719233	-0.976274516822518	0.774698182709584	0.220110939676546	1.12810019303806	0.228832081445026	-1.40677615824018	0.420938266210933	0.0212300507538516	-2.27862539988236	0.345096826445007	0.10583201143658	1.1612837237844	-2.19846623939486	-1.07532026671038	-1.31677535897093	0.334714310224111	-0.387635491193703	0.854712966164532	-0.164093450319084	0.375930942068836	-0.275211812225782	0.277925159814628	-0.136870523376245	-1.229941157169	0.351106925164439	1.01195672657826	-0.571982341169785	1.82016751834051	-0.425995284020183	0.822579519147484	-1.14799157796878	-0.548364850118469	0.143184685065004	-0.387897393168973	0.521190324474	-0.294019836298463	-0.577949570293791	0.35787228845744	-1.86810721993577	0.126390275298147	-0.659944445006053	-0.452173126647314	-0.00338534433172388	0.643555910251432	0.454866502605946	0.536582778967026	-0.478197733255593	-0.0755047751517492	-0.0500972631378222	0.904259023742253	0.00377886379663656	-0.456739144987237	-0.268663226937067	-0.634810144603183	-0.664030369636549	0.762970138437101	-0.138153162205189	0.59482466859985	-0.483530020526388	0.512386567837392	0.903279730677935	-0.285503616697568	0.0743820588170844	-0.230268872645621	0.632745364155195	0.918744577477094	-0.367388692702297	0.453890838569641	0.259456080079373	0.302899476588505	0.377488848538751	-1.56389658167999e-14	"ArafS214P"	"221_data1"	"221_data1"	FALSE	"ArafS214P"	"ARAF"	"2"	"RAF"	"CA"
20.0405141417076	9.17414727390598	12.592566604065	9.82179248293252	0.658037071765693	0.956167154950874	4.40549214642323	-1.09778738890639	2.03224025041191	0.233653675451425	-1.01958295857552	-4.98802801752066	-1.38144115842396	1.224405965215	2.1701556396256	-0.927763335315586	1.5266555565035	-1.18322081597877	-0.364599363086231	-2.07599043425876	1.96386360128351	0.0241790576887556	-0.861939832324407	-0.364937090688602	-0.411897844767413	-0.902192024884812	-0.258245311486226	-0.664649439628711	-1.79970939481711	-1.02422577168062	-0.447797435566889	-3.80680012274261	0.266987294851623	1.91017541168537	0.48204026853391	1.60195871804517	-0.798251376516601	-0.873714286166247	-0.245595598761948	0.354061268412699	0.0088512436036485	2.35927838580848	0.103267644744208	-1.93041925684512	-0.731394389570114	-1.14577949536154	-0.322106175150835	0.387429608928393	-0.261838126677219	2.26628123813218	0.944222783582596	-0.759868980416044	-0.215789759389454	0.530484311373536	0.142170971953216	0.154697103263786	0.518161007410464	-0.423037759040669	-0.529818031256714	-0.268893333393452	0.496453863234556	0.534902145152205	0.801184411727502	-0.782054777157879	-0.560168784610747	0.180470409102641	-0.530154931798651	0.348886220316954	-0.590358547456719	0.189131680312588	-1.57829738677144	0.0512231378470211	-0.727321198651857	-0.127543582935734	-0.252957080903474	1.24129527637673	0.753557337215579	0.107037835293355	0.822592725551103	0.36650994033816	1.94851821202376	-0.606684732892962	0.592849127007624	1.69532077127133	0.289536673227993	0.705918954617225	0.398263947166215	0.0906297911591869	-0.933415453746252	0.265663439594547	0.105732146464757	0.529875320425615	-0.305942448469907	0.761220513663403	0.293403178799886	-0.377373756922947	-0.339601178678774	0.0632680581761661	-0.124411432098769	0.614409816102579	0.161487063716356	-0.259577661188206	0.202659511919375	0.408315624344896	-1.74339709335669e-14	"MEK2DD"	"222_data1"	"222_data1"	FALSE	"MEK2DD"	"MEK2"	"2"	"MEK"	"CA"
-1.69989302870667	-3.27341038598188	0.0431109869102711	-0.827557050034158	0.51355610874781	-1.58597695895387	-5.13710761997366	-1.65094711712885	0.172735844882775	3.3383479428975	3.05630570777976	3.94210189567287	-2.65684865626358	-1.00510998999691	2.26573904589158	3.23719062755114	0.740332524494494	-0.682241768440752	-2.7108780872185	-0.887034044182329	0.416607785802439	-2.59437769211642	1.40745096613239	0.930248817960193	-1.08394069090025	-1.35606857365845	0.339542238719333	-0.537450427634816	-0.0759867687439284	1.0880170149771	1.71532145709488	0.376832891476422	0.668905890184476	1.39865993929231	-0.90541202573586	0.86122641405549	-0.0482796796798731	-1.08638852996109	-0.394971688817331	-1.21810768891457	1.35945275239761	-0.120343673463177	-0.568305229675639	-0.602836328476993	-0.869412080089511	-0.313261988967348	0.242013350609037	1.13000447147828	0.865187158058995	0.703930443323579	0.218281702911791	0.0588965866975779	-1.22462532787267	-1.05679864721868	-0.316086009077374	-0.303821262643767	1.27621352864181	-0.0939614124907304	-0.616585104663387	0.404364690300395	0.453367966283251	0.770505949137196	1.70214066674173	0.97515089945739	1.54140994101869	-0.949977518139107	0.419541976201442	-0.548420247852029	1.23683471885361	0.770683656979768	1.05218533231494	0.556977782873068	0.0358691868876873	-0.0304932103918276	0.942717676299432	-0.127449519031351	-0.891966852012399	-1.64272266866482	0.524435550564324	1.87010362262167	0.505218009856786	-1.11637134940495	-0.462742515614749	-0.667300617842821	-0.24941582134815	0.00987484956768171	-0.475775658640362	-0.439689547611804	0.0103139160936999	0.669687814888079	-0.26474835911072	-0.963376169897375	0.608560519248645	0.675759260788667	-1.05662109076968	-0.0116419099018283	-0.70652772841808	0.463059057995617	0.484970756677492	0.272534810431525	-1.08016790031171	0.0616027845581033	0.251240656898262	0.76107072354048	-1.79254397783546e-14	"NrasWT"	"224_data1"	"224_data1"	FALSE	"NrasWT"	"NRAS"	"2"	"RAS"	"WT"
1.64537178577877	-1.10093668243757	5.74721937972355	-5.25252792496574	-14.1346127852177	2.64855656726189	3.70064393196802	-2.32767008923613	-1.92657278577383	1.54619622005438	0.204941697574273	-1.37315198910503	-1.72434165250819	1.09460425128775	-2.30848462811083	-1.67095207404647	-0.898933491023983	1.55010581017247	1.80287682941627	1.1986453163736	0.0299371378725151	1.48202731929872	1.76306590564791	0.683620703025642	-3.61393597727995	-3.34183031398529	1.94574519482247	1.16357672708357	-0.306671666818574	2.35642216413556	0.322848140662437	-0.993591263025302	-0.46276876420598	-0.116176373533735	-1.91703898235578	-0.962478833227931	0.781055305931052	-0.516687227429042	0.232610368331766	0.716501348239344	1.18244833204155	-0.24146608516313	-0.257137453193944	1.81654874379825	-0.278896398038692	-2.13647185336389	0.0559937049980898	-0.192267957051372	-0.164176382282969	-0.116529525160764	-0.630686143675739	0.638265329711368	-0.131081495326803	0.163080327130704	-1.01816442672277	-1.23257232515052	-1.26412778222826	-0.351687022615866	-0.931481704793668	0.63629725251989	-1.35578766251441	0.887335350015833	-1.63747582151116	1.05260059817259	0.0913694942765838	0.561106704867887	-0.580273839156832	-0.357062685747092	-0.167736565596014	0.533111964012146	-0.383456705218386	-0.245889890232315	0.157204878796669	-1.684336956414	-0.0424029065029472	-0.365337105047317	0.0392987242345491	-1.30274699884054	1.11395688045544	-0.0779388677939081	0.434824718234496	-0.466802109533661	0.219017532115065	-0.3928185473941	0.864792046169394	-0.530745657005121	-0.154813341541487	-0.745505592936739	1.09133187279554	-0.305031818738683	-0.0065658241807364	0.183302815136158	-0.327137475191086	-0.162499026596731	1.32571389807363	-0.44119278424764	-0.563101509430231	0.609688050465426	-0.139992731429202	-0.16645831912243	0.769247277746636	-0.276855961423865	0.166741290412545	0.476210586807106	-1.78107311885056e-14	"HrasG13R"	"225_data1"	"225_data1"	FALSE	"HrasG13R"	"HRAS"	"2"	"RAS"	"CA"
13.5795543917545	-10.2533711148197	-7.49686274833257	4.81542781468175	-1.35859025735701	4.48441424787693	4.69026252141032	-0.368342477422515	-3.03137960521035	-5.24580477513481	0.497246404485825	2.1485506450578	-3.7546908829557	-2.87225120249044	2.9023014299398	-1.44863924727841	-2.6987765206756	-1.5000728246727	0.495163870590682	-2.18368339884495	1.20402835739357	0.709579497899033	-0.0844470678870241	3.42222165030943	-2.16616628396399	-0.0188923752266808	-0.81769553853778	-0.435342360504508	-0.526140501876847	0.890799685219422	-1.14150075271782	1.14227148456386	2.05454315840233	1.48231238381856	0.11609508579568	-1.45174674720106	-0.00864081651392034	-0.215415540261587	1.46062862394425	-1.29134947810817	-0.0723820563083502	-0.555873769952166	0.439346448409065	1.40735901524761	0.534756078132619	2.48814069498131	0.362559170761667	2.22483303345728	1.26491723010029	0.624755843830743	-1.63059167654428	-0.961097540042243	-0.166733992768957	-0.849618766411833	0.402630418364032	1.41858226878235	-0.521888524627438	1.04398817617981	-1.34012392835732	0.625185888987856	0.0183680300361695	-1.07055162306149	-0.544660791700469	-1.79851721884408	0.0954052982124042	0.849224486898212	0.320724206694455	1.11475283905194	-1.14738142858145	0.206293502212617	0.0316907853173945	-0.196426523215756	0.630292351238355	-0.434359803394102	-0.505277725987897	0.891335178490488	0.584994676699761	-0.365445434293721	0.00561774771160382	-0.759198713567383	-0.496562179134096	0.405540920140831	0.232998419710217	0.409223712350769	-0.318215110049325	-0.0230173931260356	-0.445762579479981	0.50523801372154	0.767411306833857	0.712102305896094	-0.169893983319311	-0.812212337854922	0.0848401816680472	0.924310454748624	0.236002361944713	0.48142403162522	0.571253686839249	0.366506786173586	-0.458501519102658	0.305809344607429	-0.242413969739115	-0.236072151884546	0.356022451052778	0.504982070235357	-1.7913838815109e-14	"ERK2WT"	"226_data1"	"226_data1"	FALSE	"ERK2WT"	"ERK2"	"2"	"ERK"	"WT"
2.53237597524538	-2.53670606867384	5.77130124516431	-6.3456474763447	-13.0152972007049	2.03907284839225	3.58022285509082	-2.34702071862572	-4.72469395188109	-0.403402723131472	0.115313303896608	2.72224007475319	3.18901776598259	2.89543167977887	2.90366079617731	2.82134993311558	1.58140629279448	0.721219746979639	1.08717151602541	-0.643182991313358	1.7457372602494	-2.32625434577289	-1.14407211284951	-0.663697045555836	1.4125207123917	3.24702765430103	-0.70560815572351	-1.4171713870715	-1.63933639243768	0.0972011339683316	1.00797632624245	0.226966180333131	0.857108359554599	1.16357754600648	1.30134549827231	0.235233772250125	0.974119060239761	0.925789227030829	-0.529270285354258	-0.203899291366145	-0.506180725202584	-1.30093623183248	0.481510281979722	1.66291255237793	-0.228345803317412	-0.141750171634995	1.1633250838519	-0.645830890767632	0.497739016030071	-0.574593326821397	-0.046542029795373	0.726397077760708	-0.182260313701342	-0.810518263848162	0.122919958384353	-0.018082148666565	-0.0859255921037727	0.743290207297148	-1.25616074355472	-0.0572963167206555	-1.6006402199364	-0.720014493027227	-0.356853258518463	-0.667821377310376	-0.209543796189112	-0.636446224767315	0.596281397029919	-0.349646109900032	-0.0954270021658267	-0.646303149353002	0.116263486297287	-0.174391033480119	-0.700077199672693	0.654579922874359	1.94613135397071	-1.24698338286703	-0.467025276507491	-0.627701920061973	0.0322427875408372	-0.274234012349787	1.45921659284339	-0.0569101481499824	-0.642951478403721	1.03929183476079	-0.868426345319105	0.52326191916939	0.351223640061398	0.190985401972815	-0.714339306910103	0.706506480236057	0.283188161503595	0.323945133985441	0.280314147887211	-0.842904132376044	-0.064496369214618	-0.259658316218563	0.386923126413241	-0.774958871324379	-1.03807202713536	-0.484876799378042	0.912483075560067	0.676842168355358	0.0765682340782016	0.566961020892083	-1.88525410560469e-14	"HrasQ61R"	"227_data1"	"227_data1"	FALSE	"HrasQ61R"	"HRAS"	"2"	"RAS"	"CA2"
6.98255533698732	-9.0059560651098	-8.81500313368195	4.71783828827842	-0.358975792526402	4.30052023633562	0.151348885288216	3.32946713120543	-0.184745679341621	6.32180671595367	2.43106165727442	-0.461606426727143	0.377743277431293	2.13523077509643	-2.24071967106876	-3.52060320684139	6.92330459696369	-1.21871183689548	0.226347498062434	-0.241857196223026	-3.44046238024439	-1.189374801459	-1.29332826000458	1.44062727067417	-0.853617685145654	-2.16458465765816	0.21298785343967	0.057345030929651	0.55860317012878	-2.87120083242674	1.14599468180289	2.0041250500462	0.48974378301768	1.44925598609851	0.9980985242002	0.507971133279472	1.72192433503403	-1.83096631984792	-0.0264752719043701	0.163882004730067	-1.13114093571848	-2.07764037788648	0.688761925324329	0.0395322503858848	-0.805698240512665	0.643907402624472	-1.07331073270768	0.709708779834361	2.328801603542	0.492911807808269	-1.45521400969164	-0.710509775630887	0.801599189532969	0.464046593287188	-0.425899206440613	0.254850844806158	-0.586155455505387	-1.73306831427662	0.750598775859406	-0.917818532998408	0.209196081731286	-0.896762583940224	-0.860796382906622	0.356581385154697	-0.194288519642498	-0.680436776140173	-1.04333041270545	0.0136979115377456	-0.291496423651563	0.630725351364867	0.324362959574152	-0.317983976763703	0.673212106277979	0.630394792129473	-1.3324703737515	-0.331634179805226	-0.204812001620829	-0.278596389223373	0.607336227614631	-0.474995057310063	0.168086264948952	-0.653258349383385	-0.56196292467467	-0.252061771074443	0.200391294816718	-0.153994990741702	1.41488230366061	0.0613992391889372	-0.93122484821697	-0.432710863572473	-0.0620162030203992	0.294947858508948	-0.136292475917241	0.0737108069082517	-0.2229075045084	-0.241140947614312	-0.0739122340271652	-0.574649683451961	0.0260522882334883	-0.275577442555333	0.161263426431522	0.37384271878294	0.210191549576048	0.524716620655794	-1.90445532607941e-14	"ERK1AA"	"228_data1"	"228_data1"	FALSE	"ERK1AA"	"ERK1"	"2"	"ERK"	"CI"
18.3488231242244	0.0191152037993619	6.7726522129866	-5.24866001277402	4.32179651580062	3.58415110096062	-2.01646531785908	0.533767250332451	1.2668788468106	-0.245751212348714	0.272489943050727	-4.6397305922823	-0.315181442417705	-0.640490522573253	1.9274202896024	1.26229792715034	-0.184707566122898	-1.5263204572116	-0.158505746387394	2.40176793510805	-1.24256437252646	0.774618738825853	-2.23181348731649	-0.699941064036413	-1.76838695541678	2.46982355580556	-0.464979153180899	0.510662625153809	2.92023613682012	-3.03261566303951	2.29960528839297	3.15232825685724	-2.50629981269745	1.46277477706859	0.174789684687416	-1.47107519154431	-0.871553099610383	2.51930355028161	1.09427721157234	0.255475967903842	1.30003957149125	1.06781121184562	-0.817661234407399	-0.384614798203669	-0.677046283529364	0.877722728346985	-0.610839636539481	0.454593781026864	-0.262520558286085	-0.46103730779475	0.898797893366795	-1.38199869073473	0.042285262491219	-0.181439996970604	-0.470441213478626	-1.53957176947513	0.101168636807681	-0.701155980867738	0.0880870269876149	1.40618387421546	-0.185065066419194	0.300371638963056	0.0355053735644886	0.0675502904366362	-1.50478025567922	-0.0825864965584461	-0.206695600729753	-1.53700295618145	-0.0690400043818185	-0.00190868155404547	0.424549309154034	-0.779864753598185	0.399401288850484	0.330410178103504	0.0238747833406742	-1.14451272492868	-0.124113117113775	-1.02574265227959	0.42417441616293	-0.441888106518669	-0.203880370528789	0.0744535688302118	0.583905193964393	1.81866247064258	0.917022406449305	0.106807319037647	-0.539002868028753	-0.33297690751492	1.08863421291327	0.193681670490456	-0.657519109475509	0.107787867354645	0.449088401148816	-0.0502791339799632	-0.558107068255428	0.166457962130678	0.666849387088159	0.122642816944569	-0.0439880823882037	-0.0223742676191066	-0.116137782436176	-0.47227235468917	0.0851130355634546	0.321102128543843	-1.59976198954581e-14	"MEK2AA"	"230_data1"	"230_data1"	FALSE	"MEK2AA"	"MEK2"	"2"	"MEK"	"CI"
13.8631699708918	-0.0534150414474559	5.13101772893506	-4.04052704359421	4.91684639594897	-0.863426805255441	-3.60568232701068	-1.02108691975807	2.01287360325266	-2.5701838035942	-0.460043230397203	2.61131304724486	3.17578750537496	-0.595955548440005	-2.01929594693357	-3.00307903509554	-1.10409941115737	0.758975020364603	0.562567334748423	-1.32697600635282	-0.0880271308292803	-0.562096117667872	0.899761729088546	0.00555205981483156	0.546248378688499	-1.06338462786516	-0.668368269315572	1.26287453597182	0.748258133690393	-1.69141883321223	0.714574473052585	0.113034125346799	0.948782234559907	-1.72198631869626	0.789161638133083	0.0639757499701011	-0.134368736197543	0.337195528398599	0.494822216658954	-0.535347247236049	-1.58266826218589	0.382997590855456	-2.11446911803142	0.234526428011232	1.64062562386298	1.02394423398298	1.28906138726074	0.989883841758773	-1.25504174698212	-1.98584716728302	-0.0112019351240542	0.933309612670365	2.35935327721225	-0.389157014990067	-2.92317906470511	-0.458580010388686	0.705661468323804	-1.52628949993797	-0.804458835357927	0.58877153259011	-0.272870266557715	1.37910252278901	-1.00147826853554	-0.265873776361756	-0.364614622013139	1.19921395743902	0.0780320532939952	0.841994607354627	-0.0562413069290468	-0.359985409186711	-0.0563519624427323	-1.56625078445397	-1.0510875070096	0.0495178501045826	0.261131533819108	1.11592761699405	-0.909867851515888	0.454475988580685	0.181344022452583	1.02442537026869	0.207276525670146	-0.831601646847803	-0.192248738809247	-0.430632655013214	-0.701606247232476	0.230446255424831	-0.152289173240295	-0.0563850756708761	-0.550363129044551	-0.543921597943438	0.585844228166219	-0.159193099221884	-0.0425169569860706	0.154984399271082	-0.793532365487167	0.51551863963228	0.350631563032013	0.5405012010537	0.0806061850073656	0.908978067811587	0.69933178052635	0.465980709318397	0.364015556257743	0.765525550196617	-2.01600888760645e-14	"MEK1WT"	"231_data1"	"231_data1"	FALSE	"MEK1WT"	"MEK1"	"2"	"MEK"	"WT"
1.38652317630579	-3.89025382966527	2.26834008941463	-2.92445212502048	-3.83455242985575	-6.89548517970205	-0.949482720781062	3.57225405529346	0.10064949438259	-2.28458226173412	2.37655607809964	1.601924268267	-2.97672738638267	2.99761630162686	-3.88939507702858	-1.00224940298581	2.31472304762074	-2.3678292430077	-2.31482552597109	0.67359369240497	5.00579481791549	-0.177765094065582	0.531717875942252	-2.04336056589449	0.772730207428005	-0.332463836688518	1.53652294599412	1.1351759929735	2.21270160973964	0.0489639703846743	0.00237781355117669	-0.500935445392588	0.0975438091467469	-0.456436030229356	-0.257254877051374	-1.72313264164311	0.0716796186359042	1.57478088549444	1.29795233295823	2.04162245004648	0.455218374793228	0.17008986709232	0.35344893170444	-2.43695042471442	0.503486166558274	0.744295355775737	-0.565580986469887	-0.199660117901317	0.619813599186098	0.258715525087673	-1.49174659659773	0.556372402250475	-0.467325719755005	-1.64801377690657	1.39085986142667	1.05202488256086	-0.090927525929653	1.50244157903062	0.0201102876103518	-1.50237037437459	1.62600680782187	-0.169179103322505	-0.878243458243775	1.17234109805887	-0.060503378240048	-0.118789054531943	0.874529616916928	-0.825491317624358	-1.03989149173273	0.0256722393453766	-0.0144510535845494	-0.35098411753401	-0.797191693672366	0.69544828641718	0.442342499117345	-0.486736043221039	0.440069119446086	-0.315714487835813	-0.686460589482109	-0.4381886832508	-0.590640104648498	-0.45442825372916	0.898666181238094	0.227410648967907	-0.596873415830831	0.492022408583563	0.864274580864379	-0.634187630383759	-0.236664969695195	-0.242428585087531	0.124717383506028	0.0840297217583778	0.138156857760747	-0.606168308990199	0.432735305842204	0.219640571609477	0.0909483264795867	1.28543724205792	0.445234765341632	0.719961922479776	0.168325602013492	0.28719268743722	0.691529064868195	0.483920443566409	-1.77453537975047e-14	"NrasQ61K"	"233_data1"	"233_data1"	FALSE	"NrasQ61K"	"NRAS"	"2"	"RAS"	"CA"
3.89581965397882	-8.25851790909205	7.07579921873492	0.900786427836272	-2.40978439047977	-2.19559954245418	-2.08860764737336	-6.24736390327732	-4.35368051380209	3.87242497498258	4.14903456037694	-0.136056273995021	-3.21634189046323	-4.02503488524419	-1.25545059827463	-0.824497736195068	-2.43293863600347	2.24033708389703	-0.004936627788428	0.156857346538845	-1.94539939327942	0.690744832911068	-2.85341234513399	-1.58722956706542	3.04675526527764	0.184717223909935	-0.0926955710178334	0.838392430432149	0.614816044367318	-0.0918438890516204	-1.82790347309672	0.304350850450652	1.31921457082138	-0.171924732273404	0.463693684862422	0.490267897088723	-1.36517827064287	1.12679078418646	-0.53947849969626	1.00937625266361	0.628840920663671	-0.431687929224354	-0.408578571251864	0.494969781560618	0.990994947324915	1.32484536039503	-1.15512259222315	-0.438569325614474	0.680322000392666	2.255145059919	0.112476373904345	-0.350906068282656	0.865687498605636	0.527432865505039	-0.641025269585952	-0.285303379305573	-0.854355126554622	1.09841857156094	2.2579387665874	0.309903142152946	-0.568509050749557	-0.339337833040558	-0.10382627918849	0.802650031377333	-0.178256547747386	1.14104811494929	1.72767518203221	-0.184935412220642	-0.474573875532217	-1.11413534834728	-0.28290031109605	-0.391710629377342	0.443710697113497	0.371198187546164	0.0812383055450771	1.30015994883944	-0.12500484404021	0.697016893001847	0.868027675502633	-0.0691318842376069	0.775806712060351	-0.466430892778121	0.237334644840787	-0.179995234046598	0.403194236630207	-0.648004367635506	-0.712628353163464	-0.0727138585951669	-0.445179879577868	0.309216016553384	-0.751709907665535	-0.344632399852318	0.213369317264963	-0.938833312151105	-0.156328563144353	-0.172772148536468	-1.29413894207397	-0.0931610502922557	-0.211210039830846	-0.919503280961251	-0.546189867504742	0.524946367460045	0.708803644132271	0.30944664214143	-1.77499074466292e-14	"HrasWT"	"234_data1"	"234_data1"	FALSE	"HrasWT"	"HRAS"	"2"	"RAS"	"WT"
-8.2620927881177	17.4288371993214	0.0354197638246138	7.50317600208492	-4.26284154851036	2.69029694078927	-4.53362070329971	1.67756934806276	-2.82055270738618	2.38764730212491	-1.93591949802904	0.497801721362405	-2.23258299838891	0.634012228623394	-1.19198578094703	1.28884212798416	-2.68700191747785	-1.79448990652785	-1.06960701760754	2.98546648538054	-0.058715765537997	3.57393935197104	-3.42291912828423	0.118028887439601	-1.82404242759981	-0.466080860358208	-0.464419932864085	3.39467648387668	-2.82804322950863	-0.495869477687851	-0.425198338108536	1.14687871232129	0.564970848727225	0.487808835674675	0.0858976262741367	0.97776782840229	-1.45569818450563	0.36657173330684	1.0395606623346	-2.54378491058772	-1.06575324973539	-0.164793981829744	-0.991932688315317	-0.744552777891187	0.631240033850703	-0.919762250499663	0.791562567240878	-0.424331889804871	-0.658628596895462	-0.229556178138708	1.5309780216215	0.485581444579188	0.0180123035462609	-0.304357241366945	-1.26602564869378	0.629030921710973	-0.150547916333333	0.954976094176564	-0.30579905314918	-0.400599957016483	0.498335366439512	-2.14598349549621	0.208385624356475	1.88802545149884	0.795728718725725	-0.444380086234659	0.608705239150961	0.595123337346944	-0.128753509784967	-0.273355658812729	0.784930878755251	0.213917675951501	-1.41761889114342	-0.0824638870132715	-0.877337425363496	-0.918427428487464	-0.500031448050379	0.462788173864668	-0.149653696042719	-0.599266903018677	0.0671097968395016	-0.41250628940015	-0.260960804424109	0.0654223051920741	0.259812918056822	0.118385575361823	0.49903397739602	-0.417803089321177	0.286841779029516	0.768528989264044	-0.259514385150488	0.19932859846887	-1.70119829870645	0.755794403937167	-0.340958491503098	-0.0295935865933153	0.646388715112505	-0.286413721298541	0.0308133556578279	0.0123412218638097	0.145122610111972	0.37773055841502	0.267205257929109	0.22246986804954	-1.03584675559265e-14	"BrafG469A"	"235_data1"	"235_data1"	FALSE	"BrafG469A"	"BRAF"	"2"	"RAF"	"CA"
-5.88889362116037	8.13740542922631	-6.43333247510578	-10.6922191240884	-2.39006391804186	2.86135083089685	0.307424032416516	3.75404842037404	5.19208664477774	3.34063036748668	4.26117769203499	-3.77858659846857	0.0864687731207035	3.26406741841416	2.58792404755835	-1.51116934315499	-4.72305960756718	0.497056432344843	0.0748217348579581	-1.91377991244263	0.890037184866014	-1.01579828237024	1.00300772516899	0.198152494125368	2.60814608642933	0.433052730974443	-0.731260862241779	0.107526922136248	0.207538986337626	2.26306064499	-2.10934502961297	0.449720654105561	-1.01356117774217	-0.830094827720179	-1.08267567720096	0.353963918762145	1.99317107196699	1.29422484945493	-0.399742048662609	-0.559310501484086	-0.506919286840548	-0.879072435209644	2.26492927671352	-1.92057037352624	0.997209579944026	0.492137846355513	-1.11732966935857	-0.756959725208046	-0.650968545298652	-0.767724229516916	-0.371699220804499	0.327754799282182	0.313981234723243	0.220027891446906	-2.23822247725483	-0.363871252293024	-0.601368088555638	-0.749116734523861	-0.52077920977629	0.624860802451857	1.30445059712765	0.160648994353661	0.587890580595623	0.40301266434751	-0.81421163335992	-0.934099413809575	0.468908722859076	0.979067522490214	-0.366124422746048	-0.850227989931301	0.746857562742672	0.924771973493055	1.23014915495775	0.973631235572748	-0.0271661176126159	0.989116452904652	0.419274259402205	-1.50600469845954	-0.14895450048862	0.247866628959345	-0.383866423414633	-0.0613768495138935	-0.414357530995205	0.986423334479764	0.227114894286086	-1.09861523543485	0.167507241625189	0.0809732146363147	-0.281209490448705	0.807335866308707	-0.34799412993945	0.225349671917959	-0.678251873036106	0.223247282968682	0.587575756461081	-0.0171554236427295	-0.0814603801747099	-0.649600975219946	0.0129043343693064	0.560397688688263	0.136026319214682	-0.148280475445332	0.0650901559506267	0.394334962137015	-1.85888630876985e-14	"Raf1D486A"	"236_data1"	"236_data1"	FALSE	"Raf1D486A"	"RAF1"	"2"	"RAF"	"CI"
1.95498078918713	5.17764256286496	-0.190231982477831	-4.99894226734548	-0.0178439332181837	2.88003814299811	-5.03058272877132	5.05675224438065	-3.99347155238514	-1.72726601928112	-0.820967065981615	-3.10712472954351	2.91226891644867	-3.29695173420507	-0.931999646543233	0.789648267535262	-0.612534147498146	-2.90729221399885	-0.477827150876541	-2.91819271233932	-0.710008034622275	1.16447697712086	0.433988672239679	-1.50654291473029	3.34121648154325	-0.840540876204168	1.59007153686124	-0.865608928953305	-0.336629807356895	2.3147854965901	0.511524867299855	0.157801028546045	-0.362960063888695	0.933768294215042	-0.0610732321272944	1.07741599393369	-0.735797945914266	-0.187923993904699	0.492174904946059	0.868673677882203	-3.04930584398467	0.52682219220871	0.923686971005857	0.143520812541331	-1.23565494214382	-0.321340399392072	-0.925024618371685	0.979716972140174	-1.06745795818362	-0.423266702273209	-2.28328396390411	0.0477616148198675	-0.167931636064811	-0.306264475830061	0.362297333986155	-0.712899730377558	-1.97711312876203	0.399962304910252	0.290365996522543	0.104750280245963	-0.387759295500018	-0.232182656374561	1.11050154115726	1.97489747499527	0.0740511018230657	1.1723023251829	0.263410040687847	0.471653435384612	1.1660121114296	1.80081749127875	0.450663642661111	0.286660171706425	0.146463980728943	0.00188624543332937	0.644767844939746	-0.515315465497617	0.661608172538576	1.05876152334858	0.0126237226060359	0.192582330477204	0.721183158928449	-0.139731234408466	0.357856006224412	0.0916669807912431	1.10397797463652	0.358780572682275	-0.0743363825485583	0.255343009230898	0.0723717499863359	-0.721524381117847	0.341789143246898	-0.728015660587405	1.05061566606956	0.828718160547006	-0.191861400893464	0.511046377609238	0.960143010531831	-0.43154226884569	-0.426647371189277	-0.320588494977868	0.485084683577654	-0.333889362041463	0.517699449396398	0.20771986834642	-1.64471301161706e-14	"BrafD594N"	"237_data1"	"237_data1"	FALSE	"BrafD594N"	"BRAF"	"2"	"RAF"	"CI"
-2.49897209458282	7.48798771019969	-7.41379974094319	-9.43698680675776	5.40235767160837	-0.29473808024648	4.89556187675948	-0.193818414500827	-0.722918982497356	-0.0357706840619078	-0.589887266781753	0.656673737988103	-5.628926829778	0.125113889580936	0.907199865649728	-4.16112252006367	2.80777690875874	0.640696804583044	-0.428490222249943	0.960834854455575	-1.72904041117577	5.43290748207021	0.0882816836767664	-1.15268935758282	2.21166411263348	1.85177708785827	-1.80856911298039	-0.56282967135753	1.18591258711976	0.250504332132287	0.286535849633032	-3.8361165969494	-0.497228771165845	-0.0371725452286809	-1.22835603633231	-0.671663595014184	0.514713441933434	0.357059801698045	-0.0349822417761739	-0.945221110954463	1.36902522636507	0.11434520733756	-0.863774027474264	2.45272884070927	1.09185304540604	1.14263792090366	1.02561558284306	-0.697923926104086	-2.00900053235242	0.229789198822878	0.051953048452046	-1.43353602107082	1.20371117218983	0.314649670287704	1.39827138254613	1.37465135045296	-0.427646500534398	0.107152789926161	0.122845040321071	-1.1260459026826	0.05514471996554	0.18456949565445	0.875087220065334	-0.0145874849292014	0.641209611924794	-1.12177643098404	-0.459832113809814	-0.172816130569064	0.4544540048981	-0.112245964249985	0.10619917722498	-0.227622921032273	0.121379964412114	0.245768562607256	0.343192139382203	-0.631363386385171	-0.979872863152262	-0.619653061476662	-0.159205093439955	0.364953761871699	0.00520514708523553	0.123699051569413	0.193093554510329	-0.541778764236736	0.674252436951441	-0.737454419260064	0.216529770810985	-0.513957319642819	-0.417606634522644	-0.060634484317372	0.806184721779967	0.880911979533588	0.506416780816034	0.972574908453858	-0.330689399481237	0.029336402348517	0.0796946259738181	-0.280874395811925	-0.521606245717977	-0.052127171690382	0.0245942992230832	-0.264897405955491	0.176809846388522	0.769169368379689	-1.77569547607503e-14	"ArafD447A"	"239_data1"	"239_data1"	FALSE	"ArafD447A"	"ARAF"	"2"	"RAF"	"CI"
2.51979910181961	-15.8251901698368	6.25206889921387	-0.346789142217785	-1.8533176989514	-17.2207917465663	1.01738054442598	7.61846157132713	1.90721446472587	2.22551354202485	-2.7951235682047	-0.485693290242099	-0.430258336956907	-0.745646844069179	0.877676704864855	0.040331383130413	-2.10308002927362	-0.374395590505029	1.08715106853186	-0.707636114718053	-2.84416277969099	0.204844190448058	-0.460984997487866	2.21279834628964	-0.939416426580501	0.996986563956309	-2.0590361234964	0.375836783698841	-0.999963676509394	0.880812379483931	0.820698667282064	-0.94337917999637	0.313639722706912	0.382991023680852	-2.40389700932884	1.59508735785959	-1.07172870733839	-0.966931096718175	-2.08485070453604	0.0489892010111794	0.161577261033545	-0.419658637494151	-0.604414029982167	-0.324566573200986	0.593143282441648	0.125632040735177	-0.636228998826162	1.74718747608612	0.191893801114119	-0.185900245338852	-0.167686431299751	0.428433058765393	0.291854982802654	0.161394023028509	-0.761302973266468	-1.39563513556807	0.322748939677751	0.497318063819143	2.07262045102774	-0.397317842117816	0.618222160625018	0.0497348118716022	-1.85732958302824	-1.41562395966231	-0.17180482650454	-0.445347251678177	0.6715991402936	-0.663853646789859	1.59169469279008	0.308897377223268	1.0606807989635	0.685431419910514	0.35526711551013	0.158781727002237	0.132708408265263	-0.262853510564075	0.0457657417750203	0.726266423172892	-0.725064550962419	0.0528755531304946	-0.388310858436829	1.04976995584574	-0.0574704136659717	0.283587404925219	0.309141272410712	1.11649748783248	0.351964324834663	-0.348070653645663	-0.163631479724788	1.1900870101744	0.61539873977384	0.639044965630511	0.176784787897575	0.065434339917461	0.548383707476243	-0.640889109130164	0.406674941448748	0.748417000762504	-0.025423534469479	-0.194135473654799	0.416333679354393	-0.13528845954664	0.325605714966345	0.380961743921936	-1.82121841479227e-14	"NrasQ61R"	"240_data1"	"240_data1"	FALSE	"NrasQ61R"	"NRAS"	"2"	"RAS"	"CA2"
7.25741220470733	-12.5012765533201	-7.85097949024029	4.49721866338394	0.982286260078463	1.66777703296623	-0.291219465815584	1.29318966917096	-0.695947758404005	2.96382813791993	-1.86110317289873	0.14717736347834	3.2123748702302	0.194206269566872	2.24892188196223	0.716991076538318	-0.187063759352548	1.74592140550945	1.99222289814147	0.741938038578916	2.1171479855768	2.60771683410382	-0.854830005691216	-4.21169851880954	-0.439520689020674	-0.477237506949692	0.880876991613452	-1.16828519183039	1.53686478736642	1.14036094947951	-0.708547243379771	0.292461977094964	0.795062373333124	-1.65682311186319	-1.89432491748397	1.56092487345728	-0.190767928163808	1.03961478585437	-0.798059973041369	-2.38514442718088	0.974310075169164	-2.05934435341437	-0.22448271561109	-0.0933796196251258	-1.95359268920184	-2.05933367521007	0.20284936695393	1.29603346640637	-0.84715053265213	-0.465979605494343	-0.900594548313353	0.385993071167891	-0.379045765419298	-0.348018772212199	0.690658997423414	0.264714110660702	-0.234814110367059	-2.69526402636947	0.197895621235839	0.66515183273523	-1.17711382342433	-0.649455009758342	-0.211933583911488	-0.483353928285871	-0.524917626950756	-0.512143702966022	0.685978407608647	-1.42360503333625	-0.665529866821772	0.159501698550784	0.200807527389698	-0.347554605580718	-1.48856328700494	-0.137680681241478	0.737069296820879	1.49904776671886	1.30219953318694	0.456220462175035	-0.436268025011257	-0.735332572665262	-0.768431112430028	0.268989512746963	0.978263709274426	-0.0393337746684715	-0.666971508529156	0.108307832707824	0.442734544497487	-0.524681247894695	-0.359539644462774	-0.241561973558016	-0.41983504815355	0.254637984355454	-0.197779819392765	0.625350027349435	-0.401761207383759	0.238214265635752	-0.376220561998818	-0.17972832187397	-0.140780676304682	-0.10780894707809	-0.981228680874012	0.0184339033295074	0.148190873584727	0.325215328465645	-1.84476999648409e-14	"ERK1DD"	"241_data1"	"241_data1"	FALSE	"ERK1DD"	"ERK1"	"2"	"ERK"	"CA"
7.8332150660407	-6.68782055198422	-8.72954818065304	5.15315184120024	-3.59868848636509	-0.258264830161524	1.69784854799806	-0.367788670013887	3.81499744008181	-7.27131247485818	-1.58357297199759	-1.82675957537681	-3.56379913917337	0.708550096363292	-5.36660697387597	-2.12322854631222	-1.87146128868461	-0.969091254474087	-1.47925738450502	0.563329751328454	0.717494248868744	0.473265208507332	-3.20854798814374	-1.26011816995567	0.401956717440477	0.219666257080474	-0.741598588721844	-1.5924581473622	0.796166127988075	-0.454172562746593	0.944995713838108	-0.266019297561597	-0.471638036142788	0.236731326936942	-0.136281589199141	2.14884872219283	0.711827427248382	0.304524520398472	-1.67125331663425	0.129908615329715	-0.686894209670937	-1.77332251311055	0.660078240032462	0.319603685239514	-0.131298556886631	0.0834700453578469	-0.58939534715692	-0.365743447760363	-0.595505990988051	-0.455193816639	-0.641613698744925	-1.19622725254376	-0.507539877247893	0.00108965898615117	-0.0596026894987147	0.656407647401461	0.849892491762132	0.0990688403250355	-1.21382930942857	-0.0318550837103945	0.0863980271767787	0.172845012826385	-0.873543072095835	-0.483788858318813	-0.159073907652516	-0.89979170109321	-0.413526892719958	-0.102963573944993	0.76561301713243	-0.439804753623041	1.20917438208055	1.51094876704268	-0.786689404550431	-1.21366755605718	0.1280725706988	-0.301234634732129	-0.058981666723919	0.875032094367931	-0.260326856051279	0.795186410191071	1.54938706761685	0.733458143591147	-0.382221069000617	0.721064820495347	0.182421618545156	-0.872334902318966	-0.983121711455825	0.812720064593886	0.503635165533195	-1.20453109512408	-0.346362786218541	-1.11204412341123	-0.6853546484234	-1.05129749555503	-0.51157402397603	-0.367899747003742	-0.318086452022663	0.134419294271939	1.16319224159599	-0.156000887245724	0.0451420094286139	-0.0779591703448909	-0.240355913860292	0.474708289390488	-1.89863316041317e-14	"ERK2AA"	"243_data1"	"243_data1"	FALSE	"ERK2AA"	"ERK2"	"2"	"ERK"	"CI"
-3.372775463215	-3.02408620305257	-0.91467075822878	-0.0656458890100377	0.79979837062743	-1.69559940225346	-5.82736604886679	-2.64477992387768	-0.882006624288274	3.67169519232998	2.93972915869229	3.00633241074495	-3.32640669333861	-0.202445068950663	0.388775635074302	3.09149549152327	-0.513583001335486	-0.687628323398253	-3.13183934133778	-1.15634536904148	0.611012144116925	-1.70759061603339	2.15540245394281	0.0081008899218762	-0.860346327043303	-0.0127561461631556	-1.50114983840906	2.16710467636646	-0.098416638047195	0.0694123938387375	-1.06587627754189	1.62122083295966	-1.59285164763305	2.792299290553	-0.658127616508807	-0.758691374095517	1.18292456554219	0.63652159626629	-0.869810035795824	-1.77921993496963	-2.13815380763184	0.719306111566108	0.981076689944471	0.0682093214415212	0.850706444815422	0.322939669966864	-0.364900762489049	0.797023192503184	-2.54609806038038	0.570875496711512	-1.88932861227625	1.12482738968415	-0.154849993540991	0.896327601005363	1.27864353427622	1.26002878947845	1.35934281053835	-1.70745507128799	-0.270712025408133	-1.28696599579499	0.0698048888017454	0.0462516703225535	-0.873298852282036	-0.443566919561386	-0.897678652213688	0.790039432703658	-0.196242052643599	-0.70020803036818	1.32460871597539	-1.07239248618003	-0.658385471292334	-1.05873638307591	-0.147785318039407	0.0185871960066114	0.319364883441801	-0.996873717276345	0.621309768500147	0.948988451372124	0.795911595971992	-0.729321135722148	0.682603842521414	0.0625508940042396	1.01432704672436	-0.691405753103162	0.672218329076067	-0.426319868526993	-0.873392185911958	0.625000168163745	0.0991229878120357	0.263890860979346	-0.0209606478122972	0.966373769483341	-0.359419052111079	0.00436579183942845	0.172311449638202	-0.0447887158086317	-0.571447810942287	-0.0500387430169092	-0.128149175121306	0.268584166948296	0.252935975338872	-0.114085854253452	-0.717193638876277	-0.017566525444313	-1.85285814469083e-14	"NrasWT"	"302_data1"	"302_data1"	FALSE	"NrasWT"	"NRAS"	"3"	"RAS"	"WT"
-0.778626416364988	3.14041878728972	-3.76937821050602	-7.22162110612054	10.0376039030501	-5.88580884811509	5.48746128510754	-4.39568524696259	-3.72017931183779	1.08765934869093	-4.21973074501234	0.776460296632382	0.664083312350759	2.93126833190754	2.43708861871274	-0.0703612455633835	-1.01597774311916	-0.148013009851725	-1.87194880761667	-0.432061516378598	-1.00575393757813	1.30104963445034	-0.0889492477641155	1.21422923945378	-0.0475337616286026	-1.58949845367104	0.874800064555077	0.206612163327579	-0.106962544421345	1.60332072816415	-1.93429176841615	0.646432651735333	1.31189463887834	1.87407979125125	0.269794319213664	0.751362070676923	1.11789177608425	1.05978329675844	-1.52431444151155	1.16111719080049	0.329732656368621	-1.72823494708314	-0.97370675663396	-0.0991492896567099	0.367580650472835	-0.241519330063373	-3.16849720533849	-1.07291225491885	-0.595719308846281	-1.18616664867523	1.00578295916637	0.729560190920073	-1.17923946145094	1.66575093135497	0.759931865386799	0.787969910972092	1.01991540957135	1.20869501823606	-1.38892389212823	1.1805728948447	0.248357035625784	-0.186524891499666	-1.1245064621864	0.386673096484099	-0.403804620578825	0.796657424086494	0.223007251926955	-1.3428691473614	-0.234964017806356	1.08638725242938	0.40132924796038	-0.548070581907553	0.0625890526681402	0.845224996918543	-1.69766527243187	0.475153442213562	-1.2299284674124	0.38403327339893	-0.0104465485591825	0.839028096837135	0.359584979195801	-0.686971321654796	0.548358604926301	0.292107198661107	-0.624494945846204	0.360574493629042	0.617331370701899	-0.353437787326101	0.0062291689947666	-0.679287979631492	-0.920315835084011	-0.374036117701825	0.553320053466636	0.0689532729983418	-0.256524893497975	-0.238771451161263	0.433221503227977	0.0033437290341632	-0.763922793569874	0.274040853383749	0.257010226987637	-0.103247357655094	-0.52419785921431	-0.0955261239149025	-1.69659208557049e-14	"ArafWT"	"304_data1"	"304_data1"	FALSE	"ArafWT"	"ARAF"	"3"	"RAF"	"WT"
14.2762442167566	-9.21434076735916	-6.38599156022559	5.31520429445562	-0.271150884356769	3.58776798757108	3.64637820541441	-0.701561416416372	-2.15264554866762	-5.42230803240778	0.954192258909825	2.53713695615643	-3.92393693362985	-0.829035898801236	2.16398153370514	0.219856924984694	-1.13993394841339	-0.982980753843833	-1.74204958494624	-2.82157104009876	-0.00559468614111061	-0.438944675811533	1.82117292201862	1.47311236807068	1.80417582343053	-0.227387990242463	0.380167059901172	-0.630533384341727	-0.615485169133346	-0.743862819410534	-0.844712128686112	2.75301869447069	-0.14331211477164	-1.7313903017371	-2.09426531218564	0.380749699797714	-2.11808517486529	-0.861321351253254	0.63338703635187	2.34510777969985	3.20675444663645	-0.0028336237126652	1.00323373254448	1.28205512430759	-2.1109690555654	-1.60338396358911	1.15306734916632	0.669877088185979	-1.93305717241968	-0.880403635555268	0.104919766012478	1.25166463224251	1.38121181483029	-0.467666131030347	-0.22301620967764	-1.20793877998586	-0.294102032955768	-0.315232458364446	-0.150767768897706	0.305953088723458	1.67110598225442	-1.11434499840918	0.12449496307626	0.509109054509502	-0.152503215094551	-0.0702274298986604	-0.620569073933246	0.973342666217173	-0.188722945360025	-0.672397606014424	-0.128205475241219	0.499387109373602	-0.78492188501101	1.36384810428865	-1.32529411798521	-0.772582079764524	-0.0561329751043179	0.480571643801716	0.232216069211034	0.238182408562129	0.568087532541673	-0.524397433892612	-0.0544405668535337	0.184692613492847	0.580822868177934	0.00737501930781546	0.210484805467754	-0.690657202424937	-0.528943874437163	0.0513138885517387	0.332718753950219	0.958290210319541	0.242889054660825	-0.907303103113206	-0.261738435695679	-0.125788284039309	0.0223900377578089	0.129569547278944	0.0114761025489602	-0.222370592881104	-0.282792239894358	0.128795255071903	-0.535401829373491	-0.185762862180759	-1.84288348470396e-14	"ERK2WT"	"305_data1"	"305_data1"	FALSE	"ERK2WT"	"ERK2"	"3"	"ERK"	"WT"
20.3875335770667	9.39927290553873	12.8564925833035	10.7643678620211	2.90160589059715	-1.13619441882468	3.54881515744003	-1.29886492182033	2.21971993468282	0.314964193060134	0.653803411102485	-5.33489680034715	-2.37638541217103	2.06842632914375	2.13445550906949	0.706033652752265	1.22768980378887	-0.956661879156511	-0.895170770130267	-4.06249488291589	-0.774385196778698	-0.240758504029885	1.71320320046718	-3.48081343972495	-0.468091414964846	-2.19445892762998	-0.200667603819006	0.85214107894818	-0.79604021371726	-0.958681202077668	0.197714717725109	0.775806824144457	0.062857681213011	-1.37659093166822	2.47079959692405	0.40519263222914	-0.500303140346802	0.527817695663493	0.178350686675961	-1.3536651767421	-0.956690435999868	-1.00121389323266	1.77467829250095	0.532299417622494	-0.241850529629742	1.32148710432554	0.494163469258851	0.287198078073598	0.296546962636119	-0.473502315442795	0.547469786108525	0.148817378026242	-0.363827384124566	0.215503567827898	1.14271505973985	-1.70708864016034	-0.65152251575006	1.72477104528417	-0.669037925611022	-0.0728181375955346	-1.01253777249742	-0.0699272221221497	-0.0992438688970163	-0.121792416567804	0.0318366926162462	-0.318390610490679	1.79529143264255	-0.100227356891508	0.789926515028448	-0.218807478666351	0.657960018806751	-0.0912520053931008	-0.242964182177309	-0.696654394698323	-0.528604513816413	0.122242987270388	0.136873323257331	-0.544386862012662	-0.658436179323945	-0.206392259717051	-1.04890852041606	0.372129944131459	-0.253029256295558	-1.56762425855711	-0.551888066426889	-1.65095550189788	-0.120501662123846	-0.566779508110966	-0.0832601957243471	-0.208042560344719	0.0488800741433129	0.867242787095838	0.699663286013107	0.0434077465279184	-0.367214812628216	-1.04617367599081	0.24129726657411	0.261496709448787	0.334676959272578	0.106399788854017	0.404101963022702	-0.108203570695842	-0.470297251555089	0.0548121183374206	-1.95069654873592e-14	"MEK2DD"	"306_data1"	"306_data1"	FALSE	"MEK2DD"	"MEK2"	"3"	"MEK"	"CA"
-3.59984550922117	10.4788614841011	-4.64767311130315	1.84919450287662	-0.998802356869099	-4.47328681795712	4.57620037565306	1.32146875694108	2.81745663258897	-4.66118067431407	6.09303277594555	0.317503997194742	3.60248096269049	-3.94451351356117	0.906788259599294	0.575005226371404	1.40274948005057	0.465015248199786	-1.26259658418471	2.67963917492833	-3.53961665845102	-0.841604744323203	-0.349311882311786	-2.70317881788135	-0.880075875176705	1.17035607513887	-0.92177915338304	0.155840128419291	1.32627491736257	2.04464943596314	1.61546683391724	-1.36595529711993	3.46202463653519	0.70384161785094	3.72767131311554	-1.05488500473854	-0.164571921880395	-0.784938866587122	0.7269686785759	1.02084452241961	0.800499269412871	0.376633381461211	0.218398050981837	0.956155503517491	0.470743749793329	0.0927915448398396	-1.29646230064483	0.52583468881652	-1.48916837448136	-0.425644733095307	0.0967555137464329	1.66638734446931	-0.168890943022152	0.127053944351195	-1.59161188469737	0.627008731303695	0.550900104352148	-0.542396454553116	-0.280461807390407	0.95672376176263	0.179528739065511	-1.24372700093061	0.210710029520559	-0.24399897825514	-0.282843526308388	-0.898980000316309	1.21622709253203	-0.512314000567058	0.644344836252794	0.39692615809385	-0.852986288861896	0.838771533502352	0.113191744936871	-0.965852848377911	-0.527968767021872	-0.506103751475217	0.963330230251828	0.3385692342959	0.492809130139884	-0.382403017889382	-0.0605193205422096	-0.779403716148453	0.563450401355512	0.228864641219826	0.396457367003606	-0.529452361946372	1.33646519897773	-0.0256009781193573	0.298906129541061	0.609739161077126	0.876985991080272	-0.272178524943117	0.044837511290294	-0.227657015473861	0.339578633377892	0.450682055767722	-0.317033806535552	0.0658654376039856	0.401931098029618	0.361997071587013	-0.296121899725942	0.0210561666612297	-0.519114048561109	0.0332394014492587	-1.36336254785707e-14	"Raf1S257L"	"307_data1"	"307_data1"	FALSE	"Raf1S257L"	"RAF1"	"3"	"RAF"	"CA"
6.31241579565459	-7.72853160786039	-9.65263933550473	2.99954662849108	-2.54287237410819	5.52787591757938	0.889486752649503	3.16222088358763	1.40868461424698	5.3033900094487	0.767813884647243	-0.193118475370628	2.82379102541393	2.83578435376743	-2.62009675337763	-2.5539047438778	5.75173714892294	-0.617073956736151	0.153861796785459	0.678576178837233	0.090216552378739	-1.28267637096419	-0.758466277320784	1.51101081383582	1.16195012066345	0.211776110965445	-1.74081774452515	-0.464087774570764	-2.28866262375459	1.86505458564071	-2.02003263881145	0.624967341856549	-0.797407696581055	0.0478743237404173	0.246791045391377	0.211333866823489	-1.19579325887125	-0.887921825632075	0.605033783754085	0.769436216057125	0.788306262923296	1.2611607630935	-0.903400435147516	0.0459131790891379	0.281098213240956	0.289543319874235	-0.4733462723742	0.185996723801563	-1.47671887913755	0.256315158667675	0.866650838353058	0.993682421841808	-0.904994072604325	-0.387511758593107	-1.19596822904544	-0.905238678934482	1.18866620493866	2.10510804857999	-0.355155162324778	0.536001349228741	0.674812373447979	0.459982629253875	0.369379625837716	0.153299731665578	0.339253159091253	-0.0617759233473126	0.217993627873324	-0.0153762179006515	-0.425804772489013	-0.74181169480605	1.59074129256754	-0.883450092863796	0.788088053340289	-1.83138773777773	1.69603463757134	0.874676468082573	-0.387356109502341	0.399287372970937	0.126918856036985	-1.24256118616965	0.162640189437059	0.0561795151705348	0.96869227417329	-0.0101770646134674	0.0967279825066669	-0.16043826192727	-0.335387631499948	0.677290430628773	0.150729141284574	-0.933372723001824	-0.120642287232203	1.07509810297568	0.186672749948356	0.0209321573081331	-0.260730443933512	0.325455758489769	0.722925846325361	0.482100526573533	-0.456359612842976	-0.289196814985788	-0.9518073822989	-0.152908693066504	-0.471735933535988	0.0912515286605604	-2.08789826790581e-14	"ERK1AA"	"308_data1"	"308_data1"	FALSE	"ERK1AA"	"ERK1"	"3"	"ERK"	"CI"
2.10458679190887	-3.17101260130546	6.43836793295592	-5.8071441178292	-11.1140155872658	1.34476431671672	2.53329778716415	-2.38703655873155	-4.14261439809218	-0.537384419693352	0.397148838950276	2.26654810087641	1.56430582903413	1.5631537792532	1.01805320189555	0.260870135324867	1.4743507258767	0.932195388090671	1.874523728812	-1.65164697976673	-1.15367177048749	-0.10721433088266	-2.41648780622379	-0.833172610000513	0.330574578349385	1.05496057671495	-1.02242886392205	0.294427338917263	2.27059795130826	-2.59917535384283	-0.0463137872916717	1.13866129011832	1.89056677182329	1.02485669515565	-1.39490896663532	2.50965581106638	1.69332616554783	0.208579414945178	-1.20342265822823	-0.401375015997269	0.867748715055185	2.03913351800549	0.162424310669014	-1.34901145679664	1.32475629586799	-0.170073516099962	2.28425212333928	-0.497628862746603	0.654847171195543	-0.231732060842467	-0.147588987819941	0.395906856596839	1.13995692206233	0.685258149480064	-0.842855863418907	1.11358363854654	0.395711471275293	0.767438571003066	-0.813304274655308	-0.528594822851691	1.37318933807496	-0.300866883047189	1.37984913213064	0.512609354736476	-1.94351925636416	0.242116025736217	0.331377347072509	-0.256470960775059	-0.291222186394412	2.20289408796176	0.188735193288128	0.211853286870629	0.118811254966188	-0.528090752045997	-0.441106011896203	-0.10345602238862	0.948427804333545	0.350855911614408	-0.315359824327898	0.853714026896717	-0.91164800597174	-0.161024428141709	0.137303246720098	-1.08322264724176	0.106412443721245	-0.0310039862731051	-1.13154469345038	-0.0286351596969341	-0.00242852368481149	-0.660433659976299	0.288456771433544	-0.0131587027759862	-0.0543724217322217	0.329334751875668	1.15923552500085	-0.441032925538876	0.547433619955845	0.0418318038570004	0.222719032815081	-0.476042438842971	-0.647258808318517	-0.361528913758395	-0.493258198000141	-0.107596522387923	-2.09316071420051e-14	"HrasQ61R"	"309_data1"	"309_data1"	FALSE	"HrasQ61R"	"HRAS"	"3"	"RAS"	"CA2"
2.93001336306278	11.5551443504646	5.61368438312298	10.602837723259	1.35282316101163	-0.721526804050224	-2.27626453164542	-3.00827739181223	1.14773794223533	2.10703841539989	1.25528664789193	6.19518808853906	0.994041610393051	1.03396988140596	0.781094568634041	-1.50590703600608	-0.343127305370385	-4.37691200770408	3.40350786120109	0.664248239590993	-3.49965273706393	0.885501880535507	-0.530468965085872	-0.122986990078518	0.000674057679475683	1.30098384349151	-1.00742041350059	-3.51878930233568	2.80091125373339	-0.950384468820028	-3.68260841489541	-2.5410522226354	-0.203984272672755	0.0801993589283563	-1.38734246421108	-2.15515974529056	-0.150700465947493	0.833484502912347	-0.410172017293106	0.203260852263587	-1.43682979093265	-0.354331818321323	2.30285727830226	-0.0696519836790569	-0.75504010423024	-0.330488461737368	-0.195108328855848	-0.25001143849571	0.916938215610066	-0.34621112366134	-0.469342437069052	0.0142513169227392	-0.428482391990502	1.58937284866294	-0.266767000114062	-0.03201498125085	0.391794720884818	-0.12913508399118	-0.394608848885657	0.622095298399097	-0.951646020719507	0.650069088794204	-0.298470333117679	1.69105536182858	0.322417789389124	0.170000319144757	-1.01941738400569	1.32543900144339	0.228274549887031	-0.85148970940786	1.10916146859144	0.0285286921531833	-1.16738839535353	0.000774101313198761	0.202057491813044	-0.156561992141953	-0.076824339938547	-0.168345927188088	0.449774700654782	-0.390862358423462	-0.346155546841444	-0.562310033701743	0.540979165798854	0.170762815198502	-0.399085437642846	0.81607265587225	0.00142192440475024	0.0404425224924393	0.509500895136724	1.02170691163831	0.529649699195223	-0.361505913427568	0.573757812687476	-0.233666986790559	0.132837177775313	-0.613910439300342	0.486226286036323	0.621378693621746	0.560687486077728	-0.15357001099616	-0.344574457050443	0.122420767128502	-0.263200157254697	-0.148652301542254	-1.9896410907716e-14	"MEK1DD"	"310_data1"	"310_data1"	FALSE	"MEK1DD"	"MEK1"	"3"	"MEK"	"CA"
1.97456378972769	-0.626246557523671	5.32155434083797	-5.9583947250584	-14.7709711204223	4.03297580304246	3.77473074463857	-1.67887632474602	-1.27347926837126	0.328295322357829	-0.202517941337882	-0.811197127490469	0.118639353489227	0.610131680826033	-0.860193721854079	-0.959960053213234	-0.37262175097584	1.34864538632155	1.33608342628183	-0.255675719533989	-3.74167629584927	2.66516997885112	3.57128233154699	0.233194604401666	-3.56045121866582	-0.589068797850003	0.39575486962569	0.194717250533718	1.08830220190893	1.1009087075169	-1.20863041583402	1.33900767470053	-1.79527606699917	-0.0773936717768995	0.607693124738706	-0.771242746125318	-0.517822071386823	0.50970282117451	-0.456548479033906	0.296283230422121	0.0276618662493957	0.578113929919208	1.15356111228293	-0.0607589669453398	0.700326689456312	-1.08667902900986	0.0514602780305853	1.09450220655201	0.813983165314976	0.928767182239062	1.34222313273146	-2.85105619385049	0.0342075028695846	0.0800156899236841	0.609522769346925	-0.195823476857306	1.04806334206339	-1.12945709406435	-0.0475100200615032	-0.128441223564572	1.10213859909818	-0.653674989374211	1.19515074206042	0.596223958747537	0.782777598576034	-0.341273410930316	1.25237692174478	-0.470032703169464	0.0341376525888638	-0.669031874847364	0.0526351750645524	-0.120822422138305	0.902829171933857	1.03906993601547	0.78522020757636	0.687804980635974	0.0996139925484429	1.86998885480826	-1.10562431928564	0.410796435827605	0.88121453868831	0.488950250017802	-0.0776764676818287	-0.470887956036008	-0.574265479733192	0.310027012581957	0.806874621496637	0.469687057560633	0.157954270055402	-0.113552196487917	0.380755276934469	-0.387235234284864	0.20426561529161	-0.456526896734026	-0.601810677320072	0.867752626791143	0.377120710430123	0.0624094659785395	0.220645273572868	1.00401444852013	0.337626516679465	0.434016791707142	-0.47960367813381	0.0423259959265183	-1.65828722281658e-14	"HrasG13R"	"311_data1"	"311_data1"	FALSE	"HrasG13R"	"HRAS"	"3"	"RAS"	"CA"
2.78913203989987	11.6014124742725	-0.596761832999023	-4.06376139774333	1.34365705478406	2.33295022037245	8.46533038671146	0.198983273898363	2.2791526056056	6.59946354136571	-3.39427981781802	0.782532655456167	-0.91933788635262	-5.36190841936474	-6.2187565084682	2.49301186951541	-0.377374460045658	-3.10513616290124	1.00928619459202	-1.9594377125715	3.42614869962442	-0.779029488759306	-0.317464044432315	-0.363040200468798	-0.488648550345037	-0.011712988519413	-0.43583621869671	0.598181320207729	0.0958032768928663	0.565475178965106	-0.42365529741793	0.603534011842544	1.28662445221755	0.324301762125071	-0.224172422987058	-0.877383841437097	0.1193133051208	-0.186758986330742	0.559647601108591	0.144362655914662	0.748131508938617	0.808951177275223	-0.0328346174023235	0.486361303399226	-0.0884859206906329	0.928061480915145	0.295679777440052	0.968032092195585	-0.279458160556733	1.26421712824416	-0.0206321013701577	-0.17471456780605	-0.0799925536160201	0.877343099565394	-0.714217598706482	0.615698360462881	-0.261030889116654	-0.93288474533113	-1.10860138974239	-0.0277619758425793	-1.03750407033523	1.33746562437491	0.144261609251813	0.304047119983396	1.20774715317086	-0.187557315037432	0.238395213670963	-0.4074420386921	0.110779794048824	0.397927795139755	-0.474293860959674	0.710730132807857	0.647813063825028	-0.0126933796142605	-0.345302341222906	0.232113366372156	-0.0509980970982612	-0.231250753349492	-1.11341718576363	0.575403030136939	-1.73147889677057	0.411246767467802	0.926513606283419	0.5388732871031	0.952830360626248	0.909766907178854	-0.24218574056334	-0.460567053818786	-1.41335446907961	0.249109208348914	-0.0399667045163916	-0.238342634302093	-0.636355430435421	-1.39618742666182	-0.682391719457929	-0.323751845004154	0.553730191378178	-0.609170381751498	-0.0531230886148833	-0.681478417710184	0.303472965291532	0.512748551630988	-0.762930702500625	0.160868941259616	-1.70482118005966e-14	"ArafS214P"	"313_data1"	"313_data1"	FALSE	"ArafS214P"	"ARAF"	"3"	"RAF"	"CA"
5.51933579722327	-4.68520951726117	-8.91263459493129	3.39694042426729	-5.67389398274877	1.07470779527571	2.46629229674245	-1.65256810100581	3.89898666741583	-7.04621343559733	-3.80337340142469	-2.08466703627175	-0.535315724549527	0.58724387306993	-3.35805919781336	0.742590319033815	-1.99078220605328	-1.03765465085057	-1.63805261613902	-0.00975067126769176	0.344602696372892	-2.2124795802571	-1.21783716922775	-2.76489728225587	-0.854904657999964	0.838236458356775	-2.11232376537172	0.118692794614265	1.01976377346281	0.590985861861423	-0.068366014655723	0.158566588401829	-1.75649933635076	0.0440239584827832	-0.670894053620951	0.316254355337814	-1.8260728620784	-1.62357377041	-0.822111626916523	-0.365098503274207	-1.06890672374116	0.464252748573731	-1.27871874021003	1.1388087070124	0.618523190163659	-0.732086826669803	-0.977639947918575	-1.44261740722283	0.567548884978007	1.16063114331977	-0.90379460538911	0.484314794232445	0.547237100996403	0.837052587273756	0.740862697940212	-0.697009137502287	0.114194827012624	-0.786684468498199	0.598150303879393	-0.445101270899906	0.200689246026827	-0.352084582674712	1.2788622783585	0.305989793233054	-0.880607622429695	2.02325305838226	0.805350884952681	-0.179994258895944	-0.158909568588027	0.638942528118235	0.0855110010500366	0.566221067206682	0.284525205678205	1.18435975024944	0.424338590862895	0.76007187433728	-1.87163985575356	-2.01217524463864	0.64415704407739	-0.765060294353325	-0.719919910386268	-0.49421148686409	-0.149384687684287	-0.53018204145728	-0.881991330817053	0.612066564650403	0.801650318411926	0.645407364191794	0.353897743825304	0.394168762107441	0.371719881628899	0.20373272775531	-0.183763815580038	0.893822838585882	0.111328832530797	0.190463131083094	-0.224439143174585	0.307288421916262	-0.138213876265374	-0.629908118840073	0.243189109517799	0.483065696155795	-0.780021936257924	-0.0380281432495475	-1.84596261887382e-14	"ERK2AA"	"315_data1"	"315_data1"	FALSE	"ERK2AA"	"ERK2"	"3"	"ERK"	"CI"
7.28717476925632	-12.1895032983106	-7.92825894408979	5.31746404323607	1.30742600794501	0.441085134070727	-0.656664086488512	0.762085474719293	-1.06488942039872	3.78988309441301	-1.68543437079719	-0.471622416607143	3.59405224264663	-0.206954700747207	1.0148796273144	1.98865882500231	-0.474752110372098	2.88225809576925	2.85407941906236	1.72905316566988	1.89750696200328	0.947483473619295	-0.357565772718925	-3.49953829874812	-1.08468211290968	0.663704280889475	0.41352444143745	0.225790691179757	0.141093356670634	0.354283724716445	0.0380770633487155	0.24922728412086	-1.10452594347431	-1.31992800743155	-0.643907132176491	-0.0433441330515498	0.0004978844656273	-0.64476676499692	1.46957443001492	-1.13620585293737	-0.961632243661608	-0.327060060656073	-0.949804893555898	-0.84924841936364	0.182798848118319	0.784193119198868	-1.27657815129122	0.354399597301012	-1.14163592821449	3.25364696935162	0.0955541998076133	0.473753124282249	0.804908956725737	0.00224694573815508	0.280349017026528	0.461228922771187	0.516303534762774	0.468182497070441	-0.725786316285994	-0.354359639740005	1.13955739214153	0.00739947011330471	-0.497087688635139	0.694951609141956	-0.901787329778295	-0.51158985458286	-0.504704203995486	2.36102890415613	0.383831292520414	0.34170703716935	-0.476981758634172	0.318365889358514	1.30939339653666	-0.710769227648214	-0.902086214584538	-0.943187033869897	-0.752374756272891	0.189752389949779	-0.0886533148618347	-0.172202662441085	0.46759440173921	0.0675142585027629	-1.03399673003058	0.192570474084851	-1.01204764409065	0.380423013093758	-0.679995709181341	-1.43180147781746	0.479637157090599	0.125920567825058	0.864691138708317	-0.563032328215608	1.36299216656341	-1.00468658771272	-0.0500103402882501	-0.531029842442863	-0.295945185581734	-0.296789755123831	-0.534456856258564	0.880527870080646	0.0696972134531458	-0.387360709179646	-0.222888257338304	0.151165187133329	-2.02875910515488e-14	"ERK1DD"	"317_data1"	"317_data1"	FALSE	"ERK1DD"	"ERK1"	"3"	"ERK"	"CA"
14.9459985912885	0.0757220645496353	5.25054295958918	-4.00491679518873	4.57799339279075	-0.293367054898108	-3.56451662267002	-0.88577944523264	1.60686750879232	-2.67207442701433	0.0187136538886027	2.98440046676469	2.5504087081008	0.41505040404131	-2.38713989421108	-3.01709041188576	-0.521250744879699	1.78823489219532	-0.163693390911884	-1.59875582114184	-0.213389213770304	-0.634946927651878	1.51620041310526	0.799171633577324	1.65297440028001	-0.208441224533218	-2.67127404035264	2.96733230421536	-1.69121988701813	0.986114080978635	0.0941355728286745	-1.42945987625851	-0.0538274418425953	-1.19804052476702	1.45496713398988	0.00370074004306022	1.57118747391935	1.43322739959311	1.94216938624736	-1.29604231740731	-0.187801225056076	-0.924202465836253	-1.78158791842187	0.638228517892881	0.995825016091333	-2.11132117233267	-0.238931173515054	1.10423318462816	0.689636752945364	-0.453126923212716	0.605961536154721	-1.88256453732626	-1.19757145741025	-1.58599663172072	0.33411246695623	-0.481217933402198	-0.119628873757898	-0.505416042656686	-0.569983738929351	-0.749210796596912	-0.0183738854642899	-0.709678426754363	0.60254437516187	1.13115549727796	-0.454928281304657	-1.38995685405787	-1.24683792127422	-0.424554398161104	0.324726960706831	1.52660386228768	0.203898265428835	0.426385004943343	-0.0832232902962844	1.03145710974695	-0.895976505792918	0.522937497727125	0.167439520183804	0.16883960576075	-0.185659264646476	-1.73667301804593	0.0797943538837981	-0.133158504799515	0.263977389808026	0.585105864182833	0.42199641888174	0.122300202720182	-1.14270514612691	0.66676396893655	-0.208446220875141	0.741644748860908	-0.162190241066788	-0.185599654114315	0.83313353222518	-0.404385727680466	0.504513141088238	-0.659550783148538	-0.68664121106252	0.709609193629771	-0.192972773665599	-0.632736484296746	-0.296689487918149	0.467650493010275	-0.42680822980687	-0.288561644412148	-1.79240303155304e-14	"MEK1WT"	"318_data1"	"318_data1"	FALSE	"MEK1WT"	"MEK1"	"3"	"MEK"	"WT"
2.8090095248377	-7.51286016246369	6.39281761300279	0.1788697881217	-3.56633373791916	-1.31945298482857	-1.86376863484888	-6.31449398474669	-3.57405834814318	3.00965399349219	2.88217136742224	-0.6156364571049	-1.94852941940866	-3.86219070774407	-0.744988265122624	-1.48257873795894	-0.565424404435101	0.56197570890495	0.0425884606375027	-0.573000285008472	1.53410744921232	-1.123839736869	-2.62515953935769	-0.403517078983668	3.61643666678321	-1.59057321807868	0.30109123476899	2.39838961948281	1.18876433783496	-0.0357173663377824	-0.21749433484712	0.0838643392791145	0.256517048432732	-0.206487963265029	-1.31810382602107	-0.17843685040882	-1.54679457348575	-0.905539483955368	-1.05408022689019	0.251633412668528	-1.02030871452069	-0.273134737470116	-0.179658184184137	-0.635111526502851	-0.552266625061644	-0.653746219086379	-0.447526240187066	-1.55743615426108	0.397852164182759	-1.45455163220289	0.298269380526823	-1.03744885699186	-0.471063291784026	-2.39651591643089	0.240408818693158	1.84788079997008	0.199472981566335	-0.821440337085337	-0.255919555218425	1.68920718956297	1.0340896376909	1.2514280870001	1.20785954072231	-1.43133918544816	1.26053751990033	-0.193476226575085	-0.738780133039873	-0.112296696615656	1.29591792218788	-0.24135986677222	-0.263050338230209	-1.11129491189072	0.0451721247776402	-0.888779135127534	-0.343715053076721	0.20320947571928	0.0316769776891227	0.0776898632675055	-0.205957580641261	-0.900990240604257	-0.632307892007506	0.198276658401926	-1.2506218584917	0.361651938237989	-0.00548132456358378	0.067478545319836	1.7871785981727	0.134323050721893	1.17994329685614	0.149822091445701	0.390322424352857	0.291310626768134	0.368740662780163	-0.0648883157138251	0.166482347655222	-0.735346693600466	0.615260096074807	-0.29502989782098	-0.177176038969933	0.131934826266452	0.281811035109173	-0.341918079794429	-0.621047259818448	-0.0374792536406876	-1.71121797287732e-14	"HrasWT"	"319_data1"	"319_data1"	FALSE	"HrasWT"	"HRAS"	"3"	"RAS"	"WT"
-5.52962229386925	8.6109682627593	-6.21459151987965	-10.3810651015369	-1.74523134639087	2.80360156878363	0.850782650878758	2.97642915345292	4.7522477532405	2.65202744903389	4.090531257439	-3.16237650798757	-0.959899901153815	3.20981757413435	1.26547226163522	-3.54334011206875	-4.76274036821729	-0.677029434566274	1.2440285137613	0.808960367646592	2.07728725149461	-2.20363954590512	-2.78357487911908	-0.279281598836998	-0.295936274899985	-1.96487807882405	0.708214064471328	0.632123310121527	1.05397790927057	-0.0633574609609791	0.600840140025992	-1.29985737741	1.55363898285997	0.0592073552706713	0.609531105435281	0.550841782674397	0.0673001621115861	-1.31115740321387	2.18188480181083	-1.94542336586199	1.05001667046073	0.711047037745575	-0.338744111977399	1.34011660249303	-0.482763872218592	0.34074119214512	1.61622226321436	-1.59479624708105	1.73091647287961	-1.37506251206414	-0.345438565500292	1.34321767227248	-0.969175080316734	0.0684809402087136	2.19118600787873	-0.829149660188621	1.43254725246312	-1.17318108368771	1.42462952275839	-0.159393585279785	-0.476889589856076	-0.437838909180165	0.254720776887412	0.00762445143453691	0.5441824975669	1.33213795145837	0.480152912086788	0.346310462909832	-0.438365437940317	-0.602100066092297	0.648757982540911	-0.54051320980254	0.897691375129119	-0.0286216794408949	-0.880978396328644	-0.744556103432575	0.0921191529463629	1.49057149480481	0.372635809204948	0.613848401993405	1.03811655685767	0.603613021356903	0.551023792903698	0.175390728436316	-0.0244025782931107	0.684645471679214	-0.461601945078021	-0.349172472473536	-0.281186924998797	0.219145029538825	0.279288184141033	-0.0637786078618065	0.830555466364862	-0.146499471250255	-0.142297460248979	-0.34989114323434	0.491365237786499	0.31515458163242	0.0455627768591919	-0.0237338928264531	-0.260394551440073	0.0130785664457121	-0.24297035901899	-0.0730617712700867	-1.71100113244282e-14	"Raf1D486A"	"321_data1"	"321_data1"	FALSE	"Raf1D486A"	"RAF1"	"3"	"RAF"	"CI"
18.0878756041089	0.308378584432756	6.00798690518766	-6.62419085985486	2.51481811184689	3.81094318049277	-2.92650128081014	-0.330709527205788	1.8952959033839	-1.12822117499101	-0.53836234538828	-4.06213383341961	-0.222965933398416	0.922525326827892	-0.679510088869879	2.59189218911098	0.377247507552036	0.960315299606448	0.125376663429831	1.23215946931561	-0.919692974231804	0.0223715337008086	-1.17538916524114	0.22983080462102	-0.480970954602448	1.23253238171977	-2.91452042102023	1.34493952719831	1.55578841078645	1.28031675172247	-0.661977640992246	0.58135434136175	-2.21326845827236	0.924432055201427	-0.931530193695363	-1.38674281416665	3.02141701348043	-1.55003485094432	-1.51406088031354	-0.112114152837515	1.0553380840699	-1.00508612625069	-0.834478786625273	0.910613649115901	-1.030876400293	0.368349677654648	1.05185327099619	0.744554523159969	1.06863144598071	0.283528546912258	1.3668640641922	2.67595162369445	0.00304728382004711	-0.473242070267965	-0.490356603916502	0.40716446113387	-1.92869681892885	0.995676730839738	0.318502349657718	-1.89070936585819	0.359492702403991	-0.331107904853418	-0.800272440142348	0.506780226119168	2.07351730265574	0.650401383692954	0.0342614989098761	1.26127268547549	0.890871991083212	0.0998895314771592	-0.77345746074771	-0.988093350311073	-1.14373968233271	0.110451828958519	-0.197847135232499	0.626830060932335	0.74564695420704	0.288222917786661	-0.584111826808737	0.915586847638443	-0.187433687811301	-0.0296727795874005	0.427822074844005	1.15967409708092	-0.698498488190963	-0.312051571130672	0.781659620227432	1.01154849524644	0.137463339799183	-0.302496739650721	-0.0424143139288897	-0.357145164564076	0.511098549991691	0.0637184236555305	-0.0753289499571008	0.168355301360489	-0.476760273712706	-0.38690766116955	0.280788946358992	-0.0100664257604268	-0.490891719121166	-0.569096447146642	-0.252319125617428	-0.222540066758823	-1.76074432811646e-14	"MEK2AA"	"322_data1"	"322_data1"	FALSE	"MEK2AA"	"MEK2"	"3"	"MEK"	"CI"
2.31696344968755	-14.595076747549	4.93625558011541	-0.0682730637178091	-1.02575375453004	-17.2012814996462	1.95481097926204	7.23053870059028	1.13572635658674	1.90831131358093	-2.7022514256973	-0.554418954595266	-0.357361762386376	-0.604638547948065	1.20897356449249	0.487250313285191	-1.61307387359318	-1.1036131902596	2.21490388039621	-0.758375049459034	-0.908372357835689	-0.112609665770513	-2.30089999768407	0.748844017392159	-0.310456049029921	1.31737492457743	0.556341437273972	0.844973310368709	-1.94360649380948	1.48190743029992	0.520823237772736	1.72487919357231	-0.730961596024882	-1.32327972245049	1.57571961027574	-2.06596489864166	-0.111219907826538	-0.726480496542319	-0.945925778351343	-0.433897214394325	0.123023653700808	-0.668325697416907	0.228141660714345	-1.08000880880083	-0.675847299603424	1.27163695936201	0.262283108581323	-1.95938063861661	0.520125544747758	-0.627621292539349	0.393722017031119	-0.942872615063055	0.823612700095449	-0.984083380461118	0.317990292965465	0.47261361361627	0.62809426944122	-0.440155026967109	-1.38777305824051	-1.19242988247435	-1.66023658076578	1.23136894624841	1.10119613531848	0.297779001675417	-0.293576557559564	-0.407897908594857	-0.4955086396644	1.35326669513702	-1.38492814189245	-0.457209304624168	-0.449902922527819	0.222800008074388	-0.464928740107717	0.780611965002414	0.0299740822250323	-0.010386037506385	0.583824447625022	-0.0606516091979989	0.329277213891519	0.0875884428140971	1.04498356961656	-1.06937608078106	1.03671892228568	-1.09028129016672	1.0212897929415	-0.448017146313476	0.421983724218507	-0.515347652309786	0.578597915570094	-0.683447703938425	-0.0298101655167127	-0.366710182454811	0.0100213564692224	0.290031042569707	0.0810988254999384	0.842784811704284	-0.170012132784634	0.0795915202978595	-0.248721190728429	-0.597695356432602	-0.462287995401994	-0.129550263265652	-0.733081636139369	-0.000480227985393542	-1.60156650853664e-14	"NrasQ61R"	"324_data1"	"324_data1"	FALSE	"NrasQ61R"	"NRAS"	"3"	"RAS"	"CA2"
-0.164299082294269	-3.12462293923277	1.86963996114393	-3.09855579729007	-4.66738613833734	-6.21065766453043	-0.418474514360024	3.34456356464592	0.471553111592589	-2.97091392053069	1.8893366246818	2.35047710050963	-1.20041856263092	1.98960329633775	-0.702775042945003	0.858246846780857	3.18223553712945	-2.71424250232185	-3.09054300653949	0.958697797308264	0.869950942357475	2.10172613155619	1.99189173372241	-1.26145975989761	-0.718775863800251	-0.75594138412618	3.33312310674081	-0.872983613360274	1.35227488790099	-0.117836390807024	0.0801676657180474	1.90113140237266	1.89487886284839	-0.578232955454057	-0.22825429569516	1.04009754929499	-0.986594459203158	0.402197298874437	1.25515907139789	-1.53338207295859	1.35530308548178	-1.04822952210254	-2.25524900246914	-0.857929694256036	1.50813074111744	-0.0689146458633573	-0.562865417339332	-0.606429874067802	0.438380489639606	-0.427059327417026	1.73159402674728	0.516302100755207	0.846454777618094	1.54731840604827	0.388875231543421	0.0957895098495625	-1.63266173749895	0.125912900767042	0.387117815529965	0.530368473128277	-0.209056484363417	1.36077020587116	0.222666400314615	-0.364261327255255	-0.0805560449934947	0.177879517901439	-1.32240973654976	1.81368063746576	-0.0525722775306969	0.28570275199077	-0.0645180505839504	0.771346868546571	0.275640403171354	-0.279263064473129	0.936509905687397	0.273955179158459	0.616681869563586	0.480208398013797	0.756954982439243	-0.212487256840476	0.0747925544689783	0.66159818227317	0.428017357895318	-0.240342428870033	0.173650133156794	0.178227105551285	0.111523736682292	2.04454207933229	0.0401789900480221	1.31739432665837	-0.96343416230017	0.380197018805754	0.664722918596289	-0.0355821691628048	-0.396185382838719	-0.656969422784758	-0.059746349147188	-0.965002676050776	0.11020185335208	0.268261067747925	0.425429626641545	-0.11762506602999	-0.330406122129328	0.0472414580814009	-1.78693865260371e-14	"NrasQ61K"	"325_data1"	"325_data1"	FALSE	"NrasQ61K"	"NRAS"	"3"	"RAS"	"CA"
-11.3272399217842	17.0828597849662	-1.87361834247568	8.76908526424256	-3.55089674254568	1.74512797975878	-5.96696324532223	1.88915374123242	-1.47898374811297	1.36543591589443	-1.45075807002072	0.519152550440167	-1.03489046229273	2.3295549162824	0.437317152280396	0.268094548904325	-0.672225949595412	-1.801602244713	-4.22634761762692	2.44276671568711	0.768174904830869	2.76249089218076	-1.58238567517184	0.288638878017293	0.990580460755198	1.96945112330996	-0.70801101859066	2.10274698687449	-2.04188796424767	0.718335857639826	1.45625404131152	-0.214253365903502	-0.484302049903244	-0.623897644951703	0.254411350681211	-0.392462563253065	1.23593652967374	-0.0629082403687586	1.83477956877299	1.7628750166279	1.62028057838094	-1.46551136516761	2.64944267476414	0.599826856742137	-0.557780576390397	-0.458253034102912	0.0883930268029826	0.443174487562705	-0.369438210663991	-0.0660129001779803	-1.03903495810186	-1.89883175697527	1.95366607425347	-0.374418347018946	-0.828675121724411	-1.27856115896476	2.13834565987337	0.438138350294739	0.924557624941159	-0.25710789081927	-0.555853324303484	1.44653168075755	-0.220623418127506	-0.804086620154365	-0.0334060152702509	1.19481653920509	-0.242796475958332	-0.456995132554113	0.51408986088242	1.46741113989595	-0.463826614963894	-0.547492097146084	0.115040290174808	-0.0332650143721257	-0.11381750511255	1.02233987640477	0.883781654056113	-0.0505974205628557	0.794587106726976	0.525281942369438	-0.354114899578319	0.332131611518888	-0.158548570097502	-0.496027004619817	-1.69585194372107	0.308422409197567	0.0203850041111189	0.110449124860713	-0.201977172287129	0.266675487384319	-0.116650058271989	-0.400104120961204	0.375765488761575	-0.48716671213749	0.518991110767879	0.0116776519543855	0.197644697830824	-0.621805156491503	-0.258366846552803	0.0642445026714059	-0.295303847064607	-0.238512310720784	-0.538614254200099	0.197932339682472	-2.16202923619679e-14	"BrafG469A"	"326_data1"	"326_data1"	FALSE	"BrafG469A"	"BRAF"	"3"	"RAF"	"CA"
1.25007923844663	5.31986819190484	-0.907243700330996	-5.12411280264343	-1.15282042964472	3.2380564327786	-4.32462152493783	4.22567543531751	-3.89961059053398	-1.5357507425479	-1.35000069442635	-1.91941112351667	4.06644513440162	-4.23545516033242	0.465690087703822	0.773960424040157	-0.186388878560197	-2.37219935119225	-0.679359975369225	-1.89461567011397	-1.77667706656565	2.47832048831193	0.680598177034388	0.884675185451267	1.52464275976578	-0.248678092294117	1.05071956954617	-2.40484491728606	0.693967105113752	2.41201091763438	-0.188857448279997	-0.953855885196933	-0.170398883783692	3.0392364346225	-0.506689950675153	0.401360204683248	-0.796644039044931	-0.317186709356582	1.1392731985183	-2.15066112892128	-1.7016879181269	0.345646818440394	-1.04703187449723	-0.584338650820528	-1.26645413954976	-0.482103732725373	0.588573983125077	-0.420631836428889	1.57339579975391	-0.304108826300559	1.30973621427469	-0.644147383843633	0.847372578337856	-1.55663591509518	-0.125389643177574	-0.00917525169900603	1.7310345213866	0.977161992802997	0.46787234412688	0.0404138648774935	0.476750781408243	-0.820282886075161	-1.10275849023619	-0.818405042718676	-0.653826919236499	0.96988867022829	-0.826843947426782	-0.271519744954813	-1.53656818923766	-0.583411793044105	0.11695253695483	-0.412660684697911	-0.198836210743287	-0.10433219622241	0.368479054476384	-0.624184808467397	-0.826066107293896	-0.646509535585123	0.070427535896565	0.372589414000664	-1.04826691341873	0.365823166219769	0.373655432645167	-0.12778551850105	0.234891869497807	-1.15208700955011	0.351110910682001	-0.398970535951608	-0.968869424830157	-0.209737516636197	0.0336399558486572	0.258192612424775	-0.108783013885616	-1.04191957580158	0.377158440834921	-0.292818558000349	-1.47415475852311	0.0985595924834136	0.798930648679059	0.362924399511752	0.0737000738135823	-0.127501401718404	-0.72128947571861	0.0442518266923651	-1.71525120495897e-14	"BrafD594N"	"327_data1"	"327_data1"	FALSE	"BrafD594N"	"BRAF"	"3"	"RAF"	"CI"
-2.53154747277487	7.67964127031864	-6.37072027972907	-9.71782338377745	4.42336787741347	-0.128392880562838	5.14974564419772	0.160026241995666	-2.31911950653875	-0.680329978419321	-1.32252087686762	1.26639108878202	-5.98476650452298	0.250169093291079	2.21228358011359	-2.00094715467294	2.54318209717554	1.03244492152889	0.54592436513903	2.14789030912583	-0.594126804763226	2.884949009517	0.988977534605564	-0.791091869537071	2.21151228352712	0.665796016706981	0.238302773418229	1.50302503932117	-1.69834749416917	-0.572887365951717	1.32347140877226	0.050986114545312	0.826291187612295	-0.471908713984848	0.0871334217094781	0.809753107419147	-3.03856896298236	0.540600081814725	-1.52441439037516	0.429866702170097	-0.874803611852101	2.24724817592274	0.251910157387585	-0.727786306753122	-2.18281304710705	-0.0846940017168707	-0.558232549202901	0.639350271318202	2.72462896344279	-0.14960696508714	-0.829223366578415	1.93852397054862	-2.08604726061393	0.585537649548014	-2.3741500460604	-0.470374710482793	0.0766716590778902	-0.931157053496684	-0.231364174406751	-2.06015652402819	-0.959305123230942	-0.563311156556746	0.254165628500977	-0.697737597740601	-0.155744632246293	-0.0154697354776462	-0.543745814502093	0.502658069603034	0.338091170521144	-0.265817057339648	-0.104190528330401	-0.311691883873686	0.59632713390843	0.640286109907228	0.751612540191403	0.263198096784374	0.396887518670333	-0.044129072642733	-0.256859649920012	-0.749531101830539	-0.438383681200315	-0.38343989475108	-0.229267176441213	0.0407349379011266	-0.778488716722762	0.0239024676992678	-1.05032475410272	-0.15743579299251	0.785560934456302	-0.319151906917079	-0.388656827397474	-0.628325348133626	0.00240532463937599	-0.384932797354977	-0.0499003964591666	-0.0893808063147636	-0.303900500241705	0.0202957233717299	0.164411738115226	0.613624153647555	0.473611938384197	0.0200691222664521	-0.559159135976728	-0.0179985643465003	-1.73353085358707e-14	"ArafD447A"	"328_data1"	"328_data1"	FALSE	"ArafD447A"	"ARAF"	"3"	"RAF"	"CI"
-14.7242416148668	-1.98849247768788	-5.09041367943781	-0.48302996036204	-4.09097945391259	-5.08334942761764	-4.88736030157688	-8.76305420134923	3.09126983856014	-0.133216079576507	-2.33708519862738	-2.51460926682193	1.37953561552396	-2.60098242774876	0.78548679052489	-1.32457363743363	0.119960098125461	-2.42435039873097	0.876884158158798	3.79525370957324	0.957645742350902	0.0727689889257706	-1.17888112466176	1.98262834400938	1.29455994151782	-1.85433917920196	1.91904054620995	-1.9348322234269	-1.69432913217165	-1.51986052712218	-0.886947205923702	-0.709926636363528	-0.636835196709298	0.825995818446093	1.26772390763268	-1.98362530253141	-0.0464887236278823	2.38537028085399	-1.98008123716346	-0.877185415430098	-0.828708341055294	-0.842717817020475	-1.49547569982291	-1.25325753015296	-1.36176399155647	0.981546015290403	3.20464413741539	0.96904562085855	-1.86512593364401	-0.151680703583766	-0.707296691804399	0.0578295562388224	-0.136380120327495	0.283489271792549	-0.402825120170502	-0.945642964438479	-1.67533280348188	0.0959054737196634	0.260733643792637	-0.347244586475713	1.08025680066183	-0.579471483463971	-0.308150675409802	-0.0885725148388035	0.59832378931784	-0.422876527213369	0.487779991802428	-0.643355443758054	-0.706594726425766	1.03216792840665	-0.384956770416293	0.919966065532472	1.44667739595622	0.110311141690024	-0.582250196051641	0.337506786906345	0.964952156142586	-0.677485494401116	0.394638085661107	0.388405192331434	0.615496159571811	0.175905718672425	-0.0626208399870746	-0.281282669807011	-0.570926302314388	0.107144298217538	0.0821526522580589	0.413755775273533	0.116149727325435	0.00257325638324388	0.315009304791836	0.747404025073727	0.575564565960699	-0.218805335925799	-0.3088952382138	-0.0325871643123297	-0.0479008921660647	0.599704352046462	-0.0969394665505429	0.0954864598429138	0.0257852144161779	0.515210527198755	-0.777609244261318	0.0548702827816701	-1.71399353043888e-14	"HrasS17N"	"329_data1"	"329_data1"	FALSE	"HrasS17N"	"HRAS"	"3"	"RAS"	"CI"
-1.19159712481959	-3.32004732634685	-10.4204771696633	2.34376763487022	-1.69308756872429	3.58835386057302	-2.38898752424899	-1.21977705110394	1.90137105255633	-1.32807994162266	-0.738377281944391	1.39389960667194	-1.98064596695707	1.85316834845141	0.455686761143199	6.03258743224726	-0.999486665580408	1.04976255911512	3.49749203230592	0.275252271579286	-3.65995548357807	-1.92345507526211	1.0594961032449	-0.888241904847658	0.952614307646605	-0.249358812023704	1.62902751605719	0.371774855524859	-1.73290983588901	-0.901850381079965	1.15611965505145	-1.13048997208296	0.648293353688456	2.43442307222388	-0.568589253502784	-0.220210573291707	-1.22510439127554	1.0020460062781	2.13961524903524	0.885806503694077	-0.145861182225951	0.247694634838102	-0.743297891657259	0.966457669197504	0.84619693706567	1.65247658292023	-1.20316181292439	-1.02488378496416	-0.478430701202517	0.374755001049219	-0.813227869296309	0.0529560862569332	0.362951178855768	-0.526500732432239	-0.292584697708711	-0.558781393102211	-1.8350832581126	-0.665810180765722	-0.290618250568202	-0.862743711502045	0.080211864921653	1.94862266202444	0.0101647586423324	0.31530769742341	0.713730883371859	-1.23391383293007	0.224596443558371	-0.932564768422012	-1.77313016254359	0.334841143247872	0.520766418280039	-0.994443314315043	-1.01039267867388	0.535598626177097	0.280779602352469	0.753283273917634	-0.40752594694984	1.20034059843646	-0.199749613054887	0.0932210380681156	0.387646886314876	1.0433686401426	-0.880698239718556	0.265763892464688	0.0362050194309932	-0.371775115796795	0.383086440782887	-0.318669470433657	-0.686569831189352	0.313662048445843	-0.348617601074828	-0.439220194798059	-0.271440570516173	0.505967281659427	0.852112392775837	-0.634402925391714	0.364969153766121	0.532821323869806	0.587225748283124	0.253334842238019	-0.322398990794146	-0.809381211730291	-0.718828973017599	-0.232831116064072	-1.78359930991245e-14	"ERK2DD"	"330_data1"	"330_data1"	FALSE	"ERK2DD"	"ERK2"	"3"	"ERK"	"CA"
12.711034827859	0.584456416499994	3.85335210502894	-4.28391205679153	4.15317300656514	2.88973219162004	-3.37112923779509	-0.759967090047653	1.08137713995654	-0.678984753378072	-0.0405091814042179	-3.82152222200872	-0.668668995530616	0.118353451372078	-0.0845987508177428	3.35514621429336	1.76666277900195	1.83590264568685	1.0368376592576	3.41937753492713	0.656201561106033	0.0464602407000252	0.729050238465067	1.86102782931853	0.391403106393342	1.74600902761935	-0.421624160785898	0.101156014213169	0.236365094758485	0.979951459973808	-1.66273827664189	1.58644246068082	2.51401196043993	-2.35284711639443	-0.0897567761677725	0.175662457318887	-1.59257396857106	-0.184757097448413	0.740808175892984	-0.239223460818025	-1.86878851625113	1.59362563984985	1.0385862573145	0.698600351051538	2.24547341627072	-0.10886831086974	-0.111930174288383	-0.263480453744255	0.385143683203472	-0.410162244945381	-0.61286301818244	-0.328127796229697	0.531346881842288	0.681636127131223	2.27887938209975	-0.592912548120151	0.868353598249604	-0.0532654286379312	0.541361143938032	-0.260664923648623	1.36496092433286	-0.90389649966768	-1.77562123694506	0.0693441449483601	0.598338400805798	-0.87486378630508	-1.78392424792486	-0.808220280595126	-0.296791149476839	-0.593596255404751	0.221826165324062	0.841674521267703	-0.29791488554217	-0.96508323970429	0.751175450648395	0.876771818075926	1.61499267907729	-0.500797150154819	0.486383479754052	1.50242807366298	-0.242586177892124	-1.24488018994593	-0.955690920535341	0.174098541047589	0.351288202108406	0.110466505007616	0.263841259424284	-0.633900168558422	-0.0755672854220464	-0.189972114179206	-0.328974967141864	-0.570155593203779	0.167361172772882	0.579927717124862	-0.131518858541916	-0.0234731536577559	0.143800134162418	0.173221126400329	-0.457922175857751	-0.861676899760238	0.457949185047153	0.505375396509468	-0.573490819891756	0.0943175318344521	-1.57885857166029e-14	"MEK2WT"	"332_data1"	"332_data1"	FALSE	"MEK2WT"	"MEK2"	"3"	"MEK"	"WT"
7.74060302999849	-13.12783837568	-7.01717690970867	7.23033725743571	3.939699861824	1.23464971133164	1.09722357548711	-0.631445827276838	-3.51446605010938	3.71928674987389	0.166438734721846	-1.46689438516987	3.42671621461539	0.712811315195711	0.508791219369942	-1.44026139340246	-2.75693220300114	-0.535026852399326	-3.34001974471507	1.3885600280255	2.20425348516118	-0.98872815536167	3.49194304327109	0.582415644117101	-1.34701820708788	0.616857936752006	-0.385887150804012	1.01477332094329	1.05519326980616	0.570836181484634	2.26923375478037	-3.01025544654022	-0.680492318054759	-0.515783435068032	-0.0299382981134336	0.883414644947916	-0.24937178095893	0.0019902651989501	-1.55983901668831	2.15919806183653	-0.605725392334868	1.26362724014418	-0.471799223187862	-0.846174713797242	1.01562012665939	0.597133984723927	-0.217677334077053	0.173455267109052	1.1956442260996	-0.368631269568219	-0.358388595658936	-0.305001215831949	1.22285020529574	-0.510363015283884	-0.592580231053865	1.2217794867686	-0.863387978456708	0.605259600286345	1.29969322442948	1.84243156590599	-1.89088528543226	-2.157851062478	-0.163654847938427	1.31067798183182	0.429198658904243	-0.983275608362214	-0.410747361237602	0.183793870841895	-0.684829384653845	-0.722463726399244	-1.04428840049212	-0.745392137788515	-0.126140205968427	0.568516642497374	0.13011575443621	-0.471009765227809	0.419302273917128	-0.556420532716578	-0.579250601775915	0.856744860358222	0.622959576368037	0.609239740052302	0.248313233630785	-0.683338352389568	-0.137576419112451	0.0853750235983747	-0.712006711604257	0.391960619345611	0.222065339997954	0.103411210979307	-0.289432863290332	0.348676632829915	-0.150093255962755	0.292655489694482	-0.0507585895961414	-0.566069481640712	0.892923848379485	-0.253556947567933	0.567835643801813	-0.262622782588259	-0.289874994551825	-0.127717700496526	-1.05695436115847	0.247747032115969	-2.04301636372306e-14	"ERK1WT"	"333_data1"	"333_data1"	FALSE	"ERK1WT"	"ERK1"	"3"	"ERK"	"WT"
10.1993491325136	1.39609776868886	4.90016800986199	-4.88979856597692	2.77353814412106	2.7273725897759	-4.25023218923109	0.341222296402492	3.84931629775542	-2.04587984889646	-1.94552351396811	4.99759474758697	1.11205930178731	0.389800756039178	-1.14388589982351	-3.11363222528927	-0.428618607560324	1.80499508574045	1.99511431024021	0.391107437023649	-0.363953105540602	1.10605827811322	-0.864645412782397	1.12050856714987	-0.676199276407743	0.0815508909410266	0.600687190759692	0.164720531386037	0.450266734810002	1.33818468694972	1.35504514200942	0.665484371773473	1.01709924800138	-0.254780091965603	1.26322016210584	1.93624962128487	1.09083223515814	0.330994800475105	-0.331327193816298	0.38491752481003	0.664865002688766	0.129988635225426	1.83077790687548	-1.26769012337535	-1.97775351879812	0.244424960029991	0.0783473395649813	-0.0764105478678672	-0.804122867190895	2.0000286236619	0.239187429138606	0.889368093996733	-1.11469988454485	-0.53753551473387	0.034818287887902	0.0806865365501058	0.473300970026506	0.509614322238831	0.161790905488078	0.914306779262318	1.68724281819692	1.63463559969352	-1.62533457261788	0.152728370718052	0.894486739425878	0.935839557515527	0.331014408678406	-0.785723730808578	-1.13249848760063	-0.735611707444052	-2.04865045176681	0.64114644813191	-0.0433592011211228	0.966076410527684	0.473078078056063	-0.672587722013365	-0.654058635188742	0.10284009767688	0.0324270703771214	-1.15889730224907	0.0497946309822269	0.615743915534956	-0.352789439553504	-0.627898541848031	0.246605746977475	-0.716055009258823	-0.454609743438299	-0.196996695681409	0.276893891859765	0.384078746242607	0.387160313418315	-0.0488693262708683	0.478717226655123	1.5934560448601	-0.263254569226942	-0.359059246708592	0.559520531045968	-1.07059219066208	0.898371859025909	-0.872347412841078	0.277366252881359	0.552493954403903	-0.286715161298235	0.125379801538713	-1.5634195327241e-14	"MEK1AA"	"334_data1"	"334_data1"	FALSE	"MEK1AA"	"MEK1"	"3"	"MEK"	"CI"
0.455893911709778	4.61187828919303	-2.43876836316652	-5.8750461268401	0.473951126075244	0.370724205182449	-5.26489862479509	1.80430372248648	-5.80570665482287	-3.02253106017356	-1.04616646863738	0.302037154252372	2.53376390982101	-0.0728370906769013	-0.816249773931627	-0.26234945130474	0.430476601283465	-0.933383448653537	-1.68253840448268	-0.670044453405794	-2.64602786222983	-2.78881234031268	-1.43578274413354	1.35519641232333	-0.777572434748276	-2.22568856134716	-1.03106722631534	-0.229386185633587	-0.208174176484992	-2.90483482499425	0.341380136200725	-2.95449143399215	-2.38627062117961	-2.80563446710023	-1.73570153428499	1.80941941052775	-0.0223812867837308	2.31753180827139	0.443203742618062	-0.0166916547596656	1.34806946024806	0.795598715566595	2.59950805695847	-1.35156938722518	0.971135505421122	-0.322577346636026	-0.577841093677593	-1.16376039532736	-0.0396853171076395	1.39847551614155	0.0781537959895005	1.4746874820137	0.603003384635802	-0.76187955110409	0.742895403191484	-0.0898140625857546	-0.628705077589264	-0.219759999149036	-1.53852660832676	-0.684191504961201	-1.50218892398394	-0.74778408603026	-0.835817885130036	-1.57250196570163	0.901455652324667	-0.0348455118210179	0.649774147474251	-0.0399154846772877	-0.701948423427334	0.564264057571333	0.141066328812778	0.196300113410395	0.82370700928955	-1.06867578147444	-0.0829625741062739	0.034063421583488	-0.421309358283075	0.670926603834422	-0.0926750729809656	0.0858874647851214	-0.589613187536883	-0.363111607624192	0.0301642162617717	-0.0459700326020837	1.00343536261569	0.0352204383368276	0.637205121438351	-0.0139902903955402	0.481131005863353	0.93469605307585	-0.405150834511213	-0.316622971581024	0.265167929069109	-0.0835233786179809	-0.924180748589043	0.742344424342097	-0.543574216167135	-0.0750586887985323	-0.618145670156077	0.228590233896936	-0.107252169301248	0.177067114040008	-0.398464153299776	0.0748973133652883	-1.82142712371047e-14	"BrafWT"	"335_data1"	"335_data1"	FALSE	"BrafWT"	"BRAF"	"3"	"RAF"	"WT"
-5.65197379229091	13.6386132403983	-1.48750522676277	7.17497691153983	0.73891853135108	-6.35096083396075	4.8601002522741	-1.25491218408417	0.367989951236453	-1.70964510116991	2.14487617145937	-0.243537200867739	3.49774123862282	2.48227363736543	-1.6395740441568	1.50834401602109	-0.920071783270853	4.00218499789976	-1.16798075799246	-1.4067367673446	-0.130220499325199	1.68678392610483	-0.495261717192515	2.96039251913977	1.55958266831565	-0.755875023243177	2.61476698747626	-0.432886626401119	-0.536043912133017	-1.6824207561679	1.33487017545248	2.76233971687304	-0.438367567471024	-0.662750565278417	-1.22422779094679	1.78970665639914	-0.19544038225101	2.4791266822677	-0.180790278792896	-0.598880911647137	0.418803974397433	0.3297718706004	-0.843685379381516	0.581340126166584	-0.713722070676798	0.636306041252627	-0.226590727802743	0.52903424286663	0.543534168129928	-1.11130336812204	-0.891046796187424	-0.932927912960547	0.193182190373474	1.05560923534909	1.29315771011994	0.449291639477955	0.530291139087455	0.569502110560305	-0.0857021733974711	-0.461036720047267	-0.657224999369312	-0.158991401385537	-0.643664944985273	1.1825795836728	0.598351536810517	-0.128609261803082	0.743256555517136	0.882620795251852	1.35402245906725	-0.693017692119419	-1.09248982872666	-1.1967295341143	1.05563705725777	-1.11106607244841	0.636289150332118	0.559500813377228	-0.611216758895798	-1.03014422581521	-0.315877073552713	-0.63384348161437	0.152243330898564	-0.154706079086263	0.247204909341001	1.30299562506968	0.541838791615607	0.512894646684833	0.343656059355852	-0.00456776076983001	-0.713908776426825	0.0624886754742692	1.54098918275154	-0.379527710929779	-0.151617825551736	0.521291216414993	0.798333062677282	0.484899129918538	-0.380448251245794	-0.0481591269867467	0.851631616548591	0.0284885980606622	-0.746347881984098	0.143688220697938	-0.410334320431584	-0.112345443959555	-1.70770515783847e-14	"Raf1S259F"	"336_data1"	"336_data1"	FALSE	"Raf1S259F"	"RAF1"	"3"	"RAF"	"CA2"
-3.14777856001155	4.19796264154882	-3.53474193918454	-2.68303342140145	7.16914363778549	-3.60703768488807	-3.18795385077119	-0.0315590498165135	-1.60236150281195	-0.379729092156094	7.27510320728697	-2.25261757930666	-2.04060862628628	0.766909283288718	-2.53721155096606	-0.00770151144906135	-0.179737024300691	0.706915997141574	2.88294126207833	-2.43692902725654	0.736443662083532	2.01547632411366	0.292563890629035	-1.46815477366436	-0.216532466134381	1.72161844976778	2.02897825995326	-1.89718499953173	-3.65799318744101	-0.830059941988008	0.546545712686272	2.45397628192462	-1.8410167639166	0.777427082283369	0.450448966623604	0.679637127735002	2.11479002473307	0.683438693445113	-0.498836677751254	0.759272735036258	0.602017236654484	1.30466697755724	-0.222647724148205	-0.252578942275679	2.98193156251721	-1.74326704526566	1.05792308822179	1.12042892731955	-0.0510971909977355	1.68177358851968	-0.715939692316796	-0.0370928327033571	-2.01268659893312	-0.326522900116333	-0.790559007812651	0.724721147971392	0.0146664539238583	-0.413312011843101	1.87915778181125	1.15313219434821	-1.15187190185112	-0.149159710227495	0.145773307250913	-1.1763086245192	0.30223301740613	0.470203762932971	-0.633788075835766	0.328975231154361	-1.03774275880683	-0.0261638798713782	0.682452454354868	0.893797574291394	-1.41446789548708	-0.235295852515936	-0.723790426450699	-0.0750488707798095	-0.91821873709117	-0.175353292315895	-0.0667489376991912	0.675279395228735	-0.265573244543629	-0.227860791791866	0.55796114489178	-0.15382011041127	-0.613076118800287	-0.27061097737637	0.886375631157706	0.0529202006039636	0.530074021052469	0.0546560824199973	0.890623186389701	-0.0533070102945748	0.451281220909815	-0.197625184668934	0.0200856763807961	-0.0487050572559675	0.360179801127316	0.283842742417585	-0.217892206536235	-0.305850706052358	0.120143608586182	-0.0819709724325112	-0.30355728029583	-0.106881956213306	-1.80792880666303e-14	"Raf1WT"	"340_data1"	"340_data1"	FALSE	"Raf1WT"	"RAF1"	"3"	"RAF"	"WT"
-5.16919231636055	14.9348172003938	-0.432091811578484	9.01515416824902	-2.59215504017189	-1.40376422056737	-2.1728857324169	5.25135223349814	-4.7720540250632	0.486964513190303	-2.48510219358002	-1.83248095591012	-3.51147328786362	-2.95068370324249	1.15800634810434	-2.90803019324909	-0.459854052623771	2.41101616494629	2.9996440836102	1.99983646243023	2.01087587247215	-2.66076962500768	1.04166634586501	0.64144486192859	-1.97387087200118	-0.636551379614968	0.12095222809154	-0.999971747769731	0.872855290974184	-3.39280546969231	0.842546399168703	-0.485030345361819	1.24958788923331	1.89604506065026	-1.27489213273933	-0.0770406285387498	1.24784769334202	0.144015738694019	1.86033057547255	-1.28850476995168	-1.21650107614628	-1.35204498769642	0.296869367285653	1.08985163480561	1.30009004572039	-1.95403183136857	-0.784921147124112	0.293450144987219	-0.66120067718075	-1.08637031510271	-0.220914526804764	1.21612079884719	-0.150179480761039	-0.168911811551976	-0.596945101811312	-0.185313442310944	0.149145958690722	2.03104945607831	0.658725365823105	0.0128863137680118	-0.0164676486327167	0.798775248689856	0.712220475169743	-0.0363675608993993	-0.527197534034944	-0.415702652508296	-0.00530286865851476	-0.226170459535997	0.640931549615521	-1.31329364197691	-1.53530992000745	1.17370941634368	0.40001032071856	1.80455748891435	0.883863869350906	1.0860297034661	-0.293673927656884	0.0449143119991752	-0.857579215995741	-0.0875620858242004	-0.266689134806486	-0.561157337810915	-0.018674891239264	0.0211066806868736	0.674864666020814	0.127626191788315	0.340266896061496	0.229840172644039	0.435361177108552	-1.22583763805636	-0.316905830370737	0.142739120376728	0.735780957337486	-0.300991648573955	-0.194050398631805	0.235432705872851	-0.0562972374504653	0.0142649272276655	-0.126323802803109	-0.0489693557290551	-0.422865703810912	-0.292501242513527	-0.31820151981904	0.0700504716055734	-1.60841392288225e-14	"BrafV600E"	"342_data1"	"342_data1"	FALSE	"BrafV600E"	"BRAF"	"3"	"RAF"	"CA2"
-3.11843328467995	-4.66423100464021	-1.74410507563393	-1.34340193111117	-2.68025472708152	-2.90090220847435	-5.46836099150237	1.25354546869375	5.25470162712212	2.64912882767287	-1.77026486356376	2.36184400931761	-1.2758521248728	-1.04786550552743	1.5350131855121	0.422720464282829	1.21778096069718	4.1774911374242	-2.22142169313123	-1.83584768771682	1.07909117521038	2.51525952515343	-1.05158268808916	-0.181714476054734	-0.656342381448681	-1.65231604291807	-0.335485009951986	-2.58507773527574	0.912692671176192	-1.49042709916198	-0.955555196604174	-1.01564428749307	0.692323770777924	-1.81042364359145	1.0516689076938	-0.366496441667522	1.88404540991499	-1.56762480298236	-0.0650710136501922	0.809509458686384	0.384165515106599	-0.387514787580726	0.548639530014212	0.48001923626122	0.00390501267221565	0.963322587819264	0.224599926809147	0.0436653909408277	0.546494032225011	-0.30758165403507	0.133717149552515	-1.50686678377244	-1.8626993467175	-0.933468373265809	-0.463254247092483	-0.490817907862817	-1.65393162727896	0.362229980495594	1.38440579900359	0.410585852084331	0.582604218479194	-0.481841582854064	0.129439928812223	0.328576830841208	-1.11110348548219	1.01171987016347	0.814489311722215	0.252358849722442	0.512815689280425	-0.141039408361467	-0.460810452563946	-0.130001817088061	-1.03411845401818	-0.649621605352992	0.79924598457087	-1.05196063227454	-0.586125187271827	0.161864913385844	0.452399252043954	-0.22634152028237	-0.407925457059351	-0.740259918583074	-0.740796270957322	0.472410506255653	0.717544673300455	0.621372344850276	-0.515714202774862	-0.142337248999172	-0.873474992247049	0.167184666949267	-0.776364120435169	-0.438744990461404	-1.02903548924865	0.109680545353228	-0.170334055755788	0.582664048961017	0.130847067210901	0.518780769293518	-1.02139875377304	0.792186136919897	0.428180594698229	-0.724892998794467	-1.4700322185181	-0.212378687418696	-1.76889752845355e-14	"NrasS17N"	"343_data1"	"343_data1"	FALSE	"NrasS17N"	"NRAS"	"3"	"RAS"	"CI"
-22.1819127954782	-6.70612582546431	5.44707670144339	1.7378701173967	4.2494426424172	5.41917630456105	1.11846162889027	-0.0443416177144349	1.37670630227501	-0.646967985146785	0.175854430091946	-0.384556170223735	-1.19292656895831	0.327519588052278	-0.953384429640992	-0.680145718206679	0.976692301936979	0.877449034047756	-1.39230009948717	-1.03187716398252	-1.0406425418099	-1.34171025703789	-1.17585116640936	-1.11470134633542	-2.13205751183622	-0.406394150243809	-0.940639149193078	-0.996298086593085	-1.95920640810839	1.14948943580605	1.87004101852751	0.312732263138034	2.27866620019771	-0.643720417568235	-2.33356655359364	-1.50473548191914	1.12258000957534	2.39039690080018	-1.33220894312177	1.30264713122271	-1.35601885485266	0.622147532023244	-0.559748893164465	0.134351813376573	-1.13864136315034	0.777354773649743	-0.118748120540199	0.96360573547682	-0.321667709862205	-0.186000963318564	1.72839314435634	-0.165563261778864	0.837468566907903	-1.91251404590426	1.43900757580052	-0.289674617012285	-0.694221703247471	-0.244076017002009	-0.135365038578281	-0.210149328672319	-0.947801613537741	0.0266480445946542	0.659887896072514	0.667342327143104	-0.89777666077563	0.94117079476588	-1.18484126798594	0.190129135680379	0.241101997388862	-0.903815170756063	-0.124949877740739	1.33082050199046	1.52143362948524	0.0335288519765382	0.568747352499852	-0.307495671671791	-0.522731222122348	1.94637447754396	0.854268910945841	0.730350788543268	-1.21415282927966	-0.810889379860963	0.394994561986801	0.951320356946819	-1.31050517256588	-0.790352519356908	0.303889541600019	-0.189132396805551	0.129468725999644	-0.071502090898296	-0.0564708324807696	0.282150301594702	-0.577143078911732	0.51324127924918	0.543280702193883	-0.877318798019388	0.332959549807216	0.10946421392005	-0.108179632099126	0.256590096666846	-0.496801514617648	0.679204410874393	0.115470086088931	0.08115180193349	-1.80584713849186e-14	"KrasWT"	"KRAS_WT_data2"	"KRAS_WT_data2"	FALSE	"KrasWT"	"KRAS"	"100"	"RAS"	"WT"
-21.5118869278646	-6.12676612707729	4.92052015627892	1.7940499419446	3.63131146273201	4.24173165071759	1.42558130181805	0.0818023884150142	1.43745386649358	-1.01332272815245	0.175278326498489	-0.239325792178494	-1.08598515713255	0.0789585157098096	-0.923078290442384	-0.294739521349091	1.79805005927784	0.769582574255905	-0.544905130684761	-1.15127740190594	-0.798040438017944	-1.70894116126608	-1.39376724837908	-0.46003007551985	-1.49195314941001	0.82017331447051	1.17275012271553	0.218072931004056	-0.498058040802642	0.204265939120369	-0.574426211010781	-0.303967427561765	1.68018523465173	-0.661576295599835	-0.018514267876951	-2.18596549524849	1.37996133149677	1.02285575714745	-1.69166468275444	-3.33890752240075	0.762686019804468	3.9109847139615	0.217902646523487	0.531798147170367	-1.93615777849952	-1.35275657413875	-2.77903422884439	-0.715678117986358	-0.570353531345667	-0.581732482150898	-1.59158802338671	-0.771868017861196	1.85026112637418	-0.0877066878896241	-0.182383692980839	-1.16115740819337	-0.0800821546610131	0.768766984897538	1.46086695466041	0.873960053651893	0.921544302647239	0.273222723641651	-0.447880447854041	-0.748739231902664	0.845328781130922	-0.622843487242181	0.622602241515378	1.26554148228934	-0.481550049350005	0.886843011491565	0.430554970416518	-0.749626504374253	-1.24912223333318	0.133999818305983	-0.472841880507299	-0.628790485679772	-0.153980917136389	-0.694812298266816	-1.82946078615574	-0.169825672015216	0.663720369401972	0.203453781693	0.191904662094607	-0.243373025802286	0.195495118029183	0.15274655696008	-0.330574519362166	0.664636099949414	0.16516290376269	-0.343485490648247	-0.487421155877132	-0.371739587472197	0.163617690512837	-0.202674473245865	0.1737571437058	-0.139814708459757	-0.297429476753556	-0.305155795184175	-0.51941846089144	0.406539995293083	0.00684672850094516	0.761992893600753	-0.0792150279424509	0.0791074574640622	-1.89084858881472e-14	"KrasWT"	"KRAS_WT.1_data2"	"KRAS_WT.1_data2"	FALSE	"KrasWT"	"KRAS"	"100"	"RAS"	"WT"
-20.7811674769807	-6.07359634708773	4.50947811506699	1.54923072488593	3.44724320635717	4.1417577543418	0.937385518323101	-0.368472234903762	1.21605621066372	-0.975384488097282	0.0766957581958847	-0.330601735549136	-1.26986379350947	-0.534587498569484	-1.25495769402412	-1.41736755984487	2.53704118950642	1.41933650460175	-1.03265019265233	-2.50341171320292	-0.0323176690955689	-1.97027749688567	-2.73600120176619	0.38873093840689	-2.40273247463608	3.52482721672778	5.06982249385451	1.43131446668349	0.391457657292269	1.21125559447529	-1.28871730674471	-1.60333797583639	-0.354963750883076	-0.512213172018426	-0.891249104231598	0.749062147983198	0.77212830598326	1.17482113252574	-0.334545576626811	-0.645326420518278	-0.550306536290712	0.330681375088991	-0.128672233678678	0.455927219339392	-0.215006555830239	0.571358751087345	-0.0238669226729538	0.380330893008495	0.231978370258843	-0.117479027586297	1.04057893991399	0.831284020483368	-0.165216504882468	0.0108878641527202	-0.361162069979927	0.00143958544122885	0.615197750476714	0.142003581241964	-0.646643729749482	-0.0261442000060622	0.100523395460709	-1.32876519710207	0.0313917097911451	0.469612810292937	-0.258473222295478	-0.163670424143484	-0.677827712138002	-0.0235769440774312	0.851144458057346	0.421035836862698	-0.333690031973163	-0.228864608895898	-0.175167176265811	0.960263278885893	0.0986349656836397	1.36285669734203	0.44916412070889	-0.353950231594713	1.66548715335972	-0.528287254643465	0.15127909511915	1.37861713153629	-0.642971594124276	-0.640808153462057	0.131527106387002	-0.379475955844459	0.254612290087323	-0.695833787018465	-0.587038550585236	0.60396397238101	0.289054447917553	-0.0936626965402168	0.0438697056753327	-0.741376779398056	-1.00073684930091	1.04475180466026	0.663807666873254	0.776894463856733	0.406716297454666	-0.741590384758207	0.596711717700187	-1.56698949746023	0.101350289058281	-0.13651822497918	-1.8925833122907e-14	"KrasWT"	"KRAS_WT.2_data2"	"KRAS_WT.2_data2"	FALSE	"KrasWT"	"KRAS"	"100"	"RAS"	"WT"
-19.6484130814886	-8.50854202761455	6.32937136043962	1.88290438462437	4.76508280818634	5.13087770136999	1.67096588126751	-0.956419607854948	1.90479470731707	-0.955231197737259	-1.19852424338997	0.0635315073361366	0.105984497308597	-0.82591028190166	0.859271176596595	-0.755643614076837	0.658853833467627	2.21481610574953	-1.17771723320612	-0.207213957346357	-0.443957021462427	-0.848196455134125	-0.747507486433847	-1.3429738930808	0.779746438355806	-1.16817976450997	-2.35216328188221	-1.80296152998499	-0.556527696933843	1.81729818157465	1.38204535433925	1.27876993848545	-0.619608403581911	0.0847012342987508	-0.87448108038172	-1.09564913421803	-1.5958270377403	-0.843646047461923	1.78095131210373	0.0785706477018037	0.359841588191947	-0.294095054270061	1.43136351679586	-2.11637135804102	1.6304157629215	-1.73487828201781	1.37819128866103	0.922727837555204	0.677147497891448	-1.0820048100968	0.763050040965599	0.07622628761609	0.32356818454728	1.57955275517866	0.0122684009054613	1.8367526972896	-0.239961663670949	0.713533875645539	0.415466884972965	-0.312787543701369	-0.645258000700854	0.719781679949193	-1.15245095241639	0.0703827249221631	0.480769967866274	-0.964784727550854	1.57143428269853	0.115389801389866	-0.629192079775316	0.462108383284438	0.50857332697421	-0.681742562186419	0.0766951445045249	1.37000456319216	-0.0435653256841347	-0.261704027130592	0.443861287529536	-0.452579775137389	2.17672169182198	-0.31345777996493	-0.109546951018516	1.28471978542568	-0.0192950605400006	0.361523723547267	0.888941995551403	0.389154072274992	-0.0935974445559692	0.19493170780915	0.311416619452215	-1.25620163034033	1.10084951218507	-0.899251772187037	-0.362454689200954	0.210715085557949	-0.671566192530764	-1.04418315585695	-0.294927167454377	0.160670069642091	-0.686283293990747	0.521980793355837	0.0499050921575889	0.205886436954084	-0.122224544588031	-0.0921288138506943	-1.77306086479589e-14	"KrasS17N"	"KRAS_S17N_data2"	"KRAS_S17N_data2"	FALSE	"KrasS17N"	"KRAS"	"100"	"RAS"	"CI"
-19.0877137013335	-8.78516427368305	6.02320320117667	2.79465605915825	5.20393205695296	4.74798325253082	1.92165395082358	-0.849326809110876	1.83582605277782	-0.638830855411183	-1.18757641465034	-0.127176966087252	0.149394279599034	-1.11631874079257	0.618458964850645	-0.842383046898632	-0.00391048556452762	1.90142470761473	-0.371945042530379	-0.550342894257885	-0.346271894633867	-0.591066335313219	-0.896556670465181	-1.4684183604093	0.374609092132812	-1.26980984360732	-1.87609950336156	-1.59709425343439	-0.143629054601891	1.32984425734109	0.873003849872204	0.664994574368092	-0.253332028241762	1.29023493724946	-0.20175018234519	-0.505963586259177	-1.45280870662283	-0.8854373818503	1.04892802826583	-0.282902120104625	0.285714349117779	-0.631175036796256	0.853106835275219	-1.71349775905772	1.52511324269109	-0.816665668134436	0.993068068422306	0.275512013620723	0.35750175816177	-1.0525742507351	-0.231529544444416	-0.434846607776514	0.0217362556870443	1.27249816992308	0.0907517368485626	1.06868774955199	-0.785551791873833	-0.19514737644056	0.331337476947382	-0.738162290219885	-0.252949356206509	0.286780246025384	-0.363012580820227	-0.262902105500983	0.653859544824969	0.0967584066678468	-0.408611518982192	0.0982253563331966	0.330913411577417	0.712809342096124	-0.283125686011787	-0.0277331433450865	-0.0987478990359337	-0.880029581163326	-0.105344459578179	0.103576648423857	-1.0326543435558	0.118722143438185	-0.896997905915058	-0.244631516012655	0.841420238120576	-0.826407244129506	-0.21093450571551	0.413124585439232	-0.623619483855924	-0.273156940505396	-0.576715752690605	-1.13648296310047	0.00363572253846224	0.830538829160391	-1.8148213066516	1.38429152841503	1.01250264604031	-0.521524302175468	1.04295424374623	2.2184167472487	0.682127427143024	-0.277286757188921	1.35854494538446	-0.443366767841836	0.280747035672115	0.276318331613722	-0.124240163011844	0.135231432040234	-1.68376597386999e-14	"KrasS17N"	"KRAS_S17N.1_data2"	"KRAS_S17N.1_data2"	FALSE	"KrasS17N"	"KRAS"	"100"	"RAS"	"CI"
-18.5532598239428	-8.82549908897214	4.97838224550215	2.44296029723256	4.1908243334078	4.15559232987505	1.13827058263958	-1.72891579423982	2.10175731892719	-0.318554966792118	-1.17797939920268	-0.580642816014403	-0.0355368003081341	-1.71462368489761	1.42745805462913	-1.713607588094	1.44347577033437	1.39573866481135	-0.630741720740126	-2.87972322965432	-0.899206447412798	-0.560244010824788	-0.930682825937552	0.428583537439083	-1.12046614590764	4.1575385798097	3.97198681815549	1.37176981239303	0.820569216406358	1.13657092327821	-0.0501560420229407	-1.25039490948619	-2.43398189728307	0.174557588729288	-0.0169910865848163	0.583767085427552	-1.83495123405339	-1.00891443975736	1.68617122689422	0.146860587549433	0.496002285772566	-2.20160697374207	0.0237662578290869	-0.431942035174529	1.69353363122971	0.877164354001687	1.48016384461422	-0.485755021669372	0.363523452074411	-0.471488747585602	-1.80549065189974	-0.00151084615016937	-0.56674827016913	0.270598767676396	-1.03396568606219	-1.41059616534924	-0.388661017501019	0.316683454745112	-1.10709277752547	-0.209141281206804	0.461646973877896	-0.0606841113484093	0.147375984103099	0.36998813016049	-0.0936248818810046	0.496628033689141	-0.464772871133935	-1.50992267720603	-0.160705916094843	-1.24204313888671	-0.0362294478660656	0.187354046021379	0.195934497593396	-0.946530084695159	-0.713859188758072	-0.596986408111544	0.179789399687546	0.598411397810037	-1.75278829698687	0.117728613052685	-0.0561880875150685	-1.4369173520276	0.648084708358085	-0.00667367849081787	-0.284329326388801	1.12286671772679	0.0149137733713834	0.813228234094334	0.14242845138021	-0.0839323793119361	0.238775418993035	-0.13998239152258	-0.160382743771166	0.687427187827228	-0.10878637970648	-1.10066396014614	-1.02073795976343	-0.857100702804729	-0.22583984735726	0.320887017365162	-0.166415678969975	0.163890233448377	-0.0319061427127192	-0.00479553825892543	-1.88399643108461e-14	"KrasS17N"	"KRAS_S17N.2_data2"	"KRAS_S17N.2_data2"	FALSE	"KrasS17N"	"KRAS"	"100"	"RAS"	"CI"
-18.2241465773089	-9.47728705352258	8.40890798476602	0.933323758987776	3.3611153785152	2.45216326489037	2.99274421980293	2.43486679894824	-1.26837400695141	-1.5005585301556	0.0995830804282928	0.128432261194391	1.21287288276192	1.01972356509947	-0.271501623204118	1.34562783221711	-1.69304784234591	-0.952113395443651	1.33264294146433	1.77520618041154	0.363747249589135	1.1035869563006	1.49820240565189	0.212412259625726	1.93320718605674	-1.81808202767656	-2.26256303768834	-0.742284756768908	0.331210854496055	-1.08002731058436	-0.605759116059482	0.684782412379057	-1.00379612904491	0.00572926778444841	1.94160292536582	0.401572747091509	-0.118513366063802	-2.11094620424957	-0.259527321263603	-2.78035333275934	2.80158886542068	0.785789577538285	-0.488668307887546	-1.34005623178695	-0.145519722583061	-0.947749976453343	-1.00951146071786	-1.2446169063155	-0.420230444243431	0.244160824944664	-2.47417693246011	-0.836287533628313	-0.0869235391884186	0.221640282227809	-0.978386825756466	-0.427548270980379	-1.03847973152843	0.802560123042701	-1.21213026836561	-0.251891954983604	-0.266248172329762	-0.568632569467535	-0.038416733281665	0.293896957424344	-0.524947644574067	0.678181377379296	-1.61515254023451	-1.14740076941076	0.884753990140709	-1.10353793704441	-1.52648348314999	-0.296152461738181	0.81028758475157	-0.0357649042203299	0.408593630142204	-0.255625904674325	-0.0548987443901456	0.443180060705547	0.110245770000145	0.396946149881802	-0.0874257132365791	0.364419822003474	0.0319042264650379	-0.162384821479672	-0.77856296163785	-1.3389539792118	0.866866246639126	0.231750339012746	-0.747728695471862	0.696438807718755	0.299713095324078	-1.0066606446744	-0.347292989958984	-0.276545738474079	-0.650948921984939	-0.457205594908793	0.932875697788576	1.21946605605509	-0.356968731218667	-0.441927753754841	-0.257390001718605	-0.200175626502204	0.364111679163384	-0.0931982498166578	-1.51705904782862e-14	"KrasG12D"	"KRAS_G12D_data2"	"KRAS_G12D_data2"	FALSE	"KrasG12D"	"KRAS"	"100"	"RAS"	"CA"
-18.9025893858197	-9.15660365363743	8.12368508024176	1.19808836950602	3.3986100839752	3.0355156739373	2.8945756538718	2.51929138346485	-1.25609636898176	-1.59946077844905	0.794423412280695	-0.269549929938674	0.375982181049539	1.09246508489536	-0.168054077461254	0.812190994258434	-1.41414326809124	-1.58886841278335	0.94477753092458	1.86174060316696	0.643506255737096	0.95882451328678	1.28561685913754	0.0702306242240718	1.10932864994798	-1.98217602886855	-1.55838379001664	0.223220356788935	0.207065705605883	-1.38159823344783	-0.664695569420742	0.452876431751903	-0.150720790927857	-0.374062550065391	2.0914373408114	-0.37528923951854	0.72577043346805	0.0894739104259244	-1.20557210766429	-0.74903238401558	0.767790461386695	0.70503618288488	0.00549000224815288	1.39441127778022	-0.254171334417283	-0.0212827592398029	-1.4114022647863	0.756801659276091	0.159241889467748	-0.0900766264988643	-0.433844120674784	-0.116592084580331	0.276192417016022	-1.93603892379239	0.225678513165438	0.794391837671087	-0.18735137025414	0.510093463522908	-0.361753620854164	0.195540558536832	-0.0282162500009404	0.329206667426444	-0.237466536946454	0.31396515743111	0.258294222371999	-0.172235152134262	0.580832305160395	-0.692144409940906	-1.26565562770377	-0.274515069110508	1.5484488043713	0.696425463319053	0.444167606939106	0.0595478014324368	0.0515416898093142	0.708043536043834	-0.0155592136074978	0.436620832831803	0.849671023119993	0.166744631224252	-0.306977901395429	-1.28039964347679	-0.418252601393293	-0.0471016259057845	-0.234697449811315	2.04211286945611	-0.858349563922256	-0.0166606856848777	0.166307412763784	-0.00775744037053398	1.10936964870996	1.19273992591433	-0.211664220555983	0.081514749929326	-0.386047987333749	0.134074610880886	-1.0037100078197	-1.28694412305495	1.12603571113866	-0.345953140615783	0.812015496902416	-1.83037987052312	-0.0059661565264371	-0.212394930179034	-2.0271111178527e-14	"KrasG12D"	"KRAS_G12D.1_data2"	"KRAS_G12D.1_data2"	FALSE	"KrasG12D"	"KRAS"	"100"	"RAS"	"CA"
-18.661629211932	-9.25575936718004	8.29157451396985	0.688053607135085	3.1683177863173	3.98021541298285	2.69884457791315	2.91582587445127	-0.517279978282975	-1.31446509208725	1.05352805802848	-0.577436590086089	0.122742597566622	0.954829560811804	-1.29494203748648	0.330528003444992	-1.36873794199058	-1.06819324166042	0.467103469779635	1.87863076740939	0.243390066343374	0.941217661239854	0.800186999862503	-0.654110699770161	0.393088821545267	-2.24785726110183	-1.91265637220476	-0.792614490000911	-0.681546945407934	-0.513084246922514	0.0972952149217675	0.900493015519196	1.03413874078091	-0.210287670487805	-1.04202884689793	-0.814386285654406	0.389569912915236	1.31848156084027	-0.407144521495142	2.25361466949004	-1.36165716378965	-0.507443445788972	0.622499625649419	0.785520817426043	0.121748429457317	0.946985380661901	0.176699250704941	0.580562843732423	-0.303599655283795	-0.0223533979112975	2.1466701279585	1.35348946964348	-0.662291301169592	-0.265629516643589	-0.434883393354282	-0.168639653709431	0.54374794043192	-0.38439996460025	0.0871315240983113	-1.09360060487895	0.307604260320072	-0.234969749393019	1.41077223433012	0.0608663667054026	-1.42082246676659	1.12979070937158	-1.09838963597848	-1.05399728867224	-0.374307497992886	-1.00160016601848	-0.0339159245203502	-0.18152799609465	-0.768847241432764	-1.54545130249938	-1.10205231264196	0.0949806497277178	0.267742897191874	-1.77388627854687	-1.39347863082497	-0.538638903048286	1.18421880941112	1.8198775472948	-0.634878911517172	-1.29543662034405	0.991304769617519	1.03003688117583	0.504803167805026	0.242716953143001	-0.813848158542861	0.462273845132016	-0.0986435187206942	-1.02135106579494	0.782155161630715	0.310138759622724	-0.0844779798902176	0.187828642448731	-0.407049152032049	-0.299986018517934	-0.329245569350927	0.229467080493432	-0.493516989443633	0.153377734011343	0.0168616191862524	0.238150091653004	-2.09524238237169e-14	"KrasG12D"	"KRAS_G12D.2_data2"	"KRAS_G12D.2_data2"	FALSE	"KrasG12D"	"KRAS"	"100"	"RAS"	"CA"
-19.2670185056827	-8.17284004467791	6.80276052431992	0.824359345051709	2.74642642777436	3.47022231854673	1.6072595068237	2.27082570194654	-0.866244605349726	-0.816880357509567	0.369214331405823	0.811527946319887	0.571636883218066	0.415364548057632	0.537817694718553	1.05791317806795	-0.451800768973353	-1.59189119152615	0.503640907571147	0.793488750005093	1.37490920660833	0.756692456448507	0.749677536545444	2.4759076620144	0.191048599913777	1.63774981915407	2.34531049162175	2.87073798864189	1.98710355289252	-2.08393331879865	-2.93113524986786	-1.42031792254714	-2.33981953605076	-0.331103803831205	2.99268466224571	3.17131058106919	-1.08137527915389	-1.77094393677843	-0.606084393773995	-0.413639111390004	-0.389375994228963	-0.487350061758293	0.611021974363734	2.04696564490185	-0.283413793018837	0.053828939247231	-0.963978188266152	2.08765898495272	-0.653348021851395	-0.00138387180054482	1.43402573580273	0.687834530921983	-0.277105435500948	-0.64184204339443	0.364170924883664	1.33963890506612	-0.721407263771352	-0.540403373114483	0.672507927664832	-0.521778253805583	-0.632308675730638	1.46155383724344	0.220317898033979	-0.136820245322371	-0.495049354778534	-0.0400786573734443	0.649725349581315	0.314784553276016	-0.368736909361136	0.470985826652808	0.548806155694739	0.611209390984111	-0.0578157340652453	0.000966702282581918	0.234506444376448	-0.605515767152457	-0.147511628196576	-0.388918370682218	0.871099528239339	0.672413383494546	-0.457107220596775	0.563771947867771	-0.315420041384747	0.785229545075535	0.215816838078945	-0.611615868970888	0.108032378667605	-0.316206370781051	0.245731296238579	-0.635760342656808	-0.352834898256843	0.0516126804757928	0.315409964286986	-0.0618336179679715	1.13235893758524	0.238241387840887	0.336551108849764	0.363806113700108	-0.094277980342932	0.524057160547887	-0.674579595131043	1.60156453241698	-0.243875088558424	0.133386031768943	-1.8324751438481e-14	"KrasG12V"	"KRAS_G12V_data2"	"KRAS_G12V_data2"	FALSE	"KrasG12V"	"KRAS"	"100"	"RAS"	"CA2"
-20.5125861028346	-8.5359827047937	7.60352008653913	0.803844918058971	2.34600784066297	4.83742623382908	2.34581036028609	2.19142465222875	-0.19670941800661	-1.68531140591884	-0.233119043086217	-0.074964123732038	1.52471779665823	0.437942219051461	0.394597744045814	0.742601051943481	-0.564821312916084	-1.2914719104812	-0.217855245302591	1.02832928416374	0.54437095358945	1.06450448672727	1.29448497262234	0.422999188322682	0.75853054270459	-0.280400845176593	-0.728349711335222	0.389477446663218	0.209649307148897	-1.09378238786576	-0.36923055191359	-0.205483822383033	0.5093230492373	0.351112099703869	-1.37860518432174	1.36400703216183	0.0349076086181586	0.526266138268745	1.37925934164341	2.08877302510579	-1.94855166973765	-1.39459849658655	-0.732768910887111	1.14613730540747	-0.731784377151817	0.00214532655068939	0.970032242036676	-0.642273337770322	0.310258601042724	0.977249829176178	0.816383803539065	0.0119299757853091	-0.567565911203217	0.53122852113914	0.543829561763406	-0.0716563495852755	1.40841043459076	-1.6001408407485	1.18555435930175	0.418507123805167	0.684109654387074	0.983161632279701	-0.805321694305727	-0.683912295754081	0.33051075035732	-0.900771310200825	1.65190506962	1.46880400359344	-0.472518921653947	1.35056439450991	-0.6631789417546	-0.362567184549526	0.660731338905113	0.0620072898310255	0.375514866339803	-0.569867523317021	0.345181764044397	-0.532047175361073	-1.69695730214555	-0.315093111145739	0.567762732732311	-2.12119245994003	0.811203273183702	-0.0897423536787302	-0.234071070663153	-1.57698004245276	-0.102683525935692	0.702038983406866	0.228413477648001	0.472560286290533	0.108259762152744	-0.14375288902758	-0.890669399087198	-0.278015276915542	-0.812955529801279	-0.428119126991819	0.407837093132757	0.841463786446866	-0.532369971407167	-0.766865849926068	0.0724858040454208	-1.08415607442868	0.172251999846268	-0.242637476629967	-1.81868409221408e-14	"KrasG12V"	"KRAS_G12V.1_data2"	"KRAS_G12V.1_data2"	FALSE	"KrasG12V"	"KRAS"	"100"	"RAS"	"CA2"
-18.6789511954068	-9.28041709170653	7.80805280446816	1.34330833731429	3.47177496506856	3.17930864394101	2.07329006616747	1.96419593280145	-0.351522567677443	-1.18719792090163	0.336842450367151	-0.29634410959774	1.01394239755031	0.147744678689649	-0.527015028657668	0.999609847279082	-0.869055923468452	-1.26041710841256	0.999786425149901	0.739495506221743	-0.00659021182257619	0.496125734350208	1.36421141108573	0.198148836401167	0.797981710209424	-0.510755871320599	-0.67795994248183	-0.336233878042578	-0.415327532419243	-1.19706985940936	0.567633108230422	0.057566938226526	0.441337075090522	0.259104960867243	-0.348053292785716	0.340773153768382	1.93934932601574	-0.473016713591097	0.716023079267384	1.66468687967558	0.181530390410387	-1.10602131217521	-2.16642074444308	-0.187309447942083	-0.473629780642917	1.67641376689755	1.11676186805586	-2.88428626550009	0.271840021796536	2.37432866706828	-1.59356567012313	-0.457381548024802	-0.958282097238088	0.84266892559175	-0.0536461574642417	-1.78546641254642	1.58558340316771	-0.127727650019953	-1.1278837717082	1.37456247033451	0.285265029370803	-1.89525789980836	0.398930429036454	-0.255859363019688	0.985638935552071	-0.663122659424993	0.180725743935067	0.897729017691433	1.39631022926466	0.115502077058316	0.0859786491721251	-0.206273676248287	-1.49769180589312	0.831398844883071	0.575822538286732	0.983583823928665	0.326827966657701	0.661402592450963	1.0002502000187	0.0712350406924669	-1.30328694319717	0.870679006437116	0.0904782876408387	0.204526636156066	1.11105567816041	0.177222652422978	-0.130275363602339	-0.409898601437754	0.837020793766096	-0.62484450715679	-0.429623129804247	0.753015845100424	0.367657335312079	0.234223102957401	0.652114615158485	0.329856685475711	-0.418382550512304	-0.348735077754255	0.0592234372361219	0.748191215356479	0.358195260142669	0.932653921569511	-0.0995471898424565	0.221009435554533	-2.12191375581483e-14	"KrasG12V"	"KRAS_G12V.2_data2"	"KRAS_G12V.2_data2"	FALSE	"KrasG12V"	"KRAS"	"100"	"RAS"	"CA2"
